KEY_CODE,HTKSYORI,HTKSAKI,GASSAN,T001140001,T001140002,T001140003,T001140004,T001140005,T001140006,T001140007,T001140008,T001140009,T001140010,T001140011,T001140012,T001140013,T001140014,T001140015,T001140016,T001140017,T001140018,T001140019,T001140020,T001140021,T001140022,T001140023,T001140024,T001140025,T001140026,T001140027,T001140028,T001140029,T001140030,T001140031,T001140032,T001140033,T001140034,T001140035,T001140036,T001140037,T001140038,T001140039,T001140040,T001140041,T001140042,T001140043,T001140044,T001140045,T001140046,T001140047,T001140048,T001140049,T001140050
,,,,Å@êlå˚ÅiëçêîÅj,Å@êlå˚ÅiëçêîÅjÅ@íj,Å@êlå˚ÅiëçêîÅjÅ@èó,Å@ÇOÅ`ÇPÇSçŒêlå˚Å@ëçêî,Å@ÇOÅ`ÇPÇSçŒêlå˚Å@íj,Å@ÇOÅ`ÇPÇSçŒêlå˚Å@èó,Å@ÇPÇTçŒà»è„êlå˚Å@ëçêî,Å@ÇPÇTçŒà»è„êlå˚Å@íj,Å@ÇPÇTçŒà»è„êlå˚Å@èó,Å@ÇPÇTÅ`ÇUÇSçŒêlå˚Å@ëçêî,Å@ÇPÇTÅ`ÇUÇSçŒêlå˚Å@íj,Å@ÇPÇTÅ`ÇUÇSçŒêlå˚Å@èó,Å@ÇPÇWçŒà»è„êlå˚Å@ëçêî,Å@ÇPÇWçŒà»è„êlå˚Å@íj,Å@ÇPÇWçŒà»è„êlå˚Å@èó,Å@ÇQÇOçŒà»è„êlå˚Å@ëçêî,Å@ÇQÇOçŒà»è„êlå˚Å@íj,Å@ÇQÇOçŒà»è„êlå˚Å@èó,Å@ÇUÇTçŒà»è„êlå˚Å@ëçêî,Å@ÇUÇTçŒà»è„êlå˚Å@íj,Å@ÇUÇTçŒà»è„êlå˚Å@èó,Å@ÇVÇTçŒà»è„êlå˚Å@ëçêî,Å@ÇVÇTçŒà»è„êlå˚Å@íj,Å@ÇVÇTçŒà»è„êlå˚Å@èó,Å@ÇWÇTçŒà»è„êlå˚Å@ëçêî,Å@ÇWÇTçŒà»è„êlå˚Å@íj,Å@ÇWÇTçŒà»è„êlå˚Å@èó,Å@ÇXÇTçŒà»è„êlå˚Å@ëçêî,Å@ÇXÇTçŒà»è„êlå˚Å@íj,Å@ÇXÇTçŒà»è„êlå˚Å@èó,Å@äOçëêlêlå˚Å@ëçêî,Å@äOçëêlêlå˚Å@íj,Å@äOçëêlêlå˚Å@èó,Å@ê¢ë—ëçêî,Å@àÍî ê¢ë—êî,Å@ÇPêlê¢ë—êîÅ@àÍî ê¢ë—êî,Å@ÇQêlê¢ë—êîÅ@àÍî ê¢ë—êî,Å@ÇRêlê¢ë—êîÅ@àÍî ê¢ë—êî,Å@ÇSêlê¢ë—êîÅ@àÍî ê¢ë—êî,Å@ÇTêlê¢ë—êîÅ@àÍî ê¢ë—êî,Å@ÇUêlê¢ë—êîÅ@àÍî ê¢ë—êî,Å@ÇVêlà»è„ê¢ë—êîÅ@àÍî ê¢ë—êî,Å@êeë∞ÇÃÇ›ÇÃê¢ë—êîÅ@àÍî ê¢ë—êî,Å@äjâ∆ë∞ê¢ë—êîÅ@àÍî ê¢ë—êî,Å@äjâ∆ë∞à»äOÇÃê¢ë—êîÅ@àÍî ê¢ë—êî,Å@ÇUçŒñ¢ñûê¢ë—àıÇÃÇ¢ÇÈê¢ë—êîÅ@àÍî ê¢ë—êî,Å@ÇUÇTçŒà»è„ê¢ë—àıÇÃÇ¢ÇÈê¢ë—êîÅ@àÍî ê¢ë—êî,Å@ê¢ë—éÂÇÃîNóÓÇ™ÇQÇOÅ`ÇQÇXçŒÇÃÇPêlê¢ë—êîÅ@àÍî ê¢ë—êî,Å@çÇóÓíPêgê¢ë—êîÅ@àÍî ê¢ë—êî,Å@çÇóÓïvïwê¢ë—êîÅ@àÍî ê¢ë—êî
53400000,1,,53400010,67,36,31,7,5,2,63,33,30,41,23,18,60,31,29,57,31,26,22,10,12,9,4,5,5,2,3,0,0,0,1,1,0,21,21,4,7,4,5,0,2,1,19,13,6,2,14,0,3,3
53400001,0,,,9,4,5,0,0,0,9,4,5,6,3,3,9,4,5,9,4,5,3,1,2,3,1,2,1,1,0,0,0,0,0,0,0,4,4,0,3,1,0,0,0,0,4,4,0,0,2,0,0,0
53400002,0,,,168,85,83,8,3,5,160,82,78,88,49,39,157,80,77,154,78,76,72,33,39,30,10,20,12,4,8,0,0,0,0,0,0,59,59,8,19,15,13,2,1,1,51,34,17,1,44,0,7,10
53400003,0,,,267,129,138,21,8,13,244,119,125,131,67,64,241,118,123,240,117,123,113,52,61,48,21,27,14,5,9,0,0,0,1,0,1,97,97,17,30,25,17,3,3,2,78,55,23,4,70,1,11,19
53400004,0,,,108,48,60,11,5,6,97,43,54,54,25,29,94,42,52,91,40,51,43,18,25,22,8,14,7,3,4,0,0,0,0,0,0,36,36,8,12,1,8,4,1,2,28,17,11,5,30,0,7,8
53400005,0,,,52,28,24,5,3,2,47,25,22,23,14,9,44,23,21,44,23,21,24,11,13,7,3,4,1,0,1,0,0,0,0,0,0,15,15,1,5,3,3,0,2,1,14,10,4,0,13,0,1,3
53400006,0,,,17,8,9,1,0,1,16,8,8,11,6,5,16,8,8,16,8,8,5,2,3,1,1,0,0,0,0,0,0,0,0,0,0,6,6,2,1,1,0,2,0,0,4,3,1,0,3,0,1,0
53400008,1,,53400009,23,11,12,4,2,2,22,11,11,11,5,6,20,10,10,20,10,10,11,6,5,6,3,3,1,0,1,0,0,0,0,0,0,7,7,2,3,1,1,1,1,0,7,5,2,1,8,0,2,2
53400009,2,53400008,,3,2,1,*,*,*,*,*,*,*,*,*,*,*,*,*,*,*,*,*,*,*,*,*,*,*,*,*,*,*,*,*,*,2,2,*,*,*,*,*,*,*,*,*,*,*,*,*,*,*
53400010,2,53400000,,3,2,1,*,*,*,*,*,*,*,*,*,*,*,*,*,*,*,*,*,*,*,*,*,*,*,*,*,*,*,*,*,*,2,2,*,*,*,*,*,*,*,*,*,*,*,*,*,*,*
53400011,0,,,45,25,20,0,0,0,45,25,20,23,14,9,44,25,19,43,25,18,22,11,11,10,5,5,4,3,1,0,0,0,0,0,0,18,18,5,3,7,2,1,0,0,13,11,2,0,14,0,2,2
53400012,0,,,60,29,31,1,0,1,59,29,30,31,15,16,59,29,30,59,29,30,28,14,14,14,5,9,4,0,4,0,0,0,1,1,0,26,26,7,10,6,1,1,1,0,18,14,4,1,18,0,4,5
53400013,0,,,148,77,71,12,6,6,136,71,65,75,43,32,131,67,64,128,66,62,61,28,33,32,14,18,15,6,9,1,1,0,0,0,0,58,58,14,19,14,6,1,3,1,44,33,11,1,41,0,10,14
53400014,0,,,214,111,103,14,8,6,199,102,97,106,56,50,198,102,96,193,99,94,93,46,47,40,19,21,14,4,10,1,0,1,2,0,2,79,79,20,18,21,10,6,3,1,59,42,17,6,58,2,13,10
53400015,0,,,12,6,6,2,1,1,10,5,5,4,2,2,10,5,5,10,5,5,6,3,3,2,1,1,0,0,0,0,0,0,0,0,0,4,4,0,3,0,0,0,1,0,4,2,2,0,4,0,0,2
53400016,0,,,57,30,27,3,3,0,54,27,27,25,14,11,54,27,27,54,27,27,29,13,16,16,6,10,6,2,4,0,0,0,0,0,0,26,26,9,10,3,1,3,0,0,17,12,5,1,20,0,7,4
53400017,1,,53400018,22,13,9,1,0,1,29,16,13,11,9,2,29,16,13,29,16,13,18,7,11,11,4,7,7,3,4,1,1,0,0,0,0,12,12,5,8,3,0,0,0,0,11,10,1,1,12,0,2,1
53400018,2,53400017,,8,3,5,*,*,*,*,*,*,*,*,*,*,*,*,*,*,*,*,*,*,*,*,*,*,*,*,*,*,*,*,*,*,4,4,*,*,*,*,*,*,*,*,*,*,*,*,*,*,*
53400020,0,,,52,32,20,1,1,0,51,31,20,28,21,7,49,30,19,47,28,19,23,10,13,10,5,5,1,0,1,0,0,0,0,0,0,20,20,4,8,5,0,2,0,1,16,13,3,0,14,0,1,5
53400021,0,,,120,71,49,5,2,3,115,69,46,74,47,27,112,68,44,112,68,44,41,22,19,15,7,8,7,4,3,3,2,1,1,0,1,31,30,3,7,8,7,2,2,1,26,16,10,1,25,0,2,3
53400022,0,,,180,126,54,2,0,2,178,126,52,161,117,44,178,126,52,178,126,52,17,9,8,5,3,2,1,1,0,0,0,0,7,7,0,12,10,8,1,0,0,1,0,0,1,0,1,0,1,6,0,0
53400023,0,,,371,184,187,27,14,13,343,170,173,201,103,98,331,164,167,323,162,161,142,67,75,68,31,37,11,4,7,0,0,0,2,2,0,143,143,29,53,25,24,8,3,1,112,94,18,4,90,1,18,31
53400024,0,,,317,151,166,29,13,16,285,136,149,157,84,73,281,134,147,276,129,147,128,52,76,71,23,48,23,7,16,2,1,1,2,0,2,113,113,25,33,18,22,8,6,1,86,57,29,8,85,1,16,15
53400025,0,,,36,21,15,4,4,0,32,17,15,16,9,7,32,17,15,32,17,15,16,8,8,6,3,3,2,1,1,0,0,0,0,0,0,13,13,3,4,3,1,1,0,1,10,8,2,1,8,0,0,4
53400026,0,,,38,18,20,0,0,0,38,18,20,22,11,11,37,18,19,36,17,19,16,7,9,10,4,6,1,0,1,0,0,0,0,0,0,15,15,1,9,2,2,1,0,0,14,13,1,0,9,0,1,5
53400027,0,,,29,13,16,2,0,2,27,13,14,19,10,9,27,13,14,26,13,13,8,3,5,4,1,3,2,0,2,0,0,0,0,0,0,10,10,2,4,1,1,1,0,1,8,3,5,1,5,0,1,0
53400028,1,,53400029,44,25,19,0,0,0,51,31,20,25,16,9,51,31,20,51,31,20,26,15,11,15,10,5,5,4,1,0,0,0,0,0,0,19,19,6,10,5,0,2,0,0,17,15,2,0,15,0,2,6
53400029,2,53400028,,7,6,1,*,*,*,*,*,*,*,*,*,*,*,*,*,*,*,*,*,*,*,*,*,*,*,*,*,*,*,*,*,*,4,4,*,*,*,*,*,*,*,*,*,*,*,*,*,*,*
53400030,0,,,123,54,69,7,3,4,116,51,65,67,32,35,115,51,64,115,51,64,49,19,30,22,7,15,12,2,10,1,0,1,2,0,2,41,41,6,10,11,7,6,1,0,35,19,16,2,32,0,4,5
53400031,0,,,77,37,40,11,4,7,66,33,33,37,19,18,66,33,33,66,33,33,29,14,15,14,5,9,6,1,5,0,0,0,1,0,1,25,25,5,7,1,7,4,0,1,20,9,11,4,17,0,1,1
53400032,0,,,49,25,24,0,0,0,49,25,24,27,15,12,49,25,24,49,25,24,22,10,12,7,1,6,2,0,2,0,0,0,0,0,0,19,19,0,11,5,3,0,0,0,18,14,4,0,13,0,0,4
53400033,0,,,264,134,130,8,2,6,256,132,124,151,78,73,251,130,121,249,128,121,105,54,51,50,23,27,17,9,8,1,0,1,1,0,1,95,95,17,30,23,12,10,1,2,78,56,22,0,67,0,10,12
53400034,0,,,678,321,357,44,21,23,633,300,333,313,160,153,626,297,329,616,291,325,320,140,180,141,53,88,38,13,25,2,0,2,2,0,2,287,287,70,116,58,21,14,8,0,216,181,35,9,210,0,49,61
53400035,0,,,538,281,257,21,13,8,516,268,248,301,166,135,506,262,244,488,250,238,215,102,113,113,51,62,28,11,17,3,0,3,7,2,5,228,228,60,75,53,32,7,1,0,165,141,24,1,140,1,35,38
53400036,0,,,41,19,22,6,3,3,35,16,19,19,7,12,35,16,19,35,16,19,16,9,7,8,4,4,3,2,1,0,0,0,0,0,0,17,17,2,10,2,2,1,0,0,14,13,1,1,11,0,2,2
53400037,0,,,60,31,29,4,4,0,56,27,29,33,15,18,56,27,29,56,27,29,23,12,11,9,3,6,4,1,3,0,0,0,1,0,1,23,23,7,5,6,1,3,1,0,16,11,5,1,16,0,4,0
53400038,0,,,55,30,25,2,1,1,53,29,24,26,18,8,51,27,24,51,27,24,27,11,16,19,6,13,9,4,5,0,0,0,0,0,0,25,25,8,9,3,5,0,0,0,17,15,2,0,17,1,3,5
53400040,0,,,112,59,53,11,5,6,101,54,47,60,32,28,99,53,46,98,52,46,41,22,19,14,6,8,4,3,1,0,0,0,0,0,0,37,37,7,7,10,7,4,1,1,30,19,11,3,26,0,4,7
53400041,0,,,89,46,43,5,2,3,84,44,40,47,27,20,82,44,38,82,44,38,37,17,20,14,8,6,6,2,4,0,0,0,1,0,1,30,30,3,11,8,5,1,1,1,27,22,5,2,23,0,2,4
53400042,0,,,180,89,91,7,4,3,173,85,88,84,42,42,172,85,87,170,84,86,89,43,46,37,15,22,15,5,10,3,0,3,0,0,0,67,67,10,25,16,12,3,0,1,56,42,14,2,56,0,8,15
53400043,0,,,108,50,58,9,3,6,99,47,52,49,22,27,99,47,52,97,46,51,50,25,25,14,7,7,4,0,4,0,0,0,0,0,0,36,36,6,12,7,4,2,4,1,28,18,10,2,30,0,3,9
53400044,0,,,854,417,437,69,36,33,781,379,402,441,220,221,763,369,394,749,360,389,340,159,181,158,74,84,48,20,28,3,1,2,14,2,12,354,353,84,133,73,43,15,5,0,266,223,43,15,226,0,55,67
53400045,0,,,599,304,295,51,29,22,548,275,273,308,157,151,529,268,261,517,261,256,240,118,122,114,57,57,21,11,10,2,1,1,6,1,5,244,244,43,111,46,31,9,1,3,198,184,14,10,157,1,31,63
53400046,1,,53400056;53400057,313,153,160,56,25,31,262,132,130,155,81,74,242,120,122,236,119,117,107,51,56,51,22,29,17,6,11,0,0,0,11,2,9,112,108,26,35,30,14,6,0,0,85,67,18,11,73,0,15,16
53400047,0,,,54,26,28,1,1,0,53,25,28,32,15,17,52,25,27,51,25,26,21,10,11,8,5,3,4,2,2,0,0,0,1,0,1,19,19,1,7,5,6,0,0,0,18,16,2,1,12,0,1,4
53400048,0,,,49,27,22,4,2,2,45,25,20,24,13,11,45,25,20,44,24,20,21,12,9,12,6,6,6,3,3,0,0,0,0,0,0,22,22,6,10,4,1,0,0,1,16,14,2,1,15,0,4,4
53400050,0,,,103,54,49,3,1,2,100,53,47,59,34,25,98,52,46,94,50,44,41,19,22,24,10,14,10,2,8,1,0,1,0,0,0,38,38,14,5,6,7,3,3,0,24,13,11,0,30,0,12,2
53400051,0,,,883,435,448,97,54,43,786,381,405,483,231,252,771,374,397,750,360,390,303,150,153,124,58,66,34,12,22,2,1,1,4,3,1,334,334,64,113,80,47,18,9,3,268,227,41,19,197,4,44,68
53400052,0,,,481,244,237,66,38,28,415,206,209,245,132,113,392,198,194,386,197,189,170,74,96,83,32,51,32,9,23,3,1,2,5,3,2,146,144,18,43,35,25,11,11,1,124,84,40,4,103,0,10,24
53400053,0,,,90,40,50,8,4,4,82,36,46,55,27,28,81,35,46,81,35,46,27,9,18,11,3,8,3,0,3,0,0,0,0,0,0,33,33,4,13,9,4,2,0,1,29,23,6,1,20,0,2,5
53400054,0,,,163,76,87,15,11,4,148,65,83,77,34,43,142,61,81,139,60,79,71,31,40,30,11,19,14,3,11,0,0,0,4,2,2,60,60,9,24,13,8,3,2,1,49,33,16,8,45,0,9,8
53400055,0,,,186,99,87,11,5,6,175,94,81,81,44,37,174,93,81,174,93,81,94,50,44,55,27,28,15,7,8,0,0,0,0,0,0,86,86,24,38,15,4,5,0,0,62,55,7,2,64,0,14,25
53400056,2,53400046,,3,2,1,*,*,*,*,*,*,*,*,*,*,*,*,*,*,*,*,*,*,*,*,*,*,*,*,*,*,*,*,*,*,1,1,*,*,*,*,*,*,*,*,*,*,*,*,*,*,*
53400057,2,53400046,,2,2,0,*,*,*,*,*,*,*,*,*,*,*,*,*,*,*,*,*,*,*,*,*,*,*,*,*,*,*,*,*,*,2,2,*,*,*,*,*,*,*,*,*,*,*,*,*,*,*
53400059,0,,,33,21,12,3,3,0,30,18,12,18,10,8,30,18,12,30,18,12,12,8,4,2,0,2,1,0,1,1,0,1,0,0,0,12,12,5,1,2,1,2,1,0,7,4,3,1,9,0,5,0
53400060,0,,,430,217,213,38,15,23,392,202,190,229,125,104,383,197,186,378,194,184,163,77,86,75,33,42,31,13,18,1,0,1,1,0,1,146,146,20,48,36,21,11,5,5,126,89,37,10,100,0,13,24
53400061,0,,,1168,579,589,149,65,84,1014,511,503,656,345,311,980,495,485,953,478,475,358,166,192,174,75,99,47,14,33,3,0,3,10,2,8,421,421,84,128,85,75,33,9,7,330,264,66,34,234,5,45,49
53400062,0,,,554,274,280,48,25,23,505,248,257,297,152,145,493,241,252,485,236,249,208,96,112,104,48,56,18,8,10,1,0,1,9,0,9,224,223,48,86,46,30,8,5,0,173,150,23,13,137,0,28,46
53400063,0,,,774,389,385,65,38,27,705,348,357,387,204,183,685,332,353,677,327,350,318,144,174,177,83,94,23,10,13,1,0,1,8,2,6,337,336,101,125,52,40,14,3,1,233,199,34,14,222,2,67,63
53400064,0,,,488,237,251,36,21,15,452,216,236,255,133,122,435,207,228,426,204,222,197,83,114,104,41,63,32,10,22,4,3,1,0,0,0,184,184,36,64,41,23,13,5,2,147,107,40,10,127,0,22,29
53400065,0,,,106,55,51,12,8,4,94,47,47,61,31,30,90,44,46,87,42,45,33,16,17,18,6,12,6,3,3,0,0,0,0,0,0,33,33,8,4,6,8,3,3,1,25,10,15,2,24,0,6,0
53400066,0,,,44,23,21,0,0,0,44,23,21,21,11,10,44,23,21,44,23,21,23,12,11,9,4,5,4,2,2,1,1,0,0,0,0,18,18,3,9,2,3,1,0,0,15,11,4,0,16,0,2,5
53400067,0,,,36,21,15,0,0,0,36,21,15,14,9,5,36,21,15,36,21,15,22,12,10,9,4,5,7,3,4,1,1,0,0,0,0,15,15,4,5,2,4,0,0,0,11,7,4,0,12,0,2,4
53400068,0,,,281,161,120,14,9,5,267,152,115,171,98,73,263,149,114,261,147,114,96,54,42,20,8,12,8,2,6,2,0,2,13,10,3,127,127,36,51,21,15,4,0,0,90,77,13,2,67,10,8,22
53400070,0,,,148,81,67,17,9,8,131,72,59,67,40,27,125,69,56,124,69,55,64,32,32,27,15,12,12,5,7,0,0,0,1,1,0,49,49,6,18,8,8,5,3,1,43,30,13,5,35,0,3,10
53400071,0,,,285,143,142,32,19,13,253,124,129,153,78,75,250,124,126,243,120,123,100,46,54,44,16,28,17,4,13,2,1,1,3,2,1,96,96,9,31,26,19,8,2,1,87,69,18,9,59,0,4,13
53400072,0,,,70,25,45,7,6,1,63,19,44,23,11,12,63,19,44,62,19,43,40,8,32,29,4,25,18,1,17,2,0,2,0,0,0,19,18,2,5,5,3,3,0,0,14,10,4,3,14,0,2,1
53400073,0,,,646,320,326,49,22,27,594,295,299,351,176,175,581,289,292,566,282,284,243,119,124,119,55,64,32,13,19,1,1,0,3,2,1,241,240,44,90,48,35,13,7,3,193,155,38,10,155,0,29,52
53400074,0,,,208,107,101,19,10,9,186,95,91,118,63,55,178,90,88,172,85,87,68,32,36,35,17,18,9,5,4,0,0,0,1,0,1,73,73,9,27,19,9,4,4,1,63,54,9,4,40,1,3,15
53400075,0,,,11,7,4,0,0,0,11,7,4,9,6,3,11,7,4,11,7,4,2,1,1,0,0,0,0,0,0,0,0,0,0,0,0,4,4,0,2,1,1,0,0,0,4,4,0,0,2,0,0,0
53400076,0,,,58,29,29,1,0,1,57,29,28,48,24,24,55,27,28,55,27,28,9,5,4,2,1,1,1,1,0,0,0,0,1,0,1,11,7,1,4,0,0,2,0,0,6,5,1,0,5,0,0,3
53400077,0,,,74,35,39,5,2,3,69,33,36,38,19,19,68,33,35,68,33,35,31,14,17,18,6,12,7,1,6,1,0,1,1,1,0,30,30,8,9,7,4,1,1,0,22,16,6,1,22,0,6,3
53400078,0,,,77,41,36,4,3,1,72,38,34,46,26,20,69,37,32,69,37,32,26,12,14,4,1,3,1,0,1,0,0,0,0,0,0,29,29,4,13,7,1,3,0,1,24,22,2,1,18,0,1,4
53400079,0,,,217,112,105,18,9,9,199,103,96,100,53,47,197,102,95,194,101,93,99,50,49,50,23,27,16,5,11,1,0,1,0,0,0,84,84,15,36,16,8,5,3,1,69,53,16,6,64,0,14,21
53400080,0,,,94,51,43,8,4,4,86,47,39,48,28,20,82,45,37,81,45,36,38,19,19,16,7,9,6,2,4,0,0,0,0,0,0,34,34,4,16,5,5,2,1,1,30,23,7,1,24,0,4,10
53400081,0,,,155,81,74,14,7,7,141,74,67,83,49,34,139,72,67,138,71,67,58,25,33,27,11,16,12,3,9,0,0,0,4,3,1,52,52,5,18,15,7,5,0,2,45,32,13,6,35,0,4,9
53400082,0,,,269,128,141,31,15,16,238,113,125,144,71,73,233,112,121,225,108,117,94,42,52,48,22,26,18,7,11,1,0,1,1,0,1,84,84,7,23,22,15,12,5,0,76,56,20,5,56,0,5,16
53400083,0,,,515,250,265,36,17,19,477,231,246,261,134,127,463,226,237,456,222,234,216,97,119,116,54,62,33,12,21,2,0,2,3,1,2,201,201,42,78,36,28,10,4,3,158,119,39,13,139,0,26,36
53400084,0,,,285,130,155,17,9,8,263,118,145,130,65,65,262,117,145,261,116,145,133,53,80,88,32,56,51,12,39,13,3,10,1,0,1,99,98,22,40,22,12,0,1,1,73,63,10,5,52,0,11,18
53400085,0,,,107,59,48,4,3,1,102,55,47,50,27,23,99,54,45,98,54,44,52,28,24,22,8,14,9,3,6,2,0,2,1,0,1,44,44,12,15,9,3,4,1,0,31,20,11,2,34,0,7,6
53400086,0,,,74,41,33,4,1,3,70,40,30,40,22,18,67,37,30,67,37,30,30,18,12,11,7,4,2,2,0,1,1,0,0,0,0,26,26,7,8,4,1,4,0,2,19,12,7,0,19,0,2,3
53400087,0,,,11,6,5,1,1,0,10,5,5,8,5,3,9,4,5,9,4,5,2,0,2,1,0,1,0,0,0,0,0,0,0,0,0,4,4,0,1,3,0,0,0,0,4,3,1,1,2,0,0,0
53400088,0,,,180,93,87,12,8,4,167,84,83,111,59,52,162,80,82,155,77,78,56,25,31,27,9,18,8,1,7,0,0,0,4,0,4,68,68,17,20,11,12,7,0,1,51,40,11,2,39,1,8,10
53400089,0,,,959,492,467,51,23,28,906,468,438,477,263,214,884,452,432,871,445,426,429,205,224,204,99,105,37,19,18,2,0,2,12,5,7,406,406,80,182,79,51,10,4,0,322,280,42,12,279,2,55,110
53400090,0,,,224,115,109,18,11,7,206,104,102,117,66,51,204,103,101,201,100,101,89,38,51,43,17,26,20,7,13,1,0,1,0,0,0,74,74,10,20,18,16,6,2,2,64,42,22,4,53,1,5,11
53400091,0,,,715,336,379,58,26,32,657,310,347,358,170,188,642,304,338,632,297,335,299,140,159,135,55,80,49,16,33,3,0,3,3,0,3,243,242,39,78,58,29,19,14,5,201,137,64,12,187,0,28,53
53400092,0,,,524,264,260,46,24,22,478,240,238,340,175,165,458,229,229,448,224,224,138,65,73,63,24,39,25,6,19,0,0,0,2,1,1,183,178,23,62,42,37,11,2,1,153,130,23,11,86,0,14,25
53400093,0,,,349,173,176,63,35,28,286,138,148,201,96,105,283,136,147,280,135,145,85,42,43,38,17,21,6,1,5,0,0,0,1,1,0,126,126,25,38,31,15,12,1,4,101,89,12,17,59,0,16,12
53400094,0,,,114,58,56,10,4,6,103,53,50,60,29,31,98,52,46,97,51,46,43,24,19,17,7,10,3,1,2,0,0,0,1,0,1,40,40,10,9,10,4,3,3,1,30,23,7,3,29,0,7,6
53400095,0,,,154,84,70,11,9,2,143,75,68,80,42,38,140,73,67,139,72,67,63,33,30,29,12,17,7,2,5,1,0,1,1,1,0,56,56,14,16,12,4,4,6,0,42,27,15,2,40,0,9,8
53400096,0,,,79,39,40,7,4,3,72,35,37,45,23,22,72,35,37,67,32,35,27,12,15,11,4,7,4,2,2,0,0,0,0,0,0,26,26,5,5,8,4,2,0,2,21,16,5,4,17,0,4,3
53400097,2,53400098,,5,2,3,*,*,*,*,*,*,*,*,*,*,*,*,*,*,*,*,*,*,*,*,*,*,*,*,*,*,*,*,*,*,3,3,*,*,*,*,*,*,*,*,*,*,*,*,*,*,*
53400098,1,,53400097,550,257,293,35,18,17,513,237,276,251,121,130,499,233,266,489,227,262,262,116,146,167,72,95,35,14,21,3,0,3,4,0,4,232,232,59,97,37,28,9,3,2,174,148,26,8,166,0,37,60
53400099,0,,,604,303,301,33,14,19,571,289,282,291,159,132,559,282,277,550,276,274,280,130,150,146,65,81,43,15,28,3,0,3,4,1,3,251,251,60,94,53,30,8,5,1,190,163,27,7,182,3,43,61
53400101,1,,53400110,200,100,100,6,3,3,200,100,100,88,46,42,199,100,99,198,100,98,112,54,58,64,26,38,29,10,19,3,2,1,2,0,2,84,84,16,36,24,9,2,0,0,70,58,12,2,71,0,11,22
53400102,0,,,33,18,15,2,1,1,31,17,14,21,10,11,30,16,14,29,16,13,10,7,3,6,4,2,2,2,0,0,0,0,0,0,0,12,12,1,6,1,3,1,0,0,11,10,1,1,7,0,1,2
53400103,0,,,89,45,44,0,0,0,87,45,42,36,19,17,87,45,42,87,45,42,51,26,25,25,11,14,9,4,5,0,0,0,0,0,0,41,41,14,13,9,3,2,0,0,26,18,8,0,34,0,11,8
53400104,0,,,35,14,21,4,3,1,31,11,20,17,6,11,31,11,20,30,10,20,14,5,9,7,1,6,3,0,3,0,0,0,1,0,1,12,12,3,2,2,3,2,0,0,9,3,6,0,10,0,2,0
53400105,0,,,148,101,47,6,3,3,139,97,42,95,80,15,138,96,42,137,95,42,44,17,27,25,9,16,14,6,8,1,1,0,0,0,0,34,32,6,13,8,0,1,1,3,25,18,7,1,26,0,3,6
53400106,0,,,101,52,49,1,1,0,100,51,49,46,26,20,97,49,48,95,48,47,54,25,29,25,11,14,6,2,4,0,0,0,4,4,0,43,43,14,14,6,6,1,2,0,27,17,10,1,35,3,9,6
53400108,0,,,29,18,11,0,0,0,29,18,11,7,6,1,29,18,11,29,18,11,22,12,10,14,7,7,5,3,2,0,0,0,0,0,0,13,13,2,6,5,0,0,0,0,11,11,0,0,13,0,2,5
53400109,0,,,116,57,59,6,3,3,110,54,56,55,30,25,107,52,55,106,52,54,55,24,31,28,13,15,13,5,8,3,0,3,0,0,0,44,44,10,14,10,5,3,1,1,34,23,11,2,36,0,9,8
53400110,2,53400101,,6,3,3,*,*,*,*,*,*,*,*,*,*,*,*,*,*,*,*,*,*,*,*,*,*,*,*,*,*,*,*,*,*,3,3,*,*,*,*,*,*,*,*,*,*,*,*,*,*,*
53400111,0,,,104,56,48,2,0,2,102,56,46,54,31,23,102,56,46,100,54,46,48,25,23,26,11,15,10,5,5,0,0,0,3,0,3,45,45,13,15,10,5,1,1,0,31,23,8,1,32,0,8,9
53400112,0,,,173,88,85,6,4,2,167,84,83,82,42,40,164,82,82,161,81,80,85,42,43,39,18,21,13,4,9,1,1,0,1,0,1,68,68,14,24,18,7,3,0,2,54,41,13,2,55,0,10,15
53400113,0,,,61,29,32,9,5,4,50,23,27,28,12,16,48,23,25,48,23,25,22,11,11,10,5,5,2,0,2,0,0,0,0,0,0,26,26,7,11,4,2,0,2,0,18,16,2,1,15,0,4,5
53400114,0,,,53,26,27,3,1,2,50,25,25,25,14,11,49,24,25,49,24,25,25,11,14,13,5,8,2,0,2,0,0,0,0,0,0,20,20,3,7,6,3,0,1,0,17,13,4,0,16,0,2,5
53400115,0,,,141,75,66,4,2,2,137,73,64,69,37,32,136,72,64,136,72,64,68,36,32,32,15,17,12,5,7,2,0,2,0,0,0,57,57,15,17,13,10,0,1,1,42,31,11,0,43,0,8,8
53400116,0,,,44,27,17,1,1,0,43,26,17,24,14,10,43,26,17,43,26,17,19,12,7,9,5,4,5,1,4,0,0,0,0,0,0,21,21,8,8,2,2,0,1,0,13,11,2,1,14,0,4,2
53400117,0,,,47,21,26,5,2,3,42,19,23,18,8,10,42,19,23,42,19,23,24,11,13,11,3,8,4,0,4,0,0,0,0,0,0,20,20,7,6,4,2,0,0,1,13,8,5,1,18,0,5,4
53400118,0,,,67,35,32,4,1,3,63,34,29,36,21,15,62,33,29,62,33,29,27,13,14,18,8,10,6,3,3,0,0,0,0,0,0,24,24,4,8,7,3,0,0,2,19,16,3,2,17,0,4,5
53400119,0,,,124,59,65,7,4,3,117,55,62,63,33,30,112,53,59,111,53,58,54,22,32,32,11,21,12,4,8,0,0,0,0,0,0,47,47,7,19,11,5,4,1,0,40,30,10,1,35,0,6,7
53400121,0,,,110,55,55,6,5,1,104,50,54,51,24,27,100,47,53,99,47,52,53,26,27,26,12,14,9,2,7,0,0,0,1,1,0,42,42,9,13,10,6,3,1,0,33,26,7,2,31,0,7,8
53400122,0,,,297,121,176,5,1,4,292,120,172,94,47,47,290,119,171,285,116,169,198,73,125,143,41,102,85,19,66,27,4,23,1,0,1,74,73,16,23,15,11,7,1,0,56,38,18,1,61,0,15,15
53400123,0,,,215,103,112,21,9,12,192,94,98,105,57,48,187,92,95,183,89,94,87,37,50,46,16,30,21,8,13,4,1,3,2,0,2,76,76,8,29,18,13,6,1,1,67,52,15,6,55,0,8,13
53400124,0,,,72,38,34,8,5,3,64,33,31,38,18,20,63,33,30,62,32,30,26,15,11,14,9,5,6,4,2,0,0,0,1,0,1,23,23,1,10,7,1,1,1,2,22,13,9,1,18,0,1,2
53400125,0,,,115,60,55,3,2,1,112,58,54,46,24,22,109,57,52,108,57,51,66,34,32,39,20,19,13,6,7,1,0,1,0,0,0,45,45,7,22,8,3,2,3,0,38,26,12,0,39,0,7,15
53400127,0,,,159,82,77,15,9,6,144,73,71,67,34,33,142,72,70,141,72,69,77,39,38,37,18,19,13,6,7,0,0,0,0,0,0,63,63,19,21,10,4,5,2,2,44,33,11,5,50,0,16,13
53400128,0,,,36,15,21,1,0,1,35,15,20,23,9,14,35,15,20,33,15,18,12,6,6,4,1,3,2,1,1,0,0,0,2,0,2,14,14,3,6,2,1,1,1,0,11,9,2,1,10,0,3,2
53400131,0,,,219,105,114,11,5,6,206,99,107,97,50,47,204,99,105,198,94,104,109,49,60,68,24,44,31,9,22,4,1,3,1,0,1,71,70,13,25,15,12,3,1,1,56,45,11,4,52,0,11,15
53400132,0,,,162,74,88,2,2,0,160,72,88,81,36,45,155,71,84,153,71,82,79,36,43,40,14,26,18,3,15,4,0,4,1,0,1,67,67,17,23,14,8,5,0,0,50,40,10,0,52,0,13,11
53400133,0,,,42,20,22,2,1,1,40,19,21,18,10,8,39,19,20,38,18,20,22,9,13,10,3,7,7,2,5,0,0,0,0,0,0,19,19,6,8,3,0,1,1,0,12,10,2,0,14,0,4,5
53400134,0,,,72,40,32,7,5,2,65,35,30,35,17,18,65,35,30,65,35,30,30,18,12,14,7,7,4,1,3,0,0,0,0,0,0,25,25,4,8,7,3,1,1,1,21,16,5,2,22,0,4,3
53400135,0,,,23,14,9,0,0,0,23,14,9,9,6,3,23,14,9,23,14,9,14,8,6,7,4,3,3,2,1,0,0,0,0,0,0,12,12,2,9,1,0,0,0,0,9,8,1,0,10,0,2,3
53400137,0,,,127,71,56,10,6,4,117,65,52,70,41,29,114,62,52,114,62,52,47,24,23,27,14,13,8,4,4,0,0,0,1,0,1,43,43,9,10,11,8,1,1,3,34,22,12,3,30,0,6,5
53400138,0,,,165,82,83,13,6,7,152,76,76,74,40,34,151,75,76,149,74,75,78,36,42,34,17,17,10,4,6,0,0,0,1,0,1,62,62,15,22,10,4,9,0,2,47,37,10,4,49,0,10,15
53400139,0,,,21,13,8,0,0,0,21,13,8,9,6,3,21,13,8,21,13,8,12,7,5,9,4,5,4,2,2,0,0,0,0,0,0,7,7,1,2,2,1,0,1,0,6,4,2,0,7,0,1,1
53400141,0,,,20,9,11,0,0,0,20,9,11,11,5,6,20,9,11,20,9,11,9,4,5,6,2,4,0,0,0,0,0,0,0,0,0,9,9,2,4,2,1,0,0,0,7,5,2,0,6,0,1,2
53400142,0,,,195,102,93,9,3,6,185,98,87,85,51,34,184,97,87,181,95,86,100,47,53,47,19,28,16,6,10,2,0,2,1,0,1,81,81,21,25,22,8,4,1,0,59,45,14,1,60,0,12,14
53400143,0,,,14,6,8,1,0,1,13,6,7,6,4,2,13,6,7,13,6,7,7,2,5,4,1,3,0,0,0,0,0,0,0,0,0,6,6,1,3,1,1,0,0,0,5,3,2,1,6,0,1,1
53400144,0,,,192,96,96,14,4,10,171,86,85,96,50,46,170,86,84,168,85,83,75,36,39,28,11,17,8,3,5,1,0,1,1,0,1,75,75,21,23,14,8,5,2,2,51,41,10,4,48,2,10,14
53400145,1,,53400146,47,23,24,4,3,1,46,21,25,35,18,17,46,21,25,45,21,24,11,3,8,6,1,5,4,0,4,0,0,0,0,0,0,17,17,6,5,3,3,0,1,1,12,5,7,0,10,0,5,0
53400146,2,53400145,,3,1,2,*,*,*,*,*,*,*,*,*,*,*,*,*,*,*,*,*,*,*,*,*,*,*,*,*,*,*,*,*,*,2,2,*,*,*,*,*,*,*,*,*,*,*,*,*,*,*
53400147,0,,,76,40,36,2,0,2,74,40,34,31,14,17,74,40,34,74,40,34,43,26,17,18,11,7,4,2,2,0,0,0,0,0,0,31,31,8,10,8,3,0,2,0,23,16,7,0,28,0,7,7
53400148,0,,,201,105,96,14,7,7,187,98,89,92,46,46,185,98,87,180,95,85,95,52,43,39,17,22,13,7,6,1,1,0,0,0,0,75,75,12,31,14,9,5,4,0,62,46,16,3,60,0,6,17
53400149,0,,,247,126,121,25,16,9,222,110,112,117,59,58,215,108,107,215,108,107,105,51,54,46,25,21,17,8,9,1,1,0,3,1,2,88,88,17,27,18,16,5,4,1,69,51,18,5,67,0,12,18
53400150,0,,,67,33,34,1,1,0,65,31,34,24,11,13,65,31,34,65,31,34,41,20,21,17,8,9,7,2,5,2,0,2,0,0,0,28,28,5,11,9,2,1,0,0,23,20,3,0,23,0,2,7
53400151,0,,,165,90,75,6,5,1,154,82,72,77,38,39,151,81,70,150,81,69,77,44,33,32,16,16,10,5,5,0,0,0,1,1,0,64,64,15,21,16,9,0,2,1,47,40,7,1,48,0,11,14
53400152,0,,,186,88,98,16,4,12,168,83,85,94,49,45,166,82,84,164,81,83,74,34,40,42,19,23,14,8,6,0,0,0,0,0,0,70,70,12,24,25,4,1,2,2,57,45,12,4,50,0,10,7
53400153,0,,,174,90,84,10,5,5,163,85,78,67,40,27,160,82,78,158,81,77,96,45,51,47,23,24,17,8,9,0,0,0,5,2,3,72,72,15,32,16,4,1,3,1,55,47,8,3,63,0,13,17
53400154,0,,,446,208,238,33,12,21,411,195,216,193,104,89,406,192,214,397,187,210,218,91,127,125,53,72,39,14,25,6,3,3,2,0,2,185,185,48,72,30,22,6,5,2,137,114,23,5,140,0,40,41
53400155,0,,,207,100,107,19,8,11,188,92,96,84,48,36,185,91,94,185,91,94,104,44,60,59,22,37,19,1,18,0,0,0,2,2,0,92,92,31,31,18,5,4,1,2,61,47,14,5,76,0,29,17
53400157,0,,,39,17,22,1,0,1,38,17,21,23,10,13,35,15,20,34,15,19,15,7,8,11,3,8,3,1,2,0,0,0,1,0,1,15,15,5,3,2,4,0,1,0,10,6,4,0,11,0,4,1
53400158,0,,,58,32,26,5,2,3,53,30,23,30,19,11,50,27,23,49,26,23,23,11,12,15,6,9,8,4,4,2,1,1,1,0,1,20,19,6,4,4,3,2,0,0,13,10,3,2,8,1,0,3
53400159,0,,,211,109,102,23,12,11,188,97,91,106,60,46,187,96,91,187,96,91,82,37,45,32,13,19,12,3,9,0,0,0,1,0,1,78,78,16,28,14,11,5,1,3,62,43,19,8,53,0,8,16
53400160,0,,,245,127,118,16,5,11,228,121,107,128,74,54,224,119,105,218,114,104,100,47,53,51,23,28,13,4,9,2,0,2,0,0,0,85,85,17,22,21,13,6,4,2,68,51,17,3,61,0,13,11
53400161,0,,,143,74,69,9,3,6,134,71,63,91,48,43,130,69,61,126,68,58,43,23,20,23,14,9,11,6,5,0,0,0,2,1,1,56,56,15,16,11,9,3,2,0,41,30,11,1,30,0,8,6
53400162,0,,,322,156,166,15,10,5,300,140,160,159,76,83,293,136,157,288,135,153,141,64,77,68,28,40,22,7,15,2,1,1,4,1,3,124,124,27,45,22,19,5,5,1,95,74,21,3,89,0,19,27
53400163,0,,,550,272,278,27,14,13,523,258,265,301,157,144,511,249,262,503,245,258,222,101,121,108,50,58,22,7,15,1,0,1,1,1,0,234,234,48,98,57,22,7,2,0,183,168,15,6,146,0,32,49
53400164,0,,,487,169,318,22,10,12,454,153,301,200,88,112,446,149,297,430,146,284,254,65,189,202,39,163,147,19,128,36,2,34,3,2,1,186,181,110,38,17,9,4,2,1,71,67,4,3,51,43,5,19
53400165,0,,,35,16,19,0,0,0,35,16,19,19,9,10,35,16,19,35,16,19,16,7,9,5,1,4,4,1,3,0,0,0,0,0,0,14,14,3,4,5,1,1,0,0,11,8,3,0,11,0,3,2
53400166,2,53400176,,10,4,6,*,*,*,*,*,*,*,*,*,*,*,*,*,*,*,*,*,*,*,*,*,*,*,*,*,*,*,*,*,*,4,4,*,*,*,*,*,*,*,*,*,*,*,*,*,*,*
53400167,0,,,129,70,59,8,7,1,121,63,58,64,35,29,120,62,58,117,61,56,57,28,29,22,12,10,2,2,0,0,0,0,0,0,0,49,49,8,21,9,6,3,1,1,41,35,6,4,36,0,4,13
53400168,0,,,150,60,90,5,2,3,145,58,87,56,28,28,143,56,87,142,56,86,89,30,59,58,18,40,23,5,18,6,1,5,0,0,0,60,59,18,18,16,5,1,1,0,41,32,9,2,46,0,16,9
53400169,0,,,40,13,27,0,0,0,40,13,27,18,8,10,39,13,26,39,13,26,22,5,17,17,3,14,10,1,9,2,0,2,0,0,0,11,10,0,2,4,4,0,0,0,9,4,5,0,8,0,0,1
53400170,0,,,1111,572,539,64,33,31,1032,526,506,520,272,248,1007,508,499,989,502,487,512,254,258,212,98,114,52,17,35,4,3,1,17,8,9,522,522,169,204,87,43,14,4,1,349,306,43,10,341,5,97,122
53400171,0,,,1756,888,868,132,64,68,1596,804,792,902,476,426,1551,780,771,1529,770,759,694,328,366,343,156,187,95,37,58,4,0,4,25,15,10,762,762,235,259,136,87,28,12,5,521,442,79,22,472,6,120,146
53400172,0,,,444,214,230,22,11,11,421,202,219,224,112,112,409,198,211,399,192,207,197,90,107,87,39,48,21,5,16,1,0,1,3,0,3,180,180,36,75,34,21,12,2,0,142,114,28,5,133,0,30,39
53400173,0,,,566,295,271,33,16,17,521,271,250,309,162,147,508,265,243,499,262,237,212,109,103,83,34,49,19,6,13,1,0,1,3,1,2,232,232,54,89,47,22,15,5,0,175,153,22,6,143,0,24,53
53400174,0,,,25,17,8,0,0,0,24,16,8,15,11,4,23,16,7,22,15,7,9,5,4,7,4,3,3,3,0,0,0,0,0,0,0,9,9,3,3,1,0,0,1,1,6,4,2,0,6,0,1,0
53400175,0,,,55,31,24,5,3,2,50,28,22,24,14,10,50,28,22,48,26,22,26,14,12,9,4,5,4,1,3,1,0,1,0,0,0,21,21,4,8,5,1,2,1,0,17,12,5,2,17,0,3,5
53400176,1,,53400166,81,41,40,10,5,5,81,40,41,37,20,17,81,40,41,80,39,41,44,20,24,19,8,11,9,3,6,2,1,1,0,0,0,31,31,5,16,8,2,2,2,0,30,24,6,2,27,0,4,9
53400177,0,,,91,43,48,6,3,3,85,40,45,42,21,21,84,39,45,83,38,45,43,19,24,16,6,10,9,1,8,0,0,0,0,0,0,38,38,9,14,10,3,0,2,0,29,21,8,1,28,0,7,6
53400178,0,,,528,255,273,37,14,23,491,241,250,219,121,98,476,230,246,471,228,243,272,120,152,148,58,90,58,19,39,5,3,2,2,0,2,192,191,40,76,41,17,6,6,5,150,117,33,8,148,0,33,43
53400179,0,,,83,38,45,2,0,2,81,38,43,34,20,14,81,38,43,80,38,42,47,18,29,21,7,14,13,3,10,0,0,0,0,0,0,34,34,6,15,7,5,0,1,0,28,20,8,1,32,0,6,6
53400180,0,,,680,352,328,39,18,21,629,328,301,344,190,154,615,318,297,605,314,291,285,138,147,130,57,73,38,14,24,2,0,2,5,1,4,300,297,96,105,43,40,9,3,1,199,168,31,10,181,5,52,59
53400181,0,,,1082,506,576,101,49,52,967,451,516,534,241,293,945,445,500,935,443,492,433,210,223,212,95,117,49,17,32,2,1,1,5,3,2,459,458,149,148,96,42,15,6,2,299,268,31,23,275,25,89,76
53400182,0,,,118,61,57,7,5,2,109,55,54,49,22,27,109,55,54,109,55,54,60,33,27,29,15,14,9,5,4,2,0,2,1,0,1,47,47,9,22,7,3,5,0,1,38,28,10,1,37,0,4,13
53400183,0,,,248,115,133,17,5,12,231,110,121,130,65,65,224,107,117,219,104,115,101,45,56,50,20,30,17,4,13,2,1,1,1,0,1,91,91,16,31,23,12,2,6,1,75,61,14,2,65,0,12,16
53400184,0,,,139,69,70,7,1,6,132,68,64,58,32,26,130,66,64,129,65,64,74,36,38,34,15,19,19,8,11,0,0,0,0,0,0,48,48,4,19,10,11,3,0,1,44,28,16,0,43,0,4,14
53400185,0,,,101,47,54,12,7,5,89,40,49,39,18,21,89,40,49,89,40,49,50,22,28,20,7,13,7,1,6,0,0,0,0,0,0,40,40,10,9,14,5,1,1,0,30,22,8,5,31,0,9,8
53400186,0,,,70,37,33,4,3,1,66,34,32,34,19,15,65,33,32,65,33,32,32,15,17,17,7,10,8,2,6,0,0,0,1,0,1,27,27,6,8,8,3,0,2,0,21,16,5,0,22,0,4,5
53400187,0,,,19,9,10,0,0,0,19,9,10,10,6,4,19,9,10,19,9,10,9,3,6,8,2,6,3,1,2,0,0,0,0,0,0,7,7,0,4,2,0,1,0,0,7,5,2,0,6,0,0,1
53400188,0,,,317,162,155,27,13,14,290,149,141,145,74,71,283,148,135,276,145,131,145,75,70,70,33,37,27,13,14,2,0,2,2,1,1,116,116,26,31,31,17,4,2,5,90,64,26,1,91,0,19,18
53400189,0,,,95,48,47,2,2,0,93,46,47,43,23,20,92,46,46,89,45,44,50,23,27,21,8,13,8,2,6,0,0,0,0,0,0,39,39,7,14,14,2,2,0,0,32,23,9,1,32,0,5,11
53400190,0,,,110,53,57,3,1,2,106,51,55,52,23,29,103,50,53,101,49,52,54,28,26,30,13,17,16,8,8,2,1,1,0,0,0,45,45,13,9,18,2,2,0,1,31,22,9,0,34,0,7,4
53400191,0,,,293,152,141,15,8,7,269,139,130,142,78,64,263,134,129,259,132,127,127,61,66,60,26,34,20,5,15,1,0,1,0,0,0,117,117,24,43,26,17,6,0,1,91,74,17,5,77,1,12,21
53400194,0,,,18,10,8,4,3,1,14,7,7,10,5,5,14,7,7,14,7,7,4,2,2,2,0,2,2,0,2,0,0,0,0,0,0,4,4,0,0,0,3,0,1,0,4,2,2,0,2,0,0,0
53400195,0,,,26,16,10,0,0,0,26,16,10,8,5,3,26,16,10,26,16,10,18,11,7,9,5,4,0,0,0,0,0,0,1,0,1,14,14,6,4,4,0,0,0,0,8,8,0,0,13,0,5,3
53400196,0,,,89,46,43,9,5,4,80,41,39,41,24,17,80,41,39,78,40,38,39,17,22,16,8,8,3,0,3,0,0,0,0,0,0,32,32,3,16,4,5,3,0,1,29,23,6,1,24,0,2,10
53400197,0,,,62,31,31,2,1,1,60,30,30,29,16,13,60,30,30,60,30,30,31,14,17,19,9,10,10,4,6,0,0,0,1,0,1,23,23,5,6,4,7,1,0,0,18,13,5,0,19,0,5,2
53400198,0,,,213,110,103,24,16,8,189,94,95,104,53,51,184,92,92,181,90,91,85,41,44,37,18,19,12,3,9,0,0,0,1,1,0,83,83,19,28,15,15,3,3,0,63,48,15,4,55,0,14,12
53400199,0,,,365,186,179,38,17,21,327,169,158,208,113,95,317,162,155,312,158,154,119,56,63,65,34,31,16,3,13,0,0,0,0,0,0,134,134,24,37,36,28,7,2,0,109,91,18,13,78,0,17,15
53400200,0,,,62,32,30,6,3,3,56,29,27,20,11,9,54,29,25,54,29,25,36,18,18,15,6,9,6,2,4,0,0,0,0,0,0,21,21,5,6,4,1,4,0,1,16,11,5,0,19,0,4,5
53400201,0,,,35,16,19,0,0,0,35,16,19,14,8,6,34,15,19,33,15,18,21,8,13,9,3,6,4,0,4,0,0,0,0,0,0,12,12,1,4,3,3,1,0,0,11,7,4,0,11,0,1,3
53400202,0,,,88,42,46,2,0,2,86,42,44,48,25,23,84,41,43,84,41,43,38,17,21,22,9,13,7,5,2,0,0,0,0,0,0,37,37,15,4,10,5,3,0,0,22,15,7,0,27,0,12,2
53400203,1,,53400204,189,63,126,12,6,6,188,67,121,52,25,27,187,67,120,186,67,119,136,42,94,110,30,80,70,15,55,21,1,20,0,0,0,40,39,17,13,7,5,2,0,2,29,21,8,3,32,1,12,7
53400204,2,53400203,,11,10,1,*,*,*,*,*,*,*,*,*,*,*,*,*,*,*,*,*,*,*,*,*,*,*,*,*,*,*,*,*,*,7,7,*,*,*,*,*,*,*,*,*,*,*,*,*,*,*
53400205,0,,,87,45,42,6,4,2,81,41,40,47,24,23,77,39,38,77,39,38,34,17,17,14,5,9,8,4,4,0,0,0,0,0,0,32,32,4,12,8,6,1,1,0,28,21,7,0,24,0,4,4
53400206,0,,,79,39,40,8,2,6,71,37,34,46,27,19,71,37,34,71,37,34,25,10,15,13,5,8,3,1,2,0,0,0,1,0,1,27,27,5,7,6,6,1,1,1,22,14,8,3,18,0,3,3
53400208,0,,,119,52,67,18,7,11,101,45,56,63,28,35,98,44,54,97,43,54,38,17,21,11,4,7,5,1,4,0,0,0,1,1,0,37,37,9,9,4,6,3,3,3,28,15,13,5,26,0,5,6
53400209,0,,,141,66,75,15,4,11,126,62,64,68,38,30,123,59,64,122,59,63,58,24,34,33,13,20,12,5,7,1,0,1,0,0,0,49,49,13,13,8,7,2,3,3,35,18,17,4,37,0,8,8
53400210,0,,,49,22,27,2,1,1,47,21,26,24,12,12,45,20,25,45,20,25,23,9,14,9,5,4,3,1,2,0,0,0,0,0,0,15,15,2,5,3,1,1,2,1,12,8,4,0,14,0,1,3
53400211,0,,,74,40,34,6,4,2,68,36,32,38,20,18,65,34,31,65,34,31,30,16,14,15,8,7,10,5,5,1,1,0,4,3,1,28,28,6,14,3,1,1,1,2,21,16,5,1,18,1,1,9
53400212,0,,,86,41,45,7,4,3,79,37,42,42,20,22,79,37,42,77,36,41,37,17,20,14,5,9,7,1,6,3,0,3,0,0,0,35,35,8,13,7,4,3,0,0,27,25,2,2,23,0,5,10
53400213,0,,,206,107,99,11,5,6,192,99,93,99,49,50,190,97,93,188,97,91,93,50,43,51,23,28,11,2,9,4,0,4,4,3,1,88,88,25,32,20,4,2,4,1,63,44,19,3,65,0,18,18
53400214,0,,,238,124,114,36,21,15,202,103,99,114,55,59,198,103,95,197,103,94,88,48,40,49,23,26,17,7,10,1,0,1,1,0,1,77,77,13,19,20,8,10,4,3,63,43,20,6,55,0,9,11
53400215,0,,,57,30,27,5,5,0,52,25,27,25,13,12,50,24,26,49,23,26,27,12,15,19,7,12,7,2,5,0,0,0,0,0,0,17,17,3,5,2,2,2,2,1,14,6,8,1,16,0,3,2
53400216,0,,,11,7,4,0,0,0,11,7,4,4,4,0,11,7,4,11,7,4,7,3,4,6,3,3,0,0,0,0,0,0,0,0,0,5,5,1,2,2,0,0,0,0,4,4,0,0,4,0,0,1
53400217,0,,,12,8,4,1,1,0,11,7,4,7,4,3,11,7,4,11,7,4,4,3,1,0,0,0,0,0,0,0,0,0,0,0,0,6,6,3,1,1,1,0,0,0,3,2,1,0,3,0,2,1
53400219,0,,,10,5,5,0,0,0,10,5,5,3,1,2,10,5,5,10,5,5,7,4,3,4,3,1,1,0,1,0,0,0,1,0,1,6,6,2,4,0,0,0,0,0,4,4,0,0,6,0,2,2
53400220,0,,,121,60,61,12,4,8,109,56,53,49,24,25,107,55,52,104,55,49,60,32,28,30,15,15,11,6,5,0,0,0,0,0,0,41,41,7,11,10,7,3,2,1,34,18,16,2,36,1,6,8
53400221,0,,,60,30,30,8,2,6,52,28,24,29,18,11,52,28,24,52,28,24,23,10,13,15,5,10,3,0,3,1,0,1,0,0,0,21,21,6,3,5,5,0,1,1,15,11,4,1,17,0,5,0
53400222,0,,,104,49,55,12,3,9,92,46,46,53,28,25,89,44,45,89,44,45,39,18,21,19,9,10,10,4,6,1,0,1,0,0,0,40,40,12,10,7,6,4,0,1,28,18,10,4,25,0,6,5
53400223,0,,,101,55,46,0,0,0,101,55,46,46,25,21,100,55,45,99,55,44,55,30,25,35,19,16,18,8,10,1,1,0,0,0,0,40,40,12,9,9,6,4,0,0,28,18,10,0,37,0,12,6
53400224,0,,,389,185,204,52,27,25,337,158,179,205,96,109,324,150,174,323,150,173,132,62,70,67,27,40,22,5,17,3,1,2,11,0,11,148,148,34,49,29,21,8,4,3,111,93,18,10,86,2,19,26
53400225,0,,,125,60,65,17,9,8,108,51,57,61,30,31,104,50,54,102,49,53,47,21,26,23,8,15,9,2,7,0,0,0,0,0,0,42,42,6,14,11,3,5,1,2,36,24,12,4,33,0,4,6
53400226,0,,,117,64,53,14,11,3,103,53,50,46,24,22,103,53,50,102,52,50,57,29,28,26,14,12,5,2,3,1,0,1,1,0,1,52,52,16,19,10,3,3,1,0,36,30,6,5,38,0,11,10
53400227,0,,,59,29,30,5,1,4,54,28,26,29,16,13,52,27,25,52,27,25,25,12,13,12,5,7,1,1,0,0,0,0,0,0,0,21,21,3,7,6,3,0,2,0,18,13,5,2,16,0,3,4
53400228,0,,,25,13,12,4,1,3,21,12,9,13,8,5,20,11,9,19,10,9,8,4,4,1,0,1,0,0,0,0,0,0,0,0,0,10,10,1,5,2,2,0,0,0,8,7,1,0,5,0,1,2
53400229,0,,,158,85,73,26,18,8,132,67,65,86,43,43,123,62,61,122,62,60,46,24,22,22,9,13,11,5,6,0,0,0,0,0,0,54,54,9,17,10,9,5,4,0,44,33,11,6,35,0,7,10
53400230,0,,,43,22,21,1,0,1,42,22,20,20,9,11,41,22,19,41,22,19,22,13,9,5,2,3,2,1,1,0,0,0,1,0,1,20,20,8,6,2,3,1,0,0,12,7,5,0,17,0,5,3
53400231,0,,,147,74,73,13,9,4,134,65,69,83,42,41,131,65,66,130,64,66,51,23,28,25,9,16,14,3,11,1,0,1,0,0,0,45,45,5,10,13,8,5,3,1,40,27,13,3,34,0,5,5
53400232,0,,,23,11,12,0,0,0,23,11,12,10,5,5,23,11,12,23,11,12,13,6,7,3,1,2,2,1,1,0,0,0,0,0,0,10,10,2,5,1,2,0,0,0,8,6,2,0,10,0,2,3
53400233,0,,,179,95,84,15,12,3,164,83,81,89,48,41,161,81,80,158,79,79,75,35,40,39,15,24,21,8,13,1,0,1,2,0,2,63,63,13,18,13,10,6,1,2,50,32,18,6,46,0,9,11
53400234,0,,,273,126,147,40,23,17,233,103,130,117,61,56,228,99,129,226,98,128,116,42,74,76,19,57,52,9,43,10,0,10,1,1,0,78,76,8,26,23,11,6,1,1,66,55,11,18,36,0,5,6
53400235,0,,,452,228,224,40,25,15,412,203,209,238,121,117,403,200,203,398,199,199,174,82,92,82,33,49,38,13,25,6,3,3,0,0,0,160,159,20,56,44,23,13,1,2,138,113,25,17,99,0,11,28
53400236,0,,,323,156,167,29,18,11,294,138,156,181,87,94,285,135,150,279,131,148,113,51,62,64,24,40,19,6,13,0,0,0,2,0,2,117,117,28,37,15,24,3,6,4,88,66,22,8,79,0,23,17
53400237,0,,,148,73,75,7,5,2,141,68,73,88,45,43,138,68,70,134,66,68,53,23,30,31,16,15,7,5,2,0,0,0,0,0,0,57,57,12,20,13,7,2,2,1,44,34,10,1,36,0,8,7
53400238,0,,,139,73,66,27,15,12,112,58,54,75,40,35,109,56,53,108,55,53,37,18,19,14,6,8,4,1,3,1,1,0,0,0,0,52,52,9,19,14,4,4,0,2,43,41,2,8,26,1,6,5
53400239,0,,,1031,508,523,167,79,88,842,417,425,581,299,282,813,406,407,799,399,400,261,118,143,120,52,68,32,13,19,0,0,0,9,4,5,428,428,145,119,60,66,29,6,3,274,233,41,37,180,24,51,44
53400240,0,,,92,43,49,3,1,2,89,42,47,40,19,21,87,42,45,87,42,45,49,23,26,20,6,14,8,1,7,0,0,0,0,0,0,42,42,13,16,8,2,3,0,0,29,25,4,0,32,0,10,9
53400241,0,,,77,35,42,2,0,2,75,35,40,35,15,20,75,35,40,75,35,40,40,20,20,22,9,13,7,2,5,0,0,0,0,0,0,29,29,6,8,9,3,2,1,0,23,16,7,1,25,0,5,8
53400242,0,,,216,98,118,13,7,6,203,91,112,121,57,64,193,87,106,191,86,105,82,34,48,39,14,25,17,6,11,0,0,0,0,0,0,77,77,15,22,19,10,8,1,2,62,42,20,1,54,0,13,11
53400243,0,,,248,121,127,12,6,6,236,115,121,132,69,63,228,110,118,228,110,118,104,46,58,52,18,34,16,4,12,1,0,1,1,1,0,103,103,30,33,24,7,4,3,2,73,53,20,1,74,0,24,13
53400244,0,,,183,93,90,7,4,3,176,89,87,100,55,45,173,88,85,172,87,85,76,34,42,37,17,20,15,6,9,0,0,0,1,0,1,67,67,16,19,16,6,3,7,0,51,35,16,1,49,1,7,7
53400245,0,,,184,91,93,15,10,5,169,81,88,97,46,51,166,79,87,163,77,86,72,35,37,34,16,18,10,3,7,0,0,0,0,0,0,64,64,7,25,15,10,2,3,2,57,44,13,3,42,0,4,16
53400246,0,,,536,253,283,43,23,20,493,230,263,237,113,124,482,227,255,471,223,248,256,117,139,113,55,58,32,11,21,2,0,2,4,2,2,198,198,32,72,48,28,11,4,3,165,132,33,10,153,1,25,54
53400247,0,,,1111,542,569,111,45,66,1000,497,503,560,297,263,967,479,488,948,470,478,440,200,240,221,104,117,58,23,35,2,0,2,5,0,5,436,434,111,151,79,59,17,10,7,321,265,56,16,292,0,82,86
53400248,0,,,623,281,342,63,25,38,559,256,303,316,160,156,544,251,293,536,247,289,243,96,147,129,45,84,28,6,22,2,0,2,4,2,2,244,244,48,96,46,34,11,9,0,193,160,33,17,156,0,32,52
53400249,0,,,2081,1032,1049,267,133,134,1780,874,906,1206,616,590,1720,842,878,1682,822,860,574,258,316,271,108,163,86,25,61,6,1,5,27,11,16,927,926,344,274,142,108,39,11,8,570,483,87,69,380,50,94,108
53400250,0,,,144,73,71,11,6,5,133,67,66,70,36,34,126,65,61,125,65,60,63,31,32,31,13,18,7,2,5,2,0,2,4,1,3,50,50,8,17,10,7,5,2,1,40,27,13,1,41,0,8,6
53400251,0,,,181,94,87,19,14,5,162,80,82,94,48,46,157,78,79,153,77,76,68,32,36,28,12,16,7,3,4,0,0,0,0,0,0,67,67,14,24,10,14,1,0,4,53,40,13,5,45,0,9,14
53400252,0,,,152,69,83,12,7,5,140,62,78,78,34,44,138,61,77,137,61,76,62,28,34,22,8,14,6,0,6,1,0,1,0,0,0,70,70,27,22,8,10,1,2,0,43,33,10,3,49,0,21,9
53400253,0,,,67,35,32,0,0,0,67,35,32,40,22,18,66,34,32,64,32,32,27,13,14,14,5,9,3,0,3,0,0,0,0,0,0,26,26,6,9,5,3,2,1,0,20,12,8,0,21,0,5,7
53400254,0,,,72,36,36,6,1,5,66,35,31,31,18,13,65,35,30,64,34,30,35,17,18,10,4,6,2,1,1,0,0,0,0,0,0,26,26,6,9,4,2,3,1,1,20,12,8,2,23,0,4,9
53400255,0,,,120,52,68,13,10,3,107,42,65,30,15,15,105,42,63,103,40,63,77,27,50,54,13,41,42,9,33,7,1,6,0,0,0,26,25,6,5,4,6,1,1,2,19,12,7,4,20,0,5,4
53400256,0,,,351,165,186,28,11,17,323,154,169,187,95,92,312,147,165,307,145,162,136,59,77,64,22,42,15,5,10,0,0,0,3,1,2,132,132,27,51,20,17,10,5,2,104,73,31,7,91,0,22,19
53400257,0,,,903,434,469,110,51,59,793,383,410,455,235,220,778,375,403,762,366,396,338,148,190,166,67,99,57,17,40,5,1,4,8,1,7,354,353,77,125,70,54,21,5,1,272,232,40,26,211,1,51,67
53400258,0,,,1022,475,547,106,56,50,913,417,496,475,228,247,891,406,485,879,400,479,438,189,249,213,83,130,55,16,39,4,1,3,3,0,3,442,442,129,162,69,56,18,8,0,309,260,49,20,297,2,85,85
53400259,0,,,1163,566,597,111,66,45,1045,494,551,668,328,340,1019,481,538,1000,474,526,377,166,211,199,76,123,68,19,49,5,0,5,16,5,11,517,516,190,146,96,56,19,6,3,320,261,59,43,241,36,69,57
53400260,0,,,101,46,55,9,5,4,92,41,51,50,23,27,88,40,48,85,39,46,42,18,24,26,12,14,9,3,6,1,1,0,0,0,0,35,35,5,14,3,8,3,2,0,29,21,8,4,24,0,4,8
53400261,0,,,25,12,13,1,0,1,24,12,12,13,8,5,24,12,12,24,12,12,11,4,7,4,1,3,3,1,2,0,0,0,0,0,0,11,11,1,7,2,1,0,0,0,10,9,1,0,9,0,1,2
53400262,0,,,79,45,34,6,5,1,73,40,33,47,24,23,72,39,33,72,39,33,26,16,10,8,5,3,1,1,0,0,0,0,0,0,0,32,32,8,11,8,2,1,2,0,24,19,5,1,18,0,5,3
53400263,0,,,216,105,111,23,14,9,193,91,102,115,52,63,185,89,96,178,85,93,78,39,39,35,17,18,14,5,9,0,0,0,1,0,1,77,77,17,23,12,12,10,2,1,60,43,17,5,50,0,12,13
53400264,0,,,105,54,51,1,1,0,104,53,51,68,34,34,104,53,51,104,53,51,36,19,17,15,6,9,5,2,3,0,0,0,1,0,1,22,21,3,9,3,6,0,0,0,18,14,4,0,19,0,3,7
53400265,0,,,10,5,5,2,1,1,8,4,4,5,2,3,8,4,4,7,3,4,3,2,1,1,0,1,1,0,1,0,0,0,0,0,0,4,4,0,2,2,0,0,0,0,4,4,0,0,2,0,0,1
53400266,0,,,283,119,164,19,15,4,264,104,160,111,57,54,262,103,159,258,102,156,153,47,106,104,26,78,67,14,53,13,0,13,1,0,1,84,83,16,27,19,12,7,2,0,67,47,20,4,62,1,12,17
53400267,0,,,241,113,128,15,8,7,226,105,121,121,61,60,220,102,118,218,100,118,105,44,61,69,28,41,32,12,20,2,0,2,4,1,3,86,85,17,35,12,15,2,4,0,68,53,15,5,53,0,12,15
53400268,0,,,258,132,126,15,12,3,243,120,123,117,64,53,240,117,123,236,115,121,126,56,70,59,23,36,25,7,18,0,0,0,0,0,0,96,95,24,25,26,6,8,4,2,71,52,19,5,76,0,18,18
53400269,0,,,789,332,457,98,49,49,690,283,407,398,165,233,659,267,392,644,257,387,292,118,174,189,71,118,71,21,50,7,1,6,5,0,5,285,283,53,112,55,42,14,4,3,230,202,28,21,152,1,36,51
53400270,0,,,116,55,61,12,4,8,104,51,53,59,30,29,101,49,52,98,47,51,45,21,24,29,14,15,9,6,3,1,0,1,0,0,0,38,38,4,13,8,8,1,3,1,34,22,12,2,29,0,2,5
53400271,0,,,145,68,77,12,8,4,133,60,73,79,37,42,129,58,71,126,57,69,54,23,31,25,9,16,11,2,9,0,0,0,0,0,0,45,45,3,19,7,7,3,5,1,42,25,17,3,32,0,1,8
53400272,0,,,209,99,110,11,3,8,198,96,102,97,52,45,193,93,100,192,93,99,101,44,57,61,25,36,15,5,10,1,0,1,0,0,0,83,83,21,26,19,10,4,2,1,62,45,17,4,66,0,16,15
53400273,0,,,693,340,353,75,43,32,612,294,318,371,181,190,597,287,310,582,279,303,241,113,128,94,47,47,20,10,10,0,0,0,14,2,12,284,284,77,106,47,26,15,7,6,207,175,32,18,162,5,37,51
53400274,0,,,1229,611,618,92,46,46,1123,558,565,613,326,287,1096,544,552,1071,531,540,510,232,278,234,105,129,75,23,52,8,0,8,13,1,12,490,486,125,171,97,58,23,9,3,353,296,57,17,310,1,70,87
53400275,0,,,470,231,239,30,18,12,439,213,226,261,126,135,425,208,217,414,206,208,178,87,91,91,43,48,22,10,12,0,0,0,4,2,2,193,193,48,72,37,22,7,5,2,144,114,30,7,117,0,25,38
53400276,0,,,689,320,369,56,27,29,633,293,340,320,168,152,621,284,337,612,279,333,313,125,188,193,66,127,83,20,63,11,1,10,10,2,8,256,254,66,88,47,33,12,5,3,185,153,32,17,158,0,32,50
53400277,0,,,1116,541,575,124,62,62,992,479,513,629,311,318,951,455,496,920,440,480,363,168,195,185,82,103,39,15,24,5,2,3,1,1,0,399,399,54,144,91,70,25,11,4,345,293,52,27,224,0,34,77
53400278,0,,,928,449,479,106,55,51,821,393,428,523,278,245,795,377,418,777,369,408,298,115,183,165,57,108,48,10,38,8,0,8,4,1,3,308,304,51,114,69,41,18,5,6,253,217,36,24,144,1,26,45
53400279,0,,,224,111,113,19,13,6,205,98,107,112,52,60,201,97,104,195,94,101,93,46,47,48,21,27,14,4,10,0,0,0,0,0,0,76,76,13,23,16,11,6,6,1,62,38,24,5,64,0,13,13
53400280,0,,,82,39,43,6,3,3,76,36,40,39,16,23,74,36,38,73,36,37,37,20,17,12,6,6,4,3,1,1,1,0,0,0,0,32,32,7,12,6,2,5,0,0,25,19,6,1,24,0,6,7
53400281,0,,,216,111,105,18,13,5,197,98,99,125,63,62,189,94,95,188,94,94,72,35,37,34,14,20,13,6,7,0,0,0,1,0,1,83,83,19,24,18,17,4,0,1,64,52,12,2,50,0,11,11
53400282,0,,,719,337,382,47,25,22,670,311,359,326,164,162,664,307,357,654,302,352,344,147,197,149,62,87,32,9,23,0,0,0,4,0,4,304,304,70,120,69,29,11,4,1,229,194,35,6,221,4,47,76
53400283,0,,,694,336,358,66,33,33,616,298,318,369,184,185,599,289,310,590,287,303,247,114,133,130,56,74,40,12,28,4,0,4,9,5,4,287,286,86,89,56,40,12,2,1,196,173,23,19,148,3,39,45
53400284,0,,,2411,1166,1245,222,98,124,2146,1047,1099,1199,637,562,2089,1018,1071,2052,996,1056,947,410,537,575,249,326,151,45,106,25,5,20,42,28,14,987,985,288,343,184,113,45,8,4,692,614,78,58,534,36,125,178
53400285,0,,,1583,786,797,190,96,94,1373,680,693,877,441,436,1335,668,667,1324,663,661,496,239,257,234,118,116,57,28,29,2,1,1,7,0,7,712,710,258,234,105,84,19,5,5,442,393,49,67,305,27,95,97
53400286,0,,,338,170,168,25,8,17,313,162,151,204,113,91,301,156,145,295,153,142,109,49,60,52,21,31,22,7,15,3,0,3,9,9,0,143,143,46,37,30,25,2,3,0,97,84,13,6,69,11,24,19
53400287,0,,,664,323,341,69,41,28,595,282,313,335,163,172,581,274,307,570,270,300,260,119,141,111,47,64,34,10,24,2,0,2,1,0,1,252,252,40,100,55,35,15,5,2,212,180,32,13,168,0,29,51
53400288,0,,,461,220,241,36,10,26,425,210,215,275,135,140,414,204,210,404,201,203,150,75,75,69,27,42,17,5,12,1,0,1,5,1,4,173,173,34,57,36,30,12,3,1,139,113,26,13,103,0,21,26
53400289,0,,,368,183,185,37,17,20,331,166,165,208,109,99,320,159,161,309,153,156,123,57,66,64,25,39,23,8,15,4,0,4,3,0,3,134,134,28,41,25,24,11,3,2,105,87,18,5,81,1,22,19
53400290,0,,,210,102,108,11,4,7,199,98,101,102,52,50,196,97,99,194,96,98,97,46,51,54,24,30,24,9,15,1,0,1,0,0,0,80,80,17,26,17,14,2,4,0,63,47,16,4,62,0,15,13
53400291,0,,,230,112,118,24,11,13,206,101,105,107,56,51,201,98,103,200,97,103,99,45,54,49,19,30,11,4,7,1,0,1,0,0,0,84,84,14,32,19,9,4,3,3,69,56,13,5,64,0,11,16
53400292,0,,,1074,538,536,106,57,49,954,474,480,564,295,269,918,449,469,897,436,461,390,179,211,159,70,89,42,9,33,2,0,2,13,5,8,430,429,106,151,71,63,30,6,2,317,267,50,16,256,3,60,83
53400293,0,,,1831,926,905,161,82,79,1629,822,807,1105,571,534,1583,801,782,1545,784,761,524,251,273,238,108,130,43,14,29,2,0,2,32,8,24,847,847,318,253,153,82,31,6,4,516,467,49,46,362,35,104,105
53400294,0,,,3524,1716,1808,308,157,151,3146,1529,1617,1850,959,891,3058,1487,1571,3000,1460,1540,1296,570,726,743,324,419,201,75,126,18,1,17,39,14,25,1523,1517,573,452,251,163,52,21,5,930,832,98,95,753,47,242,225
53400295,0,,,2691,1322,1369,438,214,224,2226,1094,1132,1641,831,810,2139,1047,1092,2089,1015,1074,585,263,322,328,140,188,67,25,42,1,1,0,36,9,27,1094,1092,302,331,210,176,54,17,2,777,714,63,118,390,51,95,131
53400296,0,,,326,203,123,19,13,6,307,190,117,204,138,66,304,189,115,301,186,115,103,52,51,50,24,26,13,4,9,0,0,0,6,3,3,194,194,108,58,19,5,1,1,2,86,80,6,4,67,55,13,27
53400297,0,,,644,322,322,63,40,23,581,282,299,364,181,183,566,273,293,554,266,288,217,101,116,101,46,55,40,13,27,3,0,3,2,0,2,247,247,47,91,49,42,12,4,2,199,171,28,14,141,1,31,39
53400298,0,,,496,243,253,60,31,29,436,212,224,308,153,155,426,205,221,412,196,216,128,59,69,50,19,31,20,8,12,2,1,1,3,0,3,172,172,28,60,23,35,20,4,2,141,109,32,12,86,0,16,19
53400299,0,,,319,155,164,28,15,13,291,140,151,172,85,87,287,137,150,282,134,148,119,55,64,57,22,35,12,4,8,2,1,1,4,2,2,125,125,29,44,21,19,9,3,0,94,70,24,6,79,0,16,25
53400300,0,,,214,108,106,14,9,5,200,99,101,105,56,49,194,96,98,189,93,96,95,43,52,54,24,30,8,3,5,1,0,1,2,2,0,87,87,19,35,16,11,4,1,1,68,54,14,5,62,0,13,19
53400301,0,,,215,110,105,28,15,13,178,89,89,138,71,67,175,88,87,172,86,86,40,18,22,24,9,15,8,2,6,0,0,0,3,2,1,96,96,29,32,21,11,3,0,0,64,56,8,12,27,2,6,9
53400310,0,,,309,153,156,27,19,8,281,133,148,170,86,84,273,127,146,264,124,140,111,47,64,58,21,37,17,5,12,0,0,0,2,0,2,117,117,27,39,21,12,15,3,0,89,70,19,5,70,2,15,15
53400311,0,,,201,106,95,35,18,17,150,78,72,108,57,51,146,76,70,146,76,70,42,21,21,24,13,11,5,3,2,0,0,0,2,2,0,106,106,58,20,14,9,5,0,0,46,43,3,7,32,6,19,6
53400320,0,,,469,249,220,76,47,29,385,196,189,256,137,119,366,184,182,358,177,181,129,59,70,59,25,34,15,7,8,0,0,0,3,0,3,192,192,57,61,29,29,10,5,1,134,116,18,18,89,2,28,26
53400321,0,,,290,162,128,38,20,18,222,122,100,152,86,66,218,120,98,212,116,96,70,36,34,48,25,23,19,10,9,4,1,3,5,2,3,134,133,61,41,15,12,3,1,0,69,68,1,5,23,4,4,12
53400330,0,,,462,217,245,63,29,34,396,187,209,252,121,131,378,182,196,375,182,193,144,66,78,64,23,41,22,5,17,0,0,0,2,0,2,158,158,30,47,31,23,15,8,4,126,92,34,20,91,1,19,20
53400331,0,,,64,37,27,7,5,2,57,32,25,47,27,20,55,30,25,51,29,22,10,5,5,2,1,1,1,0,1,0,0,0,1,1,0,26,26,7,9,3,5,2,0,0,18,18,0,2,7,1,2,2
53400340,0,,,287,148,139,34,22,12,243,121,122,166,89,77,236,118,118,231,117,114,77,32,45,40,17,23,10,5,5,0,0,0,1,1,0,123,123,42,37,18,14,11,1,0,80,67,13,9,49,4,8,14
53400341,0,,,129,71,58,20,12,8,108,58,50,81,46,35,104,54,50,101,53,48,27,12,15,17,8,9,5,3,2,0,0,0,3,0,3,62,62,27,16,8,10,0,1,0,34,31,3,7,17,6,4,5
53400350,0,,,972,495,477,125,68,57,828,413,415,455,251,204,797,394,403,783,390,393,373,162,211,189,75,114,79,20,59,22,2,20,22,13,9,378,369,123,125,73,32,11,5,0,241,216,25,26,203,6,53,65
53400351,0,,,42,19,23,5,1,4,32,14,18,19,10,9,31,14,17,31,14,17,13,4,9,10,3,7,5,1,4,0,0,0,2,2,0,26,26,17,5,1,3,0,0,0,9,8,1,0,9,5,4,3
53400360,0,,,527,249,278,40,22,18,471,218,253,274,131,143,462,214,248,451,210,241,197,87,110,109,39,70,39,10,29,2,1,1,4,1,3,238,237,84,87,37,13,9,5,2,151,127,24,13,127,2,42,35
53400361,0,,,20,9,11,1,1,0,19,8,11,8,3,5,18,8,10,18,8,10,11,5,6,7,2,5,0,0,0,0,0,0,0,0,0,11,11,5,4,1,1,0,0,0,6,5,1,0,8,0,4,3
53400370,0,,,530,261,269,44,20,24,486,241,245,290,144,146,474,236,238,466,233,233,196,97,99,98,46,52,36,14,22,1,1,0,3,1,2,191,191,46,58,36,20,15,10,6,145,98,47,11,127,0,30,23
53400371,0,,,261,129,132,0,0,0,261,129,132,248,124,124,260,129,131,140,76,64,13,5,8,5,3,2,0,0,0,0,0,0,0,0,0,253,248,240,8,0,0,0,0,0,8,8,0,0,10,105,7,3
53400380,0,,,672,347,325,25,14,11,647,333,314,465,246,219,634,328,306,581,307,274,182,87,95,87,36,51,29,8,21,3,0,3,0,0,0,405,405,272,57,38,22,12,4,0,133,106,27,8,123,162,40,27
53400381,0,,,31,13,18,4,3,1,27,10,17,18,7,11,27,10,17,27,10,17,9,3,6,6,2,4,3,2,1,0,0,0,0,0,0,15,15,6,4,3,2,0,0,0,9,8,1,2,6,3,2,1
53400390,0,,,553,279,274,55,33,22,498,246,252,296,154,142,483,236,247,476,233,243,202,92,110,100,48,52,40,17,23,3,1,2,0,0,0,211,210,44,72,45,36,8,2,3,164,131,33,15,136,0,37,29
53400391,0,,,290,147,143,27,11,16,263,136,127,138,74,64,260,134,126,258,133,125,125,62,63,55,28,27,17,6,11,1,0,1,5,4,1,118,118,28,47,21,14,4,1,3,88,73,15,6,81,2,19,26
53401000,0,,,157,98,59,19,14,5,138,84,54,112,72,40,125,76,49,118,70,48,26,12,14,13,6,7,4,2,2,0,0,0,1,1,0,24,22,4,4,6,3,2,2,1,18,10,8,1,16,2,2,2
53401001,0,,,1323,666,657,156,82,74,1164,583,581,731,374,357,1122,564,558,1095,552,543,433,209,224,181,75,106,53,12,41,3,1,2,11,8,3,505,503,98,192,97,68,31,13,4,402,358,44,30,274,5,50,100
53401002,0,,,1919,948,971,205,111,94,1710,834,876,1087,532,555,1657,802,855,1630,790,840,623,302,321,239,87,152,101,28,73,15,2,13,9,1,8,719,716,124,269,163,113,37,8,2,588,539,49,40,374,2,64,130
53401003,0,,,390,199,191,29,20,9,359,178,181,207,104,103,349,172,177,343,167,176,152,74,78,63,30,33,10,3,7,0,0,0,6,3,3,153,153,22,65,36,22,7,0,1,127,110,17,8,90,3,9,40
53401004,0,,,84,54,30,0,0,0,84,54,30,58,43,15,83,53,30,83,53,30,26,11,15,15,8,7,6,3,3,1,0,1,0,0,0,16,15,5,5,3,0,2,0,0,10,6,4,0,13,0,4,3
53401005,0,,,91,46,45,8,6,2,82,39,43,38,20,18,78,37,41,77,36,41,44,19,25,18,9,9,5,3,2,0,0,0,0,0,0,38,38,8,14,10,5,1,0,0,30,23,7,2,29,0,5,10
53401006,0,,,29,13,16,2,0,2,27,13,14,16,8,8,25,12,13,24,11,13,11,5,6,6,2,4,3,0,3,0,0,0,0,0,0,10,10,2,4,2,1,0,0,1,8,5,3,0,7,0,2,2
53401007,0,,,94,50,44,1,0,1,93,50,43,55,31,24,91,48,43,89,47,42,38,19,19,21,10,11,4,0,4,0,0,0,0,0,0,41,40,11,17,7,4,0,0,1,29,24,5,0,24,0,5,10
53401008,0,,,1025,516,509,44,21,23,971,489,482,471,249,222,957,478,479,945,473,472,500,240,260,280,129,151,51,17,34,1,0,1,9,3,6,449,447,113,192,79,41,14,6,2,331,292,39,7,335,0,78,100
53401009,0,,,833,414,419,58,30,28,771,382,389,376,204,172,760,375,385,754,372,382,395,178,217,219,87,132,91,25,66,17,1,16,9,6,3,318,316,75,123,68,33,11,3,3,238,208,30,9,205,2,43,72
53401010,0,,,281,144,137,96,50,46,185,94,91,150,78,72,178,89,89,176,87,89,35,16,19,14,8,6,5,2,3,0,0,0,0,0,0,83,83,7,14,24,23,10,4,1,75,67,8,22,23,0,3,3
53401011,0,,,195,116,79,13,7,6,182,109,73,132,86,46,172,101,71,167,97,70,50,23,27,20,9,11,5,2,3,0,0,0,2,2,0,53,46,12,12,14,4,1,2,1,33,24,9,0,31,0,10,3
53401012,0,,,161,91,70,15,12,3,146,79,67,87,47,40,142,77,65,138,74,64,59,32,27,27,12,15,13,6,7,0,0,0,1,0,1,52,52,4,17,11,12,7,0,1,48,34,14,4,36,0,3,9
53401013,0,,,168,85,83,8,4,4,160,81,79,89,49,40,154,78,76,152,76,76,71,32,39,37,16,21,10,3,7,0,0,0,0,0,0,65,65,18,20,10,8,7,1,1,47,36,11,3,49,1,14,9
53401014,0,,,268,139,129,26,14,12,242,125,117,132,73,59,241,125,116,237,123,114,110,52,58,75,34,41,36,9,27,3,0,3,5,5,0,59,57,8,24,9,5,7,3,1,49,39,10,6,35,3,3,13
53401015,0,,,160,85,75,6,2,4,154,83,71,86,51,35,153,83,70,152,82,70,68,32,36,35,17,18,6,2,4,0,0,0,10,10,0,70,67,21,22,12,5,6,1,0,46,37,9,3,45,5,12,12
53401016,0,,,134,73,61,9,7,2,123,64,59,78,41,37,122,64,58,119,64,55,45,23,22,26,13,13,5,2,3,0,0,0,4,2,2,61,60,21,18,13,5,2,0,1,39,31,8,3,32,0,8,8
53401017,0,,,1099,539,560,81,43,38,1013,494,519,581,305,276,997,486,511,984,478,506,432,189,243,209,70,139,78,14,64,17,2,15,23,8,15,441,438,117,172,83,41,19,5,1,319,286,33,19,238,8,55,84
53401018,0,,,493,251,242,32,17,15,459,232,227,254,135,119,448,227,221,440,221,219,205,97,108,103,42,61,36,15,21,3,0,3,4,3,1,189,188,43,64,41,21,11,3,5,144,106,38,7,132,3,27,35
53401019,0,,,987,491,496,62,35,27,916,448,468,476,235,241,890,435,455,876,430,446,440,213,227,203,97,106,54,21,33,1,0,1,10,5,5,404,404,106,138,84,46,21,2,7,293,238,55,15,281,1,64,85
53401020,0,,,3267,1675,1592,645,349,296,2575,1297,1278,1869,955,914,2461,1236,1225,2413,1206,1207,706,342,364,254,125,129,36,10,26,1,1,0,21,8,13,1170,1170,217,316,280,240,92,20,5,942,869,73,172,441,26,63,175
53401021,0,,,113,42,71,7,3,4,106,39,67,30,19,11,106,39,67,106,39,67,76,20,56,62,13,49,36,4,32,5,1,4,0,0,0,19,17,2,5,4,1,3,1,1,15,9,6,2,11,0,1,1
53401022,0,,,163,116,47,5,5,0,158,111,47,125,95,30,158,111,47,153,108,45,33,16,17,16,7,9,4,0,4,2,0,2,3,3,0,31,28,7,8,7,6,0,0,0,21,17,4,1,20,1,3,4
53401023,0,,,1577,776,801,83,43,40,1490,730,760,694,339,355,1461,714,747,1441,704,737,796,391,405,313,174,139,49,23,26,6,0,6,6,2,4,664,664,108,324,143,65,16,4,4,553,513,40,19,488,0,74,223
53401024,0,,,719,367,352,30,15,15,687,351,336,310,171,139,675,345,330,664,343,321,377,180,197,159,82,77,18,4,14,1,0,1,8,4,4,312,312,55,149,77,22,8,0,1,255,229,26,4,230,1,36,99
53401025,0,,,118,65,53,3,1,2,115,64,51,64,43,21,114,64,50,109,60,49,51,21,30,25,12,13,4,2,2,1,0,1,15,15,0,52,52,19,19,6,1,5,0,2,33,25,8,0,31,14,2,11
53401026,0,,,234,123,111,18,12,6,215,110,105,115,60,55,210,109,101,208,108,100,100,50,50,41,22,19,10,7,3,0,0,0,7,2,5,92,91,18,32,25,11,2,2,1,73,62,11,7,65,0,11,20
53401027,0,,,258,139,119,23,17,6,232,120,112,123,67,56,227,117,110,226,117,109,109,53,56,42,18,24,7,3,4,0,0,0,5,3,2,106,104,27,39,18,15,2,3,0,77,65,12,3,66,3,9,27
53401028,0,,,225,116,109,11,7,4,213,108,105,101,53,48,213,108,105,210,107,103,112,55,57,46,22,24,12,5,7,3,1,2,3,1,2,95,95,22,36,21,13,2,1,0,73,55,18,2,74,1,13,23
53401029,0,,,1380,693,687,117,64,53,1250,620,630,705,359,346,1226,604,622,1210,596,614,545,261,284,229,105,124,46,15,31,1,0,1,9,1,8,610,610,188,220,106,62,21,10,3,412,356,56,38,371,6,109,108
53401030,0,,,5618,2787,2831,558,273,285,4933,2438,2495,2993,1509,1484,4795,2372,2423,4694,2319,2375,1940,929,1011,770,349,421,199,59,140,16,0,16,60,30,30,2420,2405,788,833,424,254,71,29,6,1601,1476,125,150,1113,83,230,450
53401031,0,,,121,64,57,11,3,8,110,61,49,89,50,39,103,59,44,101,58,43,21,11,10,10,3,7,5,0,5,0,0,0,0,0,0,40,39,7,11,3,16,1,0,1,32,25,7,4,15,0,3,3
53401032,0,,,21,11,10,0,0,0,21,11,10,15,8,7,21,11,10,20,10,10,6,3,3,3,1,2,3,1,2,2,1,1,0,0,0,8,8,3,2,1,1,0,0,1,5,3,2,0,3,0,0,0
53401033,0,,,2596,1295,1301,166,80,86,2423,1210,1213,1264,657,607,2352,1168,1184,2312,1151,1161,1159,553,606,605,285,320,156,54,102,19,3,16,15,5,10,962,943,228,400,183,76,43,9,4,714,644,70,46,595,21,121,253
53401034,0,,,2219,1169,1050,574,280,294,1622,869,753,1438,780,658,1552,831,721,1522,809,713,184,89,95,72,27,45,18,4,14,1,0,1,27,10,17,816,815,230,161,144,217,56,6,1,579,560,19,140,108,24,27,28
53401035,0,,,71,32,39,9,3,6,62,29,33,33,16,17,59,27,32,58,27,31,29,13,16,9,3,6,5,0,5,0,0,0,0,0,0,26,26,3,9,8,4,2,0,0,23,19,4,0,19,0,2,8
53401036,0,,,170,80,90,7,3,4,163,77,86,98,51,47,155,74,81,153,73,80,65,26,39,32,13,19,10,4,6,1,1,0,0,0,0,63,63,13,16,17,15,0,1,1,50,42,8,1,43,0,10,8
53401037,1,,53401047,561,281,280,42,16,26,529,268,261,312,165,147,510,254,256,493,243,250,217,103,114,82,40,42,21,6,15,1,0,1,5,0,5,211,211,38,81,42,31,13,8,1,175,150,25,5,137,3,28,48
53401038,0,,,4379,2174,2205,337,178,159,4022,1986,2036,2145,1090,1055,3917,1922,1995,3851,1889,1962,1877,896,981,753,384,369,123,38,85,12,1,11,25,8,17,1831,1827,380,806,328,221,61,23,8,1431,1301,130,62,1209,4,251,484
53401039,0,,,628,288,340,46,24,22,580,263,317,271,132,139,567,255,312,560,254,306,309,131,178,188,77,111,74,18,56,7,2,5,2,0,2,219,218,41,92,40,28,9,7,1,174,138,36,10,156,0,32,50
53401040,0,,,1911,985,926,232,112,120,1614,838,776,1193,641,552,1566,812,754,1527,796,731,421,197,224,196,84,112,58,20,38,2,1,1,24,14,10,859,854,340,212,159,99,29,10,5,508,465,43,70,279,70,67,68
53401041,0,,,1279,646,633,132,70,62,1142,572,570,664,352,312,1102,553,549,1079,536,543,478,220,258,271,131,140,47,16,31,3,1,2,5,1,4,494,494,107,175,101,64,29,9,9,384,327,57,30,305,3,59,103
53401042,0,,,181,83,98,15,10,5,164,72,92,127,57,70,164,72,92,162,70,92,37,15,22,15,6,9,2,1,1,0,0,0,7,7,0,79,73,30,23,15,3,2,0,0,41,36,5,4,16,13,3,6
53401043,0,,,195,105,90,6,5,1,188,99,89,132,78,54,186,99,87,176,91,85,56,21,35,28,9,19,12,3,9,1,0,1,6,3,3,93,93,43,20,16,10,1,2,1,50,39,11,2,39,23,5,11
53401044,0,,,2071,1337,734,326,171,155,1732,1154,578,1489,1038,451,1675,1127,548,1571,1043,528,243,116,127,111,42,69,39,12,27,0,0,0,26,14,12,1081,1075,669,110,111,137,37,10,1,406,366,40,75,142,356,26,47
53401045,0,,,2577,1281,1296,195,106,89,2375,1172,1203,1435,692,743,2327,1154,1173,2291,1135,1156,940,480,460,237,111,126,65,20,45,4,0,4,25,9,16,1042,1038,149,480,238,133,29,4,5,883,824,59,46,600,4,87,262
53401046,0,,,662,332,330,133,68,65,529,264,265,408,203,205,512,256,256,502,253,249,121,61,60,43,20,23,13,4,9,1,0,1,2,1,1,230,229,33,72,52,45,19,6,2,196,183,13,34,79,0,17,28
53401047,2,53401037,,10,3,7,*,*,*,*,*,*,*,*,*,*,*,*,*,*,*,*,*,*,*,*,*,*,*,*,*,*,*,*,*,*,3,3,*,*,*,*,*,*,*,*,*,*,*,*,*,*,*
53401048,0,,,910,436,474,72,35,37,834,397,437,430,210,220,809,386,423,793,380,413,404,187,217,154,83,71,32,13,19,3,2,1,4,0,4,371,370,66,163,80,42,13,3,3,303,273,30,11,246,1,45,112
53401049,0,,,367,180,187,21,8,13,345,172,173,176,91,85,341,169,172,336,166,170,169,81,88,88,38,50,39,15,24,1,0,1,2,0,2,128,128,22,40,28,20,9,7,2,105,73,32,6,102,0,15,23
53401050,0,,,55,30,25,4,2,2,49,27,22,34,23,11,47,25,22,47,25,22,15,4,11,11,3,8,3,1,2,0,0,0,0,0,0,24,24,8,5,8,2,1,0,0,16,13,3,1,11,0,2,3
53401051,0,,,1241,639,602,226,122,104,996,506,490,784,406,378,935,473,462,906,462,444,212,100,112,87,41,46,21,9,12,1,0,1,12,5,7,443,442,98,101,93,105,34,9,2,337,295,42,45,137,16,25,28
53401052,0,,,761,423,338,74,40,34,668,370,298,458,269,189,653,364,289,624,344,280,210,101,109,99,46,53,27,6,21,1,0,1,10,2,8,384,382,192,95,46,36,12,0,1,188,174,14,21,128,37,44,41
53401053,0,,,969,472,497,66,35,31,874,420,454,509,244,265,851,408,443,837,402,435,365,176,189,180,87,93,43,18,25,1,1,0,30,14,16,437,437,137,159,77,46,10,7,1,295,267,28,19,240,1,56,86
53401054,0,,,1776,858,918,114,46,68,1646,803,843,873,422,451,1606,783,823,1583,771,812,773,381,392,324,160,164,58,20,38,1,0,1,8,2,6,772,771,194,314,152,85,16,7,3,573,530,43,20,485,0,109,202
53401055,0,,,173,82,91,6,4,2,159,71,88,122,51,71,158,71,87,156,71,85,37,20,17,14,6,8,1,0,1,0,0,0,1,1,0,107,106,79,10,8,7,2,0,0,25,21,4,0,19,45,3,7
53401056,0,,,117,79,38,4,2,2,113,77,36,100,70,30,111,76,35,109,74,35,13,7,6,3,1,2,1,0,1,0,0,0,1,0,1,14,13,1,9,1,0,2,0,0,12,11,1,0,10,0,0,3
53401057,0,,,160,84,76,7,4,3,153,80,73,102,56,46,153,80,73,150,80,70,51,24,27,16,7,9,6,2,4,0,0,0,0,0,0,27,26,3,10,6,5,1,0,1,23,19,4,1,18,0,3,5
53401058,2,53401059,,1,0,1,*,*,*,*,*,*,*,*,*,*,*,*,*,*,*,*,*,*,*,*,*,*,*,*,*,*,*,*,*,*,1,1,*,*,*,*,*,*,*,*,*,*,*,*,*,*,*
53401059,1,,53401058,215,113,102,10,8,2,200,102,98,107,57,50,195,97,98,191,96,95,93,45,48,48,18,30,12,3,9,2,2,0,1,0,1,89,89,23,36,15,8,5,2,1,65,50,15,2,63,1,14,17
53401062,0,,,2054,1044,1010,172,85,87,1823,917,906,1142,620,522,1791,900,891,1767,891,876,681,297,384,333,111,222,112,26,86,11,0,11,42,20,22,927,926,344,292,161,81,36,10,2,568,494,74,48,427,35,107,125
53401063,0,,,3123,1608,1515,276,131,145,2755,1419,1336,1659,896,763,2680,1381,1299,2629,1355,1274,1096,523,573,557,263,294,120,47,73,5,1,4,48,14,34,1460,1460,564,466,210,137,59,18,6,881,788,93,73,727,76,195,243
53401064,0,,,5558,2735,2823,568,278,290,4918,2417,2501,2882,1453,1429,4779,2352,2427,4677,2295,2382,2036,964,1072,1084,513,571,213,93,120,5,3,2,40,16,24,2414,2413,682,869,458,291,90,15,8,1711,1597,114,141,1335,42,361,517
53401065,0,,,240,120,120,18,6,12,222,114,108,133,77,56,217,112,105,210,108,102,89,37,52,42,12,30,11,2,9,0,0,0,3,2,1,88,87,24,34,10,14,5,0,0,62,52,10,1,58,0,16,19
53401066,0,,,350,175,175,22,11,11,328,164,164,169,92,77,323,162,161,318,160,158,159,72,87,74,29,45,17,5,12,2,1,1,1,0,1,129,129,22,44,29,23,5,6,0,106,74,32,4,98,0,15,23
53401067,0,,,408,215,193,19,10,9,385,201,184,196,119,77,381,198,183,376,195,181,189,82,107,97,35,62,34,12,22,1,0,1,2,1,1,175,175,61,52,27,24,7,1,3,113,90,23,5,128,2,38,27
53401068,0,,,359,177,182,20,12,8,339,165,174,191,101,90,335,163,172,325,156,169,148,64,84,70,26,44,27,7,20,1,0,1,0,0,0,140,139,29,50,36,12,5,7,0,110,89,21,9,95,0,19,35
53401069,0,,,183,94,89,7,5,2,173,87,86,92,46,46,167,84,83,161,82,79,81,41,40,36,16,20,10,3,7,1,1,0,0,0,0,74,74,19,24,15,11,3,2,0,55,45,10,3,52,1,8,14
53401072,0,,,751,425,326,104,58,46,618,353,265,530,311,219,601,347,254,579,337,242,88,42,46,39,15,24,12,3,9,1,0,1,7,4,3,378,376,197,72,56,31,16,3,1,175,165,10,34,57,69,9,19
53401073,0,,,3781,2025,1756,315,176,139,3289,1751,1538,2325,1302,1023,3191,1707,1484,3121,1668,1453,964,449,515,485,188,297,146,51,95,12,5,7,139,62,77,1990,1987,1049,464,240,165,50,16,3,907,811,96,84,671,182,256,163
53401074,0,,,2147,1088,1059,216,115,101,1843,921,922,1173,613,560,1801,902,899,1764,883,881,670,308,362,344,146,198,58,19,39,3,0,3,54,17,37,1003,1001,429,261,134,114,50,11,2,557,481,76,52,478,52,160,113
53401075,0,,,398,190,208,24,12,12,368,174,194,188,96,92,355,169,186,345,165,180,180,78,102,105,39,66,45,14,31,8,1,7,2,0,2,148,146,39,44,32,18,9,2,2,105,85,20,7,101,0,26,26
53401076,0,,,185,90,95,14,6,8,171,84,87,89,47,42,169,83,86,168,82,86,82,37,45,40,18,22,17,7,10,1,1,0,0,0,0,65,65,11,22,12,12,4,2,2,54,36,18,2,55,0,9,8
53401077,0,,,427,207,220,37,19,18,382,181,201,202,98,104,373,177,196,364,175,189,180,83,97,96,45,51,27,13,14,3,2,1,4,1,3,165,164,45,51,30,25,8,2,3,115,90,25,12,105,1,24,28
53401078,0,,,428,210,218,32,14,18,388,191,197,225,114,111,382,187,195,377,185,192,163,77,86,82,35,47,31,13,18,2,0,2,1,0,1,164,164,39,53,30,24,12,5,1,123,97,26,11,104,1,18,29
53401079,0,,,818,425,393,97,55,42,704,354,350,412,223,189,685,345,340,671,338,333,292,131,161,158,60,98,53,15,38,9,1,8,4,1,3,322,322,93,96,45,55,22,10,1,228,179,49,24,196,4,49,44
53401083,0,,,2184,1359,825,166,80,86,1894,1202,692,1447,958,489,1849,1179,670,1812,1158,654,447,244,203,201,94,107,28,11,17,1,0,1,82,32,50,1301,1261,815,219,118,80,18,6,5,424,393,31,52,286,274,103,60
53401084,0,,,2950,1562,1388,223,119,104,2643,1396,1247,1726,973,753,2581,1367,1214,2521,1332,1189,917,423,494,448,197,251,113,45,68,9,2,7,58,30,28,1441,1441,649,375,212,134,54,10,7,773,664,109,60,639,97,210,155
53401085,0,,,567,260,307,76,37,39,489,222,267,249,124,125,468,210,258,459,208,251,240,98,142,142,50,92,51,16,35,4,0,4,6,2,4,177,175,25,57,45,28,12,4,4,142,107,35,14,127,1,16,27
53401086,0,,,520,248,272,40,21,19,476,225,251,253,128,125,465,219,246,458,215,243,223,97,126,130,47,83,42,12,30,4,2,2,0,0,0,191,190,39,65,39,26,16,3,2,149,114,35,9,131,0,27,31
53401087,0,,,274,144,130,19,10,9,254,134,120,126,68,58,250,133,117,246,130,116,128,66,62,52,24,28,21,6,15,2,0,2,0,0,0,109,109,30,33,19,17,8,1,1,79,57,22,5,78,0,19,21
53401088,0,,,1715,851,864,194,100,94,1502,740,762,1147,556,591,1441,713,728,1395,689,706,355,184,171,118,55,63,28,9,19,1,0,1,18,10,8,668,666,151,217,139,109,36,12,2,509,473,36,63,238,18,36,106
53401089,0,,,3790,1869,1921,374,194,180,3362,1640,1722,2063,1021,1042,3263,1589,1674,3200,1557,1643,1299,619,680,505,209,296,152,39,113,18,2,16,50,23,27,1564,1557,408,543,330,182,70,20,4,1137,1020,117,107,794,26,155,318
53401093,0,,,228,131,97,21,12,9,189,109,80,124,80,44,187,107,80,184,105,79,65,29,36,37,12,25,10,3,7,0,0,0,11,8,3,125,125,69,28,14,10,3,1,0,56,48,8,7,45,6,16,10
53401094,0,,,4357,2328,2029,710,345,365,3501,1889,1612,2786,1554,1232,3313,1797,1516,3217,1755,1462,715,335,380,299,120,179,77,24,53,4,0,4,86,46,40,1833,1792,668,364,309,317,102,28,4,1098,987,111,176,470,85,114,114
53401095,0,,,1928,1027,901,249,127,122,1623,863,760,1178,637,541,1555,831,724,1510,811,699,445,226,219,201,95,106,37,14,23,0,0,0,36,24,12,826,826,302,201,145,123,37,15,3,507,440,67,73,307,43,85,77
53401096,0,,,607,305,302,68,33,35,526,263,263,338,176,162,507,256,251,500,251,249,188,87,101,100,43,57,20,8,12,2,1,1,11,8,3,255,255,91,66,41,37,12,5,3,161,131,30,16,129,9,30,35
53401097,0,,,682,343,339,65,32,33,609,305,304,353,189,164,590,292,298,580,289,291,256,116,140,133,51,82,38,12,26,3,1,2,10,1,9,269,267,60,95,56,35,14,5,2,203,171,32,14,165,6,33,46
53401098,0,,,3035,1561,1474,317,174,143,2660,1348,1312,1785,946,839,2564,1305,1259,2499,1270,1229,875,402,473,365,156,209,97,26,71,9,1,8,34,17,17,1247,1245,386,369,231,180,59,20,0,844,763,81,87,537,42,112,187
53401099,0,,,5768,2905,2863,729,381,348,4899,2443,2456,3320,1688,1632,4732,2364,2368,4619,2297,2322,1579,755,824,601,291,310,102,32,70,8,3,5,75,32,43,2577,2576,904,795,422,329,87,26,13,1639,1531,108,213,1047,89,285,391
53401100,0,,,35,15,20,3,2,1,32,13,19,23,11,12,32,13,19,31,13,18,9,2,7,5,0,5,1,0,1,1,0,1,0,0,0,18,18,7,7,2,2,0,0,0,11,10,1,1,9,0,4,1
53401104,2,53401115,,3,2,1,*,*,*,*,*,*,*,*,*,*,*,*,*,*,*,*,*,*,*,*,*,*,*,*,*,*,*,*,*,*,1,1,*,*,*,*,*,*,*,*,*,*,*,*,*,*,*
53401105,0,,,128,67,61,0,0,0,128,67,61,64,38,26,128,67,61,127,66,61,64,29,35,32,12,20,16,6,10,0,0,0,0,0,0,57,57,7,30,19,1,0,0,0,49,39,10,0,41,0,3,14
53401106,0,,,69,33,36,5,0,5,64,33,31,35,21,14,64,33,31,63,32,31,29,12,17,16,7,9,2,1,1,0,0,0,1,0,1,29,29,5,13,8,2,0,1,0,24,22,2,2,19,0,4,5
53401107,0,,,97,46,51,2,1,1,95,45,50,44,22,22,92,43,49,90,43,47,51,23,28,25,12,13,5,2,3,1,0,1,1,0,1,38,38,7,19,2,6,2,2,0,31,23,8,0,31,0,6,11
53401108,0,,,211,104,107,18,10,8,193,94,99,118,61,57,187,92,95,180,88,92,75,33,42,32,12,20,15,5,10,0,0,0,1,1,0,75,75,18,20,11,16,6,2,2,57,40,17,4,49,0,13,12
53401109,0,,,140,59,81,10,7,3,130,52,78,63,25,38,123,50,73,122,50,72,67,27,40,33,12,21,14,4,10,1,0,1,0,0,0,51,51,10,18,9,6,7,0,1,41,25,16,3,39,1,8,8
53401110,0,,,35,17,18,1,0,1,32,16,16,19,10,9,31,16,15,31,16,15,13,6,7,10,4,6,2,0,2,0,0,0,0,0,0,13,13,2,6,1,3,0,1,0,10,7,3,0,9,0,2,2
53401111,1,,53401121,32,19,13,1,1,0,44,28,16,27,19,8,43,28,15,42,27,15,17,9,8,7,4,3,3,2,1,0,0,0,0,0,0,12,12,8,5,4,1,1,1,0,12,9,3,0,12,0,2,4
53401112,0,,,75,37,38,6,2,4,69,35,34,36,20,16,67,34,33,67,34,33,33,15,18,18,8,10,7,2,5,1,0,1,0,0,0,28,28,4,13,5,3,0,3,0,23,15,8,3,21,0,2,8
53401113,0,,,131,65,66,18,12,6,113,53,60,58,31,27,112,52,60,111,52,59,55,22,33,25,11,14,6,0,6,0,0,0,0,0,0,48,48,3,24,11,5,3,2,0,45,36,9,1,34,0,0,14
53401114,1,,53401124,181,89,92,16,8,8,171,83,88,84,46,38,169,81,88,167,81,86,87,37,50,37,11,26,16,3,13,2,1,1,1,0,1,68,68,13,21,19,13,2,1,1,56,38,18,5,54,0,11,11
53401115,1,,53401104,423,199,224,37,21,16,389,180,209,195,89,106,382,177,205,374,173,201,194,91,103,88,33,55,45,13,32,4,1,3,1,0,1,169,169,39,64,33,18,9,6,1,130,102,28,8,120,0,29,30
53401116,0,,,298,142,156,22,8,14,276,134,142,147,77,70,272,132,140,267,131,136,129,57,72,62,24,38,21,4,17,4,1,3,2,0,2,108,108,20,36,21,17,9,5,0,88,66,22,5,79,0,14,23
53401117,0,,,823,346,477,42,22,20,781,324,457,295,143,152,767,315,452,753,311,442,486,181,305,365,112,253,206,41,165,52,9,43,3,1,2,162,159,28,50,30,35,8,6,2,131,103,28,7,85,0,12,19
53401118,0,,,222,103,119,16,4,12,206,99,107,107,55,52,203,98,105,200,98,102,99,44,55,48,18,30,16,6,10,0,0,0,0,0,0,83,83,16,32,13,12,5,5,0,65,48,17,4,65,0,13,20
53401119,0,,,237,108,129,17,10,7,220,98,122,109,57,52,218,97,121,212,95,117,111,41,70,76,21,55,41,9,32,4,0,4,3,1,2,73,72,13,28,14,5,8,3,1,59,43,16,5,48,0,7,11
53401120,0,,,235,122,113,10,1,9,225,121,104,127,72,55,220,118,102,214,113,101,98,49,49,49,21,28,15,7,8,0,0,0,0,0,0,84,84,17,30,10,16,6,2,3,67,46,21,1,62,1,11,11
53401121,2,53401111,,13,10,3,*,*,*,*,*,*,*,*,*,*,*,*,*,*,*,*,*,*,*,*,*,*,*,*,*,*,*,*,*,*,8,8,*,*,*,*,*,*,*,*,*,*,*,*,*,*,*
53401122,0,,,95,49,46,4,3,1,91,46,45,40,25,15,90,46,44,89,45,44,51,21,30,20,8,12,5,1,4,0,0,0,0,0,0,39,39,9,13,11,4,1,1,0,29,24,5,0,33,0,8,5
53401123,0,,,8,4,4,0,0,0,8,4,4,4,1,3,8,4,4,8,4,4,4,3,1,1,0,1,1,0,1,0,0,0,0,0,0,4,4,2,1,0,1,0,0,0,2,1,1,0,3,0,1,0
53401124,2,53401114,,6,2,4,*,*,*,*,*,*,*,*,*,*,*,*,*,*,*,*,*,*,*,*,*,*,*,*,*,*,*,*,*,*,2,2,*,*,*,*,*,*,*,*,*,*,*,*,*,*,*
53401125,0,,,63,31,32,2,1,1,61,30,31,30,15,15,60,30,30,60,30,30,31,15,16,18,7,11,8,1,7,1,0,1,0,0,0,23,23,3,8,8,2,1,0,1,20,13,7,0,18,0,3,4
53401126,0,,,168,88,80,13,8,5,155,80,75,93,54,39,148,75,73,143,73,70,62,26,36,20,8,12,8,4,4,1,0,1,0,0,0,60,60,14,21,8,8,4,3,2,45,31,14,2,43,0,9,5
53401127,0,,,72,33,39,6,3,3,66,30,36,38,20,18,62,28,34,57,25,32,28,10,18,13,5,8,1,0,1,0,0,0,2,0,2,28,28,9,8,4,4,1,1,1,19,12,7,1,20,1,6,4
53401128,0,,,98,47,51,4,1,3,94,46,48,46,22,24,93,45,48,92,45,47,48,24,24,25,10,15,14,5,9,0,0,0,0,0,0,38,38,9,10,10,6,3,0,0,29,21,8,1,29,0,6,5
53401129,0,,,15,9,6,3,2,1,12,7,5,6,5,1,12,7,5,12,7,5,6,2,4,2,0,2,1,0,1,0,0,0,0,0,0,5,5,1,2,0,1,0,1,0,4,2,2,1,4,0,0,0
53401130,0,,,140,72,68,13,10,3,127,62,65,64,33,31,124,60,64,120,58,62,63,29,34,26,9,17,8,2,6,0,0,0,1,0,1,47,47,10,16,9,4,3,1,4,37,24,13,2,37,0,6,8
53401131,0,,,274,139,135,16,11,5,258,128,130,154,79,75,253,124,129,248,121,127,104,49,55,52,26,26,16,4,12,0,0,0,1,0,1,102,102,21,34,20,17,6,1,3,79,59,20,4,65,0,11,19
53401132,0,,,23,10,13,0,0,0,23,10,13,13,5,8,23,10,13,22,9,13,10,5,5,5,3,2,2,1,1,0,0,0,0,0,0,7,7,1,1,2,1,2,0,0,6,4,2,0,6,0,1,1
53401133,0,,,96,43,53,4,1,3,92,42,50,48,22,26,91,41,50,90,40,50,44,20,24,20,6,14,8,2,6,1,0,1,1,0,1,34,34,4,12,10,4,3,0,1,30,21,9,1,28,0,4,9
53401134,2,53401145,,9,5,4,*,*,*,*,*,*,*,*,*,*,*,*,*,*,*,*,*,*,*,*,*,*,*,*,*,*,*,*,*,*,3,2,*,*,*,*,*,*,*,*,*,*,*,*,*,*,*
53401135,0,,,20,11,9,0,0,0,20,11,9,9,5,4,20,11,9,20,11,9,11,6,5,7,3,4,0,0,0,0,0,0,1,0,1,9,9,1,7,0,0,1,0,0,8,6,2,0,7,0,1,4
53401136,2,53401137,,6,2,4,*,*,*,*,*,*,*,*,*,*,*,*,*,*,*,*,*,*,*,*,*,*,*,*,*,*,*,*,*,*,6,6,*,*,*,*,*,*,*,*,*,*,*,*,*,*,*
53401137,1,,53401136,34,18,16,4,2,2,36,18,18,17,11,6,35,18,17,35,18,17,19,7,12,8,3,5,0,0,0,0,0,0,0,0,0,11,11,7,3,2,4,1,0,0,10,7,3,1,14,0,5,3
53401138,0,,,111,57,54,14,8,6,97,49,48,56,27,29,93,46,47,90,46,44,41,22,19,11,3,8,3,0,3,0,0,0,0,0,0,38,38,7,12,6,5,6,2,0,31,21,10,3,29,0,6,7
53401139,0,,,205,108,97,20,11,9,185,97,88,102,57,45,182,95,87,179,94,85,83,40,43,42,15,27,15,2,13,2,0,2,1,0,1,80,80,18,28,14,13,6,0,1,61,49,12,5,56,0,12,13
53401140,0,,,463,222,241,44,26,18,418,195,223,240,114,126,400,188,212,390,184,206,178,81,97,103,46,57,20,5,15,1,1,0,4,2,2,199,199,58,70,38,18,11,4,0,141,124,17,8,121,2,41,34
53401141,0,,,738,480,258,44,32,12,688,445,243,472,341,131,680,439,241,667,428,239,216,104,112,98,48,50,32,10,22,4,2,2,0,0,0,200,193,71,46,45,16,9,3,3,119,94,25,19,92,6,16,18
53401142,0,,,49,24,25,0,0,0,49,24,25,33,17,16,49,24,25,48,24,24,16,7,9,11,4,7,5,1,4,0,0,0,0,0,0,18,17,6,5,3,3,0,0,0,11,9,2,0,10,1,0,2
53401143,0,,,42,19,23,3,1,2,39,18,21,17,7,10,38,18,20,38,18,20,22,11,11,8,3,5,5,2,3,1,0,1,1,1,0,18,17,5,7,3,0,0,1,1,12,9,3,1,13,0,3,6
53401144,0,,,15,6,9,0,0,0,15,6,9,8,3,5,15,6,9,15,6,9,7,3,4,6,2,4,4,1,3,0,0,0,0,0,0,6,6,2,1,2,0,1,0,0,4,1,3,0,5,0,1,0
53401145,1,,53401134,150,72,78,11,5,6,148,72,76,81,39,42,142,69,73,140,67,73,67,33,34,37,17,20,12,5,7,1,1,0,0,0,0,54,54,14,14,14,5,4,2,3,41,27,14,0,47,0,12,11
53401146,0,,,178,110,68,5,2,3,173,108,65,91,63,28,169,106,63,168,106,62,82,45,37,40,21,19,9,2,7,2,0,2,5,4,1,105,105,63,24,11,4,1,1,1,41,38,3,0,57,2,26,15
53401147,0,,,258,128,130,12,3,9,246,125,121,146,72,74,243,123,120,238,119,119,100,53,47,36,15,21,6,0,6,0,0,0,8,6,2,114,114,38,35,21,14,5,1,0,73,55,18,3,67,7,14,16
53401148,0,,,84,47,37,6,4,2,78,43,35,45,26,19,78,43,35,78,43,35,33,17,16,18,7,11,6,2,4,1,0,1,2,1,1,33,33,7,15,3,4,3,0,1,26,22,4,1,23,0,3,8
53401149,0,,,369,172,197,22,12,10,347,160,187,199,93,106,340,155,185,333,151,182,148,67,81,72,26,46,30,10,20,3,0,3,7,0,7,136,136,23,55,24,16,10,6,2,112,80,32,6,94,6,13,28
53401150,0,,,230,122,108,12,5,7,212,112,100,116,67,49,208,108,100,203,103,100,96,45,51,61,28,33,16,9,7,0,0,0,4,3,1,94,94,23,32,22,12,2,2,1,70,55,15,2,64,1,12,16
53401151,1,,53401152,437,198,239,34,17,17,405,182,223,221,102,119,394,178,216,388,175,213,184,80,104,94,39,55,24,7,17,4,1,3,1,0,1,166,166,32,56,44,19,10,5,1,134,106,28,7,116,0,20,32
53401152,2,53401151,,2,1,1,*,*,*,*,*,*,*,*,*,*,*,*,*,*,*,*,*,*,*,*,*,*,*,*,*,*,*,*,*,*,1,1,*,*,*,*,*,*,*,*,*,*,*,*,*,*,*
53401154,0,,,32,17,15,0,0,0,29,14,15,19,8,11,26,14,12,24,13,11,10,6,4,5,3,2,2,1,1,0,0,0,0,0,0,16,16,7,5,2,1,1,0,0,9,8,1,0,6,0,2,3
53401155,0,,,320,163,157,39,22,17,281,141,140,153,77,76,274,139,135,266,136,130,128,64,64,54,26,28,15,5,10,2,0,2,2,0,2,124,123,31,44,26,11,5,5,1,92,77,15,4,80,2,16,26
53401156,0,,,11,6,5,0,0,0,11,6,5,6,4,2,11,6,5,10,5,5,5,2,3,0,0,0,0,0,0,0,0,0,0,0,0,5,5,2,1,1,1,0,0,0,3,3,0,0,3,0,1,1
53401157,0,,,129,66,63,8,5,3,121,61,60,80,42,38,118,60,58,113,57,56,41,19,22,18,6,12,3,0,3,1,0,1,7,3,4,52,52,9,22,11,8,1,1,0,43,35,8,3,30,1,6,8
53401158,0,,,203,103,100,13,8,5,190,95,95,110,60,50,189,95,94,184,93,91,80,35,45,42,17,25,12,4,8,0,0,0,2,1,1,78,78,9,36,17,10,5,1,0,68,51,17,4,51,0,3,15
53401159,0,,,431,211,220,57,37,20,374,174,200,216,103,113,365,171,194,358,167,191,158,71,87,78,36,42,20,7,13,2,0,2,5,0,5,159,159,29,56,37,19,9,6,3,129,105,24,13,100,2,17,31
53401160,0,,,755,353,402,33,21,12,721,332,389,309,163,146,707,324,383,701,321,380,412,169,243,276,106,170,102,30,72,14,3,11,2,1,1,213,210,45,93,35,24,10,2,1,165,148,17,6,146,0,27,53
53401161,0,,,143,44,99,2,0,2,140,44,96,21,15,6,139,43,96,138,42,96,119,29,90,106,24,82,67,13,54,11,0,11,0,0,0,22,17,4,8,1,1,1,2,0,12,10,2,0,13,0,3,3
53401163,0,,,189,57,132,1,0,1,188,57,131,29,17,12,188,57,131,188,57,131,159,40,119,134,29,105,79,10,69,17,1,16,1,0,1,22,20,5,6,5,1,0,2,1,15,10,5,1,18,0,5,4
53401164,0,,,33,20,13,1,0,1,32,20,12,17,12,5,32,20,12,31,19,12,15,8,7,9,4,5,5,2,3,1,0,1,0,0,0,13,13,5,3,2,0,2,1,0,8,3,5,0,10,0,2,2
53401165,1,,53401166,164,87,77,10,4,6,162,89,73,101,64,37,160,87,73,156,84,72,61,25,36,26,9,17,8,2,6,1,0,1,4,4,0,68,68,21,29,13,4,1,3,2,52,43,9,3,39,2,6,12
53401166,2,53401165,,8,6,2,*,*,*,*,*,*,*,*,*,*,*,*,*,*,*,*,*,*,*,*,*,*,*,*,*,*,*,*,*,*,5,5,*,*,*,*,*,*,*,*,*,*,*,*,*,*,*
53401167,0,,,22,13,9,0,0,0,22,13,9,15,11,4,22,13,9,22,13,9,7,2,5,2,0,2,1,0,1,0,0,0,0,0,0,9,9,1,3,5,0,0,0,0,8,8,0,0,6,0,1,0
53401168,0,,,267,133,134,13,7,6,254,126,128,142,73,69,248,123,125,239,121,118,112,53,59,33,13,20,12,3,9,0,0,0,3,3,0,122,122,42,43,18,13,3,3,0,80,63,17,4,76,1,22,23
53401169,0,,,151,75,76,10,6,4,141,69,72,77,41,36,135,66,69,134,65,69,64,28,36,34,14,20,14,5,9,2,1,1,1,0,1,52,52,10,16,10,7,4,4,1,42,25,17,1,43,0,10,7
53401170,0,,,705,354,351,58,33,25,638,315,323,342,176,166,626,308,318,615,301,314,296,139,157,152,71,81,38,13,25,2,0,2,4,4,0,283,283,66,99,65,31,15,5,2,215,184,31,13,190,0,50,59
53401171,1,,53401172,17,9,8,3,2,1,20,8,12,8,2,6,20,8,12,20,8,12,12,6,6,4,2,2,2,1,1,0,0,0,0,0,0,12,12,8,4,2,0,1,0,0,7,7,0,1,9,0,4,3
53401172,2,53401171,,10,5,5,*,*,*,*,*,*,*,*,*,*,*,*,*,*,*,*,*,*,*,*,*,*,*,*,*,*,*,*,*,*,3,3,*,*,*,*,*,*,*,*,*,*,*,*,*,*,*
53401173,0,,,159,75,84,8,3,5,151,72,79,71,31,40,150,71,79,146,70,76,80,41,39,30,14,16,9,2,7,1,0,1,0,0,0,57,57,10,19,12,8,6,1,1,46,34,12,2,50,0,8,16
53401174,0,,,103,55,48,4,3,1,99,52,47,41,24,17,99,52,47,99,52,47,58,28,30,25,14,11,3,2,1,1,1,0,0,0,0,42,42,9,17,8,4,4,0,0,32,24,8,1,36,0,5,12
53401175,0,,,88,41,47,2,1,1,85,39,46,38,20,18,82,37,45,81,37,44,47,19,28,23,9,14,8,1,7,3,0,3,3,1,2,39,39,12,16,5,3,2,0,1,27,21,6,1,32,0,11,5
53401176,0,,,39,25,14,7,6,1,32,19,13,25,13,12,31,19,12,30,18,12,7,6,1,1,1,0,0,0,0,0,0,0,1,0,1,15,15,4,5,1,3,2,0,0,11,10,1,1,7,0,3,0
53401177,0,,,66,32,34,0,0,0,66,32,34,34,17,17,65,31,34,65,31,34,32,15,17,15,7,8,4,2,2,0,0,0,1,0,1,30,30,8,12,6,4,0,0,0,22,17,5,0,24,0,6,6
53401178,0,,,114,64,50,13,8,5,101,56,45,60,32,28,99,54,45,95,52,43,41,24,17,20,10,10,7,3,4,1,0,1,0,0,0,51,51,17,21,7,2,1,2,1,34,29,5,2,29,0,7,11
53401179,0,,,171,73,98,12,5,7,157,67,90,73,28,45,152,66,86,151,65,86,84,39,45,42,23,19,9,3,6,0,0,0,6,2,4,88,88,33,42,4,4,4,1,0,54,53,1,4,58,0,23,23
53401180,0,,,484,251,233,34,18,16,436,222,214,298,152,146,429,219,210,422,215,207,138,70,68,58,27,31,13,3,10,0,0,0,10,3,7,215,215,64,78,40,24,6,3,0,141,129,12,11,94,3,30,31
53401181,0,,,490,235,255,28,9,19,461,226,235,215,119,96,451,220,231,442,214,228,246,107,139,146,57,89,37,11,26,1,0,1,8,2,6,177,175,44,60,34,27,4,6,0,126,108,18,7,121,1,27,36
53401182,0,,,81,47,34,3,2,1,75,43,32,43,26,17,74,43,31,74,43,31,32,17,15,20,7,13,6,2,4,1,0,1,3,2,1,39,39,15,11,9,3,1,0,0,23,20,3,0,24,0,10,3
53401183,0,,,110,53,57,6,4,2,102,48,54,62,29,33,100,47,53,98,47,51,40,19,21,20,9,11,3,1,2,1,0,1,0,0,0,33,33,3,6,13,5,3,1,2,29,19,10,1,24,0,2,2
53401184,0,,,169,83,86,10,4,6,155,77,78,70,38,32,152,76,76,150,76,74,85,39,46,44,23,21,8,3,5,1,0,1,0,0,0,71,71,15,30,13,11,1,1,0,54,41,13,1,52,1,10,19
53401185,0,,,166,98,68,2,2,0,162,95,67,94,58,36,160,95,65,159,95,64,68,37,31,36,17,19,13,7,6,0,0,0,1,1,0,50,49,12,22,5,7,1,2,0,36,25,11,0,40,0,10,9
53401186,0,,,39,17,22,2,2,0,37,15,22,19,8,11,37,15,22,37,15,22,18,7,11,6,3,3,2,1,1,0,0,0,0,0,0,16,16,3,6,4,3,0,0,0,13,11,2,1,12,0,2,2
53401187,0,,,59,28,31,0,0,0,59,28,31,37,18,19,59,28,31,59,28,31,22,10,12,15,6,9,5,2,3,0,0,0,0,0,0,22,22,2,9,6,4,1,0,0,20,15,5,0,14,0,0,4
53401188,0,,,114,64,50,7,3,4,107,61,46,65,38,27,104,59,45,103,58,45,42,23,19,21,11,10,7,4,3,0,0,0,1,0,1,47,47,11,19,10,3,2,1,1,36,32,4,3,28,0,4,10
53401189,0,,,21,9,12,0,0,0,21,9,12,7,3,4,21,9,12,21,9,12,14,6,8,6,3,3,4,1,3,1,0,1,0,0,0,8,8,0,4,3,1,0,0,0,8,7,1,0,7,0,0,3
53401190,0,,,172,99,73,18,10,8,139,80,59,89,50,39,135,77,58,131,74,57,50,30,20,18,12,6,3,3,0,0,0,0,3,0,3,82,82,42,21,5,4,5,3,2,38,33,5,4,32,5,8,13
53401191,0,,,516,215,301,24,12,12,491,202,289,197,102,95,481,196,285,471,193,278,294,100,194,199,56,143,97,13,84,19,1,18,3,1,2,162,160,40,57,28,21,9,3,2,120,99,21,7,116,0,27,33
53401192,0,,,206,110,96,16,8,8,188,100,88,104,55,49,184,98,86,181,96,85,84,45,39,39,17,22,16,5,11,0,0,0,0,0,0,81,81,17,31,17,9,4,2,1,62,49,13,2,54,0,10,14
53401193,0,,,37,16,21,1,1,0,36,15,21,21,8,13,36,15,21,35,15,20,15,7,8,5,4,1,0,0,0,0,0,0,0,0,0,16,16,4,5,5,2,0,0,0,12,12,0,1,10,0,3,4
53401194,0,,,758,353,405,44,22,22,700,321,379,357,175,182,682,313,369,668,307,361,343,146,197,217,91,126,74,25,49,10,1,9,15,9,6,295,293,88,113,52,15,12,11,2,202,169,33,8,175,17,31,63
53401195,0,,,22,10,12,0,0,0,22,10,12,14,7,7,22,10,12,21,9,12,8,3,5,3,1,2,1,0,1,0,0,0,1,0,1,8,8,2,2,2,1,0,1,0,6,4,2,0,6,0,2,0
53401196,0,,,35,17,18,4,3,1,31,14,17,17,8,9,30,14,16,29,14,15,14,6,8,6,2,4,1,0,1,0,0,0,0,0,0,12,12,1,1,8,2,0,0,0,11,9,2,0,8,0,1,0
53401197,0,,,46,22,24,5,2,3,41,20,21,31,16,15,37,18,19,35,17,18,10,4,6,5,3,2,2,0,2,0,0,0,0,0,0,14,14,2,5,1,1,3,2,0,12,8,4,1,8,0,1,2
53401198,0,,,35,18,17,0,0,0,35,18,17,17,8,9,34,17,17,33,17,16,18,10,8,8,4,4,4,2,2,0,0,0,0,0,0,13,13,1,6,3,2,1,0,0,12,10,2,0,11,0,1,3
53401199,0,,,141,71,70,6,1,5,135,70,65,66,39,27,130,66,64,126,62,64,69,31,38,41,20,21,11,6,5,0,0,0,1,0,1,53,53,12,16,7,15,2,1,0,41,30,11,0,41,1,9,12
53401200,0,,,374,179,195,31,15,16,341,163,178,171,99,72,334,158,176,330,156,174,170,64,106,120,41,79,60,13,47,8,2,6,0,0,0,119,118,21,42,24,18,8,4,1,97,79,18,6,74,0,10,15
53401201,0,,,904,435,469,62,33,29,829,396,433,497,239,258,814,386,428,801,380,421,332,157,175,139,61,78,39,16,23,1,0,1,17,5,12,381,381,91,132,99,46,10,3,0,284,247,37,20,222,6,47,60
53401202,0,,,3567,1782,1785,333,197,136,3189,1562,1627,1784,941,843,3093,1508,1585,3039,1485,1554,1405,621,784,771,355,416,170,73,97,6,1,5,46,27,19,1590,1589,515,546,284,164,52,24,4,1058,949,109,80,912,33,254,298
53401203,0,,,2793,1422,1371,276,144,132,2433,1237,1196,1535,832,703,2368,1205,1163,2332,1189,1143,898,405,493,447,185,262,122,39,83,6,1,5,70,18,52,1345,1343,560,404,199,124,39,11,6,765,693,72,78,621,68,195,163
53401204,0,,,1640,854,786,156,89,67,1372,708,664,963,529,434,1336,692,644,1314,681,633,409,179,230,202,79,123,57,17,40,3,0,3,33,9,24,880,879,464,216,111,66,19,3,0,391,362,29,51,272,78,101,72
53401205,0,,,4711,2309,2402,748,401,347,3885,1872,2013,2827,1395,1432,3751,1809,1942,3672,1768,1904,1058,477,581,499,214,285,119,42,77,7,1,6,46,13,33,1941,1940,550,575,401,306,87,18,3,1365,1249,116,233,699,45,175,222
53401206,0,,,1260,605,655,114,48,66,1118,544,574,738,370,368,1091,529,562,1072,515,557,380,174,206,163,68,95,36,16,20,1,0,1,17,6,11,541,541,141,200,117,60,15,5,3,391,347,44,38,256,9,52,90
53401207,0,,,789,373,416,76,31,45,713,342,371,439,224,215,683,326,357,666,318,348,274,118,156,131,52,79,41,11,30,3,0,3,4,0,4,308,307,81,94,63,47,11,6,5,222,187,35,13,183,0,56,43
53401208,0,,,428,206,222,41,18,23,387,188,199,223,112,111,376,184,192,368,177,191,164,76,88,77,29,48,32,9,23,5,2,3,6,0,6,154,154,21,52,44,24,8,2,3,131,96,35,8,105,0,18,21
53401209,0,,,398,199,199,44,25,19,354,174,180,217,108,109,342,170,172,336,168,168,137,66,71,69,32,37,19,9,10,2,1,1,4,0,4,145,144,32,44,26,28,9,4,1,112,90,22,6,89,0,22,25
53401210,0,,,468,226,242,46,23,23,420,202,218,240,117,123,409,196,213,400,192,208,180,85,95,87,35,52,22,8,14,1,0,1,1,0,1,190,190,49,66,40,22,7,3,3,139,118,21,6,113,1,29,40
53401211,0,,,518,250,268,26,16,10,484,231,253,286,146,140,472,227,245,468,225,243,198,85,113,98,38,60,19,5,14,0,0,0,6,4,2,233,233,70,86,47,20,6,3,1,161,132,29,7,137,9,33,35
53401212,0,,,1302,638,664,140,79,61,1138,548,590,728,350,378,1095,522,573,1071,514,557,410,198,212,172,79,93,38,16,22,3,1,2,18,14,4,545,545,152,187,99,74,20,9,4,388,345,43,34,280,14,67,93
53401213,0,,,3501,1701,1800,280,141,139,3149,1524,1625,1798,923,875,3057,1478,1579,3015,1460,1555,1351,601,750,762,303,459,279,94,185,22,2,20,39,14,25,1601,1555,611,478,244,161,41,18,2,931,788,143,81,825,42,278,198
53401214,0,,,3392,1622,1770,311,146,165,2965,1421,1544,1859,949,910,2890,1382,1508,2840,1352,1488,1106,472,634,554,208,346,179,56,123,15,1,14,54,17,37,1522,1516,618,466,215,161,41,9,6,884,797,87,87,686,56,229,190
53401215,0,,,2103,1033,1070,200,99,101,1853,906,947,1243,646,597,1800,883,917,1751,858,893,610,260,350,302,120,182,95,32,63,3,0,3,17,6,11,969,969,345,309,177,96,31,9,2,611,548,63,48,401,52,105,137
53401216,0,,,659,321,338,59,29,30,599,291,308,409,210,199,584,282,302,568,273,295,190,81,109,95,39,56,22,8,14,0,0,0,1,0,1,265,265,57,88,74,32,10,3,1,207,185,22,11,130,0,31,40
53401217,0,,,414,207,207,31,14,17,383,193,190,266,142,124,371,190,181,357,181,176,117,51,66,41,15,26,24,8,16,3,1,2,1,1,0,163,163,27,68,35,24,4,5,0,132,115,17,7,82,0,15,25
53401218,0,,,557,279,278,76,51,25,481,228,253,307,152,155,460,220,240,444,213,231,174,76,98,90,36,54,38,10,28,6,2,4,1,0,1,186,185,32,60,32,39,13,6,3,153,129,24,16,97,2,19,35
53401219,0,,,244,112,132,27,14,13,217,98,119,123,57,66,211,93,118,205,93,112,94,41,53,43,14,29,18,5,13,0,0,0,2,1,1,96,96,25,32,18,10,6,4,1,71,53,18,5,63,0,17,19
53401220,0,,,2082,986,1096,163,76,87,1913,906,1007,1087,509,578,1850,879,971,1824,863,961,826,397,429,345,152,193,114,46,68,13,2,11,16,2,14,865,863,178,362,187,104,26,4,2,680,643,37,33,510,1,113,219
53401221,0,,,677,336,341,82,36,46,592,299,293,380,190,190,571,287,284,555,277,278,212,109,103,103,50,53,28,14,14,0,0,0,2,0,2,257,257,45,104,46,34,21,5,2,211,193,18,15,138,0,29,50
53401222,0,,,950,475,475,90,44,46,808,404,404,577,304,273,784,392,392,760,383,377,231,100,131,92,40,52,22,6,16,2,0,2,22,8,14,429,426,170,112,80,46,15,3,0,242,222,20,34,141,18,41,38
53401223,0,,,3518,1701,1817,432,218,214,3021,1450,1571,2032,1034,998,2921,1402,1519,2853,1373,1480,989,416,573,570,212,358,245,66,179,32,8,24,51,21,30,1460,1453,503,393,267,224,54,10,2,936,845,91,106,570,61,174,172
53401224,0,,,1915,930,985,180,91,89,1706,822,884,1046,534,512,1664,799,865,1628,777,851,660,288,372,389,155,234,140,56,84,11,3,8,34,15,19,859,858,273,308,144,92,31,8,2,572,506,66,55,464,15,147,134
53401225,0,,,2329,1144,1185,229,120,109,2054,1004,1050,1320,668,652,1982,970,1012,1951,957,994,734,336,398,369,147,222,119,40,79,12,2,10,45,25,20,1037,1033,344,339,195,113,32,8,2,669,606,63,72,466,36,129,149
53401226,0,,,446,205,241,49,30,19,393,173,220,295,131,164,370,165,205,357,158,199,98,42,56,45,18,27,10,4,6,0,0,0,3,1,2,176,175,41,58,37,26,9,3,1,132,120,12,7,71,0,20,19
53401227,0,,,488,251,237,39,21,18,446,229,217,255,137,118,438,225,213,424,216,208,191,92,99,72,33,39,16,8,8,2,1,1,2,1,1,209,209,59,74,41,22,9,3,1,148,130,18,6,129,0,34,43
53401228,0,,,310,141,169,27,10,17,281,130,151,183,82,101,272,127,145,267,125,142,98,48,50,45,19,26,16,6,10,1,1,0,2,1,1,118,118,27,33,30,16,9,3,0,90,69,21,7,67,0,18,14
53401229,0,,,386,189,197,37,13,24,349,176,173,198,102,96,346,174,172,341,172,169,151,74,77,78,35,43,26,8,18,3,1,2,1,0,1,138,138,26,42,31,26,6,3,4,112,77,35,15,94,0,14,25
53401230,0,,,636,319,317,69,37,32,566,282,284,366,196,170,552,274,278,536,266,270,200,86,114,92,37,55,32,12,20,3,0,3,2,0,2,238,238,48,75,55,39,11,8,2,189,154,35,21,135,1,31,28
53401231,0,,,809,388,421,76,41,35,721,341,380,398,193,205,705,332,373,690,325,365,323,148,175,147,65,82,37,14,23,2,0,2,14,3,11,361,361,108,135,65,35,14,2,2,248,213,35,16,210,15,51,74
53401232,0,,,685,328,357,121,59,62,554,264,290,431,207,224,518,248,270,499,240,259,123,57,66,61,26,35,18,6,12,1,0,1,11,5,6,241,240,48,72,53,46,13,3,5,188,166,22,25,84,1,14,20
53401233,0,,,2876,1441,1435,305,154,151,2504,1252,1252,1707,879,828,2428,1215,1213,2388,1191,1197,797,373,424,356,152,204,104,38,66,9,1,8,39,14,25,1274,1272,440,386,228,163,40,12,3,800,723,77,67,508,54,137,160
53401234,0,,,2923,1434,1489,374,203,171,2487,1198,1289,1635,815,820,2416,1171,1245,2371,1151,1220,852,383,469,432,194,238,103,35,68,5,1,4,24,9,15,1232,1231,355,409,229,170,48,15,5,865,775,90,108,561,33,131,193
53401235,0,,,2444,1220,1224,258,142,116,2162,1067,1095,1423,719,704,2097,1032,1065,2058,1011,1047,739,348,391,314,141,173,80,31,49,6,2,4,26,5,21,1032,1032,284,347,218,118,53,9,3,732,650,82,57,489,16,123,152
53401236,0,,,570,282,288,68,31,37,500,250,250,309,159,150,484,242,242,474,237,237,191,91,100,72,31,41,21,7,14,1,0,1,2,1,1,210,210,43,71,41,31,11,10,3,167,137,30,15,122,1,24,34
53401237,0,,,193,99,94,12,7,5,180,92,88,92,48,44,174,89,85,171,87,84,88,44,44,45,19,26,15,6,9,0,0,0,1,0,1,73,72,16,26,15,9,5,1,0,56,44,12,2,50,0,12,12
53401238,0,,,323,160,163,35,21,14,288,139,149,161,81,80,278,135,143,273,134,139,127,58,69,63,27,36,18,6,12,1,0,1,2,2,0,122,122,26,43,24,14,12,0,3,96,79,17,7,86,0,20,19
53401239,0,,,293,147,146,36,20,16,256,126,130,145,75,70,252,123,129,249,122,127,111,51,60,60,23,37,21,8,13,2,1,1,1,0,1,106,106,21,29,27,18,6,4,1,85,67,18,8,72,1,11,16
53401240,0,,,410,201,209,18,9,9,391,192,199,214,111,103,390,191,199,386,190,196,177,81,96,80,36,44,24,11,13,1,0,1,8,8,0,178,178,55,55,41,18,6,2,1,122,98,24,4,119,6,35,26
53401241,0,,,425,217,208,33,25,8,392,192,200,198,96,102,384,188,196,380,185,195,194,96,98,79,46,33,10,5,5,0,0,0,18,5,13,180,180,39,76,38,19,5,2,1,141,131,10,8,118,8,19,53
53401242,0,,,124,61,63,2,1,1,122,60,62,57,29,28,119,58,61,119,58,61,65,31,34,40,16,24,15,6,9,1,0,1,0,0,0,50,50,11,22,8,4,1,4,0,38,28,10,1,43,0,10,13
53401243,0,,,1902,930,972,351,166,185,1525,751,774,1164,576,588,1470,716,754,1428,696,732,361,175,186,157,78,79,32,13,19,3,1,2,46,22,24,749,749,197,221,136,145,32,14,4,547,507,40,123,232,27,45,90
53401244,0,,,1371,680,691,143,71,72,1177,586,591,765,386,379,1154,575,579,1133,563,570,412,200,212,190,95,95,39,14,25,1,0,1,19,8,11,698,698,302,223,98,51,20,3,1,373,340,33,52,288,38,93,97
53401245,0,,,495,238,257,62,27,35,425,207,218,287,144,143,412,201,211,401,199,202,138,63,75,61,26,35,14,4,10,0,0,0,7,5,2,209,209,58,76,34,29,7,4,1,144,128,16,21,91,10,19,36
53401246,0,,,426,214,212,37,19,18,382,192,190,265,131,134,370,188,182,363,186,177,117,61,56,50,27,23,15,6,9,1,0,1,8,1,7,172,172,44,56,37,21,11,2,1,125,105,20,9,84,4,21,22
53401247,0,,,234,116,118,28,12,16,206,104,102,131,67,64,195,98,97,189,94,95,75,37,38,34,17,17,13,6,7,2,0,2,0,0,0,84,84,12,28,20,17,5,1,1,72,59,13,3,48,0,8,18
53401248,0,,,532,265,267,44,22,22,488,243,245,260,138,122,475,235,240,467,227,240,228,105,123,119,56,63,38,12,26,10,3,7,3,1,2,197,197,38,67,46,22,16,4,4,159,120,39,11,143,0,31,42
53401249,0,,,248,119,129,17,9,8,230,109,121,130,60,70,226,108,118,218,104,114,100,49,51,44,18,26,17,5,12,2,0,2,1,0,1,103,102,35,29,14,14,8,1,1,67,50,17,5,65,0,24,13
53401250,0,,,177,73,104,6,1,5,171,72,99,56,29,27,169,71,98,167,70,97,115,43,72,69,19,50,45,8,37,10,1,9,0,0,0,47,46,6,18,13,3,3,1,2,40,28,12,1,39,0,5,11
53401251,0,,,35,15,20,2,1,1,33,14,19,24,10,14,33,14,19,32,14,18,9,4,5,4,1,3,1,0,1,0,0,0,4,1,3,9,9,0,1,3,2,2,1,0,9,5,4,0,5,0,0,1
53401252,0,,,150,68,82,4,2,2,145,65,80,95,41,54,143,64,79,140,64,76,50,24,26,19,7,12,7,1,6,1,0,1,2,2,0,59,59,12,19,16,9,2,1,0,46,39,7,1,34,2,5,8
53401253,0,,,722,351,371,58,33,25,663,318,345,345,171,174,647,310,337,637,306,331,318,147,171,151,68,83,32,11,21,3,1,2,6,4,2,309,309,69,132,61,33,10,4,0,239,210,29,14,202,3,46,78
53401254,0,,,494,248,246,33,20,13,460,227,233,232,114,118,455,225,230,453,225,228,228,113,115,89,40,49,27,10,17,3,1,2,11,5,6,220,220,56,87,53,18,3,3,0,160,138,22,9,150,1,33,52
53401255,0,,,544,274,270,50,24,26,489,247,242,296,155,141,467,239,228,460,237,223,193,92,101,88,43,45,28,13,15,1,0,1,4,1,3,206,206,44,60,53,31,13,3,2,159,130,29,12,123,1,26,35
53401256,0,,,519,253,266,38,16,22,479,236,243,296,154,142,462,229,233,450,221,229,183,82,101,84,37,47,19,4,15,3,0,3,5,3,2,206,204,54,64,37,28,16,4,1,147,119,28,11,117,0,27,30
53401257,0,,,409,204,205,43,16,27,357,183,174,220,115,105,347,176,171,336,170,166,137,68,69,51,22,29,10,2,8,1,0,1,5,0,5,160,160,28,77,23,14,11,4,3,128,116,12,11,93,2,11,34
53401258,0,,,570,285,285,47,25,22,515,255,260,282,146,136,503,248,255,498,247,251,233,109,124,105,42,63,35,6,29,2,1,1,10,2,8,253,253,87,80,41,30,12,2,1,163,133,30,10,157,2,55,43
53401259,0,,,254,128,126,21,16,5,233,112,121,137,68,69,225,109,116,222,108,114,96,44,52,47,22,25,18,8,10,2,0,2,0,0,0,101,101,31,21,25,17,4,3,0,70,52,18,8,63,0,22,10
53401260,2,53401271,,1,1,0,*,*,*,*,*,*,*,*,*,*,*,*,*,*,*,*,*,*,*,*,*,*,*,*,*,*,*,*,*,*,1,1,*,*,*,*,*,*,*,*,*,*,*,*,*,*,*
53401261,0,,,50,27,23,5,3,2,45,24,21,19,10,9,43,23,20,43,23,20,26,14,12,12,6,6,2,1,1,0,0,0,0,0,0,20,20,6,6,4,2,1,0,1,14,10,4,1,15,0,3,6
53401262,0,,,242,119,123,11,5,6,231,114,117,134,69,65,227,112,115,221,107,114,97,45,52,43,20,23,19,2,17,3,0,3,0,0,0,95,95,27,21,27,12,4,4,0,68,45,23,5,58,0,12,10
53401263,0,,,129,62,67,13,7,6,116,55,61,66,30,36,110,52,58,109,52,57,50,25,25,24,10,14,10,0,10,1,0,1,1,0,1,48,48,7,17,15,5,2,1,1,40,31,9,2,31,0,5,11
53401264,0,,,262,117,145,12,8,4,249,109,140,145,65,80,243,105,138,239,102,137,104,44,60,62,25,37,17,5,12,1,0,1,11,0,11,113,113,33,39,22,13,3,3,0,77,64,13,1,62,10,10,22
53401265,0,,,528,271,257,36,22,14,491,248,243,278,147,131,478,242,236,469,237,232,213,101,112,83,42,41,14,9,5,0,0,0,18,10,8,223,223,51,93,45,20,9,4,1,172,149,23,7,143,0,32,50
53401266,0,,,763,361,402,47,18,29,715,342,373,381,195,186,701,333,368,692,329,363,334,147,187,186,68,118,86,24,62,16,2,14,7,2,5,286,283,69,115,52,24,8,4,11,210,178,32,9,177,1,41,58
53401267,0,,,348,172,176,20,12,8,325,158,167,179,92,87,315,154,161,311,152,159,146,66,80,70,29,41,17,6,11,2,0,2,8,3,5,150,150,37,58,33,17,3,1,1,111,93,18,2,98,1,23,31
53401268,0,,,497,244,253,49,25,24,447,218,229,273,137,136,440,215,225,435,213,222,174,81,93,81,32,49,28,9,19,1,0,1,3,0,3,215,215,63,81,31,25,13,0,2,150,128,22,9,122,0,35,31
53401269,0,,,409,178,231,24,9,15,377,165,212,148,73,75,368,160,208,368,160,208,229,92,137,153,49,104,84,22,62,18,5,13,2,1,1,147,145,46,46,29,17,3,3,1,95,76,19,7,106,0,35,22
53401271,1,,53401260,267,135,132,13,6,7,255,130,125,134,70,64,253,130,123,249,129,120,121,60,61,58,27,31,23,10,13,5,2,3,0,0,0,91,91,8,36,20,18,5,4,1,83,59,24,3,71,0,7,19
53401272,0,,,191,102,89,7,4,3,183,97,86,107,58,49,180,96,84,176,94,82,76,39,37,33,15,18,10,3,7,1,1,0,0,0,0,74,74,18,25,14,7,7,3,0,56,44,12,1,51,1,11,15
53401273,0,,,458,204,254,20,11,9,438,193,245,217,103,114,428,187,241,419,182,237,221,90,131,131,44,87,62,15,47,7,0,7,1,0,1,170,169,35,71,35,17,10,1,0,133,115,18,6,115,0,23,35
53401274,0,,,1189,568,621,95,42,53,1068,513,555,609,300,309,1042,499,543,1025,491,534,459,213,246,264,111,153,82,28,54,9,3,6,20,5,15,562,561,221,181,75,59,16,6,3,329,274,55,19,321,13,105,82
53401275,0,,,660,331,329,48,30,18,589,288,301,376,182,194,576,282,294,559,276,283,213,106,107,101,47,54,21,8,13,1,0,1,7,3,4,281,281,71,105,62,28,9,6,0,203,180,23,11,144,2,34,51
53401276,0,,,395,195,200,31,19,12,364,176,188,201,99,102,354,171,183,345,167,178,163,77,86,80,32,48,31,9,22,3,2,1,3,1,2,148,147,32,49,31,18,10,5,2,114,83,31,7,107,0,28,22
53401277,0,,,342,163,179,27,10,17,315,153,162,183,93,90,305,150,155,301,147,154,132,60,72,50,21,29,16,4,12,2,0,2,4,1,3,140,140,39,48,30,10,4,8,1,97,78,19,5,89,1,29,19
53401278,0,,,556,281,275,58,34,24,492,244,248,282,142,140,480,237,243,473,236,237,210,102,108,103,46,57,30,13,17,2,0,2,4,0,4,245,245,65,97,47,28,6,0,2,176,161,15,5,141,3,33,49
53401279,0,,,121,61,60,5,2,3,114,58,56,68,36,32,113,58,55,113,58,55,46,22,24,23,10,13,5,0,5,0,0,0,1,0,1,51,51,16,14,11,7,2,1,0,33,28,5,3,33,0,12,5
53401280,0,,,84,41,43,5,1,4,79,40,39,38,22,16,77,39,38,76,38,38,41,18,23,19,7,12,9,3,6,0,0,0,0,0,0,31,31,4,13,4,8,2,0,0,25,17,8,2,25,0,4,8
53401281,0,,,48,23,25,6,1,5,42,22,20,29,15,14,41,21,20,40,21,19,13,7,6,9,5,4,3,2,1,0,0,0,0,0,0,18,18,4,5,5,1,3,0,0,14,12,2,1,9,0,2,1
53401282,0,,,131,66,65,9,5,4,122,61,61,60,29,31,118,60,58,118,60,58,62,32,30,23,10,13,12,3,9,1,0,1,0,0,0,45,45,3,22,7,7,3,1,2,41,32,9,1,36,0,2,16
53401283,0,,,330,169,161,28,15,13,302,154,148,184,98,86,294,148,146,288,145,143,118,56,62,61,24,37,20,6,14,1,1,0,2,0,2,116,116,17,48,21,14,6,4,6,98,73,25,9,70,0,8,17
53401284,0,,,1032,519,513,61,31,30,965,484,481,582,309,273,950,476,474,937,470,467,383,175,208,187,77,110,53,16,37,4,1,3,25,15,10,459,459,135,169,93,41,15,2,4,319,266,53,13,262,15,68,76
53401285,0,,,499,256,243,41,17,24,455,236,219,285,155,130,448,230,218,438,223,215,170,81,89,75,32,43,24,11,13,1,0,1,14,9,5,207,207,52,86,33,19,8,6,3,151,125,26,7,111,2,23,34
53401286,0,,,160,82,78,8,3,5,152,79,73,84,48,36,149,78,71,149,78,71,68,31,37,29,14,15,7,2,5,0,0,0,1,1,0,72,72,22,25,14,9,2,0,0,49,41,8,0,42,1,8,13
53401287,0,,,637,314,323,39,23,16,596,289,307,331,170,161,587,285,302,584,282,302,265,119,146,121,56,65,28,9,19,2,0,2,13,7,6,300,299,92,130,46,21,5,3,2,206,187,19,9,174,4,49,63
53401288,0,,,376,187,189,18,11,7,357,175,182,199,110,89,351,172,179,346,169,177,158,65,93,74,30,44,12,3,9,1,0,1,2,0,2,170,170,50,68,26,21,3,1,1,117,97,20,4,118,0,34,28
53401289,0,,,139,73,66,6,5,1,128,65,63,66,32,34,126,64,62,123,61,62,62,33,29,23,10,13,6,3,3,1,0,1,1,0,1,63,63,17,29,8,6,2,1,0,43,38,5,1,42,0,11,14
53401290,0,,,29,16,13,1,1,0,28,15,13,18,9,9,27,15,12,26,15,11,10,6,4,5,4,1,0,0,0,0,0,0,0,0,0,11,11,2,3,4,1,1,0,0,9,8,1,1,7,0,2,2
53401291,0,,,26,14,12,0,0,0,26,14,12,14,9,5,26,14,12,26,14,12,12,5,7,6,1,5,1,0,1,0,0,0,0,0,0,9,9,1,2,4,1,1,0,0,8,4,4,0,8,0,0,1
53401292,0,,,125,60,65,6,2,4,119,58,61,62,32,30,116,56,60,115,56,59,57,26,31,27,11,16,13,4,9,1,0,1,0,0,0,47,47,9,15,10,9,4,0,0,37,26,11,1,36,0,8,9
53401293,0,,,62,36,26,6,5,1,56,31,25,27,18,9,56,31,25,55,30,25,29,13,16,13,6,7,8,3,5,1,0,1,0,0,0,21,21,2,5,8,4,2,0,0,19,14,5,0,17,0,2,3
53401294,0,,,207,103,104,17,10,7,189,93,96,93,45,48,186,90,96,186,90,96,96,48,48,50,24,26,16,7,9,2,0,2,1,0,1,84,84,18,31,19,11,4,1,0,66,47,19,3,61,1,9,17
53401295,0,,,296,153,143,13,6,7,281,147,134,164,92,72,276,146,130,272,142,130,117,55,62,51,22,29,23,7,16,2,0,2,5,3,2,122,122,27,47,28,11,7,2,0,93,77,16,3,73,0,16,19
53401296,0,,,455,210,245,12,4,8,442,206,236,218,116,102,435,203,232,427,198,229,224,90,134,121,38,83,48,8,40,5,0,5,4,0,4,170,169,37,67,39,16,6,4,0,132,112,20,4,119,1,22,31
53401297,0,,,1448,724,724,100,55,45,1343,666,677,756,371,385,1317,650,667,1306,643,663,587,295,292,250,123,127,57,27,30,1,0,1,16,4,12,625,624,149,271,116,50,32,3,3,470,425,45,28,383,6,79,144
53401298,0,,,748,369,379,59,27,32,681,337,344,401,211,190,666,331,335,656,327,329,280,126,154,118,46,72,34,11,23,2,0,2,7,4,3,320,311,81,122,57,32,14,4,1,228,203,25,13,194,1,49,54
53401299,0,,,290,141,149,25,18,7,265,123,142,153,70,83,262,122,140,258,120,138,112,53,59,62,27,35,15,6,9,1,1,0,1,1,0,113,113,23,41,25,17,3,2,2,87,64,23,5,74,1,14,22
53401300,0,,,268,125,143,24,11,13,244,114,130,134,61,73,237,111,126,234,109,125,110,53,57,55,20,35,18,2,16,2,0,2,2,1,1,112,111,33,42,18,12,4,2,0,76,68,8,7,60,0,18,20
53401301,0,,,343,184,159,32,23,9,310,160,150,169,96,73,302,154,148,298,152,146,141,64,77,65,29,36,14,5,9,2,1,1,4,1,3,147,147,41,57,30,7,5,5,2,105,83,22,8,94,0,23,28
53401310,0,,,405,197,208,55,25,30,350,172,178,214,103,111,343,168,175,337,167,170,136,69,67,73,37,36,20,12,8,3,1,2,2,1,1,146,146,24,55,27,23,10,2,5,122,104,18,12,85,0,14,32
53401311,0,,,406,200,206,39,22,17,366,178,188,201,98,103,355,175,180,348,172,176,165,80,85,80,33,47,22,8,14,3,1,2,7,6,1,164,163,51,53,24,20,7,4,4,111,81,30,10,105,6,27,26
53401320,0,,,398,207,191,41,20,21,357,187,170,206,115,91,352,184,168,345,177,168,151,72,79,64,31,33,11,5,6,1,0,1,1,0,1,159,159,34,61,34,17,9,1,3,124,110,14,9,95,1,15,35
53401321,0,,,906,445,461,53,31,22,853,414,439,449,239,210,837,404,433,827,397,430,404,175,229,206,76,130,52,16,36,3,1,2,7,3,4,384,383,117,129,65,48,14,7,3,265,197,68,12,280,0,82,60
53401330,0,,,391,182,209,40,20,20,349,161,188,202,96,106,335,157,178,326,152,174,147,65,82,70,26,44,21,4,17,4,0,4,4,2,2,149,148,34,48,32,22,7,3,2,112,86,26,10,94,1,22,27
53401331,0,,,751,372,379,64,33,31,687,339,348,361,196,165,673,332,341,665,328,337,326,143,183,151,60,91,49,15,34,4,1,3,5,1,4,298,298,68,110,58,37,12,11,2,229,173,56,12,207,1,42,65
53401332,0,,,76,36,40,11,6,5,65,30,35,32,15,17,64,29,35,64,29,35,33,15,18,15,5,10,3,0,3,0,0,0,1,0,1,38,38,22,8,2,2,2,1,1,16,12,4,3,28,0,16,2
53401340,0,,,450,224,226,46,24,22,404,200,204,212,109,103,399,197,202,393,194,199,192,91,101,95,37,58,37,10,27,3,0,3,10,4,6,177,176,56,55,33,16,7,6,3,120,95,25,14,110,1,31,28
53401341,0,,,358,178,180,24,13,11,334,165,169,186,94,92,330,162,168,323,158,165,148,71,77,73,37,36,18,11,7,2,2,0,7,2,5,183,183,88,55,17,13,5,3,2,92,81,11,4,112,2,55,29
53401342,0,,,333,187,146,25,12,13,304,171,133,154,85,69,299,167,132,294,164,130,150,86,64,70,37,33,9,3,6,2,0,2,0,0,0,147,147,63,35,21,13,7,6,2,83,60,23,9,102,1,33,21
53401350,0,,,335,159,176,39,23,16,296,136,160,188,89,99,291,134,157,289,133,156,108,47,61,49,18,31,12,4,8,0,0,0,4,1,3,145,145,45,54,18,17,8,2,1,97,84,13,11,82,2,28,17
53401351,0,,,321,165,156,32,17,15,289,148,141,168,86,82,281,143,138,278,141,137,121,62,59,54,27,27,16,8,8,1,0,1,2,0,2,127,127,31,41,29,16,4,5,1,96,82,14,8,81,0,20,22
53401352,0,,,583,297,286,48,26,22,535,271,264,308,163,145,519,265,254,514,262,252,227,108,119,115,48,67,25,9,16,2,1,1,6,5,1,211,211,48,59,42,36,13,9,4,161,113,48,9,152,4,33,31
53401360,0,,,366,182,184,29,13,16,334,166,168,189,97,92,325,161,164,320,160,160,145,69,76,80,37,43,23,8,15,2,0,2,10,4,6,142,142,34,51,20,22,10,3,2,107,81,26,5,93,2,19,23
53401361,0,,,245,120,125,30,10,20,215,110,105,135,70,65,213,109,104,208,106,102,80,40,40,40,17,23,12,5,7,0,0,0,1,1,0,95,95,30,25,17,12,7,0,4,65,47,18,8,60,0,17,10
53401362,0,,,470,241,229,38,23,15,432,218,214,218,118,100,419,212,207,410,207,203,214,100,114,108,47,61,31,11,20,2,0,2,4,4,0,205,205,71,68,34,13,12,4,3,131,105,26,10,145,3,45,41
53401363,0,,,84,35,49,3,1,2,81,34,47,48,22,26,79,34,45,79,34,45,33,12,21,18,5,13,3,0,3,1,0,1,6,3,3,41,41,20,9,6,3,2,1,0,21,14,7,0,25,2,12,3
53401370,0,,,266,144,122,21,15,6,245,129,116,115,66,49,241,125,116,237,123,114,130,63,67,62,30,32,17,6,11,3,0,3,1,0,1,105,105,25,41,15,14,6,1,3,79,63,16,4,82,0,19,22
53401371,0,,,192,93,99,10,2,8,181,90,91,86,45,41,179,89,90,179,89,90,95,45,50,38,16,22,15,5,10,1,0,1,0,0,0,74,74,16,21,23,9,3,1,1,58,38,20,0,58,0,11,13
53401372,0,,,335,170,165,33,22,11,302,148,154,156,81,75,297,146,151,293,142,151,146,67,79,67,29,38,32,14,18,3,1,2,3,0,3,127,127,25,49,23,17,7,2,4,101,78,23,5,95,1,20,26
53401373,0,,,726,336,390,62,28,34,662,306,356,348,169,179,645,300,345,635,299,336,314,137,177,158,65,93,59,15,44,8,3,5,17,9,8,289,288,90,86,53,28,17,11,3,196,145,51,11,195,14,44,40
53401380,0,,,510,257,253,20,11,9,484,241,243,272,140,132,477,236,241,468,229,239,212,101,111,110,55,55,27,11,16,1,0,1,11,3,8,234,234,75,89,39,18,10,3,0,152,127,25,5,149,0,41,37
53401381,0,,,283,127,156,21,11,10,262,116,146,154,72,82,253,111,142,247,111,136,108,44,64,61,26,35,17,6,11,0,0,0,4,0,4,110,110,26,40,18,14,5,7,0,83,68,15,4,70,0,16,22
53401382,0,,,558,269,289,55,28,27,503,241,262,281,136,145,491,238,253,478,232,246,222,105,117,95,40,55,32,11,21,3,2,1,0,0,0,212,212,44,75,39,34,14,3,3,164,137,27,16,142,1,32,43
53401383,0,,,1064,522,542,63,35,28,994,484,510,554,287,267,975,470,505,964,465,499,440,197,243,211,69,142,79,24,55,6,0,6,9,2,7,427,424,118,135,82,58,15,9,7,301,217,84,14,297,3,76,61
53401390,0,,,524,261,263,29,16,13,486,239,247,231,117,114,479,236,243,475,234,241,255,122,133,121,51,70,39,11,28,1,0,1,4,0,4,258,258,101,87,39,25,4,2,0,152,136,16,6,178,1,64,51
53401391,0,,,283,145,138,29,17,12,254,128,126,152,78,74,249,124,125,244,120,124,102,50,52,50,23,27,13,3,10,1,0,1,4,3,1,111,111,25,43,19,11,9,3,1,85,61,24,7,69,5,9,20
53401392,0,,,321,169,152,25,13,12,296,156,140,168,94,74,287,152,135,279,146,133,128,62,66,60,26,34,23,8,15,2,1,1,3,1,2,133,133,33,50,25,16,7,1,1,100,83,17,6,82,0,18,26
53401393,0,,,1194,579,615,72,34,38,1122,545,577,564,304,260,1091,531,560,1073,518,555,558,241,317,321,126,195,123,40,83,15,4,11,20,12,8,423,421,90,143,98,47,24,11,8,325,248,77,20,296,13,53,82
53401394,0,,,79,38,41,3,0,3,75,38,37,43,24,19,74,37,37,72,36,36,32,14,18,22,9,13,6,2,4,0,0,0,0,0,0,37,37,12,13,8,3,1,0,0,25,17,8,1,22,0,7,4
53402004,0,,,1363,778,585,94,45,49,1134,643,491,719,440,279,1108,631,477,1085,620,465,415,203,212,208,88,120,56,17,39,9,0,9,19,6,13,736,706,421,133,68,50,23,8,3,275,225,50,26,242,25,71,57
53402005,0,,,4537,2469,2068,587,295,292,3766,2047,1719,2738,1535,1203,3634,1974,1660,3570,1937,1633,1028,512,516,468,202,266,109,39,70,6,1,5,94,51,43,2030,2030,812,488,346,261,84,28,11,1194,1076,118,169,721,88,202,193
53402006,0,,,3268,1687,1581,375,201,174,2799,1428,1371,2021,1067,954,2677,1371,1306,2589,1320,1269,778,361,417,355,174,181,80,32,48,1,0,1,71,34,37,1424,1424,490,397,263,199,58,11,6,916,835,81,90,535,61,139,159
53402007,0,,,2011,1010,1001,274,126,148,1642,830,812,1175,640,535,1604,811,793,1585,801,784,467,190,277,281,107,174,89,26,63,7,1,6,35,8,27,923,921,387,246,134,108,33,10,3,522,478,44,92,291,47,92,84
53402008,0,,,3925,2035,1890,493,247,246,3306,1711,1595,2470,1310,1160,3204,1647,1557,3111,1596,1515,836,401,435,362,168,194,85,33,52,3,0,3,51,11,40,1807,1804,735,453,297,247,58,12,2,1038,956,82,148,546,144,148,169
53402009,0,,,7100,3625,3475,865,454,411,6083,3079,3004,4142,2128,2014,5910,2984,2926,5766,2916,2850,1941,951,990,753,356,397,174,61,113,9,3,6,106,44,62,3089,3088,982,980,573,398,115,29,11,2069,1911,158,234,1268,91,278,461
53402014,2,53402015,,6,5,1,*,*,*,*,*,*,*,*,*,*,*,*,*,*,*,*,*,*,*,*,*,*,*,*,*,*,*,*,*,*,4,4,*,*,*,*,*,*,*,*,*,*,*,*,*,*,*
53402015,1,,53402014,5730,3047,2683,766,422,344,4807,2521,2286,3915,2090,1825,4641,2459,2182,4516,2397,2119,892,431,461,379,150,229,104,24,80,10,1,9,168,73,95,2520,2518,982,614,424,361,102,26,13,1485,1358,127,235,606,142,164,166
53402016,0,,,6205,3419,2786,691,364,327,5230,2891,2339,4078,2363,1715,5078,2804,2274,4960,2728,2232,1152,528,624,632,247,385,214,64,150,37,6,31,106,42,64,3276,3272,1805,668,392,318,67,11,11,1425,1332,93,220,741,460,255,170
53402017,0,,,5226,2806,2420,587,308,279,4352,2340,2012,3338,1824,1514,4241,2296,1945,4125,2237,1888,1014,516,498,452,210,242,105,41,64,5,2,3,153,55,98,2875,2873,1616,596,347,238,54,13,9,1225,1140,85,211,756,258,325,163
53402018,0,,,645,325,320,76,41,35,543,269,274,335,171,164,530,263,267,521,260,261,208,98,110,109,42,67,24,6,18,1,1,0,6,1,5,283,283,105,78,47,32,14,4,3,174,151,23,22,141,9,36,38
53402019,0,,,3316,1675,1641,381,183,198,2868,1449,1419,1765,932,833,2776,1400,1376,2716,1367,1349,1103,517,586,500,232,268,88,34,54,5,1,4,52,24,28,1400,1399,408,477,245,180,63,18,8,970,877,93,95,705,22,157,242
53402025,0,,,2165,1193,972,291,154,137,1786,988,798,1428,819,609,1717,954,763,1664,923,741,358,169,189,137,54,83,32,11,21,0,0,0,43,22,21,977,977,407,217,158,145,40,4,6,558,511,47,82,253,66,67,72
53402026,0,,,5966,3188,2778,735,384,351,5038,2683,2355,3703,2039,1664,4897,2605,2292,4791,2550,2241,1335,644,691,574,247,327,123,40,83,6,3,3,167,60,107,2950,2949,1368,737,423,296,95,19,11,1534,1405,129,212,950,218,313,250
53402027,0,,,5580,2837,2743,684,345,339,4704,2392,2312,3450,1811,1639,4568,2319,2249,4486,2278,2208,1254,581,673,567,236,331,135,41,94,7,0,7,262,93,169,2615,2614,1093,702,422,272,89,25,11,1480,1332,148,187,865,142,253,218
53402028,0,,,4510,2462,2048,466,236,230,3846,2106,1740,2725,1514,1211,3731,2054,1677,3651,2011,1640,1121,592,529,456,221,235,120,49,71,8,2,6,282,119,163,2273,2271,1112,524,340,206,59,24,6,1113,1013,100,145,789,114,284,201
53402029,0,,,597,319,278,52,27,25,534,286,248,321,171,150,524,282,242,517,280,237,213,115,98,116,60,56,22,8,14,0,0,0,9,4,5,259,259,77,92,47,31,6,2,4,178,155,23,19,143,2,27,49
53402035,0,,,206,105,101,23,11,12,183,94,89,112,62,50,181,94,87,181,94,87,71,32,39,38,16,22,12,3,9,0,0,0,9,5,4,84,84,27,20,19,11,5,1,1,56,44,12,4,47,4,9,9
53402036,0,,,1361,777,584,91,50,41,1225,688,537,882,524,358,1192,674,518,1169,661,508,343,164,179,165,65,100,29,10,19,2,0,2,43,22,21,707,707,355,170,91,70,18,0,3,341,304,37,25,253,69,78,62
53402037,0,,,1070,556,514,97,49,48,955,496,459,532,301,231,941,486,455,931,482,449,423,195,228,219,92,127,88,28,60,11,5,6,64,38,26,471,469,190,147,68,48,12,3,1,274,254,20,30,210,28,57,78
53402038,0,,,5172,2893,2279,467,265,202,4496,2485,2011,3129,1819,1310,4388,2423,1965,4313,2384,1929,1367,666,701,621,260,361,130,45,85,8,2,6,348,159,189,2704,2699,1371,710,337,197,56,21,7,1260,1142,118,142,915,236,305,240
53402039,0,,,4647,2447,2200,486,231,255,4039,2146,1893,2797,1553,1244,3924,2075,1849,3851,2038,1813,1242,593,649,657,282,375,170,55,115,9,1,8,138,65,73,2273,2271,1050,561,310,266,65,13,6,1184,1075,109,128,861,150,296,203
53402048,0,,,691,371,320,157,83,74,525,283,242,466,257,209,508,274,234,504,273,231,59,26,33,28,12,16,3,1,2,0,0,0,24,10,14,293,287,98,73,43,55,16,2,0,184,175,9,37,45,18,11,11
53402049,0,,,5381,2811,2570,499,262,237,4662,2417,2245,3432,1849,1583,4565,2365,2200,4459,2315,2144,1230,568,662,639,262,377,190,60,130,12,2,10,113,50,63,2821,2820,1453,658,374,249,58,19,9,1335,1193,142,139,852,312,269,182
53402059,0,,,1446,822,624,117,62,55,1255,711,544,868,510,358,1233,705,528,1186,669,517,387,201,186,199,89,110,46,16,30,1,0,1,44,20,24,820,819,471,180,97,50,17,3,1,327,300,27,36,279,95,119,54
53402069,0,,,19,11,8,1,0,1,17,10,7,9,5,4,16,9,7,15,9,6,8,5,3,3,1,2,1,1,0,0,0,0,0,0,0,10,10,4,4,1,1,0,0,0,6,5,1,0,6,0,3,1
53402100,0,,,394,198,196,27,15,12,363,180,183,214,116,98,351,173,178,347,170,177,149,64,85,89,38,51,25,9,16,0,0,0,5,1,4,170,170,56,52,29,23,6,3,1,112,96,16,9,100,7,24,30
53402101,0,,,642,322,320,37,19,18,583,288,295,299,165,134,570,281,289,563,278,285,284,123,161,182,75,107,37,16,21,0,0,0,11,2,9,279,279,88,97,45,26,19,3,1,184,159,25,8,191,1,61,54
53402102,0,,,1257,654,603,135,68,67,1047,525,522,617,342,275,1026,517,509,1014,512,502,430,183,247,251,90,161,98,23,75,20,2,18,88,59,29,518,516,191,146,91,54,19,12,3,319,279,40,45,239,22,56,70
53402103,0,,,222,116,106,69,40,29,143,71,72,132,66,66,140,69,71,138,67,71,11,5,6,7,3,4,1,0,1,0,0,0,1,0,1,82,82,19,20,13,26,4,0,0,60,60,0,17,8,2,3,2
53402104,0,,,948,519,429,48,29,19,880,477,403,494,301,193,859,464,395,846,453,393,386,176,210,193,95,98,19,6,13,4,0,4,35,20,15,455,454,175,159,70,27,15,3,5,278,251,27,10,239,24,46,101
53402105,0,,,51,24,27,0,0,0,51,24,27,25,12,13,49,23,26,48,23,25,26,12,14,13,6,7,5,3,2,0,0,0,1,0,1,23,23,4,12,6,0,1,0,0,19,17,2,0,18,0,3,6
53402106,0,,,14,7,7,3,2,1,11,5,6,6,2,4,11,5,6,11,5,6,5,3,2,2,1,1,0,0,0,0,0,0,0,0,0,4,4,0,0,3,0,1,0,0,4,4,0,0,3,0,0,0
53402107,0,,,215,105,110,15,6,9,200,99,101,107,56,51,197,98,99,195,98,97,93,43,50,45,18,27,14,5,9,0,0,0,3,2,1,79,79,15,21,28,6,6,2,1,62,47,15,5,61,0,9,12
53402108,0,,,65,29,36,1,1,0,64,28,36,33,15,18,64,28,36,64,28,36,31,13,18,15,6,9,5,0,5,3,0,3,1,0,1,25,25,5,9,4,5,2,0,0,19,15,4,1,20,0,3,6
53402109,0,,,46,26,20,4,2,2,42,24,18,20,11,9,41,24,17,40,23,17,22,13,9,13,8,5,6,3,3,0,0,0,0,0,0,21,21,8,5,5,2,1,0,0,13,11,2,1,16,0,6,3
53402110,0,,,1745,877,868,129,56,73,1566,790,776,901,477,424,1533,775,758,1509,762,747,665,313,352,350,165,185,95,35,60,4,0,4,33,18,15,775,774,270,248,144,61,34,9,8,495,428,67,25,433,17,119,127
53402111,0,,,1419,732,687,129,70,59,1268,648,620,737,409,328,1233,629,604,1207,617,590,531,239,292,297,121,176,96,30,66,8,2,6,23,10,13,671,670,316,169,91,66,24,4,0,349,308,41,19,320,90,118,83
53402112,0,,,3741,1951,1790,576,293,283,3078,1593,1485,2338,1258,1080,2952,1531,1421,2814,1448,1366,740,335,405,357,142,215,125,39,86,8,2,6,76,29,47,1517,1513,522,334,272,302,64,17,2,977,921,56,171,477,86,166,123
53402113,0,,,2422,1242,1180,745,401,344,1655,828,827,1499,756,743,1611,802,809,1591,793,798,156,72,84,67,29,38,19,5,14,0,0,0,38,17,21,858,858,191,192,166,215,75,19,0,651,616,35,263,105,40,15,32
53402114,0,,,1211,593,618,80,46,34,1121,539,582,575,289,286,1103,531,572,1091,523,568,546,250,296,298,134,164,57,22,35,1,0,1,39,18,21,534,534,148,213,96,50,17,6,4,384,334,50,25,363,13,86,129
53402115,0,,,110,54,56,9,5,4,100,48,52,49,27,22,99,47,52,99,47,52,51,21,30,20,6,14,7,1,6,0,0,0,2,1,1,46,46,10,15,15,5,1,0,0,36,31,5,3,35,0,8,7
53402116,2,53402117,,7,4,3,*,*,*,*,*,*,*,*,*,*,*,*,*,*,*,*,*,*,*,*,*,*,*,*,*,*,*,*,*,*,3,3,*,*,*,*,*,*,*,*,*,*,*,*,*,*,*
53402117,1,,53402116,85,41,44,2,2,0,90,43,47,44,23,21,89,43,46,89,43,46,46,20,26,26,7,19,13,2,11,0,0,0,0,0,0,43,43,19,15,6,5,1,0,0,27,21,6,0,32,0,10,8
53402118,0,,,188,75,113,0,0,0,188,75,113,74,43,31,188,75,113,188,75,113,114,32,82,94,21,73,63,8,55,11,0,11,0,0,0,12,9,3,3,3,0,0,0,0,6,5,1,0,6,0,1,2
53402119,0,,,55,25,30,2,2,0,53,23,30,17,9,8,52,23,29,51,23,28,36,14,22,27,9,18,19,6,13,2,0,2,0,0,0,15,13,5,3,2,2,1,0,0,8,5,3,0,8,0,4,1
53402120,0,,,3327,1720,1607,262,118,144,3032,1575,1457,1749,954,795,2970,1535,1435,2906,1502,1404,1283,621,662,668,292,376,149,56,93,14,4,10,59,27,32,1565,1439,469,492,259,149,52,13,5,954,852,102,73,825,53,227,254
53402121,0,,,4327,2288,2039,466,254,212,3790,1989,1801,2891,1556,1335,3596,1866,1730,3452,1783,1669,899,433,466,393,173,220,68,24,44,0,0,0,38,17,21,1804,1803,589,476,333,280,94,25,6,1202,1116,86,81,622,104,144,189
53402122,0,,,3637,1807,1830,285,162,123,3282,1600,1682,2227,1102,1125,3178,1546,1632,3048,1495,1553,1055,498,557,482,223,259,113,42,71,5,1,4,60,21,39,1746,1745,720,504,262,199,43,12,5,1009,933,76,62,723,170,213,259
53402123,0,,,928,443,485,52,23,29,869,416,453,432,219,213,857,408,449,843,403,440,437,197,240,241,109,132,59,26,33,5,0,5,3,0,3,388,388,101,151,69,35,20,8,4,284,229,55,8,284,3,72,83
53402124,0,,,299,142,157,31,18,13,268,124,144,192,88,104,254,115,139,248,113,135,76,36,40,33,12,21,11,3,8,0,0,0,2,0,2,111,111,17,40,26,20,6,1,1,92,79,13,2,48,3,4,16
53402125,0,,,263,140,123,16,9,7,245,130,115,130,72,58,237,126,111,233,123,110,115,58,57,49,23,26,19,7,12,1,0,1,1,0,1,103,103,20,42,18,13,7,3,0,82,75,7,0,72,0,12,21
53402126,0,,,119,57,62,15,9,6,103,48,55,50,25,25,103,48,55,103,48,55,53,23,30,26,8,18,13,2,11,3,0,3,0,0,0,48,48,11,18,10,4,4,1,0,37,27,10,2,34,0,7,7
53402127,0,,,75,38,37,1,0,1,74,38,36,36,21,15,72,36,36,71,35,36,38,17,21,23,8,15,4,2,2,0,0,0,0,0,0,31,31,6,14,6,3,1,1,0,24,19,5,0,24,1,5,8
53402128,0,,,57,28,29,2,1,1,55,27,28,34,20,14,52,26,26,51,25,26,21,7,14,10,2,8,4,0,4,2,0,2,1,1,0,20,20,3,6,5,3,3,0,0,16,12,4,1,15,0,3,2
53402129,0,,,100,52,48,0,0,0,100,52,48,38,22,16,100,52,48,100,52,48,62,30,32,33,16,17,10,4,6,3,1,2,0,0,0,41,41,7,17,10,6,1,0,0,34,26,8,0,34,0,3,13
53402130,0,,,3368,1627,1741,301,168,133,3052,1450,1602,1551,799,752,2977,1409,1568,2925,1379,1546,1501,651,850,989,431,558,251,104,147,13,1,12,44,20,24,1475,1473,430,565,246,154,54,17,7,1027,934,93,73,979,14,284,337
53402131,0,,,3577,1773,1804,363,187,176,3109,1524,1585,1865,966,899,2994,1470,1524,2934,1434,1500,1244,558,686,676,281,395,150,56,94,2,1,1,65,22,43,1565,1565,496,512,293,173,70,13,8,1042,945,97,72,845,23,237,255
53402132,0,,,1775,940,835,163,81,82,1548,805,743,919,511,408,1504,776,728,1477,760,717,629,294,335,307,132,175,77,29,48,0,0,0,9,3,6,790,788,266,256,138,82,36,6,4,513,464,49,44,409,8,91,141
53402133,0,,,2051,986,1065,354,178,176,1656,788,868,1300,638,662,1595,758,837,1541,730,811,356,150,206,182,72,110,44,15,29,5,3,2,8,2,6,801,801,192,230,175,154,43,6,1,599,557,42,104,245,20,69,77
53402134,0,,,7381,3612,3769,982,513,469,6280,3029,3251,4716,2224,2492,6064,2923,3141,5797,2810,2987,1564,805,759,483,225,258,118,53,65,12,4,8,77,47,30,2852,2851,603,951,606,527,138,24,2,2236,2118,118,207,1034,82,169,434
53402135,0,,,5061,2510,2551,1208,614,594,3827,1880,1947,3148,1535,1613,3662,1796,1866,3552,1737,1815,679,345,334,227,111,116,57,28,29,5,2,3,68,24,44,1727,1727,240,465,422,424,137,33,6,1464,1384,80,387,445,48,66,195
53402136,0,,,266,133,133,19,8,11,246,124,122,166,87,79,239,121,118,233,119,114,80,37,43,28,13,15,4,0,4,1,0,1,0,0,0,103,103,23,34,18,21,6,0,1,78,68,10,3,52,3,8,14
53402137,0,,,62,30,32,0,0,0,62,30,32,32,17,15,61,29,32,60,28,32,30,13,17,20,7,13,7,2,5,0,0,0,0,0,0,22,22,4,6,5,5,1,1,0,18,16,2,0,18,0,3,3
53402138,0,,,638,306,332,38,18,20,597,287,310,272,134,138,583,278,305,574,273,301,325,153,172,169,74,95,34,15,19,1,0,1,6,2,4,270,270,55,118,58,28,7,2,2,214,188,26,8,206,0,39,83
53402139,0,,,251,128,123,21,11,10,229,116,113,105,62,43,225,113,112,222,111,111,124,54,70,51,19,32,16,8,8,3,0,3,2,1,1,102,102,19,49,20,5,3,4,2,83,74,9,4,80,0,12,27
53402140,0,,,2631,1344,1287,250,121,129,2252,1150,1102,1464,784,680,2199,1124,1075,2141,1095,1046,788,366,422,422,181,241,109,48,61,4,1,3,35,16,19,1237,1236,508,346,194,127,40,18,3,709,621,88,88,538,37,161,147
53402141,0,,,2035,968,1067,170,92,78,1856,869,987,1050,516,534,1781,828,953,1740,808,932,806,353,453,458,190,268,118,35,83,10,2,8,99,44,55,845,843,226,316,160,86,36,14,5,616,551,65,30,505,4,143,170
53402142,0,,,1597,751,846,262,131,131,1305,603,702,849,409,440,1263,589,674,1238,576,662,456,194,262,226,97,129,44,18,26,3,0,3,55,28,27,672,672,202,212,121,88,40,7,2,464,416,48,62,317,11,95,96
53402143,0,,,3015,1446,1569,687,349,338,2250,1052,1198,1771,857,914,2152,1011,1141,2087,972,1115,479,195,284,267,95,172,75,25,50,3,1,2,12,1,11,1185,1184,377,255,196,274,68,12,2,798,749,49,224,324,68,123,103
53402144,0,,,2211,1064,1147,508,260,248,1683,798,885,1425,691,734,1581,744,837,1521,715,806,258,107,151,127,47,80,50,10,40,11,0,11,11,5,6,684,681,88,131,162,224,60,14,2,586,550,36,102,134,14,28,38
53402145,0,,,7477,3720,3757,1681,872,809,5760,2825,2935,4812,2369,2443,5438,2646,2792,5243,2532,2711,948,456,492,294,127,167,67,17,50,4,1,3,69,24,45,2546,2544,359,693,548,702,204,30,8,2169,2063,106,432,639,25,120,255
53402146,0,,,2947,1431,1516,593,287,306,2336,1134,1202,1655,815,840,2212,1068,1144,2165,1043,1122,681,319,362,379,182,197,59,23,36,4,0,4,27,7,20,1084,1084,188,350,230,227,79,7,3,885,839,46,179,430,9,89,173
53402147,0,,,810,391,419,47,17,30,760,371,389,461,239,222,745,366,379,731,358,373,299,132,167,170,72,98,41,16,25,2,1,1,8,2,6,380,380,131,129,78,29,10,1,2,244,220,24,17,199,11,56,64
53402148,0,,,1470,706,764,72,31,41,1395,673,722,644,318,326,1371,656,715,1350,646,704,751,355,396,330,156,174,76,27,49,6,2,4,21,6,15,616,616,123,260,142,63,21,6,1,489,441,48,17,476,1,90,178
53402149,0,,,1620,776,844,183,86,97,1428,684,744,843,421,422,1358,655,703,1334,646,688,585,263,322,267,110,157,78,21,57,16,3,13,19,9,10,609,608,135,216,118,90,28,14,7,466,412,54,29,336,7,69,119
53402150,0,,,7247,3736,3511,739,373,366,6232,3214,3018,4355,2361,1994,6067,3136,2931,5945,3074,2871,1877,853,1024,941,410,531,236,83,153,16,6,10,162,88,74,3444,3439,1429,967,530,379,110,16,8,1933,1739,194,235,1268,224,348,338
53402151,0,,,5031,2546,2485,682,340,342,4221,2132,2089,3089,1625,1464,4090,2072,2018,4009,2029,1980,1132,507,625,504,217,287,94,41,53,2,0,2,155,75,80,2229,2229,781,647,395,297,79,23,7,1427,1300,127,219,784,92,213,239
53402152,0,,,1018,571,447,117,55,62,876,502,374,620,375,245,855,491,364,830,473,357,256,127,129,128,56,72,38,16,22,4,1,3,24,21,3,482,482,220,111,68,54,21,7,1,255,213,42,31,166,59,38,50
53402153,0,,,6819,3367,3452,1255,649,606,5508,2691,2817,4786,2360,2426,5084,2471,2613,4850,2351,2499,722,331,391,355,158,197,99,37,62,5,3,2,58,28,30,2425,2424,474,588,521,650,164,22,5,1922,1828,94,264,474,76,95,171
53402154,0,,,6922,3395,3527,1376,714,662,5493,2656,2837,4837,2352,2485,5180,2505,2675,4967,2397,2570,656,304,352,283,121,162,63,27,36,2,0,2,31,11,20,2425,2425,438,576,569,622,188,27,5,1963,1859,104,329,455,72,73,158
53402155,0,,,5226,2551,2675,609,308,301,4538,2201,2337,3317,1645,1672,4313,2084,2229,4181,2011,2170,1221,556,665,615,256,359,151,50,101,9,1,8,49,18,31,2114,2112,540,687,433,319,102,26,5,1549,1418,131,145,799,66,165,265
53402156,0,,,6833,3363,3470,702,349,353,6052,2973,3079,3977,2025,1952,5900,2899,3001,5799,2848,2951,2075,948,1127,1066,466,600,263,104,159,20,4,16,88,42,46,2949,2941,869,997,591,358,96,21,9,2030,1856,174,222,1350,89,337,437
53402157,0,,,4512,2180,2332,543,272,271,3911,1880,2031,2479,1283,1196,3830,1833,1997,3772,1803,1969,1432,597,835,867,348,519,263,72,191,29,6,23,58,26,32,1931,1928,604,663,340,234,66,13,8,1301,1182,119,168,846,80,206,280
53402158,0,,,689,356,333,76,39,37,608,313,295,314,176,138,595,308,287,585,301,284,294,137,157,170,78,92,51,20,31,3,1,2,14,7,7,262,260,71,93,48,33,10,3,2,187,165,22,22,152,3,34,49
53402159,0,,,98,50,48,11,7,4,87,43,44,46,25,21,87,43,44,87,43,44,41,18,23,13,7,6,3,2,1,0,0,0,1,0,1,41,41,8,20,6,4,2,1,0,33,29,4,3,28,0,6,9
53402160,0,,,7570,3892,3678,862,456,406,6469,3297,3172,4657,2507,2150,6324,3219,3105,6213,3162,3051,1812,790,1022,963,389,574,266,78,188,15,3,12,127,55,72,3475,3468,1448,970,553,386,83,17,11,1932,1788,144,311,1102,208,367,264
53402161,0,,,2542,1244,1298,267,139,128,2232,1080,1152,1368,724,644,2179,1054,1125,2145,1040,1105,864,356,508,533,198,335,187,54,133,22,2,20,54,21,33,1024,1020,337,315,178,140,35,8,7,661,568,93,87,444,31,100,133
53402162,0,,,3227,1613,1614,562,286,276,2636,1312,1324,2145,1093,1052,2441,1221,1220,2345,1169,1176,491,219,272,265,105,160,90,30,60,8,3,5,53,29,24,1120,1118,233,254,252,280,78,17,4,875,814,61,119,287,34,55,79
53402163,0,,,7142,3490,3652,949,496,453,6125,2960,3165,4733,2292,2441,5812,2801,3011,5598,2703,2895,1392,668,724,568,259,309,136,41,95,7,0,7,82,42,40,2785,2783,647,860,616,500,126,26,8,2108,1984,124,249,843,95,139,348
53402164,0,,,6527,3222,3305,1116,558,558,5320,2617,2703,4231,2082,2149,5138,2524,2614,4996,2450,2546,1089,535,554,424,200,224,97,33,64,7,0,7,71,34,37,2661,2660,759,738,607,419,110,19,8,1862,1772,90,404,693,106,150,252
53402165,0,,,4969,2451,2518,788,404,384,3990,1928,2062,3095,1526,1569,3818,1846,1972,3703,1787,1916,895,402,493,412,186,226,101,38,63,5,1,4,70,32,38,1928,1923,517,574,380,320,102,22,8,1374,1287,87,208,600,69,152,180
53402166,0,,,1486,732,754,203,112,91,1259,613,646,836,418,418,1224,599,625,1194,585,609,423,195,228,228,112,116,53,23,30,1,0,1,19,10,9,604,603,159,198,114,90,34,7,1,436,399,37,49,278,21,66,108
53402167,0,,,4135,2003,2132,1109,582,527,2922,1383,1539,2292,1149,1143,2871,1347,1524,2840,1332,1508,630,234,396,445,152,293,185,37,148,32,3,29,48,21,27,1271,1266,148,302,370,343,86,12,5,1109,1053,56,505,244,20,47,79
53402168,0,,,418,197,221,16,10,6,402,187,215,196,101,95,394,185,209,385,181,204,206,86,120,128,49,79,46,11,35,7,0,7,2,0,2,158,157,34,57,41,18,5,2,0,123,107,16,4,111,0,26,34
53402169,0,,,370,176,194,19,9,10,350,166,184,149,96,53,344,160,184,344,160,184,201,70,131,127,33,94,73,11,62,16,2,14,2,1,1,112,111,26,36,22,15,9,2,1,84,61,23,4,79,1,17,21
53402170,0,,,3125,1656,1469,519,283,236,2457,1289,1168,1975,1076,899,2345,1221,1124,2275,1178,1097,482,213,269,247,89,158,67,17,50,5,0,5,50,14,36,1288,1284,445,304,229,220,69,13,4,806,739,67,153,319,50,72,72
53402171,0,,,3386,1750,1636,383,201,182,2830,1442,1388,1817,974,843,2756,1399,1357,2700,1363,1337,1013,468,545,586,258,328,116,47,69,4,1,3,51,19,32,1431,1424,454,413,270,191,73,15,8,926,820,106,115,686,25,189,187
53402172,0,,,5131,2542,2589,650,316,334,4375,2167,2208,3378,1715,1663,4174,2065,2109,4020,1978,2042,997,452,545,505,217,288,74,31,43,5,1,4,67,28,39,2126,2125,640,577,433,366,92,13,4,1451,1362,89,132,688,74,168,202
53402173,0,,,8928,4253,4675,1160,590,570,7660,3607,4053,6069,2893,3176,7344,3431,3913,7122,3322,3800,1591,714,877,734,273,461,211,58,153,18,2,16,83,33,50,3658,3654,1100,1036,763,577,140,35,3,2528,2411,117,293,1012,187,282,323
53402174,0,,,5553,2674,2879,765,407,358,4648,2199,2449,3697,1842,1855,4500,2125,2375,4394,2073,2321,951,357,594,586,175,411,292,71,221,33,8,25,85,31,54,2489,2409,1001,585,416,324,76,4,3,1364,1299,65,251,435,256,139,116
53402175,0,,,474,257,217,2,1,1,467,254,213,285,157,128,463,252,211,458,250,208,182,97,85,75,37,38,8,4,4,1,0,1,2,1,1,127,125,64,34,18,6,2,1,0,61,52,9,1,59,33,12,17
53402176,0,,,437,209,228,30,15,15,407,194,213,200,103,97,395,191,204,390,188,202,207,91,116,126,55,71,24,11,13,2,1,1,3,0,3,180,180,41,70,37,18,11,3,0,139,116,23,6,130,2,27,42
53402177,0,,,289,144,145,17,8,9,272,136,136,154,91,63,270,135,135,268,134,134,118,45,73,76,26,50,34,5,29,7,0,7,1,1,0,68,66,14,16,17,6,9,2,2,52,36,16,4,45,0,7,9
53402178,0,,,194,96,98,10,8,2,184,88,96,88,56,32,183,88,95,180,87,93,96,32,64,66,17,49,31,4,27,4,0,4,1,1,0,54,52,12,16,13,8,3,0,0,39,33,6,1,34,0,8,7
53402179,0,,,116,50,66,6,2,4,109,48,61,59,29,30,109,48,61,108,47,61,50,19,31,26,9,17,8,2,6,0,0,0,0,0,0,46,46,8,16,16,4,1,0,1,37,27,10,2,33,0,4,6
53402180,0,,,6973,3586,3387,886,461,425,5790,2963,2827,4680,2456,2224,5548,2833,2715,5371,2741,2630,1110,507,603,535,216,319,157,43,114,13,2,11,118,58,60,3153,3150,1304,733,503,467,118,18,7,1781,1650,131,266,711,309,173,194
53402181,0,,,4845,2520,2325,549,278,271,3919,2033,1886,2768,1499,1269,3819,1986,1833,3743,1945,1798,1151,534,617,608,248,360,143,44,99,3,0,3,53,27,26,2326,2321,1089,526,355,259,62,22,8,1179,1052,127,153,794,169,248,206
53402182,0,,,856,386,470,87,47,40,756,331,425,353,186,167,745,325,420,735,319,416,403,145,258,292,88,204,166,43,123,31,6,25,17,10,7,265,261,64,93,47,36,14,6,1,193,165,28,36,131,1,26,36
53402183,0,,,2539,1265,1274,562,288,274,1961,966,995,1534,772,762,1869,915,954,1825,899,926,427,194,233,227,98,129,75,30,45,9,3,6,41,22,19,931,931,231,199,188,235,66,9,3,690,627,63,142,302,19,89,74
53402184,0,,,1475,723,752,279,137,142,1179,576,603,823,427,396,1151,567,584,1133,560,573,356,149,207,229,90,139,77,18,59,7,0,7,16,9,7,544,543,143,136,121,106,32,2,3,391,361,30,104,182,24,52,52
53402185,0,,,27,12,15,1,0,1,26,12,14,15,8,7,26,12,14,26,12,14,11,4,7,7,2,5,2,1,1,0,0,0,1,0,1,12,12,3,5,2,2,0,0,0,9,7,2,1,8,0,2,1
53402186,0,,,289,126,163,4,2,2,166,86,80,116,64,52,163,84,79,162,84,78,50,22,28,20,9,11,2,1,1,1,1,0,1,0,1,32,29,4,12,6,4,1,2,0,25,21,4,0,25,1,3,11
53402187,0,,,104,60,44,5,1,4,99,59,40,46,29,17,97,58,39,96,57,39,53,30,23,24,13,11,4,2,2,0,0,0,0,0,0,38,37,10,9,11,6,0,1,0,27,23,4,0,26,0,6,6
53402188,0,,,50,20,30,1,0,1,48,20,28,22,7,15,47,20,27,47,20,27,26,13,13,13,5,8,5,1,4,0,0,0,2,0,2,23,23,8,8,2,5,0,0,0,15,14,1,0,19,0,6,5
53402189,0,,,77,35,42,1,0,1,75,34,41,42,18,24,75,34,41,74,33,41,33,16,17,17,5,12,5,1,4,1,0,1,1,1,0,32,32,6,12,10,3,1,0,0,26,19,7,0,25,0,3,2
53402190,0,,,9791,4915,4876,863,435,428,7974,3979,3995,6551,3343,3208,7786,3882,3904,7599,3800,3799,1423,636,787,680,251,429,192,58,134,10,1,9,179,93,86,5609,5604,3347,1104,638,418,79,15,3,2140,2006,134,323,1032,823,393,243
53402191,0,,,9435,4795,4640,817,423,394,8245,4191,4054,5434,2883,2551,7997,4066,3931,7803,3982,3821,2811,1308,1503,1501,646,855,377,137,240,20,2,18,150,63,87,4745,4735,2253,1174,673,468,116,43,8,2422,2200,222,233,2022,342,788,486
53402192,0,,,2260,1182,1078,256,141,115,1860,973,887,1298,684,614,1815,948,867,1775,929,846,562,289,273,243,118,125,67,26,41,4,1,3,23,11,12,1083,990,395,254,167,142,27,3,2,586,538,48,89,361,83,82,113
53402193,0,,,3597,1714,1883,407,203,204,3124,1468,1656,1826,927,899,3030,1422,1608,2973,1392,1581,1298,541,757,812,320,492,287,102,185,26,4,22,45,19,26,1432,1426,427,436,284,198,67,10,4,988,886,102,106,731,21,208,211
53402194,0,,,259,135,124,33,12,21,226,123,103,124,72,52,223,121,102,220,121,99,102,51,51,61,29,32,10,5,5,1,0,1,2,2,0,108,108,30,39,18,12,6,2,1,76,64,12,9,71,1,22,21
53402195,0,,,313,155,158,11,6,5,300,149,151,152,81,71,294,145,149,285,138,147,148,68,80,95,45,50,21,12,9,1,0,1,8,3,5,135,135,36,58,17,14,7,2,1,97,79,18,2,102,1,25,34
53402196,0,,,147,59,88,3,3,0,141,54,87,42,20,22,140,54,86,139,54,85,99,34,65,77,21,56,37,8,29,3,2,1,1,0,1,34,33,7,13,8,2,3,0,0,24,17,7,2,21,0,2,6
53402197,0,,,44,22,22,2,1,1,41,20,21,24,11,13,41,20,21,40,19,21,17,9,8,8,4,4,3,2,1,0,0,0,0,0,0,17,17,4,6,2,4,0,1,0,13,10,3,0,11,0,2,3
53402198,0,,,295,149,146,13,6,7,281,143,138,139,81,58,277,139,138,271,134,137,142,62,80,80,34,46,25,7,18,1,0,1,1,0,1,114,114,23,37,31,14,6,2,1,89,66,23,3,89,0,16,23
53402199,0,,,229,111,118,13,4,9,214,106,108,107,57,50,210,103,107,207,102,105,107,49,58,48,22,26,14,5,9,1,0,1,0,0,0,86,84,15,35,18,10,3,2,1,68,57,11,2,64,0,13,17
53402200,0,,,47,24,23,0,0,0,47,24,23,29,16,13,45,22,23,45,22,23,18,8,10,8,2,6,3,1,2,1,0,1,0,0,0,17,17,2,5,8,1,0,0,1,15,9,6,0,11,0,1,3
53402201,2,53402211,,4,1,3,*,*,*,*,*,*,*,*,*,*,*,*,*,*,*,*,*,*,*,*,*,*,*,*,*,*,*,*,*,*,2,2,*,*,*,*,*,*,*,*,*,*,*,*,*,*,*
53402202,0,,,41,19,22,0,0,0,41,19,22,12,6,6,41,19,22,41,19,22,29,13,16,11,2,9,7,1,6,2,0,2,0,0,0,18,18,6,5,3,4,0,0,0,12,7,5,0,17,0,5,3
53402203,0,,,206,96,110,18,7,11,182,86,96,98,48,50,178,85,93,174,83,91,84,38,46,33,13,20,8,3,5,2,0,2,3,1,2,74,74,16,24,12,12,6,2,2,53,39,14,5,55,0,12,10
53402204,0,,,1499,744,755,168,85,83,1283,630,653,973,495,478,1241,611,630,1201,589,612,310,135,175,140,49,91,34,5,29,1,0,1,36,15,21,662,661,224,200,122,84,22,8,1,418,377,41,50,212,35,39,58
53402205,0,,,831,398,433,103,54,49,727,343,384,536,257,279,691,326,365,669,316,353,191,86,105,70,31,39,21,7,14,1,0,1,5,2,3,313,313,52,115,66,55,19,6,0,257,237,20,20,126,1,26,39
53402206,0,,,1081,529,552,74,33,41,1005,495,510,486,261,225,990,488,502,974,480,494,519,234,285,256,95,161,70,15,55,7,1,6,8,2,6,373,369,81,149,79,32,17,7,4,284,241,43,18,246,2,47,78
53402207,0,,,1415,622,793,119,52,67,1296,570,726,583,277,306,1272,560,712,1258,552,706,713,293,420,419,139,280,236,57,179,30,5,25,17,1,16,484,478,108,195,99,44,20,8,4,369,325,44,31,302,1,74,96
53402208,0,,,810,386,424,57,27,30,750,359,391,437,206,231,729,346,383,722,341,381,313,153,160,142,60,82,36,9,27,1,0,1,10,2,8,330,330,79,118,73,40,14,2,4,247,204,43,12,216,5,57,54
53402209,0,,,381,186,195,23,9,14,358,177,181,165,92,73,355,176,179,353,174,179,193,85,108,84,31,53,25,5,20,1,0,1,3,1,2,166,166,42,74,25,15,6,2,2,123,99,24,8,123,0,30,43
53402210,0,,,1980,961,1019,124,69,55,1843,886,957,1324,625,699,1771,851,920,1710,818,892,519,261,258,179,72,107,42,9,33,5,1,4,20,12,8,772,772,104,336,185,99,38,8,2,666,605,61,18,347,6,46,156
53402211,1,,53402201,3275,1553,1722,231,108,123,3024,1434,1590,2239,1036,1203,2908,1375,1533,2804,1330,1474,785,398,387,333,138,195,109,32,77,12,4,8,25,11,14,1220,1217,169,480,299,197,54,13,7,1040,979,61,25,494,4,70,213
53402212,2,53402213,,5,2,3,*,*,*,*,*,*,*,*,*,*,*,*,*,*,*,*,*,*,*,*,*,*,*,*,*,*,*,*,*,*,2,2,*,*,*,*,*,*,*,*,*,*,*,*,*,*,*
53402213,1,,53402212,756,384,372,123,68,55,627,312,315,475,242,233,591,294,297,565,281,284,152,70,82,75,32,43,23,7,16,2,0,2,6,2,4,258,258,34,80,58,57,23,6,2,218,193,25,24,92,2,13,30
53402214,0,,,3968,1995,1973,468,267,201,3469,1708,1761,2557,1256,1301,3344,1639,1705,3262,1602,1660,912,452,460,365,164,201,90,28,62,5,2,3,30,8,22,1581,1580,347,553,345,236,71,22,6,1212,1125,87,111,609,52,107,230
53402215,0,,,364,170,194,33,12,21,327,157,170,196,99,97,318,152,166,313,149,164,131,58,73,55,23,32,19,5,14,2,1,1,7,3,4,167,167,68,42,32,14,6,5,0,97,79,18,9,94,13,31,16
53402216,0,,,416,204,212,45,22,23,371,182,189,214,110,104,364,181,183,360,177,183,157,72,85,77,34,43,20,8,12,2,1,1,1,0,1,160,160,26,61,43,17,7,6,0,133,109,24,7,100,1,15,28
53402217,0,,,1969,955,1014,198,91,107,1767,861,906,1109,562,547,1696,826,870,1647,803,844,658,299,359,311,131,180,79,26,53,4,1,3,36,16,20,784,783,183,272,175,93,47,9,4,591,522,69,48,422,13,103,145
53402218,0,,,1123,524,599,58,31,27,1057,488,569,528,247,281,1034,478,556,1021,471,550,529,241,288,254,106,148,88,31,57,9,1,8,10,2,8,474,472,127,201,84,34,20,4,2,335,302,33,7,319,4,83,100
53402219,0,,,899,447,452,48,29,19,843,413,430,444,223,221,835,408,427,827,406,421,399,190,209,169,83,86,34,14,20,2,1,1,6,3,3,410,410,125,163,71,29,18,1,3,281,241,40,10,268,3,75,88
53402220,0,,,2433,1149,1284,164,84,80,2235,1050,1185,1508,699,809,2181,1022,1159,2132,997,1135,727,351,376,308,127,181,117,39,78,15,5,10,36,16,20,1063,1062,280,430,222,94,26,9,1,773,727,46,45,452,16,101,182
53402221,0,,,7239,3531,3708,1019,529,490,6129,2954,3175,4595,2228,2367,5879,2815,3064,5740,2742,2998,1534,726,808,660,261,399,241,78,163,21,3,18,72,40,32,2875,2869,711,906,673,421,129,24,5,2127,1999,128,292,951,90,196,345
53402222,0,,,3156,1559,1597,970,503,467,2159,1043,1116,1901,939,962,2021,972,1049,1971,945,1026,258,104,154,137,43,94,67,13,54,10,1,9,13,10,3,980,979,117,198,234,307,102,20,1,856,829,27,253,124,12,20,46
53402223,0,,,274,126,148,11,6,5,262,119,143,137,62,75,258,117,141,252,115,137,125,57,68,65,27,38,18,8,10,1,0,1,2,0,2,108,108,22,44,17,15,8,1,1,86,65,21,4,85,0,19,25
53402224,0,,,2604,1260,1344,253,125,128,2315,1114,1201,1666,825,841,2254,1081,1173,2193,1053,1140,649,289,360,325,129,196,92,25,67,9,2,7,40,20,20,1193,1190,444,366,210,113,43,13,1,728,665,63,79,426,81,135,135
53402225,0,,,4247,2073,2174,430,197,233,3742,1827,1915,2531,1260,1271,3633,1778,1855,3569,1742,1827,1211,567,644,596,260,336,162,62,100,11,2,9,64,27,37,1980,1977,718,660,330,192,58,15,4,1240,1154,86,118,852,84,302,270
53402226,0,,,951,470,481,100,45,55,802,392,410,513,256,257,775,379,396,764,374,390,289,136,153,127,61,66,29,12,17,1,0,1,12,3,9,375,374,100,121,79,53,10,10,1,270,239,31,36,193,6,48,53
53402227,0,,,904,437,467,86,37,49,817,399,418,492,252,240,796,389,407,783,379,404,325,147,178,142,60,82,38,12,26,2,2,0,5,1,4,348,348,67,122,79,54,17,8,1,278,236,42,23,199,0,39,52
53402228,0,,,1176,597,579,109,57,52,1059,535,524,640,336,304,1030,515,515,1014,506,508,419,199,220,179,79,100,34,13,21,2,0,2,22,10,12,499,498,130,188,94,56,24,4,2,359,321,38,25,273,3,65,99
53402229,0,,,869,460,409,81,50,31,785,407,378,496,264,232,765,403,362,752,395,357,289,143,146,126,55,71,41,18,23,2,1,1,15,11,4,358,357,99,124,68,44,12,6,4,249,220,29,22,194,2,56,49
53402230,0,,,5031,2416,2615,371,188,183,4631,2216,2415,2432,1181,1251,4534,2169,2365,4454,2132,2322,2199,1035,1164,1033,499,534,199,77,122,12,2,10,22,7,15,2176,2174,464,962,462,208,60,10,8,1694,1580,114,83,1397,11,287,599
53402231,0,,,6731,3233,3498,747,367,380,5824,2796,3028,4164,2049,2115,5615,2686,2929,5468,2616,2852,1660,747,913,903,361,542,297,95,202,16,3,13,74,34,40,2946,2940,1017,865,541,386,105,22,4,1893,1741,152,214,1111,133,344,347
53402232,0,,,3909,1923,1986,793,414,379,3054,1472,1582,2447,1193,1254,2900,1398,1502,2822,1371,1451,607,279,328,297,129,168,64,24,40,3,1,2,15,9,6,1427,1424,296,381,326,304,89,24,4,1118,1053,65,236,403,34,99,142
53402233,0,,,208,109,99,11,4,7,197,105,92,82,45,37,195,103,92,195,103,92,115,60,55,56,28,28,19,7,12,1,0,1,0,0,0,72,71,19,26,14,8,3,1,0,49,37,12,6,45,3,9,10
53402234,0,,,267,133,134,24,14,10,241,118,123,122,63,59,240,117,123,239,117,122,119,55,64,53,25,28,11,4,7,2,1,1,3,0,3,113,113,33,45,13,13,4,3,2,79,63,16,8,77,0,17,26
53402235,0,,,1054,503,551,48,23,25,991,473,518,523,264,259,971,460,511,952,452,500,468,209,259,229,91,138,79,27,52,6,2,4,15,6,9,477,476,154,167,94,43,11,2,5,317,262,55,16,318,6,98,92
53402236,0,,,724,360,364,46,16,30,662,334,328,365,196,169,651,330,321,644,327,317,297,138,159,123,58,65,26,9,17,4,0,4,15,9,6,354,353,143,112,52,35,8,2,1,204,180,24,16,199,14,63,57
53402237,0,,,229,118,111,19,12,7,210,106,104,112,62,50,205,104,101,202,103,99,98,44,54,47,20,27,14,4,10,0,0,0,0,0,0,85,85,16,27,27,7,3,2,3,69,51,18,5,59,0,10,13
53402238,0,,,254,119,135,20,9,11,234,110,124,126,64,62,228,108,120,225,107,118,108,46,62,53,20,33,17,4,13,0,0,0,1,0,1,95,95,21,27,26,13,3,3,2,74,53,21,4,70,0,15,14
53402239,0,,,385,201,184,34,18,16,347,181,166,210,119,91,335,174,161,328,168,160,137,62,75,58,21,37,26,6,20,4,0,4,6,6,0,131,131,28,34,28,19,12,5,5,101,65,36,8,89,0,17,15
53402240,0,,,836,398,438,69,31,38,763,364,399,397,200,197,748,359,389,738,353,385,366,164,202,194,92,102,44,18,26,3,0,3,5,1,4,357,357,90,135,79,33,14,5,1,263,226,37,15,233,3,48,75
53402241,0,,,2621,1275,1346,217,119,98,2380,1144,1236,1370,695,675,2321,1112,1209,2287,1092,1195,1010,449,561,531,229,302,127,51,76,11,3,8,11,4,7,1154,1150,342,425,229,106,37,8,3,798,722,76,53,630,22,163,219
53402242,0,,,740,376,364,48,25,23,687,348,339,363,193,170,666,336,330,656,328,328,324,155,169,147,70,77,32,12,20,0,0,0,10,7,3,324,324,82,131,64,33,12,2,0,236,216,20,11,219,6,54,78
53402243,0,,,109,56,53,5,3,2,104,53,51,61,31,30,102,53,49,100,52,48,43,22,21,22,9,13,7,2,5,1,0,1,0,0,0,42,42,10,15,6,7,2,1,1,32,22,10,0,27,0,4,9
53402244,0,,,589,280,309,89,42,47,499,237,262,300,150,150,484,229,255,477,226,251,199,87,112,90,37,53,22,8,14,3,0,3,3,1,2,222,222,42,73,52,35,16,3,1,179,157,22,23,123,1,25,37
53402245,0,,,2811,1408,1403,710,358,352,2090,1043,1047,1735,878,857,1991,991,1000,1941,967,974,355,165,190,149,68,81,50,20,30,2,0,2,20,8,12,1002,1001,205,258,209,230,69,23,7,783,728,55,196,229,39,48,75
53402246,0,,,157,74,83,5,3,2,152,71,81,80,41,39,148,69,79,147,68,79,72,30,42,43,15,28,21,9,12,3,1,2,0,0,0,61,61,19,14,14,6,5,2,1,41,26,15,1,46,1,11,5
53402247,0,,,328,155,173,30,18,12,298,137,161,186,92,94,289,132,157,283,130,153,112,45,67,56,22,34,19,6,13,3,1,2,8,3,5,129,129,28,48,27,13,8,4,1,100,86,14,8,75,1,16,21
53402248,0,,,43,20,23,2,2,0,41,18,23,22,12,10,40,18,22,40,18,22,19,6,13,13,5,8,2,1,1,0,0,0,0,0,0,17,17,4,4,5,4,0,0,0,13,8,5,1,13,0,4,2
53402249,0,,,186,93,93,18,8,10,168,85,83,103,55,48,162,82,80,159,79,80,65,30,35,31,14,17,9,3,6,1,0,1,0,0,0,65,65,11,20,14,12,4,3,1,54,37,17,4,45,0,6,9
53402250,0,,,203,99,104,15,8,7,188,91,97,76,41,35,187,91,96,186,90,96,112,50,62,52,22,30,10,1,9,1,0,1,0,0,0,86,86,14,43,19,6,2,2,0,71,64,7,3,71,0,12,28
53402251,0,,,737,370,367,33,16,17,700,352,348,360,195,165,680,344,336,671,341,330,340,157,183,183,89,94,34,14,20,0,0,0,1,0,1,297,297,51,120,82,27,12,3,2,244,206,38,7,215,0,31,73
53402252,0,,,306,156,150,23,10,13,281,145,136,136,74,62,279,144,135,272,139,133,145,71,74,82,43,39,17,6,11,0,0,0,2,1,1,124,124,18,63,20,15,6,2,0,103,89,14,4,92,0,14,36
53402253,0,,,423,207,216,19,11,8,403,195,208,260,126,134,392,188,204,383,183,200,143,69,74,74,39,35,14,6,8,1,1,0,1,0,1,180,180,34,79,46,13,7,1,0,142,132,10,4,95,0,19,37
53402254,0,,,586,290,296,74,41,33,507,247,260,359,179,180,480,234,246,461,224,237,148,68,80,83,40,43,17,6,11,0,0,0,3,0,3,208,208,29,75,40,45,10,7,2,173,155,18,13,96,0,14,30
53402255,0,,,2388,1184,1204,593,312,281,1783,866,917,1459,717,742,1708,830,878,1657,803,854,324,149,175,140,62,78,41,13,28,4,1,3,26,5,21,816,815,128,216,180,200,66,23,2,678,628,50,165,213,10,47,71
53402256,0,,,990,510,480,97,48,49,890,460,430,619,317,302,863,447,416,836,433,403,271,143,128,91,48,43,24,11,13,0,0,0,25,10,15,399,399,90,137,90,58,20,4,0,307,289,18,25,183,2,51,59
53402257,0,,,2026,1023,1003,233,119,114,1780,896,884,1269,653,616,1719,862,857,1674,837,837,511,243,268,232,98,134,68,24,44,3,0,3,46,25,21,817,815,221,270,147,106,49,15,7,583,503,80,68,343,31,71,99
53402258,0,,,486,234,252,48,23,25,436,210,226,276,136,140,423,203,220,411,197,214,160,74,86,69,29,40,24,8,16,2,0,2,4,2,2,200,199,50,65,46,27,10,1,0,148,126,22,9,108,2,29,29
53402259,0,,,526,262,264,55,34,21,468,226,242,298,155,143,455,219,236,443,212,231,170,71,99,89,32,57,31,9,22,1,1,0,3,2,1,206,206,53,65,31,40,13,3,1,152,125,27,9,111,7,22,32
53402260,0,,,31,16,15,1,1,0,29,15,14,10,5,5,28,15,13,28,15,13,19,10,9,5,3,2,1,0,1,0,0,0,0,0,0,12,12,1,6,2,3,0,0,0,11,9,2,0,10,0,0,5
53402261,0,,,83,42,41,4,2,2,79,40,39,41,21,20,79,40,39,79,40,39,38,19,19,14,7,7,4,1,3,0,0,0,0,0,0,29,29,3,13,5,5,0,2,1,26,19,7,1,25,0,2,7
53402262,0,,,122,62,60,4,4,0,118,58,60,60,31,29,114,55,59,112,55,57,58,27,31,20,8,12,6,1,5,1,0,1,0,0,0,49,49,12,14,16,5,0,1,1,35,24,11,0,38,0,7,8
53402263,0,,,742,350,392,42,20,22,693,324,369,449,201,248,668,313,355,656,306,350,244,123,121,108,51,57,20,9,11,1,0,1,10,4,6,299,298,55,132,62,35,10,4,0,236,216,20,11,146,0,29,67
53402264,0,,,2006,961,1045,192,95,97,1807,862,945,1175,542,633,1751,832,919,1716,815,901,632,320,312,276,136,140,60,27,33,3,0,3,33,12,21,802,801,119,354,175,119,29,4,1,671,616,55,43,399,0,65,197
53402265,0,,,375,187,188,49,21,28,326,166,160,215,111,104,315,158,157,306,151,155,111,55,56,49,20,29,16,4,12,3,0,3,6,3,3,143,143,24,55,31,20,11,1,1,117,100,17,13,72,0,11,24
53402266,0,,,364,184,180,28,14,14,336,170,166,210,111,99,325,161,164,320,158,162,126,59,67,65,25,40,19,7,12,0,0,0,1,0,1,136,136,31,44,26,19,9,4,3,104,78,26,5,88,0,20,17
53402267,0,,,748,366,382,91,52,39,649,310,339,479,234,245,636,304,332,626,301,325,170,76,94,82,40,42,16,4,12,1,0,1,25,15,10,317,317,84,111,66,39,14,3,0,225,200,25,25,107,13,18,37
53402268,0,,,3842,1888,1954,390,174,216,3301,1627,1674,2289,1177,1112,3186,1569,1617,3116,1535,1581,1012,450,562,482,189,293,127,31,96,6,0,6,107,46,61,1841,1839,814,470,276,197,66,12,4,1004,878,126,98,689,116,227,171
53402269,0,,,3591,1799,1792,443,211,232,2987,1497,1490,2070,1086,984,2889,1454,1435,2823,1424,1399,917,411,506,448,187,261,143,44,99,11,2,9,134,60,74,1763,1760,858,415,232,177,54,16,8,891,788,103,115,601,157,199,156
53402270,0,,,127,72,55,2,2,0,122,69,53,93,55,38,122,69,53,122,69,53,29,14,15,15,4,11,2,1,1,1,0,1,0,0,0,30,29,10,11,4,3,0,0,1,19,16,3,1,19,0,5,3
53402271,0,,,125,65,60,9,4,5,116,61,55,69,35,34,116,61,55,116,61,55,47,26,21,16,7,9,7,3,4,1,0,1,0,0,0,42,42,6,10,12,9,3,2,0,36,28,8,3,31,1,3,4
53402272,0,,,12,5,7,1,0,1,11,5,6,6,3,3,10,5,5,10,5,5,5,2,3,2,0,2,0,0,0,0,0,0,0,0,0,5,5,1,2,1,1,0,0,0,3,2,1,0,3,0,1,0
53402273,0,,,142,74,68,8,4,4,134,70,64,73,41,32,132,70,62,131,70,61,61,29,32,30,16,14,7,3,4,0,0,0,3,3,0,60,60,12,26,12,8,2,0,0,48,41,7,1,43,2,7,11
53402274,0,,,54,22,32,6,2,4,48,20,28,26,10,16,48,20,28,48,20,28,22,10,12,8,5,3,4,2,2,0,0,0,1,1,0,31,31,17,10,2,0,1,1,0,13,12,1,2,14,9,3,5
53402275,0,,,97,54,43,4,4,0,93,50,43,50,30,20,92,50,42,91,49,42,43,20,23,21,9,12,11,4,7,0,0,0,1,1,0,35,35,7,8,12,4,3,0,1,28,18,10,2,27,0,4,3
53402276,0,,,297,138,159,23,11,12,274,127,147,169,82,87,264,122,142,258,120,138,105,45,60,53,20,33,20,7,13,2,1,1,1,0,1,108,108,18,38,28,11,6,4,3,89,68,21,6,72,0,14,14
53402277,0,,,1266,651,615,160,100,60,1098,546,552,765,393,372,1042,520,522,1002,500,502,333,153,180,169,70,99,52,18,34,1,0,1,19,9,10,476,476,108,154,80,88,25,16,5,364,298,66,32,230,13,47,57
53402278,0,,,1152,565,587,72,35,37,1068,524,544,593,318,275,1045,516,529,1030,506,524,475,206,269,272,110,162,89,23,66,12,1,11,16,7,9,543,542,215,166,96,40,15,7,3,321,275,46,22,325,16,114,72
53402279,0,,,4502,2274,2228,588,297,291,3758,1893,1865,2811,1447,1364,3647,1844,1803,3548,1797,1751,947,446,501,427,195,232,114,37,77,5,1,4,182,84,98,2280,2280,1085,582,327,194,65,20,7,1163,1060,103,168,654,245,200,206
53402280,0,,,17,10,7,2,2,0,14,7,7,6,3,3,14,7,7,14,7,7,8,4,4,5,2,3,2,1,1,0,0,0,0,0,0,8,8,4,3,0,0,0,0,1,4,3,1,1,5,0,2,2
53402281,0,,,134,69,65,3,2,1,128,66,62,64,38,26,127,66,61,126,66,60,64,28,36,30,11,19,11,4,7,1,0,1,3,1,2,74,74,35,25,8,5,1,0,0,39,30,9,0,46,0,16,11
53402282,0,,,241,121,120,16,11,5,220,108,112,123,65,58,213,106,107,209,104,105,97,43,54,55,23,32,15,3,12,0,0,0,2,1,1,85,84,22,25,17,12,1,2,5,61,46,15,3,58,0,11,10
53402283,0,,,364,189,175,23,12,11,330,171,159,169,99,70,326,169,157,325,169,156,161,72,89,63,26,37,24,9,15,2,1,1,15,13,2,168,168,61,52,33,13,6,3,0,105,87,18,6,113,10,30,25
53402284,0,,,117,60,57,5,3,2,111,56,55,68,36,32,108,54,54,105,52,53,43,20,23,14,7,7,3,0,3,1,0,1,7,3,4,47,47,12,18,8,4,2,2,1,33,25,8,2,28,2,4,6
53402285,0,,,42,21,21,2,1,1,40,20,20,21,10,11,40,20,20,40,20,20,19,10,9,10,4,6,6,2,4,0,0,0,0,0,0,17,17,3,7,3,4,0,0,0,14,10,4,0,12,0,2,4
53402286,0,,,321,160,161,17,11,6,304,149,155,150,83,67,299,149,150,297,148,149,154,66,88,93,38,55,27,10,17,2,0,2,1,1,0,142,142,43,49,30,12,7,0,1,98,77,21,4,98,0,24,29
53402287,0,,,1890,925,965,244,125,119,1640,796,844,1072,519,553,1605,780,825,1582,771,811,568,277,291,185,75,110,58,15,43,2,1,1,31,12,19,740,740,119,311,151,110,40,7,2,614,557,57,53,374,5,57,152
53402288,0,,,1175,597,578,101,56,45,1064,534,530,677,348,329,1040,523,517,1016,509,507,387,186,201,151,67,84,52,20,32,4,0,4,41,21,20,509,508,129,197,106,54,19,3,0,372,334,38,40,260,10,65,87
53402289,0,,,2619,1300,1319,292,150,142,2248,1105,1143,1600,806,794,2160,1062,1098,2087,1029,1058,648,299,349,292,117,175,83,25,58,7,2,5,93,56,37,1173,1173,442,317,200,147,51,12,4,714,632,82,68,432,82,109,133
53402290,0,,,83,45,38,5,5,0,76,39,37,32,16,16,75,38,37,75,38,37,44,23,21,10,5,5,3,1,2,0,0,0,0,0,0,35,35,8,12,9,6,0,0,0,27,21,6,1,26,0,4,7
53402291,0,,,356,185,171,17,9,8,337,175,162,144,81,63,329,171,158,326,168,158,193,94,99,112,48,64,30,8,22,1,0,1,5,2,3,130,125,35,56,11,12,7,3,1,89,74,15,1,86,2,19,29
53402292,0,,,650,343,307,63,32,31,583,309,274,337,181,156,562,300,262,555,296,259,246,128,118,120,56,64,28,10,18,1,0,1,9,4,5,227,225,56,68,46,34,13,5,3,166,144,22,16,128,1,36,31
53402293,0,,,496,258,238,39,24,15,457,234,223,257,138,119,442,229,213,435,225,210,200,96,104,116,49,67,30,11,19,3,1,2,5,3,2,178,175,40,58,31,19,17,7,3,132,103,29,5,123,1,32,27
53402294,0,,,417,231,186,19,14,5,390,210,180,198,113,85,381,204,177,374,201,173,192,97,95,95,44,51,23,8,15,4,0,4,22,19,3,171,168,50,57,34,16,11,0,0,115,97,18,4,103,10,16,32
53402295,0,,,197,99,98,23,13,10,174,86,88,99,56,43,170,84,86,168,83,85,75,30,45,34,12,22,15,3,12,1,0,1,0,0,0,80,80,23,28,10,12,4,2,1,56,43,13,5,53,1,14,14
53402296,0,,,690,360,330,102,55,47,582,301,281,436,227,209,563,289,274,552,284,268,146,74,72,52,22,30,11,4,7,0,0,0,17,10,7,292,292,99,77,55,39,17,4,1,189,171,18,34,107,5,45,21
53402297,0,,,163,74,89,19,6,13,144,68,76,101,51,50,138,64,74,136,62,74,43,17,26,23,8,15,9,3,6,2,0,2,1,0,1,57,57,8,17,14,11,7,0,0,47,35,12,4,27,0,5,5
53402298,0,,,594,282,312,102,33,69,477,238,239,361,181,180,461,231,230,450,222,228,116,57,59,45,18,27,12,4,8,1,0,1,9,5,4,250,250,81,74,46,24,19,6,0,160,144,16,39,82,12,20,23
53402299,0,,,402,201,201,36,20,16,365,180,185,202,111,91,363,179,184,359,176,183,163,69,94,89,35,54,32,12,20,1,0,1,10,7,3,167,167,41,66,26,22,9,3,0,125,97,28,11,107,1,25,37
53402300,0,,,331,167,164,23,16,7,306,150,156,169,87,82,299,147,152,297,145,152,137,63,74,64,27,37,18,5,13,0,0,0,3,1,2,146,146,43,51,30,17,4,0,1,100,89,11,7,98,0,30,23
53402301,0,,,299,149,150,9,5,4,290,144,146,159,76,83,287,143,144,284,141,143,131,68,63,61,26,35,16,6,10,1,0,1,3,1,2,121,119,35,46,21,13,3,1,0,82,70,12,2,76,0,20,21
53402302,0,,,300,146,154,29,14,15,271,132,139,178,92,86,258,127,131,250,121,129,93,40,53,47,18,29,14,3,11,1,0,1,1,1,0,107,107,21,34,21,16,9,3,3,86,66,20,6,64,0,13,16
53402303,0,,,426,209,217,19,9,10,405,198,207,210,109,101,401,196,205,395,195,200,195,89,106,97,37,60,33,12,21,2,0,2,7,4,3,180,178,63,55,30,21,4,5,0,111,93,18,3,121,1,41,29
53402304,0,,,885,420,465,57,26,31,814,385,429,453,229,224,802,377,425,789,374,415,361,156,205,194,71,123,62,16,46,6,0,6,27,13,14,395,393,145,112,72,40,16,7,1,244,194,50,13,249,16,82,50
53402310,0,,,494,237,257,46,21,25,448,216,232,274,144,130,433,206,227,423,200,223,174,72,102,113,44,69,60,19,41,6,1,5,7,3,4,152,151,26,43,31,31,16,1,3,123,94,29,9,74,1,15,16
53402311,0,,,555,277,278,43,20,23,508,256,252,311,168,143,495,250,245,486,244,242,197,88,109,91,37,54,28,6,22,3,0,3,6,1,5,213,213,49,72,43,24,16,6,3,161,131,30,7,129,0,28,39
53402312,0,,,267,134,133,18,13,5,249,121,128,159,82,77,243,117,126,238,115,123,90,39,51,37,15,22,10,2,8,3,0,3,2,0,2,94,94,15,29,23,16,5,6,0,79,64,15,3,57,0,8,15
53402313,0,,,410,218,192,26,13,13,370,197,173,226,123,103,360,191,169,357,189,168,144,74,70,68,30,38,17,5,12,1,0,1,5,1,4,185,184,70,53,30,19,9,3,0,111,92,19,8,105,3,35,14
53402314,0,,,1275,621,654,121,67,54,1149,550,599,655,317,338,1117,534,583,1096,523,573,494,233,261,248,95,153,70,23,47,6,2,4,21,5,16,506,503,131,172,87,65,28,15,5,366,290,76,23,340,1,87,83
53402315,0,,,105,53,52,8,4,4,97,49,48,60,31,29,95,48,47,95,48,47,37,18,19,12,3,9,4,2,2,0,0,0,1,0,1,43,43,9,16,9,8,1,0,0,34,30,4,2,28,0,6,7
53402320,0,,,136,62,74,9,4,5,127,58,69,83,37,46,124,56,68,120,53,67,44,21,23,18,6,12,4,2,2,1,0,1,0,0,0,52,52,16,13,9,7,4,2,1,36,26,10,1,31,0,7,6
53402321,0,,,278,134,144,15,7,8,262,126,136,134,68,66,256,123,133,252,121,131,128,58,70,69,32,37,18,5,13,1,0,1,1,0,1,113,113,26,42,21,17,5,2,0,86,70,16,4,82,0,15,28
53402322,0,,,663,339,324,44,25,19,618,313,305,338,180,158,604,305,299,596,299,297,280,133,147,114,48,66,25,8,17,4,1,3,12,8,4,283,283,87,93,55,29,9,6,4,190,148,42,8,179,8,43,50
53402323,0,,,440,209,231,32,15,17,405,193,212,247,126,121,396,186,210,387,182,205,158,67,91,79,30,49,24,6,18,3,0,3,4,1,3,181,181,44,69,29,30,3,6,0,136,109,27,5,108,0,26,27
53402324,0,,,602,303,299,56,26,30,541,274,267,295,159,136,530,268,262,522,263,259,246,115,131,112,44,68,26,6,20,5,0,5,2,2,0,242,242,68,76,44,37,8,4,5,169,127,42,11,165,3,39,40
53402325,0,,,699,364,335,48,26,22,635,327,308,376,207,169,617,319,298,608,314,294,259,120,139,119,49,70,27,10,17,3,1,2,17,8,9,316,315,119,94,60,23,10,5,4,191,164,27,16,185,8,54,37
53402330,0,,,133,67,66,11,6,5,122,61,61,77,42,35,120,60,60,115,56,59,45,19,26,21,6,15,5,2,3,0,0,0,0,0,0,49,49,10,18,7,10,2,0,2,38,25,13,2,29,0,4,7
53402331,0,,,845,439,406,74,38,36,768,399,369,429,245,184,754,393,361,736,382,354,339,154,185,156,63,93,36,12,24,4,0,4,47,43,4,385,385,145,126,53,39,10,6,6,237,196,41,12,225,29,60,70
53402332,0,,,619,308,311,53,30,23,565,277,288,318,164,154,553,269,284,543,264,279,247,113,134,107,45,62,29,7,22,4,0,4,7,1,6,267,267,76,94,47,38,10,2,0,190,170,20,12,172,0,54,46
53402333,0,,,184,98,86,4,2,2,178,95,83,99,58,41,173,90,83,170,89,81,79,37,42,37,17,20,11,3,8,0,0,0,0,0,0,70,70,13,25,18,8,4,1,1,56,47,9,2,49,0,8,13
53402334,0,,,701,333,368,64,39,25,636,294,342,350,177,173,603,278,325,594,273,321,286,117,169,145,47,98,69,13,56,11,0,11,1,0,1,247,246,68,67,53,32,16,6,4,177,137,40,12,148,0,42,38
53402335,0,,,1846,882,964,130,71,59,1704,802,902,909,465,444,1665,783,882,1638,771,867,795,337,458,416,153,263,166,46,120,15,3,12,53,17,36,803,801,280,257,144,66,31,12,11,513,422,91,37,501,28,144,126
53402336,0,,,78,39,39,2,0,2,72,36,36,37,21,16,71,36,35,70,35,35,35,15,20,19,6,13,13,4,9,1,0,1,1,0,1,33,33,9,12,5,5,2,0,0,23,16,7,0,24,1,5,3
53402340,0,,,250,126,124,25,11,14,225,115,110,115,63,52,223,115,108,219,114,105,110,52,58,55,26,29,13,4,9,2,0,2,2,1,1,87,87,13,31,19,13,6,2,3,74,56,18,5,70,0,11,18
53402341,0,,,800,371,429,79,35,44,711,328,383,486,235,251,681,307,374,667,303,364,225,93,132,91,39,52,22,6,16,0,0,0,18,9,9,326,326,92,103,56,48,22,4,1,228,193,35,13,156,5,44,38
53402342,0,,,1283,637,646,163,90,73,1119,546,573,744,368,376,1082,530,552,1052,509,543,375,178,197,149,60,89,36,10,26,3,2,1,14,3,11,507,507,122,178,102,48,44,9,4,380,332,48,42,259,5,60,75
53402343,0,,,258,133,125,20,8,12,238,125,113,154,84,70,233,124,109,226,120,106,84,41,43,42,17,25,10,3,7,0,0,0,1,0,1,104,104,22,36,28,11,6,1,0,82,71,11,4,60,0,14,12
53402344,0,,,792,379,413,76,32,44,716,347,369,386,205,181,697,336,361,681,326,355,330,142,188,178,65,113,66,17,49,3,1,2,3,1,2,300,299,75,93,54,45,23,3,6,224,169,55,16,213,1,51,50
53402345,0,,,926,455,471,51,29,22,874,425,449,475,246,229,856,417,439,839,407,432,399,179,220,191,70,121,74,22,52,11,3,8,23,11,12,394,392,128,124,82,42,11,4,1,260,211,49,10,250,19,75,61
53402346,0,,,685,324,361,50,20,30,634,303,331,353,181,172,620,297,323,608,288,320,281,122,159,137,49,88,44,10,34,6,0,6,35,16,19,304,303,115,87,51,31,12,5,2,186,145,41,12,178,26,52,40
53402350,0,,,381,195,186,47,25,22,334,170,164,225,116,109,323,164,159,316,160,156,109,54,55,52,23,29,12,3,9,0,0,0,6,2,4,148,148,37,47,32,16,9,4,3,107,83,24,18,74,4,17,19
53402351,0,,,1389,661,728,148,58,90,1214,590,624,743,373,370,1190,579,611,1172,569,603,471,217,254,231,106,125,50,25,25,3,2,1,17,6,11,600,599,193,199,98,68,26,13,2,398,330,68,36,320,16,86,103
53402352,0,,,1284,639,645,110,58,52,1173,580,593,702,369,333,1148,567,581,1129,559,570,471,211,260,203,75,128,67,15,52,8,0,8,28,7,21,397,393,92,131,74,63,21,7,5,295,235,60,28,216,8,42,61
53402353,0,,,508,254,254,44,21,23,457,228,229,265,139,126,451,225,226,444,221,223,192,89,103,87,37,50,26,8,18,2,1,1,11,7,4,218,217,76,62,40,23,13,0,3,136,105,31,15,128,6,38,28
53402354,0,,,541,266,275,37,14,23,503,252,251,268,144,124,494,248,246,492,247,245,235,108,127,104,40,64,39,15,24,1,0,1,5,0,5,243,242,72,96,44,17,9,3,1,169,146,23,10,155,1,41,46
53402355,0,,,224,105,119,21,10,11,202,95,107,129,67,62,197,92,105,193,89,104,73,28,45,35,12,23,6,1,5,0,0,0,2,0,2,84,84,15,31,17,12,8,0,1,67,56,11,5,47,1,7,15
53402356,0,,,556,276,280,44,23,21,508,252,256,287,153,134,497,249,248,484,243,241,221,99,122,103,42,61,32,6,26,4,0,4,4,2,2,232,232,65,71,59,24,6,4,3,166,134,32,7,148,4,39,34
53402357,0,,,138,74,64,12,6,6,126,68,58,70,40,30,122,65,57,119,63,56,56,28,28,25,15,10,8,4,4,0,0,0,4,4,0,54,54,16,15,11,6,3,2,1,37,25,12,2,38,0,13,9
53402360,0,,,933,468,465,80,49,31,838,409,429,515,266,249,819,400,419,800,390,410,323,143,180,166,62,104,59,18,41,5,1,4,10,4,6,380,379,104,123,80,48,14,8,2,272,226,46,18,203,13,43,48
53402361,0,,,695,327,368,55,28,27,640,299,341,384,189,195,629,295,334,622,292,330,256,110,146,128,50,78,50,15,35,7,1,6,9,4,5,294,293,84,103,62,33,8,1,2,206,173,33,17,162,3,36,40
53402362,0,,,600,280,320,57,32,25,540,247,293,275,138,137,530,239,291,517,230,287,265,109,156,144,48,96,70,20,50,15,4,11,7,4,3,215,213,49,88,38,19,12,6,1,160,133,27,12,121,3,29,35
53402363,0,,,212,106,106,8,4,4,203,101,102,109,59,50,197,97,100,195,95,100,94,42,52,39,18,21,11,3,8,2,0,2,0,0,0,90,90,22,40,14,9,0,3,2,68,53,15,1,64,0,15,18
53402364,0,,,247,126,121,22,11,11,218,110,108,115,62,53,214,108,106,211,106,105,103,48,55,54,23,31,15,4,11,2,1,1,3,2,1,100,100,26,33,21,10,9,0,1,72,57,15,6,68,1,15,18
53402365,0,,,374,189,185,38,24,14,335,165,170,193,101,92,325,163,162,318,157,161,142,64,78,70,28,42,21,4,17,0,0,0,10,9,1,151,151,44,45,33,12,11,5,1,106,84,22,7,93,6,24,21
53402366,0,,,250,116,134,19,9,10,231,107,124,140,69,71,224,106,118,220,105,115,91,38,53,46,18,28,10,2,8,2,0,2,3,0,3,97,97,25,29,19,14,8,1,1,72,56,16,3,59,0,14,11
53402367,0,,,610,293,317,37,22,15,566,266,300,284,154,130,558,266,292,550,263,287,282,112,170,175,60,115,81,22,59,10,3,7,4,1,3,232,230,63,79,38,36,8,5,1,167,135,32,7,147,1,37,41
53402370,0,,,1720,974,746,224,125,99,1435,799,636,1114,640,474,1389,773,616,1303,699,604,321,159,162,131,60,71,27,11,16,1,0,1,40,12,28,816,811,369,183,123,92,28,15,1,432,389,43,57,224,79,66,61
53402371,0,,,44,21,23,6,3,3,38,18,20,19,7,12,38,18,20,38,18,20,19,11,8,11,5,6,3,1,2,0,0,0,0,0,0,17,17,7,4,1,2,1,1,1,10,6,4,3,15,0,7,3
53402372,0,,,158,77,81,16,8,8,142,69,73,70,35,35,140,68,72,139,68,71,72,34,38,39,20,19,13,4,9,1,1,0,1,0,1,60,60,11,26,4,13,5,1,0,49,37,12,3,44,0,9,18
53402373,0,,,340,161,179,30,16,14,310,145,165,192,96,96,301,141,160,292,136,156,118,49,69,56,19,37,21,5,16,4,1,3,0,0,0,134,134,41,32,32,15,9,3,2,93,71,22,9,82,1,26,14
53402374,0,,,325,166,159,20,11,9,305,155,150,158,89,69,301,154,147,297,150,147,147,66,81,60,21,39,24,5,19,2,0,2,0,0,0,143,143,50,40,30,16,5,0,2,93,74,19,7,98,1,29,21
53402375,0,,,215,117,98,16,12,4,197,103,94,109,61,48,194,102,92,192,102,90,88,42,46,46,22,24,12,4,8,1,0,1,1,0,1,89,89,28,30,14,7,6,2,2,59,44,15,4,62,0,18,14
53402376,0,,,305,149,156,15,8,7,286,138,148,160,81,79,281,136,145,275,133,142,126,57,69,68,27,41,29,14,15,2,2,0,4,0,4,106,106,20,32,20,18,8,7,1,86,53,33,4,75,0,8,20
53402377,0,,,509,260,249,57,27,30,448,230,218,264,139,125,436,221,215,428,218,210,184,91,93,85,42,43,21,6,15,1,0,1,4,1,3,213,213,65,72,37,18,12,7,2,146,115,31,13,131,0,44,35
53402378,0,,,212,105,107,11,3,8,201,102,99,116,63,53,195,99,96,192,98,94,85,39,46,44,15,29,14,4,10,1,0,1,0,0,0,86,86,26,25,18,7,8,1,1,60,43,17,3,60,2,19,11
53402380,0,,,1754,884,870,294,139,155,1390,704,686,1114,584,530,1340,682,658,1308,664,644,276,120,156,113,50,63,20,6,14,2,0,2,57,30,27,795,795,339,163,139,104,44,6,0,440,401,39,90,195,90,51,57
53402381,0,,,1072,552,520,105,55,50,958,491,467,626,348,278,908,453,455,887,442,445,332,143,189,164,67,97,44,13,31,4,0,4,11,4,7,417,417,104,141,70,55,32,12,3,307,243,64,23,215,9,49,59
53402382,0,,,460,267,193,32,16,16,425,249,176,344,206,138,416,246,170,309,160,149,81,43,38,31,17,14,7,3,4,0,0,0,4,1,3,271,271,185,31,26,18,5,4,2,85,75,10,9,52,66,9,15
53402383,0,,,995,562,433,101,54,47,887,504,383,669,397,272,871,496,375,849,483,366,218,107,111,73,36,37,10,1,9,0,0,0,19,6,13,468,465,208,109,75,40,25,7,1,253,225,28,25,151,117,34,44
53402384,0,,,417,215,202,20,11,9,394,203,191,235,126,109,387,199,188,384,198,186,159,77,82,76,34,42,22,9,13,3,1,2,3,2,1,184,184,57,58,37,27,5,0,0,123,110,13,3,105,0,31,28
53402385,0,,,792,385,407,97,51,46,691,333,358,470,235,235,667,316,351,656,311,345,221,98,123,101,39,62,29,10,19,3,1,2,8,1,7,309,309,69,107,64,46,14,2,7,235,199,36,24,147,2,38,49
53402386,0,,,318,159,159,28,15,13,290,144,146,166,85,81,278,138,140,272,135,137,124,59,65,55,23,32,17,6,11,0,0,0,2,1,1,117,117,24,42,19,17,8,4,3,92,73,19,4,80,0,19,23
53402387,0,,,422,211,211,36,14,22,385,196,189,233,121,112,377,191,186,367,186,181,152,75,77,72,31,41,24,6,18,1,0,1,8,4,4,156,156,42,39,32,21,14,5,3,113,77,36,10,106,2,28,19
53402388,1,,53402389,666,345,321,50,34,16,622,314,308,335,175,160,616,311,305,602,303,299,287,139,148,156,68,88,46,19,27,3,0,3,6,1,5,266,266,69,97,48,30,15,7,4,197,148,49,16,185,3,44,45
53402389,2,53402388,,8,5,3,*,*,*,*,*,*,*,*,*,*,*,*,*,*,*,*,*,*,*,*,*,*,*,*,*,*,*,*,*,*,4,4,*,*,*,*,*,*,*,*,*,*,*,*,*,*,*
53402390,0,,,1298,621,677,149,70,79,1069,511,558,778,377,401,1026,487,539,986,466,520,291,134,157,122,46,76,31,4,27,3,0,3,31,10,21,619,619,286,131,110,56,25,8,3,323,276,47,34,209,74,69,43
53402391,0,,,1996,996,1000,157,78,79,1730,862,868,1113,553,560,1695,843,852,1624,811,813,617,309,308,230,112,118,61,29,32,4,2,2,54,22,32,995,995,447,275,155,76,28,10,4,543,489,54,45,408,118,102,150
53402392,0,,,566,299,267,52,33,19,430,204,226,308,149,159,423,201,222,402,190,212,122,55,67,62,28,34,12,5,7,1,0,1,33,17,16,327,327,210,55,28,20,5,6,3,115,92,23,18,88,65,26,18
53402393,0,,,1015,522,493,108,58,50,893,456,437,549,299,250,870,444,426,854,435,419,344,157,187,148,62,86,46,14,32,2,0,2,11,6,5,408,408,107,138,74,56,16,13,4,294,232,62,27,230,8,55,53
53402394,0,,,488,250,238,45,29,16,437,217,220,276,145,131,436,216,220,427,211,216,161,72,89,74,34,40,11,3,8,1,0,1,8,4,4,232,232,93,67,42,20,6,3,1,138,120,18,15,109,9,28,25
53402395,0,,,366,180,186,32,18,14,328,159,169,194,97,97,321,157,164,316,155,161,134,62,72,61,26,35,16,4,12,0,0,0,1,0,1,144,144,34,48,30,18,10,4,0,108,90,18,10,88,0,22,24
53402396,0,,,176,85,91,18,10,8,158,75,83,86,47,39,154,73,81,153,73,80,72,28,44,36,10,26,18,3,15,1,0,1,0,0,0,61,61,12,17,11,14,3,2,2,49,28,21,1,44,0,9,8
53402397,0,,,325,156,169,41,19,22,284,137,147,180,92,88,274,131,143,267,129,138,104,45,59,37,13,24,11,2,9,0,0,0,2,1,1,120,119,20,44,24,20,5,6,0,96,76,20,9,67,0,12,19
53402398,0,,,212,109,103,15,9,6,197,100,97,118,62,56,193,99,94,187,97,90,79,38,41,41,19,22,4,1,3,0,0,0,3,0,3,91,91,28,32,13,11,5,2,0,62,55,7,3,53,2,15,17
53402399,0,,,423,207,216,17,15,2,406,192,214,186,98,88,401,189,212,393,185,208,220,94,126,131,49,82,73,19,54,12,0,12,2,1,1,99,97,23,24,27,13,2,5,3,72,49,23,4,78,0,16,15
53403009,0,,,757,384,373,67,40,27,557,267,290,368,193,175,544,258,286,533,254,279,189,74,115,111,36,75,53,15,38,5,1,4,8,3,5,431,431,269,66,49,32,12,1,2,153,132,21,28,138,29,71,21
53403018,0,,,620,316,304,144,79,65,444,219,225,407,200,207,428,210,218,418,205,213,37,19,18,13,5,8,3,1,2,0,0,0,19,7,12,236,236,61,55,50,52,17,1,0,174,166,8,31,25,1,1,7
53403019,0,,,5139,2656,2483,390,207,183,3887,2004,1883,2749,1499,1250,3804,1962,1842,3742,1926,1816,1138,505,633,567,217,350,211,62,149,28,3,25,114,55,59,2928,2923,1781,547,318,226,37,11,3,1048,958,90,118,762,242,283,148
53403027,0,,,1023,446,577,129,58,71,762,326,436,448,214,234,757,324,433,751,323,428,314,112,202,247,77,170,138,38,100,15,2,13,18,3,15,460,458,222,135,45,48,7,1,0,230,221,9,44,116,0,58,33
53403028,0,,,8191,3961,4230,1242,617,625,6085,2926,3159,5151,2523,2628,5846,2819,3027,5690,2741,2949,934,403,531,472,184,288,181,54,127,19,5,14,237,98,139,3678,3667,1577,846,619,517,100,7,1,2016,1973,43,368,525,265,137,185
53403029,0,,,15764,7823,7941,1755,922,833,12164,5959,6205,9809,4908,4901,11830,5794,6036,11593,5680,5913,2355,1051,1304,1111,459,652,300,96,204,21,5,16,517,208,309,9034,9030,5414,1758,967,729,130,25,7,3435,3256,179,518,1639,1151,600,463
53403035,0,,,50,25,25,6,4,2,44,21,23,33,16,17,44,21,23,44,21,23,11,5,6,5,1,4,2,0,2,0,0,0,3,1,2,17,17,1,6,5,3,2,0,0,15,15,0,1,8,0,1,1
53403037,0,,,4842,2396,2446,441,219,222,4335,2136,2199,3151,1621,1530,4200,2063,2137,4045,1991,2054,1184,515,669,658,255,403,176,59,117,11,1,10,256,111,145,2420,2419,1111,650,368,241,42,7,0,1294,1250,44,120,770,336,270,233
53403038,0,,,14090,6787,7303,1260,643,617,11002,5195,5807,7997,3888,4109,10670,5029,5641,10412,4913,5499,3005,1307,1698,1595,654,941,449,155,294,34,3,31,253,102,151,7533,7530,3990,1744,980,642,150,17,7,3417,3248,169,338,1919,575,589,652
53403039,0,,,6952,3406,3546,453,223,230,4832,2317,2515,3585,1783,1802,4756,2280,2476,4674,2249,2425,1247,534,713,659,239,420,233,63,170,14,2,12,224,97,127,4671,4637,3347,693,350,202,30,11,4,1214,1123,91,184,846,417,373,196
53403044,0,,,556,279,277,38,24,14,518,255,263,263,135,128,505,251,254,495,248,247,255,120,135,121,71,50,11,5,6,2,0,2,7,3,4,229,229,33,111,43,38,4,0,0,196,186,10,9,152,0,21,77
53403045,0,,,10388,4884,5504,1021,528,493,9209,4304,4905,5698,2747,2951,8965,4187,4778,8778,4096,4682,3511,1557,1954,1526,703,823,225,84,141,14,3,11,1125,558,567,4764,4762,1395,1868,926,472,91,8,2,3309,3201,108,269,2357,64,695,888
53403046,0,,,6600,3217,3383,642,331,311,5863,2850,3013,3716,1912,1804,5730,2781,2949,5631,2739,2892,2147,938,1209,1086,470,616,205,71,134,12,3,9,747,389,358,3383,3382,1442,1076,543,261,46,13,1,1907,1845,62,225,1556,137,643,436
53403047,0,,,10786,5293,5493,902,462,440,9293,4505,4788,6111,3145,2966,9075,4410,4665,8868,4306,4562,3182,1360,1822,1771,696,1075,490,175,315,61,8,53,535,290,245,5695,5692,2787,1579,764,454,89,17,2,2820,2683,137,247,2199,344,898,613
53403048,0,,,12221,6015,6206,1006,498,508,8784,4266,4518,6566,3292,3274,8548,4157,4391,8224,3993,4231,2218,974,1244,1160,462,698,419,137,282,54,10,44,288,145,143,7367,7363,4845,1103,755,524,115,15,6,2397,2228,169,319,1471,1101,517,416
53403049,0,,,8562,4254,4308,711,358,353,6257,3051,3206,4354,2198,2156,6128,2988,3140,5967,2919,3048,1903,853,1050,977,400,577,328,118,210,33,10,23,157,77,80,5027,5022,3190,867,496,367,75,20,7,1740,1612,128,227,1234,579,422,332
53403053,2,53403054,,3,1,2,*,*,*,*,*,*,*,*,*,*,*,*,*,*,*,*,*,*,*,*,*,*,*,*,*,*,*,*,*,*,3,3,*,*,*,*,*,*,*,*,*,*,*,*,*,*,*
53403054,1,,53403053,6448,3050,3398,800,402,398,5570,2600,2970,3206,1559,1647,5400,2508,2892,5281,2443,2838,2364,1041,1323,1389,663,726,330,119,211,48,3,45,224,104,120,2471,2466,453,970,562,369,97,14,4,2002,1917,85,264,1334,31,260,583
53403055,0,,,15351,7384,7967,1697,835,862,13470,6480,6990,9271,4567,4704,13061,6289,6772,12779,6139,6640,4199,1913,2286,2085,942,1143,440,181,259,25,3,22,641,345,296,6857,6855,2218,2213,1318,929,154,19,4,4599,4443,156,505,2732,168,860,1038
53403056,0,,,13271,6634,6637,1250,620,630,11611,5828,5783,7853,4142,3711,11321,5677,5644,11105,5571,5534,3758,1686,2072,1862,797,1065,398,156,242,15,1,14,813,429,384,7227,7226,3769,1803,959,551,123,17,4,3384,3256,128,389,2722,378,1283,705
53403057,0,,,11834,6086,5748,1278,666,612,9534,4764,4770,6997,3644,3353,9209,4595,4614,8823,4386,4437,2537,1120,1417,1294,544,750,396,156,240,37,11,26,421,222,199,5933,5929,2967,1256,838,693,149,22,4,2901,2732,169,335,1651,686,514,525
53403058,0,,,7546,3780,3766,757,385,372,6154,3030,3124,4400,2267,2133,5978,2938,3040,5697,2783,2914,1754,763,991,842,340,502,298,101,197,36,7,29,189,99,90,3790,3789,1832,928,515,389,98,20,7,1919,1814,105,188,1139,489,339,384
53403059,0,,,10274,5232,5042,1213,625,588,8439,4220,4219,5903,3075,2828,8197,4097,4100,7983,3999,3984,2536,1145,1391,1287,550,737,296,110,186,22,5,17,160,59,101,5094,5091,2328,1305,749,544,132,28,5,2704,2518,186,318,1753,465,551,528
53403063,0,,,14426,6964,7462,2736,1411,1325,11531,5492,6039,10122,4827,5295,10926,5179,5747,10486,4949,5537,1409,665,744,554,225,329,137,46,91,7,1,6,510,260,250,5383,5383,1040,1431,1415,1241,222,33,1,4311,4226,85,683,963,65,248,380
53403064,0,,,16879,8017,8862,1718,874,844,15057,7109,7948,9435,4540,4895,14600,6886,7714,14295,6728,7567,5622,2569,3053,2519,1205,1314,428,192,236,18,2,16,391,181,210,7665,7665,2378,2684,1487,934,159,20,3,5245,5072,173,428,3663,101,1076,1463
53403065,0,,,11822,5600,6222,1607,828,779,10061,4710,5351,6508,3199,3309,9798,4565,5233,9636,4488,5148,3553,1511,2042,1925,818,1107,384,130,254,23,1,22,419,211,208,5521,5520,2071,1688,915,696,131,19,0,3422,3312,110,454,2402,197,873,830
53403066,0,,,10903,5387,5516,1288,638,650,8961,4355,4606,6310,3220,3090,8738,4238,4500,8568,4144,4424,2651,1135,1516,1431,569,862,472,159,313,38,3,35,379,191,188,5385,5380,2541,1325,742,604,136,29,3,2770,2614,156,383,1666,481,504,546
53403067,0,,,17791,8754,9037,2501,1265,1236,13930,6688,7242,10841,5317,5524,13429,6447,6982,13081,6260,6821,3089,1371,1718,1502,637,865,375,134,241,21,2,19,321,150,171,8387,8384,3519,2094,1419,1106,218,24,4,4730,4575,155,787,2078,546,658,698
53403068,0,,,9878,4911,4967,1450,739,711,7679,3727,3952,5548,2810,2738,7455,3607,3848,7245,3491,3754,2131,917,1214,1107,448,659,428,157,271,34,11,23,181,94,87,4535,4530,1907,1062,752,660,131,13,5,2566,2426,140,386,1343,355,388,415
53403069,0,,,7662,3848,3814,704,357,347,6470,3195,3275,4048,2147,1901,6331,3125,3206,6196,3054,3142,2422,1048,1374,1341,524,817,348,131,217,22,1,21,158,77,81,4108,4106,2116,1058,518,308,82,19,5,1941,1828,113,166,1708,280,719,477
53403073,0,,,8587,4127,4460,1129,560,569,7398,3548,3850,6439,3073,3366,6947,3321,3626,6621,3165,3456,959,475,484,375,186,189,58,22,36,1,0,1,119,55,64,3211,3211,517,998,827,756,110,2,1,2680,2649,31,190,628,24,143,302
53403074,0,,,6003,2874,3129,957,508,449,4997,2346,2651,3607,1737,1870,4786,2239,2547,4663,2175,2488,1390,609,781,804,367,437,164,76,88,5,1,4,287,137,150,2478,2478,626,803,534,424,75,14,2,1840,1771,69,327,939,28,299,335
53403075,0,,,12239,6044,6195,1659,852,807,10380,5103,5277,7807,3969,3838,10044,4924,5120,9835,4826,5009,2573,1134,1439,1231,516,715,318,120,198,19,5,14,264,138,126,5553,5552,2132,1389,1040,809,152,25,5,3383,3177,206,468,1757,432,516,529
53403076,0,,,9212,4774,4438,1136,624,512,7938,4074,3864,5914,3091,2823,7656,3930,3726,7456,3825,3631,2024,983,1041,860,394,466,198,68,130,12,1,11,149,67,82,4103,3941,1254,1202,763,562,130,28,2,2622,2500,122,340,1286,246,309,464
53403077,0,,,13955,6839,7116,1594,806,788,12048,5831,6217,8077,4042,4035,11736,5678,6058,11516,5573,5943,3971,1789,2182,1915,838,1077,414,181,233,20,2,18,271,121,150,6403,6401,2206,2054,1169,785,161,21,5,4128,3924,204,531,2652,249,778,925
53403078,0,,,9991,4911,5080,1320,675,645,8204,3930,4274,5649,2791,2858,7930,3798,4132,7764,3707,4057,2555,1139,1416,1263,533,730,341,112,229,35,4,31,188,88,100,4185,4177,1273,1252,829,639,152,30,2,2824,2671,153,381,1590,46,470,511
53403079,0,,,3964,1877,2087,283,140,143,3505,1631,1874,1936,965,971,3424,1594,1830,3366,1560,1806,1569,666,903,928,385,543,269,102,167,36,7,29,53,21,32,1960,1958,826,667,247,158,45,14,1,1110,1049,61,76,1000,67,342,337
53403081,0,,,68,68,0,0,0,0,68,68,0,68,68,0,68,68,0,68,68,0,0,0,0,0,0,0,0,0,0,0,0,0,0,0,0,68,68,68,0,0,0,0,0,0,0,0,0,0,0,67,0,0
53403082,0,,,339,191,148,46,27,19,276,156,120,255,144,111,261,150,111,251,145,106,21,12,9,5,3,2,0,0,0,0,0,0,9,8,1,149,148,58,35,25,22,6,1,1,90,87,3,11,15,8,4,7
53403083,0,,,1004,477,527,112,55,57,867,411,456,562,275,287,846,399,447,831,392,439,305,136,169,174,67,107,39,11,28,0,0,0,115,51,64,500,500,204,154,91,39,9,3,0,290,279,11,48,252,8,128,47
53403084,0,,,12342,5962,6380,1329,690,639,10731,5143,5588,7898,3857,4041,10366,4973,5393,10089,4856,5233,2833,1286,1547,1267,525,742,385,123,262,38,5,33,214,94,120,5612,5606,2101,1607,964,770,143,16,5,3446,3262,184,336,1798,482,495,619
53403085,0,,,10034,4920,5114,1058,570,488,8752,4253,4499,6401,3208,3193,8557,4153,4404,8401,4077,4324,2351,1045,1306,1299,488,811,456,139,317,49,10,39,296,143,153,5047,5043,2487,1203,715,506,108,19,5,2461,2266,195,321,1483,612,490,382
53403086,0,,,12667,6181,6486,1377,700,677,11037,5355,5682,7455,3746,3709,10748,5212,5536,10536,5105,5431,3582,1609,1973,1744,757,987,493,203,290,28,9,19,219,110,109,5941,5939,2225,1801,1043,700,141,18,11,3643,3436,207,428,2425,362,727,827
53403087,0,,,9892,4834,5058,1197,568,629,8540,4172,4368,5554,2795,2759,8270,4021,4249,8095,3933,4162,2986,1377,1609,1311,581,730,255,102,153,13,4,9,148,78,70,4180,4148,1088,1465,813,587,146,37,12,3003,2815,188,316,2007,84,523,695
53403088,0,,,10302,5016,5286,984,506,478,9144,4401,4743,5309,2722,2587,8902,4281,4621,8725,4185,4540,3835,1679,2156,2227,963,1264,540,205,335,27,5,22,219,102,117,4660,4657,1482,1641,850,513,132,32,7,3136,2929,207,248,2585,54,781,873
53403089,0,,,8060,4137,3923,962,481,481,6914,3531,3383,4591,2403,2188,6661,3414,3247,6503,3338,3165,2323,1128,1195,1187,566,621,255,113,142,9,5,4,225,101,124,3559,3313,999,1015,654,468,145,22,10,2275,2112,163,210,1487,51,409,478
53403091,0,,,1850,1066,784,137,71,66,1709,993,716,1377,833,544,1663,970,693,1305,689,616,332,160,172,151,74,77,36,14,22,3,1,2,27,15,12,499,497,71,151,135,113,24,3,0,421,392,29,39,213,6,36,77
53403092,0,,,8530,4179,4351,1368,723,645,7104,3435,3669,5464,2697,2767,6724,3245,3479,6467,3131,3336,1640,738,902,845,381,464,162,77,85,6,2,4,208,98,110,3175,3174,619,906,735,728,158,21,7,2535,2417,118,266,1049,63,236,406
53403093,0,,,10731,5208,5523,1362,695,667,9152,4411,4741,6991,3489,3502,8776,4212,4564,8501,4089,4412,2161,922,1239,1119,455,664,250,82,168,16,1,15,415,207,208,4800,4798,1741,1267,902,736,128,23,1,3002,2853,149,288,1502,309,482,429
53403094,0,,,9635,4756,4879,1083,554,529,8287,4080,4207,6156,3145,3011,8085,3990,4095,7883,3895,3988,2131,935,1196,1200,479,721,431,149,282,32,7,25,176,78,98,4697,4692,2162,1136,716,527,125,18,8,2448,2265,183,338,1368,659,400,399
53403095,0,,,7943,3903,4040,959,471,488,6932,3409,3523,5447,2689,2758,6635,3257,3378,6401,3140,3261,1485,720,765,678,305,373,182,74,108,10,2,8,93,48,45,3094,3093,698,872,770,623,101,27,2,2376,2261,115,286,972,116,216,363
53403096,0,,,5418,2588,2830,617,324,293,4693,2234,2459,2911,1425,1486,4543,2159,2384,4429,2107,2322,1782,809,973,902,439,463,197,87,110,11,3,8,49,22,27,2220,2208,520,799,477,318,69,17,8,1671,1561,110,150,1115,36,240,441
53403097,0,,,8108,3926,4182,749,382,367,7052,3340,3712,4028,2075,1953,6861,3245,3616,6748,3187,3561,3024,1265,1759,1681,694,987,448,154,294,45,7,38,90,52,38,3781,3765,1403,1259,623,359,86,26,9,2301,2150,151,201,1973,31,676,617
53403098,0,,,4231,2060,2171,693,338,355,3494,1696,1798,2625,1314,1311,3236,1559,1677,3095,1487,1608,869,382,487,522,218,304,178,78,100,23,8,15,79,34,45,1496,1493,282,403,333,354,91,24,6,1202,1132,70,151,510,22,119,188
53403099,0,,,5561,2925,2636,581,284,297,4839,2552,2287,3137,1757,1380,4677,2468,2209,4558,2406,2152,1702,795,907,867,381,486,166,66,100,4,1,3,186,104,82,2751,2615,1157,667,374,310,88,16,3,1427,1336,91,146,1165,133,515,329
53403100,0,,,9919,5193,4726,1077,548,529,7579,3917,3662,5997,3155,2842,7348,3794,3554,7107,3649,3458,1582,762,820,691,299,392,181,70,111,10,3,7,171,80,91,5216,5126,2726,1059,650,554,114,21,2,2268,2127,141,330,1015,604,296,286
53403101,0,,,8795,4391,4404,1214,647,567,6885,3373,3512,5283,2635,2648,6645,3260,3385,6472,3173,3299,1602,738,864,714,284,430,190,64,126,16,3,13,91,34,57,3861,3821,1326,1014,719,596,142,18,6,2390,2257,133,313,1111,116,309,316
53403102,0,,,6915,3433,3482,673,367,306,5768,2813,2955,3640,1854,1786,5632,2740,2892,5532,2690,2842,2128,959,1169,1247,505,742,413,160,253,20,7,13,83,23,60,3221,3180,1337,841,532,354,95,14,7,1805,1625,180,200,1427,114,510,349
53403103,0,,,2608,1281,1327,295,161,134,2251,1087,1164,1423,717,706,2157,1042,1115,2099,1016,1083,828,370,458,420,183,237,91,40,51,7,3,4,29,8,21,1102,1094,336,347,207,147,44,9,4,751,687,64,66,544,24,136,175
53403104,0,,,1902,931,971,94,59,35,1808,872,936,904,489,415,1779,850,929,1760,836,924,904,383,521,636,245,391,230,99,131,9,1,8,34,17,17,831,830,236,340,149,75,18,8,4,589,521,68,24,577,5,153,168
53403105,0,,,116,57,59,12,6,6,104,51,53,54,30,24,103,51,52,102,50,52,50,21,29,22,6,16,9,2,7,1,0,1,4,3,1,49,49,16,13,9,8,3,0,0,33,27,6,3,32,1,7,9
53403106,0,,,133,66,67,17,6,11,116,60,56,73,39,34,111,58,53,110,57,53,43,21,22,18,6,12,2,0,2,0,0,0,0,0,0,55,55,16,17,13,4,3,1,1,39,37,2,2,32,0,9,7
53403107,0,,,408,194,214,32,8,24,364,181,183,195,106,89,356,176,180,350,174,176,169,75,94,86,35,51,13,6,7,1,0,1,16,9,7,179,179,54,65,32,17,7,3,1,123,104,19,9,112,2,27,30
53403108,0,,,658,302,356,44,24,20,611,277,334,271,154,117,606,276,330,594,271,323,340,123,217,233,75,158,86,14,72,13,1,12,9,3,6,206,201,41,83,45,21,3,6,2,160,137,23,6,142,1,24,45
53403109,0,,,96,46,50,4,3,1,91,42,49,40,20,20,91,42,49,91,42,49,51,22,29,21,8,13,7,1,6,0,0,0,1,0,1,42,42,10,15,12,5,0,0,0,31,25,6,3,34,0,9,9
53403110,0,,,8539,4237,4302,731,363,368,6438,3143,3295,4558,2336,2222,6280,3061,3219,6135,2989,3146,1880,807,1073,991,393,598,304,93,211,28,7,21,127,47,80,4532,4530,2578,936,500,385,99,24,8,1835,1691,144,219,1095,424,329,328
53403111,0,,,3317,1634,1683,451,231,220,2647,1282,1365,1928,972,956,2551,1233,1318,2483,1201,1282,719,310,409,431,174,257,136,52,84,4,0,4,37,18,19,1410,1409,514,336,265,199,77,14,4,857,768,89,125,467,61,128,135
53403112,0,,,4319,2244,2075,562,301,261,3614,1849,1765,2459,1311,1148,3517,1804,1713,3445,1766,1679,1155,538,617,597,253,344,149,53,96,4,1,3,74,35,39,1968,1967,751,537,347,235,80,14,3,1188,1082,106,187,800,78,253,225
53403113,0,,,910,411,499,45,21,24,855,385,470,362,183,179,848,381,467,839,378,461,493,202,291,337,125,212,131,32,99,20,1,19,3,1,2,351,344,120,128,48,31,10,5,2,222,189,33,10,231,3,78,65
53403114,0,,,3387,1623,1764,239,123,116,3142,1498,1644,1657,856,801,3070,1458,1612,3017,1428,1589,1485,642,843,1052,448,604,352,179,173,14,4,10,12,6,6,1455,1451,378,585,263,148,51,22,4,1063,960,103,52,984,3,268,318
53403115,0,,,986,493,493,47,20,27,939,473,466,420,235,185,924,466,458,916,462,454,519,238,281,348,165,183,55,25,30,4,2,2,19,17,2,467,467,160,177,72,38,16,4,0,301,271,30,9,333,12,92,115
53403116,0,,,512,214,298,27,14,13,485,200,285,214,97,117,477,195,282,472,191,281,271,103,168,173,55,118,87,17,70,11,0,11,28,0,28,164,161,48,46,35,21,5,4,2,113,92,21,7,96,19,15,27
53403117,0,,,2075,982,1093,124,65,59,1951,917,1034,884,451,433,1913,904,1009,1891,895,996,1067,466,601,632,265,367,212,59,153,24,4,20,53,31,22,785,780,195,299,158,77,38,10,3,576,497,79,30,547,12,126,185
53403118,0,,,194,69,125,2,1,1,192,68,124,59,28,31,190,66,124,189,66,123,133,40,93,95,22,73,61,12,49,12,3,9,2,0,2,48,47,13,15,10,7,2,0,0,34,28,6,1,35,0,10,6
53403119,0,,,90,41,49,6,2,4,84,39,45,38,17,21,83,39,44,83,39,44,46,22,24,22,7,15,8,2,6,1,0,1,0,0,0,36,36,9,8,12,6,1,0,0,27,20,7,1,30,0,7,5
53403120,0,,,6284,3076,3208,552,295,257,5139,2469,2670,3749,1844,1905,5041,2423,2618,4900,2368,2532,1390,625,765,739,300,439,255,91,164,19,4,15,184,94,90,3604,3596,2236,639,367,266,68,16,4,1314,1194,120,163,943,641,366,221
53403121,0,,,5781,2877,2904,479,260,219,4512,2191,2321,3037,1551,1486,4397,2137,2260,4315,2094,2221,1475,640,835,830,323,507,304,102,202,19,2,17,80,23,57,3083,3076,1674,687,369,258,71,15,2,1328,1208,120,126,960,225,298,257
53403122,0,,,642,307,335,50,28,22,590,278,312,300,166,134,583,272,311,577,269,308,290,112,178,190,70,120,77,25,52,4,0,4,4,1,3,248,247,72,91,45,27,8,3,1,170,148,22,15,144,2,38,34
53403123,0,,,750,363,387,45,26,19,704,337,367,377,192,185,685,330,355,673,325,348,327,145,182,175,75,100,37,13,24,3,0,3,12,4,8,321,321,77,138,62,28,6,5,5,240,210,30,15,218,2,49,69
53403124,0,,,1216,603,613,62,36,26,1151,566,585,553,284,269,1136,560,576,1115,551,564,598,282,316,337,159,178,70,33,37,3,0,3,6,2,4,525,525,136,197,121,46,16,6,3,384,342,42,20,372,15,83,135
53403125,0,,,353,177,176,15,8,7,337,169,168,183,101,82,332,169,163,326,168,158,154,68,86,83,29,54,28,6,22,3,1,2,2,1,1,142,142,26,61,30,16,6,1,2,116,93,23,2,103,0,15,28
53403126,0,,,59,14,45,0,0,0,59,14,45,46,8,38,59,14,45,57,13,44,13,6,7,7,1,6,2,0,2,0,0,0,28,0,28,45,45,36,4,5,0,0,0,0,9,7,2,0,11,10,5,1
53403127,0,,,251,123,128,10,5,5,241,118,123,103,57,46,236,114,122,234,113,121,138,61,77,56,23,33,10,3,7,1,0,1,3,1,2,118,118,32,54,18,13,1,0,0,86,82,4,1,88,0,24,37
53403128,0,,,246,110,136,19,10,9,227,100,127,111,51,60,223,97,126,218,96,122,116,49,67,72,28,44,25,9,16,1,0,1,0,0,0,88,87,17,30,18,17,1,3,1,70,52,18,2,63,1,10,15
53403129,1,,53403139,170,84,86,10,5,5,165,82,83,71,42,29,164,82,82,162,81,81,94,40,54,41,17,24,14,4,10,1,1,0,0,0,0,68,68,14,28,16,6,4,1,1,56,44,12,3,60,0,12,13
53403130,0,,,10257,5311,4946,704,365,339,7932,4113,3819,5554,3017,2537,7761,4025,3736,7620,3957,3663,2378,1096,1282,1238,505,733,403,119,284,41,4,37,327,132,195,5548,5537,3381,1044,581,398,101,30,2,2000,1809,191,174,1532,584,569,369
53403131,0,,,6946,3491,3455,868,440,428,5757,2886,2871,4055,2101,1954,5586,2781,2805,5473,2727,2746,1702,785,917,879,373,506,271,103,168,23,3,20,207,73,134,3374,3340,1456,916,489,363,88,23,5,1814,1683,131,254,1160,170,410,315
53403132,0,,,4540,2201,2339,540,258,282,3908,1899,2009,2730,1390,1340,3793,1840,1953,3714,1805,1909,1178,509,669,605,251,354,140,58,82,7,1,6,87,35,52,2037,2034,690,627,385,249,67,16,0,1314,1196,118,162,822,81,245,224
53403133,0,,,1092,604,488,82,46,36,1003,554,449,562,343,219,981,538,443,970,532,438,441,211,230,249,119,130,60,28,32,4,2,2,11,6,5,524,523,215,148,91,47,15,6,1,306,263,43,28,301,4,95,88
53403134,0,,,962,481,481,137,77,60,822,403,419,541,276,265,792,385,407,775,376,399,281,127,154,135,58,77,25,6,19,2,1,1,27,10,17,406,406,124,129,75,47,20,10,1,277,250,27,40,205,4,78,48
53403135,0,,,3556,1668,1888,375,189,186,3136,1460,1676,1811,896,915,3026,1406,1620,2955,1372,1583,1325,564,761,768,312,456,175,54,121,20,4,16,88,34,54,1600,1599,596,529,237,179,44,12,2,987,928,59,78,846,29,349,248
53403136,0,,,294,139,155,15,4,11,270,131,139,132,66,66,261,130,131,257,127,130,138,65,73,59,30,29,17,6,11,1,0,1,3,1,2,133,133,43,49,22,10,7,2,0,89,75,14,3,86,0,18,28
53403137,0,,,105,57,48,10,6,4,95,51,44,47,25,22,93,50,43,91,50,41,48,26,22,22,13,9,8,5,3,0,0,0,1,0,1,44,44,13,16,8,0,6,1,0,31,27,4,2,27,0,5,12
53403138,0,,,115,60,55,10,7,3,105,53,52,46,28,18,104,53,51,103,52,51,59,25,34,21,6,15,5,0,5,0,0,0,0,0,0,42,42,7,18,7,4,3,1,2,35,28,7,3,36,0,6,12
53403139,2,53403129,,5,3,2,*,*,*,*,*,*,*,*,*,*,*,*,*,*,*,*,*,*,*,*,*,*,*,*,*,*,*,*,*,*,2,2,*,*,*,*,*,*,*,*,*,*,*,*,*,*,*
53403140,0,,,11167,5709,5458,915,505,410,8598,4369,4229,5878,3092,2786,8371,4249,4122,8210,4158,4052,2720,1277,1443,1234,553,681,251,96,155,17,2,15,547,200,347,5868,5862,3150,1427,716,444,98,24,3,2557,2396,161,268,1853,294,680,537
53403141,0,,,2160,1078,1082,241,119,122,1762,880,882,1251,643,608,1711,851,860,1676,833,843,511,237,274,234,106,128,50,19,31,5,0,5,91,51,40,1067,1066,460,307,168,102,24,4,1,583,538,45,74,352,56,99,98
53403142,0,,,6303,3110,3193,651,349,302,5567,2725,2842,3885,1986,1899,5398,2632,2766,5280,2567,2713,1682,739,943,881,365,516,207,75,132,15,4,11,75,21,54,2842,2840,977,868,540,341,89,22,3,1820,1687,133,194,1184,83,363,343
53403143,0,,,3095,1541,1554,484,252,232,2416,1195,1221,1598,824,774,2331,1146,1185,2279,1116,1163,818,371,447,452,195,257,102,37,65,4,1,3,64,34,30,1275,1172,339,360,213,181,61,15,3,824,754,70,143,524,30,167,160
53403144,0,,,4395,2035,2360,564,285,279,3792,1734,2058,2201,1071,1130,3676,1675,2001,3614,1644,1970,1591,663,928,903,365,538,197,73,124,9,1,8,98,40,58,2071,2070,818,616,322,228,66,13,7,1239,1158,81,148,1188,36,563,282
53403145,0,,,6790,3323,3467,561,310,251,6116,2960,3156,3596,1885,1711,5955,2881,3074,5816,2806,3010,2520,1075,1445,1531,660,871,322,145,177,16,4,12,141,79,62,3221,3218,1227,1016,539,321,91,20,4,1969,1806,163,122,1725,117,615,501
53403146,0,,,320,169,151,13,8,5,299,156,143,169,95,74,292,153,139,290,151,139,130,61,69,56,20,36,12,3,9,3,1,2,3,2,1,150,150,56,46,27,17,2,1,1,93,79,14,5,90,3,31,16
53403147,0,,,514,191,323,15,6,9,182,60,122,43,19,24,181,60,121,181,60,121,139,41,98,109,26,83,52,7,45,9,0,9,1,1,0,34,32,4,13,6,6,0,1,2,28,22,6,2,26,0,4,7
53403148,0,,,176,97,79,9,6,3,167,91,76,76,41,35,165,91,74,163,90,73,91,50,41,41,24,17,11,7,4,0,0,0,9,8,1,75,75,19,29,16,8,0,2,1,56,45,11,4,55,4,9,22
53403149,0,,,72,35,37,4,2,2,68,33,35,41,19,22,68,33,35,68,33,35,27,14,13,8,3,5,2,0,2,1,0,1,0,0,0,30,30,7,11,8,2,1,1,0,23,19,4,0,20,0,4,3
53403150,0,,,5077,2473,2604,564,291,273,4377,2126,2251,3293,1655,1638,4180,2017,2163,4046,1938,2108,1084,471,613,563,237,326,146,44,102,12,2,10,158,61,97,2093,2083,646,604,413,328,73,15,4,1396,1310,86,130,650,62,169,175
53403151,0,,,5602,2835,2767,1088,591,497,4265,2138,2127,3331,1702,1629,4125,2058,2067,4043,2021,2022,934,436,498,451,190,261,95,30,65,7,0,7,88,37,51,2332,2207,716,513,438,415,105,18,2,1459,1369,90,379,625,123,176,162
53403152,0,,,8655,4365,4290,1032,510,522,7245,3686,3559,5233,2745,2488,7000,3551,3449,6830,3458,3372,2012,941,1071,1035,426,609,307,91,216,30,4,26,145,71,74,3991,3891,1590,1035,644,483,108,22,9,2228,2086,142,313,1208,206,376,371
53403153,0,,,7772,3757,4015,869,455,414,6706,3215,3491,4430,2224,2206,6493,3114,3379,6355,3048,3307,2276,991,1285,1331,552,779,403,155,248,22,8,14,134,67,67,3487,3482,1302,1036,600,412,102,23,7,2150,1982,168,250,1449,195,470,455
53403154,0,,,6049,2926,3123,648,322,326,5203,2511,2692,3190,1666,1524,5084,2444,2640,4952,2371,2581,2013,845,1168,1281,517,764,426,175,251,24,5,19,95,48,47,2813,2803,1103,819,460,318,80,16,7,1669,1542,127,198,1308,143,430,388
53403155,0,,,4467,2188,2279,490,259,231,3907,1899,2008,2759,1359,1400,3775,1827,1948,3674,1773,1901,1148,540,608,540,235,305,133,48,85,7,2,5,54,22,32,1799,1796,402,622,416,258,76,18,4,1375,1298,77,106,736,47,146,289
53403156,0,,,164,97,67,7,5,2,153,90,63,92,56,36,149,89,60,148,89,59,61,34,27,10,3,7,4,1,3,0,0,0,5,5,0,82,69,28,16,15,6,3,0,1,41,35,6,2,38,2,11,8
53403157,0,,,214,112,102,10,5,5,204,107,97,105,61,44,200,104,96,198,104,94,99,46,53,53,21,32,21,5,16,2,0,2,2,0,2,84,84,20,26,23,7,5,1,2,63,45,18,2,64,0,15,12
53403158,0,,,107,54,53,8,6,2,99,48,51,53,29,24,99,48,51,98,47,51,46,19,27,19,11,8,6,4,2,0,0,0,2,1,1,37,37,5,13,9,5,2,2,1,31,20,11,1,27,0,2,4
53403159,0,,,32,14,18,4,1,3,28,13,15,14,8,6,27,12,15,27,12,15,14,5,9,6,5,1,1,0,1,0,0,0,0,0,0,10,10,1,4,1,1,2,1,0,9,5,4,1,8,0,1,3
53403160,0,,,6603,3175,3428,816,413,403,5671,2713,2958,3943,1934,2009,5451,2608,2843,5313,2543,2770,1728,779,949,886,381,505,231,89,142,11,0,11,128,49,79,2924,2919,978,937,523,355,101,18,7,1892,1795,97,232,1124,87,347,389
53403161,0,,,9307,4618,4689,917,450,467,8113,4042,4071,5828,2999,2829,7884,3926,3958,7706,3840,3866,2285,1043,1242,1242,563,679,290,111,179,22,6,16,315,137,178,4542,4478,1916,1237,704,490,99,19,13,2475,2314,161,299,1495,303,481,479
53403162,0,,,10082,5123,4959,959,502,457,8759,4456,4303,6062,3181,2881,8553,4357,4196,8368,4257,4111,2697,1275,1422,1285,557,728,352,113,239,35,7,28,206,97,109,5029,4971,2324,1266,760,475,109,28,9,2574,2378,196,330,1729,394,572,502
53403163,0,,,4305,2179,2126,648,349,299,3598,1799,1799,2615,1344,1271,3464,1731,1733,3363,1683,1680,983,455,528,461,207,254,80,28,52,5,3,2,77,48,29,1744,1724,523,468,333,297,81,15,7,1173,1087,86,149,628,49,173,184
53403164,0,,,796,452,344,150,90,60,629,353,276,454,264,190,611,341,270,604,339,265,175,89,86,69,29,40,16,5,11,2,0,2,13,8,5,339,339,126,74,58,62,14,5,0,207,197,10,54,119,2,38,30
53403165,0,,,1960,961,999,436,231,205,1520,729,791,1216,602,614,1425,682,743,1368,653,715,304,127,177,148,52,96,53,13,40,5,0,5,9,2,7,636,634,93,160,132,170,65,12,2,534,508,26,79,170,4,42,57
53403166,0,,,824,411,413,34,18,16,789,393,396,373,186,187,777,383,394,762,375,387,416,207,209,121,62,59,18,8,10,1,0,1,12,6,6,351,351,51,185,71,32,10,2,0,298,277,21,5,256,1,34,131
53403167,0,,,132,63,69,5,1,4,127,62,65,57,30,27,124,59,65,123,59,64,70,32,38,30,10,20,15,7,8,1,1,0,2,1,1,51,51,7,21,14,5,3,1,0,44,35,9,0,42,0,6,15
53403169,0,,,56,29,27,6,4,2,50,25,25,32,15,17,49,24,25,49,24,25,18,10,8,5,2,3,3,1,2,0,0,0,0,0,0,17,17,1,6,3,3,2,2,0,16,10,6,2,11,0,1,4
53403170,0,,,5212,2542,2670,536,269,267,4613,2247,2366,2922,1452,1470,4449,2167,2282,4361,2113,2248,1691,795,896,836,405,431,144,58,86,8,1,7,131,67,64,2296,2291,719,795,406,275,76,16,4,1536,1413,123,131,1122,56,292,400
53403171,0,,,5198,2484,2714,512,253,259,4624,2207,2417,2587,1289,1298,4503,2152,2351,4422,2111,2311,2037,918,1119,1202,556,646,273,114,159,10,3,7,133,67,66,2238,2235,593,864,429,256,74,13,6,1610,1488,122,138,1277,58,288,512
53403172,0,,,5682,2904,2778,1008,517,491,4622,2361,2261,3728,1951,1777,4406,2249,2157,4272,2169,2103,894,410,484,400,179,221,81,30,51,2,1,1,83,34,49,2226,2224,606,577,445,438,125,28,5,1583,1479,104,291,596,104,114,197
53403173,0,,,2904,1476,1428,429,244,185,2461,1225,1236,1569,797,772,2380,1178,1202,2328,1153,1175,892,428,464,444,217,227,51,16,35,4,0,4,34,15,19,1119,1054,157,380,243,200,57,13,4,891,825,66,147,545,6,102,225
53403174,0,,,769,377,392,51,26,25,677,340,337,336,185,151,659,328,331,642,320,322,341,155,186,180,86,94,34,13,21,2,0,2,10,4,6,312,311,80,124,52,36,15,2,2,231,208,23,7,226,1,59,81
53403175,0,,,267,155,112,24,15,9,235,136,99,163,99,64,230,134,96,228,133,95,72,37,35,27,12,15,8,3,5,0,0,0,5,5,0,121,121,44,38,19,13,5,1,1,74,63,11,9,50,5,9,11
53403176,0,,,105,52,53,5,3,2,100,49,51,57,31,26,99,48,51,99,48,51,43,18,25,24,11,13,5,1,4,0,0,0,0,0,0,44,44,12,15,8,6,3,0,0,32,22,10,2,29,0,9,6
53403177,0,,,70,37,33,2,1,1,68,36,32,39,21,18,67,36,31,65,34,31,29,15,14,14,8,6,5,2,3,0,0,0,0,0,0,26,26,9,6,3,4,2,1,1,17,13,4,1,20,0,6,3
53403178,0,,,165,82,83,10,6,4,155,76,79,78,41,37,152,74,78,149,73,76,77,35,42,46,20,26,13,3,10,1,0,1,1,1,0,65,65,15,23,14,7,4,1,1,48,37,11,3,48,0,7,13
53403179,0,,,212,76,136,15,7,8,197,69,128,56,28,28,195,67,128,193,66,127,141,41,100,105,21,84,71,14,57,12,0,12,0,0,0,42,41,9,15,6,5,2,2,2,32,22,10,4,30,0,6,7
53403180,0,,,5017,2408,2609,440,211,229,4450,2139,2311,3106,1532,1574,4254,2043,2211,4112,1971,2141,1344,607,737,538,232,306,112,40,72,12,3,9,73,29,44,2178,2177,651,719,412,309,67,15,4,1509,1418,91,82,903,46,228,325
53403181,0,,,1593,905,688,101,49,52,1374,808,566,1006,628,378,1343,792,551,1291,756,535,368,180,188,195,89,106,44,14,30,1,0,1,31,14,17,543,533,193,155,98,55,23,8,1,329,286,43,24,250,23,72,70
53403182,0,,,8250,4220,4030,1072,547,525,7072,3620,3452,5244,2716,2528,6859,3507,3352,6694,3406,3288,1828,904,924,728,333,395,169,55,114,11,2,9,151,69,82,3474,3361,950,1081,663,469,163,28,7,2364,2210,154,314,1181,114,273,409
53403183,0,,,5977,2927,3050,1064,526,538,4884,2391,2493,3610,1802,1808,4687,2288,2399,4546,2219,2327,1274,589,685,614,289,325,105,40,65,6,1,5,79,52,27,2241,2239,433,697,487,460,138,17,7,1785,1682,103,305,822,52,158,329
53403184,0,,,2533,1269,1264,422,228,194,2064,1020,1044,1355,696,659,1999,987,1012,1960,965,995,709,324,385,383,192,191,84,31,53,7,1,6,70,34,36,957,955,201,320,192,180,46,9,7,743,686,57,122,418,28,77,169
53403185,0,,,190,102,88,14,6,8,170,93,77,108,63,45,169,92,77,166,90,76,62,30,32,21,12,9,2,1,1,2,1,1,11,7,4,89,89,33,31,15,4,3,2,1,56,48,8,3,36,10,6,13
53403186,0,,,172,77,95,12,7,5,159,70,89,40,24,16,157,69,88,157,69,88,119,46,73,90,31,59,47,9,38,12,3,9,3,3,0,30,29,8,9,6,3,2,1,0,20,18,2,2,15,0,3,5
53403187,0,,,39,16,23,1,0,1,37,16,21,19,7,12,36,15,21,36,15,21,18,9,9,5,2,3,0,0,0,0,0,0,1,0,1,19,19,7,8,1,2,1,0,0,12,9,3,1,12,0,3,4
53403188,0,,,317,153,164,15,4,11,285,140,145,151,83,68,280,138,142,274,133,141,134,57,77,62,22,40,22,6,16,3,1,2,0,0,0,129,129,37,36,38,6,6,3,3,88,65,23,6,89,0,24,17
53403189,0,,,146,78,68,11,8,3,132,69,63,72,42,30,127,65,62,123,64,59,60,27,33,25,7,18,6,0,6,0,0,0,2,2,0,62,62,20,21,10,3,6,2,0,41,32,9,2,41,0,12,13
53403190,0,,,2105,1157,948,180,77,103,1847,1021,826,1232,739,493,1803,990,813,1773,974,799,615,282,333,342,149,193,99,30,69,18,0,18,105,80,25,1022,1021,480,273,140,94,23,6,5,526,476,50,43,351,151,84,108
53403191,0,,,7191,3669,3522,836,448,388,6166,3106,3060,4250,2272,1978,5979,3008,2971,5840,2936,2904,1916,834,1082,1038,405,633,348,97,251,48,5,43,179,93,86,3089,3081,1152,876,515,384,120,27,7,1879,1743,136,207,1052,227,273,321
53403192,0,,,8190,4073,4117,1002,485,517,7116,3556,3560,4995,2598,2397,6885,3420,3465,6722,3327,3395,2121,958,1163,1044,465,579,282,98,184,15,3,12,172,84,88,3518,3517,1118,1085,658,475,129,40,12,2349,2184,165,291,1385,158,375,454
53403193,0,,,8049,3952,4097,864,440,424,7027,3445,3582,4926,2461,2465,6830,3343,3487,6697,3277,3420,2101,984,1117,1031,461,570,244,89,155,12,4,8,172,85,87,3751,3743,1532,1041,648,378,108,26,10,2154,1986,168,268,1422,266,431,460
53403194,0,,,4147,2031,2116,490,256,234,3635,1766,1869,2156,1114,1042,3519,1707,1812,3387,1618,1769,1479,652,827,876,402,474,212,90,122,9,3,6,45,19,26,1725,1720,436,641,316,231,75,15,6,1274,1193,81,123,923,24,224,372
53403195,0,,,1987,984,1003,185,96,89,1797,888,909,1015,531,484,1745,857,888,1711,838,873,782,357,425,404,187,217,86,36,50,5,1,4,33,15,18,763,760,169,288,151,116,27,7,2,585,533,52,46,482,2,110,184
53403196,0,,,227,156,71,7,3,4,213,149,64,106,74,32,208,147,61,205,144,61,107,75,32,38,28,10,5,3,2,1,0,1,0,0,0,55,54,14,17,10,9,2,1,1,39,32,7,2,34,0,5,10
53403197,0,,,34,21,13,3,3,0,29,16,13,10,7,3,29,16,13,29,16,13,19,9,10,7,3,4,1,0,1,0,0,0,0,0,0,14,14,2,8,1,2,1,0,0,11,10,1,0,12,0,2,4
53403198,0,,,89,47,42,8,5,3,81,42,39,46,26,20,81,42,39,81,42,39,35,16,19,16,5,11,11,3,8,0,0,0,0,0,0,31,31,6,9,8,3,4,0,1,25,16,9,3,26,0,5,4
53403199,0,,,296,142,154,21,7,14,275,135,140,137,69,68,270,131,139,266,129,137,138,66,72,60,26,34,18,2,16,1,0,1,7,2,5,114,114,28,40,21,12,7,3,3,85,65,20,4,85,0,20,25
53403200,0,,,239,121,118,12,5,7,225,115,110,88,53,35,223,114,109,221,113,108,137,62,75,89,35,54,35,8,27,3,1,2,17,15,2,86,85,29,30,14,7,4,1,0,56,45,11,2,52,10,10,18
53403201,0,,,16,9,7,2,1,1,14,8,6,9,6,3,14,8,6,13,8,5,5,2,3,1,0,1,0,0,0,0,0,0,2,2,0,7,7,3,1,1,2,0,0,0,4,4,0,0,3,2,1,1
53403202,0,,,324,174,150,17,10,7,306,164,142,183,104,79,292,156,136,285,154,131,123,60,63,56,25,31,10,2,8,0,0,0,12,12,0,146,146,61,39,16,19,8,0,3,82,64,18,2,88,6,30,19
53403203,0,,,155,78,77,8,7,1,147,71,76,78,36,42,143,70,73,143,70,73,69,35,34,31,15,16,7,4,3,1,0,1,6,1,5,62,62,13,18,20,9,2,0,0,49,37,12,2,48,0,10,6
53403204,0,,,218,153,65,8,2,6,210,151,59,161,122,39,191,135,56,155,99,56,49,29,20,23,10,13,5,4,1,1,1,0,3,3,0,77,74,36,22,7,4,5,0,0,37,32,5,2,28,8,8,7
53403205,1,,53403206,198,100,98,19,9,10,181,88,93,112,57,55,177,87,90,172,84,88,69,31,38,32,11,21,4,1,3,0,0,0,7,0,7,81,81,31,22,11,10,7,4,0,53,34,19,5,51,1,14,9
53403206,2,53403205,,9,3,6,*,*,*,*,*,*,*,*,*,*,*,*,*,*,*,*,*,*,*,*,*,*,*,*,*,*,*,*,*,*,4,4,*,*,*,*,*,*,*,*,*,*,*,*,*,*,*
53403208,0,,,150,81,69,6,3,3,144,78,66,69,37,32,140,74,66,138,74,64,75,41,34,29,15,14,15,9,6,2,1,1,0,0,0,54,54,11,15,14,6,5,3,0,43,30,13,1,46,0,10,9
53403209,0,,,190,93,97,13,9,4,174,83,91,95,48,47,168,80,88,164,77,87,79,35,44,36,12,24,12,4,8,1,0,1,0,0,0,84,84,26,35,10,6,6,0,1,56,44,12,2,53,3,12,18
53403210,0,,,16,9,7,4,3,1,12,6,6,6,4,2,12,6,6,12,6,6,6,2,4,4,1,3,2,1,1,0,0,0,0,0,0,4,4,0,1,2,0,0,0,1,4,3,1,1,3,0,0,0
53403211,0,,,242,127,115,16,8,8,224,118,106,124,72,52,221,116,105,220,115,105,100,46,54,36,13,23,16,5,11,2,1,1,7,6,1,97,97,29,31,15,14,3,3,2,65,48,17,5,68,0,18,15
53403212,0,,,266,146,120,21,13,8,242,131,111,133,81,52,235,129,106,231,126,105,109,50,59,47,22,25,5,0,5,1,0,1,13,6,7,123,123,43,40,24,12,2,1,1,76,65,11,6,78,2,23,16
53403213,0,,,233,127,106,7,1,6,219,121,98,129,72,57,218,121,97,215,120,95,90,49,41,34,15,19,10,5,5,1,0,1,15,9,6,108,108,36,40,15,14,2,1,0,71,65,6,3,61,2,14,12
53403214,0,,,169,82,87,9,5,4,160,77,83,93,46,47,158,77,81,154,76,78,67,31,36,27,10,17,7,2,5,2,0,2,6,2,4,63,63,10,28,6,13,3,3,0,53,40,13,3,44,0,6,12
53403215,0,,,273,144,129,5,5,0,267,138,129,129,96,33,266,138,128,263,136,127,138,42,96,90,15,75,63,9,54,16,2,14,42,42,0,89,86,56,15,9,3,2,0,1,29,24,5,2,31,40,10,5
53403216,0,,,26,13,13,0,0,0,26,13,13,10,7,3,26,13,13,26,13,13,16,6,10,6,2,4,1,0,1,0,0,0,0,0,0,12,12,3,6,1,2,0,0,0,9,9,0,0,9,0,1,3
53403217,2,53403227,,9,4,5,*,*,*,*,*,*,*,*,*,*,*,*,*,*,*,*,*,*,*,*,*,*,*,*,*,*,*,*,*,*,3,3,*,*,*,*,*,*,*,*,*,*,*,*,*,*,*
53403218,1,,53403219,198,103,95,20,13,7,184,92,92,112,59,53,178,89,89,175,89,86,72,33,39,29,13,16,11,5,6,0,0,0,13,10,3,80,80,23,22,20,10,5,2,0,59,45,14,1,49,2,11,10
53403219,2,53403218,,6,2,4,*,*,*,*,*,*,*,*,*,*,*,*,*,*,*,*,*,*,*,*,*,*,*,*,*,*,*,*,*,*,2,2,*,*,*,*,*,*,*,*,*,*,*,*,*,*,*
53403220,0,,,153,81,72,12,4,8,139,76,63,84,50,34,135,74,61,132,71,61,55,26,29,24,10,14,9,4,5,0,0,0,4,2,2,60,60,12,23,12,7,5,1,0,46,41,5,1,32,1,2,14
53403221,0,,,334,207,127,22,12,10,307,192,115,220,149,71,298,186,112,293,185,108,87,43,44,44,19,25,11,3,8,1,0,1,12,7,5,172,172,96,32,20,14,4,4,2,71,59,12,6,57,4,15,13
53403222,0,,,220,114,106,8,1,7,209,111,98,143,76,67,182,101,81,161,89,72,66,35,31,34,20,14,11,5,6,0,0,0,6,2,4,75,74,30,16,13,9,4,2,0,43,31,12,2,44,1,15,3
53403223,0,,,400,211,189,22,13,9,374,196,178,242,131,111,362,191,171,354,189,165,132,65,67,60,27,33,6,2,4,0,0,0,19,13,6,165,163,48,54,31,17,9,2,2,114,97,17,3,88,8,21,23
53403224,0,,,201,104,97,21,11,10,179,92,87,105,58,47,171,86,85,159,82,77,74,34,40,31,12,19,9,2,7,0,0,0,2,2,0,65,65,10,23,11,7,4,6,4,54,39,15,4,46,0,5,12
53403225,0,,,235,119,116,18,8,10,215,109,106,110,60,50,214,108,106,212,107,105,105,49,56,44,16,28,22,6,16,4,2,2,14,7,7,102,101,37,32,14,11,5,2,0,60,51,9,6,64,4,19,14
53403226,0,,,76,43,33,7,5,2,68,37,31,45,25,20,64,34,30,63,34,29,23,12,11,12,6,6,5,1,4,1,0,1,8,8,0,40,40,24,7,3,3,1,2,0,16,13,3,2,19,5,14,1
53403227,1,,53403217,147,79,68,9,5,4,147,78,69,92,53,39,144,76,68,143,75,68,55,25,30,22,10,12,6,3,3,1,1,0,2,0,2,53,53,10,16,17,7,3,1,2,45,33,12,2,37,1,6,4
53403228,0,,,13,7,6,0,0,0,13,7,6,6,4,2,13,7,6,13,7,6,7,3,4,2,1,1,1,0,1,0,0,0,4,3,1,9,9,6,2,1,0,0,0,0,3,3,0,0,5,1,3,2
53403229,0,,,27,11,16,3,2,1,24,9,15,12,4,8,23,8,15,23,8,15,12,5,7,5,1,4,2,0,2,1,0,1,0,0,0,11,11,3,2,5,0,1,0,0,8,7,1,1,6,0,1,2
53403230,0,,,86,58,28,3,2,1,83,56,27,55,43,12,82,55,27,81,55,26,28,13,15,11,6,5,1,0,1,1,0,1,1,1,0,28,27,8,11,4,3,1,0,0,19,16,3,3,19,0,3,5
53403231,0,,,120,67,53,5,2,3,115,65,50,62,37,25,113,64,49,112,64,48,53,28,25,19,11,8,6,3,3,0,0,0,3,3,0,51,51,17,15,7,9,2,1,0,32,25,7,1,34,2,8,10
53403232,0,,,84,49,35,14,8,6,70,41,29,43,28,15,68,40,28,68,40,28,27,13,14,11,5,6,3,2,1,1,1,0,0,0,0,33,33,6,13,7,5,1,1,0,26,23,3,2,18,1,3,3
53403233,0,,,270,138,132,27,11,16,237,124,113,174,91,83,234,121,113,232,120,112,63,33,30,24,9,15,4,2,2,0,0,0,8,3,5,109,109,36,26,22,13,8,4,0,73,60,13,4,49,0,15,8
53403234,0,,,395,201,194,10,2,8,381,196,185,212,119,93,373,191,182,369,188,181,169,77,92,63,21,42,13,3,10,2,0,2,11,7,4,103,97,30,28,20,11,8,0,0,64,55,9,4,54,1,15,16
53403235,0,,,137,72,65,4,3,1,133,69,64,80,38,42,126,66,60,121,65,56,53,31,22,23,12,11,4,2,2,0,0,0,1,1,0,57,57,15,21,10,7,3,0,1,40,34,6,0,35,0,9,7
53403236,0,,,36,16,20,2,1,1,34,15,19,18,8,10,32,14,18,31,13,18,16,7,9,8,2,6,4,2,2,0,0,0,0,0,0,13,13,2,5,2,2,2,0,0,11,8,3,0,12,0,2,3
53403237,0,,,53,26,27,6,3,3,47,23,24,24,11,13,47,23,24,47,23,24,23,12,11,12,5,7,3,1,2,0,0,0,4,2,2,23,23,5,10,5,2,1,0,0,17,14,3,2,18,0,5,0
53403238,0,,,61,31,30,0,0,0,61,31,30,42,25,17,58,28,30,57,27,30,19,6,13,14,3,11,1,0,1,0,0,0,1,0,1,29,29,11,9,4,5,0,0,0,18,16,2,0,16,0,7,2
53403239,0,,,351,174,177,19,11,8,332,163,169,189,98,91,325,157,168,322,156,166,143,65,78,64,25,39,19,7,12,4,2,2,1,0,1,143,143,34,59,17,22,9,0,2,106,88,18,8,92,0,22,28
53403240,0,,,147,74,73,10,5,5,137,69,68,52,33,19,135,69,66,134,68,66,85,36,49,61,21,40,22,5,17,1,0,1,15,13,2,43,42,20,8,5,4,1,2,2,22,14,8,2,22,4,6,2
53403241,0,,,56,29,27,0,0,0,56,29,27,26,15,11,55,28,27,54,28,26,30,14,16,15,8,7,4,2,2,0,0,0,0,0,0,30,30,11,14,3,2,0,0,0,19,16,3,0,18,2,2,6
53403242,0,,,153,74,79,6,2,4,147,72,75,88,46,42,146,71,75,145,71,74,59,26,33,20,8,12,10,3,7,0,0,0,0,0,0,66,66,18,23,14,8,3,0,0,47,37,10,0,40,0,9,9
53403243,0,,,746,375,371,64,33,31,676,339,337,438,229,209,653,329,324,634,321,313,238,110,128,110,48,62,34,12,22,2,0,2,7,2,5,289,289,63,91,79,30,17,5,4,221,186,35,11,161,3,33,43
53403244,0,,,408,225,183,30,17,13,374,204,170,236,129,107,368,200,168,359,199,160,138,75,63,55,27,28,12,5,7,1,1,0,13,6,7,186,178,59,62,27,18,9,2,1,117,98,19,7,86,2,18,27
53403245,0,,,133,71,62,10,4,6,123,67,56,70,44,26,121,65,56,120,64,56,53,23,30,27,11,16,6,0,6,0,0,0,1,1,0,53,53,17,16,9,6,0,4,1,36,24,12,1,34,1,8,10
53403246,0,,,75,42,33,0,0,0,75,42,33,33,22,11,74,42,32,71,39,32,42,20,22,24,13,11,8,4,4,0,0,0,0,0,0,35,35,9,14,10,2,0,0,0,26,22,4,0,29,0,7,7
53403247,0,,,129,59,70,16,8,8,113,51,62,73,33,40,110,50,60,107,49,58,40,18,22,18,7,11,5,1,4,1,0,1,1,0,1,50,50,10,19,9,7,4,1,0,39,31,8,4,28,0,5,10
53403248,0,,,207,102,105,10,6,4,197,96,101,136,70,66,191,93,98,186,91,95,61,26,35,31,9,22,8,3,5,0,0,0,3,2,1,84,84,23,27,14,15,2,3,0,61,49,12,1,41,0,13,9
53403249,0,,,404,199,205,36,20,16,367,179,188,199,97,102,357,173,184,351,170,181,168,82,86,71,31,40,25,9,16,3,0,3,10,5,5,158,158,35,52,34,26,9,0,2,123,97,26,8,111,0,29,33
53403250,0,,,16,9,7,0,0,0,16,9,7,9,7,2,16,9,7,16,9,7,7,2,5,4,1,3,0,0,0,0,0,0,0,0,0,8,8,2,4,2,0,0,0,0,6,5,1,0,5,0,1,1
53403251,0,,,144,68,76,13,6,7,131,62,69,68,31,37,127,59,68,123,57,66,63,31,32,31,12,19,8,3,5,0,0,0,0,0,0,57,57,12,21,14,6,2,1,1,45,37,8,3,40,0,9,12
53403252,0,,,515,260,255,55,29,26,456,231,225,296,156,140,438,224,214,428,222,206,160,75,85,63,30,33,16,7,9,0,0,0,7,1,6,198,197,44,62,43,33,10,4,1,151,123,28,11,105,1,23,28
53403253,0,,,624,335,289,73,42,31,542,289,253,402,219,183,520,278,242,502,267,235,140,70,70,53,24,29,15,7,8,0,0,0,23,17,6,252,252,83,56,60,30,13,7,3,167,142,25,14,99,11,23,23
53403254,0,,,1175,618,557,99,50,49,1071,565,506,773,396,377,1039,551,488,1017,541,476,298,169,129,101,54,47,21,10,11,0,0,0,20,12,8,480,480,116,168,107,57,22,8,2,359,314,45,24,215,9,49,64
53403255,0,,,1115,558,557,103,49,54,996,499,497,662,333,329,959,481,478,930,468,462,334,166,168,136,66,70,31,10,21,2,1,1,41,15,26,463,463,129,157,89,51,25,8,4,328,284,44,21,231,9,61,68
53403256,0,,,455,210,245,47,23,24,407,187,220,259,132,127,395,184,211,387,183,204,148,55,93,93,26,67,47,8,39,7,0,7,14,5,9,152,151,27,54,36,22,9,2,1,119,108,11,15,62,0,8,16
53403257,0,,,110,53,57,10,5,5,100,48,52,57,29,28,98,46,52,98,46,52,43,19,24,24,10,14,4,1,3,0,0,0,1,1,0,42,42,8,15,11,4,2,1,1,34,27,7,3,31,0,6,11
53403258,0,,,644,316,328,45,21,24,597,293,304,355,183,172,586,287,299,581,283,298,242,110,132,137,49,88,38,9,29,2,0,2,16,14,2,272,272,78,94,43,43,10,2,2,192,156,36,14,172,2,46,38
53403259,0,,,1615,809,806,153,85,68,1461,723,738,825,413,412,1427,699,728,1409,690,719,636,310,326,247,104,143,76,25,51,5,2,3,19,8,11,690,690,170,277,129,79,25,7,3,516,473,43,36,433,2,104,160
53403260,0,,,302,153,149,20,13,7,280,139,141,149,78,71,273,136,137,267,133,134,131,61,70,62,24,38,17,6,11,0,0,0,0,0,0,114,114,25,37,24,15,10,1,2,86,60,26,3,88,0,18,17
53403261,0,,,190,96,94,17,12,5,173,84,89,85,43,42,167,81,86,164,80,84,88,41,47,43,19,24,14,7,7,0,0,0,0,0,0,77,77,25,28,8,6,3,4,3,52,35,17,3,61,1,19,15
53403262,0,,,277,151,126,12,5,7,259,143,116,147,85,62,254,141,113,251,140,111,112,58,54,47,18,29,6,2,4,2,0,2,7,3,4,129,129,38,53,25,10,2,0,1,89,82,7,1,71,2,15,26
53403263,0,,,608,280,328,43,24,19,563,256,307,298,155,143,552,252,300,547,249,298,265,101,164,158,49,109,70,11,59,11,1,10,17,6,11,218,216,52,79,51,24,6,4,0,162,141,21,12,121,0,29,33
53403264,0,,,702,380,322,36,24,12,658,353,305,433,237,196,646,347,299,631,339,292,225,116,109,103,51,52,22,7,15,1,0,1,15,1,14,305,292,73,114,65,24,12,4,0,215,194,21,12,141,2,23,43
53403265,0,,,1243,641,602,111,55,56,1125,583,542,733,396,337,1105,574,531,1087,563,524,392,187,205,200,88,112,42,12,30,3,0,3,33,15,18,465,463,98,159,92,72,29,7,6,354,291,63,26,243,1,50,68
53403266,0,,,76,43,33,2,0,2,74,43,31,41,24,17,72,42,30,71,42,29,33,19,14,16,9,7,3,2,1,0,0,0,10,9,1,39,39,17,14,4,3,0,0,1,22,18,4,1,24,4,8,6
53403267,0,,,300,140,160,16,6,10,282,132,150,162,75,87,278,131,147,272,128,144,120,57,63,61,23,38,19,5,14,2,0,2,8,7,1,138,138,39,56,29,10,3,0,1,98,86,12,3,83,1,21,24
53403268,0,,,1237,626,611,61,36,25,1173,589,584,638,325,313,1152,581,571,1134,570,564,535,264,271,230,102,128,64,20,44,8,2,6,14,8,6,500,498,107,199,114,65,8,5,0,381,350,31,18,320,2,66,109
53403269,0,,,136,69,67,13,7,6,123,62,61,78,40,38,121,60,61,119,59,60,45,22,23,25,9,16,7,2,5,0,0,0,1,1,0,46,46,8,14,10,7,2,4,1,38,28,10,6,31,1,7,8
53403270,0,,,80,44,36,1,1,0,78,42,36,40,25,15,77,41,36,76,41,35,38,17,21,19,8,11,3,1,2,1,0,1,1,0,1,40,40,13,17,7,3,0,0,0,26,22,4,0,26,0,6,6
53403271,0,,,208,114,94,18,9,9,185,103,82,115,72,43,182,101,81,180,99,81,70,31,39,38,16,22,4,1,3,0,0,0,2,2,0,86,86,23,33,11,14,2,1,2,60,53,7,3,46,0,8,17
53403272,0,,,1582,812,770,81,45,36,1485,760,725,932,485,447,1467,749,718,1450,738,712,553,275,278,205,92,113,46,12,34,2,0,2,30,17,13,676,676,158,266,152,71,23,5,1,509,454,55,18,378,5,81,116
53403273,0,,,761,390,371,62,30,32,688,355,333,434,230,204,665,343,322,653,338,315,254,125,129,92,40,52,20,6,14,0,0,0,28,6,22,321,321,94,101,72,34,13,2,5,221,185,36,14,169,4,41,47
53403274,0,,,1071,541,530,113,43,70,952,495,457,647,338,309,927,478,449,906,468,438,305,157,148,129,64,65,37,13,24,3,0,3,42,17,25,435,432,123,139,84,60,18,4,4,303,268,35,32,198,3,56,59
53403275,0,,,850,419,431,86,49,37,758,366,392,469,234,235,745,361,384,731,355,376,289,132,157,121,47,74,25,8,17,1,0,1,19,6,13,351,351,102,101,84,36,19,8,1,242,201,41,22,194,6,48,50
53403276,0,,,341,187,154,20,14,6,321,173,148,212,120,92,318,172,146,311,167,144,109,53,56,36,14,22,6,3,3,0,0,0,23,18,5,172,172,65,68,26,6,4,3,0,105,95,10,5,83,14,24,22
53403277,0,,,203,108,95,10,7,3,193,101,92,110,63,47,189,99,90,185,95,90,83,38,45,44,17,27,10,3,7,1,0,1,5,2,3,79,79,19,25,20,10,2,0,3,60,44,16,2,56,0,13,13
53403278,0,,,325,130,195,20,11,9,305,119,186,138,66,72,301,117,184,300,117,183,167,53,114,114,20,94,64,7,57,14,1,13,3,2,1,98,97,22,33,30,8,2,0,2,75,63,12,3,55,0,13,17
53403279,0,,,631,319,312,82,49,33,545,267,278,340,166,174,529,257,272,524,257,267,205,101,104,98,46,52,18,7,11,1,0,1,19,10,9,240,240,51,84,52,27,14,9,3,187,156,31,24,140,2,29,43
53403280,0,,,65,35,30,8,3,5,56,32,24,34,20,14,56,32,24,56,32,24,22,12,10,10,6,4,3,1,2,0,0,0,1,1,0,26,26,6,12,3,2,1,1,1,19,17,2,2,15,0,3,5
53403281,0,,,211,109,102,14,5,9,197,104,93,105,58,47,191,102,89,188,100,88,92,46,46,29,14,15,11,4,7,1,0,1,3,1,2,82,82,20,24,22,8,4,3,1,62,46,16,4,63,2,11,9
53403282,0,,,472,233,239,34,11,23,434,219,215,283,148,135,416,213,203,407,209,198,151,71,80,68,33,35,15,6,9,0,0,0,7,1,6,174,174,30,55,45,32,5,5,2,142,121,21,6,97,1,18,30
53403283,0,,,1413,693,720,125,67,58,1280,624,656,834,415,419,1243,606,637,1201,591,610,446,209,237,192,94,98,35,11,24,5,0,5,27,8,19,579,579,142,203,127,69,29,5,4,429,368,61,26,294,12,61,93
53403284,0,,,1893,939,954,206,102,104,1643,818,825,1168,603,565,1591,791,800,1556,772,784,475,215,260,215,88,127,50,14,36,2,0,2,73,30,43,826,822,275,256,162,73,37,12,7,534,472,62,59,332,7,110,93
53403285,0,,,2141,1049,1092,243,115,128,1835,906,929,1199,616,583,1799,891,908,1766,873,893,636,290,346,314,124,190,78,25,53,1,0,1,78,45,33,1005,1002,411,268,174,105,32,9,3,584,514,70,79,437,48,135,109
53403286,0,,,1224,629,595,72,36,36,1140,587,553,676,367,309,1111,569,542,1088,555,533,464,220,244,180,76,104,43,12,31,3,1,2,44,24,20,553,553,168,203,103,60,15,3,1,373,331,42,19,317,10,81,97
53403287,0,,,187,94,93,10,5,5,177,89,88,102,51,51,174,86,88,171,85,86,75,38,37,36,17,19,6,3,3,0,0,0,4,1,3,88,88,29,37,13,4,2,2,1,57,52,5,3,52,1,14,16
53403288,0,,,654,345,309,65,34,31,589,311,278,364,199,165,570,301,269,562,296,266,225,112,113,108,49,59,15,7,8,1,1,0,20,11,9,278,278,71,103,57,32,13,1,1,201,182,19,15,147,4,36,55
53403289,0,,,718,364,354,56,33,23,661,330,331,422,210,212,633,315,318,616,308,308,239,120,119,98,44,54,18,8,10,0,0,0,32,17,15,297,297,77,112,45,46,9,6,2,217,185,32,8,173,6,43,51
53403290,0,,,93,45,48,3,1,2,90,44,46,42,20,22,90,44,46,88,43,45,48,24,24,14,4,10,11,3,8,0,0,0,0,0,0,37,37,7,16,5,7,1,1,0,30,24,6,0,29,0,5,8
53403291,0,,,365,187,178,31,17,14,334,170,164,203,105,98,321,161,160,312,157,155,131,65,66,57,24,33,15,5,10,0,0,0,3,1,2,138,138,34,43,22,24,9,4,2,100,79,21,9,86,0,18,29
53403292,0,,,1438,688,750,111,51,60,1318,632,686,818,408,410,1293,618,675,1267,609,658,500,224,276,247,95,152,78,21,57,11,3,8,32,19,13,554,553,132,195,123,67,21,10,5,413,363,50,26,296,11,65,78
53403293,0,,,604,318,286,35,20,15,568,298,270,375,210,165,559,293,266,538,278,260,193,88,105,84,42,42,15,5,10,2,0,2,16,8,8,253,252,70,92,46,34,6,1,3,175,153,22,6,128,4,30,40
53403294,0,,,2725,1369,1356,343,183,160,2333,1159,1174,1611,815,796,2259,1120,1139,2213,1103,1110,722,344,378,314,138,176,56,22,34,1,0,1,73,31,42,1215,1213,400,397,217,150,36,10,3,798,742,56,102,510,29,150,154
53403295,0,,,3642,1745,1897,363,182,181,3213,1536,1677,1932,971,961,3123,1491,1632,3063,1459,1604,1281,565,716,709,283,426,227,68,159,21,7,14,101,42,59,1559,1553,530,478,288,178,56,21,2,1001,853,148,102,777,36,228,194
53403296,0,,,2190,1139,1051,246,140,106,1920,988,932,1192,660,532,1860,950,910,1835,939,896,728,328,400,337,149,188,68,23,45,5,1,4,74,46,28,989,980,362,315,156,97,38,8,4,604,527,77,51,480,54,118,145
53403297,0,,,787,410,377,39,18,21,737,389,348,463,258,205,716,378,338,702,372,330,274,131,143,112,52,60,14,4,10,1,0,1,34,18,16,340,337,97,120,71,27,17,5,0,233,208,25,7,190,7,44,48
53403298,0,,,300,157,143,14,8,6,285,148,137,193,108,85,279,146,133,275,144,131,92,40,52,47,21,26,13,2,11,0,0,0,6,2,4,105,104,29,35,21,9,6,2,2,73,58,15,1,68,0,17,16
53403299,0,,,377,194,183,23,10,13,353,183,170,252,134,118,341,174,167,333,170,163,101,49,52,42,22,20,13,6,7,2,0,2,13,6,7,151,151,33,58,31,17,9,0,3,118,99,19,3,73,0,14,19
53403300,0,,,962,511,451,72,38,34,846,448,398,592,332,260,828,439,389,717,368,349,254,116,138,113,48,65,37,12,25,0,0,0,16,7,9,437,435,234,83,51,42,16,2,7,200,153,47,21,165,80,37,44
53403301,0,,,282,134,148,24,9,15,240,116,124,160,80,80,232,114,118,222,110,112,80,36,44,33,12,21,12,2,10,0,0,0,10,9,1,132,131,59,30,21,13,5,2,1,72,59,13,6,53,19,10,18
53403302,0,,,371,183,188,38,20,18,313,152,161,209,97,112,306,148,158,290,144,146,104,55,49,43,17,26,11,5,6,1,0,1,6,2,4,176,176,80,39,30,16,8,2,1,94,72,22,10,76,9,19,18
53403303,0,,,197,102,95,10,5,5,187,97,90,103,61,42,186,96,90,182,93,89,84,36,48,49,20,29,17,2,15,6,1,5,4,1,3,77,77,16,25,21,9,4,2,0,61,44,17,3,54,0,10,10
53403304,0,,,647,310,337,52,18,34,594,291,303,375,194,181,578,283,295,570,279,291,219,97,122,102,42,60,31,10,21,0,0,0,10,2,8,279,279,91,82,50,41,13,1,1,183,148,35,13,166,1,65,36
53403305,0,,,429,219,210,35,19,16,392,199,193,231,121,110,386,197,189,373,188,185,161,78,83,80,35,45,15,5,10,0,0,0,8,4,4,182,182,50,64,36,20,9,3,0,130,113,17,8,110,0,28,32
53403306,0,,,313,150,163,12,6,6,298,142,156,188,95,93,290,138,152,285,137,148,110,47,63,53,18,35,12,1,11,0,0,0,1,0,1,117,117,25,35,27,17,9,4,0,89,63,26,1,75,1,16,14
53403307,0,,,582,287,295,55,25,30,525,261,264,310,158,152,503,251,252,495,247,248,215,103,112,88,34,54,29,8,21,4,1,3,14,9,5,212,212,49,65,38,34,11,9,6,160,123,37,14,137,2,32,37
53403308,0,,,289,144,145,22,12,10,267,132,135,155,78,77,262,130,132,255,127,128,112,54,58,49,23,26,19,6,13,0,0,0,7,2,5,105,105,24,29,22,16,9,3,2,80,53,27,5,73,0,15,10
53403309,0,,,327,159,168,30,17,13,292,137,155,172,84,88,284,133,151,279,132,147,120,53,67,62,27,35,9,2,7,0,0,0,1,0,1,130,130,38,42,16,23,6,2,3,90,67,23,9,84,0,24,20
53403310,0,,,534,244,290,38,17,21,496,227,269,225,112,113,482,218,264,473,214,259,271,115,156,158,57,101,85,18,67,13,2,11,3,2,1,189,180,52,60,29,21,10,7,1,127,97,30,10,121,3,32,37
53403311,0,,,1247,624,623,175,84,91,1058,531,527,750,397,353,1032,520,512,1013,510,503,308,134,174,150,58,92,45,15,30,3,0,3,7,3,4,527,527,173,147,94,80,23,8,2,345,293,52,58,206,26,60,54
53403312,0,,,607,293,314,54,23,31,548,266,282,310,163,147,537,261,276,528,259,269,238,103,135,152,60,92,62,19,43,6,2,4,7,4,3,235,234,81,62,47,30,11,2,1,147,119,28,18,119,15,37,21
53403313,0,,,542,272,270,47,23,24,493,248,245,297,156,141,480,240,240,474,236,238,196,92,104,86,35,51,18,6,12,0,0,0,1,0,1,210,210,46,65,54,28,11,5,1,163,132,31,10,130,0,23,35
53403314,0,,,400,186,214,45,23,22,355,163,192,215,106,109,345,159,186,336,156,180,140,57,83,57,18,39,22,4,18,1,0,1,6,2,4,142,142,31,38,34,23,6,4,6,109,82,27,15,92,0,19,16
53403315,0,,,547,292,255,56,30,26,489,261,228,347,192,155,471,249,222,454,238,216,142,69,73,60,30,30,16,8,8,1,0,1,3,0,3,219,219,56,66,51,29,13,3,1,161,139,22,14,101,1,27,28
53403316,0,,,334,163,171,44,18,26,289,144,145,183,98,85,282,141,141,274,137,137,106,46,60,46,16,30,8,2,6,3,0,3,5,2,3,126,126,29,42,22,20,5,6,2,96,74,22,10,73,0,15,17
53403317,0,,,75,37,38,11,5,6,63,31,32,38,19,19,62,31,31,61,31,30,25,12,13,13,7,6,2,1,1,0,0,0,4,4,0,32,32,10,11,7,0,2,2,0,21,20,1,3,16,0,5,5
53403318,0,,,431,171,260,27,9,18,401,160,241,151,79,72,394,157,237,392,155,237,250,81,169,173,37,136,122,18,104,25,2,23,1,0,1,123,121,39,36,17,22,4,2,1,81,60,21,6,73,1,20,16
53403319,0,,,250,122,128,15,6,9,235,116,119,133,70,63,228,112,116,223,108,115,102,46,56,50,24,26,18,7,11,3,1,2,2,0,2,95,95,18,35,21,9,10,1,1,76,54,22,4,66,0,12,12
53403320,0,,,108,52,56,8,5,3,100,47,53,50,25,25,97,46,51,97,46,51,50,22,28,24,8,16,13,4,9,0,0,0,0,0,0,43,43,12,12,7,9,3,0,0,30,17,13,2,33,0,8,7
53403321,0,,,460,239,221,38,24,14,419,213,206,225,130,95,403,202,201,397,200,197,194,83,111,108,47,61,28,15,13,0,0,0,3,1,2,210,210,72,69,41,15,11,2,0,137,122,15,8,135,0,44,42
53403322,0,,,2067,1023,1044,217,119,98,1827,891,936,1159,592,567,1764,858,906,1733,843,890,668,299,369,346,151,195,116,41,75,11,4,7,25,11,14,902,900,298,294,147,107,34,10,10,588,508,80,53,448,33,120,123
53403323,0,,,1476,720,756,183,98,85,1256,602,654,864,434,430,1223,587,636,1213,582,631,392,168,224,188,77,111,65,23,42,6,1,5,24,12,12,703,699,325,173,95,70,29,3,4,367,328,39,63,255,42,97,63
53403324,0,,,87,39,48,13,7,6,74,32,42,60,28,32,71,30,41,68,30,38,14,4,10,5,2,3,3,1,2,1,0,1,0,0,0,26,26,4,3,6,9,1,3,0,22,14,8,1,9,0,0,0
53403325,0,,,801,405,396,93,54,39,706,350,356,463,244,219,680,333,347,660,322,338,243,106,137,117,43,74,28,11,17,1,0,1,5,1,4,310,310,67,106,68,41,21,2,5,238,204,34,20,168,0,41,52
53403326,0,,,331,172,159,43,31,12,284,137,147,182,93,89,271,134,137,262,125,137,102,44,58,52,17,35,23,7,16,5,0,5,6,4,2,113,112,27,28,22,14,12,7,2,85,68,17,9,59,0,11,10
53403327,0,,,343,178,165,33,21,12,310,157,153,181,95,86,297,150,147,293,149,144,129,62,67,57,28,29,18,5,13,2,0,2,8,2,6,129,129,29,38,30,18,9,4,1,98,73,25,11,83,0,18,16
53403328,0,,,180,91,89,15,9,6,165,82,83,107,57,50,159,80,79,157,78,79,58,25,33,24,8,16,10,1,9,0,0,0,0,0,0,61,61,12,13,17,13,1,2,3,48,30,18,5,42,0,7,6
53403329,0,,,426,215,211,51,29,22,370,184,186,252,128,124,353,172,181,343,166,177,118,56,62,48,23,25,9,2,7,0,0,0,1,0,1,145,145,32,31,37,23,8,10,4,110,77,33,11,78,2,15,14
53403330,0,,,227,123,104,21,12,9,206,111,95,111,62,49,199,107,92,195,106,89,95,49,46,38,19,19,13,4,9,0,0,0,2,1,1,88,88,25,31,12,6,9,2,3,63,49,14,4,65,1,20,13
53403331,0,,,171,86,85,10,5,5,161,81,80,96,49,47,160,80,80,159,79,80,65,32,33,36,16,20,10,3,7,0,0,0,1,0,1,60,60,5,23,17,10,2,2,1,54,41,13,4,41,0,3,10
53403332,0,,,383,185,198,30,15,15,348,168,180,188,95,93,332,158,174,324,154,170,160,73,87,84,39,45,21,8,13,0,0,0,7,3,4,163,163,50,49,36,17,8,2,1,111,86,25,7,102,3,26,30
53403333,0,,,794,390,404,81,44,37,704,341,363,430,213,217,686,332,354,680,329,351,274,128,146,129,53,76,45,16,29,3,0,3,15,9,6,342,337,118,99,55,38,14,9,4,216,169,47,20,187,12,56,48
53403334,0,,,478,238,240,30,18,12,448,220,228,255,134,121,434,211,223,427,208,219,193,86,107,89,32,57,36,8,28,5,1,4,4,3,1,193,193,50,60,44,21,16,2,0,143,110,33,9,133,2,32,31
53403335,0,,,149,73,76,7,5,2,142,68,74,77,34,43,139,66,73,136,66,70,65,34,31,29,15,14,5,2,3,1,1,0,4,1,3,59,59,14,22,10,7,4,1,1,45,33,12,1,44,0,7,12
53403336,0,,,396,194,202,29,15,14,367,179,188,215,107,108,361,176,185,359,176,183,152,72,80,79,33,46,18,9,9,0,0,0,3,1,2,162,162,47,49,31,22,8,5,0,113,93,20,6,108,1,35,22
53403337,0,,,324,165,159,29,13,16,291,149,142,161,80,81,284,142,142,280,140,140,130,69,61,58,27,31,16,3,13,2,0,2,11,5,6,125,125,29,42,24,16,11,2,1,94,73,21,6,87,1,19,17
53403338,0,,,242,110,132,20,7,13,222,103,119,151,72,79,218,101,117,214,101,113,71,31,40,32,14,18,10,5,5,1,1,0,2,1,1,85,85,8,29,26,16,2,4,0,76,61,15,4,48,0,6,12
53403339,0,,,124,62,62,12,6,6,112,56,56,83,41,42,109,55,54,107,54,53,29,15,14,16,6,10,5,1,4,1,0,1,5,2,3,47,47,8,14,14,9,2,0,0,39,31,8,3,20,0,3,4
53403340,0,,,76,34,42,8,0,8,68,34,34,36,17,19,67,34,33,65,33,32,32,17,15,14,5,9,3,0,3,1,0,1,2,2,0,30,28,6,12,5,4,0,1,0,22,19,3,3,19,0,4,7
53403341,0,,,15,7,8,0,0,0,15,7,8,7,3,4,14,7,7,13,7,6,8,4,4,3,1,2,1,0,1,0,0,0,0,0,0,6,6,2,1,1,2,0,0,0,4,3,1,0,4,0,1,1
53403342,0,,,149,69,80,17,9,8,132,60,72,77,35,42,123,55,68,119,54,65,55,25,30,29,10,19,7,0,7,1,0,1,1,0,1,56,56,11,16,14,12,2,1,0,45,38,7,5,35,0,8,9
53403343,0,,,68,30,38,6,5,1,62,25,37,35,13,22,60,25,35,58,25,33,27,12,15,21,8,13,10,4,6,0,0,0,0,0,0,25,25,3,10,7,3,0,2,0,21,14,7,0,17,0,2,7
53403344,0,,,169,83,86,13,6,7,156,77,79,99,51,48,153,76,77,150,76,74,57,26,31,25,12,13,11,3,8,0,0,0,5,3,2,64,64,19,20,9,7,3,2,4,45,30,15,2,38,1,7,7
53403345,0,,,192,103,89,17,11,6,175,92,83,101,62,39,170,89,81,165,85,80,74,30,44,39,15,24,12,4,8,0,0,0,0,0,0,79,79,26,22,11,12,7,1,0,53,42,11,4,55,2,18,7
53403346,0,,,560,292,268,58,32,26,502,260,242,332,185,147,491,251,240,475,240,235,170,75,95,87,32,55,21,6,15,1,0,1,5,3,2,227,227,60,75,45,30,11,4,2,165,138,27,15,124,0,30,31
53403347,0,,,308,162,146,33,11,22,273,150,123,184,105,79,265,144,121,258,142,116,89,45,44,35,14,21,15,4,11,2,1,1,5,1,4,119,119,21,50,23,15,5,3,2,95,78,17,8,56,1,6,15
53403348,0,,,234,125,109,23,10,13,211,115,96,136,79,57,205,111,94,201,110,91,75,36,39,45,16,29,19,7,12,0,0,0,7,5,2,92,92,24,29,18,12,5,3,1,67,50,17,8,52,4,14,10
53403349,0,,,220,117,103,19,12,7,201,105,96,93,56,37,196,101,95,194,100,94,108,49,59,45,14,31,14,2,12,1,0,1,2,1,1,76,76,15,25,14,9,5,5,3,60,40,20,6,66,0,12,15
53403350,0,,,41,23,18,1,0,1,40,23,17,27,16,11,38,21,17,36,20,16,13,7,6,6,3,3,1,1,0,0,0,0,3,0,3,17,17,6,3,4,3,1,0,0,11,9,2,0,10,0,5,2
53403351,0,,,53,24,29,4,1,3,49,23,26,25,12,13,48,23,25,44,21,23,24,11,13,14,6,8,7,3,4,0,0,0,0,0,0,23,23,6,10,3,3,0,1,0,17,16,1,1,16,0,4,5
53403352,0,,,107,49,58,5,1,4,101,47,54,58,30,28,100,47,53,97,46,51,43,17,26,20,7,13,6,2,4,1,0,1,2,1,1,44,44,11,16,6,9,2,0,0,33,22,11,0,29,0,4,8
53403354,0,,,114,55,59,10,2,8,104,53,51,53,32,21,100,50,50,98,50,48,51,21,30,13,4,9,5,1,4,0,0,0,0,0,0,40,40,7,10,12,6,3,2,0,33,23,10,2,33,0,6,7
53403355,0,,,412,155,257,24,12,12,387,142,245,138,68,70,385,141,244,381,141,240,249,74,175,192,45,147,128,19,109,27,1,26,0,0,0,108,106,18,39,24,9,9,6,1,87,56,31,7,84,0,16,15
53403356,0,,,838,438,400,77,46,31,754,385,369,496,262,234,740,381,359,726,377,349,258,123,135,119,52,67,34,15,19,1,0,1,30,18,12,369,369,125,119,59,44,13,6,3,235,191,44,22,184,6,55,40
53403357,0,,,572,291,281,66,29,37,503,260,243,330,170,160,484,254,230,475,248,227,173,90,83,78,41,37,22,11,11,1,0,1,4,1,3,207,207,40,68,41,34,15,4,5,166,134,32,17,114,0,24,29
53403358,0,,,202,92,110,22,10,12,180,82,98,112,50,62,175,80,95,172,78,94,68,32,36,30,11,19,10,2,8,1,1,0,1,0,1,69,69,16,20,12,7,7,3,4,52,36,16,1,43,0,11,9
53403359,0,,,198,97,101,19,13,6,179,84,95,101,48,53,168,79,89,162,75,87,78,36,42,39,15,24,15,4,11,3,0,3,1,0,1,62,61,8,22,11,10,4,0,6,53,38,15,4,42,1,6,11
53403360,0,,,59,32,27,5,2,3,54,30,24,28,15,13,53,29,24,53,29,24,26,15,11,10,6,4,7,5,2,0,0,0,0,0,0,25,25,7,9,3,5,1,0,0,18,13,5,1,18,0,4,4
53403361,0,,,192,97,95,13,8,5,179,89,90,101,46,55,176,88,88,176,88,88,78,43,35,31,14,17,13,5,8,2,1,1,2,1,1,75,75,19,23,14,11,7,1,0,56,44,12,2,53,0,10,11
53403362,0,,,132,74,58,12,7,5,118,65,53,68,39,29,115,62,53,112,59,53,50,26,24,17,6,11,7,1,6,2,0,2,0,0,0,54,54,18,13,12,6,3,1,1,36,28,8,2,34,0,10,5
53403363,0,,,45,23,22,0,0,0,45,23,22,25,13,12,43,23,20,43,23,20,20,10,10,9,5,4,4,3,1,0,0,0,0,0,0,19,19,6,3,7,3,0,0,0,12,10,2,0,13,0,5,3
53403364,0,,,85,43,42,5,4,1,80,39,41,36,15,21,79,39,40,78,39,39,44,24,20,17,6,11,10,4,6,2,2,0,0,0,0,34,34,10,10,8,4,1,0,1,24,18,6,1,27,0,7,7
53403365,2,53403375,,2,1,1,*,*,*,*,*,*,*,*,*,*,*,*,*,*,*,*,*,*,*,*,*,*,*,*,*,*,*,*,*,*,1,1,*,*,*,*,*,*,*,*,*,*,*,*,*,*,*
53403366,0,,,1011,483,528,105,50,55,900,429,471,568,287,281,866,413,453,848,405,443,332,142,190,172,60,112,58,18,40,8,2,6,23,16,7,436,435,152,131,72,48,18,9,5,278,226,52,22,225,12,70,58
53403367,0,,,372,198,174,39,20,19,331,176,155,209,118,91,319,168,151,310,162,148,122,58,64,67,32,35,14,5,9,2,0,2,22,13,9,154,154,46,47,28,21,9,2,1,108,87,21,7,84,7,18,20
53403368,0,,,212,104,108,23,12,11,189,92,97,109,51,58,183,87,96,181,86,95,80,41,39,36,13,23,15,5,10,3,1,2,4,1,3,76,76,14,26,15,10,8,1,2,62,47,15,8,56,0,10,13
53403369,0,,,470,240,230,47,26,21,423,214,209,253,132,121,406,207,199,400,203,197,170,82,88,84,39,45,25,10,15,1,0,1,3,0,3,182,182,32,75,34,26,10,4,1,149,124,25,16,117,0,21,38
53403370,0,,,819,393,426,125,62,63,694,331,363,483,226,257,672,320,352,659,314,345,211,105,106,81,37,44,28,13,15,0,0,0,11,3,8,311,311,48,120,75,43,19,3,3,261,235,26,43,134,2,18,60
53403371,0,,,163,80,83,4,2,2,156,76,80,88,39,49,154,75,79,152,73,79,68,37,31,28,15,13,15,6,9,3,1,2,7,2,5,60,59,7,22,17,7,4,2,0,51,39,12,1,42,0,4,9
53403372,0,,,46,21,25,5,2,3,41,19,22,24,10,14,39,18,21,39,18,21,17,9,8,3,0,3,1,0,1,1,0,1,0,0,0,18,18,5,4,5,3,0,1,0,13,10,3,1,11,0,3,1
53403373,0,,,25,12,13,0,0,0,25,12,13,16,9,7,25,12,13,24,12,12,9,3,6,3,0,3,0,0,0,0,0,0,0,0,0,11,11,4,3,1,3,0,0,0,7,7,0,0,8,0,3,0
53403374,0,,,104,42,62,13,7,6,91,35,56,54,19,35,86,33,53,84,33,51,37,16,21,13,5,8,6,1,5,0,0,0,0,0,0,36,36,10,9,2,9,3,2,1,26,15,11,4,28,0,7,5
53403375,1,,53403365,237,121,116,13,7,6,226,115,111,131,73,58,222,114,108,219,111,108,95,42,53,42,17,25,23,9,14,4,1,3,2,1,1,84,84,17,20,24,14,7,2,1,68,44,24,4,61,0,9,10
53403376,0,,,401,218,183,27,22,5,370,194,176,206,114,92,361,188,173,353,182,171,164,80,84,79,34,45,20,6,14,2,1,1,12,8,4,191,191,83,50,32,17,5,1,3,108,88,20,3,117,1,48,23
53403377,0,,,297,145,152,37,24,13,260,121,139,155,75,80,249,115,134,247,114,133,105,46,59,49,18,31,11,4,7,2,1,1,4,1,3,115,115,34,33,25,8,6,4,5,79,58,21,9,70,0,19,17
53403378,0,,,508,253,255,51,26,25,457,227,230,322,167,155,440,220,220,434,215,219,135,60,75,56,20,36,16,4,12,1,0,1,5,0,5,190,190,35,57,51,35,9,2,1,154,130,24,12,91,0,21,24
53403379,0,,,749,363,386,79,33,46,670,330,340,411,207,204,654,324,330,637,319,318,259,123,136,118,58,60,27,11,16,2,0,2,2,0,2,278,278,50,99,60,37,22,7,3,227,186,41,22,168,1,32,45
53403380,0,,,501,253,248,38,21,17,461,231,230,262,139,123,447,225,222,435,217,218,199,92,107,97,41,56,30,13,17,4,0,4,17,8,9,185,185,45,49,46,21,12,9,3,139,96,43,8,138,0,30,22
53403381,0,,,163,88,75,16,7,9,146,80,66,93,52,41,143,78,65,140,75,65,53,28,25,18,8,10,4,0,4,0,0,0,3,0,3,64,64,17,18,14,10,2,3,0,47,39,8,1,35,0,6,10
53403382,0,,,66,42,24,10,4,6,56,38,18,39,26,13,55,37,18,53,35,18,17,12,5,6,2,4,3,1,2,0,0,0,7,5,2,32,32,16,10,1,2,1,1,1,16,14,2,2,13,4,3,3
53403383,2,53403393,,10,4,6,*,*,*,*,*,*,*,*,*,*,*,*,*,*,*,*,*,*,*,*,*,*,*,*,*,*,*,*,*,*,4,4,*,*,*,*,*,*,*,*,*,*,*,*,*,*,*
53403384,0,,,290,157,133,17,11,6,273,146,127,146,86,60,265,140,125,263,138,125,127,60,67,59,25,34,20,12,8,2,0,2,5,4,1,117,117,34,38,21,12,5,5,2,81,59,22,2,78,0,18,18
53403385,0,,,100,42,58,15,6,9,85,36,49,55,24,31,83,36,47,79,34,45,30,12,18,16,5,11,4,1,3,0,0,0,2,0,2,38,37,8,13,7,3,5,1,0,29,26,3,6,22,0,6,4
53403386,0,,,269,135,134,28,17,11,241,118,123,129,66,63,238,117,121,234,114,120,112,52,60,55,24,31,20,7,13,0,0,0,0,0,0,94,94,21,29,20,8,6,6,4,72,42,30,8,74,0,17,14
53403387,0,,,514,272,242,34,20,14,479,251,228,297,170,127,464,243,221,460,242,218,182,81,101,101,41,60,31,14,17,3,0,3,46,33,13,223,223,74,67,38,29,14,1,0,143,118,25,9,121,17,26,23
53403388,0,,,1508,724,784,234,117,117,1273,606,667,827,411,416,1226,580,646,1198,561,637,446,195,251,239,96,143,65,21,44,3,1,2,15,8,7,592,592,166,165,119,87,35,9,11,422,348,74,55,313,5,98,69
53403389,0,,,1210,546,664,96,46,50,1114,500,614,596,300,296,1083,485,598,1063,473,590,518,200,318,319,110,209,116,23,93,14,2,12,7,3,4,457,456,126,139,90,62,23,10,6,327,265,62,24,308,1,94,80
53403390,0,,,270,137,133,21,12,9,249,125,124,165,86,79,241,123,118,231,116,115,84,39,45,34,14,20,12,5,7,1,0,1,8,3,5,110,110,31,39,15,14,9,1,1,76,62,14,6,56,1,15,17
53403391,0,,,53,26,27,5,1,4,48,25,23,25,13,12,47,25,22,46,24,22,23,12,11,11,6,5,2,1,1,0,0,0,0,0,0,23,23,11,3,5,1,1,2,0,12,9,3,1,19,0,11,1
53403392,0,,,132,69,63,11,7,4,121,62,59,77,41,36,118,60,58,110,57,53,44,21,23,28,13,15,6,3,3,0,0,0,3,2,1,41,41,10,8,10,2,3,5,3,29,20,9,5,29,0,5,4
53403393,1,,53403383,36,19,17,5,3,2,40,20,20,18,11,7,40,20,20,39,19,20,22,9,13,11,4,7,2,0,2,0,0,0,0,0,0,13,13,4,5,4,0,4,0,0,13,9,4,2,14,0,3,4
53403394,0,,,84,37,47,2,1,1,82,36,46,47,22,25,80,35,45,79,34,45,35,14,21,21,7,14,5,1,4,1,0,1,1,0,1,32,32,7,10,5,8,2,0,0,25,15,10,0,27,0,5,3
53403395,0,,,32,18,14,0,0,0,32,18,14,18,10,8,32,18,14,32,18,14,14,8,6,7,3,4,2,1,1,0,0,0,0,0,0,16,16,7,5,2,1,1,0,0,9,7,2,0,11,0,4,3
53403396,0,,,202,98,104,17,7,10,185,91,94,108,60,48,183,90,93,179,89,90,77,31,46,39,11,28,19,4,15,1,0,1,8,8,0,72,69,17,19,16,5,3,5,4,52,28,24,5,51,4,7,9
53403397,0,,,102,46,56,9,2,7,93,44,49,58,29,29,91,43,48,89,42,47,35,15,20,15,3,12,6,1,5,1,0,1,2,0,2,32,32,5,11,4,5,2,3,2,27,18,9,2,21,0,4,5
53403398,0,,,1082,495,587,102,55,47,980,440,540,506,251,255,954,426,528,941,419,522,474,189,285,313,110,203,132,40,92,15,4,11,8,2,6,387,385,95,134,74,52,19,7,4,288,229,59,28,242,8,59,61
53403399,0,,,1585,776,809,136,82,54,1449,694,755,825,410,415,1419,678,741,1392,664,728,624,284,340,327,141,186,91,33,58,9,2,7,53,29,24,709,709,252,222,116,78,23,12,6,451,368,83,27,428,26,136,116
53403400,0,,,115,53,62,9,3,6,105,50,55,62,32,30,101,48,53,101,48,53,43,18,25,20,7,13,8,3,5,0,0,0,0,0,0,48,48,11,19,10,4,4,0,0,37,29,8,2,29,0,6,11
53403410,0,,,515,266,249,46,26,20,464,236,228,261,132,129,455,231,224,447,226,221,203,104,99,102,48,54,41,13,28,3,0,3,8,1,7,196,194,50,62,39,26,11,4,2,144,106,38,11,125,1,28,17
53403411,0,,,27,14,13,2,2,0,25,12,13,18,8,10,22,12,10,21,11,10,7,4,3,5,2,3,0,0,0,0,0,0,0,0,0,10,10,4,1,1,3,0,1,0,6,4,2,1,6,0,2,1
53403420,0,,,374,184,190,40,17,23,334,167,167,214,112,102,325,161,164,321,159,162,120,55,65,65,25,40,21,9,12,3,1,2,3,0,3,131,131,23,40,32,17,12,3,4,106,74,32,14,82,0,15,20
53403421,0,,,856,430,426,73,39,34,777,388,389,452,239,213,760,377,383,748,371,377,325,149,176,149,61,88,48,17,31,1,0,1,3,0,3,308,308,76,89,44,54,23,15,7,230,164,66,16,217,1,44,44
53403430,0,,,332,163,169,38,21,17,294,142,152,183,95,88,286,136,150,282,136,146,111,47,64,64,27,37,26,10,16,1,0,1,4,0,4,126,126,29,40,29,13,8,5,2,94,76,18,12,75,0,21,19
53403431,0,,,124,68,56,5,3,2,119,65,54,69,39,30,116,63,53,114,61,53,50,26,24,20,10,10,7,4,3,0,0,0,11,5,6,65,65,35,12,12,3,2,0,1,29,25,4,1,34,7,13,8
53403432,0,,,304,152,152,28,16,12,276,136,140,156,75,81,266,131,135,259,128,131,120,61,59,60,26,34,22,8,14,2,1,1,1,1,0,107,107,28,33,18,12,4,2,10,76,52,24,4,80,0,22,10
53403440,0,,,379,195,184,41,25,16,338,170,168,209,110,99,330,166,164,327,164,163,129,60,69,71,27,44,31,10,21,4,0,4,0,0,0,147,147,37,43,28,26,10,3,0,110,81,29,11,89,1,23,19
53403441,0,,,281,144,137,31,20,11,250,124,126,148,74,74,242,122,120,236,117,119,102,50,52,47,21,26,19,4,15,1,0,1,1,0,1,104,104,23,31,24,13,7,5,1,80,61,19,10,69,0,16,17
53403442,0,,,212,112,100,21,15,6,191,97,94,107,54,53,188,96,92,182,94,88,84,43,41,36,16,20,11,6,5,0,0,0,3,1,2,90,90,30,31,12,7,6,2,2,60,44,16,4,61,0,19,11
53403443,0,,,534,248,286,35,13,22,497,234,263,231,112,119,485,226,259,479,225,254,266,122,144,146,59,87,58,17,41,3,0,3,5,0,5,184,183,54,49,40,20,11,5,4,125,88,37,10,134,1,42,30
53403450,0,,,428,209,219,42,24,18,386,185,201,241,121,120,376,181,195,372,179,193,145,64,81,64,22,42,27,9,18,1,1,0,2,0,2,148,148,20,48,33,31,11,3,2,126,84,42,12,90,0,11,22
53403451,0,,,255,131,124,29,19,10,226,112,114,128,68,60,219,108,111,213,103,110,98,44,54,42,16,26,7,1,6,0,0,0,4,0,4,98,98,22,32,23,11,6,2,2,75,60,15,9,66,0,17,19
53403452,0,,,409,201,208,41,24,17,368,177,191,213,110,103,363,174,189,351,169,182,155,67,88,71,35,36,20,8,12,4,1,3,16,9,7,161,161,40,52,35,17,12,4,1,120,95,25,13,99,4,23,23
53403453,0,,,383,186,197,33,14,19,347,171,176,202,105,97,330,162,168,326,160,166,145,66,79,64,27,37,27,8,19,1,0,1,0,0,0,119,119,22,26,24,23,10,6,8,97,49,48,10,91,0,12,13
53403454,0,,,309,157,152,23,8,15,286,149,137,172,91,81,282,145,137,276,142,134,114,58,56,57,25,32,19,8,11,1,0,1,8,3,5,134,134,52,34,24,12,6,3,3,82,63,19,6,78,2,19,20
53403460,0,,,380,177,203,26,8,18,354,169,185,204,97,107,347,167,180,343,165,178,150,72,78,66,33,33,12,6,6,2,0,2,10,1,9,177,177,57,68,30,16,3,3,0,117,102,15,10,109,2,34,29
53403461,0,,,387,189,198,42,21,21,345,168,177,209,105,104,335,163,172,331,161,170,136,63,73,80,37,43,22,12,10,1,1,0,7,2,5,151,151,39,45,37,14,9,4,3,110,86,24,11,90,2,26,21
53403462,0,,,209,103,106,17,7,10,192,96,96,111,58,53,188,93,95,184,90,94,81,38,43,41,17,24,18,6,12,0,0,0,0,0,0,74,74,13,20,22,10,5,3,1,60,41,19,4,48,0,9,8
53403463,0,,,334,157,177,33,17,16,301,140,161,173,84,89,294,137,157,289,134,155,128,56,72,44,17,27,18,4,14,1,0,1,2,0,2,117,117,28,27,30,11,12,5,4,88,60,28,11,86,0,22,14
53403464,0,,,280,128,152,21,13,8,259,115,144,124,65,59,255,113,142,249,110,139,135,50,85,97,30,67,58,16,42,5,1,4,3,1,2,77,75,16,22,11,13,5,3,5,58,40,18,5,55,1,11,11
53403465,0,,,852,424,428,64,29,35,788,395,393,495,270,225,759,380,379,742,370,372,293,125,168,143,53,90,30,8,22,3,0,3,9,2,7,318,316,65,100,74,49,16,6,6,247,192,55,15,199,2,42,48
53403470,0,,,489,236,253,70,34,36,419,202,217,263,132,131,400,192,208,387,182,205,156,70,86,70,31,39,29,10,19,1,0,1,3,0,3,192,192,48,64,38,22,12,6,2,142,117,25,18,103,3,24,27
53403471,0,,,588,276,312,54,24,30,534,252,282,301,145,156,516,245,271,507,242,265,233,107,126,119,47,72,46,16,30,4,0,4,5,1,4,241,238,80,77,29,32,9,10,1,154,124,30,11,151,0,58,37
53403472,0,,,248,126,122,20,11,9,228,115,113,124,70,54,223,112,111,219,109,110,104,45,59,54,20,34,27,7,20,2,0,2,5,4,1,92,92,26,20,19,15,8,3,1,66,39,27,3,63,3,15,10
53403473,0,,,138,69,69,17,12,5,121,57,64,66,31,35,118,56,62,116,55,61,55,26,29,25,9,16,12,3,9,1,0,1,2,2,0,46,46,8,14,8,8,3,4,1,38,24,14,6,35,0,5,7
53403474,0,,,299,151,148,28,19,9,271,132,139,165,85,80,265,130,135,259,127,132,106,47,59,65,26,39,26,9,17,1,0,1,2,1,1,89,89,13,22,18,13,11,7,5,75,38,37,8,63,0,8,10
53403475,0,,,565,297,268,44,20,24,521,277,244,331,187,144,510,272,238,501,266,235,190,90,100,77,32,45,14,3,11,0,0,0,7,6,1,163,159,41,40,38,15,15,6,4,116,80,36,7,97,1,20,18
53403476,0,,,679,336,343,56,22,34,623,314,309,396,221,175,604,302,302,593,298,295,227,93,134,116,39,77,45,12,33,2,1,1,9,2,7,251,249,58,67,64,34,13,8,5,189,135,54,12,152,3,31,29
53403480,0,,,1352,662,690,167,93,74,1185,569,616,714,370,344,1147,552,595,1123,539,584,471,199,272,285,106,179,123,24,99,28,5,23,22,7,15,470,469,105,151,88,79,30,12,4,360,304,56,43,237,5,57,64
53403481,0,,,257,121,136,23,12,11,234,109,125,166,85,81,218,99,119,210,96,114,68,24,44,36,12,24,16,5,11,2,1,1,1,0,1,85,85,10,32,10,20,7,4,2,75,61,14,6,44,0,4,9
53403482,0,,,75,38,37,4,3,1,71,35,36,43,24,19,65,33,32,63,32,31,28,11,17,16,8,8,9,3,6,1,0,1,0,0,0,20,20,2,4,4,3,3,2,2,18,6,12,2,17,0,2,2
53403483,0,,,362,179,183,33,13,20,329,166,163,183,101,82,322,163,159,310,157,153,146,65,81,65,26,39,18,4,14,2,1,1,3,2,1,126,126,25,38,28,15,8,7,5,100,68,32,6,93,1,14,19
53403484,0,,,463,243,220,45,30,15,418,213,205,264,135,129,405,210,195,395,201,194,154,78,76,77,33,44,23,8,15,3,1,2,5,2,3,179,179,45,53,41,22,9,7,2,133,101,32,7,108,0,26,24
53403485,0,,,349,172,177,31,14,17,318,158,160,194,102,92,309,150,159,306,149,157,124,56,68,61,25,36,19,8,11,2,0,2,2,0,2,130,130,35,37,19,22,11,2,4,95,66,29,5,87,0,21,18
53403486,0,,,447,212,235,42,18,24,405,194,211,241,131,110,390,185,205,381,180,201,164,63,101,73,22,51,26,5,21,2,0,2,9,4,5,174,174,53,50,29,21,11,5,5,118,83,35,11,108,6,26,16
53403487,0,,,429,216,213,30,17,13,399,199,200,229,121,108,395,197,198,389,195,194,170,78,92,95,42,53,37,14,23,0,0,0,18,10,8,166,166,50,48,33,17,5,6,7,115,79,36,4,109,5,22,21
53403490,0,,,882,438,444,115,60,55,765,377,388,452,231,221,753,371,382,736,360,376,313,146,167,176,75,101,66,26,40,3,0,3,16,5,11,351,350,105,102,58,54,16,12,3,240,189,51,31,206,10,67,44
53403491,0,,,184,95,89,13,7,6,171,88,83,116,62,54,168,86,82,159,83,76,55,26,29,27,13,14,13,6,7,3,2,1,4,2,2,74,74,17,23,19,12,2,1,0,56,43,13,3,40,0,11,8
53403492,0,,,167,83,84,9,5,4,158,78,80,93,49,44,155,77,78,151,76,75,65,29,36,32,13,19,13,6,7,1,1,0,1,1,0,62,62,10,26,10,6,9,1,0,52,40,12,2,45,0,10,10
53403493,0,,,66,37,29,0,0,0,66,37,29,51,28,23,65,36,29,64,36,28,15,9,6,6,2,4,1,1,0,0,0,0,6,4,2,35,35,20,6,5,2,1,1,0,15,9,6,0,11,4,0,3
53403494,0,,,171,88,83,13,6,7,158,82,76,82,41,41,158,82,76,155,79,76,76,41,35,33,16,17,12,4,8,2,0,2,0,0,0,57,57,10,17,13,7,4,4,2,47,31,16,4,45,0,8,6
53403495,0,,,430,219,211,50,31,19,380,188,192,231,122,109,374,186,188,365,180,185,149,66,83,73,27,46,31,9,22,3,1,2,0,0,0,132,131,21,24,35,26,10,8,7,109,66,43,13,88,1,13,8
53403496,0,,,231,101,130,22,14,8,209,87,122,92,51,41,207,86,121,204,83,121,117,36,81,89,22,67,63,14,49,9,1,8,2,1,1,54,53,8,15,14,6,4,5,1,45,27,18,8,33,0,6,6
53403497,0,,,295,138,157,35,18,17,259,119,140,156,75,81,252,116,136,247,115,132,103,44,59,47,17,30,14,3,11,0,0,0,1,1,0,99,99,22,28,19,12,8,5,5,75,46,29,8,67,1,13,15
53403498,0,,,215,99,116,19,9,10,196,90,106,103,51,52,192,88,104,189,88,101,93,39,54,44,17,27,18,5,13,1,0,1,1,1,0,79,79,20,22,18,9,5,2,3,57,37,20,4,57,1,14,10
53404000,0,,,1616,806,810,142,74,68,1469,729,740,921,475,446,1427,704,723,1392,688,704,548,254,294,272,132,140,60,27,33,3,2,1,34,22,12,696,694,212,227,136,84,25,7,3,481,443,38,42,340,50,71,129
53404001,0,,,9858,4596,5262,695,365,330,9098,4197,4901,5056,2538,2518,8867,4087,4780,8704,4001,4703,4042,1659,2383,2264,892,1372,628,207,421,65,9,56,524,264,260,4505,4500,1566,1583,851,391,97,10,2,2897,2763,134,167,2451,222,767,829
53404002,0,,,6711,3360,3351,765,421,344,5783,2864,2919,4126,2147,1979,5588,2753,2835,5420,2685,2735,1657,717,940,1015,418,597,296,134,162,14,5,9,112,48,64,2965,2965,1072,821,508,411,113,29,11,1860,1726,134,214,1094,234,281,365
53404003,0,,,14086,7138,6948,1695,879,816,11679,5905,5774,10180,5234,4946,11377,5756,5621,11119,5634,5485,1499,671,828,728,278,450,302,91,211,38,10,28,500,254,246,7222,7213,3640,1628,1079,717,132,16,1,3398,3281,117,648,860,1051,258,250
53404004,0,,,4279,2158,2121,842,443,399,3343,1668,1675,2553,1320,1233,3236,1624,1612,3167,1592,1575,790,348,442,409,176,233,124,34,90,20,3,17,100,47,53,1730,1725,571,420,305,340,70,16,3,1133,1081,52,293,441,137,103,170
53404005,0,,,1028,519,509,115,70,45,903,444,459,619,313,306,881,431,450,858,418,440,284,131,153,147,67,80,40,18,22,2,1,1,15,7,8,392,392,84,128,86,54,28,10,2,304,267,37,40,196,4,39,49
53404006,0,,,1058,528,530,81,36,45,941,481,460,562,316,246,916,467,449,899,455,444,379,165,214,207,76,131,75,22,53,8,0,8,10,8,2,419,416,133,113,85,49,19,15,2,279,227,52,19,234,10,47,52
53404007,0,,,2461,1220,1241,214,100,114,2172,1071,1101,1256,648,608,2106,1037,1069,2069,1007,1062,916,423,493,486,229,257,106,53,53,1,0,1,22,12,10,1052,1052,282,385,192,142,42,8,1,752,698,54,39,609,2,156,203
53404008,0,,,1070,491,579,77,44,33,969,435,534,428,234,194,952,423,529,941,419,522,541,201,340,385,125,260,196,48,148,27,4,23,20,9,11,353,348,124,101,55,42,21,3,2,218,188,30,15,203,8,61,46
53404009,0,,,1371,698,673,138,69,69,1188,594,594,569,320,249,1164,582,582,1141,567,574,619,274,345,360,147,213,128,43,85,22,7,15,32,20,12,616,612,276,187,72,48,17,7,5,333,304,29,29,348,17,130,120
53404010,0,,,8813,4300,4513,994,517,477,7728,3736,3992,5263,2586,2677,7506,3629,3877,7350,3560,3790,2465,1150,1315,1019,442,577,260,89,171,20,3,17,234,110,124,3723,3722,931,1334,802,530,108,12,5,2731,2600,131,313,1620,96,386,613
53404011,0,,,12717,6322,6395,1237,628,609,11313,5616,5697,8045,4191,3854,11026,5467,5559,10771,5324,5447,3268,1425,1843,1753,696,1057,451,171,280,29,4,25,317,140,177,6400,6399,2895,1731,969,630,136,30,8,3426,3195,231,344,2297,710,775,652
53404012,0,,,8957,4544,4413,1069,521,548,7748,3951,3797,5746,3057,2689,7494,3828,3666,7269,3693,3576,2002,894,1108,1012,425,587,254,96,158,12,2,10,171,92,79,4071,4064,1584,1060,681,573,141,21,4,2416,2222,194,313,1321,444,346,401
53404013,0,,,13631,6828,6803,1618,823,795,11675,5837,5838,8733,4511,4222,11374,5687,5687,11119,5563,5556,2942,1326,1616,1553,682,871,417,157,260,16,3,13,363,178,185,6499,6497,2726,1715,1038,804,172,33,9,3654,3431,223,508,1959,682,530,638
53404014,0,,,7537,3649,3888,1180,576,604,6253,3026,3227,4354,2211,2143,6046,2928,3118,5863,2836,3027,1899,815,1084,1066,449,617,290,83,207,49,4,45,145,69,76,2978,2977,791,855,636,555,113,23,4,2158,2047,111,332,1132,113,269,401
53404015,0,,,4271,2108,2163,498,245,253,3623,1781,1842,2400,1222,1178,3521,1738,1783,3453,1712,1741,1223,559,664,596,258,338,113,40,73,7,1,6,51,33,18,1828,1828,569,529,391,244,78,14,3,1237,1142,95,139,822,46,195,236
53404016,0,,,1798,919,879,201,111,90,1561,780,781,980,526,454,1510,754,756,1479,735,744,581,254,327,294,130,164,69,30,39,3,2,1,20,8,12,750,750,200,252,150,105,36,5,2,542,503,39,39,384,4,92,111
53404017,0,,,1049,485,564,74,38,36,948,437,511,455,245,210,930,427,503,920,422,498,493,192,301,320,105,215,132,24,108,25,1,24,22,8,14,377,373,147,109,53,41,17,6,0,223,192,31,25,172,28,38,59
53404018,0,,,3157,1681,1476,345,168,177,2700,1461,1239,1864,1073,791,2612,1410,1202,2541,1370,1171,836,388,448,363,160,203,82,26,56,8,0,8,142,77,65,1461,1454,587,427,219,150,53,13,5,817,745,72,82,531,92,146,157
53404019,0,,,2953,1485,1468,273,130,143,2604,1318,1286,1644,887,757,2527,1274,1253,2478,1251,1227,960,431,529,478,209,269,115,42,73,9,3,6,118,80,38,1327,1322,481,412,234,137,35,13,10,823,744,79,78,599,71,155,186
53404020,0,,,13165,6317,6848,1659,850,809,11378,5407,5971,7968,3976,3992,11006,5230,5776,10754,5102,5652,3410,1431,1979,1830,703,1127,628,206,422,70,7,63,219,116,103,5741,5735,1990,1660,1015,854,190,20,6,3680,3481,199,475,2171,374,667,685
53404021,0,,,17926,9006,8920,3291,1674,1617,14355,7198,7157,12382,6341,6041,13996,6999,6997,13733,6856,6877,1973,857,1116,909,377,532,251,85,166,16,5,11,311,140,171,8278,8276,3295,2006,1535,1233,193,11,3,4874,4749,125,1271,1349,919,395,479
53404022,0,,,11184,5770,5414,1524,765,759,9533,4943,4590,7761,4166,3595,9253,4796,4457,9004,4653,4351,1772,777,995,895,350,545,235,74,161,23,4,19,208,102,106,5368,5365,2472,1225,805,682,154,22,5,2812,2664,148,471,1157,836,337,360
53404023,0,,,14036,7009,7027,1584,806,778,12142,6040,6102,9237,4746,4491,11740,5837,5903,11314,5578,5736,2905,1294,1611,1505,643,862,438,169,269,19,4,15,207,109,98,6591,6591,2762,1596,1148,844,191,46,4,3751,3485,266,444,2005,798,581,589
53404024,0,,,12874,6517,6357,1217,635,582,11365,5715,5650,8646,4535,4111,10979,5524,5455,10458,5206,5252,2719,1180,1539,1364,534,830,402,116,286,49,7,42,238,120,118,5954,5949,2548,1427,987,773,176,36,2,3329,3141,188,290,1718,741,493,520
53404025,0,,,7904,3913,3991,723,352,371,6989,3454,3535,4913,2560,2353,6781,3344,3437,6628,3264,3364,2076,894,1182,1070,408,662,367,119,248,45,7,38,148,63,85,3833,3829,1824,929,540,396,108,23,9,1942,1775,167,192,1311,416,431,330
53404026,0,,,7500,3697,3803,788,412,376,6520,3162,3358,4145,2111,2034,6329,3055,3274,6156,2968,3188,2375,1051,1324,1231,535,696,228,83,145,15,3,12,112,49,63,3202,3200,933,1039,637,443,109,34,5,2230,2064,166,215,1569,38,405,512
53404027,0,,,12827,6109,6718,689,350,339,11342,5297,6045,5706,2900,2806,11086,5166,5920,10915,5076,5839,5636,2397,3239,3471,1483,1988,735,298,437,41,7,34,381,188,193,6547,6541,2731,2288,990,412,92,24,4,3680,3483,197,166,3801,48,1385,1124
53404028,0,,,827,411,416,54,27,27,746,370,376,380,204,176,727,363,364,721,359,362,366,166,200,192,91,101,43,14,29,2,0,2,22,10,12,380,378,148,113,62,42,12,0,1,227,204,23,8,221,16,70,72
53404029,0,,,4029,1900,2129,297,140,157,3672,1731,1941,1879,969,910,3588,1690,1898,3523,1658,1865,1793,762,1031,1140,480,660,251,101,150,21,2,19,49,20,29,1800,1798,524,717,305,177,56,15,4,1252,1140,112,76,1149,21,296,430
53404030,0,,,13836,6948,6888,2222,1098,1124,11254,5694,5560,9631,4944,4687,10963,5545,5418,10748,5428,5320,1623,750,873,777,329,448,218,90,128,16,4,12,252,147,105,6589,6587,2859,1572,1065,894,167,28,2,3623,3447,176,845,1089,778,327,320
53404031,0,,,19287,9798,9489,2178,1073,1105,16394,8372,8022,13359,7022,6337,16005,8176,7829,15691,7991,7700,3035,1350,1685,1645,679,966,555,190,365,49,8,41,516,268,248,10146,10141,5282,2276,1393,1001,164,23,2,4732,4520,212,759,1919,1537,643,602
53404032,0,,,14401,7364,7037,1748,905,843,12337,6318,6019,9368,5009,4359,11960,6120,5840,11672,5960,5712,2969,1309,1660,1659,694,965,524,198,326,36,5,31,244,129,115,6874,6767,2906,1640,1136,865,188,24,8,3778,3532,246,497,1902,817,493,591
53404033,0,,,11171,5649,5522,1346,683,663,9604,4862,4742,6592,3508,3084,9221,4654,4567,8911,4485,4426,3012,1354,1658,1598,703,895,378,143,235,25,4,21,143,70,73,4776,4770,1601,1378,826,704,203,45,13,3137,2929,208,302,1900,334,446,709
53404034,0,,,10363,5256,5107,1109,582,527,8985,4533,4452,6007,3190,2817,8760,4425,4335,8524,4301,4223,2978,1343,1635,1587,661,926,392,140,252,21,4,17,286,130,156,5002,4999,2142,1333,795,543,144,36,6,2812,2598,214,325,2097,383,720,556
53404035,0,,,11690,5803,5887,2179,1115,1064,9347,4600,4747,6814,3474,3340,9022,4427,4595,8835,4325,4510,2533,1126,1407,1326,564,762,312,118,194,9,2,7,310,145,165,4653,4648,1326,1251,907,901,222,31,10,3273,3088,185,567,1717,113,566,511
53404036,0,,,11149,5571,5578,1340,697,643,9634,4767,4867,6617,3417,3200,9343,4621,4722,9122,4511,4611,3017,1350,1667,1585,681,904,394,152,242,27,4,23,335,162,173,4882,4880,1613,1494,895,638,190,43,7,3201,2986,215,366,2004,224,567,653
53404037,0,,,9422,4534,4888,1024,552,472,8207,3869,4338,5285,2615,2670,7998,3773,4225,7836,3688,4148,2922,1254,1668,1653,684,969,441,177,264,26,7,19,364,178,186,4307,4305,1453,1424,808,482,113,17,8,2779,2622,157,331,1932,164,545,655
53404038,0,,,639,285,354,42,20,22,595,264,331,245,125,120,581,255,326,574,250,324,350,139,211,212,75,137,85,19,66,12,0,12,4,0,4,239,237,57,103,37,32,6,2,0,180,164,16,6,166,1,38,70
53404039,0,,,3134,1516,1618,241,124,117,2884,1387,1497,1335,670,665,2836,1359,1477,2786,1333,1453,1549,717,832,885,429,456,154,78,76,7,3,4,33,13,20,1341,1340,272,627,258,134,36,9,4,1061,993,68,62,959,6,195,431
53404040,0,,,11041,5504,5537,1395,736,659,9291,4612,4679,7436,3787,3649,9017,4456,4561,8833,4361,4472,1855,825,1030,939,386,553,296,89,207,26,4,22,223,119,104,5353,5347,2328,1464,827,564,132,23,9,2915,2723,192,518,1193,534,344,331
53404041,0,,,15506,7695,7811,2195,1106,1089,12896,6416,6480,9605,4982,4623,12509,6204,6305,12222,6055,6167,3291,1434,1857,1689,696,993,488,180,308,26,5,21,309,158,151,6630,6620,2161,1901,1326,999,203,26,4,4364,4162,202,686,2185,365,691,682
53404042,0,,,12915,6417,6498,1610,797,813,11016,5493,5523,8166,4229,3937,10671,5308,5363,10421,5167,5254,2850,1264,1586,1555,644,911,429,159,270,21,8,13,151,65,86,5924,5921,2302,1559,1029,799,195,32,5,3564,3312,252,410,1943,580,530,605
53404043,0,,,12815,6300,6515,1523,795,728,11172,5460,5712,7769,3896,3873,10808,5282,5526,10518,5120,5398,3403,1564,1839,1700,784,916,380,168,212,19,5,14,159,64,95,5442,5441,1533,1775,1113,769,203,36,12,3872,3599,273,399,2285,181,587,794
53404044,0,,,6365,3216,3149,826,431,395,5445,2745,2700,3676,1958,1718,5288,2661,2627,5170,2603,2567,1769,787,982,948,417,531,220,89,131,9,3,6,146,71,75,2717,2716,862,819,503,373,123,25,11,1822,1666,156,226,1184,93,312,371
53404045,0,,,655,274,381,40,18,22,601,248,353,503,205,298,596,246,350,581,237,344,98,43,55,49,23,26,4,2,2,0,0,0,159,2,157,405,405,280,47,40,31,5,2,0,124,102,22,13,67,111,12,13
53404046,0,,,6510,3210,3300,666,347,319,5753,2806,2947,4163,2134,2029,5584,2720,2864,5454,2653,2801,1590,672,918,834,334,500,223,69,154,13,2,11,385,183,202,3080,3078,1264,830,509,365,93,14,3,1772,1648,124,148,1094,289,347,303
53404047,0,,,10298,4913,5385,979,492,487,9272,4394,4878,6258,3104,3154,9081,4297,4784,8892,4206,4686,3014,1290,1724,1769,701,1068,570,223,347,38,16,22,414,183,231,5240,5237,2432,1418,760,471,124,26,6,2747,2526,221,299,2065,557,716,599
53404048,0,,,3838,1905,1933,334,172,162,3470,1713,1757,2160,1114,1046,3382,1669,1713,3307,1633,1674,1310,599,711,685,308,377,153,67,86,10,2,8,66,38,28,1706,1705,537,570,323,206,51,16,2,1156,1060,96,90,883,42,228,285
53404049,0,,,1080,509,571,96,53,43,915,431,484,495,245,250,888,418,470,868,406,462,420,186,234,233,103,130,69,23,46,6,1,5,18,9,9,375,370,71,147,71,50,18,9,4,293,264,29,25,226,1,44,94
53404050,0,,,1120,514,606,115,66,49,947,428,519,519,274,245,922,414,508,906,408,498,428,154,274,285,79,206,137,27,110,29,3,26,11,3,8,379,365,109,102,66,56,24,6,2,249,208,41,31,176,7,53,38
53404051,0,,,6020,2948,3072,789,424,365,5143,2490,2653,3675,1879,1796,4966,2397,2569,4836,2334,2502,1468,611,857,887,362,525,300,97,203,35,5,30,106,49,57,2504,2500,855,683,462,367,107,21,5,1617,1502,115,234,826,144,246,256
53404052,0,,,13513,6634,6879,1695,865,830,11678,5708,5970,8253,4166,4087,11286,5515,5771,11027,5372,5655,3425,1542,1883,1676,742,934,444,178,266,30,5,25,147,68,79,5695,5692,1681,1779,1123,835,222,43,9,3954,3707,247,489,2199,238,538,758
53404053,0,,,14914,7322,7592,1875,942,933,12737,6232,6505,9769,4938,4831,12330,6020,6310,12038,5878,6160,2968,1294,1674,1420,560,860,373,115,258,39,6,33,167,69,98,6755,6744,2600,1795,1231,895,198,21,4,4071,3856,215,550,2027,433,668,608
53404054,0,,,7608,4239,3369,820,460,360,6650,3702,2948,5102,3009,2093,6453,3606,2847,6204,3422,2782,1548,693,855,749,309,440,196,81,115,8,3,5,289,111,178,3116,3092,1204,797,547,399,117,22,6,1867,1738,129,206,1050,319,284,328
53404055,0,,,609,288,321,42,16,26,567,272,295,359,189,170,552,266,286,538,257,281,208,83,125,109,45,64,25,7,18,0,0,0,18,9,9,266,265,83,88,50,38,6,0,0,181,172,9,5,132,2,41,35
53404056,0,,,3974,1944,2030,465,236,229,3499,1701,1798,2279,1145,1134,3382,1641,1741,3308,1607,1701,1220,556,664,680,322,358,129,55,74,5,0,5,43,13,30,1651,1649,410,589,334,230,66,18,2,1204,1117,87,140,795,37,177,286
53404057,0,,,9316,4549,4767,1264,643,621,8033,3895,4138,5543,2772,2771,7784,3777,4007,7603,3692,3911,2490,1123,1367,1295,583,712,292,122,170,15,3,12,229,97,132,3980,3979,1200,1241,767,569,165,32,5,2726,2559,167,379,1651,252,398,567
53404058,0,,,9297,4579,4718,957,477,480,8283,4072,4211,5336,2768,2568,8087,3983,4104,7932,3910,4022,2947,1304,1643,1646,680,966,435,162,273,24,4,20,194,90,104,4344,4339,1665,1314,720,472,134,28,6,2604,2380,224,266,1971,255,604,596
53404059,0,,,7140,3547,3593,726,397,329,6353,3117,3236,4302,2210,2092,6156,3027,3129,6019,2946,3073,2051,907,1144,1108,470,638,265,87,178,18,2,16,300,137,163,3310,3304,1256,1019,526,358,115,21,9,1989,1828,161,226,1360,261,395,433
53404060,0,,,540,275,265,57,33,24,483,242,241,319,171,148,467,232,235,457,226,231,164,71,93,88,36,52,20,6,14,0,0,0,4,2,2,186,184,27,53,46,36,13,6,3,155,122,33,18,110,0,18,20
53404061,0,,,9405,4636,4769,1241,640,601,8025,3925,4100,5385,2745,2640,7789,3826,3963,7649,3751,3898,2640,1180,1460,1360,591,769,331,112,219,12,4,8,208,105,103,4092,4089,1329,1289,775,518,134,35,9,2691,2536,155,409,1743,64,577,536
53404062,0,,,11294,5504,5790,1223,654,569,9969,4800,5169,6101,3115,2986,9659,4634,5025,9433,4515,4918,3868,1685,2183,2250,980,1270,570,229,341,41,11,30,108,52,56,4622,4617,1180,1594,927,688,181,39,8,3403,3128,275,349,2414,80,600,874
53404063,0,,,13830,6599,7231,1361,683,678,12218,5796,6422,8345,4143,4202,11881,5618,6263,11585,5453,6132,3873,1653,2220,2202,901,1301,607,232,375,34,12,22,213,95,118,6659,6656,2691,1933,1094,751,157,21,9,3922,3690,232,379,2691,411,920,830
53404064,0,,,9632,4785,4847,1046,545,501,8401,4137,4264,5737,2952,2785,8114,4000,4114,7811,3800,4011,2664,1185,1479,1422,610,812,362,154,208,14,1,13,147,70,77,4506,4505,1716,1371,721,540,125,25,7,2761,2606,155,257,1821,305,571,619
53404065,0,,,10280,5026,5254,1389,709,680,8845,4291,4554,6518,3279,3239,8525,4145,4380,8280,4012,4268,2327,1012,1315,1201,482,719,313,93,220,36,6,30,162,80,82,4273,4271,1270,1265,852,681,162,33,8,2937,2785,152,373,1525,180,453,464
53404066,0,,,10014,4895,5119,1117,586,531,8875,4295,4580,5632,2867,2765,8619,4172,4447,8450,4085,4365,3243,1428,1815,1675,738,937,302,112,190,19,2,17,250,123,127,4660,4658,1663,1577,748,519,120,27,4,2927,2803,124,291,2226,115,805,679
53404067,0,,,7359,3644,3715,1262,684,578,6080,2949,3131,4449,2204,2245,5799,2805,2994,5641,2728,2913,1631,745,886,753,339,414,149,64,85,8,3,5,84,31,53,2754,2753,553,842,575,568,176,32,7,2159,2017,142,323,1072,71,212,386
53404068,0,,,8342,4154,4188,1132,569,563,7192,3571,3621,5442,2779,2663,6916,3431,3485,6716,3346,3370,1750,792,958,907,411,496,215,95,120,6,1,5,131,64,67,3520,3517,1093,966,713,576,147,19,3,2371,2220,151,272,1177,197,309,359
53404069,0,,,9802,4870,4932,1454,747,707,8325,4105,4220,6744,3390,3354,7979,3910,4069,7741,3791,3950,1581,715,866,795,352,443,164,68,96,10,3,7,214,104,110,4198,4197,1381,1144,800,685,154,28,5,2739,2619,120,425,1059,340,287,363
53404070,0,,,1912,961,951,268,141,127,1613,805,808,1063,559,504,1560,777,783,1529,766,763,550,246,304,296,119,177,81,26,55,6,2,4,44,18,26,785,783,236,239,135,129,26,10,8,541,483,58,84,369,13,104,103
53404071,0,,,10937,5321,5616,1254,656,598,9619,4637,4982,5800,2950,2850,9392,4524,4868,9218,4436,4782,3819,1687,2132,2144,911,1233,510,217,293,22,6,16,179,80,99,4673,4668,1312,1611,918,601,172,46,8,3329,3080,249,291,2578,51,746,826
53404072,0,,,13084,6143,6941,1296,632,664,11376,5313,6063,7071,3519,3552,11143,5189,5954,10940,5091,5849,4305,1794,2511,2586,1000,1586,909,304,605,85,16,69,177,67,110,6078,6068,2406,1803,1031,664,133,25,6,3568,3334,234,373,2721,241,1002,788
53404073,0,,,12020,5867,6153,1305,694,611,10494,5069,5425,7102,3605,3497,10240,4941,5299,10011,4821,5190,3392,1464,1928,1925,772,1153,633,262,371,41,16,25,177,79,98,5617,5614,2186,1605,961,678,160,21,3,3369,3153,216,435,2367,210,911,647
53404074,0,,,9605,4761,4844,1744,875,869,7569,3734,3835,5831,2988,2843,7254,3564,3690,6960,3387,3573,1738,746,992,964,410,554,218,89,129,11,2,9,146,77,69,4065,4062,1389,972,766,753,153,23,6,2638,2514,124,542,1173,331,317,386
53404075,0,,,11557,5625,5932,2245,1159,1086,9236,4431,4805,7802,3804,3998,8816,4223,4593,8543,4087,4456,1434,627,807,680,293,387,193,67,126,18,6,12,211,105,106,4522,4520,1141,1201,1045,909,194,23,7,3326,3213,113,812,907,276,236,331
53404076,0,,,12181,5934,6247,1487,775,712,10668,5144,5524,8078,3961,4117,10259,4924,5335,9917,4755,5162,2590,1183,1407,1253,553,700,357,122,235,25,7,18,99,37,62,4685,4680,922,1556,1137,857,176,28,4,3710,3562,148,405,1520,127,273,622
53404077,0,,,10255,4958,5297,1394,690,704,8854,4264,4590,6836,3353,3483,8365,4011,4354,8033,3844,4189,2018,911,1107,1011,444,567,225,73,152,27,4,23,166,56,110,3852,3847,798,1140,899,753,221,28,8,3010,2848,162,286,1218,160,234,471
53404078,0,,,10233,5034,5199,1408,746,662,8788,4268,4520,7319,3618,3701,8375,4053,4322,8079,3907,4172,1469,650,819,719,287,432,199,64,135,10,0,10,235,109,126,4397,4397,1458,1158,864,749,143,22,3,2880,2770,110,383,1023,302,312,335
53404079,0,,,7248,3633,3615,696,356,340,6529,3264,3265,4032,2098,1934,6393,3197,3196,6301,3151,3150,2497,1166,1331,1210,518,692,254,76,178,18,3,15,622,291,331,3704,3700,1684,1114,511,296,72,19,4,1946,1839,107,201,1773,109,814,461
53404080,0,,,2986,1498,1488,458,243,215,2493,1241,1252,1496,796,700,2445,1216,1229,2413,1201,1212,997,445,552,578,249,329,120,59,61,5,2,3,101,51,50,1336,1334,481,403,220,161,51,14,4,842,785,57,115,688,12,272,191
53404081,0,,,7949,3805,4144,886,445,441,6979,3330,3649,4483,2250,2233,6768,3216,3552,6630,3149,3481,2496,1080,1416,1358,566,792,362,129,233,32,7,25,143,76,67,3429,3427,1020,1162,669,417,128,22,9,2357,2166,191,223,1647,110,470,499
53404082,0,,,7120,3391,3729,949,479,470,6089,2875,3214,3777,1895,1882,5945,2801,3144,5837,2747,3090,2312,980,1332,1367,565,802,362,134,228,28,4,24,91,37,54,3025,3024,918,1010,526,409,124,25,12,2074,1933,141,279,1511,55,498,455
53404083,0,,,9283,4585,4698,852,464,388,8283,4049,4234,4768,2467,2301,8085,3947,4138,7939,3869,4070,3515,1582,1933,2142,945,1197,466,211,255,20,4,16,106,57,49,3945,3942,1059,1404,786,494,142,44,13,2843,2570,273,235,2334,47,617,768
53404084,0,,,4792,2322,2470,739,384,355,4015,1917,2098,2457,1280,1177,3879,1833,2046,3794,1783,2011,1558,637,921,958,386,572,254,78,176,23,3,20,37,17,20,1768,1763,368,595,366,299,106,21,8,1382,1278,104,198,874,14,212,297
53404085,0,,,4664,2321,2343,1515,794,721,3139,1521,1618,2922,1447,1475,3072,1485,1587,3042,1468,1574,217,74,143,129,37,92,64,9,55,7,0,7,97,49,48,1602,1600,302,324,417,443,98,11,5,1261,1231,30,673,81,126,13,32
53404086,0,,,589,306,283,98,53,45,490,252,238,379,203,176,468,243,225,456,237,219,111,49,62,55,21,34,23,7,16,3,1,2,29,22,7,232,230,72,59,46,33,16,4,0,156,141,15,29,59,16,11,16
53404087,0,,,844,430,414,246,127,119,598,303,295,539,275,264,554,282,272,532,270,262,59,28,31,22,11,11,1,0,1,0,0,0,23,11,12,259,259,34,52,46,80,35,11,1,223,215,8,50,41,3,9,16
53404088,0,,,4020,2036,1984,572,304,268,3430,1721,1709,2694,1356,1338,3255,1633,1622,3118,1565,1553,736,365,371,293,135,158,66,22,44,6,3,3,92,43,49,1553,1553,381,425,324,329,72,16,6,1146,1075,71,134,478,76,88,189
53404089,0,,,1146,589,557,101,62,39,1044,526,518,610,317,293,1011,504,507,990,490,500,434,209,225,171,80,91,31,15,16,3,1,2,65,34,31,509,509,162,184,80,57,13,10,3,344,307,37,21,298,3,88,90
53404090,0,,,7974,3986,3988,1024,548,476,6850,3397,3453,4293,2238,2055,6658,3295,3363,6533,3236,3297,2557,1159,1398,1256,552,704,349,125,224,37,5,32,99,44,55,3199,3195,846,1033,643,494,155,19,5,2316,2153,163,288,1521,61,328,542
53404091,0,,,5143,2581,2562,1231,632,599,3884,1939,1945,3167,1625,1542,3635,1809,1826,3546,1751,1795,717,314,403,311,138,173,76,28,48,4,0,4,49,18,31,1691,1690,267,377,380,441,182,33,10,1410,1309,101,289,463,22,85,124
53404092,0,,,6611,3227,3384,989,502,487,5579,2709,2870,3679,1849,1830,5369,2608,2761,5231,2550,2681,1900,860,1040,1084,473,611,217,94,123,12,1,11,67,27,40,2542,2542,549,820,538,441,140,39,15,1979,1798,181,240,1250,25,300,414
53404093,0,,,6046,2920,3126,585,318,267,5396,2574,2822,2847,1458,1389,5261,2496,2765,5169,2446,2723,2549,1116,1433,1510,684,826,324,124,200,23,6,17,61,25,36,2485,2479,588,990,470,294,111,19,7,1867,1705,162,131,1566,27,373,569
53404094,0,,,653,290,363,31,17,14,617,270,347,236,134,102,610,269,341,605,266,339,381,136,245,285,82,203,142,29,113,19,4,15,28,28,0,179,176,65,39,35,21,9,4,3,110,76,34,8,102,10,17,17
53404095,0,,,975,502,473,257,128,129,717,373,344,597,313,284,702,369,333,694,366,328,120,60,60,67,32,35,29,12,17,1,1,0,9,6,3,381,380,110,76,93,81,17,3,0,260,243,17,133,92,13,49,12
53404096,0,,,445,213,232,63,26,37,378,185,193,250,121,129,365,178,187,363,178,185,128,64,64,59,29,30,10,2,8,2,0,2,4,2,2,179,179,42,59,42,26,6,3,1,135,116,19,30,84,2,20,25
53404097,0,,,239,113,126,15,5,10,224,108,116,141,73,68,216,102,114,215,101,114,83,35,48,45,17,28,12,2,10,2,1,1,3,1,2,84,84,15,27,17,12,9,2,2,68,46,22,4,56,0,8,12
53404098,0,,,300,152,148,44,25,19,256,127,129,154,80,74,250,123,127,248,123,125,102,47,55,52,21,31,22,6,16,1,0,1,8,3,5,118,118,26,38,28,18,7,0,1,91,78,13,13,65,4,15,22
53404099,0,,,666,316,350,30,15,15,630,297,333,293,160,133,623,296,327,619,295,324,337,137,200,207,71,136,99,20,79,16,1,15,3,2,1,238,235,75,70,52,21,8,5,4,151,114,37,5,153,16,30,31
53404100,0,,,1025,498,527,58,32,26,955,457,498,451,247,204,934,446,488,924,440,484,504,210,294,305,123,182,121,41,80,12,2,10,31,18,13,408,401,114,141,80,43,19,2,2,284,248,36,10,264,14,56,88
53404101,0,,,1469,757,712,132,75,57,1310,666,644,780,430,350,1269,642,627,1245,626,619,530,236,294,314,128,186,117,37,80,22,5,17,44,26,18,610,608,218,189,108,65,24,3,1,386,356,30,38,265,46,56,80
53404102,0,,,8869,4361,4508,989,524,465,7748,3782,3966,5069,2604,2465,7524,3666,3858,7361,3590,3771,2679,1178,1501,1420,612,808,335,114,221,24,5,19,228,136,92,3911,3910,1264,1281,721,464,130,33,17,2598,2437,161,302,1764,118,491,594
53404103,0,,,6582,3261,3321,887,461,426,5586,2753,2833,3706,1891,1815,5419,2673,2746,5317,2627,2690,1880,862,1018,974,427,547,226,89,137,5,1,4,129,74,55,2913,2913,979,886,539,373,111,16,9,1907,1783,124,218,1284,67,403,413
53404104,0,,,2780,1307,1473,264,152,112,2506,1153,1353,1339,636,703,2440,1123,1317,2389,1100,1289,1167,517,650,658,306,352,114,41,73,6,1,5,21,6,15,1169,1169,265,470,234,139,51,8,2,895,826,69,64,742,4,182,290
53404105,0,,,1953,929,1024,187,108,79,1760,819,941,862,413,449,1727,805,922,1703,794,909,898,406,492,497,227,270,124,34,90,11,2,9,43,26,17,750,748,134,309,172,86,31,9,7,605,548,57,41,505,2,82,194
53404106,0,,,2386,1160,1226,235,126,109,2150,1034,1116,1115,566,549,2079,998,1081,2030,980,1050,1035,468,567,587,299,288,116,53,63,2,0,2,32,17,15,945,944,196,379,175,134,41,13,6,739,679,60,43,611,1,132,256
53404107,0,,,111,60,51,2,2,0,109,58,51,50,29,21,108,58,50,103,56,47,59,29,30,28,13,15,5,1,4,1,0,1,0,0,0,44,44,11,14,11,3,4,0,1,33,21,12,0,35,0,7,6
53404108,0,,,246,119,127,22,9,13,222,109,113,119,64,55,216,105,111,215,105,110,103,45,58,45,15,30,11,1,10,0,0,0,2,2,0,92,92,24,25,22,9,5,4,3,67,46,21,7,66,1,15,16
53404109,0,,,15,10,5,3,2,1,12,8,4,10,7,3,12,8,4,12,8,4,2,1,1,0,0,0,0,0,0,0,0,0,0,0,0,8,8,4,3,0,0,1,0,0,4,3,1,1,1,0,0,1
53404110,0,,,708,358,350,41,22,19,648,322,326,294,170,124,642,320,322,639,319,320,354,152,202,214,80,134,86,21,65,17,3,14,23,14,9,306,305,144,84,42,21,5,8,1,158,133,25,11,168,11,56,41
53404111,0,,,250,118,132,19,8,11,226,108,118,160,84,76,220,105,115,217,103,114,66,24,42,35,9,26,18,5,13,0,0,0,9,6,3,122,122,50,37,22,8,4,0,1,69,58,11,7,47,9,9,12
53404112,0,,,4597,2323,2274,594,308,286,3939,1992,1947,2808,1475,1333,3793,1914,1879,3720,1875,1845,1131,517,614,526,250,276,108,46,62,7,1,6,238,145,93,1968,1968,604,627,362,265,76,28,6,1332,1226,106,170,756,72,166,264
53404113,0,,,6269,3119,3150,812,419,393,5375,2666,2709,3442,1816,1626,5187,2558,2629,5068,2505,2563,1933,850,1083,1083,478,605,354,126,228,35,5,30,225,140,85,2538,2532,727,846,452,352,104,40,11,1768,1633,135,194,1128,65,275,399
53404114,0,,,1604,781,823,219,125,94,1372,650,722,943,472,471,1343,636,707,1312,624,688,429,178,251,257,98,159,92,27,65,16,3,13,30,17,13,632,629,182,196,126,88,28,8,1,435,390,45,62,224,24,47,64
53404115,0,,,166,79,87,22,13,9,143,66,77,90,40,50,136,65,71,132,65,67,53,26,27,24,9,15,9,4,5,1,0,1,0,0,0,57,57,14,15,9,10,4,2,3,43,30,13,5,35,0,6,10
53404116,0,,,225,110,115,26,16,10,199,94,105,116,58,58,196,94,102,192,92,100,83,36,47,39,14,25,16,6,10,1,0,1,6,4,2,84,84,13,30,21,12,7,1,0,70,61,9,4,54,0,11,16
53404117,0,,,84,37,47,7,1,6,77,36,41,45,23,22,74,35,39,71,33,38,32,13,19,21,8,13,9,2,7,0,0,0,0,0,0,32,32,6,10,7,8,1,0,0,26,20,6,3,22,0,4,8
53404118,0,,,347,170,177,27,14,13,320,156,164,175,87,88,315,155,160,310,155,155,145,69,76,68,29,39,17,4,13,3,1,2,4,1,3,135,135,24,43,38,27,3,0,0,111,80,31,10,93,4,12,22
53404119,0,,,66,35,31,6,5,1,60,30,30,30,17,13,59,29,30,58,28,30,30,13,17,12,4,8,5,2,3,0,0,0,0,0,0,24,24,5,5,10,1,1,2,0,19,16,3,2,19,0,4,4
53404120,0,,,1704,847,857,161,88,73,1527,748,779,873,466,407,1468,719,749,1434,699,735,654,282,372,436,186,250,127,53,74,5,0,5,18,9,9,675,673,185,226,96,108,46,9,3,481,423,58,33,398,3,105,137
53404121,0,,,903,446,457,64,33,31,839,413,426,678,331,347,795,390,405,754,367,387,161,82,79,63,24,39,12,3,9,2,0,2,2,0,2,315,315,28,114,73,77,18,5,0,286,262,24,8,105,0,12,39
53404122,0,,,440,201,239,38,15,23,399,185,214,190,105,85,388,180,208,382,176,206,209,80,129,134,45,89,66,16,50,11,0,11,42,22,20,148,147,49,49,24,11,7,5,2,94,78,16,11,76,6,18,26
53404123,0,,,419,186,233,45,25,20,373,161,212,163,85,78,366,158,208,364,158,206,210,76,134,128,37,91,74,16,58,11,0,11,10,7,3,130,128,33,47,18,20,4,4,2,95,80,15,10,70,4,17,23
53404124,0,,,4737,2378,2359,569,304,265,4150,2070,2080,2486,1309,1177,3977,1979,1998,3869,1916,1953,1664,761,903,800,412,388,116,48,68,10,1,9,63,39,24,1892,1890,412,709,339,310,94,22,4,1468,1363,105,153,1022,26,209,444
53404125,0,,,4848,2465,2383,1295,675,620,3492,1764,1728,2965,1512,1453,3360,1698,1662,3291,1662,1629,527,252,275,240,110,130,36,12,24,2,0,2,76,45,31,1737,1737,377,386,380,453,112,23,6,1342,1281,61,472,351,64,80,109
53404126,0,,,2470,1195,1275,219,114,105,2242,1078,1164,1339,649,690,2189,1058,1131,2134,1020,1114,903,429,474,370,160,210,90,30,60,7,1,6,23,9,14,927,924,139,378,217,137,40,11,2,782,722,60,60,550,6,83,221
53404127,0,,,1299,658,641,88,39,49,1207,617,590,752,382,370,1167,598,569,1146,583,563,455,235,220,136,64,72,29,10,19,1,0,1,12,3,9,444,443,74,182,95,61,22,8,1,368,333,35,23,271,2,43,112
53404128,0,,,1849,924,925,154,81,73,1686,839,847,935,529,406,1635,816,819,1594,793,801,751,310,441,454,176,278,173,48,125,20,4,16,59,28,31,761,758,288,226,118,90,28,8,0,469,422,47,34,346,128,79,133
53404129,0,,,191,93,98,15,9,6,176,84,92,82,41,41,172,83,89,166,80,86,94,43,51,48,22,26,8,3,5,0,0,0,1,0,1,74,74,12,33,14,8,3,4,0,62,53,9,6,56,1,9,22
53404130,0,,,1496,808,688,143,77,66,1314,699,615,1090,592,498,1207,647,560,1135,607,528,224,107,117,109,41,68,34,8,26,3,0,3,39,24,15,580,579,186,120,97,129,39,6,2,388,359,29,18,148,16,47,34
53404131,0,,,1760,883,877,189,92,97,1558,785,773,1210,627,583,1460,732,728,1375,689,686,348,158,190,172,81,91,29,15,14,1,0,1,43,27,16,629,629,123,180,123,135,49,14,5,497,451,46,36,227,9,45,78
53404132,0,,,1017,531,486,147,75,72,853,447,406,599,336,263,833,439,394,818,429,389,254,111,143,149,54,95,61,16,45,3,1,2,77,50,27,380,378,123,103,68,57,18,7,2,242,212,30,45,107,21,30,26
53404133,0,,,106,58,48,24,12,12,82,46,36,58,33,25,78,45,33,77,44,33,24,13,11,8,5,3,1,0,1,0,0,0,4,3,1,40,40,10,12,5,10,2,0,1,30,28,2,8,19,0,7,5
53404134,0,,,3541,1706,1835,230,132,98,3295,1570,1725,1352,715,637,3231,1534,1697,3194,1516,1678,1943,855,1088,1262,633,629,192,98,94,14,2,12,46,23,23,1598,1598,391,759,253,124,51,18,2,1202,1125,77,47,1225,5,301,527
53404135,0,,,1138,552,586,68,40,28,1059,507,552,493,269,224,1038,496,542,1018,484,534,566,238,328,361,155,206,76,30,46,11,1,10,20,12,8,474,472,124,178,99,47,19,3,2,346,312,34,21,324,5,78,128
53404136,0,,,171,86,85,16,8,8,154,77,77,83,43,40,152,76,76,151,76,75,71,34,37,28,11,17,13,5,8,0,0,0,0,0,0,72,72,18,28,13,8,4,1,0,52,43,9,5,46,0,12,13
53404137,0,,,681,326,355,77,38,39,596,284,312,373,170,203,579,278,301,571,273,298,223,114,109,59,29,30,13,4,9,1,0,1,14,8,6,256,256,38,95,63,40,17,2,1,214,196,18,15,146,1,21,54
53404138,0,,,3961,1906,2055,479,241,238,3449,1653,1796,2311,1142,1169,3336,1599,1737,3259,1559,1700,1138,511,627,531,230,301,100,31,69,3,0,3,109,63,46,1635,1633,446,543,336,212,77,14,5,1170,1067,103,124,724,48,177,236
53404139,0,,,771,377,394,95,51,44,669,322,347,389,184,205,644,311,333,631,304,327,280,138,142,114,52,62,30,12,18,3,0,3,8,3,5,297,297,52,117,64,41,11,10,2,244,218,26,22,176,0,28,70
53404140,0,,,6134,2922,3212,730,365,365,5397,2554,2843,3343,1649,1694,5208,2467,2741,5097,2420,2677,2054,905,1149,1418,619,799,411,207,204,17,5,12,96,42,54,2522,2522,663,815,511,394,108,27,4,1847,1706,141,177,1351,37,392,469
53404141,0,,,4620,2253,2367,709,365,344,3902,1883,2019,2769,1417,1352,3723,1791,1932,3617,1735,1882,1133,466,667,654,256,398,172,48,124,23,1,22,98,53,45,1665,1662,347,499,342,327,115,26,6,1302,1209,93,140,661,25,153,224
53404142,0,,,3766,1828,1938,427,215,212,3328,1609,1719,1894,977,917,3234,1559,1675,3180,1529,1651,1434,632,802,846,391,455,160,70,90,8,2,6,55,37,18,1528,1519,333,568,289,249,57,21,2,1174,1073,101,101,946,12,220,328
53404143,0,,,119,62,57,4,3,1,115,59,56,59,33,26,115,59,56,114,58,56,56,26,30,28,13,15,15,6,9,1,0,1,3,3,0,51,51,13,18,14,3,2,1,0,38,30,8,2,37,2,8,10
53404144,0,,,140,81,59,8,3,5,131,77,54,91,60,31,130,77,53,126,75,51,40,17,23,13,7,6,4,2,2,0,0,0,9,9,0,71,71,41,6,11,11,2,0,0,29,21,8,2,28,3,7,2
53404145,0,,,158,86,72,22,12,10,134,72,62,73,41,32,130,69,61,127,68,59,61,31,30,23,12,11,9,5,4,3,2,1,2,1,1,50,50,10,12,10,6,6,4,2,40,28,12,4,35,0,6,8
53404146,0,,,184,79,105,21,8,13,163,71,92,98,42,56,158,66,92,151,65,86,65,29,36,32,11,21,8,4,4,1,1,0,1,0,1,66,66,11,22,15,8,8,2,0,54,48,6,5,44,0,10,15
53404147,0,,,3971,2038,1933,436,212,224,3500,1808,1692,2451,1253,1198,3386,1744,1642,3305,1698,1607,1049,555,494,314,156,158,88,38,50,6,3,3,157,82,75,1659,1659,447,555,334,224,81,16,2,1195,1114,81,132,687,110,124,267
53404148,0,,,4058,2102,1956,415,203,212,3574,1867,1707,2443,1319,1124,3493,1818,1675,3432,1785,1647,1131,548,583,498,222,276,103,39,64,4,0,4,110,48,62,1890,1890,712,583,305,213,54,18,5,1153,1067,86,117,753,161,163,263
53404149,0,,,706,359,347,63,37,26,638,320,318,445,231,214,608,305,303,592,296,296,193,89,104,78,36,42,13,6,7,0,0,0,2,0,2,285,285,71,91,64,39,16,3,1,211,192,19,12,122,10,23,47
53404150,0,,,10980,5308,5672,912,480,432,10024,4804,5220,6351,3211,3140,9766,4668,5098,9565,4571,4994,3673,1593,2080,2116,919,1197,523,246,277,20,6,14,370,141,229,5175,5175,1873,1701,910,528,126,28,9,3243,3004,239,269,2486,315,758,801
53404151,0,,,9280,4518,4762,1146,598,548,8102,3910,4192,5645,2802,2843,7836,3780,4056,7641,3681,3960,2457,1108,1349,1098,475,623,263,94,169,20,2,18,142,54,88,3949,3947,1144,1259,801,567,140,30,6,2764,2618,146,326,1640,128,455,556
53404152,0,,,6752,3310,3442,715,386,329,6007,2912,3095,3575,1809,1766,5824,2812,3012,5710,2754,2956,2432,1103,1329,1425,638,787,276,132,144,6,0,6,65,29,36,2836,2836,722,1032,541,396,115,27,3,2093,1926,167,178,1587,51,406,593
53404153,0,,,242,107,135,9,5,4,233,102,131,141,69,72,230,100,130,225,98,127,92,33,59,71,22,49,35,8,27,3,0,3,0,0,0,109,108,70,13,12,5,7,1,0,38,29,9,1,33,40,8,6
53404154,0,,,1440,713,727,86,49,37,1354,664,690,924,442,482,1316,644,672,1284,624,660,430,222,208,131,64,67,32,16,16,2,0,2,42,23,19,564,564,79,231,149,78,23,3,1,483,447,36,22,278,5,35,124
53404155,0,,,1517,723,794,264,128,136,1252,594,658,937,463,474,1177,560,617,1130,539,591,315,131,184,165,59,106,59,12,47,6,0,6,29,7,22,494,491,57,137,110,140,33,8,6,433,396,37,47,179,0,37,58
53404156,0,,,72,39,33,4,2,2,68,37,31,31,20,11,68,37,31,67,36,31,37,17,20,17,8,9,6,3,3,0,0,0,0,0,0,27,27,3,10,11,2,0,0,1,24,22,2,1,22,0,2,4
53404157,0,,,3357,1738,1619,607,280,327,2732,1450,1282,2145,1178,967,2678,1424,1254,2646,1409,1237,587,272,315,308,116,192,94,22,72,9,0,9,119,58,61,1555,1553,664,384,235,205,53,8,4,861,810,51,240,380,161,128,110
53404158,0,,,3834,1896,1938,349,182,167,3438,1691,1747,2200,1202,998,3356,1647,1709,3292,1613,1679,1238,489,749,790,276,514,317,76,241,42,4,38,77,41,36,1712,1704,779,451,250,166,46,10,2,909,842,67,100,544,202,155,186
53404159,0,,,3076,1444,1632,234,121,113,2832,1319,1513,1482,709,773,2780,1294,1486,2735,1272,1463,1350,610,740,635,242,393,260,70,190,58,10,48,32,12,20,1136,1133,183,482,264,144,48,8,4,943,873,70,60,692,6,109,307
53404160,0,,,10202,5074,5128,1074,558,516,9037,4467,4570,6809,3456,3353,8675,4282,4393,8423,4141,4282,2228,1011,1217,1036,476,560,211,89,122,6,1,5,399,205,194,4438,4437,1426,1301,877,662,141,22,8,2955,2777,178,289,1488,327,361,527
53404161,0,,,10523,5158,5365,1137,583,554,9284,4529,4755,6326,3185,3141,8996,4382,4614,8790,4272,4518,2958,1344,1614,1368,592,776,279,106,173,22,8,14,239,100,139,4656,4656,1442,1564,870,607,134,28,11,3154,2946,208,298,1998,171,535,659
53404162,0,,,9456,4510,4946,1040,533,507,8386,3963,4423,5282,2542,2740,8130,3831,4299,7985,3760,4225,3104,1421,1683,1640,743,897,373,153,220,20,4,16,127,53,74,4088,4086,1119,1541,729,528,132,33,4,2926,2764,162,250,1983,124,493,814
53404163,0,,,1155,568,587,133,73,60,1022,495,527,534,263,271,1003,485,518,990,480,510,488,232,256,256,130,126,84,33,51,8,0,8,7,1,6,424,421,78,152,105,60,21,3,2,340,306,34,49,245,14,35,94
53404164,0,,,6420,3123,3297,731,384,347,5651,2718,2933,3262,1591,1671,5487,2639,2848,5384,2587,2797,2389,1127,1262,1040,502,538,247,86,161,20,3,17,120,48,72,2576,2574,576,965,541,366,91,27,8,1977,1849,128,155,1426,51,293,620
53404165,0,,,3610,1734,1876,397,212,185,3204,1519,1685,2016,929,1087,3076,1452,1624,3001,1418,1583,1188,590,598,502,229,273,135,49,86,16,4,12,101,51,50,1331,1330,160,538,322,212,75,12,11,1166,1068,98,79,733,3,115,324
53404167,0,,,1156,578,578,128,71,57,1022,504,518,632,327,305,1002,494,508,977,484,493,390,177,213,183,84,99,33,10,23,2,0,2,13,6,7,497,497,152,155,107,57,16,6,4,342,314,28,34,264,10,76,79
53404168,0,,,5287,2624,2663,608,312,296,4650,2298,2352,2990,1505,1485,4514,2232,2282,4434,2200,2234,1660,793,867,848,383,465,227,84,143,18,5,13,81,40,41,2386,2316,803,734,384,286,81,20,8,1502,1370,132,137,1069,104,320,313
53404169,0,,,5773,2807,2966,542,281,261,5192,2509,2683,3100,1568,1532,5033,2425,2608,4912,2361,2551,2092,941,1151,1096,509,587,197,85,112,7,1,6,91,40,51,2567,2563,780,904,493,274,86,21,5,1755,1618,137,125,1408,58,418,448
53404170,0,,,2727,1342,1385,336,173,163,2384,1163,1221,1583,801,782,2266,1101,1165,2197,1068,1129,801,362,439,355,168,187,67,24,43,6,0,6,73,32,41,1089,1089,257,368,203,197,53,6,5,815,752,63,52,519,34,118,187
53404171,0,,,6690,3304,3386,1013,509,504,5650,2786,2864,3903,1968,1935,5426,2662,2764,5289,2592,2697,1747,818,929,836,393,443,172,72,100,7,2,5,128,62,66,2559,2559,490,876,559,449,143,34,8,2041,1903,138,234,1164,43,248,423
53404172,0,,,6294,3044,3250,835,442,393,5454,2600,2854,3209,1519,1690,5293,2512,2781,5206,2470,2736,2245,1081,1164,931,481,450,161,62,99,7,1,6,54,23,31,2540,2539,460,1062,493,418,87,17,2,2061,1951,110,232,1383,24,255,675
53404173,0,,,2325,1115,1210,229,121,108,2088,990,1098,1147,568,579,2029,955,1074,1995,936,1059,941,422,519,570,263,307,107,37,70,7,0,7,47,18,29,971,970,228,401,160,133,30,12,6,729,657,72,58,597,8,139,245
53404174,0,,,8167,3909,4258,785,398,387,7305,3478,3827,4851,2352,2499,7070,3363,3707,6919,3291,3628,2454,1126,1328,1140,536,604,252,101,151,17,6,11,213,90,123,3814,3814,1375,1222,683,406,99,23,6,2400,2252,148,208,1644,183,470,582
53404175,0,,,3352,1668,1684,462,250,212,2880,1416,1464,1884,942,942,2752,1351,1401,2692,1315,1377,996,474,522,486,222,264,104,49,55,11,2,9,54,24,30,1332,1332,311,445,254,243,66,9,4,1010,930,80,119,654,28,164,235
53404176,0,,,1311,646,665,101,59,42,1202,583,619,632,337,295,1176,569,607,1160,563,597,570,246,324,310,125,185,117,32,85,23,4,19,29,13,16,491,490,121,161,112,64,22,6,4,366,315,51,28,303,7,61,86
53404177,0,,,2196,1042,1154,201,102,99,1983,935,1048,1301,626,675,1917,903,1014,1874,882,992,682,309,373,301,126,175,64,21,43,1,1,0,34,16,18,952,952,262,348,189,110,32,7,4,681,624,57,47,464,16,108,163
53404178,0,,,2888,1379,1509,289,162,127,2578,1208,1370,1494,717,777,2532,1179,1353,2493,1160,1333,1084,491,593,535,226,309,173,57,116,12,4,8,45,16,29,1301,1298,466,418,224,144,33,9,4,808,753,55,77,668,86,193,222
53404179,0,,,692,326,366,37,18,19,655,308,347,318,157,161,635,299,336,621,293,328,337,151,186,188,85,103,38,15,23,1,0,1,8,4,4,305,303,77,131,55,24,12,2,2,224,202,22,11,219,1,58,79
53404180,0,,,657,290,367,38,15,23,618,274,344,260,126,134,617,274,343,604,270,334,358,148,210,262,96,166,132,33,99,23,9,14,9,5,4,176,174,50,50,39,26,6,3,0,122,110,12,10,87,7,18,22
53404181,0,,,4504,2185,2319,1015,533,482,3483,1649,1834,2484,1198,1286,3346,1580,1766,3267,1538,1729,999,451,548,420,173,247,140,41,99,20,5,15,31,12,19,1534,1533,205,444,363,376,122,19,4,1322,1240,82,260,592,8,97,256
53404182,0,,,2545,1197,1348,292,156,136,2248,1039,1209,1366,660,706,2180,1012,1168,2144,997,1147,882,379,503,391,186,205,66,21,45,7,0,7,22,9,13,1073,1073,247,408,230,157,24,6,1,817,767,50,67,562,7,124,220
53404183,0,,,2038,1024,1014,153,83,70,1880,937,943,1000,523,477,1830,913,917,1797,893,904,880,414,466,423,220,203,64,27,37,5,2,3,17,9,8,837,837,171,351,160,107,35,10,3,660,600,60,37,547,3,115,240
53404184,0,,,2840,1413,1427,287,145,142,2544,1265,1279,1670,876,794,2467,1224,1243,2409,1194,1215,874,389,485,459,188,271,96,32,64,6,0,6,81,44,37,1213,1213,364,398,231,143,53,20,4,837,744,93,70,602,48,155,179
53404185,0,,,1876,930,946,191,91,100,1677,835,842,989,499,490,1633,813,820,1602,793,809,688,336,352,344,167,177,68,36,32,4,1,3,31,11,20,827,826,233,312,158,89,26,4,4,583,543,40,44,457,17,113,169
53404186,0,,,2606,1295,1311,249,131,118,2297,1135,1162,1454,740,714,2232,1096,1136,2200,1080,1120,843,395,448,391,194,197,71,22,49,5,0,5,97,47,50,1182,1180,412,385,208,124,37,10,4,755,695,60,60,541,45,124,189
53404187,0,,,258,105,153,11,6,5,246,99,147,66,37,29,246,99,147,246,99,147,180,62,118,139,42,97,86,16,70,30,5,25,0,0,0,61,59,11,28,7,8,3,1,1,48,38,10,5,43,0,7,16
53404188,0,,,982,483,499,91,50,41,891,433,458,449,235,214,868,420,448,857,411,446,442,198,244,211,98,113,59,27,32,4,0,4,7,4,3,383,383,72,154,74,50,20,11,2,311,268,43,24,278,0,49,100
53404189,0,,,27,12,15,4,1,3,23,11,12,14,8,6,23,11,12,23,11,12,9,3,6,5,1,4,1,0,1,0,0,0,0,0,0,9,9,0,4,2,2,1,0,0,9,7,2,1,6,0,0,2
53404190,0,,,467,187,280,35,15,20,432,172,260,141,77,64,431,171,260,431,171,260,291,95,196,207,63,144,92,21,71,13,2,11,1,0,1,16,13,0,6,4,2,0,0,1,13,13,0,1,6,0,0,3
53404191,0,,,1805,819,986,110,57,53,1689,758,931,844,410,434,1652,733,919,1626,726,900,845,348,497,412,138,274,183,26,157,41,3,38,17,3,14,639,625,137,259,128,73,23,4,1,486,442,44,27,384,14,72,174
53404192,0,,,415,209,206,46,29,17,365,178,187,207,103,104,351,168,183,348,166,182,158,75,83,61,31,30,16,8,8,3,0,3,2,1,1,164,164,34,63,33,21,6,7,0,129,111,18,9,104,0,22,39
53404193,0,,,568,288,280,44,27,17,524,261,263,251,128,123,508,252,256,499,249,250,273,133,140,129,71,58,19,7,12,2,0,2,4,3,1,242,242,45,121,37,27,10,2,0,196,188,8,8,165,0,32,90
53404194,0,,,437,217,220,34,21,13,403,196,207,252,131,121,386,186,200,374,179,195,151,65,86,73,32,41,15,4,11,1,0,1,10,5,5,180,180,51,53,40,26,6,2,2,128,110,18,12,94,8,19,32
53404196,0,,,125,58,67,5,3,2,120,55,65,59,30,29,119,54,65,118,54,64,61,25,36,32,11,21,9,0,9,1,0,1,0,0,0,46,46,8,20,8,4,2,1,3,37,24,13,3,40,0,6,11
53404197,0,,,95,46,49,11,5,6,84,41,43,45,23,22,83,40,43,82,40,42,39,18,21,18,9,9,9,4,5,0,0,0,0,0,0,32,32,4,10,8,6,2,1,1,27,19,8,2,24,0,4,5
53404198,0,,,81,42,39,11,5,6,70,37,33,42,23,19,67,35,32,67,35,32,28,14,14,15,9,6,6,3,3,0,0,0,1,1,0,32,32,9,8,8,4,2,1,0,23,17,6,3,21,0,7,2
53404199,0,,,99,55,44,21,12,9,78,43,35,70,39,31,68,37,31,62,34,28,8,4,4,2,1,1,1,0,1,0,0,0,4,2,2,28,28,4,5,6,6,4,1,2,23,22,1,5,4,0,1,1
53404200,0,,,65,31,34,3,2,1,62,29,33,40,20,20,61,29,32,61,29,32,22,9,13,13,3,10,6,2,4,0,0,0,0,0,0,24,24,4,8,6,3,3,0,0,20,15,5,1,16,0,2,2
53404201,0,,,272,133,139,23,11,12,247,122,125,162,81,81,244,119,125,236,118,118,85,41,44,39,13,26,12,4,8,1,0,1,2,0,2,95,95,13,34,22,12,10,2,2,80,63,17,8,52,0,7,12
53404202,0,,,377,202,175,26,18,8,348,182,166,229,124,105,337,177,160,331,172,159,119,58,61,45,19,26,12,5,7,1,0,1,3,3,0,150,150,41,47,30,15,13,2,2,104,89,15,6,82,5,16,16
53404203,0,,,1421,751,670,142,82,60,1268,666,602,890,477,413,1218,636,582,1183,619,564,378,189,189,150,73,77,27,10,17,1,0,1,60,33,27,625,624,214,194,102,79,21,12,2,401,353,48,33,271,22,78,75
53404204,0,,,3934,1957,1977,409,222,187,3476,1709,1767,2186,1127,1059,3357,1649,1708,3263,1594,1669,1290,582,708,644,267,377,200,63,137,24,4,20,67,29,38,1510,1505,376,503,295,208,88,24,11,1111,981,130,94,753,27,169,245
53404205,0,,,2974,1429,1545,366,164,202,2548,1236,1312,1704,851,853,2459,1183,1276,2401,1151,1250,844,385,459,378,168,210,84,27,57,5,0,5,117,52,65,1263,1262,388,386,259,155,58,13,3,847,753,94,86,580,28,160,157
53404206,0,,,1929,993,936,241,131,110,1675,857,818,1190,627,563,1612,831,781,1571,806,765,485,230,255,210,90,120,42,13,29,5,2,3,68,29,39,733,732,178,198,175,112,46,18,5,544,477,67,59,330,7,77,90
53404207,0,,,654,354,300,50,27,23,597,323,274,375,210,165,589,319,270,578,311,267,222,113,109,89,42,47,20,7,13,1,1,0,39,22,17,297,297,117,82,52,28,8,7,3,177,149,28,8,149,11,40,35
53404208,0,,,386,201,185,32,18,14,350,180,170,230,116,114,339,175,164,329,169,160,120,64,56,44,24,20,11,2,9,0,0,0,18,10,8,158,158,45,53,25,20,11,3,1,112,95,17,9,85,0,24,25
53404209,0,,,500,259,241,40,16,24,454,238,216,282,158,124,444,232,212,433,225,208,172,80,92,86,35,51,25,7,18,3,1,2,27,18,9,203,203,48,74,44,22,8,5,2,148,116,32,10,110,4,16,30
53404210,0,,,46,22,24,5,3,2,41,19,22,23,13,10,40,19,21,40,19,21,18,6,12,11,4,7,4,2,2,0,0,0,0,0,0,18,18,3,8,3,3,0,1,0,15,12,3,1,12,1,1,3
53404211,0,,,81,38,43,6,2,4,75,36,39,39,17,22,72,34,38,70,33,37,36,19,17,10,6,4,2,0,2,0,0,0,2,0,2,29,29,5,12,4,5,2,0,1,23,17,6,0,22,1,4,10
53404212,0,,,1544,758,786,140,66,74,1392,686,706,871,428,443,1358,671,687,1337,660,677,521,258,263,181,85,96,33,9,24,0,0,0,57,19,38,625,625,124,253,130,84,24,7,3,497,459,38,32,343,4,59,137
53404213,0,,,2763,1359,1404,212,101,111,2529,1248,1281,1622,793,829,2461,1217,1244,2415,1191,1224,907,455,452,270,125,145,62,20,42,4,0,4,73,27,46,1195,1195,288,498,229,131,30,16,3,886,822,64,61,601,30,104,252
53404214,0,,,1608,842,766,195,111,84,1387,714,673,1002,531,471,1342,688,654,1308,669,639,385,183,202,156,68,88,31,8,23,0,0,0,86,55,31,666,665,181,230,122,82,36,9,5,467,421,46,47,260,27,44,89
53404215,0,,,2509,1250,1259,269,135,134,2186,1088,1098,1518,782,736,2106,1054,1052,2062,1027,1035,668,306,362,271,120,151,53,19,34,2,0,2,78,31,47,1057,1056,308,346,211,121,45,17,8,731,645,86,67,460,28,100,129
53404216,0,,,1133,591,542,79,41,38,1051,549,502,692,382,310,1029,536,493,1007,524,483,359,167,192,124,54,70,27,10,17,0,0,0,59,31,28,460,459,138,152,92,48,16,4,9,313,270,43,17,242,17,54,59
53404217,0,,,774,404,370,68,35,33,702,367,335,479,259,220,685,354,331,674,349,325,223,108,115,75,35,40,17,6,11,0,0,0,22,13,9,328,328,94,112,58,42,18,4,0,225,198,27,12,160,9,46,49
53404218,0,,,583,301,282,64,29,35,518,271,247,342,187,155,507,264,243,500,262,238,176,84,92,81,41,40,18,9,9,1,0,1,21,10,11,221,221,52,69,46,28,16,7,3,165,134,31,8,120,2,23,27
53404219,0,,,256,142,114,22,13,9,230,127,103,154,79,75,227,125,102,224,124,100,76,48,28,31,18,13,7,5,2,0,0,0,7,5,2,111,111,34,38,23,9,3,3,1,74,65,9,7,56,3,17,13
53404220,0,,,147,73,74,11,6,5,136,67,69,78,43,35,133,66,67,128,63,65,58,24,34,28,11,17,7,2,5,0,0,0,1,0,1,49,49,5,14,17,5,7,0,1,44,32,12,1,35,0,4,7
53404221,0,,,113,57,56,12,6,6,101,51,50,63,32,31,95,49,46,92,48,44,38,19,19,16,8,8,6,3,3,0,0,0,1,0,1,38,38,5,11,10,6,4,2,0,32,27,5,3,23,0,4,5
53404222,0,,,614,319,295,55,33,22,542,274,268,347,178,169,534,273,261,525,267,258,195,96,99,82,35,47,16,4,12,2,0,2,41,29,12,295,295,110,98,52,25,8,2,0,181,164,17,20,126,15,28,46
53404223,0,,,1449,730,719,124,64,60,1292,648,644,866,447,419,1253,628,625,1232,614,618,426,201,225,175,71,104,64,22,42,3,1,2,52,14,38,642,640,238,189,101,84,17,8,3,389,348,41,36,266,52,68,79
53404224,0,,,1644,837,807,158,78,80,1465,745,720,1033,537,496,1424,718,706,1386,701,685,432,208,224,159,63,96,37,14,23,3,0,3,57,24,33,679,678,182,227,138,93,27,6,5,487,440,47,30,299,17,68,92
53404225,0,,,1864,960,904,196,101,95,1661,857,804,1293,694,599,1575,805,770,1523,777,746,368,163,205,159,63,96,41,12,29,3,0,3,32,16,16,675,674,135,175,180,138,30,12,4,530,481,49,41,233,12,55,61
53404226,0,,,214,108,106,15,7,8,199,101,98,120,61,59,196,98,98,193,97,96,79,40,39,34,12,22,8,2,6,1,1,0,8,4,4,82,82,27,18,16,9,8,2,2,51,33,18,2,54,1,12,6
53404227,0,,,216,105,111,13,3,10,203,102,101,127,66,61,198,101,97,194,100,94,76,36,40,47,21,26,16,8,8,2,0,2,16,6,10,91,91,31,26,13,14,4,3,0,59,45,14,4,51,10,10,10
53404228,0,,,225,112,113,15,10,5,206,98,108,143,69,74,202,94,108,199,92,107,63,29,34,37,13,24,16,6,10,0,0,0,15,12,3,77,77,21,15,11,16,10,2,2,53,32,21,5,43,8,6,6
53404229,0,,,117,63,54,12,7,5,105,56,49,70,39,31,102,55,47,100,54,46,35,17,18,15,5,10,6,2,4,0,0,0,2,1,1,40,40,9,10,9,6,3,0,3,30,22,8,4,25,2,6,4
53404230,0,,,169,95,74,17,10,7,152,85,67,94,54,40,145,81,64,140,78,62,58,31,27,26,14,12,10,5,5,1,0,1,4,3,1,59,59,15,15,10,10,3,3,3,43,32,11,1,37,0,11,7
53404231,0,,,141,69,72,9,4,5,127,60,67,64,32,32,126,60,66,125,60,65,63,28,35,32,15,17,13,3,10,0,0,0,0,0,0,52,52,4,22,15,7,4,0,0,47,36,11,2,39,0,3,13
53404232,0,,,106,55,51,5,3,2,101,52,49,56,30,26,96,48,48,96,48,48,45,22,23,14,6,8,4,2,2,1,1,0,0,0,0,39,39,6,17,8,2,2,4,0,32,23,9,1,30,0,3,9
53404233,0,,,1705,865,840,99,47,52,1597,812,785,933,490,443,1564,793,771,1542,784,758,664,322,342,308,134,174,88,29,59,7,1,6,75,40,35,701,697,180,273,140,71,26,5,2,508,455,53,23,384,21,83,130
53404234,0,,,1096,513,583,108,48,60,977,461,516,708,339,369,931,440,491,908,434,474,269,122,147,120,46,74,38,13,25,3,0,3,63,19,44,449,449,138,126,93,51,28,10,3,307,264,43,21,185,37,34,48
53404235,0,,,408,213,195,38,16,22,359,192,167,233,129,104,345,186,159,336,183,153,126,63,63,64,31,33,13,4,9,0,0,0,14,10,4,151,151,43,37,33,18,7,7,6,105,84,21,8,81,7,11,18
53404236,0,,,206,110,96,25,13,12,181,97,84,109,63,46,176,93,83,173,93,80,72,34,38,26,10,16,5,1,4,0,0,0,12,10,2,73,73,26,15,9,9,4,6,4,47,30,17,5,48,9,9,6
53404237,0,,,275,146,129,31,15,16,244,131,113,155,83,72,238,127,111,234,126,108,89,48,41,33,19,14,10,6,4,1,0,1,8,1,7,104,104,26,35,17,13,6,5,2,75,60,15,6,64,1,14,12
53404238,0,,,194,104,90,22,12,10,172,92,80,113,68,45,168,91,77,167,90,77,59,24,35,34,12,22,19,4,15,0,0,0,6,5,1,64,64,14,18,10,12,3,3,4,48,31,17,4,40,2,5,8
53404239,0,,,113,63,50,14,4,10,99,59,40,71,44,27,96,58,38,95,57,38,28,15,13,13,6,7,2,1,1,1,0,1,17,14,3,49,49,23,6,7,9,3,1,0,25,18,7,2,18,13,4,3
53404240,0,,,169,86,83,11,6,5,156,78,78,87,48,39,150,75,75,148,74,74,69,30,39,37,17,20,10,4,6,0,0,0,0,0,0,64,64,13,21,16,6,7,0,1,50,38,12,1,44,0,6,8
53404241,0,,,582,300,282,34,18,16,535,277,258,339,184,155,522,271,251,510,266,244,196,93,103,90,40,50,23,5,18,1,0,1,16,10,6,267,267,100,77,52,24,9,4,1,164,144,20,10,135,4,41,36
53404242,0,,,131,63,68,13,4,9,118,59,59,65,37,28,115,56,59,114,56,58,53,22,31,25,7,18,11,1,10,1,0,1,2,0,2,47,47,9,14,12,7,0,5,0,36,29,7,2,36,0,9,9
53404243,0,,,316,153,163,37,21,16,274,131,143,196,93,103,261,127,134,255,124,131,78,38,40,35,17,18,6,3,3,0,0,0,21,3,18,125,125,39,36,22,13,6,6,3,84,70,14,5,53,3,7,14
53404244,0,,,606,291,315,48,26,22,551,263,288,322,158,164,538,253,285,528,249,279,229,105,124,99,46,53,14,6,8,0,0,0,25,11,14,268,268,79,96,56,23,10,3,1,187,166,21,15,154,9,35,52
53404245,0,,,195,101,94,13,6,7,179,94,85,123,68,55,175,93,82,171,93,78,56,26,30,23,9,14,2,1,1,1,0,1,36,20,16,101,101,57,17,13,9,3,1,1,43,29,14,1,37,12,11,5
53404246,0,,,251,121,130,18,8,10,233,113,120,145,70,75,228,111,117,223,110,113,88,43,45,45,23,22,8,2,6,0,0,0,10,2,8,106,106,34,37,16,9,5,2,3,68,54,14,4,61,1,16,14
53404247,0,,,168,78,90,16,7,9,152,71,81,93,44,49,150,71,79,150,71,79,59,27,32,19,8,11,12,5,7,1,1,0,13,6,7,70,70,22,23,12,6,3,3,1,48,39,9,3,37,4,5,13
53404248,0,,,249,133,116,27,15,12,222,118,104,150,79,71,217,116,101,215,114,101,72,39,33,37,19,18,8,3,5,1,0,1,10,4,6,98,98,30,23,25,9,5,5,1,67,51,16,6,49,4,11,9
53404249,0,,,356,171,185,22,6,16,334,165,169,227,112,115,323,160,163,315,156,159,107,53,54,42,21,21,18,11,7,1,1,0,39,21,18,153,152,53,48,26,11,6,3,5,98,81,17,6,70,10,17,20
53404250,0,,,1066,475,591,79,41,38,982,432,550,519,240,279,957,418,539,938,407,531,463,192,271,244,81,163,120,28,92,26,2,24,14,4,10,366,363,54,147,89,47,17,5,4,308,268,40,15,222,2,30,81
53404251,0,,,251,125,126,17,11,6,234,114,120,105,49,56,232,113,119,232,113,119,129,65,64,62,33,29,6,3,3,1,0,1,0,0,0,111,111,24,54,17,13,2,1,0,87,80,7,5,79,2,14,38
53404252,0,,,123,59,64,7,4,3,116,55,61,57,29,28,115,54,61,114,53,61,59,26,33,22,6,16,12,2,10,1,0,1,1,1,0,48,48,12,16,10,4,3,3,0,35,24,11,3,38,0,8,8
53404253,0,,,276,138,138,23,9,14,246,126,120,144,79,65,242,124,118,238,121,117,102,47,55,46,22,24,12,4,8,1,0,1,2,1,1,117,117,41,37,17,10,5,5,2,75,61,14,8,64,5,13,20
53404254,0,,,318,164,154,11,5,6,297,155,142,158,82,76,291,150,141,287,147,140,139,73,66,59,33,26,9,4,5,1,1,0,8,2,6,146,146,45,54,32,9,4,1,1,99,87,12,3,90,3,20,32
53404255,0,,,470,243,227,25,13,12,445,230,215,280,151,129,437,227,210,428,222,206,165,79,86,81,42,39,14,8,6,1,0,1,15,10,5,181,179,54,56,36,22,8,3,0,124,103,21,4,109,3,24,32
53404256,0,,,143,70,73,14,5,9,129,65,64,77,41,36,125,64,61,123,62,61,52,24,28,29,11,18,8,3,5,0,0,0,7,4,3,53,53,13,14,12,7,5,1,1,39,25,14,3,35,1,6,7
53404257,0,,,174,53,121,10,4,6,164,49,115,52,24,28,162,47,115,160,47,113,112,25,87,92,15,77,63,8,55,12,0,12,16,6,10,41,39,18,5,7,5,3,1,0,21,12,9,1,16,12,2,3
53404258,0,,,527,255,272,48,20,28,479,235,244,289,146,143,466,228,238,460,227,233,190,89,101,71,31,40,13,4,9,1,0,1,30,17,13,236,236,77,74,52,24,6,1,2,156,141,15,10,132,9,40,32
53404259,0,,,850,453,397,86,45,41,761,407,354,510,288,222,740,394,346,718,382,336,251,119,132,112,49,63,22,8,14,0,0,0,54,42,12,340,340,107,92,64,41,20,11,5,225,183,42,20,171,19,37,44
53404260,0,,,2077,1050,1027,224,116,108,1827,921,906,1141,598,543,1775,890,885,1741,869,872,686,323,363,320,138,182,85,34,51,7,1,6,38,19,19,874,874,248,302,143,127,40,11,3,616,529,87,60,467,43,104,145
53404261,0,,,1881,952,929,197,98,99,1638,835,803,992,532,460,1589,811,778,1549,786,763,646,303,343,275,133,142,48,20,28,4,1,3,31,12,19,855,855,295,282,145,93,29,8,3,554,517,37,50,425,41,109,162
53404262,0,,,1252,617,635,161,84,77,1082,530,552,867,433,434,993,485,508,941,463,478,215,97,118,100,47,53,21,10,11,0,0,0,13,3,10,429,428,77,92,95,127,32,5,0,348,320,28,24,134,8,24,35
53404263,0,,,73,34,39,1,0,1,69,33,36,41,21,20,66,31,35,65,31,34,28,12,16,15,5,10,14,5,9,1,1,0,1,0,1,33,33,14,6,9,1,2,1,0,18,12,6,0,20,2,4,1
53404264,0,,,231,124,107,16,9,7,215,115,100,112,60,52,211,113,98,204,107,97,103,55,48,45,20,25,13,4,9,1,0,1,14,6,8,98,98,24,37,25,8,2,1,1,74,62,12,6,70,0,16,22
53404265,0,,,309,168,141,23,14,9,286,154,132,158,89,69,282,152,130,278,149,129,128,65,63,55,24,31,15,5,10,3,2,1,13,10,3,125,125,39,38,20,15,7,3,3,83,63,20,4,85,0,23,21
53404266,0,,,728,356,372,95,38,57,628,315,313,424,213,211,615,310,305,603,302,301,204,102,102,88,43,45,22,6,16,0,0,0,28,15,13,285,285,84,75,59,38,20,5,4,199,161,38,24,133,4,27,36
53404267,0,,,1658,810,848,141,78,63,1513,730,783,949,470,479,1475,707,768,1452,696,756,564,260,304,260,119,141,46,17,29,6,3,3,86,39,47,707,707,211,235,130,87,30,11,3,480,409,71,42,378,36,85,111
53404268,0,,,1200,630,570,139,77,62,1052,547,505,695,386,309,1022,534,488,1002,520,482,357,161,196,139,59,80,38,10,28,1,0,1,73,50,23,506,505,166,152,87,62,21,13,4,324,269,55,33,234,29,56,55
53404269,0,,,579,270,309,78,37,41,501,233,268,277,147,130,491,226,265,484,223,261,224,86,138,147,42,105,81,16,65,16,1,15,33,14,19,179,176,61,38,39,17,11,5,5,111,96,15,20,69,15,16,16
53404270,0,,,432,217,215,30,16,14,402,201,201,224,122,102,389,196,193,386,194,192,178,79,99,96,44,52,20,5,15,1,0,1,4,2,2,170,169,32,66,36,25,7,2,1,137,112,25,6,120,0,22,37
53404271,0,,,4756,2244,2512,414,181,233,4257,2030,2227,2538,1243,1295,4127,1957,2170,4015,1898,2117,1719,787,932,791,368,423,138,58,80,6,1,5,132,57,75,2264,2262,815,784,401,190,53,17,2,1436,1341,95,102,1098,204,266,421
53404272,0,,,4708,2336,2372,534,276,258,4117,2037,2080,2689,1371,1318,3954,1960,1994,3817,1886,1931,1428,666,762,771,382,389,137,62,75,7,4,3,96,36,60,2031,2031,660,594,385,289,74,24,5,1361,1268,93,133,910,178,201,335
53404273,0,,,560,278,282,42,17,25,514,259,255,255,134,121,504,254,250,498,250,248,259,125,134,109,57,52,17,7,10,2,0,2,18,10,8,249,249,70,100,47,19,7,4,2,174,157,17,12,172,2,46,57
53404274,0,,,781,394,387,86,46,40,693,347,346,409,220,189,669,333,336,659,327,332,284,127,157,116,52,64,18,5,13,3,0,3,46,22,24,325,325,90,112,59,41,15,5,3,228,200,28,20,194,8,42,53
53404275,0,,,1075,550,525,93,45,48,952,486,466,613,320,293,924,471,453,905,458,447,339,166,173,128,61,67,33,10,23,1,0,1,42,20,22,486,485,182,140,87,45,23,4,4,298,269,29,27,239,19,63,66
53404276,0,,,3188,1626,1562,585,318,267,2581,1296,1285,1894,999,895,2482,1250,1232,2413,1214,1199,687,297,390,360,136,224,140,29,111,24,4,20,70,26,44,1189,1185,335,313,229,205,83,15,5,824,754,70,154,341,64,73,103
53404277,0,,,1862,961,901,219,123,96,1616,822,794,1222,633,589,1571,803,768,1533,788,745,394,189,205,162,63,99,42,13,29,3,0,3,101,52,49,858,857,350,215,150,100,30,7,5,495,444,51,71,279,61,75,65
53404278,0,,,2361,1277,1084,321,165,156,1993,1080,913,1635,901,734,1933,1043,890,1894,1026,868,358,179,179,117,52,65,30,7,23,1,1,0,148,86,62,1215,1215,598,303,161,109,31,9,4,591,541,50,123,251,119,80,67
53404279,0,,,156,77,79,22,10,12,134,67,67,91,45,46,130,66,64,129,66,63,43,22,21,20,9,11,6,2,4,0,0,0,12,3,9,58,58,13,19,11,9,3,0,3,45,34,11,5,29,3,4,6
53404280,0,,,114,55,59,7,4,3,107,51,56,59,31,28,102,48,54,101,48,53,48,20,28,20,7,13,6,1,5,0,0,0,0,0,0,45,45,9,19,7,7,2,0,1,36,26,10,2,32,0,5,10
53404281,0,,,2378,1182,1196,224,119,105,2048,1011,1037,1536,782,754,2001,992,1009,1931,957,974,512,229,283,249,105,144,64,23,41,4,0,4,75,29,46,1334,1334,791,243,159,94,37,7,3,534,482,52,62,352,405,96,90
53404282,0,,,1089,516,573,77,49,28,994,459,535,441,236,205,981,451,530,964,443,521,553,223,330,354,130,224,137,32,105,23,1,22,15,5,10,391,390,159,121,55,35,11,6,3,229,199,30,20,190,40,39,76
53404283,0,,,268,141,127,18,12,6,250,129,121,143,73,70,244,126,118,243,125,118,107,56,51,44,25,19,6,5,1,0,0,0,19,13,6,113,113,34,36,20,15,6,2,0,78,66,12,4,70,6,16,21
53404284,0,,,570,302,268,66,38,28,503,263,240,343,187,156,488,254,234,480,250,230,160,76,84,65,27,38,14,4,10,2,0,2,29,17,12,255,255,93,78,42,24,11,5,2,158,141,17,27,104,21,29,32
53404285,0,,,3521,1771,1750,476,235,241,3025,1525,1500,2361,1218,1143,2905,1472,1433,2835,1432,1403,664,307,357,284,125,159,47,13,34,4,2,2,290,140,150,1621,1621,659,420,255,205,63,12,7,915,826,89,124,472,165,129,122
53404286,0,,,4164,2097,2067,564,266,298,3540,1796,1744,2665,1357,1308,3412,1738,1674,3322,1691,1631,875,439,436,326,155,171,58,17,41,2,0,2,336,144,192,1907,1907,778,499,291,216,95,22,6,1092,968,124,171,619,107,196,167
53404287,0,,,2463,1274,1189,274,135,139,2188,1138,1050,1470,777,693,2137,1108,1029,2092,1085,1007,718,361,357,248,116,132,39,17,22,0,0,0,117,64,53,1039,1039,296,343,211,129,38,16,6,735,660,75,65,495,30,122,145
53404288,0,,,702,352,350,50,23,27,652,329,323,387,195,192,634,322,312,620,315,305,265,134,131,108,61,47,19,10,9,1,0,1,34,11,23,312,312,88,124,58,27,11,3,1,215,196,19,12,170,4,38,61
53404289,0,,,2174,1218,956,258,136,122,1841,1038,803,1455,843,612,1796,1016,780,1771,1009,762,386,195,191,121,54,67,34,11,23,2,0,2,170,89,81,1112,1112,565,242,156,107,30,6,6,532,488,44,93,270,93,77,77
53404290,0,,,967,556,411,51,27,24,914,528,386,772,459,313,900,519,381,578,322,256,142,69,73,73,33,40,22,7,15,0,0,0,9,7,2,269,263,113,67,37,25,12,4,5,149,126,23,12,93,38,15,32
53404291,0,,,398,191,207,30,11,19,355,174,181,235,113,122,348,171,177,342,169,173,120,61,59,60,33,27,8,1,7,0,0,0,9,4,5,204,204,99,55,22,21,4,2,1,102,87,15,12,77,52,14,26
53404292,0,,,280,137,143,14,7,7,265,130,135,126,61,65,261,128,133,258,127,131,139,69,70,49,24,25,17,7,10,2,1,1,6,1,5,132,132,43,53,20,12,2,1,1,89,77,12,3,84,15,11,39
53404293,0,,,292,139,153,51,24,27,240,114,126,150,76,74,228,108,120,221,102,119,90,38,52,38,17,21,8,3,5,1,0,1,2,0,2,110,109,29,39,27,7,6,1,0,80,67,13,6,61,3,17,17
53404294,0,,,1118,627,491,142,68,74,926,532,394,740,436,304,905,517,388,890,508,382,186,96,90,75,36,39,13,6,7,0,0,0,77,49,28,580,580,300,135,68,54,15,4,4,260,234,26,49,134,70,37,27
53404295,0,,,1452,721,731,194,90,104,1248,627,621,941,470,471,1206,609,597,1175,595,580,307,157,150,117,57,60,29,11,18,1,0,1,155,74,81,637,636,231,178,104,76,39,6,2,383,343,40,47,216,50,55,54
53404296,0,,,1633,899,734,220,125,95,1363,739,624,974,540,434,1333,725,608,1316,715,601,389,199,190,151,80,71,22,14,8,2,0,2,72,43,29,802,802,369,208,111,68,36,8,2,406,370,36,72,269,55,77,77
53404297,0,,,905,451,454,83,43,40,801,397,404,523,276,247,784,389,395,763,377,386,278,121,157,113,45,68,22,2,20,0,0,0,50,34,16,392,392,124,123,75,46,18,6,0,254,219,35,28,188,9,39,49
53404298,0,,,1058,560,498,99,60,39,950,493,457,648,356,292,921,484,437,905,479,426,302,137,165,94,39,55,20,5,15,1,0,1,98,61,37,477,477,177,144,70,59,16,10,1,284,255,29,24,197,56,38,58
53404299,0,,,5079,2670,2409,873,438,435,4092,2166,1926,3480,1873,1607,3960,2099,1861,3869,2045,1824,612,293,319,232,92,140,57,21,36,0,0,0,415,221,194,2451,2451,1164,536,335,292,87,26,11,1230,1128,102,297,461,240,165,93
53404300,0,,,146,83,63,14,8,6,129,73,56,80,45,35,127,72,55,126,71,55,49,28,21,22,12,10,6,2,4,0,0,0,8,4,4,68,68,24,22,15,5,0,1,1,41,36,5,4,35,2,13,6
53404301,0,,,112,51,61,5,2,3,107,49,58,61,28,33,106,48,58,106,48,58,46,21,25,25,10,15,6,2,4,1,0,1,3,1,2,43,43,12,15,7,1,4,3,1,29,20,9,0,34,0,9,4
53404302,0,,,71,40,31,5,3,2,66,37,29,40,24,16,66,37,29,66,37,29,26,13,13,10,4,6,6,2,4,2,1,1,1,0,1,23,23,3,7,6,3,2,0,2,20,13,7,2,16,0,2,2
53404303,0,,,130,56,74,8,2,6,122,54,68,53,22,31,122,54,68,122,54,68,69,32,37,31,11,20,11,2,9,0,0,0,1,0,1,53,53,15,22,5,5,4,0,2,38,26,12,3,44,0,12,15
53404304,0,,,102,54,48,7,3,4,93,50,43,54,30,24,91,48,43,89,47,42,39,20,19,13,6,7,6,2,4,0,0,0,3,1,2,37,37,6,15,4,7,4,1,0,29,22,7,2,25,0,5,7
53404305,0,,,78,44,34,4,3,1,74,41,33,44,26,18,73,41,32,71,39,32,30,15,15,11,5,6,4,1,3,0,0,0,4,4,0,31,31,10,11,2,4,1,2,1,20,14,6,1,18,3,1,5
53404306,0,,,68,35,33,6,5,1,62,30,32,26,14,12,60,28,32,60,28,32,36,16,20,12,4,8,6,1,5,1,0,1,0,0,0,24,24,4,8,6,3,2,0,1,20,14,6,1,20,0,2,7
53404307,0,,,230,115,115,15,7,8,215,108,107,118,66,52,211,106,105,208,106,102,97,42,55,42,15,27,20,4,16,1,0,1,0,0,0,83,83,11,35,15,10,8,4,0,72,48,24,4,64,0,8,18
53404308,0,,,160,74,86,16,7,9,144,67,77,88,42,46,139,67,72,137,65,72,56,25,31,31,12,19,19,7,12,0,0,0,1,0,1,51,51,10,13,9,10,3,2,4,40,25,15,3,35,0,8,5
53404309,0,,,331,150,181,24,13,11,307,137,170,166,79,87,298,132,166,293,129,164,141,58,83,69,20,49,23,5,18,1,0,1,6,3,3,136,136,48,39,23,11,6,5,4,85,60,25,7,94,1,29,23
53404310,0,,,234,119,115,7,2,5,225,115,110,142,80,62,224,114,110,221,112,109,83,35,48,43,15,28,8,2,6,0,0,0,7,5,2,95,95,25,33,19,10,3,4,1,69,49,20,3,59,2,10,10
53404311,0,,,187,93,94,33,15,18,154,78,76,98,50,48,151,75,76,149,73,76,56,28,28,23,12,11,8,2,6,0,0,0,3,1,2,74,74,17,28,8,16,4,1,0,54,47,7,10,38,0,9,10
53404312,0,,,120,57,63,5,2,3,111,53,58,70,34,36,111,53,58,108,51,57,41,19,22,18,8,10,5,2,3,0,0,0,5,1,4,48,48,12,19,6,7,2,1,1,32,22,10,0,31,0,6,8
53404313,0,,,73,40,33,2,1,1,71,39,32,46,25,21,70,38,32,67,37,30,25,14,11,12,6,6,4,1,3,1,0,1,4,4,0,32,32,12,8,6,4,1,1,0,19,14,5,2,19,4,4,3
53404314,0,,,84,44,40,6,4,2,78,40,38,45,23,22,78,40,38,77,40,37,33,17,16,13,5,8,7,3,4,1,0,1,0,0,0,26,26,2,7,7,6,3,0,1,24,18,6,2,19,0,1,3
53404315,0,,,29,17,12,1,0,1,28,17,11,19,12,7,26,15,11,26,15,11,9,5,4,4,1,3,2,1,1,1,0,1,0,0,0,10,10,2,3,1,3,0,1,0,8,5,3,0,7,0,1,0
53404316,0,,,141,56,85,6,3,3,135,53,82,40,20,20,133,52,81,131,51,80,95,33,62,73,19,54,47,10,37,11,0,11,0,0,0,28,27,6,5,7,3,5,1,0,21,8,13,4,20,1,4,2
53404317,0,,,107,52,55,11,8,3,96,44,52,47,21,26,92,43,49,92,43,49,49,23,26,22,10,12,9,4,5,0,0,0,0,0,0,36,36,7,10,6,7,3,2,1,29,18,11,3,30,0,5,8
53404318,0,,,187,86,101,14,8,6,173,78,95,88,41,47,170,77,93,167,75,92,85,37,48,37,13,24,16,4,12,2,0,2,3,1,2,66,66,14,16,14,16,2,3,1,52,27,25,1,57,0,12,9
53404319,0,,,132,65,67,11,5,6,121,60,61,67,38,29,120,60,60,117,57,60,54,22,32,26,7,19,12,4,8,1,0,1,0,0,0,41,41,5,13,7,6,5,4,1,36,20,16,3,35,0,4,3
53404320,0,,,465,238,227,53,28,25,412,210,202,270,141,129,402,205,197,395,201,194,142,69,73,59,28,31,13,4,9,2,0,2,9,4,5,179,179,37,67,36,21,10,5,3,141,121,20,11,95,3,17,31
53404321,0,,,390,198,192,32,17,15,358,181,177,222,115,107,347,176,171,336,170,166,136,66,70,61,24,37,20,6,14,0,0,0,11,4,7,137,137,30,35,31,23,8,6,4,104,65,39,8,91,0,15,19
53404322,0,,,217,116,101,12,5,7,205,111,94,137,76,61,197,105,92,190,101,89,68,35,33,43,19,24,11,5,6,0,0,0,10,7,3,83,83,25,22,12,13,8,2,1,57,39,18,0,48,7,9,8
53404323,0,,,231,110,121,19,8,11,212,102,110,127,66,61,204,97,107,202,97,105,85,36,49,43,17,26,10,5,5,0,0,0,2,1,1,78,78,16,27,10,10,6,5,4,61,41,20,4,54,0,8,14
53404324,0,,,73,35,38,9,4,5,64,31,33,38,19,19,62,30,32,61,29,32,26,12,14,12,6,6,6,3,3,1,0,1,1,0,1,19,19,3,5,2,2,0,4,3,16,7,9,4,16,0,1,2
53404325,0,,,46,24,22,2,0,2,44,24,20,23,14,9,43,23,20,42,22,20,21,10,11,12,6,6,2,2,0,0,0,0,0,0,0,16,16,5,4,2,2,0,2,1,11,5,6,1,13,0,3,3
53404326,0,,,141,82,59,6,6,0,135,76,59,67,39,28,131,73,58,129,72,57,68,37,31,36,19,17,10,6,4,2,1,1,0,0,0,53,53,13,13,16,4,4,3,0,40,25,15,1,47,0,9,5
53404327,0,,,67,32,35,4,3,1,63,29,34,37,19,18,61,29,32,61,29,32,26,10,16,16,4,12,5,1,4,0,0,0,1,1,0,18,18,1,5,3,3,3,2,1,17,9,8,1,15,0,1,2
53404328,0,,,202,95,107,20,11,9,182,84,98,98,49,49,179,83,96,177,81,96,84,35,49,49,17,32,21,6,15,1,0,1,3,1,2,57,57,3,14,13,10,10,7,0,54,25,29,6,47,0,2,5
53404329,0,,,262,141,121,26,18,8,236,123,113,126,66,60,230,121,109,226,119,107,110,57,53,60,28,32,19,8,11,0,0,0,2,0,2,74,74,6,22,13,11,10,6,6,68,39,29,6,60,0,4,15
53404330,0,,,749,364,385,91,40,51,658,324,334,428,213,215,634,309,325,613,299,314,230,111,119,102,47,55,34,15,19,1,1,0,24,14,10,301,300,73,109,61,38,12,5,2,226,199,27,19,151,10,41,50
53404331,0,,,354,186,168,43,27,16,311,159,152,203,105,98,300,153,147,296,151,145,108,54,54,59,28,31,17,8,9,1,0,1,4,3,1,150,150,40,55,27,19,7,2,0,109,98,11,12,76,2,21,21
53404332,0,,,542,269,273,69,35,34,473,234,239,324,165,159,451,223,228,440,218,222,149,69,80,69,30,39,24,8,16,1,0,1,7,2,5,185,185,34,51,37,35,19,6,3,149,117,32,16,93,2,16,20
53404333,0,,,238,106,132,18,7,11,217,98,119,114,61,53,212,95,117,211,94,117,103,37,66,57,18,39,21,7,14,1,0,1,12,6,6,105,105,42,24,20,10,7,1,1,61,41,20,4,69,5,23,12
53404334,0,,,100,55,45,8,6,2,90,48,42,45,27,18,90,48,42,89,48,41,45,21,24,22,9,13,10,4,6,1,0,1,3,0,3,36,36,6,15,4,5,5,0,1,29,21,8,1,31,0,6,5
53404335,0,,,174,88,86,18,9,9,156,79,77,88,47,41,151,75,76,150,75,75,68,32,36,34,15,19,17,6,11,2,0,2,2,1,1,59,59,13,16,14,4,7,1,4,45,28,17,3,44,0,8,8
53404336,0,,,137,77,60,8,7,1,129,70,59,65,37,28,128,69,59,126,67,59,64,33,31,28,14,14,19,10,9,2,1,1,0,0,0,55,55,18,11,13,8,4,1,0,37,24,13,3,45,0,16,5
53404337,0,,,78,34,44,6,4,2,72,30,42,35,14,21,69,29,40,68,28,40,37,16,21,17,3,14,11,1,10,2,0,2,0,0,0,28,28,7,9,6,2,1,0,3,21,12,9,1,22,0,4,5
53404338,0,,,340,167,173,40,21,19,300,146,154,172,91,81,294,141,153,291,139,152,128,55,73,58,21,37,23,6,17,1,0,1,1,0,1,104,104,14,32,23,11,9,6,9,90,60,30,6,80,0,11,16
53404339,0,,,67,31,36,13,5,8,54,26,28,37,19,18,53,25,28,53,25,28,17,7,10,9,2,7,5,1,4,0,0,0,1,1,0,19,19,1,5,4,5,2,1,1,18,11,7,4,10,0,1,2
53404340,0,,,313,161,152,22,13,9,291,148,143,184,98,86,285,144,141,276,140,136,107,50,57,46,18,28,12,2,10,0,0,0,11,10,1,131,131,43,44,16,14,9,2,3,88,67,21,5,75,8,20,14
53404341,0,,,119,60,59,11,3,8,108,57,51,64,34,30,107,57,50,107,57,50,44,23,21,22,12,10,6,2,4,1,0,1,2,2,0,44,44,8,13,12,7,3,1,0,36,27,9,4,27,1,3,5
53404342,0,,,228,107,121,17,10,7,211,97,114,126,57,69,207,95,112,204,93,111,85,40,45,43,21,22,14,4,10,0,0,0,8,2,6,72,72,13,16,17,11,4,9,2,58,32,26,5,53,0,9,8
53404343,2,53404344,,12,4,8,*,*,*,*,*,*,*,*,*,*,*,*,*,*,*,*,*,*,*,*,*,*,*,*,*,*,*,*,*,*,3,3,*,*,*,*,*,*,*,*,*,*,*,*,*,*,*
53404344,1,,53404343,217,91,126,13,5,8,216,90,126,70,39,31,212,87,125,211,87,124,146,51,95,114,34,80,82,20,62,10,3,7,0,0,0,39,38,10,5,7,11,5,3,0,30,15,15,3,30,0,6,2
53404345,0,,,264,114,150,11,5,6,253,109,144,85,49,36,250,108,142,248,107,141,168,60,108,127,37,90,84,18,66,16,2,14,1,0,1,63,62,9,23,13,10,3,1,3,53,34,19,2,51,0,5,7
53404346,0,,,220,114,106,19,11,8,201,103,98,111,60,51,195,98,97,193,97,96,90,43,47,49,19,30,22,8,14,1,1,0,0,0,0,74,74,14,18,21,8,8,2,3,60,40,20,7,56,0,10,11
53404348,0,,,221,108,113,22,9,13,199,99,100,118,64,54,192,96,96,189,94,95,81,35,46,36,11,25,21,7,14,1,0,1,1,1,0,67,67,8,23,10,9,11,2,4,58,33,25,6,53,0,5,8
53404349,0,,,365,184,181,39,23,16,326,161,165,181,95,86,317,157,160,313,155,158,145,66,79,71,27,44,32,9,23,0,0,0,2,1,1,128,128,24,39,25,22,9,8,1,104,70,34,9,92,0,16,18
53404350,0,,,125,65,60,10,4,6,114,60,54,64,35,29,111,59,52,107,56,51,50,25,25,19,9,10,3,0,3,0,0,0,10,6,4,54,54,17,21,7,4,2,2,1,37,30,7,2,32,3,5,11
53404351,0,,,137,72,65,9,7,2,128,65,63,75,40,35,123,63,60,120,62,58,53,25,28,27,14,13,8,4,4,1,0,1,1,0,1,48,48,9,13,12,8,4,1,1,39,29,10,2,32,0,5,7
53404352,0,,,171,92,79,12,6,6,158,85,73,107,60,47,155,84,71,153,84,69,51,25,26,24,10,14,11,4,7,0,0,0,21,18,3,64,64,22,14,9,7,8,2,2,42,26,16,5,34,11,2,5
53404353,0,,,51,27,24,8,5,3,43,22,21,28,17,11,42,22,20,42,22,20,15,5,10,7,1,6,4,1,3,0,0,0,3,2,1,17,17,6,3,0,3,3,2,0,11,5,6,3,11,0,3,0
53404354,0,,,161,83,78,6,2,4,155,81,74,88,48,40,147,77,70,146,77,69,67,33,34,29,14,15,12,4,8,1,0,1,0,0,0,52,52,7,15,14,6,4,5,1,45,28,17,0,39,0,4,8
53404355,0,,,68,31,37,2,0,2,65,30,35,34,18,16,65,30,35,64,29,35,31,12,19,21,7,14,4,0,4,0,0,0,0,0,0,25,25,5,7,6,4,3,0,0,20,13,7,1,21,0,4,5
53404356,0,,,205,98,107,13,6,7,192,92,100,112,60,52,186,89,97,181,86,95,80,32,48,39,11,28,18,8,10,0,0,0,1,1,0,60,60,10,14,10,10,8,4,4,50,23,27,3,54,1,6,4
53404357,0,,,282,139,143,26,12,14,256,127,129,150,81,69,254,125,129,249,124,125,106,46,60,54,22,32,26,11,15,0,0,0,4,0,4,95,95,14,32,20,13,8,5,3,79,46,33,5,69,0,8,14
53404359,0,,,36,16,20,1,0,1,35,16,19,14,8,6,35,16,19,34,16,18,21,8,13,11,3,8,3,0,3,0,0,0,2,1,1,17,17,5,8,1,3,0,0,0,12,8,4,1,15,0,3,4
53404360,0,,,112,60,52,14,4,10,98,56,42,60,36,24,95,54,41,94,53,41,38,20,18,16,6,10,7,1,6,0,0,0,10,9,1,46,46,19,11,7,3,4,0,2,27,18,9,0,25,10,7,6
53404361,0,,,179,98,81,4,1,3,175,97,78,89,48,41,172,95,77,171,94,77,86,49,37,37,18,19,15,6,9,3,1,2,2,1,1,67,67,13,24,12,11,4,3,0,53,38,15,0,55,0,13,10
53404362,0,,,25,19,6,0,0,0,24,18,6,16,14,2,24,18,6,24,18,6,8,4,4,5,3,2,1,0,1,0,0,0,0,0,0,17,17,12,3,1,1,0,0,0,5,5,0,0,5,3,2,2
53404363,0,,,129,64,65,13,5,8,116,59,57,66,34,32,111,57,54,111,57,54,50,25,25,29,13,16,8,3,5,0,0,0,1,0,1,40,40,7,9,6,11,3,1,3,33,21,12,5,31,0,5,5
53404364,0,,,115,63,52,12,8,4,103,55,48,55,32,23,102,55,47,101,55,46,48,23,25,21,11,10,4,0,4,1,0,1,0,0,0,33,33,3,6,10,7,3,2,2,30,16,14,5,27,0,1,5
53404365,0,,,77,63,14,1,1,0,75,61,14,64,55,9,75,61,14,74,60,14,11,6,5,4,2,2,0,0,0,0,0,0,8,6,2,55,55,42,8,2,2,1,0,0,13,11,2,1,8,11,2,1
53404366,0,,,270,152,118,15,5,10,255,147,108,158,102,56,249,144,105,243,140,103,97,45,52,58,27,31,21,10,11,2,0,2,42,41,1,117,117,52,22,20,10,6,5,2,63,40,23,3,58,40,9,12
53404367,0,,,346,172,174,27,13,14,318,158,160,201,107,94,306,150,156,302,149,153,117,51,66,63,25,38,24,6,18,1,0,1,0,0,0,113,113,20,31,22,17,14,5,4,92,61,31,7,77,0,15,13
53404369,0,,,221,103,118,23,15,8,198,88,110,107,53,54,188,83,105,186,82,104,91,35,56,48,16,32,21,6,15,2,0,2,1,0,1,79,79,20,21,17,8,5,5,3,59,35,24,2,58,0,15,11
53404370,0,,,178,91,87,9,6,3,169,85,84,97,53,44,167,84,83,167,84,83,72,32,40,38,17,21,17,8,9,2,0,2,7,5,2,73,73,25,19,15,9,2,0,3,47,32,15,4,48,1,13,8
53404371,0,,,44,25,19,4,3,1,39,21,18,27,16,11,35,18,17,35,18,17,12,5,7,4,2,2,1,1,0,0,0,0,0,0,0,16,16,5,4,1,3,2,1,0,11,7,4,1,8,1,1,3
53404372,0,,,10,5,5,0,0,0,10,5,5,2,2,0,10,5,5,10,5,5,8,3,5,6,2,4,2,0,2,0,0,0,0,0,0,5,5,1,3,1,0,0,0,0,3,2,1,0,4,0,1,1
53404373,0,,,117,57,60,2,2,0,115,55,60,66,35,31,112,54,58,111,53,58,49,20,29,34,12,22,18,4,14,2,0,2,1,0,1,41,41,6,11,15,5,1,2,1,35,25,10,1,31,0,5,3
53404374,0,,,114,60,54,14,5,9,100,55,45,58,34,24,100,55,45,100,55,45,42,21,21,24,12,12,14,6,8,0,0,0,0,0,0,39,39,10,8,9,6,1,3,2,29,22,7,2,28,0,7,3
53404375,0,,,53,27,26,3,2,1,50,25,25,25,14,11,48,24,24,47,23,24,25,11,14,11,5,6,0,0,0,0,0,0,0,0,0,18,18,1,7,7,1,0,1,1,17,15,2,1,15,0,1,4
53404376,0,,,180,97,83,10,9,1,170,88,82,97,55,42,165,85,80,163,83,80,73,33,40,46,18,28,19,7,12,0,0,0,1,0,1,55,55,5,13,17,8,6,6,0,50,27,23,3,44,1,2,8
53404377,0,,,332,151,181,32,14,18,298,135,163,159,75,84,295,135,160,286,131,155,139,60,79,78,28,50,37,12,25,2,0,2,2,0,2,115,115,26,29,27,11,11,9,2,89,53,36,8,88,2,15,14
53404378,0,,,152,72,80,15,4,11,137,68,69,91,48,43,135,67,68,133,67,66,46,20,26,23,7,16,5,2,3,0,0,0,18,12,6,66,66,31,12,9,8,1,3,2,34,20,14,4,30,14,7,6
53404379,0,,,167,88,79,17,9,8,149,78,71,78,42,36,147,76,71,143,73,70,71,36,35,33,14,19,14,4,10,3,1,2,0,0,0,55,55,12,14,8,10,6,4,1,43,22,21,3,44,0,10,9
53404380,0,,,825,408,417,126,70,56,685,330,355,539,253,286,657,316,341,637,304,333,146,77,69,41,19,22,14,8,6,0,0,0,99,45,54,357,357,123,106,59,41,21,5,2,228,219,9,33,114,21,44,26
53404381,2,53404382,,3,2,1,*,*,*,*,*,*,*,*,*,*,*,*,*,*,*,*,*,*,*,*,*,*,*,*,*,*,*,*,*,*,3,3,*,*,*,*,*,*,*,*,*,*,*,*,*,*,*
53404382,1,,53404381,15,8,7,0,0,0,15,7,8,5,2,3,15,7,8,15,7,8,10,5,5,5,3,2,0,0,0,0,0,0,0,0,0,9,9,9,2,0,0,1,0,0,3,2,1,0,7,0,4,2
53404383,0,,,175,85,90,16,7,9,159,78,81,83,44,39,150,72,78,146,71,75,76,34,42,42,14,28,18,4,14,2,0,2,1,0,1,59,59,10,20,10,10,4,3,2,47,30,17,2,42,0,7,10
53404384,2,53404394,,6,3,3,*,*,*,*,*,*,*,*,*,*,*,*,*,*,*,*,*,*,*,*,*,*,*,*,*,*,*,*,*,*,2,2,*,*,*,*,*,*,*,*,*,*,*,*,*,*,*
53404385,0,,,193,97,96,11,3,8,181,93,88,86,48,38,177,92,85,174,89,85,95,45,50,42,18,24,12,5,7,0,0,0,1,0,1,71,71,13,24,19,9,1,2,3,58,42,16,3,58,1,8,15
53404386,0,,,763,374,389,201,97,104,557,274,283,420,212,208,542,264,278,535,258,277,137,62,75,68,27,41,20,7,13,4,0,4,7,1,6,235,235,29,50,48,66,31,8,3,202,160,42,71,87,2,14,22
53404387,0,,,1292,653,639,111,52,59,1165,586,579,659,354,305,1140,572,568,1118,560,558,506,232,274,283,126,157,114,47,67,6,4,2,51,40,11,523,521,172,142,94,61,32,12,8,345,248,97,30,318,24,64,77
53404388,0,,,378,199,179,39,18,21,338,180,158,206,113,93,332,177,155,324,172,152,132,67,65,74,30,44,23,6,17,1,0,1,25,13,12,153,152,47,44,24,26,4,6,1,104,73,31,11,85,4,19,22
53404389,0,,,474,236,238,33,15,18,435,219,216,240,123,117,419,208,211,411,206,205,195,96,99,89,35,54,39,15,24,3,0,3,1,0,1,163,162,33,50,31,28,9,4,7,126,80,46,4,120,0,21,27
53404390,0,,,1625,950,675,173,87,86,1409,835,574,1086,675,411,1379,817,562,1353,801,552,323,160,163,125,53,72,28,8,20,1,0,1,173,75,98,985,985,641,163,92,67,18,4,0,331,308,23,56,238,249,103,53
53404392,0,,,212,98,114,6,3,3,205,94,111,123,57,66,200,92,108,196,92,104,82,37,45,42,14,28,21,5,16,4,0,4,15,0,15,89,89,30,21,19,14,3,2,0,59,42,17,1,52,12,7,10
53404393,0,,,91,45,46,8,2,6,82,42,40,51,28,23,82,42,40,81,41,40,31,14,17,13,4,9,7,1,6,0,0,0,2,1,1,42,42,18,11,4,6,3,0,0,24,18,6,2,21,1,7,7
53404394,1,,53404384,152,76,76,13,7,6,145,72,73,92,47,45,142,69,73,141,68,73,53,25,28,29,9,20,10,1,9,1,0,1,2,0,2,54,54,11,13,17,8,4,3,0,45,32,13,5,30,0,3,5
53404395,0,,,96,46,50,4,3,1,92,43,49,58,27,31,89,42,47,85,39,46,34,16,18,15,7,8,5,1,4,0,0,0,1,0,1,26,26,2,6,6,4,4,2,2,24,13,11,0,22,0,2,2
53404396,0,,,299,149,150,28,13,15,269,134,135,167,86,81,265,132,133,262,130,132,102,48,54,48,18,30,16,5,11,1,0,1,10,4,6,112,112,25,39,20,14,8,3,3,85,62,23,9,69,1,12,18
53404397,0,,,473,221,252,56,23,33,403,191,212,240,117,123,391,185,206,381,181,200,163,74,89,80,32,48,23,9,14,2,1,1,10,3,7,172,171,38,51,36,26,8,9,3,128,94,34,14,109,1,25,20
53404398,0,,,54,29,25,4,4,0,50,25,25,31,18,13,49,24,25,48,23,25,19,7,12,6,1,5,4,0,4,1,0,1,0,0,0,21,21,5,7,4,3,1,1,0,16,13,3,1,13,0,2,1
53404399,0,,,574,304,270,66,39,27,499,256,243,274,144,130,477,247,230,472,243,229,225,112,113,113,56,57,43,20,23,3,0,3,10,7,3,196,195,43,54,42,22,15,10,9,146,100,46,13,138,6,28,32
53404400,0,,,746,373,373,110,57,53,636,316,320,437,224,213,612,308,304,599,299,300,199,92,107,79,30,49,20,5,15,1,0,1,47,31,16,301,300,102,77,46,49,18,6,2,197,171,26,28,127,21,39,33
53404401,0,,,159,76,83,8,4,4,151,72,79,86,44,42,148,70,78,146,68,78,65,28,37,38,15,23,18,6,12,2,0,2,0,0,0,62,62,14,22,12,8,4,1,1,47,33,14,4,43,1,8,9
53404402,0,,,236,125,111,23,11,12,213,114,99,133,75,58,205,107,98,198,104,94,80,39,41,44,19,25,15,6,9,0,0,0,0,0,0,74,74,10,23,11,15,8,4,3,63,42,21,5,53,0,7,13
53404403,0,,,251,116,135,19,9,10,231,106,125,123,58,65,225,104,121,220,103,117,108,48,60,49,17,32,23,6,17,2,1,1,0,0,0,84,84,17,17,24,16,3,3,4,66,36,30,5,65,0,11,8
53404404,0,,,111,60,51,14,10,4,97,50,47,63,33,30,92,48,44,89,45,44,34,17,17,21,9,12,4,1,3,0,0,0,7,5,2,43,43,13,11,6,8,4,1,0,29,22,7,2,25,0,7,5
53404405,0,,,364,188,176,27,13,14,337,175,162,192,105,87,323,167,156,318,165,153,145,70,75,76,35,41,22,7,15,2,1,1,12,8,4,134,134,31,37,31,21,5,7,2,101,80,21,5,88,3,18,27
53404406,0,,,789,370,419,76,32,44,713,338,375,426,207,219,694,333,361,681,325,356,287,131,156,172,71,101,71,25,46,6,3,3,11,5,6,274,274,61,69,58,46,19,13,8,210,133,77,18,184,2,36,28
53404407,0,,,268,132,136,26,20,6,242,112,130,130,62,68,234,107,127,231,105,126,112,50,62,51,18,33,19,7,12,3,0,3,0,0,0,91,91,19,28,15,8,11,9,1,72,39,33,5,70,1,12,15
53404408,0,,,123,55,68,8,2,6,115,53,62,67,37,30,110,51,59,110,51,59,48,16,32,30,8,22,14,4,10,3,1,2,0,0,0,42,42,9,12,8,5,4,2,2,33,19,14,3,33,0,5,4
53404409,0,,,198,109,89,13,4,9,185,105,80,118,70,48,178,100,78,175,98,77,67,35,32,31,13,18,10,3,7,1,0,1,5,1,4,79,79,19,32,13,8,3,1,3,59,42,17,3,53,0,13,7
53404410,0,,,354,183,171,30,18,12,324,165,159,193,107,86,314,155,159,310,155,155,131,58,73,71,31,40,22,10,12,2,2,0,2,1,1,138,138,41,36,24,23,8,5,1,97,71,26,5,90,1,27,15
53404411,0,,,520,240,280,48,23,25,472,217,255,321,156,165,462,213,249,447,205,242,151,61,90,79,32,47,18,6,12,2,1,1,15,0,15,236,236,94,62,36,30,10,4,0,141,111,30,12,103,15,27,26
53404412,0,,,358,185,173,35,16,19,323,169,154,203,110,93,316,163,153,310,160,150,120,59,61,58,25,33,24,10,14,1,0,1,0,0,0,89,88,18,22,15,12,11,5,5,70,44,26,9,66,0,15,7
53404413,0,,,476,243,233,45,27,18,431,216,215,292,147,145,417,210,207,409,205,204,139,69,70,65,28,37,15,4,11,0,0,0,17,7,10,179,179,44,45,43,31,9,5,2,133,100,33,9,91,9,15,18
53404414,0,,,602,293,309,89,48,41,513,245,268,353,167,186,498,238,260,485,230,255,160,78,82,78,35,43,20,5,15,1,0,1,6,2,4,216,216,39,72,43,33,20,7,2,176,147,29,26,111,1,20,30
53404415,0,,,257,128,129,18,10,8,239,118,121,146,73,73,231,116,115,229,116,113,93,45,48,46,18,28,11,3,8,2,1,1,6,1,5,102,102,29,35,14,11,9,2,2,70,48,22,2,60,4,13,13
53404416,0,,,193,109,84,12,6,6,181,103,78,103,64,39,176,101,75,173,100,73,78,39,39,41,17,24,10,4,6,1,0,1,3,1,2,68,68,19,15,13,10,5,3,3,49,33,16,1,50,4,10,8
53404417,0,,,304,156,148,24,12,12,280,144,136,177,94,83,272,139,133,265,135,130,103,50,53,50,21,29,18,8,10,0,0,0,5,0,5,106,106,24,27,25,13,10,3,4,78,54,24,5,65,0,11,12
53404418,0,,,351,179,172,33,14,19,318,165,153,180,99,81,308,159,149,303,155,148,138,66,72,60,26,34,24,12,12,2,1,1,3,1,2,111,111,18,29,25,15,10,9,5,92,56,36,7,85,0,13,14
53404419,0,,,43,22,21,3,2,1,40,20,20,29,16,13,40,20,20,39,20,19,11,4,7,4,1,3,2,0,2,0,0,0,1,0,1,17,17,3,7,3,3,1,0,0,14,10,4,0,8,0,1,2
53404420,0,,,94,49,45,14,7,7,80,42,38,49,26,23,77,41,36,76,40,36,31,16,15,19,9,10,4,3,1,0,0,0,0,0,0,28,28,3,8,4,6,3,4,0,25,15,10,5,21,0,3,4
53404421,0,,,2320,1090,1230,275,141,134,2044,948,1096,1269,656,613,1986,917,1069,1948,893,1055,775,292,483,529,153,376,331,82,249,62,10,52,25,12,13,822,818,242,260,141,125,40,8,2,566,506,60,85,278,41,64,85
53404422,0,,,389,189,200,37,19,18,352,170,182,216,101,115,345,168,177,338,166,172,136,69,67,72,38,34,20,10,10,3,2,1,9,1,8,163,163,54,47,33,14,9,3,3,108,83,25,8,91,2,20,23
53404423,0,,,187,107,80,16,11,5,171,96,75,105,66,39,168,93,75,163,89,74,66,30,36,31,15,16,12,3,9,0,0,0,1,0,1,67,67,15,20,13,9,5,3,2,51,37,14,5,40,0,6,10
53404424,0,,,688,315,373,71,38,33,617,277,340,333,170,163,602,274,328,595,273,322,284,107,177,170,55,115,92,17,75,9,1,8,6,3,3,255,253,76,77,48,27,17,5,3,176,137,39,17,146,7,35,34
53404425,0,,,204,99,105,9,4,5,195,95,100,120,66,54,186,88,98,177,87,90,75,29,46,34,9,25,12,2,10,0,0,0,4,4,0,77,77,23,18,14,12,7,2,1,53,37,16,1,52,2,13,7
53404426,0,,,220,113,107,25,16,9,195,97,98,94,51,43,190,96,94,187,93,94,101,46,55,46,21,25,18,3,15,1,0,1,0,0,0,77,77,16,22,18,10,4,4,3,61,35,26,6,59,0,11,12
53404427,0,,,380,194,186,46,30,16,334,164,170,216,113,103,322,159,163,316,156,160,118,51,67,57,22,35,19,5,14,0,0,0,2,1,1,131,131,32,34,18,21,16,8,2,98,65,33,7,81,0,17,12
53404428,0,,,209,101,108,22,15,7,187,86,101,111,53,58,182,86,96,176,83,93,76,33,43,32,13,19,8,4,4,0,0,0,3,0,3,69,69,14,16,18,11,2,4,4,54,34,20,6,48,0,6,5
53404429,0,,,489,247,242,47,22,25,442,225,217,271,144,127,429,219,210,419,214,205,171,81,90,74,27,47,23,7,16,4,1,3,4,3,1,160,160,31,33,39,29,18,3,7,128,76,52,11,112,1,24,15
53404430,0,,,158,74,84,26,8,18,132,66,66,96,49,47,125,61,64,120,59,61,36,17,19,19,7,12,9,4,5,0,0,0,0,0,0,59,59,16,15,10,10,6,2,0,43,36,7,8,26,1,8,7
53404431,0,,,676,310,366,54,22,32,622,288,334,414,209,205,596,275,321,580,265,315,208,79,129,93,36,57,42,12,30,5,1,4,22,8,14,303,302,120,77,54,35,12,3,1,177,151,26,17,147,11,58,22
53404432,0,,,608,293,315,59,31,28,549,262,287,331,164,167,538,255,283,533,252,281,218,98,120,95,34,61,28,6,22,2,0,2,8,1,7,244,243,82,72,43,31,7,7,1,150,119,31,17,137,11,38,30
53404433,0,,,1131,566,565,126,71,55,1005,495,510,572,296,276,983,484,499,964,477,487,433,199,234,206,87,119,70,26,44,9,2,7,15,5,10,452,445,121,155,71,51,25,10,12,320,237,83,32,287,7,63,73
53404434,0,,,700,358,342,55,30,25,645,328,317,392,216,176,634,322,312,623,317,306,253,112,141,113,48,65,35,11,24,0,0,0,18,6,12,302,302,102,94,47,35,16,7,1,199,164,35,18,168,17,41,49
53404435,0,,,345,162,183,31,18,13,314,144,170,199,97,102,305,140,165,301,137,164,115,47,68,47,12,35,14,2,12,1,0,1,1,1,0,145,145,43,48,28,17,4,2,3,98,80,18,7,86,0,29,15
53404436,0,,,496,255,241,72,48,24,424,207,217,304,148,156,405,200,205,398,196,202,120,59,61,61,26,35,13,2,11,0,0,0,5,2,3,167,167,23,50,39,27,23,3,2,140,112,28,15,75,0,13,17
53404437,0,,,427,218,209,40,26,14,387,192,195,231,121,110,377,186,191,368,181,187,156,71,85,72,31,41,22,6,16,3,1,2,2,1,1,157,157,32,46,36,25,13,5,0,125,93,32,7,96,0,16,27
53404438,0,,,291,145,146,36,16,20,255,129,126,158,86,72,247,127,120,243,126,117,97,43,54,50,19,31,23,6,17,2,0,2,6,6,0,87,87,16,16,18,16,11,5,5,71,38,33,6,62,3,6,5
53404439,0,,,303,149,154,48,25,23,255,124,131,176,91,85,245,118,127,237,114,123,79,33,46,30,12,18,13,4,9,1,0,1,6,1,5,109,109,24,30,23,18,8,5,1,83,63,20,11,55,1,10,9
53404440,0,,,163,77,86,14,7,7,149,70,79,82,41,41,146,68,78,145,68,77,67,29,38,36,11,25,12,1,11,0,0,0,0,0,0,59,59,13,15,16,8,3,3,1,46,29,17,3,47,0,8,10
53404441,0,,,116,65,51,6,4,2,110,61,49,61,36,25,110,61,49,110,61,49,49,25,24,21,8,13,11,2,9,2,0,2,0,0,0,50,50,16,17,5,10,1,1,0,34,27,7,1,33,0,10,8
53404442,0,,,203,85,118,15,10,5,188,75,113,70,34,36,185,74,111,185,74,111,118,41,77,93,27,66,63,18,45,13,2,11,0,0,0,52,51,12,16,10,5,6,2,0,39,30,9,3,34,0,8,8
53404443,0,,,1202,592,610,132,71,61,1070,521,549,589,306,283,1036,501,535,1021,497,524,481,215,266,226,91,135,77,30,47,5,0,5,18,4,14,497,497,155,135,112,56,22,13,4,340,272,68,39,319,11,91,79
53404444,0,,,1174,587,587,117,68,49,1057,519,538,602,312,290,1022,505,517,994,487,507,455,207,248,232,92,140,101,41,60,8,3,5,6,0,6,465,464,128,152,96,45,26,12,5,331,264,67,25,302,6,81,76
53404445,0,,,553,273,280,56,29,27,497,244,253,280,146,134,489,240,249,484,236,248,217,98,119,106,40,66,31,13,18,1,0,1,4,1,3,219,219,58,65,49,28,11,7,1,161,120,41,15,145,1,43,32
53404446,0,,,655,336,319,100,47,53,555,289,266,380,206,174,530,275,255,518,268,250,175,83,92,78,38,40,25,9,16,1,0,1,3,2,1,220,220,41,60,43,42,18,10,6,175,139,36,18,112,2,16,27
53404447,0,,,265,136,129,35,21,14,230,115,115,147,76,71,223,110,113,220,108,112,83,39,44,41,16,25,16,4,12,4,2,2,5,4,1,102,102,32,25,20,15,3,5,2,70,51,19,10,57,3,18,12
53404448,0,,,615,322,293,70,42,28,539,275,264,351,189,162,515,261,254,503,252,251,188,86,102,83,31,52,27,8,19,2,1,1,35,23,12,214,214,52,55,39,32,18,9,9,158,104,54,16,125,5,20,25
53404449,0,,,702,351,351,85,44,41,617,307,310,375,198,177,599,297,302,592,294,298,242,109,133,123,56,67,36,14,22,4,0,4,3,0,3,246,246,49,71,53,38,20,7,8,197,138,59,23,161,0,25,37
53404450,0,,,114,54,60,16,6,10,98,48,50,62,32,30,94,47,47,92,46,46,36,16,20,17,5,12,6,1,5,0,0,0,1,0,1,35,35,7,8,8,4,3,2,3,28,16,12,4,23,0,2,3
53404451,0,,,170,86,84,19,11,8,151,75,76,75,37,38,144,73,71,141,72,69,76,38,38,31,14,17,16,7,9,1,0,1,3,1,2,60,60,10,21,15,6,2,3,3,48,37,11,4,46,0,8,15
53404452,0,,,268,125,143,25,10,15,243,115,128,147,79,68,238,114,124,233,112,121,96,36,60,55,20,35,17,4,13,0,0,0,1,0,1,90,90,16,27,19,12,6,7,3,74,45,29,7,65,0,8,12
53404453,0,,,304,147,157,24,12,12,280,135,145,141,73,68,272,133,139,266,129,137,139,62,77,62,27,35,22,7,15,2,0,2,0,0,0,114,114,28,39,20,11,10,4,2,86,60,26,6,92,0,21,21
53404454,0,,,333,164,169,47,21,26,286,143,143,182,94,88,279,139,140,273,134,139,104,49,55,42,17,25,19,7,12,1,0,1,0,0,0,134,134,33,43,30,20,4,4,0,100,83,17,14,70,3,20,15
53404455,0,,,914,443,471,136,64,72,778,379,399,522,270,252,751,364,387,732,353,379,256,109,147,131,51,80,37,12,25,5,0,5,10,5,5,372,372,119,104,58,63,14,8,6,249,203,46,37,189,12,68,26
53404456,0,,,633,295,338,73,28,45,560,267,293,408,203,205,537,254,283,523,247,276,152,64,88,70,23,47,21,8,13,1,0,1,5,1,4,255,255,76,72,46,38,18,2,3,177,144,33,12,111,4,25,23
53404457,0,,,285,138,147,28,16,12,257,122,135,152,77,75,247,119,128,246,119,127,105,45,60,45,15,30,19,5,14,2,1,1,1,0,1,94,94,22,23,19,11,7,6,6,70,46,24,8,65,0,15,14
53404458,0,,,861,422,439,89,46,43,763,371,392,485,254,231,727,348,379,711,340,371,278,117,161,143,51,92,42,8,34,3,0,3,8,2,6,300,300,71,71,65,49,19,17,8,227,160,67,17,174,5,37,34
53404459,0,,,392,189,203,34,18,16,356,169,187,215,105,110,348,164,184,343,160,183,141,64,77,58,26,32,14,6,8,0,0,0,7,2,5,143,143,35,41,25,25,7,6,4,105,67,38,8,92,0,12,19
53404460,0,,,320,155,165,36,19,17,284,136,148,153,80,73,278,132,146,275,131,144,131,56,75,58,20,38,29,8,21,1,1,0,1,0,1,117,117,30,34,22,14,8,6,3,87,62,25,8,86,0,23,21
53404461,0,,,106,53,53,7,1,6,99,52,47,52,29,23,97,51,46,95,49,46,47,23,24,31,13,18,8,3,5,0,0,0,0,0,0,38,38,7,12,8,6,3,2,0,31,21,10,3,30,0,7,5
53404462,0,,,100,49,51,6,3,3,94,46,48,51,24,27,91,45,46,88,44,44,43,22,21,27,13,14,10,7,3,0,0,0,0,0,0,28,28,1,10,4,6,2,2,3,27,14,13,0,26,0,1,6
53404463,0,,,35,18,17,1,0,1,34,18,16,16,8,8,33,18,15,33,18,15,18,10,8,10,5,5,5,2,3,1,1,0,0,0,0,11,11,1,4,2,1,2,1,0,10,4,6,0,9,0,1,1
53404464,0,,,49,22,27,3,1,2,46,21,25,25,12,13,46,21,25,45,20,25,21,9,12,14,6,8,7,1,6,2,0,2,0,0,0,16,16,3,6,2,0,3,1,1,13,7,6,1,15,0,3,2
53404465,0,,,313,165,148,29,17,12,284,148,136,185,95,90,273,141,132,265,138,127,99,53,46,45,16,29,14,3,11,1,0,1,6,1,5,119,119,28,41,19,18,6,5,2,89,68,21,8,65,5,13,17
53404466,0,,,883,446,437,121,68,53,762,378,384,542,280,262,733,366,367,715,354,361,220,98,122,102,43,59,26,11,15,3,2,1,9,5,4,314,314,56,94,64,67,22,9,2,255,200,55,25,146,1,27,34
53404467,0,,,1285,625,660,146,76,70,1137,549,588,693,349,344,1108,537,571,1084,524,560,444,200,244,209,86,123,70,22,48,3,1,2,18,5,13,525,525,157,169,81,72,28,11,7,363,282,81,28,304,12,82,80
53404468,0,,,2418,1177,1241,371,182,189,2015,975,1040,1467,738,729,1956,949,1007,1916,929,987,548,237,311,273,106,167,66,22,44,2,0,2,58,16,42,1000,1000,329,254,208,131,48,19,11,658,567,91,123,389,38,113,82
53404469,0,,,1014,510,504,126,63,63,867,435,432,619,322,297,835,416,419,816,406,410,248,113,135,94,44,50,13,6,7,0,0,0,32,15,17,424,424,140,118,82,52,15,12,5,281,232,49,33,170,12,36,38
53404470,0,,,158,77,81,20,7,13,138,70,68,77,45,32,135,69,66,132,66,66,61,25,36,31,12,19,11,2,9,1,0,1,0,0,0,62,62,17,23,6,8,4,3,1,45,35,10,4,38,0,10,9
53404471,0,,,67,32,35,7,3,4,60,29,31,34,17,17,57,27,30,57,27,30,26,12,14,12,4,8,5,2,3,0,0,0,0,0,0,21,21,4,4,5,4,0,4,0,17,9,8,0,17,0,4,1
53404472,1,,53404473,305,158,147,15,7,8,300,154,146,168,93,75,294,151,143,294,151,143,132,61,71,76,34,42,36,13,23,1,0,1,11,9,2,128,128,43,39,30,17,2,3,1,92,69,23,5,90,7,22,16
53404473,2,53404472,,10,3,7,*,*,*,*,*,*,*,*,*,*,*,*,*,*,*,*,*,*,*,*,*,*,*,*,*,*,*,*,*,*,7,7,*,*,*,*,*,*,*,*,*,*,*,*,*,*,*
53404474,0,,,287,141,146,28,14,14,259,127,132,150,74,76,254,126,128,250,124,126,109,53,56,66,28,38,21,8,13,1,0,1,2,1,1,100,100,18,33,14,22,9,1,3,81,54,27,10,69,2,11,18
53404475,0,,,48,19,29,7,3,4,41,16,25,29,12,17,40,16,24,39,16,23,12,4,8,8,2,6,4,1,3,0,0,0,3,1,2,15,15,5,1,3,2,2,0,2,10,4,6,0,9,2,2,0
53404476,0,,,283,143,140,24,12,12,259,131,128,142,79,63,254,128,126,253,127,126,117,52,65,62,24,38,26,6,20,3,1,2,1,0,1,97,97,18,21,32,14,5,4,3,79,51,28,7,75,0,14,9
53404477,0,,,580,290,290,70,34,36,510,256,254,340,172,168,495,250,245,478,246,232,170,84,86,71,35,36,20,10,10,1,1,0,6,2,4,217,217,54,59,43,39,13,5,4,161,131,30,19,116,3,31,29
53404478,0,,,493,239,254,96,49,47,396,189,207,308,146,162,377,176,201,365,172,193,88,43,45,41,19,22,10,3,7,0,0,0,18,3,15,200,200,65,53,32,30,15,4,1,131,121,10,29,67,15,31,15
53404479,0,,,269,140,129,30,17,13,235,120,115,169,84,85,229,117,112,227,116,111,66,36,30,22,10,12,6,3,3,0,0,0,8,3,5,115,115,33,42,22,8,6,4,0,81,70,11,15,42,11,6,12
53404480,0,,,118,48,70,7,2,5,111,46,65,53,24,29,111,46,65,110,46,64,58,22,36,34,10,24,11,2,9,2,0,2,0,0,0,41,41,3,14,16,4,2,1,1,38,20,18,0,34,0,3,6
53404481,0,,,169,83,86,11,7,4,158,76,82,91,44,47,155,74,81,154,74,80,67,32,35,38,14,24,19,5,14,2,0,2,0,0,0,51,51,6,12,9,14,6,2,2,44,19,25,2,46,0,6,8
53404482,0,,,141,77,64,3,2,1,138,75,63,73,43,30,137,74,63,136,73,63,65,32,33,32,15,17,8,3,5,3,1,2,5,0,5,49,49,7,15,15,6,2,3,1,41,27,14,2,40,0,5,7
53404483,0,,,86,50,36,9,6,3,77,44,33,40,25,15,76,43,33,76,43,33,37,19,18,18,7,11,10,4,6,1,0,1,0,0,0,34,34,13,7,5,5,2,1,1,21,10,11,1,24,0,8,4
53404484,1,,53404485,358,174,184,33,11,22,328,163,165,196,103,93,319,157,162,312,155,157,132,60,72,64,25,39,28,8,20,0,0,0,0,0,0,135,135,38,40,26,13,12,5,3,99,65,34,6,95,0,29,12
53404485,2,53404484,,3,0,3,*,*,*,*,*,*,*,*,*,*,*,*,*,*,*,*,*,*,*,*,*,*,*,*,*,*,*,*,*,*,2,2,*,*,*,*,*,*,*,*,*,*,*,*,*,*,*
53404486,0,,,128,53,75,8,5,3,120,48,72,47,29,18,117,47,70,116,46,70,73,19,54,50,10,40,32,6,26,6,1,5,0,0,0,25,24,2,4,7,6,3,1,1,22,10,12,2,18,0,1,1
53404487,0,,,156,71,85,6,4,2,150,67,83,61,35,26,150,67,83,148,67,81,89,32,57,58,15,43,37,6,31,11,0,11,2,1,1,48,47,12,13,8,8,3,3,0,35,20,15,1,34,3,4,7
53404488,0,,,169,85,84,29,15,14,140,70,70,93,48,45,139,70,69,137,69,68,47,22,25,21,7,14,9,1,8,1,0,1,1,0,1,41,41,5,9,8,5,1,6,7,36,16,20,9,30,0,3,1
53404489,0,,,125,57,68,15,5,10,110,52,58,62,33,29,108,51,57,106,50,56,48,19,29,19,6,13,6,1,5,4,1,3,10,9,1,43,43,15,10,4,4,3,4,3,28,13,15,4,27,4,5,5
53404490,0,,,82,41,41,8,5,3,74,36,38,38,19,19,74,36,38,73,36,37,36,17,19,19,8,11,8,2,6,2,1,1,2,0,2,34,34,11,11,4,5,1,2,0,23,13,10,2,25,0,8,3
53404491,0,,,164,83,81,11,7,4,153,76,77,85,44,41,148,75,73,145,75,70,68,32,36,31,13,18,11,4,7,1,0,1,0,0,0,56,56,11,15,12,9,4,4,1,45,30,15,3,44,0,10,7
53404492,0,,,131,64,67,4,3,1,127,61,66,71,34,37,125,60,65,124,60,64,56,27,29,31,12,19,12,5,7,4,1,3,1,0,1,53,53,16,14,11,8,3,0,1,37,25,12,1,38,0,9,7
53404493,0,,,164,78,86,12,5,7,152,73,79,75,39,36,149,73,76,146,70,76,77,34,43,45,18,27,24,7,17,1,0,1,1,0,1,63,63,19,16,12,10,2,1,3,44,27,17,2,52,0,13,7
53404494,0,,,482,238,244,44,20,24,438,218,220,244,135,109,429,216,213,426,215,211,194,83,111,98,37,61,35,13,22,3,0,3,1,0,1,165,165,28,44,42,28,16,3,4,136,92,44,9,125,0,20,19
53404495,0,,,71,37,34,5,3,2,66,34,32,42,19,23,66,34,32,65,33,32,24,15,9,9,4,5,4,1,3,0,0,0,0,0,0,24,24,5,7,5,3,1,1,2,19,14,5,0,18,0,4,5
53404496,0,,,55,23,32,5,3,2,50,20,30,26,12,14,50,20,30,49,20,29,24,8,16,15,6,9,4,1,3,0,0,0,0,0,0,20,20,2,7,6,4,1,0,0,18,11,7,1,15,0,1,4
53404497,0,,,438,216,222,50,29,21,388,187,201,228,118,110,380,185,195,375,182,193,160,69,91,86,33,53,38,12,26,5,0,5,7,5,2,120,119,12,27,22,24,20,8,6,106,58,48,11,86,1,8,13
53404498,0,,,233,112,121,33,17,16,200,95,105,115,56,59,197,94,103,195,93,102,85,39,46,36,16,20,15,6,9,2,1,1,8,2,6,69,69,10,18,15,13,2,5,6,55,30,25,6,56,0,9,8
53404499,0,,,200,108,92,27,19,8,173,89,84,115,69,46,169,88,81,168,87,81,58,20,38,30,8,22,15,3,12,1,0,1,15,15,0,73,73,26,14,14,6,4,3,6,46,29,17,5,40,11,8,3
53404510,0,,,440,219,221,32,19,13,408,200,208,224,115,109,401,198,203,388,192,196,184,85,99,77,30,47,32,6,26,1,0,1,2,0,2,164,164,35,51,36,21,16,4,1,126,90,36,6,121,0,24,23
53404511,0,,,60,24,36,4,1,3,56,23,33,34,15,19,54,23,31,52,22,30,22,8,14,9,1,8,5,0,5,2,0,2,0,0,0,21,21,3,5,9,2,0,2,0,18,10,8,1,15,0,2,3
53404520,0,,,238,131,107,29,16,13,209,115,94,132,77,55,205,111,94,202,108,94,77,38,39,29,11,18,11,3,8,1,0,1,8,3,5,87,87,24,23,12,16,6,4,2,62,44,18,6,49,4,9,9
53404521,0,,,589,283,306,46,25,21,543,258,285,337,173,164,535,254,281,526,249,277,206,85,121,124,44,80,33,9,24,0,0,0,10,2,8,220,220,58,66,31,46,6,4,9,159,104,55,14,143,0,34,26
53404522,0,,,388,194,194,17,6,11,370,187,183,216,121,95,362,180,182,359,177,182,154,66,88,83,31,52,18,4,14,1,0,1,2,0,2,143,143,29,39,41,19,10,3,2,113,74,39,6,107,0,20,19
53404530,0,,,145,73,72,10,7,3,135,66,69,85,45,40,129,63,66,122,58,64,50,21,29,28,9,19,9,1,8,2,0,2,3,0,3,53,53,15,12,9,10,4,2,1,38,27,11,3,30,1,9,4
53404531,0,,,234,112,122,26,9,17,208,103,105,141,73,68,199,99,100,195,96,99,67,30,37,28,9,19,11,3,8,0,0,0,3,1,2,69,69,5,21,15,16,2,5,5,64,40,24,7,41,0,3,9
53404532,0,,,355,185,170,25,17,8,327,165,162,219,114,105,322,161,161,318,158,160,108,51,57,48,18,30,15,2,13,1,0,1,27,19,8,148,148,45,44,30,18,6,5,0,102,72,30,6,81,7,14,17
53404533,0,,,982,464,518,87,45,42,892,418,474,507,246,261,881,412,469,863,404,459,385,172,213,206,80,126,71,20,51,7,0,7,47,19,28,395,395,143,98,62,47,17,18,10,246,163,83,16,256,19,70,48
53404534,0,,,142,68,74,13,8,5,129,60,69,78,36,42,126,59,67,126,59,67,51,24,27,18,7,11,7,2,5,0,0,0,8,4,4,50,50,15,16,6,2,3,5,3,34,24,10,6,32,2,4,11
53404535,2,53404544,,2,0,2,*,*,*,*,*,*,*,*,*,*,*,*,*,*,*,*,*,*,*,*,*,*,*,*,*,*,*,*,*,*,1,1,*,*,*,*,*,*,*,*,*,*,*,*,*,*,*
53404537,0,,,222,106,116,7,2,5,214,103,111,100,50,50,212,101,111,211,100,111,114,53,61,60,23,37,18,4,14,0,0,0,0,0,0,89,89,23,26,24,8,6,1,1,66,43,23,2,73,0,18,17
53404538,0,,,1240,625,615,109,57,52,1128,565,563,632,347,285,1106,554,552,1090,545,545,496,218,278,247,104,143,84,29,55,6,2,4,71,54,17,537,537,187,175,75,53,28,12,7,344,259,85,23,334,50,95,80
53404539,0,,,98,50,48,6,4,2,92,46,46,49,26,23,91,46,45,88,44,44,43,20,23,18,6,12,8,3,5,0,0,0,2,2,0,36,36,10,8,8,5,3,1,1,26,16,10,1,25,2,7,2
53404540,0,,,660,330,330,63,29,34,597,301,296,357,187,170,586,297,289,578,292,286,240,114,126,117,46,71,36,10,26,0,0,0,26,16,10,196,193,71,44,26,26,11,10,5,121,87,34,14,85,8,18,10
53404541,0,,,462,214,248,51,23,28,410,190,220,260,124,136,398,184,214,389,180,209,150,66,84,78,30,48,24,7,17,1,0,1,5,3,2,144,144,27,32,32,19,18,8,8,117,66,51,14,96,3,13,15
53404542,0,,,305,147,158,26,11,15,279,136,143,178,89,89,273,134,139,266,131,135,101,47,54,42,19,23,9,2,7,1,1,0,3,0,3,96,96,11,30,19,17,12,4,3,85,55,30,4,65,1,5,11
53404543,0,,,218,113,105,23,15,8,195,98,97,106,57,49,192,97,95,189,94,95,89,41,48,50,21,29,16,7,9,1,0,1,0,0,0,72,72,13,19,14,14,7,3,2,58,31,27,6,53,0,7,9
53404544,1,,53404535,629,322,307,44,24,20,587,298,289,374,206,168,577,294,283,569,292,277,213,92,121,96,29,67,29,9,20,1,0,1,5,1,4,184,179,86,38,21,21,8,1,5,91,64,27,8,93,10,33,17
53404545,0,,,1042,473,569,95,45,50,925,409,516,575,266,309,898,395,503,884,390,494,350,143,207,203,59,144,90,14,76,20,0,20,22,15,7,401,399,125,123,72,44,22,7,6,269,210,59,24,194,6,54,38
53404546,0,,,1531,776,755,144,79,65,1373,686,687,871,470,401,1335,661,674,1303,646,657,502,216,286,249,94,155,68,18,50,7,2,5,11,10,1,596,596,159,180,111,86,39,11,10,433,334,99,35,333,13,74,81
53404547,0,,,1350,641,709,111,47,64,1231,590,641,708,358,350,1195,575,620,1176,569,607,523,232,291,262,104,158,80,28,52,7,2,5,8,4,4,525,524,133,169,99,75,25,11,12,387,286,101,25,347,3,78,83
53404548,0,,,361,195,166,31,21,10,330,174,156,204,113,91,321,171,150,314,167,147,126,61,65,64,27,37,20,6,14,0,0,0,14,9,5,134,134,37,33,28,21,5,6,4,97,63,34,7,84,7,17,13
53404549,0,,,231,114,117,17,10,7,208,100,108,117,61,56,201,98,103,198,97,101,91,39,52,44,16,28,12,2,10,2,0,2,0,0,0,65,65,5,13,20,13,4,4,6,59,30,29,1,53,0,4,8
53404550,0,,,549,271,278,72,35,37,465,227,238,314,161,153,454,223,231,446,218,228,151,66,85,56,21,35,18,4,14,1,0,1,5,5,0,213,213,54,71,34,36,7,8,3,153,121,32,20,101,2,20,23
53404551,0,,,741,379,362,79,40,39,641,325,316,422,229,193,624,317,307,607,308,299,219,96,123,106,42,64,40,11,29,3,1,2,21,16,5,321,321,119,89,55,29,15,11,3,200,152,48,28,136,25,26,35
53404552,0,,,2723,1268,1455,375,191,184,2327,1064,1263,1699,797,902,2231,1015,1216,2177,993,1184,628,267,361,347,147,200,104,48,56,7,1,6,36,24,12,1193,1188,486,271,186,155,56,20,14,692,587,105,88,429,199,125,100
53404553,0,,,1252,564,688,118,54,64,1131,508,623,726,346,380,1106,497,609,1046,484,562,405,162,243,203,64,139,94,20,74,11,1,10,2,1,1,434,430,137,122,80,45,28,15,3,289,221,68,35,217,5,50,46
53404554,0,,,827,418,409,79,34,45,739,377,362,521,282,239,714,360,354,698,353,345,218,95,123,84,35,49,17,4,13,0,0,0,25,13,12,356,354,137,90,54,40,22,10,1,210,155,55,17,157,20,50,27
53404555,0,,,857,431,426,115,52,63,730,372,358,486,259,227,705,361,344,691,351,340,244,113,131,117,49,68,35,13,22,1,0,1,3,1,2,298,298,63,71,72,50,26,11,5,227,169,58,24,168,2,35,28
53404556,0,,,475,231,244,55,29,26,417,201,216,219,111,108,406,195,211,400,191,209,198,90,108,98,35,63,35,12,23,3,1,2,0,0,0,178,178,44,62,28,15,16,9,4,134,91,43,10,125,1,28,36
53404557,0,,,276,149,127,47,31,16,229,118,111,137,75,62,225,117,108,223,116,107,92,43,49,32,12,20,17,6,11,2,0,2,3,2,1,88,88,22,19,15,10,9,7,6,66,40,26,10,59,2,14,9
53404558,0,,,251,131,120,18,10,8,233,121,112,132,70,62,226,118,108,219,115,104,101,51,50,42,19,23,9,2,7,2,1,1,1,0,1,80,80,13,26,12,10,9,7,3,67,38,29,4,67,0,9,11
53404559,0,,,299,150,149,18,9,9,280,141,139,153,82,71,273,139,134,267,138,129,127,59,68,64,25,39,25,6,19,2,0,2,6,6,0,100,100,25,23,19,9,14,6,4,75,41,34,4,76,4,12,11
53404560,0,,,1899,923,976,218,105,113,1645,794,851,1095,555,540,1601,768,833,1576,758,818,550,239,311,239,93,146,65,16,49,5,2,3,38,18,20,831,830,312,224,148,81,37,18,10,511,410,101,63,380,42,111,78
53404561,0,,,1744,866,878,196,94,102,1527,759,768,999,519,480,1481,735,746,1453,724,729,528,240,288,243,102,141,83,32,51,3,0,3,33,19,14,751,751,240,231,143,89,34,12,2,503,412,91,56,356,41,97,98
53404562,0,,,3439,1644,1795,352,184,168,2971,1388,1583,1859,938,921,2920,1360,1560,2887,1340,1547,1112,450,662,645,219,426,292,86,206,26,4,22,33,11,22,1591,1586,743,389,226,136,57,20,15,822,650,172,123,634,200,161,146
53404563,0,,,815,431,384,73,38,35,737,390,347,504,295,209,718,380,338,707,377,330,233,95,138,130,43,87,62,13,49,6,0,6,10,4,6,349,348,161,69,55,27,21,9,6,186,136,50,19,126,77,20,27
53404564,0,,,686,329,357,85,40,45,584,279,305,414,197,217,557,270,287,543,263,280,170,82,88,80,40,40,20,9,11,0,0,0,8,3,5,259,259,63,82,48,35,18,6,7,191,151,40,26,112,6,18,27
53404565,0,,,494,246,248,47,27,20,446,218,228,271,139,132,431,211,220,422,209,213,175,79,96,64,26,38,15,5,10,0,0,0,7,4,3,201,200,60,58,42,26,7,4,3,138,113,25,16,115,3,34,28
53404566,1,,53404567;53404576,328,133,195,19,9,10,320,132,188,148,75,73,312,129,183,308,126,182,172,57,115,126,35,91,78,10,68,12,2,10,4,1,3,130,128,67,31,16,9,6,2,0,64,50,14,4,72,4,36,14
53404567,2,53404566,,6,3,3,*,*,*,*,*,*,*,*,*,*,*,*,*,*,*,*,*,*,*,*,*,*,*,*,*,*,*,*,*,*,2,2,*,*,*,*,*,*,*,*,*,*,*,*,*,*,*
53404568,0,,,228,108,120,21,10,11,207,98,109,122,58,64,203,97,106,201,96,105,85,40,45,40,15,25,12,4,8,0,0,0,1,0,1,61,61,4,13,19,9,4,5,7,56,29,27,5,53,0,3,2
53404569,0,,,27,14,13,5,3,2,22,11,11,9,5,4,22,11,11,22,11,11,13,6,7,3,1,2,1,0,1,0,0,0,1,0,1,10,10,4,2,1,0,2,1,0,6,3,3,1,9,0,3,2
53404570,0,,,577,289,288,69,32,37,501,251,250,357,187,170,487,246,241,480,240,240,144,64,80,58,22,36,19,7,12,0,0,0,19,9,10,221,221,70,57,40,23,20,5,6,149,104,45,21,93,13,17,12
53404571,0,,,1192,605,587,120,53,67,1030,527,503,709,386,323,995,510,485,962,491,471,321,141,180,147,62,85,43,16,27,2,0,2,35,16,19,519,518,203,124,93,56,26,11,5,308,252,56,37,207,38,47,52
53404572,0,,,1213,617,596,164,94,70,1028,510,518,708,361,347,988,495,493,962,480,482,320,149,171,159,65,94,43,11,32,4,0,4,16,8,8,522,521,186,144,84,68,25,12,2,329,266,63,44,213,35,47,60
53404573,0,,,1319,607,712,194,110,84,1108,488,620,705,357,348,1070,467,603,1052,460,592,403,131,272,294,77,217,192,37,155,46,5,41,16,5,11,434,429,130,113,70,73,31,8,4,288,246,42,51,127,20,33,23
53404574,0,,,2306,1127,1179,256,132,124,2030,986,1044,1308,660,648,1955,944,1011,1909,922,987,722,326,396,304,123,181,90,28,62,8,1,7,40,11,29,920,916,267,267,166,128,55,17,16,640,500,140,69,494,17,126,103
53404575,0,,,1428,717,711,170,82,88,1250,628,622,840,440,400,1211,604,607,1182,589,593,410,188,222,162,70,92,54,19,35,4,2,2,21,11,10,555,555,169,147,85,95,36,15,8,383,284,99,53,274,24,59,59
53404576,2,53404566,,8,7,1,*,*,*,*,*,*,*,*,*,*,*,*,*,*,*,*,*,*,*,*,*,*,*,*,*,*,*,*,*,*,2,1,*,*,*,*,*,*,*,*,*,*,*,*,*,*,*
53404577,2,53404587,,1,1,0,*,*,*,*,*,*,*,*,*,*,*,*,*,*,*,*,*,*,*,*,*,*,*,*,*,*,*,*,*,*,1,1,*,*,*,*,*,*,*,*,*,*,*,*,*,*,*
53404578,2,53404588,,8,5,3,*,*,*,*,*,*,*,*,*,*,*,*,*,*,*,*,*,*,*,*,*,*,*,*,*,*,*,*,*,*,3,3,*,*,*,*,*,*,*,*,*,*,*,*,*,*,*
53404579,0,,,35,16,19,4,1,3,31,15,16,21,10,11,31,15,16,31,15,16,10,5,5,3,1,2,0,0,0,0,0,0,0,0,0,12,12,4,2,1,3,0,2,0,8,5,3,1,7,0,3,0
53404580,0,,,245,134,111,28,17,11,216,116,100,149,88,61,207,112,95,205,111,94,67,28,39,33,12,21,15,4,11,0,0,0,17,16,1,90,90,25,28,11,11,8,3,4,64,43,21,7,44,7,4,6
53404581,0,,,2099,1061,1038,277,151,126,1813,904,909,1287,670,617,1752,875,877,1715,853,862,526,234,292,232,88,144,58,18,40,4,0,4,87,48,39,838,837,243,230,166,126,48,19,5,586,489,97,72,379,31,94,90
53404582,0,,,1292,655,637,187,92,95,1093,556,537,741,395,346,1047,527,520,1026,514,512,352,161,191,146,60,86,38,16,22,1,0,1,29,10,19,467,466,127,107,99,86,22,11,14,334,250,84,43,229,20,42,51
53404583,0,,,870,440,430,148,75,73,707,354,353,528,274,254,682,340,342,672,334,338,179,80,99,80,29,51,24,9,15,0,0,0,24,12,12,322,322,95,72,64,49,22,14,6,216,164,52,47,122,11,27,23
53404584,0,,,804,377,427,121,49,72,681,326,355,511,248,263,654,318,336,638,308,330,170,78,92,57,21,36,18,3,15,1,0,1,15,3,12,309,309,80,92,62,43,19,6,7,225,189,36,39,119,5,28,22
53404585,0,,,289,140,149,23,11,12,261,126,135,149,80,69,253,122,131,246,116,130,112,46,66,55,22,33,19,6,13,1,1,0,1,1,0,97,97,19,30,26,5,6,3,8,77,50,27,4,65,3,9,9
53404586,0,,,276,146,130,40,26,14,236,120,116,157,79,78,232,118,114,229,117,112,79,41,38,26,10,16,8,3,5,0,0,0,21,11,10,118,118,44,33,18,13,4,4,2,74,61,13,7,48,16,9,19
53404587,1,,53404577,343,171,172,32,13,19,312,159,153,184,97,87,299,150,149,296,148,148,128,62,66,50,19,31,21,7,14,0,0,0,2,0,2,95,95,11,22,23,13,8,10,9,84,47,37,7,75,0,7,12
53404588,1,,53404578,23,11,12,1,1,0,30,15,15,17,9,8,30,15,15,30,15,15,13,6,7,9,5,4,5,3,2,0,0,0,0,0,0,9,9,3,2,4,3,0,0,0,9,8,1,1,8,0,1,2
53404589,0,,,43,19,24,4,0,4,39,19,20,26,14,12,39,19,20,39,19,20,13,5,8,7,1,6,2,0,2,0,0,0,0,0,0,18,18,6,6,1,3,2,0,0,11,8,3,0,10,0,4,2
53404590,0,,,602,311,291,68,38,30,531,270,261,352,183,169,512,260,252,505,256,249,179,87,92,75,31,44,31,10,21,2,1,1,14,10,4,208,207,49,54,40,28,18,13,5,158,112,46,18,111,3,15,22
53404591,0,,,1031,500,531,118,66,52,907,430,477,680,344,336,879,417,462,858,405,453,227,86,141,98,30,68,40,10,30,2,1,1,41,16,25,396,396,106,111,81,59,23,10,6,290,231,59,32,162,23,34,32
53404592,0,,,23,10,13,6,2,4,16,8,8,15,8,7,15,7,8,15,7,8,1,0,1,0,0,0,0,0,0,0,0,0,0,0,0,10,10,4,3,0,2,1,0,0,6,6,0,2,1,0,0,0
53404593,0,,,108,53,55,11,8,3,97,45,52,52,26,26,94,43,51,93,43,50,45,19,26,25,10,15,10,2,8,0,0,0,0,0,0,28,28,2,3,9,6,3,2,3,26,11,15,3,24,0,2,2
53404594,2,53404595,,3,1,2,*,*,*,*,*,*,*,*,*,*,*,*,*,*,*,*,*,*,*,*,*,*,*,*,*,*,*,*,*,*,1,1,*,*,*,*,*,*,*,*,*,*,*,*,*,*,*
53404595,1,,53404594,71,36,35,4,2,2,70,35,35,38,19,19,68,35,33,66,34,32,32,16,16,15,7,8,6,3,3,0,0,0,1,0,1,23,23,5,6,5,5,0,1,2,18,10,8,1,19,0,3,4
53404596,0,,,83,48,35,7,5,2,76,43,33,55,30,25,74,42,32,72,41,31,21,13,8,4,3,1,1,1,0,0,0,0,4,3,1,34,34,8,13,6,4,3,0,0,26,19,7,1,16,0,5,2
53404597,0,,,61,36,25,3,2,1,58,34,24,32,21,11,58,34,24,58,34,24,26,13,13,13,7,6,7,3,4,1,0,1,1,0,1,17,17,3,3,2,5,2,1,1,14,8,6,1,13,0,0,0
53404598,0,,,235,113,122,19,8,11,216,105,111,122,63,59,214,104,110,210,103,107,94,42,52,56,24,32,13,5,8,0,0,0,3,3,0,70,70,8,20,14,7,13,5,3,62,32,30,2,59,1,4,13
53404599,0,,,300,162,138,10,7,3,290,155,135,149,76,73,283,150,133,276,146,130,141,79,62,69,33,36,23,10,13,1,1,0,11,2,9,85,84,26,19,19,11,4,4,1,58,39,19,3,48,4,10,6
53404637,0,,,210,97,113,17,8,9,185,87,98,131,62,69,181,85,96,178,85,93,54,25,29,30,14,16,3,2,1,1,0,1,53,22,31,114,114,69,21,11,3,7,2,1,44,34,10,4,36,29,6,13
53404638,0,,,1727,847,880,90,57,33,1636,790,846,791,422,369,1602,773,829,1585,766,819,845,368,477,478,180,298,169,52,117,10,4,6,5,1,4,713,711,212,264,113,64,31,16,11,495,371,124,17,532,12,139,122
53404639,0,,,170,86,84,9,4,5,159,81,78,76,42,34,156,80,76,153,77,76,83,39,44,45,19,26,8,1,7,0,0,0,0,0,0,74,74,23,30,8,6,4,2,1,51,39,12,1,54,0,18,16
53404640,0,,,103,52,51,8,4,4,95,48,47,57,29,28,94,48,46,94,48,46,38,19,19,23,11,12,6,3,3,0,0,0,1,1,0,33,33,6,10,4,5,4,3,1,27,15,12,2,24,1,4,4
53404641,0,,,220,108,112,17,6,11,203,102,101,123,65,58,197,98,99,196,97,99,80,37,43,42,18,24,13,3,10,0,0,0,3,3,0,67,67,12,14,15,9,9,5,3,55,27,28,6,51,1,7,7
53404642,0,,,56,28,28,2,2,0,54,26,28,33,17,16,54,26,28,53,26,27,21,9,12,8,3,5,2,1,1,0,0,0,2,1,1,24,24,9,4,6,4,1,0,0,15,9,6,0,13,2,1,2
53404647,0,,,245,110,135,9,3,6,235,106,129,156,65,91,233,104,129,230,103,127,79,41,38,31,13,18,9,4,5,0,0,0,53,10,43,122,122,64,21,19,11,4,3,0,58,40,18,2,52,39,8,10
53404648,0,,,1027,477,550,54,27,27,960,442,518,504,253,251,945,432,513,933,429,504,456,189,267,246,92,154,63,17,46,3,0,3,12,3,9,504,504,210,161,73,34,17,8,1,292,235,57,6,327,2,126,76
53404649,0,,,44,19,25,0,0,0,43,19,24,7,5,2,43,19,24,43,19,24,36,14,22,36,14,22,24,9,15,4,1,3,0,0,0,9,8,4,4,0,0,0,0,0,4,4,0,0,4,0,1,2
53404650,0,,,171,94,77,12,4,8,159,90,69,100,56,44,150,87,63,148,85,63,59,34,25,16,10,6,6,2,4,0,0,0,5,4,1,57,57,13,17,11,5,2,4,5,42,24,18,2,38,3,4,4
53404651,0,,,805,408,397,74,36,38,730,371,359,489,259,230,716,364,352,703,358,345,241,112,129,104,41,63,25,9,16,1,0,1,22,16,6,295,295,62,88,71,44,13,10,7,231,172,59,23,161,7,22,31
53404652,0,,,803,389,414,63,37,26,733,348,385,435,212,223,718,340,378,705,330,375,298,136,162,149,63,86,44,11,33,3,0,3,20,11,9,320,319,101,111,54,32,11,5,5,215,178,37,12,154,12,31,52
53404653,0,,,74,37,37,10,6,4,64,31,33,46,24,22,61,28,33,61,28,33,18,7,11,7,2,5,3,0,3,0,0,0,14,9,5,31,31,8,12,6,2,2,1,0,21,15,6,4,14,0,4,2
53404654,0,,,124,56,68,11,4,7,113,52,61,59,28,31,108,50,58,107,49,58,54,24,30,26,12,14,5,3,2,0,0,0,1,1,0,54,54,17,22,6,4,2,2,1,36,28,8,4,36,0,10,13
53404655,0,,,364,162,202,26,17,9,337,145,192,179,80,99,325,137,188,320,136,184,158,65,93,64,27,37,17,4,13,0,0,0,8,3,5,165,165,48,65,30,18,1,2,1,117,100,17,6,103,0,30,35
53404656,0,,,201,98,103,9,3,6,172,83,89,94,46,48,169,81,88,154,72,82,78,37,41,41,16,25,13,5,8,0,0,0,1,1,0,117,117,68,30,9,6,2,2,0,49,40,9,1,57,10,19,13
53404657,0,,,642,327,315,51,26,25,582,296,286,376,204,172,569,288,281,528,268,260,206,92,114,111,45,66,37,8,29,3,2,1,17,7,10,327,327,184,57,48,15,11,6,6,143,90,53,12,135,86,30,24
53404658,1,,53404659,900,440,460,73,33,40,826,408,418,499,254,245,803,393,410,783,384,399,327,154,173,142,67,75,37,10,27,2,0,2,51,36,15,373,373,119,112,73,35,21,11,4,253,197,56,13,221,9,62,47
53404659,2,53404658,,2,2,0,*,*,*,*,*,*,*,*,*,*,*,*,*,*,*,*,*,*,*,*,*,*,*,*,*,*,*,*,*,*,2,2,*,*,*,*,*,*,*,*,*,*,*,*,*,*,*
53404660,0,,,134,62,72,13,5,8,121,57,64,65,33,32,119,56,63,118,56,62,56,24,32,25,8,17,8,2,6,0,0,0,0,0,0,44,44,10,11,5,10,4,2,2,33,14,19,3,34,0,6,7
53404661,0,,,193,96,97,19,11,8,174,85,89,112,61,51,169,82,87,167,81,86,62,24,38,34,10,24,17,1,16,1,0,1,2,1,1,71,70,18,19,19,9,2,2,1,52,44,8,3,34,1,12,4
53404662,0,,,51,31,20,1,1,0,50,30,20,30,17,13,50,30,20,48,29,19,20,13,7,13,9,4,3,2,1,1,0,1,5,4,1,24,24,7,11,4,1,0,1,0,17,15,2,0,13,4,2,5
53404663,0,,,193,95,98,27,14,13,166,81,85,107,52,55,162,79,83,160,79,81,59,29,30,27,12,15,5,2,3,0,0,0,3,3,0,81,81,27,20,17,13,1,3,0,54,43,11,6,41,1,12,11
53404664,0,,,2644,1271,1373,254,134,120,2378,1131,1247,1421,712,709,2315,1101,1214,2283,1085,1198,957,419,538,459,185,274,125,45,80,6,1,5,44,15,29,1127,1125,330,382,218,120,53,14,8,790,644,146,64,660,16,186,174
53404665,0,,,1620,750,870,118,59,59,1482,674,808,873,423,450,1433,646,787,1404,634,770,609,251,358,324,117,207,119,36,83,14,2,12,31,14,17,802,799,360,248,102,61,19,6,3,436,379,57,24,383,67,136,107
53404666,0,,,1997,1018,979,147,74,73,1778,896,882,1087,590,497,1744,880,864,1647,812,835,691,306,385,339,133,206,110,29,81,12,2,10,33,15,18,1042,1042,544,243,138,64,34,10,9,493,397,96,40,469,164,133,124
53404667,0,,,649,322,327,45,23,22,586,286,300,406,207,199,574,282,292,555,269,286,180,79,101,92,34,58,25,8,17,1,0,1,25,9,16,306,306,131,74,58,27,9,6,1,173,147,26,13,121,50,29,30
53404668,0,,,1788,860,928,160,83,77,1621,775,846,978,488,490,1570,752,818,1543,738,805,643,287,356,320,126,194,90,31,59,7,2,5,28,7,21,729,729,202,221,168,81,39,11,7,524,403,121,38,437,22,102,86
53404669,0,,,767,360,407,38,23,15,729,337,392,384,193,191,720,335,385,710,331,379,345,144,201,197,75,122,67,19,48,5,2,3,26,21,5,366,366,135,129,59,25,14,1,3,229,186,43,12,241,17,84,66
53404670,1,,53404680,100,21,79,1,0,1,101,23,78,6,4,2,101,23,78,101,23,78,95,19,76,81,14,67,65,13,52,7,1,6,3,2,1,6,5,5,1,1,0,0,0,0,2,2,0,1,3,1,2,1
53404671,0,,,48,25,23,11,7,4,37,18,19,26,12,14,37,18,19,37,18,19,11,6,5,6,3,3,0,0,0,0,0,0,2,2,0,17,17,4,3,4,4,2,0,0,13,11,2,1,7,1,1,3
53404672,0,,,113,55,58,5,1,4,108,54,54,59,35,24,104,51,53,100,50,50,49,19,30,25,8,17,10,2,8,1,0,1,1,0,1,45,45,11,18,6,6,2,1,1,34,24,10,0,32,0,8,8
53404673,0,,,60,26,34,1,0,1,59,26,33,35,15,20,59,26,33,57,25,32,24,11,13,12,6,6,2,0,2,0,0,0,0,0,0,25,25,5,11,4,4,1,0,0,18,16,2,0,16,0,3,3
53404674,0,,,1237,603,634,127,63,64,1099,535,564,671,349,322,1062,509,553,1047,498,549,428,186,242,189,75,114,46,11,35,0,0,0,6,3,3,527,527,162,168,98,64,23,10,2,359,300,59,37,312,8,109,71
53404675,0,,,2989,1469,1520,259,133,126,2675,1306,1369,1585,854,731,2615,1274,1341,2570,1259,1311,1090,452,638,612,217,395,211,74,137,10,1,9,89,50,39,1402,1401,578,387,233,128,43,24,8,814,660,154,59,765,93,226,184
53404676,0,,,3288,1590,1698,230,119,111,2983,1419,1564,1683,889,794,2917,1392,1525,2860,1368,1492,1300,530,770,739,254,485,272,72,200,32,6,26,57,31,26,1631,1629,740,480,224,113,52,14,6,882,735,147,55,835,168,260,204
53404677,0,,,3543,1665,1878,208,95,113,3294,1538,1756,1760,919,841,3242,1511,1731,3208,1491,1717,1534,619,915,893,308,585,331,99,232,12,2,10,146,60,86,1720,1717,705,536,274,133,45,19,5,999,797,202,46,1081,80,382,233
53404678,0,,,3481,1672,1809,291,149,142,3149,1500,1649,1962,984,978,3063,1450,1613,3002,1420,1582,1187,516,671,627,242,385,186,59,127,10,3,7,267,110,157,1581,1581,586,484,247,175,59,23,7,989,796,193,66,833,91,252,200
53404679,0,,,1044,484,560,76,31,45,959,448,511,572,280,292,929,434,495,915,429,486,387,168,219,192,64,128,70,17,53,5,2,3,101,43,58,444,442,163,119,74,55,14,13,4,277,202,75,16,246,38,54,55
53404680,2,53404670,,2,2,0,*,*,*,*,*,*,*,*,*,*,*,*,*,*,*,*,*,*,*,*,*,*,*,*,*,*,*,*,*,*,2,2,*,*,*,*,*,*,*,*,*,*,*,*,*,*,*
53404681,0,,,254,129,125,17,8,9,237,121,116,140,82,58,233,118,115,230,116,114,97,39,58,37,11,26,12,3,9,1,0,1,16,14,2,87,87,23,22,9,17,9,4,3,64,34,30,3,65,11,6,10
53404682,0,,,55,35,20,5,4,1,49,30,19,33,24,9,48,29,19,48,29,19,16,6,10,10,3,7,3,0,3,0,0,0,9,9,0,25,25,14,3,2,4,0,1,1,11,9,2,1,10,0,4,2
53404683,0,,,1698,792,906,140,78,62,1543,707,836,901,440,461,1502,689,813,1476,673,803,642,267,375,346,120,226,117,31,86,10,1,9,9,3,6,701,700,216,230,137,86,19,6,6,479,399,80,40,386,14,107,97
53404684,0,,,2475,1188,1287,198,81,117,2233,1084,1149,1300,679,621,2185,1055,1130,2147,1038,1109,933,405,528,509,187,322,203,62,141,16,1,15,49,25,24,1028,1027,354,307,185,97,43,21,20,663,503,160,45,583,37,141,137
53404685,0,,,1194,581,613,80,44,36,1063,506,557,650,320,330,1043,500,543,1021,486,535,413,186,227,205,76,129,69,18,51,6,0,6,45,24,21,611,606,285,157,89,58,13,3,1,315,258,57,22,296,43,102,60
53404686,0,,,565,278,287,36,17,19,518,250,268,298,154,144,504,244,260,496,241,255,220,96,124,124,48,76,53,17,36,4,0,4,17,10,7,286,286,133,77,43,22,6,4,1,150,121,29,8,153,13,48,35
53404687,0,,,1972,940,1032,126,63,63,1819,860,959,937,494,443,1788,842,946,1768,833,935,882,366,516,491,180,311,178,52,126,11,2,9,121,56,65,943,937,396,271,149,76,22,12,11,535,408,127,23,613,53,201,140
53404688,0,,,2766,1366,1400,178,90,88,2559,1256,1303,1553,828,725,2499,1227,1272,2460,1205,1255,1006,428,578,525,198,327,152,46,106,5,0,5,329,185,144,1362,1362,610,370,201,123,39,11,8,741,595,146,44,730,142,258,148
53404689,0,,,141,77,64,7,4,3,134,73,61,96,54,42,134,73,61,133,72,61,38,19,19,18,8,10,7,3,4,0,0,0,33,21,12,80,80,50,14,7,5,3,0,1,30,22,8,3,26,20,6,4
53404690,0,,,50,26,24,3,2,1,47,24,23,30,17,13,45,23,22,43,22,21,17,7,10,8,2,6,0,0,0,0,0,0,1,0,1,19,19,6,3,6,2,1,0,1,13,8,5,1,13,0,5,0
53404691,0,,,258,129,129,24,14,10,234,115,119,140,66,74,226,115,111,224,115,109,94,49,45,40,19,21,13,6,7,1,1,0,6,5,1,83,83,19,21,12,14,5,7,5,64,39,25,7,61,3,9,12
53404692,0,,,839,416,423,89,47,42,748,369,379,477,252,225,713,352,361,698,346,352,271,117,154,133,50,83,43,15,28,2,1,1,10,6,4,309,309,84,83,53,44,22,19,4,222,152,70,27,189,6,42,35
53404693,0,,,2398,1151,1247,210,96,114,2163,1040,1123,1307,670,637,2107,1019,1088,2065,1000,1065,856,370,486,437,171,266,141,48,93,9,5,4,31,14,17,1005,1003,320,312,162,128,53,17,11,677,517,160,58,580,32,146,143
53404694,0,,,319,144,175,22,11,11,295,131,164,181,83,98,285,127,158,281,124,157,114,48,66,62,22,40,21,3,18,0,0,0,13,5,8,136,136,43,43,24,16,7,2,1,90,68,22,6,79,1,18,25
53404695,0,,,984,456,528,90,45,45,881,401,480,577,276,301,860,393,467,848,386,462,304,125,179,165,57,108,53,17,36,4,0,4,57,17,40,422,422,139,127,75,54,16,8,3,277,215,62,30,208,26,46,48
53404696,0,,,2210,1049,1161,171,100,71,2031,941,1090,1175,598,577,1984,916,1068,1955,906,1049,856,343,513,470,155,315,163,46,117,12,2,10,72,36,36,950,950,310,308,168,94,36,23,11,638,493,145,46,616,29,182,117
53404697,0,,,362,218,144,11,6,5,349,211,138,199,144,55,341,207,134,337,205,132,150,67,83,79,34,45,18,7,11,2,1,1,45,41,4,214,214,126,60,15,5,4,1,3,86,69,17,1,106,47,36,28
53404698,0,,,127,72,55,7,4,3,111,64,47,93,56,37,111,64,47,103,58,45,18,8,10,10,5,5,3,1,2,0,0,0,78,45,33,102,102,92,4,1,2,2,1,0,10,7,3,2,13,56,7,2
53405000,0,,,8720,4285,4435,1129,567,562,7468,3668,3800,4987,2529,2458,7230,3545,3685,7045,3455,3590,2481,1139,1342,1248,580,668,235,97,138,11,1,10,97,45,52,3519,3518,916,1100,719,560,165,41,17,2547,2333,214,290,1614,86,363,527
53405001,0,,,9462,4557,4905,908,457,451,8387,4025,4362,5320,2662,2658,8157,3906,4251,8000,3826,4174,3067,1363,1704,1636,707,929,384,141,243,24,7,17,76,32,44,4242,4238,1397,1398,766,512,132,23,10,2784,2542,242,225,2055,167,574,611
53405002,0,,,9877,4801,5076,1335,676,659,8412,4066,4346,5803,2911,2892,8104,3905,4199,7891,3787,4104,2609,1155,1454,1379,611,768,298,128,170,18,5,13,114,38,76,4105,4102,1173,1267,803,621,188,39,11,2885,2675,210,340,1742,129,467,581
53405003,0,,,4473,2234,2239,643,343,300,3798,1882,1916,2221,1150,1071,3691,1820,1871,3631,1786,1845,1577,732,845,910,437,473,197,86,111,22,6,16,47,24,23,1647,1643,338,566,330,265,100,31,13,1291,1184,107,170,913,12,207,319
53405004,0,,,1037,555,482,69,31,38,965,521,444,614,363,251,934,500,434,917,493,424,351,158,193,164,69,95,34,15,19,0,0,0,10,7,3,354,347,90,119,71,41,19,6,1,256,230,26,17,208,5,51,54
53405005,0,,,750,345,405,24,12,12,723,331,392,259,146,113,718,330,388,714,327,387,464,185,279,323,108,215,164,43,121,27,6,21,16,12,4,123,115,31,37,23,17,5,1,1,82,66,16,4,76,2,18,22
53405006,0,,,518,268,250,87,49,38,431,219,212,265,139,126,420,214,206,412,210,202,166,80,86,76,35,41,13,8,5,1,0,1,8,4,4,192,192,38,60,47,26,14,5,2,153,128,25,36,111,0,28,30
53405007,0,,,589,267,322,75,37,38,512,229,283,351,167,184,455,217,238,363,165,198,161,62,99,107,36,71,48,13,35,7,3,4,21,12,9,262,261,153,34,34,32,4,1,3,105,92,13,28,44,2,4,14
53405008,0,,,1197,625,572,70,40,30,1120,580,540,556,321,235,1107,573,534,1094,566,528,564,259,305,346,147,199,92,33,59,3,1,2,55,29,26,648,645,355,180,71,29,9,0,1,285,272,13,20,365,13,196,80
53405009,0,,,3764,1899,1865,235,123,112,3515,1765,1750,1867,1007,860,3442,1724,1718,3381,1693,1688,1648,758,890,1019,464,555,214,84,130,12,3,9,135,70,65,1755,1746,717,576,256,130,49,15,3,988,920,68,55,990,48,381,293
53405010,0,,,9190,4504,4686,810,445,365,8251,4012,4239,4988,2523,2465,8058,3906,4152,7921,3832,4089,3263,1489,1774,1785,791,994,385,146,239,21,6,15,117,56,61,4145,4137,1382,1350,790,453,121,34,7,2714,2488,226,249,2125,158,562,699
53405011,0,,,10386,5132,5254,921,455,466,9326,4617,4709,5529,2866,2663,9067,4475,4592,8885,4381,4504,3797,1751,2046,1812,849,963,344,129,215,17,2,15,118,60,58,4623,4620,1390,1674,847,517,150,28,14,3194,2953,241,246,2504,125,622,903
53405012,0,,,8770,4250,4520,795,403,392,7917,3823,4094,4634,2344,2290,7718,3712,4006,7572,3633,3939,3283,1479,1804,1775,797,978,318,141,177,8,1,7,85,39,46,3721,3718,973,1327,787,445,141,34,11,2717,2479,238,171,2140,37,530,740
53405013,0,,,1097,524,573,87,41,46,1010,483,527,506,262,244,985,474,511,967,464,503,504,221,283,334,142,192,128,45,83,19,6,13,27,23,4,404,401,101,143,83,50,17,7,0,297,265,32,13,248,17,61,92
53405014,0,,,256,132,124,23,12,11,232,119,113,146,83,63,224,116,108,217,114,103,86,36,50,43,17,26,13,5,8,2,1,1,6,5,1,90,90,19,24,21,15,3,7,1,71,53,18,6,57,1,9,10
53405015,0,,,1361,673,688,148,69,79,1205,600,605,743,397,346,1164,581,583,1122,561,561,462,203,259,283,115,168,87,28,59,7,1,6,13,6,7,454,450,71,152,101,79,38,7,2,372,329,43,22,236,2,37,78
53405016,0,,,318,172,146,38,21,17,280,151,129,162,97,65,274,146,128,273,146,127,118,54,64,70,34,36,13,6,7,1,0,1,8,6,2,131,131,32,44,32,17,3,2,1,98,91,7,9,75,4,12,24
53405017,0,,,894,433,461,46,31,15,844,399,445,443,239,204,817,390,427,798,380,418,401,160,241,241,85,156,80,12,68,11,0,11,12,9,3,283,276,77,89,47,42,15,5,1,197,168,29,5,156,4,38,40
53405018,0,,,1107,584,523,59,33,26,1048,551,497,544,309,235,1031,545,486,1017,536,481,504,242,262,278,138,140,47,23,24,0,0,0,67,31,36,639,639,345,189,58,30,12,5,0,286,266,20,18,381,11,197,90
53405019,0,,,1617,842,775,164,86,78,1430,737,693,879,483,396,1398,720,678,1379,708,671,551,254,297,260,103,157,58,20,38,4,0,4,63,27,36,598,574,197,185,88,81,20,3,0,361,337,24,51,252,12,92,65
53405020,0,,,11145,5502,5643,1537,777,760,9425,4651,4774,6553,3339,3214,9083,4469,4614,8840,4343,4497,2872,1312,1560,1489,667,822,314,122,192,18,5,13,164,72,92,4574,4568,1324,1355,873,751,209,43,13,3181,2963,218,360,1911,163,506,569
53405021,0,,,7378,3651,3727,877,425,452,6393,3177,3216,4314,2246,2068,6176,3058,3118,6019,2986,3033,2079,931,1148,997,448,549,188,70,118,21,6,15,101,45,56,3061,3059,842,988,613,440,133,32,11,2164,1968,196,239,1367,66,342,434
53405022,0,,,5256,2554,2702,517,257,260,4668,2255,2413,2845,1454,1391,4530,2183,2347,4428,2124,2304,1823,801,1022,967,408,559,221,72,149,28,3,25,59,25,34,2104,2101,538,725,442,262,100,18,16,1547,1409,138,109,1099,61,238,357
53405023,0,,,355,174,181,18,12,6,332,160,172,161,95,66,324,152,172,318,149,169,171,65,106,106,33,73,58,12,46,10,1,9,4,2,2,115,113,35,34,21,14,3,5,1,78,66,12,4,63,1,12,16
53405024,0,,,165,59,106,6,6,0,159,53,106,50,22,28,155,52,103,154,51,103,109,31,78,86,19,67,55,9,46,11,2,9,0,0,0,33,32,6,10,8,4,3,1,0,26,20,6,1,24,0,4,6
53405025,0,,,281,143,138,48,25,23,233,118,115,162,87,75,221,110,111,213,104,109,71,31,40,34,17,17,8,3,5,1,1,0,1,1,0,99,99,14,26,34,15,7,3,0,83,73,10,12,48,1,8,16
53405026,0,,,229,94,135,16,8,8,211,84,127,61,31,30,210,84,126,210,84,126,150,53,97,111,34,77,63,13,50,11,3,8,4,3,1,48,46,10,17,8,5,2,1,3,35,29,6,4,32,0,4,12
53405027,0,,,1196,589,607,57,28,29,1136,558,578,746,427,319,1112,553,559,944,452,492,390,131,259,309,92,217,169,33,136,25,0,25,6,3,3,230,221,84,65,34,21,10,7,0,124,106,18,16,84,25,17,27
53405028,0,,,1651,822,829,125,61,64,1522,759,763,965,494,471,1481,740,741,1435,716,719,557,265,292,234,113,121,42,18,24,2,1,1,16,5,11,673,672,135,277,142,81,25,11,1,531,490,41,29,349,14,63,147
53405029,0,,,268,131,137,29,9,20,234,117,117,153,74,79,227,112,115,226,112,114,81,43,38,30,14,16,3,1,2,0,0,0,0,0,0,100,100,21,32,22,13,9,1,2,78,65,13,7,57,0,11,15
53405030,0,,,6265,2998,3267,1000,494,506,5172,2466,2706,3871,1917,1954,4997,2367,2630,4888,2317,2571,1301,549,752,672,278,394,192,72,120,11,3,8,38,11,27,2651,2649,865,717,513,413,116,19,6,1750,1625,125,277,842,200,197,272
53405031,0,,,2840,1378,1462,245,126,119,2564,1239,1325,1391,746,645,2500,1206,1294,2457,1184,1273,1173,493,680,673,271,402,184,47,137,21,2,19,25,20,5,1000,995,271,346,182,136,40,17,3,717,640,77,53,548,12,144,182
53405032,0,,,5373,2720,2653,986,508,478,4321,2184,2137,3520,1799,1721,4109,2060,2049,3985,2005,1980,801,385,416,319,139,180,88,27,61,8,2,6,49,19,30,2020,2019,487,507,445,426,129,21,4,1514,1430,84,223,520,64,104,157
53405033,0,,,3149,1605,1544,641,343,298,2489,1253,1236,1831,921,910,2381,1196,1185,2317,1167,1150,658,332,326,240,126,114,54,18,36,5,1,4,30,6,24,1093,1091,143,340,259,258,78,10,3,941,900,41,182,406,12,66,199
53405034,0,,,5758,2787,2971,496,263,233,5222,2505,2717,2850,1400,1450,5094,2435,2659,5018,2402,2616,2372,1105,1267,1079,506,573,204,77,127,16,2,14,89,56,33,2561,2561,695,1012,498,259,76,18,3,1849,1739,110,106,1543,38,385,588
53405035,0,,,394,185,209,47,26,21,347,159,188,175,88,87,340,156,184,333,153,180,172,71,101,101,48,53,10,5,5,1,0,1,3,1,2,161,161,33,71,29,14,10,2,2,128,119,9,15,110,2,25,41
53405036,0,,,325,192,133,10,8,2,315,184,131,248,151,97,313,183,130,312,182,130,67,33,34,30,14,16,12,6,6,0,0,0,4,3,1,54,50,14,12,13,7,1,1,2,35,26,9,2,34,0,10,3
53405037,0,,,275,136,139,15,7,8,260,129,131,155,87,68,259,129,130,258,129,129,105,42,63,47,16,31,9,3,6,0,0,0,1,0,1,64,60,6,24,14,5,7,4,0,52,39,13,3,41,0,5,12
53405038,0,,,166,76,90,11,4,7,155,72,83,88,45,43,147,66,81,144,65,79,67,27,40,35,12,23,8,2,6,0,0,0,1,0,1,61,61,14,18,12,10,4,1,2,47,35,12,3,44,0,11,10
53405039,0,,,162,86,76,11,5,6,151,81,70,94,50,44,147,77,70,145,75,70,57,31,26,37,18,19,10,7,3,1,0,1,2,1,1,59,59,19,7,14,12,4,2,1,39,24,15,3,41,0,12,1
53405040,0,,,1408,698,710,118,71,47,1269,617,652,780,392,388,1248,604,644,1230,595,635,489,225,264,220,96,124,50,17,33,1,0,1,26,16,10,628,627,196,221,122,63,12,7,6,425,379,46,35,324,22,82,108
53405041,0,,,2053,1040,1013,267,149,118,1775,886,889,1076,546,530,1722,858,864,1689,844,845,699,340,359,308,146,162,58,18,40,6,0,6,16,7,9,795,795,156,284,159,144,39,12,1,637,582,55,61,441,7,91,175
53405042,0,,,7065,3417,3648,765,381,384,6233,3000,3233,3720,1842,1878,6010,2887,3123,5863,2829,3034,2513,1158,1355,1192,571,621,202,99,103,10,1,9,121,68,53,3000,3000,722,1192,545,408,108,23,2,2259,2133,126,175,1600,66,344,671
53405043,0,,,1395,668,727,179,98,81,1188,557,631,684,336,348,1156,543,613,1137,531,606,504,221,283,301,129,172,100,39,61,5,2,3,14,10,4,605,605,206,181,102,74,30,10,2,396,359,37,54,328,23,111,116
53405044,0,,,4922,2350,2572,735,381,354,4164,1954,2210,2861,1368,1493,3972,1860,2112,3863,1802,2061,1303,586,717,635,250,385,234,72,162,26,5,21,51,23,28,1752,1750,282,603,382,378,83,17,5,1457,1372,85,125,717,10,151,310
53405045,0,,,2459,1204,1255,148,74,74,2262,1109,1153,1224,610,614,2210,1085,1125,2180,1071,1109,1038,499,539,516,240,276,100,44,56,4,1,3,85,33,52,1277,1277,544,432,189,86,17,8,1,725,687,38,51,711,33,253,235
53405046,0,,,1697,853,844,497,253,244,1181,591,590,1017,520,497,1147,575,572,1135,569,566,164,71,93,77,36,41,27,10,17,3,0,3,119,59,60,572,571,105,105,151,151,52,6,1,461,434,27,207,88,25,14,15
53405047,0,,,201,102,99,13,5,8,178,87,91,99,53,46,173,85,88,170,84,86,79,34,45,45,13,32,10,2,8,2,1,1,3,3,0,66,65,13,20,10,13,3,3,3,51,34,17,2,51,1,7,11
53405048,0,,,184,67,117,5,2,3,179,65,114,48,26,22,179,65,114,175,63,112,131,39,92,107,28,79,68,13,55,18,2,16,7,6,1,39,37,12,11,9,1,4,0,0,25,20,5,1,20,0,3,6
53405049,0,,,236,117,119,31,16,15,204,101,103,147,74,73,199,99,100,192,95,97,57,27,30,20,9,11,6,1,5,3,1,2,19,8,11,72,70,11,20,13,14,9,2,1,58,46,12,12,31,0,2,7
53405050,0,,,3139,1540,1599,347,168,179,2688,1324,1364,1884,962,922,2613,1284,1329,2555,1261,1294,804,362,442,408,170,238,98,40,58,8,1,7,54,24,30,1430,1429,563,382,236,177,48,13,10,846,764,82,106,554,78,157,163
53405051,0,,,499,386,113,11,6,5,483,378,105,415,343,72,479,377,102,459,361,98,68,35,33,34,15,19,4,0,4,0,0,0,10,7,3,77,72,16,22,19,10,2,3,0,55,44,11,1,47,1,7,9
53405052,0,,,4920,2519,2401,1237,630,607,3613,1850,1763,3271,1696,1575,3348,1712,1636,3224,1647,1577,342,154,188,143,56,87,30,8,22,2,0,2,96,45,51,1676,1675,354,315,342,474,152,28,10,1297,1216,81,299,232,65,36,57
53405053,0,,,2727,1384,1343,347,176,171,2363,1196,1167,1557,804,753,2262,1145,1117,2208,1115,1093,806,392,414,293,152,141,53,21,32,6,1,5,29,19,10,1042,1042,201,345,233,193,56,13,1,833,781,52,78,500,11,82,211
53405054,0,,,1807,885,922,235,121,114,1544,749,795,1005,537,468,1468,708,760,1434,690,744,539,212,327,333,107,226,162,36,126,21,3,18,45,29,16,656,653,214,150,109,131,34,14,1,434,389,45,47,247,25,69,70
53405055,0,,,3224,1608,1616,295,135,160,2864,1444,1420,1682,886,796,2799,1406,1393,2752,1379,1373,1182,558,624,587,287,300,111,44,67,4,3,1,152,103,49,1481,1480,505,515,263,128,50,14,5,962,867,95,70,767,55,203,281
53405056,0,,,346,173,173,33,12,21,305,158,147,212,112,100,298,155,143,294,153,141,93,46,47,41,16,25,16,7,9,1,1,0,9,3,6,143,142,53,39,21,17,6,4,2,87,70,17,12,50,8,7,10
53405057,0,,,58,25,33,8,2,6,50,23,27,26,12,14,50,23,27,48,23,25,24,11,13,11,4,7,6,0,6,0,0,0,0,0,0,20,20,3,6,5,2,4,0,0,16,11,5,3,15,0,1,2
53405058,0,,,3964,1922,2042,967,470,497,2977,1442,1535,2468,1189,1279,2878,1392,1486,2818,1364,1454,509,253,256,185,80,105,42,14,28,1,0,1,188,77,111,1408,1408,202,410,357,337,91,9,2,1197,1161,36,368,346,4,79,139
53405059,0,,,10409,5067,5342,2382,1204,1178,7987,3836,4151,6451,3099,3352,7669,3679,3990,7529,3624,3905,1536,737,799,557,243,314,122,45,77,7,0,7,280,118,162,3838,3837,651,1168,916,884,196,17,5,3161,3069,92,745,1031,38,234,396
53405060,0,,,2861,1400,1461,374,187,187,2428,1183,1245,1628,843,785,2353,1141,1212,2312,1119,1193,800,340,460,432,168,264,157,43,114,25,5,20,53,24,29,1131,1127,329,358,202,172,56,8,2,787,729,58,134,430,32,101,139
53405061,0,,,584,435,149,77,41,36,506,393,113,481,379,102,499,390,109,474,371,103,25,14,11,8,3,5,1,1,0,0,0,0,0,0,0,117,112,39,24,22,17,9,0,1,73,73,0,27,19,0,3,5
53405062,0,,,3390,1755,1635,673,327,346,2662,1400,1262,2181,1206,975,2491,1307,1184,2420,1265,1155,481,194,287,271,90,181,105,20,85,8,0,8,72,43,29,1304,1302,445,251,229,267,79,20,11,835,766,69,143,270,66,63,48
53405063,0,,,751,391,360,69,39,30,676,350,326,382,200,182,667,346,321,660,342,318,294,150,144,106,56,50,19,8,11,2,0,2,14,13,1,310,310,73,112,69,39,12,4,1,236,209,27,20,188,5,32,76
53405064,0,,,183,93,90,19,4,15,160,88,72,96,55,41,158,87,71,156,85,71,64,33,31,31,17,14,8,4,4,0,0,0,13,5,8,79,79,23,28,11,14,3,0,0,54,46,8,5,41,7,6,11
53405065,0,,,633,328,305,38,14,24,587,311,276,352,199,153,576,308,268,568,304,264,235,112,123,127,57,70,26,9,17,2,0,2,30,27,3,263,260,95,77,33,31,14,8,2,161,126,35,8,154,17,38,40
53405066,0,,,387,160,227,12,7,5,373,152,221,93,53,40,371,150,221,368,149,219,280,99,181,227,73,154,118,30,88,21,2,19,6,5,1,70,65,13,20,18,5,5,4,0,52,41,11,2,46,3,5,12
53405067,0,,,515,280,235,69,41,28,444,237,207,296,168,128,432,229,203,417,221,196,148,69,79,83,37,46,34,14,20,5,1,4,13,8,5,175,173,37,43,36,37,13,4,3,135,113,22,18,83,3,15,20
53405068,0,,,9231,4484,4747,1036,491,545,8182,3983,4199,5998,2829,3169,7904,3831,4073,7714,3745,3969,2184,1154,1030,624,287,337,162,57,105,10,2,8,157,72,85,3516,3516,475,1363,889,612,150,24,3,3024,2889,135,223,1434,22,216,640
53405069,0,,,3595,1755,1840,539,283,256,3037,1458,1579,2143,1002,1141,2977,1428,1549,2949,1413,1536,894,456,438,245,109,136,79,29,50,3,0,3,52,19,33,1484,1484,314,556,340,231,35,6,2,1164,1129,35,155,594,27,115,263
53405070,0,,,1618,812,806,203,102,101,1380,688,692,923,472,451,1341,670,671,1313,651,662,457,216,241,225,99,126,39,14,25,0,0,0,20,13,7,691,688,203,238,121,95,19,9,3,469,421,48,69,308,12,80,105
53405071,0,,,1338,664,674,226,103,123,1085,544,541,746,393,353,1055,528,527,1033,516,517,339,151,188,140,59,81,33,13,20,1,1,0,13,5,8,536,536,157,145,105,82,37,8,2,377,338,39,52,232,1,59,59
53405072,0,,,647,294,353,62,33,29,574,254,320,297,144,153,562,247,315,549,242,307,277,110,167,178,58,120,95,22,73,11,3,8,5,1,4,210,209,53,63,45,24,14,7,3,152,113,39,19,115,5,17,36
53405073,0,,,472,249,223,39,16,23,424,228,196,236,136,100,416,224,192,409,218,191,188,92,96,80,36,44,15,4,11,1,0,1,61,42,19,195,195,58,55,45,23,9,3,2,134,109,25,12,122,2,23,28
53405074,0,,,128,68,60,15,8,7,109,56,53,67,38,29,108,56,52,107,55,52,42,18,24,17,5,12,6,1,5,2,0,2,12,11,1,53,51,21,11,8,7,2,0,2,30,25,5,5,23,7,4,7
53405075,0,,,51,23,28,1,1,0,50,22,28,22,11,11,50,22,28,49,21,28,28,11,17,16,5,11,6,2,4,0,0,0,0,0,0,20,20,1,12,5,0,1,1,0,19,14,5,0,17,0,1,7
53405076,0,,,154,88,66,12,10,2,139,76,63,76,46,30,135,74,61,134,73,61,63,30,33,19,7,12,7,3,4,0,0,0,12,10,2,64,64,18,21,11,11,2,0,1,43,32,11,2,45,5,10,8
53405077,0,,,347,205,142,46,28,18,296,174,122,203,122,81,286,169,117,279,164,115,93,52,41,44,25,19,10,6,4,0,0,0,21,18,3,163,163,76,29,34,13,7,4,0,87,75,12,5,66,11,21,11
53405078,0,,,1751,852,899,111,56,55,1633,791,842,683,323,360,1604,778,826,1591,773,818,950,468,482,316,173,143,57,26,31,4,0,4,19,8,11,766,766,149,374,157,61,16,5,4,615,586,29,26,571,9,98,279
53405079,0,,,2631,1327,1304,628,349,279,1997,973,1024,1531,752,779,1901,929,972,1838,898,940,466,221,245,171,76,95,46,8,38,5,1,4,15,7,8,854,854,85,230,183,258,85,11,2,765,716,49,141,289,3,40,116
53405080,0,,,587,306,281,77,37,40,500,263,237,338,192,146,482,256,226,470,247,223,162,71,91,70,27,43,16,5,11,1,0,1,14,8,6,232,232,59,72,41,42,15,3,0,173,152,21,21,109,1,27,32
53405081,0,,,475,237,238,54,22,32,411,208,203,265,135,130,400,202,198,394,200,194,146,73,73,63,26,37,19,8,11,2,1,1,7,1,6,182,182,43,52,42,31,9,2,3,138,110,28,19,95,2,21,21
53405082,0,,,74,35,39,7,1,6,64,32,32,39,18,21,63,31,32,61,31,30,25,14,11,7,3,4,4,2,2,0,0,0,0,0,0,27,27,9,5,4,4,3,2,0,18,12,6,0,14,0,2,4
53405083,0,,,309,144,165,17,7,10,291,136,155,118,65,53,287,133,154,281,130,151,173,71,102,129,48,81,60,15,45,3,0,3,11,10,1,80,77,23,22,12,12,5,2,1,54,41,13,3,45,3,9,10
53405084,0,,,198,115,83,13,10,3,176,96,80,102,57,45,171,93,78,166,91,75,74,39,35,35,16,19,14,4,10,0,0,0,18,18,0,86,86,34,21,15,9,5,0,2,51,35,16,6,45,7,7,11
53405085,0,,,17,7,10,1,0,1,16,7,9,7,4,3,16,7,9,16,7,9,9,3,6,6,2,4,3,1,2,0,0,0,0,0,0,6,6,1,2,2,0,0,1,0,5,3,2,1,6,0,1,2
53405086,0,,,441,213,228,40,21,19,399,191,208,250,129,121,388,185,203,375,179,196,149,62,87,72,25,47,24,9,15,1,1,0,0,0,0,133,133,22,28,28,20,18,11,6,110,67,43,8,99,0,15,6
53405087,0,,,113,53,60,14,7,7,99,46,53,63,32,31,96,46,50,94,45,49,36,14,22,14,3,11,4,1,3,0,0,0,2,1,1,37,37,4,15,7,4,2,3,2,33,27,6,1,22,0,2,7
53405088,0,,,555,275,280,27,13,14,528,262,266,310,162,148,512,253,259,502,250,252,218,100,118,92,34,58,38,8,30,1,0,1,3,0,3,202,202,38,66,46,29,14,4,5,163,119,44,11,142,0,23,28
53405089,0,,,230,116,114,20,11,9,209,104,105,130,66,64,200,100,100,192,95,97,79,38,41,40,16,24,11,4,7,0,0,0,2,1,1,78,78,9,26,20,13,5,3,2,69,51,18,4,52,1,5,7
53405090,0,,,2304,1147,1157,243,125,118,1983,977,1006,1311,670,641,1903,934,969,1859,908,951,672,307,365,279,123,156,65,21,44,3,1,2,28,13,15,966,964,302,290,183,126,48,11,4,651,585,66,59,427,23,99,134
53405091,0,,,132,101,31,6,3,3,109,89,20,90,80,10,108,89,19,108,89,19,19,9,10,7,4,3,1,1,0,0,0,0,0,0,0,102,102,86,9,3,1,3,0,0,16,13,3,1,11,53,1,4
53405092,0,,,51,28,23,7,2,5,44,26,18,27,18,9,44,26,18,44,26,18,17,8,9,4,1,3,1,0,1,0,0,0,0,0,0,21,21,5,9,2,4,0,1,0,16,13,3,3,12,0,2,3
53405093,0,,,183,105,78,7,3,4,176,102,74,102,63,39,174,101,73,171,98,73,74,39,35,36,17,19,12,6,6,3,1,2,8,7,1,79,79,28,21,16,9,2,2,1,51,41,10,2,47,6,10,9
53405094,0,,,269,133,136,19,11,8,249,121,128,151,80,71,242,117,125,236,112,124,98,41,57,45,18,27,13,4,9,2,0,2,0,0,0,95,95,21,23,20,20,7,2,2,73,47,26,8,59,1,9,12
53405095,0,,,124,63,61,6,2,4,118,61,57,83,44,39,113,59,54,111,58,53,35,17,18,22,9,13,8,3,5,0,0,0,3,2,1,42,42,6,14,8,7,4,3,0,36,24,12,2,24,1,3,4
53405096,0,,,76,24,52,0,0,0,76,24,52,15,8,7,75,24,51,74,23,51,61,16,45,51,12,39,36,8,28,9,1,8,0,0,0,12,11,4,2,2,2,1,0,0,7,5,2,0,8,0,3,1
53405097,0,,,72,38,34,4,3,1,68,35,33,43,23,20,68,35,33,67,35,32,25,12,13,11,4,7,3,2,1,0,0,0,1,0,1,26,26,8,5,3,7,1,2,0,18,11,7,2,17,0,4,1
53405098,0,,,111,58,53,8,4,4,103,54,49,62,34,28,103,54,49,98,51,47,41,20,21,20,8,12,7,1,6,0,0,0,9,5,4,42,42,14,7,12,5,0,2,2,27,19,8,2,27,0,7,3
53405099,0,,,397,194,203,23,10,13,373,183,190,197,105,92,363,178,185,358,175,183,176,78,98,77,29,48,25,8,17,2,1,1,1,0,1,149,149,34,47,36,14,9,4,5,115,79,36,6,118,0,25,21
53405100,0,,,40,19,21,12,5,7,28,14,14,24,13,11,27,14,13,27,14,13,4,1,3,0,0,0,0,0,0,0,0,0,4,2,2,13,13,2,2,4,4,0,1,0,11,11,0,5,3,0,1,0
53405101,0,,,84,44,40,5,3,2,76,39,37,42,23,19,74,39,35,72,37,35,34,16,18,9,4,5,1,1,0,0,0,0,0,0,0,42,42,20,11,5,3,3,0,0,22,17,5,2,22,2,8,6
53405102,0,,,133,65,68,6,3,3,124,60,64,62,29,33,124,60,64,123,60,63,62,31,31,31,14,17,12,6,6,0,0,0,0,0,0,59,59,20,19,9,8,2,1,0,38,32,6,1,40,0,13,9
53405103,0,,,321,180,141,3,2,1,318,178,140,147,83,64,318,178,140,317,177,140,171,95,76,80,40,40,19,11,8,0,0,0,2,2,0,29,26,7,12,2,2,3,0,0,19,14,5,1,22,0,4,12
53405104,0,,,168,82,86,6,1,5,162,81,81,81,43,38,160,79,81,158,78,80,81,38,43,35,15,20,18,7,11,2,0,2,1,0,1,66,66,12,23,17,11,3,0,0,54,37,17,2,52,0,11,10
53405106,1,,53405107;53405116,167,84,83,11,5,6,160,81,79,88,45,43,158,81,77,158,81,77,72,36,36,36,18,18,10,5,5,0,0,0,0,0,0,61,61,14,21,15,7,3,2,2,50,35,15,1,47,0,12,11
53405107,2,53405106,,3,2,1,*,*,*,*,*,*,*,*,*,*,*,*,*,*,*,*,*,*,*,*,*,*,*,*,*,*,*,*,*,*,2,2,*,*,*,*,*,*,*,*,*,*,*,*,*,*,*
53405109,0,,,1361,721,640,92,39,53,1259,673,586,811,456,355,1245,670,575,1203,638,565,448,217,231,156,75,81,30,7,23,0,0,0,6,2,4,561,560,165,181,113,79,17,3,2,393,349,44,25,287,68,42,95
53405110,0,,,795,399,396,190,107,83,605,292,313,406,218,188,596,284,312,587,279,308,199,74,125,140,43,97,73,17,56,10,1,9,34,16,18,237,234,45,55,39,66,23,6,0,185,172,13,71,60,6,11,21
53405111,0,,,323,157,166,36,19,17,287,138,149,171,85,86,283,137,146,279,135,144,116,53,63,55,22,33,26,8,18,4,0,4,0,0,0,114,113,23,32,25,21,8,2,2,90,66,24,11,71,0,15,19
53405112,0,,,228,116,112,7,3,4,221,113,108,118,67,51,219,112,107,215,109,106,103,46,57,48,18,30,20,6,14,0,0,0,0,0,0,99,99,24,42,21,5,5,2,0,75,63,12,2,70,0,15,17
53405113,0,,,446,226,220,13,7,6,433,219,214,224,118,106,429,217,212,427,215,212,209,101,108,109,45,64,45,17,28,0,0,0,3,0,3,172,172,44,54,31,22,14,6,1,128,89,39,4,142,0,32,31
53405114,0,,,208,109,99,6,3,3,202,106,96,110,63,47,202,106,96,198,105,93,92,43,49,44,23,21,19,9,10,0,0,0,2,2,0,77,77,16,24,17,11,6,2,1,61,42,19,1,58,2,9,11
53405115,0,,,25,12,13,1,1,0,24,11,13,16,6,10,24,11,13,24,11,13,8,5,3,3,2,1,2,1,1,1,0,1,0,0,0,10,10,3,4,1,0,1,1,0,7,4,3,1,6,0,3,0
53405116,2,53405106,,1,0,1,*,*,*,*,*,*,*,*,*,*,*,*,*,*,*,*,*,*,*,*,*,*,*,*,*,*,*,*,*,*,1,1,*,*,*,*,*,*,*,*,*,*,*,*,*,*,*
53405117,0,,,59,30,29,3,2,1,56,28,28,25,15,10,56,28,28,54,26,28,31,13,18,11,4,7,7,1,6,0,0,0,0,0,0,20,20,3,4,8,2,2,1,0,17,11,6,1,16,0,3,4
53405118,0,,,59,32,27,1,1,0,58,31,27,28,20,8,56,29,27,56,29,27,30,11,19,15,3,12,6,0,6,0,0,0,0,0,0,22,22,4,6,7,4,0,1,0,18,11,7,0,19,0,2,3
53405119,0,,,227,120,107,17,9,8,209,110,99,106,63,43,201,103,98,199,102,97,103,47,56,36,16,20,16,5,11,0,0,0,0,0,0,85,85,19,23,23,10,8,1,1,65,46,19,1,62,0,14,16
53405120,0,,,178,92,86,14,6,8,164,86,78,96,54,42,159,82,77,157,82,75,68,32,36,31,14,17,8,4,4,2,1,1,2,1,1,61,61,6,24,14,9,5,1,2,55,40,15,4,40,0,1,11
53405121,0,,,57,33,24,1,1,0,56,32,24,23,14,9,56,32,24,56,32,24,33,18,15,17,8,9,5,3,2,0,0,0,0,0,0,24,24,7,5,9,2,1,0,0,17,13,4,0,22,0,6,4
53405122,0,,,105,58,47,5,3,2,100,55,45,57,32,25,98,55,43,97,55,42,43,23,20,19,10,9,8,5,3,0,0,0,0,0,0,40,40,8,11,12,7,1,1,0,32,22,10,2,30,0,6,2
53405123,0,,,136,71,65,11,8,3,125,63,62,61,29,32,123,63,60,120,61,59,64,34,30,27,14,13,10,5,5,0,0,0,0,0,0,51,51,11,18,8,8,3,3,0,40,29,11,3,39,0,8,11
53405124,0,,,42,21,21,2,1,1,40,20,20,23,13,10,39,20,19,38,19,19,17,7,10,11,5,6,1,0,1,0,0,0,0,0,0,12,12,1,5,2,0,1,2,1,11,6,5,1,11,0,1,3
53405125,0,,,196,99,97,9,4,5,187,95,92,97,54,43,185,93,92,181,91,90,90,41,49,46,21,25,16,9,7,2,0,2,3,3,0,72,72,14,21,21,6,7,3,0,58,41,17,4,56,1,10,12
53405126,0,,,36,19,17,3,1,2,33,18,15,20,11,9,32,18,14,32,18,14,13,7,6,4,2,2,3,1,2,0,0,0,0,0,0,10,10,0,1,6,1,1,0,1,10,6,4,1,6,0,0,0
53405127,0,,,247,118,129,14,8,6,232,110,122,126,63,63,228,108,120,227,108,119,106,47,59,47,20,27,18,6,12,3,0,3,2,0,2,91,91,14,36,21,9,5,5,1,77,55,22,3,65,0,8,17
53405128,0,,,274,120,154,19,8,11,255,112,143,105,49,56,251,110,141,250,110,140,150,63,87,91,31,60,43,11,32,4,1,3,0,0,0,81,80,12,30,18,11,4,3,2,68,42,26,2,66,0,9,12
53405129,0,,,168,87,81,22,11,11,146,76,70,83,47,36,143,75,68,141,74,67,63,29,34,31,9,22,13,3,10,0,0,0,0,0,0,53,53,6,18,9,11,4,3,2,47,29,18,4,40,0,3,8
53405130,0,,,253,117,136,23,11,12,230,106,124,141,68,73,228,105,123,225,105,120,89,38,51,40,14,26,14,1,13,1,0,1,0,0,0,84,84,13,19,25,12,12,2,1,71,48,23,7,60,0,12,8
53405131,0,,,212,111,101,19,13,6,192,97,95,120,66,54,190,95,95,187,93,94,72,31,41,33,13,20,9,3,6,1,0,1,1,0,1,72,72,12,28,9,7,10,4,2,60,39,21,4,48,1,6,12
53405133,0,,,37,19,18,0,0,0,37,19,18,21,11,10,37,19,18,37,19,18,16,8,8,9,4,5,8,4,4,0,0,0,2,1,1,10,10,1,0,3,4,1,1,0,9,3,6,0,8,0,1,0
53405134,0,,,167,59,108,10,8,2,157,51,106,45,21,24,157,51,106,155,49,106,112,30,82,89,22,67,63,12,51,14,2,12,0,0,0,27,26,2,7,8,5,2,2,0,24,12,12,4,19,0,0,5
53405135,0,,,31,11,20,2,1,1,29,10,19,17,5,12,28,10,18,23,10,13,12,5,7,6,1,5,1,0,1,0,0,0,0,0,0,15,14,7,4,2,0,0,1,0,7,5,2,1,6,0,2,2
53405136,0,,,1979,926,1053,314,151,163,1660,771,889,1372,631,741,1557,717,840,1450,673,777,288,140,148,151,68,83,41,13,28,2,0,2,8,2,6,733,733,173,176,151,179,40,13,1,559,528,31,71,191,60,44,78
53405137,0,,,234,109,125,41,20,21,191,87,104,128,63,65,185,85,100,182,83,99,63,24,39,27,6,21,12,3,9,1,0,1,2,0,2,69,69,8,18,10,15,10,6,2,61,41,20,10,39,0,4,3
53405138,0,,,80,45,35,7,3,4,73,42,31,38,23,15,72,41,31,71,40,31,35,19,16,18,10,8,1,0,1,0,0,0,0,0,0,32,32,9,7,9,6,0,1,0,23,20,3,0,22,0,6,6
53405139,0,,,131,67,64,8,5,3,123,62,61,71,40,31,120,60,60,120,60,60,52,22,30,23,7,16,12,3,9,2,0,2,0,0,0,50,50,11,19,10,4,2,3,1,39,27,12,3,36,0,7,4
53405140,0,,,264,131,133,31,20,11,233,111,122,150,77,73,224,105,119,220,103,117,83,34,49,40,17,23,16,5,11,1,0,1,1,0,1,104,104,28,26,27,13,9,1,0,76,65,11,5,55,5,10,14
53405141,0,,,518,244,274,47,20,27,470,224,246,274,118,156,463,222,241,459,219,240,196,106,90,71,34,37,22,9,13,1,0,1,2,2,0,212,212,37,92,47,27,7,1,1,175,165,10,13,133,0,24,64
53405142,0,,,41,21,20,7,4,3,34,17,17,19,11,8,34,17,17,32,16,16,15,6,9,7,3,4,0,0,0,0,0,0,0,0,0,14,14,2,3,4,4,1,0,0,12,9,3,1,10,0,2,3
53405143,0,,,162,78,84,19,10,9,143,68,75,72,37,35,140,65,75,137,65,72,71,31,40,36,16,20,10,4,6,2,0,2,0,0,0,59,59,11,20,14,6,5,1,2,48,36,12,4,41,0,9,11
53405144,0,,,97,54,43,3,1,2,94,53,41,46,27,19,93,52,41,93,52,41,48,26,22,20,9,11,5,2,3,0,0,0,0,0,0,36,36,5,15,7,5,3,1,0,31,27,4,1,29,0,3,8
53405145,0,,,184,45,139,4,4,0,180,41,139,154,32,122,179,40,139,169,40,129,26,9,17,12,3,9,3,0,3,1,0,1,1,0,1,146,146,126,9,5,5,1,0,0,20,13,7,1,17,100,3,4
53405146,0,,,3108,1554,1554,579,309,270,2525,1242,1283,2130,1059,1071,2385,1171,1214,2272,1114,1158,395,183,212,198,99,99,46,25,21,1,0,1,28,12,16,1115,1115,204,295,250,289,58,15,4,906,865,41,128,262,19,68,113
53405147,0,,,83,41,42,7,4,3,76,37,39,45,23,22,72,35,37,72,35,37,31,14,17,15,5,10,6,0,6,1,0,1,0,0,0,29,29,6,6,11,1,3,1,1,23,17,6,2,19,0,3,5
53405148,0,,,386,200,186,25,15,10,361,185,176,201,112,89,354,179,175,341,169,172,160,73,87,79,36,43,22,8,14,2,0,2,1,0,1,149,149,31,51,40,15,7,1,4,118,100,18,6,98,0,21,30
53405149,1,,53405159,120,59,61,10,6,4,114,55,59,61,32,29,113,54,59,108,54,54,53,23,30,18,6,12,12,3,9,1,0,1,0,0,0,34,34,6,4,9,4,7,4,1,29,10,19,3,30,0,5,3
53405150,0,,,5003,2452,2551,523,262,261,4431,2160,2271,2950,1455,1495,4310,2100,2210,4216,2052,2164,1481,705,776,549,249,300,145,51,94,8,1,7,173,81,92,2195,2195,644,755,445,264,66,19,2,1531,1439,92,120,995,87,258,348
53405151,0,,,3029,1499,1530,330,162,168,2681,1327,1354,1699,829,870,2620,1293,1327,2581,1274,1307,982,498,484,358,170,188,105,34,71,4,2,2,86,43,43,1251,1250,274,485,282,150,44,12,3,966,915,51,105,626,39,127,254
53405152,0,,,3082,1484,1598,694,358,336,2372,1116,1256,1844,904,940,2282,1061,1221,2244,1047,1197,528,212,316,312,98,214,152,27,125,23,1,22,39,18,21,1050,1048,201,286,220,230,83,20,8,837,786,51,219,278,22,77,83
53405153,0,,,5616,2758,2858,1629,811,818,3967,1934,2033,3533,1720,1813,3838,1874,1964,3770,1838,1932,434,214,220,138,59,79,38,15,23,0,0,0,164,63,101,1882,1882,192,495,541,499,125,20,10,1681,1630,51,609,300,9,40,122
53405154,0,,,691,329,362,231,104,127,460,225,235,440,216,224,455,223,232,452,223,229,20,9,11,8,3,5,0,0,0,0,0,0,17,8,9,225,225,17,51,76,66,12,1,2,208,200,8,128,14,2,1,4
53405155,0,,,172,83,89,25,11,14,146,71,75,81,40,41,145,70,75,144,70,74,65,31,34,24,9,15,8,3,5,1,1,0,3,2,1,62,62,14,17,17,6,3,1,4,48,38,10,7,42,0,9,10
53405156,0,,,246,122,124,26,14,12,220,108,112,146,73,73,209,100,109,199,96,103,74,35,39,26,10,16,10,3,7,0,0,0,4,3,1,86,86,13,26,18,20,7,2,0,73,61,12,2,48,0,8,15
53405157,0,,,158,77,81,13,5,8,141,70,71,75,40,35,137,68,69,133,65,68,66,30,36,31,11,20,10,2,8,1,0,1,1,0,1,53,53,5,17,15,8,6,2,0,47,32,15,4,40,0,4,10
53405158,0,,,187,80,107,17,10,7,154,67,87,82,36,46,150,66,84,146,65,81,72,31,41,36,15,21,15,3,12,0,0,0,1,1,0,53,52,6,14,12,9,5,3,3,46,30,16,6,44,0,5,12
53405159,2,53405149,,4,2,2,*,*,*,*,*,*,*,*,*,*,*,*,*,*,*,*,*,*,*,*,*,*,*,*,*,*,*,*,*,*,1,1,*,*,*,*,*,*,*,*,*,*,*,*,*,*,*
53405160,0,,,2732,1361,1371,462,243,219,2251,1110,1141,1771,866,905,2148,1054,1094,2100,1026,1074,480,244,236,133,49,84,39,10,29,2,1,1,69,39,30,998,998,165,316,233,209,56,16,3,824,777,47,111,332,16,57,131
53405161,0,,,1243,632,611,371,196,175,870,435,435,725,360,365,839,421,418,827,415,412,145,75,70,50,23,27,18,8,10,1,0,1,21,10,11,406,406,55,95,96,106,42,10,2,350,323,27,127,96,3,17,32
53405162,0,,,5413,2650,2763,749,368,381,4640,2264,2376,3794,1833,1961,4461,2173,2288,4361,2124,2237,846,431,415,277,114,163,52,18,34,1,0,1,108,47,61,2105,2105,394,731,482,395,87,16,0,1694,1630,64,217,599,40,128,217
53405163,0,,,3903,1885,2018,980,496,484,2916,1385,1531,2578,1225,1353,2768,1321,1447,2700,1287,1413,338,160,178,130,60,70,30,11,19,0,0,0,92,38,54,1313,1313,146,337,347,389,82,10,2,1164,1132,32,306,226,4,43,98
53405164,0,,,2400,1168,1232,562,293,269,1835,873,962,1505,744,761,1787,852,935,1738,829,909,330,129,201,189,58,131,83,16,67,14,2,12,39,12,27,782,781,98,201,223,185,62,10,2,678,654,24,233,154,12,33,48
53405165,0,,,208,111,97,20,13,7,188,98,90,107,57,50,184,95,89,181,94,87,81,41,40,43,19,24,16,5,11,0,0,0,1,0,1,74,74,15,20,18,11,5,5,0,57,40,17,6,51,0,11,12
53405166,0,,,231,119,112,9,7,2,219,110,109,113,61,52,211,106,105,206,102,104,106,49,57,54,21,33,25,7,18,3,1,2,1,0,1,82,82,13,22,25,15,3,4,0,68,42,26,2,64,0,11,12
53405167,0,,,93,42,51,4,4,0,88,37,51,60,25,35,86,37,49,84,37,47,28,12,16,18,6,12,2,0,2,0,0,0,0,0,0,27,27,4,2,8,6,5,2,0,23,13,10,3,18,0,2,1
53405168,0,,,16,7,9,0,0,0,16,7,9,11,6,5,13,6,7,12,5,7,5,1,4,4,1,3,1,0,1,0,0,0,0,0,0,4,4,0,1,1,0,1,1,0,4,1,3,0,4,0,0,0
53405170,0,,,301,162,139,63,36,27,235,123,112,182,98,84,225,116,109,217,112,105,53,25,28,25,13,12,7,2,5,0,0,0,0,0,0,102,102,24,22,20,18,9,7,2,77,66,11,18,35,8,4,8
53405171,0,,,150,74,76,31,16,15,118,57,61,86,42,44,109,53,56,106,52,54,32,15,17,8,3,5,4,0,4,0,0,0,0,0,0,47,46,6,12,11,9,5,1,2,40,34,6,8,19,0,2,2
53405172,0,,,723,350,373,258,127,131,464,222,242,433,209,224,458,220,238,452,216,236,31,13,18,9,4,5,3,1,2,0,0,0,24,7,17,230,230,16,55,70,67,17,3,2,214,205,9,119,21,3,3,7
53405173,0,,,3089,1566,1523,918,481,437,2169,1083,1086,1871,939,932,2068,1030,1038,2004,990,1014,298,144,154,147,66,81,51,20,31,7,0,7,50,21,29,934,933,71,195,237,322,99,5,4,860,836,24,309,146,1,26,63
53405174,0,,,1897,929,968,200,97,103,1690,826,864,1331,643,688,1613,786,827,1567,763,804,359,183,176,160,75,85,45,15,30,3,1,2,11,3,8,664,663,63,221,190,139,38,10,2,598,559,39,53,243,1,36,90
53405175,0,,,80,38,42,7,3,4,73,35,38,47,23,24,71,33,38,70,33,37,26,12,14,11,4,7,2,1,1,0,0,0,1,0,1,31,31,5,11,9,4,2,0,0,26,24,2,2,20,0,5,4
53405176,0,,,385,189,196,32,17,15,352,171,181,182,93,89,347,168,179,344,168,176,170,78,92,80,33,47,30,10,20,1,0,1,1,1,0,133,133,23,40,34,17,9,6,4,110,80,30,9,99,1,13,24
53405177,0,,,29,13,16,2,0,2,27,13,14,14,9,5,27,13,14,27,13,14,13,4,9,8,2,6,3,0,3,0,0,0,1,1,0,11,11,2,4,4,0,0,0,1,9,7,2,0,7,1,0,1
53405178,0,,,42,23,19,3,3,0,39,20,19,25,12,13,36,19,17,35,18,17,14,8,6,7,3,4,1,1,0,0,0,0,1,0,1,13,13,2,3,3,2,1,2,0,11,8,3,0,11,0,2,0
53405179,0,,,53,27,26,4,2,2,49,25,24,33,18,15,45,23,22,44,22,22,16,7,9,12,5,7,2,1,1,0,0,0,0,0,0,13,13,0,1,4,3,3,2,0,13,6,7,1,11,0,0,1
53405180,0,,,288,145,143,28,11,17,257,131,126,160,85,75,250,125,125,244,122,122,97,46,51,45,22,23,16,5,11,0,0,0,3,2,1,112,112,26,37,23,17,5,3,1,84,70,14,7,60,1,7,15
53405181,0,,,305,148,157,41,19,22,264,129,135,169,84,85,260,127,133,253,120,133,95,45,50,42,14,28,14,4,10,0,0,0,10,0,10,109,109,22,33,20,21,8,2,3,86,66,20,9,61,8,6,19
53405182,0,,,168,79,89,19,9,10,149,70,79,87,44,43,146,69,77,142,68,74,62,26,36,38,15,23,7,0,7,0,0,0,0,0,0,60,60,10,18,13,14,3,2,0,50,38,12,4,40,0,8,10
53405183,0,,,184,109,75,19,9,10,163,99,64,125,81,44,159,98,61,155,97,58,38,18,20,21,10,11,8,3,5,0,0,0,0,0,0,90,90,48,13,16,6,5,1,1,41,33,8,8,25,6,5,2
53405184,0,,,1651,825,826,336,176,160,1315,649,666,1022,500,522,1268,620,648,1237,606,631,293,149,144,82,37,45,13,4,9,2,0,2,9,3,6,584,584,69,214,114,139,36,8,4,512,485,27,104,189,1,26,83
53405185,0,,,1137,577,560,95,46,49,1024,521,503,620,325,295,1000,505,495,979,497,482,404,196,208,163,73,90,44,13,31,2,1,1,14,7,7,459,458,101,175,98,55,18,9,2,355,314,41,21,257,8,40,89
53405186,0,,,328,164,164,26,14,12,302,150,152,188,101,87,294,147,147,287,145,142,114,49,65,54,15,39,19,5,14,1,0,1,0,0,0,123,123,25,42,26,14,11,5,0,98,66,32,7,85,0,18,13
53405187,0,,,94,49,45,14,6,8,80,43,37,49,29,20,79,42,37,78,41,37,31,14,17,11,6,5,2,1,1,0,0,0,1,0,1,27,27,3,8,3,7,1,3,2,23,15,8,5,18,0,0,4
53405188,0,,,100,48,52,7,4,3,92,43,49,50,23,27,90,43,47,90,43,47,42,20,22,18,9,9,6,2,4,0,0,0,0,0,0,34,34,6,10,9,4,2,2,1,28,13,15,2,26,0,3,6
53405189,0,,,54,28,26,5,3,2,49,25,24,30,18,12,46,23,23,46,23,23,19,7,12,13,4,9,8,3,5,0,0,0,2,1,1,18,18,3,5,3,3,4,0,0,15,10,5,0,13,0,1,2
53405190,0,,,120,59,61,9,4,5,111,55,56,56,29,27,107,53,54,106,52,54,55,26,29,34,16,18,5,1,4,0,0,0,1,0,1,46,46,9,17,8,7,5,0,0,37,29,8,1,35,0,7,12
53405191,0,,,698,342,356,60,33,27,630,305,325,370,185,185,611,298,313,604,295,309,260,120,140,128,56,72,38,14,24,3,0,3,18,12,6,299,299,86,104,54,41,7,6,1,210,179,31,21,175,11,44,47
53405192,0,,,202,88,114,13,8,5,189,80,109,85,42,43,187,78,109,186,78,108,104,38,66,73,23,50,33,6,27,1,0,1,0,0,0,60,58,6,21,12,14,5,0,0,52,40,12,3,43,0,5,9
53405193,0,,,87,38,49,5,2,3,82,36,46,46,24,22,80,36,44,79,36,43,36,12,24,20,6,14,6,0,6,1,0,1,0,0,0,31,31,5,10,9,3,2,1,1,26,19,7,1,22,0,2,6
53405194,0,,,174,89,85,10,4,6,162,84,78,101,57,44,159,83,76,153,79,74,61,27,34,33,16,17,9,5,4,0,0,0,0,0,0,63,63,14,19,11,10,7,0,2,49,33,16,4,38,0,5,13
53405195,0,,,3974,1970,2004,384,197,187,3570,1758,1812,2175,1069,1106,3485,1710,1775,3408,1671,1737,1395,689,706,514,228,286,134,43,91,11,0,11,56,20,36,1663,1659,423,600,346,191,79,14,6,1218,1103,115,90,916,37,194,344
53405196,0,,,333,146,187,23,12,11,310,134,176,129,66,63,307,133,174,303,132,171,181,68,113,113,30,83,54,9,45,12,1,11,8,2,6,93,91,23,26,16,12,4,5,5,66,51,15,8,67,1,14,12
53405197,0,,,152,82,70,7,5,2,145,77,68,79,45,34,141,74,67,139,74,65,66,32,34,29,13,16,13,6,7,1,1,0,0,0,0,52,52,7,14,16,9,3,3,0,45,31,14,2,37,0,3,7
53405198,0,,,53,28,25,0,0,0,53,28,25,28,17,11,53,28,25,53,28,25,25,11,14,10,3,7,3,1,2,0,0,0,1,0,1,25,25,6,13,4,1,1,0,0,18,15,3,0,17,0,3,5
53405199,0,,,693,342,351,72,36,36,621,306,315,368,193,175,607,295,312,592,288,304,253,113,140,108,49,59,19,7,12,0,0,0,10,2,8,305,305,102,100,55,27,9,11,1,200,180,20,20,163,11,43,55
53405200,0,,,352,183,169,39,19,20,313,164,149,245,131,114,300,159,141,292,154,138,68,33,35,23,7,16,2,0,2,0,0,0,9,4,5,144,144,47,31,34,21,9,2,0,96,87,9,10,50,12,14,9
53405201,0,,,129,66,63,11,7,4,116,58,58,81,45,36,115,57,58,113,55,58,35,13,22,17,5,12,6,0,6,0,0,0,2,2,0,58,58,20,18,12,5,2,0,1,38,32,6,5,22,6,4,6
53405202,0,,,2196,1129,1067,282,143,139,1855,962,893,1408,756,652,1795,928,867,1742,900,842,447,206,241,205,95,110,48,24,24,3,2,1,45,20,25,1092,1091,543,230,151,114,43,5,5,535,494,41,77,306,174,86,87
53405203,0,,,2799,1352,1447,461,228,233,2218,1059,1159,1855,912,943,2153,1026,1127,2062,970,1092,363,147,216,180,53,127,71,17,54,8,1,7,53,23,30,1300,1297,651,226,192,169,46,11,2,638,611,27,135,191,269,51,60
53405204,0,,,3872,1951,1921,599,300,299,3125,1572,1553,2497,1286,1211,3020,1515,1505,2956,1488,1468,628,286,342,282,111,171,91,24,67,8,1,7,137,55,82,1779,1778,806,378,276,212,81,20,5,941,860,81,211,392,203,104,93
53405205,0,,,506,267,239,57,33,24,436,227,209,353,187,166,430,222,208,421,220,201,83,40,43,35,17,18,10,4,6,1,1,0,24,14,10,235,234,111,68,23,26,5,0,1,115,107,8,19,50,35,8,17
53405206,0,,,259,122,137,18,11,7,239,110,129,138,65,73,236,107,129,233,107,126,101,45,56,54,22,32,12,5,7,0,0,0,7,2,5,119,119,33,47,28,7,4,0,0,84,70,14,4,71,0,15,22
53405207,0,,,739,395,344,46,28,18,678,356,322,395,221,174,653,346,307,643,340,303,283,135,148,109,56,53,9,4,5,0,0,0,38,18,20,324,324,85,129,63,29,17,1,0,237,215,22,10,175,7,29,75
53405208,0,,,123,62,61,5,3,2,118,59,59,69,37,32,115,57,58,110,54,56,49,22,27,20,8,12,8,2,6,0,0,0,1,0,1,41,41,4,12,13,8,1,2,1,36,27,9,0,28,0,2,8
53405209,0,,,4657,2597,2060,526,280,246,3960,2221,1739,3220,1890,1330,3839,2155,1684,3711,2088,1623,740,331,409,317,117,200,121,29,92,17,2,15,510,326,184,2507,2500,1479,458,279,211,50,19,4,976,884,92,150,444,511,125,108
53405210,0,,,25,13,12,4,2,2,21,11,10,17,10,7,18,9,9,18,9,9,4,1,3,4,1,3,2,0,2,1,0,1,1,1,0,8,8,1,2,2,2,0,1,0,7,6,1,0,3,0,1,0
53405211,0,,,309,130,179,14,6,8,295,124,171,106,53,53,292,122,170,289,120,169,189,71,118,131,38,93,78,17,61,16,0,16,1,0,1,81,80,10,33,25,8,0,2,2,68,52,16,2,60,0,9,17
53405212,0,,,1864,898,966,196,100,96,1629,779,850,1137,557,580,1586,756,830,1541,740,801,492,222,270,212,89,123,56,22,34,2,1,1,28,12,16,881,881,352,263,127,101,30,5,3,520,455,65,60,350,94,95,105
53405213,0,,,6860,3262,3598,955,471,484,5707,2668,3039,4962,2312,2650,5455,2545,2910,5285,2466,2819,745,356,389,331,145,186,89,36,53,4,1,3,135,53,82,3505,3504,1891,592,463,431,110,13,4,1580,1515,65,220,515,952,155,169
53405214,0,,,5730,2848,2882,785,411,374,4765,2341,2424,3857,1931,1926,4615,2266,2349,4464,2193,2271,908,410,498,448,165,283,155,41,114,24,5,19,171,81,90,2705,2701,1281,523,436,367,68,19,7,1372,1292,80,241,552,472,154,144
53405215,0,,,5063,2531,2532,471,259,212,4586,2268,2318,2799,1400,1399,4460,2216,2244,4355,2164,2191,1787,868,919,647,323,324,119,40,79,7,5,2,153,85,68,2185,2184,601,794,429,271,66,16,7,1562,1436,126,121,1139,141,215,464
53405216,0,,,204,99,105,18,10,8,186,89,97,109,53,56,179,83,96,177,82,95,77,36,41,47,21,26,16,3,13,1,0,1,2,0,2,68,68,13,17,15,14,2,4,3,54,34,20,4,49,0,7,9
53405217,0,,,252,100,152,9,6,3,184,70,114,157,57,100,183,69,114,181,69,112,27,13,14,15,7,8,6,2,4,0,0,0,5,1,4,202,202,178,10,7,3,3,1,0,24,18,6,2,19,71,4,4
53405218,0,,,452,215,237,35,20,15,406,189,217,255,131,124,403,189,214,399,186,213,151,58,93,106,32,74,60,13,47,9,3,6,9,6,3,196,194,89,59,28,10,6,2,0,99,82,17,15,55,12,20,8
53405219,0,,,272,172,100,28,14,14,218,145,73,182,127,55,217,145,72,212,142,70,36,18,18,18,8,10,8,3,5,2,0,2,21,19,2,172,172,126,16,18,5,4,1,2,40,32,8,12,21,53,3,3
53405220,0,,,11,7,4,0,0,0,11,7,4,6,5,1,11,7,4,10,6,4,5,2,3,3,1,2,2,0,2,0,0,0,0,0,0,5,5,1,3,0,1,0,0,0,4,3,1,0,3,0,0,2
53405221,0,,,326,163,163,27,13,14,299,150,149,160,83,77,295,148,147,288,145,143,139,67,72,72,33,39,32,13,19,4,0,4,0,0,0,109,109,17,34,25,16,9,5,3,91,56,35,7,84,1,8,18
53405222,0,,,1089,515,574,232,119,113,847,390,457,581,276,305,819,376,443,808,369,439,266,114,152,148,57,91,42,19,23,1,1,0,21,8,13,373,373,56,103,90,76,37,9,2,312,272,40,66,169,6,27,53
53405223,0,,,6316,3099,3217,764,408,356,5443,2636,2807,4072,1991,2081,5261,2543,2718,5081,2457,2624,1371,645,726,606,284,322,129,48,81,10,2,8,363,179,184,3041,3040,1309,811,475,339,76,25,5,1695,1605,90,214,954,319,345,294
53405224,0,,,5059,2433,2626,540,286,254,4389,2069,2320,3154,1555,1599,4276,1999,2277,4137,1935,2202,1235,514,721,659,257,402,204,70,134,4,2,2,262,112,150,2532,2528,1204,657,332,244,70,18,3,1283,1172,111,161,816,354,277,217
53405225,0,,,5115,2541,2574,434,235,199,4561,2236,2325,3134,1563,1571,4429,2169,2260,4352,2135,2217,1427,673,754,547,253,294,149,48,101,11,0,11,278,140,138,2569,2566,1145,754,367,231,57,10,2,1392,1305,87,121,919,330,236,340
53405226,0,,,536,295,241,32,14,18,486,271,215,369,213,156,480,269,211,473,265,208,117,58,59,39,17,22,9,4,5,0,0,0,29,19,10,323,323,204,63,29,18,8,0,1,111,98,13,10,82,77,23,21
53405227,0,,,116,63,53,9,4,5,107,59,48,60,34,26,104,58,46,102,56,46,47,25,22,23,12,11,10,4,6,1,1,0,3,1,2,49,49,18,11,11,4,3,2,0,30,22,8,0,32,0,9,4
53405228,0,,,270,141,129,26,14,12,240,125,115,135,68,67,237,123,114,233,121,112,105,57,48,52,27,25,20,7,13,1,0,1,4,0,4,112,112,42,27,18,12,9,3,1,67,49,18,7,74,0,22,11
53405229,0,,,13,7,6,1,0,1,12,7,5,5,3,2,12,7,5,12,7,5,7,4,3,0,0,0,0,0,0,0,0,0,0,0,0,6,6,1,3,2,0,0,0,0,5,5,0,1,4,0,0,3
53405231,0,,,94,48,46,2,2,0,91,45,46,54,30,24,90,44,46,90,44,46,37,15,22,17,4,13,6,0,6,0,0,0,1,1,0,37,37,6,15,7,8,1,0,0,31,24,7,0,25,1,2,8
53405232,0,,,5467,2666,2801,1466,754,712,3949,1880,2069,3233,1547,1686,3723,1762,1961,3624,1700,1924,716,333,383,353,168,185,49,21,28,3,0,3,198,107,91,1948,1948,459,407,375,510,162,29,6,1474,1400,74,300,461,181,100,175
53405233,0,,,8477,4047,4430,1236,613,623,7107,3362,3745,5480,2620,2860,6750,3197,3553,6503,3089,3414,1627,742,885,629,275,354,116,43,73,2,0,2,271,128,143,3862,3862,1528,977,627,571,131,22,6,2308,2204,104,252,1165,318,428,371
53405234,0,,,5888,2790,3098,490,236,254,5068,2388,2680,4046,1909,2137,4964,2325,2639,4872,2282,2590,1022,479,543,481,189,292,128,48,80,10,1,9,303,153,150,3694,3693,2500,595,316,197,64,10,11,1143,1061,82,166,753,1078,321,186
53405235,0,,,4188,1929,2259,254,142,112,3721,1668,2053,2738,1256,1482,3671,1650,2021,3610,1626,1984,983,412,571,584,212,372,217,64,153,28,4,24,182,75,107,2477,2473,1602,454,233,135,36,9,4,838,754,84,78,603,643,226,145
53405236,0,,,2035,1082,953,283,138,145,1679,902,777,1427,784,643,1623,875,748,1576,855,721,252,118,134,101,43,58,35,14,21,0,0,0,86,56,30,957,957,416,220,157,123,34,3,4,513,479,34,103,168,111,40,38
53405237,0,,,113,57,56,9,3,6,103,53,50,60,30,30,102,52,50,98,49,49,43,23,20,16,8,8,4,2,2,0,0,0,4,2,2,54,54,22,16,8,6,1,1,0,31,23,8,0,31,1,13,7
53405238,0,,,38,16,22,3,2,1,35,14,21,20,8,12,33,14,19,32,14,18,15,6,9,9,2,7,3,0,3,0,0,0,0,0,0,16,16,6,6,1,0,2,0,1,10,8,2,0,12,0,4,1
53405239,0,,,313,161,152,0,0,0,313,161,152,149,87,62,313,161,152,313,161,152,164,74,90,88,29,59,27,3,24,4,0,4,2,1,1,2,0,0,0,0,0,0,0,0,0,0,0,0,0,0,0,0
53405240,0,,,299,138,161,17,9,8,282,129,153,160,81,79,275,123,152,268,119,149,122,48,74,62,22,40,18,4,14,1,0,1,2,0,2,107,107,21,30,26,14,13,2,1,86,62,24,6,80,0,19,18
53405241,0,,,207,99,108,8,2,6,199,97,102,100,57,43,194,94,100,193,93,100,99,40,59,52,17,35,18,1,17,4,0,4,1,0,1,84,84,21,26,18,16,2,1,0,63,49,14,0,65,0,16,18
53405242,0,,,2752,1292,1460,308,157,151,2430,1125,1305,1355,656,699,2359,1084,1275,2311,1060,1251,1075,469,606,478,228,250,74,22,52,7,0,7,74,23,51,1180,1180,307,459,214,138,44,14,4,864,797,67,63,699,23,167,255
53405243,0,,,5939,2842,3097,617,309,308,5297,2518,2779,3484,1636,1848,5072,2398,2674,4915,2326,2589,1813,882,931,616,297,319,117,48,69,3,1,2,162,68,94,2517,2517,650,889,533,343,76,22,4,1859,1733,126,128,1185,116,238,475
53405244,0,,,4028,2050,1978,489,267,222,3407,1703,1704,2577,1315,1262,3296,1644,1652,3212,1602,1610,830,388,442,357,144,213,105,36,69,7,2,5,122,66,56,1921,1919,850,478,304,197,69,12,9,1036,964,72,151,538,225,145,184
53405245,0,,,2467,1245,1222,288,145,143,2121,1067,1054,1349,717,632,2058,1032,1026,2009,1002,1007,772,350,422,375,172,203,91,37,54,4,0,4,66,37,29,1109,1106,444,286,177,127,48,16,8,652,558,94,70,504,84,137,145
53405246,0,,,1266,656,610,157,78,79,1094,570,524,806,435,371,1042,532,510,1017,519,498,288,135,153,146,65,81,62,21,41,4,0,4,80,36,44,575,573,261,124,84,70,24,9,1,306,257,49,49,179,79,42,47
53405247,0,,,82,38,44,2,1,1,80,37,43,45,23,22,79,37,42,78,37,41,35,14,21,28,11,17,7,1,6,0,0,0,1,0,1,30,30,4,11,8,3,4,0,0,26,19,7,0,24,0,4,7
53405248,0,,,43,23,20,1,1,0,42,22,20,26,12,14,42,22,20,41,22,19,16,10,6,7,5,2,4,3,1,0,0,0,0,0,0,13,13,0,2,7,2,2,0,0,13,9,4,1,10,0,0,1
53405249,0,,,66,29,37,4,1,3,62,28,34,35,14,21,62,28,34,60,27,33,27,14,13,12,5,7,8,3,5,0,0,0,0,0,0,28,28,10,7,5,4,1,1,0,18,13,5,1,20,5,5,3
53405250,0,,,18,7,11,0,0,0,18,7,11,10,3,7,17,7,10,16,7,9,8,4,4,4,2,2,1,0,1,0,0,0,1,0,1,6,6,0,4,0,0,2,0,0,6,5,1,0,5,0,0,2
53405251,0,,,61,31,30,1,0,1,60,31,29,33,17,16,58,31,27,58,31,27,27,14,13,20,10,10,10,4,6,0,0,0,0,0,0,23,23,4,9,4,3,3,0,0,19,14,5,0,20,0,4,4
53405252,0,,,1172,588,584,123,66,57,1049,522,527,551,287,264,1017,504,513,992,492,500,498,235,263,190,101,89,34,15,19,4,1,3,10,1,9,475,475,92,192,101,63,23,2,2,383,357,26,17,305,14,55,130
53405253,0,,,2584,1300,1284,390,207,183,2184,1087,1097,1476,738,738,2072,1033,1039,1988,991,997,708,349,359,238,121,117,47,17,30,5,2,3,91,45,46,1113,1110,405,299,179,153,53,16,5,700,644,56,67,444,151,86,179
53405254,0,,,2899,1511,1388,398,202,196,2381,1241,1140,1991,1050,941,2292,1192,1100,2231,1160,1071,390,191,199,160,69,91,46,15,31,1,0,1,83,40,43,1394,1391,631,319,227,171,34,7,2,724,680,44,123,239,176,49,80
53405255,0,,,1084,567,517,151,90,61,899,457,442,655,348,307,870,443,427,856,436,420,244,109,135,152,57,95,82,29,53,7,3,4,18,5,13,461,460,199,100,71,57,21,9,3,249,219,30,62,118,43,26,27
53405256,0,,,235,121,114,27,20,7,208,101,107,106,56,50,205,100,105,203,99,104,102,45,57,48,24,24,15,4,11,2,0,2,1,0,1,98,98,27,33,18,13,6,1,0,71,62,9,5,66,1,16,21
53405257,0,,,133,67,66,11,5,6,122,62,60,69,35,34,122,62,60,122,62,60,53,27,26,33,14,19,10,3,7,0,0,0,0,0,0,48,48,8,14,16,2,7,1,0,39,25,14,2,34,0,5,5
53405259,0,,,159,79,80,2,0,2,157,79,78,89,52,37,154,77,77,152,76,76,68,27,41,43,19,24,9,4,5,1,0,1,9,9,0,65,65,21,17,15,6,4,0,2,44,28,16,0,45,9,11,6
53405261,0,,,69,37,32,1,1,0,68,36,32,40,23,17,64,32,32,61,31,30,28,13,15,14,8,6,2,1,1,0,0,0,1,0,1,27,27,5,10,8,2,1,0,1,22,16,6,0,19,0,2,6
53405262,0,,,181,88,93,12,5,7,169,83,86,80,45,35,165,80,85,164,79,85,89,38,51,32,12,20,13,2,11,1,0,1,1,1,0,78,78,22,31,13,8,0,2,2,54,42,12,6,62,0,17,12
53405263,0,,,374,182,192,37,20,17,337,162,175,206,103,103,328,158,170,321,153,168,131,59,72,71,27,44,24,6,18,2,0,2,2,1,1,142,142,38,38,26,25,9,5,1,103,75,28,10,83,3,15,21
53405264,0,,,846,359,487,38,12,26,808,347,461,218,117,101,800,345,455,795,342,453,590,230,360,438,149,289,268,66,202,40,7,33,2,0,2,85,80,14,23,11,19,10,2,1,65,47,18,15,44,0,7,9
53405265,0,,,233,116,117,22,13,9,210,102,108,128,66,62,202,97,105,193,92,101,82,36,46,43,17,26,15,3,12,0,0,0,1,0,1,82,82,17,20,20,16,4,3,2,64,46,18,4,54,1,11,8
53405266,0,,,113,56,57,8,6,2,105,50,55,58,28,30,101,49,52,101,49,52,47,22,25,22,10,12,12,5,7,3,2,1,0,0,0,43,43,11,12,10,6,2,0,2,32,24,8,2,32,0,8,7
53405268,0,,,130,68,62,11,5,6,119,63,56,70,40,30,115,61,54,112,59,53,49,23,26,21,9,12,4,1,3,0,0,0,1,1,0,42,42,6,11,13,6,2,1,3,36,24,12,1,32,0,3,4
53405269,0,,,178,74,104,14,8,6,164,66,98,74,32,42,160,64,96,160,64,96,90,34,56,60,17,43,24,5,19,2,1,1,0,0,0,44,43,4,15,8,10,4,1,1,39,28,11,1,29,0,3,7
53405271,0,,,118,56,62,6,4,2,112,52,60,57,32,25,109,50,59,109,50,59,55,20,35,24,3,21,12,1,11,0,0,0,0,0,0,52,52,14,20,11,4,3,0,0,37,27,10,2,37,0,9,7
53405272,0,,,272,136,136,23,10,13,249,126,123,121,67,54,243,122,121,239,119,120,128,59,69,65,28,37,24,9,15,6,1,5,0,0,0,105,105,25,33,22,17,4,2,2,79,56,23,7,80,0,19,18
53405273,0,,,56,29,27,9,4,5,47,25,22,28,16,12,47,25,22,46,24,22,19,9,10,12,5,7,5,2,3,0,0,0,0,0,0,18,18,2,6,2,6,0,2,0,16,13,3,2,11,0,2,4
53405274,0,,,229,111,118,17,7,10,212,104,108,122,64,58,207,102,105,207,102,105,90,40,50,46,18,28,19,7,12,1,1,0,0,0,0,73,73,10,19,19,10,7,7,1,63,38,25,6,56,0,4,12
53405275,0,,,370,156,214,18,8,10,352,148,204,126,65,61,350,146,204,350,146,204,226,83,143,142,36,106,86,16,70,14,2,12,8,7,1,116,113,26,53,19,11,3,0,1,86,77,9,4,77,4,16,23
53405276,0,,,74,39,35,5,3,2,69,36,33,39,20,19,69,36,33,68,35,33,30,16,14,16,9,7,6,3,3,0,0,0,2,1,1,25,25,2,8,6,7,2,0,0,23,14,9,1,19,0,2,5
53405278,0,,,32,13,19,0,0,0,32,13,19,19,8,11,32,13,19,31,13,18,13,5,8,9,3,6,5,2,3,0,0,0,0,0,0,11,11,1,5,1,2,2,0,0,10,6,4,0,8,0,0,2
53405279,0,,,12,6,6,0,0,0,12,6,6,6,4,2,12,6,6,12,6,6,6,2,4,1,0,1,1,0,1,1,0,1,3,3,0,6,6,4,0,1,0,1,0,0,2,1,1,0,2,0,0,0
53405280,0,,,45,28,17,3,2,1,42,26,16,28,19,9,40,24,16,39,23,16,14,7,7,5,2,3,4,2,2,0,0,0,0,0,0,15,15,1,5,4,3,2,0,0,14,11,3,1,9,0,1,3
53405281,0,,,30,16,14,0,0,0,30,16,14,19,10,9,30,16,14,30,16,14,11,6,5,5,3,2,1,1,0,0,0,0,0,0,0,13,13,3,6,1,3,0,0,0,10,8,2,0,7,0,0,2
53405282,0,,,934,455,479,83,41,42,850,413,437,517,249,268,829,401,428,819,394,425,333,164,169,119,59,60,28,11,17,3,0,3,13,5,8,374,374,68,149,86,51,15,4,1,304,278,26,20,215,1,40,83
53405283,0,,,127,63,64,12,8,4,115,55,60,61,30,31,114,55,59,112,54,58,54,25,29,21,8,13,8,2,6,0,0,0,1,0,1,49,49,8,20,12,5,1,3,0,41,35,6,2,36,0,7,7
53405284,0,,,183,93,90,17,9,8,166,84,82,90,47,43,162,81,81,156,79,77,76,37,39,44,22,22,11,7,4,0,0,0,1,0,1,59,59,6,18,13,15,3,2,2,53,37,16,3,46,0,5,14
53405285,0,,,78,40,38,3,3,0,75,37,38,33,17,16,73,36,37,73,36,37,42,20,22,16,6,10,5,3,2,1,0,1,2,1,1,33,33,9,11,7,4,2,0,0,24,19,5,0,28,1,6,7
53405286,0,,,23,13,10,0,0,0,23,13,10,12,8,4,23,13,10,23,13,10,11,5,6,6,3,3,4,2,2,0,0,0,0,0,0,8,8,2,1,2,2,1,0,0,6,4,2,0,7,0,2,0
53405287,0,,,93,41,52,6,2,4,87,39,48,51,25,26,83,39,44,82,39,43,36,14,22,15,6,9,5,2,3,0,0,0,0,0,0,30,30,4,8,9,4,2,2,1,26,16,10,1,22,0,2,5
53405288,1,,53405299,37,21,16,3,2,1,39,22,17,26,16,10,38,21,17,38,21,17,13,6,7,6,3,3,2,1,1,0,0,0,1,0,1,16,16,2,11,2,3,0,0,0,16,15,1,1,8,0,1,3
53405289,0,,,20,12,8,0,0,0,20,12,8,14,8,6,16,10,6,16,10,6,6,4,2,1,1,0,0,0,0,0,0,0,0,0,0,6,6,0,1,3,1,1,0,0,6,6,0,0,4,0,0,1
53405290,0,,,2117,1022,1095,130,70,60,1987,952,1035,969,485,484,1959,940,1019,1933,928,1005,1018,467,551,387,171,216,118,28,90,11,1,10,34,12,22,888,887,208,369,178,92,25,14,1,673,604,69,37,618,9,123,233
53405291,0,,,218,110,108,7,3,4,211,107,104,119,65,54,206,104,102,202,102,100,92,42,50,40,15,25,17,5,12,3,0,3,1,0,1,80,80,11,30,17,16,4,2,0,67,45,22,4,61,1,8,13
53405292,0,,,3070,1489,1581,218,99,119,2852,1390,1462,1746,843,903,2783,1359,1424,2744,1341,1403,1106,547,559,355,142,213,101,32,69,8,1,7,29,9,20,1249,1248,221,532,283,156,44,8,4,1018,935,83,50,722,7,124,295
53405293,0,,,14,7,7,3,2,1,11,5,6,6,3,3,10,5,5,10,5,5,5,2,3,0,0,0,0,0,0,0,0,0,1,0,1,4,4,0,1,2,0,0,1,0,4,3,1,1,3,0,0,1
53405294,0,,,127,34,93,6,1,5,121,33,88,28,14,14,120,32,88,120,32,88,93,19,74,75,13,62,55,5,50,13,1,12,1,0,1,17,16,2,4,2,4,1,2,1,14,7,7,4,14,0,2,2
53405295,0,,,65,38,27,7,4,3,58,34,24,32,20,12,55,31,24,54,30,24,26,14,12,15,9,6,7,4,3,0,0,0,1,0,1,17,17,2,3,3,4,2,1,2,15,7,8,1,13,0,1,3
53405296,0,,,172,94,78,29,22,7,143,72,71,81,45,36,142,72,70,141,72,69,62,27,35,28,14,14,10,5,5,0,0,0,1,0,1,60,60,12,15,13,13,4,2,1,48,35,13,11,38,0,8,8
53405297,0,,,247,127,120,52,26,26,192,99,93,141,74,67,190,98,92,188,97,91,51,25,26,18,5,13,7,1,6,0,0,0,2,0,2,91,91,26,14,21,23,4,3,0,65,52,13,18,34,5,7,9
53405298,0,,,41,18,23,3,0,3,38,18,20,24,13,11,36,16,20,36,16,20,14,5,9,6,3,3,1,0,1,0,0,0,0,0,0,15,15,0,8,4,2,1,0,0,15,13,2,0,10,0,0,3
53405299,2,53405288,,5,3,2,*,*,*,*,*,*,*,*,*,*,*,*,*,*,*,*,*,*,*,*,*,*,*,*,*,*,*,*,*,*,2,2,*,*,*,*,*,*,*,*,*,*,*,*,*,*,*
53405300,0,,,168,97,71,25,12,13,135,81,54,121,72,49,129,76,53,123,74,49,14,9,5,4,4,0,1,1,0,0,0,0,18,10,8,101,101,70,10,11,6,3,1,0,30,29,1,7,12,11,6,2
53405301,2,53405302,,2,1,1,*,*,*,*,*,*,*,*,*,*,*,*,*,*,*,*,*,*,*,*,*,*,*,*,*,*,*,*,*,*,1,1,*,*,*,*,*,*,*,*,*,*,*,*,*,*,*
53405302,1,,53405301;53405311,165,86,79,20,12,8,148,76,72,92,53,39,144,73,71,143,72,71,56,23,33,28,10,18,12,1,11,0,0,0,0,0,0,54,54,15,11,12,7,4,3,4,41,27,14,5,38,0,8,5
53405303,0,,,18,10,8,0,0,0,18,10,8,8,5,3,18,10,8,17,9,8,10,5,5,3,2,1,0,0,0,0,0,0,0,0,0,9,9,4,3,0,2,0,0,0,5,4,1,0,7,0,3,2
53405304,0,,,54,25,29,6,1,5,46,23,23,25,13,12,44,22,22,44,22,22,21,10,11,10,5,5,7,2,5,1,0,1,1,0,1,23,23,9,8,3,1,0,1,1,13,9,4,2,16,0,8,3
53405305,0,,,217,116,101,25,16,9,189,98,91,126,68,58,185,97,88,179,94,85,63,30,33,30,13,17,12,5,7,1,1,0,6,1,5,78,78,16,25,16,7,9,5,0,60,46,14,4,40,0,7,10
53405306,0,,,67,33,34,4,1,3,61,31,30,37,18,19,60,30,30,58,30,28,24,13,11,13,6,7,5,2,3,1,0,1,1,0,1,26,26,4,11,7,1,2,1,0,21,16,5,1,17,0,3,5
53405307,0,,,101,51,50,5,3,2,96,48,48,40,24,16,95,48,47,95,48,47,56,24,32,28,11,17,18,7,11,0,0,0,1,1,0,44,44,13,16,8,3,4,0,0,31,25,6,1,34,0,9,8
53405308,0,,,159,79,80,26,15,11,133,64,69,72,34,38,130,63,67,128,62,66,61,30,31,31,15,16,14,6,8,1,0,1,1,0,1,58,58,13,21,8,8,3,3,2,45,35,10,7,38,0,8,10
53405309,0,,,199,122,77,17,7,10,178,111,67,148,98,50,175,110,65,170,107,63,30,13,17,19,8,11,3,1,2,0,0,0,17,13,4,68,65,23,24,9,7,1,1,0,41,37,4,6,18,10,3,7
53405311,2,53405302,,1,1,0,*,*,*,*,*,*,*,*,*,*,*,*,*,*,*,*,*,*,*,*,*,*,*,*,*,*,*,*,*,*,1,1,*,*,*,*,*,*,*,*,*,*,*,*,*,*,*
53405313,0,,,70,35,35,8,5,3,62,30,32,36,19,17,60,29,31,60,29,31,26,11,15,13,5,8,6,2,4,0,0,0,3,1,2,28,28,8,9,5,5,0,0,1,20,16,4,3,17,0,5,3
53405314,0,,,188,89,99,14,7,7,171,80,91,92,48,44,168,80,88,167,80,87,79,32,47,46,18,28,14,3,11,1,0,1,5,2,3,81,81,28,24,15,7,3,4,0,52,38,14,4,51,2,16,11
53405315,0,,,136,72,64,10,6,4,126,66,60,78,44,34,123,64,59,119,62,57,48,22,26,22,8,14,6,2,4,0,0,0,3,3,0,47,47,9,19,4,7,1,5,2,36,25,11,2,34,3,5,6
53405316,0,,,63,37,26,0,0,0,62,37,25,42,27,15,62,37,25,62,37,25,20,10,10,12,4,8,2,1,1,0,0,0,7,6,1,31,31,13,9,5,3,1,0,0,18,15,3,0,15,5,3,6
53405317,0,,,126,65,61,18,8,10,108,57,51,60,33,27,107,57,50,105,56,49,48,24,24,24,11,13,8,1,7,0,0,0,1,1,0,38,38,2,14,5,11,3,1,2,35,21,14,2,29,0,1,4
53405318,0,,,49,23,26,5,2,3,44,21,23,24,12,12,44,21,23,43,21,22,20,9,11,11,6,5,5,2,3,0,0,0,0,0,0,17,17,2,9,1,2,1,1,1,15,11,4,1,12,0,2,4
53405319,1,,53405329,241,128,113,21,13,8,230,119,111,164,86,78,226,116,110,221,114,107,66,33,33,29,15,14,14,7,7,4,2,2,6,3,3,66,56,13,17,8,13,3,3,2,45,34,11,4,33,1,6,10
53405322,2,53405323,,4,3,1,*,*,*,*,*,*,*,*,*,*,*,*,*,*,*,*,*,*,*,*,*,*,*,*,*,*,*,*,*,*,1,1,*,*,*,*,*,*,*,*,*,*,*,*,*,*,*
53405323,1,,53405322,189,87,102,14,6,8,179,84,95,106,52,54,175,82,93,171,81,90,73,32,41,38,17,21,12,6,6,0,0,0,11,0,11,60,60,9,21,14,7,3,3,4,50,36,14,5,44,0,4,14
53405324,0,,,525,283,242,34,22,12,475,249,226,291,157,134,465,243,222,456,235,221,184,92,92,96,43,53,24,12,12,2,0,2,29,9,20,246,246,103,70,31,25,14,2,1,137,111,26,3,122,7,29,31
53405325,0,,,108,54,54,9,6,3,99,48,51,65,32,33,98,48,50,96,48,48,34,16,18,16,5,11,4,1,3,0,0,0,8,5,3,44,43,13,16,7,1,3,2,1,30,23,7,3,23,4,5,4
53405326,0,,,170,81,89,8,7,1,161,74,87,103,50,53,160,73,87,158,72,86,58,24,34,35,12,23,20,6,14,2,0,2,7,1,6,67,67,24,14,13,8,3,4,1,43,24,19,3,38,2,10,5
53405327,0,,,66,35,31,8,4,4,53,27,26,38,19,19,53,27,26,53,27,26,15,8,7,9,5,4,0,0,0,0,0,0,1,0,1,24,24,1,11,8,2,1,1,0,21,20,1,3,10,0,1,4
53405328,0,,,159,76,83,11,2,9,148,74,74,86,47,39,141,71,70,139,69,70,62,27,35,34,10,24,12,2,10,0,0,0,4,2,2,56,56,11,19,8,9,6,2,1,45,33,12,2,43,2,8,10
53405329,2,53405319,,10,4,6,*,*,*,*,*,*,*,*,*,*,*,*,*,*,*,*,*,*,*,*,*,*,*,*,*,*,*,*,*,*,3,3,*,*,*,*,*,*,*,*,*,*,*,*,*,*,*
53405330,0,,,54,26,28,3,2,1,51,24,27,35,18,17,48,23,25,47,23,24,16,6,10,8,2,6,5,0,5,0,0,0,0,0,0,21,17,5,4,2,2,2,1,1,12,5,7,0,12,0,4,0
53405331,2,53405342,,5,3,2,*,*,*,*,*,*,*,*,*,*,*,*,*,*,*,*,*,*,*,*,*,*,*,*,*,*,*,*,*,*,2,2,*,*,*,*,*,*,*,*,*,*,*,*,*,*,*
53405332,0,,,46,26,20,0,0,0,46,26,20,26,16,10,46,26,20,46,26,20,20,10,10,13,5,8,7,2,5,0,0,0,0,0,0,17,17,5,4,3,2,2,1,0,12,6,6,0,13,0,2,2
53405333,0,,,191,94,97,14,9,5,177,85,92,115,60,55,172,83,89,169,81,88,62,25,37,38,15,23,13,3,10,0,0,0,18,9,9,80,80,23,27,13,12,3,2,0,56,39,17,3,44,1,10,9
53405334,0,,,186,92,94,10,4,6,175,87,88,111,59,52,174,87,87,172,85,87,64,28,36,30,12,18,14,4,10,1,0,1,4,1,3,65,65,14,19,15,7,3,5,2,50,34,16,2,43,0,9,6
53405335,0,,,164,87,77,17,7,10,147,80,67,83,50,33,139,75,64,136,74,62,64,30,34,31,12,19,11,3,8,0,0,0,6,5,1,63,63,16,21,11,10,0,2,3,47,38,9,1,45,5,10,8
53405336,0,,,328,161,167,47,24,23,279,136,143,180,91,89,269,132,137,263,128,135,99,45,54,46,20,26,19,6,13,2,0,2,9,5,4,123,123,29,34,29,17,8,6,0,90,72,18,12,64,2,14,14
53405337,0,,,173,90,83,19,11,8,153,78,75,99,51,48,146,74,72,142,72,70,54,27,27,23,8,15,6,2,4,1,0,1,3,2,1,67,67,20,19,10,11,3,2,2,47,35,12,4,34,5,5,12
53405338,0,,,107,54,53,7,5,2,100,49,51,47,26,21,99,49,50,94,48,46,53,23,30,38,18,20,9,3,6,2,0,2,0,0,0,42,42,10,12,11,7,1,0,1,32,24,8,4,31,0,6,9
53405339,0,,,139,70,69,5,4,1,134,66,68,68,37,31,133,66,67,132,66,66,66,29,37,34,14,20,15,3,12,1,0,1,0,0,0,52,52,9,20,10,7,5,0,1,43,28,15,0,44,0,7,12
53405340,0,,,29,13,16,0,0,0,29,13,16,22,10,12,29,13,16,29,13,16,7,3,4,5,2,3,1,1,0,0,0,0,1,0,1,10,10,0,6,1,1,2,0,0,9,8,1,0,5,0,0,2
53405341,0,,,20,14,6,0,0,0,20,14,6,9,7,2,20,14,6,20,14,6,11,7,4,4,3,1,2,1,1,0,0,0,1,1,0,13,13,9,1,3,0,0,0,0,4,4,0,0,8,1,4,0
53405342,1,,53405331,252,130,122,25,13,12,231,119,112,134,73,61,223,115,108,220,113,107,97,46,51,38,15,23,15,6,9,2,0,2,8,2,6,95,95,18,41,15,10,6,7,0,76,61,15,5,68,2,11,13
53405343,0,,,199,100,99,25,13,12,172,87,85,120,64,56,165,84,81,164,84,80,52,23,29,21,8,13,4,1,3,0,0,0,10,9,1,72,72,19,23,8,10,4,6,2,50,37,13,8,36,3,5,7
53405344,0,,,99,56,43,7,5,2,89,49,40,52,30,22,88,48,40,88,48,40,37,19,18,18,7,11,7,3,4,1,0,1,2,0,2,40,40,12,12,5,8,2,1,0,27,21,6,2,25,2,5,4
53405345,0,,,178,97,81,10,5,5,166,91,75,101,59,42,162,89,73,159,88,71,65,32,33,23,12,11,6,3,3,1,1,0,7,7,0,62,62,15,14,13,11,3,5,1,46,34,12,4,36,2,4,7
53405346,0,,,157,84,73,12,7,5,142,75,67,82,45,37,140,74,66,140,74,66,60,30,30,28,13,15,6,3,3,1,1,0,5,1,4,70,70,25,23,10,6,4,2,0,44,29,15,3,39,6,7,11
53405347,1,,53405348,148,76,72,8,3,5,147,78,69,82,46,36,144,76,68,140,75,65,65,32,33,31,14,17,13,6,7,2,1,1,14,9,5,66,66,31,18,9,7,3,2,1,40,25,15,3,40,9,7,6
53405348,2,53405347,,8,5,3,*,*,*,*,*,*,*,*,*,*,*,*,*,*,*,*,*,*,*,*,*,*,*,*,*,*,*,*,*,*,5,5,*,*,*,*,*,*,*,*,*,*,*,*,*,*,*
53405349,0,,,107,51,56,3,3,0,104,48,56,48,22,26,104,48,56,102,48,54,56,26,30,23,9,14,12,4,8,0,0,0,1,0,1,37,37,6,11,8,6,5,1,0,31,18,13,0,33,0,4,3
53405351,0,,,370,185,185,27,11,16,343,174,169,240,128,112,335,169,166,332,168,164,103,46,57,49,19,30,19,5,14,2,0,2,39,14,25,165,165,61,46,30,19,5,3,1,102,76,26,7,69,10,13,12
53405352,0,,,230,108,122,21,4,17,209,104,105,154,75,79,203,100,103,198,99,99,55,29,26,25,10,15,6,1,5,1,0,1,22,7,15,103,103,37,33,15,10,6,2,0,66,50,16,4,39,4,4,11
53405353,0,,,153,77,76,14,6,8,139,71,68,99,50,49,136,70,66,130,68,62,40,21,19,15,6,9,7,2,5,0,0,0,19,4,15,65,65,25,16,8,10,5,0,1,40,28,12,6,29,3,6,6
53405354,0,,,115,60,55,14,8,6,101,52,49,59,28,31,101,52,49,99,52,47,42,24,18,21,10,11,12,6,6,0,0,0,3,2,1,36,36,7,6,9,7,4,1,2,29,12,17,5,27,0,4,2
53405355,0,,,184,91,93,8,3,5,175,88,87,108,58,50,170,83,87,166,81,85,67,30,37,27,11,16,6,2,4,0,0,0,1,0,1,69,69,16,16,19,13,3,2,0,53,40,13,2,44,0,10,8
53405356,0,,,223,111,112,11,8,3,211,102,109,128,68,60,206,100,106,203,99,104,83,34,49,44,18,26,15,6,9,0,0,0,10,4,6,87,86,25,22,18,12,6,3,0,61,41,20,3,56,5,12,9
53405357,0,,,77,43,34,1,1,0,75,42,33,45,28,17,73,41,32,69,39,30,30,14,16,16,10,6,8,5,3,0,0,0,2,2,0,29,29,10,7,3,5,1,2,1,19,11,8,0,20,2,4,4
53405358,2,53405368,,10,4,6,*,*,*,*,*,*,*,*,*,*,*,*,*,*,*,*,*,*,*,*,*,*,*,*,*,*,*,*,*,*,2,2,*,*,*,*,*,*,*,*,*,*,*,*,*,*,*
53405359,0,,,173,87,86,11,5,6,162,82,80,89,45,44,161,82,79,160,81,79,73,37,36,41,19,22,15,6,9,0,0,0,1,0,1,63,63,12,20,14,12,2,0,3,51,37,14,2,49,0,6,8
53405360,0,,,32,19,13,2,2,0,30,17,13,19,10,9,29,16,13,29,16,13,11,7,4,7,4,3,0,0,0,0,0,0,0,0,0,9,9,0,2,3,2,1,1,0,9,5,4,0,7,0,0,1
53405361,0,,,78,39,39,10,4,6,68,35,33,50,29,21,67,34,33,65,32,33,18,6,12,12,4,8,3,1,2,0,0,0,10,8,2,35,35,17,5,5,6,1,0,1,17,11,6,2,13,6,3,2
53405362,0,,,340,171,169,24,15,9,316,156,160,208,105,103,302,149,153,297,146,151,108,51,57,56,24,32,21,8,13,1,0,1,23,7,16,118,118,17,36,34,16,7,6,2,100,73,27,4,73,4,4,17
53405363,0,,,150,71,79,23,10,13,127,61,66,85,41,44,125,60,65,123,59,64,42,20,22,12,5,7,4,1,3,1,0,1,5,2,3,48,48,9,11,10,10,3,3,2,39,28,11,5,26,5,3,5
53405364,0,,,262,145,117,18,11,7,244,134,110,158,88,70,236,129,107,231,124,107,86,46,40,40,17,23,14,4,10,0,0,0,4,2,2,96,96,23,31,16,13,4,6,3,73,53,20,4,61,1,12,11
53405365,0,,,149,79,70,15,7,8,134,72,62,88,47,41,130,70,60,126,67,59,46,25,21,18,8,10,5,1,4,0,0,0,11,4,7,62,62,18,24,8,8,0,2,2,43,30,13,2,31,3,4,7
53405366,0,,,147,72,75,5,1,4,125,63,62,92,42,50,122,61,61,116,60,56,33,21,12,13,6,7,4,0,4,1,0,1,29,5,24,92,92,65,11,7,7,1,1,0,25,18,7,3,25,14,11,4
53405367,0,,,172,86,86,4,2,2,167,84,83,89,46,43,166,83,83,166,83,83,78,38,40,35,12,23,16,6,10,0,0,0,3,0,3,72,72,23,22,10,12,3,2,0,49,33,16,1,54,2,14,14
53405368,1,,53405358,162,78,84,14,6,8,158,76,82,83,42,41,158,76,82,158,76,82,75,34,41,38,14,24,15,4,11,0,0,0,3,0,3,55,55,8,17,10,15,4,2,1,49,28,21,2,46,0,7,7
53405369,0,,,99,45,54,2,1,1,97,44,53,55,26,29,91,41,50,90,41,49,42,18,24,23,8,15,3,0,3,1,0,1,0,0,0,36,36,5,11,11,6,3,0,0,30,23,7,0,27,0,5,5
53405370,0,,,62,32,30,4,1,3,58,31,27,36,21,15,57,30,27,57,30,27,22,10,12,9,4,5,3,1,2,1,0,1,0,0,0,23,23,4,10,3,3,1,2,0,19,13,6,0,15,0,2,2
53405371,0,,,296,133,163,24,13,11,269,118,151,116,60,56,261,115,146,257,114,143,153,58,95,107,32,75,63,16,47,10,1,9,17,8,9,78,70,20,16,12,7,9,4,2,49,34,15,3,42,2,10,6
53405372,0,,,626,331,295,71,36,35,550,292,258,387,211,176,534,282,252,525,278,247,163,81,82,56,26,30,13,4,9,0,0,0,32,18,14,247,247,56,83,57,33,11,4,3,185,163,22,16,113,1,23,37
53405373,0,,,156,78,78,13,7,6,141,69,72,96,49,47,135,67,68,133,65,68,45,20,25,19,7,12,7,1,6,1,0,1,11,5,6,66,66,23,20,11,4,5,2,1,40,32,8,1,33,1,6,7
53405374,0,,,161,76,85,19,9,10,142,67,75,76,36,40,139,67,72,137,67,70,66,31,35,30,13,17,8,3,5,1,1,0,1,0,1,54,54,9,17,11,7,4,5,1,45,32,13,4,42,0,7,10
53405375,0,,,140,78,62,13,7,6,125,69,56,71,41,30,122,67,55,118,64,54,54,28,26,24,11,13,8,3,5,1,0,1,1,0,1,51,51,20,10,6,5,3,3,4,31,16,15,3,36,4,8,5
53405376,0,,,223,95,128,12,4,8,208,89,119,83,44,39,207,88,119,204,87,117,125,45,80,92,26,66,67,17,50,13,2,11,6,1,5,55,53,12,15,12,7,4,1,2,40,28,12,5,35,0,5,4
53405377,0,,,195,104,91,21,13,8,174,91,83,112,58,54,173,90,83,171,88,83,62,33,29,40,22,18,9,7,2,0,0,0,5,0,5,62,62,14,17,14,6,4,1,6,46,31,15,8,41,1,5,10
53405378,0,,,87,37,50,1,1,0,82,34,48,39,19,20,82,34,48,81,34,47,43,15,28,31,9,22,16,2,14,4,0,4,7,2,5,41,40,26,5,4,2,2,1,0,14,9,5,0,18,12,5,3
53405379,0,,,225,111,114,22,11,11,203,100,103,113,59,54,196,98,98,192,96,96,90,41,49,49,22,27,16,8,8,2,1,1,1,0,1,72,72,9,19,21,13,3,4,3,62,44,18,4,55,0,7,14
53405380,0,,,214,83,131,6,3,3,208,80,128,65,35,30,207,80,127,205,78,127,143,45,98,106,28,78,71,13,58,19,3,16,2,0,2,45,44,9,11,9,10,3,2,0,35,20,15,3,32,0,4,4
53405381,0,,,166,92,74,16,10,6,143,79,64,89,53,36,139,77,62,138,77,61,54,26,28,27,11,16,7,1,6,0,0,0,10,7,3,70,70,28,13,15,9,2,0,3,42,27,15,3,35,4,6,6
53405382,0,,,392,205,187,30,12,18,360,191,169,244,141,103,348,183,165,338,177,161,116,50,66,51,20,31,14,6,8,0,0,0,28,23,5,170,170,57,55,29,15,9,2,3,109,81,28,11,80,23,15,24
53405383,0,,,136,68,68,16,10,6,120,58,62,84,44,40,114,54,60,113,54,59,36,14,22,16,5,11,6,1,5,1,0,1,2,0,2,46,46,7,13,10,10,4,1,1,39,27,12,4,26,0,3,5
53405384,0,,,47,25,22,2,1,1,43,22,21,27,14,13,43,22,21,42,21,21,16,8,8,5,3,2,2,1,1,0,0,0,5,0,5,22,22,10,3,5,4,0,0,0,12,9,3,0,11,4,2,1
53405385,0,,,23,14,9,0,0,0,23,14,9,13,9,4,23,14,9,23,14,9,10,5,5,7,3,4,1,0,1,0,0,0,0,0,0,11,11,5,3,1,1,1,0,0,6,4,2,0,7,0,3,0
53405386,0,,,199,99,100,12,8,4,186,91,95,113,59,54,167,81,86,162,78,84,73,32,41,38,14,24,12,5,7,1,0,1,2,0,2,69,68,18,16,19,7,2,4,2,50,33,17,2,50,0,11,6
53405387,0,,,118,63,55,11,8,3,107,55,52,78,40,38,99,51,48,98,51,47,29,15,14,6,3,3,2,1,1,0,0,0,23,8,15,36,36,6,3,12,9,3,2,1,30,25,5,2,20,2,4,3
53405388,0,,,56,27,29,5,2,3,51,25,26,37,17,20,50,25,25,50,25,25,14,8,6,5,2,3,3,1,2,1,1,0,1,0,1,21,21,3,6,7,5,0,0,0,18,16,2,1,9,1,1,3
53405389,0,,,71,35,36,6,3,3,65,32,33,44,24,20,63,32,31,58,28,30,21,8,13,13,4,9,6,2,4,0,0,0,0,0,0,24,24,4,3,11,3,2,1,0,20,12,8,2,15,0,1,2
53405390,0,,,51,29,22,5,4,1,46,25,21,26,16,10,45,24,21,44,24,20,20,9,11,13,5,8,5,3,2,0,0,0,1,1,0,19,19,4,8,2,2,2,0,1,15,11,4,2,13,0,2,5
53405391,0,,,26,11,15,2,1,1,24,10,14,10,5,5,24,10,14,24,10,14,14,5,9,7,3,4,1,0,1,0,0,0,0,0,0,9,9,1,5,0,2,0,0,1,8,4,4,0,9,0,1,3
53405392,0,,,233,118,115,22,14,8,211,104,107,116,59,57,206,101,105,202,99,103,95,45,50,45,19,26,16,4,12,0,0,0,1,1,0,73,73,12,17,20,9,6,4,5,60,33,27,7,55,0,9,10
53405393,0,,,206,106,100,12,7,5,194,99,95,103,56,47,190,98,92,188,96,92,91,43,48,48,18,30,19,6,13,1,0,1,1,0,1,70,70,11,18,18,15,5,2,1,59,32,27,2,55,0,8,6
53405394,0,,,53,25,28,1,1,0,52,24,28,25,11,14,51,24,27,50,24,26,27,13,14,13,5,8,4,1,3,0,0,0,1,0,1,21,21,3,10,4,2,2,0,0,18,14,4,0,18,0,2,8
53405395,0,,,160,82,78,15,8,7,143,73,70,91,47,44,138,72,66,134,70,64,52,26,26,28,12,16,10,5,5,0,0,0,3,1,2,52,52,9,11,14,8,6,3,1,42,22,20,4,34,0,4,5
53405396,0,,,125,69,56,11,9,2,114,60,54,73,42,31,104,55,49,99,53,46,41,18,23,20,6,14,6,1,5,0,0,0,3,2,1,44,43,11,15,5,5,4,0,3,32,21,11,3,30,0,5,3
53405397,0,,,225,115,110,33,16,17,192,99,93,120,64,56,187,96,91,187,96,91,72,35,37,29,16,13,13,7,6,0,0,0,4,2,2,75,75,10,27,12,15,5,3,3,64,48,16,7,45,1,7,13
53405398,0,,,140,73,67,16,7,9,124,66,58,69,39,30,121,64,57,118,63,55,55,27,28,21,8,13,11,3,8,0,0,0,0,0,0,45,45,9,10,11,4,8,2,1,36,18,18,0,33,0,5,4
53405399,0,,,90,45,45,7,6,1,83,39,44,45,22,23,77,37,40,74,36,38,38,17,21,19,8,11,11,5,6,0,0,0,0,0,0,31,31,6,8,5,7,5,0,0,25,15,10,1,23,0,6,5
53405400,0,,,11,6,5,0,0,0,11,6,5,7,5,2,11,6,5,10,5,5,4,1,3,1,0,1,0,0,0,0,0,0,1,1,0,4,4,1,1,0,2,0,0,0,3,1,2,0,3,1,0,1
53405401,0,,,289,133,156,1,1,0,288,132,156,115,69,46,286,131,155,285,130,155,173,63,110,139,42,97,91,16,75,23,4,19,4,4,0,35,29,14,5,6,2,0,1,1,15,11,4,0,19,2,6,1
53405402,0,,,133,61,72,4,1,3,129,60,69,68,33,35,126,59,67,124,58,66,61,27,34,35,11,24,17,3,14,0,0,0,2,1,1,44,44,7,10,13,9,2,2,1,37,19,18,0,39,0,6,4
53405403,0,,,64,33,31,2,2,0,62,31,31,32,17,15,61,31,30,59,29,30,30,14,16,17,7,10,11,6,5,1,1,0,0,0,0,22,22,2,6,8,4,2,0,0,20,15,5,0,17,0,2,1
53405404,0,,,20,9,11,0,0,0,20,9,11,12,7,5,20,9,11,20,9,11,8,2,6,7,2,5,3,0,3,0,0,0,0,0,0,8,8,2,2,2,2,0,0,0,6,5,1,0,6,0,2,1
53405405,0,,,174,86,88,11,6,5,163,80,83,84,44,40,159,79,80,159,79,80,79,36,43,30,13,17,9,3,6,0,0,0,0,0,0,63,63,15,15,18,5,6,3,1,48,33,15,3,47,0,11,8
53405406,0,,,610,300,310,48,23,25,561,276,285,331,174,157,552,272,280,540,266,274,230,102,128,106,36,70,49,15,34,0,0,0,5,1,4,208,208,36,65,39,34,19,9,6,170,115,55,15,145,0,23,30
53405407,0,,,151,87,64,11,5,6,137,80,57,87,53,34,130,76,54,128,75,53,50,27,23,21,10,11,10,4,6,1,0,1,1,0,1,64,64,25,13,13,7,4,1,1,39,26,13,1,34,0,4,3
53405408,0,,,188,88,100,15,9,6,173,79,94,114,52,62,171,78,93,169,77,92,59,27,32,28,9,19,13,3,10,1,0,1,24,7,17,83,83,38,20,7,9,5,1,3,45,29,16,6,39,10,7,7
53405409,0,,,280,150,130,21,10,11,259,140,119,154,94,60,249,131,118,244,128,116,105,46,59,52,18,34,15,5,10,2,1,1,13,13,0,89,89,23,21,16,7,7,7,8,64,34,30,4,64,6,7,10
53405410,0,,,183,96,87,12,6,6,170,89,81,91,55,36,164,83,81,160,80,80,79,34,45,38,14,24,8,1,7,1,0,1,0,0,0,66,66,13,23,11,10,5,2,2,53,39,14,1,50,0,8,16
53405411,0,,,61,28,33,6,3,3,55,25,30,29,15,14,55,25,30,55,25,30,26,10,16,11,2,9,5,0,5,0,0,0,0,0,0,21,21,3,8,5,3,0,1,1,18,10,8,2,18,0,3,3
53405412,0,,,148,70,78,5,1,4,142,68,74,72,37,35,139,67,72,138,67,71,70,31,39,36,12,24,16,4,12,0,0,0,1,0,1,54,52,18,12,11,3,3,5,0,34,20,14,2,39,0,10,8
53405413,0,,,135,60,75,10,4,6,125,56,69,72,38,34,121,54,67,118,51,67,53,18,35,27,6,21,10,0,10,1,0,1,3,1,2,48,48,13,14,9,3,3,2,4,35,19,16,3,39,0,10,6
53405414,0,,,125,62,63,4,2,2,121,60,61,64,35,29,118,59,59,117,58,59,57,25,32,25,12,13,6,2,4,2,0,2,0,0,0,44,44,8,15,8,8,2,0,3,36,23,13,2,37,0,6,6
53405415,0,,,234,114,120,24,11,13,210,103,107,111,59,52,207,102,105,203,101,102,99,44,55,57,25,32,18,7,11,1,0,1,0,0,0,75,75,12,17,22,11,6,4,3,63,38,25,5,57,0,8,8
53405416,0,,,262,132,130,13,10,3,248,121,127,140,76,64,244,120,124,242,119,123,108,45,63,52,16,36,17,2,15,1,0,1,6,5,1,101,101,24,30,26,12,5,2,2,76,49,27,2,64,2,8,18
53405417,0,,,177,90,87,26,17,9,151,73,78,106,51,55,144,69,75,137,65,72,45,22,23,27,11,16,9,5,4,1,0,1,2,0,2,56,56,9,12,11,13,9,1,1,46,33,13,5,28,0,5,4
53405418,0,,,352,177,175,35,24,11,317,153,164,206,110,96,307,147,160,296,142,154,111,43,68,51,13,38,19,4,15,0,0,0,13,7,6,114,114,28,28,19,14,9,8,8,86,50,36,9,76,1,16,6
53405419,0,,,82,33,49,13,5,8,69,28,41,42,16,26,67,28,39,67,28,39,27,12,15,9,4,5,4,1,3,0,0,0,0,0,0,29,29,5,9,8,4,1,0,2,24,18,6,3,15,0,4,3
53405420,0,,,313,149,164,33,14,19,280,135,145,152,83,69,277,133,144,270,130,140,128,52,76,71,24,47,25,6,19,1,0,1,0,0,0,112,112,20,35,26,19,7,3,2,91,67,24,8,86,0,16,13
53405421,0,,,168,83,85,11,5,6,157,78,79,78,41,37,154,76,78,152,75,77,79,37,42,37,16,21,14,9,5,2,1,1,0,0,0,61,61,11,20,15,7,6,1,1,49,32,17,2,49,0,9,9
53405422,0,,,287,149,138,12,6,6,275,143,132,154,87,67,270,140,130,267,138,129,121,56,65,65,23,42,29,9,20,0,0,0,7,7,0,106,106,22,39,15,15,10,4,1,83,54,29,3,75,4,13,20
53405423,0,,,47,21,26,3,0,3,44,21,23,27,14,13,43,21,22,41,20,21,17,7,10,11,4,7,3,0,3,0,0,0,0,0,0,18,18,4,5,6,1,1,1,0,14,10,4,0,10,0,2,4
53405424,0,,,22,13,9,3,2,1,19,11,8,14,8,6,18,10,8,17,10,7,5,3,2,3,2,1,0,0,0,0,0,0,0,0,0,5,5,0,1,1,0,1,2,0,4,1,3,1,3,0,0,0
53405425,0,,,114,53,61,12,5,7,102,48,54,59,27,32,98,46,52,97,45,52,43,21,22,20,9,11,7,3,4,1,1,0,1,0,1,34,34,1,11,11,4,3,1,3,33,22,11,3,24,0,0,4
53405426,0,,,203,97,106,9,4,5,194,93,101,115,48,67,187,91,96,177,88,89,79,45,34,35,15,20,10,4,6,0,0,0,2,2,0,57,57,9,13,6,10,9,6,4,47,17,30,0,49,0,8,7
53405427,0,,,131,63,68,18,7,11,113,56,57,70,35,35,109,52,57,107,52,55,43,21,22,21,11,10,3,0,3,1,0,1,1,0,1,40,40,7,8,12,3,4,4,2,33,19,14,2,27,0,5,2
53405428,0,,,87,42,45,11,5,6,76,37,39,43,24,19,75,36,39,74,36,38,33,13,20,12,4,8,5,1,4,0,0,0,4,4,0,28,28,8,6,4,4,1,3,2,20,10,10,4,19,0,2,3
53405429,0,,,443,217,226,42,25,17,401,192,209,201,108,93,394,187,207,390,185,205,200,84,116,105,32,73,48,10,38,6,2,4,18,14,4,131,130,24,31,31,20,14,4,6,106,65,41,13,95,10,10,19
53405430,0,,,150,71,79,13,7,6,137,64,73,80,42,38,136,63,73,135,62,73,57,22,35,32,12,20,10,2,8,2,1,1,1,0,1,47,47,7,15,11,3,4,3,4,40,26,14,3,36,0,5,6
53405431,0,,,57,28,29,6,4,2,51,24,27,31,17,14,50,23,27,49,23,26,20,7,13,8,1,7,4,1,3,1,0,1,0,0,0,22,21,4,7,7,1,2,0,0,17,10,7,0,15,0,3,3
53405432,0,,,65,35,30,1,0,1,64,35,29,40,25,15,63,35,28,62,34,28,24,10,14,15,7,8,3,1,2,0,0,0,0,0,0,24,24,2,11,5,5,0,1,0,22,17,5,0,17,0,1,4
53405433,0,,,208,107,101,13,7,6,195,100,95,104,55,49,191,98,93,188,97,91,91,45,46,42,18,24,24,8,16,3,1,2,1,0,1,69,69,14,16,13,15,5,4,2,54,27,27,0,54,0,9,7
53405434,0,,,150,71,79,22,12,10,128,59,69,76,38,38,126,57,69,123,57,66,52,21,31,31,11,20,14,4,10,2,0,2,2,0,2,43,43,6,11,9,4,6,3,4,36,19,17,3,33,0,5,3
53405435,0,,,294,143,151,19,8,11,275,135,140,127,74,53,273,135,138,272,135,137,148,61,87,79,26,53,41,11,30,3,1,2,4,4,0,111,110,31,35,22,11,4,5,2,79,56,23,3,80,4,17,16
53405436,0,,,211,119,92,20,15,5,191,104,87,115,68,47,185,100,85,183,98,85,76,36,40,27,9,18,12,1,11,1,0,1,5,4,1,67,66,18,10,11,16,2,8,1,47,26,21,4,48,2,13,2
53405437,0,,,57,32,25,8,3,5,49,29,20,36,23,13,48,28,20,47,27,20,13,6,7,5,2,3,2,0,2,1,0,1,17,13,4,29,29,18,4,2,2,2,0,1,11,8,3,3,9,9,3,2
53405438,0,,,147,77,70,12,9,3,135,68,67,74,42,32,132,68,64,131,68,63,61,26,35,37,14,23,14,5,9,1,0,1,0,0,0,50,50,13,14,4,10,4,3,2,37,22,15,3,36,0,6,8
53405439,0,,,78,44,34,10,6,4,65,35,30,37,22,15,64,34,30,64,34,30,28,13,15,13,4,9,6,1,5,1,0,1,9,8,1,29,29,12,6,2,3,2,3,1,17,9,8,3,17,3,2,1
53405440,1,,53405441,62,32,30,14,7,7,50,27,23,30,19,11,48,25,23,47,24,23,20,8,12,10,2,8,4,1,3,0,0,0,0,0,0,17,17,4,4,1,3,2,2,2,14,8,6,1,15,0,4,2
53405441,2,53405440,,2,2,0,*,*,*,*,*,*,*,*,*,*,*,*,*,*,*,*,*,*,*,*,*,*,*,*,*,*,*,*,*,*,1,1,*,*,*,*,*,*,*,*,*,*,*,*,*,*,*
53405442,0,,,455,229,226,36,20,16,419,209,210,221,118,103,410,207,203,404,205,199,198,91,107,114,48,66,56,23,33,2,0,2,5,1,4,162,162,26,62,33,19,10,7,5,135,95,40,10,119,0,16,31
53405443,0,,,146,73,73,21,13,8,124,59,65,75,38,37,121,58,63,120,57,63,49,21,28,23,10,13,13,5,8,0,0,0,0,0,0,46,46,9,8,11,12,1,1,4,37,23,14,6,27,0,3,4
53405444,0,,,50,25,25,0,0,0,50,25,25,24,11,13,50,25,25,50,25,25,26,14,12,10,5,5,4,1,3,0,0,0,0,0,0,18,18,2,3,10,3,0,0,0,16,13,3,0,15,0,2,2
53405445,0,,,103,47,56,6,4,2,97,43,54,56,28,28,96,43,53,94,43,51,41,15,26,23,7,16,7,1,6,2,1,1,2,0,2,32,32,1,11,9,7,2,0,2,31,19,12,1,23,0,1,6
53405446,0,,,65,35,30,2,0,2,63,35,28,35,22,13,62,35,27,62,35,27,28,13,15,12,5,7,5,3,2,0,0,0,4,4,0,25,25,9,3,6,3,4,0,0,16,9,7,0,16,3,2,2
53405447,0,,,33,19,14,1,1,0,32,18,14,18,11,7,31,17,14,30,16,14,14,7,7,9,4,5,3,1,2,0,0,0,0,0,0,12,12,1,6,2,1,2,0,0,11,9,2,0,9,0,0,2
53405448,0,,,607,286,321,47,30,17,559,256,303,309,169,140,552,251,301,537,240,297,250,87,163,176,44,132,96,17,79,21,3,18,5,3,2,187,185,37,59,40,23,21,4,1,146,112,34,12,106,2,19,19
53405449,0,,,115,62,53,12,7,5,102,55,47,53,31,22,98,53,45,96,52,44,49,24,25,28,12,16,15,9,6,1,1,0,3,2,1,37,37,9,9,7,3,3,2,4,28,17,11,2,28,1,5,4
53405450,0,,,247,132,115,21,11,10,226,121,105,146,79,67,219,116,103,213,111,102,80,42,38,39,16,23,20,6,14,1,0,1,2,0,2,95,95,33,16,22,12,7,2,3,62,41,21,3,52,4,8,7
53405451,0,,,69,38,31,5,1,4,64,37,27,38,24,14,62,36,26,59,34,25,26,13,13,14,6,8,4,0,4,0,0,0,0,0,0,22,22,6,5,3,3,1,2,2,16,9,7,2,16,0,3,2
53405452,0,,,16,9,7,1,1,0,15,8,7,8,4,4,13,7,6,13,7,6,7,4,3,2,0,2,1,0,1,1,0,1,0,0,0,5,5,0,2,1,1,1,0,0,5,3,2,0,3,0,0,1
53405453,0,,,99,52,47,15,10,5,84,42,42,47,23,24,84,42,42,84,42,42,37,19,18,20,8,12,9,3,6,0,0,0,0,0,0,30,30,7,7,4,5,2,2,3,23,12,11,3,23,0,6,3
53405454,0,,,190,77,113,11,7,4,179,70,109,62,33,29,176,68,108,173,66,107,117,37,80,93,23,70,69,13,56,19,2,17,3,0,3,44,43,8,13,11,8,0,3,0,35,27,8,2,31,0,8,8
53405455,0,,,41,24,17,3,1,2,38,23,15,24,16,8,36,21,15,35,20,15,14,7,7,5,2,3,5,2,3,0,0,0,0,0,0,17,17,6,5,3,0,2,1,0,11,7,4,1,9,0,2,3
53405456,0,,,103,48,55,10,6,4,93,42,51,52,26,26,92,42,50,91,42,49,41,16,25,24,6,18,9,0,9,0,0,0,0,0,0,33,33,5,8,7,7,4,1,1,28,14,14,2,27,0,3,4
53405457,0,,,389,181,208,32,15,17,355,165,190,198,94,104,346,161,185,342,160,182,157,71,86,73,26,47,35,9,26,3,1,2,6,4,2,131,131,23,42,26,12,16,9,3,106,58,48,6,96,3,13,16
53405458,0,,,457,215,242,47,18,29,408,196,212,248,127,121,395,191,204,387,187,200,160,69,91,86,35,51,40,13,27,2,1,1,0,0,0,167,167,32,52,41,24,11,4,3,132,92,40,13,100,2,20,20
53405459,0,,,117,55,62,6,2,4,111,53,58,61,33,28,110,53,57,107,52,55,50,20,30,26,9,17,14,4,10,1,0,1,1,0,1,37,37,7,9,8,5,3,2,3,30,15,15,1,30,0,5,3
53405460,0,,,199,111,88,8,5,3,191,106,85,115,68,47,184,100,84,180,96,84,76,38,38,37,18,19,15,5,10,0,0,0,0,0,0,74,74,18,23,13,10,6,2,2,56,40,16,2,50,2,8,14
53405461,0,,,95,52,43,8,3,5,87,49,38,51,32,19,85,47,38,85,47,38,36,17,19,15,7,8,4,1,3,0,0,0,1,1,0,44,44,18,13,8,2,1,0,2,25,21,4,2,23,7,5,9
53405462,0,,,58,29,29,4,3,1,54,26,28,30,14,16,53,26,27,52,25,27,24,12,12,8,3,5,5,1,4,1,0,1,1,0,1,17,17,1,3,8,2,1,1,1,16,10,6,1,14,0,1,1
53405463,0,,,178,93,85,5,3,2,173,90,83,90,48,42,169,89,80,167,87,80,83,42,41,49,24,25,20,10,10,2,1,1,1,0,1,67,67,17,21,12,10,2,3,2,50,31,19,1,50,0,10,12
53405464,0,,,217,97,120,19,5,14,196,92,104,107,50,57,195,92,103,192,89,103,89,42,47,35,12,23,16,3,13,2,0,2,5,2,3,80,80,22,21,14,11,6,5,1,57,39,18,6,56,2,11,11
53405465,0,,,304,158,146,25,13,12,279,145,134,184,100,84,269,141,128,267,140,127,95,45,50,36,12,24,16,6,10,2,1,1,30,24,6,105,105,27,24,16,17,15,4,2,77,47,30,6,58,9,5,13
53405466,0,,,62,28,34,11,4,7,50,23,27,36,16,20,48,21,27,47,20,27,14,7,7,7,4,3,1,1,0,0,0,0,12,4,8,25,25,13,3,1,3,3,1,1,12,6,6,3,9,10,1,1
53405467,0,,,73,37,36,7,6,1,66,31,35,32,13,19,66,31,35,65,31,34,34,18,16,18,9,9,10,3,7,0,0,0,1,0,1,25,25,6,3,10,1,3,2,0,19,9,10,2,21,0,4,3
53405468,0,,,388,191,197,37,18,19,351,173,178,179,97,82,343,169,174,342,168,174,172,76,96,83,35,48,35,13,22,4,1,3,2,0,2,132,132,28,35,31,14,10,9,5,104,60,44,9,103,0,18,17
53405469,0,,,38,20,18,1,1,0,37,19,18,14,8,6,36,19,17,36,19,17,23,11,12,11,5,6,7,2,5,1,0,1,0,0,0,16,16,4,5,4,3,0,0,0,11,6,5,0,14,0,3,2
53405470,0,,,533,259,274,57,29,28,475,229,246,261,137,124,466,225,241,458,221,237,214,92,122,117,49,68,41,14,27,4,2,2,3,1,2,191,189,49,48,40,26,14,7,5,139,97,42,17,129,5,30,22
53405471,0,,,99,37,62,2,0,2,97,37,60,22,16,6,96,36,60,95,36,59,75,21,54,64,14,50,45,9,36,10,2,8,4,4,0,17,15,6,4,1,3,1,0,0,9,8,1,0,7,2,0,0
53405472,0,,,281,140,141,25,15,10,256,125,131,141,72,69,246,121,125,242,119,123,115,53,62,69,28,41,27,13,14,2,2,0,1,0,1,99,98,25,28,17,14,11,0,3,73,47,26,5,70,0,17,13
53405473,0,,,88,46,42,9,7,2,79,39,40,41,22,19,79,39,40,77,39,38,38,17,21,17,6,11,6,1,5,0,0,0,5,2,3,44,44,19,12,7,6,0,0,0,25,20,5,2,27,3,9,3
53405474,0,,,68,37,31,7,5,2,61,32,29,33,19,14,59,31,28,56,29,27,28,13,15,5,2,3,1,0,1,0,0,0,5,3,2,26,26,6,8,7,2,1,2,0,20,16,4,2,15,0,1,6
53405475,0,,,287,141,146,27,15,12,260,126,134,146,79,67,253,122,131,247,117,130,114,47,67,64,23,41,31,13,18,1,0,1,0,0,0,83,83,8,23,16,13,11,7,5,75,40,35,6,64,0,7,12
53405477,0,,,375,188,187,25,14,11,350,174,176,192,98,94,341,168,173,335,164,171,158,76,82,82,38,44,28,9,19,1,0,1,1,0,1,110,110,11,27,27,19,12,6,8,99,56,43,6,93,0,10,15
53405478,0,,,44,25,19,5,4,1,39,21,18,24,14,10,37,20,17,35,18,17,15,7,8,8,4,4,3,1,2,1,0,1,0,0,0,10,10,0,2,3,1,1,0,3,10,4,6,0,8,0,0,1
53405479,0,,,121,63,58,9,6,3,112,57,55,52,31,21,110,56,54,109,55,54,60,26,34,32,11,21,12,3,9,2,1,1,0,0,0,45,45,11,14,9,5,3,2,1,33,20,13,1,38,0,9,7
53405480,0,,,216,108,108,23,12,11,193,96,97,133,65,68,182,91,91,178,90,88,60,31,29,25,12,13,9,3,6,0,0,0,3,1,2,79,79,21,15,24,8,8,2,1,58,47,11,6,42,5,10,7
53405481,0,,,40,19,21,3,1,2,37,18,19,23,11,12,36,18,18,35,17,18,14,7,7,6,2,4,1,0,1,0,0,0,2,1,1,13,13,4,2,2,2,1,1,1,9,5,4,1,9,2,2,2
53405482,0,,,162,80,82,20,10,10,142,70,72,76,42,34,140,68,72,137,67,70,66,28,38,37,14,23,13,4,9,1,0,1,2,2,0,55,55,14,18,5,8,3,3,4,41,26,15,4,44,2,10,7
53405483,0,,,159,77,82,16,7,9,143,70,73,91,42,49,140,70,70,138,68,70,52,28,24,29,14,15,10,5,5,1,0,1,1,0,1,51,51,7,11,16,11,2,1,3,44,29,15,2,34,0,4,5
53405484,0,,,100,47,53,7,3,4,93,44,49,62,30,32,89,43,46,86,42,44,31,14,17,19,7,12,8,4,4,2,1,1,3,1,2,29,29,2,5,10,6,3,2,1,27,14,13,2,18,0,1,1
53405485,0,,,209,126,83,13,9,4,196,117,79,106,70,36,190,113,77,190,113,77,90,47,43,34,14,20,7,2,5,0,0,0,0,0,0,37,36,5,10,7,7,4,3,0,31,18,13,2,27,0,2,5
53405486,0,,,35,14,21,1,0,1,34,14,20,16,5,11,32,14,18,31,14,17,18,9,9,10,5,5,4,2,2,0,0,0,0,0,0,15,15,3,7,2,3,0,0,0,12,10,2,1,12,0,3,5
53405487,0,,,132,65,67,13,8,5,119,57,62,63,30,33,117,56,61,114,54,60,56,27,29,29,14,15,12,8,4,0,0,0,2,0,2,42,42,5,11,11,7,5,2,1,37,22,15,2,36,0,4,6
53405488,0,,,19,10,9,0,0,0,19,10,9,11,7,4,19,10,9,19,10,9,8,3,5,6,2,4,1,0,1,0,0,0,0,0,0,7,7,3,1,0,2,0,1,0,4,1,3,0,6,0,2,1
53405489,0,,,182,89,93,21,9,12,161,80,81,79,43,36,156,78,78,154,77,77,82,37,45,38,16,22,14,3,11,1,0,1,0,0,0,61,61,8,23,15,4,4,3,4,53,34,19,4,50,0,7,14
53405490,0,,,228,93,135,8,1,7,220,92,128,49,24,25,220,92,128,219,91,128,171,68,103,136,47,89,88,27,61,14,3,11,1,0,1,37,36,8,12,7,4,2,2,1,28,19,9,1,26,0,5,7
53405491,0,,,185,98,87,20,11,9,165,87,78,107,60,47,154,79,75,152,77,75,58,27,31,30,10,20,14,4,10,0,0,0,0,0,0,61,61,15,10,11,13,8,3,1,45,26,19,5,38,0,8,3
53405492,0,,,181,88,93,13,7,6,168,81,87,101,49,52,163,81,82,160,81,79,67,32,35,36,17,19,18,9,9,1,0,1,6,2,4,65,65,15,16,16,9,6,2,1,50,32,18,4,45,0,6,5
53405493,0,,,102,49,53,3,0,3,98,49,49,60,31,29,93,47,46,93,47,46,38,18,20,19,10,9,4,1,3,0,0,0,2,0,2,40,40,13,9,8,5,3,2,0,27,17,10,2,29,0,8,5
53405494,0,,,54,31,23,4,3,1,50,28,22,27,15,12,50,28,22,50,28,22,23,13,10,14,9,5,2,2,0,0,0,0,3,3,0,23,23,7,8,3,4,0,1,0,16,11,5,1,15,2,3,4
53405495,0,,,125,61,64,9,4,5,116,57,59,59,34,25,115,56,59,115,56,59,57,23,34,32,11,21,15,4,11,1,0,1,0,0,0,48,48,11,15,10,8,3,0,1,36,24,12,1,36,0,8,8
53405496,0,,,282,156,126,24,18,6,254,135,119,158,91,67,250,133,117,246,131,115,96,44,52,42,20,22,19,8,11,1,0,1,0,0,0,101,101,30,21,17,14,11,8,0,71,47,24,3,58,6,8,8
53405497,0,,,632,295,337,74,28,46,555,265,290,327,167,160,535,255,280,524,247,277,228,98,130,92,31,61,34,9,25,2,1,1,2,0,2,204,204,40,52,36,29,26,13,8,163,99,64,16,147,2,29,23
53405498,0,,,174,88,86,15,6,9,159,82,77,92,50,42,151,78,73,151,78,73,67,32,35,30,13,17,12,4,8,0,0,0,0,0,0,46,46,2,11,15,6,3,3,6,44,26,18,4,38,0,2,5
53405499,0,,,258,131,127,31,20,11,227,111,116,127,63,64,221,109,112,215,108,107,100,48,52,41,23,18,15,6,9,1,0,1,0,0,0,92,92,21,27,15,14,10,4,1,71,47,24,7,63,0,12,17
53405500,0,,,628,298,330,76,34,42,552,264,288,355,179,176,532,250,282,528,249,279,197,85,112,92,33,59,35,12,23,3,1,2,11,5,6,201,201,38,54,38,28,19,13,11,161,100,61,16,127,1,18,24
53405501,0,,,347,179,168,58,34,24,289,145,144,190,103,87,281,142,139,276,139,137,99,42,57,43,15,28,15,4,11,1,0,1,0,0,0,107,107,19,22,24,20,10,7,5,88,57,31,15,62,0,9,7
53405502,0,,,40,19,21,4,3,1,36,16,20,25,11,14,35,15,20,35,15,20,11,5,6,6,3,3,2,0,2,1,0,1,0,0,0,10,10,1,1,2,4,1,0,1,9,3,6,2,7,0,0,0
53405504,0,,,360,176,184,44,23,21,316,153,163,190,96,94,305,146,159,298,142,156,126,57,69,73,25,48,23,2,21,2,0,2,1,1,0,104,104,16,17,26,18,10,11,6,88,45,43,8,73,1,8,7
53405505,0,,,260,138,122,36,21,15,224,117,107,127,73,54,212,109,103,208,106,102,97,44,53,49,24,25,18,11,7,1,1,0,1,0,1,74,71,11,16,13,15,6,8,2,60,32,28,7,63,0,8,6
53405506,0,,,21,11,10,2,2,0,19,9,10,12,5,7,18,9,9,17,9,8,7,4,3,2,1,1,1,0,1,0,0,0,0,0,0,9,9,4,1,2,1,1,0,0,5,4,1,1,5,1,2,1
53405507,0,,,77,41,36,4,3,1,73,38,35,49,26,23,70,35,35,68,35,33,24,12,12,7,3,4,1,0,1,0,0,0,12,9,3,36,36,17,6,8,1,4,0,0,19,15,4,2,16,10,4,5
53405508,0,,,50,23,27,4,2,2,46,21,25,22,11,11,46,21,25,44,21,23,24,10,14,12,5,7,6,1,5,3,0,3,1,0,1,17,17,4,4,2,5,0,2,0,13,6,7,0,13,1,2,2
53405509,0,,,83,37,46,3,2,1,80,35,45,35,20,15,80,35,45,80,35,45,45,15,30,23,5,18,8,2,6,1,0,1,1,0,1,41,41,13,17,8,3,0,0,0,28,26,2,0,31,0,10,9
53405510,0,,,100,49,51,20,11,9,80,38,42,59,29,30,75,38,37,75,38,37,21,9,12,8,2,6,3,0,3,1,0,1,0,0,0,34,34,7,8,7,7,4,0,1,27,21,6,9,14,0,2,2
53405514,0,,,201,110,91,19,7,12,182,103,79,109,71,38,175,99,76,171,96,75,73,32,41,35,14,21,13,6,7,0,0,0,8,8,0,73,73,20,17,17,9,3,4,3,53,38,15,2,46,8,7,10
53405515,0,,,427,205,222,42,23,19,385,182,203,231,117,114,365,174,191,358,170,188,154,65,89,81,28,53,24,6,18,2,0,2,1,0,1,120,120,17,24,22,23,11,16,7,103,50,53,12,98,1,11,8
53405516,0,,,79,36,43,9,4,5,70,32,38,42,19,23,69,31,38,68,31,37,28,13,15,14,4,10,8,4,4,2,1,1,0,0,0,23,23,3,4,6,5,2,1,2,20,8,12,1,19,0,3,3
53405517,0,,,183,93,90,13,6,7,170,87,83,111,59,52,168,86,82,162,82,80,59,28,31,32,13,19,14,6,8,1,1,0,8,7,1,60,60,14,11,13,10,7,3,2,46,19,27,5,39,2,4,3
53405518,0,,,32,19,13,3,1,2,29,18,11,15,10,5,29,18,11,28,17,11,14,8,6,4,2,2,2,1,1,0,0,0,0,0,0,10,10,2,2,4,0,1,0,1,8,6,2,1,8,0,1,2
53405519,0,,,156,29,127,1,0,1,155,29,126,10,4,6,154,29,125,154,29,125,145,25,120,127,19,108,92,13,79,19,2,17,0,0,0,7,6,0,1,3,1,0,1,0,6,4,2,0,5,0,0,1
53405520,0,,,331,167,164,23,13,10,308,154,154,168,89,79,295,146,149,290,142,148,140,65,75,70,26,44,29,11,18,0,0,0,2,2,0,114,114,23,30,26,18,8,5,4,91,53,38,4,88,0,12,14
53405521,0,,,373,174,199,36,12,24,335,161,174,196,99,97,321,156,165,313,152,161,139,62,77,58,20,38,27,6,21,2,0,2,12,4,8,110,110,18,27,18,19,9,10,9,91,44,47,9,83,3,7,13
53405522,0,,,109,51,58,5,2,3,104,49,55,48,25,23,104,49,55,102,49,53,56,24,32,28,10,18,8,2,6,1,0,1,0,0,0,34,34,8,7,6,5,2,3,3,26,10,16,0,32,0,6,5
53405524,0,,,75,40,35,6,3,3,69,37,32,39,21,18,68,37,31,68,37,31,30,16,14,10,3,7,1,0,1,0,0,0,0,0,0,25,25,4,8,3,6,2,2,0,21,11,10,1,20,0,4,6
53405525,0,,,349,171,178,38,17,21,311,154,157,182,95,87,303,153,150,300,150,150,129,59,70,63,27,36,22,9,13,2,0,2,6,0,6,103,103,9,25,26,19,12,9,3,94,52,42,13,79,0,6,15
53405526,0,,,73,46,27,1,0,1,72,46,26,48,32,16,70,45,25,68,43,25,24,14,10,16,7,9,6,2,4,0,0,0,9,8,1,32,32,16,7,2,2,2,2,1,15,7,8,0,17,8,6,0
53405527,0,,,123,67,56,5,3,2,118,64,54,70,44,26,113,61,52,110,59,51,48,20,28,24,8,16,11,4,7,1,0,1,7,7,0,44,44,11,11,9,8,1,3,1,33,19,14,0,28,6,3,5
53405528,2,53405538,,9,2,7,*,*,*,*,*,*,*,*,*,*,*,*,*,*,*,*,*,*,*,*,*,*,*,*,*,*,*,*,*,*,3,3,*,*,*,*,*,*,*,*,*,*,*,*,*,*,*
53405529,0,,,259,116,143,27,16,11,232,100,132,141,60,81,227,99,128,225,97,128,91,40,51,48,18,30,17,5,12,1,0,1,14,2,12,91,91,24,20,20,17,1,6,3,64,39,25,8,56,5,7,9
53405530,0,,,112,52,60,6,1,5,106,51,55,63,33,30,104,50,54,103,50,53,43,18,25,27,10,17,6,1,5,1,0,1,0,0,0,36,36,5,8,10,7,3,3,0,30,15,15,1,27,0,3,5
53405531,0,,,296,147,149,31,15,16,265,132,133,152,82,70,259,128,131,254,125,129,113,50,63,53,19,34,17,5,12,2,0,2,1,0,1,89,89,11,22,19,15,15,5,2,77,41,36,5,70,0,5,15
53405532,0,,,418,196,222,62,23,39,356,173,183,204,107,97,347,166,181,343,162,181,152,66,86,76,30,46,35,8,27,2,1,1,3,2,1,122,122,15,31,24,19,15,12,6,105,55,50,14,92,1,12,16
53405533,0,,,335,167,168,37,21,16,298,146,152,164,84,80,291,144,147,289,143,146,134,62,72,69,30,39,23,6,17,1,0,1,4,3,1,96,96,10,26,15,22,7,10,6,85,42,43,9,78,1,8,18
53405534,0,,,239,135,104,26,19,7,213,116,97,124,70,54,208,114,94,206,114,92,89,46,43,38,20,18,12,7,5,0,0,0,9,5,4,78,78,17,20,16,8,6,7,4,60,35,25,13,58,1,7,8
53405536,1,,53405537,49,30,19,2,1,1,50,31,19,34,22,12,50,31,19,49,31,18,16,9,7,7,5,2,2,2,0,0,0,0,14,12,2,23,23,17,2,3,2,1,0,1,9,5,4,1,9,5,1,1
53405537,2,53405536,,3,2,1,*,*,*,*,*,*,*,*,*,*,*,*,*,*,*,*,*,*,*,*,*,*,*,*,*,*,*,*,*,*,3,3,*,*,*,*,*,*,*,*,*,*,*,*,*,*,*
53405538,1,,53405528,195,105,90,9,4,5,195,103,92,116,66,50,190,101,89,190,101,89,79,37,42,43,16,27,8,1,7,1,0,1,15,15,0,82,82,33,20,14,9,2,6,1,52,35,17,1,53,10,14,10
53405539,0,,,227,118,109,18,7,11,209,111,98,121,72,49,203,107,96,200,105,95,88,39,49,42,18,24,11,2,9,0,0,0,8,8,0,86,86,22,26,19,7,7,2,3,64,44,20,5,59,6,10,13
53405540,0,,,168,84,84,19,7,12,149,77,72,79,43,36,148,77,71,145,76,69,70,34,36,22,7,15,12,3,9,2,0,2,3,3,0,52,52,9,14,9,6,8,3,3,41,24,17,5,43,3,4,6
53405541,0,,,271,142,129,16,8,8,253,133,120,144,82,62,245,128,117,242,127,115,109,51,58,54,17,37,29,8,21,3,1,2,0,0,0,86,86,16,24,18,8,9,6,5,69,39,30,4,67,2,10,11
53405542,0,,,179,91,88,19,6,13,159,84,75,98,56,42,155,82,73,154,82,72,61,28,33,39,18,21,15,7,8,2,0,2,1,0,1,56,56,8,13,14,12,5,1,3,48,24,24,7,38,0,4,4
53405543,0,,,223,117,106,29,13,16,194,104,90,114,71,43,189,99,90,187,97,90,80,33,47,27,10,17,11,4,7,0,0,0,3,2,1,65,65,7,18,14,10,6,4,6,58,35,23,6,49,0,4,7
53405544,0,,,248,121,127,13,8,5,235,113,122,136,68,68,223,107,116,210,102,108,99,45,54,47,20,27,23,10,13,2,1,1,4,0,4,83,83,16,19,21,13,8,3,3,67,37,30,2,60,0,9,14
53405545,0,,,66,41,25,4,2,2,62,39,23,38,28,10,61,39,22,60,38,22,24,11,13,10,4,6,3,1,2,0,0,0,12,12,0,31,31,15,5,6,3,1,1,0,15,9,6,1,14,1,1,1
53405546,0,,,2243,1070,1173,254,139,115,1984,929,1055,1441,712,729,1885,885,1000,1828,855,973,543,217,326,324,105,219,181,46,135,36,5,31,30,8,22,757,754,133,229,200,139,40,11,2,616,562,54,55,235,3,47,64
53405547,0,,,295,143,152,31,12,19,264,131,133,176,89,87,257,127,130,253,124,129,88,42,46,44,17,27,14,5,9,2,0,2,13,7,6,113,113,23,39,22,20,7,1,1,88,70,18,12,63,4,14,16
53405548,0,,,324,162,162,15,7,8,309,155,154,168,85,83,296,151,145,291,149,142,141,70,71,61,27,34,20,6,14,3,1,2,3,1,2,119,119,24,39,25,17,8,3,3,94,61,33,4,90,1,16,19
53405549,0,,,31,17,14,6,4,2,25,13,12,14,7,7,23,12,11,23,12,11,11,6,5,3,2,1,2,1,1,0,0,0,2,1,1,10,10,2,2,3,0,2,1,0,8,6,2,1,6,0,0,2
53405550,0,,,34,18,16,0,0,0,34,18,16,16,10,6,34,18,16,34,18,16,18,8,10,13,5,8,5,2,3,0,0,0,0,0,0,13,13,4,3,3,1,1,1,0,9,5,4,0,10,0,3,1
53405551,0,,,113,60,53,9,3,6,104,57,47,54,33,21,102,55,47,102,55,47,50,24,26,30,14,16,10,4,6,2,0,2,0,0,0,39,39,5,10,12,8,4,0,0,34,25,9,3,33,0,5,2
53405552,0,,,89,48,41,1,0,1,87,47,40,38,23,15,86,47,39,85,47,38,49,24,25,19,9,10,10,4,6,0,0,0,0,0,0,36,36,9,10,10,5,2,0,0,27,18,9,0,30,0,6,7
53405553,0,,,190,92,98,8,4,4,182,88,94,106,53,53,176,86,90,172,86,86,76,35,41,38,13,25,12,3,9,1,0,1,2,1,1,58,58,9,15,11,9,4,9,1,49,22,27,2,48,0,7,9
53405554,0,,,329,167,162,43,22,21,285,145,140,166,91,75,282,145,137,281,145,136,119,54,65,69,27,42,25,10,15,2,0,2,10,7,3,102,102,23,20,23,14,9,5,8,77,39,38,11,76,1,17,9
53405555,0,,,67,51,16,2,1,1,63,48,15,49,41,8,61,48,13,60,48,12,14,7,7,4,1,3,1,0,1,0,0,0,21,21,0,48,48,40,3,3,1,0,0,1,8,4,4,1,9,31,2,3
53405556,0,,,115,58,57,3,1,2,112,57,55,53,28,25,109,54,55,105,51,54,59,29,30,27,12,15,11,4,7,1,0,1,0,0,0,40,40,6,15,8,4,4,2,1,34,19,15,1,35,0,5,9
53405557,0,,,448,226,222,19,5,14,429,221,208,218,123,95,421,215,206,414,210,204,211,98,113,105,46,59,32,15,17,1,0,1,7,4,3,174,174,44,57,41,10,11,7,4,128,85,43,4,141,1,30,30
53405559,0,,,218,114,104,22,15,7,196,99,97,117,66,51,191,96,95,186,95,91,79,33,46,41,16,25,9,5,4,1,1,0,6,6,0,76,76,17,20,16,9,9,3,2,59,42,17,3,50,4,9,11
53405560,0,,,13,7,6,0,0,0,13,7,6,6,2,4,13,7,6,12,7,5,7,5,2,2,1,1,1,1,0,1,1,0,0,0,0,6,6,2,2,1,1,0,0,0,4,3,1,0,5,0,1,1
53405561,0,,,50,25,25,6,0,6,44,25,19,25,15,10,44,25,19,43,24,19,19,10,9,9,4,5,4,1,3,0,0,0,0,0,0,16,16,3,5,0,5,1,2,0,13,6,7,1,12,0,2,3
53405562,0,,,117,60,57,8,4,4,109,56,53,67,36,31,107,55,52,104,53,51,42,20,22,30,13,17,14,6,8,0,0,0,9,5,4,30,30,4,6,5,3,4,4,4,26,11,15,1,23,0,2,1
53405563,0,,,307,170,137,24,14,10,283,156,127,172,100,72,273,149,124,268,145,123,111,56,55,56,27,29,15,7,8,2,1,1,40,33,7,115,115,44,26,14,9,9,7,6,71,36,35,6,65,17,12,12
53405564,0,,,361,181,180,38,19,19,323,162,161,202,108,94,311,153,158,300,150,150,121,54,67,60,22,38,23,5,18,2,0,2,5,5,0,117,117,25,29,20,19,11,7,6,92,53,39,6,78,6,13,16
53405565,0,,,86,46,40,10,4,6,75,41,34,50,28,22,71,40,31,71,40,31,25,13,12,11,6,5,5,2,3,1,1,0,10,8,2,37,37,15,9,7,3,1,0,2,22,19,3,2,15,4,3,2
53405566,0,,,267,133,134,14,7,7,253,126,127,140,73,67,247,122,125,242,120,122,113,53,60,62,26,36,21,7,14,0,0,0,2,0,2,103,103,23,33,26,13,4,1,3,79,59,20,2,71,0,13,16
53405567,1,,53405577,219,104,115,15,9,6,214,98,116,112,53,59,213,97,116,212,96,116,102,45,57,49,22,27,17,6,11,2,0,2,7,2,5,77,77,13,25,25,13,3,4,0,70,47,23,5,63,4,7,15
53405568,0,,,96,50,46,5,3,2,91,47,44,44,23,21,89,47,42,88,46,42,47,24,23,28,13,15,8,3,5,1,1,0,0,0,0,30,30,1,12,6,4,5,2,0,29,15,14,1,28,0,1,6
53405569,0,,,78,40,38,7,5,2,66,33,33,41,20,21,65,33,32,63,31,32,25,13,12,13,8,5,2,1,1,1,1,0,4,4,0,29,29,8,8,5,4,1,3,0,20,14,6,3,15,3,2,6
53405570,0,,,197,96,101,21,9,12,176,87,89,101,49,52,170,85,85,166,84,82,75,38,37,31,16,15,11,4,7,1,1,0,6,0,6,64,64,13,18,8,14,4,3,4,51,29,22,3,46,4,4,5
53405571,0,,,368,175,193,22,9,13,342,164,178,218,110,108,333,157,176,327,153,174,124,54,70,58,20,38,25,6,19,5,2,3,26,2,24,145,145,56,29,20,23,6,6,5,85,51,34,6,82,22,15,6
53405572,0,,,95,50,45,7,5,2,88,45,43,40,22,18,86,44,42,86,44,42,48,23,25,25,10,15,17,6,11,1,1,0,0,0,0,30,30,4,6,8,6,5,1,0,26,10,16,1,27,0,4,1
53405573,0,,,79,37,42,12,6,6,67,31,36,34,17,17,65,30,35,64,30,34,33,14,19,12,6,6,5,2,3,1,0,1,0,0,0,23,23,2,7,4,5,2,1,2,21,11,10,2,18,0,2,3
53405574,0,,,153,81,72,13,6,7,140,75,65,76,42,34,136,75,61,136,75,61,64,33,31,35,18,17,8,5,3,2,1,1,1,0,1,51,51,10,13,12,8,4,1,3,41,26,15,4,40,0,7,5
53405575,0,,,136,61,75,4,1,3,132,60,72,65,35,30,130,59,71,127,58,69,67,25,42,46,15,31,25,7,18,4,1,3,4,2,2,45,44,11,13,8,8,3,1,0,32,20,12,2,34,2,7,4
53405576,0,,,562,271,291,47,22,25,515,249,266,285,148,137,506,244,262,496,239,257,230,101,129,108,37,71,45,13,32,6,1,5,15,9,6,201,201,53,50,41,23,19,10,5,147,86,61,12,151,9,27,25
53405577,2,53405567,,10,3,7,*,*,*,*,*,*,*,*,*,*,*,*,*,*,*,*,*,*,*,*,*,*,*,*,*,*,*,*,*,*,6,6,*,*,*,*,*,*,*,*,*,*,*,*,*,*,*
53405578,0,,,82,45,37,16,11,5,65,33,32,45,23,22,65,33,32,65,33,32,20,10,10,7,4,3,2,0,2,0,0,0,2,0,2,27,27,7,4,6,6,2,0,2,20,15,5,4,10,1,1,1
53405579,0,,,121,56,65,11,2,9,110,54,56,67,36,31,110,54,56,109,53,56,43,18,25,23,9,14,6,2,4,0,0,0,1,1,0,40,40,9,8,8,7,4,4,0,31,13,18,3,29,1,5,2
53405580,0,,,53,25,28,2,2,0,51,23,28,40,18,22,51,23,28,48,22,26,11,5,6,4,1,3,1,0,1,0,0,0,14,0,14,29,29,19,4,1,3,1,1,0,10,7,3,0,7,10,2,2
53405581,0,,,167,89,78,11,7,4,156,82,74,77,39,38,156,82,74,153,79,74,79,43,36,39,18,21,15,6,9,1,0,1,0,0,0,64,64,16,20,13,9,3,2,1,48,36,12,0,50,0,13,10
53405582,0,,,180,93,87,20,10,10,160,83,77,93,53,40,157,81,76,156,81,75,67,30,37,27,8,19,10,2,8,0,0,0,1,0,1,60,60,12,13,14,14,3,2,2,48,32,16,5,46,0,10,6
53405583,0,,,57,25,32,7,2,5,50,23,27,29,13,16,50,23,27,50,23,27,21,10,11,11,3,8,4,2,2,0,0,0,1,0,1,17,17,4,1,5,4,1,0,2,13,7,6,3,13,0,2,1
53405584,0,,,255,126,129,23,17,6,232,109,123,127,63,64,224,107,117,222,106,116,105,46,59,56,19,37,21,7,14,0,0,0,1,0,1,82,82,19,17,19,11,7,2,7,62,29,33,3,66,1,12,6
53405585,0,,,286,115,171,16,8,8,270,107,163,76,37,39,267,105,162,263,102,161,194,70,124,147,49,98,84,18,66,17,3,14,0,0,0,62,60,12,23,9,8,4,3,1,48,31,17,4,46,1,9,14
53405586,0,,,668,319,349,51,21,30,617,298,319,348,169,179,601,293,308,592,286,306,269,129,140,118,53,65,44,16,28,6,1,5,4,1,3,242,242,51,76,46,39,16,9,5,190,125,65,14,168,1,31,36
53405587,0,,,98,53,45,5,2,3,93,51,42,58,32,26,89,48,41,87,47,40,35,19,16,19,8,11,10,5,5,0,0,0,2,1,1,30,30,4,8,6,6,2,2,2,26,12,14,1,22,0,1,4
53405588,0,,,224,121,103,15,8,7,202,110,92,127,74,53,199,108,91,198,107,91,75,36,39,33,15,18,8,2,6,1,0,1,7,1,6,88,88,30,21,15,12,3,5,2,56,34,22,7,46,2,5,6
53405589,0,,,208,106,102,13,8,5,195,98,97,117,63,54,185,94,91,183,92,91,78,35,43,35,14,21,5,1,4,0,0,0,2,1,1,71,71,19,13,15,11,6,5,2,52,33,19,2,53,2,13,5
53405590,0,,,98,49,49,5,4,1,93,45,48,38,20,18,93,45,48,92,45,47,55,25,30,21,7,14,9,1,8,0,0,0,0,0,0,41,41,10,14,12,2,2,1,0,31,24,7,1,32,0,8,7
53405591,0,,,386,212,174,81,47,34,305,165,140,200,112,88,286,155,131,278,153,125,105,53,52,54,22,32,15,4,11,1,0,1,1,0,1,63,57,7,16,11,11,6,3,3,49,26,23,4,49,0,7,9
53405592,0,,,207,113,94,10,6,4,197,107,90,124,76,48,193,105,88,192,104,88,73,31,42,28,11,17,12,5,7,0,0,0,0,0,0,51,50,9,21,7,4,6,1,2,41,28,13,3,38,3,4,10
53405593,0,,,35,21,14,5,3,2,30,18,12,24,15,9,29,17,12,29,17,12,6,3,3,2,1,1,2,1,1,0,0,0,11,8,3,17,17,11,2,0,1,2,1,0,6,4,2,1,4,9,0,2
53405594,0,,,817,405,412,70,37,33,747,368,379,407,212,195,730,360,370,715,350,365,340,156,184,141,63,78,32,8,24,4,1,3,14,9,5,309,308,64,111,68,41,16,5,3,244,207,37,20,200,9,36,66
53405595,0,,,1334,661,673,101,59,42,1227,597,630,615,317,298,1194,579,615,1174,568,606,612,280,332,278,138,140,30,6,24,0,0,0,15,11,4,547,547,129,212,113,49,26,11,7,411,348,63,24,390,9,85,146
53405596,0,,,105,52,53,18,9,9,87,43,44,61,32,29,83,42,41,83,42,41,26,11,15,10,5,5,3,1,2,0,0,0,0,0,0,39,39,7,13,8,7,4,0,0,32,27,5,8,14,0,1,5
53405597,0,,,166,82,84,13,7,6,152,75,77,95,49,46,147,72,75,147,72,75,57,26,31,30,12,18,14,4,10,2,0,2,2,1,1,54,54,11,9,16,7,6,4,1,43,22,21,2,36,1,7,3
53405598,0,,,1268,651,617,136,68,68,1129,582,547,765,403,362,1095,557,538,1081,548,533,364,179,185,102,47,55,21,8,13,1,0,1,7,1,6,523,523,135,187,92,76,23,6,4,383,327,56,39,247,10,52,80
53405599,0,,,1254,615,639,177,85,92,1072,526,546,795,401,394,1038,510,528,1017,501,516,277,125,152,120,49,71,29,13,16,0,0,0,29,16,13,498,498,126,158,99,78,24,8,5,365,318,47,41,200,7,54,47
53405600,0,,,131,65,66,12,7,5,119,58,61,62,31,31,117,57,60,115,56,59,57,27,30,25,10,15,7,1,6,0,0,0,4,0,4,48,48,10,16,11,3,4,4,0,38,22,16,4,36,4,5,8
53405601,0,,,297,151,146,16,6,10,281,145,136,171,92,79,273,141,132,271,140,131,110,53,57,55,26,29,10,4,6,0,0,0,6,4,2,119,119,35,33,20,23,5,2,1,84,65,19,5,74,3,14,16
53405602,0,,,382,191,191,27,15,12,351,172,179,196,101,95,340,164,176,338,164,174,155,71,84,65,27,38,24,7,17,4,1,3,18,7,11,155,155,53,41,27,19,7,4,4,101,67,34,4,93,16,18,22
53405603,0,,,100,50,50,12,6,6,88,44,44,64,33,31,86,43,43,85,42,43,24,11,13,14,5,9,5,1,4,1,0,1,4,0,4,38,38,11,11,7,5,2,0,2,27,20,7,4,17,2,2,4
53405604,0,,,999,494,505,88,43,45,896,440,456,549,289,260,875,425,450,856,414,442,347,151,196,178,69,109,72,23,49,3,1,2,18,6,12,372,371,102,106,61,56,28,9,9,262,181,81,24,220,10,41,47
53405605,0,,,2918,1431,1487,346,179,167,2547,1239,1308,1773,922,851,2474,1204,1270,2424,1178,1246,774,317,457,416,153,263,98,27,71,8,0,8,136,76,60,1168,1168,328,316,261,176,58,23,6,825,663,162,104,523,39,108,118
53405606,0,,,80,28,52,12,3,9,68,25,43,56,19,37,65,24,41,63,22,41,12,6,6,4,3,1,1,1,0,0,0,0,25,4,21,40,40,21,7,4,7,1,0,0,19,18,1,3,9,15,4,1
53405610,0,,,506,257,249,53,25,28,440,220,220,243,130,113,431,216,215,426,214,212,197,90,107,86,32,54,31,8,23,3,1,2,25,24,1,201,201,64,55,37,24,8,7,6,135,93,42,14,126,7,27,32
53405611,0,,,1081,520,561,99,50,49,982,470,512,547,281,266,951,449,502,936,442,494,435,189,246,196,77,119,45,15,30,3,0,3,11,9,2,403,403,98,128,73,52,26,15,11,305,210,95,15,283,3,59,78
53405612,0,,,10,5,5,0,0,0,10,5,5,6,3,3,10,5,5,10,5,5,4,2,2,3,1,2,0,0,0,0,0,0,0,0,0,5,5,0,5,0,0,0,0,0,5,5,0,0,3,0,0,2
53405613,0,,,534,272,262,53,32,21,481,240,241,312,162,150,467,234,233,457,230,227,169,78,91,78,29,49,24,10,14,1,0,1,24,12,12,190,190,42,55,40,28,10,8,7,147,97,50,7,115,9,17,18
53405614,0,,,785,380,405,70,39,31,715,341,374,488,256,232,691,323,368,677,315,362,227,85,142,118,39,79,32,7,25,2,1,1,29,15,14,292,292,82,77,58,31,25,12,7,206,151,55,18,158,17,33,29
53405615,0,,,138,61,77,10,1,9,125,59,66,79,45,34,124,59,65,122,58,64,46,14,32,21,6,15,10,1,9,0,0,0,7,4,3,66,66,29,18,9,5,4,1,0,36,27,9,3,33,4,9,7
53405620,0,,,695,331,364,55,30,25,640,301,339,354,176,178,624,293,331,617,288,329,286,125,161,145,59,86,51,18,33,2,0,2,9,6,3,240,240,37,79,51,40,18,10,5,199,131,68,11,176,3,22,44
53405621,0,,,44,21,23,6,3,3,38,18,20,25,13,12,37,17,20,37,17,20,13,5,8,8,3,5,0,0,0,0,0,0,1,0,1,11,11,0,2,3,3,0,2,1,11,4,7,1,8,0,0,0
53405622,0,,,239,125,114,12,6,6,227,119,108,146,79,67,221,116,105,215,113,102,81,40,41,35,16,19,13,6,7,1,0,1,7,6,1,75,75,16,13,15,14,8,7,2,59,32,27,3,52,2,7,5
53405623,0,,,294,146,148,31,24,7,263,122,141,171,79,92,259,121,138,250,116,134,92,43,49,38,19,19,7,1,6,0,0,0,23,7,16,127,127,43,37,20,19,7,1,0,84,71,13,7,65,19,14,16
53405624,0,,,604,298,306,52,27,25,551,271,280,344,188,156,536,263,273,528,260,268,207,83,124,112,41,71,29,12,17,0,0,0,11,7,4,221,221,54,67,40,25,23,6,6,165,115,50,10,142,9,28,25
53405625,0,,,27,13,14,0,0,0,27,13,14,18,9,9,24,13,11,24,13,11,9,4,5,3,2,1,0,0,0,0,0,0,0,0,0,13,13,6,3,2,1,1,0,0,7,6,1,0,6,1,2,1
53405630,2,53405640,,9,3,6,*,*,*,*,*,*,*,*,*,*,*,*,*,*,*,*,*,*,*,*,*,*,*,*,*,*,*,*,*,*,2,2,*,*,*,*,*,*,*,*,*,*,*,*,*,*,*
53405631,0,,,370,181,189,28,16,12,342,165,177,195,105,90,335,161,174,331,159,172,147,60,87,75,28,47,22,9,13,2,1,1,0,0,0,146,146,42,45,24,21,7,4,3,101,69,32,8,106,1,33,18
53405632,0,,,329,174,155,27,14,13,302,160,142,195,109,86,294,156,138,290,152,138,107,51,56,58,31,27,9,5,4,0,0,0,16,14,2,131,131,41,37,21,17,9,4,2,89,68,21,7,73,10,20,16
53405633,0,,,23,15,8,2,1,1,21,14,7,13,10,3,20,13,7,19,12,7,8,4,4,5,3,2,0,0,0,0,0,0,0,0,0,9,9,2,2,3,2,0,0,0,7,6,1,0,5,0,1,1
53405634,0,,,68,37,31,3,2,1,65,35,30,37,23,14,62,34,28,60,32,28,28,12,16,13,7,6,3,1,2,1,0,1,3,3,0,24,24,7,4,3,8,0,2,0,17,10,7,1,18,2,4,2
53405640,1,,53405630,722,349,373,56,25,31,675,327,348,387,202,185,655,317,338,641,308,333,288,125,163,134,51,83,40,12,28,1,0,1,9,5,4,238,236,46,62,42,43,20,16,9,189,110,79,11,182,2,27,33
53405641,0,,,1534,737,797,151,72,79,1369,658,711,842,423,419,1327,640,687,1291,623,668,527,235,292,257,113,144,57,18,39,4,0,4,20,5,15,611,610,140,223,125,81,29,8,4,461,402,59,37,323,10,54,125
53405642,0,,,2625,1307,1318,427,211,216,2177,1085,1092,1701,867,834,2082,1039,1043,2002,1000,1002,476,218,258,203,91,112,41,14,27,3,0,3,17,3,14,994,994,229,280,211,196,54,20,4,750,672,78,105,335,18,94,97
53405643,0,,,91,44,47,9,3,6,82,41,41,45,25,20,80,39,41,80,39,41,37,16,21,17,7,10,6,2,4,0,0,0,2,1,1,33,33,6,15,1,7,2,1,1,27,22,5,3,22,1,4,5
53405644,0,,,4,4,0,0,0,0,4,4,0,4,4,0,4,4,0,4,4,0,0,0,0,0,0,0,0,0,0,0,0,0,4,4,0,4,4,4,0,0,0,0,0,0,0,0,0,0,0,3,0,0
53405650,0,,,108,55,53,5,3,2,103,52,51,54,31,23,101,51,50,100,50,50,49,21,28,26,12,14,4,2,2,0,0,0,1,1,0,46,46,15,13,9,6,2,1,0,31,23,8,2,32,2,8,6
53405651,0,,,1929,961,968,363,192,171,1557,763,794,1210,602,608,1502,738,764,1466,717,749,347,161,186,155,67,88,37,12,25,0,0,0,19,6,13,734,734,164,225,157,123,45,16,4,563,504,59,125,235,26,47,71
53405652,1,,53405663,3218,1525,1693,513,262,251,2695,1258,1437,2040,996,1044,2573,1191,1382,2500,1160,1340,655,262,393,333,108,225,140,21,119,29,2,27,35,8,27,1210,1207,302,365,250,210,65,8,9,897,817,80,113,363,22,121,86
53405653,0,,,105,56,49,7,5,2,98,51,47,62,33,29,96,49,47,92,45,47,36,18,18,17,7,10,4,2,2,0,0,0,1,1,0,39,39,9,11,6,10,2,1,0,30,24,6,0,26,0,3,5
53405660,0,,,14,8,6,0,0,0,14,8,6,7,5,2,14,8,6,14,8,6,7,3,4,4,1,3,2,1,1,0,0,0,0,0,0,5,5,1,1,1,2,0,0,0,4,3,1,0,5,0,1,1
53405661,0,,,191,92,99,16,10,6,175,82,93,99,49,50,173,81,92,169,78,91,76,33,43,29,11,18,9,3,6,1,0,1,2,2,0,74,74,16,27,16,6,6,2,1,56,39,17,6,49,0,9,8
53405662,0,,,908,441,467,122,66,56,772,365,407,504,250,254,723,344,379,707,335,372,268,115,153,168,60,108,69,14,55,9,0,9,19,13,6,277,275,58,65,56,65,20,9,2,213,169,44,31,108,3,28,19
53405663,2,53405652,,2,2,0,*,*,*,*,*,*,*,*,*,*,*,*,*,*,*,*,*,*,*,*,*,*,*,*,*,*,*,*,*,*,2,2,*,*,*,*,*,*,*,*,*,*,*,*,*,*,*
53405670,0,,,155,85,70,15,9,6,140,76,64,83,50,33,135,72,63,133,70,63,57,26,31,27,10,17,11,2,9,2,0,2,2,2,0,49,49,9,14,11,5,0,7,3,40,24,16,3,33,1,5,5
53405671,0,,,244,128,116,26,15,11,218,113,105,132,73,59,211,109,102,206,107,99,86,40,46,32,15,17,14,6,8,3,2,1,9,6,3,79,79,18,14,15,14,14,3,1,61,33,28,6,54,1,7,6
53405672,0,,,122,64,58,10,9,1,112,55,57,57,29,28,111,55,56,111,55,56,55,26,29,29,16,13,11,5,6,0,0,0,4,4,0,47,47,13,18,7,4,1,1,3,33,24,9,2,36,2,6,10
53405680,0,,,237,117,120,11,5,6,225,111,114,102,70,32,222,109,113,222,109,113,123,41,82,90,24,66,57,13,44,14,2,12,20,20,0,83,82,49,8,14,3,4,1,3,32,21,11,4,36,10,11,6
53405681,1,,53405682,151,76,75,7,6,1,146,71,75,74,47,27,145,71,74,143,69,74,72,24,48,55,15,40,31,5,26,5,0,5,7,7,0,51,50,19,11,12,5,3,1,1,32,24,8,2,30,2,6,3
53405682,2,53405681,,2,1,1,*,*,*,*,*,*,*,*,*,*,*,*,*,*,*,*,*,*,*,*,*,*,*,*,*,*,*,*,*,*,2,2,*,*,*,*,*,*,*,*,*,*,*,*,*,*,*
53405690,0,,,210,112,98,25,13,12,185,99,86,121,70,51,181,98,83,176,96,80,64,29,35,28,13,15,10,6,4,0,0,0,10,10,0,73,72,15,25,10,10,7,4,1,57,42,15,5,40,5,3,11
53405691,0,,,81,41,40,8,4,4,73,37,36,54,30,24,72,37,35,69,36,33,19,7,12,8,2,6,5,1,4,0,0,0,5,3,2,26,26,6,5,4,7,1,2,1,20,13,7,3,12,3,0,3
53406000,0,,,4110,2001,2109,353,167,186,3624,1754,1870,2101,1048,1053,3521,1703,1818,3450,1671,1779,1523,706,817,659,301,358,121,48,73,10,2,8,73,41,32,1916,1913,640,710,301,194,52,14,2,1249,1161,88,77,1006,57,256,388
53406001,0,,,102,50,52,9,5,4,93,45,48,48,26,22,91,44,47,90,43,47,45,19,26,14,5,9,6,2,4,0,0,0,1,0,1,38,38,9,10,8,6,5,0,0,28,22,6,0,27,0,6,7
53406002,0,,,149,79,70,14,9,5,134,69,65,83,42,41,130,65,65,130,65,65,51,27,24,28,13,15,8,3,5,0,0,0,0,0,0,56,56,14,17,9,7,8,1,0,41,31,10,5,36,0,9,8
53406003,0,,,455,215,240,26,7,19,428,207,221,240,118,122,423,206,217,416,204,212,188,89,99,88,39,49,27,10,17,2,0,2,0,0,0,165,165,36,48,35,25,13,4,4,128,89,39,6,123,0,27,28
53406004,0,,,209,99,110,12,5,7,197,94,103,121,61,60,193,92,101,192,91,101,76,33,43,40,14,26,19,7,12,3,1,2,0,0,0,70,70,8,21,20,12,6,1,2,61,43,18,4,50,0,7,7
53406005,0,,,170,82,88,14,6,8,156,76,80,93,48,45,155,76,79,154,75,79,63,28,35,33,12,21,7,3,4,0,0,0,2,1,1,64,64,13,24,12,8,4,1,2,49,39,10,3,44,0,9,8
53406006,0,,,75,38,37,7,3,4,68,35,33,42,22,20,67,34,33,66,33,33,26,13,13,12,6,6,6,2,4,1,1,0,0,0,0,29,29,7,8,6,6,2,0,0,22,16,6,0,20,0,7,3
53406007,1,,53406009,303,153,150,31,17,14,273,137,136,160,83,77,267,133,134,260,131,129,113,54,59,40,16,24,17,6,11,1,0,1,0,0,0,111,111,23,34,26,16,9,2,2,89,67,22,6,72,0,16,18
53406009,2,53406007,,1,1,0,*,*,*,*,*,*,*,*,*,*,*,*,*,*,*,*,*,*,*,*,*,*,*,*,*,*,*,*,*,*,1,1,*,*,*,*,*,*,*,*,*,*,*,*,*,*,*
53406010,0,,,5098,2530,2568,477,246,231,4501,2212,2289,2929,1484,1445,4354,2141,2213,4251,2083,2168,1572,728,844,710,329,381,139,51,88,10,3,7,103,51,52,2253,2244,739,734,393,278,72,21,7,1482,1355,127,120,1052,69,266,346
53406011,0,,,3128,1570,1558,776,406,370,2306,1134,1172,1813,909,904,2241,1107,1134,2207,1089,1118,493,225,268,176,84,92,40,16,24,2,0,2,60,24,36,1117,1116,223,279,251,254,96,13,0,882,828,54,258,301,23,48,102
53406012,0,,,2484,1244,1240,573,308,265,1884,917,967,1630,811,819,1728,836,892,1648,798,850,254,106,148,100,42,58,23,3,20,5,0,5,25,11,14,840,840,168,159,174,235,90,12,2,667,618,49,91,170,27,38,45
53406013,0,,,291,149,142,23,9,14,267,139,128,173,95,78,263,137,126,258,133,125,94,44,50,43,17,26,20,6,14,3,0,3,6,5,1,102,102,23,26,23,18,6,3,3,78,50,28,6,62,0,9,3
53406014,2,53406015,,6,3,3,*,*,*,*,*,*,*,*,*,*,*,*,*,*,*,*,*,*,*,*,*,*,*,*,*,*,*,*,*,*,3,3,*,*,*,*,*,*,*,*,*,*,*,*,*,*,*
53406015,1,,53406014,481,250,231,26,10,16,460,242,218,259,148,111,449,236,213,444,232,212,201,94,107,83,30,53,36,8,28,2,2,0,0,0,0,169,169,29,53,44,21,17,6,2,141,94,47,3,131,0,22,18
53406016,0,,,77,37,40,7,4,3,69,32,37,41,20,21,66,31,35,63,31,32,28,12,16,10,2,8,3,1,2,0,0,0,0,0,0,28,28,8,4,8,4,3,1,0,20,12,8,2,21,0,4,1
53406017,0,,,42,20,22,0,0,0,41,19,22,21,11,10,40,19,21,40,19,21,20,8,12,4,0,4,3,0,3,0,0,0,0,0,0,14,13,1,4,4,1,2,1,0,12,7,5,0,12,0,1,1
53406020,0,,,688,342,346,91,39,52,579,293,286,409,215,194,562,279,283,551,274,277,170,78,92,82,35,47,20,7,13,1,0,1,28,10,18,303,303,113,81,51,39,13,4,2,187,167,20,23,108,24,19,31
53406021,0,,,888,357,531,28,15,13,859,342,517,277,148,129,852,338,514,848,336,512,582,194,388,410,109,301,217,41,176,29,2,27,3,1,2,93,86,20,22,13,18,5,6,2,66,45,21,5,61,0,15,8
53406022,0,,,867,443,424,194,113,81,658,321,337,562,272,290,611,300,311,594,291,303,96,49,47,32,15,17,8,2,6,0,0,0,11,2,9,305,305,69,63,61,83,20,7,2,232,215,17,44,62,6,14,19
53406023,0,,,33,16,17,0,0,0,33,16,17,20,11,9,33,16,17,32,16,16,13,5,8,4,1,3,2,0,2,2,0,2,0,0,0,11,11,1,4,2,3,0,1,0,10,6,4,0,7,0,0,3
53406024,0,,,50,20,30,3,1,2,47,19,28,18,8,10,45,18,27,44,18,26,29,11,18,14,5,9,5,1,4,0,0,0,0,0,0,20,20,4,9,3,2,1,1,0,16,13,3,0,18,0,4,8
53406026,0,,,10,6,4,0,0,0,10,6,4,3,1,2,10,6,4,10,6,4,7,5,2,5,4,1,2,1,1,0,0,0,0,0,0,5,5,2,1,2,0,0,0,0,3,3,0,0,5,0,2,1
53406028,0,,,108,50,58,21,7,14,87,43,44,77,37,40,76,37,39,72,36,36,10,6,4,2,1,1,0,0,0,0,0,0,0,0,0,36,36,5,8,10,8,5,0,0,31,30,1,4,6,0,1,2
53406029,0,,,1165,535,630,57,29,28,1106,506,600,470,222,248,1087,497,590,1077,492,585,636,284,352,267,99,168,100,24,76,13,1,12,6,4,2,442,441,77,214,83,46,12,7,2,361,321,40,13,333,2,59,139
53406030,0,,,289,152,137,29,20,9,257,129,128,173,88,85,253,127,126,246,123,123,84,41,43,41,20,21,7,5,2,0,0,0,2,1,1,137,137,45,49,27,15,1,0,0,91,89,2,11,56,8,13,23
53406031,0,,,2397,1186,1211,349,178,171,2015,986,1029,1274,674,600,1956,957,999,1910,930,980,741,312,429,459,187,272,136,56,80,7,3,4,41,22,19,1029,1029,318,312,198,152,42,6,1,708,665,43,81,505,39,168,169
53406032,0,,,2922,1423,1499,379,192,187,2440,1172,1268,1529,779,750,2351,1130,1221,2295,1098,1197,911,393,518,499,211,288,161,48,113,19,4,15,12,6,6,1090,1088,251,364,200,200,56,12,5,833,776,57,98,533,7,137,203
53406033,0,,,3217,1595,1622,341,174,167,2851,1410,1441,1834,945,889,2758,1346,1412,2702,1321,1381,1017,465,552,508,235,273,124,51,73,10,2,8,49,28,21,1358,1357,353,472,274,211,36,9,2,998,946,52,96,652,51,145,256
53406034,0,,,225,72,153,5,3,2,220,69,151,55,31,24,217,67,150,215,65,150,165,38,127,138,27,111,86,11,75,19,0,19,0,0,0,36,34,3,11,12,7,0,0,1,31,24,7,1,23,0,3,7
53406035,0,,,6464,3142,3322,465,244,221,5886,2850,3036,3236,1700,1536,5753,2783,2970,5664,2738,2926,2650,1150,1500,1483,624,859,281,116,165,7,2,5,77,32,45,3381,3380,1510,1096,451,247,53,16,7,1844,1731,113,109,1928,46,833,526
53406036,0,,,4043,1932,2111,491,251,240,3522,1663,1859,2168,1071,1097,3428,1614,1814,3353,1577,1776,1354,592,762,820,349,471,220,97,123,5,2,3,51,24,27,1644,1642,382,604,308,249,79,16,4,1251,1143,108,115,899,20,219,336
53406037,0,,,2678,1288,1390,321,169,152,2339,1111,1228,1498,766,732,2242,1067,1175,2185,1039,1146,841,345,496,459,181,278,119,32,87,27,3,24,16,6,10,1045,1043,290,326,194,149,65,16,3,747,676,71,82,491,19,131,156
53406038,0,,,4858,2438,2420,699,383,316,4132,2045,2087,3037,1559,1478,3944,1943,2001,3804,1866,1938,1095,486,609,542,228,314,133,42,91,10,4,6,68,29,39,1893,1888,478,555,372,346,108,23,6,1394,1282,112,175,721,47,194,232
53406039,0,,,1910,902,1008,127,67,60,1778,833,945,849,417,432,1733,808,925,1702,790,912,929,416,513,424,171,253,140,35,105,17,1,16,19,8,11,775,773,163,341,163,66,25,8,7,605,545,60,25,544,1,115,219
53406040,0,,,14548,7018,7530,2090,1079,1011,12273,5860,6413,9213,4490,4723,11706,5577,6129,11395,5428,5967,3060,1370,1690,1519,654,865,454,154,300,27,5,22,155,70,85,6049,6046,1727,1829,1213,1028,213,29,7,4272,4090,182,535,1950,215,496,746
53406041,0,,,10174,5002,5172,1129,590,539,8767,4281,4486,6128,3126,3002,8487,4141,4346,8268,4025,4243,2639,1155,1484,1405,586,819,412,148,264,34,9,25,159,84,75,4611,4609,1716,1297,822,599,142,24,9,2856,2662,194,306,1710,284,491,563
53406042,0,,,8565,4040,4525,843,424,419,7574,3580,3994,5217,2525,2692,7339,3451,3888,7152,3356,3796,2357,1055,1302,1158,507,651,227,80,147,17,3,14,82,30,52,3559,3557,884,1254,762,521,119,16,1,2644,2498,146,234,1565,75,380,578
53406043,0,,,9416,4650,4766,1055,554,501,8226,4036,4190,5967,3079,2888,8012,3924,4088,7852,3854,3998,2259,957,1302,1203,499,704,373,128,245,25,1,24,151,66,85,4537,4528,1956,1221,740,477,110,21,3,2506,2367,139,362,1428,331,445,429
53406044,0,,,2501,1282,1219,318,156,162,2164,1118,1046,1450,777,673,2095,1076,1019,2051,1060,991,714,341,373,348,165,183,74,37,37,6,1,5,30,9,21,1040,1040,274,353,202,155,46,5,5,760,698,62,85,466,27,101,173
53406045,0,,,4880,2408,2472,524,260,264,4303,2123,2180,2864,1466,1398,4161,2047,2114,4043,1989,2054,1439,657,782,720,339,381,164,76,88,8,2,6,50,16,34,2083,2081,631,656,407,280,83,17,7,1422,1315,107,133,933,54,226,300
53406046,0,,,3683,1804,1879,346,183,163,3271,1594,1677,1990,1025,965,3196,1554,1642,3141,1527,1614,1281,569,712,634,281,353,137,50,87,9,0,9,42,17,25,1631,1631,517,548,299,188,59,17,3,1098,984,114,97,842,43,204,269
53406047,0,,,1787,844,943,131,66,65,1650,775,875,850,425,425,1608,753,855,1575,738,837,800,350,450,455,208,247,128,40,88,16,2,14,8,0,8,678,676,142,261,146,77,33,12,5,530,464,66,24,433,5,80,152
53406048,0,,,1392,655,737,98,47,51,1292,608,684,574,296,278,1274,597,677,1257,588,669,718,312,406,425,192,233,110,51,59,8,1,7,16,5,11,633,631,175,283,90,56,24,2,1,452,418,34,23,446,5,117,182
53406049,0,,,568,281,287,51,28,23,514,252,262,283,149,134,502,245,257,492,240,252,231,103,128,125,54,71,40,15,25,2,1,1,7,4,3,240,240,61,90,51,20,15,2,1,179,159,20,14,159,0,45,44
53406050,0,,,8939,4298,4641,882,451,431,7999,3823,4176,4909,2421,2488,7721,3671,4050,7532,3578,3954,3090,1402,1688,1684,788,896,361,143,218,27,0,27,81,45,36,3858,3857,1027,1420,764,521,107,15,3,2806,2674,132,193,1960,100,512,808
53406051,0,,,5474,2720,2754,632,326,306,4736,2342,2394,2995,1558,1437,4594,2269,2325,4488,2212,2276,1741,784,957,940,435,505,195,76,119,14,1,13,86,42,44,2433,2433,776,804,436,317,88,10,2,1642,1537,105,171,1112,102,264,433
53406052,0,,,1284,578,706,142,62,80,1118,506,612,672,339,333,1092,497,595,1072,485,587,446,167,279,269,82,187,130,23,107,28,1,27,9,4,5,483,475,142,135,98,73,17,7,3,327,277,50,42,220,9,54,65
53406053,0,,,6963,3501,3462,993,531,462,5815,2903,2912,4237,2185,2052,5618,2822,2796,5434,2720,2714,1578,718,860,893,405,488,225,96,129,7,1,6,63,31,32,3067,3064,1123,819,538,454,104,23,3,1911,1800,111,301,1019,152,285,347
53406054,0,,,1804,864,940,217,112,105,1579,749,830,1128,571,557,1505,715,790,1438,683,755,451,178,273,299,102,197,125,33,92,24,3,21,19,9,10,646,645,154,166,148,130,37,10,0,488,460,28,61,221,17,51,76
53406055,0,,,97,52,45,6,3,3,91,49,42,50,29,21,91,49,42,90,48,42,41,20,21,16,6,10,4,1,3,0,0,0,4,4,0,43,43,13,16,5,8,1,0,0,30,26,4,2,28,0,7,9
53406056,0,,,967,472,495,67,44,23,892,424,468,476,255,221,872,415,457,852,399,453,416,169,247,213,83,130,76,25,51,6,1,5,10,3,7,408,407,114,152,76,38,14,10,3,292,251,41,16,263,4,69,75
53406057,0,,,405,192,213,13,5,8,390,186,204,165,90,75,386,184,202,385,183,202,225,96,129,158,61,97,93,27,66,8,0,8,11,6,5,88,86,28,32,17,7,1,1,0,58,52,6,3,58,0,17,20
53406058,0,,,44,21,23,0,0,0,44,21,23,23,12,11,43,20,23,42,19,23,21,9,12,13,5,8,2,1,1,0,0,0,1,0,1,18,18,1,11,4,1,1,0,0,17,17,0,0,14,0,1,6
53406059,0,,,445,215,230,15,5,10,429,210,219,216,115,101,421,207,214,415,206,209,213,95,118,141,63,78,32,12,20,3,0,3,5,1,4,188,188,47,74,30,28,6,3,0,139,110,29,4,141,1,34,44
53406060,0,,,4128,1966,2162,313,158,155,3775,1776,1999,1740,895,845,3698,1735,1963,3630,1689,1941,2035,881,1154,1315,592,723,317,124,193,32,5,27,22,8,14,1732,1725,418,762,284,184,59,11,7,1302,1211,91,88,1154,42,241,533
53406061,0,,,849,383,466,65,24,41,774,355,419,408,191,217,755,347,408,746,345,401,366,164,202,224,94,130,57,26,31,4,1,3,6,3,3,349,348,79,140,73,44,8,3,1,267,252,15,21,210,3,43,94
53406063,0,,,142,73,69,13,6,7,128,67,61,80,46,34,125,65,60,122,64,58,48,21,27,14,6,8,4,1,3,1,0,1,0,0,0,60,60,16,20,16,5,1,1,1,44,40,4,5,29,0,5,8
53406064,0,,,537,280,257,54,30,24,478,248,230,389,206,183,455,234,221,439,225,214,89,42,47,42,17,25,16,6,10,1,0,1,5,2,3,193,193,43,41,47,43,15,4,0,148,124,24,11,61,5,11,12
53406065,0,,,2255,1086,1169,195,90,105,2049,988,1061,1311,662,649,1990,958,1032,1951,934,1017,738,326,412,380,151,229,117,46,71,8,1,7,33,8,25,1005,1005,344,303,191,121,31,12,3,655,579,76,52,510,31,159,123
53406066,0,,,2378,1182,1196,267,141,126,2096,1031,1065,1345,699,646,2019,989,1030,1973,963,1010,751,332,419,458,199,259,85,35,50,4,0,4,28,13,15,1009,1009,291,336,190,134,45,9,4,714,658,56,67,501,40,134,167
53406067,0,,,226,123,103,13,8,5,210,112,98,108,64,44,203,105,98,201,104,97,102,48,54,56,28,28,6,3,3,1,1,0,0,0,0,94,94,18,40,22,9,4,1,0,76,67,9,2,65,1,10,25
53406068,0,,,950,445,505,54,28,26,893,414,479,479,241,238,874,407,467,854,396,458,414,173,241,234,96,138,58,15,43,6,1,5,6,1,5,386,384,112,122,70,53,15,7,5,270,215,55,13,272,3,77,61
53406069,0,,,175,87,88,3,2,1,166,82,84,92,49,43,165,82,83,162,81,81,74,33,41,32,15,17,8,4,4,0,0,0,1,1,0,79,79,29,18,20,10,2,0,0,50,39,11,0,51,1,13,8
53406070,1,,53406080,621,311,310,38,12,26,585,300,285,358,195,163,567,293,274,553,283,270,227,105,122,105,45,60,39,16,23,2,0,2,2,1,1,238,238,64,60,57,31,18,8,1,173,136,37,7,156,0,30,31
53406071,0,,,44,23,21,1,0,1,43,23,20,27,16,11,40,22,18,36,19,17,16,7,9,13,6,7,1,0,1,0,0,0,0,0,0,17,17,4,6,3,1,3,0,0,13,9,4,0,11,0,2,4
53406074,0,,,2865,1443,1422,246,130,116,2557,1276,1281,1736,923,813,2490,1241,1249,2457,1232,1225,821,353,468,456,194,262,100,37,63,8,2,6,36,18,18,1461,1460,657,434,217,123,22,3,4,786,734,52,67,539,85,165,164
53406075,0,,,8687,4327,4360,742,385,357,7712,3795,3917,4850,2544,2306,7547,3697,3850,7397,3625,3772,2862,1251,1611,1579,653,926,351,139,212,19,5,14,185,88,97,4418,4367,1852,1389,631,388,86,16,5,2477,2315,162,213,1998,166,718,596
53406076,0,,,3888,1967,1921,445,224,221,3390,1710,1680,2118,1132,986,3288,1657,1631,3226,1627,1599,1272,578,694,686,310,376,140,59,81,1,0,1,58,36,22,1749,1749,611,527,318,216,61,12,4,1127,1026,101,113,875,75,295,255
53406077,0,,,295,130,165,22,12,10,271,116,155,129,77,52,267,112,155,265,110,155,142,39,103,108,27,81,69,7,62,17,1,16,31,21,10,99,98,44,24,11,9,5,2,3,54,45,9,2,47,18,11,12
53406078,0,,,147,69,78,2,0,2,145,69,76,60,31,29,144,69,75,142,67,75,85,38,47,46,21,25,11,2,9,2,0,2,2,0,2,71,71,19,34,13,4,1,0,0,51,46,5,1,51,0,14,23
53406079,0,,,76,33,43,13,5,8,63,28,35,40,17,23,60,27,33,59,27,32,23,11,12,6,3,3,3,1,2,0,0,0,0,0,0,26,26,4,9,3,6,3,1,0,22,18,4,2,12,0,1,5
53406080,2,53406070,,3,2,1,*,*,*,*,*,*,*,*,*,*,*,*,*,*,*,*,*,*,*,*,*,*,*,*,*,*,*,*,*,*,1,1,*,*,*,*,*,*,*,*,*,*,*,*,*,*,*
53406083,0,,,3132,1532,1600,230,127,103,2895,1400,1495,1368,678,690,2833,1363,1470,2804,1353,1451,1527,722,805,697,364,333,123,50,73,9,5,4,41,13,28,1434,1434,399,608,256,121,37,11,2,1028,961,67,61,996,6,282,397
53406084,0,,,4874,2459,2415,443,240,203,4367,2179,2188,2626,1363,1263,4264,2130,2134,4204,2101,2103,1741,816,925,892,410,482,212,86,126,14,4,10,78,42,36,2269,2269,807,761,376,239,67,13,6,1438,1322,116,132,1140,107,310,399
53406085,0,,,4966,2503,2463,459,244,215,4350,2165,2185,2885,1522,1363,4243,2112,2131,4163,2064,2099,1465,643,822,765,324,441,173,66,107,11,4,7,86,41,45,2413,2412,977,741,403,197,73,17,4,1414,1313,101,146,995,111,295,314
53406086,0,,,3103,1532,1571,291,155,136,2781,1359,1422,1682,865,817,2703,1310,1393,2645,1282,1363,1099,494,605,575,249,326,145,45,100,13,2,11,32,17,15,1331,1329,389,482,251,141,47,14,5,924,851,73,91,668,31,164,238
53406087,0,,,1321,628,693,78,38,40,1241,588,653,509,248,261,1209,574,635,1199,570,629,732,340,392,348,190,158,56,24,32,6,2,4,14,6,8,557,556,104,264,103,66,16,2,1,451,409,42,23,429,3,71,199
53406088,0,,,158,78,80,14,7,7,144,71,73,81,41,40,141,69,72,139,68,71,63,30,33,24,12,12,5,1,4,1,0,1,0,0,0,56,56,11,18,13,7,3,1,3,45,34,11,3,40,0,9,10
53406089,0,,,1711,859,852,195,111,84,1516,748,768,924,438,486,1460,721,739,1424,710,714,592,310,282,149,78,71,38,14,24,6,0,6,7,2,5,633,633,70,258,148,117,31,6,3,563,521,42,40,369,1,48,180
53406090,0,,,175,88,87,19,6,13,156,82,74,102,55,47,153,80,73,150,77,73,54,27,27,31,16,15,11,6,5,1,0,1,2,0,2,70,70,18,22,14,11,3,2,0,50,41,9,7,37,0,7,10
53406091,0,,,32,18,14,5,1,4,26,16,10,21,13,8,24,15,9,23,14,9,5,3,2,2,2,0,0,0,0,0,0,0,0,0,0,12,12,5,0,4,2,0,0,1,7,6,1,2,4,1,2,0
53406092,0,,,450,211,239,43,23,20,402,186,216,240,122,118,396,183,213,390,180,210,162,64,98,88,32,56,31,7,24,5,0,5,3,2,1,165,164,27,65,34,24,7,4,3,134,112,22,11,99,0,16,22
53406093,0,,,2821,1344,1477,308,151,157,2497,1183,1314,1635,825,810,2409,1139,1270,2340,1098,1242,862,358,504,399,149,250,122,26,96,18,0,18,22,4,18,1107,1105,273,357,229,195,39,10,2,825,753,72,72,508,22,123,161
53406094,0,,,4626,2315,2311,478,234,244,4110,2057,2053,2612,1363,1249,3973,1983,1990,3899,1943,1956,1498,694,804,726,329,397,147,47,100,12,1,11,42,15,27,2006,2005,616,675,373,235,83,19,4,1366,1237,129,129,964,75,241,342
53406095,0,,,1754,848,906,194,92,102,1552,751,801,951,471,480,1503,724,779,1472,713,759,601,280,321,289,139,150,55,21,34,5,0,5,10,3,7,720,718,185,248,161,89,28,3,4,526,485,41,49,360,28,78,142
53406096,0,,,221,100,121,8,3,5,209,95,114,137,64,73,203,92,111,198,90,108,72,31,41,37,16,21,9,2,7,0,0,0,0,0,0,82,82,16,29,14,15,4,3,1,64,53,11,3,47,0,8,13
53406097,0,,,473,228,245,37,15,22,435,212,223,217,118,99,427,207,220,424,205,219,218,94,124,107,52,55,20,5,15,5,1,4,3,2,1,189,189,37,70,48,20,12,2,0,151,128,23,9,133,1,23,44
53406098,0,,,814,405,409,65,33,32,749,372,377,391,208,183,735,362,373,724,358,366,358,164,194,179,76,103,54,18,36,8,2,6,3,1,2,300,295,61,109,64,42,12,6,1,232,203,29,18,177,5,30,61
53406099,0,,,1141,558,583,192,95,97,936,454,482,713,353,360,861,413,448,821,392,429,223,101,122,112,52,60,26,8,18,2,0,2,6,2,4,390,389,60,103,89,100,31,5,1,325,305,20,25,129,11,18,57
53406100,0,,,243,133,110,19,8,11,224,125,99,128,78,50,218,123,95,212,118,94,96,47,49,50,23,27,17,4,13,0,0,0,1,0,1,83,83,12,29,17,13,5,4,3,71,54,17,5,60,0,9,19
53406101,0,,,3399,1691,1708,312,152,160,3054,1517,1537,1874,1000,874,2961,1470,1491,2891,1433,1458,1180,517,663,633,260,373,180,41,139,13,1,12,107,62,45,1526,1524,590,446,241,159,62,15,11,925,814,111,76,743,79,218,223
53406102,0,,,2725,1341,1384,349,165,184,2341,1158,1183,1680,855,825,2208,1103,1105,2144,1065,1079,661,303,358,305,130,175,78,21,57,5,1,4,54,21,33,1157,1157,380,332,195,178,55,12,5,762,694,68,73,442,56,117,142
53406103,0,,,1392,679,713,95,50,45,1289,623,666,772,364,408,1259,610,649,1238,599,639,517,259,258,159,70,89,48,18,30,2,1,1,34,14,20,591,591,135,241,125,63,20,3,4,455,403,52,27,329,18,56,133
53406104,0,,,178,92,86,12,6,6,166,86,80,86,49,37,160,82,78,155,79,76,80,37,43,42,20,22,12,4,8,1,0,1,0,0,0,66,66,12,25,15,7,3,1,3,54,43,11,1,48,0,7,15
53406105,0,,,1040,484,556,51,20,31,989,464,525,488,223,265,975,460,515,966,456,510,501,241,260,219,90,129,56,15,41,4,0,4,7,2,5,452,452,108,189,95,37,17,6,0,342,301,41,9,328,1,76,119
53406106,0,,,507,256,251,45,25,20,462,231,231,228,117,111,457,229,228,451,226,225,234,114,120,95,43,52,28,12,16,1,1,0,5,0,5,204,204,39,88,43,17,12,1,4,164,138,26,10,150,1,29,52
53406107,0,,,278,132,146,24,15,9,254,117,137,156,71,85,248,115,133,244,113,131,98,46,52,44,18,26,21,8,13,0,0,0,1,0,1,84,84,13,19,15,20,6,7,4,71,45,26,3,61,0,10,9
53406108,0,,,922,457,465,76,40,36,845,417,428,526,282,244,816,403,413,801,396,405,319,135,184,158,66,92,52,19,33,6,2,4,11,9,2,370,368,93,136,73,35,20,9,2,267,236,31,21,196,15,39,62
53406109,0,,,4204,2120,2084,491,245,246,3707,1871,1836,2377,1222,1155,3599,1816,1783,3536,1791,1745,1330,649,681,526,259,267,107,45,62,11,4,7,79,19,60,1854,1854,617,593,312,223,90,14,5,1216,1094,122,131,867,120,196,296
53406110,0,,,1933,919,1014,166,77,89,1698,820,878,1000,499,501,1651,796,855,1624,783,841,698,321,377,345,156,189,77,24,53,6,0,6,86,37,49,871,869,283,326,136,85,31,8,0,580,529,51,50,476,40,134,170
53406111,0,,,1910,955,955,177,92,85,1707,848,859,1034,553,481,1673,834,839,1644,817,827,673,295,378,336,143,193,92,30,62,6,0,6,40,23,17,887,886,336,266,168,77,26,11,2,537,480,57,49,436,50,118,127
53406112,0,,,27,9,18,4,2,2,23,7,16,12,5,7,22,7,15,22,7,15,11,2,9,7,1,6,3,0,3,0,0,0,0,0,0,13,13,8,0,3,1,0,1,0,5,4,1,2,10,0,8,0
53406113,0,,,583,265,318,36,18,18,545,245,300,344,153,191,532,239,293,522,236,286,201,92,109,81,30,51,33,9,24,3,1,2,36,10,26,262,261,92,85,47,26,8,3,0,164,145,19,8,124,23,28,41
53406114,0,,,172,89,83,16,6,10,156,83,73,89,55,34,152,83,69,144,79,65,67,28,39,38,16,22,16,7,9,2,1,1,8,8,0,64,64,21,15,10,8,6,2,2,43,30,13,2,42,2,10,8
53406115,0,,,173,86,87,16,10,6,157,76,81,87,47,40,152,73,79,150,73,77,70,29,41,31,8,23,18,3,15,0,0,0,2,0,2,59,59,12,15,12,10,6,3,1,46,27,19,2,44,0,6,4
53406116,0,,,86,45,41,2,0,2,84,45,39,52,31,21,84,45,39,84,45,39,32,14,18,13,4,9,8,3,5,1,1,0,0,0,0,30,30,5,9,7,4,4,1,0,25,17,8,1,20,0,4,0
53406117,0,,,110,61,49,5,3,2,105,58,47,55,37,18,100,54,46,99,54,45,50,21,29,22,8,14,5,2,3,0,0,0,0,0,0,42,42,9,13,8,9,3,0,0,33,22,11,0,31,0,3,10
53406118,0,,,675,341,334,35,17,18,639,323,316,359,198,161,626,312,314,616,305,311,280,125,155,173,70,103,71,27,44,8,1,7,5,4,1,266,265,63,89,69,21,16,4,3,201,153,48,15,171,9,27,45
53406119,0,,,3390,1640,1750,271,132,139,3119,1508,1611,1667,810,857,3039,1467,1572,2985,1437,1548,1452,698,754,444,212,232,120,41,79,11,3,8,38,17,21,1397,1397,260,621,277,165,50,21,3,1128,1015,113,70,923,23,162,368
53406120,0,,,3607,1763,1844,195,110,85,3388,1645,1743,1710,885,825,3308,1592,1716,3259,1565,1694,1678,760,918,860,381,479,198,79,119,10,0,10,42,23,19,1590,1584,422,670,296,131,46,16,3,1153,1046,107,43,1055,16,255,405
53406121,0,,,2679,1303,1376,237,116,121,2437,1183,1254,1415,722,693,2380,1153,1227,2310,1118,1192,1022,461,561,524,218,306,140,46,94,9,1,8,51,22,29,1110,1110,299,368,225,152,41,20,5,808,697,111,44,680,19,181,178
53406122,0,,,834,418,416,75,42,33,757,375,382,386,199,187,736,367,369,716,356,360,371,176,195,172,89,83,24,14,10,2,0,2,9,3,6,338,338,58,148,78,31,17,5,1,279,256,23,10,229,1,38,98
53406123,0,,,207,98,109,13,9,4,194,89,105,115,57,58,190,87,103,186,87,99,79,32,47,40,18,22,8,2,6,1,1,0,2,0,2,75,75,16,20,17,15,5,1,1,58,41,17,4,54,1,12,12
53406124,0,,,136,66,70,6,2,4,129,64,65,71,39,32,126,62,64,122,61,61,58,25,33,28,12,16,12,4,8,0,0,0,0,0,0,48,48,7,19,8,7,4,2,1,41,28,13,2,37,0,4,11
53406125,0,,,112,50,62,8,5,3,104,45,59,52,26,26,103,45,58,103,45,58,52,19,33,27,8,19,6,1,5,1,0,1,0,0,0,42,42,10,15,5,7,4,0,1,32,18,14,0,34,0,6,8
53406126,0,,,149,69,80,5,5,0,144,64,80,84,39,45,141,63,78,137,61,76,60,25,35,33,12,21,12,1,11,0,0,0,0,0,0,53,53,12,17,7,9,3,4,1,40,27,13,1,38,1,6,7
53406127,0,,,190,96,94,20,13,7,170,83,87,103,53,50,162,78,84,157,77,80,67,30,37,34,12,22,11,3,8,0,0,0,0,0,0,66,66,11,24,9,9,10,3,0,55,40,15,5,44,0,6,11
53406128,0,,,33,19,14,1,0,1,32,19,13,16,11,5,32,19,13,31,18,13,16,8,8,7,3,4,1,1,0,0,0,0,0,0,0,12,12,3,3,3,1,1,1,0,9,7,2,0,11,0,3,1
53406129,0,,,99,51,48,6,1,5,93,50,43,57,33,24,92,49,43,92,49,43,36,17,19,8,2,6,3,0,3,0,0,0,1,1,0,45,45,17,12,11,2,2,0,1,27,20,7,1,24,3,5,5
53406130,0,,,402,200,202,18,9,9,384,191,193,145,74,71,380,190,190,375,187,188,239,117,122,87,49,38,13,7,6,0,0,0,0,0,0,176,176,30,100,25,14,5,1,1,146,135,11,2,144,0,21,71
53406131,0,,,2283,1115,1168,121,60,61,2158,1054,1104,961,496,465,2119,1031,1088,2071,998,1073,1197,558,639,482,248,234,70,19,51,6,1,5,66,35,31,1040,1035,278,461,183,75,27,10,1,752,688,64,29,746,22,168,331
53406132,0,,,1416,707,709,69,32,37,1347,675,672,583,312,271,1314,661,653,1293,649,644,764,363,401,349,182,167,50,22,28,1,1,0,38,20,18,634,632,168,279,108,48,18,9,2,462,415,47,19,477,2,117,192
53406133,0,,,146,69,77,10,4,6,136,65,71,79,35,44,136,65,71,136,65,71,57,30,27,19,8,11,12,5,7,1,0,1,0,0,0,52,52,10,14,10,12,6,0,0,42,33,9,2,38,0,6,8
53406134,0,,,137,67,70,8,4,4,129,63,66,83,42,41,122,59,63,116,58,58,46,21,25,20,9,11,4,2,2,0,0,0,0,0,0,46,46,8,12,9,11,3,2,1,38,23,15,3,32,0,5,6
53406135,0,,,125,64,61,6,5,1,119,59,60,51,29,22,117,58,59,117,58,59,68,30,38,29,10,19,14,6,8,0,0,0,1,0,1,55,55,14,23,11,5,1,0,1,40,31,9,0,44,0,9,11
53406136,0,,,32,13,19,5,2,3,27,11,16,11,4,7,26,11,15,25,10,15,16,7,9,3,2,1,1,0,1,0,0,0,0,0,0,11,11,2,4,1,3,0,0,1,9,7,2,1,9,0,2,3
53406137,0,,,155,80,75,10,5,5,145,75,70,89,48,41,139,72,67,135,71,64,56,27,29,28,10,18,12,4,8,1,0,1,1,0,1,54,54,8,20,8,10,5,3,0,46,30,16,3,37,0,3,7
53406138,0,,,48,24,24,0,0,0,48,24,24,28,16,12,46,22,24,45,21,24,20,8,12,13,6,7,2,1,1,0,0,0,0,0,0,16,16,1,9,1,1,2,2,0,15,9,6,0,15,0,1,3
53406139,0,,,36,19,17,3,3,0,33,16,17,17,9,8,33,16,17,33,16,17,16,7,9,8,2,6,5,1,4,0,0,0,1,0,1,12,12,2,2,4,3,0,1,0,10,5,5,1,10,0,1,1
53406140,0,,,148,71,77,11,3,8,137,68,69,77,38,39,135,67,68,134,66,68,60,30,30,28,10,18,10,5,5,1,0,1,2,0,2,54,54,14,16,8,9,4,1,2,40,25,15,2,40,0,9,11
53406141,0,,,117,60,57,13,8,5,104,52,52,58,30,28,102,52,50,99,50,49,46,22,24,18,7,11,8,3,5,2,0,2,0,0,0,41,41,6,15,8,9,0,2,1,35,26,9,0,27,0,3,6
53406142,0,,,239,112,127,12,4,8,227,108,119,112,61,51,226,108,118,224,108,116,115,47,68,59,20,39,28,7,21,8,1,7,0,0,0,86,85,18,26,22,13,4,1,1,66,47,19,2,64,0,14,17
53406143,0,,,319,156,163,22,6,16,297,150,147,176,96,80,291,148,143,284,145,139,121,54,67,58,25,33,18,4,14,0,0,0,1,0,1,111,111,24,29,20,21,13,2,2,87,56,31,5,85,0,18,15
53406144,0,,,362,159,203,12,4,8,350,155,195,137,74,63,347,155,192,343,153,190,213,81,132,123,38,85,63,7,56,8,0,8,0,0,0,114,113,19,37,37,7,11,1,1,92,67,25,3,98,0,18,17
53406145,0,,,207,99,108,18,7,11,189,92,97,109,53,56,183,88,95,180,87,93,80,39,41,44,18,26,16,4,12,2,0,2,0,0,0,72,72,12,20,17,13,8,2,0,59,39,20,6,49,0,7,6
53406146,0,,,117,56,61,8,4,4,109,52,57,56,32,24,109,52,57,109,52,57,53,20,33,28,9,19,10,3,7,1,0,1,0,0,0,43,43,9,12,12,4,4,2,0,33,20,13,2,36,0,6,4
53406147,0,,,143,68,75,7,4,3,136,64,72,85,42,43,130,61,69,123,58,65,51,22,29,26,9,17,7,1,6,1,0,1,0,0,0,48,48,14,12,4,6,6,4,2,34,20,14,1,34,0,11,4
53406148,0,,,128,63,65,5,3,2,123,60,63,68,36,32,116,54,62,115,53,62,55,24,31,22,8,14,12,2,10,0,0,0,2,0,2,45,45,9,12,12,6,3,1,2,36,23,13,1,35,0,7,5
53406149,0,,,138,66,72,11,6,5,127,60,67,69,34,35,126,60,66,125,60,65,58,26,32,28,12,16,4,0,4,0,0,0,3,2,1,53,53,12,21,9,5,1,3,2,41,25,16,2,38,0,6,8
53406150,0,,,816,400,416,46,27,19,770,373,397,365,190,175,754,368,386,739,360,379,405,183,222,222,106,116,47,22,25,6,2,4,12,10,2,364,364,92,163,58,38,9,2,2,271,238,33,8,266,9,69,92
53406151,0,,,3607,1753,1854,147,86,61,3443,1655,1788,1466,698,768,3369,1616,1753,3323,1593,1730,1977,957,1020,832,401,431,182,72,110,9,2,7,28,12,16,1603,1602,345,771,313,127,32,7,7,1248,1154,94,28,1230,9,260,538
53406152,0,,,1404,681,723,214,106,108,1188,575,613,808,424,384,1129,544,585,1100,527,573,380,151,229,199,71,128,80,20,60,13,2,11,17,6,11,463,460,69,148,93,98,38,13,1,383,337,46,38,185,3,27,58
53406153,0,,,1052,534,518,166,87,79,886,447,439,615,324,291,851,429,422,827,417,410,271,123,148,111,45,66,27,6,21,2,1,1,20,10,10,368,368,56,116,78,78,31,4,5,310,261,49,31,181,1,29,46
53406154,0,,,217,105,112,14,5,9,203,100,103,116,62,54,200,99,101,198,97,101,87,38,49,47,16,31,17,4,13,0,0,0,0,0,0,75,75,14,17,24,10,6,2,2,61,42,19,4,59,0,9,5
53406156,0,,,93,46,47,8,2,6,85,44,41,45,22,23,84,43,41,82,43,39,40,22,18,19,8,11,8,2,6,1,0,1,0,0,0,36,36,12,8,7,4,3,1,1,24,15,9,1,26,0,9,4
53406157,0,,,550,263,287,45,23,22,505,240,265,268,144,124,494,233,261,482,226,256,237,96,141,151,47,104,71,14,57,9,0,9,2,1,1,184,182,43,54,43,19,18,2,3,139,108,31,9,117,0,31,20
53406158,0,,,220,115,105,10,6,4,210,109,101,115,62,53,205,107,98,201,106,95,95,47,48,47,24,23,15,8,7,1,0,1,0,0,0,78,78,15,24,18,9,7,4,1,63,45,18,4,61,0,11,14
53406159,0,,,305,140,165,22,10,12,283,130,153,171,83,88,278,129,149,272,125,147,112,47,65,52,19,33,20,7,13,1,0,1,4,1,3,109,109,20,37,24,14,6,5,3,89,66,23,4,73,0,14,16
53406160,0,,,234,93,141,16,8,8,218,85,133,67,32,35,214,83,131,211,81,130,151,53,98,116,34,82,73,18,55,13,2,11,1,0,1,39,38,5,14,6,3,4,2,4,33,21,12,4,31,0,5,6
53406161,0,,,74,40,34,2,2,0,72,38,34,41,25,16,71,37,34,69,36,33,31,13,18,13,6,7,6,2,4,2,0,2,1,0,1,27,27,4,10,8,2,0,3,0,23,15,8,1,20,0,2,5
53406162,0,,,188,94,94,20,8,12,168,86,82,109,59,50,164,84,80,161,82,79,59,27,32,23,6,17,6,0,6,0,0,0,1,0,1,60,60,7,15,15,15,4,2,2,53,32,21,7,39,0,3,8
53406163,0,,,79,35,44,2,1,1,77,34,43,41,18,23,74,32,42,73,32,41,36,16,20,23,10,13,7,2,5,1,0,1,1,0,1,27,27,3,8,6,9,0,1,0,24,15,9,1,19,0,2,3
53406165,0,,,152,81,71,11,8,3,140,72,68,73,42,31,138,70,68,136,70,66,67,30,37,33,13,20,10,2,8,1,0,1,1,0,1,58,58,11,18,16,10,1,2,0,47,36,11,4,42,0,6,12
53406166,0,,,265,127,138,4,2,2,259,124,135,150,77,73,255,121,134,248,118,130,109,47,62,58,23,35,18,6,12,0,0,0,0,0,0,103,103,19,38,19,23,3,1,0,83,57,26,0,74,0,12,12
53406167,0,,,524,246,278,29,13,16,495,233,262,267,143,124,480,225,255,471,221,250,228,90,138,146,47,99,67,14,53,8,0,8,3,2,1,174,173,45,50,31,23,12,9,3,127,84,43,8,122,2,27,24
53406168,0,,,223,106,117,25,11,14,198,95,103,121,63,58,194,92,102,190,90,100,77,32,45,39,14,25,13,1,12,0,0,0,1,0,1,70,70,13,14,18,12,5,3,5,57,35,22,7,52,1,10,5
53406169,0,,,246,120,126,22,14,8,224,106,118,129,62,67,218,103,115,215,102,113,95,44,51,54,20,34,20,7,13,1,0,1,1,0,1,80,80,15,21,15,14,8,4,3,65,37,28,6,65,0,14,10
53406170,0,,,2029,992,1037,227,120,107,1799,870,929,1415,674,741,1703,823,880,1650,802,848,384,196,188,105,46,59,23,7,16,4,1,3,12,3,9,716,714,84,237,183,151,50,9,0,628,586,42,51,264,1,39,92
53406171,0,,,108,54,54,7,4,3,101,50,51,56,29,27,100,49,51,98,48,50,45,21,24,18,6,12,10,2,8,0,0,0,0,0,0,44,44,9,18,9,5,2,1,0,35,29,6,0,31,0,6,9
53406172,0,,,201,101,100,13,8,5,188,93,95,115,61,54,183,90,93,181,88,93,73,32,41,37,13,24,9,2,7,1,0,1,1,0,1,68,68,14,19,8,16,7,2,2,54,37,17,1,48,1,11,8
53406173,0,,,182,92,90,17,10,7,164,81,83,82,41,41,161,78,83,158,77,81,82,40,42,34,14,20,9,4,5,0,0,0,1,0,1,71,71,19,23,12,9,4,3,1,52,38,14,5,50,1,9,12
53406174,0,,,556,267,289,73,37,36,479,227,252,320,157,163,467,222,245,456,219,237,159,70,89,69,26,43,15,4,11,0,0,0,17,9,8,217,217,57,64,43,31,15,6,1,157,134,23,22,108,7,24,25
53406175,0,,,270,142,128,19,12,7,250,129,121,131,72,59,243,127,116,240,124,116,119,57,62,52,23,29,8,5,3,0,0,0,1,0,1,114,114,29,40,25,14,6,0,0,84,69,15,3,81,1,18,25
53406176,0,,,911,430,481,79,45,34,830,384,446,413,210,203,812,374,438,799,367,432,417,174,243,222,73,149,83,12,71,20,2,18,8,3,5,315,313,64,109,68,42,16,13,1,248,204,44,12,210,1,38,68
53406177,0,,,498,248,250,35,15,20,458,230,228,258,142,116,446,226,220,437,220,217,200,88,112,110,45,65,37,11,26,3,0,3,7,3,4,196,196,47,67,38,23,17,2,2,144,109,35,5,138,1,30,25
53406178,0,,,61,29,32,8,3,5,53,26,27,38,20,18,52,26,26,50,26,24,15,6,9,11,4,7,3,0,3,1,0,1,3,0,3,20,20,5,3,4,4,3,0,1,15,10,5,2,11,2,2,1
53406179,0,,,27,13,14,1,1,0,26,12,14,21,10,11,25,12,13,24,11,13,5,2,3,5,2,3,3,1,2,0,0,0,0,0,0,8,8,0,2,2,3,1,0,0,8,7,1,0,3,0,0,1
53406180,0,,,1254,604,650,132,74,58,1121,529,592,695,314,381,1088,510,578,1074,503,571,426,215,211,104,43,61,28,7,21,2,1,1,17,8,9,477,477,62,195,116,71,29,3,1,414,370,44,36,275,1,39,124
53406181,0,,,285,145,140,30,13,17,255,132,123,152,83,69,247,128,119,242,125,117,103,49,54,41,16,25,14,4,10,2,0,2,0,0,0,100,100,16,28,28,18,5,3,2,82,53,29,8,67,0,9,13
53406182,0,,,322,161,161,18,11,7,304,150,154,175,94,81,299,147,152,295,146,149,129,56,73,68,25,43,19,6,13,0,0,0,9,8,1,124,124,27,46,22,14,10,4,1,97,69,28,5,86,6,13,14
53406183,0,,,1071,530,541,85,43,42,971,478,493,530,273,257,948,469,479,932,458,474,441,205,236,209,91,118,46,15,31,6,4,2,26,8,18,488,487,176,160,82,36,22,8,3,305,264,41,20,297,14,80,82
53406184,0,,,3834,1941,1893,278,130,148,3426,1720,1706,2051,1092,959,3345,1688,1657,3275,1659,1616,1375,628,747,700,289,411,190,66,124,8,2,6,114,61,53,1810,1808,758,498,287,181,52,20,12,1020,855,165,63,949,91,292,222
53406185,0,,,3803,1979,1824,268,152,116,3448,1778,1670,2216,1217,999,3367,1734,1633,3212,1632,1580,1232,561,671,599,247,352,153,55,98,9,0,9,119,75,44,1832,1826,846,467,262,153,65,29,4,951,792,159,67,858,175,269,202
53406186,0,,,752,378,374,52,25,27,696,350,346,414,219,195,676,343,333,662,334,328,282,131,151,130,54,76,36,14,22,1,0,1,7,2,5,318,318,94,102,66,36,12,5,3,223,185,38,13,199,2,54,48
53406189,0,,,22,12,10,3,3,0,19,9,10,13,6,7,18,9,9,18,9,9,6,3,3,4,2,2,0,0,0,0,0,0,0,0,0,6,6,0,1,2,1,2,0,0,6,4,2,1,4,0,0,0
53406190,0,,,235,112,123,24,11,13,210,100,110,120,59,61,206,99,107,203,98,105,90,41,49,49,23,26,13,7,6,1,0,1,3,2,1,83,83,12,31,18,10,7,3,2,70,53,17,8,52,0,6,20
53406191,0,,,186,95,91,15,7,8,170,87,83,91,51,40,166,84,82,164,83,81,79,36,43,46,20,26,9,4,5,0,0,0,0,0,0,64,64,8,23,14,12,3,1,3,56,37,19,2,50,0,6,14
53406192,0,,,160,78,82,19,10,9,141,68,73,83,46,37,138,66,72,135,65,70,58,22,36,25,10,15,6,1,5,0,0,0,4,2,2,58,58,10,25,8,8,3,1,3,48,40,8,7,38,1,5,14
53406193,0,,,740,357,383,47,20,27,682,328,354,399,204,195,665,318,347,653,310,343,283,124,159,161,70,91,33,10,23,0,0,0,11,6,5,318,318,93,114,53,41,9,5,3,223,180,43,14,193,4,44,50
53406194,0,,,1612,782,830,110,60,50,1449,689,760,752,428,324,1419,672,747,1398,660,738,697,261,436,446,152,294,189,43,146,28,5,23,88,49,39,711,708,309,210,95,56,24,11,3,392,325,67,25,378,37,119,88
53406195,0,,,3307,1942,1365,199,99,100,2860,1693,1167,1939,1268,671,2805,1668,1137,2632,1529,1103,921,425,496,406,189,217,72,24,48,3,0,3,249,150,99,1743,1738,1023,361,179,114,43,12,6,693,610,83,54,637,237,209,174
53406196,0,,,282,147,135,22,15,7,243,122,121,130,68,62,241,122,119,241,122,119,113,54,59,68,26,42,36,9,27,3,0,3,20,13,7,118,117,60,25,18,12,2,0,0,56,49,7,8,39,17,9,7
53406197,0,,,14,6,8,1,0,1,13,6,7,5,3,2,13,6,7,13,6,7,8,3,5,2,1,1,1,0,1,0,0,0,0,0,0,5,5,1,1,2,0,1,0,0,4,3,1,0,5,0,1,1
53406199,0,,,43,22,21,3,1,2,40,21,19,27,16,11,38,21,17,38,21,17,13,5,8,4,1,3,3,1,2,0,0,0,0,0,0,14,14,2,4,4,2,0,1,1,12,8,4,0,10,0,2,1
53406200,0,,,425,187,238,40,21,19,385,166,219,189,96,93,379,165,214,373,162,211,196,70,126,120,33,87,67,8,59,25,0,25,3,2,1,160,157,50,54,28,17,2,6,0,106,94,12,16,83,13,19,30
53406201,0,,,149,65,84,5,2,3,143,63,80,99,42,57,139,62,77,135,61,74,44,21,23,25,12,13,5,2,3,0,0,0,0,0,0,54,54,13,14,9,11,5,2,0,41,29,12,2,30,1,7,4
53406202,0,,,24,12,12,0,0,0,24,12,12,8,5,3,24,12,12,23,11,12,16,7,9,8,3,5,4,1,3,0,0,0,0,0,0,12,12,5,2,5,0,0,0,0,7,7,0,0,10,0,4,2
53406203,0,,,49,28,21,1,0,1,48,28,20,29,19,10,48,28,20,47,27,20,19,9,10,12,5,7,5,2,3,0,0,0,0,0,0,18,18,5,4,3,4,1,1,0,12,7,5,1,15,0,4,1
53406204,0,,,331,160,171,20,10,10,311,150,161,164,80,84,303,148,155,298,147,151,147,70,77,68,24,44,25,10,15,2,0,2,1,0,1,112,112,22,36,18,15,10,6,5,89,55,34,4,95,0,21,23
53406205,0,,,59,32,27,4,3,1,55,29,26,29,15,14,53,28,25,52,28,24,26,14,12,8,4,4,4,2,2,0,0,0,0,0,0,20,20,5,6,2,2,3,1,1,15,11,4,2,15,0,4,3
53406206,0,,,972,482,490,237,121,116,729,356,373,591,302,289,696,339,357,685,335,350,138,54,84,70,25,45,21,5,16,2,0,2,10,4,6,336,336,62,84,66,88,28,6,2,268,236,32,66,94,11,14,17
53406207,0,,,2176,1101,1075,657,335,322,1502,756,746,1337,677,660,1442,729,713,1416,715,701,165,79,86,72,33,39,26,10,16,2,1,1,34,20,14,759,759,161,156,163,197,69,10,3,589,554,35,213,103,32,19,34
53406208,0,,,27,10,17,1,0,1,26,10,16,15,5,10,26,10,16,26,10,16,11,5,6,4,1,3,3,1,2,0,0,0,0,0,0,11,11,3,4,1,2,1,0,0,8,6,2,1,8,0,1,2
53406209,0,,,176,84,92,16,9,7,160,75,85,85,41,44,158,73,85,155,71,84,75,34,41,36,15,21,17,4,13,1,0,1,2,0,2,60,60,11,20,10,9,5,1,4,49,30,19,4,48,0,10,9
53406210,0,,,292,143,149,22,9,13,270,134,136,157,85,72,268,133,135,267,133,134,113,49,64,59,19,40,11,2,9,1,0,1,1,0,1,102,102,20,29,23,14,12,1,3,80,53,27,7,77,0,13,11
53406211,0,,,46,18,28,4,1,3,42,17,25,24,12,12,41,17,24,41,17,24,18,5,13,9,3,6,2,0,2,0,0,0,0,0,0,17,17,6,2,4,1,4,0,0,10,5,5,0,14,0,6,0
53406212,0,,,87,40,47,8,3,5,79,37,42,39,18,21,77,37,40,76,36,40,40,19,21,11,4,7,5,2,3,1,0,1,2,0,2,35,35,7,16,6,1,4,1,0,28,21,7,1,24,0,6,9
53406213,0,,,359,176,183,23,15,8,336,161,175,163,81,82,330,158,172,328,157,171,173,80,93,77,28,49,26,7,19,0,0,0,1,0,1,136,136,27,49,30,14,8,8,0,109,77,32,5,113,0,21,30
53406215,0,,,65,33,32,7,2,5,58,31,27,33,18,15,56,29,27,55,29,26,25,13,12,16,8,8,3,2,1,0,0,0,1,1,0,20,20,2,6,5,3,2,1,1,18,10,8,2,15,0,1,2
53406216,0,,,253,127,126,25,16,9,228,111,117,127,64,63,223,108,115,217,106,111,101,47,54,52,22,30,20,8,12,0,0,0,2,1,1,84,84,10,31,17,10,9,5,2,74,48,26,7,63,0,8,18
53406217,0,,,118,64,54,15,8,7,101,54,47,60,29,31,99,54,45,95,51,44,41,25,16,21,12,9,9,6,3,1,1,0,1,0,1,34,34,5,9,3,7,5,3,2,28,14,14,6,24,0,1,7
53406218,0,,,239,122,117,17,11,6,222,111,111,127,66,61,214,110,104,211,107,104,95,45,50,46,18,28,13,3,10,1,0,1,4,1,3,89,89,14,32,22,12,8,0,1,74,58,16,3,62,0,11,18
53406219,0,,,361,184,177,34,21,13,327,163,164,199,104,95,315,160,155,313,159,154,128,59,69,62,26,36,10,2,8,0,0,0,5,2,3,146,146,38,47,27,26,5,2,1,104,87,17,12,84,1,17,25
53406220,0,,,83,34,49,8,1,7,75,33,42,35,17,18,73,32,41,73,32,41,40,16,24,18,5,13,7,1,6,0,0,0,0,0,0,33,33,9,11,6,2,4,1,0,23,16,7,0,26,0,7,7
53406221,0,,,389,194,195,18,10,8,371,184,187,213,107,106,361,183,178,352,179,173,158,77,81,72,30,42,19,8,11,0,0,0,1,0,1,144,144,39,36,30,24,5,6,4,105,70,35,2,102,0,22,20
53406222,0,,,11,5,6,0,0,0,11,5,6,10,5,5,11,5,6,11,5,6,1,0,1,0,0,0,0,0,0,0,0,0,0,0,0,4,4,0,1,3,0,0,0,0,4,4,0,0,1,0,0,0
53406223,0,,,298,135,163,24,9,15,274,126,148,168,80,88,266,121,145,263,120,143,106,46,60,43,17,26,14,5,9,0,0,0,2,1,1,101,101,13,31,28,14,8,6,1,87,65,22,4,72,0,10,11
53406224,0,,,38,16,22,1,0,1,37,16,21,25,12,13,37,16,21,37,16,21,12,4,8,8,2,6,4,0,4,0,0,0,0,0,0,15,15,3,5,5,1,0,1,0,12,8,4,0,9,0,1,1
53406225,2,53406235,,7,3,4,*,*,*,*,*,*,*,*,*,*,*,*,*,*,*,*,*,*,*,*,*,*,*,*,*,*,*,*,*,*,3,3,*,*,*,*,*,*,*,*,*,*,*,*,*,*,*
53406226,0,,,77,41,36,15,11,4,62,30,32,39,22,17,62,30,32,62,30,32,23,8,15,14,3,11,2,0,2,0,0,0,4,2,2,26,26,3,10,6,3,1,2,1,23,17,6,3,14,0,1,5
53406227,0,,,138,100,38,4,0,4,124,91,33,87,74,13,122,90,32,118,87,31,37,17,20,17,8,9,6,2,4,1,0,1,7,7,0,94,94,75,9,6,0,1,0,3,19,13,6,2,22,35,3,6
53406228,0,,,503,246,257,56,26,30,447,220,227,293,153,140,432,210,222,423,208,215,154,67,87,72,28,44,18,5,13,1,0,1,6,4,2,196,196,42,60,55,24,12,2,1,150,123,27,16,101,3,19,29
53406229,0,,,386,193,193,38,20,18,346,172,174,228,117,111,337,165,172,332,161,171,118,55,63,55,22,33,19,6,13,2,1,1,5,2,3,153,153,36,54,35,15,7,2,4,115,95,20,8,82,0,20,19
53406230,0,,,22,12,10,1,1,0,21,11,10,14,8,6,20,10,10,18,9,9,7,3,4,3,1,2,0,0,0,0,0,0,0,0,0,9,9,3,2,2,1,1,0,0,6,6,0,0,4,0,1,1
53406231,0,,,99,53,46,7,3,4,92,50,42,55,32,23,92,50,42,91,49,42,37,18,19,19,8,11,2,0,2,0,0,0,0,0,0,32,32,4,9,6,9,1,3,0,27,17,10,1,25,0,3,6
53406232,0,,,166,90,76,9,6,3,157,84,73,82,51,31,151,80,71,147,77,70,75,33,42,33,15,18,8,3,5,2,1,1,0,0,0,61,61,12,20,13,10,2,3,1,49,34,15,1,49,0,10,8
53406233,0,,,171,87,84,10,5,5,161,82,79,92,50,42,160,81,79,159,80,79,69,32,37,33,14,19,9,3,6,1,0,1,0,0,0,57,57,9,12,18,10,5,2,1,47,33,14,3,44,0,5,4
53406234,0,,,74,41,33,1,0,1,73,41,32,31,20,11,73,41,32,73,41,32,42,21,21,20,7,13,8,4,4,0,0,0,3,3,0,30,30,6,11,6,7,0,0,0,23,17,6,1,25,0,3,8
53406235,1,,53406225,174,87,87,8,3,5,173,87,86,96,54,42,170,85,85,168,84,84,77,33,44,38,15,23,11,3,8,2,0,2,0,0,0,61,61,11,18,18,8,6,3,0,53,32,21,1,51,0,6,8
53406236,0,,,270,155,115,11,7,4,256,145,111,116,75,41,252,144,108,251,143,108,140,70,70,60,25,35,27,10,17,1,1,0,16,15,1,113,113,41,29,19,15,2,5,2,70,49,21,1,86,11,19,17
53406237,0,,,246,122,124,13,7,6,233,115,118,126,68,58,229,113,116,223,110,113,107,47,60,60,21,39,17,4,13,1,0,1,1,0,1,85,85,19,19,21,13,6,5,2,66,41,25,2,69,0,16,13
53406238,0,,,144,68,76,16,6,10,127,61,66,74,37,37,125,61,64,123,60,63,53,24,29,30,14,16,14,6,8,3,1,2,6,4,2,57,57,13,22,7,12,1,1,1,43,31,12,3,35,3,6,11
53406239,0,,,168,93,75,8,5,3,160,88,72,91,49,42,154,83,71,152,82,70,69,39,30,32,17,15,7,4,3,0,0,0,0,0,0,70,70,20,23,13,9,3,2,0,48,38,10,5,45,3,10,15
53406240,0,,,98,50,48,4,2,2,94,48,46,52,32,20,93,47,46,89,43,46,42,16,26,25,9,16,9,4,5,0,0,0,0,0,0,37,37,9,10,11,2,3,1,1,28,20,8,1,26,0,7,4
53406241,0,,,103,55,48,4,2,2,99,53,46,52,33,19,95,50,45,93,49,44,47,20,27,22,9,13,6,1,5,0,0,0,0,0,0,40,40,11,12,6,6,4,1,0,29,22,7,0,33,0,10,5
53406242,0,,,22,8,14,1,1,0,21,7,14,14,5,9,21,7,14,20,7,13,7,2,5,6,1,5,2,1,1,0,0,0,0,0,0,10,10,4,4,0,1,0,1,0,6,5,1,0,6,0,3,1
53406243,0,,,128,70,58,3,3,0,125,67,58,59,34,25,123,66,57,123,66,57,66,33,33,32,14,18,15,9,6,0,0,0,0,0,0,44,44,6,14,11,9,1,1,2,38,25,13,1,38,0,5,8
53406244,0,,,86,40,46,5,1,4,81,39,42,46,25,21,78,36,42,77,36,41,35,14,21,21,8,13,5,1,4,0,0,0,0,0,0,33,33,6,12,6,7,2,0,0,27,21,6,1,22,0,4,8
53406245,0,,,152,76,76,9,5,4,143,71,72,83,40,43,141,70,71,139,70,69,60,31,29,32,15,17,9,2,7,1,0,1,7,2,5,58,58,6,28,14,4,5,0,1,50,40,10,4,36,1,1,15
53406246,0,,,91,45,46,8,4,4,83,41,42,56,29,27,81,41,40,80,40,40,27,12,15,17,4,13,7,1,6,1,0,1,1,0,1,35,35,10,10,7,3,2,3,0,25,20,5,2,20,0,5,5
53406247,0,,,247,119,128,23,9,14,224,110,114,120,61,59,214,104,110,211,102,109,104,49,55,51,21,30,26,9,17,0,0,0,0,0,0,99,99,33,29,16,8,8,2,3,66,44,22,5,70,0,20,17
53406248,0,,,126,65,61,11,7,4,115,58,57,76,40,36,112,57,55,112,57,55,39,18,21,16,5,11,9,3,6,2,0,2,0,0,0,47,45,14,11,8,7,3,2,0,31,23,8,2,29,0,11,3
53406249,0,,,28,15,13,3,2,1,24,12,12,13,7,6,22,12,10,22,12,10,11,5,6,6,2,4,2,1,1,0,0,0,0,0,0,8,8,2,1,1,1,1,2,0,6,2,4,1,6,0,1,1
53406250,0,,,414,205,209,42,21,21,372,184,188,229,117,112,356,177,179,352,175,177,143,67,76,75,31,44,20,6,14,2,1,1,3,1,2,132,132,15,43,26,25,11,7,5,116,76,40,8,91,0,9,24
53406251,0,,,147,74,73,16,9,7,131,65,66,72,39,33,129,64,65,128,64,64,59,26,33,23,12,11,8,3,5,1,1,0,1,0,1,56,56,13,19,9,10,3,0,2,43,28,15,6,39,0,6,9
53406252,0,,,162,78,84,8,2,6,154,76,78,85,48,37,154,76,78,150,73,77,69,28,41,38,12,26,12,3,9,1,0,1,0,0,0,62,62,17,19,8,10,5,3,0,45,29,16,3,50,0,13,7
53406253,0,,,325,171,154,39,22,17,286,149,137,172,93,79,281,147,134,274,144,130,114,56,58,58,29,29,20,8,12,1,0,1,1,0,1,115,115,25,27,28,19,11,4,1,89,64,25,7,80,0,16,13
53406254,0,,,338,165,173,33,16,17,305,149,156,195,96,99,301,147,154,295,145,150,110,53,57,57,24,33,17,5,12,0,0,0,7,3,4,132,132,36,41,28,12,7,3,5,95,71,24,10,75,4,19,14
53406255,0,,,156,80,76,8,4,4,148,76,72,76,41,35,147,75,72,142,71,71,72,35,37,34,15,19,14,5,9,0,0,0,0,0,0,55,55,6,20,16,8,2,1,2,49,34,15,3,44,0,4,10
53406256,0,,,245,118,127,14,7,7,231,111,120,114,61,53,230,110,120,227,107,120,117,50,67,71,27,44,23,6,17,2,1,1,5,4,1,89,88,22,26,20,13,6,0,1,65,50,15,3,62,4,12,16
53406257,0,,,487,237,250,27,13,14,459,224,235,237,119,118,445,219,226,440,217,223,222,105,117,104,46,58,30,12,18,2,1,1,15,12,3,207,206,67,60,45,17,9,5,3,138,102,36,8,147,13,41,29
53406258,0,,,535,262,273,61,37,24,472,223,249,248,122,126,465,220,245,461,217,244,224,101,123,101,39,62,40,12,28,4,0,4,11,1,10,196,196,44,58,39,31,14,7,3,152,101,51,13,140,7,23,33
53406259,0,,,314,157,157,35,19,16,279,138,141,148,73,75,277,136,141,272,133,139,131,65,66,58,24,34,25,8,17,5,1,4,3,2,1,107,106,18,36,19,16,12,1,4,88,60,28,10,80,0,13,25
53406260,0,,,91,45,46,6,3,3,85,42,43,43,23,20,84,42,42,84,42,42,42,19,23,20,9,11,4,1,3,0,0,0,10,5,5,39,39,13,13,5,4,3,1,0,25,19,6,2,24,7,3,9
53406261,0,,,155,82,73,8,3,5,146,78,68,96,55,41,136,74,62,131,71,60,50,23,27,20,11,9,4,1,3,0,0,0,12,9,3,59,59,17,15,11,9,4,2,1,41,29,12,2,30,4,4,8
53406262,0,,,491,248,243,40,25,15,451,223,228,287,148,139,443,220,223,439,218,221,164,75,89,94,37,57,35,11,24,3,0,3,11,3,8,178,177,44,55,34,21,11,6,6,132,95,37,11,103,6,23,23
53406263,0,,,66,37,29,3,2,1,63,35,28,33,20,13,63,35,28,63,35,28,30,15,15,12,5,7,2,1,1,0,0,0,3,0,3,34,34,15,11,4,3,1,0,0,19,16,3,2,20,4,6,6
53406264,0,,,247,121,126,14,6,8,233,115,118,140,75,65,225,109,116,220,106,114,93,40,53,35,11,24,10,2,8,0,0,0,9,7,2,102,102,33,28,22,9,6,2,2,69,49,20,5,60,2,17,14
53406265,0,,,95,46,49,3,1,2,92,45,47,52,30,22,89,42,47,86,40,46,40,15,25,13,2,11,6,1,5,1,0,1,0,0,0,29,29,4,5,12,2,3,1,2,25,13,12,1,24,1,2,1
53406266,0,,,288,140,148,23,14,9,265,126,139,153,79,74,257,121,136,254,119,135,112,47,65,58,20,38,21,1,20,0,0,0,1,0,1,102,102,16,34,22,19,8,1,2,86,57,29,5,76,0,10,10
53406267,0,,,541,263,278,27,10,17,514,253,261,270,137,133,505,249,256,498,245,253,244,116,128,128,53,75,48,15,33,3,1,2,5,3,2,193,192,34,59,41,35,16,5,2,156,98,58,11,154,0,25,34
53406268,0,,,19,8,11,2,0,2,17,8,9,13,6,7,16,7,9,15,7,8,4,2,2,2,1,1,0,0,0,0,0,0,0,0,0,6,6,2,0,2,0,1,1,0,4,3,1,0,2,0,0,0
53406270,0,,,196,99,97,6,2,4,190,97,93,125,66,59,185,95,90,182,94,88,65,31,34,30,12,18,9,4,5,1,1,0,2,2,0,76,76,22,22,16,9,3,2,2,53,39,14,4,45,2,13,7
53406271,0,,,124,61,63,4,3,1,120,58,62,65,32,33,115,57,58,112,56,56,55,26,29,30,12,18,8,2,6,0,0,0,0,0,0,39,39,5,10,8,8,5,3,0,34,16,18,2,33,0,5,6
53406272,0,,,145,62,83,16,5,11,129,57,72,87,40,47,127,56,71,126,56,70,42,17,25,16,6,10,1,0,1,0,0,0,2,1,1,46,46,9,8,12,9,4,2,2,37,20,17,4,30,0,6,3
53406273,0,,,59,30,29,12,6,6,47,24,23,35,20,15,44,22,22,44,22,22,12,4,8,6,2,4,0,0,0,0,0,0,2,1,1,19,19,1,6,5,5,1,1,0,18,16,2,2,8,0,0,3
53406274,0,,,103,52,51,19,10,9,84,42,42,66,36,30,80,40,40,79,40,39,18,6,12,11,3,8,4,1,3,1,1,0,5,1,4,33,33,4,8,6,10,5,0,0,27,18,9,6,13,0,0,0
53406275,0,,,40,17,23,4,1,3,36,16,20,18,10,8,35,16,19,34,15,19,18,6,12,8,2,6,2,0,2,0,0,0,0,0,0,11,11,0,4,3,0,2,1,1,11,5,6,1,10,0,0,2
53406276,0,,,209,116,93,16,11,5,193,105,88,115,68,47,187,100,87,187,100,87,78,37,41,45,18,27,17,7,10,0,0,0,2,1,1,61,61,5,17,13,10,9,4,3,54,31,23,3,51,0,3,7
53406277,0,,,43,17,26,2,1,1,41,16,25,25,10,15,39,16,23,38,16,22,16,6,10,10,2,8,5,1,4,0,0,0,0,0,0,15,15,3,2,6,2,2,0,0,12,7,5,0,10,0,1,1
53406278,0,,,254,137,117,21,13,8,233,124,109,138,77,61,228,121,107,223,118,105,95,47,48,55,27,28,16,7,9,0,0,0,0,0,0,73,73,11,13,19,10,10,3,7,62,30,32,4,59,0,3,6
53406279,0,,,95,53,42,15,10,5,78,43,35,43,27,16,76,41,35,75,40,35,35,16,19,17,5,12,7,1,6,0,0,0,4,4,0,32,32,7,12,3,3,2,2,3,24,16,8,4,19,1,1,6
53406280,0,,,11,4,7,0,0,0,11,4,7,4,0,4,11,4,7,11,4,7,7,4,3,1,0,1,1,0,1,0,0,0,1,0,1,4,4,0,1,3,0,0,0,0,4,4,0,0,4,0,0,1
53406281,0,,,68,36,32,0,0,0,68,36,32,44,26,18,67,35,32,67,35,32,24,10,14,14,2,12,6,0,6,0,0,0,0,0,0,20,20,1,4,6,7,1,0,1,19,9,10,0,17,0,1,2
53406282,0,,,442,228,214,47,27,20,388,194,194,267,138,129,378,190,188,371,185,186,121,56,65,50,23,27,14,5,9,0,0,0,40,16,24,189,189,69,45,35,25,12,3,0,118,98,20,8,85,11,24,15
53406283,0,,,1019,510,509,84,42,42,933,466,467,540,281,259,907,454,453,889,442,447,393,185,208,188,83,105,59,27,32,5,3,2,17,7,10,385,385,77,142,70,59,16,17,4,303,230,73,19,262,1,45,66
53406284,0,,,232,123,109,25,16,9,207,107,100,132,73,59,198,104,94,193,99,94,75,34,41,37,12,25,18,4,14,1,0,1,1,0,1,77,77,16,20,19,7,5,5,5,61,36,25,5,52,0,8,9
53406285,0,,,22,9,13,4,3,1,18,6,12,11,3,8,18,6,12,17,6,11,7,3,4,3,1,2,1,0,1,0,0,0,0,0,0,5,5,0,0,2,1,0,2,0,5,1,4,1,5,0,0,0
53406286,0,,,59,25,34,2,0,2,57,25,32,32,16,16,55,25,30,55,25,30,25,9,16,15,5,10,4,1,3,0,0,0,0,0,0,26,26,9,6,9,0,1,1,0,17,11,6,2,20,0,7,1
53406287,2,53406288,,4,2,2,*,*,*,*,*,*,*,*,*,*,*,*,*,*,*,*,*,*,*,*,*,*,*,*,*,*,*,*,*,*,1,1,*,*,*,*,*,*,*,*,*,*,*,*,*,*,*
53406288,1,,53406287,110,53,57,14,6,8,99,48,51,61,31,30,95,47,48,94,46,48,38,17,21,18,7,11,6,2,4,1,0,1,3,0,3,36,36,7,9,8,7,1,4,1,30,15,15,2,23,0,0,4
53406289,0,,,174,77,97,19,9,10,155,68,87,88,37,51,153,67,86,150,65,85,67,31,36,31,12,19,17,5,12,2,0,2,6,0,6,51,51,13,8,11,4,5,4,6,37,16,21,3,36,3,3,5
53406290,0,,,178,91,87,11,7,4,167,84,83,121,66,55,160,78,82,156,76,80,46,18,28,19,6,13,8,3,5,1,0,1,1,0,1,69,69,16,20,17,12,2,1,1,52,41,11,3,33,0,10,3
53406291,0,,,335,175,160,24,14,10,311,161,150,186,100,86,306,157,149,299,152,147,125,61,64,55,22,33,16,4,12,1,0,1,8,6,2,143,143,44,48,25,12,12,2,0,98,75,23,4,85,8,14,25
53406292,0,,,892,465,427,68,27,41,823,438,385,489,279,210,801,428,373,774,409,365,334,159,175,185,77,108,67,14,53,2,1,1,43,31,12,387,352,148,86,65,30,14,5,4,198,165,33,13,147,43,46,34
53406293,0,,,282,127,155,23,6,17,258,120,138,160,78,82,248,116,132,243,113,130,98,42,56,33,10,23,7,1,6,0,0,0,16,8,8,100,100,16,33,24,15,8,2,2,83,61,22,5,65,1,8,15
53406294,0,,,626,318,308,37,19,18,588,298,290,359,193,166,573,288,285,564,282,282,229,105,124,90,35,55,31,8,23,0,0,0,31,18,13,250,250,53,94,52,32,14,4,1,195,153,42,8,155,9,24,39
53406295,0,,,66,36,30,7,4,3,55,30,25,31,16,15,52,28,24,52,28,24,24,14,10,9,5,4,2,2,0,0,0,0,0,0,0,26,26,5,8,8,4,1,0,0,20,18,2,2,15,0,3,6
53406296,0,,,33,19,14,3,1,2,30,18,12,21,13,8,30,18,12,30,18,12,9,5,4,2,1,1,0,0,0,0,0,0,0,0,0,13,13,2,5,4,1,1,0,0,11,9,2,1,5,0,1,3
53406297,0,,,58,33,25,8,6,2,50,27,23,28,13,15,49,27,22,49,27,22,22,14,8,10,6,4,6,4,2,0,0,0,1,0,1,18,18,4,2,6,2,2,0,2,14,6,8,4,14,0,3,1
53406298,0,,,98,46,52,12,3,9,86,43,43,42,22,20,85,42,43,85,42,43,44,21,23,19,7,12,9,3,6,0,0,0,0,0,0,32,32,6,8,5,7,3,3,0,26,13,13,2,24,0,2,6
53406299,0,,,36,20,16,4,2,2,32,18,14,21,14,7,31,17,14,30,16,14,11,4,7,7,2,5,2,0,2,0,0,0,0,0,0,10,10,2,1,1,4,0,1,1,8,2,6,1,8,0,1,0
53406300,0,,,111,54,57,5,2,3,106,52,54,59,30,29,102,50,52,102,50,52,47,22,25,28,13,15,9,4,5,1,0,1,1,0,1,39,39,4,15,10,6,1,3,0,35,25,10,3,27,0,2,8
53406301,0,,,83,47,36,6,4,2,77,43,34,39,26,13,77,43,34,76,42,34,38,17,21,23,10,13,9,3,6,0,0,0,0,0,0,31,31,5,9,9,7,1,0,0,26,19,7,1,25,0,5,3
53406302,0,,,105,57,48,6,3,3,99,54,45,50,32,18,97,52,45,96,52,44,49,22,27,21,8,13,8,2,6,0,0,0,9,8,1,45,45,12,18,9,2,3,0,1,32,25,7,1,29,5,4,8
53406303,0,,,216,113,103,8,4,4,208,109,99,117,66,51,199,104,95,188,94,94,91,43,48,34,12,22,11,4,7,4,2,2,10,3,7,90,90,32,23,17,10,3,4,1,58,40,18,3,56,3,12,12
53406304,0,,,435,212,223,34,18,16,401,194,207,218,107,111,392,190,202,386,187,199,183,87,96,92,38,54,34,12,22,3,0,3,11,5,6,153,153,29,54,26,22,10,6,6,120,75,45,11,120,0,21,26
53406305,0,,,274,132,142,19,7,12,255,125,130,145,77,68,249,122,127,245,119,126,110,48,62,49,18,31,24,7,17,2,2,0,4,3,1,87,87,14,23,19,14,7,6,4,73,42,31,5,65,2,7,10
53406306,0,,,262,140,122,25,16,9,237,124,113,158,82,76,232,123,109,228,121,107,79,42,37,37,19,18,9,5,4,0,0,0,7,6,1,111,108,46,24,19,10,4,3,2,61,49,12,3,52,10,15,11
53406307,0,,,151,80,71,6,2,4,145,78,67,89,51,38,142,75,67,140,74,66,56,27,29,25,11,14,9,3,6,1,0,1,1,0,1,48,48,11,7,10,10,6,2,2,36,19,17,2,38,0,9,3
53406308,0,,,154,79,75,10,6,4,144,73,71,79,43,36,142,73,69,140,72,68,65,30,35,33,14,19,17,6,11,3,1,2,3,3,0,53,53,9,16,10,11,4,2,1,44,26,18,2,39,3,3,5
53406309,0,,,98,50,48,7,2,5,91,48,43,54,31,23,89,48,41,88,47,41,37,17,20,13,4,9,4,1,3,0,0,0,2,1,1,38,38,9,12,10,4,0,2,1,29,23,6,3,28,0,8,5
53406310,0,,,236,108,128,16,3,13,220,105,115,112,58,54,215,102,113,212,99,113,108,47,61,49,18,31,14,4,10,1,0,1,6,3,3,109,109,38,37,20,9,3,1,1,71,58,13,3,77,2,24,14
53406311,0,,,136,68,68,16,4,12,120,64,56,78,43,35,118,63,55,116,61,55,42,21,21,24,12,12,2,0,2,0,0,0,11,7,4,56,50,9,20,8,10,2,0,1,40,32,8,3,30,0,7,6
53406312,0,,,101,48,53,3,0,3,98,48,50,45,26,19,94,46,48,93,45,48,53,22,31,25,9,16,11,2,9,1,0,1,6,3,3,39,39,6,17,9,6,0,0,1,33,23,10,1,30,0,4,9
53406313,0,,,150,73,77,13,6,7,137,67,70,83,42,41,135,67,68,133,67,66,54,25,29,27,11,16,10,4,6,0,0,0,1,0,1,50,50,10,10,10,12,7,0,1,40,22,18,3,38,0,6,6
53406314,0,,,168,80,88,18,11,7,150,69,81,84,40,44,145,68,77,141,66,75,66,29,37,33,13,20,14,5,9,1,0,1,0,0,0,45,45,6,11,7,8,3,3,7,38,17,21,4,36,0,5,7
53406315,0,,,338,215,123,23,10,13,259,156,103,182,119,63,252,153,99,231,134,97,77,37,40,36,15,21,9,2,7,1,0,1,18,13,5,198,198,140,25,10,9,7,5,2,55,36,19,4,48,36,9,8
53406316,0,,,980,508,472,51,22,29,912,475,437,425,248,177,895,462,433,876,449,427,487,227,260,287,111,176,134,38,96,22,3,19,41,26,15,247,238,104,51,33,24,15,11,0,132,95,37,11,105,30,25,20
53406317,0,,,232,125,107,21,14,7,211,111,100,132,73,59,202,106,96,199,105,94,79,38,41,32,17,15,10,4,6,0,0,0,3,0,3,77,77,12,23,19,9,7,5,2,64,46,18,4,53,0,5,10
53406318,0,,,186,96,90,9,4,5,177,92,85,100,54,46,173,91,82,171,89,82,77,38,39,37,18,19,7,2,5,1,0,1,0,0,0,72,72,15,27,11,15,1,2,1,57,46,11,3,49,0,7,13
53406319,0,,,117,63,54,7,4,3,110,59,51,68,39,29,108,58,50,108,58,50,42,20,22,16,6,10,5,1,4,2,0,2,2,1,1,38,38,8,10,4,10,3,1,2,30,18,12,1,25,0,1,4
53406320,0,,,253,125,128,33,16,17,218,107,111,144,75,69,213,104,109,210,101,109,74,32,42,28,12,16,6,3,3,1,0,1,2,0,2,100,99,21,38,18,14,6,2,0,78,70,8,11,49,0,10,18
53406321,0,,,139,70,69,6,5,1,133,65,68,75,39,36,130,63,67,127,63,64,58,26,32,18,7,11,7,2,5,0,0,0,2,0,2,50,50,12,14,9,7,6,1,1,38,28,10,0,36,0,7,10
53406322,0,,,737,384,353,71,45,26,645,328,317,467,239,228,622,314,308,611,309,302,178,89,89,77,28,49,19,6,13,3,1,2,66,22,44,333,333,129,88,58,39,13,5,1,194,169,25,13,140,4,59,26
53406323,0,,,185,97,88,13,10,3,170,85,85,100,51,49,170,85,85,168,84,84,70,34,36,38,17,21,15,7,8,2,1,1,3,2,1,64,64,9,18,16,14,6,1,0,55,34,21,3,44,1,4,8
53406324,0,,,46,24,22,5,4,1,41,20,21,26,13,13,39,20,19,38,19,19,15,7,8,8,3,5,1,0,1,0,0,0,0,0,0,14,14,1,3,5,2,2,1,0,13,11,2,2,9,0,1,3
53406325,0,,,184,92,92,15,10,5,169,82,87,90,43,47,162,79,83,158,76,82,79,39,40,38,16,22,12,5,7,1,0,1,2,0,2,63,63,6,22,19,8,4,3,1,57,38,19,3,48,0,3,16
53406326,0,,,135,70,65,18,12,6,114,55,59,66,36,30,114,55,59,112,53,59,48,19,29,25,8,17,7,1,6,0,0,0,8,5,3,47,47,15,9,10,3,4,3,3,32,17,15,3,30,0,4,5
53406327,0,,,208,111,97,12,8,4,195,103,92,124,67,57,189,100,89,184,97,87,71,36,35,30,17,13,10,5,5,1,1,0,3,0,3,83,83,17,33,16,11,4,1,1,66,54,12,4,48,1,7,12
53406328,0,,,51,25,26,7,4,3,44,21,23,23,13,10,43,21,22,41,19,22,21,8,13,12,4,8,4,1,3,1,0,1,0,0,0,17,17,4,4,3,3,2,0,1,13,7,6,0,14,0,4,2
53406329,0,,,47,27,20,0,0,0,47,27,20,26,15,11,47,27,20,47,27,20,21,12,9,13,7,6,6,3,3,1,0,1,0,0,0,17,17,5,2,4,4,2,0,0,12,6,6,0,12,1,2,1
53406330,0,,,116,65,51,5,4,1,111,61,50,78,44,34,107,59,48,106,58,48,33,17,16,19,8,11,6,2,4,0,0,0,1,0,1,39,36,11,8,6,8,2,1,0,24,16,8,1,24,0,8,3
53406331,0,,,110,49,61,10,4,6,99,45,54,54,25,29,98,45,53,98,45,53,45,20,25,25,8,17,7,2,5,0,0,0,0,0,0,41,41,12,13,5,5,2,1,3,29,21,8,3,33,0,9,4
53406332,1,,53406342,139,76,63,11,4,7,137,78,59,85,52,33,135,77,58,133,76,57,52,26,26,30,12,18,8,3,5,1,0,1,6,3,3,53,53,18,12,5,12,5,1,2,37,20,17,2,34,4,7,5
53406333,0,,,10,6,4,0,0,0,10,6,4,9,6,3,10,6,4,10,6,4,1,0,1,0,0,0,0,0,0,0,0,0,0,0,0,4,4,0,2,2,0,0,0,0,4,3,1,0,1,0,0,0
53406334,0,,,140,69,71,11,5,6,129,64,65,62,35,27,127,64,63,125,62,63,67,29,38,27,11,16,13,6,7,2,1,1,2,0,2,46,46,9,12,9,6,4,6,0,36,17,19,3,41,0,8,6
53406335,0,,,166,81,85,10,3,7,154,76,78,97,50,47,152,74,78,149,73,76,57,26,31,37,14,23,21,6,15,1,0,1,5,1,4,55,55,11,10,17,8,4,3,2,44,26,18,4,40,1,7,3
53406336,0,,,36,18,18,4,2,2,32,16,16,18,10,8,31,15,16,31,15,16,14,6,8,7,2,5,4,1,3,0,0,0,0,0,0,11,11,1,2,4,2,1,1,0,10,7,3,0,8,0,1,2
53406337,0,,,190,93,97,27,14,13,163,79,84,104,49,55,159,76,83,154,73,81,59,30,29,19,8,11,6,1,5,1,0,1,2,1,1,67,67,17,19,14,6,3,3,5,49,34,15,9,39,1,9,10
53406338,0,,,133,73,60,9,5,4,123,68,55,76,44,32,119,66,53,116,64,52,47,24,23,23,10,13,10,4,6,0,0,0,0,0,0,48,48,9,15,14,2,6,1,1,38,26,12,4,34,0,7,7
53406339,0,,,201,98,103,14,9,5,187,89,98,104,53,51,180,85,95,178,84,94,83,36,47,39,13,26,13,2,11,0,0,0,1,0,1,73,73,19,20,13,8,8,4,1,54,30,24,3,60,0,15,9
53406340,0,,,107,64,43,3,2,1,104,62,42,80,53,27,102,61,41,99,59,40,24,9,15,17,6,11,6,2,4,0,0,0,0,0,0,28,22,3,4,6,6,1,1,1,19,11,8,0,14,1,1,3
53406341,0,,,194,84,110,16,6,10,178,78,100,109,51,58,171,73,98,164,71,93,69,27,42,41,14,27,18,5,13,0,0,0,3,0,3,68,68,8,26,19,5,5,4,1,59,42,17,4,48,0,7,11
53406342,2,53406332,,11,7,4,*,*,*,*,*,*,*,*,*,*,*,*,*,*,*,*,*,*,*,*,*,*,*,*,*,*,*,*,*,*,2,2,*,*,*,*,*,*,*,*,*,*,*,*,*,*,*
53406343,0,,,17,11,6,0,0,0,17,11,6,14,11,3,15,9,6,14,9,5,3,0,3,1,0,1,1,0,1,0,0,0,1,1,0,6,6,1,2,1,1,1,0,0,5,4,1,0,3,0,0,0
53406344,0,,,111,51,60,8,4,4,103,47,56,63,31,32,98,44,54,96,44,52,40,16,24,21,4,17,9,2,7,1,0,1,0,0,0,36,36,7,9,8,6,0,5,1,29,15,14,2,26,0,4,3
53406345,0,,,89,42,47,7,2,5,82,40,42,48,21,27,77,39,38,76,39,37,34,19,15,17,9,8,6,3,3,0,0,0,0,0,0,30,30,5,11,3,5,4,1,1,25,16,9,1,21,0,2,4
53406347,0,,,646,324,322,55,30,25,581,290,291,367,192,175,564,281,283,554,276,278,214,98,116,77,31,46,22,12,10,1,0,1,22,4,18,285,285,96,88,52,36,4,9,0,185,154,31,13,144,12,38,40
53406348,0,,,283,140,143,33,21,12,246,117,129,144,73,71,243,117,126,242,116,126,102,44,58,38,14,24,12,2,10,1,0,1,8,1,7,114,114,31,37,25,11,7,2,1,81,57,24,12,65,3,13,12
53406349,0,,,371,197,174,27,18,9,344,179,165,193,109,84,336,175,161,329,170,159,151,70,81,65,25,40,18,5,13,2,0,2,2,0,2,129,129,30,32,27,17,14,7,2,99,63,36,7,97,0,19,13
53406350,0,,,262,104,158,15,12,3,247,92,155,92,49,43,244,90,154,243,90,153,155,43,112,117,25,92,90,10,80,19,2,17,3,2,1,66,64,13,24,10,8,5,3,1,50,39,11,5,43,0,9,10
53406351,0,,,198,102,96,9,6,3,189,96,93,103,59,44,184,93,91,180,92,88,86,37,49,42,13,29,16,4,12,2,0,2,2,0,2,75,74,17,21,18,11,5,2,0,56,41,15,1,56,0,13,8
53406352,0,,,107,58,49,10,6,4,97,52,45,57,32,25,95,51,44,94,50,44,40,20,20,18,7,11,6,2,4,0,0,0,4,2,2,35,33,5,11,4,4,5,3,1,28,12,16,3,29,0,5,4
53406353,0,,,247,132,115,12,10,2,230,119,111,120,66,54,226,117,109,223,115,108,110,53,57,60,22,38,18,6,12,1,0,1,0,0,0,83,81,21,21,14,13,7,4,1,60,34,26,5,59,1,11,7
53406354,0,,,462,225,237,33,20,13,429,205,224,289,134,155,419,199,220,411,195,216,140,71,69,52,21,31,9,2,7,0,0,0,2,0,2,182,182,31,69,50,20,9,3,0,151,125,26,9,94,0,15,34
53406355,0,,,123,66,57,9,6,3,114,60,54,74,43,31,110,58,52,105,55,50,40,17,23,18,7,11,4,1,3,1,0,1,1,0,1,39,39,5,10,11,8,0,4,1,34,25,9,3,26,0,1,4
53406356,0,,,286,143,143,20,12,8,266,131,135,146,77,69,262,129,133,257,128,129,120,54,66,61,25,36,17,6,11,2,1,1,11,5,6,117,117,35,33,27,14,3,3,2,82,62,20,5,83,0,22,16
53406357,0,,,370,180,190,28,14,14,315,153,162,193,103,90,305,149,156,302,147,155,122,50,72,54,15,39,34,7,27,4,2,2,26,5,21,195,193,103,49,26,9,4,1,1,86,77,9,8,66,15,22,20
53406358,0,,,397,156,241,25,12,13,364,140,224,168,96,72,357,133,224,353,132,221,196,44,152,157,26,131,103,9,94,28,1,27,5,0,5,121,120,44,32,19,19,2,2,2,74,62,12,10,53,4,13,7
53406359,0,,,384,201,183,29,17,12,349,181,168,218,119,99,343,178,165,336,175,161,131,62,69,59,21,38,17,6,11,1,0,1,3,2,1,164,164,46,61,28,19,6,2,2,115,92,23,6,93,4,21,22
53406360,0,,,165,77,88,10,8,2,155,69,86,90,41,49,153,68,85,149,68,81,65,28,37,24,8,16,6,1,5,0,0,0,10,5,5,62,61,16,15,16,7,4,2,1,43,30,13,2,42,0,12,7
53406361,0,,,258,123,135,23,8,15,235,115,120,144,71,73,230,114,116,226,111,115,91,44,47,44,19,25,15,4,11,2,0,2,2,1,1,88,88,14,28,21,12,6,4,3,73,50,23,7,61,0,11,11
53406362,0,,,827,424,403,126,66,60,692,354,338,496,259,237,661,338,323,640,330,310,196,95,101,95,47,48,17,3,14,1,0,1,21,9,12,323,323,76,103,62,60,15,6,1,245,217,28,34,133,3,36,40
53406363,0,,,1094,543,551,69,30,39,1020,511,509,692,359,333,986,494,492,960,476,484,328,152,176,173,71,102,54,24,30,3,1,2,27,15,12,460,460,108,171,107,55,12,6,1,351,313,38,15,223,6,61,73
53406364,0,,,1417,689,728,155,87,68,1259,601,658,891,428,463,1223,585,638,1201,576,625,368,173,195,158,57,101,40,8,32,2,1,1,18,5,13,522,522,90,184,112,88,29,12,7,426,354,72,44,254,1,44,64
53406365,0,,,340,175,165,34,16,18,304,158,146,201,108,93,294,156,138,285,153,132,103,50,53,31,13,18,8,2,6,1,0,1,19,7,12,124,124,29,35,26,21,4,7,2,95,77,18,6,68,5,10,15
53406366,0,,,920,442,478,108,59,49,810,383,427,471,236,235,782,365,417,763,358,405,339,147,192,158,69,89,35,13,22,0,0,0,0,0,0,363,363,100,122,59,41,22,11,8,263,209,54,21,231,4,57,59
53406367,0,,,166,80,86,8,4,4,158,76,82,89,45,44,153,74,79,153,74,79,69,31,38,33,13,20,17,5,12,2,0,2,2,1,1,65,65,19,14,18,9,2,2,1,46,30,16,3,44,0,10,7
53406368,0,,,1655,840,815,157,80,77,1456,742,714,1004,533,471,1409,716,693,1382,699,683,452,209,243,236,103,133,54,14,40,1,0,1,31,15,16,782,779,309,228,129,88,18,4,3,462,410,52,38,316,52,93,92
53406369,0,,,2405,1136,1269,200,107,93,2188,1022,1166,1248,639,609,2127,989,1138,2087,964,1123,940,383,557,552,198,354,204,61,143,17,4,13,21,8,13,1029,1027,318,333,203,106,45,14,8,704,570,134,46,636,7,196,150
53406370,0,,,51,25,26,4,1,3,47,24,23,33,17,16,45,23,22,45,23,22,14,7,7,6,4,2,3,2,1,2,1,1,3,2,1,18,18,5,3,6,1,0,3,0,13,7,6,1,9,1,1,1
53406371,0,,,234,97,137,16,7,9,215,89,126,101,51,50,212,88,124,208,86,122,114,38,76,81,22,59,44,6,38,7,0,7,2,0,2,74,73,23,25,10,10,2,2,1,50,42,8,2,32,2,9,9
53406372,0,,,541,297,244,45,30,15,483,261,222,293,171,122,473,255,218,465,249,216,190,90,100,97,45,52,27,9,18,1,0,1,25,20,5,239,239,89,66,40,31,7,3,3,147,120,27,11,132,10,33,26
53406373,0,,,379,198,181,32,16,16,332,174,158,189,108,81,328,173,155,325,171,154,143,66,77,58,26,32,14,4,10,1,0,1,24,19,5,184,184,81,49,30,13,8,3,0,102,84,18,11,92,4,24,22
53406374,0,,,95,48,47,2,1,1,87,43,44,39,23,16,84,43,41,84,43,41,48,20,28,27,9,18,10,1,9,2,0,2,1,1,0,40,40,14,12,8,2,0,3,1,26,18,8,0,29,0,7,4
53406375,0,,,85,42,43,7,1,6,77,40,37,50,29,21,75,38,37,74,38,36,27,11,16,15,6,9,3,2,1,0,0,0,4,1,3,33,33,11,7,7,2,5,1,0,21,16,5,2,19,3,6,4
53406376,0,,,677,332,345,55,34,21,620,298,322,344,178,166,599,286,313,591,281,310,276,120,156,133,50,83,40,8,32,2,0,2,2,0,2,257,257,60,84,53,32,11,12,5,196,144,52,16,180,0,40,49
53406377,0,,,498,251,247,41,26,15,456,224,232,263,147,116,442,213,229,433,210,223,193,77,116,81,27,54,27,4,23,3,0,3,2,0,2,177,177,32,60,38,26,5,10,6,143,96,47,11,128,0,19,25
53406378,0,,,1824,891,933,159,82,77,1616,786,830,1038,525,513,1577,768,809,1551,750,801,578,261,317,286,120,166,98,35,63,9,0,9,18,4,14,840,838,316,260,133,96,21,7,5,510,449,61,50,383,51,100,106
53406379,0,,,3051,1491,1560,345,183,162,2603,1263,1340,1711,876,835,2511,1214,1297,2464,1189,1275,892,387,505,468,182,286,178,63,115,11,3,8,23,8,15,1372,1366,565,349,208,150,59,24,11,790,655,135,95,598,84,186,150
53406380,0,,,84,44,40,7,3,4,76,41,35,50,31,19,73,39,34,71,37,34,26,10,16,18,5,13,7,2,5,0,0,0,0,0,0,31,31,7,8,9,4,1,1,1,23,14,9,4,18,0,1,2
53406381,0,,,466,230,236,43,21,22,419,207,212,266,143,123,403,199,204,396,195,201,153,64,89,89,31,58,33,11,22,1,0,1,5,2,3,176,176,47,42,42,28,9,5,3,129,91,38,17,106,0,32,12
53406382,0,,,795,396,399,78,42,36,713,353,360,398,210,188,695,341,354,682,334,348,315,143,172,191,82,109,57,23,34,7,1,6,1,0,1,305,305,74,102,52,45,16,11,5,226,167,59,22,205,0,44,57
53406383,0,,,76,41,35,2,0,2,74,41,33,43,25,18,70,39,31,67,36,31,31,16,15,17,10,7,6,3,3,0,0,0,0,0,0,27,27,7,6,7,3,0,4,0,20,14,6,0,20,0,4,3
53406384,0,,,66,28,38,7,0,7,59,28,31,28,15,13,59,28,31,58,28,30,31,13,18,12,4,8,7,1,6,1,0,1,1,0,1,24,24,6,3,8,6,0,1,0,18,12,6,2,16,2,4,2
53406385,2,53406395,,1,1,0,*,*,*,*,*,*,*,*,*,*,*,*,*,*,*,*,*,*,*,*,*,*,*,*,*,*,*,*,*,*,1,1,*,*,*,*,*,*,*,*,*,*,*,*,*,*,*
53406386,0,,,19,8,11,3,2,1,16,6,10,12,5,7,15,6,9,14,6,8,4,1,3,3,1,2,1,0,1,0,0,0,0,0,0,6,6,1,2,0,2,0,1,0,5,4,1,0,3,0,0,1
53406387,2,53406397,,4,2,2,*,*,*,*,*,*,*,*,*,*,*,*,*,*,*,*,*,*,*,*,*,*,*,*,*,*,*,*,*,*,2,2,*,*,*,*,*,*,*,*,*,*,*,*,*,*,*
53406388,0,,,346,164,182,29,12,17,299,142,157,207,101,106,287,138,149,282,135,147,92,41,51,42,15,27,15,4,11,2,0,2,4,1,3,163,162,71,44,21,14,8,3,1,89,71,18,9,65,8,18,14
53406389,0,,,1266,615,651,127,69,58,1115,536,579,721,376,345,1088,523,565,1067,513,554,394,160,234,229,86,143,92,33,59,6,1,5,24,9,15,577,575,219,173,100,55,17,6,5,353,301,52,36,269,29,86,57
53406390,0,,,125,66,59,7,1,6,118,65,53,57,36,21,115,63,52,115,63,52,61,29,32,34,14,20,12,5,7,1,1,0,1,0,1,41,41,4,15,8,6,5,3,0,37,26,11,1,37,0,4,4
53406391,0,,,260,132,128,17,6,11,243,126,117,133,79,54,241,125,116,240,124,116,110,47,63,57,22,35,30,13,17,0,0,0,13,12,1,119,119,53,27,19,11,5,2,2,66,38,28,4,67,16,16,10
53406392,0,,,244,119,125,11,4,7,233,115,118,140,73,67,231,114,117,227,113,114,93,42,51,46,18,28,14,4,10,2,1,1,0,0,0,79,79,12,24,14,10,13,5,1,66,36,30,5,59,0,7,8
53406393,0,,,138,73,65,6,4,2,132,69,63,73,41,32,130,68,62,128,66,62,59,28,31,21,7,14,10,3,7,3,2,1,2,1,1,43,43,5,11,11,7,5,3,1,37,23,14,1,33,0,4,7
53406394,0,,,118,56,62,12,5,7,106,51,55,54,30,24,103,49,54,103,49,54,52,21,31,25,7,18,15,4,11,0,0,0,0,0,0,37,37,8,7,8,6,3,2,3,29,11,18,4,29,0,3,2
53406395,1,,53406385,146,79,67,14,10,4,133,70,63,77,47,30,128,67,61,127,66,61,56,23,33,33,11,22,13,5,8,1,0,1,0,0,0,49,49,9,15,8,9,6,3,0,41,28,13,5,38,0,7,4
53406396,0,,,53,26,27,5,5,0,48,21,27,24,10,14,48,21,27,48,21,27,24,11,13,12,6,6,4,1,3,0,0,0,0,0,0,16,16,1,5,3,3,3,1,0,15,7,8,2,13,0,0,5
53406397,1,,53406387,72,37,35,4,2,2,72,37,35,35,19,16,71,36,35,71,36,35,37,18,19,19,7,12,7,1,6,0,0,0,0,0,0,26,26,5,9,5,7,2,0,0,23,18,5,0,23,0,4,5
53406398,0,,,194,101,93,18,14,4,175,86,89,114,60,54,171,85,86,169,84,85,61,26,35,27,10,17,7,2,5,1,0,1,0,0,0,69,69,17,17,14,10,5,6,0,50,28,22,7,41,0,8,6
53406399,0,,,312,156,156,45,25,20,262,129,133,157,81,76,253,126,127,248,124,124,105,48,57,53,22,31,19,6,13,2,0,2,1,0,1,107,107,23,29,17,22,8,5,3,79,55,24,13,67,2,10,15
53406400,0,,,89,44,45,3,2,1,85,42,43,46,23,23,84,41,43,83,41,42,39,19,20,23,11,12,8,4,4,0,0,0,3,3,0,34,34,7,12,8,4,1,1,1,27,18,9,1,25,3,2,5
53406401,0,,,105,48,57,12,3,9,93,45,48,57,28,29,89,42,47,87,41,46,36,17,19,10,3,7,5,1,4,0,0,0,1,0,1,38,38,7,15,5,7,2,0,2,31,23,8,2,24,0,5,6
53406402,0,,,142,81,61,13,9,4,129,72,57,69,42,27,128,71,57,128,71,57,60,30,30,29,12,17,14,5,9,0,0,0,1,1,0,53,53,11,15,17,4,3,2,1,41,33,8,5,37,0,9,8
53406403,0,,,129,65,64,9,5,4,120,60,60,72,36,36,119,59,60,117,58,59,48,24,24,23,9,14,12,5,7,0,0,0,7,3,4,50,50,15,11,11,8,4,0,1,35,24,11,3,31,5,6,7
53406404,0,,,304,157,147,18,10,8,280,147,133,147,85,62,274,142,132,267,139,128,133,62,71,61,27,34,20,10,10,3,2,1,12,4,8,125,125,35,40,27,14,5,1,3,88,67,21,3,78,1,12,18
53406405,0,,,224,113,111,24,15,9,200,98,102,111,58,53,196,98,98,193,97,96,89,40,49,50,23,27,11,4,7,0,0,0,0,0,0,72,72,7,27,13,10,10,3,2,64,45,19,6,52,1,4,17
53406407,0,,,973,486,487,86,50,36,886,436,450,506,257,249,859,425,434,846,420,426,380,179,201,158,66,92,42,16,26,5,1,4,4,0,4,372,372,72,137,78,55,14,12,4,295,238,57,21,245,0,41,75
53406408,0,,,285,134,151,25,8,17,259,126,133,139,73,66,250,123,127,246,120,126,120,53,67,52,22,30,14,4,10,1,1,0,0,0,0,119,119,29,43,24,19,2,2,0,89,77,12,4,83,1,20,23
53406409,0,,,459,210,249,21,7,14,438,203,235,236,115,121,423,198,225,417,194,223,202,88,114,87,37,50,31,10,21,0,0,0,0,0,0,169,169,26,62,38,27,10,5,1,141,98,43,2,120,0,12,39
53406410,0,,,201,103,98,22,7,15,179,96,83,113,63,50,174,94,80,171,92,79,66,33,33,27,13,14,10,6,4,2,1,1,4,4,0,78,78,25,19,13,12,5,2,2,51,32,19,6,47,3,12,5
53406411,0,,,194,92,102,19,6,13,175,86,89,102,52,50,172,84,88,169,82,87,73,34,39,30,10,20,10,2,8,0,0,0,1,0,1,74,74,18,28,12,7,2,4,3,56,42,14,7,51,0,15,13
53406412,0,,,166,83,83,13,7,6,153,76,77,89,48,41,151,75,76,147,72,75,64,28,36,31,13,18,17,7,10,0,0,0,5,4,1,54,54,8,17,8,12,5,2,2,45,27,18,2,39,4,3,9
53406413,0,,,28,12,16,0,0,0,28,12,16,14,7,7,27,11,16,26,11,15,14,5,9,7,2,5,2,0,2,0,0,0,0,0,0,11,11,2,4,2,3,0,0,0,9,6,3,0,9,0,2,3
53406414,0,,,90,45,45,10,6,4,80,39,41,41,22,19,79,38,41,77,37,40,39,17,22,19,9,10,5,1,4,0,0,0,1,1,0,30,30,7,5,10,4,1,1,2,23,15,8,3,23,1,4,4
53406415,0,,,678,340,338,89,47,42,579,288,291,431,219,212,556,274,282,543,268,275,148,69,79,71,28,43,34,13,21,2,0,2,2,2,0,243,243,60,57,52,41,19,9,5,180,134,46,22,101,5,20,17
53406416,0,,,78,42,36,6,4,2,72,38,34,48,27,21,68,37,31,66,35,31,24,11,13,10,4,6,4,1,3,2,0,2,0,0,0,24,24,3,7,6,4,1,1,2,21,12,9,2,16,0,2,1
53406417,0,,,616,298,318,73,28,45,540,270,270,335,177,158,523,264,259,514,258,256,205,93,112,87,37,50,20,6,14,0,0,0,2,0,2,231,230,50,79,36,42,15,3,5,180,147,33,23,134,1,25,37
53406418,0,,,1229,590,639,158,80,78,1061,506,555,663,331,332,1016,480,536,988,463,525,398,175,223,210,81,129,72,25,47,5,0,5,1,1,0,495,494,142,154,91,63,25,10,9,346,284,62,46,263,7,74,70
53406419,0,,,1306,631,675,111,53,58,1177,566,611,670,354,316,1143,553,590,1126,545,581,507,212,295,286,104,182,104,19,85,20,1,19,9,3,6,498,497,160,137,103,47,33,7,10,333,262,71,30,263,16,65,64
53406420,0,,,201,104,97,20,10,10,181,94,87,90,50,40,177,90,87,174,89,85,91,44,47,48,20,28,21,8,13,2,1,1,2,0,2,70,70,13,23,13,12,5,2,2,56,36,20,2,56,0,7,14
53406421,0,,,224,118,106,16,5,11,159,82,77,99,56,43,156,81,75,153,79,74,60,26,34,34,16,18,10,4,6,0,0,0,1,0,1,56,55,10,12,15,7,3,4,4,45,26,19,4,36,0,3,7
53406422,0,,,262,132,130,21,13,8,241,119,122,135,72,63,234,116,118,232,115,117,106,47,59,50,19,31,24,8,16,0,0,0,0,0,0,82,82,7,27,21,14,4,5,4,74,48,26,4,63,0,6,12
53406423,0,,,292,144,148,23,13,10,269,131,138,153,76,77,268,130,138,261,128,133,116,55,61,49,18,31,21,5,16,1,0,1,3,2,1,100,100,13,29,29,20,3,4,2,87,56,31,3,73,1,10,14
53406424,0,,,545,261,284,46,25,21,387,198,189,248,134,114,375,190,185,372,188,184,139,64,75,59,23,36,16,4,12,3,0,3,11,9,2,175,174,55,44,40,16,8,7,4,116,91,25,11,96,4,24,16
53406425,0,,,382,190,192,32,18,14,347,171,176,216,113,103,333,164,169,326,162,164,131,58,73,56,18,38,24,5,19,0,0,0,13,12,1,150,150,41,48,26,20,8,3,4,109,84,25,9,82,5,15,20
53406426,0,,,558,257,301,33,18,15,521,237,284,198,121,77,513,232,281,509,229,280,323,116,207,208,60,148,132,30,102,27,6,21,5,1,4,117,115,35,32,24,15,8,0,1,76,56,20,7,54,6,5,12
53406427,0,,,2106,1016,1090,250,127,123,1831,877,954,1176,583,593,1770,849,921,1737,830,907,655,294,361,301,136,165,71,23,48,4,1,3,45,17,28,891,889,288,255,176,117,36,13,4,591,503,88,75,425,38,109,128
53406428,0,,,2506,1194,1312,255,116,139,2231,1070,1161,1289,676,613,2161,1033,1128,2125,1012,1113,942,394,548,486,179,307,151,45,106,9,1,8,13,5,8,1056,1056,321,336,191,139,41,18,10,731,577,154,74,649,21,181,155
53406429,0,,,550,261,289,34,14,20,506,242,264,237,118,119,497,236,261,492,234,258,269,124,145,185,95,90,21,11,10,1,0,1,5,2,3,272,272,97,109,38,21,6,0,1,173,158,15,7,171,4,50,75
53406430,0,,,100,49,51,9,3,6,91,46,45,53,27,26,89,45,44,88,44,44,38,19,19,15,5,10,4,1,3,0,0,0,0,0,0,35,35,6,8,9,10,1,1,0,29,21,8,2,24,0,5,5
53406431,0,,,93,43,50,7,3,4,86,40,46,44,22,22,83,39,44,80,37,43,42,18,24,18,6,12,6,0,6,1,0,1,1,0,1,32,32,7,7,7,7,2,1,1,25,14,11,1,25,0,6,2
53406433,0,,,105,52,53,13,6,7,92,46,46,51,28,23,91,45,46,91,45,46,41,18,23,24,8,16,3,0,3,0,0,0,2,1,1,39,39,9,12,7,8,1,1,1,30,23,7,2,30,0,8,6
53406434,0,,,183,104,79,12,7,5,160,88,72,108,65,43,154,85,69,149,84,65,52,23,29,20,6,14,6,2,4,0,0,0,37,32,5,97,97,59,12,13,7,4,1,1,38,26,12,3,36,10,12,7
53406435,0,,,177,91,86,26,18,8,151,73,78,98,45,53,146,71,75,144,71,73,53,28,25,21,10,11,6,1,5,0,0,0,5,5,0,63,63,19,14,12,8,3,3,4,44,31,13,4,34,2,8,8
53406436,0,,,12,8,4,0,0,0,12,8,4,7,5,2,12,8,4,12,8,4,5,3,2,1,0,1,1,0,1,0,0,0,0,0,0,5,5,2,1,1,0,1,0,0,3,3,0,0,4,0,2,0
53406437,0,,,1016,507,509,127,64,63,882,440,442,602,313,289,849,423,426,830,415,415,280,127,153,116,51,65,33,9,24,2,0,2,9,3,6,395,394,96,128,81,48,29,6,6,291,242,49,26,178,16,30,49
53406438,0,,,956,483,473,108,53,55,824,419,405,595,329,266,799,399,400,783,390,393,229,90,139,126,39,87,36,5,31,1,0,1,21,11,10,424,422,156,111,93,39,15,3,5,260,221,39,33,145,26,33,28
53406439,0,,,699,330,369,44,23,21,653,306,347,298,152,146,647,304,343,638,300,338,355,154,201,241,110,131,26,11,15,2,1,1,1,0,1,323,323,86,150,55,18,11,1,2,235,216,19,13,222,10,51,95
53406440,0,,,8,4,4,0,0,0,8,4,4,5,3,2,8,4,4,8,4,4,3,1,2,1,0,1,1,0,1,0,0,0,0,0,0,5,5,2,3,0,0,0,0,0,3,3,0,0,3,0,2,0
53406441,0,,,14,8,6,1,1,0,13,7,6,8,5,3,12,6,6,12,6,6,5,2,3,1,0,1,1,0,1,0,0,0,0,0,0,6,6,2,3,0,0,0,1,0,4,3,1,0,4,0,2,1
53406442,0,,,134,67,67,10,5,5,124,62,62,71,38,33,123,62,61,122,61,61,53,24,29,35,12,23,9,3,6,0,0,0,4,3,1,52,52,14,15,14,4,2,1,2,38,24,14,2,36,0,7,7
53406443,0,,,175,83,92,15,7,8,160,76,84,81,40,41,157,76,81,152,74,78,79,36,43,40,18,22,8,2,6,1,0,1,0,0,0,67,67,12,33,9,6,3,2,2,53,43,10,3,51,0,8,17
53406444,0,,,42,21,21,1,1,0,41,20,21,21,11,10,39,19,20,39,19,20,20,9,11,7,2,5,1,0,1,1,0,1,0,0,0,17,17,5,6,3,1,1,0,1,12,10,2,0,13,0,3,3
53406445,0,,,24,14,10,2,2,0,22,12,10,14,8,6,22,12,10,22,12,10,8,4,4,4,1,3,2,0,2,0,0,0,0,0,0,10,10,4,2,2,1,0,1,0,6,4,2,1,4,0,1,0
53406446,0,,,169,91,78,15,9,6,154,82,72,78,47,31,152,80,72,151,79,72,76,35,41,33,16,17,8,3,5,0,0,0,1,0,1,62,62,9,22,21,3,3,2,2,53,40,13,4,42,0,6,16
53406447,0,,,988,491,497,105,45,60,883,446,437,545,288,257,859,435,424,842,427,415,338,158,180,142,63,79,48,20,28,4,2,2,8,7,1,335,334,61,89,73,63,29,11,8,270,184,86,27,211,6,39,44
53406448,0,,,81,45,36,3,1,2,78,44,34,53,30,23,77,44,33,76,44,32,25,14,11,15,8,7,4,3,1,0,0,0,0,0,0,31,31,8,6,8,8,1,0,0,23,17,6,1,17,0,2,2
53406450,0,,,353,175,178,42,19,23,310,156,154,189,100,89,300,151,149,296,149,147,121,56,65,64,29,35,14,4,10,1,1,0,5,2,3,130,129,27,41,23,25,8,4,1,102,82,20,8,80,1,16,25
53406451,0,,,414,218,196,35,21,14,379,197,182,211,120,91,373,193,180,367,189,178,168,77,91,75,31,44,30,11,19,2,0,2,2,0,2,153,153,33,50,27,25,9,8,1,120,88,32,6,110,1,23,25
53406452,0,,,428,213,215,36,18,18,392,195,197,227,120,107,383,189,194,377,184,193,165,75,90,77,27,50,24,3,21,1,0,1,1,0,1,148,148,28,44,34,22,9,4,7,120,81,39,11,106,0,19,24
53406453,0,,,153,73,80,2,0,2,151,73,78,80,40,40,150,73,77,146,70,76,71,33,38,39,14,25,13,5,8,2,0,2,1,0,1,59,59,12,18,18,7,2,1,1,47,30,17,2,46,0,10,8
53406454,0,,,123,61,62,7,3,4,116,58,58,56,32,24,115,57,58,115,57,58,60,26,34,33,14,19,12,3,9,1,0,1,1,1,0,42,42,11,12,9,3,0,3,4,31,20,11,2,38,0,9,6
53406455,0,,,421,206,215,36,21,15,383,184,199,183,99,84,377,179,198,370,174,196,200,85,115,98,44,54,17,2,15,1,0,1,2,0,2,173,173,34,75,38,14,7,3,2,138,117,21,3,125,0,28,50
53406456,0,,,969,484,485,93,46,47,873,437,436,501,268,233,850,423,427,833,414,419,372,169,203,179,76,103,46,12,34,2,0,2,3,2,1,349,349,69,101,87,50,24,11,7,277,192,85,21,236,2,42,47
53406457,0,,,84,41,43,10,5,5,74,36,38,44,22,22,73,36,37,72,36,36,30,14,16,14,7,7,3,2,1,0,0,0,0,0,0,37,37,10,13,8,6,0,0,0,26,22,4,0,20,0,3,6
53406458,2,53406468,,10,5,5,*,*,*,*,*,*,*,*,*,*,*,*,*,*,*,*,*,*,*,*,*,*,*,*,*,*,*,*,*,*,3,3,*,*,*,*,*,*,*,*,*,*,*,*,*,*,*
53406459,0,,,104,56,48,13,8,5,91,48,43,64,38,26,89,47,42,86,45,41,27,10,17,10,2,8,3,1,2,0,0,0,0,0,0,38,38,5,16,8,5,1,3,0,33,28,5,4,16,0,1,5
53406460,0,,,3066,1491,1575,351,188,163,2694,1296,1398,1593,818,775,2611,1250,1361,2554,1224,1330,1101,478,623,582,240,342,188,60,128,18,7,11,13,4,9,1233,1230,323,401,241,166,65,23,11,895,748,147,84,744,14,192,210
53406461,0,,,786,384,402,99,52,47,685,332,353,447,218,229,656,320,336,642,313,329,238,114,124,110,50,60,34,14,20,2,0,2,3,0,3,293,293,66,94,55,45,20,7,6,226,185,41,23,161,2,37,42
53406462,0,,,366,186,180,33,17,16,333,169,164,189,100,89,323,162,161,319,158,161,144,69,75,73,33,40,21,10,11,3,0,3,1,1,0,137,137,31,44,32,13,9,3,5,105,80,25,9,91,0,21,23
53406463,0,,,53,24,29,3,2,1,50,22,28,31,16,15,48,21,27,45,19,26,19,6,13,8,0,8,6,0,6,0,0,0,0,0,0,24,24,7,10,3,3,1,0,0,17,14,3,0,14,0,4,3
53406464,0,,,160,79,81,12,4,8,148,75,73,92,46,46,143,74,69,139,71,68,56,29,27,22,11,11,10,4,6,1,1,0,3,3,0,54,54,13,10,16,7,3,3,2,40,25,15,1,35,1,6,6
53406465,0,,,842,412,430,55,27,28,786,385,401,396,215,181,770,380,390,760,374,386,390,170,220,232,87,145,99,31,68,15,0,15,8,8,0,308,307,64,116,61,44,15,5,2,241,186,55,12,208,5,38,63
53406466,0,,,122,64,58,13,9,4,109,55,54,68,36,32,107,55,52,104,54,50,41,19,22,22,9,13,3,1,2,0,0,0,0,0,0,42,42,7,13,9,6,5,1,1,35,22,13,3,26,1,4,3
53406467,0,,,21,11,10,0,0,0,21,11,10,10,6,4,20,10,10,20,10,10,11,5,6,4,1,3,0,0,0,0,0,0,1,0,1,9,9,2,4,1,2,0,0,0,7,5,2,0,7,0,1,4
53406468,1,,53406458,28,12,16,2,1,1,36,16,20,18,9,9,35,15,20,35,15,20,18,7,11,12,4,8,7,3,4,0,0,0,0,0,0,9,9,1,3,4,2,1,1,0,11,6,5,0,10,0,1,2
53406469,0,,,347,174,173,33,18,15,312,155,157,212,107,105,303,152,151,300,151,149,100,48,52,48,20,28,18,7,11,0,0,0,1,0,1,133,133,34,44,21,19,7,5,3,98,74,24,7,71,2,14,18
53406470,0,,,923,439,484,89,40,49,818,392,426,501,260,241,795,383,412,784,377,407,317,132,185,178,67,111,64,25,39,3,0,3,5,1,4,407,407,139,115,84,51,13,3,2,265,223,42,30,236,10,77,45
53406471,0,,,507,266,241,47,27,20,453,236,217,257,140,117,442,229,213,435,225,210,196,96,100,87,34,53,34,11,23,3,1,2,1,0,1,201,201,53,54,60,19,5,6,4,148,108,40,13,129,0,28,24
53406472,0,,,838,407,431,78,35,43,760,372,388,419,220,199,742,360,382,730,356,374,341,152,189,174,68,106,54,15,39,5,1,4,1,0,1,332,331,78,122,57,43,23,7,1,250,192,58,16,223,0,58,54
53406473,0,,,262,131,131,25,9,16,237,122,115,145,81,64,229,115,114,227,114,113,92,41,51,34,14,20,10,4,6,0,0,0,1,0,1,95,95,16,34,20,15,5,3,2,79,63,16,7,62,0,10,20
53406474,0,,,232,117,115,13,9,4,219,108,111,140,72,68,211,105,106,206,104,102,79,36,43,38,14,24,13,4,9,1,0,1,1,0,1,76,76,6,21,27,13,5,2,2,69,51,18,3,49,0,3,10
53406475,0,,,28,11,17,1,1,0,27,10,17,18,7,11,26,10,16,24,9,15,9,3,6,8,2,6,5,1,4,0,0,0,1,0,1,11,11,2,4,3,1,1,0,0,9,6,3,1,7,0,2,1
53406476,0,,,144,74,70,17,7,10,127,67,60,75,41,34,121,64,57,118,64,54,52,26,26,17,5,12,7,1,6,0,0,0,0,0,0,45,45,9,6,13,7,6,3,1,35,21,14,1,34,0,5,4
53406477,0,,,92,49,43,3,2,1,89,47,42,48,28,20,84,46,38,83,46,37,41,19,22,15,7,8,7,4,3,0,0,0,0,0,0,29,29,4,10,6,2,3,1,3,25,14,11,0,26,0,3,6
53406478,0,,,37,20,17,0,0,0,37,20,17,16,9,7,37,20,17,36,19,17,21,11,10,8,4,4,5,2,3,1,1,0,0,0,0,14,14,2,4,7,0,0,1,0,12,11,1,0,11,0,2,4
53406479,0,,,521,233,288,57,26,31,462,207,255,274,135,139,449,202,247,442,198,244,188,72,116,88,27,61,48,8,40,7,0,7,4,1,3,177,176,42,57,36,25,10,5,1,131,105,26,17,79,5,8,21
53406480,0,,,282,144,138,14,11,3,266,132,134,158,81,77,254,124,130,245,119,126,108,51,57,56,21,35,20,7,13,2,0,2,2,1,1,104,104,28,29,20,11,9,2,5,76,49,27,3,73,0,18,10
53406481,0,,,184,92,92,12,9,3,172,83,89,98,48,50,165,77,88,161,75,86,74,35,39,38,14,24,16,5,11,1,0,1,0,0,0,56,56,9,15,9,8,6,8,1,47,26,21,2,44,0,6,8
53406482,0,,,444,205,239,26,15,11,418,190,228,238,116,122,410,184,226,400,180,220,180,74,106,95,33,62,36,11,25,5,1,4,1,0,1,176,176,34,70,36,20,15,0,1,139,107,32,6,117,2,23,33
53406483,1,,53406493,84,38,46,0,0,0,89,41,48,25,14,11,88,41,47,88,41,47,64,27,37,48,18,30,22,7,15,0,0,0,1,1,0,13,12,3,4,3,2,1,1,0,11,6,5,0,9,1,1,2
53406484,0,,,34,14,20,0,0,0,34,14,20,23,8,15,32,14,18,31,14,17,11,6,5,8,3,5,5,1,4,0,0,0,0,0,0,12,12,2,4,2,3,0,1,0,10,6,4,0,8,0,0,3
53406485,0,,,57,29,28,7,4,3,50,25,25,28,16,12,48,24,24,48,24,24,22,9,13,11,4,7,2,1,1,0,0,0,0,0,0,20,20,5,4,3,6,1,1,0,15,8,7,2,14,0,4,4
53406486,0,,,134,71,63,11,7,4,123,64,59,66,38,28,122,63,59,121,63,58,57,26,31,26,10,16,12,3,9,0,0,0,0,0,0,44,44,6,13,10,8,4,2,1,38,22,16,5,37,0,4,7
53406487,0,,,9,4,5,0,0,0,9,4,5,8,4,4,9,4,5,9,4,5,1,0,1,1,0,1,1,0,1,0,0,0,0,0,0,4,4,1,2,0,1,0,0,0,3,2,1,0,1,0,0,0
53406488,0,,,30,14,16,0,0,0,30,14,16,18,8,10,30,14,16,30,14,16,12,6,6,9,4,5,2,0,2,0,0,0,0,0,0,11,11,2,3,2,4,0,0,0,9,6,3,0,10,0,2,0
53406489,0,,,1204,604,600,169,89,80,1032,512,520,684,381,303,1006,497,509,980,478,502,348,131,217,211,74,137,92,24,68,16,3,13,7,2,5,427,424,134,95,82,67,28,14,4,284,225,59,55,157,53,29,27
53406490,0,,,74,37,37,8,4,4,66,33,33,36,18,18,63,33,30,62,33,29,30,15,15,14,7,7,4,3,1,1,0,1,1,1,0,31,31,11,8,7,2,1,1,1,19,13,6,3,22,0,8,4
53406491,0,,,137,69,68,9,5,4,128,64,64,75,41,34,123,61,62,118,60,58,53,23,30,21,9,12,11,3,8,0,0,0,0,0,0,40,40,8,8,6,5,4,8,1,32,15,17,1,29,0,3,6
53406492,0,,,33,16,17,5,2,3,28,14,14,20,10,10,26,13,13,25,13,12,8,4,4,5,3,2,3,2,1,0,0,0,2,1,1,9,9,2,1,3,0,1,0,2,7,3,4,1,4,0,0,1
53406493,2,53406483,,5,3,2,*,*,*,*,*,*,*,*,*,*,*,*,*,*,*,*,*,*,*,*,*,*,*,*,*,*,*,*,*,*,2,2,*,*,*,*,*,*,*,*,*,*,*,*,*,*,*
53406494,0,,,16,8,8,0,0,0,16,8,8,5,3,2,16,8,8,16,8,8,11,5,6,3,1,2,1,0,1,0,0,0,0,0,0,6,6,0,4,0,2,0,0,0,6,5,1,0,5,0,0,3
53406495,0,,,19,7,12,2,1,1,17,6,11,8,3,5,16,6,10,16,6,10,9,3,6,5,2,3,1,0,1,0,0,0,0,0,0,6,6,1,2,1,1,0,0,1,5,3,2,0,5,0,0,1
53406496,0,,,121,64,57,13,7,6,108,57,51,61,32,29,105,54,51,105,54,51,47,25,22,22,10,12,9,3,6,1,1,0,1,0,1,40,40,7,10,8,7,7,0,1,33,21,12,3,29,0,4,3
53406499,0,,,197,100,97,11,8,3,184,91,93,110,55,55,176,89,87,172,87,85,74,36,38,22,10,12,5,2,3,0,0,0,3,2,1,74,74,17,23,15,11,6,1,1,56,40,16,4,43,0,8,9
53406500,0,,,311,151,160,22,12,10,289,139,150,139,64,75,283,136,147,279,134,145,150,75,75,68,30,38,16,2,14,0,0,0,2,0,2,129,129,41,40,22,15,6,3,2,88,62,26,6,99,0,34,25
53406501,0,,,91,46,45,5,3,2,86,43,43,50,25,25,82,40,42,82,40,42,36,18,18,24,12,12,8,5,3,0,0,0,1,1,0,28,28,5,5,9,1,4,3,1,23,14,9,3,21,0,4,3
53406502,0,,,1097,523,574,102,57,45,991,463,528,566,275,291,964,449,515,938,433,505,425,188,237,218,89,129,75,23,52,6,0,6,7,0,7,395,395,99,99,80,59,34,17,7,295,190,105,24,282,2,62,58
53406503,0,,,1499,701,798,190,102,88,1307,598,709,765,372,393,1254,575,679,1243,568,675,542,226,316,266,98,168,91,22,69,9,0,9,8,3,5,531,528,97,178,108,93,36,12,4,431,348,83,48,321,0,68,87
53406504,0,,,756,373,383,78,45,33,674,326,348,408,209,199,646,315,331,631,306,325,266,117,149,141,62,79,44,19,25,3,0,3,3,0,3,252,252,48,65,52,43,24,12,8,203,135,68,13,174,0,36,37
53406505,0,,,129,72,57,18,12,6,108,57,51,79,43,36,106,55,51,106,55,51,29,14,15,15,6,9,3,2,1,0,0,0,4,3,1,44,44,9,10,11,9,2,1,2,35,23,12,6,22,0,4,3
53406506,0,,,59,29,30,6,4,2,53,25,28,39,21,18,48,21,27,47,21,26,14,4,10,6,1,5,2,0,2,0,0,0,3,1,2,26,26,12,4,5,3,1,0,1,14,11,3,2,11,0,5,1
53406507,0,,,306,142,164,40,18,22,265,123,142,166,83,83,254,118,136,248,113,135,99,40,59,48,18,30,18,5,13,5,1,4,5,1,4,103,102,18,22,35,13,8,4,2,84,62,22,3,54,0,10,9
53406508,1,,53406518,1257,613,644,129,66,63,1125,547,578,738,363,375,1097,535,562,1075,524,551,387,184,203,149,56,93,44,10,34,4,1,3,13,5,8,468,467,77,186,101,68,22,7,8,382,317,65,37,242,7,28,88
53406509,0,,,1432,707,725,197,91,106,1227,612,615,910,473,437,1182,588,594,1152,572,580,317,139,178,121,44,77,30,5,25,0,0,0,32,18,14,574,574,164,164,114,80,41,6,5,403,339,64,52,221,12,46,59
53406510,0,,,364,175,189,42,19,23,322,156,166,208,104,104,309,151,158,305,148,157,114,52,62,58,26,32,15,3,12,0,0,0,0,0,0,126,126,23,37,25,23,10,6,2,103,75,28,11,76,0,16,17
53406511,0,,,77,37,40,8,3,5,69,34,35,43,22,21,67,34,33,67,34,33,26,12,14,14,6,8,3,1,2,0,0,0,1,0,1,27,27,8,4,6,4,3,2,0,19,13,6,2,16,0,3,1
53406512,0,,,897,439,458,78,34,44,817,403,414,467,245,222,803,397,406,791,390,401,350,158,192,168,63,105,62,18,44,7,1,6,12,8,4,339,339,71,111,75,48,22,8,4,265,184,81,20,231,3,39,55
53406513,0,,,145,70,75,16,7,9,123,61,62,76,40,36,122,60,62,121,60,61,47,21,26,20,9,11,5,1,4,0,0,0,2,1,1,56,56,18,16,3,11,6,2,0,36,27,9,3,34,1,12,6
53406516,0,,,364,176,188,36,15,21,325,160,165,190,94,96,317,154,163,312,154,158,135,66,69,48,23,25,12,2,10,0,0,0,12,2,10,141,141,35,45,30,15,10,3,3,104,77,27,14,89,2,15,22
53406517,0,,,854,458,396,91,44,47,761,412,349,567,309,258,737,401,336,722,394,328,194,103,91,84,39,45,27,11,16,3,1,2,54,35,19,369,369,144,85,62,51,18,5,4,225,183,42,31,140,29,51,26
53406518,2,53406508,,2,2,0,*,*,*,*,*,*,*,*,*,*,*,*,*,*,*,*,*,*,*,*,*,*,*,*,*,*,*,*,*,*,2,2,*,*,*,*,*,*,*,*,*,*,*,*,*,*,*
53406519,0,,,197,101,96,15,4,11,177,95,82,112,67,45,168,90,78,165,88,77,65,28,37,36,15,21,14,4,10,3,1,2,8,7,1,62,62,13,12,14,11,4,5,3,43,27,16,5,41,1,7,4
53406525,0,,,244,128,116,12,4,8,219,113,106,151,80,71,212,108,104,204,102,102,68,33,35,36,18,18,6,5,1,0,0,0,2,0,2,110,110,39,28,26,14,3,0,0,70,62,8,5,49,1,11,11
53406526,0,,,695,355,340,85,42,43,607,311,296,443,231,212,593,307,286,582,301,281,164,80,84,58,21,37,17,3,14,0,0,0,33,9,24,289,289,89,90,50,36,16,4,4,194,162,32,22,113,12,18,25
53406527,0,,,117,59,58,8,5,3,108,53,55,77,39,38,107,52,55,106,52,54,31,14,17,18,7,11,4,1,3,0,0,0,16,12,4,56,56,26,15,8,3,1,2,1,29,21,8,2,23,7,7,3
53406528,0,,,107,54,53,14,10,4,93,44,49,65,33,32,90,41,49,88,41,47,28,11,17,17,6,11,5,1,4,0,0,0,2,1,1,39,39,7,14,9,3,4,1,1,32,27,5,2,21,1,3,4
53406529,0,,,213,107,106,29,13,16,184,94,90,116,63,53,181,92,89,181,92,89,68,31,37,35,15,20,18,7,11,1,0,1,7,6,1,63,63,10,10,18,7,11,4,3,52,33,19,8,37,3,5,4
53406531,0,,,32,15,17,4,1,3,28,14,14,15,9,6,28,14,14,28,14,14,13,5,8,8,2,6,5,1,4,0,0,0,1,0,1,11,11,2,3,4,0,0,2,0,9,5,4,1,10,0,2,1
53406532,0,,,337,164,173,47,17,30,290,147,143,185,100,85,280,140,140,276,137,139,105,47,58,48,17,31,22,5,17,2,0,2,1,0,1,107,107,15,26,25,23,11,4,3,91,58,33,13,72,0,13,9
53406533,0,,,220,108,112,19,13,6,201,95,106,128,66,62,196,94,102,191,92,99,73,29,44,30,9,21,11,2,9,0,0,0,0,0,0,77,77,10,25,21,13,4,3,1,66,44,22,8,50,2,4,9
53406534,0,,,543,265,278,71,32,39,465,229,236,296,153,143,457,224,233,443,220,223,169,76,93,71,33,38,23,11,12,1,0,1,6,1,5,202,202,54,50,46,28,12,7,5,143,109,34,16,110,3,24,23
53406535,0,,,1292,628,664,171,84,87,1115,540,575,765,403,362,1078,516,562,1055,504,551,350,137,213,182,54,128,69,14,55,7,0,7,36,12,24,513,511,166,139,97,73,23,7,6,342,294,48,55,206,18,64,41
53406536,0,,,1019,521,498,160,82,78,848,432,416,668,344,324,810,411,399,796,404,392,180,88,92,55,22,33,14,3,11,0,0,0,24,7,17,400,398,106,116,77,63,25,8,3,283,238,45,54,129,19,19,30
53406537,0,,,489,289,200,47,22,25,441,266,175,315,188,127,429,260,169,427,259,168,126,78,48,41,20,21,12,5,7,0,0,0,21,8,13,258,198,73,64,33,15,11,1,1,121,106,15,16,72,7,18,18
53406538,0,,,326,166,160,48,23,25,278,143,135,196,102,94,271,140,131,268,139,129,82,41,41,30,12,18,11,4,7,0,0,0,4,1,3,121,121,30,32,28,16,9,4,2,88,63,25,18,57,4,15,11
53406539,1,,53406549,275,139,136,44,24,20,240,119,121,183,92,91,232,115,117,224,113,111,57,27,30,30,14,16,8,5,3,1,1,0,7,3,4,99,99,18,30,27,17,2,4,3,83,66,17,12,37,2,4,9
53406540,0,,,157,79,78,27,14,13,130,65,65,88,46,42,127,64,63,127,64,63,42,19,23,16,8,8,7,3,4,0,0,0,3,0,3,55,55,11,12,13,13,5,1,0,43,37,6,7,31,0,6,5
53406541,0,,,383,181,202,39,19,20,344,162,182,211,112,99,334,158,176,329,158,171,133,50,83,73,22,51,24,7,17,2,0,2,8,3,5,137,136,26,49,25,20,11,4,1,110,85,25,7,78,1,12,17
53406542,0,,,401,213,188,35,19,16,361,189,172,218,119,99,355,187,168,350,186,164,143,70,73,57,22,35,17,3,14,1,0,1,3,0,3,173,173,69,37,35,16,9,6,1,103,74,29,9,91,22,19,16
53406543,0,,,1093,557,536,174,92,82,916,463,453,648,338,310,866,436,430,848,426,422,268,125,143,107,46,61,21,7,14,1,0,1,4,1,3,410,410,102,110,77,77,34,8,2,303,263,40,37,179,15,41,49
53406544,0,,,1991,1012,979,301,151,150,1679,853,826,1262,655,607,1621,819,802,1585,803,782,417,198,219,165,76,89,37,14,23,1,0,1,36,9,27,775,775,213,219,148,117,55,13,10,550,467,83,91,284,25,55,78
53406545,0,,,1799,921,878,315,170,145,1475,744,731,1151,592,559,1403,710,693,1365,685,680,324,152,172,128,55,73,26,9,17,0,0,0,30,11,19,708,708,190,192,147,133,32,9,5,505,450,55,82,218,43,40,67
53406546,0,,,1677,922,755,201,95,106,1458,813,645,1061,596,465,1406,791,615,1380,779,601,397,217,180,138,76,62,25,15,10,1,0,1,60,19,41,777,777,332,186,116,108,24,5,6,435,384,51,51,280,99,75,78
53406547,0,,,1092,587,505,148,79,69,911,487,424,693,392,301,895,476,419,873,459,414,218,95,123,109,38,71,38,7,31,6,1,5,48,22,26,529,529,237,133,79,58,16,3,3,278,243,35,55,156,66,52,31
53406548,0,,,494,245,249,31,12,19,460,232,228,286,154,132,443,221,222,433,215,218,174,78,96,84,29,55,30,8,22,1,0,1,20,16,4,216,216,82,56,35,29,8,4,2,131,106,25,5,126,3,43,24
53406549,2,53406539,,9,4,5,*,*,*,*,*,*,*,*,*,*,*,*,*,*,*,*,*,*,*,*,*,*,*,*,*,*,*,*,*,*,2,2,*,*,*,*,*,*,*,*,*,*,*,*,*,*,*
53406550,0,,,1621,819,802,257,131,126,1343,677,666,1024,522,502,1297,652,645,1271,641,630,319,155,164,121,51,70,39,12,27,3,1,2,67,27,40,664,664,202,193,119,96,37,13,4,443,391,52,65,221,32,55,53
53406551,0,,,2141,1078,1063,402,219,183,1734,857,877,1337,664,673,1675,834,841,1630,811,819,397,193,204,131,59,72,26,8,18,3,0,3,41,14,27,812,811,189,233,163,160,46,16,4,612,560,52,122,265,25,53,92
53406552,0,,,355,187,168,35,22,13,318,164,154,213,114,99,308,158,150,301,153,148,105,50,55,27,13,14,6,0,6,0,0,0,2,0,2,140,140,28,51,31,21,7,1,1,110,94,16,11,67,1,11,22
53406553,0,,,578,290,288,95,46,49,480,243,237,354,184,170,458,237,221,444,229,215,126,59,67,43,14,29,5,1,4,1,0,1,3,0,3,216,216,53,63,41,34,15,6,4,161,139,22,17,91,10,15,26
53406554,0,,,540,271,269,48,24,24,491,247,244,313,160,153,477,242,235,469,238,231,178,87,91,76,32,44,17,5,12,1,0,1,7,3,4,225,225,65,69,42,38,8,2,1,156,130,26,13,124,3,29,32
53406555,0,,,639,351,288,80,39,41,555,308,247,430,247,183,538,298,240,531,295,236,125,61,64,58,28,30,11,5,6,0,0,0,15,6,9,286,286,117,62,48,44,12,3,0,165,143,22,25,87,28,19,18
53406556,0,,,3361,2087,1274,326,166,160,2951,1846,1105,2315,1530,785,2875,1798,1077,2797,1732,1065,636,316,320,244,110,134,50,17,33,3,1,2,207,102,105,1943,1934,1198,336,198,147,40,8,7,706,611,95,98,448,387,140,116
53406557,0,,,1725,960,765,199,111,88,1509,835,674,1149,662,487,1478,823,655,1460,817,643,360,173,187,139,65,74,25,7,18,2,0,2,58,19,39,849,849,399,206,132,68,27,9,8,438,376,62,70,250,91,63,61
53406558,0,,,196,101,95,14,8,6,180,91,89,119,63,56,178,90,88,175,89,86,61,28,33,25,9,16,13,3,10,2,0,2,5,5,0,56,54,18,11,10,10,2,3,0,36,24,12,3,25,3,5,3
53406560,0,,,1635,856,779,249,132,117,1382,722,660,1027,540,487,1340,701,639,1317,688,629,355,182,173,122,57,65,22,9,13,2,0,2,36,9,27,681,681,206,187,154,92,30,10,2,467,418,49,71,243,32,54,71
53406561,0,,,3426,1773,1653,542,277,265,2818,1443,1375,2159,1129,1030,2694,1377,1317,2634,1347,1287,659,314,345,258,131,127,29,11,18,4,0,4,69,19,50,1447,1444,483,384,267,215,70,18,7,936,832,104,183,436,87,97,135
53406562,0,,,1880,1037,843,275,149,126,1579,872,707,1219,704,515,1538,850,688,1508,834,674,360,168,192,134,57,77,31,10,21,3,0,3,44,19,25,889,889,393,217,131,104,27,11,6,473,404,69,86,249,67,69,66
53406563,0,,,344,168,176,44,20,24,300,148,152,192,96,96,290,143,147,289,142,147,108,52,56,49,24,25,15,6,9,1,0,1,1,0,1,126,126,30,43,24,10,7,4,8,94,71,23,7,75,1,15,18
53406564,0,,,67,47,20,2,2,0,63,44,19,50,38,12,62,43,19,61,42,19,13,6,7,6,3,3,3,1,2,0,0,0,2,2,0,49,49,39,4,4,2,0,0,0,10,8,2,1,7,14,2,2
53406566,0,,,616,333,283,100,44,56,498,279,219,386,216,170,479,273,206,469,266,203,112,63,49,45,28,17,6,3,3,1,0,1,25,13,12,267,267,106,58,50,33,11,7,2,153,134,19,41,76,16,21,19
53406567,0,,,1684,956,728,210,110,100,1420,795,625,1118,660,458,1369,770,599,1346,758,588,302,135,167,114,44,70,23,5,18,2,0,2,52,29,23,753,753,330,143,124,107,32,12,5,412,335,77,54,210,68,42,41
53406568,0,,,22,13,9,2,0,2,20,13,7,16,11,5,20,13,7,20,13,7,4,2,2,0,0,0,0,0,0,0,0,0,11,10,1,15,14,12,1,0,1,0,0,0,2,2,0,0,2,4,1,1
53406570,0,,,1645,889,756,226,117,109,1399,755,644,1110,622,488,1356,731,625,1328,719,609,289,133,156,126,51,75,29,8,21,2,0,2,30,10,20,765,761,311,206,119,91,21,9,4,441,389,52,61,202,56,44,57
53406571,0,,,3631,2040,1591,442,211,231,3146,1800,1346,2438,1459,979,3070,1763,1307,3021,1733,1288,708,341,367,304,136,168,60,25,35,0,0,0,145,60,85,1927,1925,1030,432,240,152,51,9,11,866,787,79,151,525,211,194,114
53406572,0,,,700,425,275,57,27,30,628,388,240,506,330,176,618,381,237,610,378,232,122,58,64,43,16,27,10,2,8,0,0,0,38,21,17,437,437,296,69,43,15,7,7,0,129,114,15,25,86,49,28,19
53406576,0,,,177,88,89,14,7,7,163,81,82,119,58,61,158,76,82,154,74,80,44,23,21,16,9,7,2,1,1,0,0,0,5,0,5,64,64,17,16,10,13,4,2,2,47,31,16,2,33,1,6,3
53406577,0,,,416,201,215,45,26,19,367,172,195,262,129,133,358,166,192,349,160,189,105,43,62,49,17,32,10,2,8,0,0,0,16,8,8,219,219,96,69,40,9,4,1,0,118,105,13,12,79,13,34,17
53406580,0,,,1232,626,606,157,70,87,1060,549,511,750,398,352,1030,535,495,1009,525,484,310,151,159,145,68,77,34,17,17,2,1,1,22,9,13,547,547,198,155,104,57,19,10,4,339,302,37,51,211,40,53,63
53406581,0,,,4659,2469,2190,730,372,358,3881,2069,1812,3121,1705,1416,3732,1985,1747,3642,1944,1698,760,364,396,309,144,165,61,25,36,3,1,2,171,68,103,2192,2192,958,526,340,244,96,24,4,1188,1086,102,196,560,187,181,135
53406582,0,,,1167,580,587,152,74,78,998,494,504,775,383,392,955,476,479,933,465,468,223,111,112,87,45,42,9,4,5,0,0,0,64,11,53,581,580,291,126,84,60,12,1,6,275,245,30,41,154,78,51,35
53406590,0,,,1615,828,787,233,122,111,1375,704,671,1096,580,516,1328,681,647,1301,664,637,279,124,155,146,55,91,58,17,41,6,1,5,26,11,15,671,670,232,175,121,97,30,15,0,426,364,62,81,169,51,34,35
53406591,0,,,3161,1699,1462,532,270,262,2605,1411,1194,2275,1257,1018,2487,1353,1134,2440,1327,1113,330,154,176,132,52,80,26,6,20,0,0,0,79,45,34,1433,1433,593,314,263,194,47,18,4,810,741,69,178,245,137,75,59
53406592,0,,,1908,943,965,388,188,200,1510,751,759,1239,637,602,1421,708,713,1368,680,688,271,114,157,130,50,80,51,11,40,6,2,4,51,24,27,704,703,207,162,144,131,38,16,5,479,442,37,94,127,42,34,27
53406600,0,,,391,202,189,27,10,17,360,189,171,232,137,95,348,184,164,344,182,162,128,52,76,57,18,39,17,4,13,1,0,1,14,10,4,160,160,54,40,35,13,11,4,3,106,73,33,4,91,5,22,11
53406610,0,,,49,29,20,5,4,1,44,25,19,27,16,11,44,25,19,44,25,19,17,9,8,6,2,4,1,1,0,0,0,0,6,5,1,23,23,11,2,6,4,0,0,0,11,9,2,2,10,1,2,1
53407000,0,,,2979,1485,1494,229,119,110,2707,1342,1365,1647,845,802,2647,1308,1339,2595,1280,1315,1060,497,563,471,225,246,75,31,44,3,2,1,40,18,22,1352,1352,431,451,284,149,27,7,3,908,834,74,60,703,44,195,237
53407001,0,,,4015,2010,2005,353,190,163,3600,1785,1815,2065,1074,991,3498,1738,1760,3437,1703,1734,1535,711,824,787,382,405,155,69,86,8,1,7,43,20,23,1876,1875,652,663,300,191,53,14,2,1197,1107,90,87,997,71,282,376
53407002,0,,,3265,1611,1654,398,208,190,2819,1373,1446,1897,955,942,2732,1329,1403,2662,1293,1369,922,418,504,443,199,244,127,45,82,13,1,12,33,6,27,1335,1330,391,415,277,185,44,13,5,928,863,65,108,542,36,142,167
53407003,0,,,5447,2664,2783,854,431,423,4546,2198,2348,3009,1508,1501,4454,2157,2297,4374,2114,2260,1537,690,847,832,372,460,161,68,93,12,3,9,89,22,67,2341,2339,703,770,450,298,93,23,2,1608,1505,103,325,1007,105,283,367
53407004,0,,,1194,564,630,76,43,33,1115,519,596,572,292,280,1087,503,584,1071,497,574,543,227,316,313,125,188,99,23,76,14,1,13,11,3,8,487,483,132,194,88,46,16,7,0,347,315,32,10,296,11,73,108
53407005,0,,,58,32,26,6,3,3,52,29,23,29,18,11,50,28,22,50,28,22,23,11,12,12,5,7,7,4,3,2,1,1,0,0,0,19,19,3,5,5,3,1,1,1,16,8,8,2,16,0,3,2
53407006,0,,,175,83,92,15,7,8,160,76,84,100,49,51,155,75,80,152,72,80,60,27,33,34,15,19,6,1,5,0,0,0,0,0,0,54,54,3,20,10,10,6,3,2,51,38,13,2,36,0,2,11
53407007,0,,,256,118,138,11,7,4,245,111,134,117,56,61,235,104,131,232,104,128,128,55,73,65,22,43,24,2,22,3,0,3,0,0,0,88,87,12,33,22,10,6,1,3,75,52,23,0,71,0,9,20
53407008,0,,,3076,1468,1608,406,208,198,2656,1252,1404,1663,805,858,2585,1217,1368,2539,1194,1345,993,447,546,505,217,288,106,33,73,10,0,10,41,20,21,1278,1277,322,452,270,166,51,14,2,941,850,91,119,638,32,154,230
53407009,0,,,5535,2658,2877,592,293,299,4909,2344,2565,2894,1440,1454,4800,2290,2510,4719,2239,2480,2015,904,1111,949,417,532,186,72,114,12,4,8,67,24,43,2537,2537,842,896,429,272,70,22,6,1673,1542,131,160,1363,54,417,453
53407010,0,,,4789,2384,2405,474,241,233,4278,2125,2153,2855,1455,1400,4114,2044,2070,4005,1990,2015,1423,670,753,694,343,351,129,58,71,4,1,3,71,28,43,2058,2057,588,713,377,280,82,13,4,1444,1333,111,121,937,54,233,350
53407011,0,,,3396,1690,1706,348,181,167,3017,1491,1526,1832,951,881,2947,1456,1491,2898,1430,1468,1185,540,645,565,246,319,147,44,103,19,2,17,54,30,24,1537,1536,561,507,235,166,48,12,7,958,870,88,83,739,46,221,236
53407012,0,,,2365,1125,1240,309,145,164,2041,970,1071,1289,658,631,1978,942,1036,1939,923,1016,752,312,440,419,154,265,118,27,91,11,0,11,30,6,24,865,862,237,247,188,119,43,22,6,618,539,79,95,396,33,89,107
53407013,0,,,801,383,418,166,85,81,623,291,332,468,234,234,614,286,328,610,284,326,155,57,98,84,21,63,39,5,34,7,1,6,22,8,14,313,312,103,75,62,51,18,3,0,204,186,18,77,67,36,13,23
53407014,0,,,393,189,204,21,13,8,372,176,196,205,100,105,363,172,191,360,170,190,167,76,91,73,31,42,16,8,8,0,0,0,6,2,4,145,145,26,47,38,20,8,3,3,119,95,24,4,102,0,19,32
53407015,0,,,85,39,46,7,4,3,78,35,43,43,21,22,76,34,42,75,33,42,35,14,21,20,7,13,8,2,6,1,0,1,0,0,0,31,31,3,12,7,8,1,0,0,28,21,7,0,21,0,2,4
53407016,0,,,103,44,59,10,4,6,93,40,53,45,21,24,90,39,51,88,39,49,48,19,29,22,6,16,7,1,6,0,0,0,0,0,0,39,39,8,15,7,5,1,2,1,30,21,9,1,32,0,7,10
53407017,0,,,486,227,259,52,28,24,432,198,234,192,97,95,424,193,231,419,190,229,240,101,139,139,51,88,61,15,46,10,0,10,0,0,0,155,153,35,53,26,23,9,6,1,116,92,24,11,101,0,24,31
53407018,0,,,2517,1254,1263,253,144,109,2252,1103,1149,1282,661,621,2171,1064,1107,2136,1040,1096,970,442,528,480,216,264,87,33,54,4,1,3,26,8,18,1008,1007,222,377,220,112,52,18,6,778,702,76,64,610,18,130,221
53407019,0,,,704,349,355,56,23,33,647,326,321,368,199,169,630,317,313,621,312,309,279,127,152,152,65,87,41,15,26,7,2,5,8,4,4,273,271,77,85,57,35,10,5,2,191,156,35,16,146,13,23,43
53407020,0,,,3032,1522,1510,284,137,147,2732,1379,1353,1648,834,814,2655,1340,1315,2611,1315,1296,1084,545,539,371,179,192,93,38,55,9,2,7,18,7,11,1279,1278,302,505,253,162,43,8,5,965,882,83,72,702,28,137,274
53407021,0,,,2778,1364,1414,165,93,72,2613,1271,1342,1310,623,687,2565,1247,1318,2529,1231,1298,1303,648,655,403,210,193,85,26,59,8,2,6,22,13,9,1165,1165,185,553,261,130,32,4,0,976,911,65,44,800,12,121,382
53407022,0,,,100,47,53,3,2,1,94,43,51,58,28,30,92,42,50,91,41,50,36,15,21,12,4,8,5,1,4,2,0,2,1,1,0,35,35,4,14,6,7,2,2,0,31,22,9,0,23,0,1,5
53407023,0,,,346,162,184,28,10,18,312,148,164,183,90,93,308,145,163,303,141,162,129,58,71,51,20,31,14,4,10,2,0,2,5,0,5,127,127,25,37,35,18,6,2,4,100,82,18,7,82,1,11,22
53407024,0,,,459,233,226,28,15,13,430,217,213,233,127,106,421,212,209,416,209,207,197,90,107,87,35,52,26,7,19,2,1,1,7,4,3,171,171,32,64,32,23,10,9,1,139,104,35,6,130,0,27,36
53407025,0,,,857,425,432,62,34,28,792,389,403,434,226,208,774,377,397,766,373,393,358,163,195,183,82,101,65,28,37,5,3,2,2,1,1,320,320,69,107,65,39,27,6,7,250,184,66,14,228,0,46,65
53407026,0,,,169,81,88,17,11,6,152,70,82,88,41,47,149,69,80,145,68,77,64,29,35,27,11,16,10,3,7,1,0,1,0,0,0,58,58,5,26,12,5,5,4,1,52,40,12,3,41,0,5,8
53407027,0,,,1421,708,713,358,209,149,1058,497,561,852,412,440,996,468,528,959,451,508,206,85,121,87,33,54,17,3,14,1,0,1,11,4,7,444,444,54,101,92,127,49,15,6,387,341,46,71,136,0,16,35
53407028,0,,,553,272,281,58,30,28,495,242,253,293,155,138,486,238,248,479,235,244,202,87,115,90,36,54,33,7,26,1,0,1,5,3,2,173,173,21,47,36,36,22,4,7,149,101,48,15,124,0,15,27
53407029,0,,,2150,1091,1059,108,67,41,2037,1020,1017,984,544,440,1991,998,993,1968,989,979,1053,476,577,639,294,345,87,36,51,3,0,3,37,15,22,997,997,325,378,179,71,27,10,7,664,592,72,23,715,8,200,208
53407030,0,,,1596,829,767,249,129,120,1326,690,636,959,510,449,1279,661,618,1249,642,607,367,180,187,169,80,89,40,17,23,3,1,2,21,9,12,654,654,175,193,144,114,22,5,1,470,442,28,68,233,36,46,92
53407031,0,,,239,113,126,31,17,14,208,96,112,135,59,76,201,90,111,198,88,110,73,37,36,19,10,9,9,3,6,0,0,0,1,0,1,82,82,11,27,22,11,4,5,2,71,55,16,7,50,0,7,17
53407032,0,,,125,63,62,6,3,3,116,59,57,67,38,29,114,57,57,111,55,56,49,21,28,25,10,15,4,1,3,0,0,0,1,0,1,48,48,12,14,10,6,5,1,0,36,26,10,2,32,0,5,7
53407033,0,,,926,451,475,81,42,39,805,386,419,456,226,230,777,369,408,757,362,395,349,160,189,148,68,80,15,5,10,1,0,1,5,4,1,368,368,86,140,65,42,19,11,5,270,235,35,19,222,8,40,86
53407034,0,,,705,346,359,45,25,20,650,315,335,353,189,164,639,311,328,624,303,321,297,126,171,165,70,95,30,11,19,4,0,4,8,8,0,287,287,77,97,61,26,12,11,3,208,175,33,8,191,6,43,51
53407035,0,,,554,274,280,33,19,14,516,251,265,263,137,126,511,247,264,498,241,257,253,114,139,143,64,79,34,8,26,2,0,2,3,1,2,235,235,62,95,33,30,7,8,0,170,136,34,8,163,0,34,57
53407036,0,,,267,133,134,22,12,10,241,118,123,130,67,63,236,118,118,233,117,116,111,51,60,50,23,27,15,7,8,1,0,1,3,1,2,97,97,14,32,31,11,5,1,3,81,67,14,6,70,0,10,20
53407037,0,,,460,234,226,43,21,22,400,203,197,225,121,104,389,198,191,381,194,187,175,82,93,81,37,44,22,10,12,0,0,0,2,0,2,160,160,31,50,29,26,12,8,4,128,95,33,8,108,0,14,33
53407038,0,,,15,9,6,0,0,0,15,9,6,8,6,2,15,9,6,15,9,6,7,3,4,4,1,3,2,0,2,1,0,1,0,0,0,6,6,2,1,2,0,1,0,0,4,2,2,0,4,0,1,0
53407039,0,,,179,88,91,11,4,7,168,84,84,105,52,53,166,83,83,166,83,83,63,32,31,19,8,11,4,1,3,0,0,0,0,0,0,70,70,11,25,22,9,2,1,0,59,49,10,2,43,0,5,12
53407040,0,,,1380,716,664,262,136,126,1114,578,536,947,496,451,1025,533,492,978,506,472,167,82,85,83,43,40,19,8,11,0,0,0,24,11,13,493,493,104,115,103,123,43,5,0,385,365,20,43,106,20,19,39
53407041,0,,,424,231,193,44,25,19,380,206,174,212,111,101,365,200,165,356,195,161,168,95,73,93,56,37,23,11,12,0,0,0,4,3,1,103,102,14,29,23,20,12,2,2,88,74,14,12,54,0,8,19
53407042,0,,,442,190,252,51,25,26,380,159,221,173,88,85,374,156,218,363,150,213,207,71,136,138,42,96,77,15,62,12,1,11,3,0,3,122,121,24,32,26,25,8,3,3,94,74,20,7,73,0,14,17
53407043,0,,,1663,814,849,156,90,66,1444,693,751,814,413,401,1403,675,728,1376,660,716,630,280,350,293,142,151,65,21,44,5,0,5,9,4,5,723,723,220,255,124,81,26,12,5,492,436,56,41,407,9,96,151
53407044,0,,,1526,743,783,129,64,65,1349,656,693,686,347,339,1318,641,677,1301,633,668,663,309,354,322,169,153,58,22,36,7,3,4,13,6,7,646,645,169,245,113,78,30,7,3,470,406,64,31,424,5,99,158
53407045,0,,,37,20,17,7,3,4,30,17,13,15,9,6,29,17,12,29,17,12,15,8,7,7,3,4,1,0,1,0,0,0,0,0,0,13,13,2,4,3,2,2,0,0,11,10,1,1,8,0,1,3
53407046,0,,,175,92,83,16,11,5,159,81,78,99,55,44,156,78,78,153,76,77,60,26,34,29,13,16,14,4,10,1,0,1,1,0,1,63,63,11,18,18,8,6,2,0,52,34,18,4,41,0,6,10
53407047,0,,,286,145,141,21,10,11,258,130,128,137,74,63,252,128,124,250,126,124,121,56,65,71,30,41,20,5,15,1,0,1,0,0,0,117,117,34,36,24,15,2,4,2,81,60,21,6,80,0,23,17
53407048,0,,,472,235,237,27,12,15,443,223,220,239,126,113,431,216,215,426,214,212,204,97,107,105,46,59,31,11,20,4,1,3,5,1,4,188,188,44,70,35,23,10,2,4,144,112,32,4,127,0,24,42
53407049,0,,,378,187,191,28,12,16,348,174,174,181,96,85,341,169,172,336,168,168,167,78,89,40,21,19,10,3,7,1,0,1,4,1,3,176,176,52,71,36,13,2,1,1,123,112,11,9,115,0,36,37
53407050,0,,,466,223,243,45,20,25,416,200,216,203,106,97,407,197,210,399,194,205,213,94,119,130,54,76,24,11,13,3,1,2,3,2,1,188,188,50,65,38,16,9,7,3,136,109,27,11,138,1,39,41
53407051,0,,,365,181,184,44,23,21,309,151,158,188,91,97,297,143,154,290,139,151,121,60,61,70,37,33,12,5,7,1,0,1,7,2,5,128,128,28,33,30,19,9,4,5,96,68,28,12,82,0,17,20
53407052,0,,,162,83,79,18,10,8,144,73,71,87,47,40,143,73,70,137,70,67,57,26,31,21,11,10,5,2,3,1,0,1,0,0,0,53,53,6,15,16,7,4,5,0,47,38,9,5,35,0,6,10
53407053,0,,,690,341,349,68,36,32,600,295,305,335,165,170,589,286,303,579,283,296,265,130,135,113,46,67,30,7,23,0,0,0,6,1,5,280,280,73,101,48,37,11,5,5,200,168,32,15,172,2,41,52
53407054,0,,,176,98,78,18,11,7,154,85,69,89,53,36,150,82,68,148,82,66,65,32,33,24,10,14,12,3,9,0,0,0,1,0,1,60,60,12,19,8,11,6,2,2,48,28,20,4,42,0,6,8
53407055,0,,,190,90,100,10,8,2,178,81,97,105,47,58,169,77,92,166,76,90,73,34,39,32,13,19,13,3,10,2,0,2,1,1,0,71,71,21,21,11,5,7,3,3,48,34,14,3,52,0,16,11
53407056,0,,,230,119,111,17,8,9,207,108,99,110,57,53,203,107,96,202,107,95,97,51,46,46,24,22,10,5,5,2,2,0,2,0,2,83,83,15,28,20,9,5,4,2,67,49,18,5,59,0,6,20
53407057,0,,,62,33,29,2,2,0,60,31,29,32,17,15,59,31,28,59,31,28,28,14,14,11,5,6,3,1,2,0,0,0,0,0,0,20,20,5,3,3,4,4,1,0,15,9,6,1,16,0,3,3
53407058,0,,,1681,825,856,116,61,55,1542,755,787,755,389,366,1504,732,772,1476,713,763,787,366,421,355,166,189,79,35,44,3,0,3,22,9,13,727,727,168,316,134,80,21,4,4,552,503,49,30,499,1,112,214
53407059,0,,,188,92,96,8,3,5,180,89,91,91,46,45,178,88,90,175,86,89,89,43,46,35,16,19,12,3,9,0,0,0,1,0,1,67,67,9,22,18,12,4,1,1,58,43,15,3,54,0,7,15
53407060,0,,,275,138,137,22,16,6,252,121,131,140,70,70,244,119,125,240,117,123,112,51,61,50,20,30,26,7,19,4,0,4,0,0,0,88,88,9,26,20,21,5,4,3,79,51,28,6,65,0,6,14
53407061,0,,,135,68,67,17,9,8,118,59,59,72,39,33,114,57,57,110,54,56,46,20,26,23,10,13,13,6,7,2,1,1,0,0,0,38,38,2,8,14,6,2,2,4,36,24,12,5,24,0,2,4
53407062,0,,,603,300,303,90,43,47,504,251,253,307,160,147,486,239,247,471,233,238,197,91,106,83,38,45,31,10,21,4,1,3,2,1,1,211,211,41,59,49,33,16,8,5,167,136,31,23,119,4,21,34
53407063,0,,,196,92,104,14,7,7,181,84,97,104,54,50,176,82,94,174,81,93,77,30,47,29,11,18,16,5,11,1,0,1,6,3,3,65,65,9,23,10,12,6,3,2,55,32,23,4,47,0,5,14
53407064,0,,,165,74,91,24,9,15,141,65,76,84,41,43,137,63,74,133,60,73,57,24,33,29,11,18,13,4,9,2,1,1,0,0,0,46,46,5,7,13,7,7,6,1,41,25,16,6,32,0,4,3
53407065,0,,,63,32,31,0,0,0,58,30,28,33,21,12,55,28,27,53,27,26,25,9,16,12,5,7,1,0,1,0,0,0,1,0,1,21,21,2,7,5,4,2,1,0,17,16,1,0,16,0,2,3
53407066,0,,,265,132,133,8,3,5,245,124,121,120,57,63,241,121,120,238,118,120,125,67,58,56,30,26,13,8,5,2,1,1,8,6,2,124,124,41,43,26,12,1,0,1,77,64,13,0,82,4,21,28
53407067,0,,,143,68,75,21,9,12,121,59,62,69,35,34,119,59,60,117,57,60,52,24,28,24,10,14,10,3,7,1,0,1,2,0,2,45,45,9,11,8,6,4,5,2,36,17,19,5,35,0,8,5
53407068,0,,,224,108,116,27,19,8,196,89,107,99,54,45,190,85,105,185,81,104,97,35,62,71,22,49,40,14,26,3,1,2,0,0,0,46,44,4,6,11,5,9,4,5,40,18,22,5,29,0,1,1
53407069,0,,,987,464,523,111,45,66,874,417,457,419,207,212,848,404,444,839,399,440,455,210,245,195,99,96,28,10,18,2,1,1,23,8,15,410,410,71,202,65,53,13,4,2,337,312,25,27,273,3,48,141
53407070,0,,,175,86,89,16,9,7,151,72,79,84,42,42,147,70,77,142,69,73,67,30,37,39,16,23,14,5,9,0,0,0,0,0,0,62,62,15,16,12,9,5,4,1,45,29,16,2,43,2,8,7
53407071,0,,,141,71,70,6,2,4,135,69,66,87,50,37,131,67,64,130,66,64,48,19,29,28,9,19,5,0,5,3,0,3,1,0,1,47,47,10,11,6,12,5,3,0,37,21,16,1,32,0,6,4
53407072,0,,,181,88,93,19,10,9,162,78,84,102,52,50,152,73,79,149,72,77,60,26,34,32,14,18,7,2,5,0,0,0,0,0,0,49,49,5,10,8,7,13,3,3,44,21,23,4,35,1,3,3
53407073,0,,,373,176,197,36,23,13,336,152,184,195,92,103,327,147,180,316,142,174,141,60,81,72,29,43,21,6,15,1,0,1,4,1,3,125,125,25,31,30,18,9,5,7,100,64,36,11,94,0,20,21
53407074,0,,,896,458,438,64,35,29,811,412,399,448,246,202,783,398,385,761,389,372,363,166,197,138,65,73,23,9,14,2,0,2,11,4,7,354,353,86,128,63,43,18,8,7,260,216,44,13,233,1,51,71
53407075,0,,,88,41,47,3,0,3,79,37,42,46,26,20,78,36,42,77,36,41,33,11,22,20,5,15,3,0,3,0,0,0,0,0,0,43,43,17,14,6,5,1,0,0,26,19,7,1,23,1,4,6
53407076,0,,,209,115,94,21,10,11,188,105,83,111,65,46,185,103,82,178,98,80,77,40,37,23,10,13,11,5,6,1,0,1,2,0,2,67,67,7,19,15,15,8,2,1,60,40,20,5,49,0,4,7
53407077,0,,,284,146,138,23,17,6,260,128,132,143,75,68,256,125,131,254,124,130,117,53,64,67,29,38,25,10,15,3,0,3,1,1,0,101,101,18,26,33,13,5,4,2,83,59,24,10,72,0,10,16
53407078,0,,,258,130,128,16,10,6,242,120,122,144,74,70,238,117,121,237,116,121,98,46,52,52,23,29,18,8,10,3,1,2,0,0,0,83,83,15,19,18,15,9,3,4,68,41,27,3,63,0,12,9
53407079,0,,,420,203,217,25,13,12,392,189,203,173,90,83,390,187,203,384,185,199,219,99,120,110,58,52,17,8,9,1,0,1,2,1,1,192,192,49,90,32,13,5,3,0,143,134,9,5,137,0,31,65
53407080,0,,,214,108,106,23,13,10,190,94,96,110,55,55,185,92,93,181,89,92,80,39,41,37,16,21,11,4,7,0,0,0,0,0,0,59,59,5,13,14,10,9,3,5,54,27,27,6,51,0,4,6
53407081,0,,,316,155,161,23,10,13,280,139,141,163,84,79,274,138,136,273,138,135,117,55,62,59,25,34,24,9,15,3,1,2,3,2,1,108,108,14,35,28,15,11,3,2,91,61,30,9,72,1,8,12
53407082,0,,,73,43,30,7,4,3,66,39,27,42,27,15,64,37,27,62,35,27,24,12,12,11,5,6,4,2,2,0,0,0,0,0,0,23,23,2,9,5,3,2,0,2,21,14,7,2,15,0,0,3
53407083,0,,,1331,663,668,265,136,129,1012,498,514,783,392,391,958,474,484,941,467,474,229,106,123,110,51,59,26,11,15,1,0,1,15,7,8,493,493,128,118,92,104,37,10,4,361,320,41,72,152,16,24,42
53407084,0,,,1893,925,968,167,78,89,1616,789,827,960,503,457,1567,763,804,1536,746,790,656,286,370,369,160,209,70,27,43,3,0,3,10,3,7,796,793,265,243,139,101,31,7,7,516,462,54,32,404,7,104,117
53407085,0,,,456,230,226,30,12,18,412,208,204,234,125,109,407,207,200,402,203,199,178,83,95,86,38,48,17,7,10,2,0,2,3,0,3,206,205,65,75,35,22,7,1,0,135,116,19,5,124,1,38,33
53407086,0,,,58,30,28,6,3,3,48,25,23,22,12,10,47,24,23,47,24,23,26,13,13,10,4,6,3,1,2,0,0,0,0,0,0,23,23,9,3,6,2,1,2,0,14,7,7,1,15,0,4,3
53407087,0,,,647,311,336,40,26,14,596,281,315,297,151,146,584,274,310,574,268,306,299,130,169,163,60,103,44,7,37,5,0,5,11,4,7,243,242,49,105,49,25,7,6,1,189,167,22,11,151,0,30,62
53407088,0,,,1579,761,818,137,66,71,1411,684,727,704,345,359,1379,664,715,1354,653,701,707,339,368,276,147,129,34,12,22,1,0,1,8,4,4,691,691,170,293,130,70,17,9,2,517,484,33,28,445,1,89,181
53407089,0,,,979,465,514,115,55,60,857,409,448,450,223,227,842,400,442,828,395,433,407,186,221,200,96,104,37,12,25,5,1,4,5,2,3,393,393,87,152,68,59,16,10,1,304,260,44,29,261,1,56,93
53407090,0,,,143,69,74,20,13,7,122,56,66,73,35,38,115,54,61,112,52,60,49,21,28,19,8,11,7,2,5,0,0,0,0,0,0,44,44,4,14,10,7,2,6,1,40,28,12,5,29,0,3,6
53407091,0,,,371,166,205,23,13,10,347,152,195,142,75,67,340,151,189,336,149,187,205,77,128,153,52,101,78,20,58,16,4,12,0,0,0,90,88,10,26,20,15,11,6,0,77,53,24,4,61,0,4,18
53407092,0,,,1695,893,802,328,180,148,1186,618,568,1027,546,481,1169,607,562,1149,594,555,159,72,87,75,33,42,28,11,17,4,1,3,15,9,6,859,859,460,153,112,103,22,4,5,385,354,31,140,109,83,37,21
53407093,0,,,6070,3007,3063,1259,645,614,4368,2134,2234,3511,1754,1757,4261,2077,2184,4213,2056,2157,857,380,477,400,177,223,79,28,51,6,2,4,45,20,25,2789,2789,1117,721,417,427,91,15,1,1636,1589,47,389,583,120,190,231
53407094,0,,,2134,1073,1061,244,123,121,1779,888,891,1210,629,581,1726,859,867,1687,835,852,569,259,310,247,105,142,41,18,23,0,0,0,43,23,20,915,915,310,266,163,112,43,11,10,594,534,60,61,379,23,96,111
53407095,0,,,512,241,271,40,18,22,453,213,240,261,125,136,434,205,229,424,199,225,192,88,104,96,42,54,23,5,18,3,2,1,5,0,5,218,217,63,77,43,20,10,4,0,151,123,28,11,125,4,28,37
53407096,0,,,121,55,66,7,3,4,110,50,60,56,25,31,107,49,58,106,48,58,54,25,29,22,8,14,10,3,7,1,0,1,1,0,1,41,41,10,10,9,4,2,4,2,31,17,14,3,33,0,4,7
53407097,0,,,156,62,94,18,9,9,137,53,84,104,40,64,134,51,83,134,51,83,33,13,20,19,6,13,6,1,5,0,0,0,30,0,30,67,67,32,10,10,9,0,4,2,35,23,12,8,21,26,1,4
53407098,0,,,1403,680,723,79,35,44,1309,641,668,491,250,241,1283,627,656,1273,622,651,818,391,427,327,167,160,59,19,40,7,1,6,9,4,5,641,639,157,310,109,43,13,5,2,481,440,41,15,488,6,97,222
53407099,0,,,903,432,471,59,28,31,842,403,439,431,216,215,820,388,432,796,378,418,411,187,224,237,116,121,48,17,31,3,0,3,10,3,7,360,360,64,154,74,42,18,6,2,296,254,42,11,247,2,42,98
53407100,0,,,1144,565,579,77,41,36,1059,517,542,629,332,297,1040,509,531,1025,504,521,430,185,245,220,96,124,37,8,29,3,2,1,22,16,6,499,499,152,167,95,63,13,7,2,342,293,49,20,283,18,67,76
53407101,0,,,3633,1740,1893,395,180,215,3196,1537,1659,2097,1047,1050,3092,1488,1604,3020,1456,1564,1099,490,609,518,225,293,101,40,61,5,0,5,60,22,38,1530,1529,436,521,275,213,54,23,7,1069,965,104,110,739,44,199,234
53407102,0,,,826,424,402,97,54,43,726,369,357,459,245,214,704,358,346,686,347,339,267,124,143,131,56,75,33,8,25,1,0,1,7,4,3,325,325,71,115,68,43,21,5,2,248,211,37,28,169,4,29,53
53407103,0,,,2630,1260,1370,274,136,138,2335,1115,1220,1564,735,829,2257,1076,1181,2200,1045,1155,771,380,391,283,116,167,69,16,53,5,0,5,45,19,26,985,983,186,328,223,155,67,22,2,784,674,110,65,484,24,64,171
53407104,0,,,558,247,311,54,36,18,489,205,284,312,143,169,475,198,277,463,190,273,177,62,115,91,27,64,19,5,14,2,1,1,41,26,15,261,261,94,94,36,24,10,0,3,162,136,26,12,132,4,53,29
53407105,0,,,485,236,249,62,32,30,419,203,216,292,149,143,412,198,214,404,194,210,127,54,73,63,23,40,16,7,9,0,0,0,1,0,1,193,193,45,62,46,32,4,1,3,147,133,14,20,88,7,22,29
53407106,0,,,2294,1133,1161,424,219,205,1832,893,939,1477,718,759,1733,839,894,1684,818,866,355,175,180,146,62,84,36,12,24,4,1,3,36,13,23,833,831,174,228,175,186,49,14,5,648,584,64,106,225,27,33,66
53407107,0,,,2503,1249,1254,449,222,227,2018,1010,1008,1707,868,839,1941,970,971,1854,926,928,311,142,169,146,71,75,31,16,15,3,2,1,71,34,37,997,997,287,257,204,177,52,18,2,693,639,54,140,211,58,51,65
53407108,0,,,787,384,403,83,47,36,703,337,366,430,228,202,681,324,357,663,316,347,273,109,164,165,54,111,81,22,59,12,2,10,21,6,15,279,276,70,80,62,36,19,8,1,205,167,38,21,128,10,24,33
53407109,0,,,410,210,200,29,20,9,381,190,191,196,108,88,380,189,191,375,186,189,185,82,103,98,42,56,34,7,27,5,2,3,2,0,2,151,151,28,52,34,19,12,2,4,123,87,36,6,113,0,16,31
53407110,0,,,3339,1661,1678,242,113,129,3052,1526,1526,1837,934,903,2991,1494,1497,2948,1474,1474,1215,592,623,531,248,283,111,40,71,3,1,2,58,25,33,1621,1597,615,541,243,127,48,20,3,957,860,97,65,826,32,261,270
53407111,0,,,4373,2157,2216,371,187,184,3778,1852,1926,2569,1329,1240,3681,1795,1886,3596,1755,1841,1209,523,686,666,256,410,212,57,155,42,6,36,135,68,67,2118,2115,994,534,309,206,56,15,1,1089,986,103,125,703,142,217,205
53407112,0,,,1610,747,863,208,106,102,1380,629,751,934,420,514,1337,605,732,1308,589,719,446,209,237,158,67,91,38,13,25,4,0,4,50,22,28,713,713,186,296,123,81,23,4,0,522,494,28,74,286,22,58,128
53407113,0,,,3795,1875,1920,565,284,281,3199,1577,1622,2435,1203,1232,3047,1492,1555,2959,1439,1520,764,374,390,281,124,157,81,33,48,6,2,4,83,42,41,1444,1444,292,452,313,297,74,12,4,1143,1081,62,118,515,39,106,194
53407114,0,,,1416,669,747,141,74,67,1260,590,670,971,446,525,1219,573,646,1182,553,629,289,144,145,113,50,63,32,14,18,1,1,0,22,11,11,572,572,124,197,138,89,17,6,1,447,419,28,40,191,14,39,71
53407115,0,,,2737,1372,1365,468,234,234,2250,1130,1120,1842,940,902,2145,1078,1067,2057,1020,1037,408,190,218,165,68,97,31,9,22,6,0,6,40,4,36,998,997,234,260,202,203,74,18,6,755,674,81,102,283,63,44,85
53407116,0,,,2935,1425,1510,512,267,245,2381,1138,1243,2042,986,1056,2244,1073,1171,2145,1027,1118,339,152,187,163,71,92,35,11,24,0,0,0,39,20,19,1102,1101,280,280,211,235,75,16,4,808,764,44,153,227,47,61,84
53407117,0,,,648,331,317,83,39,44,556,288,268,355,195,160,540,285,255,523,278,245,201,93,108,143,61,82,56,14,42,6,2,4,24,22,2,323,317,188,43,33,40,7,5,1,127,109,18,19,171,22,128,16
53407118,0,,,130,62,68,8,4,4,122,58,64,63,33,30,119,56,63,114,55,59,59,25,34,29,14,15,3,0,3,0,0,0,1,0,1,46,46,6,19,7,7,5,2,0,39,31,8,1,34,0,4,14
53407119,0,,,116,84,32,6,3,3,104,75,29,75,60,15,103,74,29,100,73,27,29,15,14,11,6,5,3,1,2,0,0,0,20,20,0,74,74,53,8,7,4,2,0,0,20,16,4,0,18,22,4,5
53407120,0,,,1385,718,667,195,95,100,1163,608,555,831,453,378,1114,577,537,1088,564,524,332,155,177,149,70,79,33,10,23,2,0,2,23,9,14,583,583,181,176,103,88,24,8,3,389,360,29,48,211,19,49,80
53407121,0,,,1914,967,947,143,71,72,1708,859,849,1146,593,553,1665,842,823,1638,828,810,562,266,296,244,107,137,66,22,44,3,0,3,75,45,30,899,899,346,274,157,79,31,7,5,544,481,63,39,374,49,98,119
53407122,0,,,3519,1652,1867,271,135,136,3236,1512,1724,1607,753,854,3151,1477,1674,3088,1446,1642,1629,759,870,712,342,370,152,42,110,22,3,19,38,18,20,1424,1422,245,651,302,162,49,11,2,1172,1097,75,58,916,9,141,461
53407123,0,,,143,67,76,12,7,5,131,60,71,76,36,40,131,60,71,130,60,70,55,24,31,30,12,18,8,4,4,0,0,0,0,0,0,54,54,10,21,8,10,4,0,1,43,28,15,5,36,0,8,10
53407124,0,,,2276,1112,1164,240,133,107,2009,968,1041,1584,766,818,1925,924,1001,1874,900,974,425,202,223,162,67,95,37,12,25,1,0,1,19,9,10,903,903,189,319,205,133,45,9,3,704,656,48,57,292,11,74,90
53407125,0,,,2292,1095,1197,417,200,217,1845,882,963,1436,694,742,1742,831,911,1690,810,880,409,188,221,186,76,110,58,19,39,10,3,7,39,12,27,866,866,219,223,171,176,57,15,5,639,586,53,90,285,36,91,86
53407126,0,,,2741,1457,1284,337,180,157,2340,1248,1092,1886,1069,817,2248,1200,1048,2108,1094,1014,454,179,275,267,83,184,101,21,80,14,1,13,180,71,109,1100,1095,464,227,183,157,49,11,4,618,573,45,85,247,140,68,63
53407127,0,,,36,20,16,7,5,2,29,15,14,16,10,6,29,15,14,28,14,14,13,5,8,6,3,3,0,0,0,0,0,0,0,0,0,12,12,3,3,1,2,2,1,0,9,5,4,2,7,0,2,1
53407129,0,,,112,68,44,7,3,4,105,65,40,67,46,21,105,65,40,103,64,39,38,19,19,18,8,10,8,3,5,1,1,0,26,26,0,58,58,35,10,3,5,2,3,0,23,14,9,1,27,14,9,7
53407130,0,,,12,4,8,0,0,0,12,4,8,6,1,5,12,4,8,12,4,8,6,3,3,4,3,1,2,1,1,0,0,0,3,1,2,4,4,1,0,2,0,1,0,0,3,2,1,0,4,0,1,0
53407131,0,,,79,39,40,6,4,2,73,35,38,39,19,20,72,35,37,72,35,37,34,16,18,9,2,7,5,0,5,0,0,0,0,0,0,28,28,6,6,10,1,3,2,0,21,13,8,1,25,0,6,4
53407132,0,,,3999,1878,2121,505,246,259,3468,1620,1848,2117,989,1128,3344,1551,1793,3273,1520,1753,1351,631,720,488,218,270,156,58,98,18,5,13,31,15,16,1606,1605,340,628,326,227,63,17,4,1260,1186,74,103,805,13,164,365
53407133,0,,,1202,563,639,134,79,55,1060,480,580,605,284,321,1036,468,568,1018,459,559,455,196,259,233,77,156,87,17,70,16,1,15,8,4,4,430,427,60,195,86,59,19,4,4,359,335,24,32,218,5,25,104
53407134,0,,,331,160,171,27,15,12,304,145,159,187,91,96,300,144,156,296,142,154,117,54,63,49,18,31,19,4,15,0,0,0,11,4,7,131,131,28,49,25,21,4,2,2,101,85,16,11,82,0,19,23
53407135,0,,,537,263,274,36,19,17,493,239,254,264,144,120,485,233,252,479,230,249,229,95,134,113,36,77,51,12,39,9,2,7,7,6,1,127,125,28,37,26,20,8,5,1,95,73,22,10,67,4,11,15
53407136,0,,,67,32,35,7,3,4,60,29,31,36,18,18,60,29,31,58,28,30,24,11,13,10,6,4,2,1,1,0,0,0,0,0,0,22,22,3,6,6,3,2,2,0,19,13,6,3,15,0,1,3
53407137,0,,,58,29,29,2,1,1,54,26,28,26,14,12,54,26,28,53,25,28,28,12,16,13,5,8,5,1,4,3,0,3,0,0,0,22,22,3,6,9,4,0,0,0,19,16,3,1,14,0,1,4
53407138,0,,,32,15,17,3,0,3,29,15,14,18,8,10,29,15,14,27,15,12,11,7,4,8,4,4,2,1,1,0,0,0,3,0,3,14,14,4,5,2,3,0,0,0,9,8,1,0,8,0,3,4
53407139,0,,,160,80,80,8,3,5,152,77,75,80,44,36,147,74,73,145,73,72,72,33,39,31,10,21,11,1,10,1,0,1,1,0,1,60,60,13,22,10,7,4,3,1,47,35,12,1,46,0,9,14
53407140,0,,,372,152,220,28,11,17,344,141,203,147,78,69,338,139,199,332,136,196,197,63,134,143,36,107,79,12,67,20,0,20,1,0,1,119,118,26,48,21,14,6,1,2,92,77,15,4,79,0,21,30
53407141,0,,,123,57,66,16,9,7,107,48,59,61,31,30,103,46,57,100,46,54,46,17,29,27,9,18,9,3,6,1,0,1,1,1,0,42,41,10,11,9,6,4,1,0,31,25,6,4,24,0,6,8
53407142,0,,,351,169,182,22,11,11,328,157,171,221,104,117,318,151,167,312,149,163,107,53,54,34,15,19,3,0,3,0,0,0,5,2,3,133,132,24,49,30,21,7,1,0,107,97,10,4,73,2,9,26
53407143,0,,,262,145,117,18,10,8,244,135,109,152,89,63,238,131,107,232,126,106,92,46,46,35,16,19,10,3,7,1,0,1,5,1,4,99,99,19,32,28,13,3,1,3,79,68,11,4,60,0,11,17
53407144,0,,,129,69,60,12,7,5,117,62,55,72,41,31,113,61,52,111,59,52,45,21,24,19,6,13,3,0,3,1,0,1,1,0,1,48,48,11,14,11,6,3,3,0,37,28,9,5,31,0,4,8
53407145,0,,,152,88,64,5,3,2,147,85,62,77,49,28,145,85,60,144,85,59,70,36,34,19,7,12,6,0,6,1,0,1,2,2,0,74,47,7,16,15,6,1,2,0,40,32,8,2,35,1,5,11
53407146,0,,,75,39,36,3,1,2,72,38,34,44,25,19,67,35,32,65,35,30,28,13,15,12,4,8,4,2,2,1,0,1,0,0,0,32,32,12,8,4,6,1,1,0,20,15,5,1,20,0,7,2
53407147,0,,,185,82,103,11,3,8,174,79,95,94,46,48,172,78,94,166,76,90,80,33,47,44,18,26,10,1,9,0,0,0,0,0,0,64,64,16,13,15,9,5,5,1,47,26,21,2,52,0,11,8
53407148,0,,,168,84,84,6,2,4,162,82,80,104,53,51,159,81,78,159,81,78,58,29,29,28,11,17,15,6,9,0,0,0,0,0,0,52,51,10,18,9,10,3,0,1,41,27,14,1,40,0,7,6
53407149,0,,,87,39,48,6,1,5,81,38,43,43,19,24,79,37,42,78,36,42,38,19,19,15,7,8,5,2,3,0,0,0,0,0,0,35,35,9,13,7,1,3,2,0,26,20,6,2,25,0,8,8
53407150,0,,,1447,717,730,145,71,74,1283,631,652,791,401,390,1244,611,633,1214,592,622,492,230,262,242,113,129,48,21,27,2,1,1,13,3,10,614,613,179,197,127,75,21,13,1,430,381,49,34,330,15,78,99
53407151,0,,,5804,2813,2991,660,314,346,5101,2467,2634,2883,1423,1460,4947,2383,2564,4858,2338,2520,2218,1044,1174,1015,508,507,200,71,129,17,2,15,76,38,38,2419,2417,577,926,497,300,86,21,10,1832,1698,134,158,1366,55,272,558
53407152,0,,,7013,3405,3608,771,353,418,6157,3004,3153,4148,2031,2117,5937,2893,3044,5811,2828,2983,2009,973,1036,778,357,421,164,59,105,11,6,5,160,70,90,2871,2869,706,988,626,389,113,29,18,2136,1973,163,199,1278,112,225,503
53407153,0,,,782,362,420,85,40,45,696,321,375,484,226,258,674,310,364,658,305,353,212,95,117,95,38,57,34,9,25,6,0,6,11,4,7,297,296,49,119,66,41,14,4,3,241,218,23,19,122,4,17,56
53407154,0,,,129,60,69,13,5,8,116,55,61,68,33,35,114,55,59,112,55,57,48,22,26,23,10,13,8,1,7,0,0,0,0,0,0,40,40,5,12,7,10,2,1,3,35,23,12,2,33,0,2,7
53407155,0,,,72,34,38,4,1,3,68,33,35,36,20,16,66,32,34,66,32,34,32,13,19,14,7,7,3,3,0,0,0,0,1,0,1,28,28,7,7,10,2,0,1,1,21,14,7,0,23,0,5,2
53407156,0,,,241,123,118,11,6,5,230,117,113,133,76,57,226,114,112,222,112,110,97,41,56,49,20,29,16,5,11,2,1,1,1,0,1,92,92,18,30,25,12,3,3,1,74,57,17,3,64,0,13,14
53407157,0,,,49,27,22,8,4,4,40,22,18,21,12,9,36,19,17,35,19,16,19,10,9,9,5,4,3,2,1,0,0,0,0,0,0,16,16,4,5,1,2,2,0,2,12,8,4,2,10,0,1,5
53407158,0,,,247,119,128,31,12,19,216,107,109,132,70,62,213,106,107,211,104,107,84,37,47,34,11,23,6,1,5,0,0,0,1,0,1,73,72,13,23,15,10,8,2,1,59,47,12,3,51,0,10,17
53407159,0,,,184,87,97,11,7,4,173,80,93,97,50,47,169,77,92,167,75,92,76,30,46,35,11,24,11,3,8,0,0,0,0,0,0,62,62,10,17,16,9,5,4,1,52,31,21,1,52,0,6,12
53407160,0,,,5810,2841,2969,553,282,271,5180,2508,2672,2942,1445,1497,5038,2422,2616,4936,2372,2564,2238,1063,1175,990,502,488,199,81,118,8,1,7,104,44,60,2483,2477,654,945,495,258,92,23,10,1789,1647,142,158,1388,39,309,557
53407161,0,,,5433,2698,2735,522,257,265,4836,2392,2444,2947,1524,1423,4712,2336,2376,4633,2296,2337,1889,868,1021,924,443,481,191,71,120,13,3,10,108,52,56,2467,2464,786,891,417,272,71,25,2,1645,1522,123,143,1234,53,305,458
53407162,0,,,3284,1626,1658,295,147,148,2964,1459,1505,1815,920,895,2871,1412,1459,2813,1388,1425,1149,539,610,561,267,294,138,55,83,9,2,7,57,25,32,1360,1358,307,512,302,176,51,8,2,1037,940,97,79,720,22,137,280
53407163,0,,,117,64,53,7,3,4,110,61,49,63,37,26,109,60,49,108,59,49,47,24,23,22,11,11,7,2,5,0,0,0,0,0,0,40,40,5,15,7,6,5,2,0,35,23,12,3,31,0,3,7
53407164,0,,,475,230,245,28,13,15,447,217,230,223,117,106,434,212,222,429,209,220,224,100,124,143,62,81,52,23,29,6,0,6,8,3,5,177,176,40,73,32,14,11,6,0,134,116,18,8,119,2,26,40
53407165,0,,,2128,1051,1077,142,75,67,1983,976,1007,1045,561,484,1929,943,986,1897,924,973,938,415,523,515,224,291,111,49,62,7,3,4,40,14,26,908,906,240,352,186,80,34,7,7,653,575,78,32,599,8,146,194
53407166,0,,,228,188,40,16,7,9,212,181,31,196,174,22,210,179,31,209,178,31,16,7,9,7,3,4,2,1,1,0,0,0,97,96,1,87,85,64,6,7,4,3,1,0,21,17,4,2,11,20,4,2
53407167,0,,,257,169,88,22,11,11,234,158,76,177,134,43,210,136,74,174,100,74,57,24,33,33,13,20,11,4,7,1,0,1,1,1,0,76,75,27,16,11,15,2,3,1,48,33,15,6,37,7,5,8
53407168,0,,,148,72,76,10,3,7,137,68,69,68,38,30,136,67,69,135,67,68,69,30,39,42,14,28,12,1,11,0,0,0,1,0,1,65,65,21,24,10,3,5,2,0,43,27,16,2,49,0,11,11
53407169,0,,,104,55,49,7,5,2,97,50,47,47,23,24,96,50,46,95,50,45,50,27,23,27,13,14,7,2,5,0,0,0,0,0,0,35,35,3,11,11,5,4,1,0,32,22,10,0,29,0,2,8
53407170,0,,,4142,2010,2132,325,171,154,3791,1824,1967,1877,950,927,3701,1780,1921,3635,1744,1891,1914,874,1040,1042,525,517,178,87,91,8,1,7,58,25,33,1846,1845,492,753,343,191,48,18,0,1339,1227,112,86,1194,21,272,500
53407171,0,,,5025,2545,2480,548,283,265,4345,2180,2165,3211,1652,1559,4224,2114,2110,4132,2066,2066,1134,528,606,507,235,272,130,48,82,9,2,7,115,49,66,2457,2457,1040,690,399,255,54,15,4,1384,1295,89,194,748,227,184,272
53407172,0,,,1785,832,953,146,70,76,1612,747,865,943,462,481,1582,734,848,1561,719,842,669,285,384,399,163,236,143,39,104,23,7,16,32,12,20,753,748,245,274,126,77,20,1,5,494,445,49,43,338,50,71,121
53407173,0,,,305,150,155,19,12,7,286,138,148,165,87,78,280,134,146,274,134,140,121,51,70,64,24,40,21,6,15,2,0,2,4,0,4,122,122,36,36,22,16,8,1,3,85,61,24,5,81,8,17,17
53407174,0,,,323,151,172,28,11,17,295,140,155,173,90,83,286,134,152,277,131,146,122,50,72,65,24,41,17,2,15,1,0,1,6,1,5,125,125,24,46,26,19,8,1,1,100,82,18,11,81,0,20,22
53407175,0,,,79,40,39,8,4,4,71,36,35,39,24,15,68,34,34,68,34,34,32,12,20,10,3,7,3,1,2,0,0,0,1,0,1,32,32,9,8,8,5,2,0,0,23,21,2,0,20,0,5,4
53407176,0,,,257,123,134,9,4,5,247,118,129,143,74,69,241,116,125,238,116,122,104,44,60,45,18,27,14,2,12,1,0,1,0,0,0,89,89,17,25,17,16,11,1,2,72,46,26,4,67,0,12,12
53407177,0,,,90,42,48,13,6,7,77,36,41,35,20,15,75,35,40,75,35,40,42,16,26,18,4,14,7,2,5,1,0,1,2,0,2,33,33,10,5,8,6,2,2,0,23,14,9,4,26,0,9,4
53407178,0,,,126,74,52,13,7,6,108,64,44,55,31,24,106,62,44,104,61,43,53,33,20,30,17,13,9,4,5,1,0,1,0,0,0,69,69,47,7,5,4,2,4,0,22,16,6,4,43,2,29,4
53407179,0,,,75,40,35,5,3,2,70,37,33,43,24,19,69,36,33,67,35,32,27,13,14,11,5,6,4,1,3,0,0,0,0,0,0,27,27,3,13,4,3,2,2,0,24,19,5,4,18,0,2,6
53407180,0,,,2243,1091,1152,169,91,78,1932,934,998,1099,560,539,1871,895,976,1840,875,965,833,374,459,422,183,239,119,33,86,12,0,12,16,6,10,973,969,371,293,142,126,23,11,3,585,516,69,46,467,34,110,164
53407181,0,,,6425,3205,3220,680,335,345,5553,2763,2790,3760,1926,1834,5413,2693,2720,5326,2657,2669,1793,837,956,857,403,454,197,72,125,11,3,8,99,52,47,2961,2959,1054,962,505,323,87,22,6,1872,1735,137,191,1156,121,262,434
53407182,0,,,6273,3092,3181,815,445,370,5369,2588,2781,3662,1813,1849,5189,2492,2697,5060,2430,2630,1707,775,932,752,327,425,174,58,116,12,3,9,105,49,56,2674,2671,819,860,498,353,111,23,7,1815,1692,123,228,1072,120,251,408
53407183,0,,,1541,738,803,110,52,58,1424,684,740,769,376,393,1383,665,718,1361,651,710,655,308,347,336,158,178,57,22,35,4,2,2,13,4,9,632,632,127,250,140,91,17,4,3,495,446,49,25,419,5,94,149
53407184,0,,,603,307,296,48,23,25,555,284,271,315,170,145,545,277,268,541,277,264,240,114,126,111,53,58,25,10,15,1,0,1,5,2,3,228,226,32,102,51,24,8,5,4,192,170,22,9,148,2,18,58
53407185,0,,,194,89,105,22,11,11,172,78,94,103,47,56,168,76,92,165,74,91,69,31,38,31,11,20,9,2,7,1,1,0,0,0,0,56,56,6,13,15,9,4,3,6,49,30,19,4,42,0,3,5
53407186,0,,,21,11,10,1,1,0,20,10,10,15,7,8,19,9,10,17,9,8,5,3,2,3,2,1,1,1,0,0,0,0,0,0,0,5,5,0,1,0,2,1,1,0,5,3,2,0,3,0,0,0
53407187,0,,,51,27,24,2,2,0,49,25,24,29,17,12,47,24,23,46,23,23,20,8,12,9,3,6,0,0,0,0,0,0,0,0,0,19,19,3,9,2,2,2,1,0,16,12,4,0,16,0,3,3
53407188,0,,,319,162,157,50,23,27,263,136,127,182,97,85,259,132,127,251,127,124,81,39,42,33,15,18,10,5,5,2,0,2,2,0,2,121,121,35,30,24,18,7,4,3,83,64,19,21,51,3,12,14
53407189,0,,,233,132,101,43,28,15,190,104,86,140,81,59,190,104,86,189,103,86,50,23,27,21,11,10,8,2,6,0,0,0,2,1,1,99,99,34,23,21,16,4,1,0,65,54,11,23,32,7,4,5
53407190,0,,,3334,1653,1681,391,191,200,2754,1368,1386,1817,944,873,2656,1311,1345,2603,1286,1317,937,424,513,417,188,229,81,25,56,4,0,4,66,22,44,1484,1483,544,409,262,184,63,19,2,925,827,98,90,606,66,123,205
53407191,0,,,1358,606,752,115,53,62,1201,533,668,580,287,293,1182,523,659,1168,517,651,621,246,375,416,145,271,192,56,136,21,5,16,33,16,17,569,566,296,128,72,40,17,10,3,267,232,35,34,261,74,99,65
53407192,0,,,1613,761,852,191,107,84,1402,639,763,876,432,444,1363,617,746,1344,612,732,526,207,319,287,97,190,121,24,97,22,1,21,16,2,14,636,632,197,192,139,68,24,8,4,428,397,31,62,246,34,53,94
53407193,0,,,480,232,248,117,62,55,363,170,193,312,146,166,330,157,173,317,152,165,51,24,27,24,10,14,6,2,4,0,0,0,1,0,1,149,149,14,26,40,53,14,2,0,133,124,9,23,35,1,9,7
53407194,0,,,75,39,36,4,1,3,71,38,33,38,21,17,68,38,30,68,38,30,33,17,16,23,12,11,8,5,3,0,0,0,2,1,1,29,29,7,10,4,5,2,1,0,22,18,4,1,23,1,5,6
53407195,0,,,184,86,98,13,7,6,171,79,92,106,46,60,170,79,91,168,79,89,65,33,32,34,12,22,20,6,14,2,0,2,2,0,2,66,66,9,23,17,10,5,1,1,57,43,14,1,42,0,6,9
53407196,0,,,118,65,53,10,6,4,108,59,49,67,42,25,105,56,49,104,55,49,41,17,24,19,8,11,6,1,5,0,0,0,0,0,0,39,39,6,12,9,6,2,2,2,33,21,12,1,29,0,6,5
53407197,0,,,418,221,197,20,12,8,397,208,189,213,118,95,391,205,186,386,202,184,184,90,94,86,44,42,21,7,14,2,0,2,7,5,2,178,178,60,46,35,26,9,2,0,117,91,26,5,118,1,30,29
53407198,0,,,108,51,57,11,4,7,96,46,50,65,34,31,92,43,49,92,43,49,31,12,19,16,3,13,3,1,2,1,0,1,1,1,0,37,37,6,10,7,10,3,1,0,31,18,13,4,23,1,3,2
53407199,0,,,141,79,62,17,9,8,122,69,53,102,63,39,118,66,52,114,64,50,20,6,14,8,2,6,4,1,3,0,0,0,1,0,1,73,73,41,15,4,9,3,0,1,31,25,6,6,14,26,2,2
53407200,0,,,380,188,192,29,19,10,351,169,182,191,94,97,345,167,178,337,161,176,160,75,85,84,35,49,38,14,24,1,0,1,2,0,2,132,132,18,48,32,18,8,2,6,114,77,37,8,97,0,15,27
53407201,0,,,757,362,395,50,24,26,707,338,369,393,205,188,692,331,361,688,329,359,314,133,181,135,47,88,50,17,33,4,0,4,2,1,1,209,206,43,65,47,28,15,4,4,162,120,42,9,147,0,32,33
53407202,0,,,316,179,137,15,6,9,301,173,128,225,141,84,291,169,122,284,165,119,76,32,44,33,11,22,11,1,10,1,0,1,59,49,10,155,155,78,34,16,19,4,2,2,77,58,19,4,52,45,9,9
53407203,0,,,236,106,130,12,5,7,224,101,123,123,62,61,220,100,120,220,100,120,101,39,62,44,13,31,23,5,18,0,0,0,1,0,1,89,89,19,26,23,13,4,4,0,70,44,26,3,72,0,14,9
53407204,0,,,215,100,115,23,10,13,190,88,102,123,56,67,184,84,100,183,83,100,67,32,35,24,9,15,8,1,7,0,0,0,15,6,9,79,79,18,20,22,9,7,1,2,59,44,15,5,47,1,9,9
53407205,0,,,524,264,260,43,22,21,481,242,239,275,146,129,468,238,230,460,234,226,206,96,110,97,47,50,28,9,19,2,1,1,4,1,3,182,182,44,52,30,18,22,11,5,136,81,55,9,141,1,34,30
53407206,0,,,373,190,183,32,11,21,336,174,162,213,121,92,329,171,158,324,167,157,123,53,70,60,23,37,22,8,14,1,1,0,9,6,3,142,142,36,40,30,20,9,7,0,103,75,28,8,84,6,18,10
53407207,2,53407208,,6,2,4,*,*,*,*,*,*,*,*,*,*,*,*,*,*,*,*,*,*,*,*,*,*,*,*,*,*,*,*,*,*,2,2,*,*,*,*,*,*,*,*,*,*,*,*,*,*,*
53407208,1,,53407207,27,13,14,2,1,1,31,14,17,13,6,7,31,14,17,31,14,17,18,8,10,7,3,4,3,1,2,0,0,0,1,0,1,10,10,2,4,2,3,1,0,0,10,5,5,1,11,0,2,3
53407209,0,,,18,9,9,1,0,1,17,9,8,11,6,5,17,9,8,16,8,8,6,3,3,4,1,3,2,0,2,0,0,0,1,0,1,6,6,2,0,2,1,0,1,0,4,2,2,0,5,0,2,0
53407211,0,,,198,94,104,9,5,4,188,88,100,110,54,56,184,87,97,179,87,92,78,34,44,31,8,23,9,0,9,1,0,1,2,0,2,74,74,17,20,19,8,9,0,1,57,38,19,2,56,0,13,9
53407212,0,,,51,25,26,0,0,0,50,24,26,32,15,17,50,24,26,48,23,25,18,9,9,10,5,5,3,1,2,1,0,1,0,0,0,21,21,7,5,4,3,2,0,0,14,11,3,0,14,0,4,3
53407213,0,,,197,100,97,13,10,3,184,90,94,103,51,52,174,88,86,171,86,85,81,39,42,38,18,20,12,5,7,0,0,0,1,0,1,68,68,12,18,20,7,6,4,1,55,37,18,1,51,0,10,7
53407214,0,,,27,14,13,0,0,0,27,14,13,19,9,10,27,14,13,25,14,11,8,5,3,2,1,1,0,0,0,0,0,0,6,3,3,15,15,8,4,1,2,0,0,0,7,7,0,0,6,0,2,3
53407215,0,,,314,141,173,11,5,6,303,136,167,115,65,50,300,136,164,298,135,163,188,71,117,139,46,93,94,26,68,11,0,11,7,6,1,94,92,36,26,15,6,4,1,4,56,43,13,2,56,0,18,10
53407216,0,,,614,331,283,64,30,34,547,299,248,403,226,177,530,288,242,521,282,239,144,73,71,65,30,35,16,6,10,1,0,1,65,42,23,250,250,72,71,52,39,10,4,2,176,149,27,16,99,16,17,18
53407217,0,,,288,144,144,24,11,13,263,132,131,159,83,76,258,127,131,255,126,129,104,49,55,52,22,30,13,4,9,0,0,0,4,2,2,103,103,19,41,14,15,5,5,4,83,59,24,4,68,1,11,17
53407218,0,,,332,171,161,26,11,15,305,159,146,174,98,76,299,156,143,295,153,142,131,61,70,58,22,36,28,9,19,1,0,1,1,0,1,114,114,23,33,18,20,12,7,1,91,52,39,3,80,1,12,14
53407219,0,,,34,15,19,3,2,1,31,13,18,21,11,10,30,12,18,29,12,17,10,2,8,8,1,7,5,1,4,1,0,1,0,0,0,9,9,2,1,1,2,1,1,1,7,2,5,1,8,0,1,0
53407220,0,,,141,69,72,16,10,6,125,59,66,69,34,35,123,58,65,120,57,63,56,25,31,18,7,11,8,2,6,2,0,2,2,0,2,46,46,7,17,5,9,3,2,3,39,24,15,5,34,1,4,12
53407221,0,,,49,25,24,4,4,0,45,21,24,23,13,10,45,21,24,45,21,24,22,8,14,10,2,8,2,0,2,0,0,0,0,0,0,18,18,3,5,8,0,0,2,0,15,10,5,2,15,0,3,2
53407222,0,,,56,28,28,5,3,2,50,24,26,37,16,21,49,23,26,49,23,26,13,8,5,10,7,3,5,3,2,0,0,0,4,1,3,22,22,5,9,4,1,2,0,1,17,13,4,2,11,0,1,0
53407223,0,,,204,91,113,17,6,11,185,84,101,97,40,57,182,84,98,179,83,96,88,44,44,44,20,24,10,6,4,0,0,0,2,0,2,81,81,21,27,17,9,3,2,2,60,46,14,4,58,0,15,17
53407224,0,,,123,76,47,12,8,4,109,67,42,73,48,25,107,66,41,106,65,41,36,19,17,20,10,10,3,0,3,1,0,1,8,7,1,62,62,29,17,9,4,2,0,1,30,24,6,4,25,3,10,6
53407225,2,53407234,,8,5,3,*,*,*,*,*,*,*,*,*,*,*,*,*,*,*,*,*,*,*,*,*,*,*,*,*,*,*,*,*,*,4,4,*,*,*,*,*,*,*,*,*,*,*,*,*,*,*
53407226,0,,,294,142,152,40,24,16,254,118,136,150,72,78,248,115,133,240,111,129,104,46,58,46,21,25,24,8,16,4,2,2,1,0,1,94,94,15,27,19,16,9,2,6,79,48,31,10,68,0,13,14
53407227,0,,,456,239,217,49,26,23,404,211,193,251,136,115,394,207,187,381,201,180,153,75,78,71,33,38,16,6,10,1,0,1,7,3,4,180,180,54,57,29,19,7,9,5,125,94,31,10,106,3,26,30
53407228,0,,,206,105,101,15,9,6,191,96,95,111,63,48,185,91,94,182,90,92,80,33,47,41,14,27,13,5,8,0,0,0,0,0,0,71,71,12,23,19,5,6,2,4,59,39,20,5,56,0,9,9
53407229,0,,,429,203,226,23,8,15,406,195,211,228,115,113,392,188,204,386,185,201,178,80,98,87,35,52,32,9,23,1,0,1,0,0,0,135,135,20,31,38,23,8,7,8,114,66,48,0,107,0,12,13
53407230,0,,,247,121,126,27,12,15,219,108,111,129,62,67,212,105,107,207,104,103,90,46,44,37,16,21,19,9,10,2,1,1,3,0,3,76,76,12,18,17,14,6,5,4,64,38,26,5,54,0,9,8
53407231,0,,,93,56,37,8,5,3,85,51,34,40,28,12,84,50,34,84,50,34,45,23,22,11,4,7,4,1,3,0,0,0,5,4,1,41,41,14,13,6,5,3,0,0,27,20,7,1,29,0,6,10
53407232,0,,,153,81,72,15,11,4,137,69,68,93,46,47,130,68,62,126,64,62,44,23,21,18,6,12,8,3,5,1,0,1,2,1,1,63,63,17,22,11,8,4,0,1,45,38,7,3,31,0,6,9
53407233,0,,,76,40,36,4,2,2,68,36,32,43,20,23,66,35,31,65,34,31,25,16,9,8,3,5,0,0,0,0,0,0,5,2,3,32,32,14,4,7,5,0,1,1,16,12,4,2,19,0,6,3
53407234,1,,53407225,255,126,129,18,11,7,245,120,125,126,60,66,240,116,124,235,113,122,119,60,59,54,24,30,19,8,11,1,0,1,11,4,7,102,102,30,29,27,11,5,3,1,76,59,17,2,77,0,22,17
53407235,0,,,437,209,228,51,22,29,373,178,195,245,121,124,365,177,188,358,172,186,128,57,71,48,20,28,12,4,8,2,0,2,17,12,5,190,190,68,56,28,21,14,2,1,118,97,21,16,93,6,32,25
53407236,0,,,159,88,71,12,7,5,147,81,66,108,61,47,139,77,62,134,73,61,39,20,19,14,6,8,4,1,3,1,0,1,12,8,4,68,68,20,22,15,8,2,0,1,48,43,5,2,27,1,8,9
53407237,0,,,427,234,193,40,25,15,378,203,175,244,133,111,368,198,170,361,194,167,134,70,64,64,31,33,8,4,4,0,0,0,24,11,13,181,181,60,51,34,24,7,3,2,117,99,18,9,93,8,28,22
53407238,0,,,107,53,54,5,3,2,102,50,52,71,37,34,99,49,50,97,48,49,31,13,18,21,8,13,9,2,7,0,0,0,2,1,1,36,36,7,7,10,6,4,2,0,29,19,10,1,22,0,4,2
53407239,0,,,54,30,24,1,1,0,51,29,22,29,16,13,50,29,21,50,29,21,22,13,9,7,3,4,4,2,2,0,0,0,2,1,1,25,25,9,7,6,2,1,0,0,16,13,3,1,16,0,4,1
53407240,0,,,66,36,30,6,4,2,60,32,28,41,24,17,59,32,27,59,32,27,19,8,11,10,3,7,5,2,3,1,0,1,9,9,0,25,25,9,4,2,7,3,0,0,16,10,6,2,11,3,0,3
53407241,0,,,88,43,45,6,2,4,82,41,41,48,24,24,80,40,40,78,39,39,34,17,17,17,6,11,6,3,3,0,0,0,6,3,3,38,38,10,16,4,7,0,1,0,27,22,5,1,25,0,8,4
53407242,0,,,246,128,118,22,11,11,220,114,106,163,85,78,212,110,102,209,108,101,57,29,28,18,10,8,6,3,3,0,0,0,8,6,2,91,91,20,35,9,13,8,5,1,69,53,16,9,41,0,11,6
53407243,0,,,349,166,183,41,21,20,303,141,162,214,99,115,296,140,156,289,138,151,89,42,47,37,14,23,6,1,5,0,0,0,14,5,9,132,132,32,43,25,14,11,5,2,99,79,20,6,63,0,15,14
53407244,0,,,256,129,127,27,17,10,229,112,117,148,75,73,222,107,115,216,104,112,81,37,44,37,13,24,9,2,7,1,0,1,2,0,2,83,83,13,26,15,13,8,3,5,70,47,23,8,52,0,4,8
53407245,0,,,1138,565,573,115,69,46,1020,494,526,581,308,273,988,478,510,969,470,499,439,186,253,229,96,133,66,20,46,6,2,4,6,0,6,439,439,102,145,96,53,23,13,7,333,263,70,23,285,1,56,74
53407246,0,,,371,178,193,26,15,11,342,160,182,201,106,95,334,156,178,330,154,176,141,54,87,90,27,63,34,9,25,2,0,2,1,1,0,161,160,69,35,27,16,11,1,1,91,66,25,8,91,6,34,15
53407247,0,,,213,106,107,14,6,8,198,99,99,120,63,57,188,95,93,185,93,92,78,36,42,33,13,20,10,2,8,0,0,0,3,2,1,82,82,19,22,24,9,6,2,0,63,47,16,3,49,0,10,12
53407248,0,,,75,34,41,1,1,0,74,33,41,45,20,25,73,33,40,71,33,38,29,13,16,15,4,11,8,2,6,0,0,0,0,0,0,28,28,3,13,8,1,1,1,1,25,18,7,1,20,0,2,2
53407249,0,,,429,220,209,46,20,26,383,200,183,211,117,94,369,194,175,363,192,171,172,83,89,82,39,43,24,9,15,1,0,1,5,3,2,145,144,30,38,34,18,9,7,8,114,74,40,8,110,2,20,19
53407250,2,53407251,,8,3,5,*,*,*,*,*,*,*,*,*,*,*,*,*,*,*,*,*,*,*,*,*,*,*,*,*,*,*,*,*,*,2,2,*,*,*,*,*,*,*,*,*,*,*,*,*,*,*
53407251,1,,53407250,290,147,143,21,7,14,277,143,134,181,93,88,267,139,128,258,137,121,96,50,46,54,26,28,9,4,5,0,0,0,14,8,6,124,124,37,46,19,13,8,1,2,86,70,16,5,65,1,16,18
53407252,0,,,667,333,334,50,22,28,610,307,303,400,204,196,585,294,291,577,288,289,210,103,107,87,37,50,14,5,9,1,0,1,18,13,5,294,294,81,111,57,34,10,0,1,208,187,21,12,148,1,37,54
53407253,0,,,195,99,96,18,8,10,174,89,85,108,59,49,172,88,84,172,88,84,66,30,36,23,10,13,5,1,4,1,0,1,1,1,0,79,79,19,23,22,13,0,2,0,59,52,7,7,38,2,5,13
53407254,0,,,201,100,101,27,11,16,174,89,85,107,57,50,172,89,83,168,87,81,67,32,35,29,14,15,12,5,7,1,0,1,4,1,3,83,83,21,32,17,7,1,3,2,59,46,13,8,48,1,14,8
53407255,0,,,1379,676,703,128,61,67,1229,601,628,745,380,365,1194,587,607,1161,569,592,484,221,263,228,97,131,62,14,48,4,3,1,47,24,23,609,609,206,199,98,72,20,7,7,393,323,70,33,345,15,106,88
53407256,0,,,212,105,107,22,16,6,182,82,100,88,43,45,178,80,98,176,79,97,94,39,55,41,13,28,18,3,15,4,1,3,3,2,1,88,88,28,27,16,11,2,2,2,57,44,13,6,59,3,18,17
53407257,0,,,30,18,12,1,1,0,29,17,12,16,12,4,29,17,12,29,17,12,13,5,8,7,2,5,1,0,1,0,0,0,0,0,0,10,10,0,4,3,2,1,0,0,10,8,2,0,8,0,0,1
53407258,0,,,42,18,24,3,1,2,39,17,22,19,8,11,39,17,22,38,17,21,20,9,11,10,3,7,4,2,2,0,0,0,0,0,0,19,19,10,4,1,1,1,2,0,9,5,4,0,15,0,7,2
53407259,0,,,83,40,43,1,1,0,82,39,43,42,22,20,81,38,43,80,37,43,40,17,23,13,5,8,2,0,2,1,0,1,8,4,4,36,36,12,9,10,2,3,0,0,23,17,6,1,26,0,9,6
53407260,0,,,18,7,11,4,0,4,14,7,7,9,5,4,14,7,7,13,6,7,5,2,3,3,1,2,1,1,0,0,0,0,0,0,0,6,6,1,2,2,0,0,0,1,5,3,2,2,2,0,0,0
53407261,0,,,502,267,235,22,14,8,469,246,223,295,171,124,462,242,220,454,238,216,174,75,99,85,33,52,23,6,17,1,1,0,16,12,4,227,227,69,80,46,26,5,1,0,154,132,22,2,115,8,23,35
53407262,0,,,676,327,349,38,23,15,630,299,331,391,195,196,613,290,323,601,286,315,239,104,135,122,42,80,59,10,49,12,0,12,24,8,16,281,280,87,104,47,30,8,3,1,183,169,14,10,130,3,35,44
53407263,0,,,724,363,361,76,43,33,635,314,321,417,214,203,620,303,317,609,297,312,218,100,118,90,35,55,20,6,14,2,0,2,32,10,22,320,320,108,110,47,30,18,5,2,208,170,38,21,159,6,42,43
53407264,0,,,359,187,172,39,19,20,307,161,146,189,103,86,295,157,138,291,156,135,118,58,60,57,24,33,8,2,6,0,0,0,7,4,3,165,165,68,51,18,16,6,2,4,95,82,13,7,85,3,29,24
53407265,0,,,283,144,139,27,13,14,246,126,120,169,92,77,238,125,113,234,123,111,77,34,43,32,15,17,5,0,5,0,0,0,22,18,4,130,130,46,44,21,11,6,2,0,82,65,17,8,57,12,15,15
53407266,0,,,232,125,107,42,30,12,189,94,95,121,59,62,183,91,92,179,89,90,68,35,33,21,10,11,4,2,2,1,0,1,3,0,3,82,82,13,29,18,11,5,4,2,68,58,10,13,43,2,6,16
53407267,0,,,65,32,33,4,1,3,61,31,30,32,17,15,59,30,29,59,30,29,29,14,15,18,8,10,3,1,2,1,1,0,2,1,1,22,22,4,7,5,0,4,2,0,18,13,5,0,17,0,3,3
53407268,0,,,418,206,212,44,27,17,374,179,195,191,98,93,369,177,192,365,175,190,183,81,102,88,36,52,25,12,13,0,0,0,2,1,1,144,144,17,61,27,16,11,8,4,126,89,37,9,118,0,12,34
53407269,0,,,41,19,22,3,1,2,38,18,20,22,12,10,37,17,20,37,17,20,16,6,10,9,4,5,4,2,2,0,0,0,0,0,0,14,14,1,6,2,4,0,1,0,13,9,4,0,10,0,0,2
53407270,0,,,91,45,46,11,4,7,80,41,39,40,19,21,77,41,36,76,41,35,40,22,18,13,8,5,0,0,0,0,0,0,1,0,1,34,34,7,12,5,7,1,2,0,27,21,6,1,26,0,5,7
53407271,0,,,269,136,133,17,9,8,244,121,123,160,75,85,239,119,120,236,118,118,84,46,38,33,15,18,9,5,4,0,0,0,4,0,4,120,120,34,44,27,11,3,0,1,82,73,9,7,58,4,15,17
53407272,0,,,594,318,276,45,26,19,541,287,254,351,193,158,525,279,246,518,277,241,190,94,96,94,41,53,23,8,15,1,0,1,25,14,11,263,263,82,91,55,19,9,5,2,175,149,26,9,136,7,33,35
53407273,0,,,895,456,439,91,48,43,794,402,392,523,275,248,768,389,379,752,378,374,271,127,144,124,54,70,30,14,16,2,1,1,52,23,29,393,393,124,130,74,44,15,5,1,261,229,32,29,195,8,57,44
53407274,0,,,449,256,193,45,21,24,397,232,165,299,193,106,383,228,155,375,222,153,98,39,59,43,21,22,4,1,3,0,0,0,19,8,11,239,239,129,53,30,16,7,3,1,103,86,17,16,72,15,21,11
53407275,0,,,203,101,102,18,13,5,179,85,94,98,51,47,175,84,91,170,82,88,81,34,47,31,12,19,11,1,10,5,0,5,6,4,2,84,83,32,21,13,9,4,4,0,50,41,9,4,50,0,17,11
53407276,0,,,204,110,94,27,18,9,174,90,84,118,63,55,171,88,83,168,86,82,56,27,29,22,9,13,9,3,6,1,1,0,4,2,2,82,82,23,23,20,11,3,0,2,57,42,15,11,38,2,7,8
53407277,0,,,308,156,152,23,10,13,279,144,135,177,92,85,271,140,131,266,136,130,102,52,50,43,21,22,12,5,7,1,1,0,9,2,7,114,114,25,30,32,15,6,5,1,87,64,23,9,67,0,13,17
53407278,0,,,315,146,169,26,13,13,289,133,156,159,75,84,282,130,152,277,129,148,130,58,72,62,22,40,26,9,17,4,0,4,0,0,0,110,110,26,28,24,13,8,9,2,83,49,34,7,83,1,19,12
53407279,0,,,160,67,93,14,4,10,145,62,83,82,35,47,141,60,81,140,60,80,63,27,36,31,12,19,16,5,11,2,0,2,5,1,4,53,52,9,12,15,10,4,1,1,43,34,9,4,35,0,5,9
53407280,0,,,154,82,72,18,6,12,136,76,60,85,50,35,132,74,58,127,69,58,51,26,25,24,13,11,12,7,5,1,1,0,11,5,6,52,52,10,14,7,13,6,1,1,42,29,13,3,32,0,4,7
53407281,0,,,77,36,41,8,3,5,69,33,36,43,19,24,67,32,35,65,31,34,26,14,12,12,5,7,5,1,4,1,0,1,0,0,0,23,23,2,5,5,7,2,2,0,21,13,8,0,17,0,1,4
53407282,0,,,583,303,280,49,30,19,532,273,259,268,146,122,522,265,257,516,262,254,264,127,137,143,64,79,59,23,36,5,0,5,10,6,4,204,203,65,62,38,16,11,8,3,137,106,31,15,119,1,32,32
53407283,0,,,818,419,399,80,43,37,736,375,361,502,258,244,715,361,354,691,352,339,234,117,117,89,40,49,13,5,8,1,0,1,36,14,22,340,340,86,125,62,49,11,6,1,248,227,21,20,159,4,37,49
53407284,0,,,1486,900,586,271,131,140,1215,769,446,1165,754,411,1164,739,425,1129,717,412,50,15,35,28,6,22,11,1,10,0,0,0,3,0,3,707,706,340,122,119,102,19,3,1,365,358,7,99,26,109,4,3
53407285,0,,,425,226,199,64,36,28,361,190,171,251,136,115,348,181,167,340,178,162,110,54,56,46,17,29,22,6,16,2,0,2,4,1,3,152,152,28,45,38,23,11,3,4,124,102,22,23,76,3,12,15
53407286,0,,,203,96,107,16,11,5,186,84,102,106,49,57,182,83,99,182,83,99,80,35,45,37,10,27,9,2,7,1,0,1,8,2,6,81,81,20,28,15,12,4,0,2,59,44,15,4,58,0,13,14
53407287,0,,,109,56,53,12,7,5,95,47,48,60,33,27,88,44,44,87,43,44,35,14,21,21,8,13,4,1,3,1,1,0,0,0,0,41,41,11,11,8,6,3,1,1,30,26,4,2,22,0,5,5
53407290,0,,,171,82,89,21,11,10,149,70,79,90,47,43,145,69,76,142,67,75,59,23,36,30,9,21,14,4,10,0,0,0,1,0,1,54,54,13,11,7,11,7,2,3,39,18,21,3,40,0,4,5
53407291,0,,,84,40,44,1,0,1,83,40,43,34,15,19,83,40,43,83,40,43,49,25,24,20,8,12,7,1,6,1,0,1,1,0,1,37,37,8,15,10,4,0,0,0,29,20,9,0,32,0,6,9
53407292,0,,,632,325,307,54,26,28,576,299,277,360,199,161,565,292,273,556,288,268,216,100,116,97,41,56,25,9,16,1,1,0,19,8,11,290,290,94,107,53,20,14,0,2,190,162,28,10,152,1,46,49
53407293,0,,,288,151,137,30,14,16,257,137,120,163,84,79,244,130,114,240,128,112,94,53,41,31,16,15,4,2,2,0,0,0,10,3,7,113,113,29,39,21,12,7,2,3,84,71,13,5,66,1,15,18
53407294,0,,,437,223,214,34,24,10,402,199,203,241,132,109,391,192,199,385,190,195,161,67,94,74,29,45,15,5,10,2,0,2,5,2,3,166,166,36,58,31,22,13,4,2,126,95,31,5,104,3,18,29
53407295,0,,,858,430,428,119,55,64,739,375,364,463,245,218,711,361,350,697,356,341,276,130,146,140,61,79,31,11,20,1,0,1,17,5,12,316,316,63,103,59,59,21,7,4,250,203,47,24,173,3,33,52
53407296,0,,,354,172,182,36,22,14,318,150,168,192,91,101,305,146,159,301,142,159,126,59,67,65,27,38,21,8,13,1,0,1,3,1,2,134,134,36,42,25,14,8,4,5,97,67,30,6,86,3,20,20
53407297,1,,53407298,189,91,98,11,3,8,180,89,91,96,50,46,178,89,89,176,88,88,84,39,45,38,18,20,10,2,8,1,0,1,5,3,2,74,74,23,18,16,14,2,2,1,53,35,18,2,55,1,14,9
53407298,2,53407297,,3,2,1,*,*,*,*,*,*,*,*,*,*,*,*,*,*,*,*,*,*,*,*,*,*,*,*,*,*,*,*,*,*,2,2,*,*,*,*,*,*,*,*,*,*,*,*,*,*,*
53407299,0,,,42,23,19,2,2,0,40,21,19,23,11,12,39,21,18,39,21,18,17,10,7,8,5,3,1,0,1,0,0,0,0,0,0,16,16,2,8,3,1,1,1,0,14,10,4,1,11,0,0,4
53407300,0,,,55,29,26,10,9,1,45,20,25,31,14,17,44,19,25,43,19,24,14,6,8,7,3,4,1,0,1,0,0,0,0,0,0,14,14,1,1,4,5,1,1,1,12,7,5,3,10,0,1,0
53407301,0,,,66,34,32,5,3,2,61,31,30,38,21,17,61,31,30,60,30,30,23,10,13,12,5,7,3,1,2,1,1,0,2,0,2,22,22,5,8,2,2,2,2,1,17,9,8,1,15,0,2,3
53407302,0,,,116,53,63,15,8,7,101,45,56,59,29,30,101,45,56,99,45,54,42,16,26,19,5,14,10,1,9,0,0,0,0,0,0,34,34,2,10,10,5,3,1,3,32,17,15,4,25,0,2,5
53407303,0,,,88,42,46,5,2,3,83,40,43,44,24,20,83,40,43,83,40,43,39,16,23,15,3,12,6,0,6,1,0,1,2,0,2,31,31,7,6,7,9,1,0,1,24,16,8,0,28,0,6,3
53407304,1,,53407314,22,11,11,0,0,0,27,13,14,17,9,8,27,13,14,27,13,14,10,4,6,5,0,5,5,0,5,0,0,0,0,0,0,9,9,3,4,3,0,0,0,1,8,5,3,0,7,0,0,1
53407305,0,,,295,157,138,22,11,11,273,146,127,147,86,61,267,142,125,264,140,124,126,60,66,50,21,29,21,6,15,3,0,3,9,4,5,92,92,13,23,22,14,11,5,4,78,39,39,9,74,1,7,12
53407306,0,,,56,29,27,4,2,2,52,27,25,26,14,12,52,27,25,52,27,25,26,13,13,9,4,5,3,2,1,0,0,0,0,0,0,19,19,1,8,5,2,2,1,0,18,14,4,0,14,0,0,3
53407307,0,,,137,67,70,7,3,4,130,64,66,80,44,36,127,62,65,123,59,64,50,20,30,24,9,15,9,2,7,0,0,0,5,5,0,46,46,10,11,11,5,3,5,1,36,20,16,2,31,1,3,6
53407308,0,,,261,131,130,21,9,12,239,122,117,167,88,79,234,120,114,225,115,110,72,34,38,34,14,20,10,4,6,1,0,1,22,8,14,125,125,60,28,19,9,4,3,2,64,52,12,8,48,22,9,11
53407309,0,,,243,125,118,29,15,14,203,102,101,137,74,63,197,98,99,197,98,99,66,28,38,37,15,22,11,6,5,1,1,0,7,0,7,91,91,25,29,11,15,4,3,4,63,48,15,9,43,5,4,7
53407310,0,,,124,59,65,10,5,5,114,54,60,67,31,36,111,52,59,108,50,58,47,23,24,22,10,12,8,3,5,0,0,0,2,2,0,39,39,6,10,8,9,1,3,2,33,22,11,2,28,1,2,6
53407311,0,,,26,10,16,1,0,1,25,10,15,14,5,9,25,10,15,24,10,14,11,5,6,7,4,3,2,1,1,0,0,0,0,0,0,9,9,1,3,2,2,1,0,0,8,4,4,0,8,0,1,1
53407312,0,,,184,73,111,8,6,2,176,67,109,49,27,22,175,67,108,171,66,105,127,40,87,102,28,74,72,14,58,11,1,10,0,0,0,34,33,6,9,8,7,1,1,1,26,14,12,2,24,0,5,4
53407313,2,53407323,,11,8,3,*,*,*,*,*,*,*,*,*,*,*,*,*,*,*,*,*,*,*,*,*,*,*,*,*,*,*,*,*,*,2,1,*,*,*,*,*,*,*,*,*,*,*,*,*,*,*
53407314,2,53407304,,5,2,3,*,*,*,*,*,*,*,*,*,*,*,*,*,*,*,*,*,*,*,*,*,*,*,*,*,*,*,*,*,*,2,2,*,*,*,*,*,*,*,*,*,*,*,*,*,*,*
53407315,0,,,124,66,58,13,8,5,111,58,53,63,34,29,109,56,53,108,55,53,48,24,24,16,5,11,8,3,5,0,0,0,2,0,2,39,39,6,10,9,6,3,3,2,33,17,16,3,31,0,4,4
53407316,0,,,647,306,341,133,73,60,513,232,281,371,166,205,486,219,267,477,212,265,142,66,76,59,25,34,16,5,11,0,0,0,6,4,2,226,226,42,64,49,43,17,5,6,182,145,37,38,97,3,19,20
53407317,0,,,34,14,20,0,0,0,34,14,20,24,8,16,34,14,20,33,14,19,10,6,4,5,2,3,0,0,0,0,0,0,9,0,9,18,18,11,2,2,2,1,0,0,7,4,3,0,8,8,2,1
53407318,0,,,198,99,99,17,13,4,180,85,95,112,56,56,175,83,92,169,82,87,68,29,39,33,15,18,12,3,9,1,0,1,0,0,0,61,61,12,12,12,10,10,2,3,49,29,20,5,43,0,5,6
53407319,0,,,354,173,181,22,10,12,332,163,169,198,105,93,322,158,164,317,155,162,134,58,76,54,17,37,24,5,19,1,0,1,5,4,1,119,119,21,34,26,18,10,7,3,98,61,37,7,84,0,12,15
53407320,0,,,784,313,471,39,12,27,745,301,444,256,130,126,734,296,438,726,295,431,489,171,318,315,89,226,172,35,137,37,4,33,19,14,5,150,144,39,41,19,23,10,8,4,103,57,46,8,103,9,24,19
53407321,0,,,466,236,230,65,40,25,399,194,205,228,109,119,387,191,196,380,187,193,171,85,86,78,33,45,23,7,16,2,1,1,3,0,3,168,168,32,57,31,29,10,4,5,135,101,34,11,106,2,19,36
53407322,0,,,384,187,197,37,20,17,346,166,180,205,104,101,340,163,177,336,161,175,141,62,79,68,27,41,25,11,14,0,0,0,4,3,1,134,134,28,36,30,21,9,5,5,106,69,37,9,92,3,15,17
53407323,1,,53407313,380,183,197,39,13,26,343,172,171,202,108,94,330,164,166,322,159,163,141,64,77,64,29,35,20,5,15,2,1,1,15,10,5,145,145,44,39,29,11,11,8,4,99,67,32,10,89,10,19,19
53407324,0,,,82,45,37,2,0,2,78,44,34,45,29,16,74,41,33,72,40,32,33,15,18,10,4,6,2,0,2,0,0,0,0,0,0,28,28,5,7,8,3,3,2,0,22,16,6,0,18,1,0,4
53407325,2,53407326,,6,2,4,*,*,*,*,*,*,*,*,*,*,*,*,*,*,*,*,*,*,*,*,*,*,*,*,*,*,*,*,*,*,2,2,*,*,*,*,*,*,*,*,*,*,*,*,*,*,*
53407326,1,,53407325,77,39,38,4,2,2,79,39,40,49,27,22,77,37,40,76,37,39,30,12,18,14,4,10,5,1,4,0,0,0,2,2,0,33,33,14,6,7,5,2,1,0,20,13,7,1,21,1,5,3
53407327,0,,,82,42,40,10,3,7,72,39,33,36,19,17,69,37,32,69,37,32,36,20,16,11,3,8,5,0,5,1,0,1,0,0,0,28,28,4,7,9,5,2,0,1,24,15,9,2,22,0,3,4
53407328,0,,,21,11,10,2,2,0,19,9,10,14,7,7,19,9,10,19,9,10,5,2,3,3,1,2,3,1,2,0,0,0,0,0,0,7,7,2,1,1,1,2,0,0,5,2,3,1,3,0,0,0
53407329,0,,,132,70,62,13,6,7,119,64,55,67,36,31,116,62,54,112,60,52,52,28,24,18,8,10,9,3,6,1,0,1,0,0,0,45,45,8,11,12,9,3,0,2,37,23,14,3,34,0,7,4
53407330,0,,,511,234,277,82,36,46,429,198,231,245,122,123,416,189,227,409,185,224,184,76,108,118,46,72,27,11,16,1,1,0,0,0,0,203,202,45,86,31,24,9,6,1,156,144,12,17,110,0,31,46
53407331,0,,,403,188,215,38,18,20,365,170,195,190,93,97,350,163,187,341,161,180,175,77,98,120,53,67,27,8,19,0,0,0,3,0,3,165,164,38,71,32,14,7,1,1,125,116,9,12,95,1,27,47
53407332,0,,,172,87,85,18,8,10,151,77,74,83,45,38,149,76,73,148,76,72,68,32,36,32,15,17,13,5,8,0,0,0,2,0,2,56,56,13,8,18,7,4,3,3,42,20,22,6,42,2,8,4
53407333,0,,,218,108,110,9,3,6,209,105,104,137,75,62,196,98,98,193,97,96,72,30,42,34,13,21,10,2,8,1,0,1,3,2,1,75,75,15,19,17,13,6,3,2,58,37,21,0,50,0,10,7
53407334,0,,,185,92,93,17,8,9,168,84,84,90,51,39,161,80,81,157,78,79,78,33,45,32,10,22,12,2,10,1,1,0,0,0,0,60,60,11,15,11,11,6,5,1,49,27,22,3,49,1,8,11
53407335,0,,,174,92,82,21,14,7,153,78,75,101,57,44,148,75,73,148,75,73,52,21,31,28,10,18,8,1,7,0,0,0,10,8,2,54,54,12,13,9,4,8,5,3,41,18,23,7,32,2,1,7
53407336,0,,,131,66,65,16,11,5,115,55,60,68,34,34,115,55,60,113,54,59,47,21,26,21,8,13,11,3,8,0,0,0,1,0,1,36,36,1,14,6,7,1,3,4,34,19,15,4,29,0,0,6
53407337,0,,,112,56,56,10,5,5,102,51,51,60,33,27,101,51,50,98,50,48,42,18,24,21,9,12,9,3,6,0,0,0,0,0,0,38,38,5,11,10,7,3,2,0,33,25,8,2,25,0,2,9
53407338,0,,,98,50,48,16,8,8,82,42,40,53,29,24,81,41,40,80,41,39,29,13,16,11,2,9,6,1,5,0,0,0,0,0,0,30,30,2,12,4,8,0,1,3,28,19,9,4,21,0,2,8
53407339,0,,,203,104,99,15,6,9,188,98,90,119,71,48,184,95,89,180,91,89,69,27,42,30,7,23,15,1,14,2,0,2,2,0,2,66,66,7,18,15,18,5,3,0,59,37,22,3,43,0,2,7
53407340,0,,,492,285,207,32,14,18,460,271,189,261,164,97,451,266,185,451,266,185,199,107,92,95,45,50,25,10,15,3,0,3,5,1,4,94,93,14,27,23,8,6,9,6,77,47,30,7,76,0,11,15
53407341,0,,,58,29,29,4,2,2,54,27,27,34,18,16,49,24,25,44,21,23,20,9,11,9,3,6,2,0,2,0,0,0,0,0,0,18,18,4,4,4,2,2,0,2,14,8,6,0,13,0,3,0
53407342,0,,,55,31,24,5,2,3,49,28,21,32,20,12,49,28,21,49,28,21,17,8,9,3,0,3,1,0,1,0,0,0,7,7,0,25,25,12,2,6,4,1,0,0,12,9,3,2,11,5,2,1
53407343,1,,53407353,318,155,163,25,7,18,300,151,149,166,87,79,292,148,144,288,148,140,134,64,70,60,26,34,22,8,14,0,0,0,4,4,0,115,115,28,26,32,17,9,6,0,90,56,34,6,87,2,18,9
53407344,1,,53407345,301,150,151,24,11,13,283,143,140,166,88,78,272,137,135,265,134,131,117,55,62,54,21,33,17,7,10,0,0,0,6,4,2,92,92,11,26,24,13,7,8,5,83,54,29,4,71,1,5,9
53407345,2,53407344,,6,4,2,*,*,*,*,*,*,*,*,*,*,*,*,*,*,*,*,*,*,*,*,*,*,*,*,*,*,*,*,*,*,2,2,*,*,*,*,*,*,*,*,*,*,*,*,*,*,*
53407346,0,,,52,28,24,6,4,2,46,24,22,32,18,14,45,24,21,44,24,20,14,6,8,5,2,3,3,0,3,0,0,0,0,0,0,16,16,2,2,5,5,1,1,0,14,9,5,1,10,0,0,1
53407347,0,,,134,66,68,10,5,5,123,60,63,71,37,34,121,59,62,120,58,62,52,23,29,24,4,20,20,3,17,1,0,1,0,0,0,44,44,5,15,11,4,6,1,2,39,20,19,4,35,0,2,6
53407348,1,,53407358,87,44,43,7,3,4,84,42,42,54,28,26,82,41,41,80,39,41,30,14,16,12,5,7,7,1,6,0,0,0,0,0,0,28,28,5,8,7,4,1,1,3,24,14,10,1,22,0,4,3
53407349,1,,53407359,40,21,19,3,2,1,39,20,19,20,13,7,38,20,18,38,20,18,19,7,12,6,1,5,2,0,2,0,0,0,0,0,0,17,17,4,9,2,2,0,1,0,14,12,2,0,14,0,2,3
53407350,0,,,92,49,43,9,5,4,83,44,39,50,29,21,80,41,39,80,41,39,33,15,18,12,4,8,6,1,5,0,0,0,0,0,0,30,30,5,10,4,3,6,1,1,25,13,12,2,21,0,3,4
53407351,0,,,143,73,70,6,4,2,137,69,68,71,39,32,135,67,68,133,66,67,66,30,36,27,10,17,9,2,7,1,1,0,0,0,0,51,51,12,15,10,6,3,3,2,39,23,16,0,44,0,9,7
53407352,0,,,220,114,106,11,8,3,209,106,103,103,56,47,206,103,103,204,102,102,106,50,56,45,16,29,16,4,12,0,0,0,1,0,1,79,79,14,25,18,13,5,3,1,63,42,21,4,62,0,9,15
53407353,2,53407343,,7,3,4,*,*,*,*,*,*,*,*,*,*,*,*,*,*,*,*,*,*,*,*,*,*,*,*,*,*,*,*,*,*,3,3,*,*,*,*,*,*,*,*,*,*,*,*,*,*,*
53407354,0,,,141,77,64,18,11,7,123,66,57,60,32,28,120,64,56,117,63,54,63,34,29,28,16,12,8,4,4,0,0,0,0,0,0,40,40,7,9,7,5,3,6,3,33,14,19,3,36,0,6,6
53407355,0,,,218,110,108,22,13,9,196,97,99,115,62,53,192,96,96,188,94,94,81,35,46,36,14,22,9,4,5,0,0,0,3,3,0,67,67,10,15,20,10,3,4,5,56,35,21,7,49,0,2,7
53407358,2,53407348,,4,1,3,*,*,*,*,*,*,*,*,*,*,*,*,*,*,*,*,*,*,*,*,*,*,*,*,*,*,*,*,*,*,1,1,*,*,*,*,*,*,*,*,*,*,*,*,*,*,*
53407359,2,53407349,,2,1,1,*,*,*,*,*,*,*,*,*,*,*,*,*,*,*,*,*,*,*,*,*,*,*,*,*,*,*,*,*,*,1,1,*,*,*,*,*,*,*,*,*,*,*,*,*,*,*
53407360,0,,,44,29,15,4,2,2,40,27,13,18,13,5,40,27,13,40,27,13,22,14,8,9,5,4,4,2,2,0,0,0,0,0,0,16,16,4,4,3,3,1,1,0,12,8,4,0,16,0,4,0
53407361,0,,,97,52,45,3,1,2,94,51,43,56,33,23,92,50,42,92,50,42,38,18,20,22,12,10,7,4,3,0,0,0,0,0,0,28,28,3,5,6,7,5,1,1,25,14,11,1,22,0,1,3
53407362,0,,,145,78,67,6,4,2,139,74,65,82,45,37,134,72,62,131,71,60,57,29,28,24,13,11,7,3,4,0,0,0,9,7,2,64,64,23,20,8,9,2,2,0,41,32,9,1,38,5,11,11
53407363,0,,,196,96,100,16,10,6,180,86,94,95,50,45,176,83,93,174,83,91,85,36,49,37,16,21,10,4,6,2,0,2,4,3,1,70,70,15,20,16,11,3,2,3,55,33,22,4,54,0,10,10
53407364,0,,,523,257,266,41,21,20,482,236,246,272,148,124,473,234,239,462,231,231,210,88,122,102,38,64,45,12,33,2,0,2,1,0,1,164,164,26,41,39,27,12,8,11,137,72,65,10,134,0,17,16
53407365,0,,,134,66,68,13,6,7,121,60,61,80,40,40,120,59,61,119,58,61,41,20,21,19,7,12,8,3,5,0,0,0,0,0,0,46,46,8,11,13,8,3,3,0,38,27,11,4,26,1,4,4
53407370,0,,,252,125,127,17,7,10,235,118,117,146,76,70,226,113,113,225,113,112,89,42,47,57,26,31,19,6,13,0,0,0,1,0,1,82,82,13,24,17,7,15,5,1,68,45,23,4,60,0,11,8
53407371,0,,,240,119,121,22,13,9,218,106,112,114,58,56,216,106,110,213,104,109,104,48,56,52,20,32,21,8,13,4,1,3,2,1,1,77,77,8,27,11,16,9,6,0,69,44,25,6,57,0,4,18
53407372,0,,,89,45,44,10,5,5,79,40,39,39,23,16,76,38,38,75,37,38,40,17,23,19,6,13,9,2,7,0,0,0,0,0,0,32,32,4,13,7,4,2,2,0,28,19,9,1,25,0,3,7
53407373,0,,,105,58,47,12,10,2,93,48,45,55,33,22,91,47,44,90,47,43,38,15,23,22,8,14,6,1,5,0,0,0,7,3,4,33,33,5,8,6,8,4,1,1,28,13,15,3,25,0,4,2
53407374,0,,,20,8,12,2,1,1,18,7,11,10,3,7,17,7,10,16,7,9,8,4,4,2,1,1,2,1,1,0,0,0,0,0,0,5,5,1,0,0,2,1,1,0,4,0,4,1,4,0,0,0
53407375,0,,,83,40,43,9,5,4,74,35,39,32,16,16,72,33,39,70,32,38,42,19,23,27,10,17,11,2,9,1,0,1,0,0,0,17,16,4,3,0,5,3,1,0,12,8,4,2,9,0,3,2
53407379,0,,,419,209,210,29,16,13,390,193,197,207,111,96,381,190,191,377,189,188,183,82,101,88,32,56,44,13,31,2,2,0,1,0,1,140,140,25,33,37,29,5,5,6,115,71,44,6,111,0,16,19
53407381,1,,53407382,12,5,7,0,0,0,16,8,8,10,4,6,16,8,8,16,8,8,6,4,2,1,0,1,1,0,1,1,0,1,0,0,0,6,6,3,5,1,0,0,0,0,6,6,0,0,4,1,0,2
53407382,2,53407381,,4,3,1,*,*,*,*,*,*,*,*,*,*,*,*,*,*,*,*,*,*,*,*,*,*,*,*,*,*,*,*,*,*,3,3,*,*,*,*,*,*,*,*,*,*,*,*,*,*,*
53407383,0,,,26,12,14,4,2,2,22,10,12,11,5,6,22,10,12,22,10,12,11,5,6,6,2,4,2,0,2,1,0,1,1,0,1,7,7,1,2,2,0,0,1,1,6,2,4,1,6,0,0,1
53407387,0,,,32,17,15,2,2,0,30,15,15,15,6,9,30,15,15,29,14,15,15,9,6,7,5,2,2,2,0,0,0,0,0,0,0,11,11,1,6,0,2,1,1,0,10,7,3,0,9,0,0,5
53407388,0,,,1243,605,638,124,64,60,1119,541,578,635,337,298,1094,528,566,1076,519,557,484,204,280,249,92,157,80,24,56,7,1,6,22,7,15,421,420,93,126,80,49,37,24,11,327,222,105,23,295,7,56,55
53407389,0,,,778,387,391,76,47,29,702,340,362,429,218,211,688,336,352,680,333,347,273,122,151,142,55,87,38,9,29,2,0,2,16,10,6,298,296,73,86,72,32,23,8,2,222,166,56,23,182,1,34,44
53407397,0,,,148,72,76,15,8,7,133,64,69,71,40,31,131,64,67,131,64,67,62,24,38,36,13,23,9,0,9,0,0,0,3,2,1,61,61,17,21,11,7,3,1,1,44,33,11,6,40,1,9,13
53407398,0,,,163,78,85,12,6,6,151,72,79,92,43,49,150,71,79,148,70,78,59,29,30,21,8,13,1,0,1,0,0,0,0,0,0,67,67,15,27,12,9,2,2,0,52,46,6,2,42,0,8,15
53407399,0,,,177,82,95,21,11,10,154,69,85,95,42,53,152,68,84,150,67,83,59,27,32,23,8,15,8,1,7,1,0,1,5,3,2,70,70,21,16,17,10,3,3,0,48,36,12,6,38,1,9,8
53407400,0,,,11,6,5,0,0,0,11,6,5,4,3,1,11,6,5,10,5,5,7,3,4,2,1,1,0,0,0,0,0,0,0,0,0,4,4,0,2,1,1,0,0,0,4,3,1,0,4,0,0,1
53407401,0,,,155,73,82,13,7,6,142,66,76,75,40,35,135,61,74,134,60,74,67,26,41,33,10,23,10,2,8,1,0,1,0,0,0,49,49,8,10,15,7,4,2,3,41,22,19,4,39,0,6,6
53407402,0,,,97,52,45,12,9,3,85,43,42,50,26,24,81,42,39,78,40,38,35,17,18,13,5,8,6,4,2,0,0,0,0,0,0,29,29,4,7,6,5,3,2,2,25,17,8,3,22,0,4,5
53407403,0,,,90,46,44,2,0,2,88,46,42,44,23,21,87,46,41,86,46,40,44,23,21,22,11,11,9,3,6,0,0,0,0,0,0,32,32,7,10,6,3,4,1,1,25,14,11,2,26,0,4,5
53407404,0,,,269,139,130,19,12,7,250,127,123,147,74,73,244,125,119,240,124,116,103,53,50,56,30,26,16,8,8,0,0,0,2,0,2,86,86,13,26,16,13,10,3,5,72,48,24,4,66,0,8,20
53407405,0,,,128,57,71,11,4,7,117,53,64,68,32,36,113,51,62,113,51,62,49,21,28,23,7,16,12,4,8,3,2,1,0,0,0,42,42,8,12,8,4,4,6,0,33,21,12,2,31,0,5,5
53407406,0,,,77,39,38,7,2,5,70,37,33,36,20,16,69,37,32,69,37,32,34,17,17,14,7,7,5,2,3,0,0,0,0,0,0,25,25,4,4,10,3,2,1,1,21,16,5,1,20,0,3,3
53407408,0,,,56,31,25,3,1,2,53,30,23,32,19,13,53,30,23,52,30,22,21,11,10,7,2,5,3,1,2,0,0,0,0,0,0,19,19,5,3,6,2,1,1,1,14,12,2,1,13,0,4,1
53407409,0,,,353,172,181,36,17,19,317,155,162,201,103,98,306,146,160,303,144,159,116,52,64,52,19,33,19,4,15,0,0,0,2,0,2,128,128,30,37,26,18,8,6,3,97,66,31,11,78,1,17,14
53407410,0,,,285,147,138,27,16,11,258,131,127,157,85,72,251,126,125,246,124,122,101,46,55,43,15,28,16,4,12,2,1,1,0,0,0,85,85,7,23,20,20,6,5,4,78,47,31,6,65,1,3,7
53407411,2,53407412,,5,3,2,*,*,*,*,*,*,*,*,*,*,*,*,*,*,*,*,*,*,*,*,*,*,*,*,*,*,*,*,*,*,1,1,*,*,*,*,*,*,*,*,*,*,*,*,*,*,*
53407412,1,,53407411,266,118,148,27,11,16,243,109,134,108,57,51,238,106,132,237,105,132,135,52,83,80,24,56,53,11,42,5,1,4,4,3,1,79,78,15,31,15,5,9,1,3,64,49,15,5,51,0,9,13
53407413,0,,,416,199,217,29,13,16,387,186,201,199,98,101,375,180,195,369,177,192,188,88,100,86,34,52,38,11,27,4,0,4,3,0,3,132,132,20,41,26,18,9,11,7,111,60,51,6,111,0,16,22
53407414,0,,,39,20,19,0,0,0,39,20,19,24,13,11,38,20,18,38,20,18,15,7,8,7,3,4,2,0,2,0,0,0,0,0,0,21,21,12,4,3,0,2,0,0,8,5,3,0,9,2,3,1
53407415,0,,,2194,1091,1103,273,130,143,1889,943,946,1425,722,703,1827,906,921,1780,884,896,464,221,243,172,73,99,45,16,29,3,0,3,57,36,21,954,953,325,285,178,110,37,12,6,609,543,66,83,315,52,83,93
53407416,0,,,1063,555,508,94,51,43,945,492,453,696,375,321,909,479,430,893,472,421,249,117,132,103,45,58,32,8,24,5,0,5,27,15,12,491,490,221,111,82,46,17,9,4,261,224,37,28,158,22,48,39
53407417,0,,,255,120,135,19,6,13,236,114,122,103,59,44,232,111,121,228,108,120,133,55,78,101,39,62,53,18,35,10,3,7,1,0,1,57,56,20,10,8,7,4,5,2,36,23,13,4,30,1,11,2
53407418,0,,,208,108,100,16,8,8,192,100,92,114,64,50,188,99,89,185,97,88,78,36,42,35,13,22,17,5,12,0,0,0,1,0,1,68,68,15,16,9,14,10,2,2,53,28,25,6,48,0,7,9
53407419,0,,,201,99,102,25,10,15,176,89,87,99,51,48,172,87,85,170,85,85,77,38,39,41,21,20,13,7,6,0,0,0,0,0,0,62,62,10,22,11,2,7,2,8,52,31,21,8,48,0,8,9
53407420,0,,,64,33,31,2,2,0,62,31,31,39,21,18,61,30,31,59,28,31,23,10,13,9,1,8,3,1,2,0,0,0,0,0,0,22,22,3,7,6,2,3,1,0,19,11,8,1,14,0,2,2
53407421,2,53407422,,5,2,3,*,*,*,*,*,*,*,*,*,*,*,*,*,*,*,*,*,*,*,*,*,*,*,*,*,*,*,*,*,*,1,1,*,*,*,*,*,*,*,*,*,*,*,*,*,*,*
53407422,1,,53407421,353,176,177,28,15,13,330,163,167,200,101,99,320,159,161,315,156,159,130,62,68,55,21,34,20,5,15,1,1,0,0,0,0,114,114,20,28,25,20,11,6,5,92,51,41,9,84,0,12,17
53407423,0,,,1316,635,681,143,65,78,1162,563,599,665,352,313,1129,549,580,1121,545,576,497,211,286,286,122,164,85,32,53,2,0,2,12,5,7,533,533,174,151,95,58,24,19,12,358,263,95,37,346,7,98,69
53407424,0,,,817,401,416,88,45,43,710,345,365,436,217,219,692,335,357,683,329,354,274,128,146,119,48,71,30,9,21,0,0,0,20,3,17,365,365,136,97,67,45,14,6,0,227,191,36,33,187,7,56,55
53407425,0,,,1543,788,755,186,99,87,1297,658,639,950,496,454,1250,633,617,1215,616,599,347,162,185,159,66,93,44,16,28,4,2,2,44,28,16,737,737,349,155,112,78,30,8,5,379,338,41,53,249,54,99,63
53407426,0,,,1567,760,807,260,141,119,1276,603,673,959,451,508,1217,573,644,1172,549,623,317,152,165,104,58,46,17,5,12,0,0,0,43,26,17,678,678,241,196,104,86,33,14,4,430,384,46,72,225,26,75,65
53407427,0,,,90,37,53,7,3,4,83,34,49,53,22,31,78,32,46,72,30,42,30,12,18,12,3,9,6,1,5,0,0,0,0,0,0,24,24,2,5,5,4,3,3,2,21,10,11,0,18,0,1,2
53407428,0,,,24,13,11,2,2,0,22,11,11,12,7,5,22,11,11,22,11,11,10,4,6,5,1,4,4,1,3,0,0,0,0,0,0,8,8,3,1,2,1,0,0,1,5,0,5,1,5,0,1,0
53407429,0,,,97,45,52,16,4,12,81,41,40,54,31,23,80,40,40,80,40,40,27,10,17,13,5,8,10,4,6,0,0,0,1,0,1,28,28,4,7,4,7,1,2,3,24,12,12,4,17,1,2,2
53407430,0,,,256,128,128,18,7,11,237,121,116,135,77,58,228,118,110,224,115,109,102,44,58,50,19,31,14,3,11,1,0,1,3,1,2,84,84,13,25,16,16,6,6,2,71,46,25,6,67,0,9,15
53407431,0,,,99,51,48,11,6,5,88,45,43,52,27,25,85,44,41,83,43,40,36,18,18,13,4,9,1,1,0,0,0,0,6,3,3,28,28,4,6,6,2,5,3,2,23,10,13,3,22,0,1,3
53407432,0,,,509,250,259,36,20,16,472,229,243,275,141,134,453,221,232,442,216,226,197,88,109,90,38,52,20,5,15,2,1,1,0,0,0,189,189,49,49,41,28,11,6,5,140,98,42,7,126,1,30,25
53407433,0,,,1373,678,695,165,86,79,1200,586,614,774,396,378,1158,562,596,1134,552,582,426,190,236,201,92,109,45,16,29,2,0,2,15,7,8,546,546,138,181,95,92,26,10,4,403,341,62,43,285,12,64,89
53407434,0,,,1923,946,977,186,92,94,1720,842,878,1029,534,495,1663,813,850,1635,799,836,691,308,383,357,145,212,97,29,68,8,1,7,14,8,6,780,780,240,229,134,101,47,21,8,536,410,126,42,477,10,133,104
53407435,0,,,866,430,436,91,48,43,773,381,392,472,241,231,757,373,384,741,363,378,301,140,161,134,53,81,47,11,36,5,0,5,2,1,1,315,315,76,88,58,53,20,14,6,239,170,69,17,204,1,47,35
53407436,0,,,139,71,68,13,8,5,126,63,63,84,43,41,122,63,59,120,61,59,42,20,22,20,8,12,5,1,4,0,0,0,3,2,1,43,43,5,11,12,4,7,3,1,38,25,13,4,24,0,3,3
53407437,0,,,14,6,8,4,2,2,10,4,6,5,2,3,10,4,6,10,4,6,5,2,3,1,0,1,1,0,1,0,0,0,0,0,0,4,4,1,1,1,0,0,0,1,3,2,1,2,3,0,1,1
53407438,0,,,96,50,46,14,11,3,82,39,43,51,23,28,80,38,42,79,38,41,31,16,15,16,7,9,10,5,5,0,0,0,0,0,0,32,32,7,8,6,6,2,2,1,25,14,11,6,21,1,4,4
53407439,0,,,101,51,50,9,5,4,92,46,46,53,30,23,90,45,45,89,45,44,39,16,23,16,6,10,5,3,2,0,0,0,0,0,0,30,30,3,8,6,6,3,3,1,27,15,12,2,24,0,1,5
53407440,0,,,283,147,136,21,12,9,262,135,127,147,77,70,257,133,124,255,131,124,115,58,57,47,21,26,18,7,11,0,0,0,6,0,6,113,113,25,43,22,13,7,2,1,88,66,22,7,79,4,18,16
53407441,0,,,1098,528,570,112,58,54,984,468,516,591,297,294,942,448,494,926,441,485,393,171,222,198,85,113,49,21,28,1,1,0,6,3,3,417,417,95,135,96,47,22,11,11,319,243,76,27,262,1,53,71
53407442,0,,,759,347,412,59,28,31,699,318,381,385,199,186,672,302,370,660,299,361,314,119,195,194,60,134,100,27,73,9,2,7,5,2,3,245,243,47,83,46,34,19,10,4,194,145,49,11,146,0,27,35
53407443,0,,,190,87,103,14,7,7,176,80,96,105,49,56,172,79,93,170,78,92,71,31,40,34,12,22,14,3,11,1,0,1,0,0,0,64,64,5,22,16,14,5,2,0,59,43,16,3,44,0,3,10
53407444,0,,,575,292,283,63,39,24,511,252,259,324,167,157,495,241,254,486,234,252,187,85,102,98,41,57,16,5,11,2,1,1,13,7,6,237,237,76,71,38,32,10,6,4,160,134,26,16,134,2,44,33
53407445,0,,,502,248,254,47,24,23,454,223,231,259,137,122,441,216,225,435,214,221,195,86,109,109,43,66,23,11,12,1,0,1,8,7,1,203,203,58,65,45,13,9,9,4,144,111,33,14,133,1,31,29
53407446,0,,,916,429,487,112,48,64,797,377,420,471,231,240,761,359,402,752,355,397,326,146,180,149,53,96,49,14,35,2,1,1,1,0,1,326,326,79,91,55,53,23,17,8,246,174,72,23,217,1,50,42
53407447,0,,,1351,685,666,173,97,76,1163,579,584,775,404,371,1134,562,572,1114,553,561,388,175,213,176,71,105,57,15,42,4,1,3,15,3,12,522,522,133,157,112,71,22,17,10,383,301,82,59,263,20,60,52
53407448,0,,,38,23,15,7,5,2,30,17,13,25,15,10,30,17,13,30,17,13,5,2,3,1,1,0,0,0,0,0,0,0,1,0,1,20,20,10,4,4,2,0,0,0,10,10,0,4,3,3,1,1
53407449,0,,,417,208,209,35,21,14,382,187,195,220,110,110,375,186,189,366,179,187,162,77,85,75,34,41,17,6,11,3,0,3,2,0,2,166,166,31,69,33,23,7,1,2,132,109,23,13,105,0,19,30
53407450,0,,,325,163,162,28,18,10,296,144,152,170,93,77,288,141,147,283,139,144,126,51,75,56,19,37,22,7,15,1,1,0,3,1,2,115,115,26,31,24,17,11,3,3,89,61,28,7,83,0,17,16
53407451,0,,,489,259,230,53,28,25,433,228,205,257,147,110,417,218,199,411,214,197,176,81,95,68,27,41,17,4,13,1,0,1,7,5,2,194,194,55,61,32,25,13,6,2,138,106,32,10,117,9,24,28
53407452,0,,,232,110,122,24,13,11,208,97,111,125,62,63,201,95,106,196,91,105,83,35,48,47,18,29,28,9,19,1,0,1,1,1,0,68,68,10,14,12,17,5,7,3,58,37,21,4,50,0,7,7
53407453,0,,,206,112,94,15,6,9,191,106,85,107,68,39,189,104,85,187,102,85,84,38,46,45,23,22,10,2,8,1,0,1,1,0,1,74,73,13,31,12,10,6,0,1,59,45,14,5,54,0,8,16
53407454,0,,,1048,532,516,82,42,40,966,490,476,567,283,284,939,478,461,926,475,451,399,207,192,94,45,49,19,3,16,4,0,4,5,0,5,392,392,36,183,94,48,17,11,3,355,312,43,18,247,0,26,108
53407455,0,,,508,263,245,57,27,30,451,236,215,302,155,147,444,232,212,439,228,211,149,81,68,49,20,29,14,5,9,0,0,0,2,1,1,180,180,23,69,40,30,7,8,3,155,126,29,12,98,0,11,34
53407456,0,,,1023,519,504,93,52,41,925,465,460,518,275,243,902,452,450,891,447,444,407,190,217,274,131,143,48,21,27,3,1,2,10,3,7,431,431,107,169,84,46,14,7,4,317,276,41,20,259,12,51,100
53407457,0,,,379,188,191,51,23,28,322,161,161,228,117,111,312,155,157,304,151,153,94,44,50,43,18,25,8,3,5,1,0,1,2,0,2,152,152,50,40,22,24,11,3,2,100,83,17,17,59,10,14,17
53407458,0,,,168,79,89,5,1,4,163,78,85,81,41,40,162,77,85,160,76,84,82,37,45,53,24,29,15,5,10,2,1,1,0,0,0,68,68,15,24,18,7,2,1,1,52,39,13,1,52,0,9,17
53407459,0,,,1399,693,706,174,82,92,1211,605,606,783,404,379,1181,589,592,1159,578,581,428,201,227,219,98,121,59,25,34,3,1,2,15,5,10,569,569,174,177,93,75,25,14,11,384,316,68,44,288,21,66,84
53407460,0,,,410,201,209,34,16,18,376,185,191,236,129,107,369,181,188,364,181,183,140,56,84,71,25,46,29,7,22,1,0,1,2,0,2,145,145,25,51,28,20,13,4,4,119,82,37,9,90,1,6,19
53407461,0,,,219,112,107,28,16,12,191,96,95,112,58,54,184,92,92,179,90,89,79,38,41,28,13,15,8,3,5,1,0,1,1,0,1,71,71,11,20,18,10,4,3,5,60,39,21,7,51,0,7,13
53407462,0,,,80,41,39,5,3,2,75,38,37,42,23,19,74,37,37,70,33,37,33,15,18,11,3,8,6,2,4,0,0,0,3,3,0,29,29,6,9,7,3,2,1,1,23,14,9,0,19,1,0,6
53407463,0,,,134,68,66,8,4,4,126,64,62,68,38,30,123,61,62,122,61,61,58,26,32,28,10,18,9,2,7,0,0,0,0,0,0,46,46,3,20,9,8,4,2,0,43,30,13,2,36,0,2,9
53407464,0,,,157,76,81,9,4,5,148,72,76,88,42,46,145,71,74,140,67,73,60,30,30,30,15,15,5,4,1,0,0,0,3,1,2,67,67,18,24,13,9,2,1,0,49,39,10,0,42,1,13,11
53407465,0,,,170,84,86,35,18,17,134,65,69,87,44,43,129,62,67,127,61,66,47,21,26,21,8,13,6,1,5,0,0,0,2,0,2,63,63,17,15,9,15,6,1,0,46,37,9,4,34,1,10,9
53407466,0,,,316,144,172,24,13,11,292,131,161,129,65,64,286,129,157,282,125,157,163,66,97,101,37,64,56,13,43,16,1,15,1,0,1,80,79,10,22,22,11,4,8,2,69,42,27,9,61,1,4,12
53407467,2,53407468,,4,2,2,*,*,*,*,*,*,*,*,*,*,*,*,*,*,*,*,*,*,*,*,*,*,*,*,*,*,*,*,*,*,2,2,*,*,*,*,*,*,*,*,*,*,*,*,*,*,*
53407468,1,,53407467,336,159,177,33,18,15,307,143,164,177,83,94,297,141,156,294,139,155,130,60,70,63,27,36,21,7,14,1,0,1,0,0,0,116,116,22,32,29,21,7,2,5,96,66,30,12,79,0,10,15
53407469,0,,,1414,730,684,302,157,145,1092,564,528,920,481,439,1025,527,498,1013,521,492,172,83,89,88,43,45,12,5,7,1,1,0,9,5,4,549,549,155,134,100,115,41,2,2,390,364,26,84,122,16,40,35
53407470,0,,,259,128,131,19,9,10,240,119,121,136,76,60,233,114,119,228,113,115,104,43,61,52,20,32,19,7,12,0,0,0,0,0,0,87,87,15,27,19,8,10,6,2,72,45,27,3,65,0,7,14
53407471,0,,,82,37,45,8,3,5,74,34,40,42,19,23,74,34,40,73,34,39,32,15,17,11,5,6,5,3,2,0,0,0,0,0,0,27,27,3,11,3,5,2,3,0,24,17,7,1,21,0,3,6
53407472,0,,,113,58,55,15,6,9,98,52,46,55,31,24,97,52,45,96,51,45,43,21,22,26,13,13,8,2,6,0,0,0,2,1,1,41,41,10,8,14,2,5,2,0,31,22,9,3,26,0,8,3
53407473,0,,,80,40,40,13,6,7,67,34,33,45,21,24,66,34,32,66,34,32,22,13,9,10,4,6,3,1,2,0,0,0,0,0,0,26,26,4,7,5,6,1,3,0,22,13,9,3,16,0,2,4
53407474,0,,,161,80,81,13,5,8,148,75,73,91,47,44,145,75,70,140,74,66,57,28,29,30,15,15,13,6,7,0,0,0,0,0,0,53,53,13,17,4,8,3,5,3,40,24,16,3,37,0,7,7
53407475,0,,,147,79,68,11,7,4,136,72,64,79,48,31,134,70,64,134,70,64,57,24,33,28,9,19,10,3,7,1,1,0,0,0,0,59,59,14,20,14,6,3,2,0,45,34,11,1,39,1,10,8
53407476,0,,,298,149,149,28,13,15,269,135,134,132,67,65,263,134,129,261,132,129,137,68,69,62,30,32,17,6,11,3,0,3,6,3,3,110,110,23,37,24,12,5,7,2,87,65,22,5,83,0,14,20
53407478,0,,,122,60,62,32,14,18,90,46,44,65,34,31,90,46,44,88,45,43,25,12,13,11,5,6,4,2,2,1,1,0,0,0,0,39,39,5,7,10,14,1,2,0,34,28,6,15,17,0,5,3
53407479,0,,,884,434,450,113,58,55,763,371,392,464,241,223,733,356,377,720,348,372,299,130,169,179,76,103,83,21,62,13,1,12,0,0,0,311,309,69,101,74,35,25,5,0,238,218,20,37,133,6,25,52
53407480,0,,,33,19,14,1,0,1,32,19,13,20,12,8,31,18,13,31,18,13,12,7,5,1,0,1,0,0,0,0,0,0,2,2,0,16,16,7,6,1,1,0,0,1,8,7,1,0,9,2,3,2
53407481,0,,,141,73,68,19,8,11,122,65,57,72,37,35,119,63,56,117,62,55,50,28,22,29,14,15,13,6,7,0,0,0,0,0,0,50,50,9,19,10,5,1,4,2,41,30,11,5,34,0,5,7
53407482,0,,,143,72,71,12,10,2,131,62,69,85,42,43,124,58,66,122,57,65,46,20,26,23,6,17,7,2,5,2,0,2,0,0,0,48,48,7,13,16,4,5,2,1,40,27,13,3,31,0,5,5
53407483,0,,,12,5,7,0,0,0,12,5,7,9,4,5,12,5,7,12,5,7,3,1,2,1,0,1,0,0,0,0,0,0,0,0,0,5,5,1,3,0,0,1,0,0,4,3,1,0,3,0,1,0
53407484,0,,,75,19,56,4,3,1,71,16,55,6,4,2,71,16,55,71,16,55,65,12,53,58,9,49,46,7,39,10,0,10,0,0,0,6,5,1,2,1,0,0,1,0,4,4,0,0,3,0,1,0
53407485,0,,,96,49,47,5,2,3,91,47,44,51,27,24,89,46,43,88,46,42,40,20,20,20,9,11,10,5,5,1,1,0,0,0,0,31,31,4,8,9,5,3,1,1,27,17,10,2,24,0,2,5
53407486,0,,,70,34,36,6,4,2,64,30,34,42,20,22,63,30,33,62,30,32,22,10,12,8,4,4,3,1,2,0,0,0,1,0,1,25,25,4,7,7,5,1,1,0,21,16,5,3,14,0,0,3
53407488,0,,,367,190,177,40,23,17,327,167,160,189,104,85,320,164,156,317,162,155,138,63,75,63,26,37,20,6,14,4,1,3,0,0,0,123,123,27,32,24,19,10,3,8,96,64,32,10,81,0,16,19
53407489,0,,,250,134,116,37,21,16,213,113,100,146,80,66,204,108,96,201,106,95,67,33,34,31,15,16,4,1,3,0,0,0,0,0,0,92,92,13,31,21,24,2,1,0,79,67,12,5,42,0,7,15
53407490,0,,,26,13,13,1,0,1,25,13,12,15,9,6,24,13,11,23,12,11,10,4,6,5,2,3,1,1,0,0,0,0,0,0,0,9,9,2,2,1,3,1,0,0,7,3,4,0,8,0,2,0
53407491,0,,,67,33,34,5,3,2,62,30,32,46,21,25,59,30,29,58,29,29,16,9,7,7,3,4,1,0,1,0,0,0,0,0,0,22,22,3,6,5,4,3,1,0,19,10,9,2,13,0,0,1
53407492,0,,,231,113,118,30,14,16,200,98,102,131,68,63,194,94,100,188,90,98,69,30,39,35,14,21,10,2,8,0,0,0,0,0,0,70,70,12,16,16,9,6,5,6,57,36,21,9,46,0,9,9
53407493,0,,,128,62,66,15,7,8,113,55,58,53,26,27,112,54,58,111,53,58,60,29,31,29,11,18,12,5,7,0,0,0,0,0,0,38,38,4,11,11,6,0,3,3,34,17,17,3,34,0,4,8
53407494,0,,,326,166,160,25,14,11,301,152,149,150,76,74,297,150,147,291,148,143,151,76,75,94,41,53,28,9,19,2,0,2,0,0,0,97,96,17,34,13,14,8,5,5,79,46,33,4,77,0,13,15
53407495,0,,,170,85,85,14,4,10,156,81,75,83,48,35,153,79,74,153,79,74,73,33,40,35,13,22,16,4,12,2,1,1,3,2,1,59,59,14,16,12,9,2,3,3,45,27,18,2,44,0,6,5
53407497,0,,,45,21,24,9,3,6,36,18,18,25,11,14,34,18,16,33,17,16,11,7,4,2,1,1,1,1,0,0,0,0,0,0,0,13,13,1,3,2,4,2,1,0,12,9,3,2,7,0,0,2
53407498,0,,,847,489,358,41,19,22,799,463,336,549,351,198,718,437,281,643,384,259,250,112,138,135,67,68,31,11,20,0,0,0,52,35,17,400,398,228,83,41,30,6,6,4,166,124,42,11,164,122,38,51
53407499,0,,,18,9,9,4,2,2,14,7,7,10,5,5,13,6,7,13,6,7,4,2,2,0,0,0,0,0,0,0,0,0,0,0,0,6,6,0,2,2,2,0,0,0,6,5,1,2,2,0,0,2
53407500,0,,,1736,916,820,283,141,142,1432,761,671,1161,633,528,1393,735,658,1364,722,642,271,128,143,94,38,56,23,8,15,5,0,5,33,22,11,797,797,335,204,120,88,33,9,8,440,383,57,87,193,67,48,43
53407501,0,,,1168,622,546,202,109,93,961,511,450,847,450,397,932,497,435,903,487,416,114,61,53,35,19,16,7,2,5,0,0,0,35,17,18,530,530,209,139,90,61,24,4,3,307,280,27,64,79,60,15,21
53407502,0,,,472,265,207,58,30,28,413,235,178,314,192,122,402,230,172,393,227,166,99,43,56,49,19,30,17,6,11,0,0,0,20,16,4,220,220,104,43,33,23,13,2,2,112,87,25,11,66,40,10,11
53407510,0,,,431,231,200,26,12,14,401,215,186,230,130,100,394,209,185,390,206,184,171,85,86,102,41,61,32,7,25,3,0,3,9,1,8,175,172,79,47,27,10,4,4,1,91,73,18,8,61,16,21,13
53407511,0,,,782,456,326,69,40,29,654,387,267,555,339,216,639,378,261,635,374,261,99,48,51,28,11,17,5,1,4,0,0,0,13,7,6,459,459,280,86,58,24,7,3,1,167,143,24,34,74,73,20,14
53407512,0,,,70,37,33,10,5,5,60,32,28,31,15,16,60,32,28,60,32,28,29,17,12,11,5,6,3,2,1,1,1,0,1,0,1,26,26,3,12,4,4,3,0,0,23,19,4,3,18,0,2,4
53407520,0,,,139,77,62,15,8,7,124,69,55,70,40,30,121,68,53,120,67,53,54,29,25,27,14,13,7,4,3,1,0,1,0,0,0,49,49,10,14,10,9,3,1,2,38,25,13,4,36,0,8,7
53407521,0,,,459,233,226,50,27,23,406,204,202,234,122,112,398,200,198,392,196,196,172,82,90,70,24,46,23,2,21,1,0,1,3,1,2,168,168,38,48,43,18,8,8,5,127,89,38,17,112,5,15,27
53407522,0,,,580,325,255,51,27,24,517,291,226,332,200,132,499,280,219,490,275,215,185,91,94,77,38,39,15,6,9,0,0,0,2,0,2,280,279,138,65,32,25,10,5,4,139,110,29,10,128,20,37,32
53407530,0,,,900,446,454,121,59,62,773,384,389,464,235,229,755,374,381,741,368,373,309,149,160,130,58,72,33,10,23,2,0,2,3,0,3,340,340,76,117,67,37,26,12,5,257,205,52,32,199,5,40,60
53407531,0,,,713,363,350,97,49,48,611,312,299,447,240,207,594,303,291,583,297,286,164,72,92,87,37,50,35,11,24,0,0,0,8,3,5,276,276,74,75,56,50,10,8,3,198,163,35,27,117,9,27,24
53407532,0,,,528,274,254,93,41,52,428,229,199,317,178,139,407,218,189,397,210,187,111,51,60,40,17,23,9,5,4,2,2,0,4,2,2,194,194,48,55,37,29,12,10,3,144,117,27,22,75,7,15,20
53407540,0,,,1753,908,845,217,117,100,1510,777,733,988,536,452,1468,758,710,1440,747,693,522,241,281,205,95,110,34,12,22,3,1,2,18,7,11,798,798,282,259,125,97,25,7,3,503,446,57,68,345,56,82,129
53407541,0,,,1438,743,695,134,61,73,1231,647,584,829,456,373,1199,632,567,1170,610,560,402,191,211,163,76,87,36,15,21,1,0,1,25,9,16,707,707,302,208,103,69,18,6,1,399,356,43,39,277,40,77,89
53407542,0,,,1120,624,496,116,62,54,977,546,431,663,387,276,951,533,418,932,522,410,314,159,155,130,64,66,23,10,13,1,0,1,30,20,10,520,520,202,144,98,51,19,5,1,314,280,34,37,208,56,34,68
53407543,0,,,821,451,370,110,51,59,691,387,304,534,316,218,632,337,295,612,323,289,157,71,86,69,30,39,15,7,8,1,0,1,12,3,9,380,379,168,110,43,39,13,4,2,201,178,23,34,118,28,36,25
53407544,0,,,217,96,121,51,25,26,166,71,95,129,54,75,153,62,91,147,60,87,37,17,20,16,6,10,5,2,3,1,0,1,3,2,1,79,79,17,24,13,15,7,3,0,62,58,4,13,27,0,9,6
53407550,0,,,2683,1356,1327,285,139,146,2317,1164,1153,1402,774,628,2263,1141,1122,2226,1121,1105,915,390,525,542,209,333,205,54,151,28,6,22,36,6,30,1169,1164,508,296,184,111,38,18,9,642,543,99,80,484,66,134,134
53407551,0,,,2074,1136,938,229,113,116,1745,964,781,1278,745,533,1693,939,754,1660,925,735,467,219,248,213,95,118,36,18,18,2,1,1,65,20,45,1110,1109,616,226,138,77,36,12,4,486,431,55,63,322,123,98,85
53407552,0,,,2878,1547,1331,325,170,155,2430,1309,1121,1676,949,727,2378,1281,1097,2333,1254,1079,754,360,394,301,122,179,95,23,72,6,2,4,46,12,34,1238,1230,573,307,187,101,46,10,6,643,577,66,110,366,123,110,106
53407553,0,,,1244,652,592,117,56,61,1119,592,527,763,427,336,1095,580,515,1076,569,507,356,165,191,161,65,96,42,15,27,5,0,5,35,26,9,530,529,208,144,97,51,17,7,5,313,259,54,45,214,55,59,50
53407554,0,,,126,70,56,11,4,7,115,66,49,76,44,32,113,64,49,111,62,49,39,22,17,18,8,10,8,4,4,0,0,0,3,3,0,47,47,13,11,12,3,6,1,1,34,27,7,4,26,2,8,2
53407560,0,,,1601,842,759,212,126,86,1310,677,633,1002,535,467,1260,643,617,1230,624,606,308,142,166,145,60,85,45,16,29,3,1,2,15,5,10,770,769,372,163,104,83,33,9,5,391,338,53,57,207,85,58,59
53407561,0,,,3804,1925,1879,649,334,315,3051,1533,1518,2160,1116,1044,2912,1455,1457,2846,1418,1428,891,417,474,348,170,178,47,17,30,5,2,3,53,34,19,1599,1599,505,465,293,237,71,15,13,1073,993,80,149,587,80,141,206
53407562,0,,,4976,2554,2422,799,401,398,4102,2117,1985,3001,1571,1430,3950,2044,1906,3880,2014,1866,1101,546,555,400,201,199,56,21,35,2,0,2,87,35,52,2053,2050,589,640,396,278,119,19,9,1442,1323,119,263,718,99,153,265
53407563,0,,,999,528,471,115,52,63,816,420,396,604,317,287,795,409,386,784,404,380,212,103,109,98,40,58,27,6,21,0,0,0,14,5,9,474,471,199,136,65,45,18,4,4,261,234,27,34,157,17,55,37
53407570,0,,,1039,536,503,160,80,80,835,433,402,605,331,274,808,418,390,792,408,384,230,102,128,113,42,71,40,7,33,7,0,7,11,9,2,440,437,171,118,60,54,29,4,1,265,242,23,39,114,29,13,48
53407571,0,,,3940,1989,1951,623,326,297,3265,1636,1629,2303,1162,1141,3132,1569,1563,3068,1536,1532,962,474,488,263,119,144,49,12,37,1,0,1,15,6,9,1566,1566,390,515,302,238,83,24,14,1165,1052,113,154,644,48,131,245
53407572,0,,,3010,1609,1401,477,220,257,2486,1365,1121,1863,1050,813,2389,1315,1074,2276,1235,1041,623,315,308,270,121,149,98,25,73,9,0,9,36,13,23,1282,1279,516,319,206,155,61,15,7,757,698,59,138,333,172,75,117
53407573,0,,,213,120,93,27,17,10,185,102,83,115,72,43,178,97,81,169,91,78,70,30,40,23,9,14,4,1,3,1,0,1,4,2,2,84,82,26,25,12,8,6,4,1,55,45,10,8,47,1,13,14
53407580,0,,,177,88,89,31,12,19,146,76,70,99,56,43,144,75,69,142,73,69,47,20,27,26,13,13,6,2,4,1,0,1,0,0,0,61,61,10,17,16,10,5,2,1,50,39,11,5,31,0,4,6
53407581,0,,,1012,509,503,205,95,110,793,404,389,604,311,293,759,391,368,741,381,360,189,93,96,72,32,40,20,9,11,1,0,1,6,3,3,352,352,72,87,75,72,33,7,6,277,235,42,66,129,4,25,33
53407582,0,,,332,173,159,43,19,24,289,154,135,180,98,82,288,154,134,280,149,131,109,56,53,47,20,27,16,5,11,3,1,2,0,0,0,117,117,31,23,29,19,6,5,4,86,58,28,12,72,2,18,11
53407590,0,,,194,100,94,18,13,5,175,87,88,115,60,55,171,86,85,168,83,85,60,27,33,29,13,16,8,3,5,0,0,0,0,0,0,65,65,9,18,16,12,7,3,0,55,39,16,3,36,1,5,7
53407591,0,,,508,245,263,103,44,59,405,201,204,274,141,133,384,192,192,379,189,190,131,60,71,64,30,34,12,6,6,0,0,0,4,0,4,169,169,19,59,36,29,15,6,5,148,127,21,27,88,0,13,33
53407592,0,,,292,141,151,19,8,11,273,133,140,150,77,73,260,124,136,255,123,132,123,56,67,56,20,36,18,4,14,1,0,1,1,0,1,103,103,16,36,25,13,5,5,3,86,64,22,3,78,0,12,23
