KEY_CODE,HTKSYORI,HTKSAKI,GASSAN,T001140001,T001140002,T001140003,T001140004,T001140005,T001140006,T001140007,T001140008,T001140009,T001140010,T001140011,T001140012,T001140013,T001140014,T001140015,T001140016,T001140017,T001140018,T001140019,T001140020,T001140021,T001140022,T001140023,T001140024,T001140025,T001140026,T001140027,T001140028,T001140029,T001140030,T001140031,T001140032,T001140033,T001140034,T001140035,T001140036,T001140037,T001140038,T001140039,T001140040,T001140041,T001140042,T001140043,T001140044,T001140045,T001140046,T001140047,T001140048,T001140049,T001140050
,,,,Å@êlå˚ÅiëçêîÅj,Å@êlå˚ÅiëçêîÅjÅ@íj,Å@êlå˚ÅiëçêîÅjÅ@èó,Å@ÇOÅ`ÇPÇSçŒêlå˚Å@ëçêî,Å@ÇOÅ`ÇPÇSçŒêlå˚Å@íj,Å@ÇOÅ`ÇPÇSçŒêlå˚Å@èó,Å@ÇPÇTçŒà»è„êlå˚Å@ëçêî,Å@ÇPÇTçŒà»è„êlå˚Å@íj,Å@ÇPÇTçŒà»è„êlå˚Å@èó,Å@ÇPÇTÅ`ÇUÇSçŒêlå˚Å@ëçêî,Å@ÇPÇTÅ`ÇUÇSçŒêlå˚Å@íj,Å@ÇPÇTÅ`ÇUÇSçŒêlå˚Å@èó,Å@ÇPÇWçŒà»è„êlå˚Å@ëçêî,Å@ÇPÇWçŒà»è„êlå˚Å@íj,Å@ÇPÇWçŒà»è„êlå˚Å@èó,Å@ÇQÇOçŒà»è„êlå˚Å@ëçêî,Å@ÇQÇOçŒà»è„êlå˚Å@íj,Å@ÇQÇOçŒà»è„êlå˚Å@èó,Å@ÇUÇTçŒà»è„êlå˚Å@ëçêî,Å@ÇUÇTçŒà»è„êlå˚Å@íj,Å@ÇUÇTçŒà»è„êlå˚Å@èó,Å@ÇVÇTçŒà»è„êlå˚Å@ëçêî,Å@ÇVÇTçŒà»è„êlå˚Å@íj,Å@ÇVÇTçŒà»è„êlå˚Å@èó,Å@ÇWÇTçŒà»è„êlå˚Å@ëçêî,Å@ÇWÇTçŒà»è„êlå˚Å@íj,Å@ÇWÇTçŒà»è„êlå˚Å@èó,Å@ÇXÇTçŒà»è„êlå˚Å@ëçêî,Å@ÇXÇTçŒà»è„êlå˚Å@íj,Å@ÇXÇTçŒà»è„êlå˚Å@èó,Å@äOçëêlêlå˚Å@ëçêî,Å@äOçëêlêlå˚Å@íj,Å@äOçëêlêlå˚Å@èó,Å@ê¢ë—ëçêî,Å@àÍî ê¢ë—êî,Å@ÇPêlê¢ë—êîÅ@àÍî ê¢ë—êî,Å@ÇQêlê¢ë—êîÅ@àÍî ê¢ë—êî,Å@ÇRêlê¢ë—êîÅ@àÍî ê¢ë—êî,Å@ÇSêlê¢ë—êîÅ@àÍî ê¢ë—êî,Å@ÇTêlê¢ë—êîÅ@àÍî ê¢ë—êî,Å@ÇUêlê¢ë—êîÅ@àÍî ê¢ë—êî,Å@ÇVêlà»è„ê¢ë—êîÅ@àÍî ê¢ë—êî,Å@êeë∞ÇÃÇ›ÇÃê¢ë—êîÅ@àÍî ê¢ë—êî,Å@äjâ∆ë∞ê¢ë—êîÅ@àÍî ê¢ë—êî,Å@äjâ∆ë∞à»äOÇÃê¢ë—êîÅ@àÍî ê¢ë—êî,Å@ÇUçŒñ¢ñûê¢ë—àıÇÃÇ¢ÇÈê¢ë—êîÅ@àÍî ê¢ë—êî,Å@ÇUÇTçŒà»è„ê¢ë—àıÇÃÇ¢ÇÈê¢ë—êîÅ@àÍî ê¢ë—êî,Å@ê¢ë—éÂÇÃîNóÓÇ™ÇQÇOÅ`ÇQÇXçŒÇÃÇPêlê¢ë—êîÅ@àÍî ê¢ë—êî,Å@çÇóÓíPêgê¢ë—êîÅ@àÍî ê¢ë—êî,Å@çÇóÓïvïwê¢ë—êîÅ@àÍî ê¢ë—êî
55400000,0,,,153,76,77,7,3,4,146,73,73,78,42,36,145,72,73,144,72,72,68,31,37,33,13,20,10,3,7,1,0,1,0,0,0,53,53,10,14,12,10,4,2,1,43,25,18,2,43,0,6,5
55400001,0,,,189,88,101,11,8,3,178,80,98,102,46,56,175,80,95,170,77,93,76,34,42,28,11,17,12,4,8,0,0,0,0,0,0,61,61,6,20,17,5,7,5,1,54,34,20,1,46,0,5,8
55400002,0,,,77,41,36,7,6,1,70,35,35,36,20,16,67,32,35,66,32,34,34,15,19,18,6,12,6,1,5,0,0,0,0,0,0,24,24,1,6,9,5,2,0,1,23,15,8,1,19,0,1,4
55400003,0,,,170,83,87,15,8,7,155,75,80,89,44,45,152,73,79,149,72,77,66,31,35,28,10,18,11,3,8,0,0,0,0,0,0,54,54,5,21,11,4,5,7,1,48,32,16,6,40,0,5,12
55400004,0,,,101,47,54,14,7,7,87,40,47,56,26,30,82,36,46,81,36,45,31,14,17,12,2,10,4,0,4,0,0,0,1,0,1,40,40,6,18,8,6,1,1,0,33,27,6,3,21,0,3,10
55400005,0,,,113,61,52,13,6,7,100,55,45,58,33,25,100,55,45,100,55,45,42,22,20,21,12,9,6,3,3,0,0,0,0,0,0,34,34,3,10,5,10,2,3,1,31,19,12,2,26,0,1,5
55400006,0,,,65,35,30,5,2,3,60,33,27,50,29,21,53,29,24,52,29,23,10,4,6,4,1,3,1,0,1,0,0,0,0,0,0,12,9,1,1,0,3,1,1,2,8,2,6,0,6,0,1,0
55400007,0,,,209,131,78,18,14,4,191,117,74,149,97,52,181,109,72,179,108,71,42,20,22,22,6,16,10,0,10,1,0,1,1,1,0,44,37,11,9,10,6,0,1,0,26,17,9,1,26,0,6,1
55400008,0,,,405,207,198,73,41,32,332,166,166,223,117,106,320,158,162,315,155,160,109,49,60,49,16,33,16,6,10,0,0,0,4,2,2,165,165,52,44,30,23,14,1,1,112,94,18,10,77,0,26,20
55400009,0,,,286,152,134,15,7,8,271,145,126,148,85,63,267,143,124,261,139,122,123,60,63,61,30,31,17,10,7,1,1,0,4,1,3,123,123,41,40,18,14,5,5,0,82,67,15,6,81,1,22,25
55400010,0,,,133,68,65,8,4,4,125,64,61,76,43,33,125,64,61,124,63,61,49,21,28,20,9,11,5,2,3,0,0,0,0,0,0,49,49,6,18,13,9,2,1,0,40,33,7,0,33,0,5,6
55400011,0,,,108,52,56,6,3,3,102,49,53,55,30,25,101,49,52,99,49,50,47,19,28,26,9,17,10,3,7,0,0,0,0,0,0,37,37,7,9,12,5,1,2,1,30,17,13,0,31,0,6,4
55400012,0,,,77,39,38,15,7,8,62,32,30,40,21,19,61,31,30,60,30,30,22,11,11,14,6,8,8,3,5,0,0,0,0,0,0,25,25,4,7,4,5,4,0,1,21,14,7,3,15,0,3,3
55400013,0,,,57,28,29,9,5,4,48,23,25,28,14,14,48,23,25,48,23,25,20,9,11,8,3,5,3,0,3,1,0,1,0,0,0,17,17,3,3,5,3,0,1,2,14,9,5,1,12,0,2,2
55400014,0,,,150,74,76,10,4,6,140,70,70,104,57,47,140,70,70,138,69,69,36,13,23,17,4,13,7,1,6,0,0,0,1,0,1,52,52,10,13,11,13,3,0,2,42,28,14,4,26,0,5,2
55400015,0,,,19,6,13,3,0,3,16,6,10,10,5,5,16,6,10,16,6,10,6,1,5,4,0,4,1,0,1,0,0,0,0,0,0,9,9,4,3,0,1,1,0,0,5,4,1,1,5,1,3,1
55400016,0,,,202,99,103,15,9,6,187,90,97,118,54,64,183,88,95,182,88,94,69,36,33,26,9,17,12,3,9,0,0,0,1,1,0,72,72,11,23,19,11,5,2,1,59,45,14,4,47,0,9,9
55400017,0,,,188,93,95,27,16,11,161,77,84,96,46,50,157,75,82,156,75,81,65,31,34,24,9,15,8,3,5,1,0,1,0,0,0,67,67,12,25,17,4,3,2,4,55,42,13,7,43,0,6,10
55400018,0,,,115,54,61,8,2,6,107,52,55,48,23,25,105,52,53,104,51,53,59,29,30,26,11,15,15,5,10,0,0,0,0,0,0,48,48,11,17,10,10,0,0,0,37,30,7,1,34,0,7,11
55400019,0,,,111,53,58,12,7,5,99,46,53,52,25,27,98,46,52,97,46,51,47,21,26,28,13,15,5,1,4,1,1,0,0,0,0,43,43,8,19,8,2,4,1,1,35,25,10,0,29,0,7,12
55400020,0,,,253,135,118,30,16,14,223,119,104,143,81,62,214,114,100,213,113,100,80,38,42,37,14,23,12,3,9,2,0,2,0,0,0,86,86,14,28,15,17,6,4,2,71,51,20,8,47,1,4,11
55400021,0,,,113,58,55,15,9,6,98,49,49,54,31,23,95,47,48,93,46,47,44,18,26,23,9,14,4,0,4,0,0,0,0,0,0,39,39,6,15,7,4,4,2,1,33,24,9,3,28,0,5,6
55400022,0,,,334,162,172,12,4,8,322,158,164,181,100,81,312,152,160,309,149,160,141,58,83,81,26,55,33,2,31,7,0,7,0,0,0,36,29,5,7,6,8,1,2,0,24,16,8,3,17,0,2,4
55400023,0,,,27,13,14,1,0,1,26,13,13,11,7,4,25,13,12,25,13,12,15,6,9,8,4,4,4,1,3,0,0,0,0,0,0,8,8,0,2,2,3,1,0,0,8,5,3,0,6,0,0,2
55400024,0,,,76,37,39,5,3,2,71,34,37,42,22,20,67,32,35,64,31,33,29,12,17,18,5,13,5,1,4,0,0,0,0,0,0,26,26,5,6,5,6,4,0,0,21,11,10,2,20,0,4,3
55400025,0,,,282,115,167,12,4,8,270,111,159,111,50,61,267,110,157,264,108,156,159,61,98,108,33,75,66,15,51,12,1,11,0,0,0,77,75,13,26,19,10,3,3,1,61,51,10,3,55,0,12,11
55400026,0,,,140,68,72,14,5,9,126,63,63,78,36,42,123,63,60,121,63,58,48,27,21,19,12,7,6,4,2,1,1,0,1,0,1,55,55,12,19,14,5,3,1,1,42,33,9,3,33,1,8,5
55400027,0,,,63,30,33,6,1,5,57,29,28,38,19,19,57,29,28,57,29,28,19,10,9,9,4,5,2,0,2,0,0,0,0,0,0,21,21,5,3,5,5,2,0,1,15,9,6,1,13,0,2,1
55400028,0,,,172,93,79,16,7,9,156,86,70,90,51,39,155,85,70,154,84,70,66,35,31,33,15,18,12,3,9,0,0,0,0,0,0,61,61,14,16,14,7,6,2,2,47,26,21,5,46,0,8,9
55400029,0,,,106,48,58,7,3,4,99,45,54,45,22,23,97,44,53,95,42,53,54,23,31,21,7,14,11,4,7,1,0,1,1,1,0,37,37,9,11,5,4,6,1,1,28,15,13,0,31,0,6,7
55400030,0,,,158,77,81,16,12,4,142,65,77,97,45,52,139,64,75,136,62,74,45,20,25,21,10,11,8,3,5,0,0,0,1,1,0,54,54,7,18,11,13,3,1,1,46,38,8,4,28,0,3,7
55400031,0,,,68,31,37,6,1,5,61,29,32,40,18,22,58,28,30,56,27,29,21,11,10,10,4,6,4,2,2,0,0,0,0,0,0,23,23,7,6,2,3,1,2,2,16,9,7,2,12,1,0,5
55400033,0,,,31,13,18,0,0,0,31,13,18,17,7,10,30,12,18,30,12,18,14,6,8,7,1,6,6,1,5,2,0,2,0,0,0,13,13,3,4,5,0,1,0,0,10,6,4,0,9,0,2,1
55400034,0,,,193,98,95,17,7,10,176,91,85,97,53,44,170,89,81,168,88,80,79,38,41,37,18,19,16,9,7,0,0,0,1,0,1,65,65,10,19,16,8,8,3,1,53,35,18,4,47,0,4,12
55400035,0,,,193,101,92,21,15,6,172,86,86,87,47,40,166,83,83,165,82,83,85,39,46,29,10,19,16,4,12,1,0,1,2,1,1,67,67,11,20,18,8,6,2,2,56,38,18,3,54,0,9,10
55400036,0,,,22,12,10,3,2,1,19,10,9,15,8,7,18,9,9,17,8,9,4,2,2,1,1,0,1,1,0,0,0,0,0,0,0,8,8,1,3,1,3,0,0,0,7,6,1,1,3,0,1,1
55400037,0,,,168,91,77,23,13,10,145,78,67,88,48,40,142,76,66,138,75,63,57,30,27,22,10,12,12,5,7,0,0,0,1,0,1,53,53,7,20,7,8,4,1,6,46,28,18,4,37,0,5,9
55400038,0,,,114,56,58,12,8,4,102,48,54,47,28,19,99,47,52,96,44,52,55,20,35,36,10,26,18,0,18,3,0,3,0,0,0,34,33,9,6,9,2,3,3,1,24,14,10,3,26,0,7,2
55400039,1,,55400049,19,6,13,0,0,0,22,8,14,15,6,9,22,8,14,21,8,13,7,2,5,6,1,5,1,0,1,0,0,0,0,0,0,7,7,4,1,1,2,1,0,0,5,4,1,0,6,0,4,0
55400040,0,,,18,7,11,2,0,2,16,7,9,9,4,5,16,7,9,16,7,9,7,3,4,4,1,3,2,0,2,0,0,0,0,0,0,8,8,3,1,3,1,0,0,0,5,3,2,0,5,0,2,1
55400041,2,55400051,,5,4,1,*,*,*,*,*,*,*,*,*,*,*,*,*,*,*,*,*,*,*,*,*,*,*,*,*,*,*,*,*,*,3,3,*,*,*,*,*,*,*,*,*,*,*,*,*,*,*
55400042,0,,,43,20,23,0,0,0,43,20,23,18,9,9,43,20,23,43,20,23,25,11,14,15,7,8,10,3,7,3,0,3,0,0,0,16,16,2,7,3,2,2,0,0,14,8,6,0,12,0,1,3
55400043,0,,,192,96,96,24,13,11,168,83,85,89,49,40,163,81,82,161,80,81,79,34,45,35,15,20,14,6,8,0,0,0,0,0,0,56,56,6,14,13,11,2,6,4,50,27,23,4,48,1,4,10
55400044,0,,,59,31,28,1,1,0,58,30,28,43,22,21,58,30,28,56,30,26,15,8,7,10,4,6,1,1,0,0,0,0,0,0,0,16,15,5,4,2,4,0,0,0,10,7,3,0,11,0,3,1
55400045,0,,,16,9,7,2,1,1,14,8,6,7,4,3,14,8,6,14,8,6,7,4,3,3,2,1,2,1,1,1,1,0,0,0,0,5,5,1,1,2,0,0,0,1,4,2,2,1,3,0,0,1
55400046,0,,,135,73,62,15,7,8,120,66,54,62,40,22,116,63,53,116,63,53,58,26,32,31,13,18,15,5,10,1,0,1,1,1,0,43,43,7,15,6,8,1,1,5,36,25,11,4,33,1,3,11
55400047,1,,55400057,130,63,67,16,10,6,117,55,62,66,32,34,112,53,59,111,52,59,51,23,28,24,9,15,15,6,9,0,0,0,1,0,1,44,44,9,15,10,4,3,2,3,37,26,11,0,34,0,5,9
55400048,0,,,76,43,33,7,3,4,69,40,29,43,25,18,68,39,29,66,37,29,26,15,11,10,6,4,5,3,2,0,0,0,0,0,0,26,26,3,8,8,5,1,0,1,23,14,9,2,17,0,3,2
55400049,2,55400039,,3,2,1,*,*,*,*,*,*,*,*,*,*,*,*,*,*,*,*,*,*,*,*,*,*,*,*,*,*,*,*,*,*,2,2,*,*,*,*,*,*,*,*,*,*,*,*,*,*,*
55400050,0,,,49,23,26,2,1,1,47,22,25,26,13,13,47,22,25,46,21,25,21,9,12,10,3,7,3,1,2,0,0,0,0,0,0,13,13,1,3,3,1,2,2,1,12,5,7,2,11,0,1,2
55400051,1,,55400041,277,142,135,27,13,14,255,133,122,148,86,62,248,129,119,245,127,118,107,47,60,53,21,32,18,3,15,2,0,2,1,1,0,96,96,17,30,24,15,8,3,2,82,55,27,6,68,0,9,16
55400052,0,,,453,234,219,39,20,19,412,212,200,233,124,109,398,206,192,390,200,190,179,88,91,86,38,48,30,9,21,2,0,2,2,0,2,173,173,40,59,26,31,10,6,1,130,101,29,10,116,0,31,31
55400053,0,,,168,82,86,13,9,4,155,73,82,82,42,40,154,72,82,152,71,81,73,31,42,37,14,23,15,3,12,0,0,0,0,0,0,53,53,6,17,10,12,1,5,2,46,28,18,3,45,0,4,9
55400054,0,,,14,8,6,1,1,0,13,7,6,6,3,3,11,6,5,11,6,5,7,4,3,2,1,1,1,1,0,0,0,0,0,0,0,4,4,1,0,1,0,2,0,0,3,0,3,0,4,0,1,0
55400055,0,,,156,82,74,13,9,4,143,73,70,78,43,35,139,70,69,137,69,68,65,30,35,28,13,15,11,6,5,1,0,1,0,0,0,52,52,7,19,14,3,5,0,4,45,32,13,2,42,0,5,10
55400056,0,,,76,39,37,9,5,4,67,34,33,33,17,16,66,34,32,65,33,32,34,17,17,16,7,9,7,3,4,0,0,0,0,0,0,27,27,4,8,6,7,2,0,0,23,17,6,1,23,0,4,6
55400057,2,55400047,,3,2,1,*,*,*,*,*,*,*,*,*,*,*,*,*,*,*,*,*,*,*,*,*,*,*,*,*,*,*,*,*,*,2,2,*,*,*,*,*,*,*,*,*,*,*,*,*,*,*
55400058,0,,,62,33,29,3,2,1,59,31,28,38,22,16,58,30,28,56,28,28,21,9,12,9,2,7,4,0,4,0,0,0,0,0,0,22,22,3,5,8,5,1,0,0,19,12,7,1,13,0,1,2
55400059,0,,,15,9,6,0,0,0,15,9,6,6,4,2,15,9,6,15,9,6,9,5,4,4,2,2,1,1,0,0,0,0,0,0,0,5,5,0,1,3,1,0,0,0,5,4,1,0,5,0,0,0
55400060,0,,,253,133,120,39,22,17,214,111,103,135,75,60,204,107,97,203,107,96,79,36,43,36,15,21,9,4,5,1,1,0,0,0,0,99,98,25,32,19,12,8,0,2,72,59,13,5,49,2,9,14
55400061,0,,,724,367,357,83,46,37,640,321,319,385,198,187,620,311,309,612,309,303,255,123,132,137,58,79,55,19,36,4,1,3,4,4,0,290,287,76,96,62,29,14,6,4,203,155,48,22,162,18,27,36
55400062,0,,,1122,545,577,114,54,60,997,485,512,577,302,275,971,472,499,955,460,495,420,183,237,206,73,133,88,26,62,11,0,11,5,2,3,453,452,127,146,93,47,29,8,2,317,276,41,35,267,8,75,66
55400063,0,,,1727,1613,114,75,40,35,1652,1573,79,1518,1447,71,1651,1572,79,1651,1572,79,134,126,8,30,27,3,5,3,2,0,0,0,6,6,0,181,172,103,20,18,25,5,0,1,69,66,3,32,11,29,4,2
55400064,0,,,85,44,41,11,7,4,74,37,37,48,25,23,70,34,36,69,33,36,26,12,14,15,4,11,3,1,2,1,0,1,0,0,0,30,30,5,8,9,3,5,0,0,25,18,7,3,19,0,4,3
55400065,0,,,169,81,88,19,8,11,150,73,77,72,31,41,147,71,76,144,71,73,78,42,36,33,14,19,16,5,11,3,1,2,0,0,0,60,60,14,19,10,8,4,2,3,45,33,12,2,48,0,11,15
55400066,0,,,49,38,11,1,1,0,48,37,11,42,34,8,47,37,10,44,34,10,6,3,3,3,1,2,1,0,1,0,0,0,10,10,0,39,39,35,1,1,1,1,0,0,4,4,0,0,3,18,0,0
55400067,0,,,37,21,16,0,0,0,37,21,16,21,12,9,37,21,16,36,20,16,16,9,7,5,3,2,1,1,0,0,0,0,0,0,0,14,14,2,5,4,2,1,0,0,12,8,4,0,11,0,2,3
55400068,0,,,113,55,58,10,4,6,103,51,52,58,32,26,99,49,50,97,48,49,45,19,26,17,7,10,9,2,7,0,0,0,0,0,0,36,36,4,12,9,4,1,5,1,32,21,11,5,24,0,2,7
55400069,0,,,13,6,7,1,0,1,12,6,6,5,2,3,12,6,6,12,6,6,7,4,3,2,1,1,0,0,0,0,0,0,1,0,1,5,5,1,1,2,1,0,0,0,4,3,1,0,5,0,1,1
55400070,0,,,46,22,24,5,2,3,41,20,21,23,11,12,41,20,21,40,20,20,18,9,9,9,4,5,2,1,1,0,0,0,1,0,1,19,19,3,10,3,2,0,1,0,16,15,1,2,12,0,2,5
55400071,0,,,217,111,106,26,13,13,189,96,93,122,62,60,183,93,90,179,92,87,67,34,33,32,16,16,10,5,5,0,0,0,5,0,5,76,76,19,21,12,13,4,4,3,56,39,17,4,43,4,4,12
55400072,0,,,559,274,285,86,40,46,473,234,239,313,162,151,451,219,232,438,211,227,160,72,88,89,40,49,28,14,14,2,1,1,4,2,2,216,212,52,68,52,31,4,4,1,159,143,16,17,103,3,29,25
55400073,0,,,18,9,9,1,1,0,17,8,9,9,3,6,16,7,9,16,7,9,8,5,3,7,4,3,2,1,1,0,0,0,1,0,1,8,8,4,1,0,3,0,0,0,4,3,1,0,7,0,4,1
55400074,0,,,182,96,86,17,8,9,165,88,77,105,60,45,159,86,73,158,85,73,60,28,32,20,7,13,12,3,9,1,0,1,0,0,0,61,61,6,17,22,12,3,0,1,55,41,14,6,40,0,3,9
55400075,0,,,37,21,16,3,2,1,34,19,15,18,11,7,34,19,15,33,18,15,16,8,8,9,5,4,3,1,2,0,0,0,0,0,0,13,13,2,6,1,1,2,1,0,11,8,3,2,9,0,0,5
55400076,0,,,110,56,54,7,2,5,103,54,49,57,28,29,103,54,49,102,53,49,46,26,20,25,13,12,16,10,6,2,2,0,0,0,0,39,39,7,15,4,7,3,3,0,32,18,14,2,31,0,6,5
55400077,0,,,130,64,66,14,5,9,116,59,57,74,39,35,111,57,54,106,55,51,42,20,22,12,5,7,6,3,3,2,1,1,1,0,1,40,40,9,13,5,3,3,1,6,31,19,12,3,27,0,5,6
55400078,0,,,22,10,12,2,1,1,20,9,11,14,8,6,20,9,11,20,9,11,6,1,5,2,0,2,1,0,1,0,0,0,0,0,0,9,9,3,2,2,1,1,0,0,6,3,3,0,5,0,1,1
55400079,0,,,13,8,5,0,0,0,13,8,5,5,4,1,13,8,5,12,8,4,8,4,4,5,2,3,2,1,1,0,0,0,0,0,0,6,6,3,0,2,1,0,0,0,3,2,1,0,5,0,2,0
55400080,0,,,145,65,80,18,8,10,127,57,70,72,30,42,125,55,70,123,54,69,55,27,28,20,8,12,7,2,5,1,1,0,1,0,1,48,48,9,14,7,11,2,3,2,39,27,12,5,36,0,8,9
55400081,0,,,60,30,30,8,3,5,52,27,25,35,17,18,47,25,22,47,25,22,17,10,7,8,4,4,2,1,1,1,0,1,0,0,0,20,20,6,2,6,3,0,1,2,14,10,4,3,12,0,3,2
55400082,0,,,624,315,309,65,27,38,557,287,270,288,154,134,547,283,264,539,277,262,269,133,136,142,73,69,20,9,11,2,2,0,5,1,4,284,284,77,121,48,29,9,0,0,204,192,12,21,168,2,41,78
55400083,0,,,144,73,71,18,10,8,126,63,63,67,35,32,124,62,62,122,62,60,59,28,31,26,11,15,16,5,11,3,0,3,0,0,0,52,52,8,19,11,7,5,2,0,44,29,15,2,41,0,8,15
55400084,0,,,11,6,5,0,0,0,11,6,5,2,1,1,11,6,5,11,6,5,9,5,4,4,3,1,3,2,1,0,0,0,0,0,0,4,4,0,1,3,0,0,0,0,4,3,1,0,4,0,0,1
55400085,0,,,85,46,39,8,4,4,77,42,35,44,25,19,76,41,35,75,40,35,33,17,16,20,7,13,9,4,5,0,0,0,0,0,0,33,33,7,15,2,5,2,2,0,26,18,8,2,25,0,3,4
55400086,0,,,119,58,61,16,9,7,103,49,54,66,34,32,94,44,50,89,42,47,37,15,22,16,6,10,6,1,5,1,0,1,0,0,0,35,35,5,7,6,9,3,4,1,30,21,9,4,22,0,2,5
55400087,1,,55400088,50,22,28,6,3,3,45,20,25,30,15,15,44,20,24,42,19,23,15,5,10,6,0,6,3,0,3,0,0,0,2,0,2,16,16,5,3,2,4,2,0,1,12,7,5,0,10,0,1,3
55400088,2,55400087,,1,1,0,*,*,*,*,*,*,*,*,*,*,*,*,*,*,*,*,*,*,*,*,*,*,*,*,*,*,*,*,*,*,1,1,*,*,*,*,*,*,*,*,*,*,*,*,*,*,*
55400089,0,,,30,18,12,0,0,0,30,18,12,18,11,7,30,18,12,29,17,12,12,7,5,9,5,4,5,3,2,0,0,0,0,0,0,11,11,1,6,0,3,1,0,0,10,8,2,0,8,0,1,2
55400090,0,,,238,122,116,16,7,9,222,115,107,108,61,47,218,112,106,217,111,106,114,54,60,44,24,20,16,8,8,1,0,1,0,0,0,105,105,18,60,15,8,2,1,1,85,73,12,6,67,0,8,35
55400091,0,,,139,72,67,13,7,6,124,64,60,69,36,33,118,60,58,114,57,57,55,28,27,27,14,13,3,1,2,0,0,0,0,0,0,60,60,13,28,9,7,3,0,0,45,43,2,3,33,1,7,17
55400092,0,,,258,121,137,25,9,16,232,112,120,115,59,56,225,109,116,224,108,116,117,53,64,61,29,32,14,5,9,1,0,1,1,0,1,96,96,12,45,17,12,3,7,0,81,64,17,5,70,1,6,34
55400093,0,,,63,27,36,8,5,3,55,22,33,32,14,18,55,22,33,53,22,31,23,8,15,11,3,8,4,0,4,0,0,0,1,0,1,20,20,3,4,6,3,2,2,0,17,8,9,0,13,0,2,1
55400094,0,,,40,17,23,2,1,1,38,16,22,15,6,9,38,16,22,38,16,22,23,10,13,12,3,9,7,1,6,2,0,2,0,0,0,15,15,3,6,1,4,0,1,0,12,8,4,0,13,0,3,1
55400095,0,,,61,38,23,4,4,0,57,34,23,33,22,11,57,34,23,57,34,23,24,12,12,9,4,5,3,1,2,0,0,0,0,0,0,19,19,1,3,9,3,3,0,0,18,12,6,0,14,0,1,1
55400096,0,,,46,23,23,9,5,4,37,18,19,21,11,10,36,17,19,36,17,19,16,7,9,4,2,2,1,1,0,0,0,0,0,0,0,14,14,2,3,4,2,1,1,1,12,6,6,2,11,0,2,1
55400097,0,,,75,40,35,6,5,1,69,35,34,43,23,20,67,35,32,65,34,31,26,12,14,14,6,8,7,2,5,0,0,0,0,0,0,26,26,6,7,2,7,3,1,0,20,12,8,1,17,0,3,4
55400098,2,55400099,,3,2,1,*,*,*,*,*,*,*,*,*,*,*,*,*,*,*,*,*,*,*,*,*,*,*,*,*,*,*,*,*,*,2,2,*,*,*,*,*,*,*,*,*,*,*,*,*,*,*
55400099,1,,55400098,119,52,67,7,3,4,115,51,64,61,26,35,111,51,60,109,51,58,54,25,29,28,11,17,14,3,11,1,0,1,0,0,0,39,39,7,12,10,7,2,1,2,34,17,17,1,32,0,1,5
55400100,0,,,142,69,73,4,2,2,138,67,71,86,42,44,135,65,70,131,61,70,52,25,27,28,11,17,8,3,5,0,0,0,10,0,10,57,57,20,10,12,11,2,2,0,37,22,15,2,35,8,6,4
55400101,0,,,109,53,56,10,6,4,99,47,52,55,27,28,98,47,51,98,47,51,44,20,24,23,13,10,3,0,3,0,0,0,1,0,1,47,47,12,20,7,5,2,1,0,35,30,5,2,31,0,9,12
55400102,0,,,307,145,162,27,16,11,280,129,151,146,76,70,272,123,149,268,121,147,134,53,81,79,24,55,39,10,29,9,1,8,1,1,0,116,115,36,33,21,15,7,3,0,79,62,17,6,77,1,26,16
55400103,0,,,258,126,132,28,16,12,230,110,120,146,72,74,224,108,116,215,105,110,84,38,46,43,18,25,15,3,12,2,0,2,0,0,0,90,90,17,24,22,13,10,3,1,73,51,22,8,54,0,12,10
55400104,0,,,52,27,25,28,17,11,24,10,14,16,8,8,20,7,13,17,7,10,8,2,6,7,2,5,2,0,2,0,0,0,0,0,0,8,6,1,1,1,2,0,1,0,5,2,3,0,6,0,1,1
55400105,0,,,37,19,18,2,2,0,35,17,18,17,7,10,35,17,18,35,17,18,18,10,8,6,3,3,4,2,2,0,0,0,0,0,0,16,16,5,4,4,3,0,0,0,11,10,1,1,12,0,4,2
55400106,0,,,34,17,17,1,1,0,33,16,17,18,8,10,32,16,16,32,16,16,15,8,7,9,3,6,4,2,2,0,0,0,0,0,0,12,12,0,6,4,1,0,1,0,12,11,1,0,9,0,0,0
55400107,0,,,30,16,14,3,2,1,27,14,13,15,9,6,26,14,12,25,13,12,12,5,7,7,3,4,5,2,3,0,0,0,0,0,0,8,8,1,1,2,2,0,1,1,7,4,3,0,7,0,0,1
55400108,0,,,54,33,21,3,2,1,51,31,20,28,17,11,50,30,20,50,30,20,23,14,9,10,5,5,4,2,2,1,0,1,0,0,0,20,20,4,7,3,4,1,1,0,16,10,6,1,17,0,4,3
55400109,0,,,41,23,18,2,1,1,39,22,17,22,15,7,39,22,17,37,20,17,17,7,10,8,2,6,6,0,6,2,0,2,0,0,0,18,18,8,3,3,2,2,0,0,10,6,4,1,13,0,5,1
55400110,0,,,17,10,7,2,2,0,15,8,7,7,4,3,14,7,7,14,7,7,8,4,4,4,2,2,1,1,0,1,1,0,0,0,0,7,7,2,1,3,1,0,0,0,5,4,1,2,4,0,1,1
55400111,0,,,447,178,269,15,10,5,432,168,264,128,62,66,431,168,263,427,167,260,304,106,198,225,59,166,139,24,115,19,3,16,5,3,2,69,66,16,23,11,9,5,1,1,49,36,13,1,46,1,11,13
55400112,0,,,206,100,106,17,9,8,189,91,98,104,55,49,186,89,97,184,89,95,85,36,49,41,12,29,21,7,14,0,0,0,0,0,0,74,74,14,22,22,9,1,2,4,60,39,21,6,52,1,7,13
55400113,0,,,349,180,169,37,16,21,312,164,148,178,99,79,303,159,144,297,156,141,134,65,69,50,21,29,20,8,12,1,1,0,4,1,3,130,130,22,45,33,17,9,3,1,108,89,19,7,83,0,16,25
55400117,0,,,28,14,14,4,1,3,24,13,11,11,6,5,24,13,11,24,13,11,13,7,6,7,4,3,2,1,1,1,1,0,0,0,0,9,9,0,4,3,0,1,1,0,9,6,3,2,8,0,0,1
55400118,1,,55400128,67,34,33,1,0,1,76,41,35,41,22,19,75,41,34,74,40,34,35,19,16,13,6,7,10,4,6,0,0,0,0,0,0,25,25,4,13,7,4,2,0,0,26,19,7,1,24,0,1,7
55400119,0,,,18,7,11,1,0,1,17,7,10,11,6,5,16,7,9,16,7,9,6,1,5,5,0,5,3,0,3,0,0,0,0,0,0,7,7,2,3,1,0,0,0,1,5,3,2,0,6,0,2,0
55400120,0,,,32,17,15,3,3,0,29,14,15,17,9,8,28,13,15,27,13,14,12,5,7,4,1,3,2,0,2,1,0,1,1,0,1,12,12,1,5,4,1,1,0,0,11,8,3,1,8,0,1,3
55400121,0,,,79,37,42,5,2,3,74,35,39,51,28,23,72,34,38,71,33,38,23,7,16,16,5,11,7,1,6,1,0,1,0,0,0,33,33,8,8,13,4,0,0,0,25,17,8,3,14,3,1,1
55400122,0,,,280,134,146,24,10,14,256,124,132,155,77,78,242,117,125,238,116,122,101,47,54,39,19,20,9,1,8,2,0,2,0,0,0,107,107,17,43,23,15,7,1,1,89,76,13,5,65,1,10,19
55400123,0,,,40,19,21,2,2,0,38,17,21,21,10,11,37,17,20,36,16,20,17,7,10,6,1,5,2,0,2,0,0,0,0,0,0,13,13,3,2,5,0,1,1,1,10,4,6,0,10,0,2,1
55400125,2,55400135,,1,1,0,*,*,*,*,*,*,*,*,*,*,*,*,*,*,*,*,*,*,*,*,*,*,*,*,*,*,*,*,*,*,1,1,*,*,*,*,*,*,*,*,*,*,*,*,*,*,*
55400126,0,,,56,29,27,8,5,3,48,24,24,27,15,12,47,24,23,47,24,23,21,9,12,8,3,5,4,2,2,0,0,0,0,0,0,18,18,4,4,3,2,3,2,0,14,6,8,2,14,0,2,2
55400127,0,,,11,4,7,0,0,0,11,4,7,5,2,3,11,4,7,11,4,7,6,2,4,3,1,2,0,0,0,0,0,0,0,0,0,5,5,0,4,1,0,0,0,0,5,4,1,0,5,0,0,2
55400128,2,55400118,,10,7,3,*,*,*,*,*,*,*,*,*,*,*,*,*,*,*,*,*,*,*,*,*,*,*,*,*,*,*,*,*,*,5,5,*,*,*,*,*,*,*,*,*,*,*,*,*,*,*
55400130,0,,,40,20,20,4,2,2,36,18,18,24,14,10,35,17,18,34,16,18,12,4,8,7,1,6,3,0,3,1,0,1,0,0,0,10,10,0,3,2,2,1,0,2,9,5,4,1,6,0,0,0
55400131,0,,,116,62,54,11,7,4,105,55,50,69,43,26,104,54,50,102,52,50,36,12,24,17,5,12,7,0,7,0,0,0,0,0,0,39,39,6,11,11,7,1,2,1,32,23,9,4,24,0,4,5
55400132,0,,,416,208,208,54,31,23,362,177,185,207,102,105,347,173,174,341,172,169,155,75,80,76,33,43,33,12,21,2,2,0,0,0,0,136,136,17,42,34,18,16,4,5,118,84,34,8,91,1,9,20
55400133,0,,,221,114,107,22,15,7,199,99,100,109,55,54,193,98,95,189,97,92,90,44,46,45,23,22,12,7,5,1,0,1,0,0,0,77,77,12,28,16,12,4,2,3,65,51,14,4,54,0,9,20
55400134,0,,,76,41,35,0,0,0,76,41,35,43,22,21,71,37,34,71,37,34,33,19,14,16,8,8,9,6,3,0,0,0,0,0,0,34,34,13,9,7,2,2,1,0,21,16,5,0,22,0,7,5
55400135,1,,55400125,83,43,40,6,4,2,78,40,38,44,23,21,77,40,37,75,38,37,34,17,17,9,3,6,5,2,3,2,0,2,1,0,1,30,30,7,9,8,2,4,0,1,24,17,7,1,25,0,5,5
55400136,0,,,46,24,22,2,0,2,44,24,20,20,13,7,44,24,20,43,24,19,24,11,13,9,3,6,5,0,5,0,0,0,0,0,0,19,19,5,6,5,2,0,1,0,14,10,4,1,16,0,4,5
55400140,1,,55400150,71,41,30,1,1,0,77,44,33,47,26,21,71,41,30,70,40,30,30,18,12,18,10,8,11,6,5,1,1,0,0,0,0,22,22,1,7,9,5,2,1,0,24,16,8,0,17,0,0,6
55400141,0,,,18,9,9,1,0,1,17,9,8,12,6,6,17,9,8,16,8,8,5,3,2,2,1,1,0,0,0,0,0,0,0,0,0,6,6,1,1,2,1,1,0,0,5,3,2,0,3,0,1,1
55400142,0,,,207,108,99,22,16,6,185,92,93,92,49,43,180,89,91,178,88,90,93,43,50,51,22,29,18,5,13,0,0,0,0,0,0,75,74,16,23,15,12,7,0,1,58,45,13,3,53,0,13,19
55400143,0,,,189,94,95,17,7,10,172,87,85,88,47,41,172,87,85,170,86,84,84,40,44,39,14,25,21,7,14,2,0,2,0,0,0,63,63,9,18,16,10,5,4,1,54,36,18,5,50,0,7,7
55400147,1,,55400157;55400158,11,6,5,5,2,3,23,11,12,8,5,3,23,11,12,23,11,12,15,6,9,9,3,6,1,0,1,0,0,0,0,0,0,4,4,2,6,1,1,0,0,1,9,8,1,1,9,0,2,4
55400149,0,,,13,7,6,0,0,0,13,7,6,5,2,3,12,7,5,12,7,5,8,5,3,2,1,1,2,1,1,0,0,0,0,0,0,4,4,0,2,0,1,1,0,0,4,2,2,0,4,0,0,2
55400150,2,55400140,,7,4,3,*,*,*,*,*,*,*,*,*,*,*,*,*,*,*,*,*,*,*,*,*,*,*,*,*,*,*,*,*,*,3,3,*,*,*,*,*,*,*,*,*,*,*,*,*,*,*
55400151,0,,,101,57,44,11,7,4,90,50,40,51,32,19,87,47,40,86,46,40,39,18,21,16,5,11,8,3,5,1,1,0,0,0,0,38,38,10,13,6,4,3,1,1,28,23,5,2,26,0,7,2
55400152,0,,,292,159,133,29,21,8,263,138,125,144,78,66,259,136,123,255,133,122,119,60,59,58,29,29,28,12,16,0,0,0,1,0,1,114,114,32,33,25,14,5,1,4,82,56,26,7,78,2,17,17
55400153,0,,,119,67,52,10,7,3,109,60,49,63,35,28,107,59,48,107,59,48,46,25,21,20,10,10,9,5,4,0,0,0,4,3,1,45,45,11,11,14,3,5,0,1,34,26,8,3,30,0,7,6
55400156,0,,,57,30,27,1,1,0,56,29,27,28,17,11,55,28,27,54,28,26,28,12,16,15,5,10,6,1,5,1,0,1,0,0,0,24,24,6,9,5,2,2,0,0,18,14,4,0,17,0,4,4
55400157,2,55400147,,13,5,8,*,*,*,*,*,*,*,*,*,*,*,*,*,*,*,*,*,*,*,*,*,*,*,*,*,*,*,*,*,*,5,5,*,*,*,*,*,*,*,*,*,*,*,*,*,*,*
55400158,2,55400147,,4,2,2,*,*,*,*,*,*,*,*,*,*,*,*,*,*,*,*,*,*,*,*,*,*,*,*,*,*,*,*,*,*,2,2,*,*,*,*,*,*,*,*,*,*,*,*,*,*,*
55400160,0,,,65,39,26,10,7,3,55,32,23,31,19,12,53,30,23,53,30,23,24,13,11,8,3,5,4,1,3,0,0,0,0,0,0,24,24,6,7,6,1,3,0,1,18,14,4,4,15,1,3,5
55400161,0,,,173,88,85,14,7,7,159,81,78,92,49,43,156,79,77,152,77,75,67,32,35,26,11,15,12,5,7,1,1,0,0,0,0,64,64,12,20,18,9,2,1,2,52,42,10,3,42,0,7,9
55400162,0,,,182,93,89,26,13,13,156,80,76,91,50,41,152,78,74,151,78,73,65,30,35,30,13,17,7,2,5,0,0,0,9,7,2,69,69,17,24,12,5,5,6,0,52,39,13,3,47,0,11,10
55400165,0,,,151,66,85,9,5,4,142,61,81,83,40,43,140,60,80,136,57,79,59,21,38,33,9,24,16,3,13,1,0,1,1,0,1,51,50,12,11,9,8,6,1,3,38,19,19,2,38,0,7,6
55400166,1,,55400177,59,29,30,4,0,4,64,32,32,25,12,13,62,31,31,60,31,29,39,20,19,20,10,10,9,4,5,2,0,2,0,0,0,18,18,3,6,7,3,1,0,2,19,9,10,1,22,0,3,4
55400170,0,,,180,93,87,13,6,7,167,87,80,100,57,43,164,86,78,160,82,78,67,30,37,35,12,23,17,4,13,1,0,1,0,0,0,54,54,7,12,15,7,4,7,2,47,24,23,5,43,0,6,7
55400171,0,,,197,105,92,21,12,9,173,90,83,111,59,52,170,89,81,167,88,79,62,31,31,25,11,14,9,4,5,1,0,1,1,0,1,75,74,18,24,12,15,4,1,0,55,44,11,5,44,0,10,13
55400172,0,,,393,192,201,34,15,19,359,177,182,169,90,79,354,173,181,347,168,179,190,87,103,108,43,65,59,22,37,10,3,7,4,2,2,126,125,21,44,28,11,13,6,2,104,73,31,7,93,1,15,27
55400173,0,,,143,73,70,7,4,3,136,69,67,82,43,39,130,65,65,129,64,65,54,26,28,22,7,15,5,0,5,0,0,0,2,0,2,59,59,14,22,14,5,3,0,1,45,36,9,1,38,1,7,8
55400174,0,,,160,79,81,13,5,8,147,74,73,80,44,36,141,70,71,141,70,71,67,30,37,28,11,17,12,3,9,0,0,0,1,0,1,60,60,14,20,8,12,3,2,1,45,34,11,3,42,0,12,11
55400175,0,,,22,9,13,3,1,2,19,8,11,11,4,7,19,8,11,19,8,11,8,4,4,5,2,3,3,1,2,0,0,0,0,0,0,7,7,2,1,1,2,0,0,1,5,2,3,0,5,0,0,1
55400177,2,55400166,,9,3,6,*,*,*,*,*,*,*,*,*,*,*,*,*,*,*,*,*,*,*,*,*,*,*,*,*,*,*,*,*,*,4,4,*,*,*,*,*,*,*,*,*,*,*,*,*,*,*
55400180,0,,,250,126,124,26,12,14,223,113,110,140,67,73,219,112,107,212,109,103,83,46,37,40,21,19,10,4,6,0,0,0,3,0,3,105,105,37,28,16,15,6,2,1,68,53,15,6,58,2,19,12
55400181,0,,,150,77,73,12,9,3,136,66,70,92,42,50,133,63,70,130,62,68,44,24,20,14,7,7,4,2,2,1,1,0,3,0,3,72,72,34,19,5,9,3,2,0,38,29,9,3,32,4,12,6
55400182,0,,,703,374,329,35,19,16,668,355,313,383,211,172,648,343,305,634,336,298,285,144,141,130,60,70,59,23,36,4,0,4,1,0,1,244,241,52,82,40,32,20,10,5,188,139,49,6,160,1,28,41
55400183,0,,,1185,588,597,119,55,64,1066,533,533,626,341,285,1032,512,520,1010,500,510,440,192,248,245,88,157,115,36,79,12,0,12,7,0,7,508,508,176,141,99,51,26,11,4,329,248,81,26,304,4,97,58
55400184,0,,,467,229,238,63,32,31,404,197,207,254,129,125,393,188,205,386,183,203,150,68,82,72,28,44,22,5,17,0,0,0,5,2,3,199,199,58,64,41,22,14,0,0,139,114,25,14,100,1,26,33
55400187,0,,,14,8,6,2,2,0,12,6,6,6,3,3,12,6,6,12,6,6,6,3,3,1,0,1,1,0,1,1,0,1,0,0,0,5,5,0,2,2,1,0,0,0,5,4,1,0,3,0,0,1
55400188,0,,,27,13,14,3,1,2,24,12,12,12,5,7,24,12,12,24,12,12,12,7,5,5,2,3,3,1,2,1,0,1,0,0,0,10,10,2,4,2,1,0,0,1,8,5,3,1,8,0,1,1
55400189,0,,,57,28,29,1,0,1,56,28,28,17,9,8,56,28,28,56,28,28,39,19,20,22,11,11,12,6,6,1,0,1,0,0,0,24,24,5,10,4,5,0,0,0,19,12,7,0,22,0,4,8
55400190,0,,,221,116,105,21,13,8,198,101,97,117,64,53,196,100,96,196,100,96,81,37,44,35,14,21,17,7,10,0,0,0,2,0,2,88,88,30,23,13,11,6,3,2,56,38,18,8,48,5,9,12
55400191,0,,,153,75,78,14,6,8,139,69,70,84,46,38,135,67,68,134,67,67,55,23,32,27,10,17,9,3,6,2,0,2,0,0,0,45,45,3,12,13,7,4,3,3,42,24,18,3,35,0,3,6
55400192,0,,,237,118,119,11,7,4,226,111,115,138,69,69,216,107,109,212,106,106,88,42,46,41,20,21,12,5,7,0,0,0,0,0,0,89,89,19,30,19,9,8,3,1,70,49,21,3,61,0,15,14
55400193,0,,,115,61,54,3,3,0,112,58,54,60,36,24,110,56,54,109,56,53,52,22,30,24,12,12,7,2,5,1,1,0,0,0,0,44,44,10,16,5,9,2,2,0,34,24,10,1,35,0,7,7
55400194,0,,,384,191,193,23,13,10,361,178,183,191,97,94,355,175,180,352,173,179,170,81,89,86,29,57,45,11,34,4,1,3,1,0,1,123,122,23,33,30,18,11,5,2,99,65,34,6,90,0,15,18
55400195,0,,,248,129,119,19,6,13,229,123,106,135,74,61,225,121,104,220,118,102,94,49,45,39,15,24,24,10,14,1,1,0,2,0,2,85,85,16,24,19,14,6,4,2,69,47,22,4,64,0,13,8
55400196,0,,,46,23,23,1,1,0,45,22,23,24,11,13,44,22,22,43,22,21,21,11,10,7,3,4,2,1,1,1,1,0,0,0,0,16,16,3,5,2,4,1,1,0,13,8,5,0,13,0,3,2
55400197,0,,,44,25,19,1,0,1,43,25,18,23,13,10,42,24,18,41,23,18,20,12,8,9,4,5,4,2,2,0,0,0,0,0,0,17,17,5,4,4,1,3,0,0,12,8,4,0,15,0,3,3
55400198,0,,,108,53,55,9,6,3,99,47,52,49,23,26,98,46,52,97,46,51,50,24,26,28,12,16,9,4,5,1,0,1,0,0,0,37,37,4,15,8,5,2,2,1,33,25,8,3,28,0,4,9
55400199,0,,,48,25,23,4,2,2,44,23,21,16,9,7,44,23,21,44,23,21,28,14,14,14,6,8,7,2,5,1,0,1,0,0,0,17,17,4,5,4,1,1,1,1,13,10,3,2,16,0,4,2
55400201,0,,,39,18,21,9,5,4,30,13,17,23,11,12,28,12,16,26,12,14,7,2,5,3,0,3,2,0,2,0,0,0,0,0,0,12,12,3,3,1,1,2,1,1,9,5,4,2,7,0,3,0
55400202,0,,,18,9,9,7,3,4,11,6,5,11,6,5,10,5,5,10,5,5,0,0,0,0,0,0,0,0,0,0,0,0,0,0,0,5,5,0,1,1,2,1,0,0,5,5,0,1,0,0,0,0
55400203,0,,,58,30,28,3,3,0,55,27,28,20,10,10,55,27,28,55,27,28,35,17,18,23,11,12,14,8,6,3,1,2,0,0,0,20,20,5,4,5,2,2,2,0,15,4,11,1,18,0,5,1
55400204,0,,,31,19,12,6,4,2,25,15,10,10,6,4,25,15,10,25,15,10,15,9,6,10,7,3,5,3,2,0,0,0,0,0,0,13,13,3,6,3,0,0,0,1,10,8,2,2,10,0,3,4
55400205,0,,,99,53,46,5,3,2,94,50,44,49,29,20,92,49,43,91,48,43,45,21,24,27,12,15,12,5,7,0,0,0,1,0,1,40,40,9,17,7,3,2,1,1,31,25,6,1,26,0,5,8
55400206,0,,,27,14,13,3,2,1,24,12,12,13,6,7,24,12,12,24,12,12,11,6,5,4,1,3,3,1,2,0,0,0,1,0,1,13,13,6,3,2,1,1,0,0,7,4,3,0,7,0,3,1
55400207,0,,,48,26,22,1,0,1,47,26,21,21,15,6,46,25,21,43,23,20,26,11,15,14,7,7,5,1,4,1,0,1,0,0,0,18,18,4,5,5,2,1,1,0,14,8,6,0,17,0,3,3
55400210,2,55400211,,4,3,1,*,*,*,*,*,*,*,*,*,*,*,*,*,*,*,*,*,*,*,*,*,*,*,*,*,*,*,*,*,*,1,1,*,*,*,*,*,*,*,*,*,*,*,*,*,*,*
55400211,1,,55400210,68,32,36,5,1,4,67,34,33,27,14,13,64,33,31,64,33,31,40,20,20,23,11,12,11,1,10,0,0,0,0,0,0,23,23,5,5,7,5,0,0,2,19,10,9,1,22,0,5,3
55400212,0,,,17,9,8,0,0,0,17,9,8,7,3,4,17,9,8,17,9,8,10,6,4,8,4,4,2,1,1,0,0,0,0,0,0,7,7,2,2,1,2,0,0,0,5,2,3,0,6,0,1,1
55400213,0,,,73,41,32,4,3,1,69,38,31,33,18,15,68,37,31,67,36,31,36,20,16,23,13,10,9,6,3,0,0,0,0,0,0,27,27,4,11,7,2,1,1,1,23,17,6,2,21,0,3,6
55400214,0,,,45,27,18,2,2,0,43,25,18,20,13,7,43,25,18,43,25,18,23,12,11,11,6,5,1,1,0,1,1,0,0,0,0,18,18,5,4,5,3,1,0,0,13,9,4,1,15,0,4,3
55400215,0,,,12,6,6,0,0,0,12,6,6,6,4,2,12,6,6,12,6,6,6,2,4,3,1,2,1,0,1,0,0,0,1,0,1,8,8,4,4,0,0,0,0,0,4,4,0,0,5,0,2,2
55400217,1,,55400227,16,9,7,0,0,0,24,11,13,6,4,2,24,11,13,24,11,13,18,7,11,14,6,8,4,1,3,0,0,0,0,0,0,8,8,6,5,0,2,0,0,0,7,6,1,0,12,0,5,4
55400221,1,,55400231;55400240,53,27,26,3,2,1,59,30,29,28,14,14,56,29,27,54,28,26,31,16,15,21,11,10,7,3,4,0,0,0,0,0,0,17,17,6,2,3,4,3,2,0,14,6,8,0,19,0,6,2
55400222,0,,,41,20,21,0,0,0,41,20,21,25,11,14,40,20,20,38,19,19,16,9,7,6,3,3,3,2,1,0,0,0,0,0,0,17,17,5,4,5,2,1,0,0,12,9,3,0,13,0,4,1
55400223,0,,,24,13,11,0,0,0,24,13,11,12,6,6,24,13,11,24,13,11,12,7,5,8,5,3,3,2,1,0,0,0,1,0,1,10,10,1,5,3,1,0,0,0,9,8,1,0,7,0,1,2
55400224,0,,,43,25,18,3,3,0,40,22,18,19,13,6,40,22,18,40,22,18,21,9,12,11,3,8,7,2,5,0,0,0,0,0,0,16,16,5,4,2,3,1,0,1,11,6,5,1,14,0,4,1
55400225,2,55400235,,6,2,4,*,*,*,*,*,*,*,*,*,*,*,*,*,*,*,*,*,*,*,*,*,*,*,*,*,*,*,*,*,*,3,3,*,*,*,*,*,*,*,*,*,*,*,*,*,*,*
55400227,2,55400217,,8,2,6,*,*,*,*,*,*,*,*,*,*,*,*,*,*,*,*,*,*,*,*,*,*,*,*,*,*,*,*,*,*,5,5,*,*,*,*,*,*,*,*,*,*,*,*,*,*,*
55400229,0,,,47,22,25,4,2,2,43,20,23,14,6,8,42,20,22,42,20,22,29,14,15,14,6,8,6,3,3,2,1,1,0,0,0,21,21,6,8,5,1,0,1,0,15,12,3,0,18,0,6,5
55400231,2,55400221,,8,4,4,*,*,*,*,*,*,*,*,*,*,*,*,*,*,*,*,*,*,*,*,*,*,*,*,*,*,*,*,*,*,2,2,*,*,*,*,*,*,*,*,*,*,*,*,*,*,*
55400232,0,,,26,12,14,0,0,0,26,12,14,13,6,7,26,12,14,25,12,13,13,6,7,6,2,4,4,1,3,0,0,0,0,0,0,9,9,0,4,3,1,1,0,0,9,7,2,0,7,0,0,2
55400233,0,,,23,12,11,1,0,1,22,12,10,7,5,2,22,12,10,22,12,10,15,7,8,10,5,5,2,0,2,0,0,0,1,0,1,11,11,3,4,4,0,0,0,0,7,5,2,0,9,0,1,2
55400234,0,,,59,32,27,4,4,0,55,28,27,26,17,9,54,27,27,52,26,26,29,11,18,14,5,9,6,1,5,0,0,0,0,0,0,21,21,5,8,1,3,1,3,0,16,10,6,1,18,0,3,5
55400235,1,,55400225,4,2,2,0,0,0,10,4,6,2,1,1,10,4,6,10,4,6,8,3,5,5,1,4,2,0,2,0,0,0,0,0,0,2,2,1,3,1,0,0,0,0,4,4,0,0,5,0,1,2
55400237,0,,,16,9,7,0,0,0,16,9,7,9,5,4,16,9,7,16,9,7,7,4,3,3,1,2,0,0,0,0,0,0,0,0,0,6,6,2,1,2,0,0,1,0,4,3,1,0,5,0,1,1
55400238,0,,,29,17,12,1,1,0,28,16,12,12,8,4,26,14,12,26,14,12,16,8,8,7,3,4,1,0,1,0,0,0,1,0,1,10,10,2,3,1,3,0,1,0,8,6,2,0,10,0,2,2
55400240,2,55400221,,1,1,0,*,*,*,*,*,*,*,*,*,*,*,*,*,*,*,*,*,*,*,*,*,*,*,*,*,*,*,*,*,*,1,1,*,*,*,*,*,*,*,*,*,*,*,*,*,*,*
55400243,0,,,12,8,4,0,0,0,12,8,4,3,2,1,12,8,4,12,8,4,9,6,3,5,3,2,1,1,0,0,0,0,0,0,0,7,7,3,3,1,0,0,0,0,4,3,1,0,6,0,2,2
55400245,2,55400256,,3,0,3,*,*,*,*,*,*,*,*,*,*,*,*,*,*,*,*,*,*,*,*,*,*,*,*,*,*,*,*,*,*,2,2,*,*,*,*,*,*,*,*,*,*,*,*,*,*,*
55400246,1,,55400247,10,6,4,0,0,0,13,7,6,6,4,2,13,7,6,13,7,6,7,3,4,6,2,4,3,1,2,0,0,0,0,0,0,4,4,2,1,3,0,0,0,0,4,4,0,0,5,0,2,1
55400247,2,55400246,,3,1,2,*,*,*,*,*,*,*,*,*,*,*,*,*,*,*,*,*,*,*,*,*,*,*,*,*,*,*,*,*,*,2,2,*,*,*,*,*,*,*,*,*,*,*,*,*,*,*
55400250,0,,,13,7,6,0,0,0,13,7,6,4,1,3,13,7,6,13,7,6,9,6,3,9,6,3,1,1,0,0,0,0,0,0,0,6,6,1,3,2,0,0,0,0,5,4,1,0,6,0,1,3
55400251,1,,55400252,13,6,7,3,1,2,12,6,6,7,4,3,12,6,6,12,6,6,5,2,3,3,1,2,0,0,0,0,0,0,1,1,0,6,6,2,4,0,0,1,0,0,5,5,0,1,4,0,1,2
55400252,2,55400251,,2,1,1,*,*,*,*,*,*,*,*,*,*,*,*,*,*,*,*,*,*,*,*,*,*,*,*,*,*,*,*,*,*,1,1,*,*,*,*,*,*,*,*,*,*,*,*,*,*,*
55400256,1,,55400245,14,6,8,0,0,0,17,6,11,6,2,4,16,5,11,16,5,11,11,4,7,6,3,3,1,0,1,0,0,0,0,0,0,6,6,2,3,3,0,0,0,0,6,6,0,0,7,0,2,2
55400258,2,55400269,,3,1,2,*,*,*,*,*,*,*,*,*,*,*,*,*,*,*,*,*,*,*,*,*,*,*,*,*,*,*,*,*,*,1,1,*,*,*,*,*,*,*,*,*,*,*,*,*,*,*
55400261,0,,,14,8,6,0,0,0,14,8,6,3,1,2,14,8,6,14,8,6,11,7,4,5,3,2,1,1,0,0,0,0,0,0,0,7,7,2,3,2,0,0,0,0,5,5,0,0,7,0,2,3
55400264,0,,,21,10,11,2,1,1,19,9,10,11,5,6,18,8,10,18,8,10,8,4,4,4,2,2,1,0,1,0,0,0,0,0,0,8,8,3,2,2,0,0,0,1,5,2,3,0,5,0,2,0
55400267,0,,,54,27,27,2,0,2,52,27,25,24,14,10,51,27,24,51,27,24,28,13,15,12,4,8,9,3,6,0,0,0,0,0,0,26,26,8,12,4,1,0,1,0,18,14,4,0,21,1,5,7
55400268,0,,,24,13,11,0,0,0,24,13,11,10,6,4,24,13,11,24,13,11,14,7,7,9,4,5,6,3,3,0,0,0,0,0,0,12,12,5,4,1,2,0,0,0,7,4,3,0,9,0,2,4
55400269,1,,55400258,112,55,57,3,2,1,112,54,58,58,28,30,111,54,57,110,54,56,54,26,28,31,13,18,10,3,7,1,0,1,0,0,0,51,51,16,19,11,2,4,0,0,35,26,9,1,39,0,12,9
55400270,2,55400280,,1,0,1,*,*,*,*,*,*,*,*,*,*,*,*,*,*,*,*,*,*,*,*,*,*,*,*,*,*,*,*,*,*,1,1,*,*,*,*,*,*,*,*,*,*,*,*,*,*,*
55400271,0,,,31,19,12,1,1,0,30,18,12,19,11,8,30,18,12,29,18,11,11,7,4,4,1,3,1,0,1,0,0,0,0,0,0,15,15,5,5,4,1,0,0,0,10,8,2,1,10,0,3,1
55400274,0,,,24,11,13,0,0,0,24,11,13,9,5,4,24,11,13,24,11,13,15,6,9,8,3,5,4,1,3,0,0,0,0,0,0,11,11,4,4,1,1,1,0,0,7,6,1,0,11,0,4,2
55400276,0,,,29,16,13,3,3,0,26,13,13,11,6,5,26,13,13,25,13,12,15,7,8,8,3,5,1,0,1,0,0,0,0,0,0,13,13,6,4,0,1,1,1,0,7,4,3,2,10,0,4,3
55400277,0,,,61,34,27,5,3,2,56,31,25,37,24,13,54,29,25,54,29,25,19,7,12,13,5,8,7,3,4,0,0,0,0,0,0,25,25,7,9,5,1,2,0,1,18,13,5,0,14,0,3,3
55400280,1,,55400270,42,24,18,2,2,0,41,22,19,21,12,9,41,22,19,40,21,19,20,10,10,12,4,8,7,2,5,0,0,0,0,0,0,14,14,4,5,1,2,1,1,1,11,6,5,1,13,0,4,2
55400284,2,55400285,,7,4,3,*,*,*,*,*,*,*,*,*,*,*,*,*,*,*,*,*,*,*,*,*,*,*,*,*,*,*,*,*,*,3,3,*,*,*,*,*,*,*,*,*,*,*,*,*,*,*
55400285,1,,55400284;55400293,62,29,33,2,1,1,71,34,37,31,14,17,69,33,36,68,33,35,40,20,20,21,8,13,8,1,7,2,0,2,0,0,0,26,26,7,12,9,2,0,0,1,24,18,6,0,25,0,7,7
55400286,0,,,23,12,11,0,0,0,23,12,11,5,2,3,23,12,11,23,12,11,18,10,8,7,4,3,1,1,0,0,0,0,0,0,0,12,12,5,5,1,0,1,0,0,7,6,1,0,12,0,5,3
55400293,2,55400285,,4,2,2,*,*,*,*,*,*,*,*,*,*,*,*,*,*,*,*,*,*,*,*,*,*,*,*,*,*,*,*,*,*,2,2,*,*,*,*,*,*,*,*,*,*,*,*,*,*,*
55400300,0,,,90,52,38,3,2,1,86,49,37,34,22,12,84,47,37,80,44,36,52,27,25,25,10,15,9,3,6,1,0,1,0,0,0,44,44,15,17,8,3,1,0,0,29,27,2,0,35,0,12,10
55400301,0,,,46,18,28,3,1,2,43,17,26,17,6,11,42,17,25,41,17,24,26,11,15,12,5,7,2,1,1,0,0,0,2,0,2,20,20,6,7,5,0,1,1,0,14,10,4,0,16,0,4,4
55400302,0,,,17,7,10,0,0,0,17,7,10,3,0,3,17,7,10,17,7,10,14,7,7,8,4,4,3,1,2,1,0,1,0,0,0,10,10,5,3,2,0,0,0,0,4,2,2,0,9,0,4,2
55400303,0,,,19,9,10,0,0,0,19,9,10,11,5,6,19,9,10,19,9,10,8,4,4,6,3,3,4,2,2,0,0,0,0,0,0,8,8,3,2,1,1,1,0,0,5,2,3,0,5,0,2,0
55400304,0,,,21,11,10,0,0,0,21,11,10,4,2,2,21,11,10,21,11,10,17,9,8,8,4,4,3,0,3,0,0,0,0,0,0,10,10,2,5,3,0,0,0,0,8,6,2,0,10,0,2,3
55400305,0,,,25,15,10,0,0,0,25,15,10,7,5,2,25,15,10,25,15,10,18,10,8,8,5,3,0,0,0,0,0,0,0,0,0,13,13,4,6,3,0,0,0,0,9,9,0,0,11,0,2,4
55400306,2,55400317,,1,0,1,*,*,*,*,*,*,*,*,*,*,*,*,*,*,*,*,*,*,*,*,*,*,*,*,*,*,*,*,*,*,1,1,*,*,*,*,*,*,*,*,*,*,*,*,*,*,*
55400307,0,,,95,44,51,3,1,2,92,43,49,37,18,19,90,42,48,88,42,46,55,25,30,30,13,17,15,6,9,0,0,0,0,0,0,42,42,14,17,6,1,2,1,1,28,23,5,0,34,0,9,13
55400308,0,,,48,23,25,0,0,0,48,23,25,15,8,7,48,23,25,48,23,25,33,15,18,21,8,13,8,3,5,0,0,0,0,0,0,26,26,10,12,2,2,0,0,0,16,16,0,0,23,0,9,9
55400310,0,,,76,39,37,5,2,3,71,37,34,32,18,14,71,37,34,70,36,34,39,19,20,16,8,8,7,3,4,0,0,0,0,0,0,33,33,7,14,9,2,0,1,0,26,23,3,2,25,0,5,7
55400311,0,,,56,31,25,6,4,2,50,27,23,26,16,10,50,27,23,49,26,23,24,11,13,7,4,3,1,0,1,1,0,1,0,0,0,26,26,10,6,8,1,0,1,0,16,14,2,2,17,0,8,4
55400312,0,,,17,8,9,0,0,0,17,8,9,5,4,1,17,8,9,16,7,9,12,4,8,12,4,8,7,3,4,1,0,1,0,0,0,9,9,4,3,1,1,0,0,0,5,4,1,0,9,0,4,2
55400313,0,,,20,12,8,0,0,0,20,12,8,5,3,2,20,12,8,20,12,8,15,9,6,8,4,4,2,1,1,1,0,1,0,0,0,11,11,4,5,2,0,0,0,0,7,6,1,0,10,0,3,3
55400314,0,,,12,5,7,0,0,0,12,5,7,3,3,0,12,5,7,12,5,7,9,2,7,9,2,7,7,2,5,0,0,0,0,0,0,8,8,5,2,1,0,0,0,0,3,2,1,0,7,1,4,0
55400316,0,,,10,5,5,0,0,0,10,5,5,0,0,0,10,5,5,10,5,5,10,5,5,6,3,3,3,2,1,0,0,0,0,0,0,6,6,3,2,1,0,0,0,0,3,2,1,0,6,0,3,2
55400317,1,,55400306,54,25,29,3,1,2,52,24,28,21,10,11,50,23,27,50,23,27,31,14,17,19,7,12,5,0,5,0,0,0,0,0,0,21,21,7,7,3,2,2,0,1,15,11,4,1,21,0,7,6
55400318,0,,,31,19,12,2,1,1,29,18,11,16,11,5,29,18,11,29,18,11,13,7,6,6,3,3,3,2,1,0,0,0,1,0,1,15,14,4,7,2,0,0,1,0,10,7,3,1,9,0,2,2
55400321,0,,,43,23,20,1,1,0,42,22,20,22,13,9,42,22,20,41,21,20,20,9,11,7,3,4,1,0,1,0,0,0,0,0,0,17,17,2,8,3,4,0,0,0,15,13,2,0,12,0,2,5
55400322,0,,,21,12,9,0,0,0,21,12,9,9,5,4,20,11,9,20,11,9,12,7,5,3,2,1,1,0,1,0,0,0,0,0,0,11,11,5,4,1,0,1,0,0,6,5,1,0,9,0,3,3
55400323,2,55400324,,8,5,3,*,*,*,*,*,*,*,*,*,*,*,*,*,*,*,*,*,*,*,*,*,*,*,*,*,*,*,*,*,*,5,5,*,*,*,*,*,*,*,*,*,*,*,*,*,*,*
55400324,1,,55400323,11,5,6,0,0,0,19,10,9,4,3,1,19,10,9,19,10,9,15,7,8,7,2,5,6,2,4,1,1,0,0,0,0,7,7,6,5,1,0,0,0,0,6,6,0,0,10,0,4,3
55400327,0,,,79,38,41,2,1,1,77,37,40,35,18,17,76,37,39,76,37,39,42,19,23,22,8,14,15,5,10,2,0,2,0,0,0,29,29,7,6,11,0,4,0,1,22,12,10,1,24,0,6,4
55400328,0,,,14,6,8,2,1,1,12,5,7,7,3,4,12,5,7,12,5,7,5,2,3,4,2,2,1,0,1,0,0,0,0,0,0,6,6,2,2,1,0,1,0,0,4,3,1,0,3,0,1,1
55400330,0,,,81,38,43,5,2,3,76,36,40,41,20,21,74,35,39,71,34,37,35,16,19,18,9,9,7,4,3,0,0,0,1,0,1,35,35,12,12,6,2,1,1,1,23,16,7,0,24,0,8,7
55400331,0,,,90,44,46,3,1,2,87,43,44,43,23,20,84,41,43,84,41,43,44,20,24,22,8,14,6,2,4,0,0,0,0,0,0,38,38,13,11,7,3,2,2,0,25,17,8,1,30,1,10,4
55400332,0,,,51,29,22,3,2,1,48,27,21,24,14,10,47,27,20,47,27,20,24,13,11,13,6,7,4,1,3,2,0,2,0,0,0,20,20,4,8,5,1,1,0,1,16,10,6,1,14,0,4,3
55400333,1,,55400344,26,13,13,0,0,0,27,13,14,12,9,3,27,13,14,27,13,14,15,4,11,15,4,11,11,3,8,0,0,0,0,0,0,12,12,4,5,3,1,0,0,0,9,9,0,0,12,0,4,1
55400334,0,,,16,9,7,2,1,1,14,8,6,9,5,4,14,8,6,14,8,6,5,3,2,4,2,2,2,1,1,0,0,0,0,0,0,7,7,4,0,0,3,0,0,0,3,2,1,1,3,0,1,0
55400336,2,55400337,,5,3,2,*,*,*,*,*,*,*,*,*,*,*,*,*,*,*,*,*,*,*,*,*,*,*,*,*,*,*,*,*,*,2,2,*,*,*,*,*,*,*,*,*,*,*,*,*,*,*
55400337,1,,55400336,43,22,21,0,0,0,48,25,23,15,10,5,48,25,23,48,25,23,33,15,18,12,4,8,7,2,5,1,0,1,1,0,1,24,24,8,14,4,0,0,0,0,18,18,0,0,21,0,6,8
55400340,0,,,150,73,77,10,5,5,140,68,72,75,35,40,137,66,71,135,65,70,65,33,32,28,13,15,10,5,5,1,0,1,0,0,0,55,55,8,24,11,5,3,3,1,47,38,9,3,43,0,7,16
55400342,0,,,40,19,21,0,0,0,40,19,21,12,5,7,39,19,20,39,19,20,28,14,14,14,8,6,5,3,2,0,0,0,0,0,0,18,18,3,9,5,1,0,0,0,15,12,3,0,17,0,3,8
55400343,0,,,12,8,4,0,0,0,12,8,4,6,5,1,12,8,4,12,8,4,6,3,3,4,2,2,2,1,1,0,0,0,0,0,0,5,5,0,4,0,1,0,0,0,5,2,3,0,4,0,0,1
55400344,2,55400333,,1,0,1,*,*,*,*,*,*,*,*,*,*,*,*,*,*,*,*,*,*,*,*,*,*,*,*,*,*,*,*,*,*,1,1,*,*,*,*,*,*,*,*,*,*,*,*,*,*,*
55400346,2,55400357,,2,1,1,*,*,*,*,*,*,*,*,*,*,*,*,*,*,*,*,*,*,*,*,*,*,*,*,*,*,*,*,*,*,1,1,*,*,*,*,*,*,*,*,*,*,*,*,*,*,*
55400347,0,,,56,31,25,0,0,0,56,31,25,25,18,7,55,30,25,54,29,25,31,13,18,23,12,11,9,4,5,1,1,0,0,0,0,25,25,7,11,4,1,1,1,0,18,14,4,0,21,0,5,3
55400349,2,55400359,,2,1,1,*,*,*,*,*,*,*,*,*,*,*,*,*,*,*,*,*,*,*,*,*,*,*,*,*,*,*,*,*,*,1,1,*,*,*,*,*,*,*,*,*,*,*,*,*,*,*
55400350,0,,,143,75,68,3,2,1,140,73,67,74,44,30,140,73,67,139,73,66,66,29,37,25,9,16,13,5,8,0,0,0,1,0,1,57,57,14,19,9,11,4,0,0,42,28,14,1,43,0,10,11
55400351,0,,,34,15,19,2,1,1,32,14,18,13,6,7,32,14,18,32,14,18,19,8,11,12,4,8,5,1,4,1,0,1,0,0,0,14,14,2,8,2,1,0,1,0,12,9,3,0,11,0,1,4
55400352,0,,,25,12,13,4,3,1,21,9,12,7,4,3,21,9,12,21,9,12,14,5,9,7,1,6,4,0,4,2,0,2,0,0,0,10,10,3,3,1,2,1,0,0,6,4,2,1,9,0,3,1
55400353,0,,,44,26,18,0,0,0,44,26,18,21,14,7,44,26,18,44,26,18,23,12,11,16,8,8,10,3,7,0,0,0,0,0,0,20,20,4,9,6,1,0,0,0,16,10,6,0,16,0,4,1
55400357,1,,55400346,101,53,48,2,0,2,101,54,47,35,21,14,101,54,47,100,53,47,66,33,33,44,20,24,15,5,10,1,0,1,0,0,0,44,44,9,21,10,3,2,0,0,36,31,5,0,41,0,9,15
55400359,1,,55400349,92,42,50,1,0,1,93,43,50,44,22,22,93,43,50,93,43,50,49,21,28,21,8,13,13,5,8,1,1,0,0,0,0,45,45,16,14,14,2,0,0,0,29,20,9,0,31,0,8,5
55400360,0,,,537,267,270,64,39,25,473,228,245,258,125,133,467,225,242,463,223,240,215,103,112,103,40,63,42,16,26,4,1,3,2,0,2,225,225,64,80,37,25,14,3,2,161,136,25,21,144,0,42,44
55400361,2,55400370,,12,9,3,*,*,*,*,*,*,*,*,*,*,*,*,*,*,*,*,*,*,*,*,*,*,*,*,*,*,*,*,*,*,8,8,*,*,*,*,*,*,*,*,*,*,*,*,*,*,*
55400362,0,,,34,16,18,2,1,1,32,15,17,17,10,7,32,15,17,32,15,17,15,5,10,11,2,9,5,1,4,1,0,1,0,0,0,14,14,5,4,1,2,2,0,0,9,4,5,1,11,0,4,2
55400363,0,,,26,14,12,1,1,0,25,13,12,16,9,7,25,13,12,25,13,12,9,4,5,7,3,4,3,2,1,0,0,0,0,0,0,8,8,2,2,1,0,1,2,0,6,3,3,0,6,0,1,0
55400366,0,,,41,23,18,0,0,0,41,23,18,22,13,9,41,23,18,41,23,18,19,10,9,10,4,6,6,2,4,0,0,0,0,0,0,18,18,4,7,5,2,0,0,0,14,10,4,0,14,0,2,5
55400369,0,,,138,65,73,2,2,0,136,63,73,68,33,35,134,62,72,131,61,70,68,30,38,35,12,23,13,3,10,1,0,1,0,0,0,59,59,14,24,13,5,2,0,1,44,36,8,1,46,0,12,12
55400370,1,,55400361,285,140,145,23,12,11,274,137,137,155,80,75,267,136,131,264,135,129,119,57,62,62,25,37,19,6,13,1,0,1,5,3,2,113,113,39,35,19,16,6,5,1,82,61,21,3,86,0,28,18
55400371,0,,,40,23,17,4,3,1,36,20,16,18,8,10,35,20,15,34,19,15,18,12,6,9,6,3,2,2,0,0,0,0,0,0,0,18,18,6,6,2,4,0,0,0,12,10,2,0,13,0,5,4
55400372,0,,,17,8,9,0,0,0,17,8,9,4,2,2,17,8,9,17,8,9,13,6,7,7,3,4,6,3,3,0,0,0,0,0,0,5,4,1,2,0,1,0,0,0,3,3,0,0,4,0,1,2
55400374,1,,55400384;55400385,20,10,10,0,0,0,23,11,12,7,5,2,23,11,12,23,11,12,16,6,10,15,5,10,6,1,5,0,0,0,0,0,0,10,10,3,7,2,0,0,0,0,9,7,2,0,10,0,3,3
55400375,0,,,19,10,9,0,0,0,19,10,9,7,4,3,19,10,9,19,10,9,12,6,6,6,3,3,1,0,1,0,0,0,0,0,0,9,9,2,5,1,1,0,0,0,7,6,1,0,7,0,2,3
55400376,2,55400377,,10,7,3,*,*,*,*,*,*,*,*,*,*,*,*,*,*,*,*,*,*,*,*,*,*,*,*,*,*,*,*,*,*,5,5,*,*,*,*,*,*,*,*,*,*,*,*,*,*,*
55400377,1,,55400376,2,1,1,0,0,0,12,8,4,5,4,1,12,8,4,12,8,4,7,4,3,4,2,2,1,1,0,0,0,0,0,0,0,2,2,3,3,1,0,0,0,0,4,4,0,0,6,0,3,0
55400378,2,55400379,,9,4,5,*,*,*,*,*,*,*,*,*,*,*,*,*,*,*,*,*,*,*,*,*,*,*,*,*,*,*,*,*,*,3,3,*,*,*,*,*,*,*,*,*,*,*,*,*,*,*
55400379,1,,55400378,264,131,133,23,13,10,250,122,128,123,62,61,245,118,127,244,118,126,127,60,67,75,33,42,28,10,18,0,0,0,1,1,0,106,106,27,39,24,7,6,4,2,81,58,23,4,84,0,23,22
55400380,0,,,70,32,38,17,8,9,53,24,29,28,13,15,53,24,29,53,24,29,25,11,14,14,5,9,5,0,5,0,0,0,0,0,0,23,23,8,5,5,2,0,0,3,15,7,8,4,17,0,5,1
55400381,0,,,40,15,25,3,3,0,37,12,25,9,3,6,36,12,24,36,12,24,28,9,19,22,8,14,13,3,10,3,0,3,0,0,0,11,10,4,3,0,1,2,0,0,6,4,2,1,8,0,2,3
55400384,2,55400374,,2,1,1,*,*,*,*,*,*,*,*,*,*,*,*,*,*,*,*,*,*,*,*,*,*,*,*,*,*,*,*,*,*,1,1,*,*,*,*,*,*,*,*,*,*,*,*,*,*,*
55400385,2,55400374,,1,0,1,*,*,*,*,*,*,*,*,*,*,*,*,*,*,*,*,*,*,*,*,*,*,*,*,*,*,*,*,*,*,1,1,*,*,*,*,*,*,*,*,*,*,*,*,*,*,*
55400386,1,,55400396,58,28,30,2,1,1,66,31,35,24,14,10,65,30,35,65,30,35,42,17,25,16,3,13,12,2,10,2,1,1,0,0,0,26,26,6,14,5,2,1,1,0,23,15,8,0,27,0,6,4
55400388,0,,,29,11,18,1,1,0,28,10,18,13,4,9,27,10,17,27,10,17,15,6,9,9,2,7,7,2,5,0,0,0,0,0,0,12,12,3,4,3,1,1,0,0,9,5,4,0,11,0,3,2
55400389,0,,,156,82,74,13,9,4,143,73,70,69,40,29,139,71,68,137,70,67,74,33,41,32,14,18,16,5,11,3,0,3,1,0,1,63,63,14,23,15,8,1,0,2,49,37,12,2,46,0,10,13
55400390,0,,,191,97,94,20,13,7,171,84,87,95,51,44,167,82,85,163,80,83,76,33,43,41,16,25,16,5,11,0,0,0,0,0,0,74,74,17,33,7,6,5,5,1,57,41,16,3,49,0,13,13
55400391,0,,,14,6,8,0,0,0,14,6,8,11,5,6,14,6,8,12,5,7,3,1,2,3,1,2,2,1,1,0,0,0,0,0,0,6,6,2,2,1,0,1,0,0,4,4,0,0,3,0,2,0
55400395,0,,,22,11,11,1,1,0,21,10,11,8,4,4,21,10,11,21,10,11,13,6,7,9,3,6,7,2,5,0,0,0,0,0,0,9,9,3,3,0,2,1,0,0,6,3,3,1,8,0,2,2
55400396,2,55400386,,10,4,6,*,*,*,*,*,*,*,*,*,*,*,*,*,*,*,*,*,*,*,*,*,*,*,*,*,*,*,*,*,*,3,3,*,*,*,*,*,*,*,*,*,*,*,*,*,*,*
55400398,0,,,84,41,43,3,2,1,81,39,42,38,16,22,79,38,41,77,37,40,43,23,20,17,6,11,8,2,6,0,0,0,1,0,1,33,33,8,11,7,3,3,1,0,25,16,9,1,27,0,5,5
55400399,0,,,394,194,200,23,11,12,371,183,188,217,113,104,360,175,185,355,175,180,154,70,84,85,39,46,32,15,17,1,1,0,1,0,1,147,147,26,58,30,13,14,4,2,120,88,32,3,97,1,16,32
55400400,0,,,17,8,9,0,0,0,17,8,9,7,4,3,16,7,9,15,6,9,10,4,6,5,1,4,2,0,2,0,0,0,0,0,0,8,8,3,4,0,0,0,1,0,5,4,1,0,7,0,3,4
55400401,0,,,76,36,40,12,6,6,64,30,34,34,16,18,62,29,33,61,29,32,30,14,16,14,6,8,7,3,4,0,0,0,1,0,1,30,30,10,8,5,3,2,1,1,20,12,8,1,20,0,6,6
55400402,0,,,20,11,9,1,0,1,19,11,8,7,4,3,19,11,8,19,11,8,12,7,5,6,4,2,2,1,1,0,0,0,0,0,0,9,9,3,3,2,0,1,0,0,6,4,2,0,8,0,3,2
55400403,0,,,22,12,10,0,0,0,22,12,10,10,5,5,22,12,10,22,12,10,12,7,5,8,4,4,6,3,3,0,0,0,0,0,0,10,10,3,4,1,2,0,0,0,7,4,3,0,8,0,1,3
55400404,2,55400414,,8,5,3,*,*,*,*,*,*,*,*,*,*,*,*,*,*,*,*,*,*,*,*,*,*,*,*,*,*,*,*,*,*,4,4,*,*,*,*,*,*,*,*,*,*,*,*,*,*,*
55400408,0,,,35,20,15,0,0,0,35,20,15,15,11,4,35,20,15,35,20,15,20,9,11,10,3,7,3,1,2,1,0,1,0,0,0,19,19,9,5,4,1,0,0,0,10,8,2,0,15,0,6,3
55400409,0,,,101,30,71,0,0,0,101,30,71,1,1,0,101,30,71,101,30,71,100,29,71,85,17,68,55,5,50,11,1,10,0,0,0,2,0,0,0,0,0,0,0,0,0,0,0,0,0,0,0,0
55400410,0,,,18,9,9,2,0,2,16,9,7,7,5,2,16,9,7,16,9,7,9,4,5,6,3,3,1,0,1,0,0,0,0,0,0,7,7,3,1,1,1,0,1,0,4,2,2,0,6,0,3,1
55400411,0,,,94,49,45,7,5,2,87,44,43,42,25,17,84,42,42,82,41,41,45,19,26,25,9,16,8,3,5,1,0,1,0,0,0,34,34,9,10,5,5,3,0,2,25,16,9,2,29,0,8,5
55400413,2,55400423,,9,6,3,*,*,*,*,*,*,*,*,*,*,*,*,*,*,*,*,*,*,*,*,*,*,*,*,*,*,*,*,*,*,4,4,*,*,*,*,*,*,*,*,*,*,*,*,*,*,*
55400414,1,,55400404;55400424,3,2,1,0,0,0,15,10,5,11,9,2,15,10,5,15,10,5,4,1,3,3,1,2,0,0,0,0,0,0,0,0,0,2,2,4,1,3,0,0,0,0,4,4,0,0,3,0,1,1
55400418,1,,55400428,90,45,45,3,2,1,93,46,47,31,16,15,90,44,46,89,44,45,62,30,32,34,16,18,12,3,9,0,0,0,0,0,0,49,49,22,21,4,5,0,0,0,29,25,4,0,42,0,19,14
55400419,0,,,21,11,10,2,1,1,19,10,9,10,5,5,19,10,9,19,10,9,9,5,4,5,4,1,3,2,1,0,0,0,0,0,0,11,11,3,7,0,1,0,0,0,7,7,0,0,6,0,2,4
55400420,0,,,20,9,11,4,2,2,16,7,9,6,2,4,15,7,8,15,7,8,10,5,5,4,1,3,1,0,1,1,0,1,0,0,0,7,7,2,3,0,0,0,2,0,5,3,2,1,7,0,2,1
55400421,0,,,56,31,25,3,1,2,53,30,23,26,14,12,53,30,23,53,30,23,27,16,11,10,6,4,6,5,1,0,0,0,0,0,0,30,30,15,9,3,2,0,1,0,14,11,3,0,23,0,12,5
55400423,1,,55400413,10,6,4,0,0,0,19,12,7,6,4,2,19,12,7,19,12,7,13,8,5,5,3,2,1,1,0,0,0,0,0,0,0,7,7,5,4,2,0,0,0,0,6,6,0,0,9,0,4,3
55400424,2,55400414,,4,3,1,*,*,*,*,*,*,*,*,*,*,*,*,*,*,*,*,*,*,*,*,*,*,*,*,*,*,*,*,*,*,2,2,*,*,*,*,*,*,*,*,*,*,*,*,*,*,*
55400428,2,55400418,,6,3,3,*,*,*,*,*,*,*,*,*,*,*,*,*,*,*,*,*,*,*,*,*,*,*,*,*,*,*,*,*,*,3,3,*,*,*,*,*,*,*,*,*,*,*,*,*,*,*
55400430,0,,,21,8,13,0,0,0,21,8,13,10,3,7,21,8,13,21,8,13,11,5,6,8,4,4,3,1,2,0,0,0,0,0,0,10,10,3,4,2,1,0,0,0,7,6,1,0,8,0,3,3
55400431,0,,,70,37,33,3,2,1,67,35,32,31,19,12,65,34,31,64,33,31,36,16,20,25,12,13,13,6,7,0,0,0,0,0,0,33,33,12,10,8,2,0,1,0,21,15,6,0,24,0,8,6
55400433,0,,,10,4,6,0,0,0,10,4,6,5,2,3,10,4,6,10,4,6,5,2,3,4,1,3,2,1,1,0,0,0,0,0,0,5,5,2,1,2,0,0,0,0,3,3,0,0,4,0,2,1
55400440,1,,55400441,159,80,79,8,5,3,156,77,79,71,37,34,152,75,77,150,74,76,85,40,45,41,19,22,13,4,9,1,0,1,1,0,1,63,63,15,26,11,7,2,2,2,49,34,15,0,53,0,12,16
55400441,2,55400440,,5,2,3,*,*,*,*,*,*,*,*,*,*,*,*,*,*,*,*,*,*,*,*,*,*,*,*,*,*,*,*,*,*,2,2,*,*,*,*,*,*,*,*,*,*,*,*,*,*,*
55400447,2,55400456,,8,2,6,*,*,*,*,*,*,*,*,*,*,*,*,*,*,*,*,*,*,*,*,*,*,*,*,*,*,*,*,*,*,3,3,*,*,*,*,*,*,*,*,*,*,*,*,*,*,*
55400450,0,,,102,53,49,13,9,4,89,44,45,42,23,19,89,44,45,88,44,44,47,21,26,18,6,12,6,1,5,1,0,1,0,0,0,38,38,7,15,6,5,3,2,0,31,21,10,2,28,0,6,8
55400456,1,,55400447,13,7,6,3,0,3,18,9,9,12,7,5,18,9,9,17,8,9,6,2,4,3,1,2,1,0,1,1,0,1,0,0,0,5,5,3,2,1,0,1,1,0,5,2,3,0,5,0,2,0
55400458,2,55400468,,4,3,1,*,*,*,*,*,*,*,*,*,*,*,*,*,*,*,*,*,*,*,*,*,*,*,*,*,*,*,*,*,*,2,2,*,*,*,*,*,*,*,*,*,*,*,*,*,*,*
55400459,0,,,46,24,22,8,5,3,38,19,19,20,12,8,37,19,18,36,19,17,18,7,11,13,6,7,7,3,4,0,0,0,0,0,0,19,19,5,7,3,2,2,0,0,14,13,1,2,11,0,2,5
55400460,0,,,58,28,30,1,1,0,56,27,29,23,10,13,56,27,29,55,26,29,33,17,16,17,8,9,9,3,6,0,0,0,0,0,0,25,25,4,13,5,2,1,0,0,21,18,3,1,18,0,1,10
55400468,1,,55400458,15,6,9,1,0,1,18,9,9,8,2,6,18,9,9,18,9,9,10,7,3,6,3,3,4,2,2,0,0,0,0,0,0,6,6,1,3,4,0,0,0,0,7,7,0,0,7,0,1,2
55400470,1,,55400482;55400483,22,13,9,1,1,0,23,13,10,11,6,5,23,13,10,23,13,10,12,7,5,5,3,2,3,1,2,1,0,1,0,0,0,9,9,5,1,4,0,1,0,0,6,3,3,1,10,0,5,1
55400482,2,55400470,,1,0,1,*,*,*,*,*,*,*,*,*,*,*,*,*,*,*,*,*,*,*,*,*,*,*,*,*,*,*,*,*,*,1,1,*,*,*,*,*,*,*,*,*,*,*,*,*,*,*
55400483,2,55400470,,1,1,0,*,*,*,*,*,*,*,*,*,*,*,*,*,*,*,*,*,*,*,*,*,*,*,*,*,*,*,*,*,*,1,1,*,*,*,*,*,*,*,*,*,*,*,*,*,*,*
55400488,2,55400498,,2,1,1,*,*,*,*,*,*,*,*,*,*,*,*,*,*,*,*,*,*,*,*,*,*,*,*,*,*,*,*,*,*,1,1,*,*,*,*,*,*,*,*,*,*,*,*,*,*,*
55400496,2,55400497,,7,2,5,*,*,*,*,*,*,*,*,*,*,*,*,*,*,*,*,*,*,*,*,*,*,*,*,*,*,*,*,*,*,5,5,*,*,*,*,*,*,*,*,*,*,*,*,*,*,*
55400497,1,,55400496,35,15,20,0,0,0,42,17,25,12,6,6,40,17,23,40,17,23,30,11,19,14,3,11,7,2,5,0,0,0,0,0,0,17,17,6,13,2,1,0,0,0,16,14,2,0,20,0,6,9
55400498,1,,55400488,8,4,4,0,0,0,10,5,5,4,2,2,10,5,5,10,5,5,6,3,3,3,1,2,0,0,0,0,0,0,0,0,0,4,4,1,3,1,0,0,0,0,4,4,0,0,4,0,0,2
55400500,2,55400501,,4,2,2,*,*,*,*,*,*,*,*,*,*,*,*,*,*,*,*,*,*,*,*,*,*,*,*,*,*,*,*,*,*,2,2,*,*,*,*,*,*,*,*,*,*,*,*,*,*,*
55400501,1,,55400500,16,7,9,4,2,2,16,7,9,6,2,4,16,7,9,16,7,9,10,5,5,3,1,2,0,0,0,0,0,0,0,0,0,5,5,2,2,1,1,0,0,1,5,3,2,0,7,0,2,2
55400502,0,,,18,6,12,0,0,0,18,6,12,7,2,5,17,6,11,17,6,11,11,4,7,4,3,1,2,1,1,1,0,1,0,0,0,8,8,1,4,3,0,0,0,0,7,7,0,0,7,0,1,2
55400503,0,,,442,223,219,138,73,65,303,150,153,242,123,119,294,143,151,291,142,149,61,27,34,24,7,17,7,1,6,0,0,0,0,0,0,149,149,23,33,36,42,13,2,0,126,122,4,39,45,0,16,13
55400504,0,,,3674,1837,1837,606,324,282,3044,1495,1549,2386,1187,1199,2824,1379,1445,2713,1327,1386,658,308,350,303,131,172,72,27,45,9,3,6,42,17,25,1361,1360,300,369,282,301,86,17,5,1056,969,87,109,433,32,103,127
55400505,0,,,977,494,483,92,49,43,880,443,437,572,294,278,849,426,423,830,417,413,308,149,159,130,57,73,37,17,20,3,0,3,11,1,10,437,437,129,147,108,38,12,3,0,306,282,24,26,197,9,46,68
55400506,0,,,394,162,232,26,12,14,366,149,217,150,70,80,360,146,214,358,146,212,216,79,137,152,41,111,57,9,48,8,0,8,0,0,0,116,115,26,41,23,14,4,7,0,89,69,20,5,81,1,18,16
55400507,0,,,131,46,85,4,4,0,127,42,85,86,28,58,122,41,81,109,39,70,41,14,27,27,10,17,10,3,7,0,0,0,0,0,0,64,64,29,20,7,3,2,2,1,35,24,11,1,27,12,2,9
55400512,0,,,9,4,5,0,0,0,9,4,5,3,1,2,9,4,5,9,4,5,6,3,3,3,1,2,0,0,0,0,0,0,0,0,0,5,5,1,4,0,0,0,0,0,4,4,0,0,3,0,0,3
55400513,0,,,695,351,344,46,26,20,647,325,322,327,173,154,624,313,311,611,301,310,320,152,168,174,87,87,19,3,16,2,1,1,0,0,0,272,272,49,111,51,41,15,3,2,222,190,32,10,198,0,35,78
55400514,0,,,1417,690,727,168,86,82,1243,601,642,810,399,411,1196,574,622,1172,558,614,433,202,231,191,87,104,58,17,41,6,3,3,38,8,30,580,580,154,194,107,84,30,9,2,424,368,56,37,285,29,60,91
55400515,0,,,1657,783,874,233,111,122,1408,666,742,918,454,464,1359,640,719,1329,626,703,490,212,278,263,105,158,81,22,59,5,0,5,25,10,15,674,674,173,219,141,98,29,12,2,498,440,58,65,335,6,90,105
55400516,0,,,461,221,240,73,29,44,388,192,196,262,128,134,370,184,186,358,179,179,126,64,62,68,32,36,17,5,12,2,0,2,0,0,0,153,153,26,39,34,31,12,7,4,127,98,29,20,81,0,14,24
55400522,2,55400523,,3,2,1,*,*,*,*,*,*,*,*,*,*,*,*,*,*,*,*,*,*,*,*,*,*,*,*,*,*,*,*,*,*,1,1,*,*,*,*,*,*,*,*,*,*,*,*,*,*,*
55400523,1,,55400522,288,145,143,42,21,21,249,126,123,171,84,87,241,125,116,236,123,113,78,42,36,37,17,20,13,8,5,1,1,0,1,0,1,118,118,26,47,21,17,8,0,0,93,85,8,11,57,0,18,12
55400524,0,,,141,75,66,18,11,7,123,64,59,80,42,38,115,58,57,113,57,56,43,22,21,20,8,12,9,4,5,2,1,1,0,0,0,51,51,10,17,11,7,3,0,3,41,33,8,3,29,0,6,6
55400525,0,,,543,264,279,66,35,31,476,228,248,263,135,128,461,221,240,456,218,238,213,93,120,103,50,53,20,4,16,3,1,2,0,0,0,210,210,42,75,49,28,9,5,2,166,149,17,10,131,3,27,40
55400526,0,,,209,106,103,17,9,8,192,97,95,122,64,58,184,92,92,182,92,90,70,33,37,29,12,17,11,3,8,0,0,0,7,7,0,83,83,22,27,15,12,3,3,1,60,46,14,5,46,5,13,13
55400533,0,,,182,98,84,7,4,3,175,94,81,101,53,48,172,93,79,169,93,76,74,41,33,36,18,18,9,3,6,1,0,1,0,0,0,81,81,20,38,9,12,1,1,0,60,49,11,0,53,0,15,19
55400534,0,,,37,17,20,4,1,3,33,16,17,19,8,11,32,15,17,31,15,16,14,8,6,7,5,2,2,1,1,0,0,0,0,0,0,13,13,3,5,1,1,1,2,0,10,7,3,1,9,0,2,4
55400535,0,,,53,24,29,9,4,5,44,20,24,27,10,17,43,20,23,42,19,23,17,10,7,13,7,6,4,1,3,1,0,1,0,0,0,23,23,9,6,4,1,2,1,0,14,11,3,1,14,0,6,2
55400536,0,,,2130,1115,1015,119,60,59,2006,1055,951,1086,603,483,1842,907,935,1791,869,922,920,452,468,363,171,192,48,15,33,5,1,4,3,1,2,856,854,176,404,169,66,26,11,2,676,613,63,33,596,6,119,254
55400537,0,,,315,158,157,37,22,15,268,130,138,190,98,92,255,121,134,252,120,132,78,32,46,39,17,22,8,5,3,0,0,0,2,1,1,166,166,73,56,21,14,1,1,0,89,81,8,14,58,16,25,19
55400543,1,,55400552,179,92,87,6,3,3,177,92,85,97,56,41,172,87,85,170,86,84,80,36,44,31,9,22,12,3,9,2,0,2,1,1,0,78,77,19,38,8,7,6,0,0,59,48,11,0,55,0,12,22
55400544,0,,,237,131,106,13,7,6,223,123,100,128,79,49,204,104,100,198,99,99,95,44,51,48,20,28,16,5,11,0,0,0,0,0,0,88,87,14,43,15,8,5,0,2,73,63,10,6,61,0,9,24
55400545,0,,,971,469,502,75,35,40,889,430,459,547,265,282,860,417,443,844,408,436,342,165,177,147,67,80,31,8,23,2,0,2,2,0,2,411,411,108,145,86,49,20,2,1,298,256,42,23,223,18,48,72
55400546,0,,,622,309,313,71,28,43,551,281,270,350,183,167,536,274,262,529,271,258,201,98,103,91,42,49,27,14,13,0,0,0,0,0,0,244,244,52,87,51,37,10,5,2,190,165,25,20,141,1,34,42
55400547,0,,,1375,650,725,118,61,57,1245,583,662,748,371,377,1205,560,645,1175,549,626,497,212,285,265,102,163,79,19,60,10,0,10,6,3,3,618,617,224,193,117,60,13,9,1,389,348,41,26,328,6,122,79
55400551,0,,,9,4,5,0,0,0,9,4,5,5,2,3,9,4,5,9,4,5,4,2,2,4,2,2,2,1,1,0,0,0,0,0,0,5,5,2,2,1,0,0,0,0,3,3,0,0,3,0,2,1
55400552,2,55400543,,4,3,1,*,*,*,*,*,*,*,*,*,*,*,*,*,*,*,*,*,*,*,*,*,*,*,*,*,*,*,*,*,*,1,1,*,*,*,*,*,*,*,*,*,*,*,*,*,*,*
55400553,0,,,20,9,11,0,0,0,20,9,11,9,4,5,20,9,11,20,9,11,11,5,6,4,1,3,3,1,2,1,1,0,0,0,0,9,9,3,4,1,0,0,1,0,6,5,1,0,7,0,2,3
55400554,0,,,800,385,415,48,28,20,751,357,394,387,193,194,729,345,384,715,335,380,364,164,200,202,84,118,84,31,53,13,1,12,1,1,0,298,297,66,109,60,41,14,5,2,229,190,39,16,200,1,47,62
55400555,0,,,3210,1595,1615,289,148,141,2918,1445,1473,1671,841,830,2839,1403,1436,2789,1374,1415,1247,604,643,498,236,262,122,43,79,8,2,6,10,4,6,1256,1255,221,489,287,183,55,13,7,1028,895,133,76,796,7,158,288
55400556,0,,,2059,1028,1031,206,99,107,1800,906,894,1123,596,527,1739,866,873,1708,847,861,677,310,367,336,137,199,112,35,77,12,2,10,26,10,16,977,974,422,270,143,90,34,12,3,541,473,68,67,463,34,167,127
55400557,0,,,3141,1595,1546,296,159,137,2760,1388,1372,1636,877,759,2683,1350,1333,2634,1325,1309,1124,511,613,592,233,359,189,50,139,15,2,13,35,21,14,1504,1499,641,438,234,121,42,17,6,841,753,88,80,747,72,261,200
55400562,2,55400573,,2,1,1,*,*,*,*,*,*,*,*,*,*,*,*,*,*,*,*,*,*,*,*,*,*,*,*,*,*,*,*,*,*,1,1,*,*,*,*,*,*,*,*,*,*,*,*,*,*,*
55400563,0,,,103,45,58,4,1,3,99,44,55,43,18,25,99,44,55,98,44,54,56,26,30,20,9,11,7,2,5,1,0,1,0,0,0,46,46,10,21,11,3,0,1,0,36,31,5,1,36,0,6,15
55400564,0,,,1223,598,625,118,66,52,1103,531,572,598,310,288,1065,506,559,1049,496,553,505,221,284,262,113,149,70,20,50,5,1,4,0,0,0,507,506,129,192,91,60,24,8,2,374,328,46,25,337,3,93,114
55400565,0,,,2016,1011,1005,180,99,81,1824,906,918,1049,536,513,1776,881,895,1742,867,875,775,370,405,429,196,233,104,35,69,8,1,7,4,2,2,814,810,179,305,189,92,30,9,6,624,550,74,49,467,11,93,168
55400566,0,,,965,494,471,119,57,62,815,423,392,534,285,249,797,414,383,784,405,379,281,138,143,109,55,54,28,9,19,1,0,1,8,3,5,442,442,156,139,86,38,18,4,1,281,257,24,39,178,24,34,76
55400567,0,,,2167,1083,1084,261,132,129,1868,930,938,1263,661,602,1805,898,907,1766,879,887,605,269,336,297,127,170,102,40,62,7,4,3,20,18,2,947,946,334,281,159,127,32,8,5,604,529,75,55,405,52,102,126
55400568,0,,,79,41,38,7,3,4,72,38,34,41,23,18,69,37,32,69,37,32,31,15,16,20,10,10,8,4,4,1,0,1,0,0,0,33,33,9,10,7,6,1,0,0,24,19,5,2,20,0,4,4
55400570,0,,,23,13,10,0,0,0,23,13,10,7,5,2,23,13,10,23,13,10,16,8,8,13,6,7,5,2,3,2,1,1,0,0,0,10,10,2,6,0,1,1,0,0,8,6,2,0,9,0,2,3
55400573,1,,55400562,113,50,63,14,5,9,101,46,55,68,32,36,100,46,54,98,45,53,33,14,19,14,5,9,4,0,4,0,0,0,0,0,0,48,48,15,19,4,8,1,1,1,34,27,7,3,27,0,13,5
55400574,0,,,758,375,383,93,50,43,664,325,339,426,220,206,640,312,328,627,311,316,238,105,133,100,42,58,28,9,19,2,0,2,5,4,1,294,294,68,101,56,39,19,8,3,224,182,42,18,164,7,36,43
55400575,0,,,495,194,301,11,5,6,484,189,295,159,80,79,478,187,291,475,186,289,325,109,216,251,74,177,152,29,123,33,4,29,3,1,2,48,40,9,15,9,5,0,2,0,31,25,6,3,28,0,8,11
55400576,0,,,760,367,393,65,33,32,695,334,361,358,175,183,673,325,348,660,318,342,337,159,178,105,52,53,25,7,18,2,1,1,1,0,1,309,309,58,137,57,36,16,3,2,251,222,29,14,213,2,38,97
55400577,1,,55400578,1028,489,539,156,70,86,850,408,442,639,317,322,803,383,420,779,371,408,211,91,120,101,43,58,25,9,16,3,1,2,55,46,9,464,464,185,117,86,49,20,6,3,275,253,22,38,160,51,58,38
55400578,2,55400577,,5,3,2,*,*,*,*,*,*,*,*,*,*,*,*,*,*,*,*,*,*,*,*,*,*,*,*,*,*,*,*,*,*,2,2,*,*,*,*,*,*,*,*,*,*,*,*,*,*,*
55400583,0,,,20,10,10,0,0,0,20,10,10,11,7,4,20,10,10,20,10,10,9,3,6,5,1,4,0,0,0,0,0,0,0,0,0,11,11,6,2,2,1,0,0,0,5,5,0,0,7,0,4,2
55400584,0,,,1011,528,483,164,82,82,834,440,394,606,322,284,800,421,379,774,409,365,228,118,110,81,42,39,19,7,12,0,0,0,8,5,3,392,392,102,111,80,65,24,6,4,286,250,36,31,155,14,39,41
55400585,0,,,661,337,324,81,45,36,573,290,283,333,174,159,553,280,273,540,272,268,240,116,124,104,48,56,35,13,22,7,3,4,1,0,1,279,279,77,102,42,42,11,4,1,200,174,26,19,150,6,34,57
55400586,0,,,683,329,354,75,34,41,606,294,312,343,190,153,591,285,306,576,277,299,263,104,159,155,51,104,71,18,53,26,6,20,0,0,0,266,265,72,87,59,31,12,2,2,191,168,23,19,137,3,34,38
55400587,0,,,252,128,124,17,11,6,235,117,118,147,73,74,227,114,113,223,112,111,88,44,44,46,22,24,15,9,6,0,0,0,0,0,0,103,102,25,34,23,14,4,2,0,75,65,10,3,61,0,18,17
55400588,0,,,102,51,51,5,2,3,97,49,48,48,27,21,94,48,46,94,48,46,49,22,27,28,12,16,7,5,2,0,0,0,0,0,0,42,42,10,16,6,8,2,0,0,32,28,4,1,30,0,7,11
55400593,0,,,101,52,49,8,5,3,93,47,46,53,25,28,88,45,43,87,45,42,40,22,18,24,17,7,1,0,1,0,0,0,0,0,0,44,44,14,17,5,4,3,0,1,30,26,4,0,25,0,7,11
55400594,0,,,233,109,124,21,12,9,212,97,115,136,59,77,204,93,111,200,89,111,76,38,38,26,14,12,10,4,6,2,0,2,0,0,0,84,84,17,32,13,9,6,4,3,66,49,17,5,53,1,10,17
55400595,0,,,267,136,131,26,18,8,239,118,121,177,91,86,234,116,118,226,112,114,62,27,35,16,3,13,6,1,5,2,1,1,1,0,1,103,103,23,31,28,11,7,2,1,79,69,10,8,42,2,10,12
55400596,0,,,64,31,33,3,2,1,61,29,32,33,15,18,59,28,31,57,27,30,28,14,14,14,6,8,3,2,1,0,0,0,0,0,0,26,26,6,8,8,2,2,0,0,20,15,5,2,19,0,5,6
55400597,0,,,31,16,15,2,1,1,29,15,14,17,10,7,27,15,12,27,15,12,12,5,7,6,3,3,2,1,1,0,0,0,0,0,0,10,10,1,2,5,1,0,0,1,9,7,2,0,7,0,0,2
55400598,0,,,76,44,32,7,4,3,69,40,29,39,24,15,66,37,29,65,37,28,30,16,14,11,7,4,3,1,2,1,0,1,2,1,1,38,38,14,14,6,4,0,0,0,24,23,1,0,18,1,2,10
55401000,2,55401001,,4,2,2,*,*,*,*,*,*,*,*,*,*,*,*,*,*,*,*,*,*,*,*,*,*,*,*,*,*,*,*,*,*,2,2,*,*,*,*,*,*,*,*,*,*,*,*,*,*,*
55401001,1,,55401000,136,67,69,17,9,8,123,60,63,72,37,35,120,58,62,118,56,62,51,23,28,24,9,15,9,2,7,0,0,0,0,0,0,37,37,6,12,4,6,2,4,5,31,16,15,2,31,0,4,7
55401002,0,,,58,32,26,5,0,5,53,32,21,31,20,11,51,30,21,51,30,21,22,12,10,13,7,6,4,2,2,1,0,1,0,0,0,19,19,2,8,4,2,0,2,1,17,12,5,1,14,0,2,2
55401003,0,,,35,19,16,3,2,1,32,17,15,18,10,8,32,17,15,32,17,15,14,7,7,4,2,2,0,0,0,0,0,0,0,0,0,10,10,1,2,2,3,0,2,0,9,7,2,1,9,0,1,0
55401004,0,,,23,10,13,3,2,1,20,8,12,9,3,6,20,8,12,20,8,12,11,5,6,5,2,3,2,0,2,0,0,0,1,0,1,8,8,2,2,3,0,0,0,1,6,4,2,1,7,0,1,1
55401005,0,,,41,20,21,1,0,1,40,20,20,22,12,10,40,20,20,40,20,20,18,8,10,9,3,6,1,0,1,0,0,0,0,0,0,14,14,2,4,3,4,0,1,0,12,7,5,1,12,0,1,2
55401006,0,,,36,18,18,6,2,4,30,16,14,17,9,8,29,15,14,29,15,14,13,7,6,5,1,4,2,0,2,0,0,0,0,0,0,11,11,2,3,1,2,2,0,1,9,6,3,2,8,0,2,1
55401007,0,,,21,10,11,1,1,0,20,9,11,10,4,6,20,9,11,20,9,11,10,5,5,7,2,5,4,1,3,0,0,0,0,0,0,7,7,0,4,1,1,0,1,0,7,6,1,0,7,0,0,1
55401008,0,,,58,31,27,5,3,2,53,28,25,31,17,14,53,28,25,52,27,25,22,11,11,13,8,5,5,2,3,1,0,1,0,0,0,19,19,2,6,4,4,2,1,0,17,13,4,1,11,0,1,4
55401009,0,,,162,80,82,10,1,9,152,79,73,100,53,47,150,77,73,146,74,72,52,26,26,25,10,15,10,4,6,2,1,1,0,0,0,58,58,12,16,15,7,6,0,2,46,32,14,3,33,0,5,5
55401010,0,,,20,12,8,7,5,2,13,7,6,7,4,3,13,7,6,13,7,6,6,3,3,4,2,2,0,0,0,0,0,0,0,0,0,5,5,0,0,2,1,2,0,0,5,4,1,2,3,0,0,0
55401011,0,,,93,48,45,4,3,1,89,45,44,46,26,20,88,44,44,87,43,44,43,19,24,16,4,12,5,0,5,0,0,0,0,0,0,36,36,6,12,12,4,1,1,0,30,23,7,1,28,0,6,5
55401012,0,,,38,19,19,4,3,1,34,16,18,22,10,12,33,16,17,32,15,17,12,6,6,5,2,3,2,1,1,0,0,0,0,0,0,12,12,1,4,3,1,2,1,0,11,6,5,0,9,0,1,2
55401013,0,,,60,33,27,9,5,4,51,28,23,25,15,10,51,28,23,51,28,23,26,13,13,12,6,6,7,3,4,0,0,0,0,0,0,19,19,3,6,1,6,1,1,1,16,11,5,3,16,0,3,4
55401014,0,,,76,40,36,9,7,2,67,33,34,43,22,21,67,33,34,65,33,32,24,11,13,10,3,7,2,0,2,0,0,0,1,0,1,26,26,7,5,6,5,1,0,2,19,12,7,2,17,0,6,2
55401015,0,,,64,35,29,4,3,1,60,32,28,28,15,13,58,30,28,58,30,28,32,17,15,14,7,7,5,2,3,0,0,0,0,0,0,27,27,11,6,3,3,4,0,0,16,8,8,2,21,0,8,5
55401016,0,,,50,25,25,2,0,2,48,25,23,29,17,12,48,25,23,46,23,23,19,8,11,11,4,7,5,2,3,1,0,1,0,0,0,16,16,2,6,0,4,4,0,0,14,8,6,0,13,0,2,2
55401017,0,,,13,5,8,4,1,3,9,4,5,4,2,2,9,4,5,9,4,5,5,2,3,3,1,2,1,0,1,0,0,0,0,0,0,5,5,1,3,0,0,0,1,0,4,4,0,1,3,0,1,2
55401018,0,,,48,26,22,4,4,0,44,22,22,28,16,12,42,20,22,41,19,22,16,6,10,7,2,5,4,2,2,0,0,0,0,0,0,17,17,0,8,5,3,1,0,0,17,14,3,0,10,0,0,2
55401019,0,,,683,329,354,49,33,16,633,295,338,348,184,164,616,286,330,610,281,329,285,111,174,191,66,125,103,28,75,23,5,18,14,7,7,248,246,72,74,44,30,18,7,1,172,121,51,15,143,9,30,31
55401020,0,,,77,34,43,3,1,2,74,33,41,48,20,28,72,33,39,68,31,37,26,13,13,12,4,8,6,2,4,0,0,0,0,0,0,25,25,3,7,7,4,1,3,0,22,13,9,0,17,0,1,4
55401021,0,,,52,26,26,2,1,1,50,25,25,27,14,13,47,25,22,46,25,21,23,11,12,9,4,5,1,0,1,0,0,0,0,0,0,20,20,3,8,4,4,1,0,0,17,14,3,0,15,0,3,6
55401022,0,,,107,45,62,4,2,2,103,43,60,25,14,11,103,43,60,101,42,59,78,29,49,59,16,43,44,8,36,11,1,10,0,0,0,16,15,3,3,5,1,1,1,1,12,9,3,0,11,0,2,2
55401023,0,,,47,21,26,8,4,4,39,17,22,16,7,9,38,17,21,37,17,20,23,10,13,10,4,6,5,1,4,1,0,1,0,0,0,15,15,3,3,3,3,2,0,1,11,7,4,1,14,0,3,1
55401024,0,,,56,28,28,12,5,7,44,23,21,29,15,14,44,23,21,43,22,21,15,8,7,6,2,4,3,1,2,1,0,1,0,0,0,19,19,3,6,3,5,1,0,1,16,12,4,4,11,0,2,4
55401025,2,55401035,,6,3,3,*,*,*,*,*,*,*,*,*,*,*,*,*,*,*,*,*,*,*,*,*,*,*,*,*,*,*,*,*,*,2,2,*,*,*,*,*,*,*,*,*,*,*,*,*,*,*
55401027,0,,,11,6,5,0,0,0,11,6,5,5,4,1,11,6,5,11,6,5,6,2,4,4,1,3,2,0,2,0,0,0,0,0,0,4,4,0,2,1,1,0,0,0,4,3,1,0,4,0,0,1
55401028,0,,,42,21,21,1,1,0,41,20,21,16,9,7,41,20,21,40,19,21,25,11,14,13,5,8,7,2,5,1,0,1,0,0,0,15,15,3,5,3,2,0,2,0,12,8,4,0,13,0,3,4
55401029,0,,,182,96,86,19,8,11,161,86,75,103,62,41,155,81,74,155,81,74,58,24,34,22,6,16,9,3,6,0,0,0,8,8,0,74,74,27,19,12,7,4,2,3,47,35,12,5,43,2,7,10
55401030,0,,,103,52,51,14,7,7,89,45,44,57,31,26,86,42,44,85,42,43,32,14,18,16,5,11,7,2,5,0,0,0,1,0,1,31,31,5,8,3,8,4,2,1,26,15,11,4,21,1,3,6
55401031,0,,,50,30,20,2,1,1,48,29,19,31,21,10,46,27,19,46,27,19,17,8,9,6,2,4,5,1,4,0,0,0,0,0,0,20,20,6,6,3,3,1,1,0,13,9,4,1,12,0,2,4
55401032,0,,,45,21,24,0,0,0,45,21,24,22,13,9,45,21,24,45,21,24,23,8,15,13,4,9,6,2,4,1,0,1,0,0,0,15,15,2,5,2,4,1,1,0,12,6,6,0,12,0,1,2
55401033,0,,,36,20,16,2,1,1,34,19,15,17,11,6,33,19,14,32,18,14,17,8,9,8,2,6,3,0,3,0,0,0,0,0,0,12,12,1,3,5,2,0,1,0,11,8,3,0,10,0,1,1
55401034,0,,,75,41,34,7,5,2,68,36,32,43,27,16,65,35,30,64,34,30,25,9,16,13,4,9,9,2,7,0,0,0,0,0,0,25,25,3,8,5,5,3,1,0,22,16,6,2,16,0,3,3
55401035,1,,55401025,72,36,36,3,3,0,75,36,39,38,18,20,73,35,38,73,35,38,37,18,19,13,6,7,5,2,3,0,0,0,1,0,1,27,27,5,8,10,5,0,0,1,23,15,8,0,23,0,1,5
55401036,0,,,86,46,40,6,6,0,80,40,40,38,20,18,78,38,40,76,36,40,42,20,22,18,7,11,11,4,7,2,0,2,0,0,0,33,33,9,9,6,5,3,1,0,24,16,8,0,26,0,8,7
55401037,0,,,81,43,38,9,4,5,72,39,33,40,23,17,71,39,32,69,38,31,32,16,16,10,3,7,3,1,2,1,0,1,0,0,0,33,33,8,14,5,2,3,0,1,25,22,3,1,20,0,3,7
55401038,0,,,90,49,41,6,2,4,84,47,37,50,28,22,83,46,37,83,46,37,34,19,15,19,10,9,3,3,0,0,0,0,0,0,0,30,30,4,8,8,6,2,2,0,26,17,9,0,24,0,2,3
55401039,0,,,213,112,101,20,9,11,191,102,89,120,66,54,183,96,87,178,94,84,71,36,35,33,15,18,14,5,9,0,0,0,4,2,2,73,73,15,20,13,13,8,2,2,57,38,19,5,47,5,7,11
55401040,0,,,68,28,40,3,2,1,65,26,39,42,16,26,63,26,37,61,26,35,23,10,13,11,5,6,2,0,2,0,0,0,6,0,6,27,27,9,9,3,2,2,0,2,18,13,5,1,14,0,1,4
55401041,0,,,75,42,33,5,3,2,70,39,31,42,26,16,66,35,31,66,35,31,28,13,15,15,6,9,8,2,6,1,0,1,0,0,0,22,22,1,7,6,3,3,0,2,21,15,6,2,16,0,1,3
55401042,0,,,69,31,38,6,3,3,63,28,35,34,14,20,62,27,35,62,27,35,29,14,15,15,6,9,8,4,4,0,0,0,0,0,0,23,23,3,6,4,9,0,1,0,20,13,7,2,21,0,3,3
55401043,0,,,85,48,37,10,6,4,75,42,33,35,22,13,74,42,32,74,42,32,40,20,20,18,9,9,2,0,2,1,0,1,1,1,0,31,31,5,12,8,1,2,3,0,26,20,6,3,26,0,3,6
55401044,0,,,74,37,37,5,2,3,69,35,34,48,26,22,66,35,31,64,35,29,21,9,12,10,4,6,4,2,2,0,0,0,1,1,0,26,26,4,6,9,5,1,1,0,22,18,4,1,13,0,2,2
55401045,0,,,21,12,9,1,1,0,20,11,9,13,7,6,19,11,8,17,9,8,7,4,3,1,1,0,0,0,0,0,0,0,0,0,0,7,7,1,2,2,1,0,1,0,6,5,1,0,4,0,1,0
55401046,0,,,19,9,10,3,1,2,16,8,8,6,3,3,15,7,8,15,7,8,10,5,5,5,2,3,2,2,0,0,0,0,0,0,0,9,9,4,3,1,0,0,1,0,5,5,0,0,7,0,3,3
55401047,0,,,65,36,29,10,5,5,55,31,24,29,17,12,53,29,24,51,28,23,26,14,12,17,8,9,7,4,3,1,1,0,0,0,0,21,21,6,3,6,2,0,2,2,15,9,6,2,19,0,6,2
55401048,0,,,102,49,53,2,1,1,100,48,52,58,29,29,97,46,51,95,46,49,42,19,23,25,9,16,13,5,8,1,0,1,0,0,0,31,31,3,8,7,8,2,1,2,27,12,15,0,25,0,3,3
55401049,0,,,297,146,151,27,12,15,270,134,136,129,65,64,265,131,134,261,128,133,141,69,72,63,26,37,24,10,14,2,0,2,0,0,0,112,112,18,43,28,11,8,3,1,93,69,24,4,90,0,15,28
55401050,0,,,63,33,30,6,4,2,57,29,28,33,18,15,55,28,27,54,28,26,24,11,13,11,4,7,3,0,3,0,0,0,0,0,0,21,21,5,6,4,1,1,3,1,16,9,7,2,15,0,0,4
55401051,0,,,68,27,41,2,0,2,66,27,39,34,14,20,66,27,39,66,27,39,32,13,19,15,8,7,6,3,3,1,0,1,0,0,0,25,25,2,11,8,1,2,1,0,23,17,6,0,19,0,1,2
55401052,0,,,50,28,22,5,4,1,45,24,21,22,11,11,44,24,20,44,24,20,23,13,10,6,3,3,1,0,1,0,0,0,0,0,0,19,19,3,8,4,2,1,1,0,16,12,4,2,13,0,1,5
55401053,0,,,30,14,16,1,0,1,29,14,15,14,7,7,28,14,14,28,14,14,15,7,8,11,6,5,4,1,3,0,0,0,0,0,0,10,10,0,4,4,1,0,1,0,10,5,5,0,10,0,0,2
55401054,0,,,46,23,23,4,1,3,42,22,20,28,15,13,42,22,20,42,22,20,14,7,7,6,2,4,3,0,3,0,0,0,0,0,0,17,17,5,1,6,4,1,0,0,12,9,3,2,9,0,2,0
55401055,0,,,92,51,41,7,5,2,82,44,38,46,25,21,82,44,38,79,42,37,36,19,17,20,10,10,11,5,6,0,0,0,0,0,0,28,28,1,11,7,3,4,0,2,26,20,6,1,21,0,1,8
55401056,0,,,47,25,22,7,5,2,40,20,20,24,14,10,37,18,19,35,16,19,16,6,10,5,1,4,2,0,2,0,0,0,1,0,1,15,15,3,4,3,2,0,2,1,12,8,4,2,9,0,1,2
55401057,0,,,131,66,65,13,7,6,118,59,59,69,39,30,115,56,59,115,56,59,49,20,29,24,9,15,15,5,10,0,0,0,2,1,1,46,46,8,15,10,5,5,3,0,37,29,8,1,32,0,6,10
55401058,0,,,157,80,77,20,12,8,137,68,69,74,37,37,131,65,66,131,65,66,63,31,32,36,18,18,10,5,5,0,0,0,0,0,0,47,47,5,15,9,10,2,2,4,42,26,16,3,36,0,5,10
55401059,0,,,202,98,104,14,7,7,188,91,97,102,52,50,184,88,96,180,88,92,86,39,47,39,16,23,14,4,10,2,0,2,0,0,0,68,68,7,29,11,8,7,5,1,59,39,20,5,51,0,6,13
55401060,0,,,234,110,124,25,8,17,209,102,107,112,55,57,204,99,105,201,97,104,97,47,50,47,23,24,18,6,12,1,0,1,0,0,0,88,88,19,27,24,7,6,4,1,69,50,19,5,65,0,14,15
55401061,0,,,215,109,106,24,13,11,191,96,95,100,55,45,184,92,92,182,90,92,91,41,50,30,14,16,12,4,8,4,0,4,1,0,1,77,77,17,24,15,8,7,4,2,60,43,17,4,57,0,9,17
55401062,0,,,29,16,13,6,3,3,23,13,10,12,7,5,22,12,10,21,12,9,11,6,5,4,2,2,1,1,0,1,1,0,0,0,0,8,8,1,1,2,1,2,1,0,7,3,4,1,6,0,1,1
55401063,0,,,130,69,61,14,8,6,116,61,55,61,32,29,114,60,54,112,59,53,55,29,26,26,14,12,12,6,6,1,0,1,0,0,0,43,43,9,12,8,3,7,2,2,32,24,8,1,34,0,7,5
55401064,0,,,232,122,110,20,11,9,212,111,101,117,65,52,207,106,101,206,106,100,95,46,49,49,23,26,13,5,8,3,1,2,1,0,1,82,82,16,24,19,11,6,5,1,66,44,22,5,58,0,10,11
55401065,0,,,259,130,129,25,11,14,233,118,115,125,70,55,227,116,111,226,115,111,108,48,60,43,14,29,21,4,17,2,1,1,0,0,0,87,87,22,15,22,11,9,4,4,65,38,27,6,67,0,12,7
55401066,0,,,116,66,50,7,4,3,109,62,47,59,37,22,105,58,47,104,57,47,50,25,25,31,13,18,11,4,7,0,0,0,0,0,0,42,42,11,9,9,9,2,1,1,31,18,13,3,31,0,5,5
55401067,0,,,205,95,110,18,10,8,187,85,102,100,46,54,185,83,102,182,83,99,87,39,48,44,18,26,18,9,9,1,0,1,0,0,0,70,70,8,26,13,13,8,1,1,61,44,17,4,50,0,8,10
55401068,0,,,71,36,35,8,2,6,63,34,29,32,19,13,63,34,29,63,34,29,31,15,16,21,9,12,10,5,5,1,1,0,0,0,0,27,27,4,9,9,3,2,0,0,23,20,3,3,19,0,2,5
55401069,0,,,87,52,35,8,4,4,79,48,31,45,28,17,77,47,30,76,47,29,34,20,14,12,7,5,3,2,1,0,0,0,0,0,0,32,32,9,8,4,7,3,0,1,23,17,6,3,24,0,7,5
55401070,0,,,350,153,197,39,19,20,311,134,177,192,86,106,301,130,171,296,126,170,119,48,71,66,21,45,31,8,23,2,0,2,0,0,0,112,112,17,26,24,24,13,8,0,94,54,40,11,78,0,10,13
55401071,0,,,50,23,27,4,2,2,46,21,25,17,8,9,45,20,25,44,19,25,29,13,16,10,3,7,3,0,3,0,0,0,1,0,1,18,18,3,8,2,2,2,0,1,15,8,7,0,16,0,3,6
55401072,0,,,108,54,54,19,10,9,89,44,45,55,27,28,85,42,43,84,41,43,34,17,17,13,6,7,6,3,3,0,0,0,0,0,0,28,28,2,6,2,9,4,3,2,26,11,15,3,22,0,1,4
55401073,0,,,68,37,31,6,4,2,62,33,29,31,17,14,59,31,28,58,30,28,31,16,15,16,7,9,9,5,4,0,0,0,0,0,0,19,19,1,4,5,4,2,3,0,18,9,9,1,16,0,0,2
55401074,0,,,76,35,41,9,6,3,67,29,38,37,16,21,65,29,36,64,28,36,30,13,17,15,8,7,5,3,2,1,1,0,0,0,0,24,24,4,6,4,6,2,0,2,20,10,10,1,19,0,3,5
55401075,0,,,149,77,72,17,10,7,132,67,65,72,40,32,131,67,64,130,66,64,60,27,33,21,9,12,12,3,9,0,0,0,0,0,0,51,51,10,16,11,5,3,3,3,41,24,17,4,37,0,7,4
55401076,0,,,117,60,57,11,8,3,106,52,54,56,30,26,102,49,53,101,49,52,50,22,28,24,10,14,11,3,8,1,0,1,1,0,1,38,38,2,19,5,6,1,4,1,36,22,14,3,31,0,1,8
55401077,0,,,184,92,92,15,7,8,169,85,84,105,58,47,159,81,78,155,78,77,64,27,37,28,11,17,11,3,8,0,0,0,0,0,0,69,69,18,22,12,7,5,4,1,50,36,14,3,43,0,9,14
55401078,0,,,52,25,27,4,2,2,48,23,25,29,16,13,45,20,25,45,20,25,19,7,12,11,4,7,2,0,2,1,0,1,0,0,0,19,19,5,6,3,2,1,1,1,14,9,5,0,12,0,2,2
55401079,0,,,147,72,75,23,14,9,124,58,66,73,32,41,120,57,63,119,56,63,51,26,25,25,13,12,13,6,7,1,0,1,2,0,2,49,49,10,10,15,5,4,3,2,39,24,15,4,36,0,8,5
55401080,0,,,259,131,128,33,15,18,226,116,110,127,72,55,220,114,106,215,111,104,99,44,55,35,11,24,10,1,9,3,0,3,1,0,1,82,82,11,20,22,16,4,6,3,70,44,26,7,59,0,6,11
55401081,0,,,78,42,36,7,3,4,71,39,32,39,22,17,70,38,32,68,36,32,32,17,15,10,4,6,5,2,3,0,0,0,0,0,0,26,26,3,11,4,2,3,3,0,23,16,7,2,18,0,2,6
55401082,0,,,138,67,71,14,6,8,124,61,63,77,36,41,121,60,61,121,60,61,47,25,22,24,12,12,7,2,5,1,0,1,0,0,0,43,43,6,10,11,5,8,2,1,37,25,12,4,26,0,2,5
55401083,0,,,162,84,78,14,9,5,147,75,72,89,50,39,143,73,70,141,72,69,58,25,33,24,8,16,11,3,8,2,1,1,0,0,0,49,49,4,14,12,10,3,3,3,45,25,20,2,33,0,2,3
55401084,0,,,105,50,55,15,7,8,89,43,46,43,23,20,87,41,46,87,41,46,46,20,26,13,5,8,6,1,5,1,0,1,0,0,0,32,32,2,10,6,8,3,3,0,30,19,11,2,25,0,1,5
55401085,0,,,12,5,7,0,0,0,12,5,7,7,3,4,12,5,7,11,5,6,5,2,3,5,2,3,1,0,1,0,0,0,0,0,0,5,5,1,2,1,1,0,0,0,4,3,1,0,3,0,0,2
55401086,0,,,215,102,113,17,7,10,198,95,103,114,60,54,189,89,100,186,89,97,84,35,49,41,14,27,18,6,12,2,2,0,1,1,0,64,63,5,13,20,12,8,2,3,58,32,26,4,47,0,3,6
55401087,0,,,41,25,16,1,1,0,40,24,16,22,14,8,40,24,16,40,24,16,18,10,8,1,0,1,1,0,1,0,0,0,1,0,1,17,17,5,5,4,2,0,1,0,12,9,3,1,13,0,3,2
55401088,0,,,32,18,14,1,0,1,31,18,13,17,12,5,30,18,12,30,18,12,14,6,8,4,1,3,1,1,0,0,0,0,1,0,1,12,12,4,2,4,1,0,0,1,8,7,1,0,10,0,4,0
55401089,0,,,175,83,92,16,5,11,158,77,81,90,42,48,155,75,80,153,75,78,68,35,33,33,16,17,23,9,14,4,2,2,1,0,1,62,62,13,21,8,10,6,2,2,49,35,14,5,44,0,10,10
55401090,0,,,85,42,43,5,2,3,77,39,38,60,32,28,76,39,37,76,39,37,17,7,10,8,2,6,2,1,1,0,0,0,0,0,0,36,36,14,10,5,3,2,0,2,22,17,5,1,12,0,1,1
55401091,0,,,345,167,178,41,16,25,304,151,153,178,103,75,295,146,149,289,140,149,126,48,78,65,19,46,38,9,29,4,0,4,0,0,0,112,111,12,38,21,28,9,2,1,99,79,20,11,69,0,7,15
55401092,0,,,89,46,43,8,4,4,81,42,39,50,29,21,79,41,38,77,39,38,31,13,18,13,4,9,6,2,4,1,0,1,0,0,0,28,28,2,10,9,3,1,1,2,26,13,13,1,20,0,2,3
55401093,0,,,77,40,37,8,5,3,69,35,34,39,21,18,66,33,33,65,33,32,30,14,16,10,3,7,4,0,4,0,0,0,0,0,0,24,24,3,4,6,9,1,0,1,21,13,8,1,15,0,1,2
55401094,0,,,130,68,62,18,7,11,112,61,51,73,43,30,108,59,49,105,56,49,39,18,21,20,8,12,9,4,5,0,0,0,0,0,0,30,29,2,5,6,8,2,3,3,27,14,13,4,19,0,2,3
55401095,0,,,82,44,38,9,3,6,73,41,32,43,25,18,71,41,30,69,39,30,30,16,14,13,8,5,5,2,3,2,1,1,0,0,0,24,24,2,8,3,4,4,2,1,22,12,10,3,18,0,0,3
55401096,0,,,139,62,77,13,6,7,126,56,70,76,37,39,119,53,66,117,53,64,50,19,31,19,5,14,10,1,9,1,0,1,0,0,0,42,42,5,8,12,11,2,2,2,37,22,15,2,31,0,5,5
55401097,0,,,82,45,37,3,1,2,79,44,35,53,32,21,76,42,34,74,40,34,26,12,14,9,4,5,5,3,2,1,1,0,0,0,0,29,29,10,3,6,5,2,3,0,19,12,7,0,15,0,5,1
55401098,0,,,183,72,111,15,8,7,165,62,103,65,33,32,163,61,102,161,61,100,100,29,71,68,16,52,44,6,38,12,1,11,0,0,0,47,46,7,14,9,10,3,3,0,38,24,14,3,30,0,4,9
55401099,0,,,136,74,62,12,6,6,124,68,56,70,45,25,118,64,54,116,63,53,54,23,31,21,6,15,10,2,8,1,0,1,1,0,1,50,50,11,13,13,7,4,2,0,39,29,10,1,33,0,8,6
55401100,0,,,546,263,283,54,21,33,492,242,250,292,150,142,470,229,241,461,222,239,200,92,108,84,37,47,35,8,27,4,1,3,5,4,1,216,216,61,64,41,28,11,10,1,154,116,38,17,131,4,37,27
55401101,0,,,321,167,154,40,25,15,281,142,139,172,91,81,274,140,134,270,137,133,109,51,58,47,20,27,20,8,12,1,0,1,7,2,5,125,125,43,26,25,15,11,1,4,82,60,22,9,78,5,25,10
55401102,0,,,9,4,5,0,0,0,9,4,5,9,4,5,9,4,5,8,3,5,0,0,0,0,0,0,0,0,0,0,0,0,5,1,4,6,6,5,0,0,1,0,0,0,1,1,0,0,0,4,0,0
55401103,0,,,126,65,61,9,5,4,117,60,57,70,38,32,112,58,54,111,58,53,47,22,25,23,11,12,11,4,7,0,0,0,1,0,1,40,40,8,10,6,9,3,2,2,31,16,15,1,32,0,7,4
55401105,0,,,29,14,15,3,2,1,26,12,14,13,8,5,26,12,14,26,12,14,13,4,9,9,2,7,5,2,3,0,0,0,0,0,0,10,10,1,3,3,2,1,0,0,9,6,3,1,9,0,1,1
55401106,0,,,144,74,70,22,10,12,122,64,58,61,29,32,120,63,57,119,62,57,61,35,26,28,18,10,7,5,2,1,1,0,2,0,2,47,47,9,12,8,10,4,2,2,38,20,18,4,38,2,6,8
55401107,0,,,79,38,41,2,1,1,77,37,40,39,18,21,74,35,39,74,35,39,38,19,19,18,7,11,8,2,6,1,0,1,3,0,3,29,29,1,14,7,6,1,0,0,28,22,6,0,24,0,1,7
55401108,0,,,124,66,58,19,12,7,105,54,51,62,32,30,104,53,51,104,53,51,43,22,21,25,12,13,7,4,3,0,0,0,3,0,3,38,38,8,11,4,5,5,2,3,30,15,15,4,29,0,5,4
55401110,0,,,1045,530,515,119,52,67,916,470,446,559,298,261,903,463,440,891,457,434,357,172,185,190,83,107,77,36,41,1,1,0,14,10,4,425,424,119,133,88,48,23,7,6,303,234,69,44,250,17,55,63
55401111,1,,55401112,162,82,80,22,16,6,142,67,75,84,41,43,135,63,72,132,62,70,58,26,32,23,9,14,11,4,7,2,1,1,0,0,0,55,55,16,14,14,5,4,2,3,41,32,9,5,40,0,10,7
55401112,2,55401111,,4,2,2,*,*,*,*,*,*,*,*,*,*,*,*,*,*,*,*,*,*,*,*,*,*,*,*,*,*,*,*,*,*,3,3,*,*,*,*,*,*,*,*,*,*,*,*,*,*,*
55401113,0,,,149,78,71,11,6,5,137,71,66,71,38,33,133,70,63,131,68,63,66,33,33,40,17,23,22,8,14,3,2,1,2,0,2,47,46,11,12,10,8,3,1,1,34,23,11,2,29,0,5,6
55401114,0,,,21,11,10,2,1,1,19,10,9,12,6,6,19,10,9,19,10,9,7,4,3,3,2,1,2,2,0,0,0,0,0,0,0,7,7,1,4,0,0,0,2,0,6,4,2,1,3,0,0,2
55401115,1,,55401125,12,5,7,0,0,0,15,6,9,5,2,3,15,6,9,15,6,9,10,4,6,6,3,3,2,1,1,1,0,1,0,0,0,5,5,2,3,1,1,0,0,0,5,4,1,0,6,0,2,2
55401116,0,,,101,49,52,6,2,4,95,47,48,48,27,21,95,47,48,93,47,46,47,20,27,22,9,13,14,4,10,2,0,2,0,0,0,37,37,4,16,7,7,2,1,0,33,25,8,1,26,0,3,8
55401117,0,,,84,41,43,9,4,5,75,37,38,43,23,20,74,37,37,74,37,37,32,14,18,20,6,14,10,4,6,0,0,0,1,1,0,32,32,7,11,8,3,1,1,1,25,15,10,3,23,0,4,3
55401118,0,,,42,21,21,1,0,1,41,21,20,24,12,12,40,21,19,37,21,16,17,9,8,12,6,6,3,1,2,0,0,0,0,0,0,17,17,4,4,6,3,0,0,0,13,10,3,0,12,0,3,3
55401120,0,,,235,113,122,27,14,13,208,99,109,132,65,67,203,95,108,200,94,106,76,34,42,33,13,20,10,4,6,0,0,0,0,0,0,81,81,14,19,27,11,6,2,2,65,45,20,6,53,0,8,9
55401121,0,,,53,26,27,2,1,1,51,25,26,26,11,15,51,25,26,50,24,26,25,14,11,11,8,3,2,1,1,0,0,0,1,0,1,24,24,7,10,2,5,0,0,0,16,11,5,0,18,0,5,5
55401122,0,,,23,12,11,0,0,0,23,12,11,9,6,3,23,12,11,22,11,11,14,6,8,7,2,5,2,0,2,1,0,1,0,0,0,8,8,1,2,3,1,1,0,0,7,5,2,0,8,0,1,0
55401123,0,,,47,30,17,3,2,1,44,28,16,24,17,7,41,26,15,41,26,15,20,11,9,10,6,4,5,3,2,1,1,0,0,0,0,17,17,4,7,1,1,2,2,0,13,10,3,0,11,0,2,5
55401124,0,,,17,11,6,0,0,0,17,11,6,7,6,1,17,11,6,17,11,6,10,5,5,9,4,5,3,1,2,0,0,0,0,0,0,7,7,1,4,1,0,1,0,0,6,5,1,0,6,0,1,2
55401125,2,55401115,,3,1,2,*,*,*,*,*,*,*,*,*,*,*,*,*,*,*,*,*,*,*,*,*,*,*,*,*,*,*,*,*,*,2,2,*,*,*,*,*,*,*,*,*,*,*,*,*,*,*
55401126,0,,,62,33,29,4,4,0,58,29,29,29,15,14,58,29,29,58,29,29,29,14,15,18,7,11,9,4,5,1,0,1,0,0,0,25,25,10,6,2,3,2,2,0,15,9,6,1,21,0,8,4
55401127,0,,,26,15,11,2,2,0,24,13,11,16,9,7,24,13,11,24,13,11,8,4,4,7,3,4,5,2,3,0,0,0,0,0,0,13,13,6,3,2,2,0,0,0,7,6,1,1,7,1,3,1
55401128,0,,,182,84,98,8,2,6,174,82,92,76,42,34,167,78,89,166,77,89,98,40,58,61,23,38,31,10,21,3,0,3,1,0,1,66,65,12,28,11,6,5,1,2,53,36,17,2,51,0,9,17
55401129,0,,,122,57,65,7,1,6,115,56,59,68,32,36,112,54,58,110,53,57,47,24,23,25,12,13,13,5,8,0,0,0,0,0,0,42,42,8,9,10,10,4,1,0,34,22,12,1,30,0,7,7
55401130,0,,,74,39,35,10,4,6,64,35,29,41,23,18,63,35,28,62,34,28,23,12,11,12,5,7,4,1,3,3,1,2,0,0,0,23,23,0,7,7,7,1,1,0,23,15,8,3,14,0,0,3
55401131,0,,,129,60,69,8,4,4,121,56,65,69,33,36,119,56,63,118,55,63,52,23,29,27,12,15,12,4,8,1,1,0,0,0,0,40,40,4,9,7,15,4,1,0,35,18,17,1,30,1,1,5
55401132,0,,,60,30,30,5,2,3,55,28,27,32,17,15,53,28,25,52,28,24,23,11,12,12,5,7,6,2,4,0,0,0,0,0,0,25,25,7,9,3,4,2,0,0,18,13,5,1,14,0,2,4
55401133,0,,,95,48,47,5,3,2,90,45,45,49,27,22,87,42,45,87,42,45,41,18,23,18,6,12,9,2,7,1,0,1,0,0,0,29,29,4,6,8,4,4,2,1,25,17,8,0,25,0,4,4
55401134,0,,,52,24,28,3,2,1,49,22,27,26,12,14,48,21,27,47,21,26,23,10,13,14,4,10,8,1,7,0,0,0,0,0,0,20,20,6,6,3,3,1,0,1,14,9,5,2,15,0,3,4
55401135,0,,,13,8,5,0,0,0,13,8,5,7,4,3,12,8,4,12,8,4,6,4,2,3,1,2,1,0,1,0,0,0,0,0,0,6,6,1,4,0,1,0,0,0,5,3,2,0,4,0,1,1
55401136,0,,,83,44,39,5,4,1,78,40,38,31,15,16,76,40,36,76,40,36,47,25,22,22,13,9,5,1,4,0,0,0,1,0,1,36,36,10,17,3,3,1,1,1,26,21,5,1,29,0,8,10
55401137,0,,,38,13,25,2,1,1,36,12,24,23,7,16,35,12,23,34,12,22,13,5,8,7,3,4,3,0,3,0,0,0,6,0,6,18,18,9,3,3,2,0,1,0,9,6,3,0,7,6,1,2
55401138,0,,,59,34,25,0,0,0,59,34,25,28,18,10,57,32,25,56,31,25,31,16,15,16,10,6,9,5,4,0,0,0,0,0,0,26,26,9,7,6,2,2,0,0,17,13,4,0,19,0,5,5
55401139,0,,,87,43,44,7,3,4,80,40,40,45,26,19,76,39,37,70,34,36,35,14,21,13,4,9,9,3,6,2,0,2,0,0,0,25,25,4,2,7,4,6,2,0,21,7,14,1,20,0,2,2
55401140,0,,,26,16,10,1,0,1,25,16,9,15,9,6,23,15,8,22,14,8,10,7,3,5,4,1,2,1,1,0,0,0,0,0,0,8,8,1,2,1,2,2,0,0,7,5,2,0,5,0,1,1
55401141,0,,,59,30,29,6,2,4,53,28,25,30,18,12,50,26,24,49,25,24,23,10,13,12,4,8,2,0,2,0,0,0,0,0,0,20,20,6,4,4,0,4,1,1,13,5,8,0,17,0,4,1
55401142,0,,,127,58,69,10,6,4,117,52,65,69,33,36,111,51,60,110,51,59,48,19,29,18,2,16,12,0,12,0,0,0,1,0,1,44,44,8,12,9,10,4,0,1,36,22,14,3,30,0,6,5
55401143,0,,,30,17,13,1,1,0,29,16,13,16,11,5,29,16,13,29,16,13,13,5,8,8,4,4,1,1,0,0,0,0,0,0,0,14,14,3,7,3,1,0,0,0,11,10,1,1,9,0,2,2
55401144,0,,,35,16,19,3,1,2,32,15,17,16,8,8,31,15,16,30,15,15,16,7,9,7,4,3,2,1,1,0,0,0,0,0,0,12,12,1,5,3,1,1,1,0,11,8,3,1,9,0,1,4
55401145,0,,,21,11,10,0,0,0,21,11,10,13,8,5,21,11,10,20,11,9,8,3,5,5,2,3,1,0,1,0,0,0,0,0,0,7,7,0,3,2,1,1,0,0,7,6,1,0,5,0,0,2
55401146,0,,,24,15,9,0,0,0,24,15,9,12,10,2,24,15,9,24,15,9,12,5,7,7,3,4,5,2,3,0,0,0,0,0,0,11,11,5,3,2,0,0,0,1,6,5,1,0,9,0,3,1
55401147,0,,,112,55,57,8,3,5,104,52,52,59,30,29,100,51,49,96,50,46,45,22,23,19,8,11,9,4,5,1,1,0,0,0,0,40,40,8,12,9,4,5,2,0,32,21,11,3,29,0,4,7
55401148,1,,55401149,59,23,36,7,1,6,64,27,37,34,14,20,62,26,36,62,26,36,30,13,17,12,3,9,5,0,5,2,0,2,0,0,0,21,21,3,6,9,4,0,1,1,21,13,8,2,19,0,2,4
55401149,2,55401148,,12,5,7,*,*,*,*,*,*,*,*,*,*,*,*,*,*,*,*,*,*,*,*,*,*,*,*,*,*,*,*,*,*,3,3,*,*,*,*,*,*,*,*,*,*,*,*,*,*,*
55401150,0,,,126,65,61,9,5,4,117,60,57,68,37,31,110,57,53,109,56,53,49,23,26,22,9,13,9,3,6,0,0,0,0,0,0,40,40,5,10,9,8,6,2,0,34,20,14,2,26,0,3,5
55401151,0,,,57,28,29,2,0,2,55,28,27,31,17,14,54,28,26,52,27,25,24,11,13,12,5,7,5,1,4,0,0,0,0,0,0,16,16,1,6,2,2,1,3,1,15,7,8,1,14,0,1,3
55401152,0,,,16,8,8,0,0,0,16,8,8,9,5,4,16,8,8,16,8,8,7,3,4,5,2,3,0,0,0,0,0,0,0,0,0,8,7,3,2,0,2,0,0,0,4,4,0,0,4,0,2,1
55401153,0,,,54,31,23,3,2,1,51,29,22,27,16,11,50,28,22,49,27,22,24,13,11,14,6,8,4,1,3,0,0,0,1,0,1,22,22,4,8,6,4,0,0,0,18,13,5,2,15,0,2,4
55401154,0,,,29,12,17,5,1,4,24,11,13,10,5,5,23,11,12,23,11,12,14,6,8,10,5,5,3,1,2,1,0,1,0,0,0,13,13,3,7,1,1,1,0,0,9,8,1,0,8,0,2,3
55401155,0,,,15,8,7,4,2,2,11,6,5,8,4,4,11,6,5,11,6,5,3,2,1,2,1,1,2,1,1,0,0,0,0,0,0,4,4,2,0,0,1,0,0,1,2,1,1,1,3,0,2,0
55401157,0,,,114,61,53,10,5,5,103,55,48,60,33,27,100,54,46,100,54,46,43,22,21,28,13,15,12,5,7,0,0,0,0,0,0,36,36,6,8,8,7,3,3,1,30,14,16,1,26,0,2,4
55401160,0,,,115,55,60,17,9,8,98,46,52,52,24,28,98,46,52,96,45,51,46,22,24,22,10,12,4,1,3,0,0,0,1,0,1,32,32,2,9,6,7,2,4,2,30,12,18,3,29,0,1,6
55401161,0,,,40,16,24,3,1,2,37,15,22,22,8,14,34,14,20,33,14,19,15,7,8,6,2,4,1,0,1,0,0,0,1,0,1,12,12,1,4,3,1,1,1,1,11,6,5,0,10,0,0,1
55401162,0,,,57,34,23,5,5,0,52,29,23,27,17,10,52,29,23,52,29,23,25,12,13,9,5,4,6,3,3,1,1,0,1,0,1,18,18,3,5,4,3,0,1,2,15,8,7,0,15,0,3,2
55401163,0,,,59,31,28,3,0,3,56,31,25,29,18,11,56,31,25,56,31,25,27,13,14,12,5,7,5,2,3,0,0,0,1,0,1,22,22,4,7,7,1,2,1,0,18,13,5,1,17,0,3,1
55401164,1,,55401174,23,13,10,1,0,1,29,17,12,15,9,6,29,17,12,29,17,12,14,8,6,6,3,3,3,1,2,0,0,0,0,0,0,9,9,3,4,5,1,0,0,0,10,8,2,1,10,0,2,2
55401167,0,,,111,50,61,5,3,2,106,47,59,58,24,34,102,44,58,99,43,56,48,23,25,29,12,17,15,6,9,0,0,0,6,0,6,43,43,13,11,6,10,1,1,1,30,17,13,2,32,6,6,8
55401170,0,,,82,44,38,11,9,2,71,35,36,45,21,24,67,34,33,66,34,32,26,14,12,12,6,6,8,4,4,0,0,0,0,0,0,24,24,5,5,4,3,3,1,3,19,9,10,5,17,0,3,3
55401171,0,,,121,66,55,13,7,6,108,59,49,65,36,29,107,58,49,106,58,48,43,23,20,20,9,11,13,5,8,1,1,0,1,0,1,35,35,4,7,11,6,2,1,4,31,15,16,4,30,0,3,2
55401172,0,,,30,16,14,0,0,0,30,16,14,15,8,7,28,15,13,28,15,13,15,8,7,7,3,4,4,2,2,1,0,1,0,0,0,8,8,2,1,0,1,2,2,0,6,1,5,0,7,0,1,1
55401173,1,,55401184,19,8,11,0,0,0,22,10,12,9,4,5,22,10,12,22,10,12,13,6,7,8,4,4,3,0,3,0,0,0,0,0,0,7,7,3,2,2,1,1,0,0,6,4,2,0,9,0,3,2
55401174,2,55401164,,7,4,3,*,*,*,*,*,*,*,*,*,*,*,*,*,*,*,*,*,*,*,*,*,*,*,*,*,*,*,*,*,*,4,4,*,*,*,*,*,*,*,*,*,*,*,*,*,*,*
55401176,0,,,37,19,18,6,3,3,31,16,15,14,8,6,31,16,15,31,16,15,17,8,9,8,5,3,2,1,1,0,0,0,0,0,0,13,13,2,6,1,1,2,1,0,11,7,4,2,9,0,0,4
55401177,0,,,131,67,64,5,4,1,126,63,63,64,37,27,124,61,63,123,61,62,62,26,36,31,10,21,14,4,10,0,0,0,0,0,0,49,49,10,15,14,5,1,4,0,39,29,10,0,37,0,6,9
55401179,0,,,50,27,23,2,2,0,48,25,23,21,11,10,46,24,22,45,23,22,27,14,13,10,5,5,2,1,1,1,1,0,0,0,0,20,20,4,10,3,1,0,1,1,16,10,6,0,16,0,2,7
55401180,0,,,97,50,47,10,8,2,87,42,45,54,26,28,87,42,45,86,42,44,33,16,17,17,6,11,8,3,5,1,0,1,0,0,0,27,27,2,3,7,10,3,1,1,25,10,15,4,21,0,2,3
55401181,0,,,25,17,8,2,2,0,23,15,8,15,11,4,23,15,8,23,15,8,8,4,4,4,1,3,2,0,2,0,0,0,0,0,0,9,9,2,4,1,0,1,0,1,7,5,2,0,6,0,1,0
55401182,0,,,25,15,10,4,1,3,21,14,7,14,9,5,21,14,7,20,13,7,7,5,2,4,2,2,1,0,1,0,0,0,0,0,0,6,6,1,2,0,0,1,1,1,5,2,3,0,5,0,1,0
55401184,2,55401173,,3,2,1,*,*,*,*,*,*,*,*,*,*,*,*,*,*,*,*,*,*,*,*,*,*,*,*,*,*,*,*,*,*,2,2,*,*,*,*,*,*,*,*,*,*,*,*,*,*,*
55401185,0,,,21,10,11,1,1,0,20,9,11,13,5,8,20,9,11,18,8,10,7,4,3,1,1,0,0,0,0,0,0,0,0,0,0,7,7,1,3,0,1,2,0,0,6,5,1,0,4,0,0,2
55401186,0,,,86,48,38,6,1,5,80,47,33,48,28,20,76,44,32,75,44,31,32,19,13,12,4,8,6,1,5,0,0,0,0,0,0,31,31,10,8,3,5,2,1,2,21,12,9,1,24,0,7,2
55401187,0,,,34,17,17,0,0,0,34,17,17,12,6,6,34,17,17,34,17,17,22,11,11,14,6,8,8,3,5,1,0,1,0,0,0,16,16,4,9,0,3,0,0,0,12,10,2,0,14,0,3,4
55401188,2,55401189,,9,5,4,*,*,*,*,*,*,*,*,*,*,*,*,*,*,*,*,*,*,*,*,*,*,*,*,*,*,*,*,*,*,2,2,*,*,*,*,*,*,*,*,*,*,*,*,*,*,*
55401189,1,,55401188,71,39,32,0,0,0,80,44,36,34,21,13,80,44,36,78,43,35,46,23,23,27,13,14,9,4,5,1,0,1,0,0,0,33,33,10,14,7,1,1,2,0,25,19,6,0,31,0,9,8
55401190,1,,55401191,168,84,84,23,13,10,148,72,76,74,38,36,148,72,76,147,71,76,74,34,40,34,14,20,17,5,12,0,0,0,1,0,1,50,49,7,7,19,8,5,2,2,43,24,19,6,38,0,4,4
55401191,2,55401190,,3,1,2,*,*,*,*,*,*,*,*,*,*,*,*,*,*,*,*,*,*,*,*,*,*,*,*,*,*,*,*,*,*,1,1,*,*,*,*,*,*,*,*,*,*,*,*,*,*,*
55401194,2,55401195,,5,2,3,*,*,*,*,*,*,*,*,*,*,*,*,*,*,*,*,*,*,*,*,*,*,*,*,*,*,*,*,*,*,2,2,*,*,*,*,*,*,*,*,*,*,*,*,*,*,*
55401195,1,,55401194,107,52,55,4,2,2,108,52,56,49,26,23,108,52,56,107,52,55,59,26,33,34,11,23,14,4,10,0,0,0,1,0,1,40,40,7,17,7,7,2,2,0,35,24,11,2,35,0,6,10
55401197,0,,,12,5,7,0,0,0,12,5,7,6,3,3,12,5,7,12,5,7,6,2,4,2,0,2,1,0,1,0,0,0,0,0,0,5,5,1,2,1,1,0,0,0,4,3,1,0,5,0,1,1
55401199,0,,,45,24,21,3,3,0,42,21,21,18,10,8,41,20,21,41,20,21,24,11,13,9,3,6,4,1,3,0,0,0,1,0,1,17,17,2,7,4,3,1,0,0,15,13,2,1,15,0,1,5
55401201,2,55401211,,6,2,4,*,*,*,*,*,*,*,*,*,*,*,*,*,*,*,*,*,*,*,*,*,*,*,*,*,*,*,*,*,*,2,2,*,*,*,*,*,*,*,*,*,*,*,*,*,*,*
55401209,0,,,65,34,31,0,0,0,65,34,31,24,14,10,65,34,31,65,34,31,41,20,21,15,8,7,10,6,4,0,0,0,0,0,0,28,28,5,14,5,3,1,0,0,23,17,6,0,26,0,4,8
55401211,1,,55401201,85,42,43,1,0,1,90,44,46,44,24,20,90,44,46,90,44,46,46,20,26,29,11,18,11,5,6,0,0,0,0,0,0,31,31,4,13,7,5,4,0,0,29,19,10,0,29,0,2,9
55401213,2,55401224,,1,0,1,*,*,*,*,*,*,*,*,*,*,*,*,*,*,*,*,*,*,*,*,*,*,*,*,*,*,*,*,*,*,1,1,*,*,*,*,*,*,*,*,*,*,*,*,*,*,*
55401214,0,,,17,7,10,0,0,0,17,7,10,8,4,4,16,7,9,16,7,9,9,3,6,6,2,4,1,0,1,1,0,1,0,0,0,6,6,0,3,2,0,1,0,0,6,3,3,0,5,0,0,1
55401215,0,,,41,18,23,2,1,1,39,17,22,21,9,12,37,17,20,36,17,19,18,8,10,14,6,8,5,3,2,1,0,1,0,0,0,15,15,5,4,1,3,0,1,1,10,6,4,0,12,0,3,1
55401218,0,,,408,169,239,25,14,11,383,155,228,154,78,76,378,153,225,376,152,224,229,77,152,151,40,111,86,21,65,20,2,18,5,1,4,154,149,54,54,20,10,7,2,2,93,72,21,5,100,6,28,30
55401219,0,,,466,234,232,45,20,25,421,214,207,237,123,114,408,207,201,404,206,198,184,91,93,83,35,48,24,7,17,1,0,1,4,0,4,157,155,44,57,27,16,6,4,1,110,97,13,11,96,0,30,29
55401220,2,55401231,,2,0,2,*,*,*,*,*,*,*,*,*,*,*,*,*,*,*,*,*,*,*,*,*,*,*,*,*,*,*,*,*,*,1,1,*,*,*,*,*,*,*,*,*,*,*,*,*,*,*
55401221,2,55401222,,1,1,0,*,*,*,*,*,*,*,*,*,*,*,*,*,*,*,*,*,*,*,*,*,*,*,*,*,*,*,*,*,*,1,1,*,*,*,*,*,*,*,*,*,*,*,*,*,*,*
55401222,1,,55401221,116,56,60,15,8,7,102,49,53,58,28,30,101,49,52,100,49,51,44,21,23,24,8,16,14,4,10,2,2,0,0,0,0,38,38,5,14,9,4,3,2,2,34,23,11,4,28,0,3,7
55401223,0,,,26,16,10,0,0,0,26,16,10,17,12,5,23,14,9,22,13,9,9,4,5,5,3,2,1,0,1,0,0,0,0,0,0,8,8,1,3,0,1,3,0,0,7,3,4,0,5,0,0,2
55401224,1,,55401213,84,42,42,7,5,2,78,37,41,26,14,12,77,37,40,77,37,40,52,23,29,30,13,17,10,3,7,1,0,1,0,0,0,34,34,8,17,5,0,3,1,1,27,21,6,0,30,0,5,10
55401225,0,,,27,14,13,0,0,0,27,14,13,19,10,9,27,14,13,27,14,13,8,4,4,6,3,3,1,1,0,0,0,0,1,1,0,14,14,5,7,0,2,0,0,0,9,9,0,0,5,0,2,3
55401226,0,,,40,21,19,6,3,3,34,18,16,15,8,7,34,18,16,34,18,16,19,10,9,6,4,2,2,1,1,0,0,0,0,0,0,13,13,2,5,3,0,1,0,2,11,8,3,0,11,0,2,5
55401227,0,,,156,70,86,4,2,2,152,68,84,71,35,36,148,67,81,144,65,79,81,33,48,47,19,28,21,9,12,1,1,0,0,0,0,74,74,34,18,8,10,2,2,0,40,27,13,2,59,2,28,13
55401228,0,,,1007,444,563,77,41,36,930,403,527,418,219,199,904,394,510,892,386,506,512,184,328,328,102,226,173,37,136,24,1,23,16,7,9,431,424,177,131,58,31,13,12,2,245,198,47,11,282,14,113,67
55401229,0,,,11,6,5,0,0,0,11,6,5,4,2,2,11,6,5,11,6,5,7,4,3,5,4,1,0,0,0,0,0,0,0,0,0,5,5,1,3,0,1,0,0,0,4,3,1,0,5,0,1,2
55401230,2,55401231,,3,1,2,*,*,*,*,*,*,*,*,*,*,*,*,*,*,*,*,*,*,*,*,*,*,*,*,*,*,*,*,*,*,1,1,*,*,*,*,*,*,*,*,*,*,*,*,*,*,*
55401231,1,,55401220;55401230,168,84,84,12,6,6,161,79,82,77,39,38,157,78,79,154,76,78,84,40,44,47,19,28,21,9,12,2,1,1,1,0,1,66,66,16,25,17,3,1,3,3,52,37,15,2,54,0,13,15
55401232,0,,,131,65,66,9,4,5,122,61,61,72,36,36,120,61,59,117,60,57,50,25,25,35,16,19,18,7,11,0,0,0,1,0,1,51,51,15,15,8,7,4,1,1,36,23,13,2,36,0,13,11
55401233,0,,,197,100,97,16,8,8,181,92,89,87,44,43,180,91,89,177,88,89,94,48,46,48,22,26,15,5,10,1,0,1,2,0,2,72,72,13,28,15,5,5,4,2,59,41,18,2,56,0,9,17
55401234,0,,,189,88,101,17,8,9,172,80,92,79,40,39,166,77,89,163,76,87,93,40,53,24,9,15,9,2,7,2,0,2,0,0,0,74,74,16,29,12,11,2,3,1,58,45,13,6,57,0,15,23
55401235,0,,,183,91,92,9,4,5,174,87,87,87,50,37,168,82,86,164,79,85,87,37,50,43,16,27,16,6,10,1,0,1,0,0,0,74,74,19,30,8,8,7,1,1,54,37,17,4,57,0,14,18
55401236,0,,,154,82,72,6,4,2,147,77,70,66,40,26,146,77,69,144,76,68,81,37,44,45,20,25,13,5,8,2,0,2,0,0,0,68,68,15,33,13,5,0,0,2,52,43,9,1,52,0,10,17
55401237,0,,,588,283,305,63,35,28,524,248,276,295,153,142,505,238,267,494,234,260,229,95,134,113,40,73,37,9,28,3,1,2,6,4,2,269,269,100,91,38,22,8,7,3,168,137,31,11,164,4,59,47
55401238,0,,,567,273,294,47,22,25,518,251,267,321,171,150,505,244,261,495,238,257,197,80,117,94,37,57,32,11,21,1,0,1,0,0,0,247,247,81,84,37,29,8,5,3,163,139,24,10,129,10,36,36
55401239,0,,,190,86,104,37,21,16,153,65,88,100,44,56,147,63,84,144,61,83,53,21,32,24,10,14,11,4,7,1,1,0,2,0,2,76,76,22,21,15,13,3,0,2,54,46,8,8,31,2,11,9
55401240,0,,,24,11,13,0,0,0,24,11,13,7,3,4,24,11,13,24,11,13,17,8,9,6,2,4,3,1,2,0,0,0,0,0,0,11,11,2,7,0,2,0,0,0,9,7,2,0,9,0,2,4
55401242,0,,,91,50,41,6,3,3,85,47,38,54,30,24,81,44,37,81,44,37,31,17,14,12,5,7,7,4,3,0,0,0,1,0,1,32,32,5,11,8,2,4,2,0,27,19,8,1,22,0,4,3
55401243,0,,,20,8,12,4,2,2,16,6,10,9,3,6,16,6,10,16,6,10,7,3,4,2,1,1,1,1,0,0,0,0,2,1,1,8,8,3,2,0,2,1,0,0,5,4,1,1,5,0,2,1
55401244,1,,55401254,159,85,74,12,7,5,150,79,71,67,35,32,147,76,71,147,76,71,83,44,39,40,19,21,11,4,7,1,0,1,1,0,1,66,66,16,29,11,6,3,0,2,51,35,16,3,55,0,12,17
55401245,0,,,214,110,104,18,11,7,196,99,97,129,66,63,185,95,90,182,94,88,67,33,34,25,10,15,10,2,8,0,0,0,1,1,0,87,87,28,29,8,11,7,3,1,58,42,16,5,47,5,9,13
55401246,0,,,14,6,8,0,0,0,14,6,8,8,4,4,14,6,8,14,6,8,6,2,4,3,1,2,1,0,1,0,0,0,0,0,0,7,7,2,3,2,0,0,0,0,5,4,1,0,3,0,1,1
55401247,0,,,127,62,65,1,1,0,126,61,65,55,31,24,125,60,65,124,60,64,71,30,41,35,14,21,11,4,7,0,0,0,0,0,0,61,61,20,24,12,2,3,0,0,41,34,7,1,49,1,16,13
55401248,0,,,488,236,252,47,16,31,441,220,221,242,128,114,429,211,218,423,207,216,199,92,107,123,54,69,63,20,43,6,1,5,2,0,2,173,170,48,53,32,19,10,6,2,120,87,33,6,88,5,24,24
55401249,0,,,252,118,134,25,10,15,226,108,118,147,73,74,218,105,113,215,102,113,79,35,44,34,14,20,6,1,5,0,0,0,4,1,3,97,97,22,32,20,12,8,3,0,74,54,20,6,50,0,5,14
55401250,0,,,65,32,33,2,2,0,63,30,33,34,19,15,62,29,33,61,28,33,29,11,18,11,2,9,5,0,5,0,0,0,0,0,0,25,25,3,13,3,5,0,0,1,22,16,6,0,19,0,2,8
55401252,0,,,33,19,14,0,0,0,33,19,14,15,10,5,33,19,14,33,19,14,18,9,9,12,5,7,6,3,3,1,0,1,1,1,0,14,14,3,5,4,2,0,0,0,11,9,2,0,13,0,3,1
55401253,0,,,51,28,23,8,5,3,43,23,20,22,13,9,42,22,20,41,22,19,21,10,11,11,4,7,7,2,5,0,0,0,0,0,0,18,18,4,5,4,2,2,0,1,14,8,6,2,14,0,3,1
55401254,2,55401244,,3,1,2,*,*,*,*,*,*,*,*,*,*,*,*,*,*,*,*,*,*,*,*,*,*,*,*,*,*,*,*,*,*,1,1,*,*,*,*,*,*,*,*,*,*,*,*,*,*,*
55401255,0,,,46,23,23,2,2,0,44,21,23,19,11,8,44,21,23,43,21,22,25,10,15,14,6,8,6,3,3,0,0,0,0,0,0,20,20,4,9,5,1,1,0,0,16,12,4,0,16,0,3,4
55401256,0,,,79,43,36,5,3,2,74,40,34,35,21,14,73,40,33,71,38,33,39,19,20,15,6,9,6,1,5,0,0,0,0,0,0,34,34,10,12,6,4,1,1,0,24,18,6,1,25,0,5,9
55401257,0,,,80,37,43,7,4,3,73,33,40,37,16,21,71,32,39,71,32,39,36,17,19,23,9,14,7,1,6,0,0,0,0,0,0,28,28,2,11,7,6,1,1,0,26,18,8,1,23,0,2,6
55401258,0,,,187,93,94,24,10,14,163,83,80,94,51,43,160,81,79,155,79,76,69,32,37,38,17,21,9,4,5,0,0,0,2,0,2,78,78,27,22,12,10,3,3,1,51,40,11,8,49,0,18,9
55401259,0,,,322,128,194,23,12,11,298,116,182,111,63,48,287,111,176,285,110,175,187,53,134,133,32,101,99,15,84,23,0,23,0,0,0,88,87,16,35,14,10,9,2,1,71,59,12,5,60,0,13,21
55401260,0,,,88,43,45,4,2,2,84,41,43,44,25,19,84,41,43,83,40,43,40,16,24,23,8,15,11,4,7,0,0,0,0,0,0,39,39,15,12,5,4,1,1,1,24,17,7,1,30,0,12,4
55401262,1,,55401263,42,22,20,6,3,3,43,23,20,28,15,13,43,23,20,43,23,20,15,8,7,10,4,6,3,0,3,0,0,0,0,0,0,15,15,5,2,4,4,1,0,1,12,7,5,2,11,0,3,1
55401263,2,55401262,,7,4,3,*,*,*,*,*,*,*,*,*,*,*,*,*,*,*,*,*,*,*,*,*,*,*,*,*,*,*,*,*,*,2,2,*,*,*,*,*,*,*,*,*,*,*,*,*,*,*
55401264,0,,,23,11,12,0,0,0,23,11,12,8,3,5,23,11,12,23,11,12,15,8,7,6,2,4,4,2,2,0,0,0,0,0,0,12,12,6,4,0,1,1,0,0,6,5,1,0,10,0,5,4
55401265,0,,,101,26,75,3,1,2,98,25,73,14,6,8,98,25,73,98,25,73,84,19,65,73,12,61,57,7,50,10,0,10,1,0,1,14,13,4,3,2,3,0,1,0,9,4,5,1,12,0,3,1
55401266,0,,,113,51,62,6,2,4,107,49,58,54,25,29,104,48,56,104,48,56,53,24,29,22,9,13,12,3,9,2,0,2,0,0,0,47,47,16,13,9,4,2,3,0,31,21,10,1,38,0,12,5
55401267,2,55401268,,2,1,1,*,*,*,*,*,*,*,*,*,*,*,*,*,*,*,*,*,*,*,*,*,*,*,*,*,*,*,*,*,*,1,1,*,*,*,*,*,*,*,*,*,*,*,*,*,*,*
55401268,1,,55401267,51,23,28,6,2,4,47,22,25,26,12,14,44,22,22,43,21,22,21,10,11,9,5,4,3,1,2,0,0,0,0,0,0,17,17,3,8,2,1,1,2,1,15,10,5,1,13,0,3,4
55401269,0,,,226,116,110,18,10,8,207,106,101,103,54,49,206,105,101,203,103,100,104,52,52,48,22,26,12,4,8,3,1,2,0,0,0,94,94,25,33,16,15,4,0,1,69,52,17,4,67,0,16,18
55401270,0,,,26,17,9,3,2,1,23,15,8,11,7,4,23,15,8,23,15,8,12,8,4,3,1,2,0,0,0,0,0,0,1,0,1,15,15,9,4,1,0,0,1,0,6,5,1,0,10,0,5,1
55401274,1,,55401284,76,40,36,5,3,2,78,41,37,40,21,19,77,40,37,76,39,37,38,20,18,14,4,10,6,2,4,0,0,0,1,0,1,35,35,15,12,9,2,0,0,1,24,19,5,1,30,0,11,6
55401276,0,,,112,57,55,11,6,5,101,51,50,52,27,25,100,50,50,99,49,50,49,24,25,26,11,15,9,4,5,0,0,0,1,0,1,40,40,9,12,12,1,3,1,2,31,21,10,2,32,0,4,6
55401277,0,,,48,24,24,5,4,1,43,20,23,21,8,13,42,20,22,42,20,22,22,12,10,10,4,6,6,2,4,0,0,0,0,0,0,16,16,1,7,2,5,0,0,1,15,10,5,2,13,0,1,5
55401278,0,,,27,13,14,0,0,0,27,13,14,11,6,5,27,13,14,27,13,14,16,7,9,10,3,7,5,2,3,0,0,0,0,0,0,12,12,3,5,3,0,1,0,0,9,7,2,0,11,0,3,3
55401279,0,,,126,64,62,12,8,4,114,56,58,63,32,31,110,56,54,110,56,54,51,24,27,33,16,17,6,2,4,0,0,0,1,0,1,52,52,17,16,9,5,2,2,1,35,25,10,2,36,0,13,9
55401282,0,,,92,42,50,11,5,6,81,37,44,41,21,20,80,37,43,80,37,43,40,16,24,23,7,16,12,2,10,2,0,2,0,0,0,33,33,6,11,6,6,3,0,1,27,19,8,1,26,0,5,5
55401283,0,,,63,35,28,1,1,0,62,34,28,26,16,10,62,34,28,61,34,27,36,18,18,25,14,11,6,2,4,0,0,0,0,0,0,25,25,6,9,5,3,0,2,0,19,13,6,1,24,0,5,7
55401284,2,55401274,,7,4,3,*,*,*,*,*,*,*,*,*,*,*,*,*,*,*,*,*,*,*,*,*,*,*,*,*,*,*,*,*,*,4,4,*,*,*,*,*,*,*,*,*,*,*,*,*,*,*
55401285,0,,,25,12,13,3,2,1,22,10,12,14,7,7,20,9,11,20,9,11,8,3,5,5,1,4,3,1,2,0,0,0,0,0,0,8,8,1,3,0,2,2,0,0,7,3,4,0,6,0,1,1
55401286,0,,,29,15,14,1,0,1,28,15,13,15,8,7,28,15,13,27,15,12,13,7,6,11,6,5,3,2,1,0,0,0,0,0,0,12,12,2,4,5,1,0,0,0,10,7,3,0,9,0,1,2
55401287,1,,55401288,9,4,5,0,0,0,10,5,5,5,2,3,9,5,4,9,5,4,5,3,2,3,2,1,0,0,0,0,0,0,0,0,0,4,4,2,2,0,1,0,0,0,3,2,1,0,4,0,1,1
55401288,2,55401287,,1,1,0,*,*,*,*,*,*,*,*,*,*,*,*,*,*,*,*,*,*,*,*,*,*,*,*,*,*,*,*,*,*,1,1,*,*,*,*,*,*,*,*,*,*,*,*,*,*,*
55401289,0,,,159,80,79,18,11,7,141,69,72,70,34,36,137,66,71,136,65,71,71,35,36,35,17,18,13,5,8,0,0,0,0,0,0,61,61,14,25,4,11,3,4,0,46,34,12,2,46,0,9,19
55401291,0,,,77,36,41,6,3,3,71,33,38,32,17,15,69,31,38,69,31,38,39,16,23,18,5,13,10,1,9,0,0,0,0,0,0,28,28,2,13,8,2,2,0,1,26,19,7,2,22,0,2,6
55401292,0,,,172,87,85,13,7,6,159,80,79,90,50,40,152,75,77,149,72,77,69,30,39,40,16,24,12,2,10,0,0,0,0,0,0,63,63,16,21,10,5,5,5,1,47,28,19,2,47,0,9,10
55401294,2,55401295,,6,3,3,*,*,*,*,*,*,*,*,*,*,*,*,*,*,*,*,*,*,*,*,*,*,*,*,*,*,*,*,*,*,2,2,*,*,*,*,*,*,*,*,*,*,*,*,*,*,*
55401295,1,,55401294,71,32,39,5,3,2,72,32,40,37,18,19,69,30,39,67,30,37,35,14,21,24,10,14,13,4,9,1,0,1,0,0,0,26,26,5,10,7,2,2,1,1,22,13,9,0,23,0,2,5
55401297,0,,,31,15,16,3,1,2,28,14,14,15,9,6,26,14,12,26,14,12,13,5,8,6,2,4,4,2,2,0,0,0,1,0,1,10,10,1,4,2,1,0,2,0,9,5,4,0,9,0,1,2
55401298,0,,,12,8,4,0,0,0,12,8,4,6,3,3,12,8,4,12,8,4,6,5,1,3,2,1,0,0,0,0,0,0,0,0,0,6,6,1,4,1,0,0,0,0,4,4,0,0,5,0,1,1
55401299,0,,,122,63,59,8,2,6,114,61,53,53,33,20,109,57,52,106,55,51,61,28,33,34,13,21,11,5,6,0,0,0,0,0,0,49,48,10,20,6,7,5,0,0,38,29,9,1,39,0,8,13
55401300,0,,,348,180,168,49,31,18,281,139,142,144,74,70,274,137,137,269,134,135,137,65,72,66,33,33,16,6,10,1,1,0,1,1,0,137,136,38,46,28,13,8,2,1,98,82,16,7,93,0,33,29
55401301,2,55401311,,5,3,2,*,*,*,*,*,*,*,*,*,*,*,*,*,*,*,*,*,*,*,*,*,*,*,*,*,*,*,*,*,*,5,5,*,*,*,*,*,*,*,*,*,*,*,*,*,*,*
55401302,2,55401311,,5,3,2,*,*,*,*,*,*,*,*,*,*,*,*,*,*,*,*,*,*,*,*,*,*,*,*,*,*,*,*,*,*,1,1,*,*,*,*,*,*,*,*,*,*,*,*,*,*,*
55401303,0,,,37,18,19,4,2,2,33,16,17,18,8,10,32,15,17,32,15,17,15,8,7,5,2,3,2,1,1,0,0,0,0,0,0,14,14,3,5,1,4,1,0,0,11,9,2,0,11,0,3,4
55401304,0,,,8,4,4,0,0,0,8,4,4,2,1,1,8,4,4,8,4,4,6,3,3,2,1,1,0,0,0,0,0,0,0,0,0,5,5,2,3,0,0,0,0,0,3,3,0,0,4,0,2,2
55401305,1,,55401306,48,23,25,1,1,0,49,24,25,22,10,12,49,24,25,47,23,24,27,14,13,18,9,9,6,3,3,0,0,0,0,0,0,18,18,3,11,2,2,1,1,0,17,14,3,0,16,0,2,6
55401306,2,55401305,,2,2,0,*,*,*,*,*,*,*,*,*,*,*,*,*,*,*,*,*,*,*,*,*,*,*,*,*,*,*,*,*,*,2,2,*,*,*,*,*,*,*,*,*,*,*,*,*,*,*
55401308,0,,,103,54,49,0,0,0,103,54,49,46,29,17,103,54,49,101,52,49,57,25,32,31,10,21,12,4,8,1,0,1,1,0,1,48,48,13,20,11,3,1,0,0,34,28,6,0,38,0,9,7
55401309,0,,,26,14,12,0,0,0,26,14,12,7,5,2,26,14,12,26,14,12,19,9,10,9,5,4,3,2,1,0,0,0,0,0,0,15,15,5,9,1,0,0,0,0,10,9,1,0,12,0,3,6
55401310,0,,,226,109,117,31,16,15,195,93,102,109,54,55,192,91,101,191,90,101,86,39,47,49,17,32,19,5,14,2,0,2,5,1,4,81,81,15,27,17,12,5,3,2,66,47,19,11,58,0,11,14
55401311,1,,55401301;55401302,216,103,113,20,9,11,206,100,106,97,47,50,203,98,105,200,97,103,109,53,56,40,15,25,21,5,16,2,1,1,2,0,2,94,94,37,28,19,6,8,2,0,63,46,17,7,70,1,20,14
55401312,0,,,79,37,42,6,3,3,73,34,39,34,15,19,71,33,38,70,33,37,39,19,20,15,7,8,4,2,2,0,0,0,0,0,0,30,30,8,10,5,2,3,1,1,22,15,7,0,26,0,6,7
55401313,0,,,87,40,47,8,5,3,79,35,44,41,16,25,77,35,42,77,35,42,38,19,19,15,6,9,8,4,4,0,0,0,0,0,0,34,34,11,8,6,6,1,1,1,23,13,10,2,24,0,8,7
55401314,0,,,61,31,30,0,0,0,61,31,30,25,13,12,60,30,30,60,30,30,36,18,18,20,8,12,5,1,4,0,0,0,0,0,0,32,32,12,13,5,2,0,0,0,20,16,4,0,27,0,8,10
55401316,2,55401326,,4,2,2,*,*,*,*,*,*,*,*,*,*,*,*,*,*,*,*,*,*,*,*,*,*,*,*,*,*,*,*,*,*,2,2,*,*,*,*,*,*,*,*,*,*,*,*,*,*,*
55401317,2,55401326,,3,1,2,*,*,*,*,*,*,*,*,*,*,*,*,*,*,*,*,*,*,*,*,*,*,*,*,*,*,*,*,*,*,2,2,*,*,*,*,*,*,*,*,*,*,*,*,*,*,*
55401318,1,,55401329,72,33,39,1,1,0,75,33,42,36,16,20,73,33,40,73,33,40,39,17,22,25,9,16,12,5,7,2,1,1,0,0,0,36,36,15,10,8,2,2,0,0,21,15,6,0,31,0,14,5
55401319,0,,,51,27,24,2,1,1,49,26,23,31,17,14,48,25,23,47,24,23,18,9,9,12,7,5,5,3,2,1,1,0,0,0,0,20,20,4,8,4,1,3,0,0,16,14,2,0,11,0,2,5
55401320,0,,,14,7,7,1,1,0,13,6,7,5,3,2,13,6,7,13,6,7,8,3,5,4,2,2,1,0,1,1,0,1,0,0,0,5,5,1,1,2,0,1,0,0,4,2,2,0,5,0,1,0
55401322,0,,,34,18,16,1,0,1,33,18,15,20,12,8,33,18,15,33,18,15,13,6,7,9,4,5,2,0,2,1,0,1,0,0,0,14,14,4,6,0,3,0,1,0,10,7,3,0,9,0,2,2
55401323,0,,,22,11,11,2,1,1,20,10,10,10,6,4,20,10,10,20,10,10,10,4,6,3,1,2,2,0,2,0,0,0,0,0,0,10,10,2,5,2,1,0,0,0,8,7,1,0,6,0,0,4
55401324,0,,,251,133,118,21,9,12,230,124,106,120,71,49,225,120,105,222,119,103,110,53,57,56,24,32,23,10,13,1,1,0,1,0,1,98,98,25,31,24,8,5,1,4,73,50,23,4,72,0,18,19
55401325,0,,,79,40,39,4,3,1,75,37,38,32,19,13,73,35,38,72,35,37,43,18,25,20,6,14,8,1,7,0,0,0,0,0,0,27,27,1,11,8,4,2,1,0,26,20,6,0,24,0,1,11
55401326,1,,55401316;55401317,40,22,18,3,2,1,44,23,21,21,12,9,44,23,21,42,23,19,23,11,12,12,7,5,3,2,1,2,1,1,1,0,1,18,18,10,6,2,2,1,1,0,12,9,3,1,18,0,8,2
55401328,0,,,144,61,83,9,3,6,135,58,77,45,24,21,131,56,75,131,56,75,90,34,56,66,21,45,45,12,33,8,1,7,0,0,0,37,36,12,9,9,3,0,0,3,24,17,7,2,26,0,9,4
55401329,2,55401318,,5,2,3,*,*,*,*,*,*,*,*,*,*,*,*,*,*,*,*,*,*,*,*,*,*,*,*,*,*,*,*,*,*,1,1,*,*,*,*,*,*,*,*,*,*,*,*,*,*,*
55401332,0,,,56,25,31,9,4,5,47,21,26,26,13,13,46,20,26,45,20,25,21,8,13,13,5,8,5,0,5,2,0,2,0,0,0,22,22,5,10,3,1,1,1,1,17,14,3,1,13,0,1,5
55401333,0,,,13,6,7,2,2,0,11,4,7,6,2,4,11,4,7,11,4,7,5,2,3,4,1,3,2,0,2,1,0,1,0,0,0,6,6,3,1,1,0,1,0,0,3,3,0,0,4,0,3,1
55401334,0,,,34,18,16,0,0,0,34,18,16,9,6,3,34,18,16,34,18,16,25,12,13,14,6,8,6,1,5,0,0,0,0,0,0,16,16,5,7,1,3,0,0,0,11,6,5,0,15,0,5,5
55401335,0,,,32,14,18,0,0,0,32,14,18,17,7,10,30,12,18,29,12,17,15,7,8,8,3,5,3,1,2,0,0,0,0,0,0,15,15,5,6,2,1,1,0,0,10,9,1,0,10,0,4,4
55401338,0,,,92,45,47,2,1,1,90,44,46,33,19,14,90,44,46,90,44,46,57,25,32,32,12,20,13,2,11,2,0,2,0,0,0,38,37,7,20,7,1,1,1,0,30,25,5,1,28,1,3,13
55401341,0,,,12,7,5,0,0,0,12,7,5,4,3,1,12,7,5,12,7,5,8,4,4,4,2,2,1,0,1,0,0,0,0,0,0,6,6,2,2,2,0,0,0,0,4,2,2,0,6,0,2,1
55401342,0,,,17,9,8,0,0,0,17,9,8,6,4,2,17,9,8,17,9,8,11,5,6,8,3,5,3,1,2,0,0,0,0,0,0,8,8,3,3,1,0,1,0,0,5,3,2,0,7,0,3,3
55401343,0,,,111,51,60,4,1,3,107,50,57,56,29,27,104,49,55,103,48,55,51,21,30,26,10,16,10,1,9,0,0,0,0,0,0,48,48,17,12,10,5,4,0,0,31,21,10,2,38,0,13,5
55401344,2,55401345,,11,7,4,*,*,*,*,*,*,*,*,*,*,*,*,*,*,*,*,*,*,*,*,*,*,*,*,*,*,*,*,*,*,3,3,*,*,*,*,*,*,*,*,*,*,*,*,*,*,*
55401345,1,,55401344,19,9,10,5,2,3,25,14,11,13,7,6,24,13,11,24,13,11,12,7,5,3,2,1,2,1,1,1,1,0,0,0,0,5,5,2,1,0,1,3,0,1,6,3,3,0,7,0,2,1
55401348,0,,,68,33,35,5,3,2,63,30,33,32,16,16,62,30,32,61,29,32,31,14,17,19,10,9,6,2,4,0,0,0,1,0,1,24,24,2,9,7,4,1,1,0,22,13,9,3,20,0,1,7
55401350,0,,,14,6,8,1,0,1,13,6,7,8,3,5,13,6,7,12,6,6,5,3,2,2,0,2,0,0,0,0,0,0,0,0,0,6,6,3,2,0,0,0,0,1,3,2,1,0,5,0,3,1
55401351,0,,,26,11,15,3,0,3,23,11,12,9,4,5,23,11,12,23,11,12,14,7,7,4,3,1,1,0,1,0,0,0,0,0,0,10,10,2,5,0,2,0,1,0,8,6,2,0,8,0,2,4
55401352,0,,,41,23,18,0,0,0,41,23,18,25,15,10,41,23,18,41,23,18,16,8,8,8,4,4,5,2,3,0,0,0,0,0,0,18,18,5,8,2,1,2,0,0,13,11,2,0,12,0,3,4
55401353,0,,,44,25,19,6,3,3,38,22,16,23,14,9,38,22,16,38,22,16,15,8,7,8,4,4,1,0,1,0,0,0,0,0,0,18,18,6,4,4,2,2,0,0,12,8,4,1,10,0,2,2
55401354,0,,,14,6,8,0,0,0,14,6,8,3,2,1,14,6,8,14,6,8,11,4,7,9,3,6,1,0,1,0,0,0,0,0,0,7,7,2,4,0,1,0,0,0,5,5,0,0,7,0,2,2
55401355,0,,,53,25,28,1,0,1,52,25,27,27,13,14,51,24,27,50,23,27,25,12,13,14,6,8,9,2,7,0,0,0,0,0,0,21,21,6,5,6,2,1,1,0,15,10,5,0,19,0,6,2
55401357,2,55401358,,4,2,2,*,*,*,*,*,*,*,*,*,*,*,*,*,*,*,*,*,*,*,*,*,*,*,*,*,*,*,*,*,*,2,2,*,*,*,*,*,*,*,*,*,*,*,*,*,*,*
55401358,1,,55401357,13,8,5,0,0,0,17,10,7,5,3,2,17,10,7,17,10,7,12,7,5,5,3,2,5,3,2,0,0,0,0,0,0,8,8,5,3,2,0,0,0,0,5,4,1,0,8,0,3,3
55401360,0,,,24,11,13,2,1,1,22,10,12,9,5,4,21,10,11,21,10,11,13,5,8,11,5,6,3,1,2,0,0,0,0,0,0,10,10,3,3,1,3,0,0,0,7,4,3,0,8,0,2,2
55401361,0,,,77,39,38,0,0,0,77,39,38,39,19,20,77,39,38,77,39,38,38,20,18,30,15,15,11,8,3,0,0,0,0,0,0,34,34,12,11,5,2,4,0,0,22,15,7,0,25,0,7,5
55401362,0,,,13,7,6,0,0,0,13,7,6,4,3,1,13,7,6,13,7,6,9,4,5,3,0,3,1,0,1,0,0,0,0,0,0,9,9,5,4,0,0,0,0,0,4,4,0,0,7,0,4,2
55401363,0,,,50,27,23,7,3,4,43,24,19,21,11,10,43,24,19,43,24,19,22,13,9,11,6,5,6,2,4,1,0,1,1,0,1,19,19,5,7,2,3,0,1,1,14,10,4,2,13,0,3,3
55401364,0,,,27,15,12,2,2,0,25,13,12,13,7,6,24,13,11,24,13,11,12,6,6,8,3,5,3,1,2,0,0,0,1,0,1,14,14,6,7,0,0,0,0,1,8,5,3,0,10,0,4,2
55401367,0,,,56,27,29,5,3,2,51,24,27,20,14,6,51,24,27,51,24,27,31,10,21,10,1,9,6,0,6,0,0,0,0,0,0,22,22,3,12,5,0,0,1,1,19,15,4,2,20,0,3,5
55401370,0,,,107,50,57,6,4,2,101,46,55,52,26,26,99,45,54,97,45,52,49,20,29,20,8,12,5,1,4,0,0,0,0,0,0,42,42,10,16,7,6,1,0,2,32,24,8,0,34,0,7,10
55401371,0,,,52,25,27,1,0,1,51,25,26,23,11,12,51,25,26,50,25,25,28,14,14,12,8,4,5,3,2,0,0,0,1,0,1,18,18,2,7,4,3,0,2,0,16,11,5,0,15,0,0,5
55401372,2,55401373,,10,7,3,*,*,*,*,*,*,*,*,*,*,*,*,*,*,*,*,*,*,*,*,*,*,*,*,*,*,*,*,*,*,4,4,*,*,*,*,*,*,*,*,*,*,*,*,*,*,*
55401373,1,,55401372,65,32,33,1,1,0,74,38,36,35,19,16,70,37,33,70,37,33,39,19,20,22,9,13,12,3,9,2,0,2,0,0,0,27,27,7,9,10,5,0,0,0,24,17,7,0,24,0,6,4
55401374,0,,,11,6,5,0,0,0,11,6,5,5,3,2,9,4,5,9,4,5,6,3,3,5,3,2,1,1,0,0,0,0,0,0,0,5,5,2,1,1,1,0,0,0,3,3,0,0,4,0,2,1
55401377,0,,,53,22,31,6,2,4,47,20,27,24,11,13,47,20,27,46,19,27,23,9,14,14,4,10,5,1,4,0,0,0,0,0,0,17,17,4,4,1,6,1,0,1,13,5,8,2,16,0,4,4
55401380,0,,,115,62,53,6,4,2,109,58,51,50,30,20,106,57,49,105,56,49,59,28,31,37,17,20,11,3,8,1,0,1,1,0,1,48,48,15,16,9,6,0,0,2,33,24,9,0,37,0,9,10
55401381,0,,,27,11,16,2,0,2,25,11,14,12,6,6,24,11,13,24,11,13,13,5,8,5,1,4,1,0,1,0,0,0,0,0,0,10,10,2,3,2,2,1,0,0,8,5,3,0,9,0,2,2
55401383,0,,,18,11,7,0,0,0,18,11,7,7,4,3,18,11,7,18,11,7,11,7,4,5,3,2,3,2,1,0,0,0,0,0,0,8,8,1,5,1,1,0,0,0,7,5,2,0,7,0,1,2
55401384,1,,55401394,37,20,17,7,3,4,37,20,17,22,14,8,36,19,17,36,19,17,15,6,9,12,5,7,5,3,2,1,1,0,0,0,0,11,11,1,5,2,1,2,1,1,12,9,3,1,10,0,1,4
55401386,0,,,21,12,9,2,2,0,19,10,9,7,5,2,19,10,9,19,10,9,12,5,7,5,2,3,1,0,1,1,0,1,0,0,0,7,7,1,3,1,0,1,1,0,6,3,3,0,6,1,0,3
55401388,2,55401399,,6,4,2,*,*,*,*,*,*,*,*,*,*,*,*,*,*,*,*,*,*,*,*,*,*,*,*,*,*,*,*,*,*,4,4,*,*,*,*,*,*,*,*,*,*,*,*,*,*,*
55401390,0,,,64,36,28,6,5,1,58,31,27,25,12,13,57,30,27,57,30,27,33,19,14,10,5,5,2,1,1,0,0,0,0,0,0,28,28,7,13,4,2,1,1,0,21,19,2,1,24,0,6,8
55401391,1,,55401392,28,16,12,1,0,1,32,20,12,19,13,6,30,19,11,30,19,11,13,7,6,6,3,3,5,2,3,0,0,0,0,0,0,10,10,2,7,2,1,0,0,1,11,9,2,0,9,0,1,1
55401392,2,55401391,,5,4,1,*,*,*,*,*,*,*,*,*,*,*,*,*,*,*,*,*,*,*,*,*,*,*,*,*,*,*,*,*,*,3,3,*,*,*,*,*,*,*,*,*,*,*,*,*,*,*
55401394,2,55401384,,7,3,4,*,*,*,*,*,*,*,*,*,*,*,*,*,*,*,*,*,*,*,*,*,*,*,*,*,*,*,*,*,*,2,2,*,*,*,*,*,*,*,*,*,*,*,*,*,*,*
55401395,2,55401396,,11,6,5,*,*,*,*,*,*,*,*,*,*,*,*,*,*,*,*,*,*,*,*,*,*,*,*,*,*,*,*,*,*,2,2,*,*,*,*,*,*,*,*,*,*,*,*,*,*,*
55401396,1,,55401395,88,43,45,12,8,4,87,41,46,47,25,22,86,40,46,85,40,45,40,16,24,26,9,17,9,4,5,0,0,0,0,0,0,32,32,8,11,5,4,0,4,2,26,15,11,2,28,0,6,6
55401397,2,55401399,,1,1,0,*,*,*,*,*,*,*,*,*,*,*,*,*,*,*,*,*,*,*,*,*,*,*,*,*,*,*,*,*,*,1,1,*,*,*,*,*,*,*,*,*,*,*,*,*,*,*
55401398,2,55401399,,3,2,1,*,*,*,*,*,*,*,*,*,*,*,*,*,*,*,*,*,*,*,*,*,*,*,*,*,*,*,*,*,*,2,2,*,*,*,*,*,*,*,*,*,*,*,*,*,*,*
55401399,1,,55401388;55401397;55401398,7,4,3,0,0,0,17,11,6,6,4,2,17,11,6,17,11,6,11,7,4,7,5,2,1,0,1,0,0,0,0,0,0,2,2,4,3,1,1,0,0,0,5,4,1,0,8,0,3,2
55401415,2,55401446,,6,3,3,*,*,*,*,*,*,*,*,*,*,*,*,*,*,*,*,*,*,*,*,*,*,*,*,*,*,*,*,*,*,2,2,*,*,*,*,*,*,*,*,*,*,*,*,*,*,*
55401419,2,55401446,,1,1,0,*,*,*,*,*,*,*,*,*,*,*,*,*,*,*,*,*,*,*,*,*,*,*,*,*,*,*,*,*,*,1,1,*,*,*,*,*,*,*,*,*,*,*,*,*,*,*
55401420,2,55401462,,8,3,5,*,*,*,*,*,*,*,*,*,*,*,*,*,*,*,*,*,*,*,*,*,*,*,*,*,*,*,*,*,*,5,5,*,*,*,*,*,*,*,*,*,*,*,*,*,*,*
55401436,2,55401446,,2,1,1,*,*,*,*,*,*,*,*,*,*,*,*,*,*,*,*,*,*,*,*,*,*,*,*,*,*,*,*,*,*,1,1,*,*,*,*,*,*,*,*,*,*,*,*,*,*,*
55401437,2,55401446,,1,1,0,*,*,*,*,*,*,*,*,*,*,*,*,*,*,*,*,*,*,*,*,*,*,*,*,*,*,*,*,*,*,1,1,*,*,*,*,*,*,*,*,*,*,*,*,*,*,*
55401439,2,55401448,,2,1,1,*,*,*,*,*,*,*,*,*,*,*,*,*,*,*,*,*,*,*,*,*,*,*,*,*,*,*,*,*,*,1,1,*,*,*,*,*,*,*,*,*,*,*,*,*,*,*
55401445,0,,,15,8,7,0,0,0,15,8,7,5,3,2,15,8,7,15,8,7,10,5,5,6,2,4,3,1,2,0,0,0,0,0,0,9,9,4,4,1,0,0,0,0,5,5,0,0,7,0,3,3
55401446,1,,55401415;55401419;55401436;55401437;55401447;55401457,20,9,11,0,0,0,38,18,20,9,3,6,38,18,20,38,18,20,29,15,14,14,8,6,3,1,2,1,1,0,0,0,0,10,10,5,9,5,0,0,0,0,14,12,2,0,16,0,2,8
55401447,2,55401446,,3,1,2,*,*,*,*,*,*,*,*,*,*,*,*,*,*,*,*,*,*,*,*,*,*,*,*,*,*,*,*,*,*,2,2,*,*,*,*,*,*,*,*,*,*,*,*,*,*,*
55401448,1,,55401439;55401449,8,4,4,0,0,0,16,8,8,4,2,2,16,8,8,16,8,8,12,6,6,3,1,2,1,0,1,0,0,0,0,0,0,4,4,1,4,1,1,0,0,0,6,4,2,0,7,0,1,2
55401449,2,55401448,,6,3,3,*,*,*,*,*,*,*,*,*,*,*,*,*,*,*,*,*,*,*,*,*,*,*,*,*,*,*,*,*,*,2,2,*,*,*,*,*,*,*,*,*,*,*,*,*,*,*
55401455,0,,,16,8,8,0,0,0,16,8,8,7,5,2,16,8,8,16,8,8,9,3,6,7,2,5,4,1,3,0,0,0,0,0,0,8,8,3,2,3,0,0,0,0,5,4,1,0,6,0,2,2
55401456,0,,,48,24,24,1,1,0,47,23,24,21,12,9,47,23,24,47,23,24,26,11,15,14,5,9,10,3,7,0,0,0,0,0,0,16,16,4,3,4,3,0,1,1,12,6,6,0,14,0,4,1
55401457,2,55401446,,5,2,3,*,*,*,*,*,*,*,*,*,*,*,*,*,*,*,*,*,*,*,*,*,*,*,*,*,*,*,*,*,*,2,2,*,*,*,*,*,*,*,*,*,*,*,*,*,*,*
55401458,1,,55401468,20,9,11,3,2,1,29,13,16,12,6,6,29,13,16,29,13,16,17,7,10,12,5,7,4,2,2,0,0,0,0,0,0,7,7,0,4,3,2,0,0,1,10,7,3,0,10,0,0,1
55401462,1,,55401420,2,1,1,0,0,0,10,4,6,3,3,0,10,4,6,10,4,6,7,1,6,5,0,5,4,0,4,0,0,0,0,0,0,1,1,3,2,1,0,0,0,0,3,2,1,0,5,0,2,0
55401465,2,55401466,,6,3,3,*,*,*,*,*,*,*,*,*,*,*,*,*,*,*,*,*,*,*,*,*,*,*,*,*,*,*,*,*,*,3,3,*,*,*,*,*,*,*,*,*,*,*,*,*,*,*
55401466,1,,55401465,29,14,15,0,0,0,35,17,18,12,9,3,35,17,18,35,17,18,23,8,15,14,4,10,3,1,2,0,0,0,0,0,0,16,16,7,9,2,1,0,0,0,12,9,3,0,16,0,6,4
55401467,1,,55401489,24,11,13,1,1,0,25,11,14,11,5,6,25,11,14,24,11,13,14,6,8,10,4,6,3,2,1,0,0,0,0,0,0,10,10,2,5,3,0,1,0,0,9,8,1,0,9,0,2,4
55401468,2,55401458,,12,6,6,*,*,*,*,*,*,*,*,*,*,*,*,*,*,*,*,*,*,*,*,*,*,*,*,*,*,*,*,*,*,3,3,*,*,*,*,*,*,*,*,*,*,*,*,*,*,*
55401470,2,55401471,,12,7,5,*,*,*,*,*,*,*,*,*,*,*,*,*,*,*,*,*,*,*,*,*,*,*,*,*,*,*,*,*,*,2,2,*,*,*,*,*,*,*,*,*,*,*,*,*,*,*
55401471,1,,55401470,12,6,6,3,2,1,21,11,10,11,7,4,21,11,10,21,11,10,10,4,6,6,2,4,3,1,2,0,0,0,0,0,0,3,3,0,0,3,0,0,1,1,5,1,4,1,4,0,0,0
55401477,1,,55401488;55401499,11,5,6,0,0,0,21,9,12,4,1,3,21,9,12,21,9,12,17,8,9,10,3,7,7,2,5,1,1,0,0,0,0,6,6,7,5,0,1,0,0,0,5,4,1,0,13,0,7,3
55401481,0,,,57,30,27,10,6,4,47,24,23,28,14,14,46,23,23,46,23,23,19,10,9,10,4,6,9,4,5,1,1,0,0,0,0,18,18,2,5,2,6,3,0,0,16,7,9,2,12,0,2,2
55401482,1,,55401483,23,13,10,1,1,0,28,15,13,9,6,3,28,15,13,28,15,13,19,9,10,11,5,6,6,2,4,0,0,0,0,0,0,8,8,1,3,2,4,0,0,0,9,4,5,1,9,0,1,3
55401483,2,55401482,,6,3,3,*,*,*,*,*,*,*,*,*,*,*,*,*,*,*,*,*,*,*,*,*,*,*,*,*,*,*,*,*,*,2,2,*,*,*,*,*,*,*,*,*,*,*,*,*,*,*
55401488,2,55401477,,3,1,2,*,*,*,*,*,*,*,*,*,*,*,*,*,*,*,*,*,*,*,*,*,*,*,*,*,*,*,*,*,*,2,2,*,*,*,*,*,*,*,*,*,*,*,*,*,*,*
55401489,2,55401467,,2,1,1,*,*,*,*,*,*,*,*,*,*,*,*,*,*,*,*,*,*,*,*,*,*,*,*,*,*,*,*,*,*,1,1,*,*,*,*,*,*,*,*,*,*,*,*,*,*,*
55401493,0,,,21,12,9,4,4,0,17,8,9,9,4,5,16,8,8,16,8,8,8,4,4,4,2,2,1,0,1,0,0,0,0,0,0,5,5,0,1,2,0,0,1,1,5,2,3,1,5,0,0,1
55401495,0,,,11,5,6,0,0,0,11,5,6,2,1,1,11,5,6,11,5,6,9,4,5,6,2,4,2,1,1,0,0,0,0,0,0,6,6,3,1,2,0,0,0,0,3,3,0,0,6,0,3,1
55401499,2,55401477,,7,3,4,*,*,*,*,*,*,*,*,*,*,*,*,*,*,*,*,*,*,*,*,*,*,*,*,*,*,*,*,*,*,5,5,*,*,*,*,*,*,*,*,*,*,*,*,*,*,*
55401503,0,,,26,15,11,0,0,0,26,15,11,15,11,4,26,15,11,24,13,11,11,4,7,6,1,5,2,0,2,0,0,0,0,0,0,12,12,4,5,1,1,1,0,0,8,5,3,0,8,0,2,2
55401504,0,,,258,140,118,21,12,9,236,128,108,146,85,61,229,126,103,218,118,100,90,43,47,46,22,24,17,7,10,1,1,0,1,0,1,97,97,17,34,25,14,2,4,1,78,68,10,4,58,0,12,19
55401505,0,,,59,35,24,7,5,2,52,30,22,39,23,16,49,27,22,48,26,22,13,7,6,5,2,3,1,0,1,0,0,0,0,0,0,21,21,2,8,4,6,1,0,0,19,18,1,1,9,0,1,2
55401506,0,,,37,24,13,6,5,1,31,19,12,19,11,8,31,19,12,30,18,12,12,8,4,1,0,1,1,0,1,0,0,0,1,0,1,14,14,4,4,1,3,2,0,0,10,10,0,1,8,0,3,2
55401507,0,,,135,64,71,22,14,8,113,50,63,68,32,36,109,47,62,106,47,59,45,18,27,28,9,19,13,4,9,5,1,4,0,0,0,47,46,10,17,5,10,2,2,0,36,34,2,4,22,0,8,7
55401508,0,,,734,367,367,48,24,24,670,332,338,384,207,177,648,320,328,640,315,325,286,125,161,146,63,83,39,10,29,4,0,4,4,0,4,334,334,108,117,61,34,11,3,0,222,182,40,14,196,6,45,60
55401512,0,,,14,8,6,2,1,1,12,7,5,6,4,2,12,7,5,12,7,5,6,3,3,3,1,2,2,1,1,0,0,0,0,0,0,6,6,2,2,0,2,0,0,0,4,3,1,1,5,0,2,1
55401513,0,,,23,9,14,3,1,2,20,8,12,9,4,5,20,8,12,20,8,12,11,4,7,4,1,3,1,0,1,0,0,0,1,0,1,10,10,3,3,3,0,1,0,0,7,6,1,0,7,0,2,2
55401514,0,,,134,64,70,0,0,0,134,64,70,73,35,38,130,61,69,125,58,67,61,29,32,21,8,13,6,1,5,0,0,0,0,0,0,58,58,12,26,12,6,2,0,0,46,34,12,0,40,0,8,10
55401515,0,,,448,222,226,26,9,17,420,212,208,241,122,119,414,211,203,407,206,201,179,90,89,79,33,46,15,7,8,2,0,2,3,0,3,192,192,44,75,52,11,8,1,1,148,128,20,7,123,0,33,38
55401516,0,,,454,226,228,42,17,25,409,209,200,254,134,120,398,202,196,390,198,192,155,75,80,67,29,38,20,8,12,1,0,1,4,4,0,186,186,43,69,43,21,4,3,3,142,120,22,5,102,3,23,27
55401517,0,,,820,422,398,90,46,44,730,376,354,465,246,219,697,352,345,681,342,339,265,130,135,125,60,65,26,13,13,2,0,2,0,0,0,310,310,55,112,69,48,18,4,4,253,226,27,13,172,3,35,56
55401518,1,,55401519,2053,998,1055,159,80,79,1895,918,977,886,454,432,1847,899,948,1813,883,930,1009,464,545,457,219,238,89,31,58,3,0,3,6,4,2,879,879,205,380,165,85,28,11,6,673,611,62,30,645,1,160,252
55401519,2,55401518,,1,0,1,*,*,*,*,*,*,*,*,*,*,*,*,*,*,*,*,*,*,*,*,*,*,*,*,*,*,*,*,*,*,1,1,*,*,*,*,*,*,*,*,*,*,*,*,*,*,*
55401520,1,,55401530;55401531,53,32,21,2,1,1,56,34,22,42,28,14,56,34,22,55,33,22,14,6,8,9,4,5,1,1,0,0,0,0,0,0,0,8,7,3,6,0,1,0,0,0,7,7,0,1,8,0,2,4
55401525,0,,,75,42,33,1,1,0,74,41,33,43,28,15,74,41,33,73,40,33,31,13,18,17,7,10,6,2,4,1,0,1,0,0,0,39,39,16,14,5,4,0,0,0,23,20,3,0,22,0,8,4
55401526,0,,,56,30,26,0,0,0,56,30,26,32,18,14,56,30,26,56,30,26,24,12,12,10,5,5,2,1,1,0,0,0,0,0,0,25,25,4,15,3,2,1,0,0,20,17,3,0,14,0,3,8
55401527,0,,,1230,616,614,182,97,85,1046,517,529,753,381,372,1007,497,510,987,487,500,293,136,157,126,48,78,54,14,40,6,1,5,2,0,2,440,438,69,148,102,77,29,11,2,361,321,40,43,187,1,35,55
55401528,0,,,1507,743,764,153,82,71,1354,661,693,921,457,464,1316,643,673,1286,627,659,433,204,229,152,65,87,44,10,34,1,0,1,9,3,6,580,580,105,212,128,91,35,8,1,469,416,53,39,281,3,56,91
55401529,0,,,301,152,149,21,9,12,275,140,135,174,96,78,271,138,133,266,135,131,101,44,57,53,19,34,24,6,18,3,0,3,1,0,1,136,135,46,48,27,10,3,0,1,85,71,14,9,56,4,12,16
55401530,2,55401520,,2,1,1,*,*,*,*,*,*,*,*,*,*,*,*,*,*,*,*,*,*,*,*,*,*,*,*,*,*,*,*,*,*,1,1,*,*,*,*,*,*,*,*,*,*,*,*,*,*,*
55401531,2,55401520,,3,2,1,*,*,*,*,*,*,*,*,*,*,*,*,*,*,*,*,*,*,*,*,*,*,*,*,*,*,*,*,*,*,2,2,*,*,*,*,*,*,*,*,*,*,*,*,*,*,*
55401535,0,,,1010,492,518,123,57,66,887,435,452,551,275,276,865,425,440,853,419,434,336,160,176,149,55,94,52,17,35,0,0,0,5,1,4,422,421,93,157,110,40,16,4,1,327,291,36,55,236,0,60,64
55401536,0,,,273,143,130,22,11,11,251,132,119,149,86,63,245,129,116,242,126,116,102,46,56,52,20,32,17,4,13,1,0,1,0,0,0,128,128,45,45,23,10,2,2,1,82,73,9,7,76,1,26,18
55401537,0,,,303,143,160,26,14,12,277,129,148,161,72,89,272,126,146,270,126,144,116,57,59,52,21,31,23,8,15,3,2,1,0,0,0,113,113,24,36,25,14,11,2,1,88,66,22,4,75,0,15,21
55401538,0,,,2025,999,1026,324,162,162,1684,826,858,1171,592,579,1617,796,821,1584,781,803,513,234,279,255,113,142,91,35,56,4,2,2,6,3,3,807,807,213,243,161,128,48,9,5,587,520,67,75,351,16,98,101
55401539,0,,,736,366,370,86,44,42,636,314,322,431,233,198,613,300,313,602,294,308,205,81,124,107,34,73,36,9,27,4,0,4,1,0,1,330,330,123,87,60,43,15,2,0,202,181,21,26,156,7,59,23
55401545,0,,,95,46,49,2,0,2,93,46,47,46,25,21,92,46,46,89,45,44,47,21,26,20,8,12,8,1,7,0,0,0,0,0,0,39,39,9,19,4,4,0,2,1,30,26,4,1,30,0,5,12
55401546,0,,,529,257,272,47,24,23,482,233,249,285,146,139,462,226,236,452,220,232,197,87,110,86,31,55,30,9,21,1,1,0,9,9,0,211,211,56,57,54,29,10,4,1,153,123,30,8,131,8,31,30
55401547,0,,,498,238,260,63,32,31,435,206,229,275,137,138,426,202,224,423,199,224,160,69,91,72,26,46,28,9,19,2,0,2,1,1,0,185,185,33,74,30,27,11,6,4,149,122,27,13,112,0,22,36
55401548,0,,,986,491,495,145,73,72,837,415,422,570,288,282,808,401,407,788,392,396,267,127,140,128,57,71,53,20,33,5,1,4,7,1,6,387,387,92,116,83,71,21,4,0,292,261,31,28,174,13,41,53
55401549,0,,,1389,644,745,129,75,54,1227,551,676,722,347,375,1197,536,661,1181,527,654,505,204,301,323,106,217,179,45,134,31,9,22,89,4,85,647,645,340,144,91,47,13,5,5,304,265,39,32,249,75,97,56
55401551,0,,,12,5,7,0,0,0,12,5,7,9,4,5,12,5,7,11,5,6,3,1,2,1,0,1,1,0,1,0,0,0,0,0,0,5,5,1,2,1,1,0,0,0,4,3,1,0,2,0,1,0
55401552,0,,,10,4,6,0,0,0,10,4,6,3,2,1,10,4,6,10,4,6,7,2,5,7,2,5,5,2,3,0,0,0,0,0,0,6,6,4,1,0,1,0,0,0,2,1,1,0,5,0,3,1
55401555,0,,,121,58,63,13,9,4,108,49,59,69,29,40,105,48,57,104,47,57,39,20,19,15,6,9,7,2,5,0,0,0,0,0,0,47,47,10,16,8,10,3,0,0,37,31,6,1,30,0,9,9
55401556,0,,,718,362,356,62,36,26,656,326,330,372,191,181,637,316,321,626,311,315,284,135,149,119,54,65,36,10,26,4,1,3,0,0,0,289,289,73,99,57,35,17,5,3,215,175,40,12,190,0,51,59
55401557,0,,,1175,571,604,100,48,52,1075,523,552,631,319,312,1041,504,537,1027,500,527,444,204,240,210,87,123,66,25,41,5,2,3,5,3,2,481,481,103,194,85,73,20,5,1,375,316,59,18,296,4,68,92
55401558,0,,,1489,749,740,285,155,130,1196,589,607,852,437,415,1150,561,589,1130,550,580,344,152,192,184,80,104,79,25,54,11,3,8,23,11,12,546,544,132,144,108,104,44,8,4,410,367,43,67,209,21,48,58
55401559,0,,,1603,832,771,264,117,147,1313,700,613,1015,559,456,1278,682,596,1263,670,593,298,141,157,147,66,81,52,19,33,5,1,4,44,36,8,742,742,293,196,132,92,22,5,2,446,418,28,89,212,79,69,55
55401561,1,,55401580,14,8,6,0,0,0,15,9,6,7,6,1,15,9,6,15,9,6,8,3,5,5,2,3,4,2,2,0,0,0,0,0,0,8,8,5,2,2,0,0,0,0,4,4,0,0,7,0,3,0
55401565,0,,,115,51,64,9,2,7,106,49,57,58,29,29,104,48,56,102,46,56,48,20,28,27,10,17,7,1,6,1,1,0,0,0,0,48,48,15,15,8,7,0,3,0,33,27,6,2,34,0,12,8
55401566,0,,,386,197,189,36,24,12,350,173,177,197,101,96,336,167,169,332,164,168,153,72,81,62,24,38,29,9,20,1,0,1,0,0,0,156,156,34,61,33,15,8,4,1,122,98,24,11,101,0,22,30
55401567,0,,,627,320,307,66,28,38,561,292,269,370,190,180,537,281,256,531,275,256,191,102,89,78,41,37,25,9,16,1,0,1,3,0,3,234,234,46,83,44,37,16,4,4,184,155,29,14,131,1,32,40
55401568,0,,,384,190,194,49,20,29,332,168,164,255,126,129,319,161,158,303,155,148,77,42,35,33,16,17,10,5,5,1,1,0,0,0,0,143,143,29,39,36,29,7,3,0,113,97,16,11,50,2,9,13
55401569,0,,,932,509,423,68,32,36,846,462,384,476,303,173,826,448,378,812,439,373,370,159,211,198,75,123,101,32,69,12,4,8,21,20,1,449,447,229,115,50,35,11,5,2,215,192,23,17,201,69,65,64
55401575,0,,,126,68,58,5,4,1,121,64,57,72,45,27,118,61,57,116,59,57,49,19,30,35,12,23,14,4,10,3,1,2,0,0,0,48,48,11,12,14,8,1,2,0,37,26,11,0,35,0,9,5
55401576,0,,,135,65,70,9,5,4,126,60,66,69,34,35,123,58,65,122,57,65,57,26,31,27,12,15,8,2,6,0,0,0,0,0,0,48,48,7,14,14,8,4,1,0,41,29,12,1,35,0,5,7
55401577,0,,,569,286,283,45,20,25,524,266,258,326,167,159,508,260,248,500,254,246,198,99,99,88,38,50,28,8,20,1,0,1,1,0,1,228,228,53,77,52,28,14,4,0,175,141,34,16,139,1,32,36
55401578,0,,,690,321,369,77,39,38,611,280,331,417,186,231,577,268,309,564,263,301,194,94,100,59,22,37,17,5,12,3,1,2,0,0,0,286,286,87,91,50,37,11,5,5,198,176,22,17,134,1,46,40
55401579,0,,,976,494,482,101,51,50,875,443,432,604,314,290,845,427,418,826,415,411,271,129,142,127,43,84,45,13,32,10,1,9,6,1,5,365,362,72,120,73,70,20,6,1,288,245,43,22,172,2,41,46
55401580,2,55401561,,1,1,0,*,*,*,*,*,*,*,*,*,*,*,*,*,*,*,*,*,*,*,*,*,*,*,*,*,*,*,*,*,*,1,1,*,*,*,*,*,*,*,*,*,*,*,*,*,*,*
55401585,0,,,72,41,31,2,2,0,70,39,31,29,17,12,70,39,31,69,38,31,41,22,19,7,4,3,3,1,2,1,1,0,0,0,0,33,33,8,14,10,0,0,1,0,25,19,6,0,27,0,6,9
55401586,0,,,378,189,189,32,14,18,346,175,171,178,85,93,337,171,166,333,169,164,168,90,78,76,38,38,22,8,14,4,1,3,1,0,1,173,173,60,57,30,18,6,2,0,113,98,15,7,118,0,46,34
55401587,0,,,129,67,62,10,6,4,119,61,58,64,34,30,116,59,57,112,58,54,55,27,28,24,9,15,7,1,6,0,0,0,0,0,0,52,52,12,24,6,4,3,2,1,40,32,8,2,38,0,9,11
55401588,0,,,16,7,9,1,1,0,15,6,9,6,2,4,15,6,9,15,6,9,9,4,5,6,3,3,4,2,2,0,0,0,0,0,0,6,6,0,2,4,0,0,0,0,6,5,1,0,5,0,0,2
55401589,0,,,82,17,65,0,0,0,82,17,65,0,0,0,82,17,65,82,17,65,82,17,65,77,15,62,66,12,54,11,0,11,0,0,0,1,0,0,0,0,0,0,0,0,0,0,0,0,0,0,0,0
55401595,0,,,75,40,35,1,1,0,74,39,35,45,24,21,74,39,35,73,39,34,29,15,14,10,5,5,4,1,3,0,0,0,1,0,1,34,33,11,10,7,4,0,1,0,22,21,1,0,22,0,8,4
55401596,0,,,304,150,154,7,2,5,297,148,149,151,81,70,292,144,148,291,144,147,146,67,79,64,24,40,25,8,17,2,1,1,0,0,0,149,149,45,71,20,9,3,1,0,104,91,13,2,104,0,29,31
55401597,0,,,142,71,71,4,1,3,138,70,68,74,38,36,134,70,64,133,70,63,64,32,32,28,12,16,10,1,9,0,0,0,0,0,0,64,64,21,19,16,7,0,0,1,43,38,5,1,45,0,15,7
55401598,0,,,43,23,20,3,3,0,40,20,20,25,14,11,39,20,19,39,20,19,15,6,9,7,3,4,1,1,0,0,0,0,0,0,0,14,14,0,6,5,1,1,0,1,14,11,3,0,10,0,0,4
55401640,2,55401650,,3,2,1,*,*,*,*,*,*,*,*,*,*,*,*,*,*,*,*,*,*,*,*,*,*,*,*,*,*,*,*,*,*,2,2,*,*,*,*,*,*,*,*,*,*,*,*,*,*,*
55401650,1,,55401640,379,200,179,30,17,13,350,183,167,202,111,91,344,181,163,338,178,160,148,72,76,65,32,33,18,4,14,1,0,1,9,5,4,175,175,64,52,42,13,2,2,2,110,95,15,12,102,4,30,19
55401660,1,,55401670;55401671,957,466,491,112,57,55,849,412,437,547,281,266,838,408,430,830,405,425,302,131,171,146,58,88,44,14,30,6,2,4,6,0,6,436,434,153,148,76,43,10,8,1,285,250,35,44,191,18,47,61
55401670,2,55401660,,5,3,2,*,*,*,*,*,*,*,*,*,*,*,*,*,*,*,*,*,*,*,*,*,*,*,*,*,*,*,*,*,*,3,3,*,*,*,*,*,*,*,*,*,*,*,*,*,*,*
55401671,2,55401660,,6,5,1,*,*,*,*,*,*,*,*,*,*,*,*,*,*,*,*,*,*,*,*,*,*,*,*,*,*,*,*,*,*,2,2,*,*,*,*,*,*,*,*,*,*,*,*,*,*,*
55401680,2,55401681,,2,2,0,*,*,*,*,*,*,*,*,*,*,*,*,*,*,*,*,*,*,*,*,*,*,*,*,*,*,*,*,*,*,2,2,*,*,*,*,*,*,*,*,*,*,*,*,*,*,*
55401681,1,,55401680,548,270,278,63,33,30,482,236,246,278,139,139,470,232,238,460,228,232,204,97,107,76,36,40,23,11,12,3,1,2,0,0,0,226,226,57,82,49,28,7,3,2,168,145,23,14,136,0,35,41
55401690,2,55401691,,4,3,1,*,*,*,*,*,*,*,*,*,*,*,*,*,*,*,*,*,*,*,*,*,*,*,*,*,*,*,*,*,*,3,3,*,*,*,*,*,*,*,*,*,*,*,*,*,*,*
55401691,1,,55401690,658,334,324,61,34,27,599,302,297,373,193,180,576,293,283,567,288,279,226,109,117,111,50,61,30,12,18,4,0,4,2,1,1,270,269,75,88,54,41,10,3,1,193,161,32,19,163,0,54,31
55401692,0,,,738,374,364,64,39,25,668,331,337,397,210,187,647,319,328,638,313,325,271,121,150,142,56,86,56,22,34,6,4,2,0,0,0,319,319,90,118,56,40,8,5,2,226,187,39,19,185,5,54,47
55401693,0,,,1053,525,528,88,48,40,961,475,486,570,297,273,935,462,473,916,452,464,391,178,213,185,71,114,63,23,40,3,0,3,2,0,2,441,441,146,132,73,53,20,9,8,292,220,72,19,281,7,86,58
55401694,0,,,208,95,113,21,7,14,186,87,99,126,59,67,180,85,95,171,82,89,60,28,32,31,14,17,14,3,11,1,0,1,5,2,3,71,70,9,26,16,11,5,1,2,61,53,8,4,33,0,4,11
55402000,0,,,163,81,82,24,13,11,137,67,70,109,52,57,129,66,63,127,65,62,28,15,13,12,6,6,4,2,2,1,0,1,4,1,3,63,63,22,11,11,12,5,1,1,38,26,12,8,21,3,4,1
55402001,0,,,208,98,110,20,7,13,187,90,97,123,64,59,179,84,95,175,83,92,64,26,38,24,8,16,9,1,8,0,0,0,0,0,0,70,70,9,21,19,9,9,2,1,60,42,18,5,43,0,2,8
55402002,0,,,151,68,83,25,10,15,126,58,68,77,36,41,120,56,64,119,56,63,49,22,27,16,6,10,9,3,6,1,1,0,0,0,0,51,51,15,6,12,9,3,5,1,35,22,13,7,27,0,8,1
55402003,0,,,474,228,246,106,53,53,368,175,193,290,140,150,334,160,174,324,153,171,78,35,43,33,12,21,13,5,8,1,1,0,2,1,1,143,143,18,23,35,44,14,5,4,125,99,26,14,46,2,4,5
55402004,0,,,29,14,15,5,3,2,24,11,13,15,8,7,24,11,13,24,11,13,9,3,6,2,0,2,0,0,0,0,0,0,0,0,0,9,9,2,1,2,2,1,1,0,7,4,3,2,6,0,2,1
55402005,0,,,223,108,115,20,10,10,203,98,105,121,59,62,200,96,104,197,95,102,82,39,43,33,13,20,11,3,8,2,0,2,0,0,0,69,69,11,16,18,9,5,7,3,58,32,26,9,50,0,8,10
55402006,0,,,98,52,46,13,6,7,84,45,39,59,33,26,75,38,37,74,38,36,25,12,13,13,6,7,7,1,6,0,0,0,1,0,1,34,34,8,9,4,5,8,0,0,25,17,8,2,17,2,1,5
55402007,0,,,73,39,34,15,8,7,58,31,27,38,20,18,55,30,25,52,27,25,20,11,9,4,2,2,2,1,1,0,0,0,4,3,1,24,24,7,7,2,3,1,1,3,17,13,4,4,15,1,4,2
55402008,0,,,54,27,27,4,1,3,50,26,24,34,18,16,46,23,23,46,23,23,16,8,8,5,2,3,4,1,3,1,0,1,0,0,0,20,20,6,5,3,2,3,1,0,14,9,5,0,11,0,4,2
55402009,0,,,240,124,116,20,8,12,220,116,104,131,74,57,212,112,100,209,110,99,89,42,47,41,20,21,14,6,8,2,0,2,0,0,0,79,79,10,28,12,15,8,4,2,68,42,26,7,57,0,7,14
55402010,0,,,649,340,309,112,65,47,529,271,258,438,228,210,502,256,246,488,248,240,91,43,48,31,12,19,5,0,5,0,0,0,12,8,4,243,243,51,66,66,43,10,3,4,190,170,20,38,60,8,6,18
55402011,0,,,424,209,215,66,33,33,358,176,182,273,140,133,333,164,169,321,157,164,85,36,49,40,15,25,15,5,10,1,0,1,0,0,0,127,127,6,35,30,34,14,5,3,121,94,27,14,53,0,2,15
55402012,0,,,460,231,229,60,27,33,397,203,194,254,130,124,388,196,192,381,193,188,143,73,70,53,24,29,14,6,8,3,2,1,8,3,5,177,177,39,62,36,20,13,5,2,136,113,23,19,94,3,17,34
55402013,0,,,239,111,128,43,19,24,193,91,102,131,65,66,188,89,99,186,87,99,62,26,36,33,11,22,15,3,12,0,0,0,0,0,0,81,81,16,20,17,16,7,3,2,61,43,18,11,38,2,6,9
55402014,0,,,148,56,92,6,2,4,142,54,88,37,23,14,139,51,88,136,48,88,105,31,74,84,23,61,58,14,44,13,1,12,0,0,0,26,24,6,5,4,4,1,3,1,18,9,9,0,19,0,4,4
55402015,0,,,198,92,106,22,9,13,176,83,93,109,54,55,174,83,91,169,80,89,67,29,38,28,10,18,13,3,10,3,1,2,0,0,0,62,62,7,15,17,12,6,4,1,55,36,19,5,38,0,4,8
55402016,0,,,129,66,63,13,9,4,116,57,59,73,38,35,114,56,58,114,56,58,43,19,24,24,8,16,10,2,8,1,0,1,1,0,1,40,40,5,12,9,6,2,4,2,35,23,12,2,25,0,3,4
55402018,0,,,59,29,30,9,3,6,50,26,24,28,17,11,49,25,24,49,25,24,22,9,13,13,4,9,3,1,2,0,0,0,0,0,0,15,15,2,3,3,1,2,2,2,13,4,9,3,13,0,1,1
55402019,0,,,206,95,111,18,7,11,188,88,100,120,53,67,182,83,99,178,82,96,68,35,33,34,13,21,9,3,6,1,0,1,0,0,0,70,70,11,18,16,17,5,3,0,58,39,19,6,44,0,7,9
55402020,0,,,3377,1666,1711,444,239,205,2850,1389,1461,2177,1086,1091,2728,1323,1405,2664,1295,1369,673,303,370,275,126,149,68,24,44,3,0,3,98,35,63,1423,1422,469,389,274,197,66,19,8,929,812,117,103,449,83,94,124
55402021,0,,,2959,1471,1488,536,276,260,2300,1138,1162,1818,929,889,2217,1092,1125,2151,1062,1089,482,209,273,218,89,129,73,24,49,6,1,5,93,39,54,1282,1281,494,308,218,169,65,19,8,770,691,79,156,304,98,66,100
55402022,0,,,2383,1115,1268,200,102,98,1990,927,1063,1547,729,818,1938,896,1042,1745,818,927,443,198,245,198,84,114,63,18,45,8,2,6,37,17,20,1402,1401,923,216,131,88,28,10,5,463,408,55,57,260,387,56,82
55402023,0,,,770,365,405,108,47,61,638,307,331,424,215,209,622,296,326,614,292,322,214,92,122,92,32,60,31,12,19,1,1,0,27,11,16,336,336,120,103,54,30,15,12,2,209,169,40,42,150,13,44,33
55402024,0,,,60,36,24,9,5,4,51,31,20,42,27,15,48,29,19,45,27,18,9,4,5,5,2,3,2,2,0,0,0,0,0,0,0,23,23,2,13,2,4,2,0,0,21,21,0,0,6,0,1,2
55402025,0,,,121,56,65,6,3,3,115,53,62,59,29,30,112,52,60,109,49,60,56,24,32,26,10,16,5,1,4,0,0,0,0,0,0,45,45,8,14,14,5,2,1,1,37,28,9,1,36,0,8,13
55402026,0,,,80,40,40,5,2,3,72,38,34,41,24,17,71,37,34,70,36,34,31,14,17,14,5,9,6,1,5,1,0,1,0,0,0,31,31,6,11,9,2,1,2,0,24,16,8,1,21,0,5,3
55402027,0,,,194,90,104,30,13,17,164,77,87,98,46,52,159,75,84,158,75,83,66,31,35,17,7,10,3,0,3,0,0,0,9,0,9,70,70,20,16,16,6,6,3,3,50,36,14,11,45,5,7,10
55402028,0,,,218,112,106,30,15,15,188,97,91,112,59,53,185,94,91,183,92,91,76,38,38,31,16,15,7,2,5,0,0,0,0,0,0,78,78,13,28,18,8,6,3,2,65,54,11,6,50,0,8,15
55402029,0,,,604,274,330,50,26,24,553,248,305,342,150,192,530,240,290,515,235,280,211,98,113,79,26,53,26,7,19,2,0,2,1,0,1,240,240,60,83,49,25,12,6,5,180,147,33,8,146,2,37,39
55402030,0,,,2757,1345,1412,349,188,161,2337,1127,1210,1683,842,841,2263,1092,1171,2211,1067,1144,654,285,369,286,119,167,106,38,68,9,2,7,49,16,33,1251,1249,486,349,202,153,40,17,2,753,674,79,111,428,75,112,132
55402031,0,,,4293,2042,2251,423,214,209,3575,1701,1874,2624,1283,1341,3476,1647,1829,3287,1586,1701,951,418,533,474,174,300,181,55,126,26,5,21,120,58,62,2234,2229,1298,396,275,178,57,17,8,902,780,122,141,568,375,180,144
55402032,0,,,3145,1510,1635,306,156,150,2643,1260,1383,1771,890,881,2582,1222,1360,2440,1164,1276,872,370,502,437,164,273,163,49,114,14,0,14,48,33,15,1676,1673,927,349,209,117,47,12,12,736,631,105,83,559,260,161,163
55402033,0,,,441,260,181,29,17,12,372,216,156,276,169,107,363,212,151,341,197,144,96,47,49,49,22,27,11,5,6,3,0,3,38,33,5,283,283,199,35,31,12,5,1,0,82,66,16,8,70,76,25,12
55402034,0,,,95,54,41,8,6,2,84,47,37,55,33,22,83,47,36,80,44,36,29,14,15,17,8,9,5,2,3,0,0,0,0,0,0,38,38,15,10,4,3,3,2,1,23,16,7,2,16,5,2,5
55402035,0,,,142,73,69,7,2,5,135,71,64,83,45,38,129,67,62,128,66,62,52,26,26,20,8,12,10,4,6,1,0,1,0,0,0,41,41,4,7,13,8,4,2,3,37,22,15,3,29,0,3,4
55402036,0,,,195,106,89,29,17,12,166,89,77,124,67,57,161,86,75,156,83,73,42,22,20,13,8,5,5,2,3,0,0,0,7,6,1,72,72,18,13,26,7,6,0,2,54,43,11,9,24,7,2,5
55402037,0,,,255,133,122,44,23,21,210,110,100,138,76,62,201,103,98,199,102,97,72,34,38,26,9,17,11,3,8,4,1,3,4,4,0,83,83,12,21,19,15,13,2,1,71,53,18,12,42,4,4,11
55402038,0,,,502,250,252,47,22,25,448,223,225,303,157,146,430,211,219,421,206,215,145,66,79,68,29,39,30,11,19,1,1,0,8,5,3,197,196,61,54,36,23,19,2,1,132,95,37,9,95,2,24,18
55402039,0,,,1079,515,564,85,41,44,989,470,519,519,260,259,964,458,506,948,450,498,470,210,260,237,89,148,107,39,68,12,3,9,17,6,11,418,418,111,131,84,50,18,12,12,301,209,92,24,310,6,80,74
55402040,0,,,2213,1114,1099,364,199,165,1782,883,899,1381,708,673,1712,850,862,1667,828,839,401,175,226,177,79,98,56,18,38,6,2,4,19,7,12,943,942,325,244,180,142,35,13,3,602,533,69,113,251,70,46,80
55402041,0,,,2963,1352,1611,257,123,134,2510,1141,1369,1783,851,932,2445,1115,1330,2326,1065,1261,727,290,437,382,130,252,147,41,106,8,3,5,60,27,33,1579,1577,851,340,212,125,33,11,5,702,600,102,84,491,225,156,121
55402042,0,,,1918,900,1018,231,114,117,1641,764,877,973,489,484,1614,751,863,1571,732,839,668,275,393,356,113,243,137,35,102,9,0,9,17,6,11,836,834,331,223,135,87,37,9,12,499,424,75,61,424,43,127,117
55402043,0,,,1119,563,556,157,87,70,904,443,461,674,343,331,872,424,448,837,403,434,230,100,130,82,30,52,26,8,18,2,1,1,4,3,1,517,516,243,101,73,60,28,9,2,269,220,49,42,160,72,36,34
55402044,0,,,236,122,114,17,9,8,201,103,98,160,86,74,197,102,95,180,98,82,41,17,24,19,8,11,6,2,4,0,0,0,28,16,12,148,148,110,16,5,9,6,1,1,37,27,10,5,28,51,5,7
55402045,0,,,725,334,391,67,42,25,588,258,330,400,187,213,575,253,322,536,235,301,188,71,117,112,29,83,77,14,63,15,1,14,3,0,3,321,316,231,26,22,20,10,4,3,85,61,24,7,61,110,6,12
55402046,0,,,456,223,233,31,17,14,387,188,199,288,144,144,376,181,195,344,167,177,99,44,55,43,17,26,16,6,10,1,0,1,9,3,6,238,238,145,29,30,18,8,6,2,91,66,25,6,65,55,10,8
55402047,0,,,167,86,81,16,7,9,151,79,72,99,55,44,146,75,71,140,72,68,52,24,28,27,10,17,8,4,4,0,0,0,0,0,0,54,54,12,14,9,9,3,4,3,42,27,15,5,38,2,8,8
55402048,0,,,310,153,157,35,17,18,275,136,139,165,83,82,270,135,135,266,133,133,110,53,57,47,20,27,20,10,10,2,0,2,0,0,0,102,102,13,36,20,15,8,6,4,87,59,28,11,67,0,7,12
55402049,0,,,215,112,103,28,16,12,187,96,91,113,60,53,184,94,90,182,93,89,74,36,38,35,14,21,12,3,9,1,0,1,0,0,0,80,80,17,31,9,12,6,4,1,63,46,17,9,51,0,11,14
55402050,0,,,2032,1011,1021,331,183,148,1648,794,854,1240,608,632,1576,758,818,1541,738,803,408,186,222,175,76,99,30,10,20,2,1,1,58,30,28,822,822,236,229,166,132,44,14,1,572,505,67,90,274,31,47,90
55402051,0,,,1348,675,673,172,98,74,1134,555,579,770,394,376,1101,535,566,1078,529,549,364,161,203,199,86,113,69,28,41,13,6,7,26,10,16,596,593,241,163,90,58,29,8,4,343,307,36,55,217,46,65,62
55402052,0,,,177,88,89,21,9,12,149,76,73,84,45,39,142,74,68,141,73,68,65,31,34,21,10,11,6,1,5,1,0,1,1,0,1,71,70,26,17,12,7,5,2,1,44,36,8,4,39,1,11,9
55402053,0,,,922,473,449,136,64,72,765,400,365,554,301,253,749,392,357,734,384,350,211,99,112,76,35,41,18,7,11,1,0,1,6,4,2,376,376,124,97,70,53,19,7,6,247,198,49,39,136,26,25,33
55402054,0,,,327,176,151,37,22,15,286,151,135,215,119,96,276,146,130,270,145,125,71,32,39,23,9,14,6,3,3,0,0,0,2,0,2,137,137,47,38,19,21,9,3,0,90,77,13,13,47,21,5,9
55402055,0,,,136,61,75,8,5,3,128,56,72,82,37,45,127,55,72,123,54,69,46,19,27,30,11,19,9,2,7,1,0,1,1,1,0,47,47,10,13,7,9,6,1,1,36,20,16,4,30,2,4,4
55402056,0,,,62,32,30,5,5,0,57,27,30,38,19,19,55,26,29,53,25,28,19,8,11,13,5,8,7,2,5,1,1,0,0,0,0,25,25,10,5,3,4,1,2,0,15,9,6,1,10,5,0,2
55402057,0,,,68,36,32,3,2,1,65,34,31,43,24,19,61,32,29,58,31,27,22,10,12,9,2,7,3,0,3,0,0,0,0,0,0,26,26,9,4,5,5,2,1,0,17,12,5,1,14,5,2,2
55402058,0,,,139,71,68,10,3,7,129,68,61,78,47,31,124,64,60,122,63,59,51,21,30,20,6,14,8,2,6,0,0,0,0,0,0,54,54,13,16,10,12,2,1,0,40,29,11,3,37,0,7,7
55402059,0,,,138,63,75,17,4,13,121,59,62,80,37,43,116,55,61,113,53,60,41,22,19,18,10,8,7,6,1,1,1,0,8,0,8,51,51,12,13,15,4,4,2,1,39,31,8,2,29,2,6,6
55402060,0,,,928,452,476,110,59,51,813,390,423,573,290,283,797,378,419,781,372,409,240,100,140,105,40,65,29,9,20,4,0,4,9,4,5,385,385,103,135,74,47,17,4,5,279,240,39,41,163,9,37,43
55402061,0,,,319,145,174,33,12,21,282,130,152,161,76,85,276,126,150,273,124,149,121,54,67,38,14,24,16,4,12,2,1,1,3,0,3,123,123,19,55,25,13,4,6,1,103,77,26,14,79,0,10,28
55402062,0,,,117,59,58,13,4,9,104,55,49,68,37,31,100,51,49,97,51,46,36,18,18,12,6,6,5,2,3,1,0,1,1,0,1,36,36,2,10,10,9,3,1,1,34,28,6,1,22,0,2,6
55402063,0,,,1213,593,620,149,78,71,1049,507,542,739,361,378,1011,486,525,971,462,509,310,146,164,118,50,68,31,10,21,0,0,0,5,2,3,528,526,196,150,73,71,25,8,3,324,276,48,49,227,16,88,45
55402064,0,,,134,77,57,19,12,7,114,64,50,82,50,32,110,61,49,106,57,49,32,14,18,15,8,7,2,1,1,0,0,0,0,0,0,46,45,11,9,8,8,6,3,0,34,26,8,4,22,0,6,5
55402065,0,,,155,80,75,18,10,8,137,70,67,87,47,40,130,65,65,129,64,65,50,23,27,16,6,10,5,1,4,0,0,0,7,6,1,52,52,10,13,10,11,6,1,1,41,29,12,2,31,3,3,6
55402066,0,,,39,19,20,5,2,3,34,17,17,25,13,12,31,16,15,30,15,15,9,4,5,4,2,2,1,1,0,1,1,0,0,0,0,11,11,1,0,4,4,2,0,0,10,7,3,1,5,0,0,0
55402067,0,,,134,66,68,10,6,4,124,60,64,81,39,42,121,58,63,120,58,62,43,21,22,18,8,10,6,2,4,0,0,0,2,1,1,45,45,10,12,10,5,3,2,3,35,24,11,3,28,0,6,3
55402068,0,,,360,172,188,28,10,18,332,162,170,232,113,119,321,156,165,314,154,160,100,49,51,35,15,20,16,8,8,2,1,1,0,0,0,120,120,17,35,27,24,8,7,2,103,78,25,10,61,0,7,13
55402069,0,,,108,55,53,3,2,1,105,53,52,58,29,29,102,51,51,99,51,48,47,24,23,25,12,13,9,3,6,0,0,0,0,0,0,38,38,5,12,10,8,2,0,1,32,24,8,0,28,0,3,9
55402070,0,,,189,96,93,21,12,9,165,82,83,107,58,49,164,82,82,164,82,82,58,24,34,27,9,18,10,3,7,0,0,0,9,4,5,86,86,36,25,10,8,2,4,1,50,42,8,7,39,4,11,11
55402071,0,,,147,75,72,19,12,7,128,63,65,84,44,40,124,62,62,122,60,62,44,19,25,15,4,11,7,2,5,1,0,1,0,0,0,42,42,8,3,17,6,1,1,6,34,18,16,4,29,0,5,2
55402072,0,,,230,118,112,23,11,12,207,107,100,129,68,61,198,100,98,193,98,95,78,39,39,23,12,11,7,2,5,0,0,0,0,0,0,69,69,7,19,14,12,13,1,3,61,42,19,4,49,0,7,9
55402073,0,,,434,218,216,86,47,39,345,170,175,277,136,141,319,162,157,308,156,152,68,34,34,34,16,18,13,6,7,1,1,0,0,0,0,140,140,21,31,26,41,17,4,0,119,102,17,24,46,1,7,11
55402074,0,,,260,129,131,24,13,11,236,116,120,148,74,74,231,113,118,228,113,115,88,42,46,34,14,20,13,5,8,0,0,0,0,0,0,97,97,16,34,24,15,5,2,1,81,67,14,7,52,5,3,13
55402075,0,,,139,70,69,12,4,8,127,66,61,86,47,39,123,63,60,120,61,59,41,19,22,16,5,11,8,2,6,0,0,0,0,0,0,39,39,3,6,10,11,6,1,2,35,22,13,2,25,0,0,3
55402076,0,,,98,65,33,2,0,2,96,65,31,75,56,19,95,64,31,94,63,31,21,9,12,11,2,9,4,0,4,0,0,0,0,0,0,16,15,1,3,7,2,1,1,0,14,11,3,1,11,0,0,1
55402077,0,,,75,38,37,6,3,3,69,35,34,50,27,23,63,29,34,62,28,34,19,8,11,10,4,6,3,0,3,0,0,0,2,0,2,27,27,7,6,6,4,2,2,0,20,13,7,1,12,2,0,4
55402078,0,,,111,51,60,9,3,6,102,48,54,64,32,32,99,48,51,96,47,49,38,16,22,17,7,10,7,1,6,2,0,2,0,0,0,36,36,10,8,4,5,3,4,2,26,15,11,1,26,0,6,2
55402079,0,,,45,22,23,4,1,3,41,21,20,19,12,7,40,20,20,38,19,19,22,9,13,9,4,5,3,1,2,1,1,0,0,0,0,16,16,1,9,1,3,1,1,0,15,12,3,0,13,0,1,5
55402080,0,,,152,69,83,11,3,8,141,66,75,95,44,51,141,66,75,136,65,71,46,22,24,20,10,10,6,2,4,0,0,0,10,5,5,62,62,26,11,9,8,4,3,1,35,21,14,3,29,14,2,5
55402081,0,,,55,31,24,7,6,1,48,25,23,23,13,10,48,25,23,48,25,23,25,12,13,10,5,5,4,3,1,0,0,0,0,0,0,18,18,4,5,3,3,1,1,1,13,9,4,4,15,0,3,2
55402082,0,,,57,33,24,6,4,2,51,29,22,26,17,9,50,29,21,50,29,21,25,12,13,12,5,7,5,2,3,0,0,0,0,0,0,18,18,5,2,4,2,3,1,1,13,6,7,1,14,0,3,2
55402083,0,,,215,106,109,35,22,13,180,84,96,104,50,54,174,81,93,170,81,89,76,34,42,30,14,16,10,3,7,2,1,1,0,0,0,63,63,3,19,15,12,6,6,2,60,40,20,8,43,0,3,9
55402084,0,,,247,123,124,34,21,13,213,102,111,133,72,61,206,99,107,202,99,103,80,30,50,26,7,19,7,1,6,1,0,1,1,0,1,77,77,7,26,14,12,12,4,2,70,45,25,7,53,1,4,12
55402085,0,,,320,159,161,40,19,21,274,138,136,217,114,103,261,129,132,250,120,130,57,24,33,22,9,13,6,2,4,1,0,1,3,0,3,103,103,12,26,22,30,8,5,0,90,76,14,11,37,0,6,6
55402086,0,,,103,55,48,8,5,3,95,50,45,57,34,23,93,49,44,93,49,44,38,16,22,19,7,12,12,4,8,1,0,1,0,0,0,34,34,7,7,10,5,2,1,2,27,16,11,2,24,0,2,4
55402087,0,,,90,49,41,14,8,6,76,41,35,43,25,18,75,40,35,75,40,35,33,16,17,17,9,8,2,0,2,0,0,0,0,0,0,33,33,5,10,10,6,1,1,0,28,24,4,2,20,0,4,5
55402088,0,,,199,111,88,30,17,13,169,94,75,131,74,57,161,88,73,156,87,69,38,20,18,10,5,5,3,1,2,0,0,0,2,0,2,68,68,14,17,11,14,10,2,0,53,40,13,4,28,0,7,8
55402089,0,,,54,25,29,8,3,5,46,22,24,23,13,10,44,21,23,44,21,23,23,9,14,11,3,8,5,1,4,1,0,1,0,0,0,16,16,2,5,3,2,2,0,2,14,10,4,1,13,0,2,1
55402090,0,,,122,61,61,14,9,5,106,51,55,58,30,28,105,51,54,103,49,54,48,21,27,16,6,10,3,1,2,1,0,1,0,0,0,45,45,10,10,13,10,1,0,1,34,26,8,5,28,0,8,3
55402091,0,,,266,124,142,31,15,16,235,109,126,141,68,73,229,107,122,228,106,122,94,41,53,46,18,28,15,3,12,0,0,0,0,0,0,75,75,8,17,15,15,7,8,5,67,38,29,8,52,0,3,5
55402092,0,,,132,71,61,7,4,3,125,67,58,77,44,33,119,63,56,115,60,55,48,23,25,30,14,16,7,2,5,1,0,1,0,0,0,45,45,6,14,10,8,6,1,0,39,25,14,1,31,0,4,5
55402093,0,,,179,91,88,23,14,9,156,77,79,94,48,46,152,75,77,146,73,73,62,29,33,17,5,12,7,0,7,1,0,1,1,1,0,49,49,2,12,11,11,5,5,3,47,29,18,6,35,0,2,8
55402094,0,,,273,131,142,26,12,14,247,119,128,155,77,78,237,116,121,234,115,119,92,42,50,37,15,22,14,5,9,1,0,1,1,0,1,95,95,19,26,20,17,7,4,2,76,56,20,4,59,1,9,11
55402095,0,,,122,66,56,13,8,5,109,58,51,64,35,29,105,56,49,103,54,49,45,23,22,21,11,10,6,4,2,0,0,0,1,0,1,40,40,9,12,4,3,8,3,1,31,15,16,3,31,0,7,5
55402096,0,,,128,64,64,15,8,7,113,56,57,62,32,30,110,55,55,107,54,53,51,24,27,20,8,12,13,4,9,1,0,1,0,0,0,41,41,9,13,4,6,4,0,5,32,21,11,2,31,0,7,6
55402097,0,,,103,50,53,8,3,5,95,47,48,56,32,24,90,44,46,88,42,46,39,15,24,14,3,11,5,1,4,0,0,0,1,0,1,35,35,3,14,9,4,3,1,1,32,26,6,1,28,0,3,4
55402098,0,,,460,320,140,57,23,34,403,297,106,338,257,81,398,295,103,393,292,101,65,40,25,19,10,9,5,2,3,0,0,0,3,3,0,162,160,76,28,25,19,9,1,2,83,72,11,23,36,17,7,7
55402099,0,,,246,127,119,18,7,11,228,120,108,134,72,62,225,118,107,223,118,105,94,48,46,47,20,27,19,9,10,2,2,0,1,0,1,82,82,11,28,19,9,6,7,2,71,45,26,3,64,0,8,9
55402100,0,,,98,43,55,8,2,6,90,41,49,48,21,27,90,41,49,90,41,49,42,20,22,16,6,10,5,1,4,0,0,0,1,0,1,35,35,3,14,11,3,3,0,1,32,25,7,1,25,0,2,4
55402104,0,,,19,8,11,1,0,1,18,8,10,13,4,9,18,8,10,18,8,10,5,4,1,1,0,1,0,0,0,0,0,0,0,0,0,8,8,2,2,3,1,0,0,0,6,5,1,0,5,0,2,1
55402105,0,,,126,67,59,4,1,3,122,66,56,55,30,25,121,66,55,119,66,53,67,36,31,26,13,13,13,5,8,1,0,1,1,0,1,50,50,9,21,11,5,2,2,0,40,29,11,0,44,0,8,12
55402108,0,,,41,19,22,2,0,2,39,19,20,16,8,8,38,18,20,38,18,20,23,11,12,11,5,6,7,3,4,1,0,1,0,0,0,17,17,7,4,1,2,3,0,0,10,5,5,0,16,0,6,3
55402109,0,,,60,25,35,1,0,1,59,25,34,31,14,17,58,24,34,56,24,32,28,11,17,15,3,12,9,0,9,1,0,1,0,0,0,23,23,4,7,8,3,0,1,0,19,12,7,1,19,0,4,4
55402110,0,,,40,20,20,4,3,1,36,17,19,16,7,9,36,17,19,36,17,19,20,10,10,6,2,4,3,1,2,0,0,0,0,0,0,16,16,4,6,3,2,0,0,1,12,8,4,1,13,0,2,4
55402114,2,55402115,,7,2,5,*,*,*,*,*,*,*,*,*,*,*,*,*,*,*,*,*,*,*,*,*,*,*,*,*,*,*,*,*,*,2,2,*,*,*,*,*,*,*,*,*,*,*,*,*,*,*
55402115,1,,55402114,103,51,52,10,5,5,100,48,52,48,26,22,98,47,51,97,46,51,52,22,30,37,15,22,18,7,11,0,0,0,0,0,0,35,35,5,16,6,3,2,3,2,32,20,12,3,31,0,4,8
55402116,0,,,127,60,67,13,9,4,114,51,63,53,27,26,113,50,63,111,49,62,61,24,37,37,14,23,22,7,15,4,0,4,0,0,0,50,50,12,16,13,4,2,3,0,38,27,11,2,37,0,9,5
55402118,1,,55402119,90,44,46,3,2,1,89,43,46,46,22,24,87,42,45,86,41,45,43,21,22,22,8,14,8,3,5,1,0,1,0,0,0,36,36,6,16,8,6,0,1,0,31,22,9,2,28,0,3,8
55402119,2,55402118,,2,1,1,*,*,*,*,*,*,*,*,*,*,*,*,*,*,*,*,*,*,*,*,*,*,*,*,*,*,*,*,*,*,1,1,*,*,*,*,*,*,*,*,*,*,*,*,*,*,*
55402120,0,,,58,27,31,7,2,5,51,25,26,33,16,17,50,25,25,50,25,25,18,9,9,12,6,6,3,1,2,0,0,0,1,0,1,22,22,4,9,5,1,2,0,1,17,14,3,3,13,0,3,3
55402121,2,55402131,,5,3,2,*,*,*,*,*,*,*,*,*,*,*,*,*,*,*,*,*,*,*,*,*,*,*,*,*,*,*,*,*,*,2,2,*,*,*,*,*,*,*,*,*,*,*,*,*,*,*
55402123,2,55402124,,9,4,5,*,*,*,*,*,*,*,*,*,*,*,*,*,*,*,*,*,*,*,*,*,*,*,*,*,*,*,*,*,*,3,3,*,*,*,*,*,*,*,*,*,*,*,*,*,*,*
55402124,1,,55402123,9,6,3,0,0,0,18,10,8,7,5,2,18,10,8,18,10,8,11,5,6,9,4,5,3,2,1,0,0,0,0,0,0,3,3,0,2,2,2,0,0,0,6,4,2,0,6,0,0,2
55402126,0,,,22,12,10,2,1,1,20,11,9,8,3,5,20,11,9,20,11,9,12,8,4,8,5,3,4,3,1,0,0,0,0,0,0,11,11,5,4,0,1,1,0,0,6,4,2,0,9,0,4,3
55402127,1,,55402137,28,13,15,3,2,1,36,18,18,15,9,6,36,18,18,36,18,18,21,9,12,14,6,8,5,2,3,1,0,1,0,0,0,11,11,6,2,3,2,1,0,1,9,3,6,1,12,0,3,0
55402130,0,,,220,116,104,17,7,10,203,109,94,111,63,48,200,108,92,199,107,92,92,46,46,47,25,22,17,8,9,1,1,0,1,1,0,80,80,16,24,17,13,8,1,1,64,45,19,6,63,0,13,11
55402131,1,,55402121,28,13,15,0,0,0,33,16,17,15,10,5,33,16,17,33,16,17,18,6,12,12,4,8,4,0,4,0,0,0,0,0,0,12,12,4,2,7,1,0,0,0,10,7,3,0,13,0,4,1
55402132,0,,,9,4,5,0,0,0,9,4,5,3,1,2,9,4,5,9,4,5,6,3,3,3,1,2,2,1,1,0,0,0,0,0,0,5,5,3,1,0,1,0,0,0,2,1,1,0,4,0,2,1
55402133,0,,,73,36,37,13,5,8,60,31,29,34,19,15,58,30,28,58,30,28,26,12,14,12,4,8,6,1,5,1,0,1,0,0,0,22,22,1,10,3,1,4,2,1,21,14,7,3,15,0,0,3
55402134,0,,,16,7,9,3,1,2,13,6,7,7,3,4,13,6,7,13,6,7,6,3,3,2,0,2,1,0,1,0,0,0,0,0,0,6,6,1,2,2,0,1,0,0,5,3,2,0,4,0,1,1
55402135,0,,,42,25,17,6,1,5,35,23,12,35,23,12,35,23,12,34,22,12,0,0,0,0,0,0,0,0,0,0,0,0,0,0,0,10,4,1,0,1,1,1,0,0,3,3,0,3,0,0,0,0
55402137,2,55402127,,11,7,4,*,*,*,*,*,*,*,*,*,*,*,*,*,*,*,*,*,*,*,*,*,*,*,*,*,*,*,*,*,*,4,4,*,*,*,*,*,*,*,*,*,*,*,*,*,*,*
55402140,0,,,538,264,274,40,21,19,497,243,254,279,143,136,487,237,250,484,234,250,218,100,118,97,34,63,36,8,28,5,0,5,1,0,1,204,204,41,64,53,27,13,5,1,162,115,47,10,144,0,29,31
55402141,0,,,136,65,71,3,1,2,129,64,65,73,38,35,125,64,61,124,63,61,56,26,30,25,10,15,9,2,7,1,0,1,2,1,1,57,57,13,20,16,5,3,0,0,42,35,7,1,40,0,9,9
55402142,0,,,58,30,28,3,1,2,55,29,26,33,17,16,55,29,26,55,29,26,22,12,10,16,6,10,10,3,7,1,1,0,0,0,0,21,21,4,6,6,3,1,0,1,17,11,6,1,14,0,3,3
55402143,0,,,25,14,11,2,1,1,23,13,10,15,9,6,20,10,10,20,10,10,8,4,4,7,3,4,1,1,0,0,0,0,0,0,0,6,6,0,2,1,1,0,0,2,6,3,3,1,5,0,0,0
55402147,0,,,43,21,22,4,3,1,39,18,21,23,11,12,36,17,19,34,17,17,16,7,9,7,2,5,3,1,2,1,0,1,0,0,0,13,13,1,3,2,5,2,0,0,12,8,4,1,9,0,1,3
55402150,0,,,177,88,89,12,6,6,165,82,83,101,52,49,161,80,81,160,79,81,64,30,34,27,9,18,11,2,9,0,0,0,0,0,0,59,59,10,16,11,15,2,3,2,49,29,20,5,42,0,7,5
55402151,0,,,59,32,27,2,1,1,57,31,26,33,20,13,56,30,26,55,29,26,24,11,13,11,5,6,5,1,4,1,0,1,0,0,0,22,22,4,7,7,1,2,1,0,18,13,5,1,13,0,2,2
55402153,0,,,23,12,11,1,1,0,22,11,11,13,7,6,22,11,11,22,11,11,9,4,5,3,1,2,1,0,1,0,0,0,0,0,0,6,6,0,1,2,1,1,1,0,6,4,2,0,4,0,0,0
55402157,0,,,29,15,14,0,0,0,29,15,14,14,7,7,27,14,13,26,14,12,15,8,7,7,2,5,2,0,2,0,0,0,1,0,1,13,13,5,4,2,0,2,0,0,8,5,3,0,11,0,4,1
55402160,0,,,126,74,52,10,7,3,114,65,49,65,38,27,112,63,49,111,63,48,49,27,22,29,14,15,10,6,4,0,0,0,0,0,0,52,52,13,17,12,8,1,1,0,39,36,3,2,33,1,9,11
55402161,1,,55402162,164,64,100,10,6,4,159,60,99,50,27,23,155,58,97,153,58,95,109,33,76,90,22,68,67,13,54,14,1,13,0,0,0,34,32,8,9,9,6,1,0,2,27,21,6,2,22,0,3,7
55402162,2,55402161,,5,2,3,*,*,*,*,*,*,*,*,*,*,*,*,*,*,*,*,*,*,*,*,*,*,*,*,*,*,*,*,*,*,3,3,*,*,*,*,*,*,*,*,*,*,*,*,*,*,*
55402167,1,,55402176,66,35,31,10,8,2,61,30,31,30,19,11,61,30,31,61,30,31,31,11,20,17,6,11,9,3,6,1,1,0,0,0,0,24,24,4,11,5,5,0,0,1,22,15,7,2,19,0,2,5
55402170,0,,,61,26,35,8,3,5,53,23,30,39,17,22,51,21,30,48,20,28,14,6,8,5,1,4,2,0,2,0,0,0,0,0,0,18,18,2,8,1,2,1,2,2,16,10,6,4,8,0,2,3
55402171,0,,,76,29,47,5,1,4,71,28,43,37,13,24,68,26,42,67,26,41,34,15,19,20,9,11,10,3,7,1,0,1,0,0,0,26,26,3,10,6,3,1,3,0,22,14,8,0,19,0,2,6
55402172,0,,,20,7,13,3,0,3,17,7,10,8,3,5,15,7,8,15,7,8,9,4,5,3,1,2,1,0,1,0,0,0,0,0,0,4,4,0,1,0,0,1,1,1,4,1,3,1,4,0,0,1
55402174,2,55402182,,3,2,1,*,*,*,*,*,*,*,*,*,*,*,*,*,*,*,*,*,*,*,*,*,*,*,*,*,*,*,*,*,*,1,1,*,*,*,*,*,*,*,*,*,*,*,*,*,*,*
55402176,2,55402167,,5,3,2,*,*,*,*,*,*,*,*,*,*,*,*,*,*,*,*,*,*,*,*,*,*,*,*,*,*,*,*,*,*,2,2,*,*,*,*,*,*,*,*,*,*,*,*,*,*,*
55402177,0,,,18,9,9,0,0,0,18,9,9,14,7,7,18,9,9,18,9,9,4,2,2,1,0,1,1,0,1,0,0,0,0,0,0,6,6,0,1,4,1,0,0,0,6,5,1,0,2,0,0,0
55402178,0,,,16,8,8,3,1,2,13,7,6,5,3,2,12,6,6,12,6,6,8,4,4,3,1,2,1,0,1,0,0,0,0,0,0,5,5,0,3,0,0,2,0,0,5,3,2,0,5,0,0,1
55402180,0,,,88,42,46,5,2,3,79,37,42,47,23,24,77,35,42,75,34,41,32,14,18,20,6,14,8,1,7,1,0,1,1,1,0,29,29,3,9,5,9,2,1,0,25,14,11,2,21,0,3,6
55402181,0,,,44,24,20,7,3,4,37,21,16,23,13,10,36,20,16,35,20,15,14,8,6,7,3,4,3,1,2,0,0,0,0,0,0,12,12,1,2,3,3,2,0,1,11,7,4,2,9,0,1,0
55402182,1,,55402174,135,68,67,15,8,7,123,62,61,73,38,35,121,60,61,121,60,61,50,24,26,29,12,17,15,6,9,2,0,2,0,0,0,41,41,3,11,13,9,1,2,3,39,25,14,3,29,0,2,5
55402183,1,,55402184;55402185,30,15,15,4,0,4,31,18,13,20,12,8,29,16,13,29,16,13,11,6,5,2,1,1,0,0,0,0,0,0,0,0,0,8,8,0,2,5,1,0,2,0,10,7,3,0,7,0,0,1
55402184,2,55402183,,3,2,1,*,*,*,*,*,*,*,*,*,*,*,*,*,*,*,*,*,*,*,*,*,*,*,*,*,*,*,*,*,*,1,1,*,*,*,*,*,*,*,*,*,*,*,*,*,*,*
55402185,2,55402183,,2,1,1,*,*,*,*,*,*,*,*,*,*,*,*,*,*,*,*,*,*,*,*,*,*,*,*,*,*,*,*,*,*,1,1,*,*,*,*,*,*,*,*,*,*,*,*,*,*,*
55402188,0,,,16,11,5,0,0,0,16,11,5,8,7,1,16,11,5,16,11,5,8,4,4,5,3,2,3,2,1,0,0,0,0,0,0,6,6,1,1,3,1,0,0,0,5,5,0,0,5,0,1,1
55402190,0,,,88,42,46,9,5,4,79,37,42,25,16,9,78,36,42,77,35,42,54,21,33,28,7,21,16,1,15,3,0,3,0,0,0,18,16,1,6,2,2,2,1,2,15,8,7,1,16,0,1,5
55402191,0,,,88,44,44,7,2,5,81,42,39,49,25,24,79,41,38,78,40,38,32,17,15,11,5,6,6,3,3,0,0,0,0,0,0,30,30,5,12,3,4,2,4,0,25,16,9,2,20,0,4,4
55402192,0,,,35,17,18,0,0,0,35,17,18,16,9,7,34,16,18,34,16,18,19,8,11,10,3,7,4,1,3,1,0,1,0,0,0,18,18,6,7,5,0,0,0,0,12,10,2,0,13,0,5,5
55402193,0,,,116,59,57,5,2,3,111,57,54,66,35,31,105,53,52,101,50,51,45,22,23,26,13,13,11,4,7,0,0,0,1,0,1,40,40,7,12,8,7,4,1,1,33,21,12,1,29,0,5,6
55402194,0,,,25,13,12,5,2,3,20,11,9,9,5,4,20,11,9,20,11,9,11,6,5,4,2,2,2,1,1,1,1,0,0,0,0,10,10,4,3,0,2,0,0,1,6,4,2,0,6,0,1,3
55402198,0,,,12,7,5,1,1,0,11,6,5,5,4,1,11,6,5,11,6,5,6,2,4,4,2,2,2,1,1,0,0,0,0,0,0,6,6,3,2,0,0,1,0,0,3,2,1,1,4,0,1,2
55402200,2,55402201,,3,2,1,*,*,*,*,*,*,*,*,*,*,*,*,*,*,*,*,*,*,*,*,*,*,*,*,*,*,*,*,*,*,2,2,*,*,*,*,*,*,*,*,*,*,*,*,*,*,*
55402201,1,,55402200,130,68,62,4,2,2,129,68,61,61,33,28,127,66,61,127,66,61,68,35,33,35,15,20,16,7,9,0,0,0,0,0,0,53,53,18,14,12,7,2,1,1,37,22,15,2,43,0,11,8
55402202,0,,,53,29,24,4,3,1,49,26,23,23,15,8,48,25,23,47,24,23,26,11,15,14,5,9,7,2,5,2,0,2,0,0,0,18,18,4,3,6,2,2,0,1,14,6,8,1,15,0,2,1
55402203,0,,,77,40,37,3,2,1,74,38,36,40,22,18,72,37,35,72,37,35,34,16,18,21,8,13,6,1,5,0,0,0,0,0,0,28,28,5,11,5,3,2,1,1,23,14,9,0,22,0,3,5
55402204,2,55402214,,9,6,3,*,*,*,*,*,*,*,*,*,*,*,*,*,*,*,*,*,*,*,*,*,*,*,*,*,*,*,*,*,*,4,4,*,*,*,*,*,*,*,*,*,*,*,*,*,*,*
55402205,0,,,42,22,20,6,4,2,36,18,18,21,12,9,36,18,18,36,18,18,15,6,9,9,3,6,3,2,1,0,0,0,0,0,0,16,16,5,6,1,1,2,0,1,11,8,3,1,11,0,4,3
55402206,2,55402207,,10,4,6,*,*,*,*,*,*,*,*,*,*,*,*,*,*,*,*,*,*,*,*,*,*,*,*,*,*,*,*,*,*,3,3,*,*,*,*,*,*,*,*,*,*,*,*,*,*,*
55402207,1,,55402206,114,58,56,6,5,1,118,57,61,53,28,25,118,57,61,115,56,59,65,29,36,34,13,21,22,8,14,3,0,3,0,0,0,50,50,15,16,14,6,1,1,0,38,23,15,1,42,0,10,8
55402208,0,,,178,88,90,11,8,3,167,80,87,67,34,33,164,80,84,162,79,83,100,46,54,53,19,34,23,6,17,4,0,4,0,0,0,84,84,30,31,13,5,3,2,0,54,39,15,1,66,1,23,16
55402209,0,,,85,48,37,1,1,0,84,47,37,43,22,21,83,46,37,83,46,37,41,25,16,20,11,9,14,8,6,1,1,0,2,1,1,43,43,16,15,9,3,0,0,0,27,20,7,1,28,0,9,6
55402213,2,55402214,,7,3,4,*,*,*,*,*,*,*,*,*,*,*,*,*,*,*,*,*,*,*,*,*,*,*,*,*,*,*,*,*,*,3,3,*,*,*,*,*,*,*,*,*,*,*,*,*,*,*
55402214,1,,55402204;55402213,39,19,20,3,2,1,52,26,26,28,14,14,49,25,24,49,25,24,24,12,12,11,4,7,2,0,2,0,0,0,0,0,0,13,13,8,2,4,3,0,2,1,12,6,6,0,17,0,6,1
55402215,0,,,25,9,16,1,0,1,24,9,15,13,6,7,23,9,14,22,9,13,11,3,8,7,1,6,5,0,5,1,0,1,0,0,0,11,11,4,4,1,0,2,0,0,7,4,3,1,8,0,3,0
55402216,0,,,117,59,58,7,3,4,110,56,54,48,29,19,108,54,54,108,54,54,62,27,35,29,11,18,17,5,12,1,0,1,0,0,0,54,54,13,28,6,5,2,0,0,41,36,5,1,43,0,11,13
55402217,0,,,42,22,20,2,1,1,40,21,19,20,12,8,39,21,18,39,21,18,20,9,11,17,8,9,5,1,4,0,0,0,0,0,0,18,18,4,7,5,1,1,0,0,13,11,2,2,12,0,3,6
55402218,0,,,40,20,20,0,0,0,40,20,20,16,10,6,40,20,20,40,20,20,24,10,14,13,3,10,6,1,5,2,0,2,0,0,0,19,19,6,7,5,0,1,0,0,13,10,3,0,15,0,3,5
55402219,0,,,11,5,6,0,0,0,11,5,6,4,2,2,11,5,6,11,5,6,7,3,4,4,1,3,3,0,3,0,0,0,0,0,0,6,6,2,3,1,0,0,0,0,4,3,1,0,6,0,2,2
55402225,0,,,79,39,40,0,0,0,79,39,40,26,13,13,79,39,40,79,39,40,53,26,27,31,13,18,12,5,7,0,0,0,0,0,0,42,42,11,26,4,1,0,0,0,31,29,2,0,38,0,11,16
55402226,0,,,28,12,16,0,0,0,28,12,16,12,7,5,26,12,14,26,12,14,16,5,11,11,3,8,6,0,6,0,0,0,0,0,0,14,14,6,5,1,1,1,0,0,8,6,2,0,13,0,5,2
55402227,0,,,40,20,20,0,0,0,40,20,20,18,8,10,40,20,20,40,20,20,22,12,10,16,7,9,8,2,6,0,0,0,0,0,0,19,19,8,4,5,1,1,0,0,11,6,5,0,16,0,5,4
55402228,0,,,70,34,36,2,1,1,68,33,35,31,18,13,66,32,34,64,32,32,37,15,22,19,6,13,8,3,5,1,0,1,0,0,0,27,27,4,14,3,3,1,2,0,23,17,6,1,24,0,3,10
55402234,0,,,33,16,17,1,1,0,32,15,17,14,8,6,32,15,17,32,15,17,18,7,11,11,6,5,3,1,2,0,0,0,0,0,0,13,13,2,5,3,3,0,0,0,11,8,3,0,10,0,0,3
55402235,0,,,56,28,28,0,0,0,56,28,28,24,11,13,56,28,28,55,28,27,32,17,15,20,8,12,10,4,6,0,0,0,0,0,0,27,27,10,10,4,1,2,0,0,17,10,7,0,22,0,7,4
55402237,0,,,36,20,16,2,1,1,34,19,15,15,9,6,33,19,14,33,19,14,19,10,9,6,1,5,2,0,2,0,0,0,0,0,0,17,17,9,3,1,2,2,0,0,8,5,3,1,15,0,8,0
55402238,1,,55402239,21,11,10,1,1,0,30,16,14,13,7,6,30,16,14,29,16,13,17,9,8,9,4,5,6,3,3,1,0,1,0,0,0,8,8,3,2,2,3,0,1,0,8,5,3,0,11,0,3,1
55402239,2,55402238,,10,6,4,*,*,*,*,*,*,*,*,*,*,*,*,*,*,*,*,*,*,*,*,*,*,*,*,*,*,*,*,*,*,3,3,*,*,*,*,*,*,*,*,*,*,*,*,*,*,*
55402244,0,,,47,24,23,2,2,0,45,22,23,18,10,8,45,22,23,45,22,23,27,12,15,17,5,12,9,2,7,1,0,1,0,0,0,22,22,8,8,4,0,1,1,0,14,10,4,1,19,0,6,5
55402246,2,55402247,,5,2,3,*,*,*,*,*,*,*,*,*,*,*,*,*,*,*,*,*,*,*,*,*,*,*,*,*,*,*,*,*,*,3,3,*,*,*,*,*,*,*,*,*,*,*,*,*,*,*
55402247,1,,55402246,41,20,21,2,0,2,44,22,22,17,10,7,43,21,22,43,21,22,27,12,15,19,7,12,4,0,4,0,0,0,0,0,0,19,19,9,7,4,1,0,0,1,13,10,3,0,20,0,7,5
55402248,2,55402249,,7,4,3,*,*,*,*,*,*,*,*,*,*,*,*,*,*,*,*,*,*,*,*,*,*,*,*,*,*,*,*,*,*,5,5,*,*,*,*,*,*,*,*,*,*,*,*,*,*,*
55402249,1,,55402248,14,5,9,1,0,1,20,9,11,11,7,4,19,9,10,19,9,10,9,2,7,8,2,6,2,0,2,0,0,0,0,0,0,4,4,4,3,0,0,1,1,0,5,3,2,0,7,0,2,1
55402252,1,,55402253,13,6,7,1,0,1,17,9,8,4,3,1,17,9,8,17,9,8,13,6,7,6,3,3,4,1,3,1,0,1,0,0,0,6,6,5,3,1,1,0,0,0,5,3,2,1,9,0,4,2
55402253,2,55402252,,5,3,2,*,*,*,*,*,*,*,*,*,*,*,*,*,*,*,*,*,*,*,*,*,*,*,*,*,*,*,*,*,*,4,4,*,*,*,*,*,*,*,*,*,*,*,*,*,*,*
55402257,0,,,36,17,19,2,1,1,34,16,18,16,7,9,34,16,18,34,16,18,18,9,9,14,5,9,6,2,4,0,0,0,0,0,0,16,16,7,4,1,2,2,0,0,9,5,4,0,12,0,6,2
55402268,1,,55402277,13,8,5,0,0,0,16,9,7,6,4,2,16,9,7,16,9,7,10,5,5,8,3,5,3,2,1,0,0,0,0,0,0,6,6,3,4,0,0,1,0,0,5,3,2,0,7,0,3,2
55402269,0,,,35,20,15,4,4,0,31,16,15,21,11,10,31,16,15,31,16,15,10,5,5,7,3,4,6,3,3,1,0,1,0,0,0,11,11,2,3,3,1,1,0,1,9,3,6,1,7,1,0,0
55402271,1,,55402272;55402281,19,11,8,1,1,0,29,15,14,8,4,4,29,15,14,29,15,14,21,11,10,12,6,6,5,3,2,0,0,0,0,0,0,10,10,3,7,3,1,0,0,0,11,10,1,0,14,0,3,4
55402272,2,55402271,,8,4,4,*,*,*,*,*,*,*,*,*,*,*,*,*,*,*,*,*,*,*,*,*,*,*,*,*,*,*,*,*,*,3,3,*,*,*,*,*,*,*,*,*,*,*,*,*,*,*
55402277,2,55402268,,3,1,2,*,*,*,*,*,*,*,*,*,*,*,*,*,*,*,*,*,*,*,*,*,*,*,*,*,*,*,*,*,*,2,2,*,*,*,*,*,*,*,*,*,*,*,*,*,*,*
55402278,2,55402279,,7,4,3,*,*,*,*,*,*,*,*,*,*,*,*,*,*,*,*,*,*,*,*,*,*,*,*,*,*,*,*,*,*,3,3,*,*,*,*,*,*,*,*,*,*,*,*,*,*,*
55402279,1,,55402278,19,11,8,0,0,0,26,15,11,10,6,4,26,15,11,26,15,11,16,9,7,5,4,1,3,2,1,0,0,0,0,0,0,6,6,0,5,3,0,0,0,1,9,7,2,0,9,0,0,5
55402281,2,55402271,,3,1,2,*,*,*,*,*,*,*,*,*,*,*,*,*,*,*,*,*,*,*,*,*,*,*,*,*,*,*,*,*,*,1,1,*,*,*,*,*,*,*,*,*,*,*,*,*,*,*
55402288,0,,,15,5,10,0,0,0,15,5,10,9,3,6,15,5,10,15,5,10,6,2,4,3,1,2,2,1,1,0,0,0,0,0,0,6,6,2,0,3,1,0,0,0,4,1,3,0,4,0,0,0
55402289,1,,55402299,57,27,30,7,4,3,56,26,30,31,13,18,56,26,30,55,26,29,25,13,12,15,7,8,5,1,4,1,0,1,0,0,0,19,19,3,6,5,4,2,0,1,18,11,7,1,16,0,2,5
55402299,2,55402289,,6,3,3,*,*,*,*,*,*,*,*,*,*,*,*,*,*,*,*,*,*,*,*,*,*,*,*,*,*,*,*,*,*,2,2,*,*,*,*,*,*,*,*,*,*,*,*,*,*,*
55402300,0,,,62,31,31,0,0,0,62,31,31,28,13,15,60,30,30,60,30,30,34,18,16,15,9,6,5,2,3,0,0,0,0,0,0,27,27,7,11,4,4,1,0,0,20,15,5,0,22,0,4,10
55402303,2,55402313,,7,5,2,*,*,*,*,*,*,*,*,*,*,*,*,*,*,*,*,*,*,*,*,*,*,*,*,*,*,*,*,*,*,3,3,*,*,*,*,*,*,*,*,*,*,*,*,*,*,*
55402304,0,,,35,20,15,2,2,0,33,18,15,18,9,9,33,18,15,32,17,15,15,9,6,11,5,6,7,3,4,0,0,0,0,0,0,14,14,5,2,4,2,0,1,0,9,5,4,1,9,0,2,2
55402305,0,,,257,123,134,24,14,10,233,109,124,131,65,66,229,107,122,226,105,121,102,44,58,47,14,33,26,7,19,1,0,1,1,0,1,81,81,9,23,20,15,7,3,4,72,40,32,6,65,0,6,8
55402306,0,,,72,38,34,8,5,3,64,33,31,37,21,16,61,31,30,60,31,29,27,12,15,15,6,9,6,2,4,0,0,0,0,0,0,25,25,8,4,5,3,2,2,1,17,8,9,1,18,0,4,4
55402307,2,55402316,,5,2,3,*,*,*,*,*,*,*,*,*,*,*,*,*,*,*,*,*,*,*,*,*,*,*,*,*,*,*,*,*,*,2,2,*,*,*,*,*,*,*,*,*,*,*,*,*,*,*
55402308,2,55402316,,1,0,1,*,*,*,*,*,*,*,*,*,*,*,*,*,*,*,*,*,*,*,*,*,*,*,*,*,*,*,*,*,*,1,1,*,*,*,*,*,*,*,*,*,*,*,*,*,*,*
55402309,0,,,37,16,21,3,1,2,34,15,19,18,10,8,33,15,18,32,15,17,16,5,11,10,2,8,3,0,3,0,0,0,0,0,0,14,14,3,6,1,3,0,0,1,11,8,3,0,12,0,3,3
55402310,0,,,25,14,11,0,0,0,25,14,11,8,5,3,25,14,11,25,14,11,17,9,8,11,5,6,8,3,5,2,1,1,0,0,0,12,12,4,6,0,1,1,0,0,8,6,2,0,12,0,4,4
55402311,0,,,97,52,45,7,3,4,90,49,41,42,24,18,89,49,40,89,49,40,48,25,23,30,16,14,13,7,6,0,0,0,0,0,0,33,33,5,14,5,2,4,1,2,28,15,13,2,30,0,4,9
55402313,1,,55402303,18,9,9,2,1,1,23,13,10,14,6,8,22,13,9,22,13,9,9,7,2,3,2,1,1,1,0,1,1,0,0,0,0,8,8,2,6,2,0,1,0,0,9,8,1,1,7,0,2,3
55402314,2,55402315,,9,5,4,*,*,*,*,*,*,*,*,*,*,*,*,*,*,*,*,*,*,*,*,*,*,*,*,*,*,*,*,*,*,3,3,*,*,*,*,*,*,*,*,*,*,*,*,*,*,*
55402315,1,,55402314,3,1,2,0,0,0,12,6,6,6,3,3,12,6,6,12,6,6,6,3,3,2,1,1,1,0,1,0,0,0,0,0,0,1,1,0,1,2,1,0,0,0,4,2,2,0,4,0,0,1
55402316,1,,55402307;55402308;55402317,10,7,3,2,1,1,15,9,6,8,5,3,15,9,6,15,9,6,7,4,3,3,0,3,0,0,0,0,0,0,1,0,1,6,6,7,1,0,2,0,0,0,3,3,0,0,7,0,5,0
55402317,2,55402316,,1,1,0,*,*,*,*,*,*,*,*,*,*,*,*,*,*,*,*,*,*,*,*,*,*,*,*,*,*,*,*,*,*,1,1,*,*,*,*,*,*,*,*,*,*,*,*,*,*,*
55402320,0,,,71,36,35,7,4,3,64,32,32,35,18,17,63,31,32,62,30,32,29,14,15,17,7,10,7,2,5,0,0,0,0,0,0,26,26,8,8,4,2,1,0,3,18,11,7,0,19,0,3,6
55402321,0,,,32,15,17,3,1,2,29,14,15,13,6,7,29,14,15,29,14,15,16,8,8,7,3,4,2,0,2,0,0,0,0,0,0,15,15,6,5,2,1,0,1,0,9,8,1,1,12,0,5,2
55402322,0,,,192,97,95,19,9,10,173,88,85,109,61,48,168,86,82,166,85,81,64,27,37,34,12,22,16,6,10,3,1,2,1,0,1,67,67,13,18,16,12,4,2,2,54,37,17,4,43,1,7,4
55402323,0,,,35,16,19,8,2,6,27,14,13,21,11,10,25,13,12,25,13,12,6,3,3,2,2,0,1,1,0,0,0,0,0,0,0,8,8,0,3,1,0,0,2,2,8,3,5,2,4,0,0,1
55402324,0,,,333,161,172,66,29,37,267,132,135,159,76,83,260,129,131,257,126,131,108,56,52,67,36,31,8,3,5,1,0,1,3,1,2,131,131,33,47,15,22,11,3,0,97,87,10,24,68,0,20,34
55402325,0,,,16,9,7,6,4,2,10,5,5,8,4,4,10,5,5,10,5,5,2,1,1,2,1,1,1,1,0,0,0,0,0,0,0,4,4,0,0,1,2,1,0,0,4,3,1,2,1,0,0,0
55402326,2,55402336,,3,2,1,*,*,*,*,*,*,*,*,*,*,*,*,*,*,*,*,*,*,*,*,*,*,*,*,*,*,*,*,*,*,1,1,*,*,*,*,*,*,*,*,*,*,*,*,*,*,*
55402327,2,55402338,,3,2,1,*,*,*,*,*,*,*,*,*,*,*,*,*,*,*,*,*,*,*,*,*,*,*,*,*,*,*,*,*,*,1,1,*,*,*,*,*,*,*,*,*,*,*,*,*,*,*
55402328,2,55402338,,2,1,1,*,*,*,*,*,*,*,*,*,*,*,*,*,*,*,*,*,*,*,*,*,*,*,*,*,*,*,*,*,*,1,1,*,*,*,*,*,*,*,*,*,*,*,*,*,*,*
55402330,0,,,24,13,11,5,3,2,19,10,9,8,3,5,19,10,9,19,10,9,11,7,4,3,2,1,1,1,0,0,0,0,0,0,0,8,8,4,1,0,1,1,0,1,4,2,2,1,8,0,4,1
55402331,0,,,36,18,18,3,1,2,33,17,16,16,9,7,33,17,16,33,17,16,17,8,9,6,3,3,0,0,0,0,0,0,0,0,0,16,16,5,6,3,1,0,1,0,11,9,2,2,12,0,4,4
55402332,0,,,34,19,15,2,1,1,32,18,14,25,13,12,31,18,13,31,18,13,7,5,2,3,2,1,2,1,1,0,0,0,0,0,0,15,15,4,7,2,1,0,1,0,10,8,2,1,4,2,0,0
55402333,0,,,133,61,72,16,5,11,117,56,61,80,39,41,110,52,58,110,52,58,37,17,20,15,7,8,6,2,4,0,0,0,2,1,1,44,44,7,12,11,7,4,1,2,36,19,17,6,24,0,3,6
55402334,0,,,162,85,77,23,12,11,139,73,66,101,56,45,135,73,62,133,72,61,38,17,21,22,9,13,4,1,3,0,0,0,4,3,1,57,57,15,12,15,4,5,5,1,42,28,14,4,28,6,3,5
55402335,2,55402336,,8,5,3,*,*,*,*,*,*,*,*,*,*,*,*,*,*,*,*,*,*,*,*,*,*,*,*,*,*,*,*,*,*,2,2,*,*,*,*,*,*,*,*,*,*,*,*,*,*,*
55402336,1,,55402326;55402335,17,10,7,0,0,0,28,17,11,10,8,2,28,17,11,28,17,11,18,9,9,9,4,5,6,3,3,2,1,1,0,0,0,9,9,4,4,3,0,0,0,1,8,6,2,0,10,0,3,1
55402337,0,,,71,33,38,5,1,4,66,32,34,38,19,19,64,32,32,64,32,32,28,13,15,12,4,8,7,2,5,0,0,0,0,0,0,19,19,1,1,7,6,2,1,1,18,6,12,1,16,0,1,1
55402338,1,,55402327;55402328,16,9,7,3,2,1,18,10,8,12,8,4,16,9,7,16,9,7,6,2,4,5,2,3,0,0,0,0,0,0,0,0,0,4,4,0,2,2,0,1,1,0,6,4,2,0,4,0,0,1
55402340,0,,,131,65,66,16,6,10,115,59,56,57,30,27,112,57,55,111,57,54,58,29,29,31,16,15,14,7,7,4,1,3,1,0,1,44,44,8,17,5,6,2,3,3,35,20,15,2,38,0,7,11
55402343,0,,,609,272,337,50,31,19,559,241,318,250,137,113,545,230,315,543,229,314,309,104,205,216,58,158,133,23,110,24,6,18,1,1,0,178,175,52,53,24,21,9,8,8,121,80,41,17,116,1,32,19
55402344,0,,,258,120,138,41,19,22,217,101,116,147,66,81,212,101,111,209,101,108,70,35,35,37,15,22,12,3,9,1,0,1,2,0,2,108,108,38,28,22,8,7,4,1,70,55,15,15,54,2,18,11
55402345,0,,,117,56,61,11,6,5,106,50,56,65,32,33,100,48,52,99,48,51,41,18,23,28,9,19,15,4,11,0,0,0,0,0,0,36,36,4,14,4,3,7,2,2,32,17,15,4,23,0,2,5
55402346,0,,,39,21,18,2,1,1,37,20,17,21,12,9,37,20,17,36,19,17,16,8,8,8,4,4,4,1,3,1,0,1,0,0,0,13,13,1,4,4,3,0,1,0,12,8,4,0,9,0,0,3
55402350,0,,,47,20,27,2,0,2,45,20,25,23,10,13,42,17,25,42,17,25,22,10,12,8,4,4,3,1,2,0,0,0,0,0,0,18,18,6,4,5,0,0,3,0,12,7,5,0,14,0,4,2
55402353,0,,,528,249,279,69,27,42,459,222,237,275,140,135,445,213,232,439,211,228,184,82,102,91,33,58,38,11,27,4,0,4,3,1,2,186,186,29,75,32,19,17,8,6,156,113,43,19,119,0,22,32
55402354,0,,,80,33,47,10,5,5,70,28,42,44,19,25,67,27,40,65,27,38,26,9,17,15,5,10,4,1,3,0,0,0,0,0,0,30,30,9,9,4,4,1,2,1,21,14,7,2,20,0,6,5
55402356,1,,55402357,21,13,8,0,0,0,25,15,10,9,6,3,25,15,10,25,15,10,16,9,7,8,4,4,6,3,3,1,0,1,0,0,0,10,10,4,2,3,2,0,0,0,7,3,4,0,9,0,2,1
55402357,2,55402356,,4,2,2,*,*,*,*,*,*,*,*,*,*,*,*,*,*,*,*,*,*,*,*,*,*,*,*,*,*,*,*,*,*,1,1,*,*,*,*,*,*,*,*,*,*,*,*,*,*,*
55402358,2,55402369,,2,1,1,*,*,*,*,*,*,*,*,*,*,*,*,*,*,*,*,*,*,*,*,*,*,*,*,*,*,*,*,*,*,1,1,*,*,*,*,*,*,*,*,*,*,*,*,*,*,*
55402359,2,55402369,,4,2,2,*,*,*,*,*,*,*,*,*,*,*,*,*,*,*,*,*,*,*,*,*,*,*,*,*,*,*,*,*,*,2,2,*,*,*,*,*,*,*,*,*,*,*,*,*,*,*
55402360,0,,,35,17,18,0,0,0,35,17,18,18,9,9,35,17,18,34,16,18,17,8,9,14,6,8,7,5,2,0,0,0,0,0,0,11,11,1,3,4,0,2,1,0,10,6,4,0,11,0,1,3
55402361,2,55402371,,10,4,6,*,*,*,*,*,*,*,*,*,*,*,*,*,*,*,*,*,*,*,*,*,*,*,*,*,*,*,*,*,*,3,3,*,*,*,*,*,*,*,*,*,*,*,*,*,*,*
55402362,0,,,20,11,9,0,0,0,20,11,9,9,6,3,19,10,9,19,10,9,11,5,6,8,3,5,5,1,4,1,0,1,0,0,0,11,11,6,4,0,0,0,1,0,5,3,2,0,9,0,6,0
55402363,0,,,304,151,153,35,20,15,269,131,138,162,83,79,258,122,136,257,121,136,107,48,59,52,18,34,20,6,14,1,0,1,0,0,0,108,108,21,30,27,14,12,2,2,85,56,29,7,69,1,11,13
55402364,0,,,29,13,16,0,0,0,29,13,16,13,8,5,29,13,16,29,13,16,16,5,11,9,2,7,4,0,4,1,0,1,0,0,0,12,12,2,6,3,0,0,1,0,10,7,3,0,10,0,2,2
55402367,0,,,13,7,6,2,1,1,11,6,5,4,2,2,11,6,5,11,6,5,7,4,3,4,4,0,1,1,0,1,1,0,0,0,0,4,4,0,0,3,1,0,0,0,4,3,1,0,3,0,0,0
55402368,0,,,16,9,7,2,2,0,14,7,7,6,4,2,14,7,7,14,7,7,8,3,5,3,2,1,0,0,0,0,0,0,0,0,0,7,7,2,2,2,1,0,0,0,5,4,1,0,5,0,1,2
55402369,1,,55402358;55402359;55402379,32,15,17,2,1,1,42,21,21,16,9,7,42,21,21,42,21,21,26,12,14,16,9,7,6,3,3,0,0,0,1,0,1,14,14,6,9,2,2,0,1,0,14,10,4,0,16,0,3,6
55402371,1,,55402361,12,6,6,0,0,0,22,10,12,7,3,4,21,10,11,21,10,11,15,7,8,5,2,3,4,1,3,0,0,0,0,0,0,4,4,0,3,1,2,1,0,0,7,4,3,0,6,0,0,2
55402372,0,,,101,51,50,19,9,10,82,42,40,52,27,25,80,41,39,79,40,39,30,15,15,15,7,8,5,2,3,0,0,0,0,0,0,29,29,3,9,4,5,3,3,2,26,16,10,7,21,0,3,5
55402373,0,,,307,147,160,33,15,18,274,132,142,147,78,69,266,129,137,261,128,133,127,54,73,59,21,38,23,5,18,3,0,3,1,0,1,106,106,22,32,21,14,5,8,4,84,51,33,8,80,0,17,16
55402374,0,,,71,33,38,16,8,8,55,25,30,32,16,16,55,25,30,53,23,30,23,9,14,13,5,8,5,1,4,1,0,1,0,0,0,19,19,4,3,4,2,2,1,3,15,7,8,4,16,0,4,2
55402375,0,,,25,15,10,1,1,0,24,14,10,12,7,5,21,14,7,20,13,7,12,7,5,8,3,5,6,3,3,0,0,0,0,0,0,10,10,3,3,2,1,0,1,0,7,5,2,0,7,0,1,1
55402376,0,,,25,11,14,4,0,4,21,11,10,10,6,4,21,11,10,21,11,10,11,5,6,7,4,3,4,2,2,0,0,0,0,0,0,9,9,2,4,1,0,1,0,1,7,5,2,1,7,0,1,2
55402377,0,,,8,4,4,0,0,0,8,4,4,4,2,2,8,4,4,8,4,4,4,2,2,2,1,1,1,1,0,0,0,0,0,0,0,4,4,0,4,0,0,0,0,0,4,4,0,0,3,0,0,1
55402378,0,,,10,6,4,0,0,0,10,6,4,3,2,1,10,6,4,10,6,4,7,4,3,4,2,2,2,1,1,0,0,0,0,0,0,4,4,1,1,1,1,0,0,0,3,3,0,0,4,0,1,1
55402379,2,55402369,,6,4,2,*,*,*,*,*,*,*,*,*,*,*,*,*,*,*,*,*,*,*,*,*,*,*,*,*,*,*,*,*,*,3,3,*,*,*,*,*,*,*,*,*,*,*,*,*,*,*
55402380,0,,,92,45,47,8,3,5,84,42,42,44,23,21,82,41,41,81,40,41,40,19,21,24,10,14,15,5,10,1,0,1,0,0,0,30,30,3,9,7,7,2,2,0,27,16,11,1,25,0,3,5
55402382,0,,,281,131,150,23,9,14,258,122,136,145,76,69,253,120,133,251,119,132,113,46,67,63,22,41,27,5,22,2,0,2,0,0,0,90,90,13,24,23,12,10,5,3,77,39,38,7,74,0,9,16
55402383,0,,,242,117,125,23,10,13,219,107,112,105,60,45,214,104,110,212,103,109,114,47,67,60,20,40,37,7,30,3,0,3,1,0,1,77,76,13,27,19,6,5,2,4,63,48,15,2,58,0,10,15
55402386,0,,,76,39,37,7,4,3,69,35,34,33,19,14,69,35,34,68,34,34,36,16,20,20,7,13,6,1,5,2,0,2,1,0,1,26,26,7,7,3,4,2,1,2,19,8,11,1,25,0,6,3
55402387,1,,55402397,14,5,9,1,1,0,18,7,11,10,3,7,18,7,11,18,7,11,8,4,4,4,2,2,3,2,1,1,1,0,2,0,2,5,5,2,1,1,3,0,0,0,5,3,2,0,5,0,1,0
55402388,2,55402389,,8,4,4,*,*,*,*,*,*,*,*,*,*,*,*,*,*,*,*,*,*,*,*,*,*,*,*,*,*,*,*,*,*,3,3,*,*,*,*,*,*,*,*,*,*,*,*,*,*,*
55402389,1,,55402388;55402398;55402399,24,15,9,1,1,0,39,23,16,20,13,7,38,22,16,37,21,16,19,10,9,10,4,6,5,2,3,0,0,0,0,0,0,8,8,4,9,0,1,1,0,1,12,10,2,0,12,0,2,5
55402392,0,,,87,41,46,7,3,4,80,38,42,49,24,25,75,35,40,75,35,40,31,14,17,12,4,8,3,1,2,1,0,1,5,0,5,34,34,12,9,4,5,0,3,1,22,15,7,3,22,3,5,2
55402393,1,,55402394,181,90,91,18,9,9,167,82,85,98,53,45,157,77,80,154,76,78,69,29,40,35,10,25,16,4,12,3,0,3,1,0,1,53,53,9,17,8,8,3,4,6,46,26,20,5,42,0,4,9
55402394,2,55402393,,4,1,3,*,*,*,*,*,*,*,*,*,*,*,*,*,*,*,*,*,*,*,*,*,*,*,*,*,*,*,*,*,*,2,2,*,*,*,*,*,*,*,*,*,*,*,*,*,*,*
55402396,0,,,26,15,11,3,2,1,23,13,10,9,4,5,23,13,10,23,13,10,14,9,5,1,1,0,1,1,0,1,1,0,0,0,0,12,12,2,8,1,0,1,0,0,10,10,0,1,11,0,2,5
55402397,2,55402387,,5,3,2,*,*,*,*,*,*,*,*,*,*,*,*,*,*,*,*,*,*,*,*,*,*,*,*,*,*,*,*,*,*,2,2,*,*,*,*,*,*,*,*,*,*,*,*,*,*,*
55402398,2,55402389,,3,2,1,*,*,*,*,*,*,*,*,*,*,*,*,*,*,*,*,*,*,*,*,*,*,*,*,*,*,*,*,*,*,2,2,*,*,*,*,*,*,*,*,*,*,*,*,*,*,*
55402399,2,55402389,,5,3,2,*,*,*,*,*,*,*,*,*,*,*,*,*,*,*,*,*,*,*,*,*,*,*,*,*,*,*,*,*,*,3,3,*,*,*,*,*,*,*,*,*,*,*,*,*,*,*
55402400,2,55402440,,2,1,1,*,*,*,*,*,*,*,*,*,*,*,*,*,*,*,*,*,*,*,*,*,*,*,*,*,*,*,*,*,*,1,1,*,*,*,*,*,*,*,*,*,*,*,*,*,*,*
55402424,1,,55402434,9,4,5,0,0,0,10,5,5,4,3,1,10,5,5,10,5,5,6,2,4,4,1,3,1,0,1,0,0,0,0,0,0,4,4,1,3,1,0,0,0,0,4,2,2,0,4,0,0,2
55402430,2,55402440,,6,3,3,*,*,*,*,*,*,*,*,*,*,*,*,*,*,*,*,*,*,*,*,*,*,*,*,*,*,*,*,*,*,1,1,*,*,*,*,*,*,*,*,*,*,*,*,*,*,*
55402434,2,55402424,,1,1,0,*,*,*,*,*,*,*,*,*,*,*,*,*,*,*,*,*,*,*,*,*,*,*,*,*,*,*,*,*,*,1,1,*,*,*,*,*,*,*,*,*,*,*,*,*,*,*
55402440,1,,55402400;55402430,21,10,11,4,2,2,25,12,13,11,5,6,23,12,11,23,12,11,14,7,7,4,2,2,3,1,2,1,1,0,0,0,0,7,7,2,3,1,0,1,1,1,7,4,3,1,7,0,0,2
55402442,2,55402452,,3,1,2,*,*,*,*,*,*,*,*,*,*,*,*,*,*,*,*,*,*,*,*,*,*,*,*,*,*,*,*,*,*,2,2,*,*,*,*,*,*,*,*,*,*,*,*,*,*,*
55402443,0,,,24,15,9,1,1,0,23,14,9,14,10,4,23,14,9,22,13,9,9,4,5,4,2,2,1,1,0,0,0,0,0,0,0,8,8,0,2,4,2,0,0,0,8,6,2,1,6,0,0,0
55402444,0,,,11,5,6,0,0,0,11,5,6,4,2,2,11,5,6,11,5,6,7,3,4,5,2,3,4,2,2,0,0,0,0,0,0,4,4,1,0,2,1,0,0,0,3,2,1,0,3,0,0,0
55402445,2,55402454,,6,3,3,*,*,*,*,*,*,*,*,*,*,*,*,*,*,*,*,*,*,*,*,*,*,*,*,*,*,*,*,*,*,2,2,*,*,*,*,*,*,*,*,*,*,*,*,*,*,*
55402450,0,,,11,5,6,1,1,0,10,4,6,7,3,4,10,4,6,9,4,5,3,1,2,3,1,2,2,0,2,0,0,0,0,0,0,4,4,1,1,1,0,1,0,0,3,1,2,0,3,0,0,0
55402452,1,,55402442,9,5,4,0,0,0,12,6,6,3,2,1,12,6,6,12,6,6,9,4,5,8,3,5,0,0,0,0,0,0,0,0,0,4,4,2,3,0,1,0,0,0,4,3,1,0,6,0,2,2
55402453,0,,,11,4,7,0,0,0,11,4,7,7,3,4,11,4,7,11,4,7,4,1,3,2,0,2,0,0,0,0,0,0,0,0,0,4,4,1,0,2,1,0,0,0,3,2,1,0,3,0,1,0
55402454,1,,55402445;55402464;55402474;55402485;55402486,17,6,11,3,0,3,37,15,22,20,8,12,36,15,21,35,14,21,17,7,10,5,2,3,2,0,2,1,0,1,1,0,1,5,5,3,6,1,2,0,0,2,11,7,4,0,11,0,1,5
55402460,0,,,34,18,16,1,0,1,33,18,15,22,13,9,30,17,13,29,16,13,11,5,6,9,4,5,7,4,3,0,0,0,1,0,1,12,12,3,1,5,1,2,0,0,9,4,5,0,9,0,2,0
55402461,2,55402462,,5,2,3,*,*,*,*,*,*,*,*,*,*,*,*,*,*,*,*,*,*,*,*,*,*,*,*,*,*,*,*,*,*,3,3,*,*,*,*,*,*,*,*,*,*,*,*,*,*,*
55402462,1,,55402461;55402471;55402483;55402484,28,14,14,3,2,1,44,20,24,15,9,6,44,20,24,43,20,23,29,11,18,17,4,13,9,2,7,0,0,0,2,0,2,8,8,3,7,2,3,0,2,0,14,8,6,1,17,0,3,3
55402464,2,55402454,,4,1,3,*,*,*,*,*,*,*,*,*,*,*,*,*,*,*,*,*,*,*,*,*,*,*,*,*,*,*,*,*,*,2,2,*,*,*,*,*,*,*,*,*,*,*,*,*,*,*
55402471,2,55402462,,5,3,2,*,*,*,*,*,*,*,*,*,*,*,*,*,*,*,*,*,*,*,*,*,*,*,*,*,*,*,*,*,*,2,2,*,*,*,*,*,*,*,*,*,*,*,*,*,*,*
55402474,2,55402454,,7,2,5,*,*,*,*,*,*,*,*,*,*,*,*,*,*,*,*,*,*,*,*,*,*,*,*,*,*,*,*,*,*,1,1,*,*,*,*,*,*,*,*,*,*,*,*,*,*,*
55402480,1,,55402491;55402492,19,10,9,4,1,3,24,12,12,18,11,7,23,12,11,21,10,11,6,1,5,3,0,3,1,0,1,0,0,0,1,0,1,7,7,3,3,1,1,1,0,1,7,4,3,0,5,0,2,0
55402483,2,55402462,,5,1,4,*,*,*,*,*,*,*,*,*,*,*,*,*,*,*,*,*,*,*,*,*,*,*,*,*,*,*,*,*,*,3,3,*,*,*,*,*,*,*,*,*,*,*,*,*,*,*
55402484,2,55402462,,4,2,2,*,*,*,*,*,*,*,*,*,*,*,*,*,*,*,*,*,*,*,*,*,*,*,*,*,*,*,*,*,*,1,1,*,*,*,*,*,*,*,*,*,*,*,*,*,*,*
55402485,2,55402454,,3,1,2,*,*,*,*,*,*,*,*,*,*,*,*,*,*,*,*,*,*,*,*,*,*,*,*,*,*,*,*,*,*,2,2,*,*,*,*,*,*,*,*,*,*,*,*,*,*,*
55402486,2,55402454,,3,2,1,*,*,*,*,*,*,*,*,*,*,*,*,*,*,*,*,*,*,*,*,*,*,*,*,*,*,*,*,*,*,2,2,*,*,*,*,*,*,*,*,*,*,*,*,*,*,*
55402491,2,55402480,,7,3,4,*,*,*,*,*,*,*,*,*,*,*,*,*,*,*,*,*,*,*,*,*,*,*,*,*,*,*,*,*,*,1,1,*,*,*,*,*,*,*,*,*,*,*,*,*,*,*
55402492,2,55402480,,2,0,2,*,*,*,*,*,*,*,*,*,*,*,*,*,*,*,*,*,*,*,*,*,*,*,*,*,*,*,*,*,*,2,2,*,*,*,*,*,*,*,*,*,*,*,*,*,*,*
55402496,0,,,16,8,8,0,0,0,16,8,8,5,3,2,16,8,8,16,8,8,11,5,6,8,4,4,2,1,1,0,0,0,0,0,0,7,7,1,3,3,0,0,0,0,6,5,1,0,7,0,1,3
55402502,0,,,24,12,12,0,0,0,24,12,12,12,6,6,24,12,12,24,12,12,12,6,6,8,2,6,6,2,4,0,0,0,0,0,0,12,12,5,2,5,0,0,0,0,7,6,1,0,9,0,4,0
55402505,2,55402514,,3,2,1,*,*,*,*,*,*,*,*,*,*,*,*,*,*,*,*,*,*,*,*,*,*,*,*,*,*,*,*,*,*,2,2,*,*,*,*,*,*,*,*,*,*,*,*,*,*,*
55402506,1,,55402516,90,45,45,9,5,4,91,47,44,44,22,22,87,45,42,85,45,40,47,25,22,23,12,11,7,4,3,0,0,0,1,1,0,44,44,18,17,5,4,2,0,1,28,25,3,2,34,1,12,9
55402507,0,,,31,16,15,3,1,2,28,15,13,17,10,7,28,15,13,27,14,13,11,5,6,7,3,4,0,0,0,0,0,0,0,0,0,16,16,7,5,3,0,1,0,0,9,9,0,1,9,0,4,2
55402509,0,,,15,9,6,0,0,0,15,9,6,9,5,4,15,9,6,15,9,6,6,4,2,3,1,2,3,1,2,0,0,0,0,0,0,6,6,2,1,2,0,1,0,0,4,4,0,0,5,0,2,0
55402513,0,,,8,4,4,0,0,0,8,4,4,4,1,3,8,4,4,8,4,4,4,3,1,3,2,1,0,0,0,0,0,0,0,0,0,4,4,1,2,1,0,0,0,0,3,2,1,0,3,0,1,1
55402514,1,,55402505,23,9,14,3,2,1,23,9,14,12,4,8,22,9,13,21,9,12,11,5,6,6,2,4,2,0,2,2,0,2,0,0,0,9,9,4,4,0,2,0,1,0,7,6,1,1,7,0,2,3
55402516,2,55402506,,10,7,3,*,*,*,*,*,*,*,*,*,*,*,*,*,*,*,*,*,*,*,*,*,*,*,*,*,*,*,*,*,*,3,3,*,*,*,*,*,*,*,*,*,*,*,*,*,*,*
55402527,0,,,68,34,34,3,1,2,65,33,32,33,19,14,64,32,32,64,32,32,32,14,18,20,8,12,10,3,7,0,0,0,0,0,0,31,31,9,14,3,3,2,0,0,22,20,2,0,22,0,5,6
55402528,0,,,284,146,138,18,10,8,266,136,130,159,90,69,259,133,126,257,132,125,107,46,61,59,20,39,19,5,14,2,1,1,3,3,0,129,129,50,36,22,12,6,3,0,78,62,16,4,82,2,33,14
55402529,0,,,479,230,249,33,11,22,444,217,227,236,122,114,434,211,223,430,209,221,208,95,113,105,40,65,43,17,26,2,1,1,0,0,0,202,202,50,81,39,18,7,6,1,149,119,30,8,145,1,39,40
55402530,1,,55402540,29,15,14,0,0,0,32,16,16,12,8,4,32,16,16,32,16,16,20,8,12,14,6,8,3,1,2,0,0,0,0,0,0,9,9,1,3,4,2,1,0,0,10,7,3,0,11,0,1,0
55402531,0,,,10,5,5,1,1,0,9,4,5,4,3,1,9,4,5,9,4,5,5,1,4,5,1,4,0,0,0,0,0,0,0,0,0,5,5,1,3,1,0,0,0,0,4,4,0,0,4,0,1,1
55402532,0,,,59,29,30,7,3,4,52,26,26,29,16,13,48,23,25,47,23,24,23,10,13,13,5,8,5,1,4,1,0,1,0,0,0,22,22,7,4,6,1,3,0,1,15,11,4,0,15,0,4,3
55402536,2,55402547,,6,4,2,*,*,*,*,*,*,*,*,*,*,*,*,*,*,*,*,*,*,*,*,*,*,*,*,*,*,*,*,*,*,2,2,*,*,*,*,*,*,*,*,*,*,*,*,*,*,*
55402537,0,,,51,23,28,3,1,2,48,22,26,22,10,12,47,22,25,47,22,25,26,12,14,13,6,7,2,0,2,0,0,0,0,0,0,21,21,5,7,6,2,0,1,0,16,12,4,0,17,0,3,3
55402538,0,,,91,41,50,9,3,6,82,38,44,49,22,27,80,36,44,78,36,42,33,16,17,17,9,8,6,1,5,0,0,0,0,0,0,35,35,5,18,4,4,2,2,0,30,21,9,1,20,0,3,8
55402539,0,,,220,108,112,22,9,13,198,99,99,107,57,50,193,95,98,190,94,96,91,42,49,43,17,26,15,7,8,1,0,1,0,0,0,84,84,19,30,18,8,4,1,4,65,45,20,3,65,0,13,12
55402540,2,55402530,,3,1,2,*,*,*,*,*,*,*,*,*,*,*,*,*,*,*,*,*,*,*,*,*,*,*,*,*,*,*,*,*,*,2,2,*,*,*,*,*,*,*,*,*,*,*,*,*,*,*
55402542,0,,,8,4,4,0,0,0,8,4,4,4,2,2,8,4,4,8,4,4,4,2,2,0,0,0,0,0,0,0,0,0,0,0,0,4,4,2,0,2,0,0,0,0,2,2,0,0,3,0,1,0
55402546,2,55402547,,2,1,1,*,*,*,*,*,*,*,*,*,*,*,*,*,*,*,*,*,*,*,*,*,*,*,*,*,*,*,*,*,*,1,1,*,*,*,*,*,*,*,*,*,*,*,*,*,*,*
55402547,1,,55402536;55402546,24,11,13,0,0,0,32,16,16,16,9,7,32,16,16,31,15,16,16,7,9,9,3,6,6,3,3,0,0,0,0,0,0,13,13,6,6,3,0,1,0,0,10,8,2,0,11,0,4,2
55402549,2,55402559,,4,1,3,*,*,*,*,*,*,*,*,*,*,*,*,*,*,*,*,*,*,*,*,*,*,*,*,*,*,*,*,*,*,2,2,*,*,*,*,*,*,*,*,*,*,*,*,*,*,*
55402552,0,,,48,27,21,1,1,0,47,26,21,25,16,9,47,26,21,45,26,19,22,10,12,12,4,8,2,0,2,2,0,2,0,0,0,20,20,5,6,6,2,1,0,0,14,11,3,0,14,0,4,4
55402555,2,55402564,,9,6,3,*,*,*,*,*,*,*,*,*,*,*,*,*,*,*,*,*,*,*,*,*,*,*,*,*,*,*,*,*,*,4,4,*,*,*,*,*,*,*,*,*,*,*,*,*,*,*
55402557,0,,,42,26,16,3,3,0,39,23,16,23,17,6,39,23,16,37,21,16,16,6,10,11,4,7,9,3,6,2,0,2,0,0,0,14,14,3,2,5,1,2,1,0,11,6,5,1,10,0,2,1
55402558,0,,,10,5,5,0,0,0,10,5,5,4,3,1,10,5,5,10,5,5,6,2,4,3,0,3,1,0,1,0,0,0,0,0,0,7,7,4,3,0,0,0,0,0,3,3,0,0,5,0,2,1
55402559,1,,55402549,497,258,239,27,14,13,474,245,229,256,149,107,455,235,220,449,234,215,218,96,122,114,46,68,37,12,25,0,0,0,2,1,1,213,213,68,71,36,24,10,5,1,146,105,41,4,163,0,51,26
55402564,1,,55402555,3,1,2,0,0,0,12,7,5,6,3,3,12,7,5,12,7,5,6,4,2,1,0,1,1,0,1,0,0,0,0,0,0,1,1,1,2,1,1,0,0,0,4,3,1,0,4,0,1,0
55402567,0,,,46,23,23,1,1,0,45,22,23,25,13,12,43,21,22,43,21,22,20,9,11,14,6,8,3,0,3,1,0,1,0,0,0,19,19,4,6,6,3,0,0,0,15,10,5,0,14,0,3,2
55402568,0,,,112,53,59,13,6,7,99,47,52,50,22,28,98,46,52,96,45,51,49,25,24,26,10,16,15,8,7,1,0,1,0,0,0,40,40,8,14,8,5,0,3,2,32,21,11,4,31,0,6,6
55402569,0,,,701,341,360,82,42,40,619,299,320,362,186,176,592,284,308,584,280,304,257,113,144,126,52,74,43,9,34,6,1,5,0,0,0,258,256,55,79,59,39,18,4,2,201,168,33,13,154,1,29,38
55402577,0,,,102,44,58,6,2,4,96,42,54,44,20,24,94,42,52,93,42,51,52,22,30,29,13,16,12,4,8,2,0,2,0,0,0,38,38,11,6,13,3,3,1,1,26,16,10,2,31,0,8,3
55402578,0,,,516,245,271,54,26,28,462,219,243,247,121,126,451,211,240,444,210,234,215,98,117,81,33,48,15,6,9,1,1,0,1,0,1,198,198,41,72,40,25,13,4,3,157,125,32,7,140,0,31,39
55402579,0,,,1186,564,622,68,34,34,1118,530,588,531,282,249,1095,518,577,1082,511,571,587,248,339,320,117,203,158,38,120,25,3,22,2,0,2,413,411,87,154,91,45,18,9,7,322,255,67,18,287,3,52,80
55402587,0,,,17,8,9,2,1,1,15,7,8,9,4,5,15,7,8,15,7,8,6,3,3,3,1,2,1,0,1,0,0,0,0,0,0,7,7,2,1,3,1,0,0,0,5,5,0,1,4,0,1,1
55402588,0,,,377,186,191,41,21,20,336,165,171,184,98,86,324,162,162,321,161,160,152,67,85,84,30,54,27,6,21,2,0,2,0,0,0,159,159,50,50,25,25,5,2,2,109,88,21,12,111,0,37,29
55402589,0,,,218,115,103,13,11,2,205,104,101,120,65,55,200,104,96,195,101,94,85,39,46,41,13,28,19,6,13,0,0,0,1,1,0,87,87,25,25,18,9,7,3,0,62,41,21,5,62,0,18,8
55402598,0,,,186,84,102,16,8,8,170,76,94,103,51,52,164,74,90,160,73,87,67,25,42,33,10,23,12,3,9,2,0,2,0,0,0,66,66,10,21,14,16,2,3,0,56,39,17,6,48,0,8,10
55402599,0,,,75,32,43,5,3,2,70,29,41,44,21,23,69,29,40,69,29,40,26,8,18,15,3,12,3,1,2,0,0,0,0,0,0,37,37,14,12,8,2,1,0,0,23,18,5,3,20,0,7,3
55402600,0,,,161,84,77,12,8,4,149,76,73,90,50,40,142,72,70,139,71,68,59,26,33,29,6,23,10,0,10,1,0,1,0,0,0,53,53,6,15,12,13,5,2,0,46,23,23,2,38,0,2,8
55402601,0,,,207,108,99,29,15,14,178,93,85,108,60,48,170,87,83,167,84,83,70,33,37,30,13,17,11,5,6,1,0,1,0,0,0,84,84,25,24,17,12,3,2,1,59,51,8,11,46,2,14,14
55402602,0,,,1172,592,580,117,56,61,1030,516,514,618,323,295,1007,503,504,990,495,495,412,193,219,196,83,113,75,25,50,2,0,2,13,8,5,485,482,144,164,90,52,25,4,3,330,279,51,39,262,10,62,80
55402603,0,,,149,76,73,17,11,6,129,63,66,65,34,31,127,62,65,127,62,65,64,29,35,28,9,19,9,4,5,1,0,1,2,1,1,72,72,30,21,12,5,3,1,0,41,36,5,6,47,1,20,7
55402604,0,,,26,13,13,3,3,0,23,10,13,14,6,8,23,10,13,23,10,13,9,4,5,7,3,4,1,1,0,0,0,0,0,0,0,10,10,2,2,5,0,1,0,0,8,8,0,1,5,0,1,2
55402610,0,,,13,5,8,0,0,0,13,5,8,7,3,4,13,5,8,12,5,7,6,2,4,4,1,3,2,0,2,0,0,0,0,0,0,4,4,0,1,1,2,0,0,0,4,2,2,0,3,0,0,1
55402611,0,,,279,123,156,31,15,16,247,107,140,152,65,87,230,100,130,224,97,127,95,42,53,54,25,29,16,5,11,0,0,0,0,0,0,113,112,32,37,22,12,8,0,1,80,70,10,6,57,0,19,13
55402612,0,,,2017,1006,1011,213,108,105,1776,881,895,1106,583,523,1728,855,873,1697,838,859,670,298,372,367,140,227,162,50,112,17,2,15,21,9,12,830,828,263,275,121,114,37,12,6,556,470,86,62,400,24,104,117
55402613,0,,,524,249,275,69,31,38,453,216,237,271,137,134,445,212,233,437,208,229,182,79,103,83,32,51,26,14,12,2,1,1,2,1,1,214,214,59,71,39,28,13,2,2,150,126,24,19,131,1,38,32
55402620,0,,,462,222,240,4,3,1,458,219,239,157,97,60,453,215,238,451,215,236,301,122,179,187,53,134,106,16,90,21,1,20,0,0,0,37,33,7,9,10,4,1,1,1,26,20,6,1,24,0,6,3
55402621,0,,,206,104,102,16,6,10,190,98,92,110,58,52,185,95,90,183,93,90,80,40,40,43,21,22,13,6,7,1,0,1,0,0,0,82,82,18,29,20,8,6,0,1,64,49,15,5,54,0,13,18
55402622,0,,,1821,917,904,204,104,100,1610,808,802,1049,542,507,1557,779,778,1526,762,764,561,266,295,263,119,144,76,26,50,8,1,7,16,10,6,704,704,159,231,148,106,38,16,6,538,449,89,49,370,15,68,120
55402623,0,,,900,432,468,66,24,42,830,406,424,439,236,203,812,396,416,798,387,411,391,170,221,221,86,135,73,28,45,7,1,6,1,0,1,356,355,96,126,60,35,20,11,7,256,202,54,14,259,0,67,61
55402630,1,,55402640,384,192,192,51,24,27,338,170,168,213,114,99,329,163,166,321,156,165,125,56,69,62,27,35,19,6,13,1,0,1,0,0,0,141,141,28,46,30,22,12,4,1,114,86,28,14,82,0,17,22
55402631,0,,,90,45,45,9,5,4,81,40,41,50,24,26,78,38,40,78,38,40,31,16,15,13,5,8,4,1,3,0,0,0,0,0,0,35,35,7,10,11,5,2,0,0,28,28,0,1,21,0,5,6
55402632,0,,,123,60,63,14,8,6,109,52,57,72,37,35,107,52,55,104,51,53,37,15,22,25,11,14,9,5,4,1,0,1,5,1,4,50,50,16,16,6,5,5,2,0,34,29,5,3,28,0,9,4
55402633,0,,,110,54,56,4,2,2,106,52,54,56,32,24,106,52,54,106,52,54,50,20,30,33,12,21,18,8,10,2,0,2,0,0,0,48,48,14,19,5,7,3,0,0,33,25,8,0,34,0,11,7
55402640,2,55402630,,5,2,3,*,*,*,*,*,*,*,*,*,*,*,*,*,*,*,*,*,*,*,*,*,*,*,*,*,*,*,*,*,*,2,2,*,*,*,*,*,*,*,*,*,*,*,*,*,*,*
55402642,0,,,17,8,9,0,0,0,17,8,9,6,2,4,17,8,9,17,8,9,11,6,5,7,4,3,2,1,1,0,0,0,0,0,0,10,10,5,3,2,0,0,0,0,5,5,0,0,8,0,3,2
55402643,0,,,41,23,18,2,1,1,39,22,17,23,14,9,37,20,17,37,20,17,16,8,8,9,5,4,1,1,0,0,0,0,0,0,0,18,18,5,7,3,2,1,0,0,13,10,3,0,10,0,3,3
55402650,0,,,48,26,22,0,0,0,48,26,22,22,12,10,47,25,22,45,24,21,26,14,12,18,10,8,2,0,2,0,0,0,0,0,0,22,22,6,11,2,1,2,0,0,16,13,3,0,18,0,5,6
55402651,0,,,19,9,10,3,0,3,16,9,7,7,5,2,16,9,7,16,9,7,9,4,5,5,2,3,1,0,1,0,0,0,0,0,0,6,6,1,2,1,1,0,0,1,5,3,2,0,6,0,1,2
55402652,0,,,663,317,346,73,37,36,590,280,310,403,188,215,569,270,299,559,264,295,187,92,95,95,47,48,25,11,14,2,2,0,7,1,6,278,278,83,90,48,36,14,7,0,193,167,26,23,121,10,32,40
55402653,0,,,821,386,435,67,36,31,754,350,404,430,211,219,733,337,396,721,332,389,324,139,185,185,72,113,65,18,47,9,2,7,2,0,2,358,357,112,123,64,39,14,4,1,243,198,45,21,217,4,60,52
55402660,0,,,1282,635,647,188,94,94,1094,541,553,685,356,329,1055,520,535,1039,513,526,409,185,224,191,71,120,58,19,39,3,0,3,5,1,4,564,564,222,146,83,65,33,12,3,339,283,56,61,303,11,125,64
55402661,0,,,1301,633,668,128,62,66,1173,571,602,716,369,347,1136,554,582,1112,545,567,457,202,255,231,90,141,64,16,48,3,0,3,1,0,1,536,536,151,159,115,82,19,9,1,383,314,69,33,323,7,93,80
55402662,0,,,1434,670,764,144,68,76,1290,602,688,779,385,394,1248,570,678,1227,562,665,511,217,294,262,102,160,77,25,52,5,1,4,35,1,34,605,604,195,176,128,69,19,11,6,407,346,61,36,343,32,103,93
55402663,0,,,618,297,321,90,47,43,528,250,278,320,154,166,513,243,270,503,238,265,208,96,112,101,45,56,29,11,18,1,0,1,0,0,0,251,251,69,86,43,26,20,6,1,182,154,28,31,138,2,36,41
55402670,0,,,2212,1073,1139,256,121,135,1956,952,1004,1246,621,625,1878,908,970,1834,881,953,710,331,379,365,160,205,126,53,73,6,2,4,10,5,5,868,868,213,293,159,116,61,19,7,650,542,108,67,477,15,123,136
55402671,0,,,1026,503,523,117,58,59,909,445,464,579,294,285,881,431,450,871,427,444,330,151,179,167,74,93,58,18,40,4,0,4,4,1,3,422,422,113,148,72,58,19,11,1,304,258,46,43,212,6,46,65
55402672,0,,,932,485,447,85,43,42,847,442,405,571,330,241,832,436,396,823,433,390,276,112,164,148,60,88,46,14,32,4,0,4,12,4,8,463,462,217,125,56,38,20,5,1,243,207,36,28,186,92,47,61
55402673,0,,,1069,526,543,144,81,63,925,445,480,548,279,269,905,431,474,894,427,467,377,166,211,192,76,116,75,25,50,6,3,3,5,2,3,448,447,135,149,76,55,23,7,2,310,256,54,45,245,3,76,62
55402674,0,,,32,19,13,3,2,1,29,17,12,23,14,9,29,17,12,29,17,12,6,3,3,1,0,1,0,0,0,0,0,0,1,1,0,22,22,15,4,3,0,0,0,0,5,5,0,1,5,1,3,0
55402680,0,,,229,114,115,16,8,8,213,106,107,105,56,49,209,104,105,206,102,104,108,50,58,55,23,32,18,7,11,2,0,2,0,0,0,92,92,20,40,14,9,4,4,1,72,55,17,3,69,0,13,20
55402681,0,,,409,194,215,52,25,27,357,169,188,216,106,110,344,164,180,339,164,175,141,63,78,76,32,44,22,9,13,0,0,0,0,0,0,154,154,31,51,31,27,10,3,1,121,96,25,11,95,2,20,28
55402682,0,,,1498,689,809,150,78,72,1348,611,737,736,391,345,1320,594,726,1299,582,717,612,220,392,366,105,261,186,36,150,36,3,33,5,2,3,571,567,190,166,107,64,26,11,3,371,318,53,45,291,18,92,70
55402683,0,,,2296,1148,1148,330,176,154,1966,972,994,1424,738,686,1877,924,953,1845,906,939,542,234,308,273,111,162,67,24,43,6,0,6,4,3,1,964,964,307,259,199,143,40,12,4,647,569,78,105,373,35,105,100
55402684,0,,,283,150,133,34,15,19,249,135,114,181,107,74,245,134,111,234,123,111,68,28,40,39,14,25,17,6,11,0,0,0,2,1,1,121,121,43,25,30,15,8,0,0,78,62,16,18,47,22,10,9
55402690,0,,,14,9,5,0,0,0,14,9,5,6,3,3,14,9,5,14,9,5,8,6,2,5,3,2,1,1,0,0,0,0,0,0,0,10,10,6,4,0,0,0,0,0,4,4,0,0,6,0,4,2
55402691,0,,,1017,515,502,111,60,51,906,455,451,561,298,263,880,437,443,862,428,434,345,157,188,201,78,123,85,25,60,16,2,14,4,4,0,404,401,119,132,75,47,17,6,5,279,243,36,34,197,14,46,60
55402692,0,,,1983,976,1007,262,123,139,1721,853,868,1124,572,552,1664,827,837,1642,816,826,597,281,316,288,129,159,64,27,37,8,3,5,24,11,13,860,860,288,253,158,109,38,9,5,564,502,62,79,413,26,136,119
55402693,0,,,1463,714,749,163,79,84,1300,635,665,828,425,403,1262,618,644,1238,608,630,472,210,262,272,112,160,98,32,66,7,2,5,10,2,8,627,624,208,187,124,72,19,8,6,409,354,55,46,312,13,100,73
55402694,0,,,1953,1016,937,265,146,119,1670,861,809,1191,640,551,1612,823,789,1583,809,774,479,221,258,267,111,156,61,24,37,4,2,2,6,4,2,863,863,323,223,152,119,32,9,5,531,464,67,87,345,22,120,84
55402695,0,,,14,7,7,0,0,0,14,7,7,8,3,5,14,7,7,14,7,7,6,4,2,3,2,1,0,0,0,0,0,0,1,0,1,6,6,0,4,2,0,0,0,0,6,5,1,0,4,0,0,3
55402696,1,,55402697,252,118,134,18,7,11,238,114,124,141,70,71,230,111,119,229,110,119,97,44,53,48,16,32,24,8,16,0,0,0,0,0,0,86,86,14,23,26,14,6,3,2,74,48,26,5,61,1,8,10
55402697,2,55402696,,4,3,1,*,*,*,*,*,*,*,*,*,*,*,*,*,*,*,*,*,*,*,*,*,*,*,*,*,*,*,*,*,*,2,2,*,*,*,*,*,*,*,*,*,*,*,*,*,*,*
55403000,0,,,180,85,95,15,4,11,165,81,84,112,58,54,162,80,82,159,77,82,53,23,30,22,8,14,10,4,6,1,1,0,0,0,0,46,45,7,17,9,7,1,3,1,38,32,6,2,31,0,5,7
55403001,0,,,361,174,187,36,12,24,317,157,160,196,108,88,309,154,155,305,153,152,121,49,72,53,18,35,9,1,8,1,0,1,9,6,3,149,149,49,45,22,17,8,8,0,99,77,22,10,81,5,18,24
55403002,0,,,293,140,153,24,14,10,266,124,142,162,73,89,262,121,141,258,120,138,104,51,53,33,11,22,15,4,11,1,0,1,1,0,1,113,113,25,37,24,19,4,2,2,87,67,20,7,67,1,15,15
55403003,0,,,140,64,76,22,9,13,114,52,62,67,30,37,110,52,58,109,52,57,47,22,25,26,12,14,3,0,3,0,0,0,0,0,0,41,41,4,13,6,8,4,2,4,36,24,12,4,27,0,1,10
55403004,0,,,203,97,106,20,11,9,181,85,96,108,55,53,176,84,92,173,83,90,73,30,43,46,16,30,27,10,17,4,1,3,0,0,0,62,60,9,15,18,11,4,1,2,50,38,12,7,31,0,7,7
55403005,0,,,65,37,28,3,2,1,62,35,27,34,20,14,61,35,26,60,34,26,28,15,13,11,5,6,1,1,0,0,0,0,1,0,1,24,24,6,6,4,6,1,1,0,18,13,5,0,18,0,5,4
55403006,0,,,101,44,57,12,4,8,89,40,49,56,26,30,84,38,46,82,37,45,33,14,19,17,5,12,8,3,5,0,0,0,0,0,0,28,28,2,7,5,7,3,1,3,26,15,11,3,19,0,2,3
55403007,0,,,64,33,31,5,1,4,59,32,27,39,24,15,59,32,27,59,32,27,20,8,12,12,4,8,3,0,3,1,0,1,6,6,0,29,29,13,7,4,3,1,0,1,16,12,4,0,15,6,6,1
55403008,0,,,51,26,25,5,3,2,46,23,23,30,17,13,45,23,22,45,23,22,16,6,10,9,2,7,5,1,4,1,0,1,1,0,1,15,15,2,4,2,4,1,1,1,13,6,7,2,10,0,1,2
55403009,0,,,38,18,20,5,2,3,33,16,17,20,9,11,33,16,17,32,15,17,13,7,6,6,3,3,3,2,1,1,1,0,0,0,0,11,11,1,2,2,4,1,1,0,10,2,8,2,7,0,0,2
55403010,0,,,883,430,453,167,82,85,703,342,361,517,254,263,680,332,348,665,329,336,186,88,98,86,35,51,26,8,18,2,0,2,4,2,2,320,320,65,89,74,55,28,7,2,249,218,31,43,122,20,18,38
55403011,0,,,2122,1029,1093,243,126,117,1819,866,953,1161,606,555,1770,843,927,1747,836,911,658,260,398,377,124,253,183,47,136,31,6,25,20,14,6,900,897,359,245,133,97,39,14,10,526,426,100,74,359,46,103,88
55403012,0,,,786,393,393,91,53,38,636,309,327,472,237,235,619,298,321,609,293,316,164,72,92,70,26,44,16,3,13,0,0,0,4,1,3,393,393,186,98,60,31,11,5,2,203,176,27,36,109,27,25,31
55403013,0,,,121,55,66,12,5,7,106,49,57,77,37,40,101,45,56,99,44,55,29,12,17,16,4,12,4,2,2,0,0,0,0,0,0,43,43,10,12,9,6,3,2,1,33,23,10,5,21,0,3,3
55403014,0,,,180,88,92,32,16,16,148,72,76,96,52,44,142,68,74,139,66,73,52,20,32,21,5,16,7,0,7,0,0,0,0,0,0,58,58,12,14,12,7,7,3,3,46,32,14,9,34,0,8,6
55403015,0,,,74,32,42,4,3,1,70,29,41,38,15,23,68,28,40,67,27,40,32,14,18,13,3,10,3,0,3,0,0,0,0,0,0,28,28,5,12,3,6,1,0,1,23,16,7,2,25,0,5,8
55403016,0,,,142,78,64,19,16,3,123,62,61,76,40,36,119,60,59,118,59,59,47,22,25,20,8,12,6,1,5,0,0,0,1,1,0,50,50,10,16,12,6,1,2,3,40,30,10,5,32,0,6,5
55403017,0,,,125,67,58,17,11,6,108,56,52,77,39,38,108,56,52,107,55,52,31,17,14,12,5,7,4,1,3,0,0,0,1,1,0,43,43,7,12,13,4,4,2,1,36,31,5,5,20,0,2,5
55403018,0,,,63,29,34,9,6,3,54,23,31,38,16,22,51,22,29,51,22,29,16,7,9,6,2,4,2,0,2,0,0,0,0,0,0,16,16,0,5,2,3,3,2,1,16,9,7,3,11,0,0,2
55403019,0,,,41,23,18,1,0,1,40,23,17,23,14,9,40,23,17,40,23,17,17,9,8,9,5,4,1,0,1,0,0,0,0,0,0,13,13,3,3,1,4,0,1,1,10,5,5,1,11,0,2,3
55403020,0,,,809,402,407,106,53,53,691,342,349,462,238,224,660,320,340,645,312,333,229,104,125,111,52,59,30,13,17,4,1,3,3,2,1,312,312,88,87,51,55,17,9,5,219,172,47,23,150,15,31,35
55403021,0,,,1630,827,803,299,148,151,1274,647,627,1053,539,514,1223,626,597,1207,617,590,221,108,113,96,45,51,29,12,17,3,2,1,20,7,13,731,731,309,164,108,99,37,10,4,402,358,44,92,143,64,32,40
55403022,0,,,391,216,175,43,25,18,331,180,151,238,137,101,315,169,146,308,164,144,93,43,50,39,19,20,10,1,9,1,0,1,5,2,3,166,166,63,39,28,19,13,3,1,101,82,19,15,60,8,7,11
55403023,0,,,329,163,166,19,10,9,309,152,157,187,97,90,303,149,154,295,144,151,122,55,67,47,20,27,15,6,9,1,0,1,4,0,4,128,128,24,46,33,16,5,3,1,104,85,19,2,86,0,16,23
55403024,0,,,147,73,74,20,10,10,126,62,64,84,39,45,119,61,58,115,58,57,42,23,19,19,11,8,4,3,1,0,0,0,0,0,0,56,56,14,20,4,11,5,2,0,41,32,9,5,29,0,7,8
55403025,0,,,49,29,20,6,4,2,42,24,18,32,20,12,40,22,18,39,22,17,10,4,6,4,1,3,0,0,0,0,0,0,15,10,5,24,24,17,2,1,0,1,1,2,7,3,4,1,7,4,1,1
55403026,0,,,129,55,74,4,4,0,124,50,74,58,28,30,120,48,72,118,47,71,66,22,44,52,15,37,35,9,26,10,1,9,3,2,1,35,33,10,8,11,3,0,1,0,23,20,3,2,12,1,3,4
55403027,0,,,213,101,112,22,10,12,191,91,100,115,61,54,186,88,98,181,86,95,76,30,46,27,8,19,12,3,9,1,1,0,0,0,0,72,72,11,21,17,15,3,3,2,61,44,17,5,50,0,8,10
55403028,0,,,52,26,26,7,4,3,45,22,23,28,14,14,44,22,22,43,21,22,17,8,9,7,3,4,2,0,2,0,0,0,0,0,0,18,18,5,4,4,2,1,1,1,13,9,4,2,12,0,4,2
55403029,0,,,36,15,21,1,0,1,35,15,20,22,10,12,34,15,19,34,15,19,13,5,8,10,5,5,3,2,1,0,0,0,0,0,0,10,10,2,1,1,4,1,0,1,8,2,6,1,9,0,1,0
55403030,0,,,436,210,226,59,32,27,358,168,190,254,118,136,339,161,178,335,160,175,104,50,54,45,21,24,10,3,7,0,0,0,0,0,0,171,171,40,59,29,29,9,5,0,125,105,20,11,68,5,11,25
55403031,0,,,405,202,203,62,26,36,328,168,160,226,118,108,319,163,156,310,159,151,102,50,52,32,15,17,12,5,7,0,0,0,3,1,2,144,144,19,49,32,33,6,5,0,120,109,11,16,63,2,7,26
55403032,0,,,578,292,286,79,50,29,467,225,242,364,175,189,455,221,234,438,215,223,103,50,53,45,17,28,16,2,14,2,0,2,9,6,3,246,245,86,62,49,30,14,2,2,151,131,20,34,64,13,13,14
55403033,0,,,414,211,203,57,35,22,349,171,178,243,119,124,336,163,173,333,162,171,106,52,54,41,17,24,13,4,9,1,0,1,4,3,1,158,158,38,45,37,26,6,3,3,118,92,26,20,75,7,9,15
55403034,0,,,319,157,162,20,12,8,299,145,154,210,103,107,288,141,147,276,137,139,89,42,47,36,15,21,7,2,5,0,0,0,5,1,4,126,126,34,37,24,21,7,1,2,91,80,11,6,63,5,16,13
55403035,0,,,120,64,56,9,5,4,110,58,52,57,32,25,103,52,51,103,52,51,53,26,27,13,5,8,3,0,3,0,0,0,0,0,0,45,45,9,15,12,5,2,1,1,36,30,6,1,31,0,6,11
55403036,0,,,453,228,225,51,29,22,400,198,202,293,145,148,384,194,190,373,188,185,107,53,54,39,21,18,8,2,6,1,0,1,4,1,3,184,183,56,54,32,25,12,2,2,125,99,26,19,76,4,19,18
55403037,0,,,209,95,114,27,16,11,178,77,101,122,54,68,171,75,96,167,73,94,56,23,33,19,6,13,8,1,7,1,0,1,2,0,2,76,76,19,19,18,11,2,6,1,56,44,12,9,38,6,5,6
55403038,0,,,291,141,150,33,20,13,257,120,137,154,68,86,252,116,136,249,116,133,103,52,51,61,28,33,21,5,16,1,0,1,1,0,1,96,96,11,35,19,14,9,6,2,85,60,25,8,66,0,8,15
55403039,0,,,14,5,9,0,0,0,14,5,9,5,1,4,14,5,9,13,5,8,9,4,5,5,2,3,1,0,1,0,0,0,0,0,0,4,4,0,1,2,0,0,1,0,4,2,2,0,4,0,0,1
55403040,0,,,759,379,380,154,77,77,596,296,300,459,230,229,573,281,292,561,276,285,137,66,71,63,31,32,15,4,11,1,0,1,6,5,1,259,259,52,55,53,68,26,3,2,206,176,30,33,88,7,14,23
55403041,0,,,943,487,456,171,90,81,738,380,358,526,282,244,711,365,346,699,358,341,212,98,114,73,29,44,10,3,7,0,0,0,11,5,6,364,364,106,100,64,49,24,18,3,254,211,43,37,143,6,25,40
55403042,0,,,1203,596,607,163,101,62,985,468,517,768,373,395,952,449,503,923,434,489,217,95,122,91,37,54,22,6,16,3,1,2,9,6,3,503,503,158,145,93,69,30,6,2,332,284,48,50,149,17,31,33
55403043,0,,,1357,674,683,177,93,84,1146,559,587,871,437,434,1109,541,568,1087,528,559,275,122,153,119,48,71,23,8,15,0,0,0,27,16,11,581,578,210,154,101,71,26,9,7,360,301,59,55,187,44,50,50
55403044,0,,,744,384,360,114,62,52,614,313,301,431,227,204,592,305,287,579,298,281,183,86,97,77,39,38,21,10,11,1,0,1,4,2,2,267,266,65,76,48,37,21,15,4,200,162,38,30,106,9,13,34
55403045,0,,,970,449,521,129,56,73,825,384,441,533,266,267,794,363,431,773,352,421,292,118,174,176,63,113,106,28,78,18,1,17,13,6,7,337,334,89,101,67,48,21,5,3,241,217,24,37,118,9,28,30
55403046,0,,,914,440,474,118,61,57,792,377,415,529,246,283,762,365,397,749,358,391,263,131,132,111,50,61,33,16,17,0,0,0,10,4,6,340,338,82,99,69,52,19,9,8,254,203,51,27,168,2,35,47
55403047,0,,,193,89,104,25,11,14,168,78,90,112,53,59,162,75,87,159,74,85,56,25,31,23,7,16,11,3,8,1,0,1,3,1,2,70,70,13,20,21,10,2,2,2,57,41,16,6,37,3,7,7
55403048,1,,55403049,72,39,33,8,3,5,72,40,32,43,26,17,69,38,31,64,34,30,29,14,15,15,7,8,3,1,2,0,0,0,0,0,0,21,21,1,11,2,5,2,1,2,22,15,7,2,17,0,1,5
55403049,2,55403048,,8,4,4,*,*,*,*,*,*,*,*,*,*,*,*,*,*,*,*,*,*,*,*,*,*,*,*,*,*,*,*,*,*,3,3,*,*,*,*,*,*,*,*,*,*,*,*,*,*,*
55403050,0,,,441,200,241,71,28,43,366,170,196,283,130,153,350,164,186,336,161,175,83,40,43,33,13,20,14,6,8,1,0,1,6,3,3,165,165,43,42,34,26,15,2,3,114,95,19,18,56,12,13,14
55403051,0,,,857,427,430,163,90,73,689,334,355,537,261,276,661,317,344,640,309,331,152,73,79,44,20,24,14,4,10,1,0,1,12,7,5,290,290,47,70,70,70,19,13,1,242,204,38,51,98,8,10,25
55403052,0,,,2418,1163,1255,370,173,197,2025,976,1049,1407,695,712,1959,938,1021,1924,925,999,618,281,337,211,93,118,46,18,28,2,0,2,17,5,12,950,950,210,320,197,162,43,14,4,726,637,89,121,409,23,80,138
55403053,0,,,2389,1161,1228,284,135,149,2056,997,1059,1353,701,652,1996,960,1036,1961,944,1017,703,296,407,362,138,224,126,29,97,20,2,18,23,3,20,1028,1026,382,265,192,128,40,16,3,632,544,88,81,440,47,130,107
55403054,0,,,1788,883,905,217,104,113,1526,752,774,965,501,464,1476,728,748,1447,707,740,561,251,310,287,125,162,76,30,46,2,1,1,47,26,21,795,794,311,219,127,74,37,15,11,469,390,79,51,381,37,104,89
55403055,0,,,1250,640,610,131,65,66,1094,560,534,716,378,338,1061,544,517,1035,528,507,378,182,196,130,59,71,26,12,14,4,1,3,9,3,6,548,548,187,174,95,53,23,11,5,353,308,45,37,250,23,55,81
55403056,0,,,425,211,214,40,21,19,382,189,193,285,144,141,367,180,187,357,177,180,97,45,52,36,15,21,10,1,9,1,0,1,1,0,1,158,158,36,47,33,24,13,2,3,121,101,20,10,65,0,15,12
55403057,0,,,40,20,20,1,0,1,39,20,19,24,13,11,38,19,19,38,19,19,15,7,8,9,4,5,3,2,1,0,0,0,0,0,0,16,16,3,8,2,2,0,0,1,13,11,2,0,10,0,2,2
55403058,0,,,59,28,31,5,2,3,54,26,28,29,16,13,54,26,28,52,25,27,25,10,15,12,4,8,5,0,5,1,0,1,1,0,1,26,26,8,12,2,1,2,0,1,18,11,7,1,18,0,5,4
55403059,0,,,44,23,21,1,1,0,41,21,20,17,8,9,40,20,20,38,20,18,24,13,11,10,3,7,5,2,3,0,0,0,1,0,1,17,17,3,7,5,1,0,0,1,11,9,2,0,15,0,3,4
55403060,0,,,571,278,293,85,45,40,480,230,250,338,176,162,461,217,244,443,208,235,142,54,88,88,26,62,50,12,38,6,0,6,4,1,3,178,177,38,35,36,49,14,4,1,136,109,27,25,60,3,10,8
55403061,0,,,326,173,153,32,14,18,287,155,132,188,98,90,276,148,128,266,143,123,99,57,42,54,33,21,17,9,8,1,0,1,1,1,0,133,132,53,25,18,21,12,2,1,77,60,17,10,70,0,31,13
55403062,0,,,3243,1588,1655,402,207,195,2789,1353,1436,1875,921,954,2675,1300,1375,2627,1276,1351,914,432,482,336,157,179,56,17,39,3,1,2,10,6,4,1299,1297,337,398,281,185,64,22,10,933,817,116,110,595,45,109,192
55403063,0,,,3196,1635,1561,309,173,136,2767,1384,1383,1824,967,857,2688,1347,1341,2628,1317,1311,943,417,526,522,221,301,141,56,85,7,1,6,45,14,31,1490,1488,658,380,218,136,62,25,9,804,654,150,85,617,106,170,140
55403064,0,,,2847,1354,1493,208,117,91,2552,1185,1367,1416,721,695,2496,1159,1337,2463,1141,1322,1136,464,672,668,244,424,249,78,171,25,5,20,30,12,18,1329,1327,557,375,204,122,47,16,6,755,597,158,51,725,65,212,165
55403065,0,,,1554,774,780,166,86,80,1358,672,686,855,444,411,1330,655,675,1308,647,661,503,228,275,238,105,133,49,20,29,1,0,1,18,7,11,718,718,266,224,130,58,26,11,3,442,381,61,50,356,17,105,95
55403066,0,,,98,51,47,10,8,2,88,43,45,54,27,27,85,41,44,84,41,43,34,16,18,16,6,10,7,3,4,0,0,0,3,1,2,33,33,6,10,7,3,3,4,0,27,18,9,4,25,0,3,4
55403067,0,,,102,54,48,10,6,4,91,47,44,57,31,26,85,45,40,82,43,39,34,16,18,14,5,9,4,0,4,1,0,1,0,0,0,38,38,13,10,6,4,1,0,4,24,17,7,1,21,2,7,4
55403068,0,,,63,34,29,4,3,1,59,31,28,38,20,18,53,28,25,52,28,24,21,11,10,10,5,5,3,1,2,0,0,0,0,0,0,23,23,9,3,5,2,1,1,2,14,9,5,2,13,0,4,0
55403069,0,,,155,77,78,21,12,9,134,65,69,78,38,40,127,62,65,123,59,64,56,27,29,22,11,11,5,2,3,0,0,0,0,0,0,38,38,1,5,12,2,11,5,2,37,18,19,6,32,0,1,5
55403070,0,,,131,63,68,14,7,7,117,56,61,76,37,39,113,55,58,109,54,55,41,19,22,24,10,14,8,3,5,0,0,0,1,0,1,44,44,8,12,8,9,4,2,1,36,26,10,3,27,0,3,3
55403071,0,,,1013,498,515,151,74,77,860,423,437,620,312,308,811,403,408,792,392,400,240,111,129,84,37,47,18,3,15,0,0,0,7,2,5,360,360,60,108,80,73,31,6,2,297,264,33,28,158,7,26,47
55403072,0,,,4297,1975,2322,603,285,318,3629,1656,1973,2436,1137,1299,3453,1565,1888,3358,1518,1840,1193,519,674,502,220,282,86,34,52,2,0,2,85,35,50,1827,1827,571,574,340,214,81,35,12,1237,1080,157,156,842,53,272,211
55403073,0,,,1444,717,727,146,79,67,1261,621,640,828,429,399,1232,606,626,1210,591,619,433,192,241,200,91,109,33,16,17,2,1,1,15,2,13,673,672,286,185,88,67,34,7,5,377,318,59,42,302,48,93,71
55403074,0,,,768,349,419,56,21,35,701,321,380,415,208,207,677,311,366,662,304,358,286,113,173,179,68,111,65,25,40,6,2,4,5,2,3,371,370,170,100,42,34,18,2,4,196,154,42,16,213,8,94,37
55403075,0,,,122,57,65,8,2,6,106,51,55,63,36,27,103,50,53,103,50,53,43,15,28,24,7,17,9,2,7,1,0,1,3,0,3,62,62,30,17,7,5,1,2,0,31,24,7,2,32,1,10,4
55403076,0,,,104,53,51,16,8,8,88,45,43,52,26,26,86,44,42,86,44,42,36,19,17,16,6,10,6,1,5,1,0,1,0,0,0,33,33,6,13,3,2,5,1,3,27,18,9,3,21,0,4,7
55403077,0,,,49,25,24,5,1,4,41,22,19,18,8,10,41,22,19,41,22,19,23,14,9,9,6,3,1,0,1,0,0,0,0,0,0,22,22,7,11,0,2,1,0,1,14,13,1,0,16,0,6,8
55403078,0,,,36,20,16,2,0,2,34,20,14,25,14,11,34,20,14,34,20,14,9,6,3,5,3,2,3,1,2,0,0,0,0,0,0,14,14,5,2,2,4,1,0,0,9,5,4,0,6,0,0,2
55403079,0,,,51,28,23,4,3,1,47,25,22,18,10,8,46,24,22,42,22,20,29,15,14,10,4,6,6,2,4,0,0,0,1,1,0,18,18,4,6,4,1,1,0,2,14,10,4,0,15,1,3,5
55403080,0,,,76,43,33,3,2,1,72,40,32,42,26,16,71,39,32,69,38,31,30,14,16,14,5,9,6,3,3,0,0,0,0,0,0,31,31,13,3,7,4,4,0,0,18,10,8,1,21,0,7,1
55403081,0,,,734,382,352,82,46,36,643,331,312,453,240,213,616,318,298,608,313,295,190,91,99,70,35,35,18,7,11,0,0,0,21,8,13,287,287,64,103,54,41,16,5,4,219,193,26,22,123,1,27,43
55403082,0,,,1582,794,788,215,109,106,1340,671,669,889,454,435,1294,646,648,1265,625,640,451,217,234,180,87,93,41,14,27,11,1,10,27,9,18,607,605,165,178,111,92,37,19,3,431,351,80,50,270,28,44,88
55403083,0,,,221,106,115,17,12,5,204,94,110,100,46,54,198,92,106,197,91,106,104,48,56,58,26,32,18,7,11,2,0,2,5,1,4,91,90,25,35,13,11,4,0,2,65,55,10,6,63,0,15,21
55403084,0,,,253,129,124,34,19,15,218,109,109,141,70,71,206,101,105,202,98,104,77,39,38,24,11,13,9,5,4,2,2,0,0,0,0,91,91,14,32,20,14,9,0,2,76,62,14,9,48,1,7,20
55403085,0,,,405,196,209,22,8,14,383,188,195,176,108,68,379,186,193,376,184,192,207,80,127,105,33,72,48,7,41,8,0,8,0,0,0,60,57,11,14,14,5,3,8,2,46,28,18,7,40,0,9,6
55403086,0,,,54,26,28,4,2,2,48,23,25,15,7,8,48,23,25,48,23,25,33,16,17,18,11,7,1,1,0,0,0,0,0,0,0,28,28,7,18,1,2,0,0,0,20,20,0,2,20,0,6,13
55403087,0,,,14,8,6,2,1,1,12,7,5,7,5,2,11,6,5,11,6,5,5,2,3,0,0,0,0,0,0,0,0,0,0,0,0,5,5,1,2,1,0,0,1,0,4,3,1,0,3,0,0,1
55403088,0,,,47,23,24,2,1,1,45,22,23,31,15,16,43,22,21,43,22,21,14,7,7,4,2,2,2,1,1,0,0,0,0,0,0,14,14,2,5,2,2,0,1,2,12,8,4,1,7,0,0,3
55403089,0,,,60,36,24,4,2,2,56,34,22,29,19,10,55,33,22,55,33,22,27,15,12,11,6,5,0,0,0,0,0,0,1,1,0,24,24,6,7,7,2,1,1,0,18,15,3,0,18,1,5,4
55403090,0,,,150,82,68,17,11,6,128,68,60,81,45,36,126,68,58,124,66,58,47,23,24,21,9,12,7,3,4,0,0,0,3,3,0,64,64,27,10,15,4,6,2,0,36,25,11,4,31,4,8,4
55403091,0,,,367,191,176,32,16,16,333,174,159,225,122,103,321,165,156,315,161,154,108,52,56,38,17,21,11,5,6,1,0,1,4,1,3,132,132,25,44,27,19,11,3,3,106,81,25,6,70,3,9,18
55403092,0,,,102,51,51,9,5,4,93,46,47,65,32,33,85,43,42,84,42,42,28,14,14,11,4,7,2,0,2,0,0,0,0,0,0,34,34,4,10,9,8,0,2,1,30,22,8,2,19,0,3,3
55403093,0,,,164,86,78,17,10,7,147,76,71,101,55,46,144,76,68,140,73,67,46,21,25,15,6,9,6,1,5,1,0,1,3,1,2,63,63,13,22,18,5,1,2,2,50,43,7,4,36,1,9,7
55403094,0,,,448,214,234,72,39,33,372,175,197,262,123,139,352,166,186,341,164,177,110,52,58,38,16,22,13,3,10,2,0,2,11,4,7,154,154,34,37,36,25,14,2,6,119,91,28,17,67,1,14,11
55403095,0,,,58,28,30,7,3,4,51,25,26,33,16,17,50,24,26,49,24,25,18,9,9,5,2,3,1,0,1,0,0,0,0,0,0,20,20,5,5,3,4,1,1,1,15,10,5,1,14,0,4,3
55403096,0,,,151,70,81,14,8,6,137,62,75,69,34,35,135,61,74,132,60,72,68,28,40,35,11,24,10,3,7,0,0,0,2,0,2,67,67,21,26,10,5,3,1,1,46,41,5,3,46,0,14,12
55403097,0,,,148,74,74,11,5,6,133,67,66,79,45,34,125,64,61,124,63,61,54,22,32,25,9,16,7,1,6,1,0,1,1,0,1,55,55,8,20,13,10,3,1,0,46,37,9,1,37,0,7,5
55403098,0,,,80,41,39,9,3,6,71,38,33,36,18,18,70,38,32,68,36,32,35,20,15,9,6,3,0,0,0,0,0,0,1,0,1,31,31,7,14,2,4,1,3,0,24,20,4,2,22,0,5,8
55403099,0,,,27,13,14,1,0,1,26,13,13,15,6,9,26,13,13,26,13,13,11,7,4,3,2,1,1,1,0,0,0,0,0,0,0,10,10,3,1,3,2,1,0,0,7,5,2,0,7,0,1,0
55403100,0,,,110,55,55,11,4,7,99,51,48,59,32,27,97,50,47,95,50,45,40,19,21,20,9,11,9,4,5,1,1,0,0,0,0,31,31,8,4,3,5,5,3,3,23,8,15,2,27,0,7,0
55403101,0,,,111,54,57,11,7,4,100,47,53,57,29,28,98,47,51,92,45,47,43,18,25,17,6,11,10,2,8,2,1,1,1,0,1,30,30,8,2,7,2,3,3,5,22,6,16,4,26,0,5,1
55403102,0,,,188,89,99,27,14,13,161,75,86,89,40,49,159,75,84,155,72,83,72,35,37,35,15,20,14,5,9,3,1,2,0,0,0,57,57,7,18,8,8,10,4,2,50,30,20,6,44,0,4,13
55403103,0,,,29,13,16,1,0,1,28,13,15,14,7,7,28,13,15,28,13,15,14,6,8,9,4,5,5,2,3,0,0,0,0,0,0,10,10,1,3,3,2,1,0,0,9,4,5,1,9,0,1,1
55403104,0,,,16,9,7,0,0,0,16,9,7,9,6,3,16,9,7,16,9,7,7,3,4,6,3,3,3,2,1,0,0,0,0,0,0,5,5,0,2,1,1,1,0,0,5,3,2,0,4,0,0,0
55403105,1,,55403109;55403115,13,7,6,0,0,0,18,9,9,8,4,4,18,9,9,18,9,9,10,5,5,6,3,3,2,1,1,0,0,0,0,0,0,4,4,1,3,1,2,0,0,0,6,4,2,0,5,0,0,3
55403109,2,55403105,,3,1,2,*,*,*,*,*,*,*,*,*,*,*,*,*,*,*,*,*,*,*,*,*,*,*,*,*,*,*,*,*,*,2,2,*,*,*,*,*,*,*,*,*,*,*,*,*,*,*
55403110,0,,,77,38,39,7,5,2,70,33,37,32,14,18,68,33,35,67,33,34,38,19,19,14,6,8,6,2,4,0,0,0,0,0,0,23,23,3,3,11,1,2,1,2,20,11,9,2,20,0,2,2
55403111,0,,,106,47,59,16,9,7,90,38,52,80,34,46,89,37,52,89,37,52,10,4,6,4,1,3,3,0,3,0,0,0,0,0,0,51,51,22,15,6,4,4,0,0,29,26,3,5,7,5,1,1
55403112,0,,,515,258,257,150,82,68,365,176,189,332,160,172,145,73,72,91,48,43,33,16,17,20,9,11,8,4,4,1,0,1,0,0,0,51,49,31,4,7,4,2,0,1,18,9,9,0,18,22,1,1
55403113,0,,,68,35,33,5,2,3,63,33,30,36,17,19,60,31,29,57,30,27,27,16,11,10,4,6,4,1,3,0,0,0,2,0,2,23,23,5,7,6,0,1,3,1,18,11,7,0,20,0,4,2
55403114,0,,,27,12,15,3,1,2,24,11,13,16,5,11,24,11,13,24,11,13,8,6,2,4,2,2,3,2,1,0,0,0,0,0,0,8,8,2,0,3,1,1,0,1,6,2,4,0,8,0,2,0
55403115,2,55403105,,2,1,1,*,*,*,*,*,*,*,*,*,*,*,*,*,*,*,*,*,*,*,*,*,*,*,*,*,*,*,*,*,*,1,1,*,*,*,*,*,*,*,*,*,*,*,*,*,*,*
55403120,0,,,35,18,17,6,3,3,29,15,14,16,8,8,29,15,14,28,15,13,13,7,6,5,2,3,3,1,2,0,0,0,0,0,0,11,11,3,3,1,1,1,0,2,8,5,3,0,8,0,1,2
55403121,0,,,77,38,39,10,4,6,67,34,33,48,24,24,65,32,33,63,32,31,19,10,9,10,5,5,3,1,2,0,0,0,0,0,0,18,17,2,1,3,1,3,5,2,15,4,11,4,14,0,2,0
55403122,0,,,29,15,14,4,1,3,25,14,11,17,9,8,24,13,11,24,13,11,8,5,3,6,4,2,2,1,1,0,0,0,0,0,0,8,8,1,2,1,1,1,2,0,7,3,4,1,6,0,1,1
55403123,0,,,77,39,38,11,5,6,66,34,32,41,22,19,66,34,32,63,33,30,25,12,13,11,5,6,3,1,2,0,0,0,0,0,0,26,26,7,5,5,4,2,2,1,19,11,8,2,20,0,5,1
55403124,0,,,48,22,26,3,1,2,45,21,24,25,11,14,45,21,24,45,21,24,20,10,10,9,4,5,4,2,2,0,0,0,0,0,0,14,14,1,3,4,3,2,0,1,13,8,5,0,13,0,1,1
55403125,1,,55403126,25,14,11,3,1,2,29,15,14,15,8,7,29,15,14,29,15,14,14,7,7,9,4,5,2,1,1,0,0,0,0,0,0,8,8,0,4,2,1,0,0,2,8,6,2,0,8,0,0,3
55403126,2,55403125,,7,2,5,*,*,*,*,*,*,*,*,*,*,*,*,*,*,*,*,*,*,*,*,*,*,*,*,*,*,*,*,*,*,1,1,*,*,*,*,*,*,*,*,*,*,*,*,*,*,*
55403130,0,,,49,22,27,5,2,3,41,20,21,20,11,9,41,20,21,40,19,21,21,9,12,9,3,6,4,2,2,1,1,0,0,0,0,16,16,3,5,2,4,1,0,1,12,5,7,1,13,0,3,1
55403131,0,,,90,42,48,7,1,6,83,41,42,42,21,21,80,40,40,80,40,40,41,20,21,23,10,13,13,5,8,1,0,1,0,0,0,32,32,7,10,6,4,1,4,0,25,14,11,1,27,0,7,5
55403134,2,55403135,,3,1,2,*,*,*,*,*,*,*,*,*,*,*,*,*,*,*,*,*,*,*,*,*,*,*,*,*,*,*,*,*,*,2,2,*,*,*,*,*,*,*,*,*,*,*,*,*,*,*
55403135,1,,55403134,5,3,2,0,0,0,8,4,4,4,2,2,8,4,4,8,4,4,4,2,2,3,1,2,0,0,0,0,0,0,0,0,0,2,2,1,2,1,0,0,0,0,3,2,1,0,3,0,1,1
55403137,2,55403146,,5,2,3,*,*,*,*,*,*,*,*,*,*,*,*,*,*,*,*,*,*,*,*,*,*,*,*,*,*,*,*,*,*,1,1,*,*,*,*,*,*,*,*,*,*,*,*,*,*,*
55403140,0,,,81,43,38,4,3,1,76,39,37,45,24,21,72,35,37,69,34,35,31,15,16,16,7,9,8,3,5,0,0,0,0,0,0,23,23,3,7,3,1,4,4,1,19,9,10,2,19,0,2,4
55403141,0,,,54,28,26,4,1,3,50,27,23,27,16,11,50,27,23,49,26,23,23,11,12,14,7,7,4,2,2,0,0,0,0,0,0,21,21,4,6,6,5,0,0,0,17,14,3,1,13,0,2,3
55403142,0,,,496,255,241,37,21,16,459,234,225,243,132,111,442,224,218,433,219,214,216,102,114,97,36,61,37,9,28,4,0,4,1,0,1,169,169,32,49,39,24,4,15,6,136,85,51,11,136,0,24,25
55403143,0,,,207,107,100,22,11,11,185,96,89,124,67,57,174,91,83,170,88,82,61,29,32,31,14,17,9,1,8,2,0,2,1,0,1,62,62,2,21,18,8,4,7,2,60,43,17,4,43,0,1,9
55403144,0,,,34,19,15,2,1,1,32,18,14,21,13,8,32,18,14,31,18,13,11,5,6,6,2,4,4,1,3,0,0,0,0,0,0,9,9,2,1,0,3,2,0,1,7,3,4,0,8,0,1,0
55403145,2,55403155,,7,4,3,*,*,*,*,*,*,*,*,*,*,*,*,*,*,*,*,*,*,*,*,*,*,*,*,*,*,*,*,*,*,2,2,*,*,*,*,*,*,*,*,*,*,*,*,*,*,*
55403146,1,,55403137,34,17,17,6,4,2,33,15,18,20,9,11,30,14,16,30,14,16,13,6,7,10,4,6,0,0,0,0,0,0,1,0,1,8,8,0,3,0,1,2,2,1,9,3,6,2,8,0,0,2
55403147,2,55403156,,7,4,3,*,*,*,*,*,*,*,*,*,*,*,*,*,*,*,*,*,*,*,*,*,*,*,*,*,*,*,*,*,*,3,3,*,*,*,*,*,*,*,*,*,*,*,*,*,*,*
55403150,0,,,53,26,27,8,5,3,45,21,24,29,12,17,44,20,24,42,19,23,16,9,7,7,3,4,1,0,1,0,0,0,1,0,1,17,17,2,7,3,1,2,1,1,15,13,2,1,11,0,2,4
55403151,0,,,31,11,20,5,2,3,26,9,17,15,5,10,26,9,17,26,9,17,11,4,7,5,1,4,5,1,4,0,0,0,0,0,0,11,11,4,4,0,0,1,1,1,7,5,2,1,7,0,3,2
55403152,0,,,175,91,84,24,14,10,151,77,74,95,53,42,146,74,72,146,74,72,56,24,32,24,4,20,15,2,13,0,0,0,0,0,0,52,52,11,10,11,5,6,4,5,41,21,20,5,41,0,10,4
55403153,0,,,170,92,78,7,4,3,163,88,75,88,55,33,162,87,75,156,83,73,75,33,42,53,23,30,10,4,6,0,0,0,0,0,0,60,60,14,16,11,8,8,2,1,46,27,19,1,50,0,10,8
55403154,0,,,107,61,46,8,4,4,99,57,42,50,33,17,98,56,42,95,55,40,49,24,25,25,10,15,10,4,6,2,0,2,0,0,0,42,42,10,14,7,8,2,1,0,31,22,9,2,34,0,8,5
55403155,1,,55403145,8,3,5,0,0,0,15,7,8,9,6,3,14,6,8,13,5,8,6,1,5,2,0,2,1,0,1,0,0,0,0,0,0,4,4,1,3,1,0,1,0,0,5,3,2,0,5,0,0,1
55403156,1,,55403147;55403168,3,2,1,0,0,0,13,8,5,6,4,2,13,8,5,13,8,5,7,4,3,2,1,1,1,1,0,0,0,0,0,0,0,1,1,1,3,2,0,0,0,0,5,4,1,0,4,0,0,2
55403160,0,,,73,42,31,6,4,2,67,38,29,36,23,13,64,37,27,63,36,27,31,15,16,14,6,8,6,3,3,0,0,0,4,4,0,27,27,8,9,4,1,2,1,2,19,12,7,2,19,3,3,6
55403161,0,,,20,10,10,0,0,0,20,10,10,9,5,4,20,10,10,20,10,10,11,5,6,6,2,4,0,0,0,0,0,0,0,0,0,10,10,4,4,1,0,1,0,0,5,3,2,0,8,0,3,3
55403162,0,,,127,61,66,15,8,7,112,53,59,59,26,33,106,52,54,105,51,54,53,27,26,22,9,13,6,2,4,2,1,1,0,0,0,45,45,11,12,9,5,5,1,2,34,23,11,5,33,0,7,7
55403165,0,,,89,46,43,6,1,5,83,45,38,48,25,23,81,44,37,80,43,37,35,20,15,14,8,6,7,3,4,1,0,1,2,0,2,29,29,3,9,7,5,3,2,0,26,15,11,3,23,0,2,4
55403166,1,,55403167,27,15,12,1,1,0,34,18,16,22,12,10,29,15,14,27,14,13,12,6,6,6,2,4,2,0,2,0,0,0,0,0,0,6,6,2,2,0,0,2,2,1,7,2,5,0,7,0,1,0
55403167,2,55403166,,8,4,4,*,*,*,*,*,*,*,*,*,*,*,*,*,*,*,*,*,*,*,*,*,*,*,*,*,*,*,*,*,*,3,3,*,*,*,*,*,*,*,*,*,*,*,*,*,*,*
55403168,2,55403156,,3,2,1,*,*,*,*,*,*,*,*,*,*,*,*,*,*,*,*,*,*,*,*,*,*,*,*,*,*,*,*,*,*,2,2,*,*,*,*,*,*,*,*,*,*,*,*,*,*,*
55403170,0,,,68,35,33,1,1,0,66,33,33,27,16,11,64,32,32,64,32,32,39,17,22,20,8,12,5,0,5,1,0,1,0,0,0,36,36,14,17,3,1,0,0,1,22,18,4,0,26,1,9,9
55403171,0,,,33,16,17,4,1,3,29,15,14,11,5,6,29,15,14,29,15,14,18,10,8,7,3,4,4,2,2,0,0,0,0,0,0,11,11,3,3,1,2,1,0,1,8,4,4,0,11,0,3,3
55403172,0,,,110,46,64,13,6,7,97,40,57,63,29,34,92,40,52,90,39,51,34,11,23,19,3,16,5,0,5,0,0,0,0,0,0,34,34,5,8,10,5,0,3,3,28,17,11,4,25,0,2,5
55403175,0,,,50,26,24,2,1,1,48,25,23,27,15,12,48,25,23,46,24,22,21,10,11,10,4,6,5,2,3,1,1,0,0,0,0,17,17,6,5,1,2,0,0,3,11,6,5,1,15,0,4,1
55403176,0,,,108,51,57,11,4,7,97,47,50,51,27,24,92,44,48,90,44,46,46,20,26,23,9,14,14,4,10,2,0,2,1,0,1,31,31,3,9,5,6,2,4,2,28,15,13,4,27,0,2,6
55403177,2,55403186,,5,3,2,*,*,*,*,*,*,*,*,*,*,*,*,*,*,*,*,*,*,*,*,*,*,*,*,*,*,*,*,*,*,3,3,*,*,*,*,*,*,*,*,*,*,*,*,*,*,*
55403180,2,55403190,,13,7,6,*,*,*,*,*,*,*,*,*,*,*,*,*,*,*,*,*,*,*,*,*,*,*,*,*,*,*,*,*,*,3,3,*,*,*,*,*,*,*,*,*,*,*,*,*,*,*
55403181,0,,,70,30,40,2,2,0,65,26,39,25,12,13,64,25,39,62,24,38,40,14,26,28,9,19,15,6,9,0,0,0,0,0,0,38,38,17,15,4,0,1,1,0,20,16,4,0,31,0,15,8
55403182,0,,,231,119,112,19,12,7,207,104,103,114,59,55,199,99,100,198,98,100,93,45,48,45,21,24,24,11,13,2,1,1,1,0,1,85,85,19,27,20,8,3,6,2,64,44,20,7,63,0,13,13
55403183,0,,,174,87,87,16,8,8,158,79,79,89,49,40,154,75,79,152,74,78,69,30,39,33,10,23,18,8,10,2,1,1,0,0,0,56,56,8,21,9,6,4,4,4,48,25,23,6,46,0,7,5
55403185,2,55403195,,8,1,7,*,*,*,*,*,*,*,*,*,*,*,*,*,*,*,*,*,*,*,*,*,*,*,*,*,*,*,*,*,*,2,2,*,*,*,*,*,*,*,*,*,*,*,*,*,*,*
55403186,1,,55403177,35,18,17,2,1,1,38,20,18,16,10,6,38,20,18,37,19,18,22,10,12,13,5,8,7,2,5,2,1,1,0,0,0,10,10,3,3,1,4,1,0,1,10,4,6,1,13,0,3,1
55403187,0,,,34,14,20,2,2,0,32,12,20,20,8,12,32,12,20,31,12,19,12,4,8,9,3,6,2,0,2,0,0,0,0,0,0,10,10,2,2,1,2,1,2,0,8,2,6,1,7,0,1,0
55403190,1,,55403180,31,16,15,4,2,2,40,21,19,19,12,7,39,20,19,39,20,19,21,9,12,11,4,7,8,3,5,0,0,0,0,0,0,10,10,2,2,1,5,3,0,0,10,4,6,0,11,0,2,2
55403191,0,,,19,11,8,0,0,0,18,11,7,9,7,2,18,11,7,17,10,7,9,4,5,4,2,2,2,1,1,0,0,0,0,0,0,6,6,2,0,2,0,1,1,0,4,2,2,0,5,0,1,0
55403192,0,,,113,51,62,11,4,7,102,47,55,59,31,28,99,45,54,97,45,52,43,16,27,27,7,20,4,1,3,0,0,0,0,0,0,42,42,14,12,6,3,1,2,4,28,17,11,5,33,0,10,3
55403193,0,,,144,75,69,11,8,3,133,67,66,72,35,37,130,64,66,128,62,66,61,32,29,30,13,17,13,5,8,1,0,1,5,1,4,49,49,14,10,7,10,3,3,2,35,19,16,3,37,0,10,4
55403195,1,,55403185,8,4,4,0,0,0,16,5,11,9,2,7,15,5,10,15,5,10,7,3,4,4,0,4,3,0,3,1,0,1,0,0,0,4,4,2,1,1,1,1,0,0,4,1,3,0,4,0,0,0
55403197,0,,,68,35,33,8,3,5,60,32,28,35,20,15,59,31,28,58,31,27,25,12,13,13,5,8,5,2,3,0,0,0,0,0,0,22,22,4,6,4,5,0,1,2,18,10,8,2,15,0,1,3
55403279,0,,,32,17,15,6,4,2,26,13,13,16,9,7,26,13,13,26,13,13,10,4,6,4,0,4,1,0,1,0,0,0,0,0,0,9,9,1,1,4,1,1,0,1,8,4,4,1,7,0,1,0
55403282,1,,55403293,59,29,30,3,0,3,58,31,27,36,22,14,56,29,27,55,29,26,22,9,13,10,3,7,6,1,5,0,0,0,0,0,0,19,19,6,5,4,2,2,0,2,15,7,8,1,14,0,2,2
55403287,0,,,21,11,10,1,0,1,20,11,9,7,5,2,19,10,9,19,10,9,13,6,7,4,1,3,1,0,1,0,0,0,0,0,0,8,8,0,3,5,0,0,0,0,8,6,2,0,6,0,0,2
55403288,0,,,87,41,46,11,4,7,76,37,39,43,22,21,74,36,38,74,36,38,33,15,18,14,5,9,9,2,7,2,0,2,0,0,0,25,25,3,6,4,4,5,2,1,22,11,11,2,20,0,3,2
55403289,0,,,161,94,67,12,8,4,149,86,63,83,54,29,144,85,59,140,81,59,66,32,34,40,20,20,13,3,10,1,0,1,0,0,0,53,53,11,15,9,6,6,4,2,42,25,17,3,39,0,4,9
55403293,2,55403282,,2,2,0,*,*,*,*,*,*,*,*,*,*,*,*,*,*,*,*,*,*,*,*,*,*,*,*,*,*,*,*,*,*,2,2,*,*,*,*,*,*,*,*,*,*,*,*,*,*,*
55403295,0,,,124,67,57,17,12,5,107,55,52,66,37,29,99,48,51,98,47,51,41,18,23,17,7,10,8,2,6,1,0,1,0,0,0,28,28,3,3,6,5,1,5,5,25,8,17,0,21,0,0,3
55403296,0,,,13,7,6,2,0,2,11,7,4,8,5,3,10,6,4,10,6,4,3,2,1,2,1,1,2,1,1,0,0,0,0,0,0,4,4,1,0,1,1,1,0,0,3,2,1,0,2,0,1,0
55403297,0,,,45,22,23,4,2,2,41,20,21,23,14,9,40,19,21,40,19,21,18,6,12,13,4,9,4,1,3,0,0,0,0,0,0,15,15,4,3,3,1,3,0,1,11,3,8,1,12,0,2,2
55403298,0,,,10,6,4,0,0,0,10,6,4,6,4,2,10,6,4,10,6,4,4,2,2,3,2,1,1,1,0,0,0,0,0,0,0,4,4,0,2,2,0,0,0,0,4,4,0,0,2,0,0,1
55403299,0,,,77,38,39,8,4,4,69,34,35,38,20,18,68,33,35,65,32,33,31,14,17,20,7,13,6,2,4,0,0,0,0,0,0,19,19,0,8,2,3,0,3,3,19,8,11,2,16,0,0,3
55403302,0,,,84,43,41,11,5,6,73,38,35,49,26,23,70,36,34,69,35,34,24,12,12,10,5,5,4,1,3,0,0,0,0,0,0,27,27,5,7,4,7,1,1,2,22,13,9,1,17,0,2,2
55403303,0,,,77,35,42,7,2,5,70,33,37,39,19,20,66,33,33,66,33,33,31,14,17,15,6,9,5,1,4,0,0,0,0,0,0,24,24,0,10,5,4,4,1,0,24,13,11,3,19,0,0,5
55403304,0,,,37,15,22,7,2,5,30,13,17,15,8,7,30,13,17,30,13,17,15,5,10,7,1,6,2,0,2,0,0,0,0,0,0,12,12,4,2,2,1,0,2,1,8,2,6,2,11,0,3,2
55403305,0,,,21,12,9,3,3,0,18,9,9,12,5,7,15,8,7,15,8,7,6,4,2,2,1,1,1,1,0,0,0,0,0,0,0,7,7,3,1,0,0,2,1,0,4,2,2,0,5,0,2,1
55403306,1,,55403316,66,30,36,3,0,3,68,33,35,36,17,19,65,31,34,65,31,34,32,16,16,20,9,11,11,5,6,1,0,1,0,0,0,22,22,6,5,5,3,3,1,1,18,6,12,0,23,0,6,3
55403307,0,,,11,5,6,0,0,0,11,5,6,2,1,1,11,5,6,11,5,6,9,4,5,2,1,1,0,0,0,0,0,0,0,0,0,5,5,0,4,1,0,0,0,0,5,5,0,0,5,0,0,3
55403309,2,55403319,,6,3,3,*,*,*,*,*,*,*,*,*,*,*,*,*,*,*,*,*,*,*,*,*,*,*,*,*,*,*,*,*,*,3,3,*,*,*,*,*,*,*,*,*,*,*,*,*,*,*
55403312,0,,,102,52,50,4,2,2,98,50,48,41,23,18,96,48,48,95,47,48,57,27,30,25,10,15,4,1,3,0,0,0,0,0,0,40,40,7,18,6,7,0,1,1,33,23,10,1,34,0,7,10
55403313,0,,,68,39,29,6,5,1,62,34,28,33,20,13,61,33,28,60,33,27,29,14,15,12,5,7,6,2,4,0,0,0,1,0,1,24,24,9,5,0,6,1,1,2,15,4,11,2,20,0,6,2
55403315,0,,,119,64,55,10,4,6,109,60,49,58,33,25,108,59,49,108,59,49,51,27,24,28,14,14,12,6,6,0,0,0,0,0,0,39,39,5,13,9,4,4,3,1,34,20,14,2,29,0,1,6
55403316,2,55403306,,5,3,2,*,*,*,*,*,*,*,*,*,*,*,*,*,*,*,*,*,*,*,*,*,*,*,*,*,*,*,*,*,*,2,2,*,*,*,*,*,*,*,*,*,*,*,*,*,*,*
55403317,0,,,87,52,35,5,3,2,82,49,33,43,25,18,79,47,32,78,46,32,39,24,15,11,6,5,3,2,1,0,0,0,0,0,0,29,29,5,11,5,3,1,1,3,24,16,8,0,26,0,4,5
55403318,2,55403319,,1,1,0,*,*,*,*,*,*,*,*,*,*,*,*,*,*,*,*,*,*,*,*,*,*,*,*,*,*,*,*,*,*,1,1,*,*,*,*,*,*,*,*,*,*,*,*,*,*,*
55403319,1,,55403309;55403318,7,3,4,0,0,0,14,7,7,6,3,3,14,7,7,14,7,7,8,4,4,5,3,2,1,0,1,0,0,0,0,0,0,4,4,4,2,2,0,0,0,0,4,4,0,0,6,0,3,1
55403322,0,,,298,130,168,14,7,7,284,123,161,85,45,40,282,121,161,278,120,158,199,78,121,140,40,100,83,22,61,8,2,6,0,0,0,68,66,15,24,11,9,3,3,1,51,36,15,3,50,0,12,14
55403323,0,,,139,77,62,10,5,5,129,72,57,62,35,27,126,69,57,125,69,56,67,37,30,40,20,20,13,9,4,2,1,1,1,0,1,48,48,6,14,17,6,3,0,2,42,27,15,2,41,0,5,12
55403325,1,,55403334,287,138,149,27,16,11,264,124,140,149,73,76,257,119,138,255,118,137,115,51,64,68,26,42,28,9,19,2,1,1,1,0,1,99,99,19,32,20,16,7,4,3,82,48,34,6,77,0,14,17
55403328,1,,55403329;55403339,10,5,5,0,0,0,15,8,7,5,3,2,14,7,7,14,7,7,10,5,5,6,3,3,2,1,1,0,0,0,0,0,0,4,4,3,2,0,2,0,0,0,4,2,2,0,5,0,1,2
55403329,2,55403328,,3,2,1,*,*,*,*,*,*,*,*,*,*,*,*,*,*,*,*,*,*,*,*,*,*,*,*,*,*,*,*,*,*,2,2,*,*,*,*,*,*,*,*,*,*,*,*,*,*,*
55403332,0,,,221,112,109,26,13,13,195,99,96,131,68,63,190,96,94,187,93,94,64,31,33,43,18,25,15,6,9,2,0,2,0,0,0,74,74,11,22,14,15,9,2,1,63,41,22,6,43,0,6,7
55403333,0,,,431,217,214,59,29,30,367,185,182,236,127,109,352,176,176,345,171,174,131,58,73,48,19,29,15,4,11,4,0,4,8,2,6,172,172,52,51,33,18,8,5,5,118,91,27,16,88,2,25,19
55403334,2,55403325,,4,2,2,*,*,*,*,*,*,*,*,*,*,*,*,*,*,*,*,*,*,*,*,*,*,*,*,*,*,*,*,*,*,2,2,*,*,*,*,*,*,*,*,*,*,*,*,*,*,*
55403335,0,,,176,95,81,14,6,8,162,89,73,95,58,37,160,88,72,158,86,72,67,31,36,33,16,17,19,6,13,2,1,1,0,0,0,63,63,12,23,10,5,10,3,0,51,32,19,4,47,0,9,8
55403336,1,,55403337,40,19,21,2,0,2,42,20,22,20,10,10,39,19,20,38,18,20,22,10,12,11,4,7,6,2,4,1,0,1,0,0,0,14,14,3,4,4,2,0,1,1,12,6,6,1,13,0,2,2
55403337,2,55403336,,4,1,3,*,*,*,*,*,*,*,*,*,*,*,*,*,*,*,*,*,*,*,*,*,*,*,*,*,*,*,*,*,*,1,1,*,*,*,*,*,*,*,*,*,*,*,*,*,*,*
55403338,1,,55403348;55403349,36,21,15,1,1,0,39,23,16,17,10,7,39,23,16,37,22,15,22,13,9,11,5,6,4,1,3,0,0,0,0,0,0,16,16,8,4,5,1,1,0,0,11,9,2,0,16,0,6,2
55403339,2,55403328,,2,1,1,*,*,*,*,*,*,*,*,*,*,*,*,*,*,*,*,*,*,*,*,*,*,*,*,*,*,*,*,*,*,1,1,*,*,*,*,*,*,*,*,*,*,*,*,*,*,*
55403341,0,,,70,35,35,8,4,4,62,31,31,37,17,20,60,30,30,60,30,30,25,14,11,12,5,7,8,3,5,1,0,1,0,0,0,23,23,3,10,2,3,3,0,2,20,12,8,1,16,0,1,3
55403342,0,,,1289,630,659,192,114,78,1093,514,579,704,349,355,1054,495,559,1041,487,554,389,165,224,208,85,123,86,33,53,5,1,4,9,3,6,488,487,128,153,78,70,37,12,9,358,282,76,44,256,11,66,63
55403343,0,,,743,363,380,72,35,37,671,328,343,380,202,178,654,317,337,645,313,332,291,126,165,186,68,118,68,22,46,1,0,1,14,5,9,288,288,81,86,52,35,18,9,7,207,144,63,20,194,12,45,50
55403344,0,,,151,76,75,14,5,9,137,71,66,59,33,26,137,71,66,137,71,66,78,38,40,29,7,22,15,2,13,3,0,3,0,0,0,57,57,14,16,18,3,1,2,3,43,30,13,2,48,0,11,7
55403345,0,,,99,47,52,9,2,7,90,45,45,48,25,23,89,45,44,87,44,43,42,20,22,22,8,14,10,3,7,1,0,1,0,0,0,31,31,1,12,10,3,1,1,3,30,18,12,2,26,0,1,3
55403346,1,,55403347,24,14,10,1,1,0,29,17,12,18,11,7,28,17,11,28,17,11,11,6,5,4,2,2,1,0,1,0,0,0,0,0,0,11,11,5,6,3,1,0,0,0,10,9,1,0,8,0,3,3
55403347,2,55403346,,6,4,2,*,*,*,*,*,*,*,*,*,*,*,*,*,*,*,*,*,*,*,*,*,*,*,*,*,*,*,*,*,*,4,4,*,*,*,*,*,*,*,*,*,*,*,*,*,*,*
55403348,2,55403338,,3,2,1,*,*,*,*,*,*,*,*,*,*,*,*,*,*,*,*,*,*,*,*,*,*,*,*,*,*,*,*,*,*,2,2,*,*,*,*,*,*,*,*,*,*,*,*,*,*,*
55403349,2,55403338,,1,1,0,*,*,*,*,*,*,*,*,*,*,*,*,*,*,*,*,*,*,*,*,*,*,*,*,*,*,*,*,*,*,1,1,*,*,*,*,*,*,*,*,*,*,*,*,*,*,*
55403351,0,,,90,46,44,13,9,4,77,37,40,44,25,19,72,35,37,71,35,36,33,12,21,16,6,10,5,1,4,1,0,1,0,0,0,27,27,5,7,5,2,2,4,2,22,14,8,1,21,0,5,3
55403352,0,,,933,436,497,139,65,74,779,360,419,506,254,252,751,346,405,742,342,400,273,106,167,172,55,117,86,22,64,11,1,10,21,11,10,337,335,119,84,54,51,18,4,5,213,185,28,44,120,17,33,36
55403353,0,,,29,17,12,3,2,1,26,15,11,19,11,8,26,15,11,24,14,10,7,4,3,3,2,1,2,1,1,0,0,0,3,3,0,9,9,3,1,2,0,1,1,1,6,3,3,2,5,0,0,0
55403354,0,,,175,79,96,16,7,9,159,72,87,81,37,44,154,71,83,152,70,82,78,35,43,39,13,26,12,4,8,0,0,0,1,0,1,64,64,11,25,12,7,7,1,1,52,34,18,5,49,0,7,12
55403355,0,,,93,46,47,12,6,6,81,40,41,49,25,24,77,38,39,76,38,38,32,15,17,17,8,9,8,3,5,0,0,0,0,0,0,26,26,2,6,7,4,2,4,1,24,12,12,1,18,0,0,3
55403359,2,55403368,,7,4,3,*,*,*,*,*,*,*,*,*,*,*,*,*,*,*,*,*,*,*,*,*,*,*,*,*,*,*,*,*,*,3,3,*,*,*,*,*,*,*,*,*,*,*,*,*,*,*
55403361,0,,,92,48,44,11,5,6,81,43,38,45,28,17,78,42,36,77,41,36,36,15,21,22,9,13,11,3,8,1,0,1,0,0,0,25,25,6,3,3,3,5,2,3,19,4,15,3,23,0,5,2
55403362,0,,,163,83,80,18,12,6,144,70,74,76,37,39,141,68,73,141,68,73,68,33,35,35,15,20,11,4,7,0,0,0,0,0,0,56,56,10,12,18,9,4,2,1,46,25,21,4,42,0,5,8
55403363,0,,,12,5,7,0,0,0,10,4,6,8,2,6,9,4,5,9,4,5,2,2,0,0,0,0,0,0,0,0,0,0,0,0,0,5,5,1,2,1,1,0,0,0,3,3,0,0,2,0,0,1
55403364,0,,,211,109,102,16,9,7,195,100,95,113,63,50,193,98,95,191,97,94,82,37,45,43,16,27,21,8,13,2,1,1,4,1,3,67,67,5,26,14,12,3,3,4,62,38,24,4,51,0,5,11
55403365,0,,,86,43,43,7,5,2,79,38,41,47,25,22,78,37,41,76,35,41,32,13,19,19,6,13,7,2,5,0,0,0,0,0,0,29,29,5,7,6,7,3,1,0,24,14,10,2,22,0,4,4
55403368,1,,55403359,11,5,6,1,1,0,17,8,9,10,5,5,15,8,7,15,8,7,7,3,4,5,2,3,2,0,2,0,0,0,0,0,0,2,2,1,0,2,0,1,1,0,4,0,4,0,4,0,0,0
55403371,0,,,129,62,67,11,4,7,118,58,60,69,35,34,116,58,58,114,58,56,49,23,26,23,9,14,4,2,2,0,0,0,0,0,0,48,48,15,10,9,8,2,3,1,33,20,13,1,35,0,12,5
55403372,0,,,103,51,52,6,3,3,97,48,49,51,25,26,93,47,46,92,46,46,46,23,23,22,8,14,14,3,11,1,0,1,0,0,0,31,31,5,6,5,7,6,1,1,26,10,16,3,29,0,4,0
55403373,0,,,26,12,14,0,0,0,26,12,14,15,6,9,25,11,14,25,11,14,11,6,5,7,3,4,4,2,2,0,0,0,0,0,0,9,9,2,1,3,2,1,0,0,7,3,4,0,6,0,2,0
55403374,0,,,128,59,69,9,5,4,119,54,65,67,32,35,116,53,63,112,52,60,52,22,30,28,9,19,9,2,7,1,0,1,0,0,0,39,39,2,11,12,6,6,1,1,37,18,19,2,32,0,1,6
55403375,0,,,30,11,19,3,1,2,27,10,17,21,8,13,27,10,17,26,9,17,6,2,4,2,0,2,1,0,1,0,0,0,9,0,9,14,14,9,1,1,2,0,0,1,5,3,2,0,3,3,0,0
55403377,0,,,53,23,30,5,2,3,48,21,27,19,9,10,48,21,27,48,21,27,29,12,17,14,6,8,6,3,3,1,0,1,0,0,0,16,16,2,5,3,2,2,1,1,14,7,7,1,14,0,2,4
55403378,0,,,46,21,25,9,2,7,37,19,18,24,12,12,37,19,18,37,19,18,13,7,6,6,2,4,3,0,3,0,0,0,0,0,0,11,11,0,2,3,3,0,1,2,11,5,6,2,10,0,0,1
55403380,0,,,16,7,9,0,0,0,16,7,9,6,2,4,16,7,9,16,7,9,10,5,5,3,1,2,1,0,1,0,0,0,0,0,0,8,8,3,3,1,1,0,0,0,5,4,1,0,8,0,3,2
55403381,1,,55403392,265,128,137,30,14,16,242,117,125,148,71,77,233,113,120,229,113,116,94,46,48,37,19,18,17,7,10,2,1,1,0,0,0,76,76,10,19,19,12,5,4,9,67,32,35,4,63,0,5,9
55403382,0,,,56,29,27,3,3,0,53,26,27,24,12,12,53,26,27,52,26,26,29,14,15,14,6,8,7,4,3,1,0,1,0,0,0,21,21,5,7,1,7,0,1,0,16,9,7,0,16,0,3,2
55403383,0,,,9,5,4,0,0,0,9,5,4,5,2,3,9,5,4,9,5,4,4,3,1,1,0,1,0,0,0,0,0,0,0,0,0,4,4,1,2,0,1,0,0,0,3,3,0,0,4,0,1,1
55403384,0,,,112,53,59,10,6,4,102,47,55,62,32,30,98,46,52,92,44,48,40,15,25,21,8,13,9,2,7,0,0,0,0,0,0,32,32,4,9,6,6,2,1,4,27,15,12,2,25,0,3,4
55403385,0,,,76,36,40,7,4,3,69,32,37,36,21,15,68,31,37,68,31,37,33,11,22,17,5,12,10,1,9,1,0,1,0,0,0,20,20,2,3,6,3,2,1,3,18,7,11,1,17,0,1,0
55403388,0,,,84,46,38,9,7,2,75,39,36,38,22,16,74,38,36,74,38,36,37,17,20,19,6,13,5,1,4,0,0,0,0,0,0,27,27,4,11,2,4,3,0,3,23,14,9,2,25,0,4,8
55403389,0,,,40,17,23,6,2,4,34,15,19,23,10,13,32,15,17,32,15,17,11,5,6,4,2,2,0,0,0,0,0,0,0,0,0,15,15,5,3,2,2,3,0,0,10,5,5,1,8,0,3,2
55403390,0,,,224,111,113,36,22,14,188,89,99,125,65,60,183,86,97,181,84,97,63,24,39,33,9,24,15,3,12,0,0,0,1,0,1,67,67,8,16,18,11,7,3,4,59,41,18,12,42,0,4,7
55403391,0,,,322,152,170,34,12,22,288,140,148,174,89,85,274,133,141,269,130,139,114,51,63,58,24,34,28,8,20,4,0,4,1,0,1,112,112,33,23,16,22,7,6,5,79,46,33,6,77,3,17,14
55403392,2,55403381,,7,3,4,*,*,*,*,*,*,*,*,*,*,*,*,*,*,*,*,*,*,*,*,*,*,*,*,*,*,*,*,*,*,2,2,*,*,*,*,*,*,*,*,*,*,*,*,*,*,*
55403393,0,,,78,43,35,2,1,1,76,42,34,60,36,24,75,42,33,74,42,32,16,6,10,9,3,6,3,1,2,0,0,0,0,0,0,16,15,1,2,6,1,4,1,0,14,7,7,0,12,0,0,1
55403394,0,,,22,12,10,1,1,0,21,11,10,7,3,4,21,11,10,21,11,10,14,8,6,10,6,4,5,4,1,0,0,0,0,0,0,7,7,0,2,3,1,1,0,0,7,4,3,0,6,0,0,0
55403395,0,,,49,25,24,0,0,0,49,25,24,26,14,12,49,25,24,48,24,24,23,11,12,14,6,8,4,1,3,0,0,0,0,0,0,17,17,4,3,4,4,1,1,0,13,6,7,0,16,0,4,1
55403398,0,,,26,12,14,1,0,1,25,12,13,15,8,7,23,11,12,23,11,12,10,4,6,4,1,3,2,0,2,0,0,0,0,0,0,9,9,2,1,4,1,0,1,0,7,4,3,0,6,0,1,0
55403400,2,55403402,,7,4,3,*,*,*,*,*,*,*,*,*,*,*,*,*,*,*,*,*,*,*,*,*,*,*,*,*,*,*,*,*,*,2,2,*,*,*,*,*,*,*,*,*,*,*,*,*,*,*
55403401,2,55403402,,3,2,1,*,*,*,*,*,*,*,*,*,*,*,*,*,*,*,*,*,*,*,*,*,*,*,*,*,*,*,*,*,*,2,2,*,*,*,*,*,*,*,*,*,*,*,*,*,*,*
55403402,1,,55403400;55403401;55403421;55403430,42,17,25,9,4,5,50,22,28,20,8,12,49,21,28,49,21,28,30,14,16,16,7,9,4,1,3,0,0,0,0,0,0,18,18,6,10,3,2,2,1,0,18,14,4,1,19,0,5,6
55403403,0,,,19,9,10,2,1,1,17,8,9,8,5,3,16,8,8,16,8,8,9,3,6,5,1,4,3,1,2,0,0,0,0,0,0,8,8,4,2,1,0,0,0,1,4,3,1,0,7,0,3,1
55403404,2,55403413,,8,3,5,*,*,*,*,*,*,*,*,*,*,*,*,*,*,*,*,*,*,*,*,*,*,*,*,*,*,*,*,*,*,4,4,*,*,*,*,*,*,*,*,*,*,*,*,*,*,*
55403405,0,,,10,5,5,0,0,0,10,5,5,3,2,1,10,5,5,10,5,5,7,3,4,4,2,2,1,0,1,0,0,0,0,0,0,4,4,0,2,2,0,0,0,0,4,3,1,0,4,0,0,2
55403406,2,55403416,,10,4,6,*,*,*,*,*,*,*,*,*,*,*,*,*,*,*,*,*,*,*,*,*,*,*,*,*,*,*,*,*,*,3,3,*,*,*,*,*,*,*,*,*,*,*,*,*,*,*
55403412,2,55403413,,2,1,1,*,*,*,*,*,*,*,*,*,*,*,*,*,*,*,*,*,*,*,*,*,*,*,*,*,*,*,*,*,*,1,1,*,*,*,*,*,*,*,*,*,*,*,*,*,*,*
55403413,1,,55403404;55403412;55403422,15,8,7,2,1,1,25,13,12,13,7,6,25,13,12,25,13,12,12,6,6,6,2,4,3,1,2,0,0,0,2,1,1,5,5,2,4,3,2,0,0,0,9,6,3,1,9,0,2,1
55403414,1,,55403415;55403424,13,7,6,4,1,3,20,12,8,13,8,5,20,12,8,20,12,8,7,4,3,6,3,3,0,0,0,0,0,0,0,0,0,4,4,1,2,2,0,0,1,1,6,4,2,1,6,0,1,1
55403415,2,55403414,,3,2,1,*,*,*,*,*,*,*,*,*,*,*,*,*,*,*,*,*,*,*,*,*,*,*,*,*,*,*,*,*,*,1,1,*,*,*,*,*,*,*,*,*,*,*,*,*,*,*
55403416,1,,55403406,4,2,2,1,0,1,13,6,7,7,4,3,13,6,7,13,6,7,6,2,4,4,1,3,3,1,2,0,0,0,0,0,0,1,1,0,0,2,2,0,0,0,4,2,2,0,4,0,0,0
55403421,2,55403402,,1,1,0,*,*,*,*,*,*,*,*,*,*,*,*,*,*,*,*,*,*,*,*,*,*,*,*,*,*,*,*,*,*,1,1,*,*,*,*,*,*,*,*,*,*,*,*,*,*,*
55403422,2,55403413,,2,2,0,*,*,*,*,*,*,*,*,*,*,*,*,*,*,*,*,*,*,*,*,*,*,*,*,*,*,*,*,*,*,1,1,*,*,*,*,*,*,*,*,*,*,*,*,*,*,*
55403423,1,,55403433,28,13,15,5,2,3,28,13,15,17,8,9,28,13,15,28,13,15,11,5,6,7,2,5,2,0,2,0,0,0,0,0,0,8,8,3,5,1,1,0,1,1,9,6,3,1,9,0,3,2
55403424,2,55403414,,8,4,4,*,*,*,*,*,*,*,*,*,*,*,*,*,*,*,*,*,*,*,*,*,*,*,*,*,*,*,*,*,*,2,2,*,*,*,*,*,*,*,*,*,*,*,*,*,*,*
55403425,1,,55403427;55403435,18,8,10,0,0,0,24,12,12,13,7,6,24,12,12,23,11,12,11,5,6,3,2,1,2,1,1,0,0,0,0,0,0,7,7,3,3,1,0,1,0,1,6,3,3,0,8,0,3,3
55403427,2,55403425,,5,4,1,*,*,*,*,*,*,*,*,*,*,*,*,*,*,*,*,*,*,*,*,*,*,*,*,*,*,*,*,*,*,1,1,*,*,*,*,*,*,*,*,*,*,*,*,*,*,*
55403430,2,55403402,,6,2,4,*,*,*,*,*,*,*,*,*,*,*,*,*,*,*,*,*,*,*,*,*,*,*,*,*,*,*,*,*,*,1,1,*,*,*,*,*,*,*,*,*,*,*,*,*,*,*
55403431,2,55403442,,6,3,3,*,*,*,*,*,*,*,*,*,*,*,*,*,*,*,*,*,*,*,*,*,*,*,*,*,*,*,*,*,*,3,3,*,*,*,*,*,*,*,*,*,*,*,*,*,*,*
55403433,2,55403423,,5,2,3,*,*,*,*,*,*,*,*,*,*,*,*,*,*,*,*,*,*,*,*,*,*,*,*,*,*,*,*,*,*,4,4,*,*,*,*,*,*,*,*,*,*,*,*,*,*,*
55403434,2,55403444,,14,8,6,*,*,*,*,*,*,*,*,*,*,*,*,*,*,*,*,*,*,*,*,*,*,*,*,*,*,*,*,*,*,3,3,*,*,*,*,*,*,*,*,*,*,*,*,*,*,*
55403435,2,55403425,,1,0,1,*,*,*,*,*,*,*,*,*,*,*,*,*,*,*,*,*,*,*,*,*,*,*,*,*,*,*,*,*,*,1,1,*,*,*,*,*,*,*,*,*,*,*,*,*,*,*
55403442,1,,55403431;55403451,9,4,5,0,0,0,18,8,10,12,5,7,16,8,8,15,7,8,6,3,3,5,2,3,2,1,1,0,0,0,0,0,0,3,3,1,3,1,2,0,0,0,6,5,1,0,4,0,0,2
55403443,0,,,21,9,12,0,0,0,21,9,12,10,5,5,21,9,12,20,9,11,11,4,7,6,2,4,3,1,2,1,1,0,0,0,0,10,10,4,2,3,1,0,0,0,6,5,1,0,8,0,3,0
55403444,1,,55403434,19,10,9,3,2,1,30,16,14,18,10,8,27,15,12,26,14,12,12,6,6,7,4,3,3,1,2,0,0,0,0,0,0,4,4,0,1,1,0,3,1,1,7,2,5,0,6,0,0,1
55403445,1,,55403446,23,11,12,0,0,0,26,12,14,12,6,6,25,12,13,25,12,13,14,6,8,10,3,7,6,1,5,1,0,1,0,0,0,8,8,2,0,4,3,0,0,0,7,1,6,0,9,0,2,0
55403446,2,55403445,,3,1,2,*,*,*,*,*,*,*,*,*,*,*,*,*,*,*,*,*,*,*,*,*,*,*,*,*,*,*,*,*,*,1,1,*,*,*,*,*,*,*,*,*,*,*,*,*,*,*
55403447,2,55403457,,10,5,5,*,*,*,*,*,*,*,*,*,*,*,*,*,*,*,*,*,*,*,*,*,*,*,*,*,*,*,*,*,*,3,3,*,*,*,*,*,*,*,*,*,*,*,*,*,*,*
55403451,2,55403442,,3,1,2,*,*,*,*,*,*,*,*,*,*,*,*,*,*,*,*,*,*,*,*,*,*,*,*,*,*,*,*,*,*,1,1,*,*,*,*,*,*,*,*,*,*,*,*,*,*,*
55403452,2,55403462,,4,2,2,*,*,*,*,*,*,*,*,*,*,*,*,*,*,*,*,*,*,*,*,*,*,*,*,*,*,*,*,*,*,2,2,*,*,*,*,*,*,*,*,*,*,*,*,*,*,*
55403453,1,,55403454,10,4,6,0,0,0,16,7,9,4,1,3,16,7,9,16,7,9,12,6,6,4,1,3,2,1,1,0,0,0,0,0,0,6,6,2,4,2,0,0,0,0,6,5,1,0,8,0,2,3
55403454,2,55403453,,6,3,3,*,*,*,*,*,*,*,*,*,*,*,*,*,*,*,*,*,*,*,*,*,*,*,*,*,*,*,*,*,*,2,2,*,*,*,*,*,*,*,*,*,*,*,*,*,*,*
55403455,1,,55403464;55403465;55403476;55403486,26,11,15,2,1,1,36,17,19,19,10,9,34,16,18,34,16,18,17,7,10,7,3,4,2,0,2,0,0,0,0,0,0,6,6,2,5,2,0,0,1,2,10,6,4,0,11,0,2,3
55403457,1,,55403447;55403459,3,2,1,3,2,1,15,8,7,5,3,2,15,8,7,15,8,7,10,5,5,6,3,3,2,0,2,0,0,0,0,0,0,2,2,2,4,1,0,1,0,0,6,5,1,0,6,0,1,3
55403459,2,55403457,,5,3,2,*,*,*,*,*,*,*,*,*,*,*,*,*,*,*,*,*,*,*,*,*,*,*,*,*,*,*,*,*,*,3,3,*,*,*,*,*,*,*,*,*,*,*,*,*,*,*
55403460,2,55403462,,1,1,0,*,*,*,*,*,*,*,*,*,*,*,*,*,*,*,*,*,*,*,*,*,*,*,*,*,*,*,*,*,*,1,1,*,*,*,*,*,*,*,*,*,*,*,*,*,*,*
55403461,1,,55403470;55403471,11,7,4,0,0,0,14,8,6,8,6,2,14,8,6,14,8,6,6,2,4,3,1,2,1,1,0,1,1,0,0,0,0,5,5,3,2,1,1,0,0,0,4,2,2,0,5,0,3,0
55403462,1,,55403452;55403460,17,9,8,0,0,0,22,12,10,7,6,1,22,12,10,22,12,10,15,6,9,12,3,9,6,1,5,1,0,1,0,0,0,9,9,6,3,2,1,0,0,0,6,4,2,0,11,0,5,1
55403463,0,,,21,9,12,4,1,3,17,8,9,11,7,4,17,8,9,17,8,9,6,1,5,3,0,3,3,0,3,1,0,1,0,0,0,5,5,0,2,0,1,0,1,1,5,1,4,0,5,0,0,0
55403464,2,55403455,,4,2,2,*,*,*,*,*,*,*,*,*,*,*,*,*,*,*,*,*,*,*,*,*,*,*,*,*,*,*,*,*,*,2,2,*,*,*,*,*,*,*,*,*,*,*,*,*,*,*
55403465,2,55403455,,2,1,1,*,*,*,*,*,*,*,*,*,*,*,*,*,*,*,*,*,*,*,*,*,*,*,*,*,*,*,*,*,*,1,1,*,*,*,*,*,*,*,*,*,*,*,*,*,*,*
55403470,2,55403461,,2,1,1,*,*,*,*,*,*,*,*,*,*,*,*,*,*,*,*,*,*,*,*,*,*,*,*,*,*,*,*,*,*,1,1,*,*,*,*,*,*,*,*,*,*,*,*,*,*,*
55403471,2,55403461,,1,0,1,*,*,*,*,*,*,*,*,*,*,*,*,*,*,*,*,*,*,*,*,*,*,*,*,*,*,*,*,*,*,1,1,*,*,*,*,*,*,*,*,*,*,*,*,*,*,*
55403472,2,55403481,,11,3,8,*,*,*,*,*,*,*,*,*,*,*,*,*,*,*,*,*,*,*,*,*,*,*,*,*,*,*,*,*,*,3,3,*,*,*,*,*,*,*,*,*,*,*,*,*,*,*
55403473,1,,55403474;55403475;55403483;55403484;55403485;55403493,13,4,9,1,0,1,35,17,18,18,8,10,34,17,17,33,17,16,17,9,8,8,4,4,4,1,3,0,0,0,0,0,0,4,4,5,4,1,1,2,1,0,9,4,5,1,10,0,2,3
55403474,2,55403473,,1,1,0,*,*,*,*,*,*,*,*,*,*,*,*,*,*,*,*,*,*,*,*,*,*,*,*,*,*,*,*,*,*,1,1,*,*,*,*,*,*,*,*,*,*,*,*,*,*,*
55403475,2,55403473,,5,2,3,*,*,*,*,*,*,*,*,*,*,*,*,*,*,*,*,*,*,*,*,*,*,*,*,*,*,*,*,*,*,1,1,*,*,*,*,*,*,*,*,*,*,*,*,*,*,*
55403476,2,55403455,,2,1,1,*,*,*,*,*,*,*,*,*,*,*,*,*,*,*,*,*,*,*,*,*,*,*,*,*,*,*,*,*,*,1,1,*,*,*,*,*,*,*,*,*,*,*,*,*,*,*
55403478,2,55403489,,1,0,1,*,*,*,*,*,*,*,*,*,*,*,*,*,*,*,*,*,*,*,*,*,*,*,*,*,*,*,*,*,*,1,1,*,*,*,*,*,*,*,*,*,*,*,*,*,*,*
55403479,2,55403489,,3,2,1,*,*,*,*,*,*,*,*,*,*,*,*,*,*,*,*,*,*,*,*,*,*,*,*,*,*,*,*,*,*,2,2,*,*,*,*,*,*,*,*,*,*,*,*,*,*,*
55403481,1,,55403472;55403492,1,1,0,3,0,3,14,6,8,5,2,3,14,6,8,14,6,8,9,4,5,6,3,3,0,0,0,0,0,0,0,0,0,1,1,2,2,1,0,0,0,1,4,2,2,0,6,0,2,2
55403483,2,55403473,,6,3,3,*,*,*,*,*,*,*,*,*,*,*,*,*,*,*,*,*,*,*,*,*,*,*,*,*,*,*,*,*,*,2,2,*,*,*,*,*,*,*,*,*,*,*,*,*,*,*
55403484,2,55403473,,4,3,1,*,*,*,*,*,*,*,*,*,*,*,*,*,*,*,*,*,*,*,*,*,*,*,*,*,*,*,*,*,*,3,3,*,*,*,*,*,*,*,*,*,*,*,*,*,*,*
55403485,2,55403473,,2,1,1,*,*,*,*,*,*,*,*,*,*,*,*,*,*,*,*,*,*,*,*,*,*,*,*,*,*,*,*,*,*,1,1,*,*,*,*,*,*,*,*,*,*,*,*,*,*,*
55403486,2,55403455,,4,3,1,*,*,*,*,*,*,*,*,*,*,*,*,*,*,*,*,*,*,*,*,*,*,*,*,*,*,*,*,*,*,2,2,*,*,*,*,*,*,*,*,*,*,*,*,*,*,*
55403487,2,55403488,,5,3,2,*,*,*,*,*,*,*,*,*,*,*,*,*,*,*,*,*,*,*,*,*,*,*,*,*,*,*,*,*,*,3,3,*,*,*,*,*,*,*,*,*,*,*,*,*,*,*
55403488,1,,55403487;55403496;55403497,14,5,9,2,0,2,24,11,13,10,4,6,24,11,13,24,11,13,14,7,7,4,2,2,1,0,1,0,0,0,0,0,0,4,4,2,5,1,1,0,0,1,8,7,1,0,8,0,2,3
55403489,1,,55403478;55403479;55403498;55403499,22,11,11,2,1,1,32,17,15,11,6,5,32,17,15,32,17,15,21,11,10,11,5,6,3,1,2,0,0,0,0,0,0,10,10,12,6,1,0,0,0,1,8,7,1,0,15,0,9,4
55403490,0,,,8,4,4,0,0,0,8,4,4,0,0,0,8,4,4,8,4,4,8,4,4,4,2,2,1,0,1,0,0,0,0,0,0,4,4,1,2,1,0,0,0,0,3,1,2,0,4,0,1,1
55403491,0,,,16,9,7,0,0,0,16,9,7,7,5,2,16,9,7,16,9,7,9,4,5,4,1,3,2,0,2,0,0,0,0,0,0,8,8,4,2,1,0,1,0,0,4,2,2,0,5,0,1,1
55403492,2,55403481,,5,2,3,*,*,*,*,*,*,*,*,*,*,*,*,*,*,*,*,*,*,*,*,*,*,*,*,*,*,*,*,*,*,2,2,*,*,*,*,*,*,*,*,*,*,*,*,*,*,*
55403493,2,55403473,,5,3,2,*,*,*,*,*,*,*,*,*,*,*,*,*,*,*,*,*,*,*,*,*,*,*,*,*,*,*,*,*,*,2,2,*,*,*,*,*,*,*,*,*,*,*,*,*,*,*
55403494,0,,,15,9,6,0,0,0,15,9,6,8,4,4,15,9,6,15,9,6,7,5,2,2,1,1,2,1,1,1,0,1,0,0,0,7,7,2,2,3,0,0,0,0,5,4,1,0,5,0,1,1
55403496,2,55403488,,4,2,2,*,*,*,*,*,*,*,*,*,*,*,*,*,*,*,*,*,*,*,*,*,*,*,*,*,*,*,*,*,*,1,1,*,*,*,*,*,*,*,*,*,*,*,*,*,*,*
55403497,2,55403488,,3,1,2,*,*,*,*,*,*,*,*,*,*,*,*,*,*,*,*,*,*,*,*,*,*,*,*,*,*,*,*,*,*,2,2,*,*,*,*,*,*,*,*,*,*,*,*,*,*,*
55403498,2,55403489,,1,1,0,*,*,*,*,*,*,*,*,*,*,*,*,*,*,*,*,*,*,*,*,*,*,*,*,*,*,*,*,*,*,1,1,*,*,*,*,*,*,*,*,*,*,*,*,*,*,*
55403499,2,55403489,,7,4,3,*,*,*,*,*,*,*,*,*,*,*,*,*,*,*,*,*,*,*,*,*,*,*,*,*,*,*,*,*,*,6,6,*,*,*,*,*,*,*,*,*,*,*,*,*,*,*
55403502,2,55403515,,7,3,4,*,*,*,*,*,*,*,*,*,*,*,*,*,*,*,*,*,*,*,*,*,*,*,*,*,*,*,*,*,*,3,3,*,*,*,*,*,*,*,*,*,*,*,*,*,*,*
55403505,1,,55403506;55403516,8,4,4,2,1,1,15,7,8,9,5,4,15,7,8,15,7,8,6,2,4,3,1,2,2,0,2,0,0,0,0,0,0,4,4,3,2,2,1,0,0,0,5,3,2,0,5,0,2,1
55403506,2,55403505,,2,0,2,*,*,*,*,*,*,*,*,*,*,*,*,*,*,*,*,*,*,*,*,*,*,*,*,*,*,*,*,*,*,2,2,*,*,*,*,*,*,*,*,*,*,*,*,*,*,*
55403508,0,,,52,27,25,2,2,0,50,25,25,21,11,10,50,25,25,49,24,25,29,14,15,18,8,10,6,3,3,2,2,0,0,0,0,23,23,5,10,5,3,0,0,0,18,14,4,1,19,0,5,7
55403509,0,,,362,184,178,39,23,16,323,161,162,190,102,88,313,156,157,303,153,150,133,59,74,71,27,44,28,13,15,0,0,0,2,0,2,136,136,27,48,28,18,10,2,3,109,87,22,7,88,0,22,25
55403512,2,55403532,,4,2,2,*,*,*,*,*,*,*,*,*,*,*,*,*,*,*,*,*,*,*,*,*,*,*,*,*,*,*,*,*,*,2,2,*,*,*,*,*,*,*,*,*,*,*,*,*,*,*
55403514,2,55403515,,3,1,2,*,*,*,*,*,*,*,*,*,*,*,*,*,*,*,*,*,*,*,*,*,*,*,*,*,*,*,*,*,*,1,1,*,*,*,*,*,*,*,*,*,*,*,*,*,*,*
55403515,1,,55403502;55403514;55403524;55403526,65,35,30,5,2,3,75,40,35,38,20,18,74,39,35,73,39,34,37,20,17,19,5,14,9,3,6,1,0,1,0,0,0,29,29,13,13,3,5,0,2,0,23,17,6,2,27,0,10,4
55403516,2,55403505,,7,4,3,*,*,*,*,*,*,*,*,*,*,*,*,*,*,*,*,*,*,*,*,*,*,*,*,*,*,*,*,*,*,2,2,*,*,*,*,*,*,*,*,*,*,*,*,*,*,*
55403518,0,,,24,13,11,1,0,1,23,13,10,5,2,3,23,13,10,23,13,10,18,11,7,11,7,4,3,2,1,0,0,0,1,0,1,13,13,4,7,2,0,0,0,0,9,7,2,0,12,0,4,5
55403519,0,,,906,453,453,89,45,44,817,408,409,591,302,289,780,391,389,769,389,380,226,106,120,109,49,60,26,9,17,0,0,0,2,1,1,343,343,59,133,64,57,23,5,2,281,247,34,21,158,2,21,53
55403523,2,55403532,,2,1,1,*,*,*,*,*,*,*,*,*,*,*,*,*,*,*,*,*,*,*,*,*,*,*,*,*,*,*,*,*,*,1,1,*,*,*,*,*,*,*,*,*,*,*,*,*,*,*
55403524,2,55403515,,4,3,1,*,*,*,*,*,*,*,*,*,*,*,*,*,*,*,*,*,*,*,*,*,*,*,*,*,*,*,*,*,*,2,2,*,*,*,*,*,*,*,*,*,*,*,*,*,*,*
55403525,0,,,10,5,5,0,0,0,10,5,5,2,1,1,10,5,5,10,5,5,8,4,4,3,1,2,2,1,1,0,0,0,0,0,0,5,5,1,3,1,0,0,0,0,4,3,1,0,5,0,1,2
55403526,2,55403515,,1,0,1,*,*,*,*,*,*,*,*,*,*,*,*,*,*,*,*,*,*,*,*,*,*,*,*,*,*,*,*,*,*,1,1,*,*,*,*,*,*,*,*,*,*,*,*,*,*,*
55403528,1,,55403538,143,77,66,11,7,4,141,76,65,66,36,30,139,75,64,138,74,64,75,40,35,30,14,16,17,9,8,2,1,1,1,0,1,60,60,20,21,13,7,2,1,1,45,32,13,1,48,0,14,8
55403529,0,,,253,126,127,23,12,11,230,114,116,142,72,70,223,108,115,218,106,112,88,42,46,43,21,22,9,4,5,0,0,0,0,0,0,94,94,15,30,25,19,3,2,0,77,65,12,6,57,0,9,17
55403530,0,,,10,6,4,0,0,0,10,6,4,5,4,1,10,6,4,10,6,4,5,2,3,5,2,3,1,0,1,0,0,0,0,0,0,5,5,1,3,1,0,0,0,0,4,4,0,0,3,0,0,1
55403531,1,,55403541,32,13,19,1,0,1,34,13,21,18,7,11,33,13,20,31,13,18,16,6,10,12,4,8,4,1,3,1,0,1,0,0,0,10,10,0,4,4,1,1,1,0,11,6,5,0,11,0,0,3
55403532,1,,55403512;55403523;55403533,46,26,20,2,1,1,53,29,24,27,17,10,51,28,23,51,28,23,26,12,14,10,4,6,3,1,2,0,0,0,0,0,0,16,16,3,8,6,2,2,0,0,18,13,5,0,16,0,3,6
55403533,2,55403532,,3,1,2,*,*,*,*,*,*,*,*,*,*,*,*,*,*,*,*,*,*,*,*,*,*,*,*,*,*,*,*,*,*,2,2,*,*,*,*,*,*,*,*,*,*,*,*,*,*,*
55403534,0,,,17,8,9,0,0,0,17,8,9,11,6,5,16,7,9,16,7,9,6,2,4,5,2,3,3,1,2,0,0,0,0,0,0,10,10,6,2,1,1,0,0,0,4,3,1,0,5,0,2,1
55403535,0,,,61,31,30,4,3,1,57,28,29,19,11,8,57,28,29,57,28,29,38,17,21,20,8,12,10,3,7,1,0,1,0,0,0,24,24,4,11,3,4,2,0,0,20,12,8,0,22,0,3,7
55403536,0,,,10,5,5,0,0,0,10,5,5,4,2,2,9,5,4,9,5,4,6,3,3,1,0,1,0,0,0,0,0,0,0,0,0,5,5,2,2,0,1,0,0,0,3,2,1,0,4,0,1,2
55403537,0,,,40,22,18,1,1,0,39,21,18,25,16,9,39,21,18,39,21,18,14,5,9,7,2,5,4,1,3,0,0,0,0,0,0,15,15,4,2,5,3,1,0,0,11,6,5,0,10,0,1,0
55403538,2,55403528,,9,6,3,*,*,*,*,*,*,*,*,*,*,*,*,*,*,*,*,*,*,*,*,*,*,*,*,*,*,*,*,*,*,5,5,*,*,*,*,*,*,*,*,*,*,*,*,*,*,*
55403539,0,,,12,8,4,2,2,0,10,6,4,7,4,3,10,6,4,10,6,4,3,2,1,2,1,1,1,1,0,0,0,0,0,0,0,4,4,0,2,0,2,0,0,0,4,3,1,1,2,0,0,0
55403541,2,55403531,,3,0,3,*,*,*,*,*,*,*,*,*,*,*,*,*,*,*,*,*,*,*,*,*,*,*,*,*,*,*,*,*,*,1,1,*,*,*,*,*,*,*,*,*,*,*,*,*,*,*
55403542,1,,55403550;55403551,15,7,8,1,0,1,19,9,10,9,4,5,19,9,10,19,9,10,10,5,5,6,2,4,2,1,1,0,0,0,0,0,0,5,5,1,2,2,1,1,0,0,6,3,3,0,6,0,0,2
55403543,1,,55403554,21,10,11,1,0,1,22,11,11,9,4,5,22,11,11,21,11,10,13,7,6,5,3,2,1,1,0,0,0,0,0,0,0,7,7,1,1,5,0,1,0,0,7,5,2,1,7,0,1,1
55403544,0,,,17,7,10,2,0,2,15,7,8,9,4,5,14,6,8,14,6,8,6,3,3,3,2,1,2,1,1,0,0,0,0,0,0,6,6,1,1,3,0,1,0,0,5,3,2,1,4,0,1,1
55403545,0,,,22,13,9,0,0,0,22,13,9,9,5,4,22,13,9,22,13,9,13,8,5,9,5,4,4,3,1,0,0,0,0,0,0,11,11,4,4,2,1,0,0,0,7,6,1,0,10,0,3,2
55403546,0,,,126,58,68,9,2,7,117,56,61,63,36,27,115,56,59,113,54,59,54,20,34,34,12,22,13,5,8,0,0,0,0,0,0,47,47,10,14,12,4,6,1,0,37,22,15,3,38,1,7,2
55403549,0,,,24,12,12,0,0,0,24,12,12,12,6,6,22,11,11,22,11,11,12,6,6,5,2,3,1,0,1,0,0,0,0,0,0,11,11,3,4,3,1,0,0,0,8,7,1,0,9,0,3,3
55403550,2,55403542,,3,1,2,*,*,*,*,*,*,*,*,*,*,*,*,*,*,*,*,*,*,*,*,*,*,*,*,*,*,*,*,*,*,1,1,*,*,*,*,*,*,*,*,*,*,*,*,*,*,*
55403551,2,55403542,,2,1,1,*,*,*,*,*,*,*,*,*,*,*,*,*,*,*,*,*,*,*,*,*,*,*,*,*,*,*,*,*,*,1,1,*,*,*,*,*,*,*,*,*,*,*,*,*,*,*
55403552,0,,,9,5,4,0,0,0,9,5,4,3,2,1,9,5,4,9,5,4,6,3,3,4,2,2,2,1,1,0,0,0,0,0,0,4,4,0,3,1,0,0,0,0,4,4,0,0,3,0,0,3
55403553,0,,,17,10,7,2,2,0,15,8,7,5,4,1,15,8,7,15,8,7,10,4,6,4,2,2,1,1,0,0,0,0,0,0,0,8,8,3,3,1,0,1,0,0,5,4,1,1,7,0,3,2
55403554,2,55403543,,2,1,1,*,*,*,*,*,*,*,*,*,*,*,*,*,*,*,*,*,*,*,*,*,*,*,*,*,*,*,*,*,*,1,1,*,*,*,*,*,*,*,*,*,*,*,*,*,*,*
55403555,0,,,58,30,28,8,6,2,50,24,26,22,10,12,48,24,24,48,24,24,28,14,14,12,7,5,5,1,4,2,0,2,0,0,0,19,19,6,4,3,3,1,0,2,13,8,5,2,15,0,4,2
55403556,0,,,93,45,48,2,1,1,91,44,47,47,25,22,89,43,46,88,43,45,44,19,25,26,11,15,6,2,4,2,0,2,0,0,0,40,40,9,17,7,6,1,0,0,31,25,6,0,31,0,6,10
55403559,0,,,52,27,25,3,1,2,49,26,23,29,16,13,47,24,23,45,22,23,20,10,10,6,3,3,2,1,1,0,0,0,0,0,0,19,19,2,9,3,2,3,0,0,17,14,3,0,14,0,2,4
55403561,1,,55403572,21,14,7,0,0,0,22,14,8,12,11,1,22,14,8,22,14,8,10,3,7,6,2,4,4,1,3,0,0,0,0,0,0,8,8,2,3,3,0,1,0,0,7,4,3,0,8,0,2,0
55403562,0,,,36,18,18,3,1,2,33,17,16,17,10,7,33,17,16,33,17,16,16,7,9,11,3,8,5,2,3,1,0,1,0,0,0,14,14,4,4,2,3,0,1,0,10,5,5,0,11,0,3,1
55403564,0,,,16,9,7,4,3,1,12,6,6,6,4,2,12,6,6,12,6,6,6,2,4,2,0,2,0,0,0,0,0,0,0,0,0,5,5,1,2,1,0,0,0,1,4,2,2,1,4,0,1,1
55403566,0,,,183,91,92,15,9,6,168,82,86,90,48,42,163,79,84,162,78,84,78,34,44,48,18,30,16,4,12,1,0,1,0,0,0,67,67,17,24,6,8,8,2,2,50,30,20,4,52,1,12,13
55403567,2,55403577,,8,3,5,*,*,*,*,*,*,*,*,*,*,*,*,*,*,*,*,*,*,*,*,*,*,*,*,*,*,*,*,*,*,3,3,*,*,*,*,*,*,*,*,*,*,*,*,*,*,*
55403569,0,,,34,23,11,2,2,0,32,21,11,12,8,4,32,21,11,32,21,11,20,13,7,10,7,3,3,2,1,1,1,0,0,0,0,13,13,1,5,5,2,0,0,0,12,7,5,1,10,0,0,2
55403572,2,55403561,,1,0,1,*,*,*,*,*,*,*,*,*,*,*,*,*,*,*,*,*,*,*,*,*,*,*,*,*,*,*,*,*,*,1,1,*,*,*,*,*,*,*,*,*,*,*,*,*,*,*
55403573,2,55403574,,9,6,3,*,*,*,*,*,*,*,*,*,*,*,*,*,*,*,*,*,*,*,*,*,*,*,*,*,*,*,*,*,*,4,4,*,*,*,*,*,*,*,*,*,*,*,*,*,*,*
55403574,1,,55403573;55403584,8,5,3,0,0,0,26,17,9,7,6,1,26,17,9,26,17,9,19,11,8,11,5,6,5,2,3,1,0,1,0,0,0,6,6,5,6,3,0,0,0,0,9,9,0,0,13,0,4,3
55403575,2,55403586,,4,2,2,*,*,*,*,*,*,*,*,*,*,*,*,*,*,*,*,*,*,*,*,*,*,*,*,*,*,*,*,*,*,2,2,*,*,*,*,*,*,*,*,*,*,*,*,*,*,*
55403576,0,,,30,18,12,4,2,2,26,16,10,12,8,4,26,16,10,26,16,10,14,8,6,7,3,4,3,2,1,0,0,0,0,0,0,13,13,3,8,0,1,0,0,1,10,7,3,1,10,0,3,3
55403577,1,,55403567,13,5,8,0,0,0,21,8,13,10,5,5,21,8,13,21,8,13,11,3,8,7,2,5,3,1,2,1,0,1,0,0,0,3,3,1,0,1,3,1,0,0,5,2,3,0,6,0,1,0
55403578,0,,,106,53,53,8,6,2,98,47,51,49,23,26,97,46,51,96,46,50,49,24,25,23,9,14,13,4,9,1,0,1,0,0,0,40,40,9,13,9,4,3,1,1,31,20,11,1,33,0,8,6
55403579,0,,,136,66,70,12,5,7,124,61,63,55,28,27,121,60,61,119,60,59,69,33,36,29,9,20,10,2,8,0,0,0,0,0,0,50,50,3,24,13,5,4,1,0,47,39,8,0,42,0,3,12
55403584,2,55403574,,9,6,3,*,*,*,*,*,*,*,*,*,*,*,*,*,*,*,*,*,*,*,*,*,*,*,*,*,*,*,*,*,*,4,4,*,*,*,*,*,*,*,*,*,*,*,*,*,*,*
55403585,2,55403586,,3,1,2,*,*,*,*,*,*,*,*,*,*,*,*,*,*,*,*,*,*,*,*,*,*,*,*,*,*,*,*,*,*,1,1,*,*,*,*,*,*,*,*,*,*,*,*,*,*,*
55403586,1,,55403575;55403585;55403587;55403595,51,24,27,1,0,1,70,31,39,23,13,10,68,31,37,68,31,37,47,18,29,20,6,14,7,0,7,0,0,0,0,0,0,24,24,8,15,7,3,0,0,0,25,18,7,0,30,0,7,10
55403587,2,55403586,,5,2,3,*,*,*,*,*,*,*,*,*,*,*,*,*,*,*,*,*,*,*,*,*,*,*,*,*,*,*,*,*,*,2,2,*,*,*,*,*,*,*,*,*,*,*,*,*,*,*
55403588,0,,,96,53,43,8,4,4,88,49,39,50,28,22,86,48,38,85,47,38,38,21,17,13,6,7,6,3,3,0,0,0,1,0,1,29,29,1,8,9,5,4,2,0,28,19,9,3,22,0,0,6
55403589,0,,,81,37,44,11,5,6,70,32,38,43,20,23,66,31,35,62,30,32,27,12,15,12,4,8,4,0,4,0,0,0,0,0,0,23,23,5,4,4,4,1,3,2,18,8,10,3,18,0,3,3
55403590,1,,55403591,10,6,4,0,0,0,16,8,8,6,4,2,16,8,8,16,8,8,10,4,6,9,3,6,3,2,1,0,0,0,0,0,0,7,7,6,5,0,0,0,0,0,5,5,0,0,7,0,3,3
55403591,2,55403590,,6,2,4,*,*,*,*,*,*,*,*,*,*,*,*,*,*,*,*,*,*,*,*,*,*,*,*,*,*,*,*,*,*,4,4,*,*,*,*,*,*,*,*,*,*,*,*,*,*,*
55403594,0,,,24,11,13,2,2,0,22,9,13,10,6,4,22,9,13,22,9,13,12,3,9,10,2,8,3,1,2,0,0,0,0,0,0,9,9,2,2,4,0,0,1,0,7,3,4,1,9,0,2,2
55403595,2,55403586,,8,2,6,*,*,*,*,*,*,*,*,*,*,*,*,*,*,*,*,*,*,*,*,*,*,*,*,*,*,*,*,*,*,4,4,*,*,*,*,*,*,*,*,*,*,*,*,*,*,*
55403596,0,,,22,11,11,0,0,0,22,11,11,10,4,6,21,11,10,21,11,10,12,7,5,3,2,1,3,2,1,1,1,0,0,0,0,8,8,1,2,4,0,1,0,0,7,6,1,0,7,0,1,1
55403597,2,55403598,,2,1,1,*,*,*,*,*,*,*,*,*,*,*,*,*,*,*,*,*,*,*,*,*,*,*,*,*,*,*,*,*,*,1,1,*,*,*,*,*,*,*,*,*,*,*,*,*,*,*
55403598,1,,55403597,253,131,122,16,11,5,239,121,118,150,80,70,229,115,114,223,112,111,89,41,48,34,11,23,12,1,11,1,0,1,0,0,0,95,95,22,28,23,12,6,5,0,73,60,13,4,59,0,16,10
55403599,0,,,169,95,74,18,11,7,151,84,67,90,52,38,149,82,67,147,81,66,61,32,29,22,12,10,8,3,5,0,0,0,0,0,0,64,64,18,17,13,9,4,0,3,46,30,16,3,41,0,10,10
55403600,0,,,76,40,36,9,4,5,67,36,31,49,28,21,64,33,31,60,32,28,18,8,10,6,2,4,1,0,1,0,0,0,0,0,0,29,29,7,9,5,4,4,0,0,22,19,3,2,12,1,2,2
55403601,0,,,420,208,212,35,21,14,385,187,198,240,115,125,376,185,191,367,179,188,145,72,73,63,31,32,12,6,6,0,0,0,0,0,0,167,167,37,64,31,22,8,2,3,129,109,20,7,94,4,17,29
55403602,0,,,2798,1395,1403,329,162,167,2469,1233,1236,1643,865,778,2375,1191,1184,2327,1167,1160,826,368,458,402,175,227,93,32,61,7,1,6,17,1,16,1283,1282,500,361,210,147,45,13,6,770,677,93,83,573,65,190,137
55403603,0,,,2659,1308,1351,310,163,147,2349,1145,1204,1458,760,698,2270,1099,1171,2225,1075,1150,891,385,506,498,199,299,139,50,89,12,1,11,14,5,9,1189,1187,458,316,203,135,54,15,6,722,609,113,85,595,48,190,153
55403604,0,,,2546,1268,1278,306,145,161,2206,1105,1101,1513,796,717,2124,1061,1063,2073,1036,1037,693,309,384,362,141,221,136,46,90,10,2,8,16,4,12,1132,1126,444,318,182,119,47,10,6,669,594,75,86,414,33,139,116
55403605,0,,,1273,639,634,115,59,56,1157,580,577,677,360,317,1121,560,561,1099,547,552,480,220,260,272,124,148,65,29,36,4,1,3,5,1,4,516,516,109,202,106,64,26,8,1,405,348,57,25,318,4,69,105
55403606,0,,,42,23,19,1,1,0,41,22,19,27,16,11,40,21,19,40,21,19,14,6,8,9,2,7,5,2,3,0,0,0,0,0,0,17,17,4,4,7,1,1,0,0,13,9,4,0,10,0,2,0
55403607,0,,,85,38,47,5,4,1,80,34,46,47,21,26,77,34,43,76,34,42,33,13,20,16,7,9,8,3,5,0,0,0,0,0,0,31,31,4,13,8,1,3,2,0,27,19,8,0,22,0,4,5
55403608,0,,,42,17,25,1,0,1,41,17,24,23,9,14,41,17,24,41,17,24,18,8,10,6,3,3,2,0,2,0,0,0,0,0,0,19,19,4,9,4,2,0,0,0,15,12,3,0,13,0,4,3
55403610,0,,,544,262,282,63,28,35,481,234,247,307,150,157,464,226,238,445,214,231,174,84,90,82,35,47,24,7,17,2,0,2,2,2,0,191,191,31,66,34,37,12,6,5,157,127,30,13,115,0,19,35
55403611,0,,,183,95,88,21,14,7,162,81,81,93,48,45,157,78,79,156,77,79,69,33,36,33,11,22,18,6,12,0,0,0,0,0,0,70,69,15,22,19,8,1,3,1,54,42,12,2,40,4,5,12
55403612,0,,,858,419,439,125,64,61,733,355,378,486,246,240,708,342,366,701,340,361,247,109,138,115,43,72,32,9,23,4,1,3,2,1,1,334,334,91,95,65,51,19,9,4,240,196,44,28,168,14,41,41
55403613,0,,,1067,498,569,134,73,61,928,423,505,577,297,280,893,406,487,870,394,476,351,126,225,232,78,154,92,19,73,13,0,13,1,1,0,399,397,109,115,75,72,20,4,2,285,248,37,24,195,6,60,49
55403614,0,,,380,188,192,68,34,34,312,154,158,244,124,120,300,149,151,293,142,151,68,30,38,37,13,24,13,3,10,0,0,0,2,0,2,157,157,47,48,22,30,9,1,0,107,94,13,16,51,6,14,12
55403615,0,,,2544,1269,1275,370,199,171,2161,1061,1100,1481,746,735,2087,1018,1069,2024,992,1032,680,315,365,321,148,173,86,40,46,4,1,3,13,6,7,957,956,196,316,195,164,51,25,9,755,667,88,106,444,20,91,159
55403616,0,,,1316,626,690,125,63,62,1191,563,628,670,340,330,1163,547,616,1141,536,605,521,223,298,299,121,178,104,27,77,18,1,17,3,0,3,480,478,84,186,102,67,28,7,4,393,318,75,32,296,3,60,96
55403617,0,,,8,4,4,0,0,0,8,4,4,6,3,3,8,4,4,8,4,4,2,1,1,0,0,0,0,0,0,0,0,0,0,0,0,4,4,1,2,1,0,0,0,0,3,3,0,0,1,0,0,1
55403619,0,,,12,4,8,0,0,0,11,4,7,6,2,4,11,4,7,11,4,7,5,2,3,1,0,1,1,0,1,0,0,0,0,0,0,6,6,2,2,2,0,0,0,0,4,4,0,0,4,0,1,1
55403620,0,,,132,70,62,9,6,3,123,64,59,78,44,34,121,63,58,120,62,58,45,20,25,17,9,8,6,3,3,0,0,0,0,0,0,48,48,7,20,8,8,2,2,1,40,33,7,1,28,0,4,8
55403621,0,,,102,49,53,10,5,5,92,44,48,53,27,26,84,38,46,81,37,44,39,17,22,20,9,11,11,5,6,0,0,0,0,0,0,37,37,8,12,4,7,6,0,0,29,23,6,2,25,1,6,9
55403622,0,,,194,100,94,10,3,7,184,97,87,108,66,42,178,93,85,177,92,85,76,31,45,40,17,23,9,1,8,1,0,1,2,1,1,72,71,25,22,14,7,3,0,0,45,39,6,2,47,3,16,13
55403623,0,,,264,132,132,19,11,8,245,121,124,104,54,50,240,116,124,236,115,121,141,67,74,88,39,49,27,7,20,4,1,3,0,0,0,96,95,29,34,16,6,7,2,1,65,54,11,9,64,0,19,18
55403624,0,,,98,51,47,5,4,1,93,47,46,45,23,22,89,45,44,87,43,44,48,24,24,28,12,16,7,2,5,2,1,1,0,0,0,37,37,6,14,10,3,2,2,0,31,24,7,0,28,0,3,10
55403625,0,,,30,17,13,1,1,0,27,15,12,18,9,9,27,15,12,27,15,12,9,6,3,4,2,2,0,0,0,0,0,0,0,0,0,15,15,6,4,4,1,0,0,0,9,9,0,1,6,0,2,3
55403626,1,,55403627,416,217,199,44,25,19,380,197,183,222,122,100,371,194,177,365,189,176,158,75,83,75,29,46,16,8,8,1,0,1,2,0,2,170,170,44,65,29,18,10,5,2,126,99,27,15,104,0,18,34
55403627,2,55403626,,11,6,5,*,*,*,*,*,*,*,*,*,*,*,*,*,*,*,*,*,*,*,*,*,*,*,*,*,*,*,*,*,*,3,3,*,*,*,*,*,*,*,*,*,*,*,*,*,*,*
55403628,0,,,593,298,295,79,40,39,503,254,249,341,183,158,491,251,240,486,247,239,162,71,91,90,30,60,41,7,34,4,0,4,11,6,5,245,243,74,76,48,32,9,3,1,160,134,26,35,96,11,25,25
55403629,0,,,642,309,333,82,38,44,537,261,276,403,205,198,526,254,272,521,250,271,134,56,78,69,21,48,22,5,17,0,0,0,12,7,5,292,292,123,65,59,27,9,6,3,167,138,29,29,97,19,24,19
55403630,0,,,262,126,136,24,10,14,238,116,122,167,83,84,227,111,116,218,107,111,71,33,38,26,14,12,6,4,2,0,0,0,3,1,2,95,95,18,30,20,15,8,4,0,76,62,14,5,47,0,10,16
55403631,0,,,591,289,302,62,37,25,529,252,277,331,164,167,515,247,268,504,243,261,198,88,110,90,34,56,37,10,27,6,1,5,0,0,0,216,215,45,76,41,29,14,6,4,167,131,36,17,118,1,24,35
55403633,0,,,90,42,48,15,8,7,75,34,41,50,24,26,72,33,39,71,33,38,25,10,15,13,6,7,3,2,1,0,0,0,0,0,0,26,26,4,6,5,3,3,3,2,22,15,7,4,16,1,2,3
55403635,1,,55403636,43,23,20,7,5,2,40,21,19,26,14,12,40,21,19,40,21,19,14,7,7,10,4,6,2,0,2,0,0,0,0,0,0,13,13,3,3,4,2,1,1,1,12,6,6,1,8,0,0,3
55403636,2,55403635,,4,3,1,*,*,*,*,*,*,*,*,*,*,*,*,*,*,*,*,*,*,*,*,*,*,*,*,*,*,*,*,*,*,2,2,*,*,*,*,*,*,*,*,*,*,*,*,*,*,*
55403637,0,,,3140,1583,1557,845,451,394,2223,1099,1124,1937,975,962,2080,1026,1054,2033,1002,1031,286,124,162,138,53,85,56,13,43,4,0,4,11,5,6,1005,1003,168,195,207,295,101,31,6,814,739,75,191,153,23,12,41
55403638,0,,,2595,1255,1340,445,220,225,2055,988,1067,1525,757,768,1972,946,1026,1934,928,1006,530,231,299,254,102,152,82,22,60,3,0,3,23,9,14,1059,1057,337,285,191,159,58,18,9,704,615,89,134,348,39,78,108
55403639,0,,,352,144,208,30,10,20,317,132,185,161,77,84,309,126,183,303,123,180,156,55,101,104,30,74,52,13,39,9,2,7,1,0,1,145,143,51,51,20,17,3,1,0,88,72,16,8,74,1,29,17
55403640,0,,,409,215,194,44,28,16,365,187,178,242,129,113,346,177,169,339,171,168,123,58,65,57,26,31,27,11,16,0,0,0,0,0,0,149,149,29,45,31,30,9,4,1,120,99,21,9,79,0,17,23
55403641,0,,,511,267,244,55,30,25,455,236,219,257,137,120,447,231,216,443,228,215,198,99,99,70,27,43,26,11,15,2,1,1,0,0,0,211,211,47,79,50,26,5,2,2,163,140,23,14,127,0,27,45
55403643,0,,,46,21,25,2,2,0,44,19,25,24,11,13,42,19,23,39,17,22,20,8,12,8,4,4,4,1,3,0,0,0,0,0,0,18,18,5,5,4,2,1,1,0,13,10,3,0,12,0,3,3
55403644,0,,,21,10,11,1,1,0,20,9,11,13,7,6,19,9,10,19,9,10,7,2,5,4,1,3,3,1,2,0,0,0,0,0,0,6,6,1,2,0,0,2,1,0,5,4,1,0,3,0,1,0
55403645,0,,,46,21,25,2,1,1,44,20,24,22,13,9,44,20,24,44,20,24,22,7,15,12,4,8,3,0,3,1,0,1,0,0,0,15,15,3,3,3,3,2,1,0,12,6,6,1,15,0,3,1
55403646,0,,,166,82,84,21,12,9,145,70,75,81,40,41,143,68,75,141,68,73,64,30,34,27,9,18,8,1,7,0,0,0,1,0,1,60,60,13,19,10,9,5,4,0,47,32,15,3,43,0,10,11
55403647,0,,,1981,989,992,265,145,120,1657,809,848,1180,587,593,1607,787,820,1578,778,800,477,222,255,222,90,132,69,24,45,9,2,7,9,5,4,871,871,312,254,138,115,30,17,5,541,457,84,84,327,45,87,89
55403648,0,,,4191,2055,2136,442,228,214,3588,1753,1835,2317,1212,1105,3493,1713,1780,3427,1685,1742,1271,541,730,638,238,400,208,54,154,15,3,12,38,17,21,1793,1790,620,536,342,202,64,20,6,1143,970,173,139,778,75,198,217
55403649,0,,,2772,1369,1403,366,182,184,2324,1148,1176,1576,825,751,2259,1108,1151,2230,1092,1138,748,323,425,410,157,253,148,46,102,8,2,6,50,13,37,1218,1215,463,319,221,132,57,18,5,729,630,99,134,482,93,145,114
55403650,0,,,209,103,106,14,8,6,195,95,100,102,53,49,193,94,99,188,92,96,93,42,51,43,18,25,12,6,6,1,0,1,0,0,0,82,82,17,35,16,3,5,5,1,65,47,18,0,61,0,13,16
55403654,0,,,71,37,34,5,3,2,66,34,32,33,18,15,65,33,32,64,33,31,33,16,17,17,9,8,8,6,2,0,0,0,0,0,0,24,24,2,8,7,4,2,1,0,22,16,6,1,19,0,2,8
55403655,0,,,81,39,42,4,0,4,77,39,38,44,22,22,75,39,36,75,39,36,33,17,16,16,7,9,6,2,4,1,0,1,0,0,0,27,27,2,12,3,5,4,1,0,23,13,10,2,23,0,2,6
55403656,1,,55403666,153,75,78,17,10,7,139,67,72,78,39,39,132,65,67,130,64,66,61,28,33,25,12,13,9,6,3,0,0,0,0,0,0,56,56,12,16,14,8,4,3,0,45,36,9,3,37,0,9,13
55403657,0,,,1367,682,685,211,112,99,1121,552,569,883,440,443,1068,524,544,1045,512,533,238,112,126,85,34,51,31,10,21,2,2,0,34,12,22,603,603,217,169,108,76,21,6,6,376,332,44,76,167,36,36,43
55403658,0,,,4679,2300,2379,636,329,307,3963,1936,2027,2819,1417,1402,3804,1854,1950,3713,1804,1909,1144,519,625,488,205,283,123,41,82,5,1,4,30,17,13,1847,1845,446,601,368,295,91,37,7,1386,1184,202,167,774,43,153,240
55403659,0,,,2121,1047,1074,443,223,220,1597,781,816,1283,642,641,1498,735,763,1454,710,744,314,139,175,136,53,83,48,16,32,2,1,1,4,0,4,716,716,123,192,145,151,69,26,10,571,488,83,111,203,16,32,67
55403660,0,,,39,19,20,1,0,1,38,19,19,19,9,10,37,19,18,36,18,18,19,10,9,14,7,7,3,2,1,0,0,0,0,0,0,13,13,2,4,4,1,1,0,1,11,8,3,0,11,0,2,3
55403663,0,,,43,23,20,3,1,2,40,22,18,20,9,11,39,21,18,39,21,18,20,13,7,7,3,4,5,2,3,0,0,0,0,0,0,15,15,0,6,6,2,1,0,0,15,11,4,2,12,0,0,4
55403664,0,,,93,43,50,11,5,6,82,38,44,51,24,27,81,37,44,79,36,43,31,14,17,16,4,12,5,1,4,0,0,0,0,0,0,29,29,4,5,10,4,3,3,0,25,17,8,2,19,0,3,1
55403666,2,55403656,,3,2,1,*,*,*,*,*,*,*,*,*,*,*,*,*,*,*,*,*,*,*,*,*,*,*,*,*,*,*,*,*,*,1,1,*,*,*,*,*,*,*,*,*,*,*,*,*,*,*
55403667,0,,,35,12,23,4,1,3,31,11,20,17,5,12,29,11,18,29,11,18,14,6,8,7,2,5,4,2,2,0,0,0,0,0,0,14,14,4,7,1,0,0,1,1,10,8,2,2,11,0,4,3
55403668,0,,,1689,799,890,207,106,101,1472,688,784,1113,555,558,1380,644,736,1324,616,708,359,133,226,179,50,129,78,9,69,16,2,14,1,1,0,558,557,74,177,129,120,39,13,5,477,410,67,39,186,4,29,55
55403669,0,,,856,394,462,109,58,51,694,311,383,414,217,197,675,304,371,662,296,366,280,94,186,152,40,112,97,17,80,22,1,21,6,3,3,336,333,137,79,53,44,14,4,2,184,163,21,43,108,33,28,37
55403670,1,,55403681,32,14,18,5,3,2,31,13,18,19,9,10,30,13,17,30,13,17,12,4,8,6,2,4,2,1,1,0,0,0,0,0,0,11,11,3,3,3,3,0,1,0,10,8,2,2,9,0,3,2
55403671,0,,,17,9,8,1,1,0,16,8,8,7,4,3,16,8,8,15,7,8,9,4,5,4,1,3,3,1,2,0,0,0,0,0,0,8,8,2,3,3,0,0,0,0,6,6,0,1,6,0,2,2
55403673,1,,55403684,74,39,35,7,5,2,69,35,34,37,20,17,67,34,33,64,34,30,32,15,17,19,10,9,1,0,1,0,0,0,0,0,0,26,26,6,9,3,2,7,0,0,21,14,7,2,22,0,4,6
55403674,0,,,46,19,27,5,1,4,41,18,23,21,10,11,40,18,22,40,18,22,20,8,12,10,4,6,4,1,3,0,0,0,0,0,0,20,20,6,7,3,3,1,0,0,14,13,1,2,14,0,5,4
55403676,0,,,20,12,8,1,1,0,19,11,8,13,8,5,19,11,8,18,10,8,6,3,3,4,3,1,2,2,0,0,0,0,0,0,0,9,9,2,3,4,0,0,0,0,7,5,2,0,5,0,0,1
55403677,0,,,347,161,186,50,28,22,297,133,164,178,84,94,290,130,160,287,128,159,119,49,70,65,23,42,21,5,16,1,0,1,0,0,0,124,124,19,47,25,16,10,4,3,103,80,23,15,80,0,14,21
55403678,0,,,904,441,463,127,65,62,775,376,399,465,232,233,747,365,382,735,359,376,310,144,166,133,55,78,34,14,20,2,1,1,7,2,5,335,335,72,103,69,56,21,9,5,261,207,54,34,204,4,49,54
55403679,0,,,175,86,89,20,10,10,153,75,78,97,55,42,151,74,77,148,71,77,56,20,36,29,7,22,10,1,9,0,0,0,0,0,0,66,66,16,22,7,14,4,3,0,48,38,10,8,38,2,6,6
55403680,1,,55403691,48,23,25,0,0,0,54,27,27,37,20,17,51,26,25,48,25,23,17,7,10,8,3,5,0,0,0,0,0,0,0,0,0,18,18,4,7,6,3,0,1,0,17,15,2,0,13,0,3,2
55403681,2,55403670,,4,2,2,*,*,*,*,*,*,*,*,*,*,*,*,*,*,*,*,*,*,*,*,*,*,*,*,*,*,*,*,*,*,2,2,*,*,*,*,*,*,*,*,*,*,*,*,*,*,*
55403683,0,,,36,18,18,4,3,1,32,15,17,17,8,9,28,15,13,27,14,13,15,7,8,6,3,3,3,2,1,0,0,0,0,0,0,12,12,1,5,3,2,0,0,1,11,6,5,0,8,0,1,3
55403684,2,55403673,,2,1,1,*,*,*,*,*,*,*,*,*,*,*,*,*,*,*,*,*,*,*,*,*,*,*,*,*,*,*,*,*,*,1,1,*,*,*,*,*,*,*,*,*,*,*,*,*,*,*
55403685,2,55403695,,8,5,3,*,*,*,*,*,*,*,*,*,*,*,*,*,*,*,*,*,*,*,*,*,*,*,*,*,*,*,*,*,*,3,3,*,*,*,*,*,*,*,*,*,*,*,*,*,*,*
55403686,0,,,104,53,51,10,5,5,94,48,46,46,25,21,90,46,44,89,45,44,48,23,25,22,9,13,12,3,9,2,0,2,0,0,0,38,38,6,15,7,4,5,1,0,32,23,9,3,30,0,4,9
55403687,0,,,1114,530,584,126,53,73,957,464,493,591,304,287,922,445,477,905,436,469,366,160,206,158,64,94,47,20,27,2,1,1,7,5,2,481,481,154,162,79,53,19,7,7,322,268,54,33,237,18,56,77
55403688,0,,,3020,1499,1521,414,237,177,2535,1228,1307,1768,900,868,2421,1162,1259,2378,1140,1238,767,328,439,364,145,219,130,44,86,10,1,9,23,7,16,1267,1265,421,364,231,164,54,22,9,831,737,94,104,500,44,141,141
55403689,0,,,1294,633,661,164,87,77,1103,533,570,760,380,380,1077,517,560,1058,511,547,343,153,190,169,67,102,54,16,38,2,0,2,2,0,2,547,546,167,165,110,66,27,11,0,367,305,62,53,242,22,62,53
55403691,2,55403680,,6,4,2,*,*,*,*,*,*,*,*,*,*,*,*,*,*,*,*,*,*,*,*,*,*,*,*,*,*,*,*,*,*,3,3,*,*,*,*,*,*,*,*,*,*,*,*,*,*,*
55403693,0,,,41,22,19,3,1,2,38,21,17,15,8,7,38,21,17,38,21,17,23,13,10,9,5,4,3,2,1,0,0,0,0,0,0,17,17,4,7,2,3,1,0,0,13,10,3,1,14,0,3,6
55403694,0,,,250,109,141,18,10,8,232,99,133,151,61,90,225,96,129,211,95,116,81,38,43,29,11,18,12,4,8,1,0,1,1,0,1,114,114,53,21,20,9,7,4,0,61,44,17,4,52,28,7,10
55403695,1,,55403685,707,332,375,67,31,36,640,304,336,366,187,179,613,288,325,603,285,318,274,117,157,140,52,88,47,15,32,4,1,3,7,3,4,296,296,99,92,46,34,14,12,2,193,156,37,17,182,6,51,45
55403696,0,,,2169,1038,1131,279,137,142,1875,893,982,1191,587,604,1823,869,954,1793,855,938,684,306,378,277,108,169,70,19,51,2,0,2,6,3,3,856,856,195,295,178,117,49,19,3,652,558,94,74,467,7,111,132
55403697,0,,,4248,2032,2216,477,243,234,3691,1753,1938,2192,1078,1114,3533,1664,1869,3460,1634,1826,1499,675,824,666,283,383,183,62,121,6,1,5,33,15,18,1841,1841,613,585,317,195,74,38,19,1215,1027,188,129,1036,27,326,300
55403698,0,,,3243,1565,1678,520,264,256,2618,1256,1362,1944,966,978,2529,1206,1323,2465,1166,1299,674,290,384,322,120,202,110,34,76,9,3,6,21,12,9,1380,1379,460,404,239,179,70,16,11,900,796,104,150,470,59,133,118
55403699,0,,,27,15,12,3,2,1,23,12,11,9,4,5,23,12,11,23,12,11,14,8,6,6,3,3,3,2,1,0,0,0,0,0,0,13,13,5,4,2,2,0,0,0,8,8,0,1,9,0,3,3
55403723,0,,,93,40,53,5,2,3,87,38,49,51,25,26,84,37,47,82,35,47,36,13,23,23,10,13,10,2,8,1,0,1,0,0,0,33,33,7,10,5,7,1,3,0,26,19,7,2,23,0,4,5
55403730,0,,,1245,618,627,153,71,82,1032,513,519,668,347,321,1005,499,506,980,486,494,364,166,198,175,67,108,41,14,27,5,1,4,6,3,3,583,583,262,151,65,62,27,11,5,309,252,57,41,269,11,105,57
55403731,0,,,831,419,412,92,47,45,707,355,352,462,242,220,690,350,340,683,347,336,245,113,132,119,48,71,30,11,19,2,0,2,1,1,0,389,389,172,100,57,33,14,7,6,211,169,42,34,169,25,53,38
55403732,0,,,1606,796,810,108,51,57,1432,712,720,818,451,367,1411,698,713,1394,690,704,614,261,353,368,148,220,111,36,75,8,1,7,16,7,9,764,763,323,232,104,57,34,10,3,431,351,80,34,425,27,135,98
55403733,0,,,2077,1035,1042,213,118,95,1831,898,933,1122,599,523,1792,873,919,1762,854,908,709,299,410,372,138,234,128,36,92,4,0,4,20,6,14,891,891,288,281,153,105,42,16,6,587,458,129,60,501,23,126,126
55403734,0,,,1109,575,534,127,70,57,941,479,462,618,323,295,910,462,448,889,450,439,323,156,167,160,74,86,33,11,22,2,0,2,7,5,2,518,517,212,146,83,53,13,6,4,297,254,43,52,225,19,78,57
55403740,0,,,3955,1946,2009,490,253,237,3346,1641,1705,2333,1221,1112,3248,1593,1655,3187,1560,1627,1013,420,593,494,169,325,179,41,138,17,2,15,11,2,9,1699,1698,601,468,316,213,70,23,7,1065,932,133,182,668,71,188,153
55403741,0,,,5630,2713,2917,746,374,372,4714,2262,2452,3319,1689,1630,4553,2190,2363,4470,2145,2325,1395,573,822,707,262,445,257,72,185,16,1,15,48,22,26,2447,2445,894,650,456,284,106,36,19,1507,1282,225,219,963,88,308,214
55403742,0,,,4792,2370,2422,643,332,311,3997,1965,2032,2707,1426,1281,3863,1893,1970,3791,1857,1934,1290,539,751,669,246,423,228,59,169,16,3,13,34,23,11,2090,2088,782,556,352,258,106,28,6,1264,1082,182,184,864,79,266,209
55403743,0,,,574,292,282,76,32,44,487,254,233,341,180,161,467,242,225,459,236,223,146,74,72,71,36,35,15,8,7,1,0,1,2,2,0,250,250,88,73,43,28,11,5,2,159,135,24,25,103,9,27,30
55403744,0,,,805,380,425,72,38,34,724,338,386,368,186,182,709,331,378,703,329,374,356,152,204,189,73,116,57,21,36,3,0,3,7,4,3,375,375,148,114,59,33,11,5,5,225,175,50,21,256,2,95,55
55403745,0,,,486,230,256,31,17,14,452,212,240,261,136,125,443,208,235,436,202,234,191,76,115,110,40,70,49,13,36,4,0,4,11,2,9,210,209,66,68,42,20,9,4,0,142,109,33,9,118,7,31,31
55403750,0,,,882,436,446,93,48,45,730,349,381,495,255,240,709,337,372,696,333,363,235,94,141,129,48,81,67,20,47,5,2,3,4,3,1,417,416,200,87,63,40,19,2,5,207,169,38,31,163,18,67,30
55403751,0,,,4849,2365,2484,653,342,311,4074,1960,2114,2774,1416,1358,3953,1903,2050,3863,1854,2009,1300,544,756,694,261,433,224,65,159,23,6,17,25,12,13,2088,2086,747,587,377,232,113,22,8,1308,1130,178,195,832,96,229,222
55403752,0,,,3710,1815,1895,519,261,258,3115,1514,1601,2210,1124,1086,3012,1465,1547,2956,1433,1523,905,390,515,483,193,290,153,50,103,12,2,10,35,6,29,1582,1579,549,430,311,198,64,17,10,1008,866,142,175,591,77,173,154
55403753,0,,,1038,501,537,77,40,37,950,455,495,634,296,338,919,449,470,896,437,459,316,159,157,132,58,74,37,14,23,1,0,1,0,0,0,383,383,52,145,93,60,23,8,2,326,263,63,14,216,1,28,71
55403754,0,,,1027,509,518,118,59,59,901,447,454,632,330,302,861,423,438,839,410,429,269,117,152,117,44,73,29,11,18,0,0,0,1,0,1,369,369,63,134,70,50,37,10,5,304,249,55,30,186,3,29,55
55403755,0,,,481,237,244,34,18,16,443,217,226,260,139,121,435,212,223,430,209,221,183,78,105,101,37,64,26,9,17,2,0,2,10,8,2,194,194,48,65,41,26,10,2,2,140,107,33,10,127,8,25,32
55403756,0,,,463,229,234,47,25,22,408,201,207,235,119,116,395,192,203,389,191,198,173,82,91,84,36,48,21,12,9,0,0,0,0,0,0,180,180,43,63,33,20,13,6,2,134,104,30,12,120,0,28,31
55403760,0,,,440,214,226,67,35,32,367,176,191,241,123,118,356,172,184,347,166,181,126,53,73,60,23,37,15,4,11,2,1,1,2,0,2,168,168,41,57,26,25,12,3,4,126,102,24,19,86,8,18,27
55403761,0,,,663,347,316,121,53,68,501,274,227,424,230,194,476,260,216,464,255,209,77,44,33,29,16,13,8,4,4,1,1,0,1,0,1,306,306,138,60,48,41,17,2,0,162,150,12,46,54,22,16,12
55403762,0,,,677,309,368,94,44,50,566,258,308,357,184,173,551,251,300,538,244,294,209,74,135,147,45,102,70,15,55,6,1,5,16,8,8,265,263,106,73,35,23,15,6,5,156,139,17,26,97,16,28,19
55403763,0,,,133,67,66,15,5,10,118,62,56,68,34,34,114,59,55,111,57,54,50,28,22,22,11,11,8,3,5,0,0,0,0,0,0,46,46,5,16,14,5,3,2,1,41,33,8,4,31,0,3,8
55403764,0,,,518,241,277,72,31,41,437,205,232,320,153,167,427,199,228,420,196,224,117,52,65,52,16,36,9,3,6,0,0,0,1,0,1,177,177,24,55,40,38,13,4,3,152,124,28,15,81,0,10,20
55403765,0,,,251,116,135,21,11,10,223,101,122,136,64,72,210,97,113,205,93,112,87,37,50,42,12,30,30,4,26,8,0,8,0,0,0,79,78,9,29,20,11,4,4,1,66,56,10,4,35,0,4,13
55403766,0,,,1350,640,710,101,50,51,1242,587,655,655,338,317,1216,573,643,1201,567,634,587,249,338,330,128,202,101,29,72,7,0,7,2,1,1,557,555,158,189,104,61,22,16,5,391,292,99,28,392,0,100,105
55403767,0,,,238,123,115,25,15,10,213,108,105,112,57,55,210,106,104,209,106,103,101,51,50,48,20,28,15,5,10,1,0,1,1,0,1,95,95,25,30,25,6,4,3,2,70,54,16,10,68,0,18,12
55403770,0,,,2158,1033,1125,247,119,128,1866,891,975,1238,615,623,1805,867,938,1776,858,918,628,276,352,329,132,197,111,40,71,10,1,9,20,1,19,872,868,286,256,174,94,35,15,8,568,463,105,82,385,37,91,102
55403771,0,,,3310,1597,1713,398,197,201,2836,1366,1470,2064,1022,1042,2730,1319,1411,2666,1290,1376,772,344,428,345,134,211,101,31,70,5,0,5,23,14,9,1476,1474,554,406,258,166,71,11,8,899,799,100,103,556,58,216,110
55403772,0,,,181,94,87,18,10,8,160,82,78,101,57,44,159,81,78,156,78,78,59,25,34,19,4,15,5,0,5,1,0,1,1,0,1,95,95,42,29,19,3,1,0,1,52,47,5,7,42,3,14,7
55403773,0,,,23,15,8,0,0,0,23,15,8,12,8,4,23,15,8,23,15,8,11,7,4,8,5,3,1,1,0,0,0,0,0,0,0,10,10,5,0,3,1,1,0,0,5,3,2,0,7,0,2,0
55403774,1,,55403775,14,7,7,1,1,0,21,12,9,11,7,4,21,12,9,21,12,9,10,5,5,5,2,3,3,1,2,0,0,0,0,0,0,7,7,1,5,2,0,1,0,0,8,7,1,1,6,0,1,2
55403775,2,55403774,,8,6,2,*,*,*,*,*,*,*,*,*,*,*,*,*,*,*,*,*,*,*,*,*,*,*,*,*,*,*,*,*,*,2,2,*,*,*,*,*,*,*,*,*,*,*,*,*,*,*
55403776,0,,,431,201,230,26,11,15,400,187,213,241,122,119,392,182,210,389,181,208,159,65,94,87,29,58,23,4,19,0,0,0,4,4,0,162,162,35,51,34,24,12,6,0,125,94,31,6,103,3,19,26
55403777,0,,,494,245,249,35,22,13,440,204,236,234,124,110,429,200,229,420,195,225,206,80,126,135,42,93,69,15,54,15,1,14,4,3,1,176,174,47,63,31,24,4,3,2,126,104,22,11,96,5,18,24
55403780,1,,55403790,2170,1048,1122,292,142,150,1847,890,957,1163,590,573,1787,857,930,1751,844,907,684,300,384,349,137,212,110,39,71,8,1,7,10,1,9,895,892,275,256,178,120,43,15,7,614,525,89,80,461,30,134,124
55403781,0,,,1671,792,879,196,99,97,1445,678,767,911,479,432,1405,655,750,1380,645,735,534,199,335,318,99,219,149,35,114,26,4,22,11,6,5,635,631,186,204,115,88,25,8,5,427,368,59,57,264,18,60,76
55403782,1,,55403791,2116,1016,1100,238,130,108,1841,867,974,1104,572,532,1806,848,958,1784,837,947,737,295,442,415,141,274,159,36,123,16,1,15,12,5,7,831,825,305,252,131,91,30,14,7,516,440,76,65,367,34,100,104
55403783,0,,,113,55,58,7,3,4,106,52,54,73,38,35,106,52,54,104,52,52,33,14,19,16,5,11,9,3,6,1,1,0,2,0,2,39,39,4,12,11,8,4,0,0,34,24,10,2,23,0,1,4
55403784,0,,,77,39,38,8,5,3,69,34,35,48,26,22,66,32,34,65,31,34,21,8,13,11,3,8,6,1,5,0,0,0,0,0,0,25,25,3,4,9,6,3,0,0,21,13,8,5,16,0,2,1
55403786,0,,,28,12,16,1,0,1,27,12,15,20,11,9,25,10,15,25,10,15,7,1,6,5,1,4,2,0,2,0,0,0,0,0,0,9,9,2,2,2,1,0,2,0,7,2,5,0,6,0,1,0
55403787,0,,,267,135,132,26,14,12,241,121,120,136,69,67,236,117,119,233,115,118,105,52,53,43,16,27,13,5,8,1,1,0,1,1,0,102,102,18,39,23,11,9,1,1,83,62,21,12,69,1,11,25
55403790,2,55403780,,7,5,2,*,*,*,*,*,*,*,*,*,*,*,*,*,*,*,*,*,*,*,*,*,*,*,*,*,*,*,*,*,*,2,2,*,*,*,*,*,*,*,*,*,*,*,*,*,*,*
55403791,2,55403782,,8,2,6,*,*,*,*,*,*,*,*,*,*,*,*,*,*,*,*,*,*,*,*,*,*,*,*,*,*,*,*,*,*,5,5,*,*,*,*,*,*,*,*,*,*,*,*,*,*,*
55403792,0,,,1299,623,676,133,71,62,1129,535,594,656,344,312,1093,518,575,1075,509,566,473,191,282,280,104,176,109,27,82,13,1,12,5,1,4,482,477,151,141,82,62,27,6,8,319,256,63,40,230,15,61,61
55403793,1,,55403794,231,118,113,13,8,5,222,112,110,142,73,69,220,110,110,217,108,109,80,39,41,31,13,18,11,3,8,3,1,2,0,0,0,99,99,23,42,22,10,4,1,0,78,66,12,6,50,1,8,18
55403794,2,55403793,,8,4,4,*,*,*,*,*,*,*,*,*,*,*,*,*,*,*,*,*,*,*,*,*,*,*,*,*,*,*,*,*,*,3,3,*,*,*,*,*,*,*,*,*,*,*,*,*,*,*
55403796,2,55403797,,7,2,5,*,*,*,*,*,*,*,*,*,*,*,*,*,*,*,*,*,*,*,*,*,*,*,*,*,*,*,*,*,*,4,4,*,*,*,*,*,*,*,*,*,*,*,*,*,*,*
55403797,1,,55403796,655,324,331,98,49,49,563,276,287,345,177,168,552,270,282,541,266,275,218,99,119,128,54,74,29,10,19,4,1,3,4,3,1,276,275,80,106,46,31,10,4,2,197,170,27,37,136,3,40,41
55403798,0,,,20,9,11,5,2,3,15,7,8,9,4,5,15,7,8,15,7,8,6,3,3,3,1,2,0,0,0,0,0,0,0,0,0,8,8,2,2,2,2,0,0,0,6,6,0,1,4,0,1,2
55404000,0,,,91,46,45,9,4,5,81,42,39,54,28,26,78,41,37,78,41,37,27,14,13,14,7,7,8,4,4,0,0,0,0,0,0,31,31,8,6,6,5,4,1,1,23,15,8,3,19,0,4,4
55404001,0,,,532,243,289,52,19,33,479,223,256,306,151,155,466,216,250,455,214,241,173,72,101,95,32,63,52,12,40,7,1,6,1,0,1,179,178,39,58,33,30,12,4,2,137,114,23,11,78,1,23,22
55404002,0,,,86,43,43,15,6,9,70,36,34,43,23,20,68,35,33,67,34,33,27,13,14,12,3,9,4,1,3,0,0,0,1,0,1,30,30,9,6,7,3,2,1,2,21,14,7,5,18,0,6,1
55404003,0,,,54,28,26,9,5,4,45,23,22,31,16,15,43,22,21,42,21,21,14,7,7,9,3,6,3,1,2,0,0,0,1,1,0,15,15,1,3,4,3,1,3,0,14,8,6,1,10,0,1,0
55404004,0,,,196,105,91,22,13,9,174,92,82,110,64,46,166,88,78,166,88,78,64,28,36,26,10,16,9,3,6,0,0,0,1,1,0,65,65,10,17,15,13,6,3,1,54,41,13,7,38,0,5,6
55404005,0,,,178,88,90,16,7,9,162,81,81,98,51,47,154,76,78,153,75,78,64,30,34,20,8,12,8,0,8,0,0,0,0,0,0,50,50,6,10,11,13,1,4,5,44,22,22,2,39,0,4,6
55404006,0,,,62,24,38,5,4,1,57,20,37,37,14,23,56,20,36,55,20,35,20,6,14,9,2,7,4,1,3,0,0,0,0,0,0,21,21,3,8,3,3,2,2,0,18,12,6,2,14,0,1,2
55404007,0,,,471,222,249,61,28,33,409,193,216,227,115,112,396,188,208,390,184,206,182,78,104,108,41,67,50,11,39,12,2,10,2,0,2,154,149,26,48,27,36,6,2,4,122,102,20,15,83,0,12,29
55404008,0,,,163,76,87,13,5,8,150,71,79,90,44,46,145,70,75,144,69,75,60,27,33,20,9,11,5,0,5,0,0,0,2,0,2,52,52,5,21,9,4,7,4,2,47,33,14,5,37,0,2,14
55404009,0,,,53,27,26,6,2,4,47,25,22,30,16,14,43,24,19,41,22,19,17,9,8,5,3,2,3,2,1,0,0,0,0,0,0,19,19,8,3,2,2,1,2,1,11,7,4,2,11,0,6,2
55404010,0,,,112,54,58,12,5,7,99,49,50,59,28,31,93,47,46,90,45,45,40,21,19,15,7,8,12,5,7,0,0,0,2,1,1,44,44,14,13,8,2,4,1,2,28,17,11,3,26,1,7,9
55404011,0,,,98,47,51,4,3,1,94,44,50,47,22,25,94,44,50,94,44,50,47,22,25,22,12,10,3,1,2,1,1,0,0,0,0,49,49,11,30,5,3,0,0,0,37,32,5,1,32,0,8,15
55404012,0,,,137,68,69,15,6,9,121,61,60,73,38,35,119,61,58,114,58,56,48,23,25,20,7,13,7,3,4,0,0,0,0,0,0,45,45,7,16,6,9,2,2,3,38,24,14,5,33,0,2,8
55404013,0,,,106,50,56,12,8,4,92,41,51,46,20,26,91,40,51,88,39,49,46,21,25,19,6,13,5,0,5,0,0,0,1,0,1,49,49,14,23,7,4,0,0,1,35,31,4,3,31,0,9,9
55404014,0,,,42,21,21,3,1,2,38,19,19,25,13,12,35,17,18,34,17,17,13,6,7,2,1,1,0,0,0,0,0,0,1,1,0,18,18,6,5,4,2,0,1,0,12,10,2,0,9,1,3,1
55404015,0,,,69,36,33,9,5,4,60,31,29,34,16,18,60,31,29,59,31,28,26,15,11,8,4,4,2,0,2,1,0,1,2,1,1,21,21,7,3,0,5,3,1,2,14,8,6,3,16,1,6,3
55404016,0,,,107,55,52,4,3,1,99,49,50,57,28,29,97,47,50,96,47,49,42,21,21,17,8,9,6,0,6,2,0,2,0,0,0,43,43,15,11,5,8,2,1,1,28,19,9,0,28,0,7,8
55404017,0,,,46,25,21,0,0,0,46,25,21,24,13,11,43,23,20,41,22,19,22,12,10,4,3,1,2,1,1,0,0,0,0,0,0,22,22,7,10,3,1,0,1,0,15,13,2,0,14,0,4,7
55404018,0,,,256,130,126,31,16,15,225,114,111,158,82,76,220,110,110,214,106,108,67,32,35,22,10,12,6,1,5,0,0,0,4,1,3,89,89,13,31,21,12,5,5,2,76,63,13,6,44,0,8,13
55404019,0,,,354,163,191,50,25,25,300,136,164,176,82,94,294,134,160,285,130,155,124,54,70,50,18,32,21,8,13,0,0,0,1,0,1,123,123,18,44,27,22,3,2,7,102,74,28,10,79,0,10,23
55404020,0,,,22,12,10,0,0,0,21,11,10,11,6,5,21,11,10,21,11,10,10,5,5,4,2,2,3,1,2,0,0,0,0,0,0,13,13,5,7,1,0,0,0,0,8,8,0,0,6,0,1,3
55404021,0,,,63,33,30,1,0,1,59,31,28,26,15,11,57,29,28,56,28,28,33,16,17,16,7,9,2,0,2,0,0,0,0,0,0,31,31,11,13,5,0,1,1,0,19,15,4,0,20,1,3,10
55404022,0,,,176,82,94,11,4,7,162,76,86,89,43,46,160,75,85,154,72,82,73,33,40,35,11,24,11,4,7,1,0,1,3,0,3,80,80,26,25,18,9,2,0,0,54,45,9,3,48,1,14,13
55404023,0,,,157,78,79,20,12,8,135,65,70,77,35,42,132,62,70,132,62,70,58,30,28,28,12,16,10,4,6,0,0,0,1,1,0,68,68,17,30,12,5,2,1,1,50,42,8,7,40,0,9,16
55404024,0,,,21,12,9,0,0,0,21,12,9,11,6,5,17,10,7,17,10,7,10,6,4,5,3,2,1,1,0,0,0,0,0,0,0,7,7,2,1,2,0,1,1,0,4,3,1,0,7,0,2,1
55404025,0,,,15,7,8,2,1,1,13,6,7,6,4,2,13,6,7,13,6,7,7,2,5,3,0,3,2,0,2,0,0,0,2,2,0,6,6,2,2,0,1,1,0,0,4,2,2,2,4,2,0,1
55404026,0,,,121,64,57,10,6,4,110,57,53,61,34,27,110,57,53,109,57,52,49,23,26,21,9,12,4,2,2,1,0,1,0,0,0,49,49,13,20,5,5,3,3,0,36,29,7,3,33,0,6,11
55404027,0,,,52,27,25,6,4,2,45,22,23,30,16,14,44,22,22,42,21,21,15,6,9,7,2,5,2,1,1,0,0,0,0,0,0,17,17,3,4,2,6,1,1,0,14,8,6,2,11,0,1,0
55404028,0,,,247,111,136,35,16,19,212,95,117,117,57,60,207,92,115,204,92,112,95,38,57,48,18,30,22,6,16,3,0,3,1,0,1,70,69,8,21,11,14,4,8,3,60,46,14,5,47,0,8,12
55404029,0,,,1196,598,598,109,63,46,1084,534,550,611,324,287,1056,515,541,1041,508,533,473,210,263,260,103,157,83,31,52,7,1,6,23,17,6,460,459,125,131,93,58,31,12,9,331,233,98,29,323,17,74,56
55404030,0,,,27,15,12,5,2,3,21,12,9,14,7,7,21,12,9,21,12,9,7,5,2,1,1,0,0,0,0,0,0,0,0,0,0,11,11,3,5,0,1,2,0,0,8,6,2,1,5,0,1,4
55404031,0,,,165,82,83,11,5,6,151,75,76,83,42,41,144,71,73,143,70,73,68,33,35,28,14,14,8,3,5,1,0,1,1,1,0,75,75,24,32,8,5,4,1,1,49,42,7,2,48,0,16,14
55404032,0,,,145,75,70,19,11,8,124,62,62,68,38,30,120,60,60,116,58,58,56,24,32,31,11,20,10,1,9,3,0,3,0,0,0,59,59,18,18,12,3,6,1,1,41,33,8,4,37,0,14,6
55404033,0,,,147,69,78,16,7,9,128,59,69,79,38,41,127,58,69,127,58,69,49,21,28,15,5,10,8,1,7,1,0,1,3,3,0,65,65,23,23,6,8,2,3,0,42,33,9,4,33,6,5,9
55404034,0,,,114,58,56,7,2,5,106,55,51,60,30,30,102,53,49,100,53,47,46,25,21,26,13,13,11,5,6,0,0,0,2,0,2,48,48,14,19,6,4,4,0,1,33,27,6,2,32,1,7,11
55404035,0,,,90,43,47,13,9,4,77,34,43,48,20,28,74,33,41,71,31,40,29,14,15,10,5,5,4,1,3,0,0,0,0,0,0,27,27,2,9,7,3,1,4,1,25,20,5,4,17,0,1,4
55404036,0,,,85,42,43,5,2,3,80,40,40,40,23,17,77,39,38,76,39,37,40,17,23,14,5,9,4,1,3,1,0,1,0,0,0,31,31,5,11,8,5,0,1,1,26,19,7,2,22,0,3,5
55404037,0,,,115,61,54,12,6,6,103,55,48,59,34,25,101,55,46,99,55,44,44,21,23,22,10,12,7,2,5,1,1,0,0,0,0,36,36,7,11,3,4,7,3,1,29,17,12,1,22,0,2,7
55404038,0,,,308,152,156,40,24,16,268,128,140,177,84,93,256,124,132,248,117,131,91,44,47,47,19,28,12,0,12,1,0,1,0,0,0,102,102,13,32,23,17,12,1,4,87,62,25,12,55,0,7,11
55404039,0,,,572,271,301,67,31,36,505,240,265,311,145,166,480,230,250,468,221,247,194,95,99,99,48,51,31,16,15,5,2,3,3,0,3,223,223,73,56,37,27,17,11,2,150,104,46,13,134,1,49,24
55404040,0,,,279,142,137,21,13,8,257,128,129,127,64,63,253,127,126,247,123,124,130,64,66,60,28,32,23,10,13,1,0,1,0,0,0,135,134,51,46,19,14,3,0,1,82,68,14,3,92,1,33,29
55404041,0,,,203,91,112,23,10,13,176,80,96,99,46,53,172,77,95,169,76,93,77,34,43,31,14,17,6,0,6,1,0,1,0,0,0,86,86,25,36,6,12,4,2,1,59,50,9,6,52,1,15,20
55404042,0,,,106,49,57,11,6,5,95,43,52,48,20,28,93,43,50,93,43,50,47,23,24,14,7,7,6,2,4,0,0,0,1,0,1,44,44,14,13,9,5,1,0,2,30,24,6,5,32,0,10,6
55404043,0,,,83,40,43,14,10,4,68,30,38,49,19,30,63,29,34,61,28,33,19,11,8,5,2,3,3,1,2,0,0,0,5,1,4,27,27,8,8,1,3,3,1,3,18,12,6,1,15,1,4,1
55404044,0,,,86,42,44,8,4,4,78,38,40,51,25,26,74,36,38,73,35,38,27,13,14,9,4,5,3,0,3,0,0,0,0,0,0,32,32,6,13,6,3,1,2,1,26,19,7,1,21,0,4,6
55404045,0,,,61,32,29,2,2,0,58,29,29,32,16,16,55,29,26,53,28,25,26,13,13,7,4,3,1,0,1,0,0,0,2,2,0,26,26,6,12,2,5,1,0,0,20,17,3,0,16,2,3,8
55404046,0,,,84,46,38,9,6,3,75,40,35,29,15,14,75,40,35,75,40,35,46,25,21,19,12,7,3,1,2,1,0,1,0,0,0,40,40,15,15,4,4,1,1,0,25,21,4,3,29,0,11,10
55404047,0,,,139,68,71,16,8,8,123,60,63,78,44,34,118,57,61,116,56,60,45,16,29,19,6,13,7,2,5,0,0,0,1,1,0,41,41,4,13,7,5,7,2,3,37,22,15,4,30,0,2,8
55404048,0,,,189,91,98,12,7,5,177,84,93,75,35,40,173,82,91,170,80,90,102,49,53,62,29,33,21,9,12,1,0,1,0,0,0,51,49,9,14,9,6,4,7,0,40,26,14,3,40,0,7,9
55404049,1,,55404059,35,22,13,2,1,1,42,26,16,25,19,6,42,26,16,42,26,16,17,7,10,10,5,5,1,0,1,0,0,0,0,0,0,10,9,2,5,4,1,0,0,0,10,8,2,0,9,0,1,4
55404050,0,,,181,88,93,9,5,4,171,82,89,70,30,40,170,82,88,169,82,87,101,52,49,51,25,26,8,3,5,0,0,0,0,0,0,87,87,24,42,13,7,0,1,0,63,55,8,1,62,1,12,29
55404051,0,,,162,81,81,13,7,6,146,72,74,81,44,37,145,72,73,144,72,72,65,28,37,29,13,16,8,1,7,0,0,0,1,1,0,62,62,18,19,11,6,2,5,1,43,30,13,3,43,2,9,8
55404052,0,,,138,64,74,6,3,3,131,60,71,73,32,41,126,58,68,123,55,68,58,28,30,25,10,15,6,1,5,1,0,1,0,0,0,63,63,26,18,9,6,1,2,1,35,25,10,0,43,0,18,10
55404053,0,,,102,49,53,11,6,5,91,43,48,48,24,24,89,42,47,87,41,46,43,19,24,18,8,10,5,2,3,0,0,0,0,0,0,39,39,6,20,6,3,0,3,1,32,25,7,2,26,0,3,11
55404054,0,,,77,41,36,8,5,3,69,36,33,46,25,21,68,36,32,67,35,32,23,11,12,12,6,6,2,0,2,0,0,0,6,6,0,29,29,7,10,6,3,0,1,2,20,16,4,2,17,0,5,2
55404055,0,,,49,22,27,8,3,5,41,19,22,17,8,9,40,19,21,38,18,20,24,11,13,9,4,5,3,1,2,1,0,1,0,0,0,20,20,8,5,2,2,1,2,0,12,9,3,1,16,0,7,5
55404056,0,,,81,40,41,11,6,5,70,34,36,44,21,23,70,34,36,68,33,35,26,13,13,13,5,8,3,0,3,0,0,0,0,0,0,22,22,4,3,5,2,3,4,1,18,8,10,4,17,0,4,1
55404057,0,,,99,50,49,10,5,5,89,45,44,40,23,17,86,43,43,85,42,43,49,22,27,31,10,21,15,5,10,7,4,3,1,0,1,28,27,4,8,5,6,1,3,0,23,17,6,2,18,0,2,4
55404058,0,,,54,34,20,3,2,1,51,32,19,29,21,8,48,29,19,47,29,18,22,11,11,8,3,5,2,1,1,0,0,0,0,0,0,20,20,5,7,2,2,3,1,0,15,13,2,0,14,0,5,5
55404059,2,55404049,,9,5,4,*,*,*,*,*,*,*,*,*,*,*,*,*,*,*,*,*,*,*,*,*,*,*,*,*,*,*,*,*,*,3,3,*,*,*,*,*,*,*,*,*,*,*,*,*,*,*
55404060,0,,,206,97,109,12,5,7,192,91,101,94,47,47,187,87,100,186,87,99,98,44,54,42,16,26,9,3,6,1,0,1,3,0,3,100,100,40,37,8,10,2,3,0,57,49,8,3,68,1,28,23
55404061,0,,,402,191,211,13,7,6,371,174,197,166,72,94,362,168,194,356,165,191,205,102,103,93,40,53,20,5,15,2,0,2,11,2,9,225,225,95,102,18,4,4,1,1,127,113,14,4,136,21,38,65
55404062,0,,,170,86,84,8,4,4,145,73,72,55,28,27,144,72,72,143,71,72,90,45,45,38,21,17,11,4,7,2,0,2,1,1,0,98,98,47,36,10,4,1,0,0,49,44,5,3,62,0,24,21
55404063,0,,,55,29,26,5,2,3,49,26,23,30,16,14,48,26,22,47,25,22,19,10,9,8,4,4,2,0,2,0,0,0,0,0,0,27,27,8,13,4,1,1,0,0,19,17,2,0,13,1,4,6
55404064,0,,,38,15,23,2,1,1,36,14,22,20,8,12,36,14,22,35,14,21,16,6,10,7,3,4,1,1,0,1,1,0,0,0,0,18,18,5,9,2,1,1,0,0,13,11,2,1,11,0,3,4
55404065,0,,,37,19,18,3,2,1,34,17,17,21,13,8,34,17,17,33,16,17,13,4,9,6,1,5,2,0,2,1,0,1,0,0,0,13,13,5,2,2,1,1,1,1,8,5,3,1,9,0,3,1
55404066,0,,,54,25,29,0,0,0,54,25,29,25,12,13,53,25,28,53,25,28,29,13,16,10,3,7,5,1,4,0,0,0,0,0,0,20,20,2,8,8,0,1,0,1,17,13,4,0,17,0,2,4
55404067,0,,,58,31,27,4,3,1,53,28,25,33,19,14,51,27,24,50,26,24,20,9,11,8,2,6,5,1,4,1,0,1,0,0,0,22,22,8,3,5,4,0,1,1,14,10,4,1,14,0,5,0
55404068,1,,55404069,154,76,78,13,8,5,147,71,76,77,37,40,141,70,71,140,69,71,70,34,36,34,13,21,12,3,9,1,1,0,1,0,1,51,51,12,13,6,13,2,6,1,41,21,20,4,45,0,9,6
55404069,2,55404068,,7,4,3,*,*,*,*,*,*,*,*,*,*,*,*,*,*,*,*,*,*,*,*,*,*,*,*,*,*,*,*,*,*,2,2,*,*,*,*,*,*,*,*,*,*,*,*,*,*,*
55404070,0,,,171,80,91,10,3,7,160,76,84,70,34,36,156,75,81,155,74,81,90,42,48,47,20,27,12,5,7,1,0,1,3,1,2,80,80,28,28,15,6,1,1,1,51,35,16,3,61,0,19,20
55404071,0,,,325,154,171,10,5,5,271,128,143,108,51,57,270,127,143,268,126,142,163,77,86,62,30,32,7,3,4,0,0,0,2,0,2,195,195,97,77,14,3,4,0,0,97,93,4,4,103,3,35,52
55404072,0,,,128,63,65,6,5,1,112,53,59,61,30,31,109,51,58,108,50,58,51,23,28,16,5,11,6,3,3,1,0,1,0,0,0,65,65,31,16,10,6,1,1,0,33,27,6,2,35,0,13,6
55404073,0,,,112,51,61,13,8,5,97,42,55,63,28,35,95,42,53,92,41,51,34,14,20,21,7,14,8,2,6,2,1,1,2,1,1,43,43,11,14,7,5,5,0,1,31,25,6,3,22,0,5,5
55404074,0,,,43,25,18,1,1,0,42,24,18,11,5,6,42,24,18,42,24,18,31,19,12,9,6,3,6,3,3,0,0,0,0,0,0,21,21,5,10,6,0,0,0,0,16,15,1,0,19,0,5,8
55404075,0,,,19,11,8,0,0,0,19,11,8,14,8,6,19,11,8,18,11,7,5,3,2,4,2,2,2,1,1,0,0,0,0,0,0,7,7,2,2,0,2,1,0,0,5,4,1,0,3,0,1,1
55404076,0,,,38,21,17,0,0,0,38,21,17,17,10,7,38,21,17,38,21,17,21,11,10,9,5,4,2,1,1,0,0,0,0,0,0,18,18,6,7,3,1,1,0,0,12,10,2,0,14,0,4,6
55404077,0,,,94,45,49,12,4,8,81,40,41,35,17,18,79,39,40,78,39,39,46,23,23,17,7,10,9,2,7,2,1,1,1,0,1,33,33,5,13,8,2,1,3,1,28,22,6,3,26,0,3,10
55404078,0,,,55,28,27,5,1,4,50,27,23,26,15,11,50,27,23,49,26,23,24,12,12,16,8,8,2,1,1,0,0,0,0,0,0,18,18,3,5,3,4,1,2,0,15,8,7,0,17,0,3,1
55404079,0,,,23,13,10,1,0,1,22,13,9,11,8,3,22,13,9,21,12,9,11,5,6,2,0,2,0,0,0,0,0,0,0,0,0,8,8,1,1,4,2,0,0,0,7,6,1,1,7,0,1,1
55404080,0,,,75,36,39,4,3,1,68,31,37,34,16,18,68,31,37,67,30,37,34,15,19,17,8,9,6,3,3,1,0,1,0,0,0,41,41,19,15,4,1,2,0,0,22,21,1,2,22,4,6,10
55404081,0,,,14,5,9,0,0,0,14,5,9,2,0,2,14,5,9,14,5,9,12,5,7,5,2,3,2,0,2,1,0,1,0,0,0,6,6,0,4,2,0,0,0,0,6,5,1,0,6,0,0,3
55404082,0,,,80,40,40,3,1,2,69,35,34,27,12,15,67,35,32,67,35,32,42,23,19,17,8,9,3,1,2,0,0,0,0,0,0,44,44,15,24,4,0,1,0,0,29,28,1,0,26,0,5,18
55404083,1,,55404092,127,63,64,11,5,6,114,57,57,54,24,30,111,55,56,110,55,55,60,33,27,22,11,11,4,1,3,0,0,0,0,0,0,53,53,15,27,5,2,1,0,4,38,31,7,2,37,0,5,19
55404084,0,,,51,25,26,5,2,3,46,23,23,30,13,17,44,22,22,43,22,21,16,10,6,8,5,3,1,1,0,0,0,0,0,0,0,16,16,3,4,2,4,0,3,0,13,7,6,3,11,0,3,2
55404085,0,,,76,40,36,4,1,3,72,39,33,42,24,18,71,39,32,71,39,32,30,15,15,9,4,5,6,2,4,0,0,0,3,1,2,32,32,10,11,5,3,2,0,1,21,15,6,1,23,0,7,2
55404086,0,,,60,29,31,8,4,4,52,25,27,34,17,17,50,24,26,49,24,25,18,8,10,8,3,5,4,2,2,0,0,0,0,0,0,18,18,3,2,7,1,3,1,1,15,10,5,0,13,0,3,0
55404087,0,,,61,30,31,3,2,1,58,28,30,36,16,20,55,26,29,55,26,29,22,12,10,11,3,8,2,0,2,0,0,0,5,0,5,28,28,11,8,5,2,1,1,0,17,12,5,1,16,2,4,4
55404088,0,,,48,22,26,3,1,2,45,21,24,23,10,13,45,21,24,44,21,23,22,11,11,9,4,5,3,1,2,0,0,0,1,0,1,19,19,6,5,2,4,2,0,0,13,9,4,1,16,0,6,3
55404089,0,,,15,10,5,3,3,0,12,7,5,5,3,2,12,7,5,12,7,5,7,4,3,2,1,1,1,0,1,0,0,0,0,0,0,7,7,3,2,1,0,1,0,0,4,3,1,1,5,0,2,2
55404090,0,,,133,66,67,6,4,2,125,61,64,70,36,34,122,60,62,121,59,62,55,25,30,24,11,13,7,1,6,1,0,1,0,0,0,62,62,19,28,7,6,0,1,1,42,34,8,2,36,6,4,14
55404091,0,,,68,37,31,3,1,2,65,36,29,40,24,16,62,35,27,62,35,27,25,12,13,12,7,5,2,1,1,0,0,0,0,0,0,32,32,14,10,2,4,0,2,0,18,15,3,0,15,5,4,4
55404092,2,55404083,,1,1,0,*,*,*,*,*,*,*,*,*,*,*,*,*,*,*,*,*,*,*,*,*,*,*,*,*,*,*,*,*,*,1,1,*,*,*,*,*,*,*,*,*,*,*,*,*,*,*
55404093,2,55404094,,10,6,4,*,*,*,*,*,*,*,*,*,*,*,*,*,*,*,*,*,*,*,*,*,*,*,*,*,*,*,*,*,*,2,2,*,*,*,*,*,*,*,*,*,*,*,*,*,*,*
55404094,1,,55404093,17,8,9,4,3,1,23,11,12,11,6,5,23,11,12,23,11,12,12,5,7,7,3,4,3,0,3,0,0,0,0,0,0,8,8,3,2,2,2,0,1,0,7,5,2,1,8,0,3,1
55404095,0,,,25,12,13,1,0,1,23,12,11,14,6,8,22,12,10,22,12,10,9,6,3,4,2,2,1,0,1,1,0,1,0,0,0,10,10,3,3,2,1,0,1,0,7,4,3,1,6,0,0,2
55404096,0,,,59,31,28,5,2,3,54,29,25,20,13,7,54,29,25,54,29,25,34,16,18,12,3,9,6,0,6,1,0,1,4,1,3,24,24,7,8,4,3,1,0,1,16,11,5,1,18,1,2,5
55404097,0,,,81,38,43,11,4,7,69,34,35,41,22,19,68,33,35,66,33,33,28,12,16,16,7,9,4,3,1,0,0,0,15,5,10,34,34,17,5,4,3,2,2,1,17,10,7,2,16,7,2,4
55404098,0,,,27,13,14,0,0,0,27,13,14,9,5,4,27,13,14,27,13,14,18,8,10,11,5,6,1,0,1,0,0,0,0,0,0,14,14,4,7,3,0,0,0,0,10,9,1,0,13,0,4,4
55404099,0,,,41,18,23,5,3,2,36,15,21,23,10,13,36,15,21,35,15,20,13,5,8,7,3,4,2,1,1,0,0,0,0,0,0,10,10,0,1,4,2,1,1,1,9,5,4,1,7,0,0,1
55404100,0,,,146,75,71,19,9,10,127,66,61,77,42,35,120,60,60,118,60,58,50,24,26,29,13,16,10,3,7,0,0,0,0,0,0,44,44,5,16,8,3,4,5,3,39,26,13,4,33,0,4,10
55404101,0,,,70,36,34,4,3,1,65,32,33,34,18,16,64,32,32,63,31,32,31,14,17,15,6,9,5,2,3,0,0,0,0,0,0,30,30,11,9,4,3,2,0,1,19,12,7,2,21,0,7,4
55404102,0,,,9,4,5,0,0,0,9,4,5,2,1,1,9,4,5,9,4,5,7,3,4,5,1,4,3,1,2,0,0,0,0,0,0,5,5,2,2,1,0,0,0,0,3,2,1,0,4,0,2,1
55404104,0,,,77,41,36,9,6,3,68,35,33,42,23,19,64,33,31,63,33,30,26,12,14,15,5,10,3,1,2,1,0,1,1,0,1,23,23,3,6,5,3,3,2,1,20,13,7,2,18,0,3,2
55404106,2,55404128,,2,1,1,*,*,*,*,*,*,*,*,*,*,*,*,*,*,*,*,*,*,*,*,*,*,*,*,*,*,*,*,*,*,1,1,*,*,*,*,*,*,*,*,*,*,*,*,*,*,*
55404107,2,55404128,,7,4,3,*,*,*,*,*,*,*,*,*,*,*,*,*,*,*,*,*,*,*,*,*,*,*,*,*,*,*,*,*,*,2,2,*,*,*,*,*,*,*,*,*,*,*,*,*,*,*
55404110,0,,,544,221,323,48,21,27,496,200,296,241,123,118,483,193,290,472,189,283,255,77,178,191,50,141,113,22,91,22,3,19,11,0,11,172,168,46,52,30,24,11,3,2,120,96,24,11,101,1,27,19
55404111,0,,,32,15,17,3,0,3,29,15,14,17,9,8,29,15,14,29,15,14,12,6,6,6,3,3,2,0,2,0,0,0,0,0,0,11,11,2,3,2,3,0,1,0,9,6,3,2,8,0,0,2
55404112,0,,,37,20,17,1,1,0,36,19,17,21,12,9,35,18,17,34,17,17,15,7,8,9,3,6,3,0,3,1,0,1,1,0,1,18,18,7,5,4,2,0,0,0,11,8,3,1,9,0,2,3
55404114,0,,,56,27,29,7,4,3,49,23,26,28,14,14,48,22,26,46,21,25,21,9,12,7,1,6,4,1,3,1,0,1,0,0,0,13,13,1,3,0,4,1,2,2,12,3,9,0,12,0,1,2
55404120,0,,,391,191,200,43,21,22,348,170,178,232,119,113,334,163,171,325,160,165,116,51,65,50,21,29,12,2,10,1,0,1,1,0,1,129,129,22,32,31,17,19,7,1,107,76,31,9,79,0,15,12
55404121,0,,,121,61,60,16,12,4,105,49,56,55,27,28,101,48,53,98,47,51,50,22,28,21,9,12,6,1,5,1,0,1,0,0,0,45,45,16,9,7,4,6,2,1,29,18,11,4,34,0,10,6
55404122,0,,,38,22,16,2,1,1,36,21,15,17,10,7,36,21,15,36,21,15,19,11,8,10,3,7,6,1,5,0,0,0,0,0,0,20,20,10,4,4,2,0,0,0,9,6,3,1,16,0,8,0
55404123,0,,,11,6,5,0,0,0,11,6,5,9,6,3,10,6,4,10,6,4,2,0,2,1,0,1,1,0,1,0,0,0,3,2,1,5,5,1,2,2,0,0,0,0,4,4,0,0,2,0,0,0
55404124,0,,,65,33,32,0,0,0,65,33,32,34,19,15,65,33,32,65,33,32,31,14,17,20,8,12,13,6,7,1,1,0,0,0,0,24,24,5,4,10,4,0,1,0,19,11,8,0,19,0,4,1
55404128,1,,55404106;55404107;55404137,28,14,14,3,2,1,38,19,19,19,11,8,37,18,19,37,18,19,19,8,11,11,4,7,8,3,5,1,0,1,0,0,0,8,8,2,6,0,1,2,0,2,10,5,5,1,10,0,1,3
55404130,0,,,85,42,43,3,1,2,82,41,41,50,27,23,79,39,40,74,35,39,32,14,18,9,3,6,2,1,1,0,0,0,2,1,1,37,37,11,14,4,6,2,0,0,26,20,6,0,24,0,5,6
55404131,0,,,90,46,44,10,6,4,80,40,40,39,20,19,79,40,39,79,40,39,41,20,21,19,9,10,4,1,3,2,0,2,1,1,0,32,32,7,11,4,5,2,2,1,25,14,11,2,25,0,5,8
55404132,0,,,22,12,10,2,0,2,20,12,8,11,7,4,20,12,8,20,12,8,9,5,4,5,3,2,2,1,1,0,0,0,0,0,0,7,7,1,3,0,2,0,0,1,6,4,2,1,5,0,1,2
55404133,0,,,10,4,6,0,0,0,10,4,6,5,3,2,10,4,6,10,4,6,5,1,4,2,0,2,1,0,1,0,0,0,0,0,0,4,4,1,0,3,0,0,0,0,3,2,1,0,4,0,1,0
55404134,0,,,12,6,6,0,0,0,12,6,6,4,4,0,12,6,6,12,6,6,8,2,6,5,1,4,0,0,0,0,0,0,0,0,0,5,5,1,1,3,0,0,0,0,4,3,1,0,5,0,1,1
55404137,2,55404128,,6,3,3,*,*,*,*,*,*,*,*,*,*,*,*,*,*,*,*,*,*,*,*,*,*,*,*,*,*,*,*,*,*,2,2,*,*,*,*,*,*,*,*,*,*,*,*,*,*,*
55404140,0,,,65,30,35,10,6,4,55,24,31,31,14,17,54,23,31,54,23,31,24,10,14,8,1,7,4,0,4,0,0,0,0,0,0,25,25,8,6,5,3,1,1,1,17,12,5,3,15,0,5,4
55404141,0,,,11,6,5,1,0,1,10,6,4,5,4,1,9,5,4,9,5,4,5,2,3,4,2,2,2,1,1,0,0,0,0,0,0,5,5,1,3,0,1,0,0,0,4,4,0,0,3,0,0,1
55404142,0,,,39,19,20,2,1,1,37,18,19,21,13,8,37,18,19,36,18,18,16,5,11,10,2,8,5,0,5,0,0,0,0,0,0,11,11,2,2,1,4,0,0,2,9,5,4,2,10,0,2,1
55404143,1,,55404144,82,41,41,3,3,0,81,39,42,54,27,27,80,38,42,78,38,40,27,12,15,17,7,10,6,2,4,0,0,0,0,0,0,28,28,4,9,8,4,3,0,1,25,16,9,0,20,0,3,4
55404144,2,55404143,,2,1,1,*,*,*,*,*,*,*,*,*,*,*,*,*,*,*,*,*,*,*,*,*,*,*,*,*,*,*,*,*,*,1,1,*,*,*,*,*,*,*,*,*,*,*,*,*,*,*
55404146,2,55404147,,1,0,1,*,*,*,*,*,*,*,*,*,*,*,*,*,*,*,*,*,*,*,*,*,*,*,*,*,*,*,*,*,*,1,1,*,*,*,*,*,*,*,*,*,*,*,*,*,*,*
55404147,1,,55404146;55404157,41,22,19,6,4,2,47,24,23,25,13,12,44,22,22,44,22,22,22,11,11,11,5,6,4,1,3,0,0,0,0,0,0,13,13,3,5,2,1,1,3,1,13,8,5,1,13,0,3,3
55404150,2,55404160,,2,1,1,*,*,*,*,*,*,*,*,*,*,*,*,*,*,*,*,*,*,*,*,*,*,*,*,*,*,*,*,*,*,1,1,*,*,*,*,*,*,*,*,*,*,*,*,*,*,*
55404151,2,55404160,,2,1,1,*,*,*,*,*,*,*,*,*,*,*,*,*,*,*,*,*,*,*,*,*,*,*,*,*,*,*,*,*,*,1,1,*,*,*,*,*,*,*,*,*,*,*,*,*,*,*
55404152,0,,,38,21,17,2,1,1,36,20,16,22,13,9,33,17,16,33,17,16,14,7,7,6,3,3,3,2,1,1,1,0,0,0,0,14,14,2,4,5,2,1,0,0,12,9,3,0,8,0,1,2
55404153,0,,,10,5,5,0,0,0,10,5,5,2,2,0,10,5,5,10,5,5,8,3,5,3,0,3,3,0,3,1,0,1,0,0,0,5,5,1,3,1,0,0,0,0,4,3,1,0,5,0,1,1
55404154,2,55404155,,8,5,3,*,*,*,*,*,*,*,*,*,*,*,*,*,*,*,*,*,*,*,*,*,*,*,*,*,*,*,*,*,*,2,2,*,*,*,*,*,*,*,*,*,*,*,*,*,*,*
55404155,1,,55404154,18,10,8,4,2,2,22,13,9,14,9,5,22,13,9,22,13,9,8,4,4,7,3,4,1,1,0,0,0,0,0,0,0,4,4,1,1,1,0,0,1,2,4,1,3,2,4,0,0,0
55404156,1,,55404167,10,5,5,0,0,0,13,7,6,5,3,2,13,7,6,13,7,6,8,4,4,3,1,2,0,0,0,0,0,0,0,0,0,4,4,2,3,0,0,1,0,0,4,4,0,0,6,0,2,2
55404157,2,55404147,,11,6,5,*,*,*,*,*,*,*,*,*,*,*,*,*,*,*,*,*,*,*,*,*,*,*,*,*,*,*,*,*,*,2,2,*,*,*,*,*,*,*,*,*,*,*,*,*,*,*
55404158,0,,,27,12,15,4,1,3,23,11,12,12,6,6,23,11,12,23,11,12,11,5,6,6,1,5,4,1,3,0,0,0,0,0,0,9,9,3,1,0,3,2,0,0,6,1,5,2,8,0,3,0
55404160,1,,55404150;55404151;55404161;55404170,75,41,34,9,6,3,84,42,42,53,25,28,83,41,42,82,41,41,31,17,14,19,10,9,10,5,5,0,0,0,1,0,1,19,19,4,6,7,5,1,1,3,23,14,9,4,22,0,3,3
55404161,2,55404160,,8,3,5,*,*,*,*,*,*,*,*,*,*,*,*,*,*,*,*,*,*,*,*,*,*,*,*,*,*,*,*,*,*,4,4,*,*,*,*,*,*,*,*,*,*,*,*,*,*,*
55404162,0,,,55,29,26,0,0,0,55,29,26,35,19,16,54,29,25,49,25,24,20,10,10,13,5,8,5,2,3,0,0,0,0,0,0,17,17,5,2,1,3,5,1,0,12,3,9,0,13,0,2,1
55404163,1,,55404164,11,6,5,0,0,0,13,7,6,5,3,2,13,7,6,13,7,6,8,4,4,1,1,0,1,1,0,0,0,0,0,0,0,6,6,3,2,2,0,0,0,0,3,3,0,0,6,0,2,1
55404164,2,55404163,,2,1,1,*,*,*,*,*,*,*,*,*,*,*,*,*,*,*,*,*,*,*,*,*,*,*,*,*,*,*,*,*,*,1,1,*,*,*,*,*,*,*,*,*,*,*,*,*,*,*
55404165,2,55404166,,9,3,6,*,*,*,*,*,*,*,*,*,*,*,*,*,*,*,*,*,*,*,*,*,*,*,*,*,*,*,*,*,*,4,4,*,*,*,*,*,*,*,*,*,*,*,*,*,*,*
55404166,1,,55404165,16,8,8,3,1,2,22,10,12,9,4,5,22,10,12,22,10,12,13,6,7,7,2,5,3,1,2,0,0,0,0,0,0,8,8,5,4,1,1,1,0,0,7,7,0,1,10,0,5,2
55404167,2,55404156,,3,2,1,*,*,*,*,*,*,*,*,*,*,*,*,*,*,*,*,*,*,*,*,*,*,*,*,*,*,*,*,*,*,2,2,*,*,*,*,*,*,*,*,*,*,*,*,*,*,*
55404168,0,,,198,102,96,18,12,6,180,90,90,101,55,46,173,87,86,170,85,85,79,35,44,39,15,24,13,4,9,0,0,0,1,0,1,57,57,7,19,6,7,8,4,6,49,24,25,5,47,0,4,11
55404170,2,55404160,,6,2,4,*,*,*,*,*,*,*,*,*,*,*,*,*,*,*,*,*,*,*,*,*,*,*,*,*,*,*,*,*,*,2,2,*,*,*,*,*,*,*,*,*,*,*,*,*,*,*
55404171,0,,,75,40,35,1,1,0,74,39,35,51,27,24,71,39,32,70,39,31,23,12,11,11,6,5,3,1,2,0,0,0,0,0,0,25,25,4,7,8,1,2,2,1,19,11,8,0,17,0,3,2
55404172,0,,,18,10,8,4,3,1,14,7,7,8,4,4,12,6,6,12,6,6,6,3,3,1,0,1,1,0,1,0,0,0,0,0,0,4,4,1,1,1,0,0,0,1,3,2,1,1,4,0,1,0
55404173,0,,,61,28,33,3,2,1,58,26,32,24,11,13,57,25,32,57,25,32,34,15,19,15,6,9,4,1,3,0,0,0,0,0,0,19,19,1,7,4,3,2,2,0,18,9,9,1,18,0,1,5
55404174,0,,,22,11,11,3,2,1,19,9,10,8,4,4,18,9,9,17,8,9,11,5,6,3,1,2,2,0,2,0,0,0,0,0,0,5,5,0,1,2,0,0,1,1,5,2,3,0,5,0,0,1
55404175,2,55404186,,6,4,2,*,*,*,*,*,*,*,*,*,*,*,*,*,*,*,*,*,*,*,*,*,*,*,*,*,*,*,*,*,*,2,2,*,*,*,*,*,*,*,*,*,*,*,*,*,*,*
55404176,2,55404177,,6,4,2,*,*,*,*,*,*,*,*,*,*,*,*,*,*,*,*,*,*,*,*,*,*,*,*,*,*,*,*,*,*,3,3,*,*,*,*,*,*,*,*,*,*,*,*,*,*,*
55404177,1,,55404176;55404187,13,7,6,1,0,1,27,16,11,12,8,4,26,16,10,26,16,10,15,8,7,2,1,1,1,0,1,0,0,0,0,0,0,7,7,5,2,5,1,0,0,0,8,7,1,1,9,0,3,1
55404178,1,,55404188,66,33,33,6,3,3,71,34,37,40,20,20,69,34,35,67,34,33,31,14,17,11,3,8,5,2,3,0,0,0,0,0,0,20,20,2,7,2,5,4,1,1,20,10,10,2,18,0,1,4
55404179,0,,,81,45,36,10,7,3,71,38,33,47,27,20,68,38,30,68,38,30,24,11,13,9,0,9,6,0,6,1,0,1,0,0,0,25,25,4,6,5,4,3,2,1,21,10,11,2,17,0,2,1
55404180,0,,,33,18,15,2,2,0,31,16,15,12,6,6,29,14,15,29,14,15,19,10,9,8,5,3,0,0,0,0,0,0,0,0,0,13,13,1,8,1,2,1,0,0,11,9,2,1,10,0,1,5
55404181,1,,55404192,81,42,39,1,1,0,80,42,38,26,13,13,80,42,38,79,42,37,54,29,25,20,13,7,0,0,0,0,0,0,0,0,0,41,41,11,21,9,1,0,0,0,29,28,1,1,33,0,6,16
55404182,2,55404183,,4,3,1,*,*,*,*,*,*,*,*,*,*,*,*,*,*,*,*,*,*,*,*,*,*,*,*,*,*,*,*,*,*,4,4,*,*,*,*,*,*,*,*,*,*,*,*,*,*,*
55404183,1,,55404182,17,7,10,3,0,3,18,10,8,10,7,3,17,9,8,17,9,8,8,3,5,5,2,3,1,0,1,0,0,0,1,0,1,5,5,5,1,1,0,1,1,0,4,2,2,0,5,0,2,1
55404184,0,,,26,11,15,2,0,2,24,11,13,13,5,8,24,11,13,23,11,12,11,6,5,6,3,3,4,2,2,1,0,1,0,0,0,9,9,1,2,3,3,0,0,0,8,4,4,2,7,0,1,1
55404185,0,,,13,5,8,2,0,2,11,5,6,9,4,5,10,4,6,10,4,6,2,1,1,1,0,1,0,0,0,0,0,0,0,0,0,4,4,0,0,3,1,0,0,0,4,3,1,0,2,0,0,0
55404186,1,,55404175,11,6,5,0,0,0,17,10,7,10,7,3,17,10,7,17,10,7,7,3,4,5,2,3,4,2,2,0,0,0,0,0,0,4,4,0,3,1,2,0,0,0,6,4,2,0,4,0,0,0
55404187,2,55404177,,9,5,4,*,*,*,*,*,*,*,*,*,*,*,*,*,*,*,*,*,*,*,*,*,*,*,*,*,*,*,*,*,*,3,3,*,*,*,*,*,*,*,*,*,*,*,*,*,*,*
55404188,2,55404178,,11,4,7,*,*,*,*,*,*,*,*,*,*,*,*,*,*,*,*,*,*,*,*,*,*,*,*,*,*,*,*,*,*,2,2,*,*,*,*,*,*,*,*,*,*,*,*,*,*,*
55404189,1,,55404198,89,43,46,6,3,3,88,42,46,47,21,26,86,42,44,86,42,44,41,21,20,23,9,14,9,4,5,0,0,0,0,0,0,26,26,3,7,7,2,7,1,1,25,13,12,2,24,0,3,3
55404190,0,,,83,44,39,1,1,0,80,41,39,27,15,12,79,41,38,78,41,37,53,26,27,28,13,15,4,2,2,0,0,0,3,2,1,48,48,21,21,4,2,0,0,0,27,24,3,0,35,0,13,15
55404191,0,,,89,45,44,0,0,0,89,45,44,33,18,15,87,44,43,86,43,43,56,27,29,26,13,13,4,1,3,1,1,0,1,0,1,50,50,15,33,1,0,1,0,0,35,34,1,0,34,0,7,22
55404192,2,55404181,,3,2,1,*,*,*,*,*,*,*,*,*,*,*,*,*,*,*,*,*,*,*,*,*,*,*,*,*,*,*,*,*,*,1,1,*,*,*,*,*,*,*,*,*,*,*,*,*,*,*
55404193,0,,,26,13,13,6,4,2,20,9,11,11,6,5,19,8,11,19,8,11,9,3,6,4,1,3,1,0,1,1,0,1,1,0,1,8,8,1,3,1,0,2,1,0,7,2,5,2,5,0,0,1
55404194,0,,,137,70,67,21,12,9,116,58,58,78,43,35,111,55,56,108,55,53,38,15,23,27,10,17,13,5,8,2,1,1,0,0,0,36,36,4,6,11,3,4,5,3,32,20,12,2,21,0,2,3
55404195,0,,,207,101,106,22,10,12,184,90,94,112,61,51,180,88,92,178,88,90,72,29,43,36,13,23,10,2,8,2,0,2,0,0,0,67,67,12,20,9,11,8,5,2,55,33,22,7,49,0,8,9
55404196,1,,55404197,29,16,13,4,1,3,30,15,15,21,12,9,30,15,15,28,13,15,9,3,6,5,1,4,3,1,2,0,0,0,0,0,0,8,8,4,2,2,3,1,1,0,8,5,3,2,8,0,4,0
55404197,2,55404196,,8,2,6,*,*,*,*,*,*,*,*,*,*,*,*,*,*,*,*,*,*,*,*,*,*,*,*,*,*,*,*,*,*,5,5,*,*,*,*,*,*,*,*,*,*,*,*,*,*,*
55404198,2,55404189,,5,2,3,*,*,*,*,*,*,*,*,*,*,*,*,*,*,*,*,*,*,*,*,*,*,*,*,*,*,*,*,*,*,2,2,*,*,*,*,*,*,*,*,*,*,*,*,*,*,*
55404205,0,,,111,53,58,14,8,6,97,45,52,62,27,35,88,42,46,85,41,44,35,18,17,14,5,9,7,2,5,0,0,0,1,1,0,32,32,4,7,8,4,3,4,2,28,15,13,0,25,0,3,5
55404206,0,,,32,18,14,2,1,1,30,17,13,15,9,6,30,17,13,29,16,13,15,8,7,9,4,5,4,2,2,0,0,0,0,0,0,11,11,3,2,3,1,1,0,1,8,5,3,0,9,0,2,1
55404209,0,,,116,64,52,11,9,2,105,55,50,62,36,26,104,54,50,102,53,49,43,19,24,24,10,14,11,3,8,2,0,2,0,0,0,32,32,2,10,7,5,3,1,4,30,16,14,4,26,0,2,4
55404216,0,,,84,42,42,5,5,0,79,37,42,48,25,23,77,36,41,75,34,41,31,12,19,16,3,13,3,1,2,0,0,0,0,0,0,23,23,1,4,8,5,1,3,1,22,9,13,1,22,0,1,4
55404217,0,,,127,57,70,15,5,10,112,52,60,59,29,30,107,50,57,103,47,56,53,23,30,24,8,16,14,5,9,0,0,0,0,0,0,35,35,1,12,8,6,2,4,2,34,20,14,2,30,0,1,9
55404218,0,,,23,11,12,1,1,0,22,10,12,11,5,6,22,10,12,21,9,12,11,5,6,4,1,3,2,1,1,0,0,0,0,0,0,8,8,1,1,4,2,0,0,0,7,3,4,0,6,0,0,0
55404219,0,,,35,16,19,5,1,4,30,15,15,21,12,9,30,15,15,30,15,15,9,3,6,7,2,5,4,1,3,0,0,0,0,0,0,9,9,1,2,3,0,0,0,3,8,3,5,2,6,0,0,0
55404227,0,,,67,31,36,7,2,5,60,29,31,34,15,19,56,28,28,55,28,27,26,14,12,15,8,7,2,1,1,0,0,0,0,0,0,15,15,0,4,1,3,3,1,3,15,5,10,1,15,0,0,1
55404228,0,,,151,67,84,13,5,8,138,62,76,76,37,39,130,58,72,130,58,72,62,25,37,32,9,23,15,2,13,3,1,2,0,0,0,47,47,9,7,12,12,3,1,3,38,18,20,2,39,0,7,4
55404232,0,,,27,15,12,6,3,3,21,12,9,11,8,3,21,12,9,21,12,9,10,4,6,4,1,3,1,0,1,0,0,0,0,0,0,7,7,2,0,3,0,0,0,2,5,2,3,2,6,0,2,0
55404238,0,,,74,41,33,12,8,4,62,33,29,40,23,17,57,29,28,55,28,27,22,10,12,8,4,4,4,1,3,0,0,0,0,0,0,18,18,1,1,7,4,1,1,3,16,6,10,1,15,0,1,0
55404239,0,,,364,185,179,38,20,18,324,163,161,209,113,96,314,160,154,308,156,152,115,50,65,53,22,31,16,3,13,1,0,1,2,0,2,141,141,41,39,25,20,7,8,1,99,72,27,12,76,4,16,20
55404242,0,,,30,16,14,0,0,0,30,16,14,14,7,7,30,16,14,30,16,14,16,9,7,9,5,4,2,0,2,0,0,0,0,0,0,13,13,4,5,1,2,1,0,0,8,7,1,0,12,0,3,3
55404244,0,,,20,12,8,2,1,1,18,11,7,9,6,3,17,10,7,17,10,7,9,5,4,3,1,2,1,0,1,0,0,0,0,0,0,8,8,3,0,3,2,0,0,0,5,3,2,1,7,0,3,0
55404245,1,,55404246,21,11,10,0,0,0,30,16,14,15,11,4,29,16,13,28,15,13,15,5,10,6,1,5,1,0,1,0,0,0,0,0,0,8,8,2,4,2,2,0,1,0,9,7,2,0,10,0,2,2
55404246,2,55404245,,9,5,4,*,*,*,*,*,*,*,*,*,*,*,*,*,*,*,*,*,*,*,*,*,*,*,*,*,*,*,*,*,*,3,3,*,*,*,*,*,*,*,*,*,*,*,*,*,*,*
55404247,0,,,64,32,32,10,4,6,54,28,26,28,14,14,52,26,26,50,25,25,26,14,12,12,5,7,10,5,5,0,0,0,1,1,0,14,14,2,2,2,1,2,1,4,12,3,9,3,14,0,2,1
55404248,0,,,34,22,12,2,2,0,32,20,12,21,14,7,30,18,12,30,18,12,11,6,5,2,1,1,2,1,1,0,0,0,0,0,0,13,13,3,2,6,1,1,0,0,9,7,2,0,6,0,1,1
55404249,1,,55404259,259,118,141,44,20,24,217,99,118,135,65,70,210,97,113,206,95,111,82,34,48,37,13,24,16,3,13,0,0,0,1,0,1,101,97,28,32,20,8,8,1,1,70,57,13,1,55,5,14,16
55404252,2,55404253,,6,4,2,*,*,*,*,*,*,*,*,*,*,*,*,*,*,*,*,*,*,*,*,*,*,*,*,*,*,*,*,*,*,2,2,*,*,*,*,*,*,*,*,*,*,*,*,*,*,*
55404253,1,,55404252,278,151,127,39,19,20,240,133,107,149,86,63,224,121,103,214,113,101,91,47,44,36,17,19,11,3,8,0,0,0,1,0,1,93,93,19,31,13,17,6,3,6,72,55,17,9,57,0,8,19
55404254,0,,,98,50,48,4,4,0,94,46,48,57,28,29,92,45,47,91,44,47,37,18,19,9,2,7,6,1,5,2,0,2,2,0,2,33,33,6,8,7,8,2,1,1,27,15,12,1,26,0,5,1
55404255,0,,,30,15,15,4,2,2,26,13,13,15,8,7,25,12,13,25,12,13,11,5,6,4,1,3,0,0,0,0,0,0,0,0,0,9,9,1,2,4,0,0,1,1,8,6,2,2,7,0,1,0
55404256,0,,,68,35,33,4,2,2,64,33,31,34,20,14,62,33,29,62,33,29,30,13,17,15,8,7,5,2,3,1,1,0,0,0,0,23,23,4,9,1,6,0,2,1,19,10,9,1,19,0,2,4
55404258,0,,,44,20,24,3,2,1,41,18,23,25,11,14,40,18,22,39,18,21,16,7,9,9,3,6,1,0,1,0,0,0,0,0,0,12,12,1,3,1,4,1,1,1,11,4,7,0,11,0,0,2
55404259,2,55404249,,2,1,1,*,*,*,*,*,*,*,*,*,*,*,*,*,*,*,*,*,*,*,*,*,*,*,*,*,*,*,*,*,*,1,1,*,*,*,*,*,*,*,*,*,*,*,*,*,*,*
55404261,0,,,25,10,15,3,2,1,22,8,14,14,6,8,20,7,13,20,7,13,8,2,6,4,1,3,2,0,2,0,0,0,0,0,0,7,7,0,0,5,1,0,1,0,7,2,5,1,5,0,0,0
55404262,0,,,79,39,40,6,3,3,73,36,37,54,29,25,70,35,35,69,34,35,19,7,12,7,1,6,4,1,3,0,0,0,0,0,0,24,24,4,4,5,7,1,2,1,20,11,9,1,15,0,2,1
55404263,0,,,884,435,449,124,57,67,760,378,382,483,249,234,730,367,363,720,361,359,277,129,148,142,58,84,50,21,29,2,0,2,5,1,4,308,306,74,84,51,48,21,17,11,230,166,64,29,187,1,49,41
55404264,0,,,379,196,183,46,25,21,333,171,162,218,112,106,326,166,160,321,163,158,115,59,56,49,19,30,16,2,14,4,0,4,4,0,4,118,118,20,34,25,14,6,11,8,98,60,38,11,73,0,9,14
55404265,0,,,208,103,105,27,12,15,181,91,90,107,62,45,176,87,89,173,86,87,74,29,45,37,13,24,19,5,14,1,0,1,0,0,0,72,72,18,16,15,9,9,3,2,54,38,16,7,52,0,14,7
55404266,0,,,104,51,53,13,7,6,91,44,47,50,27,23,90,43,47,86,42,44,41,17,24,22,9,13,6,3,3,1,0,1,0,0,0,26,26,3,3,7,2,4,5,2,23,8,15,5,23,0,1,2
55404267,0,,,252,123,129,41,15,26,211,108,103,127,64,63,202,105,97,200,104,96,84,44,40,31,12,19,21,8,13,1,0,1,1,0,1,67,67,8,16,12,8,5,11,7,59,28,31,9,55,0,6,6
55404268,0,,,206,99,107,15,5,10,191,94,97,112,60,52,183,91,92,176,89,87,79,34,45,38,14,24,10,2,8,3,1,2,0,0,0,66,66,12,17,13,6,12,5,1,54,29,25,4,50,0,8,9
55404269,0,,,485,248,237,92,46,46,393,202,191,291,157,134,369,188,181,361,185,176,102,45,57,46,18,28,16,7,9,1,0,1,1,0,1,142,142,15,33,34,24,20,9,7,127,93,34,21,68,0,10,12
55404270,0,,,88,44,44,7,4,3,81,40,41,47,23,24,81,40,41,81,40,41,34,17,17,15,6,9,8,3,5,1,1,0,0,0,0,23,23,1,5,4,6,3,2,2,22,9,13,5,19,0,0,2
55404271,0,,,144,65,79,14,3,11,130,62,68,80,41,39,125,59,66,124,59,65,50,21,29,32,12,20,15,4,11,1,1,0,0,0,0,44,44,7,11,8,6,7,3,2,37,19,18,3,32,0,6,7
55404272,0,,,390,203,187,50,27,23,340,176,164,206,111,95,331,170,161,327,167,160,134,65,69,59,24,35,23,7,16,2,1,1,0,0,0,123,123,19,36,27,16,8,7,10,104,64,40,7,83,0,13,18
55404273,0,,,461,223,238,67,41,26,394,182,212,238,114,124,383,176,207,376,174,202,156,68,88,83,34,49,32,11,21,0,0,0,2,0,2,150,150,28,37,32,23,16,8,6,120,74,46,17,96,0,17,22
55404274,0,,,228,105,123,40,19,21,188,86,102,133,61,72,180,85,95,173,79,94,55,25,30,28,10,18,13,6,7,1,0,1,1,0,1,71,71,11,15,17,13,8,6,1,60,43,17,8,38,1,7,6
55404275,0,,,146,80,66,12,7,5,134,73,61,81,45,36,130,69,61,128,68,60,53,28,25,32,16,16,16,7,9,0,0,0,0,0,0,44,44,9,10,12,3,3,3,4,35,20,15,4,35,1,6,4
55404276,0,,,43,21,22,3,2,1,40,19,21,25,12,13,40,19,21,40,19,21,15,7,8,8,3,5,4,2,2,0,0,0,0,0,0,10,10,0,2,3,1,0,2,2,10,4,6,1,10,0,0,1
55404277,0,,,135,68,67,24,14,10,111,54,57,69,36,33,108,51,57,105,48,57,42,18,24,14,5,9,9,3,6,2,1,1,0,0,0,30,30,2,5,2,7,2,6,6,28,9,19,7,24,0,1,2
55404278,0,,,33,18,15,1,1,0,32,17,15,17,10,7,31,16,15,30,15,15,15,7,8,8,3,5,5,2,3,0,0,0,0,0,0,10,10,0,3,3,3,0,1,0,10,5,5,0,10,0,0,2
55404279,0,,,53,35,18,6,2,4,47,33,14,42,32,10,44,31,13,44,31,13,5,1,4,1,0,1,1,0,1,0,0,0,12,12,0,29,29,20,2,3,1,2,1,0,9,7,2,1,3,14,0,0
55404280,0,,,27,14,13,3,1,2,24,13,11,13,8,5,23,12,11,23,12,11,11,5,6,5,2,3,1,0,1,0,0,0,0,0,0,11,11,3,3,2,3,0,0,0,8,6,2,0,7,0,2,2
55404281,0,,,275,143,132,28,19,9,247,124,123,165,81,84,240,121,119,236,119,117,82,43,39,41,19,22,9,4,5,1,0,1,0,0,0,105,105,21,39,18,16,9,1,1,83,66,17,9,53,0,10,16
55404282,0,,,149,72,77,8,3,5,141,69,72,92,49,43,135,66,69,131,63,68,49,20,29,29,8,21,13,1,12,0,0,0,6,6,0,57,57,17,14,14,4,3,4,1,40,25,15,4,35,4,7,8
55404283,0,,,101,47,54,17,8,9,84,39,45,50,25,25,79,37,42,78,37,41,34,14,20,15,4,11,4,2,2,0,0,0,0,0,0,25,25,2,5,6,4,2,1,5,23,11,12,4,20,0,1,3
55404284,0,,,149,73,76,12,8,4,137,65,72,72,38,34,133,62,71,132,61,71,65,27,38,38,12,26,18,5,13,4,0,4,1,0,1,42,42,6,6,8,11,7,2,2,36,12,24,1,39,0,6,5
55404285,0,,,91,48,43,3,1,2,88,47,41,43,26,17,87,46,41,86,45,41,45,21,24,26,12,14,10,4,6,1,1,0,0,0,0,29,29,3,8,8,6,2,1,1,26,13,13,0,24,0,1,5
55404286,0,,,120,44,76,2,2,0,118,42,76,14,8,6,118,42,76,118,42,76,104,34,70,93,28,65,73,22,51,19,2,17,0,0,0,10,9,2,1,3,1,1,1,0,7,4,3,0,8,0,2,0
55404287,0,,,140,73,67,19,9,10,121,64,57,73,41,32,119,62,57,116,61,55,48,23,25,23,9,14,12,4,8,2,0,2,0,0,0,34,34,2,9,4,7,2,4,6,32,11,21,4,29,0,1,5
55404288,2,55404289,,2,1,1,*,*,*,*,*,*,*,*,*,*,*,*,*,*,*,*,*,*,*,*,*,*,*,*,*,*,*,*,*,*,1,1,*,*,*,*,*,*,*,*,*,*,*,*,*,*,*
55404289,1,,55404288,363,180,183,54,29,25,311,152,159,190,100,90,297,142,155,290,139,151,121,52,69,50,13,37,24,2,22,1,0,1,1,0,1,93,93,9,16,24,15,6,12,12,84,38,46,12,72,1,7,3
55404290,0,,,109,49,60,17,10,7,92,39,53,55,27,28,90,38,52,88,36,52,37,12,25,23,7,16,5,0,5,1,0,1,0,0,0,35,35,7,8,5,8,4,2,1,28,16,12,1,24,0,3,3
55404291,0,,,94,48,46,12,7,5,82,41,41,47,25,22,79,38,41,79,38,41,35,16,19,17,6,11,5,3,2,0,0,0,0,0,0,32,32,4,13,8,3,3,0,1,27,20,7,1,24,0,3,3
55404292,0,,,177,94,83,13,9,4,164,85,79,97,56,41,161,83,78,159,82,77,67,29,38,37,11,26,19,4,15,1,0,1,4,4,0,61,61,12,17,16,5,5,4,2,48,28,20,3,42,2,6,7
55404294,0,,,37,20,17,2,1,1,35,19,16,22,13,9,34,18,16,33,18,15,13,6,7,7,3,4,4,1,3,0,0,0,0,0,0,10,10,0,3,3,0,2,2,0,10,5,5,0,9,0,0,2
55404295,0,,,53,25,28,4,1,3,49,24,25,27,14,13,49,24,25,48,23,25,22,10,12,11,4,7,8,3,5,0,0,0,0,0,0,16,16,3,4,2,3,2,1,1,13,8,5,2,12,0,3,2
55404297,0,,,144,61,83,17,5,12,127,56,71,66,27,39,123,55,68,119,55,64,61,29,32,24,8,16,11,1,10,1,0,1,1,0,1,41,41,6,10,8,6,3,4,4,35,16,19,3,35,0,5,7
55404298,0,,,76,42,34,11,8,3,65,34,31,45,22,23,62,32,30,61,31,30,20,12,8,9,5,4,3,1,2,0,0,0,0,0,0,20,20,1,7,3,3,1,2,3,19,14,5,2,12,0,1,5
55404300,0,,,29,13,16,3,0,3,26,13,13,14,8,6,25,13,12,24,12,12,12,5,7,6,1,5,3,0,3,1,0,1,0,0,0,7,7,1,1,1,1,0,2,1,6,2,4,0,6,0,1,0
55404301,0,,,372,164,208,37,15,22,332,148,184,208,96,112,317,144,173,310,138,172,124,52,72,61,23,38,25,8,17,1,0,1,1,0,1,129,129,25,37,25,22,12,6,2,103,68,35,10,82,0,17,15
55404303,0,,,10,4,6,1,0,1,9,4,5,3,1,2,9,4,5,9,4,5,6,3,3,1,0,1,0,0,0,0,0,0,0,0,0,4,4,0,2,2,0,0,0,0,4,4,0,1,3,0,0,2
55404304,2,55404314,,5,2,3,*,*,*,*,*,*,*,*,*,*,*,*,*,*,*,*,*,*,*,*,*,*,*,*,*,*,*,*,*,*,2,2,*,*,*,*,*,*,*,*,*,*,*,*,*,*,*
55404307,1,,55404316,13,7,6,0,0,0,20,10,10,9,5,4,20,10,10,20,10,10,11,5,6,4,1,3,2,0,2,0,0,0,0,0,0,5,5,2,4,2,1,0,0,0,7,6,1,0,6,0,1,3
55404308,0,,,14,7,7,0,0,0,14,7,7,10,4,6,14,7,7,14,7,7,4,3,1,2,1,1,1,1,0,0,0,0,0,0,0,4,4,0,1,2,0,0,1,0,4,3,1,0,3,0,0,1
55404309,0,,,38,20,18,3,1,2,35,19,16,16,10,6,34,18,16,33,18,15,19,9,10,5,2,3,3,0,3,0,0,0,0,0,0,17,17,6,7,2,0,0,2,0,11,7,4,0,12,0,3,4
55404310,0,,,31,14,17,5,1,4,26,13,13,18,9,9,25,12,13,25,12,13,8,4,4,8,4,4,1,1,0,0,0,0,0,0,0,6,6,0,1,0,1,2,1,1,6,1,5,1,4,0,0,0
55404311,0,,,180,93,87,15,9,6,165,84,81,96,52,44,162,83,79,160,82,78,69,32,37,36,16,20,17,4,13,0,0,0,1,1,0,57,57,13,12,12,7,5,4,4,43,22,21,6,46,1,9,6
55404314,1,,55404304;55404315;55404325,135,70,65,14,6,8,144,74,70,87,42,45,141,72,69,140,72,68,57,32,25,31,14,17,17,7,10,1,0,1,0,0,0,40,40,5,10,14,5,3,7,2,41,21,20,0,34,0,3,5
55404315,2,55404314,,12,5,7,*,*,*,*,*,*,*,*,*,*,*,*,*,*,*,*,*,*,*,*,*,*,*,*,*,*,*,*,*,*,3,3,*,*,*,*,*,*,*,*,*,*,*,*,*,*,*
55404316,2,55404307,,7,3,4,*,*,*,*,*,*,*,*,*,*,*,*,*,*,*,*,*,*,*,*,*,*,*,*,*,*,*,*,*,*,4,4,*,*,*,*,*,*,*,*,*,*,*,*,*,*,*
55404317,2,55404327,,3,1,2,*,*,*,*,*,*,*,*,*,*,*,*,*,*,*,*,*,*,*,*,*,*,*,*,*,*,*,*,*,*,1,1,*,*,*,*,*,*,*,*,*,*,*,*,*,*,*
55404318,0,,,12,6,6,0,0,0,12,6,6,7,4,3,11,6,5,11,6,5,5,2,3,2,0,2,0,0,0,0,0,0,0,0,0,5,5,1,2,1,1,0,0,0,4,3,1,0,4,0,0,0
55404319,0,,,13,6,7,0,0,0,13,6,7,7,3,4,13,6,7,13,6,7,6,3,3,6,3,3,0,0,0,0,0,0,0,0,0,5,5,0,3,1,1,0,0,0,5,4,1,0,3,0,0,2
55404320,0,,,631,296,335,65,31,34,561,263,298,345,187,158,547,256,291,539,250,289,216,76,140,156,43,113,89,21,68,16,1,15,8,4,4,223,222,73,70,24,28,13,10,4,148,109,39,23,96,20,14,27
55404321,0,,,618,274,344,57,30,27,548,237,311,310,152,158,532,232,300,525,231,294,238,85,153,152,46,106,84,18,66,15,1,14,3,1,2,229,228,81,73,28,19,17,6,4,146,109,37,16,116,2,37,27
55404322,2,55404332,,6,3,3,*,*,*,*,*,*,*,*,*,*,*,*,*,*,*,*,*,*,*,*,*,*,*,*,*,*,*,*,*,*,2,2,*,*,*,*,*,*,*,*,*,*,*,*,*,*,*
55404324,0,,,50,25,25,7,2,5,43,23,20,25,13,12,42,23,19,42,23,19,18,10,8,6,4,2,1,0,1,0,0,0,0,0,0,14,14,1,3,5,3,0,0,2,13,10,3,1,11,0,1,3
55404325,2,55404314,,6,3,3,*,*,*,*,*,*,*,*,*,*,*,*,*,*,*,*,*,*,*,*,*,*,*,*,*,*,*,*,*,*,1,1,*,*,*,*,*,*,*,*,*,*,*,*,*,*,*
55404326,2,55404327,,5,3,2,*,*,*,*,*,*,*,*,*,*,*,*,*,*,*,*,*,*,*,*,*,*,*,*,*,*,*,*,*,*,3,3,*,*,*,*,*,*,*,*,*,*,*,*,*,*,*
55404327,1,,55404317;55404326,16,7,9,2,0,2,22,11,11,9,6,3,22,11,11,22,11,11,13,5,8,7,2,5,4,1,3,0,0,0,0,0,0,5,5,2,3,3,0,0,0,1,7,4,3,0,8,0,1,1
55404328,0,,,16,10,6,0,0,0,16,10,6,7,5,2,16,10,6,16,10,6,9,5,4,3,1,2,2,1,1,0,0,0,0,0,0,8,8,4,1,2,1,0,0,0,4,3,1,0,6,0,3,1
55404329,1,,55404339,65,37,28,4,4,0,71,40,31,33,20,13,71,40,31,71,40,31,38,20,18,25,13,12,8,4,4,0,0,0,0,0,0,24,24,5,12,7,3,0,1,1,24,19,5,1,25,0,3,7
55404330,0,,,1654,811,843,215,112,103,1421,689,732,982,500,482,1370,667,703,1339,648,691,439,189,250,241,86,155,85,22,63,3,0,3,8,2,6,662,662,209,198,106,80,31,21,17,444,355,89,52,296,34,79,71
55404331,0,,,1296,628,668,172,92,80,1114,533,581,713,363,350,1061,502,559,1033,490,543,401,170,231,209,81,128,56,25,31,6,3,3,7,1,6,509,509,144,146,106,57,34,13,9,358,280,78,42,270,3,65,58
55404332,1,,55404322,91,49,42,11,8,3,86,44,42,50,23,27,85,43,42,85,43,42,36,21,15,18,11,7,2,2,0,0,0,0,0,0,0,32,32,3,15,5,7,3,1,0,31,23,8,2,23,0,2,9
55404333,2,55404344,,6,3,3,*,*,*,*,*,*,*,*,*,*,*,*,*,*,*,*,*,*,*,*,*,*,*,*,*,*,*,*,*,*,2,2,*,*,*,*,*,*,*,*,*,*,*,*,*,*,*
55404334,0,,,72,32,40,1,0,1,69,31,38,37,21,16,66,28,38,65,27,38,32,10,22,18,5,13,10,1,9,1,0,1,0,0,0,25,25,6,5,6,4,3,0,1,18,7,11,0,21,0,4,2
55404335,0,,,26,14,12,0,0,0,26,14,12,15,8,7,26,14,12,26,14,12,11,6,5,10,6,4,2,1,1,0,0,0,0,0,0,9,9,2,1,3,2,1,0,0,7,2,5,0,8,0,1,0
55404338,0,,,48,27,21,6,5,1,42,22,20,23,13,10,41,22,19,40,22,18,19,9,10,5,2,3,4,2,2,0,0,0,0,0,0,17,17,5,4,3,2,0,3,0,12,6,6,1,13,0,2,3
55404339,2,55404329,,10,7,3,*,*,*,*,*,*,*,*,*,*,*,*,*,*,*,*,*,*,*,*,*,*,*,*,*,*,*,*,*,*,5,5,*,*,*,*,*,*,*,*,*,*,*,*,*,*,*
55404340,0,,,1589,779,810,223,115,108,1338,647,691,889,451,438,1291,625,666,1266,613,653,449,196,253,229,88,141,76,24,52,3,0,3,7,2,5,653,653,210,197,110,74,35,11,16,429,342,87,79,304,32,76,76
55404341,0,,,701,347,354,87,43,44,614,304,310,408,210,198,597,299,298,582,287,295,206,94,112,101,39,62,54,18,36,10,0,10,5,3,2,257,254,59,77,60,40,10,6,2,194,163,31,23,105,10,19,27
55404344,1,,55404333,65,36,29,6,4,2,65,35,30,40,21,19,62,34,28,60,32,28,25,14,11,13,7,6,6,3,3,0,0,0,0,0,0,20,20,3,5,6,3,4,0,1,19,11,8,1,18,0,2,1
55404346,0,,,19,8,11,3,1,2,16,7,9,7,4,3,16,7,9,15,7,8,9,3,6,3,1,2,3,1,2,1,0,1,0,0,0,5,5,1,1,0,0,2,1,0,4,1,3,0,4,0,0,1
55404347,0,,,65,33,32,5,3,2,60,30,30,28,13,15,57,29,28,56,28,28,32,17,15,10,4,6,5,2,3,0,0,0,0,0,0,20,20,0,10,3,4,0,1,2,20,12,8,0,18,0,0,10
55404348,0,,,32,18,14,3,1,2,29,17,12,17,10,7,27,15,12,24,13,11,12,7,5,7,4,3,1,1,0,0,0,0,0,0,0,9,9,1,2,1,3,0,2,0,8,4,4,0,7,0,1,2
55404349,0,,,102,47,55,11,5,6,91,42,49,59,29,30,86,39,47,81,38,43,32,13,19,16,6,10,9,3,6,0,0,0,1,0,1,33,33,6,8,5,7,6,0,1,27,14,13,2,20,1,3,3
55404350,0,,,238,118,120,42,16,26,196,102,94,137,71,66,192,100,92,190,99,91,59,31,28,27,10,17,10,4,6,3,2,1,0,0,0,92,92,26,28,14,14,6,2,2,66,56,10,14,40,3,11,12
55404351,0,,,41,22,19,7,4,3,34,18,16,27,15,12,34,18,16,32,16,16,7,3,4,5,2,3,2,1,1,0,0,0,0,0,0,10,10,1,1,2,1,3,1,1,9,4,5,3,6,0,1,1
55404352,0,,,42,24,18,6,5,1,36,19,17,21,12,9,34,18,16,32,16,16,15,7,8,9,3,6,4,0,4,0,0,0,0,0,0,12,12,3,3,1,1,1,1,2,9,4,5,2,10,0,2,3
55404353,0,,,11,6,5,1,0,1,10,6,4,5,3,2,10,6,4,10,6,4,5,3,2,2,1,1,1,1,0,0,0,0,0,0,0,4,4,1,1,1,0,1,0,0,3,2,1,0,3,0,1,1
55404354,0,,,92,46,46,10,4,6,82,42,40,48,29,19,82,42,40,82,42,40,34,13,21,24,9,15,8,3,5,0,0,0,0,0,0,29,29,4,9,5,6,1,2,2,25,15,10,4,23,0,2,4
55404355,2,55404356,,9,3,6,*,*,*,*,*,*,*,*,*,*,*,*,*,*,*,*,*,*,*,*,*,*,*,*,*,*,*,*,*,*,2,2,*,*,*,*,*,*,*,*,*,*,*,*,*,*,*
55404356,1,,55404355,38,24,14,2,1,1,45,26,19,24,13,11,45,26,19,44,26,18,21,13,8,13,8,5,5,4,1,1,1,0,1,0,1,12,12,3,2,1,5,2,0,1,11,3,8,1,12,0,1,2
55404357,0,,,91,44,47,22,8,14,69,36,33,56,31,25,66,34,32,63,32,31,13,5,8,10,4,6,2,0,2,0,0,0,0,0,0,26,26,2,3,10,5,4,1,1,22,16,6,6,8,0,0,2
55404358,0,,,19,7,12,3,1,2,16,6,10,10,4,6,16,6,10,16,6,10,6,2,4,3,0,3,2,0,2,0,0,0,0,0,0,7,7,1,3,2,0,0,1,0,6,3,3,1,5,0,1,2
55404359,0,,,101,51,50,15,8,7,86,43,43,61,30,31,83,41,42,82,40,42,25,13,12,9,5,4,6,4,2,0,0,0,3,0,3,28,28,7,5,1,9,1,1,4,21,12,9,1,16,3,3,4
55404360,0,,,200,105,95,30,16,14,170,89,81,128,70,58,165,87,78,160,84,76,42,19,23,19,11,8,4,1,3,0,0,0,0,0,0,75,75,11,30,16,10,7,1,0,63,56,7,4,28,0,3,9
55404361,0,,,50,25,25,5,2,3,45,23,22,22,12,10,42,21,21,40,20,20,23,11,12,10,4,6,4,1,3,1,1,0,0,0,0,14,14,2,5,1,1,3,0,2,12,5,7,1,13,0,2,3
55404363,0,,,25,12,13,0,0,0,25,12,13,10,5,5,25,12,13,25,12,13,15,7,8,9,4,5,3,1,2,0,0,0,0,0,0,12,12,3,6,2,1,0,0,0,9,6,3,0,10,0,2,2
55404364,0,,,30,18,12,3,1,2,27,17,10,19,12,7,27,17,10,26,16,10,8,5,3,5,3,2,2,1,1,0,0,0,1,0,1,8,8,0,2,2,1,2,1,0,8,5,3,0,5,0,0,1
55404365,0,,,33,15,18,2,0,2,31,15,16,19,10,9,30,15,15,29,14,15,12,5,7,6,2,4,1,0,1,0,0,0,0,0,0,9,9,2,0,2,2,2,0,1,7,3,4,1,7,0,0,0
55404366,0,,,43,24,19,7,4,3,36,20,16,22,13,9,36,20,16,36,20,16,14,7,7,5,2,3,4,2,2,0,0,0,0,0,0,12,12,1,3,1,5,1,0,1,11,5,6,1,9,0,0,0
55404367,1,,55404368,95,49,46,16,11,5,81,39,42,52,26,26,78,36,42,78,36,42,29,13,16,14,4,10,9,2,7,0,0,0,0,0,0,23,23,1,6,5,2,4,3,3,23,9,14,4,18,0,0,3
55404368,2,55404367,,2,1,1,*,*,*,*,*,*,*,*,*,*,*,*,*,*,*,*,*,*,*,*,*,*,*,*,*,*,*,*,*,*,1,1,*,*,*,*,*,*,*,*,*,*,*,*,*,*,*
55404369,0,,,51,28,23,7,4,3,44,24,20,28,15,13,44,24,20,44,24,20,16,9,7,6,3,3,2,1,1,0,0,0,0,0,0,14,14,0,4,4,2,2,1,1,14,9,5,0,9,0,0,1
55404370,0,,,229,142,87,33,23,10,194,117,77,138,90,48,191,116,75,187,112,75,56,27,29,23,11,12,7,4,3,1,0,1,10,6,4,101,101,51,13,17,8,7,2,3,48,35,13,10,36,27,6,9
55404371,0,,,239,120,119,30,13,17,209,107,102,131,70,61,202,103,99,202,103,99,78,37,41,29,8,21,15,2,13,1,1,0,0,0,0,63,63,6,13,14,8,7,8,7,56,27,29,7,47,0,6,5
55404372,0,,,122,57,65,15,5,10,107,52,55,61,30,31,100,51,49,99,51,48,46,22,24,20,10,10,8,5,3,1,1,0,0,0,0,30,30,3,7,4,6,1,3,6,27,12,15,3,26,0,2,4
55404373,0,,,53,24,29,4,1,3,49,23,26,28,14,14,47,22,25,47,22,25,21,9,12,9,3,6,3,0,3,1,0,1,1,0,1,15,15,3,0,5,3,2,1,1,12,5,7,2,12,0,3,0
55404374,0,,,101,54,47,18,13,5,83,41,42,55,29,26,82,41,41,81,41,40,28,12,16,16,7,9,4,0,4,0,0,0,0,0,0,21,21,1,1,4,5,1,4,5,20,4,16,6,19,0,1,0
55404375,0,,,22,9,13,4,2,2,18,7,11,7,3,4,17,7,10,17,7,10,11,4,7,5,2,3,5,2,3,0,0,0,0,0,0,8,8,2,3,1,0,1,1,0,6,5,1,1,7,0,2,0
55404376,0,,,57,30,27,5,3,2,52,27,25,30,16,14,52,27,25,52,27,25,22,11,11,15,6,9,5,1,4,0,0,0,0,0,0,18,18,1,6,4,3,4,0,0,17,10,7,0,13,0,1,3
55404377,0,,,44,22,22,1,0,1,43,22,21,26,16,10,43,22,21,43,22,21,17,6,11,8,2,6,4,0,4,0,0,0,0,0,0,16,16,2,3,8,3,0,0,0,13,8,5,0,12,0,2,1
55404378,0,,,83,40,43,12,5,7,71,35,36,43,24,19,69,34,35,69,34,35,28,11,17,15,6,9,5,2,3,0,0,0,0,0,0,22,22,4,3,4,3,3,3,2,18,7,11,3,15,0,2,2
55404379,1,,55404389,61,33,28,12,8,4,58,28,30,30,14,16,55,28,27,53,27,26,28,14,14,9,4,5,4,1,3,0,0,0,0,0,0,20,20,4,7,3,2,1,0,4,17,11,6,2,19,0,4,5
55404381,0,,,63,33,30,7,3,4,56,30,26,30,16,14,54,29,25,54,29,25,26,14,12,19,9,10,7,3,4,0,0,0,0,0,0,16,16,1,4,5,1,1,1,3,15,8,7,2,15,0,0,3
55404382,0,,,451,226,225,78,44,34,372,182,190,259,128,131,355,173,182,342,166,176,113,54,59,61,28,33,17,8,9,0,0,0,2,0,2,150,150,34,30,31,29,12,11,3,116,83,33,20,72,1,17,8
55404383,0,,,228,117,111,23,11,12,203,105,98,112,54,58,199,102,97,197,100,97,91,51,40,48,25,23,14,7,7,0,0,0,2,0,2,84,84,22,26,14,12,3,1,6,61,41,20,5,57,2,9,14
55404384,0,,,83,43,40,11,6,5,72,37,35,45,26,19,71,36,35,70,36,34,27,11,16,18,6,12,8,3,5,0,0,0,1,0,1,21,21,1,4,6,2,3,4,1,20,8,12,2,16,0,1,1
55404385,0,,,53,27,26,9,5,4,44,22,22,24,13,11,44,22,22,43,22,21,20,9,11,10,3,7,5,1,4,0,0,0,0,0,0,17,17,5,3,4,0,1,3,1,12,6,6,1,14,0,5,3
55404386,1,,55404396,44,24,20,10,8,2,40,19,21,27,13,14,38,18,20,38,18,20,13,6,7,5,1,4,2,0,2,0,0,0,0,0,0,11,11,1,4,2,1,2,0,3,12,7,5,2,9,0,1,1
55404387,0,,,56,24,32,8,3,5,48,21,27,22,10,12,48,21,27,47,21,26,26,11,15,14,4,10,8,2,6,2,0,2,2,0,2,17,17,3,4,3,1,4,2,0,14,5,9,3,14,0,2,2
55404388,0,,,123,54,69,16,5,11,107,49,58,43,25,18,106,48,58,103,47,56,64,24,40,54,19,35,36,11,25,7,1,6,1,0,1,28,26,5,8,4,5,2,0,2,21,15,6,5,13,1,3,2
55404389,2,55404379,,9,3,6,*,*,*,*,*,*,*,*,*,*,*,*,*,*,*,*,*,*,*,*,*,*,*,*,*,*,*,*,*,*,1,1,*,*,*,*,*,*,*,*,*,*,*,*,*,*,*
55404390,0,,,133,66,67,15,8,7,118,58,60,75,36,39,112,57,55,110,56,54,43,22,21,18,9,9,6,2,4,2,1,1,1,0,1,38,38,3,12,3,11,4,2,3,35,19,16,1,25,0,2,7
55404391,0,,,101,55,46,14,9,5,87,46,41,40,20,20,85,45,40,82,42,40,47,26,21,17,9,8,5,2,3,0,0,0,0,0,0,33,33,5,13,6,3,0,2,4,28,16,12,5,28,0,4,9
55404392,0,,,993,459,534,102,51,51,891,408,483,523,261,262,858,391,467,837,382,455,368,147,221,219,70,149,102,18,84,19,1,18,3,0,3,335,334,72,101,71,53,20,11,6,262,200,62,18,202,0,54,52
55404393,0,,,1488,760,728,170,87,83,1309,668,641,806,442,364,1263,641,622,1243,630,613,503,226,277,243,100,143,80,21,59,7,0,7,5,3,2,580,580,172,160,110,73,28,27,10,405,291,114,30,331,30,78,68
55404394,0,,,20,9,11,0,0,0,20,9,11,11,5,6,20,9,11,19,9,10,9,4,5,6,2,4,3,0,3,0,0,0,0,0,0,9,9,1,6,1,1,0,0,0,8,7,1,0,6,0,1,2
55404395,0,,,36,19,17,4,3,1,32,16,16,17,9,8,32,16,16,32,16,16,15,7,8,9,4,5,4,2,2,0,0,0,0,0,0,11,11,1,6,1,0,1,0,2,10,6,4,0,9,0,1,1
55404396,2,55404386,,6,3,3,*,*,*,*,*,*,*,*,*,*,*,*,*,*,*,*,*,*,*,*,*,*,*,*,*,*,*,*,*,*,2,2,*,*,*,*,*,*,*,*,*,*,*,*,*,*,*
55404398,0,,,23,11,12,0,0,0,23,11,12,7,4,3,23,11,12,23,11,12,16,7,9,5,1,4,3,0,3,0,0,0,0,0,0,11,11,3,4,4,0,0,0,0,8,5,3,0,9,0,3,2
55404399,0,,,20,9,11,3,2,1,17,7,10,8,4,4,17,7,10,17,7,10,9,3,6,3,0,3,2,0,2,0,0,0,1,0,1,7,7,2,3,0,1,0,0,1,5,3,2,0,4,0,1,1
55404400,1,,55404401,21,12,9,0,0,0,27,15,12,14,8,6,27,15,12,27,15,12,13,7,6,9,5,4,2,1,1,0,0,0,0,0,0,7,7,0,4,3,1,0,1,0,9,6,3,0,8,0,0,3
55404401,2,55404400,,6,3,3,*,*,*,*,*,*,*,*,*,*,*,*,*,*,*,*,*,*,*,*,*,*,*,*,*,*,*,*,*,*,2,2,*,*,*,*,*,*,*,*,*,*,*,*,*,*,*
55404402,2,55404403,,6,3,3,*,*,*,*,*,*,*,*,*,*,*,*,*,*,*,*,*,*,*,*,*,*,*,*,*,*,*,*,*,*,2,2,*,*,*,*,*,*,*,*,*,*,*,*,*,*,*
55404403,1,,55404402,19,11,8,0,0,0,25,14,11,9,6,3,25,14,11,25,14,11,16,8,8,4,2,2,3,1,2,0,0,0,0,0,0,8,8,1,5,2,2,0,0,0,9,7,2,0,8,0,1,3
55404407,0,,,21,10,11,0,0,0,21,10,11,10,7,3,21,10,11,20,9,11,11,3,8,8,2,6,5,2,3,0,0,0,0,0,0,8,8,2,1,4,0,1,0,0,6,4,2,0,7,0,2,1
55404410,1,,55404411,30,17,13,0,0,0,33,19,14,17,12,5,30,17,13,30,17,13,16,7,9,4,1,3,2,0,2,1,0,1,0,0,0,11,11,1,5,4,1,0,1,0,11,9,2,0,9,0,1,3
55404411,2,55404410,,3,2,1,*,*,*,*,*,*,*,*,*,*,*,*,*,*,*,*,*,*,*,*,*,*,*,*,*,*,*,*,*,*,1,1,*,*,*,*,*,*,*,*,*,*,*,*,*,*,*
55404412,0,,,28,14,14,0,0,0,28,14,14,16,8,8,27,13,14,27,13,14,12,6,6,5,2,3,1,1,0,0,0,0,0,0,0,10,10,2,4,1,1,1,1,0,8,6,2,0,8,0,2,4
55404413,0,,,15,7,8,2,0,2,13,7,6,8,3,5,13,7,6,13,7,6,5,4,1,3,2,1,2,1,1,0,0,0,0,0,0,4,4,0,1,2,0,0,0,1,4,3,1,0,3,0,0,1
55404414,2,55404415,,4,2,2,*,*,*,*,*,*,*,*,*,*,*,*,*,*,*,*,*,*,*,*,*,*,*,*,*,*,*,*,*,*,1,1,*,*,*,*,*,*,*,*,*,*,*,*,*,*,*
55404415,1,,55404414,12,6,6,0,0,0,16,8,8,7,5,2,16,8,8,16,8,8,9,3,6,4,1,3,2,1,1,0,0,0,0,0,0,5,5,1,2,1,2,0,0,0,5,2,3,0,5,0,1,1
55404416,0,,,26,14,12,4,2,2,22,12,10,10,6,4,20,10,10,20,10,10,12,6,6,7,3,4,3,1,2,0,0,0,0,0,0,7,7,1,1,2,1,0,1,1,6,3,3,0,6,0,0,1
55404420,0,,,23,14,9,2,2,0,21,12,9,14,8,6,21,12,9,21,12,9,7,4,3,2,1,1,2,1,1,0,0,0,0,0,0,8,8,1,4,1,0,1,1,0,7,4,3,1,6,0,1,0
55404421,0,,,20,12,8,1,0,1,19,12,7,9,7,2,18,11,7,18,11,7,10,5,5,5,3,2,1,1,0,0,0,0,0,0,0,6,6,0,3,1,1,0,0,1,6,4,2,0,6,0,0,3
55404422,1,,55404432,10,6,4,0,0,0,14,8,6,8,5,3,14,8,6,14,8,6,6,3,3,2,1,1,2,1,1,0,0,0,0,0,0,4,4,0,2,2,1,0,0,0,5,4,1,0,4,0,0,1
55404423,0,,,12,6,6,0,0,0,12,6,6,7,3,4,12,6,6,12,6,6,5,3,2,3,1,2,0,0,0,0,0,0,0,0,0,4,4,0,1,2,1,0,0,0,4,2,2,0,4,0,0,1
55404425,1,,55404426,14,5,9,0,0,0,16,6,10,12,5,7,15,6,9,14,6,8,4,1,3,3,1,2,2,1,1,0,0,0,0,0,0,4,4,0,2,1,1,1,0,0,5,1,4,0,4,0,0,0
55404426,2,55404425,,2,1,1,*,*,*,*,*,*,*,*,*,*,*,*,*,*,*,*,*,*,*,*,*,*,*,*,*,*,*,*,*,*,1,1,*,*,*,*,*,*,*,*,*,*,*,*,*,*,*
55404428,2,55404449,,2,1,1,*,*,*,*,*,*,*,*,*,*,*,*,*,*,*,*,*,*,*,*,*,*,*,*,*,*,*,*,*,*,1,1,*,*,*,*,*,*,*,*,*,*,*,*,*,*,*
55404430,0,,,12,6,6,0,0,0,12,6,6,4,2,2,12,6,6,12,6,6,8,4,4,5,2,3,3,1,2,1,1,0,0,0,0,5,5,2,0,2,1,0,0,0,3,1,2,0,5,0,2,0
55404431,0,,,15,7,8,0,0,0,15,7,8,7,3,4,15,7,8,15,7,8,8,4,4,6,3,3,2,2,0,0,0,0,0,0,0,6,6,3,1,0,0,2,0,0,3,1,2,0,6,0,3,1
55404432,2,55404422,,4,2,2,*,*,*,*,*,*,*,*,*,*,*,*,*,*,*,*,*,*,*,*,*,*,*,*,*,*,*,*,*,*,1,1,*,*,*,*,*,*,*,*,*,*,*,*,*,*,*
55404433,1,,55404434,15,9,6,0,0,0,17,10,7,11,7,4,17,10,7,17,10,7,6,3,3,4,1,3,1,0,1,0,0,0,0,0,0,5,5,1,2,1,1,1,0,0,5,3,2,0,6,0,1,0
55404434,2,55404433,,2,1,1,*,*,*,*,*,*,*,*,*,*,*,*,*,*,*,*,*,*,*,*,*,*,*,*,*,*,*,*,*,*,1,1,*,*,*,*,*,*,*,*,*,*,*,*,*,*,*
55404437,2,55404438,,8,3,5,*,*,*,*,*,*,*,*,*,*,*,*,*,*,*,*,*,*,*,*,*,*,*,*,*,*,*,*,*,*,4,4,*,*,*,*,*,*,*,*,*,*,*,*,*,*,*
55404438,1,,55404437,2,1,1,0,0,0,10,4,6,5,2,3,10,4,6,9,4,5,5,2,3,5,2,3,2,0,2,0,0,0,0,0,0,1,1,3,1,0,0,1,0,0,2,1,1,0,5,0,3,0
55404440,0,,,128,61,67,12,5,7,116,56,60,57,29,28,114,55,59,111,54,57,59,27,32,36,18,18,9,5,4,0,0,0,1,0,1,59,59,24,18,5,8,3,1,0,35,25,10,3,40,1,14,12
55404441,0,,,27,17,10,2,1,1,25,16,9,12,7,5,24,15,9,23,14,9,13,9,4,7,5,2,1,1,0,0,0,0,0,0,0,9,9,3,2,1,1,0,1,1,6,3,3,0,9,0,3,1
55404442,0,,,31,15,16,4,2,2,27,13,14,15,8,7,24,11,13,24,11,13,12,5,7,5,1,4,1,0,1,0,0,0,0,0,0,11,11,4,3,1,0,0,3,0,7,3,4,0,8,0,2,2
55404443,1,,55404444;55404453;55404454,63,29,34,10,3,7,76,38,38,41,19,22,76,38,38,76,38,38,35,19,16,26,14,12,8,5,3,0,0,0,0,0,0,15,15,0,4,7,1,1,3,4,20,7,13,2,18,0,0,2
55404444,2,55404443,,3,2,1,*,*,*,*,*,*,*,*,*,*,*,*,*,*,*,*,*,*,*,*,*,*,*,*,*,*,*,*,*,*,1,1,*,*,*,*,*,*,*,*,*,*,*,*,*,*,*
55404446,2,55404466,,2,1,1,*,*,*,*,*,*,*,*,*,*,*,*,*,*,*,*,*,*,*,*,*,*,*,*,*,*,*,*,*,*,1,1,*,*,*,*,*,*,*,*,*,*,*,*,*,*,*
55404449,1,,55404428,71,35,36,5,4,1,68,32,36,33,16,17,67,32,35,66,32,34,35,16,19,15,7,8,8,3,5,2,0,2,1,0,1,22,22,0,11,5,3,2,0,2,23,13,10,1,21,0,0,4
55404450,0,,,179,93,86,18,12,6,161,81,80,93,48,45,158,80,78,156,78,78,68,33,35,42,17,25,23,10,13,0,0,0,8,0,8,78,78,29,24,9,9,4,2,1,49,38,11,6,46,2,14,11
55404451,1,,55404452,37,19,18,2,1,1,38,19,19,15,7,8,38,19,19,38,19,19,23,12,11,15,8,7,6,2,4,2,0,2,0,0,0,11,11,1,2,6,1,0,1,1,11,6,5,1,11,0,1,1
55404452,2,55404451,,3,1,2,*,*,*,*,*,*,*,*,*,*,*,*,*,*,*,*,*,*,*,*,*,*,*,*,*,*,*,*,*,*,1,1,*,*,*,*,*,*,*,*,*,*,*,*,*,*,*
55404453,2,55404443,,3,2,1,*,*,*,*,*,*,*,*,*,*,*,*,*,*,*,*,*,*,*,*,*,*,*,*,*,*,*,*,*,*,1,1,*,*,*,*,*,*,*,*,*,*,*,*,*,*,*
55404454,2,55404443,,17,8,9,*,*,*,*,*,*,*,*,*,*,*,*,*,*,*,*,*,*,*,*,*,*,*,*,*,*,*,*,*,*,3,3,*,*,*,*,*,*,*,*,*,*,*,*,*,*,*
55404455,1,,55404456,18,9,9,8,4,4,21,11,10,13,7,6,21,11,10,21,11,10,8,4,4,3,1,2,0,0,0,0,0,0,0,0,0,5,5,0,2,1,0,2,2,0,7,4,3,3,5,0,0,1
55404456,2,55404455,,11,6,5,*,*,*,*,*,*,*,*,*,*,*,*,*,*,*,*,*,*,*,*,*,*,*,*,*,*,*,*,*,*,2,2,*,*,*,*,*,*,*,*,*,*,*,*,*,*,*
55404459,0,,,17,9,8,0,0,0,17,9,8,7,4,3,17,9,8,17,9,8,10,5,5,8,4,4,3,2,1,0,0,0,0,0,0,7,7,1,4,0,2,0,0,0,6,4,2,0,7,0,1,3
55404460,0,,,65,35,30,11,5,6,54,30,24,37,23,14,53,29,24,53,29,24,17,7,10,6,2,4,3,1,2,0,0,0,0,0,0,25,25,6,9,4,4,0,1,1,19,16,3,2,14,0,5,1
55404462,0,,,71,39,32,8,5,3,63,34,29,39,22,17,58,31,27,57,31,26,24,12,12,18,8,10,5,1,4,0,0,0,0,0,0,18,18,0,5,2,3,6,1,1,18,9,9,2,15,0,0,3
55404466,1,,55404446,101,51,50,13,9,4,90,43,47,53,29,24,85,41,44,83,39,44,37,14,23,17,6,11,7,1,6,1,0,1,1,0,1,32,32,5,11,6,3,2,6,0,28,14,14,3,25,0,4,2
55404467,0,,,70,35,35,8,3,5,62,32,30,29,16,13,58,30,28,58,30,28,33,16,17,14,6,8,7,2,5,2,1,1,0,0,0,23,23,5,7,3,3,1,3,1,18,12,6,0,21,0,5,5
55404468,0,,,81,43,38,10,6,4,71,37,34,42,25,17,69,36,33,68,35,33,29,12,17,15,5,10,10,2,8,0,0,0,0,0,0,21,21,4,5,1,2,3,3,3,17,5,12,1,17,0,1,0
55404470,0,,,11,5,6,0,0,0,11,5,6,8,2,6,11,5,6,11,5,6,3,3,0,2,2,0,2,2,0,0,0,0,0,0,0,5,5,2,1,1,1,0,0,0,3,2,1,0,2,0,1,0
55404476,0,,,80,44,36,10,4,6,70,40,30,42,28,14,69,39,30,69,39,30,28,12,16,15,6,9,6,3,3,0,0,0,1,0,1,23,23,3,5,6,5,1,1,2,20,13,7,2,17,0,0,2
55404477,0,,,23,13,10,1,1,0,22,12,10,16,10,6,19,9,10,19,9,10,6,2,4,4,1,3,1,0,1,0,0,0,0,0,0,8,8,1,1,4,2,0,0,0,7,3,4,0,6,0,1,0
55404479,1,,55404488,16,6,10,2,0,2,17,7,10,9,4,5,17,7,10,17,7,10,8,3,5,4,1,3,2,0,2,0,0,0,0,0,0,5,5,0,2,3,0,0,1,0,6,2,4,0,6,0,0,2
55404480,0,,,78,42,36,12,7,5,66,35,31,34,20,14,60,30,30,60,30,30,32,15,17,15,8,7,4,1,3,0,0,0,0,0,0,21,21,2,7,0,4,4,2,2,19,9,10,2,18,0,0,5
55404481,0,,,25,12,13,2,1,1,23,11,12,17,8,9,22,10,12,22,10,12,6,3,3,4,2,2,0,0,0,0,0,0,0,0,0,5,5,0,0,0,2,1,2,0,5,2,3,1,4,0,0,0
55404483,2,55404494,,9,4,5,*,*,*,*,*,*,*,*,*,*,*,*,*,*,*,*,*,*,*,*,*,*,*,*,*,*,*,*,*,*,3,3,*,*,*,*,*,*,*,*,*,*,*,*,*,*,*
55404485,0,,,40,17,23,9,3,6,31,14,17,19,9,10,31,14,17,31,14,17,12,5,7,7,4,3,1,0,1,0,0,0,0,0,0,12,12,2,3,2,1,2,2,0,10,8,2,1,8,0,2,2
55404486,0,,,122,59,63,25,12,13,97,47,50,65,34,31,93,44,49,92,43,49,32,13,19,16,6,10,4,1,3,0,0,0,0,0,0,37,37,9,6,9,4,2,3,4,28,15,13,3,22,0,5,2
55404488,2,55404479,,3,1,2,*,*,*,*,*,*,*,*,*,*,*,*,*,*,*,*,*,*,*,*,*,*,*,*,*,*,*,*,*,*,1,1,*,*,*,*,*,*,*,*,*,*,*,*,*,*,*
55404489,0,,,17,8,9,3,1,2,14,7,7,8,4,4,14,7,7,14,7,7,6,3,3,2,1,1,1,1,0,0,0,0,0,0,0,4,4,0,0,2,0,1,1,0,4,2,2,0,4,0,0,0
55404490,0,,,11,5,6,0,0,0,11,5,6,8,3,5,10,5,5,10,5,5,3,2,1,1,1,0,1,1,0,0,0,0,0,0,0,4,4,2,1,0,0,0,0,1,2,1,1,0,2,0,0,1
55404491,0,,,132,71,61,17,12,5,115,59,56,68,33,35,114,58,56,112,57,55,47,26,21,21,12,9,6,3,3,0,0,0,1,0,1,37,37,4,10,6,5,5,5,2,33,20,13,0,28,0,3,5
55404494,1,,55404483,3,1,2,0,0,0,12,5,7,6,3,3,12,5,7,12,5,7,6,2,4,3,0,3,3,0,3,0,0,0,0,0,0,1,1,0,1,2,1,0,0,0,4,1,3,0,4,0,0,1
55404495,1,,55404496,71,35,36,15,7,8,61,31,30,36,20,16,58,29,29,58,29,29,25,11,14,14,6,8,8,3,5,1,1,0,0,0,0,25,25,11,6,3,2,3,1,2,17,10,7,2,18,0,10,3
55404496,2,55404495,,5,3,2,*,*,*,*,*,*,*,*,*,*,*,*,*,*,*,*,*,*,*,*,*,*,*,*,*,*,*,*,*,*,3,3,*,*,*,*,*,*,*,*,*,*,*,*,*,*,*
55404497,1,,55404498,59,31,28,6,3,3,61,32,29,43,22,21,58,30,28,57,29,28,18,10,8,10,4,6,4,2,2,0,0,0,0,0,0,16,16,1,5,2,4,3,2,1,17,10,7,1,15,0,1,3
55404498,2,55404497,,8,4,4,*,*,*,*,*,*,*,*,*,*,*,*,*,*,*,*,*,*,*,*,*,*,*,*,*,*,*,*,*,*,2,2,*,*,*,*,*,*,*,*,*,*,*,*,*,*,*
55404506,0,,,33,16,17,3,2,1,30,14,16,16,9,7,30,14,16,30,14,16,14,5,9,6,3,3,1,0,1,0,0,0,0,0,0,12,12,2,5,1,2,2,0,0,10,8,2,0,8,0,2,3
55404507,0,,,17,8,9,0,0,0,17,8,9,5,2,3,17,8,9,17,8,9,12,6,6,2,2,0,1,1,0,0,0,0,0,0,0,7,7,2,2,2,0,1,0,0,5,4,1,0,7,0,2,1
55404508,0,,,256,128,128,31,14,17,225,114,111,129,67,62,223,114,109,220,112,108,96,47,49,37,15,22,13,4,9,2,0,2,0,0,0,101,101,28,32,18,10,9,3,1,73,54,19,6,67,0,17,11
55404509,0,,,484,241,243,68,37,31,414,204,210,258,130,128,403,199,204,401,198,203,156,74,82,65,28,37,24,8,16,1,1,0,1,1,0,175,175,30,63,32,27,16,5,2,144,114,30,9,105,0,19,30
55404513,1,,55404514,17,9,8,3,0,3,21,12,9,11,7,4,19,11,8,19,11,8,10,5,5,4,2,2,2,1,1,0,0,0,1,0,1,8,8,4,3,1,1,0,0,1,6,4,2,0,6,0,2,2
55404514,2,55404513,,7,3,4,*,*,*,*,*,*,*,*,*,*,*,*,*,*,*,*,*,*,*,*,*,*,*,*,*,*,*,*,*,*,2,2,*,*,*,*,*,*,*,*,*,*,*,*,*,*,*
55404515,0,,,37,16,21,4,0,4,33,16,17,25,13,12,30,15,15,30,15,15,8,3,5,5,2,3,2,1,1,0,0,0,0,0,0,12,12,0,5,1,6,0,0,0,12,10,2,0,6,0,0,1
55404516,0,,,48,24,24,6,3,3,42,21,21,24,15,9,41,20,21,39,20,19,18,6,12,10,2,8,7,2,5,0,0,0,0,0,0,14,14,2,3,2,2,4,1,0,12,6,6,1,11,0,1,1
55404517,0,,,19,8,11,2,0,2,17,8,9,12,5,7,15,7,8,15,7,8,5,3,2,2,1,1,0,0,0,0,0,0,0,0,0,5,5,1,1,1,0,0,1,1,4,1,3,0,4,0,1,1
55404518,0,,,161,85,76,25,14,11,136,71,65,87,51,36,130,68,62,130,68,62,49,20,29,24,7,17,9,4,5,0,0,0,8,8,0,62,62,21,13,12,6,6,4,0,41,29,12,7,33,3,8,7
55404519,0,,,305,148,157,18,10,8,286,138,148,157,80,77,280,136,144,279,136,143,129,58,71,60,20,40,23,10,13,2,1,1,1,1,0,90,89,24,24,23,9,4,3,2,65,47,18,2,61,1,17,12
55404522,2,55404523,,6,4,2,*,*,*,*,*,*,*,*,*,*,*,*,*,*,*,*,*,*,*,*,*,*,*,*,*,*,*,*,*,*,3,3,*,*,*,*,*,*,*,*,*,*,*,*,*,*,*
55404523,1,,55404522,7,3,4,0,0,0,13,7,6,5,3,2,13,7,6,13,7,6,8,4,4,2,0,2,1,0,1,0,0,0,0,0,0,2,2,1,1,2,1,0,0,0,4,1,3,0,5,0,1,0
55404525,0,,,25,12,13,1,1,0,24,11,13,14,7,7,24,11,13,24,11,13,10,4,6,3,0,3,1,0,1,0,0,0,0,0,0,8,8,2,2,1,1,0,2,0,6,2,4,1,7,0,1,0
55404526,0,,,93,42,51,3,2,1,90,40,50,46,24,22,90,40,50,86,40,46,44,16,28,25,8,17,4,2,2,0,0,0,0,0,0,40,40,12,14,6,6,1,1,0,27,18,9,0,31,0,8,5
55404528,0,,,98,45,53,7,4,3,91,41,50,50,26,24,87,38,49,84,35,49,41,15,26,21,6,15,6,1,5,0,0,0,0,0,0,34,34,5,10,9,6,2,2,0,29,17,12,1,26,0,3,6
55404532,2,55404541,,4,2,2,*,*,*,*,*,*,*,*,*,*,*,*,*,*,*,*,*,*,*,*,*,*,*,*,*,*,*,*,*,*,2,2,*,*,*,*,*,*,*,*,*,*,*,*,*,*,*
55404534,2,55404535,,5,3,2,*,*,*,*,*,*,*,*,*,*,*,*,*,*,*,*,*,*,*,*,*,*,*,*,*,*,*,*,*,*,3,3,*,*,*,*,*,*,*,*,*,*,*,*,*,*,*
55404535,1,,55404534,16,9,7,0,0,0,21,12,9,12,8,4,21,12,9,21,12,9,9,4,5,3,1,2,0,0,0,0,0,0,0,0,0,8,8,3,6,2,0,0,0,0,8,7,1,0,8,0,2,1
55404536,0,,,42,20,22,10,6,4,32,14,18,22,10,12,31,14,17,31,14,17,10,4,6,4,0,4,3,0,3,0,0,0,0,0,0,12,12,0,4,3,1,3,1,0,12,10,2,1,7,0,0,2
55404537,0,,,76,38,38,7,3,4,69,35,34,36,22,14,68,34,34,67,34,33,33,13,20,20,6,14,10,3,7,0,0,0,0,0,0,31,31,6,14,6,3,1,0,1,25,20,5,2,22,0,4,6
55404538,0,,,98,53,45,4,1,3,94,52,42,58,36,22,92,50,42,92,50,42,36,16,20,13,7,6,4,2,2,1,0,1,0,0,0,23,22,4,11,1,2,2,2,0,17,10,7,2,17,0,2,7
55404539,0,,,56,28,28,7,5,2,49,23,26,21,11,10,49,23,26,49,23,26,28,12,16,13,7,6,5,1,4,0,0,0,0,0,0,18,18,3,5,4,3,1,1,1,15,9,6,1,16,0,3,2
55404540,0,,,24,13,11,0,0,0,24,13,11,12,8,4,24,13,11,24,13,11,12,5,7,4,1,3,1,0,1,0,0,0,0,0,0,10,10,2,3,4,1,0,0,0,8,6,2,0,7,0,2,2
55404541,1,,55404532,20,8,12,1,1,0,23,9,14,14,7,7,23,9,14,23,9,14,9,2,7,7,1,6,5,1,4,0,0,0,0,0,0,8,8,2,4,2,2,0,0,0,8,4,4,0,7,0,2,0
55404544,2,55404565,,1,1,0,*,*,*,*,*,*,*,*,*,*,*,*,*,*,*,*,*,*,*,*,*,*,*,*,*,*,*,*,*,*,1,1,*,*,*,*,*,*,*,*,*,*,*,*,*,*,*
55404545,0,,,10,6,4,0,0,0,10,6,4,1,1,0,10,6,4,10,6,4,9,5,4,2,1,1,1,0,1,0,0,0,0,0,0,5,5,2,1,2,0,0,0,0,3,2,1,0,5,0,2,1
55404546,0,,,262,138,124,22,15,7,238,122,116,127,68,59,236,121,115,234,119,115,111,54,57,53,23,30,21,10,11,0,0,0,0,0,0,97,97,21,40,11,12,5,3,5,74,53,21,6,70,1,15,21
55404547,0,,,44,18,26,2,1,1,42,17,25,22,11,11,40,16,24,40,16,24,20,6,14,9,0,9,6,0,6,1,0,1,0,0,0,16,16,5,4,3,2,0,0,2,11,7,4,0,12,0,3,1
55404548,0,,,52,27,25,4,3,1,48,24,24,29,14,15,46,23,23,46,23,23,19,10,9,9,4,5,3,2,1,0,0,0,0,0,0,16,16,4,1,5,2,1,3,0,12,5,7,1,14,0,3,1
55404549,0,,,73,38,35,8,2,6,65,36,29,35,20,15,64,35,29,64,35,29,30,16,14,14,5,9,8,4,4,0,0,0,0,0,0,24,24,5,8,2,3,4,0,2,19,12,7,1,18,1,4,3
55404553,2,55404575,,5,3,2,*,*,*,*,*,*,*,*,*,*,*,*,*,*,*,*,*,*,*,*,*,*,*,*,*,*,*,*,*,*,4,4,*,*,*,*,*,*,*,*,*,*,*,*,*,*,*
55404555,0,,,90,47,43,6,4,2,84,43,41,38,26,12,81,40,41,81,40,41,46,17,29,28,10,18,9,3,6,2,0,2,0,0,0,31,31,9,5,5,8,1,2,1,22,9,13,0,28,0,6,5
55404556,0,,,61,30,31,1,0,1,60,30,30,35,20,15,57,28,29,55,27,28,25,10,15,13,4,9,6,2,4,1,0,1,1,0,1,23,23,7,6,4,3,1,1,1,16,8,8,0,16,2,2,4
55404557,0,,,55,27,28,5,1,4,50,26,24,25,13,12,50,26,24,49,25,24,25,13,12,11,5,6,5,3,2,0,0,0,0,0,0,20,20,4,7,3,3,2,1,0,16,11,5,1,14,0,3,3
55404558,0,,,88,45,43,10,2,8,78,43,35,36,24,12,77,42,35,77,42,35,42,19,23,19,7,12,9,3,6,0,0,0,0,0,0,29,29,6,8,5,5,1,2,2,23,18,5,3,25,0,3,3
55404563,2,55404574,,3,2,1,*,*,*,*,*,*,*,*,*,*,*,*,*,*,*,*,*,*,*,*,*,*,*,*,*,*,*,*,*,*,2,2,*,*,*,*,*,*,*,*,*,*,*,*,*,*,*
55404565,1,,55404544,129,65,64,17,6,11,113,60,53,70,37,33,108,57,51,108,57,51,43,23,20,23,11,12,9,3,6,2,0,2,1,1,0,43,43,9,9,13,7,3,0,3,35,23,12,6,29,0,4,3
55404566,1,,55404576,91,45,46,8,4,4,87,44,43,42,21,21,85,44,41,84,43,41,45,23,22,17,5,12,10,2,8,0,0,0,0,0,0,38,38,12,13,9,3,1,1,1,27,21,6,0,31,0,9,5
55404567,0,,,19,12,7,1,1,0,18,11,7,10,7,3,18,11,7,18,11,7,8,4,4,3,1,2,1,1,0,0,0,0,0,0,0,7,7,3,1,1,0,1,1,0,4,2,2,0,7,0,3,0
55404574,1,,55404563,101,48,53,5,3,2,99,47,52,48,25,23,99,47,52,99,47,52,51,22,29,26,11,15,13,3,10,2,0,2,0,0,0,39,39,7,17,10,4,2,0,1,33,21,12,2,34,0,5,6
55404575,1,,55404553,30,8,22,2,2,0,33,9,24,11,3,8,33,9,24,33,9,24,22,6,16,16,4,12,8,1,7,2,0,2,6,0,6,16,15,13,5,0,0,0,1,0,6,5,1,1,11,4,5,5
55404576,2,55404566,,4,3,1,*,*,*,*,*,*,*,*,*,*,*,*,*,*,*,*,*,*,*,*,*,*,*,*,*,*,*,*,*,*,2,2,*,*,*,*,*,*,*,*,*,*,*,*,*,*,*
55404584,0,,,26,14,12,2,1,1,24,13,11,12,6,6,24,13,11,24,13,11,12,7,5,7,3,4,6,3,3,0,0,0,0,0,0,9,9,3,2,1,0,2,1,0,6,2,4,0,9,0,3,2
55404600,0,,,164,78,86,11,6,5,153,72,81,84,40,44,149,69,80,145,68,77,69,32,37,32,14,18,11,4,7,1,0,1,0,0,0,60,60,7,26,15,5,5,0,2,53,39,14,2,42,0,5,13
55404601,0,,,36,19,17,4,4,0,32,15,17,15,7,8,31,14,17,30,14,16,17,8,9,8,4,4,4,1,3,0,0,0,0,0,0,13,13,1,6,4,1,0,0,1,12,11,1,1,10,0,1,3
55404602,0,,,99,27,72,0,0,0,99,27,72,10,6,4,97,25,72,97,25,72,89,21,68,82,16,66,52,7,45,9,1,8,1,0,1,7,6,1,3,1,0,1,0,0,5,3,2,0,4,0,0,1
55404603,0,,,37,15,22,1,1,0,36,14,22,19,6,13,35,14,21,35,14,21,17,8,9,8,4,4,3,1,2,0,0,0,0,0,0,15,15,4,4,5,0,2,0,0,11,7,4,1,10,1,2,2
55404604,0,,,27,14,13,0,0,0,26,14,12,13,7,6,26,14,12,26,14,12,13,7,6,2,1,1,1,0,1,0,0,0,0,0,0,13,13,6,1,5,1,0,0,0,7,5,2,0,9,0,3,1
55404605,0,,,338,133,205,14,6,8,320,125,195,105,53,52,315,121,194,315,121,194,215,72,143,146,36,110,100,22,78,13,4,9,4,1,3,85,84,26,25,13,12,3,1,4,56,35,21,4,65,1,22,9
55404606,0,,,1642,790,852,147,82,65,1485,703,782,904,448,456,1452,689,763,1430,678,752,581,255,326,246,85,161,92,20,72,5,1,4,8,2,6,676,676,165,236,148,88,29,6,4,503,414,89,41,400,6,102,123
55404607,0,,,2285,1045,1240,181,88,93,2050,935,1115,1042,523,519,1998,913,1085,1978,901,1077,1008,412,596,558,194,364,208,51,157,21,1,20,12,2,10,970,967,346,302,161,115,28,9,6,607,500,107,42,604,21,201,139
55404608,0,,,1715,833,882,171,90,81,1489,718,771,900,479,421,1443,693,750,1421,684,737,589,239,350,298,104,194,85,19,66,3,1,2,18,11,7,840,839,380,218,140,61,24,10,6,455,378,77,52,429,30,174,88
55404609,0,,,626,312,314,92,45,47,514,257,257,389,198,191,486,241,245,473,235,238,125,59,66,42,14,28,18,5,13,3,0,3,2,1,1,263,263,86,71,49,38,15,4,0,171,145,26,18,86,10,20,22
55404610,0,,,262,124,138,27,11,16,235,113,122,165,82,83,223,109,114,218,108,110,70,31,39,25,7,18,9,1,8,0,0,0,0,0,0,94,94,16,37,16,13,5,4,3,78,57,21,9,52,0,10,11
55404611,0,,,125,67,58,17,8,9,106,58,48,71,41,30,102,55,47,101,54,47,35,17,18,11,4,7,3,1,2,1,0,1,0,0,0,49,49,12,19,7,5,3,2,1,36,31,5,3,24,0,6,5
55404612,0,,,70,40,30,10,6,4,60,34,26,35,21,14,54,30,24,52,29,23,25,13,12,11,5,6,4,2,2,0,0,0,0,0,0,19,19,0,7,3,5,1,0,3,19,12,7,3,16,0,0,3
55404613,0,,,32,19,13,2,2,0,30,17,13,20,12,8,29,16,13,28,15,13,10,5,5,5,2,3,1,0,1,0,0,0,0,0,0,11,11,1,4,4,0,1,1,0,10,6,4,1,8,0,1,2
55404614,0,,,46,23,23,0,0,0,46,23,23,14,8,6,46,23,23,46,23,23,32,15,17,24,11,13,10,3,7,1,0,1,0,0,0,11,8,1,4,3,0,0,0,0,7,7,0,0,4,0,0,3
55404615,0,,,137,71,66,6,3,3,131,68,63,62,37,25,129,67,62,127,66,61,69,31,38,32,11,21,12,4,8,1,1,0,1,0,1,60,60,16,26,8,6,3,1,0,43,33,10,1,48,0,15,9
55404616,0,,,1288,622,666,133,62,71,1137,550,587,656,330,326,1115,540,575,1101,533,568,481,220,261,217,87,130,82,25,57,9,1,8,2,0,2,552,552,173,171,112,65,15,11,5,378,309,69,42,324,5,91,82
55404617,0,,,1388,638,750,119,69,50,1254,562,692,652,324,328,1230,547,683,1217,540,677,602,238,364,339,114,225,120,28,92,13,1,12,14,3,11,567,563,187,192,84,65,19,8,8,372,292,80,31,351,15,111,93
55404618,0,,,1358,567,791,139,72,67,1199,489,710,623,266,357,1162,473,689,1142,465,677,576,223,353,252,72,180,76,18,58,5,2,3,2,0,2,721,721,344,221,91,41,16,3,5,373,340,33,29,457,3,234,92
55404619,0,,,383,198,185,55,27,28,321,168,153,234,124,110,316,165,151,312,165,147,87,44,43,42,21,21,10,5,5,0,0,0,1,0,1,180,180,77,48,24,21,7,2,1,99,88,11,15,65,4,23,14
55404620,0,,,56,25,31,9,2,7,47,23,24,28,14,14,47,23,24,46,22,24,19,9,10,10,4,6,0,0,0,0,0,0,0,0,0,19,19,4,7,2,2,2,0,2,15,11,4,1,13,0,1,4
55404621,0,,,57,31,26,7,5,2,50,26,24,28,15,13,50,26,24,50,26,24,22,11,11,3,0,3,1,0,1,0,0,0,0,0,0,21,21,3,8,5,4,0,0,1,18,17,1,3,15,0,2,4
55404622,0,,,14,7,7,2,1,1,12,6,6,8,5,3,12,6,6,11,5,6,4,1,3,4,1,3,2,0,2,0,0,0,0,0,0,5,5,1,1,2,0,1,0,0,4,2,2,0,3,0,0,1
55404625,0,,,44,20,24,0,0,0,44,20,24,21,10,11,44,20,24,44,20,24,23,10,13,10,4,6,0,0,0,0,0,0,0,0,0,17,17,2,7,4,4,0,0,0,14,11,3,0,15,0,2,2
55404626,2,55404627,,3,1,2,*,*,*,*,*,*,*,*,*,*,*,*,*,*,*,*,*,*,*,*,*,*,*,*,*,*,*,*,*,*,2,2,*,*,*,*,*,*,*,*,*,*,*,*,*,*,*
55404627,1,,55404626,1070,534,536,119,73,46,942,458,484,576,307,269,913,444,469,898,432,466,366,151,215,173,52,121,54,7,47,10,0,10,2,1,1,473,472,174,151,66,56,16,11,0,299,249,50,31,243,29,77,55
55404628,0,,,314,155,159,27,13,14,286,142,144,160,81,79,278,138,140,274,137,137,126,61,65,55,24,31,18,4,14,3,0,3,0,0,0,132,132,38,45,24,18,3,1,3,93,76,17,9,85,5,21,22
55404629,0,,,1146,560,586,176,93,83,953,461,492,662,326,336,917,446,471,896,428,468,291,135,156,128,55,73,32,9,23,1,0,1,4,2,2,400,400,56,141,85,67,30,15,6,340,279,61,43,186,1,29,67
55404630,1,,55404631,189,99,90,14,9,5,175,92,83,101,56,45,173,90,83,171,88,83,74,36,38,38,18,20,13,6,7,0,0,0,0,0,0,69,69,18,16,16,13,7,1,0,52,36,16,5,47,0,12,8
55404631,2,55404630,,2,2,0,*,*,*,*,*,*,*,*,*,*,*,*,*,*,*,*,*,*,*,*,*,*,*,*,*,*,*,*,*,*,2,2,*,*,*,*,*,*,*,*,*,*,*,*,*,*,*
55404634,2,55404635,,8,5,3,*,*,*,*,*,*,*,*,*,*,*,*,*,*,*,*,*,*,*,*,*,*,*,*,*,*,*,*,*,*,2,2,*,*,*,*,*,*,*,*,*,*,*,*,*,*,*
55404635,1,,55404634,146,78,68,6,4,2,142,76,66,63,36,27,139,74,65,138,73,65,79,40,39,31,14,17,12,6,6,1,0,1,0,0,0,75,75,32,28,8,5,2,2,0,42,37,5,2,58,0,24,16
55404636,0,,,353,176,177,21,12,9,329,161,168,166,89,77,325,160,165,322,157,165,163,72,91,79,31,48,30,10,20,0,0,0,1,0,1,159,159,54,60,22,11,6,4,2,102,81,21,8,118,1,42,24
55404637,0,,,557,272,285,38,19,19,504,247,257,279,134,145,491,239,252,487,238,249,225,113,112,96,42,54,31,10,21,0,0,0,2,1,1,267,267,97,92,46,26,3,2,1,168,141,27,16,161,2,55,41
55404638,0,,,783,368,415,83,46,37,679,312,367,413,205,208,657,303,354,642,297,345,266,107,159,124,38,86,39,9,30,3,2,1,3,1,2,365,365,150,98,63,32,15,5,2,211,174,37,27,200,6,74,41
55404643,2,55404644,,2,1,1,*,*,*,*,*,*,*,*,*,*,*,*,*,*,*,*,*,*,*,*,*,*,*,*,*,*,*,*,*,*,1,1,*,*,*,*,*,*,*,*,*,*,*,*,*,*,*
55404644,1,,55404643,181,85,96,8,3,5,172,81,91,111,57,54,167,80,87,166,80,86,61,24,37,24,8,16,4,1,3,0,0,0,0,0,0,70,70,14,22,23,6,4,2,0,56,42,14,3,41,0,7,8
55404645,0,,,81,42,39,10,8,2,71,34,37,43,24,19,68,31,37,67,30,37,28,10,18,16,3,13,7,0,7,0,0,0,1,0,1,29,29,4,9,7,7,2,0,0,25,19,6,4,18,0,3,4
55404646,0,,,205,103,102,22,14,8,178,84,94,120,62,58,171,82,89,169,81,88,58,22,36,32,11,21,14,2,12,1,1,0,0,0,0,85,85,31,16,20,10,6,2,0,54,39,15,7,43,1,15,6
55404647,0,,,2660,1282,1378,268,136,132,2349,1123,1226,1405,716,689,2280,1086,1194,2242,1062,1180,944,407,537,432,158,274,149,39,110,13,4,9,15,5,10,1132,1130,348,392,195,126,45,15,9,770,654,116,63,667,4,212,158
55404648,0,,,3076,1482,1594,310,174,136,2679,1267,1412,1711,855,856,2604,1231,1373,2565,1208,1357,968,412,556,507,186,321,173,55,118,14,0,14,13,6,7,1356,1353,465,414,247,150,54,19,4,869,733,136,81,657,41,196,157
55404649,0,,,802,377,425,58,28,30,711,329,382,423,218,205,700,323,377,693,319,374,288,111,177,177,56,121,92,15,77,18,1,17,2,0,2,390,389,203,97,48,29,10,1,1,185,163,22,15,156,41,59,35
55404652,0,,,13,7,6,0,0,0,13,7,6,6,5,1,13,7,6,13,7,6,7,2,5,4,1,3,1,0,1,0,0,0,0,0,0,6,6,0,5,1,0,0,0,0,6,4,2,0,5,0,0,1
55404653,0,,,270,124,146,36,16,20,234,108,126,163,78,85,227,108,119,222,106,116,71,30,41,23,5,18,13,2,11,3,0,3,0,0,0,94,94,15,33,15,17,8,6,0,78,63,15,6,52,0,9,11
55404654,0,,,312,197,115,21,8,13,289,188,101,187,132,55,284,185,99,281,183,98,102,56,46,37,16,21,8,3,5,0,0,0,4,3,1,173,96,22,39,10,21,3,1,0,73,66,7,5,61,0,16,23
55404655,0,,,78,32,46,11,1,10,67,31,36,34,16,18,65,30,35,64,30,34,33,15,18,19,9,10,6,3,3,0,0,0,0,0,0,27,27,6,8,4,5,2,0,2,21,16,5,0,21,0,6,4
55404656,0,,,952,456,496,113,61,52,835,393,442,470,242,228,817,385,432,807,381,426,365,151,214,164,62,102,54,15,39,0,0,0,2,1,1,397,397,117,131,63,61,18,1,6,275,222,53,33,258,0,82,66
55404657,0,,,2081,994,1087,245,127,118,1829,862,967,1056,533,523,1775,836,939,1744,823,921,773,329,444,398,149,249,138,40,98,14,2,12,3,0,3,793,792,205,251,162,102,39,27,6,584,479,105,61,489,7,148,110
55404658,0,,,4087,1971,2116,472,238,234,3518,1685,1833,2224,1147,1077,3398,1626,1772,3340,1604,1736,1294,538,756,694,268,426,224,77,147,16,1,15,30,5,25,1809,1807,660,528,298,205,79,27,10,1130,948,182,125,892,54,294,211
55404659,0,,,3228,1606,1622,405,207,198,2674,1326,1348,1844,980,864,2598,1279,1319,2540,1251,1289,830,346,484,417,149,268,134,24,110,14,2,12,29,13,16,1626,1623,836,365,200,147,61,11,3,772,675,97,132,566,134,227,117
55404662,0,,,31,15,16,2,2,0,29,13,16,18,8,10,27,12,15,26,11,15,11,5,6,4,2,2,0,0,0,0,0,0,0,0,0,12,12,3,2,4,3,0,0,0,9,9,0,0,8,0,3,1
55404663,0,,,607,309,298,63,32,31,544,277,267,376,197,179,530,273,257,517,263,254,168,80,88,57,23,34,15,6,9,2,0,2,1,0,1,220,220,29,80,59,29,16,5,2,188,158,30,12,107,0,15,35
55404664,0,,,92,46,46,7,4,3,85,42,43,61,33,28,79,40,39,77,39,38,24,9,15,16,4,12,5,1,4,0,0,0,0,0,0,31,31,4,10,6,7,3,0,1,27,20,7,0,16,0,2,4
55404665,0,,,11,6,5,1,1,0,10,5,5,5,2,3,9,5,4,9,5,4,5,3,2,2,1,1,1,1,0,0,0,0,0,0,0,5,5,1,3,0,1,0,0,0,4,4,0,0,3,0,1,2
55404666,0,,,113,56,57,5,2,3,108,54,54,61,34,27,107,54,53,106,53,53,47,20,27,13,4,9,1,0,1,0,0,0,1,0,1,49,49,16,15,8,8,1,1,0,33,25,8,2,34,0,12,7
55404667,0,,,286,135,151,30,19,11,249,112,137,129,56,73,246,111,135,242,109,133,120,56,64,46,19,27,17,4,13,1,0,1,2,2,0,118,118,33,43,15,18,6,1,2,85,68,17,5,75,0,19,27
55404668,0,,,807,436,371,106,57,49,680,365,315,485,273,212,658,349,309,642,340,302,195,92,103,78,34,44,19,8,11,2,2,0,11,5,6,340,340,115,91,58,52,18,4,2,218,194,24,27,139,13,35,37
55404669,0,,,2686,1363,1323,299,161,138,2265,1139,1126,1583,834,749,2206,1108,1098,2168,1091,1077,682,305,377,352,141,211,110,42,68,8,1,7,12,3,9,1292,1290,577,325,198,130,47,11,2,695,598,97,92,460,78,149,121
55404672,2,55404673,,2,1,1,*,*,*,*,*,*,*,*,*,*,*,*,*,*,*,*,*,*,*,*,*,*,*,*,*,*,*,*,*,*,2,2,*,*,*,*,*,*,*,*,*,*,*,*,*,*,*
55404673,1,,55404672,21,11,10,3,2,1,20,10,10,9,5,4,20,10,10,20,10,10,11,5,6,5,1,4,4,1,3,0,0,0,0,0,0,9,9,7,1,1,0,1,1,0,4,2,2,0,10,0,6,0
55404674,0,,,152,74,78,19,9,10,133,65,68,95,46,49,126,62,64,118,57,61,38,19,19,19,9,10,3,2,1,0,0,0,0,0,0,55,55,12,15,14,8,2,2,2,43,37,6,5,25,1,5,10
55404675,2,55404676,,3,1,2,*,*,*,*,*,*,*,*,*,*,*,*,*,*,*,*,*,*,*,*,*,*,*,*,*,*,*,*,*,*,2,2,*,*,*,*,*,*,*,*,*,*,*,*,*,*,*
55404676,1,,55404675,283,141,142,18,11,7,264,129,135,130,67,63,253,123,130,252,123,129,134,62,72,55,24,31,19,6,13,0,0,0,2,1,1,122,122,48,32,19,15,5,3,2,73,50,23,5,96,0,40,18
55404677,0,,,838,435,403,91,52,39,736,377,359,493,272,221,720,368,352,708,360,348,243,105,138,122,42,80,40,7,33,4,0,4,11,9,2,358,358,117,104,74,36,17,8,2,236,186,50,24,175,12,48,34
55404678,0,,,2687,1292,1395,311,148,163,2244,1071,1173,1508,762,746,2165,1036,1129,2123,1017,1106,736,309,427,337,119,218,108,36,72,6,2,4,25,14,11,1278,1277,557,338,201,119,37,17,8,700,602,98,91,506,43,183,133
55404679,0,,,2957,1431,1526,372,176,196,2489,1202,1287,1694,856,838,2398,1160,1238,2356,1143,1213,795,346,449,303,116,187,95,25,70,6,1,5,49,26,23,1390,1387,583,395,193,143,53,20,0,793,696,97,102,529,103,167,144
55404683,0,,,23,12,11,0,0,0,23,12,11,15,9,6,23,12,11,23,12,11,8,3,5,4,2,2,1,1,0,0,0,0,0,0,0,8,8,0,2,5,1,0,0,0,8,6,2,0,5,0,0,1
55404684,0,,,64,34,30,7,4,3,57,30,27,25,14,11,56,30,26,56,30,26,32,16,16,12,6,6,1,1,0,0,0,0,0,0,0,28,28,6,14,4,3,0,1,0,22,17,5,1,19,1,4,9
55404685,0,,,142,80,62,9,6,3,132,73,59,61,38,23,128,71,57,126,70,56,71,35,36,32,13,19,10,1,9,1,0,1,0,0,0,74,74,34,24,10,3,2,0,1,40,34,6,2,54,1,24,9
55404686,1,,55404696,632,315,317,32,19,13,596,294,302,325,179,146,589,290,299,581,285,296,271,115,156,144,54,90,46,12,34,4,0,4,2,1,1,294,294,107,99,53,23,9,1,4,187,142,45,9,195,1,66,29
55404687,0,,,953,445,508,101,53,48,831,381,450,470,245,225,798,366,432,783,358,425,361,136,225,214,61,153,96,23,73,12,5,7,3,3,0,360,359,113,105,56,59,15,5,6,243,193,50,24,206,6,58,46
55404688,0,,,391,195,196,61,31,30,330,164,166,205,100,105,319,155,164,312,151,161,125,64,61,61,28,33,21,8,13,1,0,1,3,3,0,158,158,41,58,23,24,7,3,2,117,101,16,15,89,4,26,24
55404689,0,,,152,76,76,24,12,12,128,64,64,74,39,35,128,64,64,128,64,64,54,25,29,30,11,19,11,4,7,1,1,0,0,0,0,59,59,13,19,14,8,3,2,0,46,35,11,5,37,0,8,7
55404692,2,55404693,,8,3,5,*,*,*,*,*,*,*,*,*,*,*,*,*,*,*,*,*,*,*,*,*,*,*,*,*,*,*,*,*,*,3,3,*,*,*,*,*,*,*,*,*,*,*,*,*,*,*
55404693,1,,55404692,35,13,22,3,0,3,40,16,24,25,11,14,38,15,23,37,15,22,15,5,10,8,3,5,2,0,2,0,0,0,0,0,0,12,12,3,4,2,5,0,1,0,12,7,5,2,10,0,1,2
55404694,0,,,341,171,170,30,16,14,308,153,155,170,88,82,300,150,150,295,148,147,138,65,73,60,25,35,21,6,15,5,1,4,0,0,0,131,131,25,46,33,16,5,6,0,106,88,18,6,89,0,13,25
55404695,0,,,150,77,73,5,3,2,145,74,71,61,34,27,143,72,71,142,72,70,84,40,44,36,14,22,11,3,8,0,0,0,0,0,0,71,71,26,21,16,7,0,1,0,44,34,10,2,55,0,17,11
55404696,2,55404686,,3,2,1,*,*,*,*,*,*,*,*,*,*,*,*,*,*,*,*,*,*,*,*,*,*,*,*,*,*,*,*,*,*,2,2,*,*,*,*,*,*,*,*,*,*,*,*,*,*,*
55404698,0,,,80,39,41,4,1,3,76,38,38,43,24,19,73,38,35,73,38,35,33,14,19,20,9,11,6,2,4,0,0,0,2,2,0,32,32,7,11,10,2,1,0,1,25,19,6,2,23,0,4,5
55404699,0,,,1069,539,530,115,53,62,926,469,457,616,329,287,900,457,443,884,447,437,310,140,170,136,57,79,33,8,25,3,2,1,2,1,1,451,450,132,154,79,53,22,6,4,312,268,44,31,205,9,50,62
55404700,0,,,28,12,16,4,3,1,24,9,15,13,4,9,23,9,14,23,9,14,11,5,6,3,1,2,1,0,1,0,0,0,0,0,0,8,8,2,2,0,0,2,2,0,6,2,4,2,7,0,2,1
55404701,0,,,50,24,26,1,0,1,49,24,25,28,14,14,47,23,24,47,23,24,21,10,11,12,5,7,2,0,2,0,0,0,0,0,0,20,20,3,10,2,4,1,0,0,16,13,3,0,15,0,3,3
55404702,0,,,523,250,273,46,21,25,472,227,245,278,140,138,459,219,240,456,218,238,194,87,107,87,36,51,24,5,19,3,1,2,0,0,0,222,222,62,75,45,27,10,3,0,159,138,21,8,133,1,36,38
55404703,0,,,4036,1999,2037,389,204,185,3623,1778,1845,2539,1246,1293,3519,1726,1793,3456,1689,1767,1084,532,552,393,165,228,125,44,81,10,1,9,25,16,9,1663,1663,390,621,353,203,62,20,14,1268,1099,169,101,741,137,109,264
55404704,0,,,2356,1126,1230,271,133,138,2069,985,1084,1651,803,848,1970,940,1030,1931,921,1010,418,182,236,198,73,125,53,13,40,2,0,2,1,0,1,832,832,77,313,217,150,57,12,6,749,640,109,64,284,1,37,89
55404705,2,55404715,,8,4,4,*,*,*,*,*,*,*,*,*,*,*,*,*,*,*,*,*,*,*,*,*,*,*,*,*,*,*,*,*,*,2,2,*,*,*,*,*,*,*,*,*,*,*,*,*,*,*
55404707,0,,,354,173,181,74,39,35,279,133,146,200,97,103,264,126,138,258,122,136,79,36,43,34,12,22,13,2,11,1,0,1,0,0,0,134,134,43,30,23,22,6,7,3,91,72,19,18,59,2,23,9
55404708,0,,,109,54,55,22,12,10,87,42,45,57,29,28,84,41,43,84,41,43,30,13,17,16,6,10,5,2,3,0,0,0,0,0,0,35,35,4,9,6,12,3,1,0,31,23,8,5,16,0,2,3
55404710,2,55404711,,7,2,5,*,*,*,*,*,*,*,*,*,*,*,*,*,*,*,*,*,*,*,*,*,*,*,*,*,*,*,*,*,*,4,4,*,*,*,*,*,*,*,*,*,*,*,*,*,*,*
55404711,1,,55404710,201,89,112,22,8,14,185,83,102,104,52,52,182,82,100,180,80,100,81,31,50,36,12,24,10,2,8,1,0,1,1,0,1,83,83,22,28,22,12,2,1,0,65,55,10,2,56,1,13,14
55404712,0,,,1021,499,522,101,50,51,916,447,469,603,291,312,880,430,450,863,418,445,313,156,157,110,52,58,25,10,15,1,0,1,4,1,3,418,415,99,166,69,53,16,9,3,315,281,34,25,205,1,46,73
55404713,0,,,1275,633,642,118,63,55,1153,567,586,752,377,375,1083,527,556,1050,507,543,401,190,211,179,79,100,68,25,43,9,2,7,3,0,3,492,492,95,182,104,74,21,10,6,396,340,56,16,269,0,66,98
55404714,0,,,1788,897,891,435,237,198,1334,651,683,1123,555,568,1219,590,629,1181,573,608,211,96,115,79,35,44,35,13,22,2,2,0,9,6,3,554,554,51,106,149,187,40,17,4,500,439,61,61,131,5,11,31
55404715,1,,55404705,56,30,26,0,0,0,64,34,30,32,18,14,63,34,29,62,33,29,32,16,16,14,6,8,7,4,3,0,0,0,0,0,0,19,19,3,4,6,6,1,1,0,18,8,10,0,20,0,3,3
55404716,2,55404726,,4,2,2,*,*,*,*,*,*,*,*,*,*,*,*,*,*,*,*,*,*,*,*,*,*,*,*,*,*,*,*,*,*,2,2,*,*,*,*,*,*,*,*,*,*,*,*,*,*,*
55404717,0,,,1010,525,485,99,54,45,898,464,434,579,323,256,879,453,426,860,440,420,319,141,178,157,64,93,56,21,35,2,1,1,5,2,3,409,409,127,126,63,47,30,9,7,280,221,59,33,217,4,56,47
55404718,0,,,68,33,35,8,6,2,58,26,32,28,14,14,57,25,32,57,25,32,30,12,18,18,7,11,8,2,6,0,0,0,0,0,0,25,25,5,9,4,3,3,1,0,19,12,7,3,19,0,3,5
55404720,0,,,123,29,94,0,0,0,123,29,94,10,3,7,123,29,94,123,29,94,113,26,87,104,22,82,80,13,67,13,3,10,0,0,0,7,5,0,1,3,0,0,1,0,5,3,2,0,5,0,0,0
55404721,0,,,1458,685,773,147,73,74,1289,605,684,699,355,344,1260,589,671,1242,580,662,590,250,340,325,129,196,100,29,71,7,2,5,3,1,2,598,597,159,214,123,66,25,6,4,431,372,59,40,359,7,92,121
55404722,0,,,3855,1835,2020,359,186,173,3340,1578,1762,1957,962,995,3245,1526,1719,3173,1495,1678,1383,616,767,618,273,345,136,42,94,7,2,5,23,8,15,1871,1870,769,574,285,169,53,14,6,1099,962,137,90,912,154,245,317
55404723,0,,,332,163,169,42,20,22,280,138,142,247,125,122,260,125,135,250,121,129,33,13,20,20,7,13,7,1,6,0,0,0,9,6,3,151,151,65,32,26,21,3,3,1,86,78,8,11,22,23,5,8
55404724,0,,,78,44,34,7,4,3,69,39,30,28,18,10,69,39,30,68,38,30,41,21,20,14,6,8,6,3,3,0,0,0,0,0,0,28,28,6,9,6,3,2,1,1,22,16,6,2,24,0,4,7
55404725,0,,,107,51,56,15,7,8,92,44,48,51,27,24,90,43,47,89,42,47,41,17,24,17,5,12,9,3,6,2,1,1,0,0,0,33,33,6,9,6,5,1,3,3,27,12,15,3,25,0,3,4
55404726,1,,55404716,187,85,102,30,11,19,161,76,85,96,47,49,160,76,84,158,75,83,65,29,36,30,13,17,7,2,5,1,0,1,0,0,0,54,54,5,14,13,11,7,2,4,51,30,21,7,39,0,2,5
55404727,0,,,1392,693,699,193,90,103,1135,571,564,816,424,392,1095,548,547,1075,543,532,319,147,172,121,49,72,35,8,27,3,1,2,35,33,2,568,568,192,135,106,83,38,9,5,367,299,68,52,209,42,37,57
55404730,0,,,32,17,15,3,2,1,29,15,14,15,9,6,28,14,14,28,14,14,14,6,8,3,1,2,2,1,1,0,0,0,0,0,0,15,15,4,7,3,0,1,0,0,11,10,1,1,10,0,3,3
55404731,0,,,2126,1132,994,181,94,87,1816,969,847,1274,735,539,1676,876,800,1561,808,753,542,234,308,271,106,165,94,31,63,4,2,2,22,10,12,1052,1048,567,246,131,70,21,10,3,474,416,58,52,377,73,120,102
55404732,0,,,4470,2223,2247,426,222,204,3788,1873,1915,2390,1261,1129,3689,1826,1863,3569,1767,1802,1398,612,786,794,339,455,183,68,115,7,2,5,31,20,11,2248,2247,1090,534,319,208,71,19,6,1145,987,158,119,920,230,237,287
55404733,0,,,1810,850,960,354,173,181,1435,666,769,1168,552,616,1304,604,700,1248,575,673,267,114,153,127,48,79,33,8,25,4,0,4,1,0,1,571,571,71,127,140,145,62,12,14,494,424,70,54,175,6,22,39
55404734,0,,,98,46,52,8,3,5,90,43,47,47,26,21,85,40,45,84,39,45,43,17,26,26,10,16,8,2,6,2,0,2,0,0,0,34,34,5,9,10,6,3,1,0,28,20,8,3,27,1,4,4
55404735,0,,,125,65,60,18,10,8,107,55,52,57,34,23,106,54,52,104,53,51,50,21,29,19,10,9,5,1,4,0,0,0,0,0,0,38,38,3,13,7,8,3,2,2,34,26,8,6,29,0,3,9
55404736,0,,,625,313,312,46,27,19,576,283,293,327,169,158,560,277,283,555,274,281,249,114,135,117,51,66,41,15,26,2,1,1,1,1,0,226,226,40,75,55,26,18,8,4,186,133,53,12,158,0,28,39
55404737,0,,,323,142,181,27,7,20,294,133,161,119,57,62,288,133,155,285,132,153,175,76,99,98,35,63,40,9,31,4,0,4,0,0,0,83,82,17,25,15,11,8,4,2,65,47,18,4,56,0,9,16
55404740,0,,,1718,856,862,224,115,109,1403,695,708,1063,545,518,1352,665,687,1328,655,673,340,150,190,157,61,96,37,11,26,3,0,3,14,7,7,856,856,406,213,117,77,32,10,1,436,387,49,57,241,53,73,66
55404741,0,,,2343,1173,1170,206,102,104,1990,999,991,1255,703,552,1947,978,969,1923,967,956,735,296,439,416,138,278,203,54,149,25,3,22,30,8,22,1142,1137,624,242,145,88,26,8,4,498,417,81,67,376,92,131,87
55404742,0,,,3528,1701,1827,444,233,211,2914,1389,1525,1990,1023,967,2809,1337,1472,2752,1301,1451,924,366,558,572,205,367,206,61,145,11,2,9,20,3,17,1551,1548,585,441,251,178,62,23,8,948,828,120,130,573,52,158,171
55404743,0,,,635,328,307,91,49,42,527,269,258,342,187,155,512,258,254,501,251,250,185,82,103,97,37,60,29,9,20,3,0,3,3,0,3,248,248,68,76,37,45,13,7,2,179,145,34,34,120,8,19,37
55404744,0,,,169,86,83,17,13,4,152,73,79,79,38,41,146,71,75,143,69,74,73,35,38,30,10,20,13,3,10,1,0,1,0,0,0,51,51,10,8,12,12,3,1,5,41,22,19,7,45,0,8,5
55404745,0,,,28,15,13,5,2,3,23,13,10,12,7,5,23,13,10,23,13,10,11,6,5,5,4,1,2,1,1,0,0,0,0,0,0,10,10,2,2,4,1,0,1,0,8,6,2,3,6,0,1,1
55404746,0,,,47,21,26,6,4,2,41,17,24,25,11,14,41,17,24,41,17,24,16,6,10,10,2,8,1,0,1,0,0,0,0,0,0,18,18,1,10,4,1,2,0,0,17,14,3,1,12,0,1,5
55404747,0,,,383,174,209,15,7,8,368,167,201,151,79,72,361,165,196,358,165,193,217,88,129,140,48,92,70,16,54,12,2,10,0,0,0,44,41,7,9,15,4,4,1,1,34,24,10,4,26,0,3,5
55404750,0,,,2737,1392,1345,324,178,146,2309,1167,1142,1716,914,802,2213,1108,1105,2171,1088,1083,593,253,340,299,99,200,101,26,75,4,0,4,29,4,25,1292,1290,556,343,197,124,52,15,3,713,633,80,91,401,89,110,105
55404751,0,,,2798,1411,1387,232,128,104,2384,1185,1199,1605,890,715,2317,1148,1169,2288,1136,1152,779,295,484,461,159,302,194,51,143,25,3,22,24,8,16,1475,1471,772,374,183,105,28,5,4,687,616,71,69,458,94,138,134
55404752,0,,,3401,1705,1696,340,159,181,2856,1429,1427,1990,1074,916,2770,1398,1372,2714,1372,1342,866,355,511,462,164,298,143,42,101,10,1,9,60,21,39,1804,1801,966,418,212,137,49,13,6,811,719,92,94,604,124,237,146
55404753,0,,,57,28,29,2,2,0,55,26,29,29,13,16,52,24,28,51,24,27,26,13,13,9,4,5,5,2,3,1,0,1,0,0,0,23,23,5,7,6,5,0,0,0,18,16,2,0,15,0,4,4
55404754,0,,,70,32,38,3,1,2,67,31,36,38,18,20,65,31,34,65,31,34,29,13,16,13,5,8,8,4,4,0,0,0,0,0,0,21,21,2,3,9,3,2,1,1,19,10,9,0,19,0,2,3
55404755,0,,,121,63,58,15,8,7,106,55,51,54,30,24,105,55,50,103,53,50,52,25,27,18,7,11,7,4,3,0,0,0,0,0,0,41,41,6,14,8,7,2,3,1,35,22,13,4,34,0,5,7
55404756,0,,,400,195,205,50,28,22,349,166,183,204,102,102,338,163,175,337,162,175,145,64,81,74,27,47,23,7,16,3,0,3,0,0,0,133,133,18,44,26,26,7,8,4,115,84,31,10,94,0,11,30
55404757,0,,,201,95,106,22,9,13,178,86,92,100,50,50,173,84,89,172,84,88,78,36,42,38,15,23,18,7,11,1,0,1,0,0,0,81,81,23,26,16,8,4,3,1,58,43,15,5,49,0,9,14
55404760,0,,,2620,1284,1336,276,132,144,2161,1055,1106,1428,751,677,2109,1029,1080,2079,1013,1066,733,304,429,380,139,241,136,37,99,13,1,12,33,16,17,1257,1251,592,338,174,104,30,7,6,636,558,78,89,434,68,141,116
55404761,0,,,4206,2110,2096,376,194,182,3491,1737,1754,2420,1297,1123,3408,1693,1715,3369,1672,1697,1071,440,631,536,187,349,178,55,123,16,2,14,133,66,67,2342,2340,1281,584,258,155,49,9,4,1009,914,95,109,773,126,333,173
55404762,0,,,4266,2211,2055,452,233,219,3579,1849,1730,2582,1439,1143,3483,1799,1684,3318,1669,1649,997,410,587,521,185,336,176,49,127,12,1,11,208,115,93,2303,2301,1286,502,277,163,45,22,6,990,878,112,151,661,294,247,164
55404763,0,,,3335,1650,1685,380,184,196,2776,1377,1399,1929,1037,892,2690,1337,1353,2638,1308,1330,847,340,507,363,143,220,110,35,75,12,1,11,50,20,30,1663,1662,776,440,236,137,45,18,10,860,759,101,126,616,100,224,141
55404764,0,,,93,49,44,8,6,2,85,43,42,52,26,26,83,41,42,82,40,42,33,17,16,17,10,7,4,2,2,0,0,0,0,0,0,33,33,7,10,8,4,1,1,2,26,18,8,1,22,0,4,7
55404765,0,,,469,190,279,40,19,21,406,160,246,149,78,71,398,157,241,394,156,238,257,82,175,189,48,141,121,23,98,25,4,21,1,1,0,119,116,39,23,21,22,5,3,3,76,51,25,8,55,1,9,10
55404766,0,,,232,113,119,36,18,18,195,94,101,123,63,60,191,91,100,190,90,100,72,31,41,40,16,24,11,4,7,2,0,2,1,0,1,74,74,16,21,9,11,7,5,5,58,37,21,10,51,0,12,11
55404767,0,,,89,44,45,6,2,4,83,42,41,56,31,25,79,39,40,74,37,37,27,11,16,14,3,11,3,1,2,2,0,2,1,0,1,31,31,10,7,5,1,5,1,2,21,12,9,2,19,0,5,2
55404770,0,,,3107,1556,1551,339,167,172,2654,1326,1328,1722,922,800,2579,1292,1287,2539,1270,1269,932,404,528,487,196,291,147,53,94,9,3,6,45,23,22,1484,1483,646,398,217,148,47,19,8,820,721,99,97,657,64,225,179
55404771,0,,,3919,1973,1946,383,203,180,3236,1619,1617,2245,1201,1044,3107,1556,1551,3050,1526,1524,991,418,573,512,181,331,183,48,135,17,1,16,55,18,37,2008,2005,1022,457,255,192,58,13,8,953,848,105,102,711,86,267,167
55404772,0,,,1213,633,580,110,68,42,1083,557,526,761,426,335,976,463,513,923,435,488,322,131,191,121,43,78,43,12,31,5,0,5,24,11,13,509,507,174,180,81,49,16,5,2,323,291,32,22,229,7,78,62
55404773,0,,,471,249,222,42,22,20,398,208,190,257,145,112,385,201,184,378,198,180,141,63,78,65,26,39,20,4,16,3,0,3,9,7,2,231,231,110,54,38,16,7,4,2,118,95,23,15,93,13,24,24
55404774,0,,,3197,1583,1614,417,215,202,2618,1281,1337,1857,970,887,2534,1243,1291,2489,1217,1272,761,311,450,431,162,269,121,36,85,9,1,8,23,11,12,1466,1461,610,384,220,160,64,18,5,828,728,100,133,513,38,172,125
55404775,0,,,1437,721,716,169,92,77,1208,591,617,788,399,389,1169,573,596,1151,567,584,420,192,228,210,90,120,53,23,30,5,3,2,2,1,1,614,614,197,185,114,81,25,7,5,408,346,62,48,293,10,77,70
55404776,0,,,259,133,126,25,11,14,226,114,112,126,70,56,219,112,107,214,110,104,100,44,56,51,19,32,21,5,16,1,0,1,0,0,0,104,104,29,35,20,7,8,3,2,75,61,14,4,61,1,5,20
55404777,0,,,164,85,79,17,8,9,147,77,70,76,45,31,146,77,69,143,76,67,71,32,39,31,14,17,7,1,6,0,0,0,0,0,0,55,55,9,16,17,6,1,2,4,46,33,13,5,46,0,8,12
55404780,0,,,880,419,461,97,45,52,762,362,400,479,229,250,742,352,390,723,346,377,283,133,150,144,61,83,41,17,24,3,1,2,3,3,0,372,370,119,115,70,36,18,7,5,247,204,43,26,189,11,51,50
55404781,0,,,363,182,181,37,17,20,323,164,159,179,98,81,314,158,156,307,154,153,144,66,78,75,33,42,20,8,12,4,1,3,0,0,0,136,136,31,41,28,24,7,2,3,103,82,21,11,92,1,20,25
55404782,0,,,579,258,321,101,51,50,478,207,271,304,136,168,456,196,260,437,187,250,174,71,103,83,33,50,25,11,14,0,0,0,1,0,1,229,229,62,73,39,30,18,5,2,165,146,19,24,121,0,40,33
55404783,0,,,219,96,123,26,13,13,193,83,110,108,52,56,187,80,107,183,78,105,85,31,54,43,12,31,27,4,23,3,0,3,0,0,0,87,87,21,28,17,15,5,1,0,66,53,13,4,55,0,15,12
55404784,0,,,242,115,127,34,15,19,208,100,108,123,68,55,202,96,106,198,93,105,85,32,53,39,15,24,11,2,9,0,0,0,0,0,0,85,85,18,23,21,8,11,1,3,67,50,17,9,57,0,11,12
55404785,0,,,3386,1690,1696,407,202,205,2856,1417,1439,1861,967,894,2763,1373,1390,2712,1345,1367,995,450,545,478,203,275,133,49,84,10,2,8,21,10,11,1447,1447,484,415,270,177,70,17,14,941,790,151,117,655,40,155,188
55404786,0,,,1864,931,933,242,125,117,1550,766,784,1092,555,537,1498,736,762,1463,717,746,458,211,247,215,80,135,81,27,54,6,1,5,14,2,12,808,805,302,215,130,101,37,16,4,494,429,65,73,303,28,72,82
55404787,0,,,112,56,56,6,5,1,105,50,55,59,31,28,104,50,54,103,49,54,46,19,27,17,4,13,9,2,7,2,0,2,0,0,0,42,42,9,12,11,7,2,0,1,33,23,10,1,29,0,4,7
55404790,0,,,2804,1408,1396,312,166,146,2390,1185,1205,1539,812,727,2318,1154,1164,2276,1128,1148,851,373,478,406,168,238,111,35,76,6,1,5,12,3,9,1224,1220,415,356,240,135,53,14,7,790,661,129,72,566,38,135,156
55404791,0,,,619,307,312,60,31,29,558,276,282,310,160,150,548,269,279,538,262,276,248,116,132,107,45,62,31,10,21,1,0,1,1,0,1,244,244,39,102,60,27,10,4,2,204,176,28,9,159,1,19,59
55404792,0,,,708,337,371,105,55,50,595,279,316,366,174,192,585,274,311,578,269,309,229,105,124,98,42,56,25,6,19,2,0,2,2,0,2,268,268,53,104,47,30,20,12,2,213,178,35,28,152,0,39,52
55404793,0,,,393,145,248,9,5,4,384,140,244,56,31,25,384,140,244,383,139,244,328,109,219,279,86,193,178,42,136,25,3,22,0,0,0,46,43,3,21,8,7,2,0,2,39,30,9,2,34,0,2,11
55404794,0,,,131,67,64,15,10,5,116,57,59,61,34,27,116,57,59,115,56,59,55,23,32,31,10,21,10,1,9,1,0,1,1,0,1,48,48,11,15,11,6,2,1,2,37,25,12,4,39,0,7,7
55404795,0,,,405,204,201,35,19,16,370,185,185,190,101,89,362,181,181,361,181,180,180,84,96,90,41,49,27,7,20,2,0,2,3,0,3,149,149,26,52,35,20,8,6,2,123,93,30,10,113,0,18,31
55404796,0,,,604,306,298,72,41,31,521,259,262,319,164,155,510,252,258,507,250,257,202,95,107,110,45,65,32,11,21,1,1,0,0,0,0,234,234,56,79,40,40,9,6,4,178,138,40,19,138,4,28,41
55404797,0,,,505,259,246,60,31,29,445,228,217,274,146,128,423,217,206,408,208,200,171,82,89,82,37,45,27,11,16,3,0,3,0,0,0,135,134,15,42,29,19,12,7,10,119,77,42,14,102,0,9,29
55404798,0,,,47,24,23,1,1,0,46,23,23,26,14,12,46,23,23,44,22,22,20,9,11,11,4,7,5,1,4,0,0,0,0,0,0,16,16,3,4,3,4,1,1,0,13,5,8,0,13,0,2,1
55405000,0,,,250,107,143,21,9,12,222,97,125,132,66,66,216,96,120,215,96,119,90,31,59,50,16,34,13,3,10,1,0,1,6,1,5,118,118,55,29,15,10,6,1,2,63,48,15,3,64,8,26,11
55405001,1,,55405011,23,13,10,3,2,1,27,14,13,13,7,6,27,14,13,27,14,13,14,7,7,7,3,4,0,0,0,0,0,0,3,2,1,15,15,8,7,2,0,1,0,0,9,8,1,1,9,1,3,5
55405002,2,55405003,,7,3,4,*,*,*,*,*,*,*,*,*,*,*,*,*,*,*,*,*,*,*,*,*,*,*,*,*,*,*,*,*,*,4,4,*,*,*,*,*,*,*,*,*,*,*,*,*,*,*
55405003,1,,55405002,33,17,16,6,2,4,34,18,16,17,10,7,34,18,16,34,18,16,17,8,9,9,5,4,3,1,2,0,0,0,0,0,0,11,11,5,4,3,1,0,0,2,10,5,5,3,13,0,4,1
55405004,0,,,38,20,18,4,2,2,34,18,16,16,9,7,34,18,16,34,18,16,18,9,9,6,3,3,3,1,2,0,0,0,0,0,0,15,15,4,3,7,0,0,0,1,11,9,2,2,12,0,3,3
55405005,0,,,46,22,24,4,2,2,41,19,22,19,10,9,41,19,22,41,19,22,22,9,13,12,5,7,8,2,6,3,1,2,1,0,1,19,19,6,6,3,2,1,1,0,13,8,5,2,13,0,2,3
55405006,0,,,45,22,23,3,1,2,42,21,21,27,13,14,42,21,21,41,21,20,15,8,7,7,4,3,2,0,2,0,0,0,0,0,0,17,17,2,7,4,3,1,0,0,15,13,2,1,9,0,0,2
55405007,1,,55405017,48,23,25,2,1,1,52,26,26,25,12,13,52,26,26,52,26,26,27,14,13,9,4,5,5,2,3,0,0,0,1,0,1,21,21,7,8,4,2,1,1,0,16,11,5,0,19,0,4,4
55405008,2,55405009,,10,6,4,*,*,*,*,*,*,*,*,*,*,*,*,*,*,*,*,*,*,*,*,*,*,*,*,*,*,*,*,*,*,3,3,*,*,*,*,*,*,*,*,*,*,*,*,*,*,*
55405009,1,,55405008,61,13,48,1,1,0,69,17,52,35,8,27,67,16,51,67,16,51,34,9,25,24,5,19,11,2,9,1,1,0,12,1,11,16,15,9,6,1,0,2,0,0,9,7,2,0,13,0,6,5
55405010,1,,55405030,194,98,96,3,2,1,187,95,92,88,53,35,182,94,88,179,92,87,99,42,57,62,20,42,23,7,16,1,1,0,9,5,4,103,102,53,31,13,3,3,0,0,49,41,8,0,59,7,24,15
55405011,2,55405001,,10,5,5,*,*,*,*,*,*,*,*,*,*,*,*,*,*,*,*,*,*,*,*,*,*,*,*,*,*,*,*,*,*,3,3,*,*,*,*,*,*,*,*,*,*,*,*,*,*,*
55405012,0,,,29,16,13,0,0,0,28,15,13,10,5,5,28,15,13,28,15,13,18,10,8,7,4,3,4,2,2,0,0,0,0,0,0,20,20,11,9,0,0,0,0,0,9,9,0,0,15,0,8,5
55405013,0,,,58,32,26,6,2,4,52,30,22,29,19,10,52,30,22,52,30,22,23,11,12,10,4,6,1,0,1,0,0,0,0,0,0,23,23,8,5,3,4,3,0,0,15,12,3,3,15,0,5,3
55405014,0,,,46,23,23,5,3,2,41,20,21,22,11,11,40,19,21,40,19,21,19,9,10,4,1,3,1,1,0,0,0,0,0,0,0,19,19,5,10,0,1,1,2,0,14,10,4,2,12,0,2,6
55405015,0,,,32,18,14,4,2,2,28,16,12,7,2,5,28,16,12,28,16,12,21,14,7,8,4,4,2,0,2,0,0,0,0,0,0,14,14,5,7,0,0,1,0,1,9,7,2,1,14,0,5,5
55405016,0,,,20,9,11,2,0,2,18,9,9,4,2,2,18,9,9,18,9,9,14,7,7,2,0,2,0,0,0,0,0,0,0,0,0,11,11,4,6,0,1,0,0,0,6,6,0,1,9,0,3,4
55405017,2,55405007,,6,4,2,*,*,*,*,*,*,*,*,*,*,*,*,*,*,*,*,*,*,*,*,*,*,*,*,*,*,*,*,*,*,2,2,*,*,*,*,*,*,*,*,*,*,*,*,*,*,*
55405018,2,55405019,,7,3,4,*,*,*,*,*,*,*,*,*,*,*,*,*,*,*,*,*,*,*,*,*,*,*,*,*,*,*,*,*,*,7,7,*,*,*,*,*,*,*,*,*,*,*,*,*,*,*
55405019,1,,55405018,46,7,39,0,0,0,49,10,39,0,0,0,49,10,39,49,10,39,49,10,39,28,7,21,2,0,2,1,0,1,0,0,0,40,40,41,6,0,0,0,0,0,5,2,3,0,44,0,39,2
55405022,0,,,51,22,29,0,0,0,51,22,29,23,10,13,51,22,29,51,22,29,28,12,16,12,5,7,3,0,3,0,0,0,0,0,0,26,26,6,16,3,1,0,0,0,20,18,2,0,17,0,2,8
55405023,0,,,74,41,33,3,2,1,70,38,32,21,12,9,69,38,31,69,38,31,49,26,23,24,11,13,6,3,3,1,1,0,1,1,0,39,39,14,20,4,0,0,0,1,25,23,2,1,30,0,10,16
55405024,0,,,71,33,38,4,2,2,67,31,36,23,10,13,67,31,36,67,31,36,44,21,23,11,5,6,5,3,2,0,0,0,0,0,0,38,38,11,23,3,0,1,0,0,25,24,1,1,27,1,6,16
55405025,1,,55405026,31,13,18,6,5,1,31,12,19,16,5,11,31,12,19,31,12,19,15,7,8,6,2,4,3,2,1,0,0,0,0,0,0,12,12,2,6,3,1,2,0,0,12,10,2,2,11,0,2,4
55405026,2,55405025,,6,4,2,*,*,*,*,*,*,*,*,*,*,*,*,*,*,*,*,*,*,*,*,*,*,*,*,*,*,*,*,*,*,2,2,*,*,*,*,*,*,*,*,*,*,*,*,*,*,*
55405027,2,55405036,,5,2,3,*,*,*,*,*,*,*,*,*,*,*,*,*,*,*,*,*,*,*,*,*,*,*,*,*,*,*,*,*,*,1,1,*,*,*,*,*,*,*,*,*,*,*,*,*,*,*
55405028,0,,,96,73,23,0,0,0,96,73,23,62,44,18,96,73,23,94,73,21,34,29,5,3,1,2,0,0,0,0,0,0,0,0,0,5,4,3,0,0,0,0,1,0,1,0,1,0,4,0,3,0
55405029,0,,,50,24,26,2,1,1,48,23,25,21,12,9,44,20,24,43,19,24,27,11,16,14,4,10,0,0,0,0,0,0,0,0,0,24,24,12,6,2,2,0,2,0,12,10,2,0,20,0,11,5
55405030,2,55405010,,3,2,1,*,*,*,*,*,*,*,*,*,*,*,*,*,*,*,*,*,*,*,*,*,*,*,*,*,*,*,*,*,*,1,1,*,*,*,*,*,*,*,*,*,*,*,*,*,*,*
55405032,0,,,12,6,6,0,0,0,12,6,6,2,1,1,12,6,6,12,6,6,10,5,5,5,2,3,1,0,1,0,0,0,1,1,0,7,7,3,3,1,0,0,0,0,4,3,1,0,5,0,1,3
55405033,0,,,45,25,20,2,2,0,43,23,20,16,7,9,43,23,20,42,23,19,27,16,11,14,8,6,1,0,1,0,0,0,0,0,0,27,27,13,12,0,2,0,0,0,14,14,0,1,20,0,10,9
55405034,0,,,41,23,18,0,0,0,41,23,18,21,10,11,41,23,18,41,23,18,20,13,7,6,4,2,1,1,0,0,0,0,0,0,0,27,27,13,14,0,0,0,0,0,13,13,0,0,15,0,5,6
55405035,1,,55405045,90,50,40,15,8,7,87,46,41,49,26,23,86,45,41,86,45,41,38,20,18,11,4,7,5,2,3,1,0,1,0,0,0,30,30,4,14,9,4,2,1,1,31,24,7,4,24,2,2,6
55405036,1,,55405027;55405037;55405047,84,40,44,2,2,0,93,43,50,52,23,29,92,43,49,91,43,48,41,20,21,15,6,9,6,1,5,1,0,1,1,0,1,36,36,15,8,6,4,6,0,0,23,16,7,1,28,4,6,4
55405037,2,55405036,,3,2,1,*,*,*,*,*,*,*,*,*,*,*,*,*,*,*,*,*,*,*,*,*,*,*,*,*,*,*,*,*,*,1,1,*,*,*,*,*,*,*,*,*,*,*,*,*,*,*
55405038,0,,,42,19,23,5,2,3,37,17,20,18,8,10,37,17,20,37,17,20,19,9,10,6,2,4,3,1,2,0,0,0,0,0,0,8,8,0,0,1,2,2,1,2,8,0,8,0,8,0,0,0
55405039,0,,,39,18,21,1,1,0,38,17,21,22,11,11,37,17,20,37,17,20,16,6,10,8,4,4,3,1,2,1,0,1,0,0,0,15,15,4,5,2,2,1,1,0,11,7,4,0,10,0,3,3
55405044,1,,55405054;55405055,26,7,19,0,0,0,31,9,22,23,6,17,31,9,22,31,9,22,8,3,5,6,2,4,5,1,4,0,0,0,0,0,0,14,14,9,3,4,1,0,0,0,8,5,3,0,6,9,0,0
55405045,2,55405035,,12,4,8,*,*,*,*,*,*,*,*,*,*,*,*,*,*,*,*,*,*,*,*,*,*,*,*,*,*,*,*,*,*,5,5,*,*,*,*,*,*,*,*,*,*,*,*,*,*,*
55405046,0,,,27,14,13,3,1,2,24,13,11,13,7,6,23,13,10,23,13,10,11,6,5,6,2,4,3,1,2,0,0,0,0,0,0,8,8,0,1,4,2,1,0,0,8,5,3,0,6,0,0,1
55405047,2,55405036,,3,1,2,*,*,*,*,*,*,*,*,*,*,*,*,*,*,*,*,*,*,*,*,*,*,*,*,*,*,*,*,*,*,1,1,*,*,*,*,*,*,*,*,*,*,*,*,*,*,*
55405049,0,,,48,22,26,5,3,2,43,19,24,24,11,13,43,19,24,43,19,24,19,8,11,6,2,4,1,1,0,0,0,0,3,0,3,18,18,5,3,5,4,0,1,0,12,10,2,2,13,0,4,2
55405053,0,,,13,5,8,0,0,0,13,5,8,10,3,7,13,5,8,13,5,8,3,2,1,0,0,0,0,0,0,0,0,0,0,0,0,12,12,11,1,0,0,0,0,0,1,1,0,0,2,10,1,1
55405054,2,55405044,,2,0,2,*,*,*,*,*,*,*,*,*,*,*,*,*,*,*,*,*,*,*,*,*,*,*,*,*,*,*,*,*,*,2,2,*,*,*,*,*,*,*,*,*,*,*,*,*,*,*
55405055,2,55405044,,3,2,1,*,*,*,*,*,*,*,*,*,*,*,*,*,*,*,*,*,*,*,*,*,*,*,*,*,*,*,*,*,*,1,1,*,*,*,*,*,*,*,*,*,*,*,*,*,*,*
55405057,2,55405066,,9,6,3,*,*,*,*,*,*,*,*,*,*,*,*,*,*,*,*,*,*,*,*,*,*,*,*,*,*,*,*,*,*,3,3,*,*,*,*,*,*,*,*,*,*,*,*,*,*,*
55405058,2,55405069,,10,6,4,*,*,*,*,*,*,*,*,*,*,*,*,*,*,*,*,*,*,*,*,*,*,*,*,*,*,*,*,*,*,3,3,*,*,*,*,*,*,*,*,*,*,*,*,*,*,*
55405059,0,,,214,113,101,12,7,5,202,106,96,87,49,38,197,104,93,195,103,92,115,57,58,60,28,32,13,8,5,0,0,0,1,0,1,52,51,16,12,7,9,5,0,2,35,22,13,5,34,0,8,6
55405064,1,,55405065,13,6,7,0,0,0,22,11,11,11,6,5,21,10,11,21,10,11,11,5,6,6,2,4,4,1,3,0,0,0,0,0,0,6,6,4,1,3,0,0,0,1,5,2,3,0,8,0,3,1
55405065,2,55405064,,9,5,4,*,*,*,*,*,*,*,*,*,*,*,*,*,*,*,*,*,*,*,*,*,*,*,*,*,*,*,*,*,*,3,3,*,*,*,*,*,*,*,*,*,*,*,*,*,*,*
55405066,1,,55405057,8,4,4,0,0,0,17,10,7,9,6,3,16,9,7,16,9,7,8,4,4,4,1,3,4,1,3,0,0,0,0,0,0,3,3,1,1,2,2,0,0,0,5,2,3,0,6,0,1,0
55405068,0,,,37,19,18,1,0,1,36,19,17,14,7,7,35,18,17,35,18,17,22,12,10,11,5,6,4,1,3,1,0,1,0,0,0,15,15,4,5,4,1,0,0,1,11,9,2,0,12,0,2,3
55405069,1,,55405058,629,328,301,19,11,8,620,323,297,285,174,111,606,316,290,592,305,287,335,149,186,153,50,103,72,16,56,7,1,6,1,0,1,28,21,9,4,4,4,2,1,0,15,8,7,1,15,0,4,0
55405077,0,,,27,15,12,0,0,0,27,15,12,11,7,4,27,15,12,27,15,12,16,8,8,7,2,5,4,1,3,0,0,0,0,0,0,13,13,5,5,0,3,0,0,0,8,5,3,0,11,0,3,4
55405078,1,,55405079,198,101,97,16,8,8,261,134,127,155,87,68,255,132,123,249,126,123,106,47,59,45,18,27,18,3,15,2,0,2,0,0,0,69,69,8,24,21,10,4,1,2,62,43,19,4,56,0,8,14
55405079,2,55405078,,79,41,38,*,*,*,*,*,*,*,*,*,*,*,*,*,*,*,*,*,*,*,*,*,*,*,*,*,*,*,*,*,*,2,1,*,*,*,*,*,*,*,*,*,*,*,*,*,*,*
55405085,2,55405086,,10,5,5,*,*,*,*,*,*,*,*,*,*,*,*,*,*,*,*,*,*,*,*,*,*,*,*,*,*,*,*,*,*,3,3,*,*,*,*,*,*,*,*,*,*,*,*,*,*,*
55405086,1,,55405085,6,2,4,0,0,0,16,7,9,10,4,6,14,6,8,14,6,8,6,3,3,3,1,2,0,0,0,0,0,0,0,0,0,2,2,0,2,2,0,0,1,0,5,4,1,0,4,0,0,1
55405087,0,,,46,19,27,3,1,2,43,18,25,24,10,14,43,18,25,42,17,25,19,8,11,10,5,5,3,2,1,2,2,0,0,0,0,20,20,6,8,3,1,1,1,0,14,11,3,1,13,0,4,3
55405088,0,,,86,38,48,1,0,1,85,38,47,49,23,26,84,38,46,83,38,45,36,15,21,20,8,12,6,1,5,2,0,2,5,4,1,40,40,15,13,5,6,0,1,0,23,17,6,0,23,3,7,7
55405089,0,,,23,15,8,3,2,1,20,13,7,15,9,6,20,13,7,20,13,7,5,4,1,2,1,1,1,0,1,1,0,1,0,0,0,8,8,2,2,1,1,2,0,0,6,4,2,1,4,0,2,0
55405096,0,,,25,14,11,0,0,0,25,14,11,19,12,7,23,12,11,23,12,11,6,2,4,4,0,4,3,0,3,0,0,0,0,0,0,8,8,2,1,2,1,1,1,0,6,1,5,0,5,0,1,0
55405097,0,,,104,51,53,13,5,8,91,46,45,56,28,28,89,45,44,88,44,44,35,18,17,16,6,10,7,2,5,0,0,0,0,0,0,39,39,7,15,7,5,4,1,0,29,20,9,3,24,0,4,6
55405098,0,,,110,57,53,8,3,5,102,54,48,52,31,21,100,52,48,98,50,48,50,23,27,22,8,14,6,1,5,0,0,0,0,0,0,46,46,11,20,7,4,2,2,0,34,30,4,3,33,0,9,9
55405099,0,,,236,117,119,17,8,9,219,109,110,131,69,62,212,106,106,206,103,103,88,40,48,37,13,24,16,1,15,0,0,0,2,1,1,82,82,18,20,16,17,5,5,1,64,46,18,1,61,0,12,7
55405100,0,,,34,18,16,4,3,1,30,15,15,17,8,9,29,15,14,28,15,13,13,7,6,2,1,1,0,0,0,0,0,0,1,1,0,14,14,6,3,3,0,1,0,1,8,6,2,0,10,0,4,2
55405101,0,,,19,11,8,1,0,1,17,10,7,9,7,2,16,9,7,16,9,7,8,3,5,4,2,2,1,1,0,0,0,0,0,0,0,7,7,2,2,1,1,0,1,0,5,4,1,0,5,0,1,2
55405102,0,,,52,25,27,3,3,0,49,22,27,25,10,15,49,22,27,48,22,26,24,12,12,8,2,6,4,1,3,0,0,0,0,0,0,20,20,5,5,6,2,1,1,0,15,7,8,1,15,0,3,3
55405103,2,55405104,,5,2,3,*,*,*,*,*,*,*,*,*,*,*,*,*,*,*,*,*,*,*,*,*,*,*,*,*,*,*,*,*,*,3,3,*,*,*,*,*,*,*,*,*,*,*,*,*,*,*
55405104,1,,55405103,100,51,49,3,1,2,99,50,49,53,29,24,99,50,49,98,50,48,46,21,25,22,10,12,6,2,4,0,0,0,1,1,0,40,40,8,19,10,5,0,0,1,33,27,6,0,31,1,6,10
55405105,1,,55405106,460,233,227,74,34,40,391,202,189,336,175,161,372,189,183,363,187,176,55,27,28,22,11,11,3,2,1,0,0,0,4,4,0,155,155,22,40,43,30,18,4,0,134,117,17,19,40,4,6,11
55405106,2,55405105,,5,3,2,*,*,*,*,*,*,*,*,*,*,*,*,*,*,*,*,*,*,*,*,*,*,*,*,*,*,*,*,*,*,2,2,*,*,*,*,*,*,*,*,*,*,*,*,*,*,*
55405107,1,,55405108,16,8,8,0,0,0,130,37,93,17,9,8,129,37,92,129,37,92,113,28,85,105,22,83,69,7,62,15,1,14,0,0,0,6,6,0,3,4,1,0,0,0,8,6,2,0,4,0,0,1
55405108,2,55405107,,114,29,85,*,*,*,*,*,*,*,*,*,*,*,*,*,*,*,*,*,*,*,*,*,*,*,*,*,*,*,*,*,*,3,2,*,*,*,*,*,*,*,*,*,*,*,*,*,*,*
55405109,0,,,60,32,28,10,6,4,50,26,24,34,17,17,48,24,24,46,23,23,16,9,7,7,3,4,2,0,2,0,0,0,0,0,0,20,20,3,6,4,2,5,0,0,17,13,4,1,12,0,3,3
55405110,0,,,84,45,39,18,10,8,65,34,31,36,18,18,64,34,30,63,33,30,29,16,13,13,8,5,3,2,1,0,0,0,0,0,0,26,26,6,9,3,2,1,1,4,19,13,6,5,18,0,4,8
55405111,0,,,20,8,12,4,1,3,16,7,9,10,6,4,16,7,9,15,6,9,6,1,5,3,0,3,1,0,1,1,0,1,0,0,0,5,5,0,1,2,0,0,2,0,5,0,5,0,4,0,0,0
55405112,0,,,22,11,11,0,0,0,22,11,11,12,6,6,22,11,11,21,10,11,10,5,5,7,3,4,0,0,0,0,0,0,0,0,0,8,8,0,4,2,2,0,0,0,8,7,1,0,6,0,0,4
55405113,0,,,65,39,26,3,3,0,62,36,26,36,23,13,60,34,26,58,32,26,26,13,13,17,9,8,3,1,2,1,0,1,0,0,0,27,27,9,10,3,0,3,2,0,18,13,5,1,18,0,5,5
55405114,0,,,487,220,267,45,20,25,436,196,240,303,141,162,413,184,229,403,182,221,133,55,78,68,25,43,18,3,15,0,0,0,17,1,16,195,195,53,55,49,18,16,3,1,140,117,23,11,97,5,30,19
55405115,0,,,699,352,347,79,39,40,612,308,304,407,215,192,601,304,297,595,303,292,205,93,112,88,36,52,27,11,16,1,1,0,1,1,0,272,271,71,82,50,45,14,6,3,198,153,45,28,137,10,23,38
55405116,0,,,86,46,40,21,12,9,64,33,31,47,25,22,63,32,31,62,32,30,17,8,9,11,6,5,2,1,1,0,0,0,0,0,0,29,29,4,8,6,8,2,1,0,25,23,2,6,12,0,3,3
55405117,0,,,491,241,250,70,27,43,416,212,204,307,160,147,399,206,193,392,200,192,109,52,57,42,19,23,15,4,11,1,0,1,9,3,6,177,177,30,63,34,34,8,4,4,143,119,24,27,72,1,8,21
55405118,0,,,251,123,128,17,10,7,233,112,121,132,70,62,230,111,119,229,110,119,101,42,59,48,24,24,10,3,7,2,0,2,0,0,0,101,101,25,31,23,16,5,1,0,75,52,23,3,65,1,12,19
55405119,0,,,567,268,299,99,40,59,463,225,238,339,169,170,434,211,223,425,204,221,124,56,68,48,18,30,13,2,11,0,0,0,3,1,2,193,193,38,50,42,31,21,6,5,155,118,37,20,88,2,16,17
55405120,0,,,87,21,66,2,0,2,85,21,64,8,5,3,83,20,63,83,20,63,77,16,61,73,14,59,57,10,47,18,3,15,0,0,0,7,6,3,1,1,1,0,0,0,3,3,0,1,2,0,1,0
55405121,0,,,157,88,69,13,7,6,144,81,63,103,63,40,143,80,63,142,80,62,41,18,23,18,6,12,9,3,6,1,0,1,0,0,0,24,23,3,5,3,6,2,2,2,20,8,12,5,17,0,3,2
55405122,0,,,442,212,230,77,38,39,359,171,188,279,139,140,349,168,181,344,165,179,80,32,48,41,15,26,8,2,6,0,0,0,1,0,1,153,153,20,57,32,24,10,6,4,132,113,19,24,56,1,11,18
55405123,0,,,853,467,386,85,35,50,767,431,336,560,326,234,744,419,325,727,408,319,207,105,102,70,35,35,9,2,7,0,0,0,5,1,4,391,391,162,100,62,42,16,6,3,223,189,34,22,139,57,24,38
55405124,0,,,202,114,88,19,14,5,182,100,82,127,74,53,178,97,81,174,93,81,55,26,29,18,9,9,5,2,3,0,0,0,1,0,1,88,88,27,28,19,8,6,0,0,60,54,6,6,37,5,5,10
55405125,0,,,2280,1123,1157,336,159,177,1899,939,960,1408,712,696,1823,902,921,1779,879,900,491,227,264,249,109,140,75,30,45,8,1,7,19,6,13,904,902,215,302,182,146,44,8,5,678,612,66,86,303,21,53,125
55405126,0,,,1195,601,594,152,78,74,1037,519,518,718,368,350,989,497,492,970,481,489,319,151,168,114,47,67,37,16,21,3,1,2,3,0,3,474,474,101,170,99,74,22,5,3,368,330,38,39,215,2,53,71
55405127,0,,,818,427,391,72,30,42,704,364,340,489,262,227,692,361,331,680,357,323,215,102,113,85,34,51,22,3,19,2,0,2,12,7,5,426,426,211,108,61,31,10,2,3,209,184,25,26,148,22,39,44
55405128,0,,,562,274,288,49,19,30,508,252,256,351,181,170,492,242,250,478,234,244,157,71,86,74,31,43,24,10,14,0,0,0,2,2,0,238,238,77,73,39,34,9,2,4,156,124,32,18,109,12,26,25
55405129,0,,,471,278,193,45,27,18,420,248,172,302,192,110,411,243,168,383,218,165,118,56,62,59,25,34,18,3,15,1,0,1,1,0,1,247,247,137,53,23,21,7,4,2,110,86,24,15,77,52,22,21
55405130,0,,,134,65,69,16,5,11,118,60,58,74,38,36,113,60,53,111,60,51,44,22,22,14,10,4,4,2,2,1,1,0,5,0,5,46,46,11,12,10,4,5,2,2,35,23,12,5,32,0,10,5
55405131,0,,,233,110,123,17,7,10,216,103,113,129,64,65,211,100,111,208,99,109,87,39,48,41,16,25,13,4,9,2,1,1,0,0,0,85,85,10,33,22,12,5,3,0,75,59,16,3,55,0,8,10
55405132,0,,,1370,708,662,215,107,108,1119,575,544,833,448,385,1072,551,521,1045,534,511,286,127,159,124,47,77,39,7,32,4,0,4,18,10,8,568,567,203,139,100,76,32,13,4,352,301,51,54,178,36,34,51
55405133,0,,,233,140,93,22,11,11,185,113,72,147,95,52,184,112,72,182,111,71,38,18,20,18,8,10,7,2,5,1,0,1,3,1,2,130,130,78,22,16,8,5,1,0,51,45,6,6,27,4,7,8
55405134,0,,,1409,731,678,195,106,89,1201,618,583,975,512,463,1160,597,563,1135,585,550,226,106,120,94,41,53,29,10,19,2,0,2,11,3,8,601,601,198,169,115,82,27,8,2,399,353,46,63,157,36,34,51
55405135,0,,,1752,897,855,223,114,109,1466,736,730,1119,578,541,1399,700,699,1362,684,678,347,158,189,134,53,81,41,12,29,3,0,3,24,5,19,810,810,337,213,124,84,36,12,4,463,409,54,71,234,64,46,91
55405136,0,,,870,402,468,110,60,50,745,334,411,483,239,244,719,318,401,711,312,399,262,95,167,121,40,81,27,7,20,1,0,1,9,3,6,419,419,170,131,60,38,16,2,2,247,216,31,33,193,16,80,43
55405137,0,,,675,331,344,90,53,37,584,277,307,435,209,226,554,260,294,532,254,278,149,68,81,49,20,29,13,8,5,2,1,1,15,6,9,293,293,95,96,46,38,12,4,2,195,180,15,25,111,10,37,23
55405138,0,,,562,282,280,84,45,39,470,231,239,330,169,161,457,227,230,451,223,228,140,62,78,53,20,33,13,2,11,1,0,1,3,1,2,249,249,97,64,37,35,11,4,1,151,137,14,26,98,8,30,25
55405139,0,,,117,62,55,8,4,4,109,58,51,71,41,30,105,54,51,103,53,50,38,17,21,18,5,13,9,2,7,0,0,0,0,0,0,40,40,6,14,8,5,4,2,1,33,21,12,2,27,0,5,5
55405140,0,,,515,270,245,63,37,26,445,229,216,303,156,147,424,217,207,416,213,203,142,73,69,49,24,25,12,5,7,1,0,1,5,3,2,193,192,45,61,40,25,10,5,6,146,120,26,19,89,2,14,29
55405141,0,,,567,269,298,53,23,30,512,245,267,291,156,135,506,242,264,498,236,262,221,89,132,131,46,85,74,20,54,7,2,5,2,2,0,204,203,70,61,30,25,10,5,2,131,105,26,11,87,14,19,27
55405142,0,,,709,356,353,91,49,42,614,306,308,420,216,204,595,299,296,588,297,291,194,90,104,84,35,49,29,8,21,1,0,1,19,11,8,271,271,61,94,48,39,16,11,2,207,167,40,26,127,12,20,32
55405143,0,,,1238,655,583,173,91,82,1032,544,488,817,452,365,989,520,469,961,506,455,215,92,123,95,28,67,32,5,27,1,0,1,5,1,4,555,555,243,107,89,82,23,9,2,305,248,57,56,161,43,55,27
55405144,0,,,1248,681,567,149,80,69,1042,559,483,831,464,367,1003,539,464,983,532,451,211,95,116,85,33,52,22,6,16,1,0,1,35,17,18,671,671,366,139,93,48,19,5,1,296,271,25,51,151,67,45,36
55405145,0,,,3381,1831,1550,421,223,198,2742,1490,1252,2171,1226,945,2637,1441,1196,2581,1411,1170,571,264,307,278,112,166,109,39,70,4,0,4,44,22,22,1803,1801,992,366,223,153,48,13,6,788,702,86,144,392,116,113,106
55405146,0,,,2325,1122,1203,274,131,143,2034,981,1053,1238,642,596,1968,938,1030,1936,920,1016,796,339,457,397,151,246,126,37,89,9,3,6,17,3,14,972,971,296,303,169,132,50,16,5,664,546,118,72,539,26,136,139
55405147,0,,,2844,1330,1514,363,190,173,2462,1129,1333,1502,747,755,2384,1088,1296,2334,1063,1271,960,382,578,512,186,326,196,58,138,16,2,14,34,11,23,1224,1223,411,367,222,144,51,19,9,803,679,124,87,664,28,229,157
55405148,0,,,1842,917,925,291,149,142,1521,751,770,1131,574,557,1457,722,735,1432,709,723,390,177,213,171,76,95,55,17,38,2,1,1,29,7,22,799,799,297,211,132,100,39,10,10,493,425,68,81,271,59,76,65
55405149,0,,,704,361,343,127,63,64,570,293,277,424,230,194,555,287,268,546,281,265,146,63,83,63,25,38,14,3,11,1,0,1,4,4,0,256,256,52,72,56,55,13,5,3,201,174,27,41,99,10,21,29
55405150,0,,,131,63,68,21,12,9,110,51,59,78,36,42,109,51,58,106,50,56,32,15,17,14,6,8,6,3,3,1,1,0,7,3,4,54,53,19,16,7,5,4,1,1,32,26,6,6,23,6,7,6
55405151,0,,,375,193,182,87,49,38,288,144,144,237,122,115,271,134,137,265,130,135,51,22,29,15,6,9,2,0,2,0,0,0,3,2,1,120,120,15,23,32,36,11,2,1,103,91,12,22,34,1,6,7
55405152,0,,,545,269,276,99,51,48,442,214,228,362,176,186,417,202,215,405,197,208,80,38,42,39,17,22,15,7,8,0,0,0,3,0,3,193,193,44,52,30,38,23,3,3,149,131,18,25,53,11,5,15
55405153,0,,,532,292,240,69,38,31,450,248,202,336,192,144,440,244,196,432,239,193,114,56,58,52,24,28,16,7,9,0,0,0,22,18,4,256,256,122,57,34,25,15,2,1,130,109,21,24,75,26,15,19
55405154,0,,,1290,702,588,148,77,71,1040,562,478,774,439,335,1004,541,463,984,535,449,266,123,143,135,58,77,38,13,25,5,3,2,43,19,24,655,652,354,127,79,62,18,8,4,291,249,42,44,183,61,48,44
55405155,0,,,2761,1396,1365,338,184,154,2336,1159,1177,1734,895,839,2236,1108,1128,2193,1090,1103,602,264,338,304,123,181,105,40,65,7,1,6,30,14,16,1320,1317,576,339,218,113,61,6,4,724,630,94,96,419,104,125,100
55405156,0,,,3433,1644,1789,335,141,194,3020,1465,1555,1857,985,872,2937,1418,1519,2883,1386,1497,1163,480,683,685,256,429,291,100,191,20,7,13,36,13,23,1600,1598,653,461,250,158,45,23,8,930,780,150,96,787,96,248,185
55405157,0,,,2256,1065,1191,217,106,111,2003,937,1066,1174,597,577,1956,915,1041,1925,904,1021,829,340,489,476,172,304,179,54,125,12,3,9,26,5,21,1027,1025,409,300,157,101,36,15,7,604,477,127,66,544,45,172,128
55405158,0,,,52,27,25,9,5,4,42,21,21,38,19,19,42,21,21,41,21,20,4,2,2,0,0,0,0,0,0,0,0,0,1,0,1,23,23,5,10,5,3,0,0,0,18,18,0,6,2,0,0,0
55405159,0,,,796,396,400,119,62,57,669,329,340,507,257,250,651,321,330,633,313,320,162,72,90,69,27,42,27,6,21,1,0,1,25,19,6,337,337,115,94,56,49,14,5,4,213,178,35,44,105,31,24,28
55405160,0,,,44,22,22,7,2,5,37,20,17,24,15,9,34,18,16,34,18,16,13,5,8,7,2,5,2,1,1,0,0,0,0,0,0,13,13,2,3,2,4,1,0,1,11,6,5,2,10,0,2,1
55405161,0,,,833,413,420,119,58,61,714,355,359,488,248,240,688,343,345,669,333,336,226,107,119,92,44,48,31,12,19,0,0,0,0,0,0,298,298,49,95,73,52,15,8,6,247,197,50,35,156,1,24,41
55405162,0,,,1732,852,880,256,127,129,1471,722,749,1087,532,555,1410,691,719,1373,674,699,384,190,194,152,66,86,40,13,27,0,0,0,9,2,7,650,649,151,186,133,121,35,17,6,492,406,86,70,270,15,55,71
55405163,0,,,633,317,316,69,35,34,550,275,275,423,216,207,532,267,265,517,259,258,127,59,68,56,21,35,13,4,9,0,0,0,17,14,3,289,289,119,71,54,25,13,4,3,164,144,20,20,92,26,22,28
55405164,0,,,1148,589,559,242,134,108,887,440,447,695,349,346,856,429,427,839,417,422,192,91,101,80,31,49,29,9,20,2,0,2,3,1,2,438,438,143,94,74,76,29,10,12,291,243,48,68,132,23,33,28
55405165,0,,,777,403,374,101,49,52,652,339,313,505,274,231,635,328,307,623,321,302,147,65,82,78,29,49,26,8,18,0,0,0,3,0,3,399,399,206,84,60,31,9,9,0,187,159,28,30,102,47,26,28
55405166,0,,,1123,572,551,128,66,62,958,483,475,686,365,321,924,462,462,912,457,455,272,118,154,135,60,75,33,11,22,1,0,1,15,7,8,543,543,246,134,90,45,15,9,4,290,247,43,46,202,35,76,35
55405167,0,,,933,489,444,81,39,42,821,430,391,472,273,199,807,424,383,788,412,376,349,157,192,177,71,106,71,23,48,7,1,6,15,7,8,437,436,188,113,73,41,11,7,3,246,197,49,28,208,51,48,60
55405168,0,,,200,95,105,19,9,10,179,84,95,103,50,53,175,81,94,167,80,87,76,34,42,41,15,26,10,4,6,0,0,0,0,0,0,81,81,27,25,11,8,5,3,2,54,41,13,5,53,0,14,16
55405169,0,,,89,48,41,5,3,2,84,45,39,50,28,22,82,44,38,80,43,37,34,17,17,13,8,5,4,1,3,0,0,0,0,0,0,34,34,7,12,6,7,0,2,0,27,21,6,1,25,0,6,4
55405170,0,,,173,84,89,8,4,4,165,80,85,115,59,56,160,77,83,156,75,81,50,21,29,26,9,17,7,1,6,1,0,1,0,0,0,64,64,10,24,15,8,6,0,1,54,38,16,3,35,0,5,9
55405171,0,,,410,209,201,61,35,26,349,174,175,243,124,119,338,168,170,329,160,169,106,50,56,43,17,26,11,1,10,1,0,1,1,0,1,123,123,18,34,25,18,7,10,11,103,67,36,14,72,0,9,11
55405172,0,,,551,292,259,126,71,55,415,215,200,343,182,161,401,204,197,388,197,191,72,33,39,24,9,15,5,1,4,0,0,0,4,2,2,240,240,98,52,45,22,15,5,3,141,129,12,40,58,28,28,11
55405173,2,55405174,,2,1,1,*,*,*,*,*,*,*,*,*,*,*,*,*,*,*,*,*,*,*,*,*,*,*,*,*,*,*,*,*,*,1,1,*,*,*,*,*,*,*,*,*,*,*,*,*,*,*
55405174,1,,55405173,392,198,194,69,41,28,325,158,167,225,110,115,313,152,161,305,147,158,100,48,52,42,21,21,13,3,10,0,0,0,4,0,4,133,133,26,38,24,25,12,6,3,107,81,26,16,69,1,13,11
55405175,0,,,195,102,93,16,9,7,179,93,86,102,58,44,175,90,85,170,88,82,77,35,42,34,14,20,14,3,11,1,0,1,0,0,0,62,62,8,20,11,11,7,3,2,54,33,21,3,48,0,6,13
55405176,0,,,128,60,68,11,3,8,117,57,60,50,25,25,116,57,59,115,56,59,67,32,35,30,15,15,8,4,4,0,0,0,0,0,0,53,53,13,20,9,7,4,0,0,39,31,8,4,43,0,11,14
55405177,0,,,241,127,114,17,11,6,212,107,105,122,61,61,212,107,105,210,106,104,90,46,44,43,20,23,15,5,10,0,0,0,6,5,1,109,109,47,27,19,6,4,3,3,61,45,16,9,56,13,12,13
55405178,0,,,57,33,24,4,4,0,53,29,24,30,18,12,51,27,24,49,25,24,23,11,12,11,6,5,3,2,1,0,0,0,0,0,0,18,18,1,8,2,2,4,1,0,17,12,5,1,13,0,1,7
55405179,0,,,579,273,306,61,36,25,515,235,280,289,148,141,499,225,274,494,225,269,226,87,139,124,37,87,78,17,61,11,0,11,3,2,1,190,188,42,63,35,27,7,10,4,143,111,32,17,104,5,21,29
55405180,0,,,34,17,17,3,2,1,31,15,16,26,14,12,30,15,15,30,15,15,5,1,4,5,1,4,2,1,1,0,0,0,1,0,1,14,14,4,3,4,3,0,0,0,10,8,2,1,4,0,1,0
55405181,0,,,86,39,47,14,6,8,72,33,39,46,24,22,69,31,38,67,31,36,26,9,17,12,3,9,4,0,4,0,0,0,0,0,0,26,26,6,2,6,7,2,2,1,19,8,11,2,19,0,4,2
55405182,0,,,117,54,63,13,4,9,104,50,54,67,34,33,101,49,52,101,49,52,37,16,21,17,6,11,7,2,5,0,0,0,0,0,0,35,35,6,6,8,6,4,4,1,29,14,15,1,25,0,5,1
55405183,0,,,196,92,104,33,14,19,163,78,85,105,52,53,159,76,83,156,75,81,58,26,32,25,10,15,5,2,3,0,0,0,0,0,0,54,54,6,11,9,12,7,6,3,48,25,23,11,35,0,3,7
55405184,0,,,125,64,61,7,4,3,118,60,58,69,37,32,115,59,56,113,58,55,49,23,26,19,6,13,6,2,4,0,0,0,0,0,0,41,41,3,15,13,5,1,2,2,38,26,12,1,30,0,2,8
55405186,2,55405187,,3,2,1,*,*,*,*,*,*,*,*,*,*,*,*,*,*,*,*,*,*,*,*,*,*,*,*,*,*,*,*,*,*,1,1,*,*,*,*,*,*,*,*,*,*,*,*,*,*,*
55405187,1,,55405186;55405188,70,33,37,8,3,5,71,34,37,50,25,25,65,31,34,63,31,32,21,9,12,10,3,7,6,1,5,0,0,0,0,0,0,25,25,9,4,5,4,5,1,0,19,13,6,1,13,5,2,2
55405188,2,55405187,,6,2,4,*,*,*,*,*,*,*,*,*,*,*,*,*,*,*,*,*,*,*,*,*,*,*,*,*,*,*,*,*,*,2,2,*,*,*,*,*,*,*,*,*,*,*,*,*,*,*
55405189,0,,,93,50,43,11,7,4,82,43,39,43,26,17,77,39,38,76,38,38,39,17,22,19,8,11,11,3,8,0,0,0,2,2,0,32,32,8,11,5,1,2,2,3,24,16,8,1,24,2,5,7
55405190,0,,,56,27,29,8,5,3,48,22,26,32,16,16,45,20,25,44,19,25,16,6,10,9,2,7,4,0,4,0,0,0,4,2,2,16,16,3,2,5,2,1,1,2,13,7,6,3,12,0,2,1
55405192,0,,,53,24,29,14,6,8,39,18,21,32,16,16,34,15,19,30,13,17,7,2,5,4,1,3,1,0,1,0,0,0,0,0,0,18,18,1,5,8,2,2,0,0,16,16,0,3,5,0,1,1
55405193,0,,,346,174,172,37,17,20,309,157,152,176,96,80,295,148,147,287,146,141,133,61,72,55,24,31,12,4,8,1,0,1,1,0,1,132,132,20,60,23,18,8,1,2,112,97,15,9,80,0,15,36
55405194,0,,,96,52,44,16,9,7,80,43,37,49,29,20,79,43,36,77,42,35,31,14,17,11,5,6,4,1,3,1,0,1,0,0,0,27,27,5,5,3,3,7,3,1,22,12,10,4,19,0,2,3
55405196,1,,55405197,12,6,6,1,1,0,16,8,8,9,5,4,15,7,8,15,7,8,7,3,4,5,3,2,0,0,0,0,0,0,0,0,0,4,4,1,2,1,1,1,0,0,5,4,1,0,4,0,1,2
55405197,2,55405196,,5,3,2,*,*,*,*,*,*,*,*,*,*,*,*,*,*,*,*,*,*,*,*,*,*,*,*,*,*,*,*,*,*,2,2,*,*,*,*,*,*,*,*,*,*,*,*,*,*,*
55405198,2,55405199,,8,4,4,*,*,*,*,*,*,*,*,*,*,*,*,*,*,*,*,*,*,*,*,*,*,*,*,*,*,*,*,*,*,3,3,*,*,*,*,*,*,*,*,*,*,*,*,*,*,*
55405199,1,,55405198,74,31,43,7,2,5,75,33,42,44,19,25,71,32,39,70,32,38,31,14,17,14,5,9,7,3,4,0,0,0,0,0,0,24,24,5,7,4,8,1,1,1,22,13,9,1,22,0,4,3
55405200,0,,,210,107,103,24,12,12,186,95,91,120,64,56,181,93,88,179,91,88,66,31,35,20,9,11,5,1,4,0,0,0,1,0,1,77,77,13,31,15,9,3,4,2,64,50,14,6,41,0,6,13
55405201,0,,,251,129,122,26,16,10,225,113,112,142,80,62,212,104,108,209,101,108,83,33,50,41,15,26,15,3,12,3,1,2,1,0,1,84,84,12,24,24,10,9,3,2,71,50,21,5,54,0,11,9
55405202,0,,,96,54,42,5,4,1,91,50,41,48,29,19,87,46,41,86,46,40,43,21,22,18,9,9,8,2,6,0,0,0,0,0,0,30,30,3,7,7,9,3,0,1,27,16,11,1,25,0,3,4
55405204,0,,,21,11,10,1,1,0,20,10,10,11,7,4,20,10,10,20,10,10,9,3,6,3,1,2,2,1,1,0,0,0,0,0,0,5,5,1,0,0,1,2,1,0,4,0,4,0,5,0,1,0
55405206,0,,,145,73,72,17,11,6,128,62,66,84,41,43,124,61,63,120,59,61,44,21,23,21,9,12,11,3,8,1,0,1,0,0,0,31,31,2,2,2,11,3,7,4,29,5,24,2,26,0,1,1
55405207,0,,,25,14,11,4,3,1,21,11,10,14,7,7,18,10,8,17,9,8,7,4,3,3,1,2,2,1,1,0,0,0,0,0,0,7,7,1,3,0,1,0,1,1,6,4,2,0,5,0,1,1
55405208,0,,,19,9,10,3,1,2,16,8,8,5,3,2,16,8,8,16,8,8,11,5,6,2,1,1,2,1,1,0,0,0,1,0,1,9,9,4,2,2,0,1,0,0,5,3,2,0,7,0,3,2
55405209,0,,,30,15,15,4,2,2,26,13,13,13,7,6,26,13,13,25,12,13,13,6,7,7,3,4,3,1,2,0,0,0,0,0,0,6,6,0,0,1,2,1,1,1,6,2,4,0,6,0,0,0
55405210,1,,55405220,399,168,231,29,11,18,365,155,210,171,89,82,356,150,206,351,147,204,194,66,128,133,36,97,88,22,66,9,0,9,5,5,0,115,113,39,24,26,14,4,5,2,73,51,22,10,50,7,4,11
55405211,1,,55405212,27,12,15,2,2,0,36,16,20,25,12,13,36,16,20,36,16,20,11,4,7,2,0,2,2,0,2,0,0,0,0,0,0,8,8,1,2,3,2,2,1,0,9,6,3,0,9,0,1,0
55405212,2,55405211,,11,6,5,*,*,*,*,*,*,*,*,*,*,*,*,*,*,*,*,*,*,*,*,*,*,*,*,*,*,*,*,*,*,3,3,*,*,*,*,*,*,*,*,*,*,*,*,*,*,*
55405214,0,,,42,20,22,2,2,0,40,18,22,26,12,14,35,16,19,34,16,18,14,6,8,9,4,5,3,0,3,0,0,0,0,0,0,10,10,0,4,1,0,1,3,1,10,4,6,0,9,0,0,1
55405215,0,,,170,83,87,11,4,7,159,79,80,94,44,50,158,79,79,155,78,77,65,35,30,37,19,18,7,4,3,3,2,1,0,0,0,45,45,4,7,11,9,8,1,5,41,19,22,4,38,0,3,5
55405216,0,,,102,48,54,12,8,4,90,40,50,60,28,32,84,38,46,82,37,45,30,12,18,15,6,9,5,1,4,0,0,0,0,0,0,27,27,5,4,3,6,3,2,4,22,9,13,3,19,1,2,1
55405217,0,,,286,143,143,27,13,14,259,130,129,160,76,84,247,126,121,243,124,119,99,54,45,49,21,28,17,7,10,1,1,0,2,1,1,80,80,7,23,12,15,10,7,6,73,38,35,6,61,0,5,13
55405218,0,,,74,33,41,8,5,3,64,27,37,38,18,20,64,27,37,60,26,34,26,9,17,11,5,6,2,0,2,0,0,0,1,1,0,27,27,8,8,3,5,1,0,2,19,13,6,1,17,0,4,3
55405219,0,,,114,53,61,9,4,5,105,49,56,62,31,31,102,48,54,102,48,54,43,18,25,24,10,14,9,4,5,0,0,0,3,0,3,31,31,4,6,4,9,4,2,2,27,7,20,2,25,0,2,4
55405220,2,55405210,,2,2,0,*,*,*,*,*,*,*,*,*,*,*,*,*,*,*,*,*,*,*,*,*,*,*,*,*,*,*,*,*,*,1,1,*,*,*,*,*,*,*,*,*,*,*,*,*,*,*
55405222,2,55405232,,2,1,1,*,*,*,*,*,*,*,*,*,*,*,*,*,*,*,*,*,*,*,*,*,*,*,*,*,*,*,*,*,*,1,1,*,*,*,*,*,*,*,*,*,*,*,*,*,*,*
55405223,1,,55405224,38,16,22,9,6,3,47,20,27,28,12,16,46,20,26,43,19,24,19,8,11,10,3,7,4,1,3,0,0,0,0,0,0,10,10,1,2,2,2,0,5,1,12,3,9,1,11,0,1,1
55405224,2,55405223,,18,10,8,*,*,*,*,*,*,*,*,*,*,*,*,*,*,*,*,*,*,*,*,*,*,*,*,*,*,*,*,*,*,3,3,*,*,*,*,*,*,*,*,*,*,*,*,*,*,*
55405226,0,,,142,58,84,13,1,12,129,57,72,82,40,42,123,55,68,121,54,67,47,17,30,26,7,19,8,1,7,1,0,1,0,0,0,41,41,5,7,10,9,6,1,3,36,18,18,4,30,1,4,2
55405227,0,,,290,146,144,31,15,16,258,130,128,165,83,82,247,121,126,242,119,123,93,47,46,47,22,25,17,6,11,0,0,0,0,0,0,114,114,31,34,24,14,7,2,2,80,57,23,10,59,8,14,14
55405228,0,,,144,77,67,18,6,12,120,68,52,87,50,37,116,67,49,112,65,47,33,18,15,15,8,7,5,3,2,2,0,2,0,0,0,47,47,7,13,9,10,5,2,1,38,31,7,3,19,2,1,7
55405229,0,,,40,19,21,4,2,2,36,17,19,19,10,9,33,15,18,32,15,17,17,7,10,10,3,7,4,1,3,0,0,0,0,0,0,13,13,1,5,2,2,3,0,0,12,9,3,1,11,0,1,4
55405230,0,,,319,163,156,25,12,13,294,151,143,175,99,76,287,149,138,284,147,137,119,52,67,57,22,35,21,8,13,2,0,2,5,0,5,106,106,22,31,18,15,9,4,7,83,51,32,8,79,4,12,10
55405231,0,,,109,51,58,17,9,8,92,42,50,53,24,29,89,41,48,88,41,47,39,18,21,19,7,12,13,4,9,2,0,2,0,0,0,33,33,4,8,8,6,5,0,2,29,15,14,6,22,0,3,3
55405232,1,,55405222,143,77,66,16,8,8,129,70,59,79,47,32,123,64,59,123,64,59,50,23,27,22,9,13,8,3,5,0,0,0,0,0,0,43,43,3,15,7,12,3,2,2,41,29,12,2,31,1,2,10
55405233,0,,,224,111,113,20,11,9,204,100,104,116,61,55,192,93,99,189,91,98,88,39,49,33,13,20,10,3,7,1,1,0,0,0,0,68,68,7,18,18,11,6,4,4,61,31,30,5,54,0,7,10
55405234,0,,,62,32,30,6,6,0,56,26,30,28,15,13,56,26,30,55,26,29,28,11,17,12,4,8,7,2,5,0,0,0,0,0,0,19,19,1,3,8,5,1,1,0,17,9,8,0,13,0,1,2
55405235,0,,,139,72,67,10,6,4,129,66,63,77,44,33,125,64,61,122,62,60,52,22,30,27,11,16,10,4,6,2,0,2,0,0,0,36,36,1,8,10,9,2,2,4,35,15,20,3,31,0,0,4
55405236,0,,,371,186,185,45,21,24,326,165,161,196,105,91,308,156,152,304,152,152,130,60,70,48,19,29,26,10,16,2,0,2,0,0,0,111,111,7,36,18,28,11,6,5,103,62,41,14,78,0,6,20
55405237,0,,,400,210,190,54,32,22,346,178,168,238,130,108,336,172,164,328,167,161,108,48,60,36,15,21,2,1,1,0,0,0,16,12,4,156,156,48,32,38,25,7,3,3,108,82,26,17,79,6,23,11
55405238,0,,,728,370,358,99,56,43,629,314,315,429,226,203,599,298,301,587,289,298,200,88,112,96,33,63,45,11,34,2,0,2,21,14,7,253,252,51,79,41,53,13,9,6,200,155,45,24,122,11,19,30
55405239,0,,,173,82,91,17,6,11,156,76,80,114,58,56,143,69,74,137,66,71,42,18,24,19,7,12,10,2,8,0,0,0,0,0,0,63,63,15,14,15,12,5,2,0,48,39,9,0,28,3,6,4
55405240,0,,,72,38,34,9,5,4,61,32,29,37,22,15,57,28,29,57,28,29,24,10,14,9,4,5,5,2,3,0,0,0,0,0,0,20,20,4,4,4,2,1,2,3,16,7,9,2,15,0,1,1
55405242,0,,,272,128,144,34,19,15,238,109,129,126,60,66,231,107,124,227,104,123,112,49,63,51,19,32,22,7,15,3,0,3,0,0,0,82,82,7,24,21,9,10,9,2,75,47,28,9,62,0,6,16
55405243,0,,,372,180,192,31,7,24,341,173,168,188,106,82,333,169,164,329,165,164,153,67,86,66,27,39,24,7,17,2,0,2,1,0,1,112,111,13,33,34,9,7,9,6,98,65,33,7,79,0,9,17
55405244,0,,,22,12,10,1,0,1,21,12,9,11,7,4,20,11,9,20,11,9,10,5,5,2,1,1,1,0,1,0,0,0,0,0,0,8,8,1,3,2,1,1,0,0,7,6,1,0,6,0,1,3
55405245,0,,,23,14,9,8,6,2,15,8,7,12,6,6,15,8,7,15,8,7,3,2,1,0,0,0,0,0,0,0,0,0,0,0,0,4,4,0,0,0,1,1,0,2,4,1,3,1,2,0,0,0
55405247,0,,,130,63,67,23,12,11,107,51,56,62,28,34,103,50,53,101,48,53,45,23,22,32,15,17,11,6,5,1,0,1,1,1,0,44,44,7,15,11,4,1,4,2,36,28,8,7,27,0,5,6
55405248,0,,,190,98,92,17,8,9,173,90,83,100,59,41,169,88,81,167,86,81,73,31,42,32,10,22,13,3,10,0,0,0,5,5,0,67,67,13,22,13,6,8,5,0,54,31,23,6,46,5,4,8
55405249,0,,,140,77,63,14,9,5,126,68,58,79,43,36,121,64,57,117,61,56,47,25,22,25,12,13,7,4,3,0,0,0,0,0,0,42,42,10,7,5,9,4,5,2,32,16,16,3,33,0,8,4
55405250,0,,,142,78,64,28,19,9,106,55,51,88,46,42,103,53,50,102,52,50,18,9,9,7,4,3,2,0,2,0,0,0,0,0,0,68,68,31,17,11,5,2,0,2,35,33,2,12,12,7,2,2
55405251,0,,,1141,541,600,153,77,76,982,461,521,685,342,343,939,444,495,924,431,493,297,119,178,133,49,84,43,7,36,2,1,1,13,7,6,409,409,95,112,82,66,33,8,13,310,226,84,47,197,14,37,42
55405252,1,,55405262,71,37,34,12,4,8,65,36,29,53,30,23,62,35,27,59,33,26,12,6,6,6,3,3,1,1,0,0,0,0,7,7,0,26,26,10,6,2,7,2,2,0,19,15,4,3,10,5,2,3
55405253,0,,,94,51,43,15,11,4,79,40,39,56,32,24,79,40,39,76,39,37,23,8,15,16,5,11,5,0,5,0,0,0,1,1,0,27,27,1,9,4,5,5,3,0,26,17,9,2,17,0,0,4
55405254,0,,,80,41,39,8,4,4,72,37,35,46,23,23,71,36,35,69,34,35,26,14,12,15,7,8,4,2,2,0,0,0,0,0,0,22,22,1,8,2,3,3,5,0,21,9,12,1,19,0,1,3
55405255,0,,,150,77,73,11,4,7,139,73,66,87,47,40,135,71,64,132,68,64,52,26,26,25,11,14,9,3,6,0,0,0,0,0,0,48,48,8,12,10,9,4,4,1,40,26,14,1,35,0,6,8
55405256,0,,,301,148,153,37,14,23,264,134,130,169,90,79,259,129,130,256,128,128,95,44,51,52,18,34,30,9,21,2,0,2,0,0,0,92,92,15,22,18,20,6,4,7,77,43,34,9,63,0,10,8
55405257,0,,,525,255,270,90,45,45,435,210,225,306,148,158,419,201,218,410,194,216,129,62,67,55,23,32,23,10,13,1,0,1,0,0,0,160,160,23,41,36,24,14,15,7,136,97,39,23,84,0,12,14
55405258,0,,,208,101,107,16,8,8,192,93,99,110,60,50,188,91,97,186,90,96,82,33,49,39,13,26,19,6,13,1,0,1,0,0,0,63,63,11,15,13,8,7,4,5,52,26,26,5,50,0,7,6
55405259,0,,,166,85,81,16,5,11,150,80,70,85,48,37,145,77,68,142,75,67,65,32,33,31,14,17,10,4,6,0,0,0,0,0,0,49,49,7,14,7,8,6,2,5,42,23,19,4,41,0,5,11
55405260,0,,,459,223,236,50,24,26,408,198,210,261,130,131,391,188,203,385,184,201,147,68,79,79,34,45,31,10,21,3,1,2,0,0,0,141,140,25,27,31,33,16,4,4,114,72,42,13,85,2,12,11
55405261,0,,,232,118,114,33,21,12,199,97,102,128,67,61,192,93,99,188,90,98,71,30,41,39,14,25,13,4,9,1,0,1,1,0,1,76,76,16,18,16,11,9,2,4,60,36,24,8,49,0,10,6
55405262,2,55405252,,7,4,3,*,*,*,*,*,*,*,*,*,*,*,*,*,*,*,*,*,*,*,*,*,*,*,*,*,*,*,*,*,*,3,3,*,*,*,*,*,*,*,*,*,*,*,*,*,*,*
55405263,0,,,21,8,13,4,0,4,17,8,9,10,5,5,16,8,8,15,8,7,7,3,4,3,2,1,1,1,0,1,1,0,0,0,0,7,7,1,3,1,0,1,1,0,6,5,1,1,5,0,1,1
55405264,0,,,112,61,51,12,9,3,100,52,48,65,33,32,94,51,43,90,48,42,35,19,16,14,8,6,3,1,2,0,0,0,0,0,0,37,37,7,7,8,10,3,2,0,30,18,12,4,23,0,3,4
55405265,0,,,686,341,345,80,30,50,606,311,295,407,219,188,581,301,280,569,294,275,199,92,107,94,36,58,45,15,30,3,1,2,1,0,1,224,224,30,67,50,40,20,11,6,194,140,54,15,127,0,18,29
55405266,0,,,261,127,134,36,19,17,225,108,117,158,80,78,221,106,115,215,104,111,67,28,39,33,10,23,14,3,11,1,0,1,13,0,13,86,86,14,23,21,16,3,5,4,71,47,24,9,47,1,11,3
55405267,0,,,449,218,231,52,24,28,397,194,203,254,127,127,384,186,198,376,180,196,143,67,76,67,25,42,31,10,21,0,0,0,0,0,0,133,133,18,31,29,24,12,10,9,114,61,53,17,89,0,13,9
55405268,0,,,118,56,62,14,7,7,104,49,55,59,30,29,102,49,53,102,49,53,45,19,26,22,7,15,5,1,4,0,0,0,0,0,0,38,38,6,8,9,9,3,3,0,32,19,13,2,28,0,4,3
55405269,0,,,18,10,8,1,0,1,17,10,7,13,8,5,16,10,6,16,10,6,4,2,2,4,2,2,1,0,1,1,0,1,0,0,0,7,7,2,2,1,1,1,0,0,5,3,2,1,2,0,0,0
55405270,0,,,91,47,44,7,4,3,84,43,41,44,23,21,82,41,41,81,40,41,40,20,20,19,9,10,6,4,2,0,0,0,1,0,1,41,41,12,18,6,1,3,1,0,28,25,3,0,29,0,8,11
55405273,2,55405282,,6,2,4,*,*,*,*,*,*,*,*,*,*,*,*,*,*,*,*,*,*,*,*,*,*,*,*,*,*,*,*,*,*,2,2,*,*,*,*,*,*,*,*,*,*,*,*,*,*,*
55405274,0,,,415,198,217,36,11,25,379,187,192,229,112,117,368,183,185,361,180,181,150,75,75,67,33,34,24,10,14,1,0,1,10,0,10,145,145,35,33,32,23,12,6,4,109,71,38,8,94,9,16,17
55405275,0,,,657,320,337,101,54,47,556,266,290,372,180,192,536,261,275,530,257,273,184,86,98,74,36,38,17,5,12,0,0,0,14,3,11,252,252,62,84,51,22,22,3,8,187,161,26,29,123,11,31,37
55405276,0,,,143,68,75,25,11,14,118,57,61,79,38,41,117,57,60,115,56,59,39,19,20,17,6,11,6,2,4,0,0,0,0,0,0,52,52,12,18,8,5,5,2,2,40,30,10,6,31,0,9,6
55405277,0,,,929,471,458,146,72,74,783,399,384,604,320,284,751,382,369,733,369,364,179,79,100,77,30,47,34,12,22,1,1,0,10,6,4,324,324,77,77,63,61,30,7,9,246,194,52,45,127,5,36,14
55405278,0,,,245,127,118,29,10,19,216,117,99,138,81,57,207,113,94,202,109,93,78,36,42,42,15,27,15,3,12,2,0,2,14,14,0,93,93,35,18,15,10,7,3,5,57,32,25,5,49,15,12,8
55405279,0,,,96,48,48,12,7,5,84,41,43,61,29,32,80,40,40,77,37,40,23,12,11,10,6,4,3,2,1,0,0,0,1,1,0,22,22,2,3,3,4,3,3,4,20,9,11,2,16,0,2,2
55405280,0,,,36,19,17,5,3,2,31,16,15,17,9,8,31,16,15,31,16,15,14,7,7,5,3,2,4,2,2,0,0,0,0,0,0,13,13,4,4,2,1,0,1,1,9,5,4,1,9,0,2,2
55405282,1,,55405273,90,43,47,14,7,7,82,38,44,54,29,25,75,34,41,73,32,41,28,9,19,11,1,10,7,1,6,0,0,0,0,0,0,19,19,2,2,4,2,3,4,4,19,4,15,3,17,0,1,1
55405283,0,,,641,316,325,110,66,44,531,250,281,347,169,178,512,239,273,496,234,262,184,81,103,85,35,50,25,10,15,2,1,1,13,6,7,232,232,52,64,41,51,12,10,2,179,145,34,28,115,11,25,30
55405284,0,,,240,124,116,26,17,9,214,107,107,128,68,60,206,102,104,202,100,102,86,39,47,41,23,18,11,5,6,0,0,0,2,0,2,81,81,13,29,15,9,7,5,3,68,49,19,8,53,1,9,19
55405285,0,,,33,18,15,5,4,1,28,14,14,17,8,9,25,13,12,24,12,12,11,6,5,3,2,1,2,2,0,0,0,0,0,0,0,10,10,0,4,1,3,2,0,0,10,7,3,2,7,0,0,2
55405286,0,,,158,87,71,27,17,10,131,70,61,75,43,32,127,67,60,126,67,59,56,27,29,24,9,15,10,2,8,0,0,0,0,0,0,45,45,9,9,6,7,5,4,5,36,13,23,3,36,0,4,5
55405287,0,,,219,110,109,26,14,12,193,96,97,116,59,57,188,94,94,184,92,92,77,37,40,30,12,18,13,4,9,2,2,0,0,0,0,70,70,7,25,11,14,9,1,3,63,41,22,6,51,0,4,11
55405288,0,,,666,295,371,69,26,43,597,269,328,350,186,164,578,258,320,565,253,312,247,83,164,155,39,116,76,8,68,18,2,16,0,0,0,191,190,28,60,37,25,20,14,6,161,113,48,14,107,2,13,23
55405289,0,,,414,206,208,36,17,19,378,189,189,229,118,111,365,184,181,358,181,177,149,71,78,70,27,43,30,12,18,7,2,5,5,4,1,126,126,15,31,28,24,16,9,3,111,64,47,8,89,4,9,17
55405290,0,,,157,74,83,6,3,3,151,71,80,79,41,38,146,68,78,142,67,75,72,30,42,38,13,25,11,4,7,2,0,2,0,0,0,51,51,8,15,11,8,3,3,3,43,23,20,1,43,0,5,8
55405291,0,,,151,71,80,15,6,9,136,65,71,73,38,35,134,64,70,134,64,70,63,27,36,31,11,20,11,0,11,1,0,1,0,0,0,49,49,8,15,8,8,5,4,1,41,23,18,4,39,0,5,10
55405292,0,,,52,24,28,5,0,5,47,24,23,28,15,13,46,24,22,46,24,22,19,9,10,11,4,7,3,0,3,0,0,0,0,0,0,16,16,1,6,3,1,4,1,0,15,10,5,0,12,0,1,3
55405293,0,,,566,277,289,55,25,30,511,252,259,330,170,160,499,244,255,488,241,247,181,82,99,92,34,58,44,11,33,6,1,5,37,24,13,228,226,82,63,41,20,10,8,2,143,114,29,16,102,24,28,29
55405294,0,,,402,203,199,57,27,30,345,176,169,201,109,92,334,168,166,327,166,161,144,67,77,71,32,39,18,8,10,1,1,0,1,0,1,145,145,24,54,26,24,10,4,3,121,102,19,11,90,3,17,36
55405295,0,,,123,52,71,5,2,3,118,50,68,49,26,23,117,49,68,117,49,68,69,24,45,50,15,35,27,5,22,4,0,4,1,0,1,31,30,4,6,9,7,2,0,2,25,15,10,1,23,0,3,4
55405296,0,,,29,19,10,2,2,0,27,17,10,14,10,4,27,17,10,26,16,10,13,7,6,7,3,4,3,1,2,0,0,0,0,0,0,9,9,1,0,6,0,2,0,0,8,3,5,1,7,0,0,0
55405297,0,,,98,48,50,13,7,6,85,41,44,56,32,24,82,39,43,80,38,42,29,9,20,14,3,11,10,1,9,0,0,0,0,0,0,25,25,2,4,7,3,4,2,3,23,9,14,5,19,0,2,0
55405298,0,,,284,139,145,49,31,18,235,108,127,155,76,79,228,103,125,224,100,124,80,32,48,32,10,22,12,0,12,0,0,0,6,5,1,99,99,23,24,24,11,10,5,2,76,57,19,11,51,4,11,11
55405299,0,,,110,51,59,17,8,9,93,43,50,64,30,34,88,39,49,86,38,48,29,13,16,16,6,10,6,1,5,0,0,0,0,0,0,31,31,6,4,4,8,5,2,2,25,12,13,7,18,0,4,3
55405300,2,55405301,,2,1,1,*,*,*,*,*,*,*,*,*,*,*,*,*,*,*,*,*,*,*,*,*,*,*,*,*,*,*,*,*,*,1,1,*,*,*,*,*,*,*,*,*,*,*,*,*,*,*
55405301,1,,55405300,141,72,69,11,7,4,132,66,66,78,41,37,127,65,62,125,63,62,54,25,29,30,12,18,15,7,8,0,0,0,1,0,1,37,37,2,8,7,8,9,2,2,36,14,22,3,34,0,2,1
55405302,0,,,321,161,160,53,24,29,268,137,131,194,105,89,252,126,126,244,121,123,74,32,42,36,14,22,11,3,8,0,0,0,0,0,0,123,123,40,27,17,23,14,0,2,81,68,13,17,57,2,25,6
55405303,0,,,244,122,122,37,19,18,192,96,96,129,67,62,178,89,89,172,88,84,63,29,34,30,12,18,9,3,6,0,0,0,1,0,1,95,95,37,19,16,8,5,6,4,58,36,22,14,42,6,6,9
55405304,0,,,38,22,16,2,1,1,36,21,15,24,15,9,34,20,14,33,19,14,12,6,6,4,2,2,1,0,1,0,0,0,0,0,0,15,15,7,2,2,0,3,1,0,8,4,4,1,9,0,4,0
55405305,0,,,82,44,38,9,5,4,73,39,34,47,26,21,65,35,30,64,34,30,26,13,13,11,3,8,5,1,4,0,0,0,0,0,0,22,22,4,3,3,5,3,1,3,18,10,8,2,17,0,4,1
55405306,0,,,141,76,65,9,6,3,132,70,62,75,42,33,130,69,61,128,69,59,57,28,29,35,15,20,14,6,8,2,1,1,0,0,0,42,42,7,10,8,6,5,3,3,35,17,18,2,32,0,2,4
55405307,0,,,64,36,28,2,2,0,62,34,28,35,21,14,59,33,26,56,30,26,27,13,14,9,5,4,1,0,1,0,0,0,0,0,0,19,19,0,7,6,2,2,0,2,18,10,8,0,16,0,0,4
55405308,0,,,68,34,34,6,4,2,62,30,32,38,18,20,61,30,31,61,30,31,24,12,12,10,4,6,4,3,1,1,1,0,1,0,1,21,21,4,5,3,4,1,4,0,17,7,10,2,17,0,2,2
55405309,0,,,13,7,6,0,0,0,13,7,6,5,3,2,12,6,6,12,6,6,8,4,4,2,1,1,1,1,0,0,0,0,0,0,0,5,5,1,2,1,0,1,0,0,4,3,1,0,5,0,1,1
55405310,0,,,40,20,20,3,3,0,37,17,20,21,11,10,36,17,19,35,17,18,16,6,10,9,2,7,3,0,3,0,0,0,0,0,0,12,12,1,1,7,0,2,1,0,11,5,6,0,11,0,1,0
55405311,0,,,27,14,13,4,2,2,23,12,11,14,7,7,23,12,11,23,12,11,9,5,4,6,4,2,3,1,2,0,0,0,0,0,0,6,6,1,0,0,1,2,2,0,5,0,5,0,5,0,1,0
55405312,0,,,223,112,111,25,14,11,198,98,100,117,60,57,193,96,97,190,94,96,81,38,43,32,13,19,12,4,8,0,0,0,0,0,0,72,72,11,22,15,9,6,6,3,60,37,23,7,51,0,7,13
55405313,0,,,122,66,56,13,8,5,109,58,51,89,47,42,105,54,51,99,52,47,20,11,9,13,6,7,3,1,2,0,0,0,0,0,0,37,37,3,7,9,13,4,1,0,34,29,5,3,14,0,2,3
55405314,0,,,27,13,14,3,1,2,24,12,12,12,5,7,23,12,11,23,12,11,12,7,5,4,2,2,1,0,1,0,0,0,0,0,0,10,10,4,0,3,1,2,0,0,6,2,4,0,8,0,3,0
55405315,0,,,63,30,33,5,3,2,58,27,31,29,15,14,56,25,31,56,25,31,29,12,17,14,3,11,5,0,5,0,0,0,5,0,5,24,24,6,8,4,3,2,0,1,18,9,9,1,16,4,1,3
55405316,0,,,102,50,52,13,4,9,89,46,43,53,28,25,83,42,41,80,41,39,36,18,18,25,11,14,11,5,6,0,0,0,0,0,0,27,27,3,7,3,5,3,4,2,24,10,14,2,21,0,1,4
55405317,0,,,30,16,14,2,0,2,28,16,12,20,11,9,28,16,12,28,16,12,8,5,3,6,4,2,1,1,0,0,0,0,0,0,0,11,11,1,5,3,1,0,1,0,10,6,4,1,7,0,1,0
55405318,0,,,54,28,26,2,1,1,52,27,25,26,15,11,52,27,25,52,27,25,26,12,14,13,4,9,4,1,3,1,0,1,0,0,0,22,22,6,8,5,0,1,2,0,16,10,6,1,19,0,5,3
55405319,0,,,82,45,37,5,4,1,77,41,36,33,15,18,77,41,36,77,41,36,44,26,18,24,13,11,15,7,8,1,0,1,1,0,1,26,26,2,7,9,3,3,2,0,24,12,12,1,23,0,1,4
55405320,0,,,153,72,81,21,10,11,132,62,70,97,49,48,124,56,68,117,52,65,35,13,22,13,2,11,7,0,7,0,0,0,4,2,2,54,54,8,17,14,9,4,1,1,46,38,8,4,23,0,4,5
55405321,0,,,142,76,66,17,10,7,125,66,59,71,40,31,121,63,58,120,63,57,54,26,28,27,13,14,12,6,6,2,1,1,1,0,1,47,47,8,13,13,5,3,3,2,39,28,11,5,33,0,7,8
55405322,0,,,88,40,48,10,4,6,78,36,42,36,19,17,76,35,41,75,34,41,42,17,25,27,9,18,14,2,12,2,0,2,0,0,0,28,28,7,9,4,2,1,2,3,20,9,11,2,25,0,5,4
55405323,0,,,291,145,146,19,10,9,272,135,137,157,80,77,259,127,132,254,124,130,115,55,60,55,22,33,8,2,6,2,0,2,0,0,0,96,96,17,26,24,8,11,8,2,79,46,33,2,72,0,14,17
55405324,0,,,17,9,8,0,0,0,17,9,8,8,5,3,17,9,8,17,9,8,9,4,5,4,1,3,4,1,3,1,0,1,0,0,0,7,7,2,2,1,2,0,0,0,5,4,1,0,6,0,2,0
55405325,0,,,69,32,37,4,0,4,65,32,33,34,17,17,63,31,32,63,31,32,31,15,16,16,8,8,4,1,3,1,0,1,0,0,0,26,26,6,6,11,1,0,1,1,20,14,6,1,18,0,3,3
55405326,0,,,59,33,26,1,1,0,58,32,26,34,23,11,55,31,24,53,30,23,24,9,15,14,3,11,8,0,8,2,0,2,0,0,0,23,23,8,4,4,5,1,1,0,15,7,8,0,20,0,7,0
55405327,0,,,62,33,29,8,5,3,54,28,26,31,17,14,52,26,26,49,25,24,23,11,12,15,7,8,4,3,1,0,0,0,0,0,0,16,16,3,2,1,4,2,2,2,13,2,11,2,15,0,2,2
55405328,0,,,87,46,41,9,6,3,78,40,38,40,21,19,78,40,38,78,40,38,38,19,19,20,9,11,7,2,5,0,0,0,0,0,0,25,25,2,9,4,4,3,1,2,23,10,13,3,22,1,0,2
55405329,0,,,19,11,8,1,1,0,18,10,8,8,4,4,18,10,8,18,10,8,10,6,4,5,2,3,0,0,0,0,0,0,0,0,0,7,7,1,3,1,1,1,0,0,6,4,2,1,7,0,1,3
55405330,0,,,140,72,68,17,6,11,123,66,57,79,42,37,117,61,56,116,61,55,44,24,20,22,10,12,7,2,5,0,0,0,5,4,1,49,49,17,11,5,6,3,2,5,31,20,11,3,30,2,11,4
55405331,0,,,37,17,20,1,0,1,36,17,19,14,7,7,36,17,19,35,17,18,22,10,12,11,5,6,3,1,2,0,0,0,0,0,0,17,17,5,7,4,0,0,1,0,12,8,4,0,13,0,2,4
55405332,0,,,72,39,33,2,2,0,70,37,33,39,24,15,69,36,33,68,35,33,31,13,18,24,10,14,3,2,1,0,0,0,0,0,0,22,22,3,7,2,5,2,2,1,19,8,11,1,20,0,2,3
55405333,0,,,107,60,47,2,1,1,105,59,46,66,43,23,98,52,46,98,52,46,39,16,23,26,8,18,10,3,7,1,0,1,0,0,0,31,31,5,7,3,8,3,3,2,26,11,15,0,27,0,4,3
55405334,0,,,42,24,18,4,4,0,38,20,18,20,13,7,38,20,18,38,20,18,18,7,11,10,3,7,3,0,3,0,0,0,0,0,0,14,14,3,3,4,1,1,2,0,11,6,5,0,11,0,2,1
55405335,0,,,58,34,24,9,6,3,49,28,21,25,16,9,48,28,20,48,28,20,24,12,12,10,5,5,3,1,2,1,0,1,0,0,0,15,15,2,2,4,2,2,0,3,12,5,7,1,12,0,1,1
55405336,0,,,15,8,7,2,1,1,13,7,6,5,4,1,13,7,6,13,7,6,8,3,5,3,1,2,1,0,1,0,0,0,0,0,0,6,6,1,2,2,1,0,0,0,5,4,1,0,4,0,0,1
55405337,0,,,142,53,89,7,5,2,135,48,87,32,19,13,132,45,87,130,44,86,103,29,74,85,17,68,62,9,53,14,1,13,1,0,1,21,20,2,9,4,0,1,3,1,18,10,8,2,16,0,1,4
55405338,0,,,34,17,17,3,1,2,31,16,15,14,8,6,28,13,15,28,13,15,17,8,9,6,3,3,4,2,2,0,0,0,0,0,0,12,12,6,1,1,2,0,1,1,6,1,5,0,9,1,4,0
55405339,2,55405349,,5,3,2,*,*,*,*,*,*,*,*,*,*,*,*,*,*,*,*,*,*,*,*,*,*,*,*,*,*,*,*,*,*,2,2,*,*,*,*,*,*,*,*,*,*,*,*,*,*,*
55405340,0,,,73,40,33,7,6,1,66,34,32,38,20,18,66,34,32,65,33,32,28,14,14,14,5,9,7,2,5,2,0,2,0,0,0,24,24,4,3,11,3,1,1,1,20,10,10,2,18,0,1,1
55405341,0,,,154,79,75,10,6,4,144,73,71,85,48,37,135,67,68,131,67,64,59,25,34,26,12,14,7,3,4,1,0,1,0,0,0,43,43,6,7,10,7,7,2,4,37,16,21,1,33,0,3,4
55405342,0,,,80,46,34,7,5,2,73,41,32,40,26,14,71,39,32,70,38,32,33,15,18,12,2,10,5,1,4,0,0,0,0,0,0,30,30,5,12,6,3,3,1,0,25,15,10,0,22,0,3,6
55405343,0,,,139,80,59,15,11,4,124,69,55,69,44,25,117,63,54,115,62,53,55,25,30,22,7,15,11,3,8,2,0,2,0,0,0,42,42,8,8,11,6,3,1,5,34,18,16,3,31,0,4,4
55405344,0,,,48,25,23,2,1,1,46,24,22,21,13,8,45,24,21,45,24,21,25,11,14,11,5,6,6,3,3,0,0,0,0,0,0,15,15,2,3,5,1,3,1,0,13,7,6,1,13,0,1,2
55405345,0,,,165,133,32,6,5,1,159,128,31,139,120,19,81,53,28,54,26,28,20,8,12,8,1,7,6,0,6,1,0,1,0,0,0,23,22,4,5,6,4,2,1,0,18,12,6,1,14,0,2,2
55405346,0,,,38,19,19,1,1,0,37,18,19,19,11,8,37,18,19,36,18,18,18,7,11,10,3,7,1,0,1,0,0,0,0,0,0,14,14,2,5,3,3,1,0,0,12,6,6,1,12,0,2,4
55405347,0,,,22,12,10,4,3,1,18,9,9,9,4,5,17,8,9,17,8,9,9,5,4,1,0,1,1,0,1,0,0,0,0,0,0,7,7,1,3,1,0,0,2,0,6,3,3,1,5,0,1,2
55405348,0,,,38,17,21,4,2,2,34,15,19,18,7,11,33,15,18,32,15,17,16,8,8,9,4,5,7,2,5,0,0,0,0,0,0,11,11,2,3,1,2,1,1,1,9,5,4,1,10,0,2,2
55405349,1,,55405339,36,19,17,3,2,1,38,20,18,18,11,7,38,20,18,38,20,18,20,9,11,7,3,4,2,0,2,1,0,1,0,0,0,12,12,2,4,3,3,2,0,0,12,8,4,0,11,0,1,2
55405350,0,,,64,31,33,6,3,3,58,28,30,34,18,16,57,28,29,57,28,29,24,10,14,10,2,8,7,2,5,0,0,0,0,0,0,23,23,5,5,8,3,0,1,1,18,9,9,2,17,0,3,3
55405351,0,,,68,35,33,6,2,4,62,33,29,35,21,14,59,30,29,57,30,27,27,12,15,13,5,8,4,1,3,2,0,2,0,0,0,19,19,2,5,4,3,2,1,2,17,10,7,2,16,0,2,3
55405352,0,,,36,18,18,1,1,0,35,17,18,21,12,9,34,16,18,33,15,18,14,5,9,7,2,5,1,1,0,0,0,0,1,0,1,11,11,2,2,2,3,1,0,1,9,5,4,0,9,0,2,2
55405353,0,,,95,47,48,12,5,7,83,42,41,42,26,16,82,41,41,80,39,41,41,16,25,22,7,15,11,3,8,1,0,1,0,0,0,35,35,11,7,8,3,3,2,1,24,15,9,3,26,0,8,4
55405354,0,,,33,13,20,5,1,4,28,12,16,20,10,10,24,11,13,23,11,12,8,2,6,4,1,3,3,0,3,1,0,1,0,0,0,7,7,0,0,1,2,2,2,0,7,2,5,0,5,0,0,0
55405355,0,,,57,32,25,5,3,2,52,29,23,33,18,15,50,28,22,49,27,22,19,11,8,3,1,2,3,1,2,0,0,0,0,0,0,17,17,0,5,6,4,0,1,1,17,12,5,2,11,0,0,1
55405356,0,,,49,23,26,7,3,4,42,20,22,20,10,10,42,20,22,39,19,20,22,10,12,11,5,6,2,0,2,0,0,0,0,0,0,12,12,0,5,1,1,0,3,2,12,5,7,0,12,0,0,4
55405357,0,,,17,9,8,0,0,0,17,9,8,7,5,2,17,9,8,17,9,8,10,4,6,4,1,3,2,0,2,0,0,0,0,0,0,5,5,0,0,3,2,0,0,0,5,3,2,0,5,0,0,0
55405358,0,,,43,20,23,4,2,2,39,18,21,23,9,14,39,18,21,39,18,21,16,9,7,10,4,6,5,1,4,0,0,0,0,0,0,12,12,2,0,3,4,2,1,0,10,1,9,2,10,0,2,0
55405359,0,,,157,79,78,6,3,3,151,76,75,77,44,33,147,75,72,145,74,71,74,32,42,35,13,22,11,2,9,2,0,2,0,0,0,60,60,11,21,17,6,4,0,1,49,31,18,1,46,0,5,10
55405360,0,,,184,95,89,23,11,12,161,84,77,93,56,37,161,84,77,160,83,77,68,28,40,32,11,21,16,6,10,2,0,2,0,0,0,59,59,12,13,12,11,4,4,3,47,25,22,5,46,0,8,3
55405361,0,,,326,146,180,29,18,11,295,127,168,119,59,60,286,124,162,278,121,157,176,68,108,133,41,92,97,24,73,23,3,20,0,0,0,72,71,8,19,16,13,5,7,3,63,43,20,3,49,2,3,15
55405362,0,,,85,39,46,10,3,7,75,36,39,35,17,18,72,36,36,72,36,36,40,19,21,17,6,11,11,4,7,3,1,2,0,0,0,27,27,3,7,7,5,3,2,0,24,10,14,2,23,0,2,5
55405363,0,,,104,53,51,16,9,7,88,44,44,51,29,22,86,43,43,86,43,43,37,15,22,22,8,14,8,3,5,1,0,1,0,0,0,28,28,4,5,5,4,7,0,3,24,11,13,5,21,0,2,3
55405364,0,,,244,131,113,25,15,10,219,116,103,153,87,66,198,104,94,196,103,93,66,29,37,29,10,19,15,4,11,2,0,2,0,0,0,56,54,11,16,6,11,7,2,1,43,26,17,2,41,0,8,9
55405365,0,,,610,293,317,69,36,33,541,257,284,318,160,158,529,248,281,512,239,273,223,97,126,140,52,88,45,16,29,2,0,2,9,0,9,257,257,74,90,43,34,7,7,2,183,143,40,19,154,3,39,37
55405366,0,,,126,59,67,15,8,7,111,51,60,69,35,34,106,47,59,105,46,59,42,16,26,23,7,16,10,1,9,1,0,1,1,0,1,47,47,15,11,4,10,6,0,1,32,21,11,5,28,0,10,2
55405367,0,,,97,47,50,11,7,4,86,40,46,45,24,21,83,39,44,82,39,43,41,16,25,23,4,19,9,0,9,2,0,2,0,0,0,31,31,6,6,12,2,2,0,3,25,9,16,3,29,0,5,4
55405368,0,,,32,17,15,5,3,2,27,14,13,10,5,5,27,14,13,27,14,13,17,9,8,7,4,3,4,3,1,0,0,0,0,0,0,10,10,1,3,4,0,0,1,1,9,3,6,1,10,0,1,1
55405369,0,,,263,177,86,43,33,10,220,144,76,166,119,47,149,75,74,133,60,73,54,25,29,23,9,14,6,2,4,1,0,1,0,0,0,62,61,15,17,11,10,6,0,2,46,33,13,8,34,0,6,7
55405370,2,55405380,,1,1,0,*,*,*,*,*,*,*,*,*,*,*,*,*,*,*,*,*,*,*,*,*,*,*,*,*,*,*,*,*,*,1,1,*,*,*,*,*,*,*,*,*,*,*,*,*,*,*
55405371,0,,,185,96,89,19,10,9,166,86,80,86,42,44,163,84,79,159,83,76,80,44,36,28,15,13,14,6,8,3,3,0,0,0,0,56,56,7,17,14,3,6,6,3,49,28,21,6,49,0,6,12
55405372,0,,,138,70,68,12,3,9,126,67,59,68,38,30,123,66,57,122,66,56,58,29,29,33,13,20,15,5,10,0,0,0,0,0,0,45,45,7,11,9,11,4,3,0,36,19,17,2,36,0,6,6
55405373,0,,,154,77,77,15,10,5,139,67,72,85,43,42,133,63,70,131,63,68,54,24,30,26,9,17,16,5,11,2,0,2,0,0,0,40,40,3,5,12,7,7,2,4,36,11,25,2,32,0,0,1
55405374,0,,,25,13,12,0,0,0,25,13,12,17,10,7,23,12,11,22,11,11,8,3,5,3,0,3,3,0,3,0,0,0,0,0,0,7,7,0,2,1,3,0,1,0,7,3,4,0,6,0,0,1
55405375,0,,,686,340,346,46,24,22,632,308,324,350,184,166,618,301,317,611,299,312,282,124,158,151,55,96,64,21,43,8,2,6,9,7,2,316,316,131,95,37,33,7,5,8,183,132,51,9,187,12,57,43
55405376,0,,,1290,598,692,121,60,61,1163,533,630,662,333,329,1136,523,613,1127,516,611,501,200,301,278,85,193,108,19,89,10,0,10,11,4,7,535,534,181,162,97,45,28,9,12,351,262,89,34,334,11,91,69
55405377,0,,,885,419,466,104,53,51,776,362,414,497,239,258,749,350,399,739,345,394,279,123,156,143,63,80,35,15,20,0,0,0,19,3,16,357,357,104,103,78,38,22,7,5,252,199,53,22,182,8,28,45
55405378,0,,,180,83,97,9,2,7,167,78,89,90,43,47,162,75,87,159,74,85,77,35,42,32,13,19,14,5,9,1,1,0,0,0,0,71,71,19,21,14,10,5,2,0,51,36,15,0,47,2,8,12
55405379,0,,,55,25,30,9,4,5,46,21,25,33,16,17,45,21,24,43,20,23,13,5,8,5,2,3,1,0,1,0,0,0,0,0,0,16,16,1,6,1,4,2,1,1,15,9,6,1,11,0,1,1
55405380,1,,55405370,100,51,49,11,6,5,90,46,44,50,28,22,87,45,42,86,44,42,40,18,22,18,6,12,11,3,8,0,0,0,0,0,0,24,24,3,3,6,4,1,3,5,22,6,16,1,23,0,2,2
55405381,0,,,156,74,82,13,6,7,143,68,75,83,44,39,140,65,75,139,64,75,60,24,36,29,9,20,12,1,11,0,0,0,0,0,0,44,44,2,9,16,6,4,5,2,42,18,24,6,37,0,2,7
55405382,0,,,86,46,40,2,2,0,84,44,40,49,26,23,78,42,36,75,40,35,35,18,17,18,9,9,5,1,4,0,0,0,1,0,1,26,26,3,6,8,3,3,1,2,22,12,10,0,21,0,3,2
55405383,0,,,99,51,48,6,5,1,93,46,47,54,25,29,90,45,45,88,43,45,39,21,18,18,8,10,10,4,6,0,0,0,0,0,0,31,31,4,8,9,5,2,1,2,27,13,14,2,23,0,2,4
55405384,0,,,65,34,31,3,2,1,62,32,30,33,19,14,59,32,27,57,31,26,29,13,16,11,5,6,4,1,3,0,0,0,0,0,0,21,21,2,8,5,3,1,0,2,19,14,5,1,17,0,1,5
55405385,0,,,422,204,218,70,26,44,351,177,174,237,119,118,343,174,169,332,167,165,114,58,56,48,24,24,8,3,5,0,0,0,0,0,0,146,146,24,51,30,21,8,9,3,121,97,24,19,73,2,9,22
55405386,0,,,1019,479,540,90,40,50,918,433,485,576,287,289,858,404,454,838,398,440,342,146,196,177,68,109,54,16,38,2,0,2,8,7,1,436,432,147,144,69,43,19,8,2,281,226,55,22,235,10,68,49
55405387,0,,,225,108,117,25,15,10,200,93,107,142,67,75,188,89,99,182,87,95,58,26,32,31,15,16,13,4,9,0,0,0,0,0,0,77,77,8,31,14,12,8,3,1,68,51,17,5,41,0,3,10
55405388,0,,,24,13,11,3,0,3,18,11,7,11,8,3,18,11,7,18,11,7,7,3,4,3,1,2,1,0,1,0,0,0,0,0,0,13,13,6,5,1,0,1,0,0,7,6,1,2,6,0,1,1
55405389,0,,,59,27,32,3,2,1,56,25,31,29,14,15,53,24,29,53,24,29,27,11,16,14,4,10,9,2,7,0,0,0,1,0,1,19,19,0,9,4,2,3,1,0,19,11,8,0,17,0,0,3
55405390,0,,,129,64,65,15,8,7,114,56,58,73,38,35,112,55,57,109,54,55,41,18,23,15,5,10,8,1,7,0,0,0,0,0,0,38,38,5,10,7,8,2,3,3,33,16,17,1,24,1,1,4
55405391,0,,,173,91,82,32,19,13,141,72,69,85,43,42,138,71,67,135,70,65,56,29,27,29,15,14,10,6,4,0,0,0,0,0,0,47,47,5,10,9,4,12,4,3,41,22,19,10,37,0,4,4
55405392,0,,,33,20,13,2,0,2,31,20,11,17,12,5,30,19,11,30,19,11,14,8,6,8,4,4,4,2,2,0,0,0,0,0,0,12,12,3,1,5,2,1,0,0,9,8,1,1,8,0,2,0
55405393,0,,,111,56,55,13,6,7,98,50,48,61,36,25,95,48,47,93,46,47,37,14,23,20,7,13,8,3,5,2,0,2,0,0,0,30,30,5,4,5,7,3,3,3,24,9,15,2,23,0,4,2
55405394,0,,,114,61,53,8,4,4,106,57,49,51,31,20,106,57,49,106,57,49,55,26,29,34,14,20,17,6,11,0,0,0,0,0,0,36,35,9,8,9,7,1,0,1,26,19,7,2,22,0,7,3
55405395,0,,,708,380,328,89,53,36,611,322,289,442,239,203,593,314,279,581,306,275,169,83,86,64,30,34,15,6,9,0,0,0,5,1,4,277,276,89,84,44,35,15,4,5,185,149,36,27,114,5,27,34
55405397,0,,,197,101,96,22,13,9,174,87,87,104,51,53,171,86,85,167,84,83,70,36,34,41,22,19,14,7,7,0,0,0,2,0,2,67,67,12,20,13,10,10,0,2,55,38,17,6,45,1,4,13
55405398,0,,,32,14,18,2,0,2,25,10,15,6,5,1,25,10,15,25,10,15,19,5,14,12,2,10,11,2,9,2,0,2,0,0,0,10,4,1,2,0,1,0,0,0,1,1,0,0,1,1,0,0
55405399,0,,,22,12,10,2,2,0,20,10,10,14,8,6,20,10,10,20,10,10,6,2,4,3,0,3,2,0,2,0,0,0,0,0,0,6,6,0,1,3,1,0,0,1,6,3,3,0,4,0,0,0
55405400,0,,,27,13,14,6,3,3,21,10,11,14,8,6,21,10,11,21,10,11,7,2,5,3,1,2,2,0,2,0,0,0,0,0,0,6,6,0,0,2,1,1,2,0,6,2,4,1,3,0,0,0
55405401,0,,,145,66,79,17,6,11,128,60,68,74,39,35,122,56,66,117,54,63,54,21,33,33,13,20,10,5,5,0,0,0,0,0,0,46,46,8,13,7,7,5,5,1,38,26,12,4,36,0,8,4
55405402,0,,,104,50,54,7,4,3,97,46,51,51,22,29,94,45,49,94,45,49,46,24,22,23,11,12,12,5,7,1,0,1,0,0,0,32,32,6,6,8,5,4,1,2,26,13,13,2,27,0,6,3
55405403,0,,,55,27,28,4,3,1,51,24,27,34,16,18,50,24,26,49,24,25,17,8,9,13,6,7,4,3,1,0,0,0,0,0,0,17,17,1,6,2,4,4,0,0,16,11,5,1,10,0,0,4
55405404,0,,,554,256,298,59,25,34,495,231,264,274,149,125,484,225,259,476,222,254,221,82,139,139,42,97,68,15,53,9,2,7,6,3,3,192,191,44,69,32,24,12,5,5,145,110,35,16,111,9,21,24
55405405,0,,,86,47,39,6,4,2,80,43,37,45,27,18,76,40,36,75,40,35,35,16,19,14,5,9,9,4,5,1,0,1,0,0,0,31,31,12,5,6,1,3,1,3,19,8,11,2,24,2,5,4
55405406,0,,,12,7,5,1,0,1,11,7,4,8,5,3,11,7,4,11,7,4,3,2,1,0,0,0,0,0,0,0,0,0,0,0,0,5,5,1,1,3,0,0,0,0,4,4,0,1,2,0,0,1
55405407,0,,,49,26,23,4,2,2,45,24,21,24,11,13,45,24,21,45,24,21,21,13,8,11,6,5,5,2,3,0,0,0,0,0,0,14,14,2,2,4,2,2,1,1,12,6,6,1,14,0,2,0
55405408,0,,,23,8,15,6,2,4,17,6,11,15,6,9,17,6,11,17,6,11,2,0,2,1,0,1,1,0,1,0,0,0,0,0,0,5,5,0,1,1,1,0,0,2,5,2,3,1,1,0,0,0
55405410,0,,,59,29,30,9,4,5,50,25,25,26,14,12,48,23,25,48,23,25,24,11,13,12,4,8,4,1,3,0,0,0,0,0,0,19,19,2,8,4,1,1,1,2,17,12,5,1,14,0,2,3
55405411,0,,,89,41,48,10,2,8,79,39,40,44,24,20,78,38,40,77,37,40,35,15,20,20,8,12,7,1,6,0,0,0,0,0,0,24,24,4,2,8,3,2,3,2,20,8,12,1,21,0,3,1
55405412,0,,,154,77,77,14,10,4,140,67,73,77,38,39,139,67,72,138,66,72,63,29,34,32,11,21,19,7,12,0,0,0,1,0,1,53,53,8,15,18,4,5,1,2,44,27,17,3,40,0,6,7
55405413,0,,,389,202,187,46,27,19,343,175,168,193,107,86,335,172,163,332,171,161,150,68,82,91,39,52,32,16,16,1,0,1,1,0,1,129,129,20,45,26,13,8,12,5,108,68,40,10,100,0,13,19
55405414,0,,,303,139,164,39,14,25,264,125,139,166,79,87,257,121,136,249,120,129,98,46,52,46,17,29,21,9,12,3,1,2,6,5,1,108,108,23,34,25,8,9,5,4,84,57,27,5,65,2,12,13
55405415,0,,,54,30,24,4,3,1,50,27,23,25,15,10,50,27,23,50,27,23,25,12,13,9,4,5,3,0,3,0,0,0,0,0,0,20,20,4,4,9,1,1,1,0,16,11,5,0,16,0,3,2
55405416,2,55405417,,1,0,1,*,*,*,*,*,*,*,*,*,*,*,*,*,*,*,*,*,*,*,*,*,*,*,*,*,*,*,*,*,*,1,1,*,*,*,*,*,*,*,*,*,*,*,*,*,*,*
55405417,1,,55405416,27,12,15,0,0,0,28,12,16,17,9,8,28,12,16,28,12,16,11,3,8,8,1,7,6,0,6,1,0,1,0,0,0,12,12,5,4,2,1,1,0,0,8,5,3,0,8,0,2,0
55405418,0,,,32,18,14,3,1,2,29,17,12,14,9,5,29,17,12,29,17,12,15,8,7,5,2,3,3,1,2,1,0,1,2,0,2,12,12,3,2,6,0,0,0,1,9,6,3,0,10,0,1,0
55405419,2,55405428,,10,8,2,*,*,*,*,*,*,*,*,*,*,*,*,*,*,*,*,*,*,*,*,*,*,*,*,*,*,*,*,*,*,4,4,*,*,*,*,*,*,*,*,*,*,*,*,*,*,*
55405420,0,,,93,47,46,3,3,0,90,44,46,45,25,20,89,44,45,89,44,45,45,19,26,23,9,14,10,3,7,1,0,1,0,0,0,33,33,5,10,12,3,0,1,2,28,16,12,0,25,0,3,3
55405422,1,,55405432,66,35,31,6,3,3,68,38,30,47,28,19,68,38,30,65,36,29,21,10,11,12,5,7,7,4,3,0,0,0,0,0,0,20,20,4,7,5,3,3,1,1,20,11,9,2,16,0,2,1
55405423,0,,,32,15,17,11,5,6,21,10,11,20,9,11,18,9,9,18,9,9,1,1,0,0,0,0,0,0,0,0,0,0,0,0,0,9,9,1,1,2,2,3,0,0,8,7,1,1,1,0,1,0
55405424,2,55405425,,7,4,3,*,*,*,*,*,*,*,*,*,*,*,*,*,*,*,*,*,*,*,*,*,*,*,*,*,*,*,*,*,*,1,1,*,*,*,*,*,*,*,*,*,*,*,*,*,*,*
55405425,1,,55405424,94,48,46,9,3,6,92,49,43,52,31,21,90,48,42,89,47,42,40,18,22,23,7,16,14,3,11,1,0,1,0,0,0,29,29,6,5,8,4,2,1,4,24,8,16,3,26,0,4,1
55405426,0,,,13,6,7,0,0,0,13,6,7,10,5,5,12,5,7,10,4,6,3,1,2,0,0,0,0,0,0,0,0,0,0,0,0,4,4,1,1,0,1,0,1,0,3,2,1,0,2,0,1,0
55405427,0,,,36,20,16,6,3,3,30,17,13,23,14,9,29,16,13,29,16,13,7,3,4,2,1,1,1,0,1,0,0,0,0,0,0,9,9,1,1,3,0,1,2,1,8,4,4,0,5,0,1,0
55405428,1,,55405419;55405429,9,4,5,2,2,0,25,13,12,10,5,5,25,13,12,25,13,12,15,8,7,4,1,3,3,1,2,0,0,0,1,0,1,4,4,2,4,4,0,1,0,0,9,7,2,0,9,0,2,2
55405429,2,55405428,,8,3,5,*,*,*,*,*,*,*,*,*,*,*,*,*,*,*,*,*,*,*,*,*,*,*,*,*,*,*,*,*,*,3,3,*,*,*,*,*,*,*,*,*,*,*,*,*,*,*
55405430,0,,,110,57,53,12,8,4,98,49,49,59,32,27,93,48,45,92,47,45,39,17,22,20,7,13,10,5,5,0,0,0,0,0,0,29,29,1,8,5,6,3,4,2,28,12,16,4,26,0,1,2
55405432,2,55405422,,8,6,2,*,*,*,*,*,*,*,*,*,*,*,*,*,*,*,*,*,*,*,*,*,*,*,*,*,*,*,*,*,*,4,4,*,*,*,*,*,*,*,*,*,*,*,*,*,*,*
55405435,0,,,78,36,42,8,4,4,70,32,38,41,17,24,67,31,36,67,31,36,29,15,14,18,10,8,4,2,2,0,0,0,6,0,6,26,26,9,2,5,5,1,3,1,17,6,11,0,20,1,4,2
55405436,0,,,44,25,19,2,0,2,42,25,17,25,17,8,42,25,17,41,24,17,17,8,9,10,4,6,3,1,2,1,0,1,0,0,0,13,13,1,4,2,3,2,0,1,12,5,7,0,10,0,0,3
55405437,0,,,36,14,22,6,2,4,30,12,18,17,7,10,29,12,17,28,11,17,13,5,8,6,2,4,4,1,3,0,0,0,0,0,0,11,11,2,2,4,0,2,0,1,9,4,5,1,10,0,2,0
55405438,2,55405439,,31,12,19,*,*,*,*,*,*,*,*,*,*,*,*,*,*,*,*,*,*,*,*,*,*,*,*,*,*,*,*,*,*,4,3,*,*,*,*,*,*,*,*,*,*,*,*,*,*,*
55405439,1,,55405438;55405449,12,6,6,0,0,0,50,23,27,15,10,5,50,23,27,50,23,27,35,13,22,26,9,17,18,6,12,2,0,2,0,0,0,5,5,1,3,4,2,0,0,0,9,6,3,0,9,0,1,2
55405440,0,,,179,92,87,16,11,5,163,81,82,86,46,40,156,78,78,151,76,75,77,35,42,45,19,26,15,4,11,2,1,1,1,0,1,52,52,2,19,10,9,4,4,4,50,32,18,4,42,0,2,12
55405442,0,,,29,18,11,0,0,0,29,18,11,19,13,6,29,18,11,29,18,11,10,5,5,5,2,3,3,1,2,0,0,0,0,0,0,10,10,2,3,1,2,2,0,0,8,5,3,0,6,0,0,1
55405444,0,,,23,10,13,3,1,2,20,9,11,13,6,7,19,8,11,19,8,11,7,3,4,4,1,3,1,0,1,0,0,0,0,0,0,7,7,3,0,1,0,1,2,0,4,0,4,0,5,0,1,0
55405445,0,,,93,45,48,8,5,3,85,40,45,35,20,15,84,39,45,83,39,44,50,20,30,28,9,19,14,4,10,0,0,0,1,0,1,33,33,4,16,3,7,1,1,1,29,20,9,1,31,0,4,6
55405446,0,,,18,11,7,0,0,0,18,11,7,6,5,1,18,11,7,18,11,7,12,6,6,9,4,5,2,1,1,0,0,0,0,0,0,7,7,1,2,3,1,0,0,0,6,5,1,0,7,0,1,1
55405447,0,,,43,19,24,3,1,2,40,18,22,16,6,10,36,17,19,36,17,19,24,12,12,11,4,7,5,1,4,0,0,0,1,0,1,15,15,4,4,2,2,2,0,1,11,4,7,1,15,0,4,2
55405448,1,,55405458,24,13,11,0,0,0,34,14,20,24,9,15,34,14,20,30,14,16,10,5,5,7,2,5,3,1,2,0,0,0,8,0,8,10,10,11,4,1,3,0,0,0,8,6,2,0,7,3,2,0
55405449,2,55405439,,7,5,2,*,*,*,*,*,*,*,*,*,*,*,*,*,*,*,*,*,*,*,*,*,*,*,*,*,*,*,*,*,*,2,2,*,*,*,*,*,*,*,*,*,*,*,*,*,*,*
55405450,1,,55405461,14,9,5,0,0,0,20,11,9,10,6,4,19,10,9,19,10,9,10,5,5,5,2,3,1,0,1,0,0,0,0,0,0,5,5,1,1,4,0,1,0,0,6,3,3,0,6,0,1,0
55405453,2,55405462,,6,3,3,*,*,*,*,*,*,*,*,*,*,*,*,*,*,*,*,*,*,*,*,*,*,*,*,*,*,*,*,*,*,3,3,*,*,*,*,*,*,*,*,*,*,*,*,*,*,*
55405455,0,,,37,18,19,2,0,2,35,18,17,24,13,11,32,16,16,32,16,16,11,5,6,4,2,2,3,1,2,0,0,0,3,0,3,15,15,4,6,2,1,1,1,0,11,9,2,0,8,0,1,2
55405456,0,,,64,29,35,8,6,2,56,23,33,32,11,21,53,23,30,52,22,30,24,12,12,13,7,6,4,1,3,2,1,1,6,0,6,23,23,7,6,2,4,1,3,0,16,8,8,0,15,2,2,3
55405457,0,,,38,15,23,5,2,3,33,13,20,19,7,12,31,13,18,31,13,18,14,6,8,9,3,6,5,3,2,0,0,0,3,0,3,13,13,3,3,3,2,0,2,0,10,3,7,0,10,2,1,0
55405458,2,55405448,,10,1,9,*,*,*,*,*,*,*,*,*,*,*,*,*,*,*,*,*,*,*,*,*,*,*,*,*,*,*,*,*,*,9,9,*,*,*,*,*,*,*,*,*,*,*,*,*,*,*
55405459,2,55405468,,2,1,1,*,*,*,*,*,*,*,*,*,*,*,*,*,*,*,*,*,*,*,*,*,*,*,*,*,*,*,*,*,*,1,1,*,*,*,*,*,*,*,*,*,*,*,*,*,*,*
55405460,0,,,28,15,13,0,0,0,28,15,13,17,9,8,28,15,13,27,15,12,11,6,5,4,1,3,0,0,0,0,0,0,0,0,0,12,12,3,5,2,1,1,0,0,9,6,3,0,8,0,1,2
55405461,2,55405450,,6,2,4,*,*,*,*,*,*,*,*,*,*,*,*,*,*,*,*,*,*,*,*,*,*,*,*,*,*,*,*,*,*,2,2,*,*,*,*,*,*,*,*,*,*,*,*,*,*,*
55405462,1,,55405453,20,10,10,0,0,0,26,13,13,16,8,8,25,13,12,25,13,12,10,5,5,6,3,3,3,1,2,0,0,0,1,0,1,8,8,3,3,3,2,0,0,0,8,6,2,0,6,0,0,2
55405463,0,,,16,5,11,1,0,1,15,5,10,8,2,6,15,5,10,15,5,10,7,3,4,4,1,3,3,0,3,0,0,0,0,0,0,7,7,2,2,2,1,0,0,0,5,2,3,0,4,0,1,0
55405464,2,55405465,,4,2,2,*,*,*,*,*,*,*,*,*,*,*,*,*,*,*,*,*,*,*,*,*,*,*,*,*,*,*,*,*,*,2,2,*,*,*,*,*,*,*,*,*,*,*,*,*,*,*
55405465,1,,55405464,33,13,20,4,1,3,33,14,19,16,6,10,32,13,19,32,13,19,17,8,9,8,3,5,6,2,4,0,0,0,2,0,2,11,11,3,5,2,0,1,1,1,10,7,3,0,10,0,1,2
55405466,0,,,23,11,12,3,1,2,20,10,10,8,5,3,20,10,10,20,10,10,12,5,7,6,2,4,4,2,2,0,0,0,1,0,1,9,9,3,3,2,0,0,0,1,6,5,1,0,7,0,2,3
55405467,0,,,43,21,22,3,1,2,40,20,20,23,9,14,39,20,19,39,20,19,17,11,6,10,5,5,5,3,2,1,0,1,0,0,0,13,13,3,2,2,2,2,2,0,10,1,9,0,12,0,3,0
55405468,1,,55405459,31,12,19,2,0,2,31,13,18,22,10,12,27,11,16,27,11,16,9,3,6,6,1,5,3,1,2,0,0,0,0,0,0,10,10,4,3,1,0,1,1,1,7,4,3,1,7,0,2,1
55405470,1,,55405471,81,48,33,7,4,3,78,44,34,43,23,20,78,44,34,77,44,33,35,21,14,14,8,6,8,5,3,0,0,0,0,0,0,27,27,7,7,4,7,3,0,1,22,12,10,2,24,0,5,5
55405471,2,55405470,,4,0,4,*,*,*,*,*,*,*,*,*,*,*,*,*,*,*,*,*,*,*,*,*,*,*,*,*,*,*,*,*,*,2,2,*,*,*,*,*,*,*,*,*,*,*,*,*,*,*
55405472,0,,,21,11,10,1,1,0,20,10,10,13,6,7,18,10,8,17,10,7,7,4,3,2,0,2,1,0,1,1,0,1,0,0,0,7,7,2,2,0,1,1,1,0,5,2,3,1,5,0,1,1
55405473,0,,,38,16,22,3,1,2,35,15,20,19,10,9,35,15,20,35,15,20,16,5,11,8,1,7,4,0,4,0,0,0,0,0,0,15,15,3,6,3,1,2,0,0,11,9,2,1,10,0,2,3
55405474,0,,,13,5,8,0,0,0,13,5,8,2,0,2,13,5,8,13,5,8,11,5,6,3,0,3,2,0,2,1,0,1,0,0,0,7,7,2,4,1,0,0,0,0,5,5,0,0,7,0,2,4
55405475,0,,,31,18,13,3,2,1,28,16,12,17,11,6,28,16,12,27,15,12,11,5,6,10,4,6,3,1,2,0,0,0,0,0,0,8,8,0,2,1,3,0,2,0,8,3,5,1,7,0,0,1
55405476,0,,,19,7,12,1,1,0,18,6,12,5,3,2,18,6,12,18,6,12,13,3,10,8,1,7,5,1,4,1,0,1,0,0,0,10,10,5,2,2,1,0,0,0,5,4,1,0,8,0,4,1
55405477,0,,,13,6,7,0,0,0,13,6,7,6,2,4,13,6,7,12,6,6,7,4,3,1,0,1,1,0,1,0,0,0,0,0,0,5,5,0,3,1,1,0,0,0,5,4,1,0,5,0,0,3
55405478,0,,,12,4,8,0,0,0,12,4,8,4,2,2,12,4,8,12,4,8,8,2,6,3,0,3,3,0,3,0,0,0,0,0,0,5,5,0,3,2,0,0,0,0,5,3,2,0,4,0,0,0
55405479,1,,55405489;55405499,9,5,4,0,0,0,17,10,7,7,5,2,17,10,7,17,10,7,10,5,5,3,2,1,2,1,1,0,0,0,0,0,0,4,4,2,4,1,1,0,0,0,6,5,1,0,6,0,0,2
55405480,0,,,73,32,41,5,1,4,68,31,37,35,19,16,68,31,37,68,31,37,33,12,21,16,3,13,7,0,7,0,0,0,0,0,0,23,23,5,2,8,4,1,2,1,18,6,12,3,21,0,3,0
55405481,0,,,61,33,28,2,2,0,59,31,28,32,17,15,59,31,28,56,29,27,27,14,13,15,7,8,3,2,1,0,0,0,1,0,1,25,25,5,10,6,2,2,0,0,20,14,6,1,19,0,3,7
55405482,0,,,51,24,27,9,7,2,42,17,25,24,10,14,42,17,25,42,17,25,18,7,11,6,1,5,1,0,1,0,0,0,0,0,0,15,15,1,5,2,3,2,2,0,14,8,6,1,12,0,1,3
55405483,0,,,33,15,18,4,1,3,29,14,15,18,9,9,26,14,12,25,14,11,11,5,6,8,4,4,2,1,1,0,0,0,0,0,0,13,13,5,3,3,0,0,1,1,8,7,1,2,7,0,2,2
55405484,0,,,52,26,26,4,3,1,48,23,25,22,11,11,46,22,24,45,22,23,26,12,14,14,6,8,7,2,5,0,0,0,0,0,0,15,15,3,4,2,1,1,2,2,12,5,7,0,14,0,3,2
55405485,0,,,46,28,18,6,3,3,40,25,15,23,15,8,40,25,15,40,25,15,17,10,7,7,4,3,3,2,1,0,0,0,1,0,1,16,16,4,4,4,1,1,1,1,12,7,5,2,11,0,1,2
55405486,0,,,24,11,13,0,0,0,24,11,13,8,3,5,24,11,13,24,11,13,16,8,8,6,1,5,2,0,2,0,0,0,0,0,0,10,10,3,3,3,0,0,1,0,7,3,4,0,9,0,2,3
55405487,2,55405497,,5,3,2,*,*,*,*,*,*,*,*,*,*,*,*,*,*,*,*,*,*,*,*,*,*,*,*,*,*,*,*,*,*,3,3,*,*,*,*,*,*,*,*,*,*,*,*,*,*,*
55405489,2,55405479,,6,4,2,*,*,*,*,*,*,*,*,*,*,*,*,*,*,*,*,*,*,*,*,*,*,*,*,*,*,*,*,*,*,3,3,*,*,*,*,*,*,*,*,*,*,*,*,*,*,*
55405490,0,,,62,34,28,9,6,3,53,28,25,31,17,14,50,26,24,50,26,24,22,11,11,13,5,8,10,3,7,0,0,0,0,0,0,17,17,2,5,3,1,3,1,2,15,8,7,3,16,0,2,1
55405491,0,,,29,13,16,2,1,1,27,12,15,14,8,6,27,12,15,26,12,14,13,4,9,9,3,6,3,0,3,0,0,0,0,0,0,10,10,1,4,1,3,1,0,0,9,5,4,0,8,0,0,3
55405492,0,,,38,18,20,1,0,1,37,18,19,20,10,10,36,18,18,36,18,18,17,8,9,9,5,4,4,1,3,1,1,0,0,0,0,15,15,3,5,4,2,1,0,0,12,9,3,0,11,0,3,1
55405493,0,,,33,17,16,2,2,0,31,15,16,19,8,11,31,15,16,30,14,16,12,7,5,5,3,2,3,1,2,0,0,0,0,0,0,9,9,0,2,2,3,1,1,0,9,5,4,1,7,0,0,1
55405494,0,,,34,15,19,1,0,1,33,15,18,14,8,6,33,15,18,33,15,18,19,7,12,11,4,7,2,0,2,2,0,2,1,0,1,13,13,1,5,5,2,0,0,0,12,8,4,0,12,0,1,3
55405495,0,,,24,12,12,1,1,0,23,11,12,9,4,5,23,11,12,23,11,12,14,7,7,8,3,5,5,1,4,0,0,0,0,0,0,8,8,3,1,1,0,2,1,0,5,1,4,0,8,0,3,0
55405497,1,,55405487,34,18,16,3,2,1,36,19,17,14,9,5,36,19,17,35,18,17,22,10,12,7,2,5,3,0,3,1,0,1,1,1,0,15,15,8,4,4,0,1,1,0,10,6,4,0,15,0,6,2
55405498,0,,,21,11,10,0,0,0,21,11,10,10,6,4,21,11,10,21,11,10,11,5,6,6,2,4,4,1,3,0,0,0,0,0,0,7,7,1,1,2,3,0,0,0,6,3,3,0,7,0,1,1
55405499,2,55405479,,2,1,1,*,*,*,*,*,*,*,*,*,*,*,*,*,*,*,*,*,*,*,*,*,*,*,*,*,*,*,*,*,*,1,1,*,*,*,*,*,*,*,*,*,*,*,*,*,*,*
55405500,2,55405552,,1,0,1,*,*,*,*,*,*,*,*,*,*,*,*,*,*,*,*,*,*,*,*,*,*,*,*,*,*,*,*,*,*,1,1,*,*,*,*,*,*,*,*,*,*,*,*,*,*,*
55405501,1,,55405510,12,7,5,0,0,0,20,11,9,10,5,5,20,11,9,19,11,8,10,6,4,6,4,2,4,2,2,0,0,0,0,0,0,5,5,3,2,1,0,2,0,0,5,2,3,0,7,0,3,0
55405502,1,,55405512;55405522,13,6,7,0,0,0,22,10,12,10,7,3,22,10,12,22,10,12,12,3,9,8,2,6,2,0,2,0,0,0,0,0,0,5,5,2,3,3,0,1,0,0,7,5,2,0,9,0,2,1
55405510,2,55405501,,8,4,4,*,*,*,*,*,*,*,*,*,*,*,*,*,*,*,*,*,*,*,*,*,*,*,*,*,*,*,*,*,*,3,3,*,*,*,*,*,*,*,*,*,*,*,*,*,*,*
55405512,2,55405502,,6,3,3,*,*,*,*,*,*,*,*,*,*,*,*,*,*,*,*,*,*,*,*,*,*,*,*,*,*,*,*,*,*,2,2,*,*,*,*,*,*,*,*,*,*,*,*,*,*,*
55405513,2,55405524,,3,2,1,*,*,*,*,*,*,*,*,*,*,*,*,*,*,*,*,*,*,*,*,*,*,*,*,*,*,*,*,*,*,2,2,*,*,*,*,*,*,*,*,*,*,*,*,*,*,*
55405520,1,,55405521;55405541,8,4,4,0,0,0,16,8,8,5,3,2,16,8,8,16,8,8,11,5,6,6,3,3,4,2,2,0,0,0,0,0,0,4,4,4,3,2,0,0,0,0,5,5,0,0,8,0,4,1
55405521,2,55405520,,5,2,3,*,*,*,*,*,*,*,*,*,*,*,*,*,*,*,*,*,*,*,*,*,*,*,*,*,*,*,*,*,*,3,3,*,*,*,*,*,*,*,*,*,*,*,*,*,*,*
55405522,2,55405502,,3,1,2,*,*,*,*,*,*,*,*,*,*,*,*,*,*,*,*,*,*,*,*,*,*,*,*,*,*,*,*,*,*,2,2,*,*,*,*,*,*,*,*,*,*,*,*,*,*,*
55405524,1,,55405513;55405532;55405533,9,3,6,0,0,0,16,7,9,4,1,3,16,7,9,16,7,9,12,6,6,7,2,5,5,2,3,0,0,0,0,0,0,4,4,1,6,1,0,0,0,0,7,7,0,0,8,0,1,3
55405532,2,55405524,,2,1,1,*,*,*,*,*,*,*,*,*,*,*,*,*,*,*,*,*,*,*,*,*,*,*,*,*,*,*,*,*,*,1,1,*,*,*,*,*,*,*,*,*,*,*,*,*,*,*
55405533,2,55405524,,2,1,1,*,*,*,*,*,*,*,*,*,*,*,*,*,*,*,*,*,*,*,*,*,*,*,*,*,*,*,*,*,*,1,1,*,*,*,*,*,*,*,*,*,*,*,*,*,*,*
55405538,0,,,54,27,27,8,6,2,46,21,25,28,13,15,44,21,23,44,21,23,18,8,10,9,4,5,4,2,2,0,0,0,0,0,0,16,16,2,4,3,3,1,3,0,14,7,7,2,12,0,1,2
55405539,0,,,17,10,7,2,1,1,15,9,6,5,3,2,15,9,6,15,9,6,10,6,4,6,3,3,1,0,1,0,0,0,0,0,0,9,9,4,3,1,1,0,0,0,5,5,0,1,7,0,3,2
55405541,2,55405520,,3,2,1,*,*,*,*,*,*,*,*,*,*,*,*,*,*,*,*,*,*,*,*,*,*,*,*,*,*,*,*,*,*,2,2,*,*,*,*,*,*,*,*,*,*,*,*,*,*,*
55405542,2,55405552,,9,3,6,*,*,*,*,*,*,*,*,*,*,*,*,*,*,*,*,*,*,*,*,*,*,*,*,*,*,*,*,*,*,7,7,*,*,*,*,*,*,*,*,*,*,*,*,*,*,*
55405543,2,55405552,,2,1,1,*,*,*,*,*,*,*,*,*,*,*,*,*,*,*,*,*,*,*,*,*,*,*,*,*,*,*,*,*,*,1,1,*,*,*,*,*,*,*,*,*,*,*,*,*,*,*
55405547,0,,,16,6,10,3,1,2,13,5,8,5,2,3,13,5,8,13,5,8,8,3,5,4,1,3,1,0,1,0,0,0,0,0,0,5,5,1,1,1,1,0,1,0,4,1,3,1,5,0,1,1
55405548,0,,,61,31,30,6,2,4,55,29,26,37,20,17,54,28,26,54,28,26,18,9,9,10,5,5,3,0,3,0,0,0,0,0,0,19,19,1,6,7,1,2,1,1,18,12,6,3,13,0,1,3
55405549,0,,,88,43,45,4,4,0,84,39,45,36,18,18,84,39,45,82,37,45,48,21,27,33,12,21,8,1,7,1,0,1,0,0,0,33,32,3,16,9,3,1,0,0,29,27,2,2,23,0,1,11
55405551,2,55405561,,5,3,2,*,*,*,*,*,*,*,*,*,*,*,*,*,*,*,*,*,*,*,*,*,*,*,*,*,*,*,*,*,*,3,3,*,*,*,*,*,*,*,*,*,*,*,*,*,*,*
55405552,1,,55405500;55405542;55405543,6,3,3,0,0,0,18,7,11,6,3,3,18,7,11,18,7,11,12,4,8,7,2,5,4,1,3,0,0,0,0,0,0,3,3,7,4,1,0,0,0,0,5,5,0,0,9,0,6,2
55405553,0,,,11,5,6,0,0,0,11,5,6,4,2,2,11,5,6,11,5,6,7,3,4,3,1,2,0,0,0,0,0,0,0,0,0,6,6,2,3,1,0,0,0,0,4,4,0,0,5,0,2,2
55405555,2,55405566,,1,0,1,*,*,*,*,*,*,*,*,*,*,*,*,*,*,*,*,*,*,*,*,*,*,*,*,*,*,*,*,*,*,1,1,*,*,*,*,*,*,*,*,*,*,*,*,*,*,*
55405556,2,55405566,,8,3,5,*,*,*,*,*,*,*,*,*,*,*,*,*,*,*,*,*,*,*,*,*,*,*,*,*,*,*,*,*,*,3,3,*,*,*,*,*,*,*,*,*,*,*,*,*,*,*
55405557,0,,,75,37,38,4,1,3,71,36,35,36,21,15,69,35,34,68,34,34,35,15,20,16,6,10,3,0,3,0,0,0,0,0,0,26,26,4,10,7,0,3,0,2,22,13,9,1,23,0,4,4
55405558,0,,,42,18,24,3,2,1,39,16,23,15,6,9,39,16,23,39,16,23,24,10,14,20,6,14,12,5,7,0,0,0,0,0,0,12,10,0,6,1,3,0,0,0,9,7,2,2,6,0,0,2
55405561,1,,55405551;55405570,19,10,9,0,0,0,26,13,13,11,4,7,26,13,13,26,13,13,15,9,6,7,4,3,2,0,2,0,0,0,3,0,3,9,9,7,2,5,0,0,0,0,7,5,2,0,10,1,4,2
55405563,2,55405564,,2,1,1,*,*,*,*,*,*,*,*,*,*,*,*,*,*,*,*,*,*,*,*,*,*,*,*,*,*,*,*,*,*,1,1,*,*,*,*,*,*,*,*,*,*,*,*,*,*,*
55405564,1,,55405563,41,16,25,1,0,1,42,17,25,21,10,11,40,17,23,38,17,21,21,7,14,10,4,6,3,1,2,0,0,0,0,0,0,16,16,4,8,1,2,1,0,1,13,7,6,0,15,0,4,4
55405565,0,,,48,27,21,0,0,0,48,27,21,24,17,7,45,24,21,44,24,20,24,10,14,14,6,8,5,3,2,1,1,0,0,0,0,16,16,3,2,6,3,1,1,0,13,9,4,0,14,0,3,2
55405566,1,,55405555;55405556,76,36,40,10,5,5,75,34,41,46,22,24,69,31,38,68,30,38,29,12,17,14,5,9,8,3,5,1,1,0,0,0,0,25,25,6,8,6,3,4,1,1,23,13,10,1,19,0,4,5
55405567,0,,,25,14,11,0,0,0,25,14,11,14,9,5,24,13,11,23,12,11,11,5,6,7,4,3,2,0,2,0,0,0,0,0,0,7,7,1,1,1,3,0,0,1,6,2,4,0,7,0,1,1
55405570,2,55405561,,2,0,2,*,*,*,*,*,*,*,*,*,*,*,*,*,*,*,*,*,*,*,*,*,*,*,*,*,*,*,*,*,*,2,2,*,*,*,*,*,*,*,*,*,*,*,*,*,*,*
55405573,0,,,9,5,4,0,0,0,9,5,4,3,2,1,9,5,4,9,5,4,6,3,3,4,3,1,1,1,0,0,0,0,0,0,0,4,4,0,3,1,0,0,0,0,4,4,0,0,4,0,0,2
55405574,0,,,98,46,52,1,1,0,97,45,52,40,20,20,97,45,52,96,45,51,57,25,32,31,12,19,12,4,8,0,0,0,0,0,0,42,42,10,18,7,5,1,1,0,31,21,10,1,36,1,7,12
55405575,0,,,39,19,20,4,3,1,35,16,19,18,9,9,33,15,18,31,14,17,17,7,10,7,3,4,3,2,1,1,0,1,0,0,0,15,15,4,4,3,3,0,1,0,11,8,3,0,10,0,3,4
55405579,2,55405589,,3,2,1,*,*,*,*,*,*,*,*,*,*,*,*,*,*,*,*,*,*,*,*,*,*,*,*,*,*,*,*,*,*,1,1,*,*,*,*,*,*,*,*,*,*,*,*,*,*,*
55405580,2,55405590,,7,3,4,*,*,*,*,*,*,*,*,*,*,*,*,*,*,*,*,*,*,*,*,*,*,*,*,*,*,*,*,*,*,3,3,*,*,*,*,*,*,*,*,*,*,*,*,*,*,*
55405582,2,55405583,,3,1,2,*,*,*,*,*,*,*,*,*,*,*,*,*,*,*,*,*,*,*,*,*,*,*,*,*,*,*,*,*,*,1,1,*,*,*,*,*,*,*,*,*,*,*,*,*,*,*
55405583,1,,55405582,50,19,31,5,2,3,48,18,30,19,9,10,46,18,28,46,18,28,29,9,20,17,4,13,6,1,5,0,0,0,0,0,0,21,21,6,10,3,1,0,0,2,16,12,4,1,20,0,6,7
55405585,1,,55405594;55405595,13,7,6,2,1,1,16,9,7,5,3,2,16,9,7,16,9,7,11,6,5,7,3,4,3,2,1,0,0,0,0,0,0,4,4,2,3,0,1,0,1,0,5,3,2,0,6,0,1,2
55405588,2,55405589,,10,5,5,*,*,*,*,*,*,*,*,*,*,*,*,*,*,*,*,*,*,*,*,*,*,*,*,*,*,*,*,*,*,3,3,*,*,*,*,*,*,*,*,*,*,*,*,*,*,*
55405589,1,,55405579;55405588,51,28,23,3,2,1,61,33,28,26,16,10,58,30,28,58,30,28,35,17,18,18,7,11,10,4,6,3,1,2,0,0,0,20,20,6,8,4,2,2,2,0,18,15,3,0,21,0,5,5
55405590,1,,55405580,3,1,2,1,0,1,9,4,5,6,2,4,9,4,5,9,4,5,3,2,1,1,0,1,1,0,1,0,0,0,1,0,1,1,1,1,0,3,0,0,0,0,3,2,1,0,2,1,0,0
55405594,2,55405585,,3,2,1,*,*,*,*,*,*,*,*,*,*,*,*,*,*,*,*,*,*,*,*,*,*,*,*,*,*,*,*,*,*,2,2,*,*,*,*,*,*,*,*,*,*,*,*,*,*,*
55405595,2,55405585,,2,1,1,*,*,*,*,*,*,*,*,*,*,*,*,*,*,*,*,*,*,*,*,*,*,*,*,*,*,*,*,*,*,1,1,*,*,*,*,*,*,*,*,*,*,*,*,*,*,*
55405596,0,,,11,6,5,0,0,0,11,6,5,4,2,2,11,6,5,11,6,5,7,4,3,5,2,3,2,0,2,0,0,0,0,0,0,4,4,1,1,0,2,0,0,0,3,1,2,0,4,0,1,1
55405602,0,,,43,25,18,1,1,0,42,24,18,22,14,8,42,24,18,42,24,18,20,10,10,6,3,3,2,1,1,0,0,0,0,0,0,18,18,5,6,3,3,1,0,0,13,10,3,0,14,0,4,3
55405603,0,,,26,12,14,3,2,1,23,10,13,15,7,8,23,10,13,23,10,13,8,3,5,3,0,3,1,0,1,0,0,0,0,0,0,11,11,3,3,4,0,1,0,0,8,4,4,0,7,0,2,1
55405604,2,55405605,,3,1,2,*,*,*,*,*,*,*,*,*,*,*,*,*,*,*,*,*,*,*,*,*,*,*,*,*,*,*,*,*,*,2,2,*,*,*,*,*,*,*,*,*,*,*,*,*,*,*
55405605,1,,55405604,26,15,11,1,1,0,28,15,13,15,8,7,28,15,13,28,15,13,13,7,6,6,4,2,2,1,1,0,0,0,1,0,1,13,13,4,8,3,0,0,0,0,11,10,1,0,8,0,3,2
55405606,0,,,25,11,14,0,0,0,25,11,14,15,7,8,24,11,13,22,10,12,10,4,6,5,1,4,2,1,1,0,0,0,0,0,0,10,10,2,4,2,1,1,0,0,8,6,2,0,8,0,2,2
55405607,1,,55405616,220,116,104,21,12,9,206,107,99,102,56,46,201,104,97,198,102,96,104,51,53,43,17,26,14,4,10,1,0,1,9,8,1,103,103,43,28,18,12,3,2,0,62,45,17,2,74,7,25,15
55405608,0,,,2083,1012,1071,284,133,151,1775,861,914,1233,603,630,1707,822,885,1668,799,869,542,258,284,234,96,138,70,20,50,6,0,6,24,20,4,820,818,200,266,157,132,48,9,6,611,538,73,72,366,24,85,104
55405609,0,,,1226,611,615,181,92,89,1014,501,513,721,372,349,982,481,501,967,473,494,293,129,164,119,38,81,54,14,40,8,1,7,12,8,4,503,502,147,150,101,71,20,8,5,351,302,49,57,194,27,40,47
55405611,2,55405621,,5,2,3,*,*,*,*,*,*,*,*,*,*,*,*,*,*,*,*,*,*,*,*,*,*,*,*,*,*,*,*,*,*,2,2,*,*,*,*,*,*,*,*,*,*,*,*,*,*,*
55405612,0,,,57,26,31,0,0,0,57,26,31,31,13,18,56,26,30,56,26,30,26,13,13,12,5,7,5,1,4,0,0,0,0,0,0,22,22,4,8,6,2,1,1,0,18,11,7,0,20,0,3,2
55405616,2,55405607,,8,4,4,*,*,*,*,*,*,*,*,*,*,*,*,*,*,*,*,*,*,*,*,*,*,*,*,*,*,*,*,*,*,3,3,*,*,*,*,*,*,*,*,*,*,*,*,*,*,*
55405617,0,,,58,29,29,3,1,2,55,28,27,34,19,15,53,26,27,51,26,25,21,9,12,9,3,6,3,0,3,0,0,0,3,3,0,24,24,6,12,2,1,2,0,1,18,14,4,0,14,3,2,7
55405618,0,,,164,80,84,13,7,6,151,73,78,82,43,39,147,71,76,143,70,73,69,30,39,30,10,20,9,3,6,1,0,1,0,0,0,60,60,9,20,14,13,3,1,0,51,40,11,3,42,0,8,10
55405619,0,,,249,121,128,12,7,5,237,114,123,128,67,61,229,111,118,227,110,117,109,47,62,64,26,38,26,10,16,2,1,1,0,0,0,99,99,22,36,20,12,7,2,0,77,55,22,2,71,1,11,16
55405621,1,,55405611;55405632,76,44,32,9,7,2,75,40,35,34,19,15,75,40,35,75,40,35,41,21,20,17,7,10,6,1,5,3,0,3,0,0,0,23,23,2,7,9,4,2,0,2,24,14,10,4,24,0,2,2
55405622,0,,,19,8,11,3,1,2,16,7,9,11,4,7,16,7,9,15,7,8,5,3,2,1,1,0,0,0,0,0,0,0,0,0,0,6,6,1,1,3,0,0,0,1,5,4,1,1,3,0,0,1
55405626,1,,55405635,24,13,11,1,1,0,24,13,11,18,12,6,24,13,11,24,13,11,6,1,5,4,0,4,2,0,2,0,0,0,1,0,1,11,11,3,6,2,1,0,0,0,9,8,1,0,5,0,2,0
55405627,0,,,79,38,41,9,3,6,70,35,35,38,19,19,68,34,34,68,34,34,32,16,16,19,9,10,9,4,5,0,0,0,0,0,0,27,27,2,10,8,3,3,1,0,25,18,7,3,21,0,2,4
55405628,0,,,135,70,65,16,10,6,119,60,59,74,37,37,119,60,59,118,60,58,45,23,22,15,6,9,5,1,4,0,0,0,0,0,0,45,45,10,7,13,6,7,1,1,35,20,15,4,34,0,6,5
55405629,0,,,185,66,119,7,3,4,178,63,115,52,24,28,176,61,115,175,61,114,126,39,87,92,20,72,52,7,45,15,1,14,1,0,1,37,36,3,13,10,7,0,3,0,31,21,10,1,29,0,3,6
55405630,1,,55405631;55405640;55405641,98,52,46,2,2,0,110,58,52,58,31,27,108,58,50,106,56,50,52,27,25,23,9,14,12,5,7,1,0,1,0,0,0,35,35,10,11,7,7,5,1,0,31,21,10,0,33,0,7,4
55405631,2,55405630,,10,6,4,*,*,*,*,*,*,*,*,*,*,*,*,*,*,*,*,*,*,*,*,*,*,*,*,*,*,*,*,*,*,3,3,*,*,*,*,*,*,*,*,*,*,*,*,*,*,*
55405632,2,55405621,,3,1,2,*,*,*,*,*,*,*,*,*,*,*,*,*,*,*,*,*,*,*,*,*,*,*,*,*,*,*,*,*,*,1,1,*,*,*,*,*,*,*,*,*,*,*,*,*,*,*
55405635,2,55405626,,1,1,0,*,*,*,*,*,*,*,*,*,*,*,*,*,*,*,*,*,*,*,*,*,*,*,*,*,*,*,*,*,*,1,1,*,*,*,*,*,*,*,*,*,*,*,*,*,*,*
55405636,0,,,35,18,17,0,0,0,35,18,17,18,12,6,35,18,17,35,18,17,17,6,11,11,3,8,4,1,3,1,0,1,0,0,0,13,13,1,5,4,3,0,0,0,12,9,3,0,12,0,1,2
55405637,2,55405638,,11,4,7,*,*,*,*,*,*,*,*,*,*,*,*,*,*,*,*,*,*,*,*,*,*,*,*,*,*,*,*,*,*,2,2,*,*,*,*,*,*,*,*,*,*,*,*,*,*,*
55405638,1,,55405637,171,78,93,24,9,15,158,73,85,92,50,42,152,70,82,151,70,81,66,23,43,36,9,27,13,3,10,2,0,2,0,0,0,57,57,5,22,15,6,6,1,4,54,37,17,5,42,0,4,12
55405639,0,,,253,118,135,13,6,7,239,111,128,132,67,65,231,108,123,224,104,120,107,44,63,58,21,37,18,6,12,1,0,1,0,0,0,86,86,12,33,14,12,9,4,2,74,47,27,3,70,0,9,19
55405640,2,55405630,,3,1,2,*,*,*,*,*,*,*,*,*,*,*,*,*,*,*,*,*,*,*,*,*,*,*,*,*,*,*,*,*,*,2,2,*,*,*,*,*,*,*,*,*,*,*,*,*,*,*
55405641,2,55405630,,1,1,0,*,*,*,*,*,*,*,*,*,*,*,*,*,*,*,*,*,*,*,*,*,*,*,*,*,*,*,*,*,*,1,1,*,*,*,*,*,*,*,*,*,*,*,*,*,*,*
55405646,0,,,23,10,13,3,0,3,20,10,10,12,6,6,19,9,10,18,8,10,8,4,4,0,0,0,0,0,0,0,0,0,0,0,0,6,6,1,0,2,0,2,1,0,5,2,3,0,4,0,0,0
55405647,0,,,154,90,64,19,12,7,135,78,57,90,56,34,131,76,55,128,74,54,45,22,23,23,13,10,3,1,2,0,0,0,0,0,0,55,55,7,21,13,7,4,3,0,48,41,7,5,28,1,4,8
55405648,0,,,558,274,284,80,45,35,465,224,241,285,150,135,448,213,235,443,209,234,180,74,106,80,27,53,36,6,30,2,0,2,5,2,3,218,217,58,69,37,32,14,3,4,156,128,28,18,125,0,37,29
55405649,0,,,281,134,147,27,18,9,247,113,134,126,59,67,241,111,130,239,111,128,121,54,67,57,21,36,16,4,12,1,0,1,0,0,0,97,97,17,31,20,16,6,3,4,78,46,32,6,79,0,14,16
55405650,0,,,14,10,4,0,0,0,14,10,4,11,9,2,14,10,4,12,8,4,3,1,2,1,0,1,1,0,1,0,0,0,0,0,0,6,6,2,2,0,2,0,0,0,4,4,0,0,2,0,0,1
55405651,1,,55405652,20,9,11,2,0,2,23,11,12,11,6,5,23,11,12,23,11,12,12,5,7,7,3,4,2,2,0,0,0,0,0,0,0,9,9,2,3,4,0,1,0,0,8,6,2,1,8,0,2,1
55405652,2,55405651,,5,2,3,*,*,*,*,*,*,*,*,*,*,*,*,*,*,*,*,*,*,*,*,*,*,*,*,*,*,*,*,*,*,1,1,*,*,*,*,*,*,*,*,*,*,*,*,*,*,*
55405653,2,55405654,,1,0,1,*,*,*,*,*,*,*,*,*,*,*,*,*,*,*,*,*,*,*,*,*,*,*,*,*,*,*,*,*,*,1,1,*,*,*,*,*,*,*,*,*,*,*,*,*,*,*
55405654,1,,55405653,19,11,8,2,1,1,18,10,8,9,5,4,18,10,8,18,10,8,9,5,4,8,4,4,3,3,0,0,0,0,0,0,0,5,5,2,0,1,2,0,0,1,4,1,3,1,6,0,2,0
55405656,0,,,20,11,9,1,1,0,19,10,9,12,6,6,19,10,9,19,10,9,7,4,3,3,1,2,1,0,1,1,0,1,0,0,0,5,5,1,1,0,0,2,0,1,4,0,4,1,4,0,0,0
55405657,0,,,873,438,435,95,40,55,778,398,380,469,248,221,748,378,370,732,365,367,309,150,159,128,52,76,41,12,29,7,2,5,1,0,1,313,313,62,101,67,44,15,17,7,247,183,64,21,204,0,44,44
55405658,0,,,996,465,531,98,47,51,871,401,470,514,253,261,844,389,455,826,382,444,357,148,209,183,64,119,65,20,45,6,2,4,1,0,1,380,378,98,128,62,46,22,14,8,272,207,65,27,233,1,58,53
55405659,0,,,250,122,128,26,15,11,214,101,113,133,67,66,206,97,109,202,95,107,81,34,47,41,16,25,16,4,12,2,0,2,20,2,18,105,105,37,29,18,12,3,4,2,67,53,14,6,54,11,11,13
55405660,0,,,32,12,20,1,0,1,31,12,19,17,8,9,29,11,18,28,11,17,14,4,10,9,2,7,5,0,5,1,0,1,0,0,0,12,12,2,3,4,3,0,0,0,9,5,4,0,9,0,2,0
55405661,1,,55405671,64,29,35,4,0,4,64,30,34,37,14,23,61,29,32,59,29,30,27,16,11,16,8,8,5,2,3,2,2,0,0,0,0,30,30,12,13,4,2,2,0,0,21,18,3,0,21,0,8,5
55405662,1,,55405672,18,9,9,3,1,2,23,11,12,15,8,7,23,11,12,23,11,12,8,3,5,4,1,3,1,0,1,0,0,0,0,0,0,6,6,2,2,1,3,1,0,0,7,5,2,0,5,0,1,1
55405664,1,,55405674,21,12,9,4,3,1,22,12,10,12,7,5,22,12,10,22,12,10,10,5,5,5,2,3,2,1,1,0,0,0,0,0,0,6,6,3,3,1,0,1,0,1,6,4,2,2,7,0,3,1
55405667,0,,,269,122,147,24,11,13,245,111,134,137,68,69,239,109,130,234,108,126,108,43,65,63,26,37,24,7,17,5,0,5,0,0,0,95,94,16,34,21,10,8,2,3,77,57,20,7,63,0,12,17
55405668,0,,,972,452,520,133,75,58,828,372,456,424,206,218,801,361,440,792,358,434,404,166,238,210,69,141,114,28,86,14,2,12,1,0,1,320,318,61,116,63,40,19,12,7,251,187,64,29,215,0,37,57
55405669,0,,,475,242,233,54,33,21,421,209,212,276,143,133,408,203,205,396,200,196,145,66,79,69,27,42,25,8,17,3,2,1,0,0,0,165,165,21,63,33,24,14,8,2,144,112,32,12,90,1,9,27
55405670,0,,,73,36,37,4,2,2,69,34,35,33,16,17,67,33,34,64,32,32,36,18,18,16,8,8,7,3,4,1,0,1,1,0,1,27,27,4,10,6,4,3,0,0,23,18,5,1,21,0,3,6
55405671,2,55405661,,4,1,3,*,*,*,*,*,*,*,*,*,*,*,*,*,*,*,*,*,*,*,*,*,*,*,*,*,*,*,*,*,*,3,3,*,*,*,*,*,*,*,*,*,*,*,*,*,*,*
55405672,2,55405662,,8,3,5,*,*,*,*,*,*,*,*,*,*,*,*,*,*,*,*,*,*,*,*,*,*,*,*,*,*,*,*,*,*,3,3,*,*,*,*,*,*,*,*,*,*,*,*,*,*,*
55405674,2,55405664,,5,3,2,*,*,*,*,*,*,*,*,*,*,*,*,*,*,*,*,*,*,*,*,*,*,*,*,*,*,*,*,*,*,3,3,*,*,*,*,*,*,*,*,*,*,*,*,*,*,*
55405676,1,,55405686;55405696,138,65,73,7,2,5,141,67,74,81,42,39,139,67,72,139,67,72,60,25,35,30,9,21,15,4,11,0,0,0,0,0,0,54,54,13,16,17,9,2,1,0,45,31,14,3,44,0,10,6
55405677,0,,,121,59,62,13,8,5,108,51,57,62,30,32,105,49,56,105,49,56,46,21,25,23,11,12,6,3,3,0,0,0,0,0,0,43,43,10,10,15,3,1,3,1,32,23,9,2,30,0,8,4
55405678,0,,,296,143,153,21,9,12,267,130,137,152,77,75,256,125,131,251,123,128,115,53,62,53,21,32,12,3,9,2,1,1,0,0,0,120,120,29,43,24,16,6,0,2,87,66,21,5,74,0,17,20
55405679,0,,,29,17,12,3,1,2,26,16,10,13,9,4,26,16,10,26,16,10,13,7,6,11,6,5,3,2,1,0,0,0,0,0,0,12,12,3,5,2,1,0,1,0,9,9,0,2,8,0,3,3
55405680,0,,,71,37,34,11,8,3,60,29,31,33,16,17,57,27,30,57,27,30,27,13,14,9,5,4,2,1,1,1,0,1,0,0,0,21,21,1,5,8,2,2,3,0,20,14,6,4,14,0,1,4
55405681,2,55405690,,6,3,3,*,*,*,*,*,*,*,*,*,*,*,*,*,*,*,*,*,*,*,*,*,*,*,*,*,*,*,*,*,*,3,3,*,*,*,*,*,*,*,*,*,*,*,*,*,*,*
55405682,0,,,8,4,4,0,0,0,8,4,4,6,3,3,8,4,4,8,4,4,2,1,1,0,0,0,0,0,0,0,0,0,0,0,0,4,4,1,2,1,0,0,0,0,3,3,0,0,1,0,0,1
55405686,2,55405676,,5,1,4,*,*,*,*,*,*,*,*,*,*,*,*,*,*,*,*,*,*,*,*,*,*,*,*,*,*,*,*,*,*,2,2,*,*,*,*,*,*,*,*,*,*,*,*,*,*,*
55405688,1,,55405699,89,43,46,3,3,0,88,42,46,49,26,23,86,41,45,86,41,45,39,16,23,14,6,8,4,3,1,1,1,0,0,0,0,44,44,14,20,7,4,0,0,0,31,27,4,1,27,0,9,11
55405689,0,,,116,60,56,21,10,11,95,50,45,60,30,30,90,48,42,90,48,42,35,20,15,9,7,2,1,0,1,0,0,0,0,0,0,39,39,3,13,10,9,3,1,0,36,32,4,6,20,1,1,7
55405690,1,,55405681,11,5,6,2,1,1,15,7,8,3,1,2,15,7,8,15,7,8,12,6,6,5,2,3,3,1,2,0,0,0,0,0,0,4,4,1,5,0,0,0,1,0,6,5,1,1,7,0,1,4
55405692,0,,,55,25,30,4,3,1,51,22,29,33,15,18,50,22,28,49,22,27,18,7,11,12,3,9,7,3,4,0,0,0,1,1,0,18,18,4,3,4,4,1,2,0,14,7,7,2,14,0,3,1
55405696,2,55405676,,5,3,2,*,*,*,*,*,*,*,*,*,*,*,*,*,*,*,*,*,*,*,*,*,*,*,*,*,*,*,*,*,*,2,2,*,*,*,*,*,*,*,*,*,*,*,*,*,*,*
55405698,0,,,37,18,19,6,3,3,31,15,16,18,9,9,31,15,16,31,15,16,13,6,7,6,3,3,1,0,1,0,0,0,0,0,0,14,14,2,7,2,2,0,0,1,12,11,1,1,9,0,2,4
55405699,2,55405688,,2,2,0,*,*,*,*,*,*,*,*,*,*,*,*,*,*,*,*,*,*,*,*,*,*,*,*,*,*,*,*,*,*,1,1,*,*,*,*,*,*,*,*,*,*,*,*,*,*,*
55405700,1,,55405701;55405711,1295,616,679,142,78,64,1332,640,692,831,418,413,1284,618,666,1272,612,660,501,222,279,235,95,140,72,22,50,1,0,1,13,10,3,543,541,166,185,107,52,30,3,1,375,324,51,32,288,9,80,94
55405701,2,55405700,,65,33,32,*,*,*,*,*,*,*,*,*,*,*,*,*,*,*,*,*,*,*,*,*,*,*,*,*,*,*,*,*,*,5,2,*,*,*,*,*,*,*,*,*,*,*,*,*,*,*
55405702,0,,,38,20,18,8,5,3,30,15,15,21,10,11,30,15,15,30,15,15,9,5,4,3,1,2,2,0,2,0,0,0,0,0,0,13,13,2,3,3,4,1,0,0,11,7,4,2,6,0,0,1
55405703,0,,,11,7,4,0,0,0,11,7,4,8,6,2,11,7,4,11,7,4,3,1,2,3,1,2,3,1,2,0,0,0,0,0,0,6,6,1,5,0,0,0,0,0,5,4,1,0,3,0,1,0
55405704,0,,,29,15,14,2,2,0,27,13,14,14,6,8,27,13,14,26,13,13,13,7,6,6,2,4,2,1,1,0,0,0,0,0,0,12,12,2,6,2,1,1,0,0,10,8,2,0,9,0,1,6
55405705,0,,,168,93,75,25,17,8,138,72,66,80,44,36,135,71,64,135,71,64,58,28,30,29,16,13,13,7,6,3,2,1,0,0,0,51,51,7,14,10,9,5,1,5,43,23,20,6,38,0,5,5
55405706,0,,,203,100,103,26,12,14,177,88,89,101,50,51,173,86,87,168,85,83,76,38,38,34,13,21,12,4,8,2,1,1,0,0,0,66,66,11,19,13,9,7,5,2,55,33,22,6,48,0,8,9
55405707,0,,,756,337,419,51,31,20,702,303,399,276,144,132,692,300,392,687,299,388,426,159,267,254,76,178,130,27,103,14,2,12,0,0,0,204,198,44,74,31,22,16,8,3,153,109,44,12,152,0,28,34
55405708,0,,,217,77,140,6,2,4,211,75,136,64,35,29,209,74,135,209,74,135,147,40,107,124,29,95,86,16,70,17,2,15,1,1,0,47,46,9,17,15,5,0,0,0,36,32,4,3,28,0,8,10
55405710,0,,,195,91,104,13,6,7,180,84,96,80,41,39,175,81,94,172,79,93,100,43,57,51,17,34,29,11,18,2,0,2,0,0,0,75,74,18,28,15,7,5,0,1,55,40,15,5,54,0,11,16
55405711,2,55405700,,140,82,58,*,*,*,*,*,*,*,*,*,*,*,*,*,*,*,*,*,*,*,*,*,*,*,*,*,*,*,*,*,*,5,1,*,*,*,*,*,*,*,*,*,*,*,*,*,*,*
55405713,2,55405714,,4,2,2,*,*,*,*,*,*,*,*,*,*,*,*,*,*,*,*,*,*,*,*,*,*,*,*,*,*,*,*,*,*,1,1,*,*,*,*,*,*,*,*,*,*,*,*,*,*,*
55405714,1,,55405713,177,82,95,17,10,7,164,74,90,99,45,54,150,70,80,144,68,76,65,29,36,40,17,23,15,6,9,2,1,1,0,0,0,51,51,10,10,8,8,5,8,3,42,23,19,1,40,0,8,7
55405715,0,,,85,44,41,2,1,1,83,43,40,33,21,12,83,43,40,81,41,40,50,22,28,25,12,13,10,3,7,2,1,1,0,0,0,37,37,7,19,8,2,0,0,1,30,24,6,1,28,0,2,14
55405716,0,,,193,102,91,19,11,8,174,91,83,96,55,41,168,87,81,167,87,80,78,36,42,42,19,23,21,11,10,2,1,1,0,0,0,74,74,20,24,12,8,5,3,2,54,39,15,2,52,0,11,12
55405717,0,,,638,323,315,82,44,38,540,272,268,350,180,170,528,266,262,515,257,258,190,92,98,74,31,43,26,8,18,3,0,3,2,0,2,252,252,72,78,45,33,10,9,5,174,133,41,23,135,7,34,33
55405718,0,,,2808,1407,1401,298,170,128,2457,1209,1248,1552,811,741,2392,1180,1212,2358,1161,1197,905,398,507,465,168,297,165,46,119,12,0,12,3,1,2,1189,1187,372,377,231,116,57,22,12,801,658,143,108,623,21,159,142
55405720,0,,,93,52,41,7,6,1,86,46,40,51,31,20,83,44,39,82,44,38,35,15,20,20,8,12,6,2,4,0,0,0,0,0,0,37,37,7,16,6,5,2,1,0,29,22,7,1,23,0,6,4
55405722,2,55405732,,2,1,1,*,*,*,*,*,*,*,*,*,*,*,*,*,*,*,*,*,*,*,*,*,*,*,*,*,*,*,*,*,*,1,1,*,*,*,*,*,*,*,*,*,*,*,*,*,*,*
55405724,0,,,69,31,38,11,5,6,58,26,32,40,19,21,58,26,32,58,26,32,18,7,11,14,5,9,8,2,6,0,0,0,0,0,0,18,18,0,4,4,4,3,3,0,18,10,8,3,14,0,0,1
55405725,0,,,63,27,36,1,1,0,62,26,36,31,17,14,60,25,35,60,25,35,31,9,22,16,4,12,6,1,5,1,0,1,0,0,0,24,24,5,7,5,6,1,0,0,19,10,9,0,21,0,3,3
55405726,0,,,111,64,47,5,4,1,106,60,46,60,37,23,100,56,44,97,53,44,46,23,23,22,8,14,9,3,6,2,0,2,2,2,0,45,45,13,14,8,5,4,1,0,32,24,8,1,29,1,7,7
55405727,0,,,517,264,253,40,23,17,459,233,226,280,153,127,448,227,221,441,222,219,179,80,99,99,36,63,38,11,27,1,0,1,3,1,2,218,218,75,56,50,21,7,5,4,142,101,41,11,116,7,23,23
55405728,0,,,3610,1722,1888,388,192,196,3103,1467,1636,1853,922,931,3029,1431,1598,2996,1413,1583,1250,545,705,639,252,387,205,70,135,11,4,7,24,11,13,1608,1604,585,464,276,186,68,19,6,993,815,178,118,858,38,280,206
55405729,0,,,540,276,264,64,36,28,447,227,220,290,150,140,432,219,213,425,214,211,157,77,80,73,34,39,17,7,10,2,1,1,5,4,1,249,249,100,75,33,23,12,3,3,146,122,24,17,103,8,23,38
55405731,0,,,27,12,15,4,2,2,23,10,13,13,7,6,23,10,13,23,10,13,10,3,7,5,3,2,1,0,1,0,0,0,0,0,0,11,11,4,1,4,1,1,0,0,7,6,1,1,7,0,3,1
55405732,1,,55405722,181,88,93,21,9,12,162,80,82,92,47,45,157,78,79,155,76,79,70,33,37,39,16,23,13,5,8,2,1,1,0,0,0,59,59,8,18,15,9,4,4,2,51,32,19,4,45,0,6,8
55405733,0,,,178,91,87,9,3,6,169,88,81,95,57,38,163,83,80,159,81,78,74,31,43,43,15,28,20,7,13,2,1,1,0,0,0,72,72,20,26,10,7,7,1,1,52,39,13,0,49,0,14,10
55405734,0,,,159,87,72,11,6,5,148,81,67,80,45,35,142,77,65,136,75,61,68,36,32,40,20,20,9,4,5,0,0,0,0,0,0,57,57,13,18,11,5,6,2,2,43,31,12,2,41,0,6,14
55405735,0,,,207,102,105,13,4,9,194,98,96,115,59,56,189,95,94,184,92,92,79,39,40,42,16,26,20,7,13,3,2,1,0,0,0,75,75,18,23,13,9,6,4,2,57,38,19,1,53,0,10,10
55405736,0,,,124,70,54,6,3,3,118,67,51,65,43,22,116,65,51,116,65,51,53,24,29,24,8,16,7,2,5,1,0,1,0,0,0,43,43,9,12,11,4,2,3,2,33,16,17,3,32,0,4,5
55405737,0,,,86,41,45,9,3,6,77,38,39,43,23,20,75,38,37,74,37,37,34,15,19,16,3,13,7,1,6,0,0,0,0,0,0,31,31,6,12,4,4,2,3,0,25,16,9,2,22,0,3,5
55405738,0,,,1527,723,804,212,113,99,1314,610,704,881,425,456,1271,590,681,1250,581,669,433,185,248,225,84,141,67,17,50,5,3,2,24,14,10,619,618,180,185,121,77,36,13,6,436,356,80,60,309,20,86,69
55405739,0,,,992,481,511,77,33,44,911,445,466,482,253,229,894,436,458,880,426,454,429,192,237,236,96,140,67,21,46,6,2,4,6,3,3,426,423,128,151,65,51,18,7,3,293,236,57,25,290,5,83,70
55405741,0,,,71,31,40,2,0,2,69,31,38,41,21,20,66,30,36,66,30,36,28,10,18,16,5,11,8,2,6,0,0,0,2,1,1,26,26,5,9,5,3,3,1,0,21,11,10,0,18,0,2,4
55405742,0,,,54,27,27,5,3,2,49,24,25,25,14,11,48,23,25,46,22,24,24,10,14,12,4,8,4,0,4,0,0,0,1,1,0,18,18,2,6,6,2,0,1,1,16,10,6,2,15,0,1,4
55405743,2,55405744,,8,3,5,*,*,*,*,*,*,*,*,*,*,*,*,*,*,*,*,*,*,*,*,*,*,*,*,*,*,*,*,*,*,3,3,*,*,*,*,*,*,*,*,*,*,*,*,*,*,*
55405744,1,,55405743,66,30,36,7,2,5,66,31,35,36,19,17,65,31,34,65,31,34,30,12,18,17,5,12,6,2,4,0,0,0,0,0,0,31,31,12,12,5,2,3,0,0,21,17,4,0,23,0,7,3
55405745,0,,,158,75,83,4,3,1,149,68,81,84,41,43,146,67,79,142,64,78,65,27,38,39,12,27,13,2,11,0,0,0,0,0,0,58,58,13,16,14,9,3,2,1,44,26,18,1,44,0,7,8
55405746,0,,,44,27,17,0,0,0,41,24,17,27,17,10,41,24,17,39,22,17,14,7,7,10,4,6,5,3,2,0,0,0,0,0,0,18,18,7,3,3,3,2,0,0,11,6,5,0,10,0,2,1
55405747,0,,,10,5,5,0,0,0,10,5,5,7,4,3,10,5,5,10,5,5,3,1,2,3,1,2,2,1,1,0,0,0,0,0,0,4,4,2,0,1,0,1,0,0,2,0,2,0,3,0,1,0
55405748,0,,,37,19,18,2,1,1,35,18,17,19,9,10,34,18,16,34,18,16,16,9,7,8,3,5,1,0,1,0,0,0,0,0,0,14,14,2,5,4,2,1,0,0,12,9,3,1,10,0,2,2
55405749,0,,,103,56,47,10,5,5,93,51,42,46,25,21,91,50,41,89,49,40,47,26,21,25,14,11,8,5,3,0,0,0,0,0,0,40,40,9,16,7,2,3,3,0,31,22,9,5,31,0,5,12
55405751,0,,,12,7,5,0,0,0,12,7,5,4,3,1,12,7,5,12,7,5,8,4,4,2,1,1,1,0,1,1,0,1,0,0,0,5,5,1,1,3,0,0,0,0,4,2,2,0,4,0,1,1
55405752,0,,,59,27,32,2,1,1,57,26,31,21,10,11,56,25,31,56,25,31,36,16,20,14,6,8,8,2,6,1,0,1,1,1,0,23,23,4,7,9,1,2,0,0,19,14,5,0,21,1,3,5
55405753,0,,,8,4,4,0,0,0,8,4,4,2,1,1,8,4,4,8,4,4,6,3,3,4,2,2,1,1,0,0,0,0,0,0,0,4,4,1,2,1,0,0,0,0,3,3,0,0,4,0,1,1
55405754,0,,,99,47,52,9,4,5,90,43,47,50,25,25,90,43,47,89,42,47,40,18,22,19,7,12,6,0,6,1,0,1,0,0,0,41,41,16,9,9,3,2,1,1,25,19,6,2,29,0,8,4
55405756,0,,,53,28,25,4,2,2,49,26,23,27,14,13,47,25,22,46,24,22,22,12,10,12,6,6,5,3,2,0,0,0,0,0,0,18,18,2,7,5,1,2,0,1,16,12,4,1,13,0,1,3
55405759,0,,,44,22,22,4,2,2,40,20,20,22,12,10,40,20,20,39,20,19,18,8,10,8,3,5,1,0,1,0,0,0,3,3,0,18,18,6,5,3,3,0,0,1,12,7,5,1,11,0,1,4
55405760,0,,,22,11,11,0,0,0,22,11,11,13,6,7,22,11,11,21,11,10,9,5,4,4,2,2,0,0,0,0,0,0,0,0,0,8,8,1,3,2,1,1,0,0,7,7,0,0,5,0,1,2
55405761,1,,55405772,52,25,27,4,1,3,56,27,29,32,17,15,55,26,29,54,25,29,24,10,14,10,4,6,3,0,3,0,0,0,1,0,1,22,22,9,5,5,4,2,0,0,16,8,8,2,17,0,6,2
55405762,0,,,36,18,18,0,0,0,36,18,18,21,12,9,36,18,18,36,18,18,15,6,9,6,1,5,3,0,3,0,0,0,0,0,0,16,16,5,5,3,3,0,0,0,11,9,2,0,11,0,2,1
55405767,0,,,62,35,27,7,5,2,55,30,25,30,15,15,54,30,24,54,30,24,25,15,10,8,5,3,3,1,2,0,0,0,0,0,0,27,27,8,11,5,2,0,0,1,19,15,4,2,17,0,4,8
55405768,0,,,136,69,67,17,8,9,119,61,58,65,37,28,116,59,57,116,59,57,54,24,30,31,13,18,9,2,7,2,1,1,0,0,0,49,49,7,23,7,5,3,3,1,42,34,8,4,35,0,3,11
55405769,0,,,747,437,310,53,31,22,686,400,286,462,304,158,671,390,281,665,388,277,224,96,128,104,31,73,37,9,28,5,0,5,1,0,1,364,364,187,71,42,36,21,6,1,176,136,40,13,165,10,51,35
55405770,0,,,49,21,28,4,2,2,44,19,25,27,13,14,43,18,25,43,18,25,17,6,11,9,3,6,0,0,0,0,0,0,0,0,0,20,20,2,12,3,2,0,1,0,18,15,3,1,11,0,1,4
55405772,2,55405761,,8,3,5,*,*,*,*,*,*,*,*,*,*,*,*,*,*,*,*,*,*,*,*,*,*,*,*,*,*,*,*,*,*,3,3,*,*,*,*,*,*,*,*,*,*,*,*,*,*,*
55405777,0,,,83,39,44,9,3,6,74,36,38,45,22,23,73,36,37,69,34,35,29,14,15,15,6,9,5,1,4,1,0,1,0,0,0,25,25,2,7,9,2,2,1,2,23,16,7,2,18,0,1,2
55405778,0,,,108,54,54,8,3,5,99,51,48,50,28,22,96,49,47,95,48,47,49,23,26,26,12,14,9,1,8,1,0,1,0,0,0,44,44,11,16,10,4,1,0,2,33,28,5,3,34,0,8,12
55405779,0,,,1707,858,849,184,91,93,1502,754,748,934,490,444,1474,738,736,1450,726,724,568,264,304,270,98,172,110,29,81,9,3,6,3,2,1,759,758,281,226,121,77,33,15,5,475,386,89,47,404,10,137,97
55405785,0,,,28,15,13,2,2,0,26,13,13,13,7,6,25,13,12,25,13,12,13,6,7,2,1,1,2,1,1,0,0,0,0,0,0,11,11,1,6,1,3,0,0,0,10,8,2,1,8,0,1,3
55405787,0,,,11,5,6,2,1,1,9,4,5,8,4,4,9,4,5,9,4,5,1,0,1,1,0,1,0,0,0,0,0,0,0,0,0,4,4,1,0,2,1,0,0,0,3,2,1,1,1,0,0,0
55405788,0,,,139,69,70,4,3,1,135,66,69,75,39,36,132,65,67,132,65,67,60,27,33,24,6,18,11,3,8,0,0,0,0,0,0,56,56,12,20,16,3,3,2,0,44,35,9,0,41,0,7,9
55405789,1,,55405799,224,166,58,11,6,5,203,149,54,148,114,34,201,149,52,198,148,50,55,35,20,30,17,13,8,4,4,1,0,1,1,1,0,142,142,108,13,8,8,3,2,1,34,25,9,4,41,2,18,8
55405794,0,,,15,6,9,2,1,1,13,5,8,7,3,4,13,5,8,13,5,8,6,2,4,5,2,3,0,0,0,0,0,0,0,0,0,5,5,0,2,2,0,1,0,0,4,3,1,0,4,0,0,2
55405795,0,,,51,24,27,4,3,1,47,21,26,24,9,15,45,20,25,44,20,24,23,12,11,13,6,7,2,1,1,0,0,0,0,0,0,19,19,6,7,1,1,3,0,1,13,9,4,1,16,0,6,5
55405797,0,,,117,64,53,11,7,4,106,57,49,56,35,21,104,56,48,104,56,48,50,22,28,20,8,12,5,0,5,0,0,0,0,0,0,44,44,11,12,10,7,1,2,1,33,23,10,3,34,0,9,6
55405798,0,,,18,8,10,0,0,0,18,8,10,8,2,6,18,8,10,18,8,10,10,6,4,5,3,2,0,0,0,0,0,0,0,0,0,9,9,4,4,0,0,0,1,0,5,4,1,0,6,0,2,3
55405799,2,55405789,,1,0,1,*,*,*,*,*,*,*,*,*,*,*,*,*,*,*,*,*,*,*,*,*,*,*,*,*,*,*,*,*,*,1,1,*,*,*,*,*,*,*,*,*,*,*,*,*,*,*
55406003,2,55406005,,6,4,2,*,*,*,*,*,*,*,*,*,*,*,*,*,*,*,*,*,*,*,*,*,*,*,*,*,*,*,*,*,*,2,2,*,*,*,*,*,*,*,*,*,*,*,*,*,*,*
55406004,2,55406014,,9,6,3,*,*,*,*,*,*,*,*,*,*,*,*,*,*,*,*,*,*,*,*,*,*,*,*,*,*,*,*,*,*,4,4,*,*,*,*,*,*,*,*,*,*,*,*,*,*,*
55406005,1,,55406003,22,10,12,3,2,1,25,12,13,8,5,3,25,12,13,25,12,13,17,7,10,11,4,7,4,2,2,0,0,0,0,0,0,11,11,5,4,2,1,1,0,0,8,6,2,1,11,0,4,4
55406006,1,,55406017,15,9,6,0,0,0,19,10,9,9,5,4,18,10,8,18,10,8,10,5,5,3,1,2,2,0,2,0,0,0,0,0,0,7,7,2,2,3,1,0,0,0,6,5,1,0,7,0,2,1
55406008,2,55406009,,13,6,7,*,*,*,*,*,*,*,*,*,*,*,*,*,*,*,*,*,*,*,*,*,*,*,*,*,*,*,*,*,*,3,3,*,*,*,*,*,*,*,*,*,*,*,*,*,*,*
55406009,1,,55406008,9,5,4,5,3,2,17,8,9,12,6,6,17,8,9,17,8,9,5,2,3,0,0,0,0,0,0,0,0,0,0,0,0,2,2,0,1,1,1,1,0,1,5,3,2,2,3,0,0,1
55406014,1,,55406004,19,8,11,0,0,0,27,13,14,16,8,8,27,13,14,27,13,14,11,5,6,6,2,4,1,1,0,0,0,0,0,0,0,7,7,3,2,3,3,0,0,0,7,3,4,0,7,0,1,0
55406015,1,,55406048,17,10,7,0,0,0,18,10,8,7,4,3,17,9,8,17,9,8,11,6,5,6,3,3,3,2,1,0,0,0,0,0,0,10,10,5,5,1,0,0,0,0,6,6,0,0,7,0,3,4
55406017,2,55406006,,4,1,3,*,*,*,*,*,*,*,*,*,*,*,*,*,*,*,*,*,*,*,*,*,*,*,*,*,*,*,*,*,*,1,1,*,*,*,*,*,*,*,*,*,*,*,*,*,*,*
55406048,2,55406015,,1,0,1,*,*,*,*,*,*,*,*,*,*,*,*,*,*,*,*,*,*,*,*,*,*,*,*,*,*,*,*,*,*,1,1,*,*,*,*,*,*,*,*,*,*,*,*,*,*,*
55406049,1,,55406058,15,7,8,4,3,1,19,8,11,14,6,8,18,7,11,17,7,10,5,2,3,3,1,2,1,0,1,0,0,0,0,0,0,5,5,1,2,2,0,1,0,1,6,2,4,1,4,0,0,1
55406058,2,55406049,,8,4,4,*,*,*,*,*,*,*,*,*,*,*,*,*,*,*,*,*,*,*,*,*,*,*,*,*,*,*,*,*,*,2,2,*,*,*,*,*,*,*,*,*,*,*,*,*,*,*
55406074,2,55406093,,1,1,0,*,*,*,*,*,*,*,*,*,*,*,*,*,*,*,*,*,*,*,*,*,*,*,*,*,*,*,*,*,*,1,1,*,*,*,*,*,*,*,*,*,*,*,*,*,*,*
55406082,1,,55406083;55406084,19,10,9,3,0,3,37,20,17,15,10,5,37,20,17,35,18,17,22,10,12,8,4,4,1,0,1,0,0,0,1,0,1,11,11,12,10,1,0,1,0,0,12,12,0,1,14,2,6,7
55406083,2,55406082,,13,3,10,*,*,*,*,*,*,*,*,*,*,*,*,*,*,*,*,*,*,*,*,*,*,*,*,*,*,*,*,*,*,7,7,*,*,*,*,*,*,*,*,*,*,*,*,*,*,*
55406084,2,55406082,,8,7,1,*,*,*,*,*,*,*,*,*,*,*,*,*,*,*,*,*,*,*,*,*,*,*,*,*,*,*,*,*,*,6,6,*,*,*,*,*,*,*,*,*,*,*,*,*,*,*
55406093,1,,55406074,36,20,16,0,0,0,37,21,16,11,6,5,37,21,16,36,20,16,26,15,11,11,6,5,4,3,1,0,0,0,1,1,0,24,24,13,12,0,0,0,0,0,12,12,0,0,16,6,5,11
55406100,2,55406111,,11,7,4,*,*,*,*,*,*,*,*,*,*,*,*,*,*,*,*,*,*,*,*,*,*,*,*,*,*,*,*,*,*,4,4,*,*,*,*,*,*,*,*,*,*,*,*,*,*,*
55406102,1,,55406113,82,39,43,15,7,8,77,36,41,47,22,25,75,36,39,75,36,39,30,14,16,8,2,6,2,0,2,0,0,0,0,0,0,27,27,3,9,9,2,3,1,2,25,20,5,5,20,0,3,4
55406103,0,,,212,110,102,30,12,18,182,98,84,108,59,49,176,94,82,170,90,80,74,39,35,20,8,12,14,3,11,1,0,1,3,1,2,75,75,11,28,15,12,5,3,1,62,49,13,7,45,0,7,13
55406106,0,,,49,26,23,7,4,3,42,22,20,24,12,12,40,21,19,40,21,19,18,10,8,3,1,2,2,1,1,0,0,0,0,0,0,12,12,0,2,3,3,2,0,2,12,5,7,2,10,0,0,2
55406107,1,,55406108,18,9,9,1,0,1,21,11,10,14,9,5,21,11,10,21,11,10,7,2,5,3,0,3,1,0,1,1,0,1,0,0,0,9,9,4,3,1,1,1,0,0,6,3,3,1,4,0,1,1
55406108,2,55406107,,4,2,2,*,*,*,*,*,*,*,*,*,*,*,*,*,*,*,*,*,*,*,*,*,*,*,*,*,*,*,*,*,*,1,1,*,*,*,*,*,*,*,*,*,*,*,*,*,*,*
55406109,0,,,29,14,15,1,1,0,28,13,15,22,12,10,25,11,14,24,10,14,6,1,5,5,1,4,2,1,1,0,0,0,1,0,1,10,10,2,2,3,1,2,0,0,8,5,3,0,5,0,1,0
55406111,1,,55406100,6,4,2,3,2,1,14,9,5,10,6,4,13,8,5,13,8,5,4,3,1,0,0,0,0,0,0,0,0,0,0,0,0,3,3,3,2,1,0,0,0,1,4,3,1,1,3,0,1,1
55406112,0,,,92,48,44,10,5,5,82,43,39,52,30,22,78,40,38,75,37,38,30,13,17,12,3,9,5,1,4,0,0,0,0,0,0,30,30,3,8,7,8,4,0,0,27,18,9,2,19,0,1,6
55406113,2,55406102,,10,4,6,*,*,*,*,*,*,*,*,*,*,*,*,*,*,*,*,*,*,*,*,*,*,*,*,*,*,*,*,*,*,2,2,*,*,*,*,*,*,*,*,*,*,*,*,*,*,*
55406115,0,,,13,6,7,3,1,2,10,5,5,8,4,4,10,5,5,10,5,5,2,1,1,0,0,0,0,0,0,0,0,0,0,0,0,4,4,1,1,0,0,2,0,0,3,2,1,1,1,0,0,0
55406116,0,,,15,6,9,2,2,0,13,4,9,10,4,6,13,4,9,13,4,9,3,0,3,2,0,2,0,0,0,0,0,0,0,0,0,4,4,0,1,0,2,1,0,0,4,1,3,0,3,0,0,0
55406117,1,,55406118,141,69,72,20,14,6,126,58,68,81,38,43,116,52,64,114,51,63,45,20,25,20,10,10,2,0,2,0,0,0,2,2,0,51,51,10,17,10,7,4,4,0,41,35,6,6,28,0,8,8
55406118,2,55406117,,5,3,2,*,*,*,*,*,*,*,*,*,*,*,*,*,*,*,*,*,*,*,*,*,*,*,*,*,*,*,*,*,*,1,1,*,*,*,*,*,*,*,*,*,*,*,*,*,*,*
55406120,0,,,66,36,30,11,4,7,55,32,23,32,21,11,54,32,22,53,31,22,23,11,12,13,7,6,6,3,3,0,0,0,1,0,1,15,15,0,1,5,4,0,3,2,15,7,8,3,13,0,0,1
55406121,1,,55406132;55406133,67,35,32,5,2,3,69,36,33,38,22,16,66,34,32,66,34,32,31,14,17,13,6,7,8,3,5,1,1,0,0,0,0,24,24,7,10,5,3,1,0,2,21,14,7,2,22,0,7,3
55406124,0,,,25,10,15,0,0,0,25,10,15,15,6,9,25,10,15,25,10,15,10,4,6,4,0,4,3,0,3,0,0,0,0,0,0,8,8,2,1,2,1,1,1,0,6,3,3,0,7,0,2,1
55406125,0,,,14,8,6,0,0,0,14,8,6,4,2,2,14,8,6,14,8,6,10,6,4,3,2,1,2,1,1,0,0,0,0,0,0,6,6,2,1,2,1,0,0,0,4,2,2,0,5,0,2,1
55406126,0,,,42,22,20,2,2,0,40,20,20,22,11,11,40,20,20,39,19,20,18,9,9,6,3,3,3,1,2,0,0,0,0,0,0,13,13,3,2,4,1,1,1,1,10,5,5,0,10,0,1,1
55406127,0,,,93,53,40,9,5,4,84,48,36,57,34,23,79,45,34,79,45,34,27,14,13,14,6,8,2,1,1,0,0,0,4,2,2,34,34,8,13,4,1,5,3,0,24,17,7,2,19,1,4,7
55406128,0,,,18,8,10,3,2,1,15,6,9,9,3,6,14,6,8,14,6,8,6,3,3,2,0,2,2,0,2,1,0,1,0,0,0,5,5,0,1,1,2,1,0,0,5,3,2,0,4,0,0,0
55406130,0,,,48,20,28,1,0,1,47,20,27,29,12,17,46,20,26,45,19,26,18,8,10,6,1,5,3,0,3,0,0,0,0,0,0,16,16,4,5,1,3,1,1,1,11,4,7,0,12,0,1,3
55406132,2,55406121,,5,2,3,*,*,*,*,*,*,*,*,*,*,*,*,*,*,*,*,*,*,*,*,*,*,*,*,*,*,*,*,*,*,3,3,*,*,*,*,*,*,*,*,*,*,*,*,*,*,*
55406133,2,55406121,,2,1,1,*,*,*,*,*,*,*,*,*,*,*,*,*,*,*,*,*,*,*,*,*,*,*,*,*,*,*,*,*,*,1,1,*,*,*,*,*,*,*,*,*,*,*,*,*,*,*
55406135,1,,55406136,39,20,19,0,0,0,42,22,20,21,11,10,42,22,20,41,22,19,21,11,10,14,7,7,4,1,3,0,0,0,0,0,0,14,14,2,5,4,2,2,0,0,12,6,6,0,12,0,1,2
55406136,2,55406135,,3,2,1,*,*,*,*,*,*,*,*,*,*,*,*,*,*,*,*,*,*,*,*,*,*,*,*,*,*,*,*,*,*,1,1,*,*,*,*,*,*,*,*,*,*,*,*,*,*,*
55406137,2,55406138,,8,4,4,*,*,*,*,*,*,*,*,*,*,*,*,*,*,*,*,*,*,*,*,*,*,*,*,*,*,*,*,*,*,2,2,*,*,*,*,*,*,*,*,*,*,*,*,*,*,*
55406138,1,,55406137,252,120,132,44,22,22,216,102,114,155,71,84,204,97,107,197,94,103,61,31,30,21,9,12,8,3,5,1,0,1,3,1,2,88,88,14,29,16,22,6,1,2,76,66,10,8,36,0,7,10
55406139,0,,,89,39,50,13,5,8,76,34,42,45,22,23,75,34,41,74,34,40,31,12,19,13,3,10,9,2,7,0,0,0,1,0,1,24,24,0,7,7,4,1,3,2,24,14,10,2,17,0,0,4
55406144,0,,,26,12,14,4,1,3,22,11,11,10,5,5,22,11,11,22,11,11,12,6,6,5,1,4,3,0,3,0,0,0,1,0,1,7,7,1,0,2,2,1,1,0,6,2,4,0,6,0,1,0
55406145,1,,55406154,41,20,21,4,2,2,40,20,20,16,8,8,39,20,19,39,20,19,24,12,12,11,4,7,4,1,3,1,0,1,0,0,0,14,14,1,5,4,4,1,0,0,14,10,4,1,12,0,1,4
55406148,0,,,12,5,7,0,0,0,12,5,7,8,3,5,12,5,7,11,5,6,4,2,2,2,1,1,0,0,0,0,0,0,0,0,0,4,4,0,1,2,1,0,0,0,4,4,0,0,3,0,0,0
55406149,0,,,468,215,253,45,28,17,423,187,236,231,113,118,415,183,232,401,175,226,192,74,118,135,42,93,84,22,62,15,3,12,2,0,2,132,124,15,44,23,22,9,3,8,109,78,31,14,69,0,13,16
55406154,2,55406145,,3,2,1,*,*,*,*,*,*,*,*,*,*,*,*,*,*,*,*,*,*,*,*,*,*,*,*,*,*,*,*,*,*,1,1,*,*,*,*,*,*,*,*,*,*,*,*,*,*,*
55406155,2,55406156,,5,2,3,*,*,*,*,*,*,*,*,*,*,*,*,*,*,*,*,*,*,*,*,*,*,*,*,*,*,*,*,*,*,1,1,*,*,*,*,*,*,*,*,*,*,*,*,*,*,*
55406156,1,,55406155,98,50,48,9,4,5,94,48,46,58,29,29,92,48,44,90,46,44,36,19,17,19,9,10,7,3,4,0,0,0,0,0,0,29,29,3,4,11,3,8,0,1,27,12,15,2,22,0,2,3
55406157,0,,,44,26,18,12,6,6,32,20,12,24,15,9,31,19,12,30,18,12,8,5,3,5,2,3,2,0,2,0,0,0,0,0,0,11,11,1,2,0,3,4,0,1,10,6,4,3,6,0,0,1
55406158,0,,,230,113,117,34,18,16,196,95,101,128,64,64,184,89,95,174,83,91,68,31,37,29,10,19,7,1,6,1,0,1,0,0,0,56,56,2,12,15,5,5,8,9,53,27,26,7,42,0,0,5
55406159,0,,,82,44,38,13,8,5,69,36,33,38,22,16,66,34,32,65,33,32,31,14,17,16,6,10,6,1,5,0,0,0,0,0,0,22,22,5,2,6,1,2,3,3,17,6,11,1,19,0,4,1
55406165,0,,,39,21,18,3,2,1,36,19,17,23,14,9,35,19,16,35,19,16,13,5,8,8,3,5,3,2,1,0,0,0,0,0,0,10,10,1,2,2,1,1,2,1,9,4,5,0,10,0,1,1
55406166,0,,,143,76,67,9,6,3,134,70,64,77,38,39,132,69,63,132,69,63,57,32,25,34,21,13,9,7,2,0,0,0,1,0,1,48,48,10,15,5,7,8,2,1,38,24,14,3,35,0,4,12
55406167,0,,,121,58,63,13,6,7,108,52,56,67,33,34,104,49,55,103,49,54,41,19,22,17,6,11,8,1,7,1,0,1,0,0,0,27,27,1,5,5,2,5,4,5,26,10,16,3,23,0,1,3
55406168,0,,,30,18,12,5,4,1,25,14,11,11,6,5,24,13,11,24,13,11,14,8,6,4,3,1,2,1,1,0,0,0,0,0,0,9,9,2,2,0,3,1,0,1,7,6,1,0,7,0,2,2
55406169,0,,,16,6,10,1,1,0,15,5,10,10,3,7,12,5,7,12,5,7,5,2,3,1,1,0,0,0,0,0,0,0,0,0,0,4,4,0,0,1,2,1,0,0,4,1,3,0,3,0,0,0
55406174,0,,,32,20,12,4,4,0,28,16,12,18,10,8,28,16,12,28,16,12,10,6,4,5,2,3,3,1,2,1,0,1,0,0,0,12,12,3,5,0,3,0,0,1,9,6,3,0,8,0,2,2
55406175,0,,,27,15,12,0,0,0,27,15,12,12,7,5,27,15,12,27,15,12,15,8,7,8,4,4,2,1,1,1,0,1,0,0,0,10,10,2,4,1,1,2,0,0,8,4,4,0,9,0,1,1
55406179,0,,,93,45,48,2,2,0,91,43,48,48,25,23,88,41,47,87,41,46,43,18,25,23,7,16,9,3,6,0,0,0,0,0,0,30,30,4,7,8,6,3,2,0,26,14,12,1,27,0,3,2
55406181,2,55406182,,10,6,4,*,*,*,*,*,*,*,*,*,*,*,*,*,*,*,*,*,*,*,*,*,*,*,*,*,*,*,*,*,*,2,2,*,*,*,*,*,*,*,*,*,*,*,*,*,*,*
55406182,1,,55406181,69,38,31,1,0,1,78,44,34,44,25,19,73,42,31,70,39,31,34,19,15,15,6,9,7,2,5,0,0,0,0,0,0,20,20,5,1,6,2,4,2,2,17,5,12,0,21,0,5,1
55406183,0,,,30,16,14,0,0,0,30,16,14,21,13,8,29,15,14,29,15,14,9,3,6,5,0,5,3,0,3,1,0,1,0,0,0,9,9,3,1,1,1,1,1,1,5,0,5,0,8,1,2,0
55406184,0,,,83,38,45,7,3,4,76,35,41,49,25,24,73,34,39,73,34,39,27,10,17,15,4,11,11,2,9,2,0,2,0,0,0,22,22,3,6,1,4,2,3,3,19,8,11,2,16,0,2,1
55406188,0,,,16,5,11,1,0,1,15,5,10,6,2,4,14,5,9,14,5,9,9,3,6,6,2,4,2,0,2,1,0,1,0,0,0,5,5,0,3,0,1,0,1,0,5,3,2,0,5,0,0,2
55406189,0,,,321,161,160,44,21,23,277,140,137,191,101,90,254,125,129,248,120,128,86,39,47,44,16,28,25,10,15,1,0,1,2,0,2,88,88,8,17,19,23,8,5,8,80,46,34,12,52,2,3,5
55406195,0,,,26,14,12,0,0,0,26,14,12,10,8,2,26,14,12,26,14,12,16,6,10,10,3,7,4,0,4,0,0,0,0,0,0,9,9,0,5,0,4,0,0,0,9,7,2,0,9,0,0,2
55406198,0,,,135,67,68,11,4,7,124,63,61,67,36,31,116,59,57,114,58,56,57,27,30,24,12,12,7,3,4,1,0,1,0,0,0,34,34,1,10,8,4,3,3,5,33,17,16,4,29,0,0,6
55406199,0,,,50,24,26,7,3,4,43,21,22,26,13,13,43,21,22,41,20,21,17,8,9,4,1,3,2,0,2,0,0,0,0,0,0,11,11,0,2,2,1,2,2,2,11,6,5,3,8,0,0,0
55406201,0,,,133,73,60,14,13,1,119,60,59,61,31,30,118,59,59,118,59,59,58,29,29,26,11,15,13,7,6,1,0,1,0,0,0,40,40,7,6,10,7,6,2,2,33,15,18,3,36,0,6,4
55406202,0,,,300,149,151,40,18,22,260,131,129,171,88,83,255,128,127,249,125,124,89,43,46,44,20,24,17,4,13,1,1,0,0,0,0,92,92,14,18,24,18,7,7,4,78,44,34,9,56,0,8,7
55406203,0,,,54,27,27,8,5,3,46,22,24,45,21,24,46,22,24,46,22,24,1,1,0,0,0,0,0,0,0,0,0,0,14,5,9,32,32,19,7,4,1,1,0,0,11,9,2,2,1,10,0,0
55406204,0,,,45,26,19,2,1,1,43,25,18,20,11,9,43,25,18,42,24,18,23,14,9,8,4,4,5,1,4,0,0,0,2,1,1,18,18,6,3,7,0,1,0,1,12,8,4,0,14,2,3,1
55406205,0,,,201,94,107,28,15,13,173,79,94,107,55,52,168,75,93,166,75,91,66,24,42,34,11,23,11,2,9,0,0,0,2,0,2,52,52,5,7,9,14,9,3,5,46,18,28,6,36,0,4,2
55406206,2,55406215,,13,3,10,*,*,*,*,*,*,*,*,*,*,*,*,*,*,*,*,*,*,*,*,*,*,*,*,*,*,*,*,*,*,3,3,*,*,*,*,*,*,*,*,*,*,*,*,*,*,*
55406207,0,,,170,83,87,21,9,12,149,74,75,92,46,46,149,74,75,149,74,75,57,28,29,30,11,19,13,4,9,1,0,1,1,1,0,48,48,4,14,10,8,2,6,4,43,21,22,7,37,0,2,5
55406208,0,,,342,170,172,40,19,21,302,151,151,180,96,84,293,149,144,289,147,142,122,55,67,60,24,36,27,8,19,5,2,3,1,1,0,111,111,24,33,12,17,10,10,5,86,50,36,11,81,0,15,13
55406209,0,,,97,51,46,5,3,2,92,48,44,42,26,16,91,47,44,91,47,44,50,22,28,23,8,15,12,3,9,0,0,0,0,0,0,28,28,1,8,6,8,3,1,1,27,10,17,3,25,0,0,3
55406211,0,,,62,20,42,1,1,0,61,19,42,7,5,2,60,18,42,60,18,42,54,14,40,47,9,38,32,5,27,6,1,5,0,0,0,5,4,0,2,1,0,0,0,1,4,3,1,0,4,0,0,0
55406212,0,,,71,36,35,5,2,3,66,34,32,46,25,21,65,34,31,63,33,30,20,9,11,9,3,6,6,1,5,0,0,0,2,2,0,22,22,5,5,4,2,2,2,2,17,7,10,2,15,2,2,2
55406213,0,,,264,128,136,44,22,22,220,106,114,147,75,72,203,96,107,197,94,103,73,31,42,35,11,24,9,2,7,0,0,0,4,0,4,65,65,9,8,13,7,9,10,9,55,17,38,8,46,1,5,3
55406214,0,,,118,60,58,16,7,9,102,53,49,68,36,32,101,52,49,98,51,47,34,17,17,13,4,9,5,1,4,0,0,0,2,0,2,36,36,8,5,8,7,4,1,3,28,17,11,6,25,0,5,2
55406215,1,,55406206,99,49,50,16,7,9,96,45,51,61,31,30,95,44,51,92,43,49,35,14,21,18,8,10,4,0,4,0,0,0,1,0,1,29,29,4,5,5,12,3,1,2,28,15,13,3,23,0,2,2
55406216,0,,,116,60,56,20,14,6,96,46,50,64,34,30,94,45,49,92,44,48,32,12,20,19,9,10,6,2,4,0,0,0,0,0,0,31,31,4,5,10,0,4,6,2,27,11,16,6,22,1,3,3
55406217,0,,,248,125,123,33,13,20,215,112,103,136,74,62,203,106,97,196,101,95,79,38,41,39,16,23,9,2,7,2,0,2,0,0,0,70,70,13,10,11,15,11,4,6,57,30,27,6,48,0,7,6
55406218,0,,,275,134,141,30,11,19,245,123,122,153,82,71,240,121,119,233,117,116,92,41,51,44,17,27,20,7,13,2,1,1,0,0,0,71,71,3,17,10,17,7,14,3,68,31,37,11,55,0,2,7
55406221,0,,,11,5,6,0,0,0,11,5,6,5,3,2,11,5,6,11,5,6,6,2,4,3,1,2,2,1,1,0,0,0,0,0,0,5,5,1,3,0,1,0,0,0,4,2,2,0,4,0,1,1
55406222,0,,,24,13,11,5,3,2,19,10,9,13,6,7,18,10,8,18,10,8,6,4,2,4,2,2,1,1,0,0,0,0,0,0,0,5,5,1,0,1,0,1,0,2,4,1,3,0,4,0,0,0
55406223,0,,,101,52,49,13,9,4,88,43,45,55,27,28,83,42,41,81,40,41,33,16,17,9,3,6,5,1,4,1,0,1,0,0,0,29,29,5,4,6,7,1,5,1,24,9,15,4,23,0,5,1
55406224,0,,,157,76,81,15,6,9,142,70,72,87,43,44,141,70,71,139,69,70,55,27,28,28,10,18,9,1,8,1,0,1,0,0,0,44,44,1,11,14,6,7,3,2,43,20,23,3,38,0,1,6
55406225,0,,,74,36,38,7,5,2,67,31,36,44,21,23,65,30,35,61,28,33,23,10,13,12,3,9,6,1,5,0,0,0,1,0,1,26,26,4,10,5,3,3,0,1,22,18,4,1,16,0,4,4
55406226,0,,,362,177,185,41,18,23,321,159,162,202,106,96,314,153,161,307,150,157,119,53,66,52,26,26,10,4,6,1,1,0,1,1,0,124,124,18,44,24,19,10,6,3,106,79,27,10,74,1,12,20
55406227,0,,,612,289,323,64,32,32,547,257,290,342,176,166,532,248,284,521,244,277,205,81,124,117,42,75,59,14,45,13,1,12,0,0,0,166,161,30,51,27,33,10,8,2,129,94,35,22,81,1,12,27
55406228,0,,,34,18,16,1,1,0,33,17,16,18,10,8,32,17,15,31,16,15,15,7,8,10,5,5,6,3,3,0,0,0,0,0,0,14,14,5,2,3,4,0,0,0,9,5,4,0,12,0,5,0
55406229,0,,,131,64,67,12,2,10,119,62,57,76,41,35,113,60,53,110,59,51,43,21,22,23,8,15,8,0,8,0,0,0,0,0,0,33,33,2,4,11,4,5,5,2,31,12,19,2,26,0,2,1
55406231,0,,,36,19,17,0,0,0,36,19,17,16,10,6,36,19,17,36,19,17,20,9,11,11,6,5,2,1,1,0,0,0,0,0,0,12,12,2,3,3,2,1,1,0,10,6,4,0,12,0,2,2
55406232,0,,,175,89,86,25,13,12,150,76,74,108,57,51,143,72,71,134,65,69,42,19,23,24,12,12,11,4,7,1,0,1,0,0,0,45,45,5,7,7,10,8,3,5,39,22,17,4,25,0,2,2
55406233,0,,,71,36,35,11,6,5,60,30,30,35,20,15,59,29,30,54,28,26,25,10,15,11,5,6,3,1,2,1,0,1,0,0,0,19,19,4,3,3,2,3,1,3,14,6,8,2,17,0,3,2
55406234,0,,,153,82,71,23,16,7,130,66,64,96,49,47,125,64,61,121,63,58,34,17,17,12,5,7,3,1,2,0,0,0,0,0,0,40,40,3,6,12,6,5,4,4,37,21,16,5,21,0,2,1
55406235,0,,,1017,537,480,107,55,52,910,482,428,611,345,266,876,467,409,855,452,403,299,137,162,142,62,80,43,15,28,2,0,2,22,16,6,423,421,150,118,62,49,28,6,8,265,209,56,28,198,31,45,50
55406236,0,,,2056,1044,1012,314,163,151,1742,881,861,1258,670,588,1663,833,830,1630,815,815,484,211,273,241,95,146,81,18,63,6,0,6,24,12,12,777,772,202,215,168,113,48,16,10,558,462,96,99,299,34,54,81
55406237,0,,,246,133,113,29,16,13,217,117,100,182,102,80,213,116,97,165,83,82,35,15,20,16,7,9,1,1,0,0,0,0,0,0,0,67,65,16,18,9,14,3,5,0,49,39,10,12,24,1,6,6
55406238,0,,,85,46,39,14,8,6,71,38,33,45,23,22,69,37,32,69,37,32,26,15,11,11,5,6,5,1,4,1,0,1,0,0,0,23,23,3,3,6,3,5,1,2,20,8,12,4,15,0,1,3
55406239,0,,,264,130,134,36,19,17,228,111,117,151,75,76,217,105,112,213,104,109,77,36,41,39,15,24,12,4,8,1,0,1,2,0,2,85,85,18,21,16,10,11,3,6,67,44,23,8,49,0,11,11
55406240,0,,,192,95,97,29,16,13,163,79,84,94,49,45,154,75,79,150,72,78,69,30,39,28,10,18,18,5,13,0,0,0,1,0,1,49,49,5,10,7,10,7,4,6,44,19,25,4,39,0,3,6
55406241,0,,,169,89,80,11,5,6,158,84,74,97,54,43,155,82,73,151,80,71,61,30,31,23,9,14,11,3,8,0,0,0,0,0,0,53,53,14,7,11,9,4,4,4,39,20,19,5,39,2,5,3
55406242,0,,,237,113,124,34,16,18,203,97,106,137,68,69,189,92,97,186,90,96,66,29,37,40,17,23,9,3,6,0,0,0,3,1,2,74,74,18,16,12,9,11,1,7,56,37,19,8,45,0,12,9
55406243,0,,,102,51,51,8,5,3,94,46,48,57,31,26,88,45,43,87,44,43,37,15,22,19,9,10,6,2,4,1,0,1,0,0,0,28,28,5,3,6,5,4,3,2,23,9,14,3,23,0,3,2
55406244,0,,,246,119,127,8,4,4,238,115,123,96,54,42,236,114,122,236,114,122,142,61,81,82,25,57,39,7,32,5,0,5,1,0,1,45,43,9,13,11,6,0,1,3,34,23,11,4,30,0,6,6
55406245,0,,,1197,623,574,121,65,56,1076,558,518,718,397,321,1041,536,505,1020,523,497,358,161,197,172,69,103,39,12,27,2,0,2,25,20,5,550,549,235,154,64,51,31,6,8,304,248,56,39,259,49,90,57
55406246,0,,,2731,1348,1383,327,159,168,2402,1189,1213,1546,816,730,2334,1152,1182,2288,1125,1163,856,373,483,425,168,257,133,37,96,12,4,8,47,23,24,1153,1146,411,316,188,136,57,23,15,726,579,147,90,587,55,179,127
55406247,0,,,1019,527,492,182,103,79,837,424,413,611,316,295,806,405,401,784,395,389,226,108,118,80,36,44,22,9,13,0,0,0,7,3,4,369,368,78,99,87,63,24,15,2,286,241,45,49,151,16,25,41
55406248,0,,,142,70,72,15,7,8,127,63,64,80,43,37,123,62,61,120,60,60,47,20,27,21,6,15,8,0,8,3,0,3,1,0,1,47,47,10,12,10,6,2,6,1,37,28,9,3,30,0,8,6
55406249,0,,,12,5,7,2,1,1,10,4,6,6,3,3,10,4,6,10,4,6,4,1,3,2,1,1,1,0,1,0,0,0,0,0,0,5,5,2,2,0,0,0,1,0,3,2,1,0,2,0,0,1
55406250,0,,,147,77,70,10,7,3,137,70,67,82,41,41,137,70,67,135,69,66,55,29,26,29,14,15,12,4,8,0,0,0,9,2,7,42,42,1,15,9,7,6,1,3,40,23,17,3,33,0,0,5
55406251,0,,,75,40,35,6,3,3,69,37,32,35,20,15,67,36,31,66,35,31,34,17,17,19,7,12,10,3,7,0,0,0,1,0,1,21,21,3,4,3,8,0,1,2,18,8,10,1,19,0,3,3
55406252,0,,,140,75,65,19,8,11,121,67,54,87,47,40,115,64,51,114,63,51,34,20,14,13,6,7,5,2,3,1,1,0,1,0,1,48,48,8,15,11,8,2,2,2,40,30,10,6,24,0,6,5
55406253,2,55406263,,4,2,2,*,*,*,*,*,*,*,*,*,*,*,*,*,*,*,*,*,*,*,*,*,*,*,*,*,*,*,*,*,*,2,2,*,*,*,*,*,*,*,*,*,*,*,*,*,*,*
55406254,0,,,53,28,25,6,3,3,47,25,22,27,17,10,46,24,22,46,24,22,20,8,12,8,3,5,4,2,2,0,0,0,0,0,0,19,19,5,5,4,2,0,3,0,14,8,6,1,14,0,3,1
55406255,0,,,353,173,180,21,13,8,332,160,172,142,89,53,332,160,172,327,158,169,190,71,119,129,39,90,70,15,55,11,0,11,3,2,1,69,65,33,10,14,1,4,2,1,32,24,8,5,19,6,5,1
55406256,0,,,1785,832,953,236,105,131,1549,727,822,990,494,496,1492,705,787,1452,687,765,559,233,326,280,98,182,103,30,73,8,1,7,17,8,9,668,663,188,170,156,95,32,15,7,470,378,92,76,332,27,84,67
55406257,0,,,232,108,124,28,15,13,204,93,111,153,69,84,195,89,106,187,88,99,51,24,27,22,12,10,7,5,2,1,1,0,1,0,1,71,71,6,15,20,21,5,1,3,65,49,16,5,31,0,4,5
55406258,0,,,25,13,12,3,2,1,22,11,11,11,6,5,22,11,11,22,11,11,11,5,6,6,3,3,1,0,1,0,0,0,0,0,0,10,10,1,5,3,0,1,0,0,9,8,1,1,6,0,1,2
55406259,0,,,102,50,52,8,5,3,94,45,49,51,26,25,90,43,47,90,43,47,43,19,24,18,6,12,6,0,6,2,0,2,0,0,0,29,29,6,6,3,5,3,3,3,23,10,13,1,22,0,3,3
55406260,0,,,76,37,39,11,3,8,65,34,31,36,18,18,65,34,31,65,34,31,29,16,13,10,4,6,8,4,4,1,0,1,0,0,0,18,18,1,5,2,3,3,0,4,17,7,10,4,15,0,0,3
55406261,0,,,23,15,8,5,4,1,18,11,7,16,10,6,17,10,7,17,10,7,2,1,1,1,0,1,1,0,1,0,0,0,0,0,0,5,5,0,1,1,1,1,0,1,5,3,2,1,1,0,0,0
55406262,0,,,41,15,26,5,2,3,36,13,23,21,7,14,36,13,23,35,13,22,15,6,9,8,2,6,0,0,0,0,0,0,0,0,0,12,12,0,5,1,3,2,1,0,12,7,5,3,10,0,0,2
55406263,1,,55406253;55406264,172,93,79,21,12,9,162,87,75,96,59,37,157,83,74,152,80,72,66,28,38,29,11,18,18,5,13,1,0,1,2,0,2,42,42,2,11,12,10,1,3,8,45,20,25,5,39,0,1,4
55406264,2,55406263,,7,4,3,*,*,*,*,*,*,*,*,*,*,*,*,*,*,*,*,*,*,*,*,*,*,*,*,*,*,*,*,*,*,3,3,*,*,*,*,*,*,*,*,*,*,*,*,*,*,*
55406265,0,,,242,129,113,28,15,13,214,114,100,125,69,56,207,112,95,205,110,95,89,45,44,35,16,19,11,5,6,2,1,1,0,0,0,96,96,27,31,18,12,3,2,3,69,59,10,6,63,0,18,15
55406266,0,,,121,62,59,7,3,4,114,59,55,69,38,31,109,55,54,106,53,53,45,21,24,19,8,11,7,2,5,1,0,1,0,0,0,46,46,12,11,12,5,5,1,0,33,23,10,3,29,0,5,8
55406267,0,,,48,24,24,5,3,2,43,21,22,20,11,9,41,20,21,41,20,21,23,10,13,9,3,6,5,1,4,1,0,1,0,0,0,16,16,0,7,5,2,1,1,0,16,10,6,1,14,0,0,3
55406268,0,,,64,35,29,3,3,0,61,32,29,28,17,11,59,30,29,59,30,29,33,15,18,15,7,8,9,4,5,1,0,1,1,1,0,21,21,4,5,4,4,2,2,0,17,9,8,0,17,0,2,3
55406269,0,,,47,25,22,9,4,5,38,21,17,30,16,14,37,20,17,37,20,17,8,5,3,4,3,1,1,1,0,0,0,0,0,0,0,11,11,1,4,0,1,2,1,2,10,5,5,2,6,0,1,0
55406270,0,,,96,45,51,15,10,5,81,35,46,49,21,28,80,34,46,78,33,45,32,14,18,12,2,10,8,1,7,0,0,0,0,0,0,23,23,2,5,4,3,1,3,5,21,7,14,5,20,0,1,3
55406271,0,,,51,27,24,2,1,1,49,26,23,33,18,15,48,25,23,47,25,22,16,8,8,5,2,3,1,0,1,0,0,0,0,0,0,13,13,4,1,0,2,1,3,2,9,4,5,1,9,0,2,0
55406272,0,,,16,10,6,1,1,0,15,9,6,9,6,3,15,9,6,14,8,6,6,3,3,3,2,1,1,0,1,0,0,0,0,0,0,5,5,2,0,1,0,1,1,0,3,0,3,0,4,0,1,0
55406274,0,,,143,72,71,6,1,5,137,71,66,68,41,27,136,70,66,134,69,65,69,30,39,26,10,16,12,4,8,1,0,1,1,0,1,51,51,6,18,15,7,3,1,1,44,27,17,1,39,0,1,13
55406275,0,,,91,48,43,5,2,3,86,46,40,55,32,23,83,45,38,82,44,38,31,14,17,18,6,12,5,2,3,0,0,0,0,0,0,34,34,9,7,10,5,1,1,1,25,16,9,1,24,0,6,3
55406276,0,,,390,198,192,54,30,24,336,168,168,212,111,101,327,164,163,322,160,162,124,57,67,69,27,42,23,7,16,1,0,1,1,0,1,116,116,15,27,34,10,12,12,6,101,52,49,14,80,1,8,13
55406277,0,,,37,21,16,7,5,2,30,16,14,19,10,9,29,16,13,29,16,13,11,6,5,4,1,3,0,0,0,0,0,0,0,0,0,10,10,3,3,1,0,0,0,3,7,4,3,1,8,0,2,2
55406278,0,,,65,35,30,9,6,3,56,29,27,39,22,17,55,29,26,55,29,26,17,7,10,8,2,6,7,2,5,0,0,0,0,0,0,17,17,1,3,4,3,3,2,1,16,8,8,3,13,0,1,1
55406279,0,,,225,108,117,13,6,7,212,102,110,136,67,69,210,101,109,203,97,106,76,35,41,37,14,23,15,4,11,1,0,1,1,0,1,66,66,7,17,16,10,8,4,4,59,36,23,3,47,0,4,10
55406280,0,,,31,18,13,5,4,1,26,14,12,20,11,9,26,14,12,26,14,12,6,3,3,2,1,1,0,0,0,0,0,0,0,0,0,8,8,0,1,4,0,2,0,1,8,5,3,3,4,0,0,0
55406281,0,,,49,22,27,8,2,6,41,20,21,22,10,12,39,19,20,38,18,20,19,10,9,9,5,4,5,2,3,0,0,0,0,0,0,10,10,0,2,2,2,0,0,4,10,4,6,1,9,0,0,1
55406282,0,,,269,147,122,41,23,18,228,124,104,160,93,67,224,123,101,214,116,98,68,31,37,40,17,23,14,5,9,2,2,0,11,11,0,101,101,48,12,13,8,9,6,5,53,27,26,11,44,17,9,5
55406283,0,,,65,33,32,1,1,0,64,32,32,45,26,19,63,31,32,61,29,32,19,6,13,15,4,11,9,1,8,2,0,2,2,0,2,23,23,5,6,5,4,1,2,0,18,9,9,1,15,1,3,0
55406284,0,,,180,88,92,12,8,4,168,80,88,101,50,51,156,71,85,153,70,83,67,30,37,24,9,15,10,2,8,1,0,1,1,0,1,47,47,3,12,10,5,5,9,3,44,20,24,2,39,0,2,4
55406285,0,,,47,23,24,4,2,2,43,21,22,25,13,12,42,21,21,41,21,20,18,8,10,6,2,4,1,0,1,0,0,0,0,0,0,13,13,0,2,5,3,2,1,0,13,7,6,1,10,0,0,2
55406286,0,,,119,58,61,9,6,3,110,52,58,75,40,35,108,51,57,106,49,57,35,12,23,23,7,16,3,0,3,0,0,0,0,0,0,37,37,5,11,9,6,1,2,3,32,19,13,3,24,0,3,4
55406287,0,,,278,134,144,41,18,23,237,116,121,138,71,67,226,111,115,223,109,114,99,45,54,45,21,24,7,1,6,0,0,0,0,0,0,97,97,17,35,13,16,11,3,2,80,63,17,12,63,0,13,21
55406288,0,,,173,90,83,17,10,7,156,80,76,85,45,40,152,77,75,149,75,74,71,35,36,29,13,16,14,6,8,2,0,2,2,0,2,53,53,6,17,13,5,5,3,4,45,29,16,2,38,0,4,10
55406289,0,,,148,73,75,6,2,4,142,71,71,79,41,38,136,66,70,132,64,68,63,30,33,28,13,15,8,3,5,0,0,0,1,0,1,51,51,7,19,11,6,3,4,1,44,30,14,0,38,0,5,7
55406291,0,,,104,51,53,9,4,5,95,47,48,57,27,30,93,47,46,91,47,44,38,20,18,9,3,6,5,1,4,0,0,0,0,0,0,34,34,7,8,9,5,0,2,3,27,16,11,0,27,0,5,4
55406292,0,,,350,140,210,40,17,23,310,123,187,153,72,81,301,121,180,300,120,180,157,51,106,116,27,89,82,17,65,22,2,20,0,0,0,89,87,18,23,22,10,5,6,3,69,48,21,10,37,6,4,8
55406293,0,,,879,456,423,104,53,51,775,403,372,536,296,240,757,393,364,740,382,358,239,107,132,92,34,58,27,10,17,0,0,0,16,15,1,333,333,76,99,78,44,23,11,2,256,204,52,27,160,14,27,46
55406294,0,,,160,84,76,24,15,9,136,69,67,83,42,41,133,69,64,131,68,63,53,27,26,29,13,16,10,5,5,1,0,1,0,0,0,39,39,3,8,7,8,2,5,6,36,18,18,4,28,0,2,3
55406296,0,,,741,383,358,123,66,57,618,317,301,494,260,234,591,304,287,574,294,280,124,57,67,57,25,32,14,4,10,1,0,1,2,1,1,284,284,78,69,60,52,18,4,3,201,177,24,26,84,15,17,22
55406297,0,,,2632,1296,1336,427,230,197,2204,1066,1138,1566,781,785,2132,1035,1097,2093,1017,1076,638,285,353,295,123,172,100,30,70,7,1,6,13,1,12,967,967,236,247,205,167,68,31,13,727,584,143,136,426,36,92,87
55406298,0,,,234,112,122,34,21,13,200,91,109,141,62,79,191,87,104,184,83,101,59,29,30,32,13,19,13,7,6,1,1,0,4,2,2,87,87,15,31,19,12,8,2,0,72,60,12,7,37,0,3,12
55406299,0,,,46,25,21,4,2,2,42,23,19,25,16,9,42,23,19,42,23,19,17,7,10,5,1,4,4,0,4,1,0,1,0,0,0,15,15,4,2,5,0,1,3,0,11,5,6,2,9,0,2,1
55406300,0,,,105,52,53,18,8,10,87,44,43,60,29,31,85,43,42,84,43,41,27,15,12,15,5,10,7,2,5,0,0,0,0,0,0,25,25,4,4,3,3,3,2,6,21,10,11,5,21,0,3,2
55406301,0,,,88,45,43,12,8,4,76,37,39,43,23,20,72,34,38,71,33,38,33,14,19,17,7,10,6,2,4,0,0,0,0,0,0,26,26,4,5,8,2,5,0,2,22,10,12,2,20,0,2,4
55406302,0,,,215,107,108,22,12,10,193,95,98,120,63,57,184,90,94,180,88,92,73,32,41,38,13,25,18,4,14,1,0,1,1,1,0,57,57,6,10,13,12,6,5,5,50,24,26,3,47,0,4,5
55406303,0,,,252,114,138,23,9,14,229,105,124,137,66,71,223,100,123,218,96,122,92,39,53,51,19,32,19,6,13,2,1,1,0,0,0,80,80,12,20,20,14,5,6,3,68,42,26,4,60,0,9,10
55406304,0,,,347,173,174,50,26,24,297,147,150,175,89,86,284,143,141,277,139,138,122,58,64,48,22,26,12,3,9,0,0,0,4,4,0,116,116,22,33,24,19,3,10,5,93,61,32,10,73,2,9,15
55406305,0,,,320,176,144,36,22,14,284,154,130,184,105,79,277,149,128,272,146,126,100,49,51,33,12,21,14,4,10,0,0,0,10,10,0,133,133,42,41,21,17,9,1,2,90,72,18,6,68,12,15,20
55406306,0,,,31,15,16,1,0,1,30,15,15,13,7,6,30,15,15,29,15,14,17,8,9,11,4,7,3,1,2,0,0,0,0,0,0,13,13,5,2,3,2,1,0,0,8,5,3,0,11,0,4,1
55406307,0,,,210,103,107,13,5,8,194,95,99,94,48,46,188,92,96,185,92,93,100,47,53,48,20,28,24,7,17,1,0,1,1,0,1,82,79,18,26,17,8,6,4,0,61,42,19,3,64,0,11,13
55406308,0,,,70,39,31,5,2,3,63,35,28,34,17,17,62,35,27,62,35,27,29,18,11,19,11,8,6,5,1,0,0,0,0,0,0,28,26,9,2,9,4,1,0,1,17,10,7,2,22,0,8,0
55406309,0,,,13,6,7,0,0,0,13,6,7,5,3,2,13,6,7,13,6,7,8,3,5,5,2,3,2,1,1,0,0,0,0,0,0,4,4,0,1,2,0,1,0,0,4,2,2,0,4,0,0,1
55406310,2,55406311,,10,6,4,*,*,*,*,*,*,*,*,*,*,*,*,*,*,*,*,*,*,*,*,*,*,*,*,*,*,*,*,*,*,3,3,*,*,*,*,*,*,*,*,*,*,*,*,*,*,*
55406311,1,,55406310,51,27,24,4,3,1,57,30,27,37,19,18,55,29,26,55,29,26,20,11,9,12,5,7,5,2,3,0,0,0,0,0,0,12,12,1,2,4,3,2,1,2,14,4,10,2,13,0,1,1
55406312,0,,,114,51,63,14,6,8,100,45,55,55,27,28,100,45,55,99,45,54,45,18,27,28,9,19,10,2,8,0,0,0,0,0,0,34,34,2,11,9,5,2,3,2,32,17,15,3,28,0,2,6
55406313,0,,,482,243,239,61,32,29,416,209,207,264,133,131,395,195,200,387,192,195,152,76,76,67,32,35,28,14,14,3,1,2,0,0,0,168,168,31,53,36,24,11,8,5,134,99,35,12,98,2,15,20
55406314,0,,,128,67,61,10,8,2,118,59,59,61,33,28,115,57,58,115,57,58,57,26,31,29,12,17,11,5,6,2,0,2,1,0,1,52,52,18,15,7,7,2,1,2,34,21,13,1,35,4,7,7
55406315,1,,55406316,151,65,86,20,10,10,138,57,81,80,33,47,132,55,77,127,54,73,58,24,34,32,11,21,12,3,9,1,0,1,9,0,9,52,52,12,18,7,7,4,2,4,42,28,14,3,36,1,4,6
55406316,2,55406315,,7,2,5,*,*,*,*,*,*,*,*,*,*,*,*,*,*,*,*,*,*,*,*,*,*,*,*,*,*,*,*,*,*,2,2,*,*,*,*,*,*,*,*,*,*,*,*,*,*,*
55406317,0,,,119,50,69,5,2,3,107,44,63,76,30,46,103,41,62,90,33,57,31,14,17,13,5,8,3,1,2,0,0,0,8,0,8,79,79,59,11,4,2,1,1,1,20,16,4,1,17,23,3,8
55406318,1,,55406329,56,30,26,5,1,4,55,30,25,27,15,12,55,30,25,55,30,25,28,15,13,15,7,8,6,3,3,0,0,0,1,0,1,19,19,3,7,3,3,2,2,0,17,10,7,1,17,0,1,3
55406319,0,,,22,14,8,1,1,0,21,13,8,12,8,4,21,13,8,21,13,8,9,5,4,7,4,3,3,3,0,0,0,0,0,0,0,5,5,1,0,1,0,1,1,1,4,1,3,0,5,0,1,0
55406320,0,,,85,45,40,11,6,5,74,39,35,43,22,21,74,39,35,73,38,35,31,17,14,18,9,9,5,1,4,0,0,0,0,0,0,30,30,7,8,8,3,2,0,2,23,13,10,2,21,0,4,3
55406321,0,,,83,43,40,17,8,9,66,35,31,35,21,14,65,34,31,63,32,31,31,14,17,14,5,9,8,3,5,0,0,0,2,2,0,20,20,3,5,1,2,3,1,5,17,5,12,4,17,2,1,3
55406322,0,,,53,24,29,5,3,2,48,21,27,29,12,17,44,20,24,44,20,24,19,9,10,9,3,6,3,0,3,0,0,0,1,0,1,16,16,4,4,2,1,2,2,1,12,5,7,2,13,0,3,2
55406323,0,,,221,114,107,25,16,9,196,98,98,135,69,66,191,96,95,186,94,92,61,29,32,31,13,18,12,3,9,2,0,2,0,0,0,70,70,4,23,21,12,4,4,2,65,50,15,5,38,0,1,9
55406324,0,,,39,18,21,4,1,3,35,17,18,21,10,11,35,17,18,35,17,18,14,7,7,8,3,5,2,0,2,0,0,0,0,0,0,12,12,1,5,1,1,3,1,0,11,6,5,1,9,0,0,2
55406325,0,,,153,76,77,16,8,8,137,68,69,70,38,32,134,66,68,129,65,64,67,30,37,30,13,17,12,6,6,0,0,0,1,0,1,47,47,5,16,8,9,5,2,2,42,25,17,2,36,0,4,10
55406326,0,,,38,24,14,5,4,1,33,20,13,18,13,5,32,19,13,31,18,13,15,7,8,6,3,3,4,1,3,0,0,0,0,0,0,10,10,1,3,2,0,1,1,2,9,5,4,2,8,0,0,3
55406327,0,,,83,41,42,3,2,1,80,39,41,36,19,17,79,38,41,78,38,40,44,20,24,21,8,13,7,2,5,0,0,0,1,0,1,32,32,7,12,6,4,0,3,0,25,15,10,1,28,0,4,10
55406328,0,,,28,15,13,2,1,1,26,14,12,18,9,9,26,14,12,26,14,12,8,5,3,5,2,3,4,2,2,1,0,1,0,0,0,8,8,0,1,5,0,1,1,0,8,3,5,1,6,0,0,0
55406329,2,55406318,,4,1,3,*,*,*,*,*,*,*,*,*,*,*,*,*,*,*,*,*,*,*,*,*,*,*,*,*,*,*,*,*,*,1,1,*,*,*,*,*,*,*,*,*,*,*,*,*,*,*
55406330,0,,,219,103,116,31,14,17,188,89,99,111,54,57,183,85,98,183,85,98,77,35,42,44,20,24,12,5,7,0,0,0,1,0,1,64,64,6,17,14,12,7,4,4,58,36,22,8,46,0,5,8
55406331,0,,,115,62,53,7,3,4,108,59,49,60,36,24,103,54,49,102,53,49,48,23,25,24,10,14,5,2,3,1,0,1,0,0,0,38,38,8,9,6,8,4,2,1,30,15,15,2,32,0,7,6
55406332,0,,,448,232,216,61,32,29,387,200,187,252,135,117,374,192,182,369,188,181,135,65,70,57,26,31,22,6,16,0,0,0,0,0,0,128,128,11,31,25,30,14,11,6,116,72,44,13,85,0,7,14
55406333,0,,,293,143,150,24,12,12,269,131,138,158,82,76,257,124,133,250,119,131,111,49,62,50,19,31,19,6,13,2,0,2,0,0,0,90,90,8,24,22,18,11,5,2,82,46,36,6,66,0,5,10
55406334,0,,,54,28,26,8,4,4,46,24,22,28,16,12,45,23,22,43,21,22,18,8,10,5,1,4,3,0,3,1,0,1,1,0,1,13,13,2,1,3,3,1,0,3,11,6,5,2,10,0,2,1
55406335,0,,,37,16,21,3,0,3,34,16,18,21,11,10,34,16,18,34,16,18,13,5,8,6,2,4,1,0,1,0,0,0,0,0,0,11,11,1,2,4,2,1,0,1,10,7,3,0,8,0,1,2
55406336,0,,,121,61,60,9,6,3,112,55,57,58,27,31,111,55,56,109,55,54,54,28,26,30,12,18,14,6,8,1,0,1,1,1,0,34,34,2,8,9,8,0,5,2,32,15,17,3,32,0,2,3
55406337,0,,,72,36,36,3,1,2,69,35,34,32,19,13,68,34,34,66,33,33,37,16,21,16,6,10,5,1,4,0,0,0,0,0,0,25,25,1,10,7,5,2,0,0,24,13,11,1,21,0,1,6
55406338,0,,,44,24,20,3,2,1,41,22,19,25,17,8,38,21,17,38,21,17,16,5,11,9,2,7,5,2,3,0,0,0,0,0,0,18,13,2,4,1,4,2,0,0,11,6,5,0,10,0,2,2
55406339,2,55406349,,11,5,6,*,*,*,*,*,*,*,*,*,*,*,*,*,*,*,*,*,*,*,*,*,*,*,*,*,*,*,*,*,*,3,3,*,*,*,*,*,*,*,*,*,*,*,*,*,*,*
55406340,0,,,180,87,93,33,17,16,147,70,77,98,49,49,139,67,72,137,66,71,49,21,28,26,13,13,9,4,5,3,1,2,0,0,0,55,55,8,15,9,11,5,3,4,47,34,13,10,31,0,7,7
55406341,0,,,27,17,10,6,5,1,21,12,9,17,9,8,21,12,9,20,12,8,4,3,1,1,1,0,0,0,0,0,0,0,0,0,0,7,7,1,2,1,0,0,2,1,6,3,3,1,3,0,1,0
55406342,0,,,432,221,211,57,34,23,373,185,188,269,139,130,364,180,184,356,178,178,104,46,58,50,17,33,22,8,14,1,0,1,11,10,1,158,158,45,33,33,28,10,5,4,112,81,31,21,68,10,7,10
55406343,0,,,59,33,26,5,2,3,53,30,23,33,19,14,53,30,23,53,30,23,20,11,9,12,7,5,5,2,3,1,0,1,3,2,1,26,26,13,3,4,3,2,1,0,12,5,7,1,13,5,2,3
55406344,0,,,114,54,60,12,5,7,102,49,53,63,35,28,94,43,51,90,40,50,39,14,25,19,5,14,10,1,9,0,0,0,2,0,2,32,32,6,4,6,8,2,2,4,26,11,15,1,27,0,6,2
55406345,0,,,99,49,50,5,2,3,94,47,47,59,30,29,91,45,46,88,44,44,35,17,18,20,10,10,5,2,3,1,0,1,1,0,1,26,26,1,3,8,7,4,1,2,25,11,14,1,22,0,0,2
55406346,0,,,169,82,87,19,11,8,150,71,79,88,47,41,145,68,77,145,68,77,62,24,38,34,12,22,16,4,12,0,0,0,2,0,2,50,50,3,11,18,8,6,2,2,47,28,19,3,39,0,2,6
55406347,0,,,76,31,45,8,3,5,68,28,40,49,21,28,66,27,39,64,27,37,19,7,12,6,0,6,5,0,5,0,0,0,0,0,0,21,21,2,3,7,3,3,2,1,19,8,11,3,12,0,1,0
55406348,0,,,44,23,21,5,3,2,39,20,19,21,13,8,35,17,18,35,17,18,18,7,11,7,1,6,5,1,4,1,0,1,0,0,0,12,12,2,2,3,1,1,1,2,10,3,7,0,9,0,1,0
55406349,1,,55406339,19,11,8,4,2,2,26,14,12,18,9,9,25,14,11,25,14,11,8,5,3,1,0,1,1,0,1,0,0,0,0,0,0,7,7,0,4,4,1,0,1,0,10,6,4,1,7,0,0,1
55406350,0,,,399,195,204,36,20,16,363,175,188,199,103,96,353,171,182,347,167,180,164,72,92,73,23,50,38,8,30,3,0,3,0,0,0,108,108,10,24,21,26,10,6,11,98,41,57,8,96,0,8,16
55406351,0,,,41,19,22,5,1,4,36,18,18,18,11,7,35,18,17,34,18,16,18,7,11,8,3,5,2,0,2,0,0,0,0,0,0,12,12,2,2,4,2,0,0,2,9,5,4,1,10,0,1,0
55406352,0,,,919,435,484,109,50,59,806,383,423,476,252,224,785,369,416,769,362,407,330,131,199,179,58,121,88,17,71,21,2,19,4,4,0,278,277,58,59,61,47,24,12,16,217,144,73,26,170,13,27,25
55406353,0,,,213,107,106,18,8,10,194,98,96,114,60,54,188,95,93,186,94,92,80,38,42,44,23,21,15,8,7,0,0,0,4,1,3,70,70,14,20,10,13,7,3,3,56,34,22,3,45,4,3,10
55406354,0,,,39,20,19,6,3,3,33,17,16,23,12,11,32,16,16,31,16,15,10,5,5,6,3,3,2,2,0,0,0,0,1,0,1,11,11,1,2,4,1,1,1,1,10,7,3,1,7,0,0,1
55406355,0,,,176,92,84,13,7,6,163,85,78,99,55,44,158,80,78,156,79,77,64,30,34,34,14,20,14,8,6,0,0,0,2,0,2,62,62,16,17,9,10,3,5,2,46,29,17,5,40,0,10,6
55406356,0,,,306,158,148,58,34,24,248,124,124,174,87,87,238,119,119,233,116,117,74,37,37,37,16,21,15,8,7,0,0,0,2,0,2,88,88,12,21,16,15,9,9,6,76,47,29,19,47,1,6,5
55406357,0,,,92,45,47,9,7,2,83,38,45,48,25,23,82,37,45,81,36,45,35,13,22,18,6,12,9,2,7,1,0,1,1,0,1,26,26,2,7,6,4,2,3,2,24,14,10,4,19,0,0,3
55406358,1,,55406368,80,32,48,16,5,11,68,29,39,43,16,27,64,28,36,61,28,33,25,13,12,10,4,6,3,0,3,0,0,0,0,0,0,16,16,0,5,1,3,3,1,5,18,8,10,3,16,0,0,3
55406359,0,,,21,11,10,3,3,0,18,8,10,10,5,5,18,8,10,18,8,10,8,3,5,6,2,4,2,0,2,2,0,2,0,0,0,6,6,0,2,0,3,1,0,0,6,3,3,2,4,0,0,1
55406360,0,,,52,29,23,1,0,1,51,29,22,30,18,12,50,29,21,49,28,21,21,11,10,10,5,5,3,2,1,0,0,0,0,0,0,21,21,4,8,5,3,1,0,0,17,12,5,0,15,0,3,2
55406361,0,,,26,13,13,3,1,2,23,12,11,13,6,7,22,12,10,22,12,10,10,6,4,7,4,3,4,2,2,1,0,1,0,0,0,6,6,0,1,1,2,0,1,1,6,1,5,0,6,0,0,0
55406362,0,,,465,249,216,54,22,32,411,227,184,269,158,111,398,217,181,392,215,177,142,69,73,55,24,31,18,7,11,0,0,0,12,10,2,154,154,37,24,42,24,12,9,6,116,73,43,16,89,13,10,11
55406364,2,55406375,,6,4,2,*,*,*,*,*,*,*,*,*,*,*,*,*,*,*,*,*,*,*,*,*,*,*,*,*,*,*,*,*,*,2,2,*,*,*,*,*,*,*,*,*,*,*,*,*,*,*
55406365,0,,,193,93,100,16,10,6,177,83,94,115,61,54,173,82,91,169,79,90,62,22,40,37,11,26,17,4,13,0,0,0,0,0,0,47,47,2,8,13,8,3,6,7,44,19,25,6,41,0,2,1
55406366,0,,,127,66,61,11,5,6,116,61,55,57,31,26,112,60,52,110,59,51,59,30,29,25,11,14,8,2,6,1,0,1,0,0,0,38,38,9,6,6,6,5,4,2,29,10,19,1,34,0,7,3
55406367,1,,55406378,63,33,30,7,5,2,59,30,29,36,17,19,54,28,26,51,26,25,23,13,10,12,6,6,6,3,3,0,0,0,0,0,0,14,14,2,3,3,2,1,1,4,14,8,6,2,13,0,2,2
55406368,2,55406358,,4,2,2,*,*,*,*,*,*,*,*,*,*,*,*,*,*,*,*,*,*,*,*,*,*,*,*,*,*,*,*,*,*,2,2,*,*,*,*,*,*,*,*,*,*,*,*,*,*,*
55406369,1,,55406379,18,10,8,17,9,8,32,21,11,18,14,4,26,15,11,25,14,11,14,7,7,7,4,3,3,1,2,1,0,1,0,0,0,6,6,2,4,1,3,0,0,0,8,6,2,0,9,0,2,3
55406370,0,,,163,82,81,14,6,8,149,76,73,91,49,42,146,76,70,143,74,69,58,27,31,22,10,12,6,3,3,0,0,0,0,0,0,52,52,10,16,8,6,5,2,5,42,25,17,4,35,0,6,7
55406371,2,55406381,,9,5,4,*,*,*,*,*,*,*,*,*,*,*,*,*,*,*,*,*,*,*,*,*,*,*,*,*,*,*,*,*,*,2,2,*,*,*,*,*,*,*,*,*,*,*,*,*,*,*
55406372,0,,,549,266,283,96,45,51,453,221,232,330,157,173,426,206,220,411,200,211,123,64,59,41,22,19,16,7,9,1,0,1,6,2,4,199,199,48,53,46,25,16,3,8,150,124,26,20,83,2,25,13
55406373,0,,,103,51,52,14,6,8,89,45,44,67,36,31,85,42,43,81,40,41,22,9,13,12,4,8,3,0,3,0,0,0,0,0,0,30,30,4,5,5,11,2,2,1,26,20,6,1,14,0,0,2
55406375,1,,55406364,111,54,57,10,4,6,107,54,53,70,37,33,103,52,51,101,51,50,37,17,20,21,11,10,9,5,4,1,1,0,0,0,0,31,31,3,8,7,7,2,3,3,29,16,13,3,24,0,3,3
55406376,0,,,71,31,40,8,4,4,63,27,36,36,15,21,62,27,35,62,27,35,27,12,15,18,5,13,8,2,6,0,0,0,2,2,0,21,21,4,4,4,4,2,1,2,17,8,9,4,16,2,1,2
55406377,1,,55406387;55406388,17,9,8,0,0,0,24,11,13,16,8,8,23,10,13,23,10,13,8,3,5,1,0,1,1,0,1,0,0,0,0,0,0,4,4,1,2,1,1,1,0,1,6,4,2,0,4,0,0,0
55406378,2,55406367,,3,2,1,*,*,*,*,*,*,*,*,*,*,*,*,*,*,*,*,*,*,*,*,*,*,*,*,*,*,*,*,*,*,2,2,*,*,*,*,*,*,*,*,*,*,*,*,*,*,*
55406379,2,55406369,,31,20,11,*,*,*,*,*,*,*,*,*,*,*,*,*,*,*,*,*,*,*,*,*,*,*,*,*,*,*,*,*,*,5,4,*,*,*,*,*,*,*,*,*,*,*,*,*,*,*
55406380,0,,,319,165,154,35,18,17,284,147,137,174,102,72,269,137,132,264,134,130,110,45,65,46,17,29,18,5,13,1,0,1,0,0,0,91,91,15,20,12,18,10,9,7,76,35,41,7,69,0,9,8
55406381,1,,55406371,364,187,177,47,24,23,326,168,158,196,107,89,319,163,156,315,163,152,130,61,69,48,19,29,14,4,10,1,0,1,3,3,0,112,112,24,29,18,15,5,13,10,89,53,36,14,80,1,10,18
55406382,0,,,118,59,59,15,10,5,103,49,54,63,35,28,98,45,53,97,45,52,40,14,26,16,5,11,6,2,4,1,1,0,0,0,0,36,36,5,6,8,11,5,0,1,31,20,11,1,26,0,4,2
55406383,0,,,31,13,18,10,3,7,21,10,11,15,7,8,20,9,11,20,9,11,6,3,3,2,0,2,2,0,2,0,0,0,0,0,0,9,9,0,2,3,2,2,0,0,9,7,2,4,3,0,0,1
55406384,0,,,39,22,17,3,2,1,36,20,16,21,14,7,35,20,15,34,19,15,15,6,9,6,1,5,4,1,3,0,0,0,0,0,0,11,11,1,1,6,1,0,1,1,10,3,7,1,8,0,1,0
55406385,0,,,181,86,95,23,15,8,158,71,87,97,47,50,151,69,82,149,69,80,61,24,37,34,13,21,8,1,7,0,0,0,1,0,1,49,49,7,9,15,3,5,3,7,42,20,22,7,39,0,5,4
55406386,0,,,132,70,62,8,3,5,124,67,57,60,39,21,121,65,56,121,65,56,64,28,36,32,12,20,13,2,11,2,0,2,0,0,0,41,41,5,12,10,4,6,2,2,36,19,17,2,37,0,5,3
55406387,2,55406377,,2,0,2,*,*,*,*,*,*,*,*,*,*,*,*,*,*,*,*,*,*,*,*,*,*,*,*,*,*,*,*,*,*,1,1,*,*,*,*,*,*,*,*,*,*,*,*,*,*,*
55406388,2,55406377,,5,2,3,*,*,*,*,*,*,*,*,*,*,*,*,*,*,*,*,*,*,*,*,*,*,*,*,*,*,*,*,*,*,2,2,*,*,*,*,*,*,*,*,*,*,*,*,*,*,*
55406389,0,,,75,39,36,9,7,2,66,32,34,41,21,20,64,31,33,63,31,32,25,11,14,16,6,10,4,0,4,0,0,0,0,0,0,21,21,2,7,3,3,3,0,3,18,9,9,3,19,0,2,2
55406390,0,,,101,53,48,14,8,6,87,45,42,62,36,26,86,45,41,82,44,38,25,9,16,12,3,9,5,0,5,0,0,0,0,0,0,27,27,1,5,8,7,3,0,3,26,15,11,3,16,0,0,2
55406391,0,,,84,44,40,12,5,7,72,39,33,47,26,21,69,37,32,69,37,32,25,13,12,8,3,5,4,2,2,1,1,0,11,11,0,33,33,17,4,3,2,3,2,2,16,7,9,4,17,12,5,3
55406393,0,,,10,5,5,2,1,1,8,4,4,7,4,3,8,4,4,8,4,4,1,0,1,0,0,0,0,0,0,0,0,0,0,0,0,4,4,2,1,0,0,0,1,0,2,1,1,0,1,0,1,0
55406394,0,,,29,13,16,4,3,1,25,10,15,13,5,8,24,10,14,24,10,14,12,5,7,7,3,4,3,1,2,0,0,0,0,0,0,7,7,0,1,2,1,1,2,0,7,2,5,0,6,0,0,1
55406395,0,,,228,117,111,25,14,11,203,103,100,131,73,58,195,100,95,190,97,93,72,30,42,33,11,22,8,3,5,0,0,0,0,0,0,57,57,3,15,8,11,5,7,8,54,23,31,6,48,1,2,2
55406396,0,,,113,57,56,9,4,5,102,52,50,67,35,32,98,49,49,95,48,47,35,17,18,17,8,9,7,3,4,0,0,0,0,0,0,30,30,4,5,4,8,3,3,3,24,11,13,2,21,0,1,2
55406397,0,,,22,10,12,4,1,3,18,9,9,8,4,4,18,9,9,18,9,9,10,5,5,7,3,4,1,1,0,0,0,0,0,0,0,10,10,3,3,3,1,0,0,0,7,6,1,2,7,0,3,3
55406399,0,,,16,9,7,0,0,0,16,9,7,10,6,4,16,9,7,16,9,7,6,3,3,4,1,3,2,0,2,0,0,0,0,0,0,6,6,3,1,0,1,0,0,1,3,2,1,0,4,0,1,0
55406400,1,,55406401,30,16,14,2,0,2,34,19,15,21,13,8,32,17,15,32,17,15,13,6,7,5,0,5,2,0,2,0,0,0,0,0,0,10,10,2,4,2,2,1,0,1,10,6,4,0,11,0,2,2
55406401,2,55406400,,6,3,3,*,*,*,*,*,*,*,*,*,*,*,*,*,*,*,*,*,*,*,*,*,*,*,*,*,*,*,*,*,*,2,2,*,*,*,*,*,*,*,*,*,*,*,*,*,*,*
55406402,0,,,23,11,12,1,1,0,22,10,12,13,6,7,22,10,12,22,10,12,9,4,5,6,3,3,0,0,0,0,0,0,0,0,0,8,8,2,2,1,2,0,1,0,6,5,1,1,6,0,1,2
55406403,0,,,76,36,40,5,1,4,71,35,36,34,17,17,66,33,33,66,33,33,37,18,19,20,10,10,7,3,4,1,1,0,0,0,0,27,27,5,7,10,2,1,0,2,22,13,9,0,23,0,4,5
55406404,0,,,51,24,27,5,3,2,46,21,25,21,11,10,45,21,24,45,21,24,25,10,15,12,4,8,6,1,5,2,1,1,1,0,1,15,15,0,5,7,0,1,0,2,15,9,6,2,12,0,0,3
55406405,0,,,72,34,38,12,7,5,60,27,33,39,20,19,60,27,33,58,27,31,21,7,14,14,4,10,4,1,3,0,0,0,0,0,0,19,19,2,5,3,3,1,3,2,17,8,9,2,15,0,2,1
55406406,0,,,86,41,45,9,4,5,77,37,40,46,23,23,74,35,39,74,35,39,31,14,17,15,6,9,4,0,4,0,0,0,0,0,0,29,29,3,11,6,3,5,1,0,26,17,9,4,22,0,3,5
55406407,0,,,33,17,16,3,2,1,30,15,15,19,11,8,30,15,15,30,15,15,11,4,7,7,1,6,3,1,2,0,0,0,0,0,0,11,11,0,5,4,1,0,0,1,11,7,4,0,9,0,0,0
55406408,1,,55406418,14,6,8,1,0,1,18,7,11,9,5,4,18,7,11,18,7,11,9,2,7,4,0,4,1,0,1,1,0,1,0,0,0,8,8,5,3,0,2,0,0,0,5,3,2,1,8,0,4,0
55406409,0,,,51,19,32,2,0,2,49,19,30,24,9,15,47,19,28,45,19,26,25,10,15,15,5,10,1,0,1,0,0,0,0,0,0,17,17,3,4,6,1,1,1,1,14,8,6,0,17,0,3,3
55406410,2,55406420,,6,5,1,*,*,*,*,*,*,*,*,*,*,*,*,*,*,*,*,*,*,*,*,*,*,*,*,*,*,*,*,*,*,3,3,*,*,*,*,*,*,*,*,*,*,*,*,*,*,*
55406411,2,55406421,,15,8,7,*,*,*,*,*,*,*,*,*,*,*,*,*,*,*,*,*,*,*,*,*,*,*,*,*,*,*,*,*,*,3,3,*,*,*,*,*,*,*,*,*,*,*,*,*,*,*
55406412,0,,,63,36,27,4,2,2,59,34,25,31,19,12,54,32,22,53,31,22,28,15,13,15,7,8,3,1,2,0,0,0,0,0,0,20,20,3,4,7,2,2,1,1,17,12,5,0,17,0,3,2
55406413,0,,,84,44,40,4,2,2,80,42,38,45,25,20,78,40,38,76,40,36,35,17,18,15,7,8,8,3,5,1,0,1,0,0,0,26,26,3,8,7,2,3,1,2,23,11,12,0,21,0,2,5
55406414,0,,,94,50,44,4,2,2,90,48,42,51,30,21,88,47,41,87,47,40,39,18,21,18,6,12,9,4,5,0,0,0,0,0,0,31,31,5,9,8,2,5,0,2,26,15,11,2,25,0,4,5
55406415,0,,,114,59,55,28,18,10,86,41,45,68,32,36,84,40,44,80,39,41,18,9,9,5,3,2,0,0,0,0,0,0,0,0,0,39,39,8,9,8,8,4,2,0,31,27,4,6,13,1,5,1
55406416,0,,,39,23,16,7,5,2,32,18,14,19,10,9,31,17,14,31,17,14,13,8,5,6,4,2,4,2,2,0,0,0,2,1,1,13,13,3,3,3,2,0,1,1,10,7,3,2,8,0,2,2
55406417,0,,,76,41,35,8,4,4,68,37,31,42,23,19,66,35,31,64,33,31,26,14,12,16,8,8,4,2,2,1,1,0,3,3,0,25,25,9,3,3,4,3,1,2,16,3,13,0,16,3,2,1
55406418,2,55406408,,5,1,4,*,*,*,*,*,*,*,*,*,*,*,*,*,*,*,*,*,*,*,*,*,*,*,*,*,*,*,*,*,*,2,2,*,*,*,*,*,*,*,*,*,*,*,*,*,*,*
55406419,0,,,24,12,12,0,0,0,24,12,12,7,5,2,23,12,11,23,12,11,17,7,10,9,3,6,2,0,2,0,0,0,0,0,0,12,12,4,6,1,0,1,0,0,8,7,1,0,11,0,3,4
55406420,1,,55406410;55406430,19,12,7,0,0,0,32,20,12,20,14,6,32,20,12,32,20,12,12,6,6,8,4,4,2,1,1,0,0,0,0,0,0,5,5,2,2,2,2,0,2,0,8,4,4,0,8,0,0,0
55406421,1,,55406411,54,28,26,5,1,4,64,35,29,39,24,15,61,34,27,60,33,27,25,11,14,16,6,10,5,1,4,1,0,1,0,0,0,19,19,4,9,2,1,3,0,3,18,7,11,1,17,0,2,3
55406422,0,,,45,23,22,3,1,2,42,22,20,22,10,12,39,21,18,39,21,18,20,12,8,10,5,5,4,2,2,0,0,0,0,0,0,14,14,0,6,4,1,1,2,0,14,7,7,1,12,0,0,2
55406423,0,,,30,16,14,0,0,0,30,16,14,18,10,8,30,16,14,30,16,14,12,6,6,9,3,6,4,1,3,0,0,0,0,0,0,13,13,4,4,3,1,1,0,0,9,6,3,0,10,0,3,1
55406424,0,,,105,54,51,6,3,3,99,51,48,64,35,29,96,50,46,92,48,44,35,16,19,15,6,9,7,1,6,0,0,0,0,0,0,37,37,9,7,11,3,6,0,1,28,17,11,1,23,0,5,5
55406425,0,,,290,142,148,32,16,16,258,126,132,166,85,81,249,120,129,246,119,127,92,41,51,37,17,20,16,8,8,2,2,0,0,0,0,102,102,27,22,25,11,10,2,5,74,46,28,7,63,1,15,5
55406426,0,,,121,60,61,10,4,6,111,56,55,61,34,27,108,54,54,106,54,52,50,22,28,31,13,18,12,5,7,0,0,0,0,0,0,40,40,7,15,5,4,5,2,2,33,21,12,3,31,0,2,8
55406427,0,,,40,20,20,2,1,1,38,19,19,23,13,10,38,19,19,38,19,19,15,6,9,12,5,7,1,0,1,0,0,0,2,0,2,13,13,2,4,2,3,0,2,0,11,7,4,1,9,0,2,2
55406428,0,,,17,9,8,1,1,0,16,8,8,9,5,4,16,8,8,15,7,8,7,3,4,5,3,2,1,1,0,0,0,0,0,0,0,5,5,1,1,1,1,0,0,1,4,2,2,0,4,0,1,0
55406429,0,,,111,53,58,10,6,4,101,47,54,52,24,28,98,45,53,97,45,52,49,23,26,29,9,20,17,7,10,0,0,0,0,0,0,38,38,6,16,7,3,2,1,3,32,17,15,2,33,0,6,8
55406430,2,55406420,,7,3,4,*,*,*,*,*,*,*,*,*,*,*,*,*,*,*,*,*,*,*,*,*,*,*,*,*,*,*,*,*,*,2,2,*,*,*,*,*,*,*,*,*,*,*,*,*,*,*
55406431,0,,,30,13,17,0,0,0,30,13,17,15,8,7,30,13,17,30,13,17,15,5,10,8,1,7,2,0,2,0,0,0,0,0,0,12,12,1,4,7,0,0,0,0,11,5,6,0,10,0,0,3
55406432,0,,,34,19,15,1,1,0,33,18,15,21,11,10,32,18,14,32,18,14,12,7,5,5,2,3,2,1,1,0,0,0,0,0,0,11,11,2,3,2,2,0,2,0,9,6,3,1,8,0,2,1
55406433,0,,,45,24,21,2,1,1,43,23,20,25,15,10,42,22,20,41,22,19,18,8,10,6,1,5,3,1,2,0,0,0,0,0,0,19,19,4,9,2,3,1,0,0,15,11,4,0,13,0,3,3
55406434,0,,,59,32,27,7,4,3,52,28,24,26,15,11,52,28,24,52,28,24,26,13,13,14,6,8,3,1,2,0,0,0,0,0,0,19,19,5,5,4,1,2,1,1,14,8,6,1,17,0,4,4
55406435,0,,,82,40,42,6,5,1,76,35,41,46,24,22,74,35,39,72,35,37,30,11,19,16,5,11,6,1,5,0,0,0,0,0,0,25,25,3,6,9,2,0,3,2,22,13,9,1,18,0,3,2
55406436,1,,55406437,33,18,15,4,0,4,35,20,15,21,14,7,35,20,15,33,18,15,14,6,8,10,4,6,3,1,2,1,1,0,2,1,1,12,12,4,4,3,3,0,1,0,11,6,5,1,9,0,2,0
55406437,2,55406436,,6,2,4,*,*,*,*,*,*,*,*,*,*,*,*,*,*,*,*,*,*,*,*,*,*,*,*,*,*,*,*,*,*,3,3,*,*,*,*,*,*,*,*,*,*,*,*,*,*,*
55406438,2,55406448,,11,6,5,*,*,*,*,*,*,*,*,*,*,*,*,*,*,*,*,*,*,*,*,*,*,*,*,*,*,*,*,*,*,3,3,*,*,*,*,*,*,*,*,*,*,*,*,*,*,*
55406439,0,,,34,18,16,0,0,0,34,18,16,21,12,9,32,17,15,32,17,15,13,6,7,7,3,4,2,1,1,0,0,0,0,0,0,11,11,2,2,2,3,2,0,0,9,6,3,0,9,0,2,0
55406440,0,,,15,7,8,1,0,1,14,7,7,7,4,3,13,6,7,12,6,6,7,3,4,3,1,2,0,0,0,0,0,0,0,0,0,5,5,0,3,1,0,0,1,0,5,3,2,0,4,0,0,1
55406441,1,,55406451,29,15,14,6,3,3,30,15,15,23,12,11,29,15,14,28,14,14,7,3,4,3,1,2,1,0,1,1,0,1,0,0,0,11,11,4,2,2,0,3,0,1,8,4,4,1,4,0,0,0
55406442,0,,,57,32,25,3,2,1,54,30,24,41,24,17,51,29,22,47,25,22,13,6,7,5,1,4,3,0,3,1,0,1,0,0,0,13,13,2,1,2,1,0,6,1,11,2,9,0,9,0,1,1
55406443,1,,55406453,101,54,47,10,5,5,136,91,45,89,66,23,134,90,44,132,89,43,47,25,22,18,9,9,9,4,5,0,0,0,40,40,0,34,34,49,7,10,2,5,1,2,27,15,12,2,31,39,7,3
55406444,0,,,52,23,29,5,3,2,47,20,27,33,14,19,46,19,27,45,18,27,14,6,8,6,2,4,2,1,1,0,0,0,6,0,6,20,20,7,3,5,2,2,1,0,13,8,5,1,11,2,1,1
55406445,0,,,14,6,8,0,0,0,14,6,8,9,5,4,14,6,8,14,6,8,5,1,4,2,0,2,1,0,1,0,0,0,2,0,2,8,8,4,2,2,0,0,0,0,4,4,0,0,5,0,2,0
55406446,0,,,49,25,24,3,2,1,46,23,23,28,15,13,45,23,22,43,21,22,18,8,10,6,2,4,1,0,1,1,0,1,0,0,0,14,14,1,5,3,2,1,1,1,13,8,5,1,11,0,1,3
55406447,0,,,48,29,19,3,2,1,45,27,18,22,15,7,44,27,17,44,27,17,23,12,11,12,5,7,5,3,2,1,1,0,0,0,0,16,16,1,8,4,1,0,1,1,15,11,4,1,14,0,0,3
55406448,1,,55406438,21,15,6,2,2,0,30,19,11,15,11,4,30,19,11,30,19,11,15,8,7,4,2,2,2,1,1,1,1,0,0,0,0,8,8,1,5,3,1,0,0,1,10,7,3,1,10,0,1,3
55406449,0,,,17,8,9,1,0,1,16,8,8,10,5,5,16,8,8,15,7,8,6,3,3,2,1,1,1,0,1,0,0,0,0,0,0,4,4,0,1,1,0,0,2,0,4,2,2,1,3,0,0,0
55406450,0,,,11,7,4,0,0,0,11,7,4,6,5,1,11,7,4,11,7,4,5,2,3,3,1,2,1,1,0,0,0,0,0,0,0,4,4,1,1,1,0,1,0,0,3,2,1,0,3,0,0,0
55406451,2,55406441,,7,3,4,*,*,*,*,*,*,*,*,*,*,*,*,*,*,*,*,*,*,*,*,*,*,*,*,*,*,*,*,*,*,1,1,*,*,*,*,*,*,*,*,*,*,*,*,*,*,*
55406452,0,,,64,31,33,8,3,5,56,28,28,36,16,20,55,28,27,55,28,27,20,12,8,10,4,6,6,3,3,0,0,0,3,3,0,24,24,8,6,3,3,3,0,1,16,10,6,2,15,3,5,2
55406453,2,55406443,,45,42,3,*,*,*,*,*,*,*,*,*,*,*,*,*,*,*,*,*,*,*,*,*,*,*,*,*,*,*,*,*,*,42,42,*,*,*,*,*,*,*,*,*,*,*,*,*,*,*
55406454,0,,,62,29,33,5,3,2,57,26,31,38,19,19,57,26,31,57,26,31,19,7,12,10,1,9,3,0,3,1,0,1,0,0,0,17,17,0,4,7,1,2,2,1,17,7,10,0,13,0,0,0
55406455,0,,,147,73,74,27,14,13,120,59,61,83,44,39,116,57,59,114,56,58,37,15,22,18,3,15,7,1,6,0,0,0,0,0,0,43,43,6,13,8,5,4,1,6,35,21,14,4,25,0,4,4
55406456,0,,,74,40,34,12,7,5,62,33,29,38,21,17,61,33,28,60,32,28,24,12,12,9,4,5,4,1,3,1,0,1,0,0,0,20,20,4,4,2,3,1,3,3,15,6,9,2,16,0,2,1
55406457,0,,,34,16,18,4,1,3,30,15,15,19,10,9,29,14,15,28,14,14,11,5,6,1,0,1,1,0,1,0,0,0,0,0,0,10,10,0,4,2,2,0,2,0,10,6,4,0,7,0,0,2
55406458,2,55406459,,12,5,7,*,*,*,*,*,*,*,*,*,*,*,*,*,*,*,*,*,*,*,*,*,*,*,*,*,*,*,*,*,*,3,3,*,*,*,*,*,*,*,*,*,*,*,*,*,*,*
55406459,1,,55406458,45,18,27,10,4,6,47,19,28,28,11,17,46,19,27,46,19,27,19,8,11,7,2,5,2,0,2,0,0,0,1,0,1,17,17,4,8,3,2,0,2,1,16,13,3,3,13,0,2,3
55406460,0,,,13,5,8,0,0,0,13,5,8,4,1,3,13,5,8,13,5,8,9,4,5,4,1,3,2,0,2,2,0,2,0,0,0,4,4,1,0,1,1,1,0,0,3,0,3,0,4,0,1,0
55406461,0,,,28,14,14,4,2,2,24,12,12,14,8,6,24,12,12,24,12,12,10,4,6,4,1,3,2,1,1,0,0,0,0,0,0,10,10,2,2,3,2,1,0,0,8,5,3,0,7,0,1,1
55406462,0,,,38,20,18,4,2,2,34,18,16,18,11,7,32,17,15,32,17,15,16,7,9,3,0,3,2,0,2,0,0,0,4,3,1,14,14,4,3,4,1,1,0,1,10,5,5,1,7,3,0,2
55406463,0,,,106,57,49,9,5,4,97,52,45,67,37,30,93,50,43,92,49,43,30,15,15,14,6,8,7,2,5,0,0,0,0,0,0,32,32,5,9,5,4,5,2,2,27,11,16,2,22,0,2,2
55406464,0,,,45,24,21,6,5,1,39,19,20,27,13,14,37,17,20,37,17,20,12,6,6,6,1,5,3,1,2,0,0,0,0,0,0,12,12,1,4,3,1,0,1,2,11,5,6,2,9,0,1,2
55406465,0,,,236,90,146,34,12,22,202,78,124,108,51,57,194,74,120,191,73,118,94,27,67,60,10,50,45,6,39,9,0,9,0,0,0,65,64,17,16,8,12,5,3,3,47,32,15,7,34,0,8,5
55406466,0,,,84,39,45,14,6,8,70,33,37,50,24,26,63,28,35,62,28,34,20,9,11,4,2,2,1,0,1,0,0,0,21,7,14,28,28,5,8,6,5,2,1,1,23,17,6,4,10,0,1,4
55406467,0,,,65,38,27,6,1,5,59,37,22,42,29,13,57,35,22,56,35,21,17,8,9,6,2,4,3,2,1,0,0,0,0,0,0,25,25,6,8,7,2,1,0,1,18,15,3,0,12,0,1,2
55406468,0,,,46,24,22,6,4,2,40,20,20,25,14,11,39,20,19,39,20,19,15,6,9,9,2,7,3,1,2,0,0,0,0,0,0,14,14,2,4,2,1,4,1,0,12,7,5,1,11,0,2,1
55406469,0,,,29,18,11,3,3,0,26,15,11,17,11,6,26,15,11,25,14,11,9,4,5,9,4,5,2,2,0,0,0,0,0,0,0,7,7,0,2,1,1,1,1,1,7,4,3,1,5,0,0,2
55406470,0,,,18,12,6,0,0,0,18,12,6,12,7,5,18,12,6,16,11,5,6,5,1,2,2,0,1,1,0,0,0,0,1,0,1,7,7,2,2,1,1,1,0,0,5,4,1,0,6,0,1,1
55406471,1,,55406480,39,18,21,2,0,2,45,24,21,24,15,9,45,24,21,45,24,21,21,9,12,12,4,8,3,0,3,0,0,0,0,0,0,14,14,3,9,5,1,0,0,1,16,11,5,1,16,0,2,3
55406473,0,,,40,18,22,6,3,3,34,15,19,21,9,12,34,15,19,32,15,17,13,6,7,9,4,5,3,2,1,0,0,0,0,0,0,10,10,0,1,4,1,2,2,0,10,5,5,1,7,0,0,0
55406474,0,,,93,44,49,13,6,7,80,38,42,51,25,26,77,38,39,77,38,39,29,13,16,11,2,9,2,0,2,0,0,0,0,0,0,29,29,4,6,10,5,0,1,3,25,16,9,0,22,0,3,1
55406475,0,,,88,39,49,17,9,8,71,30,41,61,27,34,70,30,40,70,30,40,10,3,7,3,0,3,1,0,1,0,0,0,6,0,6,38,38,17,7,5,5,3,0,1,21,17,4,7,8,1,3,2
55406476,0,,,74,38,36,7,2,5,67,36,31,42,26,16,66,35,31,64,34,30,25,10,15,15,5,10,3,0,3,0,0,0,1,0,1,24,24,1,11,4,4,1,3,0,23,14,9,2,17,0,0,3
55406477,0,,,21,10,11,1,0,1,20,10,10,15,7,8,20,10,10,20,10,10,5,3,2,3,1,2,1,0,1,0,0,0,0,0,0,7,7,1,3,1,1,0,0,1,6,4,2,1,5,0,1,0
55406478,0,,,77,41,36,5,2,3,72,39,33,44,26,18,72,39,33,71,38,33,28,13,15,16,6,10,10,3,7,0,0,0,0,0,0,25,25,5,5,6,4,2,3,0,20,11,9,2,20,0,5,1
55406479,0,,,69,38,31,7,4,3,62,34,28,34,20,14,61,34,27,61,34,27,28,14,14,14,7,7,8,2,6,1,0,1,0,0,0,19,19,4,3,3,3,1,3,2,15,4,11,2,15,0,1,2
55406480,2,55406471,,8,6,2,*,*,*,*,*,*,*,*,*,*,*,*,*,*,*,*,*,*,*,*,*,*,*,*,*,*,*,*,*,*,5,5,*,*,*,*,*,*,*,*,*,*,*,*,*,*,*
55406482,0,,,11,5,6,0,0,0,11,5,6,6,3,3,11,5,6,10,5,5,5,2,3,1,0,1,1,0,1,0,0,0,0,0,0,4,4,0,2,1,1,0,0,0,4,3,1,0,3,0,0,1
55406483,0,,,54,29,25,3,2,1,51,27,24,30,19,11,51,27,24,51,27,24,21,8,13,16,6,10,5,2,3,1,0,1,0,0,0,19,19,4,5,5,3,1,0,1,15,9,6,1,16,0,3,2
55406484,0,,,122,59,63,14,6,8,108,53,55,74,39,35,107,52,55,104,52,52,34,14,20,11,5,6,1,0,1,0,0,0,0,0,0,38,38,6,9,7,7,6,2,1,32,23,9,1,27,0,6,4
55406485,0,,,640,304,336,75,39,36,565,265,300,381,188,193,545,253,292,533,249,284,184,77,107,70,20,50,19,2,17,0,0,0,12,7,5,247,247,71,66,51,33,12,8,6,175,124,51,19,131,4,36,17
55406486,0,,,34,20,14,3,2,1,31,18,13,17,11,6,30,17,13,29,17,12,14,7,7,8,4,4,0,0,0,0,0,0,0,0,0,14,14,4,6,1,1,1,1,0,10,8,2,0,11,0,2,3
55406487,0,,,40,18,22,0,0,0,40,18,22,27,10,17,39,18,21,37,17,20,13,8,5,4,2,2,0,0,0,0,0,0,1,0,1,13,13,0,5,5,1,1,1,0,13,6,7,0,10,0,0,2
55406488,2,55406489,,9,6,3,*,*,*,*,*,*,*,*,*,*,*,*,*,*,*,*,*,*,*,*,*,*,*,*,*,*,*,*,*,*,2,2,*,*,*,*,*,*,*,*,*,*,*,*,*,*,*
55406489,1,,55406488,26,12,14,4,3,1,31,15,16,19,11,8,31,15,16,31,15,16,12,4,8,8,4,4,3,2,1,0,0,0,0,0,0,9,9,2,2,4,0,1,2,0,9,4,5,1,9,0,1,1
55406491,0,,,10,5,5,0,0,0,10,5,5,7,4,3,9,4,5,9,4,5,3,1,2,1,0,1,0,0,0,0,0,0,0,0,0,5,5,2,2,0,1,0,0,0,3,2,1,0,2,0,0,1
55406492,0,,,83,43,40,13,5,8,70,38,32,49,27,22,68,38,30,68,38,30,21,11,10,13,5,8,3,1,2,0,0,0,0,0,0,24,24,2,6,7,3,3,1,2,22,12,10,2,14,0,0,2
55406493,0,,,41,21,20,7,3,4,34,18,16,18,10,8,33,18,15,33,18,15,16,8,8,8,3,5,3,2,1,0,0,0,0,0,0,14,14,5,2,2,2,2,0,1,9,4,5,2,8,1,1,0
55406494,0,,,84,44,40,8,5,3,76,39,37,52,27,25,74,37,37,74,37,37,24,12,12,13,5,8,6,3,3,1,1,0,0,0,0,34,34,10,8,8,6,2,0,0,24,21,3,4,14,2,3,0
55406495,0,,,408,156,252,27,17,10,378,136,242,141,65,76,375,134,241,370,131,239,237,71,166,190,50,140,143,34,109,20,4,16,8,0,8,100,98,37,26,16,10,3,4,2,61,44,17,3,43,10,6,11
55406496,0,,,37,21,16,2,2,0,35,19,16,19,12,7,33,18,15,33,18,15,16,7,9,7,3,4,3,2,1,0,0,0,0,0,0,12,12,0,8,2,0,1,0,1,12,8,4,0,11,0,0,3
55406497,0,,,34,16,18,0,0,0,34,16,18,22,10,12,33,16,17,33,16,17,12,6,6,7,3,4,3,2,1,0,0,0,0,0,0,11,11,1,2,4,3,1,0,0,9,5,4,0,8,0,1,1
55406498,0,,,24,12,12,0,0,0,24,12,12,10,6,4,23,11,12,23,11,12,14,6,8,11,5,6,0,0,0,0,0,0,0,0,0,12,12,4,6,1,0,1,0,0,8,6,2,0,9,0,3,4
55406499,0,,,10,5,5,0,0,0,10,5,5,4,2,2,10,5,5,10,5,5,6,3,3,1,0,1,0,0,0,0,0,0,0,0,0,5,5,1,3,1,0,0,0,0,4,3,1,0,4,0,1,2
55406500,2,55406510,,4,2,2,*,*,*,*,*,*,*,*,*,*,*,*,*,*,*,*,*,*,*,*,*,*,*,*,*,*,*,*,*,*,2,2,*,*,*,*,*,*,*,*,*,*,*,*,*,*,*
55406501,2,55406510,,2,1,1,*,*,*,*,*,*,*,*,*,*,*,*,*,*,*,*,*,*,*,*,*,*,*,*,*,*,*,*,*,*,1,1,*,*,*,*,*,*,*,*,*,*,*,*,*,*,*
55406502,2,55406510,,3,1,2,*,*,*,*,*,*,*,*,*,*,*,*,*,*,*,*,*,*,*,*,*,*,*,*,*,*,*,*,*,*,1,1,*,*,*,*,*,*,*,*,*,*,*,*,*,*,*
55406505,2,55406517,,7,3,4,*,*,*,*,*,*,*,*,*,*,*,*,*,*,*,*,*,*,*,*,*,*,*,*,*,*,*,*,*,*,3,3,*,*,*,*,*,*,*,*,*,*,*,*,*,*,*
55406508,2,55406517,,3,2,1,*,*,*,*,*,*,*,*,*,*,*,*,*,*,*,*,*,*,*,*,*,*,*,*,*,*,*,*,*,*,1,1,*,*,*,*,*,*,*,*,*,*,*,*,*,*,*
55406510,1,,55406500;55406501;55406502,17,9,8,1,0,1,25,13,12,11,6,5,25,13,12,24,13,11,14,7,7,7,3,4,4,2,2,0,0,0,0,0,0,6,6,2,2,4,2,0,0,0,8,5,3,0,9,0,2,1
55406511,1,,55406512,23,9,14,5,1,4,20,9,11,11,5,6,20,9,11,20,9,11,9,4,5,7,3,4,4,1,3,1,1,0,0,0,0,6,6,0,3,1,2,0,0,1,7,4,3,1,6,0,0,2
55406512,2,55406511,,2,1,1,*,*,*,*,*,*,*,*,*,*,*,*,*,*,*,*,*,*,*,*,*,*,*,*,*,*,*,*,*,*,1,1,*,*,*,*,*,*,*,*,*,*,*,*,*,*,*
55406515,2,55406517,,4,1,3,*,*,*,*,*,*,*,*,*,*,*,*,*,*,*,*,*,*,*,*,*,*,*,*,*,*,*,*,*,*,2,2,*,*,*,*,*,*,*,*,*,*,*,*,*,*,*
55406516,2,55406517,,3,2,1,*,*,*,*,*,*,*,*,*,*,*,*,*,*,*,*,*,*,*,*,*,*,*,*,*,*,*,*,*,*,1,1,*,*,*,*,*,*,*,*,*,*,*,*,*,*,*
55406517,1,,55406505;55406508;55406515;55406516,28,17,11,0,0,0,45,25,20,13,9,4,45,25,20,45,25,20,32,16,16,17,7,10,11,4,7,0,0,0,0,0,0,12,12,5,4,8,2,0,0,0,14,11,3,0,19,0,5,4
55406520,2,55406530,,13,3,10,*,*,*,*,*,*,*,*,*,*,*,*,*,*,*,*,*,*,*,*,*,*,*,*,*,*,*,*,*,*,5,5,*,*,*,*,*,*,*,*,*,*,*,*,*,*,*
55406521,0,,,44,22,22,3,3,0,41,19,22,19,10,9,40,19,21,40,19,21,22,9,13,11,4,7,3,0,3,0,0,0,0,0,0,14,14,3,4,2,2,0,2,1,11,4,7,0,13,0,2,2
55406527,0,,,28,14,14,5,3,2,23,11,12,7,3,4,23,11,12,23,11,12,16,8,8,8,4,4,4,1,3,0,0,0,0,0,0,10,10,3,4,1,0,0,0,2,7,4,3,1,10,0,3,3
55406528,1,,55406538,17,7,10,3,0,3,16,8,8,9,4,5,15,8,7,13,7,6,7,4,3,3,2,1,0,0,0,0,0,0,0,0,0,4,4,0,3,0,0,0,1,1,5,3,2,1,4,0,0,3
55406530,1,,55406520,76,40,36,4,2,2,85,41,44,42,23,19,84,40,44,84,40,44,43,18,25,18,6,12,6,2,4,0,0,0,0,0,0,30,30,8,13,7,1,6,0,0,26,17,9,1,29,0,7,4
55406531,0,,,40,20,20,4,2,2,36,18,18,21,13,8,34,17,17,34,17,17,15,5,10,7,2,5,3,1,2,0,0,0,0,0,0,13,13,1,5,3,2,0,2,0,12,7,5,0,10,0,0,3
55406533,2,55406542,,7,5,2,*,*,*,*,*,*,*,*,*,*,*,*,*,*,*,*,*,*,*,*,*,*,*,*,*,*,*,*,*,*,2,2,*,*,*,*,*,*,*,*,*,*,*,*,*,*,*
55406534,2,55406552,,2,1,1,*,*,*,*,*,*,*,*,*,*,*,*,*,*,*,*,*,*,*,*,*,*,*,*,*,*,*,*,*,*,1,1,*,*,*,*,*,*,*,*,*,*,*,*,*,*,*
55406535,2,55406544,,8,4,4,*,*,*,*,*,*,*,*,*,*,*,*,*,*,*,*,*,*,*,*,*,*,*,*,*,*,*,*,*,*,3,3,*,*,*,*,*,*,*,*,*,*,*,*,*,*,*
55406537,1,,55406547,69,37,32,13,7,6,63,34,29,36,23,13,60,32,28,60,32,28,27,11,16,15,6,9,9,3,6,0,0,0,0,0,0,19,19,3,5,4,4,4,1,1,19,11,8,3,16,0,2,2
55406538,2,55406528,,2,1,1,*,*,*,*,*,*,*,*,*,*,*,*,*,*,*,*,*,*,*,*,*,*,*,*,*,*,*,*,*,*,1,1,*,*,*,*,*,*,*,*,*,*,*,*,*,*,*
55406540,0,,,36,19,17,3,1,2,33,18,15,18,11,7,33,18,15,32,18,14,15,7,8,9,3,6,4,2,2,0,0,0,2,2,0,13,13,2,3,4,4,0,0,0,11,7,4,0,8,0,0,3
55406541,0,,,38,19,19,6,3,3,32,16,16,16,11,5,31,15,16,31,15,16,16,5,11,8,2,6,3,1,2,0,0,0,0,0,0,11,11,1,4,2,0,1,3,0,10,5,5,0,11,0,1,2
55406542,1,,55406533,34,15,19,1,1,0,40,19,21,26,13,13,37,18,19,36,17,19,14,6,8,10,3,7,5,1,4,0,0,0,0,0,0,13,13,5,4,2,0,2,2,0,10,6,4,1,11,0,3,1
55406543,0,,,36,18,18,0,0,0,36,18,18,21,12,9,36,18,18,35,17,18,15,6,9,7,1,6,3,0,3,0,0,0,0,0,0,11,11,1,3,2,3,1,1,0,10,5,5,0,10,0,1,1
55406544,1,,55406535,30,18,12,2,1,1,36,21,15,20,13,7,35,21,14,34,20,14,16,8,8,7,3,4,2,0,2,1,0,1,0,0,0,13,13,8,1,3,2,1,1,0,8,3,5,0,11,0,4,1
55406547,2,55406537,,7,4,3,*,*,*,*,*,*,*,*,*,*,*,*,*,*,*,*,*,*,*,*,*,*,*,*,*,*,*,*,*,*,3,3,*,*,*,*,*,*,*,*,*,*,*,*,*,*,*
55406549,0,,,31,15,16,0,0,0,31,15,16,6,5,1,31,15,16,31,15,16,25,10,15,12,4,8,2,1,1,0,0,0,0,0,0,18,18,10,4,3,1,0,0,0,8,7,1,0,18,0,10,4
55406550,0,,,15,9,6,2,1,1,13,8,5,8,5,3,13,8,5,13,8,5,5,3,2,3,1,2,1,1,0,0,0,0,1,1,0,9,9,5,3,0,1,0,0,0,4,4,0,0,4,0,1,1
55406551,0,,,27,14,13,2,2,0,25,12,13,12,7,5,24,11,13,24,11,13,13,5,8,10,3,7,4,1,3,2,0,2,0,0,0,7,7,0,1,1,3,2,0,0,7,3,4,0,6,0,0,0
55406552,1,,55406534,27,12,15,0,0,0,29,13,16,10,3,7,29,13,16,29,13,16,19,10,9,8,3,5,3,1,2,0,0,0,0,0,0,12,12,4,5,2,1,1,0,0,8,6,2,0,12,0,4,4
55406553,0,,,13,7,6,0,0,0,13,7,6,5,3,2,13,7,6,13,7,6,8,4,4,6,3,3,3,2,1,1,1,0,0,0,0,6,6,1,3,2,0,0,0,0,5,3,2,0,6,0,1,2
55406554,0,,,16,9,7,1,0,1,15,9,6,9,7,2,14,8,6,14,8,6,6,2,4,4,1,3,0,0,0,0,0,0,0,0,0,6,6,2,1,1,1,1,0,0,4,2,2,0,5,0,1,0
55406555,0,,,10,6,4,0,0,0,10,6,4,3,2,1,10,6,4,10,6,4,7,4,3,5,2,3,1,0,1,0,0,0,0,0,0,5,5,1,3,1,0,0,0,0,4,3,1,0,4,0,1,2
55406558,1,,55406569,42,21,21,0,0,0,44,21,23,20,12,8,44,21,23,44,21,23,24,9,15,17,4,13,9,2,7,0,0,0,0,0,0,20,20,7,7,5,2,0,0,0,14,12,2,0,17,0,5,4
55406559,0,,,24,11,13,1,1,0,23,10,13,14,6,8,23,10,13,23,10,13,9,4,5,5,1,4,1,0,1,0,0,0,0,0,0,9,9,1,5,1,0,2,0,0,8,6,2,0,7,0,1,3
55406560,0,,,66,39,27,3,2,1,63,37,26,37,24,13,60,36,24,59,35,24,26,13,13,13,5,8,5,2,3,1,0,1,0,0,0,25,25,7,6,6,4,1,0,1,18,13,5,1,18,1,2,2
55406561,2,55406570,,6,4,2,*,*,*,*,*,*,*,*,*,*,*,*,*,*,*,*,*,*,*,*,*,*,*,*,*,*,*,*,*,*,1,1,*,*,*,*,*,*,*,*,*,*,*,*,*,*,*
55406562,1,,55406571;55406572,19,9,10,0,0,0,25,12,13,9,7,2,25,12,13,25,12,13,16,5,11,10,2,8,3,0,3,0,0,0,0,0,0,8,8,0,9,1,1,0,0,0,11,8,3,0,11,0,0,3
55406563,2,55406564,,7,3,4,*,*,*,*,*,*,*,*,*,*,*,*,*,*,*,*,*,*,*,*,*,*,*,*,*,*,*,*,*,*,2,2,*,*,*,*,*,*,*,*,*,*,*,*,*,*,*
55406564,1,,55406563,8,2,6,1,0,1,14,5,9,5,1,4,13,5,8,13,5,8,9,4,5,5,2,3,2,1,1,0,0,0,0,0,0,3,3,0,2,2,0,1,0,0,5,3,2,1,5,0,0,1
55406565,0,,,16,8,8,0,0,0,16,8,8,5,3,2,16,8,8,16,8,8,11,5,6,5,3,2,2,1,1,0,0,0,0,0,0,5,5,1,1,1,1,0,1,0,4,1,3,0,5,0,1,1
55406566,2,55406576,,2,1,1,*,*,*,*,*,*,*,*,*,*,*,*,*,*,*,*,*,*,*,*,*,*,*,*,*,*,*,*,*,*,1,1,*,*,*,*,*,*,*,*,*,*,*,*,*,*,*
55406567,2,55406576,,8,6,2,*,*,*,*,*,*,*,*,*,*,*,*,*,*,*,*,*,*,*,*,*,*,*,*,*,*,*,*,*,*,3,3,*,*,*,*,*,*,*,*,*,*,*,*,*,*,*
55406569,2,55406558,,2,0,2,*,*,*,*,*,*,*,*,*,*,*,*,*,*,*,*,*,*,*,*,*,*,*,*,*,*,*,*,*,*,1,1,*,*,*,*,*,*,*,*,*,*,*,*,*,*,*
55406570,1,,55406561,33,15,18,3,2,1,36,17,19,16,7,9,34,16,18,34,16,18,20,10,10,8,4,4,2,0,2,0,0,0,0,0,0,14,14,3,7,2,0,2,1,0,12,9,3,1,11,0,1,6
55406571,2,55406562,,4,2,2,*,*,*,*,*,*,*,*,*,*,*,*,*,*,*,*,*,*,*,*,*,*,*,*,*,*,*,*,*,*,2,2,*,*,*,*,*,*,*,*,*,*,*,*,*,*,*
55406572,2,55406562,,2,1,1,*,*,*,*,*,*,*,*,*,*,*,*,*,*,*,*,*,*,*,*,*,*,*,*,*,*,*,*,*,*,1,1,*,*,*,*,*,*,*,*,*,*,*,*,*,*,*
55406576,1,,55406566;55406567;55406587,20,11,9,0,0,0,35,20,15,17,10,7,35,20,15,35,20,15,18,10,8,13,7,6,2,2,0,0,0,0,0,0,0,6,6,0,5,4,2,1,0,0,12,9,3,0,11,0,0,3
55406578,2,55406588,,7,3,4,*,*,*,*,*,*,*,*,*,*,*,*,*,*,*,*,*,*,*,*,*,*,*,*,*,*,*,*,*,*,2,2,*,*,*,*,*,*,*,*,*,*,*,*,*,*,*
55406580,0,,,65,36,29,5,3,2,60,33,27,38,21,17,58,32,26,56,32,24,22,12,10,12,6,6,3,1,2,1,1,0,0,0,0,19,19,4,4,3,3,1,2,2,15,4,11,2,14,0,3,1
55406581,0,,,14,7,7,0,0,0,14,7,7,8,4,4,13,7,6,13,7,6,6,3,3,4,2,2,0,0,0,0,0,0,0,0,0,6,6,1,2,3,0,0,0,0,5,4,1,0,4,0,1,1
55406582,0,,,21,9,12,0,0,0,21,9,12,7,3,4,21,9,12,21,9,12,14,6,8,5,1,4,5,1,4,0,0,0,0,0,0,10,10,3,4,2,1,0,0,0,7,5,2,0,9,0,2,4
55406583,2,55406592,,15,6,9,*,*,*,*,*,*,*,*,*,*,*,*,*,*,*,*,*,*,*,*,*,*,*,*,*,*,*,*,*,*,2,2,*,*,*,*,*,*,*,*,*,*,*,*,*,*,*
55406584,2,55406585,,3,2,1,*,*,*,*,*,*,*,*,*,*,*,*,*,*,*,*,*,*,*,*,*,*,*,*,*,*,*,*,*,*,3,3,*,*,*,*,*,*,*,*,*,*,*,*,*,*,*
55406585,1,,55406584,26,11,15,0,0,0,29,13,16,15,8,7,27,11,16,27,11,16,14,5,9,7,2,5,3,0,3,0,0,0,0,0,0,11,11,8,3,1,0,0,2,0,6,4,2,0,10,0,4,3
55406586,0,,,13,4,9,0,0,0,13,4,9,5,2,3,13,4,9,13,4,9,8,2,6,4,0,4,2,0,2,1,0,1,0,0,0,7,7,2,4,1,0,0,0,0,5,4,1,0,5,0,1,1
55406587,2,55406576,,5,2,3,*,*,*,*,*,*,*,*,*,*,*,*,*,*,*,*,*,*,*,*,*,*,*,*,*,*,*,*,*,*,2,2,*,*,*,*,*,*,*,*,*,*,*,*,*,*,*
55406588,1,,55406578,15,9,6,0,0,0,22,12,10,8,5,3,22,12,10,22,12,10,14,7,7,9,5,4,4,2,2,0,0,0,0,0,0,7,7,2,2,4,1,0,0,0,7,3,4,0,8,0,1,1
55406590,0,,,29,16,13,4,2,2,25,14,11,13,7,6,22,12,10,22,12,10,12,7,5,5,2,3,0,0,0,0,0,0,0,0,0,10,10,1,5,1,1,1,1,0,9,6,3,0,9,0,1,3
55406591,0,,,21,11,10,0,0,0,21,11,10,6,3,3,21,11,10,21,11,10,15,8,7,7,3,4,0,0,0,0,0,0,0,0,0,9,9,2,3,3,1,0,0,0,7,6,1,0,9,0,2,2
55406592,1,,55406583,31,17,14,5,2,3,41,21,20,23,11,12,41,21,20,41,21,20,18,10,8,12,6,6,4,2,2,0,0,0,0,0,0,13,13,4,4,2,2,1,1,1,11,7,4,2,12,0,3,3
55406593,0,,,106,58,48,12,9,3,94,49,45,55,33,22,93,48,45,91,46,45,39,16,23,24,10,14,8,2,6,1,0,1,1,0,1,32,32,8,4,3,11,2,1,3,24,12,12,2,29,0,7,1
55406594,0,,,25,13,12,4,2,2,21,11,10,13,7,6,21,11,10,20,10,10,8,4,4,3,1,2,1,0,1,0,0,0,0,0,0,8,8,1,1,3,2,1,0,0,7,5,2,2,5,0,0,0
55406595,0,,,16,9,7,2,1,1,14,8,6,11,7,4,14,8,6,14,8,6,3,1,2,2,0,2,1,0,1,0,0,0,0,0,0,6,6,2,2,1,0,0,0,1,4,3,1,1,3,0,0,1
55406597,0,,,38,18,20,0,0,0,38,18,20,15,7,8,38,18,20,38,18,20,23,11,12,13,6,7,2,0,2,0,0,0,0,0,0,22,22,8,12,2,0,0,0,0,14,13,1,0,18,0,4,3
55406598,1,,55406599,50,22,28,1,1,0,52,23,29,27,10,17,49,22,27,48,22,26,25,13,12,14,7,7,8,4,4,0,0,0,0,0,0,15,15,1,5,4,4,0,1,1,15,10,5,0,13,0,1,3
55406599,2,55406598,,3,2,1,*,*,*,*,*,*,*,*,*,*,*,*,*,*,*,*,*,*,*,*,*,*,*,*,*,*,*,*,*,*,1,1,*,*,*,*,*,*,*,*,*,*,*,*,*,*,*
55406601,2,55406624,,1,1,0,*,*,*,*,*,*,*,*,*,*,*,*,*,*,*,*,*,*,*,*,*,*,*,*,*,*,*,*,*,*,1,1,*,*,*,*,*,*,*,*,*,*,*,*,*,*,*
55406602,2,55406624,,2,1,1,*,*,*,*,*,*,*,*,*,*,*,*,*,*,*,*,*,*,*,*,*,*,*,*,*,*,*,*,*,*,1,1,*,*,*,*,*,*,*,*,*,*,*,*,*,*,*
55406606,2,55406616,,4,3,1,*,*,*,*,*,*,*,*,*,*,*,*,*,*,*,*,*,*,*,*,*,*,*,*,*,*,*,*,*,*,2,2,*,*,*,*,*,*,*,*,*,*,*,*,*,*,*
55406607,0,,,11,5,6,0,0,0,11,5,6,7,4,3,11,5,6,11,5,6,4,1,3,3,0,3,2,0,2,0,0,0,0,0,0,5,5,1,2,2,0,0,0,0,4,3,1,0,3,0,1,0
55406608,0,,,29,13,16,0,0,0,29,13,16,12,5,7,28,13,15,28,13,15,17,8,9,8,2,6,7,2,5,0,0,0,0,0,0,11,11,1,3,6,1,0,0,0,10,8,2,0,10,0,1,2
55406615,2,55406625,,7,3,4,*,*,*,*,*,*,*,*,*,*,*,*,*,*,*,*,*,*,*,*,*,*,*,*,*,*,*,*,*,*,3,3,*,*,*,*,*,*,*,*,*,*,*,*,*,*,*
55406616,1,,55406606,42,19,23,0,0,0,46,22,24,22,11,11,45,21,24,44,21,23,24,11,13,11,3,8,9,3,6,0,0,0,1,0,1,21,21,8,8,6,1,0,0,0,15,9,6,0,18,0,7,3
55406623,2,55406624,,8,5,3,*,*,*,*,*,*,*,*,*,*,*,*,*,*,*,*,*,*,*,*,*,*,*,*,*,*,*,*,*,*,5,5,*,*,*,*,*,*,*,*,*,*,*,*,*,*,*
55406624,1,,55406601;55406602;55406623,19,12,7,1,1,0,29,18,11,16,11,5,28,17,11,28,17,11,13,7,6,5,3,2,1,0,1,0,0,0,0,0,0,5,5,4,5,0,1,1,0,1,8,5,3,0,9,0,2,3
55406625,1,,55406615,6,2,4,2,1,1,11,4,7,8,3,5,11,4,7,11,4,7,3,1,2,1,0,1,1,0,1,0,0,0,0,0,0,2,2,3,0,0,0,2,0,0,2,1,1,1,3,0,1,0
55406627,0,,,19,9,10,1,0,1,18,9,9,12,7,5,18,9,9,18,9,9,6,2,4,2,1,1,0,0,0,0,0,0,0,0,0,7,7,2,0,3,2,0,0,0,4,4,0,1,5,0,2,0
55406640,1,,55406641;55406660;55406662,95,42,53,2,2,0,99,42,57,53,25,28,97,42,55,95,41,54,46,17,29,31,9,22,16,4,12,0,0,0,4,0,4,46,46,23,12,12,2,2,0,0,28,25,3,0,34,0,13,6
55406641,2,55406640,,3,0,3,*,*,*,*,*,*,*,*,*,*,*,*,*,*,*,*,*,*,*,*,*,*,*,*,*,*,*,*,*,*,3,3,*,*,*,*,*,*,*,*,*,*,*,*,*,*,*
55406660,2,55406640,,2,1,1,*,*,*,*,*,*,*,*,*,*,*,*,*,*,*,*,*,*,*,*,*,*,*,*,*,*,*,*,*,*,1,1,*,*,*,*,*,*,*,*,*,*,*,*,*,*,*
55406662,2,55406640,,1,1,0,*,*,*,*,*,*,*,*,*,*,*,*,*,*,*,*,*,*,*,*,*,*,*,*,*,*,*,*,*,*,1,1,*,*,*,*,*,*,*,*,*,*,*,*,*,*,*
55406663,1,,55406687;55406697;55406698,18,9,9,2,1,1,27,15,12,12,6,6,27,15,12,27,15,12,15,9,6,6,3,3,3,1,2,0,0,0,0,0,0,7,7,4,1,5,2,0,0,0,8,5,3,0,11,0,4,0
55406670,2,55406671,,7,5,2,*,*,*,*,*,*,*,*,*,*,*,*,*,*,*,*,*,*,*,*,*,*,*,*,*,*,*,*,*,*,4,4,*,*,*,*,*,*,*,*,*,*,*,*,*,*,*
55406671,1,,55406670;55406681;55406690;55406691,9,5,4,0,0,0,25,17,8,9,7,2,25,17,8,25,17,8,16,10,6,7,4,3,2,2,0,0,0,0,0,0,0,5,5,8,4,3,0,0,0,0,7,6,1,0,12,0,6,2
55406681,2,55406671,,4,3,1,*,*,*,*,*,*,*,*,*,*,*,*,*,*,*,*,*,*,*,*,*,*,*,*,*,*,*,*,*,*,3,3,*,*,*,*,*,*,*,*,*,*,*,*,*,*,*
55406687,2,55406663,,2,1,1,*,*,*,*,*,*,*,*,*,*,*,*,*,*,*,*,*,*,*,*,*,*,*,*,*,*,*,*,*,*,1,1,*,*,*,*,*,*,*,*,*,*,*,*,*,*,*
55406690,2,55406671,,2,2,0,*,*,*,*,*,*,*,*,*,*,*,*,*,*,*,*,*,*,*,*,*,*,*,*,*,*,*,*,*,*,2,2,*,*,*,*,*,*,*,*,*,*,*,*,*,*,*
55406691,2,55406671,,3,2,1,*,*,*,*,*,*,*,*,*,*,*,*,*,*,*,*,*,*,*,*,*,*,*,*,*,*,*,*,*,*,1,1,*,*,*,*,*,*,*,*,*,*,*,*,*,*,*
55406697,2,55406663,,6,4,2,*,*,*,*,*,*,*,*,*,*,*,*,*,*,*,*,*,*,*,*,*,*,*,*,*,*,*,*,*,*,3,3,*,*,*,*,*,*,*,*,*,*,*,*,*,*,*
55406698,2,55406663,,3,2,1,*,*,*,*,*,*,*,*,*,*,*,*,*,*,*,*,*,*,*,*,*,*,*,*,*,*,*,*,*,*,1,1,*,*,*,*,*,*,*,*,*,*,*,*,*,*,*
55406705,0,,,63,28,35,4,2,2,59,26,33,34,14,20,58,25,33,57,24,33,25,12,13,10,5,5,3,1,2,0,0,0,0,0,0,26,26,9,8,3,3,2,0,1,17,12,5,1,17,0,6,6
55406706,0,,,91,52,39,8,6,2,83,46,37,53,31,22,82,45,37,81,45,36,30,15,15,17,6,11,7,2,5,0,0,0,0,0,0,31,31,4,10,6,8,1,2,0,27,19,8,0,19,0,3,6
55406707,1,,55406717,144,79,65,20,11,9,136,77,59,90,56,34,135,76,59,133,76,57,46,21,25,21,10,11,4,2,2,0,0,0,3,3,0,60,60,21,23,12,7,5,0,0,46,42,4,5,32,2,7,6
55406709,0,,,227,89,138,16,8,8,209,80,129,58,30,28,205,78,127,204,78,126,151,50,101,112,31,81,68,10,58,17,0,17,1,0,1,62,57,17,18,10,8,4,0,0,40,36,4,4,39,1,10,14
55406715,0,,,77,36,41,4,1,3,73,35,38,41,19,22,71,35,36,71,35,36,32,16,16,13,5,8,3,1,2,0,0,0,0,0,0,29,29,5,11,7,2,3,1,0,23,17,6,1,19,0,1,6
55406716,0,,,72,39,33,3,0,3,68,38,30,40,25,15,67,38,29,67,38,29,28,13,15,11,3,8,5,1,4,0,0,0,0,0,0,31,31,9,10,8,2,1,1,0,22,19,3,1,21,0,6,4
55406717,2,55406707,,12,9,3,*,*,*,*,*,*,*,*,*,*,*,*,*,*,*,*,*,*,*,*,*,*,*,*,*,*,*,*,*,*,8,8,*,*,*,*,*,*,*,*,*,*,*,*,*,*,*
55406718,0,,,46,26,20,4,2,2,42,24,18,19,12,7,42,24,18,42,24,18,23,12,11,12,6,6,5,4,1,0,0,0,1,0,1,19,19,3,8,5,3,0,0,0,16,15,1,0,16,0,3,3
55406719,0,,,149,118,31,1,1,0,102,71,31,61,48,13,102,71,31,102,71,31,41,23,18,17,7,10,4,1,3,0,0,0,0,0,0,113,113,94,10,3,4,2,0,0,19,13,6,0,29,0,13,7
55406725,0,,,27,18,9,1,0,1,26,18,8,16,14,2,26,18,8,25,17,8,10,4,6,4,2,2,0,0,0,0,0,0,0,0,0,16,16,11,2,2,0,0,1,0,5,4,1,0,6,0,2,2
55406726,0,,,31,20,11,1,1,0,28,17,11,15,10,5,27,17,10,27,17,10,13,7,6,6,4,2,2,2,0,0,0,0,0,0,0,17,17,8,5,3,1,0,0,0,9,7,2,1,9,0,3,2
55406729,0,,,159,152,7,0,0,0,48,41,7,38,36,2,48,41,7,48,41,7,10,5,5,5,2,3,1,0,1,0,0,0,0,0,0,153,153,148,4,1,0,0,0,0,5,5,0,0,7,2,4,2
55406736,0,,,89,42,47,5,2,3,84,40,44,49,26,23,82,38,44,81,38,43,35,14,21,21,6,15,9,2,7,0,0,0,0,0,0,29,29,5,7,10,1,1,4,1,24,10,14,0,24,0,4,3
55406737,0,,,110,63,47,7,4,3,103,59,44,63,40,23,102,58,44,102,58,44,40,19,21,13,3,10,7,2,5,0,0,0,0,0,0,45,45,17,9,8,5,5,1,0,26,16,10,3,26,1,4,7
55406738,2,55406748,,9,7,2,*,*,*,*,*,*,*,*,*,*,*,*,*,*,*,*,*,*,*,*,*,*,*,*,*,*,*,*,*,*,6,6,*,*,*,*,*,*,*,*,*,*,*,*,*,*,*
55406739,0,,,201,106,95,17,11,6,183,94,89,114,57,57,180,91,89,175,89,86,69,37,32,35,19,16,6,3,3,1,1,0,1,0,1,73,73,10,27,19,10,4,2,1,63,49,14,9,43,0,7,15
55406745,2,55406746,,5,2,3,*,*,*,*,*,*,*,*,*,*,*,*,*,*,*,*,*,*,*,*,*,*,*,*,*,*,*,*,*,*,3,3,*,*,*,*,*,*,*,*,*,*,*,*,*,*,*
55406746,1,,55406745,44,25,19,4,2,2,45,25,20,26,15,11,43,24,19,43,24,19,19,10,9,9,5,4,3,2,1,0,0,0,0,0,0,16,16,5,5,4,3,2,0,0,14,11,3,0,11,0,1,2
55406747,1,,55406757,53,26,27,6,3,3,50,25,25,25,10,15,49,25,24,48,25,23,25,15,10,7,4,3,2,0,2,0,0,0,0,0,0,17,17,2,6,4,2,2,2,0,16,13,3,0,16,0,2,4
55406748,1,,55406738,85,42,43,9,5,4,84,43,41,56,28,28,83,43,40,80,42,38,28,15,13,12,5,7,4,2,2,0,0,0,0,0,0,29,28,11,6,8,5,3,1,0,22,16,6,3,18,0,4,3
55406749,0,,,366,184,182,24,9,15,323,157,166,176,94,82,320,155,165,315,154,161,147,63,84,72,32,40,25,8,17,1,0,1,1,0,1,180,179,79,54,21,17,6,1,1,99,77,22,7,97,4,30,23
55406755,2,55406766,,3,2,1,*,*,*,*,*,*,*,*,*,*,*,*,*,*,*,*,*,*,*,*,*,*,*,*,*,*,*,*,*,*,2,2,*,*,*,*,*,*,*,*,*,*,*,*,*,*,*
55406757,2,55406747,,3,2,1,*,*,*,*,*,*,*,*,*,*,*,*,*,*,*,*,*,*,*,*,*,*,*,*,*,*,*,*,*,*,1,1,*,*,*,*,*,*,*,*,*,*,*,*,*,*,*
55406758,0,,,151,69,82,17,7,10,134,62,72,74,36,38,133,61,72,131,61,70,60,26,34,19,6,13,9,2,7,1,0,1,1,0,1,62,62,16,20,15,8,2,0,1,46,41,5,5,41,0,14,11
55406759,0,,,919,470,449,126,68,58,792,401,391,517,278,239,732,368,364,709,360,349,275,123,152,124,49,75,35,13,22,1,0,1,24,14,10,377,375,144,104,67,36,13,8,3,230,194,36,23,185,19,56,52
55406766,1,,55406755,20,12,8,0,0,0,22,13,9,18,12,6,22,13,9,22,13,9,4,1,3,3,0,3,2,0,2,0,0,0,0,0,0,14,14,12,3,0,0,1,0,0,4,3,1,0,4,1,2,0
55406767,0,,,336,235,101,11,6,5,311,215,96,226,171,55,308,213,95,307,212,95,85,44,41,25,7,18,10,2,8,0,0,0,5,5,0,215,215,154,28,13,14,5,1,0,61,47,14,3,60,2,23,13
55406768,0,,,130,82,48,4,1,3,123,78,45,82,58,24,120,76,44,117,75,42,41,20,21,18,8,10,5,1,4,1,0,1,1,1,0,83,83,60,12,4,3,3,0,1,23,19,4,1,29,3,15,8
55406769,0,,,18,12,6,2,2,0,15,9,6,10,7,3,14,9,5,14,9,5,5,2,3,2,1,1,0,0,0,0,0,0,0,0,0,8,8,4,0,3,0,1,0,0,4,3,1,0,3,0,0,0
55406776,0,,,11,7,4,0,0,0,11,7,4,5,4,1,11,7,4,11,7,4,6,3,3,4,2,2,1,1,0,0,0,0,0,0,0,5,5,2,2,0,0,1,0,0,3,2,1,0,4,0,1,1
55406777,0,,,65,39,26,13,9,4,48,26,22,36,20,16,46,25,21,45,25,20,12,6,6,4,2,2,1,0,1,0,0,0,0,0,0,26,26,9,9,1,4,1,1,1,17,16,1,2,8,1,1,2
55406778,0,,,97,46,51,9,5,4,88,41,47,48,23,25,85,40,45,83,39,44,40,18,22,11,4,7,5,1,4,0,0,0,1,0,1,40,40,11,14,7,4,3,1,0,29,24,5,2,27,0,8,6
55406779,0,,,429,279,150,32,15,17,367,235,132,254,178,76,365,234,131,362,231,131,113,57,56,44,23,21,9,5,4,0,0,0,15,15,0,253,253,154,52,25,16,4,2,0,99,85,14,7,75,13,20,28
55406782,0,,,10,6,4,0,0,0,10,6,4,3,1,2,10,6,4,10,6,4,7,5,2,2,1,1,2,1,1,0,0,0,0,0,0,6,6,3,2,1,0,0,0,0,3,3,0,0,6,0,3,0
55406787,0,,,17,12,5,0,0,0,17,12,5,11,8,3,17,12,5,17,12,5,6,4,2,3,2,1,1,0,1,0,0,0,0,0,0,12,12,8,3,1,0,0,0,0,4,3,1,0,5,1,2,2
55406788,0,,,29,29,0,0,0,0,29,29,0,29,29,0,29,29,0,29,29,0,0,0,0,0,0,0,0,0,0,0,0,0,0,0,0,29,29,29,0,0,0,0,0,0,0,0,0,0,0,3,0,0
55406789,1,,55406799,151,143,8,0,0,0,86,77,9,71,64,7,86,77,9,86,77,9,15,13,2,1,0,1,1,0,1,0,0,0,10,10,0,148,148,146,1,2,0,0,0,0,3,2,1,0,15,8,12,0
55406797,0,,,14,7,7,0,0,0,14,7,7,2,1,1,14,7,7,14,7,7,12,6,6,1,1,0,0,0,0,0,0,0,0,0,0,7,7,0,7,0,0,0,0,0,6,6,0,0,6,0,0,5
55406799,2,55406789,,3,1,2,*,*,*,*,*,*,*,*,*,*,*,*,*,*,*,*,*,*,*,*,*,*,*,*,*,*,*,*,*,*,1,1,*,*,*,*,*,*,*,*,*,*,*,*,*,*,*
55407001,2,55407003,,2,1,1,*,*,*,*,*,*,*,*,*,*,*,*,*,*,*,*,*,*,*,*,*,*,*,*,*,*,*,*,*,*,2,2,*,*,*,*,*,*,*,*,*,*,*,*,*,*,*
55407002,2,55407003,,9,3,6,*,*,*,*,*,*,*,*,*,*,*,*,*,*,*,*,*,*,*,*,*,*,*,*,*,*,*,*,*,*,8,8,*,*,*,*,*,*,*,*,*,*,*,*,*,*,*
55407003,1,,55407001;55407002;55407014,18,7,11,0,0,0,36,13,23,32,11,21,36,13,23,36,13,23,4,2,2,3,1,2,1,1,0,0,0,0,17,7,10,18,18,34,1,0,0,0,0,0,1,1,0,0,3,10,2,1
55407014,2,55407003,,7,2,5,*,*,*,*,*,*,*,*,*,*,*,*,*,*,*,*,*,*,*,*,*,*,*,*,*,*,*,*,*,*,7,7,*,*,*,*,*,*,*,*,*,*,*,*,*,*,*
55407020,0,,,14,9,5,2,2,0,12,7,5,5,3,2,12,7,5,12,7,5,7,4,3,3,2,1,1,1,0,0,0,0,0,0,0,4,4,1,0,0,2,1,0,0,2,0,2,0,4,0,1,0
55407021,2,55407022,,2,1,1,*,*,*,*,*,*,*,*,*,*,*,*,*,*,*,*,*,*,*,*,*,*,*,*,*,*,*,*,*,*,2,2,*,*,*,*,*,*,*,*,*,*,*,*,*,*,*
55407022,1,,55407021;55407023,41,22,19,0,0,0,45,24,21,15,9,6,45,24,21,45,24,21,30,15,15,17,7,10,10,4,6,1,1,0,0,0,0,18,18,6,8,5,2,0,0,0,15,9,6,0,19,0,4,5
55407023,2,55407022,,2,1,1,*,*,*,*,*,*,*,*,*,*,*,*,*,*,*,*,*,*,*,*,*,*,*,*,*,*,*,*,*,*,1,1,*,*,*,*,*,*,*,*,*,*,*,*,*,*,*
55407030,0,,,49,22,27,2,2,0,47,20,27,19,11,8,47,20,27,46,20,26,28,9,19,11,3,8,8,2,6,0,0,0,0,0,0,21,21,8,6,4,1,0,1,1,13,5,8,0,16,1,4,3
55407031,0,,,25,11,14,0,0,0,25,11,14,4,3,1,25,11,14,25,11,14,21,8,13,14,6,8,5,1,4,1,0,1,0,0,0,14,14,8,2,3,1,0,0,0,6,4,2,0,13,0,7,2
55407034,1,,55407035;55407044;55407054,68,29,39,5,2,3,72,32,40,27,12,15,71,32,39,71,32,39,45,20,25,21,8,13,9,2,7,1,0,1,1,0,1,22,22,5,8,7,5,3,0,0,22,14,8,1,26,0,4,6
55407035,2,55407034,,5,2,3,*,*,*,*,*,*,*,*,*,*,*,*,*,*,*,*,*,*,*,*,*,*,*,*,*,*,*,*,*,*,4,4,*,*,*,*,*,*,*,*,*,*,*,*,*,*,*
55407044,2,55407034,,3,2,1,*,*,*,*,*,*,*,*,*,*,*,*,*,*,*,*,*,*,*,*,*,*,*,*,*,*,*,*,*,*,1,1,*,*,*,*,*,*,*,*,*,*,*,*,*,*,*
55407054,2,55407034,,1,1,0,*,*,*,*,*,*,*,*,*,*,*,*,*,*,*,*,*,*,*,*,*,*,*,*,*,*,*,*,*,*,1,1,*,*,*,*,*,*,*,*,*,*,*,*,*,*,*
55407055,1,,55407064;55407073,17,8,9,0,0,0,20,8,12,3,2,1,20,8,12,20,8,12,17,6,11,13,5,8,6,1,5,0,0,0,0,0,0,11,11,10,2,2,0,0,0,0,4,3,1,0,14,0,10,2
55407064,2,55407055,,2,0,2,*,*,*,*,*,*,*,*,*,*,*,*,*,*,*,*,*,*,*,*,*,*,*,*,*,*,*,*,*,*,2,2,*,*,*,*,*,*,*,*,*,*,*,*,*,*,*
55407073,2,55407055,,1,0,1,*,*,*,*,*,*,*,*,*,*,*,*,*,*,*,*,*,*,*,*,*,*,*,*,*,*,*,*,*,*,1,1,*,*,*,*,*,*,*,*,*,*,*,*,*,*,*
55407103,0,,,28,11,17,0,0,0,28,11,17,14,5,9,27,11,16,27,11,16,14,6,8,9,3,6,3,0,3,0,0,0,0,0,0,8,8,0,3,1,2,1,1,0,8,3,5,0,7,0,0,2
55407104,2,55407115,,2,1,1,*,*,*,*,*,*,*,*,*,*,*,*,*,*,*,*,*,*,*,*,*,*,*,*,*,*,*,*,*,*,1,1,*,*,*,*,*,*,*,*,*,*,*,*,*,*,*
55407105,2,55407115,,15,8,7,*,*,*,*,*,*,*,*,*,*,*,*,*,*,*,*,*,*,*,*,*,*,*,*,*,*,*,*,*,*,3,3,*,*,*,*,*,*,*,*,*,*,*,*,*,*,*
55407106,2,55407116,,5,2,3,*,*,*,*,*,*,*,*,*,*,*,*,*,*,*,*,*,*,*,*,*,*,*,*,*,*,*,*,*,*,3,3,*,*,*,*,*,*,*,*,*,*,*,*,*,*,*
55407107,0,,,39,19,20,7,4,3,32,15,17,19,8,11,32,15,17,32,15,17,13,7,6,6,3,3,1,0,1,0,0,0,0,0,0,9,9,0,0,6,0,0,1,2,9,5,4,1,8,0,0,0
55407108,0,,,143,76,67,21,14,7,122,62,60,77,40,37,118,60,58,115,58,57,45,22,23,20,6,14,7,1,6,1,0,1,0,0,0,36,36,2,8,8,2,10,3,3,34,13,21,3,27,0,1,3
55407109,1,,55407119,237,118,119,22,13,9,226,109,117,114,56,58,220,104,116,219,103,116,112,53,59,48,18,30,19,6,13,3,0,3,3,0,3,73,73,13,18,16,10,7,5,6,62,30,32,4,65,0,9,11
55407114,0,,,50,27,23,8,7,1,42,20,22,26,12,14,39,19,20,39,19,20,16,8,8,9,3,6,1,0,1,0,0,0,0,0,0,11,11,0,2,2,3,0,0,4,11,2,9,2,9,0,0,0
55407115,1,,55407104;55407105,229,121,108,23,11,12,223,119,104,130,72,58,214,111,103,208,109,99,93,47,46,40,16,24,15,7,8,2,0,2,0,0,0,74,74,13,27,9,13,4,7,5,65,34,31,3,57,0,10,10
55407116,1,,55407106,138,61,77,7,4,3,136,59,77,81,34,47,132,58,74,126,56,70,55,25,30,15,6,9,4,0,4,0,0,0,0,0,0,40,40,3,16,11,3,2,4,4,40,24,16,3,34,0,1,7
55407117,0,,,121,58,63,12,6,6,109,52,57,57,28,29,107,51,56,105,50,55,52,24,28,22,9,13,8,1,7,2,0,2,0,0,0,31,31,0,7,9,6,3,3,3,31,15,16,4,29,0,0,5
55407119,2,55407109,,11,4,7,*,*,*,*,*,*,*,*,*,*,*,*,*,*,*,*,*,*,*,*,*,*,*,*,*,*,*,*,*,*,2,2,*,*,*,*,*,*,*,*,*,*,*,*,*,*,*
55407122,0,,,26,12,14,0,0,0,26,12,14,10,5,5,26,12,14,26,12,14,16,7,9,11,4,7,4,1,3,1,0,1,0,0,0,8,8,0,1,4,3,0,0,0,8,3,5,0,8,0,0,0
55407123,0,,,70,39,31,4,3,1,66,36,30,31,19,12,64,34,30,64,34,30,35,17,18,20,7,13,8,2,6,0,0,0,0,0,0,22,22,2,8,4,3,3,1,1,20,8,12,1,21,0,1,3
55407124,1,,55407125,140,65,75,22,11,11,121,55,66,70,32,38,120,55,65,117,52,65,51,23,28,19,6,13,11,4,7,0,0,0,0,0,0,36,36,3,6,9,8,3,4,4,34,10,24,6,33,0,2,4
55407125,2,55407124,,3,1,2,*,*,*,*,*,*,*,*,*,*,*,*,*,*,*,*,*,*,*,*,*,*,*,*,*,*,*,*,*,*,1,1,*,*,*,*,*,*,*,*,*,*,*,*,*,*,*
55407128,0,,,45,21,24,2,0,2,43,21,22,23,11,12,41,20,21,41,20,21,20,10,10,8,4,4,3,1,2,1,1,0,0,0,0,10,10,0,1,2,2,2,2,1,10,2,8,1,10,0,0,1
55407129,0,,,34,17,17,0,0,0,34,17,17,14,7,7,33,17,16,32,17,15,20,10,10,8,3,5,2,0,2,0,0,0,1,0,1,14,14,2,8,2,1,0,1,0,12,8,4,0,11,0,2,5
55407132,0,,,73,35,38,3,2,1,70,33,37,46,24,22,70,33,37,70,33,37,24,9,15,12,3,9,4,0,4,0,0,0,0,0,0,23,23,4,7,3,4,3,0,2,18,11,7,0,15,2,0,3
55407133,0,,,203,103,100,31,16,15,172,87,85,105,57,48,164,85,79,161,82,79,67,30,37,31,10,21,15,3,12,0,0,0,1,0,1,52,52,10,5,10,8,8,2,9,42,16,26,5,40,0,8,4
55407134,2,55407144,,13,7,6,*,*,*,*,*,*,*,*,*,*,*,*,*,*,*,*,*,*,*,*,*,*,*,*,*,*,*,*,*,*,3,3,*,*,*,*,*,*,*,*,*,*,*,*,*,*,*
55407135,0,,,14,6,8,1,0,1,13,6,7,4,1,3,13,6,7,13,6,7,9,5,4,5,2,3,2,0,2,0,0,0,0,0,0,5,5,1,1,1,2,0,0,0,4,2,2,0,5,0,1,0
55407137,2,55407147,,10,3,7,*,*,*,*,*,*,*,*,*,*,*,*,*,*,*,*,*,*,*,*,*,*,*,*,*,*,*,*,*,*,4,4,*,*,*,*,*,*,*,*,*,*,*,*,*,*,*
55407138,0,,,50,24,26,8,4,4,42,20,22,23,11,12,42,20,22,42,20,22,19,9,10,8,3,5,1,1,0,0,0,0,0,0,0,13,13,0,2,3,5,1,2,0,13,6,7,1,11,0,0,1
55407139,0,,,117,53,64,11,5,6,106,48,58,55,23,32,100,48,52,99,48,51,51,25,26,17,6,11,9,2,7,0,0,0,0,0,0,35,35,2,13,7,5,2,5,1,33,21,12,3,27,0,1,8
55407143,0,,,62,28,34,1,0,1,61,28,33,33,16,17,59,27,32,58,27,31,28,12,16,10,3,7,6,2,4,0,0,0,0,0,0,22,22,6,3,6,4,2,1,0,16,8,8,0,19,0,5,1
55407144,1,,55407134,88,36,52,13,4,9,88,39,49,53,24,29,85,38,47,84,38,46,35,15,20,18,4,14,7,0,7,1,0,1,0,0,0,24,24,2,9,6,0,3,3,4,25,13,12,3,23,0,1,3
55407145,1,,55407155,92,49,43,8,4,4,95,50,45,52,30,22,91,47,44,90,46,44,43,20,23,21,9,12,12,5,7,2,1,1,0,0,0,27,27,3,12,2,4,4,3,2,27,13,14,1,27,0,2,4
55407146,0,,,189,102,87,18,10,8,171,92,79,91,56,35,164,86,78,159,83,76,80,36,44,41,16,25,15,3,12,3,1,2,0,0,0,56,56,7,16,7,13,6,3,4,49,28,21,2,43,0,4,9
55407147,1,,55407137,479,237,242,44,24,20,433,210,223,240,129,111,422,205,217,418,203,215,193,81,112,96,34,62,35,11,24,1,0,1,0,0,0,175,175,36,61,36,22,15,5,4,141,99,42,14,125,2,19,25
55407148,0,,,70,38,32,6,5,1,64,33,31,43,23,20,62,33,29,61,32,29,21,10,11,16,7,9,7,5,2,0,0,0,0,0,0,17,17,4,2,1,2,1,4,3,13,3,10,2,16,0,3,0
55407149,0,,,157,86,71,23,15,8,134,71,63,85,46,39,126,66,60,121,64,57,49,25,24,27,12,15,12,7,5,0,0,0,0,0,0,35,35,2,9,6,2,4,5,7,33,17,16,6,31,0,2,2
55407153,0,,,127,68,59,10,8,2,117,60,57,57,32,25,115,58,57,112,56,56,60,28,32,30,13,17,16,5,11,1,1,0,0,0,0,39,39,4,13,8,5,4,4,1,35,15,20,2,36,0,3,7
55407155,2,55407145,,11,5,6,*,*,*,*,*,*,*,*,*,*,*,*,*,*,*,*,*,*,*,*,*,*,*,*,*,*,*,*,*,*,3,3,*,*,*,*,*,*,*,*,*,*,*,*,*,*,*
55407156,0,,,96,46,50,18,13,5,78,33,45,47,19,28,78,33,45,76,33,43,31,14,17,15,6,9,3,0,3,0,0,0,0,0,0,28,28,6,7,5,2,1,3,4,22,13,9,6,18,0,4,1
55407157,0,,,242,124,118,15,7,8,227,117,110,128,72,56,220,114,106,215,110,105,99,45,54,49,21,28,17,6,11,2,0,2,0,0,0,78,78,14,24,16,4,10,5,5,64,38,26,4,63,0,10,10
55407158,0,,,79,43,36,11,7,4,68,36,32,49,26,23,64,34,30,60,32,28,19,10,9,10,4,6,3,0,3,0,0,0,0,0,0,20,20,2,4,4,5,0,1,4,18,12,6,2,14,0,2,2
55407159,0,,,149,55,94,9,4,5,139,50,89,56,33,23,134,45,89,134,45,89,83,17,66,66,9,57,50,4,46,9,0,9,0,0,0,34,33,9,6,9,3,2,3,1,24,12,12,1,27,0,8,1
55407166,1,,55407167,107,48,59,7,2,5,104,48,56,64,34,30,102,47,55,99,45,54,40,14,26,18,4,14,8,1,7,1,0,1,0,0,0,40,40,8,16,6,7,0,3,1,33,24,9,2,27,0,3,6
55407167,2,55407166,,4,2,2,*,*,*,*,*,*,*,*,*,*,*,*,*,*,*,*,*,*,*,*,*,*,*,*,*,*,*,*,*,*,1,1,*,*,*,*,*,*,*,*,*,*,*,*,*,*,*
55407168,1,,55407169;55407179,25,14,11,2,1,1,29,15,14,15,10,5,29,15,14,29,15,14,14,5,9,6,2,4,2,1,1,0,0,0,0,0,0,6,6,2,1,2,2,0,1,1,7,1,6,0,9,0,2,0
55407169,2,55407168,,1,0,1,*,*,*,*,*,*,*,*,*,*,*,*,*,*,*,*,*,*,*,*,*,*,*,*,*,*,*,*,*,*,1,1,*,*,*,*,*,*,*,*,*,*,*,*,*,*,*
55407170,1,,55407171,18,7,11,2,1,1,26,12,14,9,4,5,26,12,14,26,12,14,17,8,9,6,2,4,3,1,2,0,0,0,0,0,0,10,10,9,3,3,1,0,0,0,7,6,1,0,12,0,7,1
55407171,2,55407170,,10,6,4,*,*,*,*,*,*,*,*,*,*,*,*,*,*,*,*,*,*,*,*,*,*,*,*,*,*,*,*,*,*,6,6,*,*,*,*,*,*,*,*,*,*,*,*,*,*,*
55407175,2,55407176,,3,1,2,*,*,*,*,*,*,*,*,*,*,*,*,*,*,*,*,*,*,*,*,*,*,*,*,*,*,*,*,*,*,1,1,*,*,*,*,*,*,*,*,*,*,*,*,*,*,*
55407176,1,,55407175,137,67,70,12,3,9,128,65,63,70,40,30,127,64,63,126,64,62,58,25,33,33,13,20,18,7,11,2,1,1,0,0,0,43,43,8,8,11,9,3,4,1,36,16,20,1,38,0,7,3
55407177,0,,,85,42,43,6,3,3,79,39,40,39,20,19,74,36,38,74,36,38,40,19,21,16,6,10,4,1,3,0,0,0,0,0,0,29,29,7,8,4,5,3,0,2,22,15,7,1,23,0,6,7
55407178,0,,,108,58,50,5,4,1,103,54,49,56,31,25,98,54,44,97,53,44,47,23,24,21,10,11,8,4,4,0,0,0,0,0,0,36,36,7,10,7,4,6,0,2,29,17,12,1,31,0,7,5
55407179,2,55407168,,5,2,3,*,*,*,*,*,*,*,*,*,*,*,*,*,*,*,*,*,*,*,*,*,*,*,*,*,*,*,*,*,*,2,2,*,*,*,*,*,*,*,*,*,*,*,*,*,*,*
55407186,0,,,133,68,65,18,10,8,115,58,57,62,36,26,110,55,55,108,53,55,53,22,31,21,6,15,5,0,5,2,0,2,0,0,0,37,37,4,10,9,5,2,2,5,33,19,14,2,29,0,3,5
55407187,0,,,22,14,8,1,0,1,21,14,7,10,7,3,21,14,7,21,14,7,11,7,4,2,2,0,1,1,0,0,0,0,0,0,0,9,9,3,2,2,1,1,0,0,6,4,2,1,6,0,2,2
55407188,0,,,160,75,85,5,2,3,155,73,82,91,45,46,154,73,81,152,71,81,64,28,36,41,18,23,12,4,8,1,0,1,0,0,0,58,58,15,14,15,3,8,2,1,43,22,21,1,46,0,9,8
55407189,0,,,179,77,102,4,2,2,175,75,100,98,46,52,169,72,97,165,70,95,77,29,48,41,9,32,10,1,9,1,0,1,0,0,0,62,62,9,17,21,8,5,0,2,53,28,25,0,56,0,7,8
55407198,0,,,191,97,94,8,5,3,183,92,91,109,59,50,179,89,90,178,89,89,74,33,41,38,14,24,10,3,7,2,0,2,0,0,0,60,60,8,20,5,15,7,2,3,52,27,25,3,48,0,6,8
55407199,0,,,168,81,87,23,15,8,145,66,79,79,38,41,135,61,74,131,60,71,66,28,38,31,11,20,14,4,10,0,0,0,0,0,0,43,43,5,11,4,4,9,3,7,37,17,20,2,33,0,2,6
55407200,0,,,169,89,80,19,12,7,150,77,73,92,47,45,147,77,70,145,75,70,58,30,28,24,9,15,7,2,5,0,0,0,0,0,0,50,50,9,10,8,8,11,1,3,41,19,22,4,37,0,6,5
55407201,0,,,101,50,51,7,4,3,94,46,48,63,34,29,92,46,46,90,45,45,31,12,19,21,6,15,6,0,6,0,0,0,0,0,0,29,29,7,4,0,9,4,5,0,22,5,17,2,23,0,5,0
55407202,0,,,38,18,20,5,3,2,33,15,18,23,10,13,32,15,17,30,15,15,10,5,5,4,1,3,2,1,1,0,0,0,0,0,0,7,7,0,1,0,1,2,1,2,7,1,6,1,6,0,0,0
55407203,0,,,175,97,78,29,16,13,146,81,65,84,51,33,142,77,65,140,76,64,62,30,32,23,11,12,12,5,7,2,1,1,1,0,1,46,46,6,10,6,10,5,3,6,39,22,17,7,36,0,4,4
55407204,0,,,321,170,151,32,19,13,289,151,138,173,96,77,278,145,133,275,143,132,116,55,61,50,19,31,27,8,19,0,0,0,0,0,0,100,100,20,24,18,14,12,5,7,80,44,36,9,76,0,17,12
55407205,0,,,196,93,103,19,8,11,177,85,92,104,53,51,172,81,91,170,81,89,73,32,41,35,15,20,9,2,7,2,0,2,1,0,1,60,60,8,15,12,11,9,3,2,51,29,22,4,46,0,5,7
55407206,0,,,1134,529,605,186,90,96,947,439,508,708,335,373,885,412,473,859,403,456,239,104,135,102,42,60,31,6,25,3,0,3,2,0,2,394,394,69,110,87,83,25,13,7,325,264,61,46,166,8,29,35
55407207,0,,,3079,1525,1554,410,218,192,2669,1307,1362,1823,942,881,2551,1249,1302,2490,1213,1277,846,365,481,377,140,237,102,29,73,6,1,5,15,9,6,1224,1219,370,332,219,174,75,34,15,841,686,155,116,562,48,132,146
55407208,0,,,132,67,65,8,5,3,124,62,62,84,46,38,121,60,61,119,59,60,40,16,24,21,8,13,1,0,1,0,0,0,0,0,0,46,46,13,11,8,5,4,3,2,33,19,14,1,26,2,2,4
55407209,0,,,168,58,110,6,2,4,162,56,106,54,30,24,150,46,104,145,42,103,108,26,82,93,16,77,70,11,59,18,2,16,0,0,0,18,16,2,3,1,3,3,2,2,14,4,10,2,12,0,1,1
55407210,2,55407220,,12,7,5,*,*,*,*,*,*,*,*,*,*,*,*,*,*,*,*,*,*,*,*,*,*,*,*,*,*,*,*,*,*,3,3,*,*,*,*,*,*,*,*,*,*,*,*,*,*,*
55407211,0,,,55,23,32,2,2,0,53,21,32,31,10,21,53,21,32,52,21,31,22,11,11,7,3,4,2,1,1,1,0,1,0,0,0,16,16,2,1,6,4,1,2,0,14,8,6,1,14,0,2,1
55407212,0,,,231,118,113,16,9,7,215,109,106,122,65,57,206,106,100,196,99,97,93,44,49,47,19,28,21,5,16,1,1,0,0,0,0,67,67,10,16,17,8,5,3,8,57,26,31,2,56,0,5,7
55407214,0,,,12,6,6,2,1,1,10,5,5,4,2,2,10,5,5,10,5,5,6,3,3,0,0,0,0,0,0,0,0,0,0,0,0,4,4,0,1,2,1,0,0,0,4,4,0,1,3,0,0,1
55407215,0,,,545,261,284,53,29,24,492,232,260,336,160,176,480,224,256,467,219,248,156,72,84,62,27,35,14,5,9,1,0,1,0,0,0,185,185,30,60,37,28,16,8,6,154,113,41,16,103,0,15,25
55407216,0,,,417,201,216,32,13,19,385,188,197,255,128,127,369,184,185,360,180,180,130,60,70,50,21,29,11,2,9,1,0,1,0,0,0,138,138,13,48,42,6,19,7,3,125,94,31,5,86,0,8,16
55407217,0,,,344,161,183,62,28,34,282,133,149,210,107,103,274,131,143,266,126,140,72,26,46,42,12,30,22,4,18,1,1,0,5,5,0,123,122,33,35,20,17,11,1,5,87,71,16,14,37,8,6,3
55407218,0,,,979,486,493,124,64,60,855,422,433,567,301,266,828,405,423,812,398,414,288,121,167,134,44,90,50,8,42,5,0,5,3,0,3,326,325,62,86,69,57,25,18,8,261,192,69,37,177,2,31,42
55407219,0,,,14,8,6,2,1,1,12,7,5,9,6,3,11,6,5,11,6,5,3,1,2,3,1,2,0,0,0,0,0,0,0,0,0,4,4,0,1,1,1,1,0,0,4,3,1,0,2,0,0,0
55407220,1,,55407210,219,119,100,12,7,5,219,119,100,122,76,46,212,115,97,205,111,94,97,43,54,47,17,30,20,7,13,0,0,0,0,0,0,60,60,11,8,10,12,9,11,2,52,18,34,4,57,0,10,3
55407221,0,,,349,170,179,31,13,18,318,157,161,195,102,93,308,151,157,302,149,153,123,55,68,65,29,36,17,8,9,1,1,0,0,0,0,98,98,15,20,17,15,16,8,7,82,39,43,10,77,0,7,13
55407222,0,,,181,97,84,23,14,9,158,83,75,100,56,44,156,81,75,154,81,73,58,27,31,26,11,15,8,3,5,0,0,0,0,0,0,51,51,6,14,11,5,7,1,7,45,24,21,2,36,0,3,3
55407223,0,,,228,109,119,23,7,16,205,102,103,126,68,58,201,100,101,196,98,98,79,34,45,34,9,25,15,3,12,1,0,1,1,0,1,61,61,5,18,12,7,6,4,9,56,31,25,7,49,0,1,6
55407224,0,,,117,59,58,11,6,5,106,53,53,76,40,36,103,51,52,101,49,52,30,13,17,16,8,8,7,3,4,1,0,1,0,0,0,30,30,1,8,8,2,7,1,3,29,15,14,4,17,0,1,3
55407225,0,,,423,205,218,61,23,38,361,181,180,259,132,127,352,177,175,344,171,173,102,49,53,34,16,18,8,3,5,0,0,0,0,0,0,134,134,23,33,27,23,13,10,5,110,75,35,13,73,0,15,12
55407226,0,,,292,160,132,43,27,16,249,133,116,172,96,76,243,130,113,238,128,110,77,37,40,32,13,19,20,5,15,1,1,0,1,0,1,84,84,12,15,23,13,10,4,7,69,42,27,14,50,0,10,7
55407227,2,55407228,,56,10,46,*,*,*,*,*,*,*,*,*,*,*,*,*,*,*,*,*,*,*,*,*,*,*,*,*,*,*,*,*,*,4,3,*,*,*,*,*,*,*,*,*,*,*,*,*,*,*
55407228,1,,55407227,493,226,267,50,27,23,494,209,285,272,131,141,490,206,284,480,202,278,222,78,144,138,41,97,57,9,48,6,0,6,1,0,1,194,194,48,71,36,20,14,5,3,145,110,35,11,119,7,23,35
55407229,0,,,81,43,38,6,4,2,75,39,36,50,28,22,73,39,34,72,38,34,25,11,14,13,6,7,4,1,3,0,0,0,0,0,0,28,28,5,9,7,1,3,3,0,22,14,8,2,19,0,3,3
55407230,0,,,482,243,239,40,19,21,440,222,218,282,148,134,424,216,208,409,208,201,158,74,84,81,34,47,31,7,24,3,0,3,1,1,0,150,150,33,27,27,29,18,9,7,117,62,55,11,101,0,19,10
55407231,0,,,195,94,101,17,7,10,178,87,91,94,48,46,173,85,88,173,85,88,84,39,45,42,14,28,26,8,18,0,0,0,1,0,1,54,53,8,14,11,4,7,4,5,45,22,23,4,42,1,5,8
55407232,0,,,291,143,148,37,13,24,254,130,124,189,101,88,246,125,121,239,122,117,65,29,36,28,11,17,5,1,4,1,0,1,3,3,0,90,90,16,17,20,19,8,6,4,74,45,29,9,44,0,2,9
55407233,0,,,378,189,189,46,21,25,332,168,164,220,118,102,322,162,160,314,160,154,112,50,62,46,23,23,16,6,10,0,0,0,5,0,5,137,137,24,45,35,18,7,5,3,113,94,19,10,68,1,9,20
55407234,0,,,157,80,77,21,12,9,136,68,68,93,48,45,128,63,65,127,62,65,43,20,23,18,8,10,4,2,2,0,0,0,0,0,0,47,47,6,15,8,9,1,3,5,41,26,15,6,28,0,4,6
55407235,0,,,189,101,88,17,11,6,172,90,82,113,64,49,163,84,79,161,82,79,59,26,33,29,12,17,9,3,6,1,0,1,0,0,0,65,65,8,22,18,9,5,2,1,57,39,18,5,41,0,5,8
55407236,0,,,421,181,240,33,15,18,388,166,222,173,95,78,381,163,218,378,163,215,215,71,144,141,34,107,93,15,78,20,1,19,3,0,3,99,98,12,29,18,15,12,7,5,86,45,41,7,74,0,9,10
55407237,0,,,56,29,27,9,3,6,47,26,21,31,19,12,46,25,21,46,25,21,16,7,9,9,5,4,3,2,1,0,0,0,0,0,0,16,16,2,5,2,1,2,4,0,14,6,8,4,11,0,1,2
55407238,0,,,1006,505,501,135,78,57,863,421,442,599,300,299,823,403,420,799,388,411,264,121,143,76,27,49,28,6,22,4,0,4,5,4,1,358,358,58,112,84,68,20,12,4,297,240,57,42,175,6,30,57
55407239,0,,,2736,1319,1417,365,184,181,2343,1115,1228,1572,783,789,2273,1078,1195,2227,1052,1175,771,332,439,359,130,229,136,35,101,7,0,7,33,9,24,1106,1106,303,351,226,125,67,22,12,783,655,128,114,526,30,123,136
55407240,0,,,40,21,19,6,4,2,34,17,17,18,11,7,32,16,16,31,15,16,16,6,10,5,0,5,3,0,3,0,0,0,0,0,0,13,13,6,0,2,1,2,0,2,7,3,4,0,12,0,6,0
55407241,0,,,58,31,27,2,2,0,56,29,27,29,17,12,54,27,27,54,27,27,27,12,15,19,8,11,5,1,4,1,0,1,0,0,0,16,16,0,4,4,3,4,1,0,16,5,11,1,16,0,0,3
55407242,0,,,128,62,66,16,7,9,112,55,57,74,37,37,108,53,55,107,52,55,38,18,20,16,6,10,7,2,5,0,0,0,0,0,0,33,33,3,5,7,8,4,3,3,30,13,17,3,22,0,0,1
55407243,0,,,145,68,77,16,8,8,129,60,69,79,37,42,127,60,67,124,58,66,50,23,27,25,11,14,6,4,2,0,0,0,0,0,0,38,38,7,7,6,4,6,1,7,31,10,21,2,31,0,5,5
55407244,0,,,36,19,17,5,3,2,31,16,15,21,10,11,30,15,15,29,15,14,10,6,4,7,4,3,2,1,1,0,0,0,0,0,0,10,10,0,4,2,0,2,2,0,10,4,6,1,6,0,0,1
55407245,0,,,37,18,19,5,1,4,32,17,15,19,9,10,32,17,15,32,17,15,13,8,5,4,2,2,1,0,1,0,0,0,0,0,0,14,14,5,4,2,1,0,0,2,9,5,4,2,10,0,3,3
55407246,0,,,151,79,72,16,4,12,113,64,49,79,46,33,110,63,47,107,61,46,34,18,16,14,8,6,3,2,1,0,0,0,0,0,0,76,76,41,18,6,4,2,5,0,35,30,5,4,21,5,2,9
55407247,0,,,77,39,38,10,8,2,67,31,36,45,22,23,66,30,36,66,30,36,22,9,13,10,2,8,6,1,5,0,0,0,0,0,0,23,23,3,5,4,6,3,1,1,20,13,7,1,16,0,3,2
55407248,0,,,2137,1080,1057,296,170,126,1739,854,885,1334,672,662,1677,829,848,1639,811,828,405,182,223,152,64,88,37,10,27,1,0,1,54,22,32,977,977,429,220,154,105,41,16,12,527,442,85,105,282,56,79,49
55407249,0,,,2444,1161,1283,283,130,153,2134,1016,1118,1300,646,654,2078,991,1087,2043,974,1069,834,370,464,443,181,262,166,63,103,9,5,4,52,26,26,1049,1048,374,290,179,116,58,25,6,659,528,131,85,580,42,177,122
55407250,0,,,72,36,36,6,1,5,66,35,31,41,22,19,64,34,30,63,33,30,25,13,12,13,8,5,4,3,1,0,0,0,0,0,0,19,19,3,2,5,2,1,5,1,16,5,11,0,15,0,2,2
55407251,0,,,487,244,243,64,35,29,423,209,214,313,159,154,411,203,208,395,193,202,110,50,60,45,18,27,10,3,7,1,0,1,2,0,2,171,171,27,57,40,25,15,2,5,142,119,23,22,73,1,16,18
55407252,0,,,315,162,153,28,12,16,283,146,137,185,93,92,276,142,134,272,140,132,98,53,45,42,19,23,15,8,7,1,0,1,0,0,0,112,112,14,49,24,13,0,6,6,98,74,24,9,65,0,7,19
55407253,0,,,126,66,60,21,13,8,105,53,52,69,38,31,99,50,49,97,49,48,36,15,21,9,4,5,4,0,4,1,0,1,0,0,0,34,34,3,7,10,5,2,3,4,31,20,11,4,22,0,1,4
55407254,0,,,27,13,14,5,3,2,22,10,12,14,7,7,22,10,12,21,10,11,8,3,5,4,1,3,1,0,1,0,0,0,0,0,0,6,6,1,0,1,2,0,1,1,5,1,4,1,5,0,1,0
55407255,0,,,308,159,149,32,15,17,276,144,132,195,106,89,266,142,124,261,140,121,81,38,43,26,10,16,9,1,8,0,0,0,2,1,1,104,104,16,33,23,16,8,4,4,87,62,25,11,51,1,4,13
55407256,0,,,82,38,44,10,5,5,72,33,39,45,20,25,70,31,39,69,30,39,27,13,14,11,3,8,5,1,4,0,0,0,0,0,0,28,28,6,6,8,3,2,3,0,22,13,9,4,20,0,6,4
55407257,2,55407258,,9,6,3,*,*,*,*,*,*,*,*,*,*,*,*,*,*,*,*,*,*,*,*,*,*,*,*,*,*,*,*,*,*,3,3,*,*,*,*,*,*,*,*,*,*,*,*,*,*,*
55407258,1,,55407257,3076,1470,1606,512,234,278,2531,1217,1314,1843,917,926,2439,1174,1265,2388,1150,1238,688,300,388,306,110,196,120,35,85,11,0,11,11,3,8,1167,1164,325,300,227,201,72,28,14,832,702,130,142,442,47,111,116
55407259,0,,,2558,1257,1301,309,155,154,2155,1048,1107,1471,759,712,2082,1012,1070,2054,997,1057,684,289,395,333,124,209,111,36,75,8,3,5,9,1,8,1177,1175,494,301,183,127,42,18,10,671,556,115,82,467,56,129,110
55407260,0,,,122,65,57,7,3,4,115,62,53,74,40,34,114,62,52,113,61,52,41,22,19,19,7,12,9,5,4,2,1,1,0,0,0,31,31,3,5,4,9,4,2,4,28,11,17,3,25,1,1,2
55407261,0,,,108,54,54,3,1,2,105,53,52,56,30,26,98,51,47,97,51,46,49,23,26,20,7,13,10,3,7,1,0,1,0,0,0,31,31,2,10,7,2,5,3,2,29,16,13,1,27,0,1,6
55407262,0,,,128,57,71,14,5,9,114,52,62,68,33,35,110,51,59,110,51,59,46,19,27,24,8,16,10,2,8,1,0,1,0,0,0,35,35,7,5,7,5,2,5,4,28,8,20,4,30,0,6,3
55407263,0,,,93,49,44,15,8,7,78,41,37,46,26,20,76,39,37,75,38,37,32,15,17,17,8,9,2,0,2,1,0,1,0,0,0,27,27,4,5,7,5,2,2,2,23,15,8,2,20,0,3,4
55407264,0,,,45,21,24,3,1,2,42,20,22,24,11,13,42,20,22,41,20,21,18,9,9,9,5,4,2,1,1,0,0,0,1,0,1,13,13,0,6,0,4,1,2,0,13,7,6,0,10,0,0,4
55407265,0,,,37,22,15,3,2,1,34,20,14,18,12,6,34,20,14,33,19,14,16,8,8,3,2,1,1,1,0,0,0,0,0,0,0,13,13,2,4,3,3,0,1,0,11,7,4,1,9,0,1,2
55407266,0,,,152,72,80,16,7,9,136,65,71,75,38,37,129,59,70,125,57,68,61,27,34,24,7,17,10,2,8,1,1,0,0,0,0,48,48,7,12,13,7,3,4,2,41,25,16,3,38,0,5,6
55407267,0,,,343,151,192,20,14,6,323,137,186,144,80,64,318,135,183,307,130,177,179,57,122,105,21,84,61,9,52,14,0,14,0,0,0,88,87,17,19,23,13,7,5,3,70,47,23,6,66,0,13,13
55407268,0,,,2152,1067,1085,335,161,174,1774,880,894,1341,680,661,1702,844,858,1655,810,845,433,200,233,165,72,93,35,11,24,2,0,2,8,1,7,878,878,272,236,174,131,38,18,9,602,520,82,109,287,38,63,82
55407269,0,,,3545,1706,1839,465,236,229,2993,1423,1570,2012,1005,1007,2901,1379,1522,2848,1356,1492,981,418,563,487,186,301,169,53,116,9,0,9,12,3,9,1422,1419,452,387,271,187,74,30,18,947,779,168,141,599,60,141,151
55407270,2,55407280,,5,3,2,*,*,*,*,*,*,*,*,*,*,*,*,*,*,*,*,*,*,*,*,*,*,*,*,*,*,*,*,*,*,3,3,*,*,*,*,*,*,*,*,*,*,*,*,*,*,*
55407271,0,,,66,32,34,10,4,6,56,28,28,37,20,17,53,26,27,52,25,27,19,8,11,8,2,6,5,1,4,0,0,0,0,0,0,17,17,2,5,2,3,0,1,4,15,7,8,1,14,0,1,1
55407272,0,,,221,100,121,12,3,9,209,97,112,73,46,27,207,95,112,206,94,112,136,51,85,107,35,72,70,19,51,11,1,10,0,0,0,37,35,2,15,5,6,2,1,4,33,18,15,4,26,0,2,7
55407273,0,,,201,91,110,23,7,16,178,84,94,105,53,52,173,80,93,170,79,91,73,31,42,31,12,19,16,6,10,0,0,0,2,0,2,64,64,13,17,14,6,5,3,6,51,27,24,1,50,2,6,9
55407274,0,,,115,57,58,6,2,4,109,55,54,70,38,32,107,55,52,104,53,51,39,17,22,21,7,14,5,2,3,0,0,0,0,0,0,34,34,6,7,5,6,5,4,1,27,11,16,1,24,0,2,3
55407275,0,,,194,96,98,20,12,8,174,84,90,106,54,52,166,80,86,163,79,84,68,30,38,36,17,19,15,6,9,2,0,2,2,0,2,57,57,6,14,14,9,7,4,3,51,25,26,3,42,0,5,3
55407276,0,,,211,111,100,18,11,7,193,100,93,121,69,52,184,95,89,182,93,89,72,31,41,39,12,27,19,6,13,1,0,1,0,0,0,60,60,4,17,11,15,5,4,4,56,29,27,2,50,0,4,9
55407277,0,,,105,54,51,17,12,5,88,42,46,45,26,19,85,40,45,85,40,45,43,16,27,20,5,15,10,1,9,1,0,1,0,0,0,29,29,1,9,7,5,2,3,2,28,16,12,4,26,0,0,4
55407278,0,,,1389,691,698,201,108,93,1171,573,598,844,435,409,1127,551,576,1111,539,572,327,138,189,159,55,104,54,15,39,4,1,3,12,10,2,523,521,149,126,113,77,32,17,7,360,286,74,66,214,23,61,41
55407279,0,,,2845,1405,1440,499,254,245,2274,1104,1170,1815,917,898,2151,1038,1113,2074,1006,1068,459,187,272,217,82,135,62,18,44,4,0,4,24,19,5,1121,1118,332,286,224,181,61,26,8,777,688,89,142,300,69,53,69
55407280,1,,55407270,137,72,65,15,8,7,127,67,60,78,46,32,124,66,58,123,66,57,49,21,28,20,9,11,5,2,3,0,0,0,0,0,0,40,40,8,10,8,6,5,2,4,35,17,18,4,33,0,7,2
55407281,0,,,251,123,128,32,19,13,219,104,115,128,66,62,214,101,113,212,100,112,91,38,53,37,10,27,18,5,13,1,0,1,0,0,0,70,70,10,19,10,10,6,5,10,60,26,34,8,57,0,9,7
55407282,0,,,158,89,69,18,11,7,140,78,62,87,49,38,133,75,58,132,74,58,53,29,24,26,13,13,10,6,4,2,1,1,0,0,0,45,45,5,12,10,6,3,5,4,40,18,22,4,36,0,4,1
55407283,0,,,51,25,26,4,2,2,47,23,24,29,15,14,46,22,24,46,22,24,18,8,10,11,5,6,2,0,2,0,0,0,0,0,0,18,18,5,4,4,1,2,2,0,13,9,4,2,12,0,3,2
55407284,0,,,28,16,12,2,1,1,26,15,11,16,10,6,26,15,11,26,15,11,10,5,5,6,3,3,1,0,1,0,0,0,0,0,0,8,8,1,1,2,2,1,1,0,7,4,3,0,6,0,1,0
55407285,0,,,27,16,11,3,3,0,24,13,11,17,10,7,22,12,10,21,11,10,7,3,4,4,2,2,2,0,2,0,0,0,0,0,0,6,6,1,1,0,1,1,1,1,5,0,5,0,5,0,1,0
55407286,0,,,118,59,59,20,12,8,98,47,51,63,31,32,95,47,48,93,45,48,35,16,19,16,6,10,4,1,3,0,0,0,0,0,0,29,29,1,8,3,5,4,4,4,27,14,13,3,22,0,0,4
55407288,0,,,485,252,233,65,34,31,418,217,201,301,162,139,398,201,197,393,199,194,117,55,62,50,21,29,15,6,9,0,0,0,5,3,2,165,165,29,51,27,35,11,7,5,135,98,37,18,73,3,8,27
55407289,0,,,1694,847,847,464,251,213,1230,596,634,1039,513,526,1144,553,591,1113,535,578,191,83,108,61,24,37,18,5,13,0,0,0,7,4,3,503,503,45,92,119,153,71,20,3,453,387,66,105,132,1,20,26
55407290,0,,,139,64,75,15,6,9,124,58,66,85,41,44,116,54,62,115,53,62,39,17,22,20,5,15,10,1,9,1,0,1,0,0,0,35,35,2,6,10,3,6,3,5,33,16,17,8,25,0,2,2
55407291,0,,,379,188,191,39,19,20,340,169,171,203,113,90,331,164,167,325,158,167,137,56,81,68,24,44,30,10,20,2,1,1,0,0,0,113,113,17,25,28,16,10,9,8,95,41,54,6,86,0,9,7
55407292,0,,,19,9,10,2,0,2,17,9,8,8,4,4,17,9,8,17,9,8,9,5,4,8,4,4,4,2,2,0,0,0,0,0,0,5,5,0,1,2,0,1,1,0,5,3,2,1,4,0,0,1
55407293,0,,,262,128,134,29,14,15,233,114,119,140,72,68,229,112,117,228,111,117,93,42,51,45,16,29,16,3,13,0,0,0,0,0,0,64,64,4,11,12,15,10,3,9,60,21,39,10,54,0,2,3
55407294,0,,,95,47,48,8,4,4,87,43,44,52,29,23,86,42,44,84,40,44,35,14,21,19,5,14,10,2,8,0,0,0,0,0,0,29,29,3,7,10,2,3,3,1,26,12,14,3,22,0,1,4
55407295,0,,,503,241,262,52,30,22,451,211,240,282,140,142,436,204,232,426,198,228,169,71,98,98,36,62,34,4,30,3,0,3,1,0,1,140,140,21,32,31,10,12,17,17,118,51,67,15,102,0,12,11
55407296,0,,,348,179,169,31,19,12,317,160,157,182,100,82,309,157,152,304,153,151,135,60,75,67,25,42,25,6,19,2,0,2,0,0,0,96,96,7,27,13,21,12,9,7,89,46,43,8,81,0,5,10
55407297,0,,,32,17,15,5,5,0,27,12,15,19,9,10,27,12,15,26,12,14,8,3,5,2,0,2,1,0,1,1,0,1,0,0,0,9,9,1,3,1,1,1,1,1,8,5,3,1,5,0,0,1
55407298,0,,,86,47,39,8,5,3,78,42,36,47,27,20,77,42,35,76,41,35,31,15,16,12,5,7,4,1,3,0,0,0,1,0,1,26,25,3,9,3,4,2,2,2,22,14,8,2,20,0,2,6
55407299,0,,,673,304,369,71,37,34,600,265,335,263,129,134,586,259,327,577,255,322,337,136,201,212,75,137,112,27,85,15,1,14,0,0,0,118,113,10,26,22,26,11,10,8,101,57,44,15,74,0,7,18
55407300,0,,,68,36,32,3,2,1,65,34,31,32,18,14,64,34,30,63,34,29,33,16,17,10,5,5,6,2,4,0,0,0,0,0,0,24,24,4,9,5,2,2,1,1,20,13,7,1,20,0,3,3
55407301,0,,,307,144,163,26,13,13,280,130,150,155,77,78,275,127,148,274,126,148,125,53,72,63,20,43,25,7,18,1,1,0,0,0,0,101,101,21,28,17,16,10,3,6,80,47,33,6,83,0,15,8
55407302,0,,,172,87,85,12,2,10,160,85,75,95,52,43,158,85,73,153,81,72,65,33,32,35,15,20,13,4,9,1,0,1,1,0,1,50,50,9,8,11,11,3,4,4,41,14,27,3,39,0,5,3
55407303,0,,,152,75,77,17,9,8,135,66,69,86,45,41,132,64,68,128,63,65,49,21,28,21,8,13,6,1,5,1,1,0,0,0,0,43,43,5,12,5,8,6,4,3,38,23,15,5,31,0,2,5
55407304,0,,,223,110,113,26,12,14,197,98,99,130,66,64,192,96,96,187,93,94,67,32,35,29,12,17,13,4,9,1,0,1,1,0,1,64,64,7,17,14,8,7,5,6,57,32,25,8,43,0,4,11
55407305,0,,,268,132,136,24,11,13,243,120,123,144,71,73,234,115,119,225,110,115,99,49,50,42,19,23,9,1,8,2,0,2,0,0,0,73,73,7,15,19,11,9,5,7,66,42,24,6,55,0,3,11
55407306,0,,,49,25,24,5,2,3,44,23,21,20,12,8,43,23,20,43,23,20,24,11,13,9,4,5,6,2,4,1,0,1,0,0,0,14,14,1,2,4,5,0,2,0,13,4,9,1,12,0,0,1
55407307,1,,55407318,32,15,17,3,2,1,38,19,19,27,14,13,38,19,19,36,18,18,11,5,6,7,3,4,2,1,1,1,0,1,1,0,1,10,10,2,4,3,3,2,0,0,12,7,5,0,9,0,2,1
55407309,1,,55407319,20,10,10,2,2,0,27,14,13,15,8,7,27,14,13,26,13,13,12,6,6,6,2,4,2,0,2,0,0,0,0,0,0,8,8,1,5,2,0,1,0,1,9,6,3,0,8,0,0,2
55407310,0,,,64,31,33,6,1,5,58,30,28,33,19,14,57,29,28,57,29,28,25,11,14,11,5,6,3,1,2,0,0,0,0,0,0,24,24,6,5,7,4,1,1,0,18,13,5,2,18,0,4,1
55407311,0,,,756,372,384,67,33,34,689,339,350,501,252,249,652,321,331,635,313,322,188,87,101,75,32,43,20,7,13,0,0,0,0,0,0,247,247,28,82,53,43,25,7,9,219,166,53,10,119,0,17,25
55407312,0,,,185,91,94,16,10,6,169,81,88,93,49,44,165,80,85,155,73,82,76,32,44,40,16,24,10,2,8,0,0,0,3,0,3,54,54,8,15,10,9,2,4,6,44,26,18,1,48,0,8,7
55407313,0,,,441,209,232,63,27,36,378,182,196,242,124,118,360,169,191,348,163,185,136,58,78,51,19,32,18,5,13,3,0,3,0,0,0,130,130,19,25,33,24,12,6,11,111,74,37,11,88,0,17,16
55407314,0,,,192,99,93,31,16,15,161,83,78,102,54,48,156,80,76,154,79,75,59,29,30,23,11,12,10,4,6,0,0,0,0,0,0,54,54,7,9,12,13,5,4,4,46,28,18,6,35,0,3,4
55407315,0,,,133,65,68,17,5,12,116,60,56,61,33,28,111,57,54,107,56,51,55,27,28,23,10,13,12,3,9,2,1,1,0,0,0,34,34,2,7,8,8,1,4,4,32,14,18,3,29,0,1,4
55407316,0,,,59,28,31,2,1,1,57,27,30,41,19,22,54,26,28,53,26,27,16,8,8,12,4,8,3,1,2,0,0,0,0,0,0,16,16,2,2,3,4,4,0,1,14,7,7,1,12,0,1,1
55407317,0,,,42,25,17,7,4,3,35,21,14,23,14,9,35,21,14,35,21,14,12,7,5,9,5,4,2,0,2,0,0,0,0,0,0,12,12,3,2,2,2,1,0,2,9,3,6,1,9,0,2,0
55407318,2,55407307,,9,6,3,*,*,*,*,*,*,*,*,*,*,*,*,*,*,*,*,*,*,*,*,*,*,*,*,*,*,*,*,*,*,4,4,*,*,*,*,*,*,*,*,*,*,*,*,*,*,*
55407319,2,55407309,,9,6,3,*,*,*,*,*,*,*,*,*,*,*,*,*,*,*,*,*,*,*,*,*,*,*,*,*,*,*,*,*,*,2,2,*,*,*,*,*,*,*,*,*,*,*,*,*,*,*
55407320,0,,,651,300,351,41,25,16,467,242,225,277,155,122,458,236,222,448,231,217,190,87,103,84,37,47,27,8,19,2,0,2,8,2,6,213,207,81,51,31,21,14,6,3,125,92,33,13,133,1,55,19
55407321,0,,,95,50,45,10,5,5,85,45,40,63,35,28,76,38,38,72,38,34,22,10,12,9,4,5,4,2,2,0,0,0,0,0,0,33,33,4,9,9,9,2,0,0,29,23,6,1,14,0,1,2
55407322,0,,,933,457,476,98,53,45,835,404,431,497,257,240,823,395,428,809,386,423,338,147,191,151,55,96,50,11,39,4,1,3,0,0,0,330,327,72,98,63,52,20,14,8,254,179,75,21,219,1,52,42
55407323,0,,,360,185,175,42,25,17,318,160,158,191,98,93,313,158,155,304,153,151,127,62,65,53,28,25,14,7,7,0,0,0,0,0,0,120,120,19,38,24,20,9,5,5,100,68,32,9,78,0,9,23
55407324,0,,,130,61,69,11,5,6,119,56,63,76,40,36,113,53,60,110,50,60,43,16,27,23,9,14,5,2,3,1,0,1,1,0,1,38,38,5,11,7,6,3,2,4,33,16,17,2,26,0,1,6
55407325,0,,,108,53,55,13,8,5,95,45,50,46,24,22,90,43,47,90,43,47,49,21,28,22,7,15,13,4,9,0,0,0,0,0,0,32,32,4,6,7,10,2,1,2,28,15,13,3,25,0,2,3
55407326,0,,,139,73,66,12,7,5,127,66,61,75,45,30,124,65,59,122,64,58,52,21,31,26,7,19,10,1,9,1,0,1,1,0,1,46,46,8,16,7,5,5,2,3,38,24,14,5,34,0,3,4
55407327,1,,55407328;55407337;55407338,28,15,13,6,4,2,42,24,18,24,15,9,41,23,18,39,21,18,18,9,9,5,3,2,3,2,1,0,0,0,0,0,0,8,8,3,2,2,2,2,0,2,10,4,6,2,11,0,3,1
55407328,2,55407327,,12,8,4,*,*,*,*,*,*,*,*,*,*,*,*,*,*,*,*,*,*,*,*,*,*,*,*,*,*,*,*,*,*,2,2,*,*,*,*,*,*,*,*,*,*,*,*,*,*,*
55407329,1,,55407339,10,5,5,0,0,0,14,7,7,7,4,3,14,7,7,13,6,7,7,3,4,5,2,3,3,1,2,0,0,0,0,0,0,5,5,3,1,3,0,0,0,0,4,2,2,0,6,0,3,1
55407330,0,,,3061,1413,1648,456,221,235,2529,1154,1375,1764,831,933,2409,1099,1310,2355,1081,1274,765,323,442,405,158,247,126,48,78,12,3,9,10,6,4,1191,1187,305,379,240,159,63,29,12,860,732,128,145,502,39,126,124
55407331,0,,,1523,735,788,184,98,86,1336,636,700,883,439,444,1282,611,671,1246,598,648,453,197,256,203,77,126,69,19,50,8,2,6,5,3,2,570,570,125,183,118,81,38,18,7,444,358,86,43,300,9,62,73
55407332,0,,,180,94,86,9,2,7,171,92,79,107,61,46,167,89,78,165,88,77,64,31,33,34,16,18,15,6,9,1,0,1,0,0,0,53,53,6,16,9,7,7,5,3,47,24,23,3,41,0,1,6
55407333,0,,,132,68,64,9,6,3,123,62,61,65,38,27,116,56,60,114,54,60,58,24,34,30,10,20,13,3,10,1,0,1,0,0,0,37,37,5,8,9,6,3,1,5,32,14,18,0,34,0,4,5
55407334,0,,,61,29,32,2,2,0,59,27,32,35,17,18,57,26,31,56,26,30,24,10,14,11,3,8,5,0,5,0,0,0,0,0,0,24,24,8,4,6,4,1,1,0,16,9,7,0,18,0,6,0
55407335,0,,,183,79,104,4,3,1,179,76,103,84,47,37,177,75,102,176,75,101,95,29,66,73,17,56,42,6,36,3,1,2,0,0,0,27,25,2,6,9,4,3,0,1,23,13,10,1,23,0,2,3
55407336,0,,,147,68,79,2,0,2,144,67,77,83,46,37,138,64,74,136,62,74,61,21,40,30,8,22,11,1,10,1,0,1,0,0,0,45,45,7,11,10,6,6,1,4,38,17,21,0,38,0,3,3
55407337,2,55407327,,6,4,2,*,*,*,*,*,*,*,*,*,*,*,*,*,*,*,*,*,*,*,*,*,*,*,*,*,*,*,*,*,*,2,2,*,*,*,*,*,*,*,*,*,*,*,*,*,*,*
55407338,2,55407327,,2,1,1,*,*,*,*,*,*,*,*,*,*,*,*,*,*,*,*,*,*,*,*,*,*,*,*,*,*,*,*,*,*,1,1,*,*,*,*,*,*,*,*,*,*,*,*,*,*,*
55407339,2,55407329,,4,2,2,*,*,*,*,*,*,*,*,*,*,*,*,*,*,*,*,*,*,*,*,*,*,*,*,*,*,*,*,*,*,2,2,*,*,*,*,*,*,*,*,*,*,*,*,*,*,*
55407340,0,,,2986,1477,1509,301,176,125,2614,1257,1357,1629,843,786,2539,1213,1326,2499,1188,1311,985,414,571,509,192,317,197,69,128,19,4,15,21,8,13,1307,1304,522,380,193,131,51,17,10,767,622,145,80,667,54,207,164
55407341,0,,,2699,1290,1409,299,143,156,2375,1130,1245,1510,741,769,2294,1084,1210,2248,1061,1187,865,389,476,437,182,255,125,41,84,7,1,6,5,3,2,1090,1090,298,359,215,122,52,25,19,782,648,134,69,589,18,151,154
55407342,0,,,302,149,153,27,14,13,275,135,140,151,76,75,270,133,137,266,130,136,124,59,65,59,25,34,23,6,17,4,1,3,1,0,1,90,90,8,23,26,15,6,8,4,82,39,43,5,74,0,4,12
55407343,0,,,118,61,57,10,7,3,108,54,54,58,31,27,108,54,54,107,54,53,50,23,27,22,10,12,10,3,7,1,0,1,0,0,0,46,46,9,16,11,8,1,0,1,37,28,9,5,34,0,7,7
55407344,0,,,178,91,87,21,13,8,157,78,79,99,50,49,154,75,79,152,73,79,58,28,30,28,14,14,9,4,5,0,0,0,1,0,1,51,51,5,17,10,5,4,4,6,45,26,19,3,39,0,4,7
55407345,0,,,78,40,38,2,1,1,76,39,37,39,17,22,73,38,35,69,37,32,37,22,15,19,10,9,3,1,2,0,0,0,0,0,0,28,28,6,9,6,3,2,0,2,22,12,10,0,25,0,4,3
55407346,1,,55407347;55407356,33,12,21,4,2,2,43,17,26,20,7,13,43,17,26,43,17,26,23,10,13,12,4,8,3,1,2,0,0,0,0,0,0,11,11,3,4,6,1,1,0,1,13,8,5,1,15,0,2,2
55407347,2,55407346,,8,4,4,*,*,*,*,*,*,*,*,*,*,*,*,*,*,*,*,*,*,*,*,*,*,*,*,*,*,*,*,*,*,3,3,*,*,*,*,*,*,*,*,*,*,*,*,*,*,*
55407348,1,,55407349;55407358,10,6,4,4,2,2,18,8,10,11,6,5,18,8,10,18,8,10,7,2,5,4,1,3,0,0,0,0,0,0,0,0,0,4,4,1,4,0,2,1,0,0,7,4,3,1,6,0,1,0
55407349,2,55407348,,7,3,4,*,*,*,*,*,*,*,*,*,*,*,*,*,*,*,*,*,*,*,*,*,*,*,*,*,*,*,*,*,*,2,2,*,*,*,*,*,*,*,*,*,*,*,*,*,*,*
55407350,0,,,2659,1301,1358,349,172,177,2249,1089,1160,1603,796,807,2180,1051,1129,2133,1025,1108,646,293,353,327,150,177,90,42,48,8,3,5,17,5,12,1176,1174,453,300,210,131,50,20,10,711,599,112,118,444,78,129,88
55407351,0,,,1407,688,719,210,101,109,1179,577,602,874,438,436,1137,557,580,1115,550,565,305,139,166,120,47,73,24,8,16,1,1,0,4,2,2,544,544,144,151,117,78,34,12,8,393,326,67,60,219,19,56,44
55407352,2,55407353,,8,5,3,*,*,*,*,*,*,*,*,*,*,*,*,*,*,*,*,*,*,*,*,*,*,*,*,*,*,*,*,*,*,2,2,*,*,*,*,*,*,*,*,*,*,*,*,*,*,*
55407353,1,,55407352,99,50,49,6,3,3,101,52,49,50,30,20,99,51,48,98,51,47,51,22,29,20,7,13,7,2,5,0,0,0,5,5,0,40,40,13,12,7,5,3,0,2,29,20,9,1,32,5,6,5
55407354,0,,,126,63,63,7,3,4,119,60,59,71,38,33,116,57,59,114,57,57,48,22,26,22,10,12,7,1,6,1,0,1,0,0,0,43,43,4,14,17,0,5,3,0,39,28,11,0,31,0,2,5
55407355,0,,,74,37,37,8,5,3,66,32,34,40,21,19,63,31,32,62,30,32,26,11,15,11,2,9,5,1,4,1,0,1,0,0,0,23,23,3,5,5,6,2,2,0,20,11,9,2,16,0,2,3
55407356,2,55407346,,6,3,3,*,*,*,*,*,*,*,*,*,*,*,*,*,*,*,*,*,*,*,*,*,*,*,*,*,*,*,*,*,*,2,2,*,*,*,*,*,*,*,*,*,*,*,*,*,*,*
55407358,2,55407348,,5,1,4,*,*,*,*,*,*,*,*,*,*,*,*,*,*,*,*,*,*,*,*,*,*,*,*,*,*,*,*,*,*,2,2,*,*,*,*,*,*,*,*,*,*,*,*,*,*,*
55407359,0,,,22,9,13,0,0,0,22,9,13,9,5,4,22,9,13,22,9,13,13,4,9,7,1,6,4,0,4,1,0,1,0,0,0,10,10,3,4,1,2,0,0,0,7,4,3,0,10,0,3,0
55407360,0,,,597,322,275,94,55,39,470,250,220,400,211,189,460,246,214,446,238,208,70,39,31,22,9,13,6,1,5,0,0,0,5,4,1,282,282,132,56,51,25,12,3,3,146,127,19,35,55,30,9,14
55407361,0,,,214,103,111,22,9,13,192,94,98,104,53,51,187,94,93,182,92,90,88,41,47,32,12,20,11,2,9,1,0,1,0,0,0,58,58,5,15,10,10,6,5,7,53,26,27,6,51,0,5,8
55407362,0,,,197,95,102,9,0,9,188,95,93,103,57,46,185,93,92,183,93,90,85,38,47,41,15,26,17,4,13,0,0,0,0,0,0,66,66,9,23,13,8,8,4,1,55,35,20,1,52,0,6,15
55407363,0,,,79,46,33,8,4,4,71,42,29,38,23,15,67,38,29,66,37,29,33,19,14,17,8,9,4,2,2,0,0,0,0,0,0,27,27,7,7,4,5,1,1,2,20,12,8,2,23,0,5,6
55407364,0,,,84,42,42,9,4,5,75,38,37,42,21,21,72,37,35,70,37,33,33,17,16,19,9,10,8,5,3,0,0,0,0,0,0,23,23,1,7,4,5,3,1,2,22,12,10,1,20,0,1,5
55407365,0,,,55,27,28,3,2,1,52,25,27,26,16,10,50,23,27,49,22,27,26,9,17,12,4,8,8,2,6,1,0,1,0,0,0,18,18,2,5,7,2,0,1,1,15,8,7,1,15,0,1,3
55407367,0,,,17,7,10,0,0,0,17,7,10,10,3,7,17,7,10,17,7,10,7,4,3,0,0,0,0,0,0,0,0,0,0,0,0,6,6,1,1,2,2,0,0,0,5,4,1,0,5,0,1,1
55407368,2,55407369,,7,3,4,*,*,*,*,*,*,*,*,*,*,*,*,*,*,*,*,*,*,*,*,*,*,*,*,*,*,*,*,*,*,4,4,*,*,*,*,*,*,*,*,*,*,*,*,*,*,*
55407369,1,,55407368,121,62,59,7,3,4,121,62,59,62,37,25,118,61,57,116,61,55,59,25,34,28,6,22,16,3,13,3,2,1,0,0,0,46,46,15,15,10,4,2,3,1,35,22,13,0,40,0,12,4
55407370,0,,,1563,760,803,328,147,181,1216,602,614,1055,530,525,1119,557,562,1082,543,539,161,72,89,66,28,38,16,6,10,5,1,4,6,3,3,489,489,63,104,112,135,49,17,9,424,360,64,74,104,14,8,19
55407371,0,,,258,128,130,77,38,39,176,87,89,151,74,77,170,85,85,167,84,83,25,13,12,6,3,3,1,1,0,0,0,0,0,0,0,77,77,4,18,19,29,3,1,3,71,60,11,32,15,1,1,5
55407372,0,,,214,101,113,23,10,13,191,91,100,108,53,55,186,88,98,181,87,94,83,38,45,40,17,23,19,6,13,0,0,0,0,0,0,63,63,4,19,15,12,5,4,4,57,37,20,4,52,0,4,9
55407373,0,,,220,106,114,21,12,9,199,94,105,121,56,65,192,93,99,187,89,98,78,38,40,37,17,20,13,6,7,0,0,0,5,2,3,71,71,13,20,17,2,12,2,5,58,34,24,3,55,0,12,9
55407374,0,,,119,62,57,15,9,6,104,53,51,59,30,29,101,51,50,101,51,50,45,23,22,22,11,11,9,3,6,1,1,0,0,0,0,38,38,4,17,4,6,2,3,2,34,23,11,2,28,0,3,10
55407375,0,,,171,85,86,10,4,6,161,81,80,100,54,46,157,78,79,155,76,79,61,27,34,37,12,25,16,4,12,3,1,2,0,0,0,57,57,7,14,18,11,4,3,0,50,31,19,1,39,0,4,5
55407376,0,,,156,76,80,14,10,4,142,66,76,80,37,43,140,65,75,138,64,74,62,29,33,27,11,16,10,4,6,0,0,0,1,0,1,53,53,11,12,14,9,3,2,2,41,22,19,7,40,0,7,8
55407377,0,,,48,25,23,6,4,2,42,21,21,20,10,10,38,18,20,38,18,20,22,11,11,11,4,7,5,1,4,1,0,1,0,0,0,16,16,5,2,2,4,1,2,0,11,4,7,1,14,0,5,1
55407378,0,,,76,36,40,3,0,3,73,36,37,32,19,13,72,35,37,71,35,36,41,17,24,25,10,15,7,3,4,0,0,0,0,0,0,28,28,7,8,7,2,2,1,1,21,12,9,1,25,0,5,6
55407379,0,,,37,20,17,1,0,1,36,20,16,14,7,7,36,20,16,36,20,16,22,13,9,13,7,6,7,3,4,0,0,0,0,0,0,16,16,6,6,1,1,0,2,0,10,6,4,0,15,0,5,6
55407380,0,,,1296,660,636,217,117,100,1070,535,535,870,439,431,1013,512,501,990,501,489,200,96,104,61,28,33,11,3,8,1,0,1,2,0,2,432,432,57,126,108,82,33,17,9,371,321,50,60,130,3,17,35
55407381,0,,,157,83,74,10,6,4,147,77,70,96,53,43,144,76,68,143,76,67,51,24,27,32,15,17,6,3,3,2,1,1,0,0,0,47,47,9,13,5,5,5,8,2,37,20,17,3,32,0,6,3
55407382,0,,,281,118,163,18,10,8,263,108,155,110,57,53,259,107,152,256,105,151,153,51,102,109,30,79,52,8,44,10,1,9,0,0,0,73,72,13,21,16,10,7,1,4,58,38,20,6,54,0,10,10
55407383,0,,,175,88,87,24,12,12,148,75,73,87,46,41,144,71,73,144,71,73,61,29,32,33,12,21,12,4,8,0,0,0,0,0,0,53,53,12,12,8,10,2,4,5,40,18,22,6,42,0,9,5
55407384,0,,,193,99,94,12,7,5,181,92,89,104,58,46,176,91,85,174,90,84,77,34,43,38,15,23,16,4,12,0,0,0,0,0,0,69,69,13,24,17,8,1,2,4,55,36,19,1,48,0,6,11
55407385,0,,,109,57,52,9,5,4,100,52,48,60,36,24,96,49,47,96,49,47,40,16,24,19,5,14,10,1,9,1,0,1,1,0,1,37,37,2,15,11,5,2,1,1,35,28,7,1,25,0,2,6
55407386,0,,,59,30,29,11,6,5,48,24,24,23,9,14,47,24,23,47,24,23,25,15,10,8,5,3,3,2,1,0,0,0,0,0,0,18,18,1,5,5,4,2,0,1,17,11,6,4,14,0,0,4
55407387,2,55407397,,8,4,4,*,*,*,*,*,*,*,*,*,*,*,*,*,*,*,*,*,*,*,*,*,*,*,*,*,*,*,*,*,*,2,2,*,*,*,*,*,*,*,*,*,*,*,*,*,*,*
55407388,0,,,40,16,24,0,0,0,40,16,24,16,5,11,39,15,24,38,15,23,24,11,13,11,4,7,3,0,3,0,0,0,0,0,0,14,14,0,8,2,3,0,1,0,14,10,4,0,14,0,0,3
55407389,1,,55407398,119,56,63,10,1,9,117,58,59,65,33,32,114,57,57,113,57,56,52,25,27,29,13,16,6,1,5,2,1,1,0,0,0,41,41,12,11,11,3,3,2,3,31,18,13,3,37,0,8,5
55407390,0,,,99,47,52,10,5,5,89,42,47,57,26,31,87,42,45,87,42,45,32,16,16,16,5,11,10,2,8,0,0,0,0,0,0,25,25,4,2,5,5,3,3,3,21,8,13,2,18,0,2,0
55407391,0,,,146,74,72,11,5,6,135,69,66,85,49,36,127,63,64,121,61,60,50,20,30,23,8,15,7,1,6,2,0,2,0,0,0,48,48,8,13,11,7,7,0,2,40,29,11,2,34,0,5,6
55407392,0,,,1283,622,661,121,59,62,1129,547,582,718,360,358,1104,533,571,1088,525,563,411,187,224,168,73,95,55,20,35,5,3,2,15,1,14,493,493,106,172,105,63,28,13,6,378,293,85,28,271,19,40,74
55407393,0,,,237,122,115,17,7,10,220,115,105,115,67,48,215,111,104,212,108,104,105,48,57,52,23,29,16,4,12,2,0,2,3,1,2,77,77,11,25,10,17,8,4,2,66,35,31,3,62,2,7,13
55407394,0,,,81,46,35,3,3,0,78,43,35,45,25,20,76,43,33,76,43,33,33,18,15,18,8,10,6,1,5,0,0,0,0,0,0,28,28,7,4,9,3,4,0,1,21,12,9,1,22,0,5,2
55407395,0,,,101,55,46,9,3,6,92,52,40,60,36,24,92,52,40,89,50,39,32,16,16,16,7,9,8,2,6,0,0,0,0,0,0,34,34,5,10,10,4,2,2,1,29,22,7,3,20,0,2,5
55407396,0,,,104,49,55,8,4,4,96,45,51,48,23,25,95,45,50,95,45,50,48,22,26,16,6,10,7,2,5,1,0,1,0,0,0,37,37,3,13,14,4,1,2,0,34,26,8,2,29,0,2,8
55407397,1,,55407387,55,26,29,4,0,4,59,30,29,32,19,13,57,28,29,55,27,28,27,11,16,14,6,8,8,3,5,0,0,0,1,1,0,17,17,1,5,7,1,4,0,1,18,10,8,1,14,0,1,3
55407398,2,55407389,,8,3,5,*,*,*,*,*,*,*,*,*,*,*,*,*,*,*,*,*,*,*,*,*,*,*,*,*,*,*,*,*,*,4,4,*,*,*,*,*,*,*,*,*,*,*,*,*,*,*
55407399,0,,,33,18,15,0,0,0,33,18,15,22,12,10,33,18,15,33,18,15,11,6,5,8,4,4,4,2,2,0,0,0,0,0,0,13,13,1,6,4,2,0,0,0,12,10,2,0,7,0,0,3
55407402,0,,,41,21,20,5,1,4,36,20,16,21,13,8,36,20,16,36,20,16,15,7,8,6,1,5,3,0,3,0,0,0,0,0,0,13,13,3,4,1,1,3,0,1,10,6,4,3,11,0,3,2
55407403,2,55407404,,5,2,3,*,*,*,*,*,*,*,*,*,*,*,*,*,*,*,*,*,*,*,*,*,*,*,*,*,*,*,*,*,*,3,3,*,*,*,*,*,*,*,*,*,*,*,*,*,*,*
55407404,1,,55407403,127,69,58,10,5,5,119,63,56,69,39,30,115,61,54,114,60,54,50,24,26,18,7,11,5,1,4,0,0,0,0,0,0,45,45,10,18,8,5,3,2,2,38,24,14,1,31,0,5,8
55407405,1,,55407406,72,36,36,2,2,0,75,37,38,38,23,15,74,37,37,73,37,36,37,14,23,28,9,19,16,4,12,4,0,4,0,0,0,24,23,7,4,8,3,2,0,0,17,10,7,1,18,0,4,1
55407406,2,55407405,,5,3,2,*,*,*,*,*,*,*,*,*,*,*,*,*,*,*,*,*,*,*,*,*,*,*,*,*,*,*,*,*,*,1,1,*,*,*,*,*,*,*,*,*,*,*,*,*,*,*
55407408,2,55407418,,3,1,2,*,*,*,*,*,*,*,*,*,*,*,*,*,*,*,*,*,*,*,*,*,*,*,*,*,*,*,*,*,*,1,1,*,*,*,*,*,*,*,*,*,*,*,*,*,*,*
55407409,2,55407418,,13,5,8,*,*,*,*,*,*,*,*,*,*,*,*,*,*,*,*,*,*,*,*,*,*,*,*,*,*,*,*,*,*,3,3,*,*,*,*,*,*,*,*,*,*,*,*,*,*,*
55407411,2,55407430,,2,1,1,*,*,*,*,*,*,*,*,*,*,*,*,*,*,*,*,*,*,*,*,*,*,*,*,*,*,*,*,*,*,2,2,*,*,*,*,*,*,*,*,*,*,*,*,*,*,*
55407413,2,55407414,,9,4,5,*,*,*,*,*,*,*,*,*,*,*,*,*,*,*,*,*,*,*,*,*,*,*,*,*,*,*,*,*,*,2,2,*,*,*,*,*,*,*,*,*,*,*,*,*,*,*
55407414,1,,55407413,104,55,49,16,8,8,97,51,46,71,41,30,93,47,46,92,47,45,26,10,16,10,1,9,5,0,5,1,0,1,1,0,1,27,27,3,3,3,11,4,4,1,26,12,14,1,17,0,2,0
55407415,0,,,39,19,20,1,1,0,38,18,20,25,12,13,36,18,18,36,18,18,13,6,7,7,3,4,3,0,3,0,0,0,1,0,1,13,13,1,3,5,3,1,0,0,12,7,5,1,8,0,0,1
55407416,0,,,41,18,23,2,0,2,39,18,21,23,12,11,38,18,20,37,17,20,16,6,10,8,2,6,1,0,1,0,0,0,0,0,0,13,13,1,3,3,5,1,0,0,12,9,3,0,10,0,1,2
55407417,0,,,13,4,9,0,0,0,13,4,9,9,4,5,12,4,8,11,4,7,4,0,4,2,0,2,0,0,0,0,0,0,0,0,0,5,5,1,2,1,0,1,0,0,4,2,2,0,4,0,1,0
55407418,1,,55407408;55407409,101,49,52,9,3,6,108,52,56,61,32,29,107,52,55,105,50,55,47,20,27,22,7,15,12,1,11,1,0,1,1,0,1,31,31,3,11,8,6,2,3,2,32,15,17,2,30,0,2,5
55407419,1,,55407429,79,41,38,6,2,4,74,40,34,40,23,17,73,39,34,71,37,34,34,17,17,14,7,7,7,3,4,0,0,0,0,0,0,24,24,5,6,4,4,3,2,1,20,9,11,1,20,0,3,3
55407420,2,55407430,,3,1,2,*,*,*,*,*,*,*,*,*,*,*,*,*,*,*,*,*,*,*,*,*,*,*,*,*,*,*,*,*,*,2,2,*,*,*,*,*,*,*,*,*,*,*,*,*,*,*
55407421,2,55407430,,6,4,2,*,*,*,*,*,*,*,*,*,*,*,*,*,*,*,*,*,*,*,*,*,*,*,*,*,*,*,*,*,*,4,4,*,*,*,*,*,*,*,*,*,*,*,*,*,*,*
55407423,0,,,17,11,6,0,0,0,17,11,6,8,6,2,17,11,6,17,11,6,9,5,4,4,2,2,2,1,1,0,0,0,0,0,0,6,6,2,1,2,0,0,0,1,4,2,2,0,5,0,1,1
55407424,0,,,38,23,15,10,7,3,28,16,12,21,12,9,28,16,12,28,16,12,7,4,3,2,1,1,1,0,1,0,0,0,0,0,0,15,15,4,7,2,0,1,0,1,9,8,1,4,4,2,1,1
55407425,1,,55407434;55407435,13,7,6,2,1,1,30,17,13,17,11,6,30,17,13,30,17,13,13,6,7,7,3,4,2,1,1,1,0,1,0,0,0,6,6,3,1,1,4,0,0,1,7,4,3,1,9,0,2,0
55407426,0,,,44,21,23,1,1,0,43,20,23,20,11,9,42,20,22,41,20,21,23,9,14,8,3,5,3,0,3,1,0,1,0,0,0,16,16,3,5,3,4,0,1,0,13,8,5,0,14,0,1,4
55407427,0,,,30,16,14,3,1,2,27,15,12,16,11,5,27,15,12,27,15,12,11,4,7,8,3,5,3,0,3,0,0,0,1,0,1,10,10,2,3,2,1,0,2,0,8,3,5,1,8,0,2,2
55407428,0,,,19,9,10,1,0,1,18,9,9,8,4,4,18,9,9,18,9,9,10,5,5,7,4,3,2,1,1,0,0,0,0,0,0,7,7,0,4,2,0,1,0,0,7,6,1,0,6,0,0,2
55407429,2,55407419,,1,1,0,*,*,*,*,*,*,*,*,*,*,*,*,*,*,*,*,*,*,*,*,*,*,*,*,*,*,*,*,*,*,1,1,*,*,*,*,*,*,*,*,*,*,*,*,*,*,*
55407430,1,,55407411;55407420;55407421,38,19,19,4,1,3,45,24,21,24,16,8,45,24,21,45,24,21,21,8,13,10,2,8,6,1,5,1,0,1,0,0,0,12,12,7,7,1,3,1,0,1,13,7,6,1,14,0,2,3
55407431,0,,,28,15,13,3,1,2,25,14,11,12,8,4,25,14,11,25,14,11,13,6,7,9,3,6,5,1,4,0,0,0,0,0,0,8,8,0,3,1,3,0,0,1,8,4,4,1,8,0,0,2
55407432,0,,,9,5,4,1,1,0,8,4,4,3,2,1,8,4,4,8,4,4,5,2,3,2,1,1,0,0,0,0,0,0,0,0,0,4,4,2,1,0,0,1,0,0,2,1,1,1,4,0,2,0
55407433,0,,,23,10,13,3,3,0,20,7,13,13,4,9,18,6,12,17,6,11,7,3,4,1,0,1,0,0,0,0,0,0,0,0,0,7,7,2,1,1,0,2,1,0,5,3,2,1,4,0,1,1
55407434,2,55407425,,12,7,5,*,*,*,*,*,*,*,*,*,*,*,*,*,*,*,*,*,*,*,*,*,*,*,*,*,*,*,*,*,*,2,2,*,*,*,*,*,*,*,*,*,*,*,*,*,*,*
55407435,2,55407425,,7,4,3,*,*,*,*,*,*,*,*,*,*,*,*,*,*,*,*,*,*,*,*,*,*,*,*,*,*,*,*,*,*,2,2,*,*,*,*,*,*,*,*,*,*,*,*,*,*,*
55407436,0,,,32,16,16,0,0,0,32,16,16,22,13,9,31,16,15,31,16,15,10,3,7,6,1,5,4,1,3,0,0,0,0,0,0,12,12,2,4,4,1,0,1,0,10,6,4,0,7,0,2,0
55407437,0,,,59,34,25,1,0,1,58,34,24,29,18,11,58,34,24,57,33,24,29,16,13,15,7,8,10,3,7,1,1,0,0,0,0,22,22,3,6,8,5,0,0,0,19,10,9,0,18,0,3,2
55407438,0,,,128,64,64,9,4,5,119,60,59,56,34,22,116,57,59,114,56,58,63,26,37,28,9,19,15,3,12,2,0,2,0,0,0,45,45,7,16,13,3,1,2,3,38,22,16,2,39,0,6,7
55407439,0,,,238,116,122,40,16,24,198,100,98,121,63,58,189,94,95,187,93,94,77,37,40,28,13,15,9,6,3,1,1,0,0,0,0,78,78,12,26,11,13,11,3,2,66,47,19,8,50,0,9,13
55407440,0,,,13,7,6,0,0,0,13,7,6,10,6,4,13,7,6,13,7,6,3,1,2,2,0,2,1,0,1,1,0,1,0,0,0,6,6,2,2,1,1,0,0,0,4,3,1,0,2,0,0,0
55407442,0,,,36,17,19,4,3,1,32,14,18,20,9,11,29,13,16,28,13,15,12,5,7,6,3,3,2,1,1,0,0,0,0,0,0,10,10,3,0,2,3,0,0,2,7,3,4,0,8,0,2,0
55407443,0,,,20,7,13,5,1,4,15,6,9,9,4,5,15,6,9,15,6,9,6,2,4,2,0,2,2,0,2,1,0,1,0,0,0,5,5,0,1,2,0,1,0,1,5,0,5,1,4,0,0,0
55407445,0,,,14,6,8,1,0,1,13,6,7,9,5,4,13,6,7,12,6,6,4,1,3,4,1,3,2,0,2,0,0,0,0,0,0,4,4,0,1,1,1,1,0,0,4,2,2,0,3,0,0,0
55407446,0,,,26,16,10,7,6,1,19,10,9,11,6,5,19,10,9,19,10,9,8,4,4,2,1,1,0,0,0,0,0,0,0,0,0,6,6,0,1,1,1,1,2,0,6,3,3,2,4,0,0,1
55407447,0,,,104,50,54,18,10,8,86,40,46,59,29,30,81,38,43,78,37,41,27,11,16,15,5,10,3,2,1,0,0,0,0,0,0,29,29,4,4,6,7,4,2,2,25,13,12,3,18,0,2,1
55407448,0,,,139,74,65,22,12,10,117,62,55,74,41,33,112,59,53,108,57,51,43,21,22,18,7,11,5,1,4,0,0,0,0,0,0,41,41,7,9,8,6,5,5,1,34,18,16,6,30,0,5,4
55407449,0,,,573,277,296,39,18,21,534,259,275,326,161,165,524,254,270,514,250,264,208,98,110,96,39,57,38,10,28,2,0,2,15,0,15,238,237,79,70,40,27,11,4,6,154,118,36,12,143,8,35,32
55407450,2,55407460,,1,1,0,*,*,*,*,*,*,*,*,*,*,*,*,*,*,*,*,*,*,*,*,*,*,*,*,*,*,*,*,*,*,1,1,*,*,*,*,*,*,*,*,*,*,*,*,*,*,*
55407451,0,,,20,10,10,2,1,1,18,9,9,11,5,6,18,9,9,18,9,9,7,4,3,2,1,1,2,1,1,2,1,1,0,0,0,7,7,1,4,0,0,1,1,0,6,4,2,0,4,0,0,1
55407452,0,,,33,21,12,2,2,0,31,19,12,18,12,6,30,18,12,30,18,12,13,7,6,1,1,0,0,0,0,0,0,0,0,0,0,10,10,0,3,4,2,0,0,1,10,7,3,0,8,0,0,2
55407453,0,,,87,42,45,8,4,4,79,38,41,41,23,18,78,37,41,77,36,41,38,15,23,14,5,9,6,3,3,0,0,0,1,0,1,32,32,9,4,12,4,0,3,0,23,15,8,2,24,0,7,2
55407455,0,,,20,9,11,4,2,2,16,7,9,13,6,7,15,7,8,15,7,8,3,1,2,2,1,1,0,0,0,0,0,0,0,0,0,4,4,0,1,0,0,2,0,1,4,1,3,2,2,0,0,0
55407456,0,,,96,48,48,15,8,7,81,40,41,53,27,26,77,39,38,76,39,37,28,13,15,16,8,8,7,3,4,0,0,0,0,0,0,29,29,4,10,5,2,4,1,3,25,18,7,3,16,0,2,5
55407457,0,,,37,17,20,2,1,1,35,16,19,22,10,12,35,16,19,34,16,18,13,6,7,8,4,4,1,1,0,0,0,0,1,0,1,14,14,4,4,2,2,1,1,0,10,7,3,0,10,0,3,1
55407458,0,,,47,22,25,3,1,2,44,21,23,28,12,16,43,20,23,42,20,22,16,9,7,8,5,3,5,2,3,2,0,2,3,0,3,19,19,6,3,5,5,0,0,0,13,8,5,0,11,1,2,1
55407459,0,,,449,201,248,38,22,16,407,176,231,208,108,100,396,171,225,392,168,224,199,68,131,117,26,91,78,10,68,21,1,20,3,2,1,160,158,64,40,23,11,10,3,7,94,66,28,8,84,14,18,21
55407460,1,,55407450;55407461,77,38,39,5,3,2,76,38,38,35,21,14,73,36,37,72,36,36,41,17,24,27,11,16,10,2,8,1,0,1,0,0,0,28,28,7,9,8,2,1,2,1,23,15,8,1,26,0,5,6
55407461,2,55407460,,3,2,1,*,*,*,*,*,*,*,*,*,*,*,*,*,*,*,*,*,*,*,*,*,*,*,*,*,*,*,*,*,*,1,1,*,*,*,*,*,*,*,*,*,*,*,*,*,*,*
55407462,2,55407463,,10,7,3,*,*,*,*,*,*,*,*,*,*,*,*,*,*,*,*,*,*,*,*,*,*,*,*,*,*,*,*,*,*,4,4,*,*,*,*,*,*,*,*,*,*,*,*,*,*,*
55407463,1,,55407462,66,38,28,2,2,0,74,43,31,37,24,13,73,42,31,73,42,31,37,19,18,19,9,10,9,3,6,0,0,0,0,0,0,22,22,6,6,7,2,2,2,1,20,11,9,2,21,0,4,5
55407464,0,,,17,8,9,2,1,1,15,7,8,7,4,3,15,7,8,15,7,8,8,3,5,4,1,3,1,0,1,0,0,0,0,0,0,6,6,0,3,2,0,1,0,0,6,4,2,1,6,0,0,1
55407465,1,,55407475,60,32,28,5,2,3,58,32,26,31,18,13,56,30,26,56,30,26,27,14,13,19,10,9,5,4,1,1,1,0,0,0,0,16,16,2,2,5,3,4,0,1,15,5,10,1,16,0,1,1
55407466,0,,,12,8,4,0,0,0,12,8,4,9,6,3,12,8,4,12,8,4,3,2,1,2,1,1,1,0,1,0,0,0,0,0,0,4,4,0,2,1,0,1,0,0,4,3,1,0,2,0,0,0
55407467,0,,,132,68,64,14,7,7,118,61,57,75,44,31,117,61,56,116,61,55,43,17,26,20,4,16,6,1,5,0,0,0,0,0,0,42,42,6,11,8,10,2,5,0,36,24,12,5,33,0,4,5
55407468,0,,,44,24,20,5,5,0,39,19,20,23,12,11,38,18,20,38,18,20,16,7,9,8,3,5,3,1,2,0,0,0,0,0,0,12,12,0,3,3,4,0,1,1,12,6,6,2,9,0,0,2
55407469,0,,,240,133,107,24,15,9,202,110,92,145,81,64,198,110,88,191,106,85,57,29,28,31,16,15,6,2,4,1,0,1,5,3,2,100,100,39,25,15,11,1,6,3,60,44,16,6,39,9,6,4
55407470,0,,,44,24,20,3,1,2,41,23,18,19,12,7,40,22,18,40,22,18,22,11,11,12,5,7,5,1,4,0,0,0,0,0,0,13,13,1,4,3,2,0,3,0,12,5,7,0,10,0,0,2
55407471,2,55407481,,6,3,3,*,*,*,*,*,*,*,*,*,*,*,*,*,*,*,*,*,*,*,*,*,*,*,*,*,*,*,*,*,*,3,3,*,*,*,*,*,*,*,*,*,*,*,*,*,*,*
55407472,0,,,100,57,43,6,5,1,94,52,42,54,31,23,90,48,42,89,47,42,40,21,19,16,5,11,8,2,6,0,0,0,1,0,1,27,27,3,5,6,4,4,2,3,24,10,14,2,26,0,3,3
55407473,0,,,39,18,21,3,1,2,36,17,19,21,10,11,36,17,19,35,16,19,15,7,8,4,0,4,2,0,2,0,0,0,0,0,0,12,12,2,1,4,3,1,1,0,10,2,8,1,10,0,1,0
55407475,2,55407465,,3,2,1,*,*,*,*,*,*,*,*,*,*,*,*,*,*,*,*,*,*,*,*,*,*,*,*,*,*,*,*,*,*,1,1,*,*,*,*,*,*,*,*,*,*,*,*,*,*,*
55407476,2,55407477,,1,0,1,*,*,*,*,*,*,*,*,*,*,*,*,*,*,*,*,*,*,*,*,*,*,*,*,*,*,*,*,*,*,1,1,*,*,*,*,*,*,*,*,*,*,*,*,*,*,*
55407477,1,,55407476,106,55,51,7,4,3,100,51,49,55,29,26,98,49,49,97,48,49,45,22,23,22,10,12,8,3,5,1,0,1,0,0,0,35,35,6,10,10,4,3,2,1,30,20,10,0,28,0,2,5
55407478,0,,,148,75,73,22,12,10,126,63,63,68,37,31,123,61,62,121,60,61,58,26,32,28,11,17,11,2,9,1,0,1,0,0,0,47,47,9,12,11,6,2,3,4,38,20,18,4,37,0,8,5
55407479,0,,,166,94,72,14,9,5,147,81,66,93,55,38,142,79,63,141,79,62,54,26,28,22,10,12,9,4,5,0,0,0,9,6,3,76,76,31,21,11,8,2,3,0,45,33,12,5,33,5,4,10
55407480,0,,,24,12,12,2,1,1,22,11,11,15,7,8,21,11,10,20,11,9,7,4,3,5,2,3,2,0,2,0,0,0,0,0,0,5,5,1,0,0,2,0,0,2,4,2,2,0,4,0,1,0
55407481,1,,55407471;55407491,21,11,10,0,0,0,37,20,17,17,10,7,37,20,17,37,20,17,20,10,10,13,6,7,6,3,3,0,0,0,0,0,0,7,7,0,6,5,1,0,1,0,13,8,5,0,12,0,0,4
55407482,0,,,26,18,8,0,0,0,26,18,8,12,8,4,26,18,8,26,18,8,14,10,4,5,4,1,1,1,0,0,0,0,0,0,0,10,10,1,5,2,1,1,0,0,9,7,2,0,10,0,1,3
55407484,1,,55407485,11,6,5,0,0,0,18,10,8,11,6,5,18,10,8,18,10,8,7,4,3,5,3,2,2,2,0,0,0,0,0,0,0,4,4,1,0,2,1,0,0,1,4,3,1,0,4,0,1,0
55407485,2,55407484,,7,4,3,*,*,*,*,*,*,*,*,*,*,*,*,*,*,*,*,*,*,*,*,*,*,*,*,*,*,*,*,*,*,1,1,*,*,*,*,*,*,*,*,*,*,*,*,*,*,*
55407486,0,,,20,13,7,3,2,1,17,11,6,8,5,3,17,11,6,17,11,6,9,6,3,4,2,2,0,0,0,0,0,0,0,0,0,7,7,2,1,1,2,1,0,0,5,4,1,1,6,0,2,1
55407487,0,,,30,16,14,0,0,0,30,16,14,19,10,9,30,16,14,30,16,14,11,6,5,5,2,3,2,1,1,0,0,0,0,0,0,11,11,2,4,2,2,0,1,0,9,7,2,0,8,0,1,2
55407488,0,,,12,6,6,0,0,0,12,6,6,8,4,4,12,6,6,12,6,6,4,2,2,3,2,1,0,0,0,0,0,0,0,0,0,5,5,1,2,1,1,0,0,0,4,2,2,0,3,0,1,0
55407489,0,,,65,32,33,4,0,4,61,32,29,40,22,18,58,31,27,55,30,25,21,10,11,13,5,8,6,3,3,0,0,0,1,0,1,18,18,1,4,4,3,5,0,1,17,10,7,1,14,0,1,1
55407491,2,55407481,,10,6,4,*,*,*,*,*,*,*,*,*,*,*,*,*,*,*,*,*,*,*,*,*,*,*,*,*,*,*,*,*,*,3,3,*,*,*,*,*,*,*,*,*,*,*,*,*,*,*
55407492,0,,,10,6,4,0,0,0,10,6,4,5,3,2,10,6,4,10,6,4,5,3,2,2,2,0,1,1,0,0,0,0,0,0,0,5,5,1,3,1,0,0,0,0,4,4,0,0,3,0,1,1
55407494,0,,,21,10,11,3,1,2,18,9,9,10,6,4,18,9,9,17,8,9,8,3,5,3,1,2,1,0,1,0,0,0,0,0,0,6,6,0,2,1,1,2,0,0,6,3,3,0,5,0,0,1
55407495,0,,,15,6,9,4,2,2,11,4,7,7,2,5,11,4,7,11,4,7,4,2,2,1,0,1,0,0,0,0,0,0,0,0,0,4,4,1,1,0,0,1,0,1,3,1,2,1,3,0,1,1
55407496,0,,,29,16,13,0,0,0,29,16,13,16,10,6,27,15,12,26,14,12,13,6,7,7,3,4,3,2,1,1,0,1,0,0,0,8,8,1,2,2,1,0,1,1,7,4,3,0,6,0,1,1
55407497,0,,,94,47,47,9,2,7,85,45,40,48,27,21,81,42,39,81,42,39,37,18,19,20,9,11,8,4,4,1,1,0,0,0,0,28,28,2,7,7,7,3,1,1,25,14,11,2,23,0,2,5
55407498,0,,,80,36,44,10,4,6,70,32,38,43,21,22,66,31,35,65,30,35,27,11,16,19,8,11,7,3,4,0,0,0,0,0,0,24,24,3,9,4,1,2,2,3,21,9,12,1,19,0,3,4
55407499,0,,,53,23,30,3,1,2,50,22,28,30,15,15,49,21,28,47,19,28,20,7,13,10,2,8,4,0,4,1,0,1,0,0,0,16,16,2,4,3,4,0,3,0,14,5,9,1,13,0,2,1
55407500,0,,,13,7,6,2,1,1,11,6,5,8,3,5,11,6,5,11,6,5,3,3,0,2,2,0,0,0,0,0,0,0,0,0,0,6,6,1,4,0,1,0,0,0,5,4,1,0,3,0,0,0
55407501,0,,,44,25,19,6,4,2,38,21,17,17,9,8,38,21,17,38,21,17,21,12,9,7,4,3,2,1,1,1,0,1,0,0,0,18,18,5,6,3,2,2,0,0,13,10,3,1,14,0,3,4
55407502,0,,,133,64,69,10,8,2,123,56,67,79,38,41,118,54,64,117,53,64,44,18,26,31,10,21,14,4,10,1,0,1,0,0,0,42,42,8,9,8,8,4,4,1,34,17,17,5,31,0,5,4
55407503,0,,,119,62,57,13,8,5,106,54,52,59,33,26,101,53,48,97,51,46,47,21,26,26,8,18,14,6,8,2,0,2,0,0,0,38,38,9,10,8,1,4,1,5,29,16,13,3,27,0,6,2
55407504,0,,,19,8,11,4,1,3,15,7,8,9,5,4,14,7,7,14,7,7,6,2,4,2,0,2,1,0,1,0,0,0,0,0,0,4,4,0,1,1,0,0,1,1,4,1,3,0,4,0,0,0
55407505,2,55407515,,8,4,4,*,*,*,*,*,*,*,*,*,*,*,*,*,*,*,*,*,*,*,*,*,*,*,*,*,*,*,*,*,*,3,3,*,*,*,*,*,*,*,*,*,*,*,*,*,*,*
55407506,0,,,30,17,13,2,1,1,28,16,12,18,12,6,28,16,12,28,16,12,10,4,6,5,1,4,2,0,2,0,0,0,0,0,0,11,11,2,2,5,1,1,0,0,9,5,4,0,7,0,1,1
55407507,0,,,39,21,18,0,0,0,39,21,18,14,10,4,39,21,18,39,21,18,25,11,14,20,9,11,7,3,4,0,0,0,0,0,0,20,20,10,5,2,2,1,0,0,10,6,4,0,16,0,6,5
55407508,1,,55407509,30,16,14,3,2,1,29,15,14,16,9,7,27,14,13,27,14,13,13,6,7,7,2,5,7,2,5,1,0,1,0,0,0,10,10,1,4,4,0,1,1,0,10,8,2,0,9,0,0,1
55407509,2,55407508,,2,1,1,*,*,*,*,*,*,*,*,*,*,*,*,*,*,*,*,*,*,*,*,*,*,*,*,*,*,*,*,*,*,1,1,*,*,*,*,*,*,*,*,*,*,*,*,*,*,*
55407510,0,,,46,23,23,8,4,4,38,19,19,28,15,13,38,19,19,38,19,19,10,4,6,5,1,4,3,0,3,0,0,0,0,0,0,14,14,1,5,3,3,0,1,1,13,10,3,3,6,0,1,2
55407511,0,,,30,14,16,2,0,2,28,14,14,14,7,7,28,14,14,28,14,14,14,7,7,9,3,6,5,2,3,1,0,1,1,0,1,10,10,2,3,2,1,1,0,1,8,6,2,1,9,0,1,2
55407512,0,,,90,45,45,12,6,6,78,39,39,45,21,24,75,37,38,73,36,37,33,18,15,18,11,7,10,6,4,3,1,2,0,0,0,24,24,5,5,2,5,1,2,4,19,7,12,0,21,0,4,2
55407513,0,,,34,16,18,3,1,2,31,15,16,20,9,11,30,14,16,29,14,15,11,6,5,5,1,4,1,0,1,1,0,1,0,0,0,10,10,2,2,3,0,1,1,1,8,5,3,0,8,0,1,1
55407514,0,,,31,14,17,0,0,0,31,14,17,19,9,10,31,14,17,31,14,17,12,5,7,8,3,5,2,1,1,0,0,0,0,0,0,11,11,2,4,3,1,0,0,1,9,5,4,0,9,0,2,1
55407515,1,,55407505,46,23,23,1,1,0,53,26,27,27,18,9,53,26,27,51,24,27,26,8,18,9,2,7,6,2,4,0,0,0,0,0,0,16,16,3,5,6,2,3,0,0,16,9,7,0,18,0,2,3
55407516,1,,55407517,16,6,10,1,0,1,21,9,12,9,4,5,21,9,12,21,9,12,12,5,7,3,1,2,2,0,2,0,0,0,1,0,1,8,8,2,7,2,0,0,0,0,9,8,1,0,7,0,2,4
55407517,2,55407516,,6,3,3,*,*,*,*,*,*,*,*,*,*,*,*,*,*,*,*,*,*,*,*,*,*,*,*,*,*,*,*,*,*,3,3,*,*,*,*,*,*,*,*,*,*,*,*,*,*,*
55407518,2,55407527,,3,2,1,*,*,*,*,*,*,*,*,*,*,*,*,*,*,*,*,*,*,*,*,*,*,*,*,*,*,*,*,*,*,2,2,*,*,*,*,*,*,*,*,*,*,*,*,*,*,*
55407520,0,,,523,250,273,64,39,25,459,211,248,290,141,149,436,201,235,426,197,229,169,70,99,104,42,62,49,14,35,3,1,2,3,1,2,176,175,35,54,38,20,11,12,5,139,104,35,12,97,0,22,25
55407521,1,,55407522,169,81,88,20,9,11,155,72,83,106,52,54,142,66,76,138,66,72,49,20,29,24,9,15,10,3,7,1,0,1,0,0,0,62,62,20,18,15,7,3,2,3,46,36,10,4,32,2,9,7
55407522,2,55407521,,10,2,8,*,*,*,*,*,*,*,*,*,*,*,*,*,*,*,*,*,*,*,*,*,*,*,*,*,*,*,*,*,*,6,6,*,*,*,*,*,*,*,*,*,*,*,*,*,*,*
55407523,0,,,58,25,33,6,2,4,52,23,29,29,13,16,51,22,29,49,22,27,23,10,13,10,3,7,5,1,4,0,0,0,1,0,1,16,16,2,3,4,3,2,0,2,14,6,8,1,15,0,2,1
55407524,0,,,23,11,12,5,3,2,18,8,10,7,3,4,18,8,10,18,8,10,11,5,6,3,0,3,2,0,2,0,0,0,0,0,0,6,6,0,2,1,1,1,0,1,6,3,3,1,6,0,0,1
55407525,2,55407535,,3,2,1,*,*,*,*,*,*,*,*,*,*,*,*,*,*,*,*,*,*,*,*,*,*,*,*,*,*,*,*,*,*,2,2,*,*,*,*,*,*,*,*,*,*,*,*,*,*,*
55407526,0,,,9,4,5,0,0,0,9,4,5,2,1,1,9,4,5,9,4,5,7,3,4,3,1,2,2,1,1,0,0,0,0,0,0,4,4,1,1,2,0,0,0,0,3,1,2,0,4,0,1,0
55407527,1,,55407518;55407528,10,6,4,0,0,0,22,14,8,8,7,1,22,14,8,22,14,8,14,7,7,7,4,3,1,1,0,0,0,0,0,0,0,4,4,3,3,3,1,0,0,0,7,5,2,0,8,0,1,2
55407528,2,55407527,,9,6,3,*,*,*,*,*,*,*,*,*,*,*,*,*,*,*,*,*,*,*,*,*,*,*,*,*,*,*,*,*,*,4,4,*,*,*,*,*,*,*,*,*,*,*,*,*,*,*
55407530,0,,,1348,644,704,166,80,86,1174,560,614,732,378,354,1131,534,597,1112,521,591,442,182,260,246,91,155,84,21,63,10,1,9,42,31,11,567,567,219,138,85,65,34,17,9,345,254,91,41,305,28,94,59
55407531,0,,,52,29,23,4,4,0,48,25,23,30,16,14,44,24,20,43,23,20,18,9,9,9,4,5,3,1,2,1,0,1,0,0,0,20,20,6,4,5,3,1,1,0,14,11,3,0,11,0,4,3
55407533,1,,55407534;55407543,38,17,21,1,1,0,51,23,28,31,14,17,51,23,28,48,22,26,20,9,11,14,5,9,7,3,4,2,0,2,0,0,0,12,12,3,3,3,3,2,2,0,13,3,10,0,14,0,2,1
55407534,2,55407533,,3,1,2,*,*,*,*,*,*,*,*,*,*,*,*,*,*,*,*,*,*,*,*,*,*,*,*,*,*,*,*,*,*,1,1,*,*,*,*,*,*,*,*,*,*,*,*,*,*,*
55407535,1,,55407525,9,4,5,1,0,1,11,6,5,7,4,3,10,5,5,9,5,4,4,2,2,3,2,1,1,1,0,0,0,0,0,0,0,2,2,1,1,0,1,1,0,0,3,2,1,0,3,0,1,0
55407540,0,,,1231,575,656,133,64,69,1092,508,584,642,318,324,1063,492,571,1048,481,567,450,190,260,275,104,171,121,35,86,18,4,14,20,13,7,458,455,124,142,89,58,27,9,6,326,263,63,40,245,9,65,59
55407541,0,,,201,114,87,13,5,8,185,108,77,123,80,43,183,107,76,176,102,74,62,28,34,35,15,20,16,8,8,1,0,1,30,30,0,100,100,50,21,15,10,2,1,1,50,40,10,3,39,27,7,8
55407542,0,,,14,6,8,0,0,0,14,6,8,9,4,5,13,5,8,12,5,7,5,2,3,5,2,3,1,0,1,0,0,0,0,0,0,4,4,0,1,2,0,0,1,0,4,2,2,0,3,0,0,0
55407543,2,55407533,,11,6,5,*,*,*,*,*,*,*,*,*,*,*,*,*,*,*,*,*,*,*,*,*,*,*,*,*,*,*,*,*,*,3,3,*,*,*,*,*,*,*,*,*,*,*,*,*,*,*
55407546,2,55407556,,6,4,2,*,*,*,*,*,*,*,*,*,*,*,*,*,*,*,*,*,*,*,*,*,*,*,*,*,*,*,*,*,*,2,2,*,*,*,*,*,*,*,*,*,*,*,*,*,*,*
55407547,2,55407556,,6,4,2,*,*,*,*,*,*,*,*,*,*,*,*,*,*,*,*,*,*,*,*,*,*,*,*,*,*,*,*,*,*,2,2,*,*,*,*,*,*,*,*,*,*,*,*,*,*,*
55407548,2,55407558,,10,7,3,*,*,*,*,*,*,*,*,*,*,*,*,*,*,*,*,*,*,*,*,*,*,*,*,*,*,*,*,*,*,2,2,*,*,*,*,*,*,*,*,*,*,*,*,*,*,*
55407550,0,,,77,36,41,8,5,3,69,31,38,49,24,25,65,31,34,63,30,33,20,7,13,11,4,7,5,1,4,0,0,0,0,0,0,25,25,5,4,6,6,3,0,1,19,12,7,1,12,0,3,2
55407551,0,,,77,43,34,6,3,3,71,40,31,42,28,14,66,37,29,65,36,29,29,12,17,15,5,10,5,1,4,0,0,0,0,0,0,19,19,0,2,5,5,4,3,0,19,9,10,1,16,0,0,0
55407552,0,,,131,72,59,21,14,7,110,58,52,63,32,31,108,57,51,106,56,50,47,26,21,20,7,13,11,3,8,0,0,0,6,6,0,46,46,13,8,10,8,5,0,2,33,19,14,4,32,0,6,3
55407553,0,,,18,7,11,0,0,0,18,7,11,10,5,5,18,7,11,18,7,11,8,2,6,5,0,5,3,0,3,0,0,0,0,0,0,7,7,2,2,0,3,0,0,0,5,2,3,0,6,0,1,1
55407554,2,55407563,,12,4,8,*,*,*,*,*,*,*,*,*,*,*,*,*,*,*,*,*,*,*,*,*,*,*,*,*,*,*,*,*,*,3,3,*,*,*,*,*,*,*,*,*,*,*,*,*,*,*
55407555,2,55407556,,6,3,3,*,*,*,*,*,*,*,*,*,*,*,*,*,*,*,*,*,*,*,*,*,*,*,*,*,*,*,*,*,*,3,3,*,*,*,*,*,*,*,*,*,*,*,*,*,*,*
55407556,1,,55407546;55407547;55407555,43,22,21,1,1,0,60,32,28,38,23,15,58,31,27,57,30,27,22,9,13,11,4,7,7,4,3,0,0,0,1,0,1,15,15,4,8,3,4,2,1,0,18,12,6,0,15,0,3,1
55407557,0,,,15,8,7,0,0,0,15,8,7,9,6,3,15,8,7,15,8,7,6,2,4,4,2,2,2,1,1,0,0,0,0,0,0,8,8,4,2,1,1,0,0,0,4,2,2,0,5,0,2,1
55407558,1,,55407548,26,14,12,2,1,1,34,20,14,25,16,9,33,19,14,30,17,13,9,4,5,3,1,2,2,0,2,0,0,0,0,0,0,8,8,2,2,0,3,1,1,1,8,3,5,0,7,0,2,1
55407561,0,,,110,69,41,10,6,4,100,63,37,76,51,25,98,62,36,98,62,36,24,12,12,9,2,7,2,1,1,1,0,1,7,7,0,53,53,31,7,5,5,1,3,1,21,11,10,4,19,4,5,3
55407562,0,,,153,92,61,13,7,6,140,85,55,103,69,34,132,80,52,129,77,52,37,16,21,15,6,9,6,2,4,1,1,0,21,21,0,73,73,42,10,6,9,3,0,3,31,23,8,1,26,20,9,2
55407563,1,,55407554;55407564,38,13,25,6,1,5,47,17,30,27,10,17,41,15,26,41,15,26,20,7,13,7,1,6,5,0,5,0,0,0,0,0,0,11,11,2,3,2,3,3,2,0,13,7,6,1,11,0,1,1
55407564,2,55407563,,3,1,2,*,*,*,*,*,*,*,*,*,*,*,*,*,*,*,*,*,*,*,*,*,*,*,*,*,*,*,*,*,*,1,1,*,*,*,*,*,*,*,*,*,*,*,*,*,*,*
55407566,1,,55407576,35,18,17,1,0,1,44,21,23,28,17,11,44,21,23,44,21,23,16,4,12,12,1,11,8,1,7,0,0,0,0,0,0,14,14,6,6,3,2,2,0,0,13,5,8,0,14,0,3,1
55407567,0,,,12,7,5,0,0,0,12,7,5,4,2,2,12,7,5,12,7,5,8,5,3,3,2,1,2,1,1,0,0,0,0,0,0,5,5,0,3,2,0,0,0,0,5,4,1,0,5,0,0,2
55407568,0,,,19,11,8,2,1,1,17,10,7,11,7,4,17,10,7,17,10,7,6,3,3,4,2,2,1,1,0,1,1,0,1,0,1,7,7,2,3,0,1,0,0,1,5,3,2,0,4,0,1,0
55407570,0,,,36,17,19,1,1,0,35,16,19,21,11,10,34,15,19,34,15,19,14,5,9,8,2,6,3,1,2,3,1,2,3,0,3,11,11,3,0,3,1,4,0,0,8,2,6,0,8,3,0,0
55407572,1,,55407573,148,71,77,7,4,3,144,68,76,88,43,45,141,67,74,138,65,73,56,25,31,33,13,20,11,5,6,3,0,3,0,0,0,47,47,7,11,12,9,5,3,1,40,18,22,1,35,0,3,5
55407573,2,55407572,,3,1,2,*,*,*,*,*,*,*,*,*,*,*,*,*,*,*,*,*,*,*,*,*,*,*,*,*,*,*,*,*,*,1,1,*,*,*,*,*,*,*,*,*,*,*,*,*,*,*
55407576,2,55407566,,10,3,7,*,*,*,*,*,*,*,*,*,*,*,*,*,*,*,*,*,*,*,*,*,*,*,*,*,*,*,*,*,*,5,5,*,*,*,*,*,*,*,*,*,*,*,*,*,*,*
55407580,0,,,53,28,25,0,0,0,53,28,25,24,16,8,53,28,25,52,27,25,29,12,17,11,3,8,4,1,3,0,0,0,0,0,0,18,18,2,4,7,4,0,1,0,16,11,5,0,16,0,1,2
55407581,0,,,24,13,11,0,0,0,24,13,11,14,9,5,24,13,11,23,12,11,10,4,6,7,3,4,2,1,1,0,0,0,0,0,0,6,6,0,1,2,1,0,2,0,6,3,3,0,6,0,0,1
55407582,1,,55407583,744,357,387,74,34,40,671,323,348,410,209,201,652,312,340,642,308,334,261,114,147,132,53,79,53,18,35,4,1,3,14,1,13,278,278,82,71,49,40,21,6,10,196,136,60,18,176,2,42,28
55407583,2,55407582,,1,0,1,*,*,*,*,*,*,*,*,*,*,*,*,*,*,*,*,*,*,*,*,*,*,*,*,*,*,*,*,*,*,1,1,*,*,*,*,*,*,*,*,*,*,*,*,*,*,*
55407586,1,,55407597,22,9,13,2,1,1,22,9,13,11,4,7,21,8,13,20,8,12,11,5,6,4,2,2,0,0,0,0,0,0,0,0,0,6,6,0,3,1,1,1,1,0,7,4,3,0,6,0,0,2
55407590,0,,,18,10,8,1,0,1,17,10,7,12,7,5,16,9,7,15,9,6,5,3,2,2,1,1,1,0,1,0,0,0,0,0,0,6,6,1,1,3,0,0,1,0,5,4,1,0,4,0,1,1
55407592,0,,,462,233,229,40,26,14,422,207,215,252,127,125,406,198,208,399,195,204,170,80,90,83,36,47,32,13,19,1,0,1,14,0,14,171,171,43,54,30,19,13,5,7,128,85,43,9,114,0,23,29
55407593,0,,,474,238,236,52,31,21,422,207,215,276,132,144,402,200,202,393,194,199,146,75,71,82,36,46,21,11,10,4,0,4,0,0,0,163,163,33,40,33,36,12,6,3,130,89,41,10,94,0,18,20
55407594,0,,,149,50,99,2,1,1,147,49,98,32,17,15,147,49,98,146,49,97,115,32,83,100,22,78,75,16,59,15,2,13,0,0,0,17,16,3,3,2,2,5,1,0,12,3,9,1,13,0,3,0
55407595,0,,,108,58,50,15,8,7,93,50,43,62,36,26,93,50,43,93,50,43,31,14,17,18,7,11,9,3,6,0,0,0,0,0,0,38,38,11,7,9,6,1,2,2,26,16,10,6,24,0,6,1
55407596,0,,,10,4,6,0,0,0,10,4,6,4,1,3,10,4,6,10,4,6,6,3,3,3,2,1,1,0,1,0,0,0,0,0,0,4,4,0,2,2,0,0,0,0,4,3,1,0,3,0,0,1
55407597,2,55407586,,2,1,1,*,*,*,*,*,*,*,*,*,*,*,*,*,*,*,*,*,*,*,*,*,*,*,*,*,*,*,*,*,*,1,1,*,*,*,*,*,*,*,*,*,*,*,*,*,*,*
55407601,2,55407611,,5,2,3,*,*,*,*,*,*,*,*,*,*,*,*,*,*,*,*,*,*,*,*,*,*,*,*,*,*,*,*,*,*,3,3,*,*,*,*,*,*,*,*,*,*,*,*,*,*,*
55407602,2,55407611,,6,3,3,*,*,*,*,*,*,*,*,*,*,*,*,*,*,*,*,*,*,*,*,*,*,*,*,*,*,*,*,*,*,2,2,*,*,*,*,*,*,*,*,*,*,*,*,*,*,*
55407603,2,55407611,,4,1,3,*,*,*,*,*,*,*,*,*,*,*,*,*,*,*,*,*,*,*,*,*,*,*,*,*,*,*,*,*,*,2,2,*,*,*,*,*,*,*,*,*,*,*,*,*,*,*
55407611,1,,55407601;55407602;55407603;55407622,24,11,13,0,0,0,42,19,23,19,10,9,41,18,23,40,17,23,23,9,14,16,5,11,7,3,4,0,0,0,0,0,0,9,9,5,6,4,2,1,0,0,13,10,3,0,14,0,4,6
55407614,2,55407647,,2,1,1,*,*,*,*,*,*,*,*,*,*,*,*,*,*,*,*,*,*,*,*,*,*,*,*,*,*,*,*,*,*,1,1,*,*,*,*,*,*,*,*,*,*,*,*,*,*,*
55407618,2,55407647,,3,1,2,*,*,*,*,*,*,*,*,*,*,*,*,*,*,*,*,*,*,*,*,*,*,*,*,*,*,*,*,*,*,2,2,*,*,*,*,*,*,*,*,*,*,*,*,*,*,*
55407621,1,,55407631;55407632,10,4,6,0,0,0,13,7,6,6,4,2,13,7,6,13,7,6,7,3,4,3,0,3,0,0,0,0,0,0,0,0,0,7,7,7,3,0,0,0,0,0,3,3,0,0,6,0,3,2
55407622,2,55407611,,3,2,1,*,*,*,*,*,*,*,*,*,*,*,*,*,*,*,*,*,*,*,*,*,*,*,*,*,*,*,*,*,*,2,2,*,*,*,*,*,*,*,*,*,*,*,*,*,*,*
55407625,2,55407647,,4,1,3,*,*,*,*,*,*,*,*,*,*,*,*,*,*,*,*,*,*,*,*,*,*,*,*,*,*,*,*,*,*,1,1,*,*,*,*,*,*,*,*,*,*,*,*,*,*,*
55407626,1,,55407636,16,6,10,2,1,1,19,8,11,11,5,6,19,8,11,19,8,11,8,3,5,4,1,3,4,1,3,0,0,0,0,0,0,5,5,1,1,1,1,1,1,0,5,1,4,2,6,0,1,1
55407631,2,55407621,,2,2,0,*,*,*,*,*,*,*,*,*,*,*,*,*,*,*,*,*,*,*,*,*,*,*,*,*,*,*,*,*,*,2,2,*,*,*,*,*,*,*,*,*,*,*,*,*,*,*
55407632,2,55407621,,1,1,0,*,*,*,*,*,*,*,*,*,*,*,*,*,*,*,*,*,*,*,*,*,*,*,*,*,*,*,*,*,*,1,1,*,*,*,*,*,*,*,*,*,*,*,*,*,*,*
55407636,2,55407626,,5,3,2,*,*,*,*,*,*,*,*,*,*,*,*,*,*,*,*,*,*,*,*,*,*,*,*,*,*,*,*,*,*,1,1,*,*,*,*,*,*,*,*,*,*,*,*,*,*,*
55407638,2,55407647,,5,2,3,*,*,*,*,*,*,*,*,*,*,*,*,*,*,*,*,*,*,*,*,*,*,*,*,*,*,*,*,*,*,3,3,*,*,*,*,*,*,*,*,*,*,*,*,*,*,*
55407640,0,,,10,6,4,0,0,0,10,6,4,3,2,1,10,6,4,10,6,4,7,4,3,3,2,1,1,1,0,0,0,0,0,0,0,5,5,2,1,2,0,0,0,0,3,2,1,0,5,0,2,1
55407645,2,55407647,,3,2,1,*,*,*,*,*,*,*,*,*,*,*,*,*,*,*,*,*,*,*,*,*,*,*,*,*,*,*,*,*,*,2,2,*,*,*,*,*,*,*,*,*,*,*,*,*,*,*
55407646,1,,55407655,15,6,9,0,0,0,18,8,10,4,0,4,18,8,10,18,8,10,14,8,6,8,5,3,1,0,1,0,0,0,0,0,0,7,7,1,7,1,0,0,0,0,8,6,2,0,9,0,1,5
55407647,1,,55407614;55407618;55407625;55407638;55407645;55407656,21,11,10,0,0,0,43,22,21,13,7,6,43,22,21,43,22,21,30,15,15,13,7,6,5,3,2,0,0,0,0,0,0,9,9,8,10,1,3,0,0,0,14,11,3,0,18,0,6,7
55407650,0,,,22,10,12,1,0,1,21,10,11,14,7,7,20,9,11,20,9,11,7,3,4,4,1,3,2,1,1,1,0,1,0,0,0,6,6,1,0,2,1,1,1,0,5,1,4,0,4,0,0,0
55407655,2,55407646,,3,2,1,*,*,*,*,*,*,*,*,*,*,*,*,*,*,*,*,*,*,*,*,*,*,*,*,*,*,*,*,*,*,2,2,*,*,*,*,*,*,*,*,*,*,*,*,*,*,*
55407656,2,55407647,,5,4,1,*,*,*,*,*,*,*,*,*,*,*,*,*,*,*,*,*,*,*,*,*,*,*,*,*,*,*,*,*,*,4,4,*,*,*,*,*,*,*,*,*,*,*,*,*,*,*
55407657,2,55407667,,1,1,0,*,*,*,*,*,*,*,*,*,*,*,*,*,*,*,*,*,*,*,*,*,*,*,*,*,*,*,*,*,*,1,1,*,*,*,*,*,*,*,*,*,*,*,*,*,*,*
55407660,0,,,14,6,8,0,0,0,14,6,8,9,3,6,13,6,7,13,6,7,5,3,2,3,1,2,3,1,2,0,0,0,1,0,1,5,5,0,1,4,0,0,0,0,5,4,1,0,3,0,0,1
55407661,0,,,19,8,11,0,0,0,19,8,11,11,5,6,19,8,11,18,8,10,8,3,5,7,3,4,5,2,3,1,0,1,0,0,0,10,10,5,2,2,1,0,0,0,5,3,2,0,7,0,4,0
55407665,2,55407676,,4,2,2,*,*,*,*,*,*,*,*,*,*,*,*,*,*,*,*,*,*,*,*,*,*,*,*,*,*,*,*,*,*,1,1,*,*,*,*,*,*,*,*,*,*,*,*,*,*,*
55407667,1,,55407657,20,12,8,0,0,0,21,13,8,8,6,2,21,13,8,21,13,8,13,7,6,9,4,5,2,1,1,0,0,0,1,0,1,12,12,6,6,1,0,0,0,0,7,6,1,0,10,0,4,3
55407670,2,55407671,,2,1,1,*,*,*,*,*,*,*,*,*,*,*,*,*,*,*,*,*,*,*,*,*,*,*,*,*,*,*,*,*,*,1,1,*,*,*,*,*,*,*,*,*,*,*,*,*,*,*
55407671,1,,55407670,45,22,23,3,2,1,43,21,22,17,10,7,43,21,22,43,21,22,26,11,15,16,6,10,9,3,6,0,0,0,1,0,1,22,22,8,10,3,0,2,0,0,15,12,3,1,18,0,6,6
55407676,1,,55407665,62,33,29,3,3,0,63,32,31,16,8,8,63,32,31,63,32,31,47,24,23,27,13,14,10,5,5,0,0,0,0,0,0,27,27,5,14,5,2,2,0,0,23,16,7,1,27,0,5,11
55407677,0,,,86,40,46,2,1,1,84,39,45,29,9,20,84,39,45,84,39,45,55,30,25,23,9,14,13,4,9,2,0,2,0,0,0,37,37,4,20,10,3,0,0,0,32,23,9,1,33,0,3,13
55407682,0,,,38,19,19,0,0,0,38,19,19,17,9,8,38,19,19,38,19,19,21,10,11,14,6,8,7,3,4,1,1,0,0,0,0,16,16,3,7,3,3,0,0,0,13,6,7,0,15,0,3,4
55407684,2,55407695,,2,1,1,*,*,*,*,*,*,*,*,*,*,*,*,*,*,*,*,*,*,*,*,*,*,*,*,*,*,*,*,*,*,1,1,*,*,*,*,*,*,*,*,*,*,*,*,*,*,*
55407686,0,,,36,18,18,0,0,0,36,18,18,26,14,12,36,18,18,36,18,18,10,4,6,7,1,6,3,1,2,0,0,0,0,0,0,18,18,8,3,6,1,0,0,0,10,6,4,0,6,1,0,1
55407687,0,,,31,15,16,0,0,0,31,15,16,10,6,4,31,15,16,31,15,16,21,9,12,9,4,5,5,2,3,0,0,0,0,0,0,13,13,2,5,5,1,0,0,0,11,8,3,0,13,0,2,4
55407692,0,,,13,6,7,0,0,0,13,6,7,4,2,2,13,6,7,13,6,7,9,4,5,3,1,2,1,0,1,0,0,0,1,0,1,6,6,0,5,1,0,0,0,0,6,6,0,0,5,0,0,3
55407693,0,,,12,5,7,0,0,0,11,5,6,2,0,2,11,5,6,11,5,6,9,5,4,2,1,1,1,1,0,0,0,0,0,0,0,6,6,1,4,1,0,0,0,0,5,4,1,0,5,0,0,3
55407694,2,55407695,,6,4,2,*,*,*,*,*,*,*,*,*,*,*,*,*,*,*,*,*,*,*,*,*,*,*,*,*,*,*,*,*,*,4,4,*,*,*,*,*,*,*,*,*,*,*,*,*,*,*
55407695,1,,55407684;55407694,227,126,101,39,21,18,190,104,86,121,66,55,187,103,84,187,103,84,69,38,31,34,18,16,17,7,10,1,0,1,2,0,2,130,130,76,38,7,9,4,1,0,58,52,6,11,53,2,27,13
55407696,0,,,206,99,107,19,6,13,186,93,93,96,52,44,183,92,91,183,92,91,90,41,49,51,20,31,22,9,13,2,0,2,0,0,0,101,101,39,38,11,7,6,0,0,62,49,13,4,64,1,23,17
55407697,0,,,10,6,4,0,0,0,10,6,4,1,1,0,10,6,4,10,6,4,9,5,4,2,1,1,1,0,1,0,0,0,0,0,0,5,5,1,3,1,0,0,0,0,4,4,0,0,5,0,1,2
55407707,0,,,14,7,7,1,1,0,13,6,7,11,6,5,12,6,6,12,6,6,2,0,2,2,0,2,1,0,1,0,0,0,0,0,0,5,5,1,0,3,1,0,0,0,4,2,2,1,2,0,0,0
55407709,0,,,166,92,74,8,2,6,158,90,68,82,55,27,155,87,68,155,87,68,76,35,41,39,17,22,16,9,7,2,2,0,0,0,0,86,86,38,27,12,7,2,0,0,48,39,9,1,47,6,10,16
55407719,0,,,469,250,219,45,24,21,424,226,198,240,135,105,420,224,196,415,221,194,184,91,93,95,39,56,31,10,21,2,1,1,2,1,1,229,229,102,58,39,18,10,2,0,126,98,28,14,129,5,40,36
55407726,2,55407736,,10,6,4,*,*,*,*,*,*,*,*,*,*,*,*,*,*,*,*,*,*,*,*,*,*,*,*,*,*,*,*,*,*,5,5,*,*,*,*,*,*,*,*,*,*,*,*,*,*,*
55407727,2,55407737,,7,4,3,*,*,*,*,*,*,*,*,*,*,*,*,*,*,*,*,*,*,*,*,*,*,*,*,*,*,*,*,*,*,2,2,*,*,*,*,*,*,*,*,*,*,*,*,*,*,*
55407728,0,,,73,38,35,2,1,1,71,37,34,35,21,14,71,37,34,70,37,33,36,16,20,24,9,15,6,1,5,0,0,0,0,0,0,28,28,6,11,4,4,2,0,1,22,14,8,1,24,0,5,6
55407729,0,,,124,65,59,10,4,6,114,61,53,61,36,25,111,59,52,108,59,49,53,25,28,29,13,16,8,3,5,1,0,1,0,0,0,61,61,27,19,7,4,3,0,1,34,29,5,2,33,2,8,15
55407731,2,55407736,,2,2,0,*,*,*,*,*,*,*,*,*,*,*,*,*,*,*,*,*,*,*,*,*,*,*,*,*,*,*,*,*,*,1,1,*,*,*,*,*,*,*,*,*,*,*,*,*,*,*
55407735,2,55407736,,1,1,0,*,*,*,*,*,*,*,*,*,*,*,*,*,*,*,*,*,*,*,*,*,*,*,*,*,*,*,*,*,*,1,1,*,*,*,*,*,*,*,*,*,*,*,*,*,*,*
55407736,1,,55407726;55407731;55407735;55407790,15,8,7,5,2,3,29,18,11,12,10,2,29,18,11,29,18,11,17,8,9,13,5,8,5,2,3,0,0,0,0,0,0,6,6,4,10,1,0,0,0,1,12,10,2,2,11,0,2,5
55407737,1,,55407727,52,29,23,0,0,0,59,33,26,31,19,12,59,33,26,59,33,26,28,14,14,19,8,11,10,3,7,0,0,0,0,0,0,21,21,3,9,8,1,2,0,0,19,11,8,0,19,0,2,4
55407738,0,,,146,84,62,13,3,10,123,71,52,82,48,34,123,71,52,123,71,52,41,23,18,18,10,8,4,1,3,1,0,1,0,0,0,84,76,38,28,4,3,1,0,2,38,31,7,4,27,4,3,17
55407739,0,,,575,305,270,60,34,26,512,268,244,281,166,115,500,261,239,497,261,236,231,102,129,131,47,84,34,10,24,2,1,1,7,7,0,289,289,125,95,34,22,8,5,0,162,144,18,16,160,14,58,48
55407748,0,,,36,31,5,3,2,1,20,16,4,16,14,2,20,16,4,20,16,4,4,2,2,0,0,0,0,0,0,0,0,0,1,1,0,29,4,1,0,2,1,0,0,0,3,2,1,1,2,1,0,0
55407749,0,,,174,97,77,7,2,5,155,83,72,81,46,35,154,83,71,153,82,71,74,37,37,34,14,20,13,4,9,0,0,0,3,3,0,105,105,64,27,4,8,0,2,0,41,34,7,2,52,4,24,14
55407758,0,,,57,26,31,4,1,3,52,24,28,27,12,15,51,24,27,51,24,27,25,12,13,6,2,4,3,1,2,0,0,0,1,0,1,25,23,3,13,4,1,2,0,0,19,16,3,2,15,0,1,8
55407759,0,,,198,124,74,16,11,5,180,111,69,116,75,41,178,111,67,176,110,66,64,36,28,16,8,8,4,2,2,0,0,0,1,0,1,114,95,45,30,13,3,1,3,0,50,45,5,4,44,5,15,14
55407767,0,,,51,29,22,7,4,3,44,25,19,27,16,11,44,25,19,44,25,19,17,9,8,9,4,5,3,1,2,0,0,0,0,0,0,20,20,4,8,3,4,0,1,0,16,11,5,2,12,0,2,4
55407768,0,,,31,17,14,4,1,3,27,16,11,15,9,6,27,16,11,27,16,11,12,7,5,8,5,3,2,1,1,0,0,0,0,0,0,13,13,4,3,3,3,0,0,0,9,7,2,2,7,0,1,1
55407769,0,,,22,12,10,0,0,0,22,12,10,14,9,5,22,12,10,22,12,10,8,3,5,6,2,4,2,0,2,0,0,0,0,0,0,11,11,3,6,1,1,0,0,0,8,7,1,0,6,0,1,1
55407777,1,,55407788;55407797,36,21,15,2,1,1,37,23,14,18,13,5,36,22,14,36,22,14,19,10,9,14,7,7,7,3,4,0,0,0,0,0,0,17,17,7,8,1,2,1,0,0,12,8,4,0,15,0,4,3
55407778,1,,55407789,26,13,13,0,0,0,29,14,15,11,3,8,29,14,15,28,14,14,18,11,7,5,3,2,2,1,1,0,0,0,0,0,0,12,12,2,9,3,0,0,0,0,12,12,0,0,12,0,2,8
55407788,2,55407777,,1,1,0,*,*,*,*,*,*,*,*,*,*,*,*,*,*,*,*,*,*,*,*,*,*,*,*,*,*,*,*,*,*,1,1,*,*,*,*,*,*,*,*,*,*,*,*,*,*,*
55407789,2,55407778,,3,1,2,*,*,*,*,*,*,*,*,*,*,*,*,*,*,*,*,*,*,*,*,*,*,*,*,*,*,*,*,*,*,2,2,*,*,*,*,*,*,*,*,*,*,*,*,*,*,*
55407790,2,55407736,,6,3,3,*,*,*,*,*,*,*,*,*,*,*,*,*,*,*,*,*,*,*,*,*,*,*,*,*,*,*,*,*,*,3,3,*,*,*,*,*,*,*,*,*,*,*,*,*,*,*
55407797,2,55407777,,2,2,0,*,*,*,*,*,*,*,*,*,*,*,*,*,*,*,*,*,*,*,*,*,*,*,*,*,*,*,*,*,*,1,1,*,*,*,*,*,*,*,*,*,*,*,*,*,*,*
55407798,2,55407799,,9,7,2,*,*,*,*,*,*,*,*,*,*,*,*,*,*,*,*,*,*,*,*,*,*,*,*,*,*,*,*,*,*,6,5,*,*,*,*,*,*,*,*,*,*,*,*,*,*,*
55407799,1,,55407798,27,13,14,0,0,0,36,20,16,16,11,5,36,20,16,36,20,16,20,9,11,8,3,5,3,1,2,0,0,0,0,0,0,14,14,6,10,3,0,0,0,0,13,12,1,0,12,1,2,6
