KEY_CODE,HTKSYORI,HTKSAKI,GASSAN,T001140001,T001140002,T001140003,T001140004,T001140005,T001140006,T001140007,T001140008,T001140009,T001140010,T001140011,T001140012,T001140013,T001140014,T001140015,T001140016,T001140017,T001140018,T001140019,T001140020,T001140021,T001140022,T001140023,T001140024,T001140025,T001140026,T001140027,T001140028,T001140029,T001140030,T001140031,T001140032,T001140033,T001140034,T001140035,T001140036,T001140037,T001140038,T001140039,T001140040,T001140041,T001140042,T001140043,T001140044,T001140045,T001140046,T001140047,T001140048,T001140049,T001140050
,,,,Å@êlå˚ÅiëçêîÅj,Å@êlå˚ÅiëçêîÅjÅ@íj,Å@êlå˚ÅiëçêîÅjÅ@èó,Å@ÇOÅ`ÇPÇSçŒêlå˚Å@ëçêî,Å@ÇOÅ`ÇPÇSçŒêlå˚Å@íj,Å@ÇOÅ`ÇPÇSçŒêlå˚Å@èó,Å@ÇPÇTçŒà»è„êlå˚Å@ëçêî,Å@ÇPÇTçŒà»è„êlå˚Å@íj,Å@ÇPÇTçŒà»è„êlå˚Å@èó,Å@ÇPÇTÅ`ÇUÇSçŒêlå˚Å@ëçêî,Å@ÇPÇTÅ`ÇUÇSçŒêlå˚Å@íj,Å@ÇPÇTÅ`ÇUÇSçŒêlå˚Å@èó,Å@ÇPÇWçŒà»è„êlå˚Å@ëçêî,Å@ÇPÇWçŒà»è„êlå˚Å@íj,Å@ÇPÇWçŒà»è„êlå˚Å@èó,Å@ÇQÇOçŒà»è„êlå˚Å@ëçêî,Å@ÇQÇOçŒà»è„êlå˚Å@íj,Å@ÇQÇOçŒà»è„êlå˚Å@èó,Å@ÇUÇTçŒà»è„êlå˚Å@ëçêî,Å@ÇUÇTçŒà»è„êlå˚Å@íj,Å@ÇUÇTçŒà»è„êlå˚Å@èó,Å@ÇVÇTçŒà»è„êlå˚Å@ëçêî,Å@ÇVÇTçŒà»è„êlå˚Å@íj,Å@ÇVÇTçŒà»è„êlå˚Å@èó,Å@ÇWÇTçŒà»è„êlå˚Å@ëçêî,Å@ÇWÇTçŒà»è„êlå˚Å@íj,Å@ÇWÇTçŒà»è„êlå˚Å@èó,Å@ÇXÇTçŒà»è„êlå˚Å@ëçêî,Å@ÇXÇTçŒà»è„êlå˚Å@íj,Å@ÇXÇTçŒà»è„êlå˚Å@èó,Å@äOçëêlêlå˚Å@ëçêî,Å@äOçëêlêlå˚Å@íj,Å@äOçëêlêlå˚Å@èó,Å@ê¢ë—ëçêî,Å@àÍî ê¢ë—êî,Å@ÇPêlê¢ë—êîÅ@àÍî ê¢ë—êî,Å@ÇQêlê¢ë—êîÅ@àÍî ê¢ë—êî,Å@ÇRêlê¢ë—êîÅ@àÍî ê¢ë—êî,Å@ÇSêlê¢ë—êîÅ@àÍî ê¢ë—êî,Å@ÇTêlê¢ë—êîÅ@àÍî ê¢ë—êî,Å@ÇUêlê¢ë—êîÅ@àÍî ê¢ë—êî,Å@ÇVêlà»è„ê¢ë—êîÅ@àÍî ê¢ë—êî,Å@êeë∞ÇÃÇ›ÇÃê¢ë—êîÅ@àÍî ê¢ë—êî,Å@äjâ∆ë∞ê¢ë—êîÅ@àÍî ê¢ë—êî,Å@äjâ∆ë∞à»äOÇÃê¢ë—êîÅ@àÍî ê¢ë—êî,Å@ÇUçŒñ¢ñûê¢ë—àıÇÃÇ¢ÇÈê¢ë—êîÅ@àÍî ê¢ë—êî,Å@ÇUÇTçŒà»è„ê¢ë—àıÇÃÇ¢ÇÈê¢ë—êîÅ@àÍî ê¢ë—êî,Å@ê¢ë—éÂÇÃîNóÓÇ™ÇQÇOÅ`ÇQÇXçŒÇÃÇPêlê¢ë—êîÅ@àÍî ê¢ë—êî,Å@çÇóÓíPêgê¢ë—êîÅ@àÍî ê¢ë—êî,Å@çÇóÓïvïwê¢ë—êîÅ@àÍî ê¢ë—êî
62400184,0,,,21,10,11,0,0,0,21,10,11,9,5,4,21,10,11,21,10,11,12,5,7,7,3,4,3,2,1,1,0,1,0,0,0,9,9,1,5,2,1,0,0,0,8,6,2,0,8,0,1,2
62400193,0,,,89,33,56,3,2,1,86,31,55,34,16,18,85,30,55,85,30,55,52,15,37,38,9,29,14,4,10,0,0,0,5,0,5,50,50,27,15,3,4,0,0,1,23,19,4,1,39,4,19,10
62400194,0,,,120,53,67,7,5,2,113,48,65,32,13,19,112,48,64,112,48,64,81,35,46,49,20,29,19,8,11,1,1,0,0,0,0,68,68,33,25,5,3,2,0,0,35,31,4,0,59,0,27,19
62400646,0,,,58,30,28,10,5,5,48,25,23,26,15,11,47,24,23,47,24,23,22,10,12,11,4,7,4,1,3,0,0,0,0,0,0,23,23,8,5,7,0,1,0,2,15,10,5,1,17,0,4,1
62400676,0,,,87,44,43,4,2,2,83,42,41,36,19,17,80,40,40,80,40,40,47,23,24,23,10,13,12,5,7,1,0,1,0,0,0,40,40,14,15,5,4,0,2,0,26,17,9,0,33,0,11,8
62400686,0,,,17,10,7,0,0,0,16,9,7,6,4,2,16,9,7,16,9,7,10,5,5,5,2,3,2,1,1,0,0,0,0,0,0,8,8,3,3,1,0,1,0,0,5,3,2,0,5,0,0,3
62400688,1,,62400698,49,25,24,6,4,2,46,22,24,18,10,8,46,22,24,46,22,24,28,12,16,19,8,11,4,2,2,0,0,0,0,0,0,22,22,10,7,2,2,0,1,1,13,8,5,3,21,0,9,4
62400698,2,62400688,,3,1,2,*,*,*,*,*,*,*,*,*,*,*,*,*,*,*,*,*,*,*,*,*,*,*,*,*,*,*,*,*,*,1,1,*,*,*,*,*,*,*,*,*,*,*,*,*,*,*
62401006,0,,,184,109,75,10,7,3,174,102,72,115,80,35,173,102,71,172,101,71,59,22,37,36,12,24,8,2,6,0,0,0,0,0,0,82,81,49,25,3,3,1,0,0,32,30,2,4,47,0,33,9
62401007,0,,,245,116,129,9,5,4,236,111,125,101,47,54,233,109,124,230,106,124,135,64,71,59,24,35,17,5,12,2,1,1,0,0,0,124,124,42,56,18,4,3,1,0,81,70,11,2,94,1,30,33
62401016,1,,62401025,206,90,116,9,5,4,199,85,114,112,63,49,194,82,112,193,82,111,87,22,65,67,13,54,51,8,43,12,1,11,21,0,21,94,93,66,16,10,1,0,1,0,28,26,2,2,12,10,3,4
62401017,0,,,675,300,375,47,26,21,622,271,351,324,148,176,610,265,345,608,263,345,298,123,175,170,58,112,59,19,40,7,2,5,3,2,1,345,344,153,120,45,21,4,1,0,190,172,18,13,182,16,76,64
62401018,0,,,698,319,379,61,25,36,637,294,343,317,161,156,626,289,337,622,288,334,320,133,187,188,71,117,55,18,37,4,1,3,2,1,1,353,352,148,128,45,19,9,3,0,203,184,19,13,210,11,74,76
62401019,0,,,703,329,374,72,36,36,631,293,338,356,180,176,620,289,331,616,287,329,275,113,162,133,49,84,35,12,23,3,1,2,3,2,1,369,369,162,126,47,25,7,1,1,205,182,23,25,198,13,82,64
62401024,2,62401034,,4,2,2,*,*,*,*,*,*,*,*,*,*,*,*,*,*,*,*,*,*,*,*,*,*,*,*,*,*,*,*,*,*,1,1,*,*,*,*,*,*,*,*,*,*,*,*,*,*,*
62401025,2,62401016,,2,0,2,*,*,*,*,*,*,*,*,*,*,*,*,*,*,*,*,*,*,*,*,*,*,*,*,*,*,*,*,*,*,1,1,*,*,*,*,*,*,*,*,*,*,*,*,*,*,*
62401028,0,,,20,12,8,0,0,0,20,12,8,13,8,5,20,12,8,20,12,8,7,4,3,1,0,1,0,0,0,0,0,0,0,0,0,12,12,8,1,2,1,0,0,0,4,4,0,0,6,0,4,1
62401029,0,,,203,94,109,31,19,12,172,75,97,115,51,64,166,72,94,163,72,91,57,24,33,23,10,13,8,3,5,0,0,0,0,0,0,95,95,32,35,18,5,3,2,0,63,61,2,7,40,3,16,14
62401033,0,,,217,91,126,13,5,8,204,86,118,98,41,57,200,84,116,200,84,116,106,45,61,57,23,34,20,7,13,0,0,0,2,0,2,106,106,39,42,13,7,3,2,0,67,58,9,2,76,0,26,25
62401034,1,,62401024,37,15,22,2,2,0,39,15,24,17,7,10,38,15,23,37,15,22,22,8,14,17,7,10,7,3,4,0,0,0,0,0,0,18,18,7,8,1,2,0,0,1,12,11,1,1,15,0,5,5
62401043,0,,,24,11,13,2,2,0,22,9,13,7,3,4,22,9,13,22,9,13,15,6,9,9,5,4,2,1,1,0,0,0,0,0,0,15,15,8,6,0,1,0,0,0,7,7,0,0,11,0,6,4
62401052,0,,,133,56,77,8,2,6,125,54,71,52,22,30,124,54,70,123,53,70,73,32,41,50,18,32,19,7,12,1,1,0,0,0,0,67,67,22,33,7,2,2,1,0,44,38,6,1,53,0,18,19
62401062,0,,,57,29,28,0,0,0,57,29,28,23,11,12,56,29,27,55,28,27,34,18,16,19,12,7,3,3,0,0,0,0,0,0,0,30,30,12,14,1,2,0,1,0,18,15,3,0,23,0,7,8
62401071,0,,,44,19,25,1,0,1,43,19,24,18,9,9,42,18,24,42,18,24,25,10,15,15,6,9,5,3,2,0,0,0,0,0,0,24,24,9,10,5,0,0,0,0,15,14,1,0,15,0,4,6
62401072,0,,,164,68,96,12,5,7,152,63,89,63,31,32,151,63,88,150,63,87,89,32,57,54,18,36,16,1,15,3,0,3,0,0,0,76,75,30,25,10,7,2,1,0,45,35,10,0,51,0,17,16
62401081,0,,,296,129,167,22,10,12,274,119,155,115,58,57,271,117,154,269,117,152,159,61,98,85,31,54,31,7,24,6,1,5,0,0,0,122,119,32,49,22,7,6,2,1,87,67,20,7,91,0,29,28
62401091,0,,,109,51,58,4,2,2,105,49,56,34,18,16,104,48,56,104,48,56,71,31,40,43,18,25,19,7,12,3,1,2,0,0,0,53,53,19,19,11,1,3,0,0,34,28,6,1,46,0,18,15
62401102,0,,,28,13,15,0,0,0,28,13,15,10,5,5,28,13,15,28,13,15,18,8,10,13,7,6,6,5,1,0,0,0,0,0,0,14,14,2,10,2,0,0,0,0,12,11,1,0,12,0,2,5
62401103,0,,,57,29,28,2,2,0,55,27,28,21,8,13,55,27,28,55,27,28,34,19,15,15,8,7,4,3,1,0,0,0,0,0,0,30,30,13,11,3,2,1,0,0,17,12,5,1,24,0,11,6
62401107,0,,,12,8,4,0,0,0,12,8,4,8,7,1,11,7,4,11,7,4,4,1,3,1,0,1,1,0,1,0,0,0,0,0,0,4,4,1,0,1,2,0,0,0,3,2,1,0,2,0,0,0
62401110,0,,,250,106,144,9,4,5,241,102,139,81,40,41,238,100,138,237,100,137,160,62,98,97,34,63,40,10,30,4,1,3,0,0,0,118,117,47,45,17,6,2,0,0,70,56,14,1,90,0,37,25
62401111,0,,,190,72,118,1,1,0,189,71,118,55,22,33,188,71,117,187,70,117,134,49,85,78,25,53,33,7,26,4,0,4,4,0,4,102,101,47,42,8,3,1,0,0,54,46,8,1,81,4,31,25
62401117,0,,,88,40,48,7,3,4,81,37,44,40,23,17,79,36,43,79,36,43,41,14,27,25,7,18,14,3,11,0,0,0,0,0,0,38,38,11,16,6,1,2,1,1,27,20,7,1,28,0,8,8
62401118,0,,,11,5,6,0,0,0,11,5,6,5,3,2,11,5,6,11,5,6,6,2,4,2,1,1,0,0,0,0,0,0,0,0,0,7,7,3,4,0,0,0,0,0,4,4,0,0,5,0,2,1
62401120,1,,62401131;62401141,112,51,61,8,3,5,107,50,57,49,21,28,106,49,57,106,49,57,58,29,29,24,11,13,9,2,7,1,0,1,0,0,0,61,61,28,24,7,2,2,0,0,35,28,7,2,43,0,20,12
62401128,0,,,233,115,118,13,3,10,220,112,108,99,58,41,219,111,108,219,111,108,121,54,67,67,30,37,21,9,12,0,0,0,2,0,2,105,105,28,48,16,6,5,2,0,77,66,11,4,78,0,19,29
62401131,2,62401120,,1,1,0,*,*,*,*,*,*,*,*,*,*,*,*,*,*,*,*,*,*,*,*,*,*,*,*,*,*,*,*,*,*,1,1,*,*,*,*,*,*,*,*,*,*,*,*,*,*,*
62401137,0,,,25,12,13,2,0,2,23,12,11,15,9,6,21,11,10,21,11,10,8,3,5,6,2,4,1,0,1,0,0,0,0,0,0,15,15,9,4,1,0,1,0,0,6,6,0,0,6,2,4,2
62401138,0,,,300,128,172,20,8,12,280,120,160,126,60,66,276,119,157,275,118,157,154,60,94,95,36,59,25,6,19,2,0,2,1,0,1,158,158,70,59,18,7,2,0,2,87,82,5,6,111,1,50,35
62401139,0,,,31,15,16,0,0,0,31,15,16,17,10,7,29,14,15,28,13,15,14,5,9,6,1,5,4,1,3,0,0,0,0,0,0,16,16,6,6,3,1,0,0,0,10,8,2,0,11,0,4,2
62401141,2,62401120,,2,1,1,*,*,*,*,*,*,*,*,*,*,*,*,*,*,*,*,*,*,*,*,*,*,*,*,*,*,*,*,*,*,1,1,*,*,*,*,*,*,*,*,*,*,*,*,*,*,*
62401148,0,,,20,9,11,0,0,0,20,9,11,7,2,5,20,9,11,20,9,11,13,7,6,5,2,3,0,0,0,0,0,0,0,0,0,10,10,2,6,2,0,0,0,0,8,5,3,0,8,0,1,4
62401149,0,,,157,77,80,3,1,2,153,76,77,55,35,20,152,75,77,152,75,77,98,41,57,56,24,32,13,5,8,0,0,0,0,0,0,85,85,38,29,16,0,0,1,1,47,43,4,0,68,0,27,18
62401159,0,,,200,79,121,6,0,6,194,79,115,75,36,39,191,78,113,189,76,113,119,43,76,64,22,42,20,7,13,1,0,1,0,0,0,102,102,43,35,15,4,4,1,0,59,44,15,3,77,2,30,21
62401169,1,,62401179;62401188;62401189,37,15,22,2,1,1,41,16,25,14,5,9,40,16,24,40,16,24,27,11,16,17,6,11,4,0,4,0,0,0,0,0,0,18,18,8,9,3,2,0,0,0,14,14,0,0,20,0,8,6
62401179,2,62401169,,2,1,1,*,*,*,*,*,*,*,*,*,*,*,*,*,*,*,*,*,*,*,*,*,*,*,*,*,*,*,*,*,*,1,1,*,*,*,*,*,*,*,*,*,*,*,*,*,*,*
62401188,2,62401169,,3,1,2,*,*,*,*,*,*,*,*,*,*,*,*,*,*,*,*,*,*,*,*,*,*,*,*,*,*,*,*,*,*,2,2,*,*,*,*,*,*,*,*,*,*,*,*,*,*,*
62401189,2,62401169,,1,0,1,*,*,*,*,*,*,*,*,*,*,*,*,*,*,*,*,*,*,*,*,*,*,*,*,*,*,*,*,*,*,1,1,*,*,*,*,*,*,*,*,*,*,*,*,*,*,*
62401199,0,,,10,4,6,0,0,0,10,4,6,4,2,2,10,4,6,10,4,6,6,2,4,3,2,1,0,0,0,0,0,0,0,0,0,6,6,2,4,0,0,0,0,0,4,4,0,0,5,0,2,1
62401250,0,,,44,25,19,0,0,0,44,25,19,21,14,7,43,24,19,43,24,19,23,11,12,14,4,10,7,2,5,1,0,1,0,0,0,24,24,11,7,5,1,0,0,0,13,10,3,0,17,0,7,3
62401260,0,,,162,82,80,0,0,0,162,82,80,67,37,30,162,82,80,158,80,78,95,45,50,47,19,28,13,4,9,0,0,0,0,0,0,83,83,33,31,13,4,0,2,0,49,36,13,0,67,1,28,16
62401270,0,,,747,349,398,55,27,28,690,320,370,324,165,159,672,315,357,664,311,353,366,155,211,205,81,124,63,23,40,3,0,3,9,1,8,376,376,148,136,55,27,7,2,1,224,185,39,18,247,15,91,76
62401271,0,,,14,7,7,1,0,1,13,7,6,7,4,3,13,7,6,12,6,6,6,3,3,0,0,0,0,0,0,0,0,0,0,0,0,6,6,1,3,1,1,0,0,0,5,5,0,0,4,0,0,3
62401280,0,,,1157,518,639,91,41,50,1065,476,589,583,280,303,1045,468,577,1031,461,570,482,196,286,238,78,160,101,25,76,10,2,8,23,1,22,543,540,206,205,79,30,16,2,2,332,301,31,25,282,39,88,100
62401281,0,,,231,112,119,12,7,5,219,105,114,118,58,60,213,102,111,210,100,110,101,47,54,39,16,23,7,5,2,0,0,0,1,0,1,114,114,42,43,17,9,2,1,0,72,67,5,3,73,0,26,22
62401282,0,,,13,5,8,0,0,0,13,5,8,4,2,2,13,5,8,13,5,8,9,3,6,4,2,2,1,0,1,0,0,0,0,0,0,6,6,0,5,1,0,0,0,0,6,6,0,0,6,0,0,3
62401283,0,,,21,11,10,3,2,1,18,9,9,6,3,3,18,9,9,18,9,9,12,6,6,4,2,2,3,2,1,0,0,0,0,0,0,6,6,0,2,1,1,2,0,0,6,3,3,2,6,0,0,2
62401290,0,,,66,34,32,5,5,0,61,29,32,34,18,16,59,28,31,58,28,30,27,11,16,12,2,10,5,0,5,1,0,1,0,0,0,32,32,11,11,8,1,1,0,0,21,17,4,0,21,0,9,3
62401293,0,,,24,13,11,0,0,0,24,13,11,7,3,4,24,13,11,23,12,11,17,10,7,9,5,4,2,1,1,0,0,0,0,0,0,11,11,3,5,1,2,0,0,0,8,6,2,0,11,0,3,4
62401607,0,,,26,10,16,0,0,0,26,10,16,12,4,8,26,10,16,26,10,16,14,6,8,4,0,4,2,0,2,0,0,0,0,0,0,12,12,1,8,3,0,0,0,0,11,9,2,0,9,0,1,4
62401608,0,,,71,33,38,15,4,11,56,29,27,33,17,16,56,29,27,56,29,27,23,12,11,8,2,6,5,2,3,0,0,0,0,0,0,26,26,9,7,3,4,0,0,3,17,12,5,4,17,0,5,5
62401618,0,,,400,198,202,27,15,12,373,183,190,196,105,91,367,180,187,363,178,185,177,78,99,89,30,59,27,7,20,1,1,0,0,0,0,188,188,76,51,35,17,5,4,0,110,86,24,8,132,1,58,21
62401619,0,,,428,212,216,29,16,13,399,196,203,207,110,97,395,195,200,391,192,199,192,86,106,101,40,61,23,7,16,3,0,3,0,0,0,206,205,72,77,38,8,9,1,0,133,111,22,13,130,3,44,41
62401629,0,,,188,84,104,17,7,10,171,77,94,79,43,36,168,75,93,168,75,93,92,34,58,49,16,33,19,5,14,0,0,0,0,0,0,91,91,36,31,10,10,4,0,0,55,49,6,4,62,0,23,17
62401639,0,,,87,43,44,5,1,4,80,40,40,36,18,18,79,40,39,78,40,38,44,22,22,18,6,12,2,0,2,0,0,0,0,0,0,46,46,21,15,4,6,0,0,0,25,18,7,0,33,2,11,7
62401730,2,62401740,,1,1,0,*,*,*,*,*,*,*,*,*,*,*,*,*,*,*,*,*,*,*,*,*,*,*,*,*,*,*,*,*,*,1,1,*,*,*,*,*,*,*,*,*,*,*,*,*,*,*
62401740,1,,62401730;62401750,152,80,72,6,3,3,187,90,97,65,35,30,183,90,93,182,90,92,122,55,67,77,22,55,47,11,36,12,2,10,1,0,1,76,75,42,19,9,8,0,0,0,36,29,7,1,49,2,23,9
62401750,2,62401740,,41,13,28,*,*,*,*,*,*,*,*,*,*,*,*,*,*,*,*,*,*,*,*,*,*,*,*,*,*,*,*,*,*,3,2,*,*,*,*,*,*,*,*,*,*,*,*,*,*,*
62401761,0,,,123,66,57,1,1,0,122,65,57,57,32,25,122,65,57,120,64,56,65,33,32,27,12,15,6,2,4,0,0,0,0,0,0,56,56,16,21,13,5,0,1,0,40,32,8,1,47,0,11,11
62401772,2,62401782,,3,1,2,*,*,*,*,*,*,*,*,*,*,*,*,*,*,*,*,*,*,*,*,*,*,*,*,*,*,*,*,*,*,2,2,*,*,*,*,*,*,*,*,*,*,*,*,*,*,*
62401779,0,,,21,10,11,0,0,0,21,10,11,9,3,6,20,10,10,20,10,10,12,7,5,5,3,2,2,2,0,0,0,0,0,0,0,10,10,3,5,0,2,0,0,0,7,6,1,0,9,0,3,4
62401782,1,,62401772;62401794,414,195,219,35,18,17,383,178,205,177,95,82,374,172,202,368,169,199,206,83,123,102,39,63,45,11,34,5,2,3,2,0,2,162,162,47,50,33,16,10,5,4,117,76,41,5,134,0,35,30
62401789,0,,,506,229,277,45,21,24,461,208,253,236,116,120,453,204,249,449,202,247,225,92,133,118,46,72,40,9,31,4,0,4,2,0,2,230,228,75,86,38,21,6,1,1,153,125,28,12,149,2,48,40
62401792,0,,,360,165,195,27,11,16,333,154,179,169,85,84,322,151,171,321,150,171,164,69,95,90,33,57,24,11,13,2,1,1,0,0,0,157,157,60,49,19,18,4,0,7,97,69,28,6,120,0,47,25
62401794,2,62401782,,1,0,1,*,*,*,*,*,*,*,*,*,*,*,*,*,*,*,*,*,*,*,*,*,*,*,*,*,*,*,*,*,*,1,1,*,*,*,*,*,*,*,*,*,*,*,*,*,*,*
62401797,0,,,56,29,27,3,2,1,53,27,26,27,14,13,53,27,26,52,27,25,26,13,13,17,8,9,7,3,4,0,0,0,0,0,0,21,21,5,7,4,1,3,1,0,16,10,6,1,18,0,5,4
62401798,0,,,34,17,17,1,1,0,33,16,17,18,10,8,31,15,16,31,15,16,15,6,9,8,3,5,2,1,1,0,0,0,0,0,0,15,15,5,7,1,1,0,0,1,10,8,2,0,10,1,3,2
62402001,0,,,99,44,55,3,2,1,96,42,54,20,9,11,96,42,54,95,42,53,76,33,43,36,15,21,7,4,3,0,0,0,0,0,0,58,58,25,26,6,1,0,0,0,33,32,1,0,52,0,22,21
62402020,0,,,163,73,90,5,3,2,158,70,88,60,27,33,155,69,86,155,69,86,98,43,55,46,22,24,19,8,11,2,0,2,1,0,1,81,81,26,38,10,4,3,0,0,55,48,7,1,64,0,19,25
62402030,1,,62402040,102,45,57,2,0,2,102,45,57,29,17,12,101,44,57,101,44,57,73,28,45,37,14,23,10,1,9,2,0,2,0,0,0,59,59,25,26,9,0,0,0,0,34,28,6,1,53,0,22,16
62402040,2,62402030,,2,0,2,*,*,*,*,*,*,*,*,*,*,*,*,*,*,*,*,*,*,*,*,*,*,*,*,*,*,*,*,*,*,1,1,*,*,*,*,*,*,*,*,*,*,*,*,*,*,*
62402109,0,,,79,40,39,3,1,2,76,39,37,35,16,19,76,39,37,74,39,35,41,23,18,20,8,12,6,3,3,0,0,0,0,0,0,38,38,13,15,8,0,1,0,1,25,17,8,1,31,0,11,6
62402119,0,,,38,19,19,3,2,1,35,17,18,19,10,9,34,16,18,33,16,17,16,7,9,8,3,5,5,2,3,2,1,1,0,0,0,18,18,6,9,1,0,1,1,0,12,11,1,1,10,0,2,4
62402207,2,62402261,,2,1,1,*,*,*,*,*,*,*,*,*,*,*,*,*,*,*,*,*,*,*,*,*,*,*,*,*,*,*,*,*,*,2,2,*,*,*,*,*,*,*,*,*,*,*,*,*,*,*
62402217,2,62402261,,4,2,2,*,*,*,*,*,*,*,*,*,*,*,*,*,*,*,*,*,*,*,*,*,*,*,*,*,*,*,*,*,*,2,2,*,*,*,*,*,*,*,*,*,*,*,*,*,*,*
62402261,1,,62402207;62402217,41,19,22,1,1,0,46,21,25,14,7,7,45,21,24,45,21,24,32,14,18,20,10,10,3,1,2,0,0,0,0,0,0,19,19,5,15,1,1,1,0,0,18,15,3,1,20,0,3,12
62402271,1,,62402272;62402273;62402282,12,5,7,1,1,0,20,8,12,7,4,3,20,8,12,20,8,12,13,4,9,6,1,5,3,1,2,0,0,0,0,0,0,8,8,5,8,0,0,0,0,0,8,7,1,1,9,0,4,4
62402272,2,62402271,,5,2,3,*,*,*,*,*,*,*,*,*,*,*,*,*,*,*,*,*,*,*,*,*,*,*,*,*,*,*,*,*,*,3,3,*,*,*,*,*,*,*,*,*,*,*,*,*,*,*
62402273,2,62402271,,2,0,2,*,*,*,*,*,*,*,*,*,*,*,*,*,*,*,*,*,*,*,*,*,*,*,*,*,*,*,*,*,*,1,1,*,*,*,*,*,*,*,*,*,*,*,*,*,*,*
62402282,2,62402271,,2,2,0,*,*,*,*,*,*,*,*,*,*,*,*,*,*,*,*,*,*,*,*,*,*,*,*,*,*,*,*,*,*,1,1,*,*,*,*,*,*,*,*,*,*,*,*,*,*,*
62402333,0,,,109,55,54,3,1,2,106,54,52,37,21,16,104,53,51,102,52,50,69,33,36,40,20,20,11,4,7,0,0,0,0,0,0,54,54,18,23,11,0,1,0,1,36,29,7,1,46,0,13,13
62402343,2,62402344,,2,1,1,*,*,*,*,*,*,*,*,*,*,*,*,*,*,*,*,*,*,*,*,*,*,*,*,*,*,*,*,*,*,1,1,*,*,*,*,*,*,*,*,*,*,*,*,*,*,*
62402344,1,,62402343,7,4,3,0,0,0,9,5,4,6,4,2,9,5,4,9,5,4,3,1,2,3,1,2,3,1,2,0,0,0,0,0,0,3,3,0,3,1,0,0,0,0,4,3,1,0,2,0,0,1
62402373,2,62402374,,2,1,1,*,*,*,*,*,*,*,*,*,*,*,*,*,*,*,*,*,*,*,*,*,*,*,*,*,*,*,*,*,*,1,1,*,*,*,*,*,*,*,*,*,*,*,*,*,*,*
62402374,1,,62402373,372,178,194,15,4,11,359,175,184,163,88,75,355,173,182,350,170,180,196,87,109,98,39,59,29,13,16,1,0,1,0,0,0,188,188,71,77,22,15,2,1,1,118,102,16,2,138,1,48,43
62402383,0,,,49,27,22,10,5,5,39,22,17,14,8,6,37,21,16,37,21,16,25,14,11,11,7,4,1,1,0,0,0,0,0,0,0,18,18,3,9,3,0,1,1,1,15,13,2,3,16,0,3,7
62402384,0,,,88,42,46,7,2,5,81,40,41,34,19,15,80,40,40,80,40,40,47,21,26,22,6,16,5,2,3,0,0,0,0,0,0,48,48,24,16,2,5,0,1,0,22,18,4,0,36,0,17,10
62402393,0,,,70,28,42,0,0,0,70,28,42,15,7,8,70,28,42,70,28,42,55,21,34,30,7,23,17,3,14,1,0,1,0,0,0,27,26,9,9,7,1,0,0,0,17,11,6,0,25,0,9,7
62402394,0,,,74,25,49,13,5,8,61,20,41,32,9,23,60,20,40,59,20,39,29,11,18,14,6,8,1,0,1,0,0,0,0,0,0,36,36,13,14,4,4,1,0,0,22,22,0,0,21,0,11,6
62402702,1,,62402704,76,41,35,5,4,1,73,38,35,43,25,18,72,37,35,72,37,35,30,13,17,15,5,10,8,3,5,0,0,0,0,0,0,30,30,4,16,5,3,3,0,0,27,19,8,1,18,0,2,4
62402704,2,62402702,,2,1,1,*,*,*,*,*,*,*,*,*,*,*,*,*,*,*,*,*,*,*,*,*,*,*,*,*,*,*,*,*,*,1,1,*,*,*,*,*,*,*,*,*,*,*,*,*,*,*
62402706,0,,,12,6,6,0,0,0,12,6,6,6,2,4,11,6,5,11,6,5,6,4,2,4,2,2,0,0,0,0,0,0,0,0,0,5,5,0,3,2,0,0,0,0,5,4,1,0,4,0,0,1
62402707,0,,,260,126,134,21,6,15,238,119,119,123,68,55,233,116,117,233,116,117,115,51,64,70,27,43,25,12,13,2,2,0,1,0,1,119,119,43,35,21,16,4,0,0,74,55,19,5,82,0,26,13
62402716,2,62402717,,2,1,1,*,*,*,*,*,*,*,*,*,*,*,*,*,*,*,*,*,*,*,*,*,*,*,*,*,*,*,*,*,*,2,2,*,*,*,*,*,*,*,*,*,*,*,*,*,*,*
62402717,1,,62402716,55,32,23,2,0,2,55,33,22,31,21,10,55,33,22,54,33,21,24,12,12,10,6,4,3,2,1,1,1,0,0,0,0,30,30,16,10,4,1,1,0,0,16,14,2,0,16,1,3,5
62402721,0,,,49,24,25,6,2,4,42,21,21,26,14,12,41,20,21,41,20,21,16,7,9,6,2,4,1,0,1,0,0,0,0,0,0,20,20,8,4,5,1,1,0,1,12,8,4,1,11,1,2,3
62402722,0,,,481,282,199,40,26,14,441,256,185,306,199,107,435,253,182,430,253,177,135,57,78,58,15,43,20,5,15,2,0,2,1,0,1,270,270,162,48,29,21,8,2,0,107,87,20,12,102,33,41,19
62402723,0,,,30,15,15,9,3,6,21,12,9,18,11,7,20,11,9,20,11,9,3,1,2,2,1,1,0,0,0,0,0,0,0,0,0,9,9,1,1,4,2,0,0,1,8,7,1,3,2,0,1,1
62402724,0,,,46,17,29,6,3,3,40,14,26,18,10,8,39,13,26,39,13,26,22,4,18,22,4,18,16,3,13,4,0,4,0,0,0,12,11,4,1,3,2,1,0,0,7,6,1,2,3,0,1,1
62402732,0,,,997,507,490,107,65,42,887,441,446,515,272,243,867,434,433,854,428,426,372,169,203,174,66,108,71,26,45,5,1,4,2,1,1,457,457,171,144,73,40,19,6,4,281,227,54,17,268,13,93,57
62402733,0,,,710,354,356,111,57,54,593,296,297,431,231,200,571,284,287,562,278,284,162,65,97,77,30,47,19,9,10,0,0,0,0,0,0,339,339,148,94,46,28,16,5,2,187,164,23,31,128,16,49,25
62402734,0,,,177,92,85,11,8,3,166,84,82,80,52,28,161,80,81,160,80,80,86,32,54,67,23,44,35,10,25,8,2,6,1,1,0,70,69,41,14,8,5,1,0,0,27,24,3,3,22,3,13,4
62402742,0,,,400,189,211,50,20,30,350,169,181,205,102,103,345,167,178,343,166,177,145,67,78,54,23,31,10,4,6,0,0,0,0,0,0,172,172,53,60,28,20,6,3,2,118,96,22,13,102,2,31,27
62402743,0,,,452,221,231,60,41,19,392,180,212,244,129,115,377,171,206,371,166,205,148,51,97,78,19,59,34,6,28,4,0,4,3,0,3,161,159,44,47,38,15,4,8,3,113,92,21,12,71,4,17,21
62402744,0,,,23,11,12,6,2,4,17,9,8,13,7,6,16,9,7,15,8,7,4,2,2,1,1,0,0,0,0,0,0,0,0,0,0,6,6,0,3,0,1,0,1,1,6,5,1,1,2,0,0,1
62402752,0,,,74,37,37,3,0,3,71,37,34,35,20,15,69,35,34,68,34,34,36,17,19,15,6,9,3,1,2,0,0,0,0,0,0,37,37,12,17,4,4,0,0,0,25,22,3,1,25,0,7,10
62402753,0,,,300,157,143,24,14,10,276,143,133,159,84,75,266,136,130,263,134,129,117,59,58,50,18,32,19,5,14,1,1,0,0,0,0,128,128,45,39,18,13,8,4,1,83,62,21,7,85,2,29,12
62403070,0,,,43,15,28,4,1,3,39,14,25,15,6,9,39,14,25,39,14,25,24,8,16,12,4,8,7,1,6,0,0,0,0,0,0,20,20,6,8,4,1,1,0,0,14,9,5,1,17,0,5,3
62403213,2,62403214,,7,3,4,*,*,*,*,*,*,*,*,*,*,*,*,*,*,*,*,*,*,*,*,*,*,*,*,*,*,*,*,*,*,3,3,*,*,*,*,*,*,*,*,*,*,*,*,*,*,*
62403214,1,,62403213,14,6,8,2,0,2,19,9,10,10,5,5,19,9,10,19,9,10,9,4,5,4,2,2,2,1,1,0,0,0,0,0,0,4,4,0,3,1,3,0,0,0,7,5,2,0,5,0,0,2
62403215,0,,,261,130,131,12,6,6,249,124,125,143,78,65,245,123,122,242,120,122,106,46,60,53,21,32,11,5,6,2,0,2,3,0,3,106,102,40,31,20,7,2,1,1,60,50,10,4,77,2,27,18
62403216,2,62403226,,3,1,2,*,*,*,*,*,*,*,*,*,*,*,*,*,*,*,*,*,*,*,*,*,*,*,*,*,*,*,*,*,*,2,2,*,*,*,*,*,*,*,*,*,*,*,*,*,*,*
62403219,0,,,13,6,7,2,2,0,11,4,7,6,2,4,11,4,7,11,4,7,5,2,3,4,1,3,1,0,1,0,0,0,1,0,1,5,5,1,1,2,1,0,0,0,4,3,1,0,3,1,0,1
62403224,0,,,35,18,17,0,0,0,35,18,17,11,6,5,35,18,17,35,18,17,24,12,12,13,8,5,5,4,1,0,0,0,0,0,0,18,18,6,9,1,2,0,0,0,12,11,1,0,16,0,5,6
62403225,0,,,63,35,28,3,2,1,60,33,27,21,13,8,60,33,27,60,33,27,39,20,19,24,12,12,10,5,5,2,1,1,0,0,0,35,35,16,13,4,1,1,0,0,18,18,0,0,25,0,10,9
62403226,1,,62403216,22,12,10,1,0,1,24,13,11,13,7,6,24,13,11,24,13,11,11,6,5,4,2,2,1,0,1,0,0,0,5,5,0,15,15,10,6,1,0,0,0,0,7,7,0,0,8,5,4,3
62403227,0,,,34,17,17,4,3,1,30,14,16,19,10,9,28,13,15,27,12,15,11,4,7,7,2,5,2,0,2,0,0,0,1,1,0,14,14,4,5,2,2,0,1,0,10,7,3,1,7,2,1,3
62403228,2,62403229,,7,4,3,*,*,*,*,*,*,*,*,*,*,*,*,*,*,*,*,*,*,*,*,*,*,*,*,*,*,*,*,*,*,4,4,*,*,*,*,*,*,*,*,*,*,*,*,*,*,*
62403229,1,,62403228,36,18,18,0,0,0,42,21,21,24,11,13,41,21,20,40,21,19,18,10,8,10,7,3,1,1,0,0,0,0,4,0,4,19,19,12,6,3,1,0,1,0,11,10,1,0,11,2,4,4
62403237,0,,,8,4,4,0,0,0,8,4,4,1,0,1,8,4,4,8,4,4,7,4,3,2,1,1,0,0,0,0,0,0,0,0,0,4,4,0,4,0,0,0,0,0,4,4,0,0,4,0,0,4
62403300,2,62403311,,4,2,2,*,*,*,*,*,*,*,*,*,*,*,*,*,*,*,*,*,*,*,*,*,*,*,*,*,*,*,*,*,*,2,2,*,*,*,*,*,*,*,*,*,*,*,*,*,*,*
62403301,2,62403311,,5,3,2,*,*,*,*,*,*,*,*,*,*,*,*,*,*,*,*,*,*,*,*,*,*,*,*,*,*,*,*,*,*,1,1,*,*,*,*,*,*,*,*,*,*,*,*,*,*,*
62403302,2,62403312,,6,3,3,*,*,*,*,*,*,*,*,*,*,*,*,*,*,*,*,*,*,*,*,*,*,*,*,*,*,*,*,*,*,3,3,*,*,*,*,*,*,*,*,*,*,*,*,*,*,*
62403303,0,,,145,65,80,10,8,2,135,57,78,75,36,39,133,57,76,131,56,75,60,21,39,28,5,23,8,1,7,1,0,1,0,0,0,61,61,15,24,11,8,1,2,0,46,34,12,3,45,0,9,9
62403304,0,,,103,48,55,10,3,7,93,45,48,61,31,30,90,44,46,89,43,46,32,14,18,10,1,9,3,0,3,1,0,1,0,0,0,41,41,11,15,6,5,1,2,1,30,23,7,2,24,0,5,3
62403310,0,,,36,19,17,1,1,0,35,18,17,20,9,11,34,18,16,33,17,16,15,9,6,11,5,6,4,2,2,0,0,0,0,0,0,14,14,3,5,2,3,1,0,0,11,8,3,1,11,0,3,4
62403311,1,,62403300;62403301,29,13,16,5,3,2,33,15,18,17,9,8,33,15,18,33,15,18,16,6,10,7,2,5,3,1,2,0,0,0,0,0,0,10,10,1,6,3,1,1,0,1,12,9,3,0,9,0,1,4
62403312,1,,62403302,210,114,96,9,4,5,207,113,94,127,76,51,202,109,93,200,108,92,80,37,43,38,15,23,16,5,11,0,0,0,0,0,0,115,115,56,38,12,12,0,0,0,62,55,7,1,55,10,20,21
62403313,0,,,674,351,323,68,30,38,606,321,285,431,243,188,588,311,277,577,303,274,175,78,97,83,29,54,28,11,17,1,0,1,19,0,19,343,343,157,108,38,23,9,6,2,186,169,17,15,123,64,35,44
62403314,0,,,19,11,8,2,1,1,17,10,7,16,10,6,15,9,6,15,9,6,1,0,1,1,0,1,0,0,0,0,0,0,3,0,3,12,12,10,0,0,1,1,0,0,2,2,0,0,1,4,1,0
62403320,0,,,39,20,19,0,0,0,39,20,19,16,9,7,37,18,19,37,18,19,23,11,12,9,4,5,3,1,2,0,0,0,0,0,0,15,15,1,7,5,1,1,0,0,14,10,4,0,14,0,1,3
62403321,0,,,23,10,13,3,1,2,20,9,11,11,5,6,20,9,11,20,9,11,9,4,5,7,3,4,2,0,2,1,0,1,0,0,0,7,7,1,3,0,1,1,0,1,6,4,2,0,5,0,1,2
62403322,0,,,96,50,46,12,6,6,84,44,40,48,25,23,82,43,39,81,42,39,36,19,17,20,11,9,4,2,2,0,0,0,0,0,0,40,40,12,15,5,4,1,3,0,28,23,5,2,24,4,6,10
62403323,0,,,586,289,297,64,37,27,522,252,270,314,179,135,460,195,265,446,183,263,208,73,135,129,37,92,66,12,54,15,1,14,15,2,13,216,212,87,63,30,21,7,3,1,125,108,17,17,89,22,27,29
62403324,0,,,201,107,94,18,12,6,183,95,88,101,55,46,177,91,86,175,89,86,82,40,42,40,19,21,10,5,5,1,0,1,1,0,1,88,88,25,35,14,9,3,1,1,63,52,11,5,53,5,12,21
62403330,2,62403331,,4,2,2,*,*,*,*,*,*,*,*,*,*,*,*,*,*,*,*,*,*,*,*,*,*,*,*,*,*,*,*,*,*,2,2,*,*,*,*,*,*,*,*,*,*,*,*,*,*,*
62403331,1,,62403330,48,20,28,7,2,5,45,20,25,32,17,15,45,20,25,44,20,24,13,3,10,9,0,9,4,0,4,1,0,1,1,0,1,20,20,6,9,4,0,2,1,0,16,11,5,1,11,1,5,0
62403332,0,,,21,8,13,4,2,2,17,6,11,14,4,10,15,6,9,15,6,9,3,2,1,1,0,1,0,0,0,0,0,0,2,0,2,11,11,4,5,1,1,0,0,0,7,6,1,1,3,2,1,0
62403334,0,,,85,35,50,9,3,6,76,32,44,48,21,27,71,31,40,70,31,39,28,11,17,13,3,10,6,1,5,1,0,1,3,0,3,34,34,10,9,7,4,4,0,0,24,19,5,4,20,2,6,4
62403343,0,,,17,11,6,0,0,0,17,11,6,17,11,6,17,11,6,16,10,6,0,0,0,0,0,0,0,0,0,0,0,0,0,0,0,11,11,6,4,1,0,0,0,0,5,5,0,0,0,0,0,0
62403344,0,,,117,58,59,8,4,4,109,54,55,63,31,32,107,54,53,106,54,52,46,23,23,29,14,15,12,5,7,0,0,0,3,0,3,50,50,13,18,11,5,3,0,0,37,31,6,2,31,2,6,11
62403352,0,,,11,5,6,0,0,0,11,5,6,1,0,1,11,5,6,11,5,6,10,5,5,3,1,2,3,1,2,0,0,0,0,0,0,5,5,0,4,1,0,0,0,0,5,4,1,0,5,0,0,4
62403353,0,,,70,27,43,6,0,6,64,27,37,31,13,18,63,27,36,62,26,36,33,14,19,15,5,10,6,2,4,2,1,1,0,0,0,29,29,6,15,3,1,3,1,0,23,19,4,1,19,0,4,9
62403354,0,,,138,70,68,22,13,9,116,57,59,62,31,31,113,56,57,113,56,57,54,26,28,21,7,14,8,3,5,0,0,0,0,0,0,59,59,19,21,6,9,2,1,1,40,36,4,5,36,0,11,11
62403363,0,,,12,7,5,2,1,1,10,6,4,7,4,3,10,6,4,10,6,4,3,2,1,0,0,0,0,0,0,0,0,0,0,0,0,4,4,0,1,2,1,0,0,0,4,4,0,1,2,0,0,0
62403364,1,,62403374,178,91,87,25,15,10,162,80,82,96,48,48,159,77,82,159,77,82,66,32,34,40,16,24,16,6,10,1,0,1,2,0,2,64,64,16,20,14,10,4,2,2,51,37,14,6,47,0,10,11
62403374,2,62403364,,9,4,5,*,*,*,*,*,*,*,*,*,*,*,*,*,*,*,*,*,*,*,*,*,*,*,*,*,*,*,*,*,*,4,4,*,*,*,*,*,*,*,*,*,*,*,*,*,*,*
62403382,2,62403392,,6,3,3,*,*,*,*,*,*,*,*,*,*,*,*,*,*,*,*,*,*,*,*,*,*,*,*,*,*,*,*,*,*,4,4,*,*,*,*,*,*,*,*,*,*,*,*,*,*,*
62403383,2,62403392,,3,1,2,*,*,*,*,*,*,*,*,*,*,*,*,*,*,*,*,*,*,*,*,*,*,*,*,*,*,*,*,*,*,1,1,*,*,*,*,*,*,*,*,*,*,*,*,*,*,*
62403384,0,,,23,11,12,4,2,2,19,9,10,11,5,6,19,9,10,18,9,9,8,4,4,3,2,1,1,1,0,0,0,0,0,0,0,7,7,0,2,2,2,1,0,0,7,6,1,1,4,0,0,2
62403391,2,62403392,,2,1,1,*,*,*,*,*,*,*,*,*,*,*,*,*,*,*,*,*,*,*,*,*,*,*,*,*,*,*,*,*,*,1,1,*,*,*,*,*,*,*,*,*,*,*,*,*,*,*
62403392,1,,62403382;62403383;62403391,9,6,3,0,0,0,20,11,9,6,4,2,20,11,9,20,11,9,14,7,7,6,2,4,5,1,4,1,0,1,0,0,0,4,4,3,4,3,0,0,0,0,7,5,2,0,9,0,3,2
62403393,0,,,11,5,6,2,1,1,9,4,5,2,1,1,9,4,5,9,4,5,7,3,4,5,2,3,3,1,2,0,0,0,0,0,0,6,6,2,3,1,0,0,0,0,4,4,0,0,5,0,2,3
62403394,0,,,100,49,51,11,7,4,89,42,47,37,18,19,88,41,47,88,41,47,52,24,28,21,10,11,9,4,5,0,0,0,0,0,0,43,43,9,22,5,4,2,1,0,34,27,7,4,32,0,8,16
62404041,0,,,43,14,29,1,0,1,42,14,28,18,7,11,42,14,28,41,13,28,24,7,17,11,2,9,2,0,2,0,0,0,0,0,0,22,22,8,9,3,2,0,0,0,14,13,1,0,17,0,7,4
62404042,0,,,224,100,124,7,4,3,217,96,121,69,34,35,216,95,121,216,95,121,148,62,86,71,29,42,25,7,18,2,0,2,0,0,0,132,132,61,54,13,4,0,0,0,71,66,5,3,107,0,52,32
62404073,2,62404083,,3,2,1,*,*,*,*,*,*,*,*,*,*,*,*,*,*,*,*,*,*,*,*,*,*,*,*,*,*,*,*,*,*,1,1,*,*,*,*,*,*,*,*,*,*,*,*,*,*,*
62404083,1,,62404073,25,14,11,1,1,0,27,15,12,11,7,4,27,15,12,27,15,12,16,8,8,6,3,3,1,1,0,0,0,0,0,0,0,13,13,6,3,4,1,0,0,0,8,7,1,1,12,0,5,2
62404084,0,,,161,79,82,2,2,0,159,77,82,70,35,35,157,76,81,155,75,80,89,42,47,41,18,23,15,7,8,0,0,0,0,0,0,72,72,20,27,17,5,2,1,0,52,43,9,0,58,0,19,14
62404094,0,,,152,69,83,9,2,7,143,67,76,75,40,35,140,64,76,139,63,76,68,27,41,44,16,28,11,3,8,0,0,0,0,0,0,66,66,16,31,6,10,2,1,0,50,35,15,2,49,0,14,14
62404199,0,,,52,24,28,1,1,0,51,23,28,15,9,6,50,23,27,50,23,27,36,14,22,17,5,12,4,1,3,0,0,0,0,0,0,31,31,16,11,2,2,0,0,0,15,14,1,0,27,0,14,8
62404228,2,62404290,,3,1,2,*,*,*,*,*,*,*,*,*,*,*,*,*,*,*,*,*,*,*,*,*,*,*,*,*,*,*,*,*,*,2,2,*,*,*,*,*,*,*,*,*,*,*,*,*,*,*
62404229,2,62404290,,5,3,2,*,*,*,*,*,*,*,*,*,*,*,*,*,*,*,*,*,*,*,*,*,*,*,*,*,*,*,*,*,*,3,3,*,*,*,*,*,*,*,*,*,*,*,*,*,*,*
62404238,2,62404290,,3,1,2,*,*,*,*,*,*,*,*,*,*,*,*,*,*,*,*,*,*,*,*,*,*,*,*,*,*,*,*,*,*,2,2,*,*,*,*,*,*,*,*,*,*,*,*,*,*,*
62404260,2,62404290,,5,2,3,*,*,*,*,*,*,*,*,*,*,*,*,*,*,*,*,*,*,*,*,*,*,*,*,*,*,*,*,*,*,3,3,*,*,*,*,*,*,*,*,*,*,*,*,*,*,*
62404281,2,62404290,,8,1,7,*,*,*,*,*,*,*,*,*,*,*,*,*,*,*,*,*,*,*,*,*,*,*,*,*,*,*,*,*,*,6,6,*,*,*,*,*,*,*,*,*,*,*,*,*,*,*
62404290,1,,62404228;62404229;62404238;62404260;62404281,22,10,12,5,2,3,41,16,25,19,11,8,41,16,25,41,16,25,22,5,17,14,3,11,5,1,4,0,0,0,0,0,0,11,11,15,9,2,0,0,0,1,12,11,1,1,19,0,10,2
62404301,2,62404312,,9,5,4,*,*,*,*,*,*,*,*,*,*,*,*,*,*,*,*,*,*,*,*,*,*,*,*,*,*,*,*,*,*,2,2,*,*,*,*,*,*,*,*,*,*,*,*,*,*,*
62404302,0,,,13,7,6,0,0,0,13,7,6,7,4,3,12,6,6,11,6,5,6,3,3,4,2,2,3,2,1,0,0,0,0,0,0,4,4,0,1,1,2,0,0,0,4,3,1,0,3,0,0,1
62404303,0,,,50,22,28,4,2,2,46,20,26,23,10,13,44,19,25,44,19,25,23,10,13,8,4,4,2,1,1,0,0,0,0,0,0,23,23,8,9,3,0,3,0,0,15,13,2,0,16,0,6,5
62404304,0,,,646,286,360,43,19,24,603,267,336,321,147,174,593,263,330,587,262,325,282,120,162,153,62,91,41,14,27,2,1,1,18,1,17,315,314,116,120,47,19,6,4,2,196,169,27,11,191,11,67,61
62404305,0,,,14,6,8,4,1,3,10,5,5,7,3,4,10,5,5,10,5,5,3,2,1,2,1,1,0,0,0,0,0,0,0,0,0,5,5,1,0,3,1,0,0,0,4,4,0,1,2,0,1,0
62404311,0,,,17,9,8,3,3,0,14,6,8,11,4,7,14,6,8,14,6,8,3,2,1,0,0,0,0,0,0,0,0,0,0,0,0,7,7,2,2,2,0,1,0,0,5,5,0,1,2,0,0,0
62404312,1,,62404301;62404323,32,13,19,4,2,2,40,18,22,17,7,10,40,18,22,40,18,22,23,11,12,8,3,5,3,1,2,0,0,0,0,0,0,15,15,3,9,3,2,0,1,0,15,12,3,1,14,0,2,6
62404313,0,,,92,47,45,0,0,0,92,47,45,47,26,21,90,46,44,90,46,44,45,21,24,23,10,13,5,2,3,0,0,0,0,0,0,57,57,30,20,6,1,0,0,0,27,24,3,0,35,2,18,8
62404314,0,,,809,376,433,56,28,28,750,345,405,379,187,192,738,338,400,732,334,398,371,158,213,198,80,118,67,24,43,5,2,3,3,1,2,418,417,168,171,45,23,7,2,1,247,227,20,14,246,23,86,91
62404315,0,,,546,216,330,34,10,24,511,205,306,207,97,110,500,201,299,498,199,299,304,108,196,197,58,139,98,18,80,20,1,19,0,0,0,239,235,101,83,25,12,9,2,3,134,120,14,10,158,7,69,47
62404320,0,,,28,11,17,1,0,1,27,11,16,16,7,9,26,11,15,26,11,15,11,4,7,5,1,4,4,1,3,0,0,0,0,0,0,14,14,6,4,2,2,0,0,0,8,6,2,0,9,0,4,3
62404322,0,,,17,8,9,1,1,0,16,7,9,12,6,6,16,7,9,15,6,9,4,1,3,2,0,2,1,0,1,0,0,0,0,0,0,6,6,1,1,2,2,0,0,0,5,3,2,0,4,0,1,1
62404323,2,62404312,,3,2,1,*,*,*,*,*,*,*,*,*,*,*,*,*,*,*,*,*,*,*,*,*,*,*,*,*,*,*,*,*,*,1,1,*,*,*,*,*,*,*,*,*,*,*,*,*,*,*
62404325,1,,62404344,392,199,193,26,17,9,359,174,185,199,108,91,347,168,179,340,164,176,160,66,94,87,34,53,20,6,14,1,0,1,3,2,1,199,199,93,57,27,15,5,1,2,106,87,19,4,113,12,45,28
62404326,2,62404336,,9,5,4,*,*,*,*,*,*,*,*,*,*,*,*,*,*,*,*,*,*,*,*,*,*,*,*,*,*,*,*,*,*,4,4,*,*,*,*,*,*,*,*,*,*,*,*,*,*,*
62404332,0,,,17,8,9,3,1,2,14,7,7,9,4,5,13,6,7,13,6,7,5,3,2,3,2,1,2,1,1,0,0,0,0,0,0,6,6,1,2,1,1,1,0,0,5,4,1,1,4,0,1,1
62404335,2,62404336,,6,3,3,*,*,*,*,*,*,*,*,*,*,*,*,*,*,*,*,*,*,*,*,*,*,*,*,*,*,*,*,*,*,3,3,*,*,*,*,*,*,*,*,*,*,*,*,*,*,*
62404336,1,,62404326;62404335,113,50,63,5,0,5,123,58,65,49,27,22,122,57,65,121,56,65,74,31,43,39,17,22,14,6,8,1,0,1,0,0,0,53,53,17,25,12,5,1,0,0,43,33,10,1,48,0,13,16
62404337,0,,,209,97,112,7,4,3,202,93,109,87,40,47,201,92,109,200,91,109,115,53,62,72,32,40,24,11,13,1,1,0,0,0,0,104,104,39,38,18,6,2,1,0,65,55,10,0,81,0,31,21
62404338,0,,,50,25,25,0,0,0,50,25,25,12,7,5,50,25,25,50,25,25,38,18,20,18,9,9,3,1,2,0,0,0,0,0,0,25,25,5,16,3,1,0,0,0,20,20,0,0,24,0,5,13
62404339,2,62404349,,1,0,1,*,*,*,*,*,*,*,*,*,*,*,*,*,*,*,*,*,*,*,*,*,*,*,*,*,*,*,*,*,*,1,1,*,*,*,*,*,*,*,*,*,*,*,*,*,*,*
62404341,2,62404342,,11,6,5,*,*,*,*,*,*,*,*,*,*,*,*,*,*,*,*,*,*,*,*,*,*,*,*,*,*,*,*,*,*,3,3,*,*,*,*,*,*,*,*,*,*,*,*,*,*,*
62404342,1,,62404341,4,2,2,1,1,0,14,7,7,8,4,4,14,7,7,14,7,7,6,3,3,2,1,1,2,1,1,0,0,0,0,0,0,2,2,1,1,2,0,0,1,0,4,2,2,1,4,0,0,1
62404344,2,62404325,,2,1,1,*,*,*,*,*,*,*,*,*,*,*,*,*,*,*,*,*,*,*,*,*,*,*,*,*,*,*,*,*,*,1,1,*,*,*,*,*,*,*,*,*,*,*,*,*,*,*
62404347,0,,,47,23,24,3,2,1,44,21,23,16,10,6,43,20,23,43,20,23,28,11,17,12,5,7,4,1,3,0,0,0,0,0,0,21,21,9,5,2,4,0,1,0,12,10,2,0,18,0,8,2
62404348,1,,62404357;62404389,42,17,25,4,2,2,48,17,31,13,4,9,48,17,31,48,17,31,35,13,22,16,3,13,6,0,6,1,0,1,0,0,0,22,22,12,10,4,1,1,0,0,16,12,4,0,24,0,9,8
62404349,1,,62404339,23,10,13,0,0,0,24,10,14,5,3,2,24,10,14,24,10,14,19,7,12,12,4,8,3,1,2,1,0,1,0,0,0,12,12,5,6,1,1,0,0,0,7,5,2,0,12,0,5,3
62404357,2,62404348,,8,1,7,*,*,*,*,*,*,*,*,*,*,*,*,*,*,*,*,*,*,*,*,*,*,*,*,*,*,*,*,*,*,5,5,*,*,*,*,*,*,*,*,*,*,*,*,*,*,*
62404389,2,62404348,,3,1,2,*,*,*,*,*,*,*,*,*,*,*,*,*,*,*,*,*,*,*,*,*,*,*,*,*,*,*,*,*,*,1,1,*,*,*,*,*,*,*,*,*,*,*,*,*,*,*
62404430,0,,,46,23,23,4,3,1,42,20,22,14,8,6,42,20,22,42,20,22,28,12,16,21,10,11,9,5,4,0,0,0,0,0,0,23,23,10,6,5,1,1,0,0,13,11,2,1,18,0,7,5
62404440,0,,,129,63,66,3,2,1,126,61,65,42,25,17,124,60,64,124,60,64,84,36,48,51,20,31,21,6,15,2,1,1,0,0,0,65,65,26,22,12,3,1,1,0,38,31,7,0,56,0,22,16
62404441,0,,,92,45,47,6,4,2,86,41,45,45,24,21,84,41,43,84,41,43,41,17,24,26,9,17,7,3,4,0,0,0,0,0,0,43,43,17,12,7,5,2,0,0,26,20,6,1,30,0,12,8
62404442,0,,,27,10,17,0,0,0,27,10,17,15,7,8,27,10,17,27,10,17,12,3,9,6,2,4,1,0,1,0,0,0,0,0,0,12,12,4,3,3,2,0,0,0,8,6,2,0,9,0,4,1
62404452,0,,,102,44,58,1,0,1,101,44,57,40,21,19,100,44,56,100,44,56,61,23,38,36,12,24,10,3,7,0,0,0,0,0,0,53,53,20,20,10,3,0,0,0,33,30,3,0,44,0,14,10
62404453,1,,62404463;62404464,60,28,32,2,1,1,61,29,32,19,11,8,61,29,32,61,29,32,42,18,24,29,10,19,11,5,6,1,0,1,0,0,0,34,34,21,9,2,3,0,1,0,15,12,3,0,31,0,18,3
62404463,2,62404453,,1,1,0,*,*,*,*,*,*,*,*,*,*,*,*,*,*,*,*,*,*,*,*,*,*,*,*,*,*,*,*,*,*,1,1,*,*,*,*,*,*,*,*,*,*,*,*,*,*,*
62404464,2,62404453,,2,1,1,*,*,*,*,*,*,*,*,*,*,*,*,*,*,*,*,*,*,*,*,*,*,*,*,*,*,*,*,*,*,1,1,*,*,*,*,*,*,*,*,*,*,*,*,*,*,*
62404474,0,,,20,9,11,2,0,2,18,9,9,11,5,6,18,9,9,18,9,9,7,4,3,5,3,2,2,2,0,0,0,0,0,0,0,10,10,4,5,0,0,0,1,0,6,5,1,0,5,0,1,3
62404475,0,,,46,20,26,1,0,1,45,20,25,19,9,10,45,20,25,44,19,25,26,11,15,14,5,9,3,2,1,0,0,0,0,0,0,25,25,11,9,4,0,1,0,0,13,10,3,0,20,0,7,2
62404476,0,,,23,11,12,2,1,1,21,10,11,9,4,5,21,10,11,21,10,11,12,6,6,7,4,3,2,1,1,0,0,0,0,0,0,12,12,6,2,3,1,0,0,0,6,6,0,0,7,0,2,2
62404485,0,,,33,26,7,0,0,0,33,26,7,17,13,4,33,26,7,33,26,7,16,13,3,7,6,1,1,1,0,0,0,0,1,1,0,8,7,1,4,1,1,0,0,0,6,6,0,0,5,0,1,2
62404486,0,,,225,98,127,11,6,5,214,92,122,98,52,46,211,92,119,211,92,119,116,40,76,74,19,55,23,7,16,3,1,2,0,0,0,116,116,54,31,18,10,3,0,0,61,51,10,2,84,0,36,18
62404487,0,,,25,9,16,3,0,3,22,9,13,5,3,2,22,9,13,22,9,13,17,6,11,9,1,8,3,0,3,0,0,0,0,0,0,15,15,8,6,0,0,1,0,0,7,7,0,1,14,0,8,3
62404495,0,,,21,11,10,4,3,1,17,8,9,12,6,6,14,6,8,14,6,8,5,2,3,2,0,2,1,0,1,0,0,0,0,0,0,7,7,2,2,0,0,3,0,0,5,3,2,1,4,0,1,0
62404496,0,,,48,17,31,0,0,0,48,17,31,33,13,20,48,17,31,48,17,31,15,4,11,11,3,8,7,2,5,0,0,0,0,0,0,24,22,12,5,5,0,0,0,0,10,9,1,0,10,5,4,2
62404497,0,,,30,15,15,0,0,0,30,15,15,11,5,6,30,15,15,30,15,15,19,10,9,9,4,5,6,2,4,0,0,0,0,0,0,15,15,5,7,2,0,1,0,0,10,8,2,0,12,0,4,4
62404597,0,,,475,203,272,28,19,9,437,179,258,166,75,91,426,175,251,424,174,250,271,104,167,180,57,123,98,30,68,11,1,10,1,1,0,185,184,83,63,20,14,3,1,0,99,86,13,4,104,4,42,33
62404756,0,,,117,61,56,4,4,0,113,57,56,49,23,26,112,56,56,112,56,56,64,34,30,35,16,19,12,6,6,1,0,1,0,0,0,48,48,13,16,8,8,2,1,0,35,24,11,1,42,0,8,9
62404757,0,,,39,23,16,3,2,1,36,21,15,17,10,7,35,20,15,35,20,15,19,11,8,11,6,5,6,3,3,0,0,0,0,0,0,12,12,1,4,3,1,1,2,0,11,6,5,1,11,0,1,4
62404758,0,,,148,67,81,9,6,3,139,61,78,68,31,37,136,59,77,135,59,76,71,30,41,37,13,24,9,3,6,1,0,1,0,0,0,58,58,15,24,7,6,0,3,3,43,30,13,2,48,0,13,15
62404759,0,,,35,11,24,0,0,0,35,11,24,19,5,14,34,11,23,33,10,23,16,6,10,6,1,5,3,0,3,0,0,0,0,0,0,15,15,4,7,0,3,1,0,0,11,9,2,0,13,0,4,3
62404765,0,,,23,10,13,1,1,0,22,9,13,15,6,9,22,9,13,22,9,13,7,3,4,2,0,2,1,0,1,0,0,0,0,0,0,10,10,2,4,3,1,0,0,0,8,7,1,1,5,0,1,1
62404766,0,,,33,15,18,0,0,0,33,15,18,16,9,7,33,15,18,33,15,18,17,6,11,10,4,6,3,2,1,0,0,0,0,0,0,15,15,6,2,5,2,0,0,0,8,7,1,0,12,0,4,1
62404769,0,,,96,38,58,5,3,2,91,35,56,45,17,28,87,35,52,85,34,51,46,18,28,20,8,12,8,6,2,0,0,0,0,0,0,43,43,15,17,4,2,3,2,0,27,17,10,0,30,0,8,8
62404774,2,62404775,,2,1,1,*,*,*,*,*,*,*,*,*,*,*,*,*,*,*,*,*,*,*,*,*,*,*,*,*,*,*,*,*,*,1,1,*,*,*,*,*,*,*,*,*,*,*,*,*,*,*
62404775,1,,62404774,172,85,87,9,5,4,165,81,84,81,43,38,163,80,83,163,80,83,84,38,46,43,22,21,6,4,2,1,1,0,0,0,0,73,73,19,33,14,2,2,1,3,55,47,8,2,55,0,15,18
62404783,0,,,80,36,44,7,2,5,73,34,39,33,16,17,73,34,39,73,34,39,40,18,22,14,4,10,4,2,2,0,0,0,0,0,0,34,34,8,14,7,3,1,1,0,26,23,3,2,24,0,1,12
62404784,1,,62404794,275,131,144,7,2,5,271,131,140,121,63,58,269,131,138,269,131,138,150,68,82,75,32,43,26,14,12,0,0,0,0,0,0,131,131,47,47,25,10,3,0,1,86,70,16,2,102,0,29,24
62404785,0,,,108,23,85,3,0,3,105,23,82,20,10,10,105,23,82,105,23,82,85,13,72,76,9,67,49,6,43,13,1,12,5,2,3,18,16,9,4,1,1,0,1,0,7,5,2,0,6,3,2,2
62404791,0,,,115,53,62,10,7,3,105,46,59,55,24,31,103,46,57,102,45,57,50,22,28,23,8,15,3,2,1,0,0,0,0,0,0,50,50,17,17,7,4,3,2,0,33,25,8,2,37,0,11,7
62404792,0,,,194,83,111,8,2,6,186,81,105,76,34,42,183,79,104,180,77,103,110,47,63,50,17,33,16,4,12,0,0,0,0,0,0,86,86,24,39,13,5,1,2,2,62,49,13,1,74,1,19,24
62404793,0,,,289,123,166,21,8,13,268,115,153,152,72,80,258,110,148,252,107,145,116,43,73,65,18,47,33,6,27,1,0,1,3,2,1,103,100,24,34,26,9,4,3,0,75,61,14,5,51,0,13,12
62404794,2,62404784,,4,3,1,*,*,*,*,*,*,*,*,*,*,*,*,*,*,*,*,*,*,*,*,*,*,*,*,*,*,*,*,*,*,2,2,*,*,*,*,*,*,*,*,*,*,*,*,*,*,*
62405004,1,,62405005,34,17,17,7,3,4,31,16,15,15,8,7,30,16,14,30,16,14,16,8,8,6,2,4,1,0,1,0,0,0,1,1,0,13,13,2,7,2,2,0,0,1,12,10,2,2,10,0,2,5
62405005,2,62405004,,4,2,2,*,*,*,*,*,*,*,*,*,*,*,*,*,*,*,*,*,*,*,*,*,*,*,*,*,*,*,*,*,*,1,1,*,*,*,*,*,*,*,*,*,*,*,*,*,*,*
62405015,1,,62405016;62405025,149,78,71,4,2,2,149,78,71,61,36,25,148,77,71,148,77,71,88,42,46,48,23,25,17,9,8,1,1,0,0,0,0,71,71,28,27,10,5,3,1,0,46,36,10,2,59,0,21,17
62405016,2,62405015,,1,0,1,*,*,*,*,*,*,*,*,*,*,*,*,*,*,*,*,*,*,*,*,*,*,*,*,*,*,*,*,*,*,1,1,*,*,*,*,*,*,*,*,*,*,*,*,*,*,*
62405025,2,62405015,,3,2,1,*,*,*,*,*,*,*,*,*,*,*,*,*,*,*,*,*,*,*,*,*,*,*,*,*,*,*,*,*,*,2,2,*,*,*,*,*,*,*,*,*,*,*,*,*,*,*
62405059,0,,,88,26,62,8,3,5,80,23,57,16,8,8,78,21,57,78,21,57,64,15,49,58,12,46,44,10,34,14,1,13,0,0,0,12,10,3,1,2,1,2,1,0,7,6,1,2,5,0,2,1
62405065,0,,,47,20,27,3,1,2,44,19,25,18,6,12,44,19,25,44,19,25,26,13,13,16,6,10,2,1,1,0,0,0,0,0,0,24,24,8,9,7,0,0,0,0,16,15,1,1,18,0,7,7
62405066,0,,,66,26,40,3,3,0,63,23,40,25,10,15,62,23,39,62,23,39,38,13,25,24,6,18,9,3,6,0,0,0,0,0,0,35,35,16,13,3,1,1,1,0,19,16,3,2,28,0,14,8
62405067,0,,,26,13,13,0,0,0,26,13,13,13,7,6,26,13,13,26,13,13,13,6,7,4,2,2,0,0,0,0,0,0,0,0,0,12,12,2,8,0,2,0,0,0,10,9,1,0,8,0,1,4
62405068,0,,,370,181,189,29,12,17,341,169,172,188,108,80,327,162,165,319,158,161,153,61,92,85,27,58,30,4,26,3,0,3,16,16,0,192,191,93,62,20,7,8,0,1,97,88,9,5,95,14,42,31
62405069,0,,,867,401,466,112,67,45,753,332,421,511,229,282,732,320,412,717,312,405,242,103,139,116,39,77,33,11,22,2,1,1,7,1,6,424,424,162,150,67,27,15,1,2,258,232,26,28,174,17,63,61
62405079,0,,,430,181,249,50,21,29,380,160,220,217,93,124,371,157,214,367,154,213,163,67,96,96,35,61,30,12,18,1,0,1,16,0,16,209,209,86,62,36,18,3,3,1,122,109,13,9,113,14,41,28
62405089,0,,,11,5,6,0,0,0,11,5,6,7,5,2,11,5,6,11,5,6,4,0,4,3,0,3,2,0,2,0,0,0,1,1,0,6,6,3,1,2,0,0,0,0,3,2,1,0,3,0,2,0
62405104,0,,,13,4,9,0,0,0,13,4,9,4,1,3,13,4,9,13,4,9,9,3,6,4,1,3,1,0,1,0,0,0,0,0,0,7,7,2,4,1,0,0,0,0,4,3,1,0,6,0,2,1
62405109,0,,,109,51,58,4,2,2,105,49,56,38,21,17,105,49,56,104,48,56,67,28,39,42,14,28,10,3,7,0,0,0,0,0,0,58,58,25,21,7,4,1,0,0,33,27,6,3,47,0,19,13
62405114,0,,,34,17,17,0,0,0,34,17,17,15,8,7,34,17,17,32,15,17,19,9,10,10,6,4,2,0,2,0,0,0,0,0,0,13,13,3,4,3,2,0,1,0,10,7,3,0,11,0,2,2
62405121,0,,,30,11,19,0,0,0,30,11,19,13,7,6,30,11,19,30,11,19,17,4,13,13,4,9,5,0,5,1,0,1,0,0,0,16,16,8,4,3,0,1,0,0,8,6,2,0,13,0,7,3
62405122,0,,,12,4,8,0,0,0,12,4,8,3,2,1,12,4,8,12,4,8,9,2,7,5,1,4,4,1,3,0,0,0,0,0,0,7,7,3,3,1,0,0,0,0,4,3,1,0,7,0,3,2
62405123,0,,,81,36,45,3,1,2,78,35,43,27,13,14,78,35,43,78,35,43,51,22,29,25,11,14,7,3,4,0,0,0,0,0,0,39,39,15,13,5,5,1,0,0,22,20,2,1,34,0,15,9
62405124,0,,,19,8,11,4,0,4,15,8,7,2,1,1,15,8,7,15,8,7,13,7,6,6,4,2,2,1,1,0,0,0,0,0,0,7,7,0,5,1,0,0,1,0,7,6,1,1,6,0,0,4
62405131,0,,,77,40,37,10,7,3,67,33,34,32,19,13,64,30,34,64,30,34,35,14,21,25,10,15,3,2,1,1,0,1,0,0,0,33,33,12,10,6,0,3,2,0,21,14,7,2,26,0,11,6
62405132,0,,,89,47,42,6,4,2,83,43,40,38,21,17,82,43,39,82,43,39,45,22,23,29,13,16,11,7,4,0,0,0,0,0,0,39,39,11,16,6,4,1,0,1,28,21,7,1,28,0,5,11
62405133,0,,,37,20,17,2,2,0,35,18,17,16,7,9,33,17,16,31,16,15,19,11,8,9,5,4,2,1,1,0,0,0,0,0,0,17,17,8,5,2,0,0,1,1,9,7,2,0,13,0,6,3
62405140,0,,,36,15,21,0,0,0,36,15,21,18,8,10,36,15,21,36,15,21,18,7,11,7,1,6,2,0,2,0,0,0,0,0,0,19,19,5,11,3,0,0,0,0,14,13,1,0,12,0,4,5
62405141,0,,,187,82,105,15,8,7,172,74,98,80,37,43,165,72,93,161,70,91,92,37,55,42,16,26,10,4,6,2,0,2,0,0,0,80,80,25,30,10,5,8,2,0,55,41,14,5,64,0,20,16
62405142,0,,,12,4,8,0,0,0,12,4,8,5,1,4,11,4,7,11,4,7,7,3,4,3,1,2,1,1,0,0,0,0,0,0,0,5,5,2,1,1,0,1,0,0,3,2,1,0,5,0,2,1
62405150,0,,,164,79,85,20,12,8,144,67,77,73,35,38,139,64,75,136,62,74,71,32,39,37,16,21,15,5,10,1,1,0,0,0,0,72,72,22,28,11,6,3,1,1,50,44,6,3,48,0,21,17
62405151,0,,,27,13,14,0,0,0,27,13,14,5,3,2,26,12,14,26,12,14,22,10,12,11,5,6,3,1,2,0,0,0,0,0,0,12,12,3,6,1,1,1,0,0,9,7,2,0,12,0,3,6
62405152,0,,,22,10,12,0,0,0,22,10,12,5,3,2,22,10,12,22,10,12,17,7,10,7,2,5,2,0,2,0,0,0,0,0,0,13,13,6,5,2,0,0,0,0,7,6,1,0,11,0,6,3
62405160,1,,62405170,458,209,249,77,36,41,381,173,208,290,131,159,362,162,200,349,156,193,91,42,49,34,10,24,7,2,5,1,1,0,2,1,1,199,199,66,58,36,33,5,2,0,130,122,8,11,66,5,26,24
62405170,2,62405160,,1,1,0,*,*,*,*,*,*,*,*,*,*,*,*,*,*,*,*,*,*,*,*,*,*,*,*,*,*,*,*,*,*,1,1,*,*,*,*,*,*,*,*,*,*,*,*,*,*,*
62405171,0,,,7,0,7,0,0,0,7,0,7,7,0,7,7,0,7,7,0,7,0,0,0,0,0,0,0,0,0,0,0,0,7,0,7,7,7,7,0,0,0,0,0,0,0,0,0,0,0,7,0,0
62405180,2,62405190,,2,1,1,*,*,*,*,*,*,*,*,*,*,*,*,*,*,*,*,*,*,*,*,*,*,*,*,*,*,*,*,*,*,1,1,*,*,*,*,*,*,*,*,*,*,*,*,*,*,*
62405190,1,,62405180,50,27,23,0,0,0,52,28,24,19,11,8,52,28,24,52,28,24,33,17,16,14,7,7,4,2,2,1,0,1,0,0,0,23,23,4,13,6,1,0,0,0,20,17,3,0,21,0,4,8
62405406,2,62405417,,412,273,139,*,*,*,*,*,*,*,*,*,*,*,*,*,*,*,*,*,*,*,*,*,*,*,*,*,*,*,*,*,*,19,3,*,*,*,*,*,*,*,*,*,*,*,*,*,*,*
62405417,1,,62405406,29,12,17,15,9,6,426,276,150,331,226,105,417,269,148,404,258,146,95,50,45,37,18,19,10,7,3,1,0,1,0,0,0,18,18,11,9,1,0,0,0,0,10,9,1,0,13,2,7,2
62405418,0,,,422,197,225,14,9,5,408,188,220,158,77,81,403,184,219,401,182,219,250,111,139,141,53,88,50,17,33,4,0,4,2,1,1,215,215,79,89,31,11,2,3,0,133,118,15,6,177,0,71,54
62405427,1,,62405437,258,126,132,11,8,3,250,120,130,101,54,47,245,117,128,245,117,128,149,66,83,73,29,44,23,7,16,1,0,1,0,0,0,126,126,43,48,26,7,2,1,0,81,65,16,4,95,1,28,27
62405428,0,,,191,93,98,12,9,3,179,84,95,78,39,39,177,84,93,174,82,92,101,45,56,57,28,29,15,9,6,1,0,1,0,0,0,90,90,29,35,19,4,1,1,1,61,56,5,3,67,0,21,24
62405436,1,,62405445,23,14,9,0,0,0,26,16,10,10,5,5,26,16,10,26,16,10,16,11,5,8,7,1,3,3,0,0,0,0,0,0,0,13,13,8,6,2,0,0,0,0,8,6,2,0,12,0,7,3
62405437,2,62405427,,3,2,1,*,*,*,*,*,*,*,*,*,*,*,*,*,*,*,*,*,*,*,*,*,*,*,*,*,*,*,*,*,*,1,1,*,*,*,*,*,*,*,*,*,*,*,*,*,*,*
62405445,2,62405436,,3,2,1,*,*,*,*,*,*,*,*,*,*,*,*,*,*,*,*,*,*,*,*,*,*,*,*,*,*,*,*,*,*,3,3,*,*,*,*,*,*,*,*,*,*,*,*,*,*,*
62405449,0,,,15,8,7,0,0,0,15,8,7,5,4,1,15,8,7,15,8,7,10,4,6,6,2,4,2,0,2,0,0,0,0,0,0,8,8,3,3,2,0,0,0,0,5,4,1,0,8,0,3,1
62405459,2,62405469,,3,1,2,*,*,*,*,*,*,*,*,*,*,*,*,*,*,*,*,*,*,*,*,*,*,*,*,*,*,*,*,*,*,1,1,*,*,*,*,*,*,*,*,*,*,*,*,*,*,*
62405469,1,,62405459,177,85,92,9,4,5,171,82,89,75,39,36,166,80,86,164,80,84,96,43,53,41,17,24,14,7,7,1,1,0,0,0,0,75,75,20,29,15,7,4,0,1,54,40,14,3,63,0,17,17
62405478,2,62405489,,5,1,4,*,*,*,*,*,*,*,*,*,*,*,*,*,*,*,*,*,*,*,*,*,*,*,*,*,*,*,*,*,*,1,1,*,*,*,*,*,*,*,*,*,*,*,*,*,*,*
62405479,0,,,482,199,283,44,18,26,438,181,257,246,103,143,428,176,252,420,174,246,192,78,114,81,31,50,28,8,20,0,0,0,0,0,0,238,238,93,77,47,14,4,3,0,144,131,13,9,139,0,65,34
62405488,2,62405489,,8,4,4,*,*,*,*,*,*,*,*,*,*,*,*,*,*,*,*,*,*,*,*,*,*,*,*,*,*,*,*,*,*,3,3,*,*,*,*,*,*,*,*,*,*,*,*,*,*,*
62405489,1,,62405478;62405488;62405498,179,78,101,8,5,3,192,82,110,79,36,43,187,80,107,187,80,107,113,46,67,71,25,46,35,9,26,5,0,5,0,0,0,55,54,9,25,16,6,4,0,1,52,37,15,2,47,0,8,12
62405498,2,62405489,,8,4,4,*,*,*,*,*,*,*,*,*,*,*,*,*,*,*,*,*,*,*,*,*,*,*,*,*,*,*,*,*,*,3,3,*,*,*,*,*,*,*,*,*,*,*,*,*,*,*
62405499,0,,,91,46,45,5,2,3,86,44,42,45,25,20,81,42,39,78,40,38,41,19,22,23,10,13,6,2,4,0,0,0,0,0,0,38,38,10,18,4,3,1,0,2,28,25,3,2,29,0,7,10
62405506,0,,,211,94,117,31,14,17,178,78,100,94,42,52,172,74,98,169,73,96,84,36,48,41,14,27,13,5,8,0,0,0,1,1,0,100,100,34,38,16,9,1,2,0,63,55,8,9,59,2,20,16
62405507,0,,,2712,1140,1572,209,111,98,2356,985,1371,1107,515,592,2310,964,1346,2294,960,1334,1249,470,779,732,248,484,317,84,233,32,13,19,1,1,0,1244,1239,488,475,143,98,25,7,3,730,659,71,41,788,7,323,223
62405515,0,,,94,48,46,3,1,2,91,47,44,35,21,14,90,46,44,89,45,44,56,26,30,27,11,16,7,3,4,0,0,0,0,0,0,47,47,17,19,7,2,2,0,0,29,27,2,1,38,0,14,12
62405516,0,,,849,369,480,58,29,29,784,336,448,368,177,191,760,322,438,751,317,434,416,159,257,241,79,162,107,24,83,22,0,22,6,4,2,388,386,156,141,55,27,3,4,0,226,208,18,7,225,5,95,65
62405517,0,,,4687,1992,2695,328,150,178,4259,1800,2459,2223,1060,1163,4186,1769,2417,4139,1753,2386,2036,740,1296,1139,370,769,364,86,278,34,2,32,40,26,14,2556,2551,1250,837,284,135,33,11,1,1269,1153,116,91,1418,93,634,367
62405518,0,,,1594,675,919,149,69,80,1420,593,827,769,365,404,1389,579,810,1375,569,806,651,228,423,385,130,255,140,41,99,8,3,5,9,1,8,806,803,374,253,115,42,17,1,1,417,385,32,42,412,30,198,91
62405525,0,,,256,105,151,5,3,2,251,102,149,97,45,52,250,101,149,250,101,149,154,57,97,85,30,55,24,5,19,0,0,0,0,0,0,144,144,61,60,17,6,0,0,0,81,73,8,0,111,0,44,29
62405526,0,,,3247,1531,1716,266,133,133,2854,1287,1567,1531,762,769,2785,1256,1529,2746,1232,1514,1323,525,798,701,242,459,220,66,154,11,5,6,19,6,13,1715,1715,787,549,217,115,36,7,4,911,825,86,63,982,38,439,232
62405527,0,,,578,330,248,34,16,18,527,306,221,368,232,136,524,305,219,514,299,215,159,74,85,62,26,36,18,4,14,0,0,0,12,2,10,311,308,202,61,23,16,5,0,1,103,91,12,9,120,34,60,27
62405528,0,,,3109,1357,1752,217,110,107,2843,1219,1624,1485,721,764,2768,1181,1587,2732,1161,1571,1358,498,860,739,238,501,271,57,214,40,3,37,33,14,19,1658,1650,872,472,185,87,31,2,1,759,671,88,53,859,72,425,177
62405529,0,,,2509,1134,1375,273,129,144,2219,996,1223,1420,679,741,2165,969,1196,2133,956,1177,799,317,482,375,129,246,129,37,92,10,3,7,28,3,25,1338,1337,666,375,158,96,36,5,1,654,588,66,66,606,53,287,124
62405536,0,,,111,111,0,0,0,0,0,0,0,0,0,0,0,0,0,0,0,0,0,0,0,0,0,0,0,0,0,0,0,0,0,0,0,111,111,111,0,0,0,0,0,0,0,0,0,0,0,0,0,0
62405538,0,,,3659,1594,2065,288,142,146,3329,1426,1903,1777,846,931,3268,1384,1884,3231,1368,1863,1552,580,972,826,252,574,266,68,198,29,9,20,46,8,38,2016,1996,1042,589,229,96,32,5,3,938,852,86,72,1093,79,554,225
62405539,0,,,5963,2605,3358,421,216,205,5469,2352,3117,3038,1418,1620,5343,2289,3054,5291,2260,3031,2431,934,1497,1268,451,817,407,141,266,23,6,17,7,2,5,3292,3291,1581,1070,402,177,45,11,5,1678,1523,155,112,1817,93,839,438
62405548,0,,,3994,1779,2215,266,130,136,3643,1612,2031,2023,1019,1004,3594,1589,2005,3504,1549,1955,1620,593,1027,903,286,617,350,94,256,43,9,34,10,1,9,2154,2145,1152,599,240,111,33,9,1,975,884,91,80,1039,211,493,227
62405549,0,,,5132,2347,2785,372,195,177,4665,2102,2563,2835,1413,1422,4599,2069,2530,4518,2032,2486,1830,689,1141,1022,327,695,440,101,339,83,14,69,31,17,14,2862,2855,1632,794,275,110,32,9,3,1201,1110,91,136,1070,282,480,280
62405557,0,,,32,14,18,1,1,0,31,13,18,16,8,8,31,13,18,31,13,18,15,5,10,2,1,1,1,0,1,1,0,1,0,0,0,19,19,8,9,2,0,0,0,0,10,8,2,0,9,0,3,3
62405558,0,,,4757,2094,2663,449,220,229,4219,1832,2387,2676,1263,1413,4133,1789,2344,4022,1736,2286,1543,569,974,820,257,563,358,80,278,45,8,37,70,14,56,2415,2408,1129,724,332,171,39,10,3,1240,1145,95,135,966,179,406,254
62405559,0,,,6088,2730,3358,586,299,287,5369,2367,3002,3527,1670,1857,5244,2300,2944,5035,2190,2845,1842,697,1145,925,322,603,281,86,195,14,3,11,23,6,17,3440,3439,1849,934,361,223,60,8,4,1551,1435,116,162,1347,442,591,355
62405567,0,,,2333,1135,1198,206,110,96,2063,978,1085,1349,696,653,2012,953,1059,1970,930,1040,714,282,432,297,100,197,96,31,65,5,1,4,16,4,12,1302,1301,708,324,149,85,29,4,2,576,537,39,60,519,202,222,125
62405568,0,,,4161,2026,2135,499,267,232,3597,1728,1869,2478,1260,1218,3499,1682,1817,3448,1650,1798,1119,468,651,570,212,358,177,52,125,18,5,13,9,6,3,2034,2029,896,602,277,197,43,8,6,1105,1006,99,178,724,206,278,192
62405569,0,,,6528,2877,3651,627,304,323,5859,2552,3307,3635,1659,1976,5706,2472,3234,5621,2434,3187,2224,893,1331,1190,427,763,419,134,285,18,4,14,6,3,3,3257,3254,1338,1060,520,244,65,19,8,1876,1690,186,207,1597,92,649,405
62405570,0,,,1148,525,623,117,55,62,1031,470,561,593,289,304,1007,460,547,988,450,538,438,181,257,220,84,136,77,29,48,8,1,7,1,1,0,455,454,104,169,85,68,14,8,6,347,288,59,24,275,1,69,87
62405571,0,,,15,6,9,3,1,2,12,5,7,9,5,4,12,5,7,12,5,7,3,0,3,2,0,2,1,0,1,0,0,0,0,0,0,9,9,6,1,1,1,0,0,0,3,3,0,2,3,0,3,0
62405576,0,,,1845,841,1004,157,79,78,1688,762,926,987,491,496,1661,750,911,1637,742,895,701,271,430,400,137,263,167,40,127,22,4,18,0,0,0,884,879,396,264,127,71,14,6,1,474,416,58,50,410,46,147,104
62405577,0,,,4376,2079,2297,347,183,164,3956,1860,2096,2613,1340,1273,3877,1821,2056,3829,1793,2036,1343,520,823,712,229,483,237,59,178,24,2,22,77,26,51,2380,2372,1259,627,306,131,39,6,4,1086,999,87,100,860,423,335,245
62405578,0,,,4306,2044,2262,514,256,258,3728,1756,1972,2605,1282,1323,3629,1705,1924,3567,1673,1894,1123,474,649,521,208,313,124,41,83,7,2,5,5,1,4,2073,2072,814,653,318,221,51,14,1,1224,1126,98,153,780,165,254,233
62405579,0,,,6824,3117,3707,655,324,331,6092,2751,3341,3960,1904,2056,5913,2660,3253,5815,2603,3212,2132,847,1285,1122,407,715,340,119,221,22,2,20,5,5,0,3506,3498,1587,1042,537,253,57,18,4,1856,1707,149,197,1454,184,580,391
62405580,0,,,985,450,535,92,42,50,893,408,485,519,267,252,867,400,467,851,390,461,374,141,233,217,63,154,104,17,87,19,1,18,1,1,0,367,366,92,133,71,47,12,8,3,271,231,40,19,186,20,46,66
62405581,0,,,2997,1375,1622,320,163,157,2677,1212,1465,1703,790,913,2562,1163,1399,2512,1134,1378,974,422,552,509,201,308,161,58,103,11,5,6,12,1,11,1246,1243,318,453,249,144,60,10,9,916,810,106,62,641,17,174,199
62405582,0,,,817,372,445,76,40,36,741,332,409,445,213,232,726,322,404,710,313,397,296,119,177,163,61,102,48,14,34,5,2,3,0,0,0,381,381,135,126,68,39,10,1,2,239,214,25,22,217,7,80,55
62405583,0,,,1495,682,813,177,85,92,1318,597,721,867,415,452,1261,569,692,1233,555,678,451,182,269,195,73,122,49,12,37,6,1,5,3,1,2,675,672,207,241,132,67,17,7,1,457,417,40,43,313,14,102,91
62405584,0,,,1623,747,876,235,122,113,1388,625,763,971,457,514,1339,598,741,1313,587,726,417,168,249,180,67,113,34,11,23,2,0,2,22,0,22,714,713,232,221,138,91,21,8,2,470,415,55,74,285,30,83,79
62405585,0,,,1601,758,843,249,120,129,1352,638,714,1089,523,566,1311,620,691,1286,606,680,263,115,148,139,47,92,58,19,39,3,1,2,51,7,44,726,724,274,211,116,89,27,5,2,430,393,37,82,185,63,67,41
62405586,0,,,3472,1616,1856,400,203,197,3072,1413,1659,2027,975,1052,2974,1366,1608,2930,1349,1581,1045,438,607,477,183,294,135,45,90,10,3,7,23,6,17,1607,1603,552,555,287,147,48,10,4,1025,928,97,108,696,78,205,224
62405587,0,,,1871,857,1014,187,88,99,1651,752,899,1166,546,620,1591,721,870,1565,709,856,485,206,279,197,73,124,47,18,29,2,0,2,2,2,0,883,883,320,309,132,86,27,5,4,538,480,58,57,331,50,87,105
62405588,0,,,3199,1529,1670,316,162,154,2784,1330,1454,2023,1000,1023,2691,1286,1405,2636,1259,1377,761,330,431,359,144,215,81,22,59,6,0,6,9,5,4,1545,1541,657,445,257,133,37,8,4,854,779,75,95,494,96,164,144
62405589,0,,,4866,2222,2644,549,255,294,4274,1947,2327,2927,1404,1523,4131,1870,2261,4025,1811,2214,1347,543,804,663,248,415,191,64,127,10,0,10,6,1,5,2349,2346,957,732,362,230,59,3,3,1351,1247,104,156,901,160,324,272
62405590,0,,,126,56,70,6,4,2,120,52,68,56,26,30,116,51,65,113,48,65,64,26,38,36,14,22,9,3,6,0,0,0,0,0,0,64,64,28,19,10,5,2,0,0,36,31,5,1,47,0,22,12
62405591,0,,,1341,629,712,196,102,94,1145,527,618,837,398,439,1077,498,579,1051,488,563,308,129,179,129,46,83,46,18,28,4,2,2,1,0,1,516,514,108,169,109,92,30,5,1,403,364,39,42,194,11,49,64
62405592,0,,,1605,745,860,235,138,97,1370,607,763,949,440,509,1303,584,719,1266,566,700,421,167,254,201,73,128,58,20,38,5,2,3,1,1,0,675,674,203,210,123,94,32,11,1,468,423,45,62,299,9,114,74
62405593,0,,,2442,1113,1329,274,132,142,2168,981,1187,1415,675,740,2094,944,1150,2045,923,1122,753,306,447,360,124,236,119,29,90,5,2,3,16,3,13,1016,1012,263,362,207,132,35,11,2,739,644,95,77,503,18,144,145
62405594,0,,,2716,1228,1488,378,201,177,2338,1027,1311,1631,729,902,2259,990,1269,2208,970,1238,707,298,409,291,120,171,75,25,50,3,1,2,39,5,34,1166,1165,328,417,220,132,50,16,2,822,746,76,83,489,26,138,157
62405595,0,,,715,284,431,140,67,73,483,208,275,390,165,225,464,198,266,455,193,262,93,43,50,42,15,27,15,3,12,0,0,0,33,0,33,248,243,79,53,48,41,16,3,3,163,148,15,35,60,20,14,14
62405596,0,,,3524,1705,1819,762,394,368,2762,1311,1451,2369,1141,1228,2560,1203,1357,2469,1166,1303,393,170,223,147,54,93,37,10,27,5,1,4,17,5,12,1271,1267,224,350,317,283,71,16,6,1034,971,63,160,273,21,71,88
62405597,0,,,60,30,30,7,4,3,53,26,27,39,20,19,52,25,27,52,25,27,14,6,8,8,4,4,3,1,2,1,1,0,0,0,0,26,25,6,11,4,4,0,0,0,18,17,1,0,7,0,2,1
62405598,0,,,2959,1317,1642,470,230,240,2445,1067,1378,1558,740,818,2336,1007,1329,2294,987,1307,887,327,560,582,175,407,327,82,245,41,10,31,0,0,0,1043,1038,277,332,200,163,52,13,1,740,692,48,92,327,37,73,117
62405599,0,,,4416,2097,2319,556,271,285,3803,1801,2002,2745,1321,1424,3646,1710,1936,3572,1669,1903,1058,480,578,417,171,246,129,48,81,7,1,6,18,8,10,1897,1893,578,639,363,230,63,12,8,1296,1196,100,133,675,86,166,264
62405609,0,,,94,41,53,5,2,3,89,39,50,37,15,22,89,39,50,88,39,49,52,24,28,33,14,19,14,7,7,1,0,1,1,1,0,43,43,11,20,7,4,0,1,0,32,26,6,1,37,1,8,13
62405615,0,,,267,122,145,17,8,9,249,114,135,119,57,62,241,111,130,237,107,130,130,57,73,74,27,47,23,8,15,1,0,1,0,0,0,122,122,43,38,21,15,5,0,0,75,63,12,4,85,2,27,19
62405616,0,,,1309,626,683,119,64,55,1190,562,628,692,334,358,1167,547,620,1152,541,611,498,228,270,220,87,133,45,17,28,2,1,1,0,0,0,538,537,125,199,121,56,26,7,3,408,340,68,26,337,0,88,95
62405617,0,,,516,200,316,17,8,9,499,192,307,178,79,99,497,191,306,495,189,306,321,113,208,194,49,145,104,16,88,9,0,9,0,0,0,143,140,35,60,31,9,5,0,0,104,87,17,6,97,0,20,33
62405618,0,,,317,148,169,16,11,5,301,137,164,165,78,87,296,133,163,294,132,162,136,59,77,78,29,49,28,10,18,1,0,1,0,0,0,137,137,40,45,27,21,3,0,1,96,79,17,6,94,0,27,23
62405619,0,,,221,105,116,5,3,2,216,102,114,118,63,55,214,100,114,212,99,113,98,39,59,41,15,26,8,1,7,0,0,0,6,6,0,93,90,34,36,15,4,1,0,0,55,46,9,1,63,4,21,20
62405620,0,,,473,230,243,30,17,13,435,209,226,201,120,81,428,205,223,425,203,222,234,89,145,144,49,95,51,17,34,6,1,5,9,8,1,231,230,128,64,24,7,4,2,1,100,84,16,4,119,25,59,22
62405621,0,,,135,61,74,12,6,6,123,55,68,82,35,47,120,54,66,115,52,63,41,20,21,14,7,7,4,2,2,0,0,0,0,0,0,64,64,21,24,14,2,2,1,0,42,36,6,1,31,1,10,8
62405622,0,,,174,80,94,19,9,10,155,71,84,99,47,52,152,69,83,146,68,78,56,24,32,28,9,19,11,4,7,1,0,1,0,0,0,91,90,44,23,17,4,0,2,0,43,37,6,7,36,14,12,10
62405623,0,,,484,232,252,29,19,10,448,210,238,242,122,120,442,207,235,438,205,233,206,88,118,96,38,58,21,6,15,1,0,1,0,0,0,232,232,87,74,47,15,7,1,1,145,116,29,12,138,6,29,38
62405624,0,,,1084,475,609,88,40,48,993,433,560,575,261,314,970,422,548,959,418,541,418,172,246,221,78,143,56,18,38,3,1,2,1,1,0,487,487,154,169,99,42,14,7,2,330,279,51,25,285,6,83,74
62405625,0,,,329,154,175,23,11,12,304,142,162,201,102,99,293,136,157,288,135,153,103,40,63,55,18,37,24,8,16,3,0,3,0,0,0,134,133,30,54,27,14,7,1,0,101,89,12,6,62,3,13,15
62405626,0,,,14,7,7,1,1,0,13,6,7,7,3,4,13,6,7,13,6,7,6,3,3,4,2,2,0,0,0,0,0,0,0,0,0,5,5,0,1,4,0,0,0,0,5,5,0,0,3,0,0,1
62405627,0,,,15,8,7,0,0,0,15,8,7,5,2,3,15,8,7,15,8,7,10,6,4,5,2,3,1,0,1,0,0,0,0,0,0,6,6,1,1,4,0,0,0,0,5,4,1,0,6,0,1,1
62405628,1,,62405629;62405639,49,23,26,0,0,0,55,27,28,29,15,14,55,27,28,55,27,28,26,12,14,8,4,4,1,0,1,0,0,0,0,0,0,21,21,6,9,5,4,0,0,0,18,16,2,0,16,0,3,5
62405629,2,62405628,,4,3,1,*,*,*,*,*,*,*,*,*,*,*,*,*,*,*,*,*,*,*,*,*,*,*,*,*,*,*,*,*,*,2,2,*,*,*,*,*,*,*,*,*,*,*,*,*,*,*
62405630,0,,,5628,2782,2846,513,262,251,5053,2494,2559,3287,1773,1514,4909,2441,2468,4835,2405,2430,1766,721,1045,885,317,568,291,89,202,26,0,26,24,12,12,2648,2636,1202,807,389,182,43,9,4,1390,1259,131,159,1209,159,531,310
62405631,0,,,2351,1225,1126,249,123,126,2091,1096,995,1522,874,648,2028,1063,965,1981,1029,952,569,222,347,298,95,203,112,28,84,10,1,9,29,5,24,1120,1109,529,303,165,86,20,5,1,568,536,32,90,374,75,156,106
62405632,0,,,3688,1533,2155,197,103,94,3186,1306,1880,1648,743,905,3141,1284,1857,3103,1267,1836,1538,563,975,826,273,553,290,95,195,26,7,19,35,20,15,1952,1939,1036,599,192,90,20,1,1,879,812,67,56,1123,66,583,262
62405633,0,,,4109,1802,2307,299,146,153,3756,1630,2126,2121,1032,1089,3588,1512,2076,3448,1426,2022,1635,598,1037,873,262,611,339,87,252,28,3,25,21,13,8,2064,2054,1003,618,273,126,28,4,2,1027,940,87,84,1118,54,555,269
62405634,0,,,2171,980,1191,203,106,97,1959,868,1091,1031,499,532,1909,842,1067,1875,824,1051,928,369,559,433,156,277,93,22,71,3,0,3,7,3,4,1144,1143,542,340,154,78,22,3,4,593,550,43,49,697,14,380,156
62405635,0,,,781,349,432,51,25,26,729,323,406,410,192,218,709,313,396,701,307,394,319,131,188,130,44,86,38,10,28,4,1,3,4,3,1,351,351,93,154,59,29,12,1,3,254,223,31,11,216,2,53,72
62405636,2,62405637,,13,3,10,*,*,*,*,*,*,*,*,*,*,*,*,*,*,*,*,*,*,*,*,*,*,*,*,*,*,*,*,*,*,5,5,*,*,*,*,*,*,*,*,*,*,*,*,*,*,*
62405637,1,,62405636,20,10,10,3,2,1,30,11,19,20,7,13,30,11,19,30,11,19,10,4,6,6,2,4,3,0,3,1,0,1,0,0,0,5,5,2,1,2,3,1,1,0,8,3,5,1,6,0,1,1
62405638,0,,,63,32,31,3,2,1,60,30,30,32,17,15,56,29,27,56,29,27,28,13,15,14,6,8,5,2,3,0,0,0,0,0,0,24,24,3,9,8,2,2,0,0,21,18,3,2,16,0,1,6
62405639,2,62405628,,2,1,1,*,*,*,*,*,*,*,*,*,*,*,*,*,*,*,*,*,*,*,*,*,*,*,*,*,*,*,*,*,*,1,1,*,*,*,*,*,*,*,*,*,*,*,*,*,*,*
62405640,0,,,5540,2342,3198,464,227,237,4917,2037,2880,2972,1335,1637,4778,1983,2795,4703,1963,2740,1945,702,1243,1048,320,728,368,95,273,36,8,28,20,10,10,3089,3081,1590,952,324,158,42,12,3,1435,1307,128,131,1393,226,646,350
62405641,0,,,6388,2695,3693,536,269,267,5766,2393,3373,3308,1465,1843,5616,2314,3302,5541,2279,3262,2458,928,1530,1262,444,818,425,122,303,31,8,23,18,8,10,3266,3264,1545,1052,423,184,49,8,3,1675,1554,121,146,1562,154,702,441
62405642,0,,,5353,2283,3070,496,237,259,4830,2037,2793,2925,1315,1610,4703,1978,2725,4639,1946,2693,1905,722,1183,963,358,605,290,96,194,11,1,10,10,4,6,2764,2763,1148,965,411,176,51,6,6,1575,1455,120,131,1368,94,541,387
62405643,0,,,5569,2668,2901,658,386,272,4880,2266,2614,3002,1515,1487,4560,2014,2546,4441,1932,2509,1878,751,1127,972,330,642,323,76,247,29,4,25,8,5,3,2429,2424,861,887,383,213,58,11,11,1532,1421,111,143,1202,77,417,397
62405644,0,,,4164,1910,2254,390,209,181,3741,1684,2057,2023,1019,1004,3641,1624,2017,3553,1564,1989,1718,665,1053,973,317,656,392,68,324,51,4,47,5,2,3,1712,1694,621,586,273,155,52,6,1,1042,958,84,89,819,90,245,299
62405645,0,,,1112,532,580,85,50,35,1023,480,543,572,286,286,1012,473,539,1002,468,534,451,194,257,186,72,114,45,13,32,0,0,0,3,3,0,499,496,153,198,84,48,10,3,0,337,311,26,26,291,4,99,97
62405646,0,,,17,7,10,0,0,0,17,7,10,8,3,5,17,7,10,17,7,10,9,4,5,2,0,2,0,0,0,0,0,0,0,0,0,10,10,5,4,0,1,0,0,0,5,4,1,0,8,0,4,2
62405647,0,,,25,14,11,4,3,1,21,11,10,10,5,5,20,11,9,20,11,9,11,6,5,2,1,1,0,0,0,0,0,0,0,0,0,9,9,2,3,2,1,0,0,1,7,6,1,1,8,0,2,2
62405648,0,,,63,33,30,6,5,1,57,28,29,30,17,13,56,28,28,56,28,28,27,11,16,14,4,10,4,1,3,0,0,0,0,0,0,31,31,12,11,5,2,0,1,0,19,15,4,0,20,0,7,5
62405650,0,,,3243,1432,1811,251,131,120,2951,1278,1673,1846,870,976,2884,1246,1638,2845,1230,1615,1105,408,697,532,169,363,179,40,139,9,1,8,13,8,5,1846,1843,926,598,202,86,25,5,1,897,832,65,84,810,127,364,228
62405651,0,,,5183,2331,2852,466,244,222,4643,2057,2586,2954,1369,1585,4472,1980,2492,4378,1924,2454,1689,688,1001,814,305,509,237,63,174,20,3,17,8,6,2,2676,2673,1189,895,352,167,50,13,7,1437,1331,106,130,1191,171,469,368
62405652,0,,,6341,2721,3620,566,295,271,5738,2409,3329,3102,1438,1664,5591,2332,3259,5511,2286,3225,2636,971,1665,1441,481,960,485,138,347,27,4,23,24,8,16,3174,3167,1329,1068,461,229,57,18,5,1808,1655,153,141,1845,62,822,490
62405653,0,,,4047,1809,2238,490,246,244,3545,1557,1988,2168,998,1170,3421,1491,1930,3367,1461,1906,1377,559,818,751,280,471,263,91,172,23,5,18,7,4,3,1806,1805,544,676,304,211,56,12,2,1241,1141,100,114,938,22,330,301
62405654,0,,,129,62,67,6,4,2,123,58,65,65,32,33,121,56,65,119,54,65,58,26,32,30,12,18,9,5,4,1,0,1,0,0,0,54,54,12,23,10,6,1,2,0,42,38,4,1,37,0,8,12
62405655,0,,,1252,549,703,71,36,35,1178,512,666,524,228,296,1150,495,655,1143,491,652,654,284,370,331,139,192,111,36,75,15,2,13,0,0,0,575,573,171,267,88,32,10,5,0,397,372,25,13,379,4,109,148
62405656,0,,,1015,470,545,70,38,32,943,431,512,398,181,217,922,423,499,911,418,493,545,250,295,243,117,126,62,21,41,7,2,5,0,0,0,444,444,94,209,86,37,12,5,1,344,312,32,10,338,0,68,143
62405657,0,,,18,7,11,3,3,0,15,4,11,6,2,4,15,4,11,14,4,10,9,2,7,5,1,4,1,0,1,0,0,0,0,0,0,7,7,2,2,2,0,0,1,0,5,3,2,1,6,0,2,1
62405658,0,,,110,50,60,1,1,0,109,49,60,47,22,25,108,48,60,106,46,60,62,27,35,28,13,15,4,2,2,0,0,0,0,0,0,51,51,14,21,11,4,1,0,0,37,32,5,0,41,0,11,12
62405659,0,,,64,29,35,4,1,3,60,28,32,30,12,18,58,27,31,57,26,31,30,16,14,15,7,8,7,4,3,0,0,0,0,0,0,26,26,6,11,3,4,1,1,0,20,16,4,0,19,0,4,9
62405660,0,,,6690,3083,3607,570,281,289,6016,2746,3270,3935,1867,2068,5846,2659,3187,5711,2590,3121,2081,879,1202,1007,398,609,278,88,190,18,2,16,34,14,20,3527,3523,1709,1062,467,216,57,10,2,1758,1617,141,195,1464,189,626,411
62405661,0,,,5971,2630,3341,577,285,292,5357,2334,3023,3220,1478,1742,5199,2250,2949,5109,2216,2893,2137,856,1281,1007,363,644,274,85,189,13,2,11,9,6,3,2924,2919,1111,1025,440,258,66,15,4,1765,1595,170,145,1497,85,519,457
62405662,0,,,6173,2760,3413,604,278,326,5558,2478,3080,3206,1463,1743,5388,2409,2979,5296,2370,2926,2352,1015,1337,1118,476,642,293,116,177,18,4,14,9,5,4,2770,2767,772,1109,527,267,72,13,7,1953,1769,184,148,1551,44,437,551
62405663,1,,62405674,2174,961,1213,245,135,110,1933,829,1104,1043,483,560,1888,808,1080,1858,794,1064,890,346,544,528,170,358,243,59,184,37,3,34,4,3,1,875,870,264,335,152,89,24,8,2,604,567,37,85,442,15,157,151
62405664,2,62405665,,6,3,3,*,*,*,*,*,*,*,*,*,*,*,*,*,*,*,*,*,*,*,*,*,*,*,*,*,*,*,*,*,*,3,3,*,*,*,*,*,*,*,*,*,*,*,*,*,*,*
62405665,1,,62405664,7,3,4,1,0,1,12,6,6,3,2,1,12,6,6,12,6,6,9,4,5,4,2,2,2,1,1,0,0,0,0,0,0,5,5,4,3,1,0,0,0,0,4,4,0,1,6,0,2,3
62405666,0,,,1468,598,870,133,58,75,1335,540,795,717,308,409,1289,517,772,1265,505,760,618,232,386,301,96,205,105,22,83,18,1,17,2,1,1,633,632,181,268,109,57,13,3,1,449,414,35,21,350,1,121,129
62405667,0,,,249,70,179,7,4,3,242,66,176,61,29,32,239,64,175,238,64,174,181,37,144,154,26,128,97,17,80,21,0,21,0,0,0,54,51,18,21,6,2,4,0,0,33,28,5,0,30,0,10,11
62405669,0,,,32,19,13,1,0,1,31,19,12,21,15,6,31,19,12,30,18,12,10,4,6,3,1,2,2,0,2,0,0,0,0,0,0,9,8,4,1,2,1,0,0,0,4,3,1,1,7,0,4,1
62405670,0,,,5862,2693,3169,469,229,240,5320,2430,2890,3385,1687,1698,5210,2376,2834,5093,2300,2793,1935,743,1192,970,330,640,316,100,216,28,7,21,8,3,5,3291,3288,1708,966,382,176,47,8,1,1538,1432,106,156,1379,321,592,371
62405671,0,,,5663,2556,3107,657,325,332,4985,2225,2760,3064,1415,1649,4828,2142,2686,4751,2109,2642,1921,810,1111,921,358,563,285,96,189,16,3,13,8,4,4,2568,2565,794,981,460,231,78,18,3,1729,1609,120,196,1262,57,416,428
62405672,1,,62405683,2687,1236,1451,283,156,127,2398,1082,1316,1423,663,760,2327,1045,1282,2289,1025,1264,975,419,556,401,170,231,122,42,80,5,0,5,2,1,1,1177,1176,279,523,205,128,39,4,2,891,818,73,66,645,3,156,250
62405673,0,,,40,19,21,0,0,0,40,19,21,15,10,5,39,18,21,38,17,21,25,9,16,10,3,7,5,1,4,0,0,0,0,0,0,22,22,8,11,2,1,0,0,0,14,13,1,0,18,0,6,6
62405674,2,62405663,,6,4,2,*,*,*,*,*,*,*,*,*,*,*,*,*,*,*,*,*,*,*,*,*,*,*,*,*,*,*,*,*,*,4,4,*,*,*,*,*,*,*,*,*,*,*,*,*,*,*
62405675,0,,,33,15,18,3,0,3,30,15,15,18,10,8,30,15,15,30,15,15,12,5,7,6,2,4,1,0,1,0,0,0,0,0,0,10,10,2,2,0,5,0,0,1,8,4,4,0,8,0,2,0
62405676,0,,,222,96,126,58,28,30,164,68,96,137,56,81,154,61,93,145,61,84,27,12,15,11,2,9,3,0,3,0,0,0,0,0,0,77,72,18,29,14,8,2,1,0,54,47,7,1,19,3,2,7
62405677,0,,,151,69,82,13,7,6,138,62,76,89,41,48,137,61,76,136,60,76,49,21,28,20,4,16,7,1,6,0,0,0,0,0,0,59,59,10,21,15,11,2,0,0,48,40,8,3,32,0,4,12
62405680,0,,,6513,2972,3541,591,292,299,5826,2638,3188,3518,1728,1790,5683,2570,3113,5561,2501,3060,2308,910,1398,1179,428,751,358,99,259,29,6,23,30,12,18,3311,3309,1416,1110,458,239,71,13,2,1847,1691,156,151,1545,232,558,503
62405681,0,,,2861,1313,1548,338,177,161,2517,1134,1383,1591,738,853,2453,1102,1351,2419,1084,1335,926,396,530,404,146,258,126,40,86,10,1,9,6,5,1,1239,1236,345,461,236,145,40,8,1,870,798,72,91,598,44,173,216
62405682,0,,,451,209,242,30,17,13,419,191,228,270,126,144,411,189,222,405,185,220,149,65,84,72,31,41,18,6,12,0,0,0,0,0,0,180,179,57,66,36,14,5,1,0,120,103,17,6,87,3,28,29
62405683,2,62405672,,7,4,3,*,*,*,*,*,*,*,*,*,*,*,*,*,*,*,*,*,*,*,*,*,*,*,*,*,*,*,*,*,*,4,4,*,*,*,*,*,*,*,*,*,*,*,*,*,*,*
62405684,0,,,100,48,52,9,2,7,90,45,45,59,33,26,90,45,45,90,45,45,31,12,19,14,5,9,3,1,2,0,0,0,0,0,0,46,46,12,20,9,4,1,0,0,31,29,2,1,20,1,3,7
62405685,0,,,237,110,127,9,7,2,228,103,125,139,63,76,224,102,122,220,100,120,89,40,49,37,15,22,9,5,4,1,0,1,1,1,0,104,104,24,44,22,11,3,0,0,80,66,14,1,59,0,13,19
62405687,1,,62405688;62405698,15,7,8,0,0,0,23,12,11,6,2,4,23,12,11,23,12,11,17,10,7,9,5,4,4,2,2,0,0,0,0,0,0,7,7,7,3,2,1,0,0,0,6,5,1,0,12,0,6,2
62405688,2,62405687,,1,1,0,*,*,*,*,*,*,*,*,*,*,*,*,*,*,*,*,*,*,*,*,*,*,*,*,*,*,*,*,*,*,1,1,*,*,*,*,*,*,*,*,*,*,*,*,*,*,*
62405690,0,,,4558,2128,2430,524,286,238,4005,1825,2180,2498,1166,1332,3851,1756,2095,3775,1715,2060,1507,659,848,643,259,384,162,58,104,19,4,15,6,3,3,2023,2022,600,766,355,218,61,18,4,1389,1283,106,128,1013,71,289,375
62405691,0,,,214,118,96,15,8,7,186,98,88,120,70,50,182,97,85,173,88,85,66,28,38,34,15,19,11,5,6,0,0,0,1,0,1,125,125,73,30,12,7,1,2,0,52,46,6,2,44,24,11,19
62405692,0,,,557,248,309,47,26,21,506,219,287,278,137,141,493,213,280,483,210,273,228,82,146,132,42,90,65,13,52,9,1,8,2,1,1,184,182,43,61,46,17,12,2,1,132,113,19,16,91,1,21,25
62405693,0,,,1034,507,527,82,38,44,943,462,481,672,329,343,920,450,470,901,445,456,271,133,138,82,36,46,11,5,6,0,0,0,5,5,0,449,437,111,169,87,49,14,6,1,308,280,28,26,191,5,43,51
62405694,1,,62405695,441,206,235,30,10,20,414,198,216,272,135,137,402,194,208,396,189,207,142,63,79,51,24,27,9,3,6,3,0,3,6,6,0,196,196,55,85,25,21,9,3,0,139,119,20,7,95,2,17,31
62405695,2,62405694,,6,4,2,*,*,*,*,*,*,*,*,*,*,*,*,*,*,*,*,*,*,*,*,*,*,*,*,*,*,*,*,*,*,2,2,*,*,*,*,*,*,*,*,*,*,*,*,*,*,*
62405698,2,62405687,,7,4,3,*,*,*,*,*,*,*,*,*,*,*,*,*,*,*,*,*,*,*,*,*,*,*,*,*,*,*,*,*,*,5,5,*,*,*,*,*,*,*,*,*,*,*,*,*,*,*
62405700,0,,,288,124,164,7,5,2,280,118,162,134,58,76,276,117,159,274,116,158,146,60,86,68,22,46,23,10,13,1,0,1,0,0,0,127,127,35,54,20,10,5,2,1,90,67,23,3,101,1,25,30
62405701,0,,,167,87,80,9,6,3,158,81,77,82,45,37,154,79,75,153,78,75,76,36,40,45,18,27,13,4,9,1,0,1,0,0,0,72,72,20,23,19,7,2,1,0,50,40,10,2,51,0,14,9
62405710,0,,,11,6,5,0,0,0,11,6,5,4,3,1,11,6,5,11,6,5,7,3,4,5,2,3,1,0,1,0,0,0,0,0,0,4,4,0,2,1,1,0,0,0,4,3,1,0,4,0,0,1
62405712,0,,,13,7,6,0,0,0,13,7,6,6,4,2,13,7,6,13,7,6,7,3,4,1,1,0,0,0,0,0,0,0,0,0,0,6,6,2,2,1,1,0,0,0,4,3,1,0,5,0,2,2
62405720,0,,,14,8,6,0,0,0,14,8,6,5,4,1,14,8,6,14,8,6,9,4,5,4,2,2,1,0,1,0,0,0,0,0,0,7,7,1,5,1,0,0,0,0,6,4,2,0,5,0,0,2
62405721,0,,,13,7,6,0,0,0,13,7,6,6,4,2,13,7,6,13,7,6,7,3,4,0,0,0,0,0,0,0,0,0,0,0,0,5,5,0,2,3,0,0,0,0,5,5,0,0,4,0,0,0
62405730,0,,,11,6,5,0,0,0,11,6,5,5,3,2,11,6,5,11,6,5,6,3,3,3,1,2,3,1,2,0,0,0,0,0,0,5,5,1,2,2,0,0,0,0,4,2,2,0,4,0,1,1
62405750,2,62405760,,3,0,3,*,*,*,*,*,*,*,*,*,*,*,*,*,*,*,*,*,*,*,*,*,*,*,*,*,*,*,*,*,*,3,3,*,*,*,*,*,*,*,*,*,*,*,*,*,*,*
62405752,0,,,8,4,4,0,0,0,8,4,4,4,2,2,8,4,4,8,4,4,4,2,2,3,1,2,0,0,0,0,0,0,0,0,0,5,5,2,3,0,0,0,0,0,3,3,0,0,4,0,2,1
62405754,2,62405755,,3,1,2,*,*,*,*,*,*,*,*,*,*,*,*,*,*,*,*,*,*,*,*,*,*,*,*,*,*,*,*,*,*,2,2,*,*,*,*,*,*,*,*,*,*,*,*,*,*,*
62405755,1,,62405754,17,10,7,0,0,0,20,11,9,4,3,1,20,11,9,20,11,9,16,8,8,9,5,4,4,2,2,1,1,0,0,0,0,8,8,3,4,3,0,0,0,0,7,6,1,0,9,0,3,4
62405756,1,,62405766,16,9,7,0,0,0,18,9,9,6,3,3,18,9,9,18,9,9,12,6,6,7,4,3,2,2,0,0,0,0,0,0,0,8,8,2,4,3,0,0,0,0,7,7,0,0,8,0,1,2
62405760,1,,62405750;62405770;62405781,31,16,15,0,0,0,35,16,19,11,5,6,35,16,19,35,16,19,24,11,13,13,5,8,5,1,4,1,0,1,0,0,0,14,14,8,7,1,3,0,0,0,10,7,3,0,16,0,8,4
62405761,0,,,10,6,4,0,0,0,10,6,4,4,2,2,10,6,4,10,6,4,6,4,2,1,1,0,1,1,0,0,0,0,1,1,0,5,5,2,1,2,0,0,0,0,3,2,1,0,4,0,1,1
62405766,2,62405756,,3,1,2,*,*,*,*,*,*,*,*,*,*,*,*,*,*,*,*,*,*,*,*,*,*,*,*,*,*,*,*,*,*,1,1,*,*,*,*,*,*,*,*,*,*,*,*,*,*,*
62405770,2,62405760,,2,1,1,*,*,*,*,*,*,*,*,*,*,*,*,*,*,*,*,*,*,*,*,*,*,*,*,*,*,*,*,*,*,1,1,*,*,*,*,*,*,*,*,*,*,*,*,*,*,*
62405781,2,62405760,,1,0,1,*,*,*,*,*,*,*,*,*,*,*,*,*,*,*,*,*,*,*,*,*,*,*,*,*,*,*,*,*,*,1,1,*,*,*,*,*,*,*,*,*,*,*,*,*,*,*
62406019,0,,,22,10,12,3,1,2,19,9,10,11,5,6,19,9,10,18,9,9,8,4,4,5,2,3,1,0,1,0,0,0,0,0,0,9,9,3,3,1,0,2,0,0,6,4,2,2,6,0,2,1
62406039,0,,,491,227,264,32,19,13,454,203,251,224,107,117,443,197,246,432,192,240,230,96,134,134,52,82,46,14,32,6,2,4,4,4,0,242,241,101,78,42,14,3,2,1,140,127,13,5,150,5,61,49
62406049,0,,,19,9,10,0,0,0,19,9,10,12,6,6,18,9,9,17,9,8,7,3,4,4,1,3,0,0,0,0,0,0,0,0,0,11,11,4,6,1,0,0,0,0,7,7,0,0,5,0,1,2
62406100,2,62406110,,22,20,2,*,*,*,*,*,*,*,*,*,*,*,*,*,*,*,*,*,*,*,*,*,*,*,*,*,*,*,*,*,*,6,5,*,*,*,*,*,*,*,*,*,*,*,*,*,*,*
62406110,1,,62406100,346,170,176,35,25,10,331,163,168,164,92,72,327,162,165,321,158,163,167,71,96,77,35,42,26,5,21,1,1,0,0,0,0,182,182,88,62,18,12,4,3,0,99,88,11,8,121,3,57,38
62406120,0,,,1313,640,673,121,58,63,1181,572,609,775,400,375,1147,558,589,1126,546,580,406,172,234,193,73,120,60,25,35,3,2,1,1,0,1,702,697,339,213,81,47,14,3,0,355,332,23,31,287,63,106,99
62406130,0,,,1313,663,650,124,64,60,1183,596,587,746,424,322,1152,577,575,1126,560,566,437,172,265,229,80,149,66,22,44,1,0,1,4,2,2,706,697,361,214,63,43,12,3,1,333,311,22,29,318,33,150,93
62406140,0,,,1051,514,537,93,44,49,955,467,488,535,293,242,931,451,480,914,439,475,420,174,246,222,91,131,69,25,44,1,0,1,1,1,0,502,500,182,177,87,40,10,4,0,314,286,28,29,282,15,101,106
62406141,0,,,337,170,167,43,18,25,293,151,142,190,109,81,287,148,139,283,145,138,103,42,61,63,23,40,22,8,14,5,2,3,0,0,0,170,168,83,50,16,12,6,1,0,83,80,3,14,58,12,23,22
62406142,0,,,11,5,6,0,0,0,11,5,6,9,5,4,11,5,6,11,5,6,2,0,2,2,0,2,1,0,1,0,0,0,5,2,3,9,9,8,0,1,0,0,0,0,1,1,0,0,2,2,2,0
62406150,0,,,44,22,22,2,2,0,42,20,22,21,11,10,42,20,22,41,19,22,21,9,12,9,4,5,1,0,1,0,0,0,0,0,0,20,20,5,8,5,2,0,0,0,15,15,0,1,14,1,2,5
62406160,0,,,71,39,32,1,0,1,70,39,31,41,27,14,67,36,31,65,36,29,29,12,17,15,8,7,2,2,0,0,0,0,0,0,0,26,25,4,10,8,1,2,0,0,21,20,1,0,17,0,1,6
62406161,0,,,50,16,34,0,0,0,50,16,34,20,4,16,49,16,33,49,16,33,30,12,18,15,5,10,5,1,4,0,0,0,0,0,0,27,27,12,8,6,1,0,0,0,15,14,1,0,22,0,10,5
62406171,0,,,445,190,255,23,10,13,421,179,242,210,113,97,413,175,238,402,167,235,211,66,145,157,42,115,87,18,69,17,2,15,0,0,0,139,130,48,44,20,12,4,1,1,81,69,12,4,63,4,20,19
62406181,0,,,77,46,31,3,2,1,74,44,30,54,36,18,73,44,29,73,44,29,20,8,12,6,1,5,3,1,2,0,0,0,0,0,0,18,17,8,3,3,1,2,0,0,9,6,3,0,11,0,4,3
62406191,0,,,421,168,253,21,13,8,393,152,241,233,105,128,386,149,237,363,143,220,160,47,113,130,31,99,96,20,76,20,4,16,2,2,0,160,158,100,29,17,11,0,1,0,53,49,4,5,35,20,16,6
62406193,0,,,33,15,18,0,0,0,33,15,18,15,7,8,31,14,17,30,14,16,18,8,10,9,4,5,3,1,2,0,0,0,0,0,0,15,15,6,4,3,1,0,1,0,8,8,0,0,11,0,5,3
62406194,0,,,78,36,42,7,3,4,71,33,38,29,12,17,69,32,37,69,32,37,42,21,21,22,10,12,6,2,4,0,0,0,0,0,0,33,33,4,19,7,2,0,0,1,29,21,8,2,27,0,2,10
62406197,2,62406198,,5,3,2,*,*,*,*,*,*,*,*,*,*,*,*,*,*,*,*,*,*,*,*,*,*,*,*,*,*,*,*,*,*,3,3,*,*,*,*,*,*,*,*,*,*,*,*,*,*,*
62406198,1,,62406197,121,53,68,11,2,9,115,54,61,60,29,31,115,54,61,112,51,61,55,25,30,28,13,15,5,3,2,0,0,0,0,0,0,62,62,25,24,11,5,0,0,0,39,33,6,2,41,1,14,14
62406237,2,62406247,,4,2,2,*,*,*,*,*,*,*,*,*,*,*,*,*,*,*,*,*,*,*,*,*,*,*,*,*,*,*,*,*,*,2,2,*,*,*,*,*,*,*,*,*,*,*,*,*,*,*
62406247,1,,62406237;62406257,17,8,9,1,1,0,27,11,16,13,7,6,26,10,16,26,10,16,14,4,10,11,3,8,3,1,2,0,0,0,3,0,3,9,9,6,5,4,0,0,0,0,9,7,2,0,10,0,5,3
62406249,1,,62406340,38,17,21,5,2,3,36,16,20,13,7,6,36,16,20,36,16,20,23,9,14,17,6,11,7,2,5,0,0,0,0,0,0,15,15,3,6,4,1,2,0,0,13,9,4,2,14,0,3,5
62406255,0,,,21,12,9,0,0,0,21,12,9,7,5,2,21,12,9,21,12,9,14,7,7,5,3,2,0,0,0,0,0,0,0,0,0,9,9,2,2,5,0,0,0,0,7,6,1,0,8,0,1,2
62406256,0,,,53,24,29,0,0,0,53,24,29,23,13,10,53,24,29,53,24,29,30,11,19,16,6,10,5,1,4,0,0,0,0,0,0,27,27,9,11,6,1,0,0,0,18,16,2,0,20,0,4,6
62406257,2,62406247,,7,2,5,*,*,*,*,*,*,*,*,*,*,*,*,*,*,*,*,*,*,*,*,*,*,*,*,*,*,*,*,*,*,4,4,*,*,*,*,*,*,*,*,*,*,*,*,*,*,*
62406259,0,,,21,11,10,2,1,1,19,10,9,9,5,4,19,10,9,19,10,9,10,5,5,6,2,4,5,2,3,0,0,0,0,0,0,7,7,0,3,3,0,0,1,0,7,4,3,0,6,0,0,1
62406264,0,,,22,10,12,1,1,0,21,9,12,9,4,5,20,9,11,20,9,11,12,5,7,8,5,3,1,1,0,0,0,0,0,0,0,9,9,1,5,2,0,1,0,0,8,8,0,0,7,0,1,4
62406265,1,,62406275,60,31,29,9,4,5,54,29,25,21,11,10,54,29,25,53,28,25,33,18,15,12,6,6,0,0,0,0,0,0,0,0,0,28,28,13,9,4,2,0,2,0,17,15,2,1,23,0,9,8
62406266,1,,62406276,344,155,189,41,21,20,308,136,172,151,77,74,305,133,172,301,132,169,157,59,98,100,36,64,33,11,22,1,1,0,2,0,2,163,163,61,53,38,10,2,3,0,105,92,13,9,110,2,40,29
62406267,0,,,32,16,16,6,3,3,26,13,13,11,6,5,26,13,13,26,13,13,15,7,8,10,4,6,3,1,2,0,0,0,0,0,0,13,13,4,6,1,0,0,1,1,9,7,2,2,10,0,3,4
62406268,1,,62406269,12,5,7,0,0,0,14,6,8,2,1,1,14,6,8,14,6,8,12,5,7,5,3,2,2,1,1,0,0,0,0,0,0,7,7,2,6,0,0,0,0,0,6,6,0,0,7,0,1,5
62406269,2,62406268,,2,1,1,*,*,*,*,*,*,*,*,*,*,*,*,*,*,*,*,*,*,*,*,*,*,*,*,*,*,*,*,*,*,1,1,*,*,*,*,*,*,*,*,*,*,*,*,*,*,*
62406272,2,62406282,,6,3,3,*,*,*,*,*,*,*,*,*,*,*,*,*,*,*,*,*,*,*,*,*,*,*,*,*,*,*,*,*,*,3,3,*,*,*,*,*,*,*,*,*,*,*,*,*,*,*
62406273,0,,,14,6,8,0,0,0,14,6,8,8,5,3,14,6,8,13,5,8,6,1,5,3,0,3,2,0,2,0,0,0,0,0,0,5,5,0,2,2,1,0,0,0,4,2,2,0,5,0,0,0
62406274,1,,62406284,37,17,20,1,0,1,41,19,22,14,8,6,41,19,22,41,19,22,27,11,16,16,6,10,4,1,3,0,0,0,0,0,0,14,14,1,11,3,0,2,0,0,16,12,4,0,16,0,1,8
62406275,2,62406265,,3,2,1,*,*,*,*,*,*,*,*,*,*,*,*,*,*,*,*,*,*,*,*,*,*,*,*,*,*,*,*,*,*,2,2,*,*,*,*,*,*,*,*,*,*,*,*,*,*,*
62406276,2,62406266,,5,2,3,*,*,*,*,*,*,*,*,*,*,*,*,*,*,*,*,*,*,*,*,*,*,*,*,*,*,*,*,*,*,4,4,*,*,*,*,*,*,*,*,*,*,*,*,*,*,*
62406282,1,,62406272,20,11,9,0,0,0,26,14,12,9,5,4,26,14,12,26,14,12,17,9,8,9,4,5,3,2,1,0,0,0,0,0,0,10,10,5,4,3,1,0,0,0,8,8,0,0,12,0,5,3
62406283,1,,62406292,69,36,33,7,2,5,72,40,32,41,23,18,69,39,30,68,38,30,31,17,14,22,12,10,11,7,4,1,1,0,0,0,0,23,23,11,5,5,4,1,0,3,18,11,7,2,22,0,7,3
62406284,2,62406274,,5,2,3,*,*,*,*,*,*,*,*,*,*,*,*,*,*,*,*,*,*,*,*,*,*,*,*,*,*,*,*,*,*,3,3,*,*,*,*,*,*,*,*,*,*,*,*,*,*,*
62406285,2,62406296,,5,2,3,*,*,*,*,*,*,*,*,*,*,*,*,*,*,*,*,*,*,*,*,*,*,*,*,*,*,*,*,*,*,3,3,*,*,*,*,*,*,*,*,*,*,*,*,*,*,*
62406287,2,62406296,,3,1,2,*,*,*,*,*,*,*,*,*,*,*,*,*,*,*,*,*,*,*,*,*,*,*,*,*,*,*,*,*,*,1,1,*,*,*,*,*,*,*,*,*,*,*,*,*,*,*
62406292,2,62406283,,10,6,4,*,*,*,*,*,*,*,*,*,*,*,*,*,*,*,*,*,*,*,*,*,*,*,*,*,*,*,*,*,*,6,6,*,*,*,*,*,*,*,*,*,*,*,*,*,*,*
62406296,1,,62406285;62406287;62406297,10,6,4,0,0,0,26,14,12,11,7,4,26,14,12,26,14,12,15,7,8,8,4,4,3,1,2,0,0,0,0,0,0,5,5,4,5,4,0,0,0,0,9,7,2,0,8,0,0,4
62406297,2,62406296,,8,5,3,*,*,*,*,*,*,*,*,*,*,*,*,*,*,*,*,*,*,*,*,*,*,*,*,*,*,*,*,*,*,4,4,*,*,*,*,*,*,*,*,*,*,*,*,*,*,*
62406340,2,62406249,,3,1,2,*,*,*,*,*,*,*,*,*,*,*,*,*,*,*,*,*,*,*,*,*,*,*,*,*,*,*,*,*,*,1,1,*,*,*,*,*,*,*,*,*,*,*,*,*,*,*
62406408,2,62406409,,3,1,2,*,*,*,*,*,*,*,*,*,*,*,*,*,*,*,*,*,*,*,*,*,*,*,*,*,*,*,*,*,*,2,2,*,*,*,*,*,*,*,*,*,*,*,*,*,*,*
62406409,1,,62406408;62406419,9,5,4,0,0,0,17,7,10,9,4,5,17,7,10,17,7,10,8,3,5,3,1,2,1,0,1,0,0,0,0,0,0,4,4,4,2,0,1,1,0,0,4,2,2,0,7,0,3,1
62406419,2,62406409,,5,1,4,*,*,*,*,*,*,*,*,*,*,*,*,*,*,*,*,*,*,*,*,*,*,*,*,*,*,*,*,*,*,2,2,*,*,*,*,*,*,*,*,*,*,*,*,*,*,*
62406429,0,,,79,16,63,0,0,0,79,16,63,0,0,0,79,16,63,79,16,63,79,16,63,75,15,60,58,8,50,9,1,8,0,0,0,1,0,0,0,0,0,0,0,0,0,0,0,0,0,0,0,0
62406439,0,,,26,15,11,1,1,0,25,14,11,14,10,4,24,13,11,23,12,11,11,4,7,5,1,4,1,0,1,0,0,0,0,0,0,9,9,1,4,1,1,2,0,0,8,8,0,0,6,0,1,2
62406449,0,,,16,7,9,0,0,0,16,7,9,4,2,2,16,7,9,16,7,9,12,5,7,3,1,2,0,0,0,0,0,0,0,0,0,10,10,4,6,0,0,0,0,0,6,6,0,0,9,0,4,3
62406458,2,62406459,,5,3,2,*,*,*,*,*,*,*,*,*,*,*,*,*,*,*,*,*,*,*,*,*,*,*,*,*,*,*,*,*,*,3,3,*,*,*,*,*,*,*,*,*,*,*,*,*,*,*
62406459,1,,62406458;62406468;62406469;62406478,135,73,62,1,0,1,153,82,71,97,54,43,152,81,71,149,79,70,56,28,28,20,8,12,9,2,7,1,1,0,0,0,0,12,11,3,11,2,1,3,0,0,17,12,5,0,16,0,2,7
62406468,2,62406459,,7,3,4,*,*,*,*,*,*,*,*,*,*,*,*,*,*,*,*,*,*,*,*,*,*,*,*,*,*,*,*,*,*,3,3,*,*,*,*,*,*,*,*,*,*,*,*,*,*,*
62406469,2,62406459,,5,2,3,*,*,*,*,*,*,*,*,*,*,*,*,*,*,*,*,*,*,*,*,*,*,*,*,*,*,*,*,*,*,1,1,*,*,*,*,*,*,*,*,*,*,*,*,*,*,*
62406478,2,62406459,,2,1,1,*,*,*,*,*,*,*,*,*,*,*,*,*,*,*,*,*,*,*,*,*,*,*,*,*,*,*,*,*,*,2,2,*,*,*,*,*,*,*,*,*,*,*,*,*,*,*
62406479,2,62406489,,6,3,3,*,*,*,*,*,*,*,*,*,*,*,*,*,*,*,*,*,*,*,*,*,*,*,*,*,*,*,*,*,*,4,4,*,*,*,*,*,*,*,*,*,*,*,*,*,*,*
62406488,2,62406489,,11,9,2,*,*,*,*,*,*,*,*,*,*,*,*,*,*,*,*,*,*,*,*,*,*,*,*,*,*,*,*,*,*,5,5,*,*,*,*,*,*,*,*,*,*,*,*,*,*,*
62406489,1,,62406479;62406488;62406497;62406498,3,1,2,1,0,1,29,19,10,16,12,4,28,18,10,28,18,10,13,7,6,5,2,3,0,0,0,0,0,0,0,0,0,1,1,3,6,5,0,0,0,0,11,9,2,0,8,0,1,4
62406497,2,62406489,,3,2,1,*,*,*,*,*,*,*,*,*,*,*,*,*,*,*,*,*,*,*,*,*,*,*,*,*,*,*,*,*,*,1,1,*,*,*,*,*,*,*,*,*,*,*,*,*,*,*
62406498,2,62406489,,7,4,3,*,*,*,*,*,*,*,*,*,*,*,*,*,*,*,*,*,*,*,*,*,*,*,*,*,*,*,*,*,*,3,3,*,*,*,*,*,*,*,*,*,*,*,*,*,*,*
62406500,0,,,19,8,11,7,2,5,12,6,6,9,4,5,10,5,5,10,5,5,3,2,1,2,1,1,1,1,0,0,0,0,0,0,0,5,5,1,1,0,1,0,2,0,4,3,1,1,3,0,1,1
62406501,0,,,121,58,63,8,3,5,113,55,58,71,34,37,107,51,56,105,51,54,42,21,21,18,7,11,6,1,5,0,0,0,0,0,0,46,46,15,9,9,8,2,2,1,31,21,10,5,30,0,8,3
62406502,0,,,49,24,25,10,8,2,39,16,23,27,11,16,39,16,23,39,16,23,12,5,7,2,0,2,1,0,1,0,0,0,0,0,0,22,22,5,9,6,2,0,0,0,17,17,0,3,8,0,2,3
62406503,0,,,63,26,37,8,4,4,55,22,33,27,10,17,52,22,30,51,21,30,28,12,16,11,6,5,3,1,2,0,0,0,0,0,0,26,26,7,8,7,2,1,1,0,19,16,3,0,17,0,5,5
62406505,0,,,272,106,166,16,10,6,256,96,160,105,50,55,252,94,158,249,94,155,151,46,105,103,24,79,64,8,56,13,0,13,0,0,0,86,85,14,37,22,11,0,1,0,71,67,4,6,52,0,9,17
62406506,0,,,131,79,52,22,10,12,109,69,40,93,61,32,105,67,38,104,66,38,16,8,8,6,1,5,1,0,1,0,0,0,0,0,0,31,30,4,7,8,7,3,1,0,26,25,1,10,8,0,3,2
62406507,0,,,89,38,51,6,2,4,83,36,47,50,22,28,83,36,47,83,36,47,33,14,19,20,9,11,6,3,3,1,1,0,0,0,0,40,40,8,20,7,5,0,0,0,32,24,8,4,19,1,4,6
62406508,0,,,3187,1535,1652,502,257,245,2662,1267,1395,1985,970,1015,2526,1191,1335,2471,1163,1308,677,297,380,316,118,198,117,37,80,16,3,13,2,0,2,1280,1274,338,422,256,183,57,15,3,914,840,74,119,395,46,95,143
62406509,0,,,2523,1113,1410,472,240,232,2023,860,1163,1250,617,633,1999,850,1149,1989,844,1145,773,243,530,568,136,432,333,60,273,56,7,49,1,1,0,695,683,156,190,155,133,39,9,1,511,481,30,204,114,34,30,33
62406510,0,,,264,125,139,26,15,11,238,110,128,130,63,67,233,108,125,230,108,122,108,47,61,50,18,32,19,3,16,1,0,1,0,0,0,111,111,28,47,16,11,7,0,2,82,66,16,3,76,0,20,19
62406511,0,,,32,15,17,3,3,0,29,12,17,16,8,8,28,11,17,27,10,17,13,4,9,5,1,4,1,0,1,0,0,0,0,0,0,16,16,6,5,4,1,0,0,0,10,7,3,2,11,0,5,2
62406512,0,,,180,75,105,13,6,7,167,69,98,97,44,53,163,66,97,161,66,95,70,25,45,44,13,31,10,0,10,0,0,0,0,0,0,74,74,13,33,15,9,4,0,0,60,47,13,6,47,0,10,16
62406513,0,,,21,12,9,1,1,0,20,11,9,8,5,3,19,10,9,19,10,9,12,6,6,3,2,1,1,0,1,0,0,0,0,0,0,7,7,1,2,2,1,0,1,0,6,4,2,0,6,0,1,1
62406514,0,,,512,259,253,132,73,59,380,186,194,293,147,146,360,174,186,353,171,182,87,39,48,40,17,23,13,4,9,1,0,1,0,0,0,163,163,13,50,34,43,16,4,3,148,132,16,39,55,0,8,14
62406515,0,,,90,41,49,13,9,4,77,32,45,46,22,24,76,32,44,76,32,44,31,10,21,11,1,10,4,1,3,0,0,0,0,0,0,33,33,8,7,6,11,0,1,0,25,18,7,6,20,0,7,2
62406516,0,,,77,37,40,2,1,1,75,36,39,38,23,15,72,34,38,70,32,38,37,13,24,23,7,16,9,2,7,0,0,0,0,0,0,29,29,6,10,4,6,3,0,0,23,16,7,1,23,0,5,6
62406517,0,,,3193,1509,1684,474,247,227,2713,1260,1453,1785,875,910,2637,1218,1419,2608,1203,1405,928,385,543,452,172,280,166,48,118,20,2,18,12,3,9,1331,1329,356,499,236,166,59,9,4,957,877,80,134,556,40,146,208
62406518,0,,,3082,1447,1635,398,211,187,2665,1224,1441,1688,792,896,2583,1180,1403,2537,1151,1386,977,432,545,447,182,265,151,54,97,12,3,9,5,3,2,1286,1283,310,495,250,165,47,12,4,951,849,102,104,620,28,158,216
62406519,0,,,263,100,163,18,10,8,245,90,155,73,38,35,243,89,154,240,87,153,172,52,120,142,39,103,97,24,73,20,2,18,0,0,0,59,58,12,24,11,8,3,0,0,46,39,7,7,33,0,5,11
62406520,0,,,80,38,42,5,2,3,75,36,39,41,22,19,72,35,37,68,33,35,34,14,20,20,9,11,8,4,4,0,0,0,0,0,0,35,35,11,15,2,3,3,1,0,24,19,5,2,23,0,7,10
62406521,0,,,50,27,23,0,0,0,50,27,23,30,17,13,50,27,23,49,26,23,20,10,10,9,5,4,4,3,1,0,0,0,0,0,0,22,22,8,7,2,3,2,0,0,14,10,4,0,15,1,6,4
62406522,0,,,159,71,88,15,11,4,144,60,84,66,28,38,141,59,82,141,59,82,78,32,46,31,11,20,11,2,9,1,0,1,0,0,0,54,54,12,17,10,7,2,1,5,42,25,17,4,48,0,10,7
62406523,0,,,269,129,140,37,19,18,232,110,122,147,74,73,228,107,121,222,102,120,85,36,49,40,15,25,17,2,15,3,0,3,0,0,0,107,106,25,31,33,12,3,2,0,80,68,12,7,50,0,14,16
62406524,0,,,194,93,101,68,40,28,126,53,73,101,42,59,117,49,68,115,48,67,25,11,14,11,5,6,4,2,2,1,1,0,0,0,0,63,63,7,14,17,17,8,0,0,56,54,2,19,17,0,6,5
62406525,0,,,68,38,30,10,8,2,58,30,28,36,17,19,56,29,27,56,29,27,22,13,9,7,2,5,5,2,3,2,1,1,0,0,0,25,25,5,7,10,0,1,1,1,20,15,5,2,14,0,4,2
62406526,0,,,47,17,30,9,3,6,38,14,24,17,7,10,36,13,23,36,13,23,21,7,14,9,2,7,4,1,3,0,0,0,0,0,0,18,18,5,8,0,3,1,0,1,13,10,3,1,15,0,3,4
62406527,0,,,2445,1132,1313,276,137,139,2168,994,1174,1371,646,725,2114,966,1148,2080,953,1127,797,348,449,408,162,246,134,47,87,11,4,7,12,0,12,1127,1126,365,418,189,115,31,8,0,752,677,75,86,550,40,172,169
62406528,0,,,2948,1368,1580,379,209,170,2557,1152,1405,1685,788,897,2453,1098,1355,2389,1060,1329,872,364,508,389,150,239,105,36,69,6,2,4,3,1,2,1229,1227,290,485,228,154,52,13,5,919,844,75,90,589,9,153,209
62406529,0,,,235,117,118,17,10,7,218,107,111,149,76,73,211,105,106,203,101,102,69,31,38,36,14,22,10,3,7,1,0,1,0,0,0,101,101,26,35,25,11,4,0,0,71,63,8,1,47,2,15,12
62406530,2,62406540,,11,4,7,*,*,*,*,*,*,*,*,*,*,*,*,*,*,*,*,*,*,*,*,*,*,*,*,*,*,*,*,*,*,3,3,*,*,*,*,*,*,*,*,*,*,*,*,*,*,*
62406531,0,,,33,12,21,1,0,1,32,12,20,16,6,10,32,12,20,32,12,20,16,6,10,4,1,3,2,1,1,1,0,1,0,0,0,13,13,3,4,3,2,1,0,0,10,6,4,0,11,0,3,1
62406532,0,,,50,31,19,4,2,2,46,29,17,24,17,7,46,29,17,45,28,17,22,12,10,9,5,4,4,2,2,0,0,0,0,0,0,22,22,6,8,5,2,1,0,0,16,13,3,1,14,0,4,4
62406533,0,,,132,59,73,7,4,3,125,55,70,62,28,34,122,53,69,121,52,69,63,27,36,33,10,23,14,3,11,3,2,1,1,1,0,46,45,10,15,11,5,2,2,0,35,29,6,1,31,0,7,10
62406534,0,,,74,34,40,9,7,2,65,27,38,40,16,24,61,25,36,59,25,34,25,11,14,12,5,7,5,1,4,0,0,0,0,0,0,21,21,2,6,3,3,5,0,2,19,7,12,3,15,0,1,4
62406535,0,,,34,17,17,1,1,0,33,16,17,14,4,10,33,16,17,33,16,17,19,12,7,14,7,7,5,3,2,0,0,0,0,0,0,13,13,4,2,4,2,0,1,0,9,6,3,1,12,0,3,1
62406536,0,,,245,78,167,6,2,4,239,76,163,52,27,25,237,74,163,235,73,162,187,49,138,149,32,117,105,19,86,17,3,14,0,0,0,36,34,5,14,3,5,6,0,1,29,21,8,1,25,0,4,5
62406537,0,,,3541,1643,1898,493,247,246,3048,1396,1652,1978,931,1047,2948,1351,1597,2901,1330,1571,1070,465,605,504,200,304,156,54,102,9,3,6,3,3,0,1487,1486,370,566,283,189,61,11,6,1108,994,114,130,694,28,169,261
62406538,0,,,1602,749,853,217,102,115,1383,645,738,947,449,498,1342,628,714,1316,612,704,436,196,240,197,80,117,54,23,31,1,0,1,2,1,1,671,670,153,272,123,91,22,7,2,511,470,41,59,306,1,90,110
62406540,1,,62406530,106,52,54,5,2,3,112,54,58,60,30,30,109,51,58,107,50,57,52,24,28,26,11,15,6,2,4,0,0,0,0,0,0,44,44,16,12,9,4,3,2,1,31,23,8,2,35,0,12,5
62406541,0,,,307,141,166,55,25,30,252,116,136,166,83,83,244,111,133,240,108,132,86,33,53,54,18,36,36,10,26,5,0,5,0,0,0,93,92,10,28,27,18,7,2,0,82,70,12,12,32,0,2,10
62406542,0,,,430,175,255,25,17,8,405,158,247,180,81,99,398,153,245,388,148,240,225,77,148,177,50,127,117,27,90,21,4,17,1,1,0,110,106,20,41,22,13,7,2,1,84,73,11,7,46,1,9,13
62406543,0,,,78,38,40,6,3,3,72,35,37,38,21,17,70,34,36,70,34,36,34,14,20,12,6,6,3,0,3,0,0,0,0,0,0,30,30,7,9,9,3,0,0,2,23,19,4,0,23,0,6,4
62406544,0,,,63,30,33,5,3,2,58,27,31,29,14,15,57,27,30,57,27,30,29,13,16,8,4,4,5,1,4,1,1,0,0,0,0,24,24,5,8,7,2,1,0,1,19,14,5,1,17,1,2,6
62406546,0,,,610,268,342,68,40,28,542,228,314,365,143,222,530,222,308,524,218,306,177,85,92,58,21,37,14,2,12,1,0,1,45,0,45,305,305,125,101,44,28,4,2,1,178,161,17,20,122,27,36,46
62406547,0,,,2006,926,1080,388,195,193,1618,731,887,1122,528,594,1551,691,860,1518,675,843,496,203,293,259,106,153,77,18,59,7,3,4,16,0,16,766,763,164,245,158,146,38,6,6,597,542,55,98,324,19,88,99
62406548,1,,62406558,38,19,19,4,3,1,36,17,19,20,11,9,34,16,18,34,16,18,16,6,10,7,2,5,1,0,1,0,0,0,0,0,0,17,17,7,7,2,1,0,0,1,11,9,2,0,11,0,4,4
62406550,0,,,991,504,487,135,78,57,856,426,430,635,326,309,818,404,414,807,397,410,221,100,121,91,40,51,20,6,14,1,0,1,0,0,0,376,375,63,145,86,46,25,7,3,312,280,32,34,146,4,24,53
62406551,0,,,1974,908,1066,234,122,112,1740,786,954,1186,549,637,1693,757,936,1662,743,919,554,237,317,286,105,181,85,27,58,8,0,8,42,1,41,809,806,206,274,180,103,33,7,3,599,516,83,60,363,49,94,115
62406552,0,,,111,47,64,15,5,10,96,42,54,58,28,30,95,41,54,95,41,54,38,14,24,21,5,16,6,1,5,1,0,1,0,0,0,48,48,15,18,8,3,1,2,1,33,30,3,5,27,0,8,10
62406553,0,,,68,32,36,3,1,2,65,31,34,32,19,13,64,30,34,63,29,34,33,12,21,18,5,13,6,1,5,0,0,0,0,0,0,29,29,8,11,5,3,1,1,0,21,17,4,1,25,0,7,6
62406554,0,,,67,31,36,2,0,2,65,31,34,31,15,16,63,30,33,62,29,33,34,16,18,13,7,6,6,3,3,1,0,1,0,0,0,31,31,8,13,8,1,1,0,0,23,22,1,0,21,0,4,9
62406555,0,,,986,451,535,99,47,52,887,404,483,519,251,268,855,386,469,837,377,460,368,153,215,168,65,103,43,11,32,1,0,1,0,0,0,419,419,116,150,77,51,16,8,1,301,262,39,22,245,8,73,74
62406556,0,,,388,186,202,38,19,19,350,167,183,220,108,112,345,163,182,341,160,181,130,59,71,62,27,35,18,7,11,2,1,1,0,0,0,180,180,64,55,39,16,3,3,0,114,99,15,21,89,8,27,21
62406557,0,,,102,46,56,5,2,3,97,44,53,55,27,28,94,44,50,93,44,49,42,17,25,15,5,10,5,1,4,0,0,0,0,0,0,40,40,6,15,12,5,2,0,0,34,28,6,1,28,0,5,6
62406558,2,62406548,,2,1,1,*,*,*,*,*,*,*,*,*,*,*,*,*,*,*,*,*,*,*,*,*,*,*,*,*,*,*,*,*,*,1,1,*,*,*,*,*,*,*,*,*,*,*,*,*,*,*
62406560,0,,,799,375,424,88,39,49,711,336,375,460,236,224,676,311,365,659,301,358,251,100,151,131,40,91,50,11,39,5,1,4,0,0,0,298,296,63,120,58,41,8,5,1,231,216,15,25,135,3,34,50
62406561,0,,,1164,526,638,125,73,52,1039,453,586,641,290,351,997,429,568,983,421,562,398,163,235,191,72,119,58,19,39,5,1,4,31,0,31,547,546,199,193,74,56,15,8,1,342,310,32,28,275,39,105,91
62406562,0,,,103,51,52,5,2,3,98,49,49,56,30,26,95,47,48,94,47,47,42,19,23,18,7,11,6,2,4,0,0,0,0,0,0,47,47,13,20,7,6,1,0,0,34,31,3,0,28,0,6,7
62406563,0,,,83,40,43,6,5,1,77,35,42,43,18,25,74,35,39,72,34,38,34,17,17,16,6,10,6,1,5,0,0,0,0,0,0,33,33,6,15,9,0,1,0,2,27,20,7,0,24,0,5,7
62406564,0,,,471,234,237,50,31,19,421,203,218,232,117,115,411,201,210,405,196,209,189,86,103,93,43,50,28,13,15,1,0,1,0,0,0,206,205,56,81,38,19,7,4,0,149,138,11,12,128,2,37,45
62406565,0,,,3609,1664,1945,383,192,191,3226,1472,1754,2013,974,1039,3130,1417,1713,3086,1392,1694,1213,498,715,637,232,405,251,70,181,20,2,18,13,5,8,1553,1543,479,560,275,167,48,12,2,1045,956,89,108,700,51,205,248
62406566,1,,62406577,764,317,447,43,15,28,723,304,419,307,153,154,708,295,413,701,291,410,416,151,265,251,69,182,98,13,85,15,3,12,0,0,0,207,203,92,59,29,20,3,2,0,113,105,8,9,112,1,62,26
62406567,1,,62407601,20,8,12,1,1,0,27,11,16,20,10,10,25,10,15,23,9,14,7,1,6,5,0,5,2,0,2,0,0,0,0,0,0,9,9,4,3,2,3,0,0,0,8,6,2,0,6,0,2,1
62406570,0,,,280,132,148,26,14,12,254,118,136,174,81,93,246,115,131,239,113,126,80,37,43,41,18,23,14,6,8,0,0,0,0,0,0,116,116,32,39,20,17,6,2,0,83,73,10,6,58,0,18,16
62406571,0,,,407,180,227,45,26,19,362,154,208,200,84,116,351,148,203,345,146,199,162,70,92,82,31,51,29,11,18,3,0,3,0,0,0,168,168,30,80,28,22,5,2,1,136,116,20,10,100,3,14,37
62406572,0,,,118,59,59,5,2,3,113,57,56,70,39,31,109,55,54,107,54,53,43,18,25,19,8,11,6,3,3,0,0,0,0,0,0,47,47,11,12,15,7,2,0,0,36,26,10,1,32,0,6,4
62406573,0,,,26,12,14,2,1,1,24,11,13,15,7,8,23,10,13,23,10,13,9,4,5,4,2,2,3,2,1,0,0,0,0,0,0,9,9,0,3,5,0,1,0,0,9,8,1,1,5,0,0,2
62406574,0,,,1722,799,923,275,134,141,1447,665,782,986,468,518,1402,646,756,1382,632,750,461,197,264,200,74,126,63,21,42,2,0,2,0,0,0,718,715,199,230,137,114,25,10,0,511,470,41,85,319,18,98,107
62406575,0,,,2448,1089,1359,254,137,117,2194,952,1242,1239,582,657,2119,910,1209,2089,895,1194,955,370,585,529,182,347,213,57,156,23,5,18,5,2,3,1019,1005,300,388,177,96,35,6,3,704,641,63,70,526,16,164,190
62406576,1,,62406587,276,106,170,23,15,8,255,92,163,68,42,26,237,83,154,233,81,152,187,50,137,158,37,121,110,21,89,23,3,20,0,0,0,32,29,11,12,2,2,3,0,1,20,17,3,2,18,0,5,3
62406577,2,62406566,,2,2,0,*,*,*,*,*,*,*,*,*,*,*,*,*,*,*,*,*,*,*,*,*,*,*,*,*,*,*,*,*,*,2,2,*,*,*,*,*,*,*,*,*,*,*,*,*,*,*
62406580,0,,,15,9,6,2,2,0,13,7,6,10,5,5,13,7,6,12,7,5,3,2,1,1,0,1,1,0,1,0,0,0,0,0,0,6,6,2,1,1,2,0,0,0,4,4,0,2,3,0,2,0
62406581,0,,,538,252,286,71,40,31,467,212,255,304,146,158,450,202,248,432,194,238,163,66,97,84,30,54,28,8,20,2,1,1,0,0,0,228,228,63,78,49,23,11,3,1,165,148,17,26,110,2,37,37
62406582,0,,,99,45,54,4,2,2,95,43,52,61,27,34,94,43,51,93,42,51,34,16,18,21,8,13,7,2,5,0,0,0,0,0,0,37,37,8,17,3,2,3,3,1,29,20,9,1,28,0,6,3
62406584,0,,,471,200,271,39,21,18,432,179,253,232,101,131,417,171,246,411,169,242,200,78,122,85,34,51,29,11,18,3,1,2,0,0,0,205,205,60,75,41,17,6,4,2,144,121,23,12,141,3,43,32
62406585,0,,,546,249,297,54,24,30,492,225,267,333,158,175,471,213,258,459,205,254,159,67,92,72,27,45,21,9,12,1,1,0,1,1,0,238,238,63,83,58,28,5,1,0,174,154,20,15,110,5,28,31
62406587,2,62406576,,2,1,1,*,*,*,*,*,*,*,*,*,*,*,*,*,*,*,*,*,*,*,*,*,*,*,*,*,*,*,*,*,*,2,2,*,*,*,*,*,*,*,*,*,*,*,*,*,*,*
62406590,2,62406591,,1,0,1,*,*,*,*,*,*,*,*,*,*,*,*,*,*,*,*,*,*,*,*,*,*,*,*,*,*,*,*,*,*,1,1,*,*,*,*,*,*,*,*,*,*,*,*,*,*,*
62406591,1,,62406590,86,36,50,4,1,3,83,35,48,38,15,23,81,34,47,81,34,47,45,20,25,21,6,15,12,2,10,2,0,2,0,0,0,38,38,14,11,7,6,0,1,0,25,18,7,0,31,0,12,5
62406593,2,62406594,,2,2,0,*,*,*,*,*,*,*,*,*,*,*,*,*,*,*,*,*,*,*,*,*,*,*,*,*,*,*,*,*,*,2,2,*,*,*,*,*,*,*,*,*,*,*,*,*,*,*
62406594,1,,62406593,735,335,400,60,32,28,677,305,372,450,211,239,650,286,364,634,281,353,227,94,133,105,40,65,26,9,17,1,0,1,5,5,0,320,318,79,142,52,36,8,2,1,237,216,21,9,153,5,34,64
62406595,0,,,197,98,99,18,11,7,179,87,92,105,52,53,177,85,92,174,84,90,74,35,39,22,12,10,5,1,4,1,1,0,1,1,0,93,93,26,44,14,5,3,1,0,65,57,8,3,49,1,16,17
62406600,0,,,128,62,66,7,4,3,121,58,63,79,43,36,116,54,62,114,53,61,42,15,27,21,6,15,2,0,2,0,0,0,0,0,0,54,54,15,17,14,4,3,1,0,39,32,7,2,28,1,6,9
62406601,0,,,614,273,341,30,17,13,577,249,328,285,170,115,567,244,323,527,212,315,292,79,213,219,47,172,125,20,105,17,2,15,1,0,1,255,253,141,57,31,17,3,3,1,109,92,17,9,91,50,20,27
62406602,0,,,694,328,366,54,28,26,636,298,338,464,224,240,617,291,326,602,282,320,172,74,98,64,22,42,12,4,8,1,0,1,0,0,0,281,281,53,110,66,41,9,0,2,224,202,22,11,119,1,29,37
62406603,0,,,872,423,449,81,42,39,780,376,404,565,276,289,752,361,391,737,354,383,215,100,115,63,28,35,9,2,7,0,0,0,3,3,0,384,384,111,144,74,39,9,3,4,259,248,11,15,147,2,42,49
62406611,0,,,148,83,65,5,1,4,137,77,60,82,50,32,133,76,57,120,64,56,55,27,28,24,8,16,3,1,2,1,0,1,0,0,0,96,95,63,17,11,3,1,0,0,31,25,6,1,44,9,22,8
62406612,0,,,73,38,35,1,1,0,72,37,35,44,24,20,71,36,35,70,35,35,28,13,15,14,7,7,5,3,2,1,1,0,0,0,0,38,28,6,12,7,3,0,0,0,22,21,1,1,15,1,3,2
62406620,0,,,12,5,7,1,0,1,11,5,6,3,1,2,11,5,6,11,5,6,8,4,4,0,0,0,0,0,0,0,0,0,0,0,0,5,5,0,4,0,1,0,0,0,5,4,1,0,5,0,0,3
62406621,0,,,169,92,77,10,6,4,158,85,73,104,59,45,155,84,71,154,83,71,54,26,28,24,7,17,6,1,5,0,0,0,0,0,0,82,82,36,21,13,8,4,0,0,44,36,8,3,41,1,15,7
62406622,0,,,302,129,173,22,13,9,278,115,163,148,68,80,273,113,160,269,110,159,130,47,83,72,19,53,36,7,29,3,0,3,0,0,0,111,109,23,47,20,8,9,1,1,84,68,16,4,65,0,14,20
62406630,0,,,293,77,216,3,2,1,290,75,215,14,4,10,290,75,215,289,75,214,276,71,205,256,59,197,173,37,136,34,8,26,0,0,0,9,5,1,1,2,0,1,0,0,4,4,0,1,2,0,0,1
62406632,0,,,126,67,59,12,8,4,114,59,55,72,40,32,111,58,53,109,56,53,42,19,23,9,2,7,2,0,2,0,0,0,0,0,0,53,53,12,26,6,6,1,1,1,40,35,5,3,29,0,8,11
62406713,2,62406779,,3,0,3,*,*,*,*,*,*,*,*,*,*,*,*,*,*,*,*,*,*,*,*,*,*,*,*,*,*,*,*,*,*,1,1,*,*,*,*,*,*,*,*,*,*,*,*,*,*,*
62406777,2,62406787,,2,1,1,*,*,*,*,*,*,*,*,*,*,*,*,*,*,*,*,*,*,*,*,*,*,*,*,*,*,*,*,*,*,1,1,*,*,*,*,*,*,*,*,*,*,*,*,*,*,*
62406779,1,,62406713,128,60,68,7,3,4,124,57,67,75,39,36,120,54,66,117,53,64,49,18,31,22,7,15,7,1,6,0,0,0,0,0,0,54,54,17,17,11,6,2,1,1,37,26,11,0,34,1,6,7
62406787,1,,62406777,398,190,208,47,17,30,353,174,179,212,107,105,345,168,177,340,165,175,141,67,74,62,26,36,19,9,10,0,0,0,0,0,0,168,168,49,60,29,19,8,1,3,120,108,12,11,94,2,30,30
62406788,0,,,312,118,194,16,9,7,295,108,187,134,56,78,295,108,187,293,106,187,161,52,109,102,23,79,51,12,39,7,2,5,17,0,17,134,133,59,44,18,4,4,3,1,74,61,13,4,82,14,28,21
62406789,0,,,110,52,58,11,5,6,99,47,52,54,27,27,96,46,50,96,46,50,45,20,25,29,10,19,13,4,9,0,0,0,0,0,0,44,44,11,16,9,5,0,1,2,33,25,8,5,32,0,9,7
62406796,0,,,97,41,56,2,1,1,95,40,55,46,21,25,94,39,55,94,39,55,49,19,30,29,10,19,5,1,4,0,0,0,0,0,0,52,52,23,20,4,3,2,0,0,27,23,4,1,35,0,14,13
62406797,0,,,249,105,144,19,10,9,230,95,135,106,52,54,225,94,131,221,94,127,124,43,81,77,24,53,37,8,29,5,0,5,0,0,0,95,93,20,40,15,14,1,3,0,73,60,13,2,67,0,15,24
62407099,0,,,29,9,20,0,0,0,29,9,20,12,5,7,29,9,20,28,8,20,17,4,13,15,4,11,4,1,3,1,0,1,0,0,0,18,18,9,7,2,0,0,0,0,9,9,0,0,13,0,7,3
62407101,0,,,390,189,201,31,12,19,353,174,179,254,134,120,344,171,173,336,164,172,99,40,59,46,19,27,16,4,12,0,0,0,0,0,0,187,183,87,43,34,15,3,0,1,92,80,12,11,64,17,18,20
62407102,0,,,129,60,69,5,5,0,124,55,69,56,37,19,124,55,69,123,54,69,68,18,50,60,12,48,37,6,31,10,2,8,2,1,1,31,28,24,2,0,2,0,0,0,4,4,0,1,4,9,3,0
62407104,0,,,16,7,9,0,0,0,16,7,9,9,3,6,16,7,9,16,7,9,7,4,3,0,0,0,0,0,0,0,0,0,0,0,0,7,7,1,3,3,0,0,0,0,6,6,0,0,5,0,1,1
62407105,0,,,68,31,37,1,1,0,67,30,37,37,19,18,64,28,36,63,27,36,30,11,19,22,7,15,7,1,6,0,0,0,0,0,0,31,31,7,16,5,2,0,1,0,24,19,5,0,21,0,6,8
62407106,0,,,229,107,122,30,17,13,199,90,109,144,62,82,188,89,99,186,89,97,55,28,27,22,9,13,5,2,3,0,0,0,0,0,0,104,104,30,45,17,6,4,1,1,74,69,5,7,37,2,9,16
62407107,0,,,797,373,424,91,47,44,706,326,380,417,205,212,689,317,372,679,310,369,289,121,168,132,49,83,36,12,24,6,1,5,9,1,8,393,390,151,144,54,32,8,0,1,239,226,13,25,185,16,70,74
62407108,0,,,230,109,121,37,22,15,193,87,106,121,63,58,190,86,104,187,83,104,72,24,48,48,14,34,25,6,19,5,0,5,3,2,1,97,96,32,31,19,11,3,0,0,62,59,3,4,38,2,14,12
62407112,0,,,40,18,22,3,1,2,37,17,20,20,9,11,36,17,19,35,17,18,17,8,9,10,4,6,2,2,0,0,0,0,0,0,0,17,17,2,11,1,2,1,0,0,15,12,3,0,11,0,1,6
62407113,1,,62407123,74,34,40,8,2,6,68,33,35,29,13,16,68,33,35,66,32,34,39,20,19,18,11,7,3,2,1,0,0,0,0,0,0,28,28,6,13,4,2,2,1,1,23,19,4,1,24,0,6,7
62407114,0,,,30,14,16,3,1,2,27,13,14,14,7,7,27,13,14,27,13,14,13,6,7,7,2,5,4,1,3,0,0,0,0,0,0,13,13,4,4,3,1,1,0,0,9,7,2,1,9,0,4,2
62407115,0,,,36,21,15,1,1,0,35,20,15,17,10,7,33,18,15,32,18,14,18,10,8,4,2,2,0,0,0,0,0,0,0,0,0,16,16,4,7,2,3,0,0,0,12,11,1,0,12,1,2,5
62407116,0,,,106,50,56,5,4,1,101,46,55,52,26,26,99,45,54,97,44,53,49,20,29,29,13,16,9,5,4,0,0,0,0,0,0,42,42,5,18,13,4,2,0,0,37,29,8,2,32,0,5,10
62407117,0,,,225,115,110,33,22,11,192,93,99,117,57,60,188,91,97,184,87,97,75,36,39,29,15,14,6,2,4,1,0,1,2,0,2,98,98,24,42,16,11,5,0,0,73,69,4,12,46,2,8,24
62407118,0,,,138,50,88,3,1,2,135,49,86,30,17,13,134,48,86,132,47,85,105,32,73,76,16,60,58,10,48,14,1,13,0,0,0,36,34,8,16,7,2,1,0,0,26,22,4,0,23,0,5,10
62407119,0,,,43,21,22,2,0,2,41,21,20,25,13,12,41,21,20,41,21,20,16,8,8,9,5,4,4,2,2,1,1,0,0,0,0,19,19,5,8,3,2,1,0,0,14,12,2,0,9,0,0,4
62407121,0,,,130,57,73,12,6,6,118,51,67,54,20,34,116,51,65,115,51,64,64,31,33,34,15,19,9,3,6,2,1,1,0,0,0,64,64,22,28,7,4,3,0,0,42,38,4,2,42,1,13,22
62407122,0,,,198,91,107,16,5,11,181,85,96,108,55,53,175,80,95,171,79,92,73,30,43,37,12,25,15,3,12,1,1,0,1,0,1,88,88,30,33,11,3,9,2,0,58,48,10,0,51,1,17,17
62407123,2,62407113,,2,1,1,*,*,*,*,*,*,*,*,*,*,*,*,*,*,*,*,*,*,*,*,*,*,*,*,*,*,*,*,*,*,1,1,*,*,*,*,*,*,*,*,*,*,*,*,*,*,*
62407124,0,,,10,6,4,0,0,0,10,6,4,3,2,1,10,6,4,10,6,4,7,4,3,2,1,1,0,0,0,0,0,0,0,0,0,5,5,2,1,2,0,0,0,0,3,3,0,0,4,0,1,1
62407125,0,,,65,29,36,4,4,0,61,25,36,25,9,16,61,25,36,61,25,36,36,16,20,18,5,13,10,2,8,0,0,0,0,0,0,29,29,10,10,6,1,0,1,1,19,13,6,2,22,1,6,6
62407126,0,,,16,10,6,0,0,0,16,10,6,7,5,2,16,10,6,16,10,6,9,5,4,5,3,2,1,1,0,0,0,0,0,0,0,9,9,3,5,1,0,0,0,0,6,6,0,0,5,0,0,3
62407129,0,,,37,18,19,2,1,1,35,17,18,10,5,5,35,17,18,35,17,18,25,12,13,13,6,7,8,2,6,1,0,1,0,0,0,18,18,4,12,1,0,0,1,0,14,11,3,1,16,0,3,4
62407131,0,,,9,4,5,0,0,0,9,4,5,3,2,1,9,4,5,9,4,5,6,2,4,5,2,3,2,1,1,0,0,0,0,0,0,6,6,4,1,1,0,0,0,0,2,1,1,0,5,0,3,1
62407134,0,,,41,19,22,0,0,0,41,19,22,15,7,8,41,19,22,40,19,21,26,12,14,13,5,8,2,0,2,1,0,1,0,0,0,21,21,7,8,6,0,0,0,0,14,13,1,0,17,0,5,6
62407139,0,,,32,14,18,4,2,2,28,12,16,11,5,6,27,12,15,27,12,15,17,7,10,11,4,7,4,1,3,0,0,0,0,0,0,13,13,3,4,3,3,0,0,0,10,6,4,1,12,0,3,3
62407140,0,,,129,55,74,22,8,14,107,47,60,60,25,35,103,47,56,101,46,55,47,22,25,21,10,11,6,3,3,0,0,0,0,0,0,48,48,7,21,8,7,4,0,1,40,36,4,9,28,0,6,14
62407145,0,,,22,9,13,2,0,2,20,9,11,10,5,5,20,9,11,20,9,11,10,4,6,6,2,4,2,1,1,0,0,0,0,0,0,12,12,6,4,0,2,0,0,0,6,6,0,0,9,0,6,2
62407146,0,,,10,6,4,0,0,0,10,6,4,2,1,1,10,6,4,10,6,4,8,5,3,3,2,1,2,1,1,0,0,0,0,0,0,5,5,2,1,2,0,0,0,0,3,2,1,0,5,0,2,1
62407150,0,,,244,110,134,18,9,9,226,101,125,126,61,65,220,98,122,214,95,119,100,40,60,38,14,24,6,3,3,1,1,0,0,0,0,125,125,45,56,13,7,4,0,0,80,77,3,1,73,1,27,28
62407155,1,,62407165,67,30,37,6,4,2,67,30,37,35,18,17,67,30,37,66,29,37,32,12,20,16,5,11,6,1,5,0,0,0,0,0,0,29,29,10,13,3,3,2,1,0,22,18,4,2,22,0,8,6
62407156,1,,62407166,15,7,8,0,0,0,17,8,9,4,2,2,17,8,9,17,8,9,13,6,7,10,4,6,3,1,2,0,0,0,0,0,0,8,8,2,6,1,0,0,0,0,7,7,0,0,8,0,2,5
62407160,0,,,776,355,421,74,38,36,702,317,385,376,183,193,673,305,368,660,299,361,326,134,192,181,73,108,65,21,44,1,0,1,0,0,0,360,360,130,123,56,32,13,4,2,228,197,31,21,235,5,99,73
62407161,1,,62407162,680,309,371,71,30,41,613,281,332,380,182,198,591,269,322,574,260,314,233,99,134,126,47,79,36,10,26,5,1,4,1,0,1,326,326,120,122,40,32,12,2,0,204,191,13,19,168,12,70,56
62407162,2,62407161,,4,2,2,*,*,*,*,*,*,*,*,*,*,*,*,*,*,*,*,*,*,*,*,*,*,*,*,*,*,*,*,*,*,2,2,*,*,*,*,*,*,*,*,*,*,*,*,*,*,*
62407163,0,,,10,5,5,0,0,0,10,5,5,2,0,2,10,5,5,10,5,5,8,5,3,5,3,2,1,0,1,1,0,1,0,0,0,5,5,1,3,1,0,0,0,0,4,4,0,0,5,0,1,2
62407164,0,,,74,36,38,7,4,3,67,32,35,23,12,11,67,32,35,66,31,35,44,20,24,30,12,18,9,2,7,1,1,0,0,0,0,34,34,10,16,5,0,1,2,0,24,20,4,1,29,0,9,11
62407165,2,62407155,,6,4,2,*,*,*,*,*,*,*,*,*,*,*,*,*,*,*,*,*,*,*,*,*,*,*,*,*,*,*,*,*,*,3,3,*,*,*,*,*,*,*,*,*,*,*,*,*,*,*
62407166,2,62407156,,2,1,1,*,*,*,*,*,*,*,*,*,*,*,*,*,*,*,*,*,*,*,*,*,*,*,*,*,*,*,*,*,*,1,1,*,*,*,*,*,*,*,*,*,*,*,*,*,*,*
62407170,0,,,228,112,116,28,17,11,200,95,105,117,57,60,193,91,102,187,89,98,83,38,45,42,18,24,11,1,10,1,0,1,5,0,5,105,105,35,40,13,13,2,2,0,69,59,10,3,53,7,13,20
62407171,0,,,146,65,81,8,5,3,138,60,78,54,26,28,134,57,77,131,57,74,84,34,50,26,9,17,4,2,2,0,0,0,5,0,5,76,76,33,30,3,7,2,1,0,43,39,4,2,57,4,24,22
62407176,1,,62407177;62407197,30,15,15,1,1,0,34,15,19,11,4,7,34,15,19,34,15,19,23,11,12,13,7,6,4,2,2,0,0,0,0,0,0,13,13,4,9,0,2,1,0,0,12,10,2,0,14,0,3,6
62407177,2,62407176,,1,0,1,*,*,*,*,*,*,*,*,*,*,*,*,*,*,*,*,*,*,*,*,*,*,*,*,*,*,*,*,*,*,1,1,*,*,*,*,*,*,*,*,*,*,*,*,*,*,*
62407190,0,,,69,30,39,3,1,2,66,29,37,34,14,20,66,29,37,64,29,35,32,15,17,15,7,8,5,3,2,0,0,0,0,0,0,34,34,13,12,6,2,0,1,0,21,18,3,0,24,0,10,9
62407193,2,62407195,,2,1,1,*,*,*,*,*,*,*,*,*,*,*,*,*,*,*,*,*,*,*,*,*,*,*,*,*,*,*,*,*,*,1,1,*,*,*,*,*,*,*,*,*,*,*,*,*,*,*
62407194,2,62407195,,4,2,2,*,*,*,*,*,*,*,*,*,*,*,*,*,*,*,*,*,*,*,*,*,*,*,*,*,*,*,*,*,*,2,2,*,*,*,*,*,*,*,*,*,*,*,*,*,*,*
62407195,1,,62407193;62407194;62407196,13,6,7,0,0,0,23,10,13,11,6,5,21,9,12,21,9,12,12,4,8,7,3,4,0,0,0,0,0,0,2,0,2,5,5,3,6,1,0,1,0,0,8,7,1,0,8,1,1,3
62407196,2,62407195,,4,1,3,*,*,*,*,*,*,*,*,*,*,*,*,*,*,*,*,*,*,*,*,*,*,*,*,*,*,*,*,*,*,3,3,*,*,*,*,*,*,*,*,*,*,*,*,*,*,*
62407197,2,62407176,,4,1,3,*,*,*,*,*,*,*,*,*,*,*,*,*,*,*,*,*,*,*,*,*,*,*,*,*,*,*,*,*,*,2,2,*,*,*,*,*,*,*,*,*,*,*,*,*,*,*
62407202,1,,62407203,46,24,22,3,3,0,50,26,24,23,13,10,48,24,24,47,23,24,27,13,14,14,6,8,8,3,5,0,0,0,0,0,0,16,16,4,4,6,0,2,1,1,14,8,6,1,16,0,4,2
62407203,2,62407202,,7,5,2,*,*,*,*,*,*,*,*,*,*,*,*,*,*,*,*,*,*,*,*,*,*,*,*,*,*,*,*,*,*,2,2,*,*,*,*,*,*,*,*,*,*,*,*,*,*,*
62407204,2,62407214,,4,3,1,*,*,*,*,*,*,*,*,*,*,*,*,*,*,*,*,*,*,*,*,*,*,*,*,*,*,*,*,*,*,2,2,*,*,*,*,*,*,*,*,*,*,*,*,*,*,*
62407207,2,62407216,,3,2,1,*,*,*,*,*,*,*,*,*,*,*,*,*,*,*,*,*,*,*,*,*,*,*,*,*,*,*,*,*,*,1,1,*,*,*,*,*,*,*,*,*,*,*,*,*,*,*
62407213,0,,,16,7,9,0,0,0,16,7,9,6,3,3,16,7,9,16,7,9,10,4,6,6,2,4,1,0,1,0,0,0,0,0,0,10,10,4,6,0,0,0,0,0,6,6,0,0,7,0,3,2
62407214,1,,62407204,20,10,10,5,3,2,19,10,9,12,6,6,18,10,8,18,10,8,7,4,3,3,2,1,1,1,0,0,0,0,0,0,0,7,7,2,4,1,0,1,1,0,7,6,1,2,4,0,1,2
62407215,2,62407216,,4,2,2,*,*,*,*,*,*,*,*,*,*,*,*,*,*,*,*,*,*,*,*,*,*,*,*,*,*,*,*,*,*,2,2,*,*,*,*,*,*,*,*,*,*,*,*,*,*,*
62407216,1,,62407207;62407215;62407217,60,29,31,2,1,1,69,34,35,35,19,16,69,34,35,66,32,34,34,15,19,19,6,13,10,2,8,0,0,0,0,0,0,25,25,6,11,10,2,1,0,0,24,18,6,1,21,0,4,5
62407217,2,62407216,,4,2,2,*,*,*,*,*,*,*,*,*,*,*,*,*,*,*,*,*,*,*,*,*,*,*,*,*,*,*,*,*,*,2,2,*,*,*,*,*,*,*,*,*,*,*,*,*,*,*
62407218,0,,,15,7,8,0,0,0,15,7,8,7,2,5,15,7,8,15,7,8,8,5,3,2,1,1,0,0,0,0,0,0,0,0,0,7,7,1,4,2,0,0,0,0,6,6,0,0,5,0,0,2
62407219,0,,,25,11,14,1,1,0,24,10,14,11,5,6,23,9,14,23,9,14,13,5,8,8,3,5,2,0,2,0,0,0,0,0,0,11,11,2,6,2,0,1,0,0,9,7,2,0,9,0,2,3
62407224,0,,,12,6,6,0,0,0,12,6,6,5,3,2,12,6,6,12,6,6,7,3,4,4,2,2,1,0,1,0,0,0,0,0,0,4,4,1,0,2,0,1,0,0,3,2,1,0,4,0,1,0
62407225,0,,,217,104,113,23,13,10,194,91,103,115,56,59,192,89,103,191,89,102,79,35,44,38,13,25,12,3,9,2,0,2,8,0,8,110,110,41,43,16,8,2,0,0,69,67,2,4,55,9,16,23
62407226,1,,62407227;62407236,36,17,19,2,0,2,44,23,21,28,16,12,41,20,21,41,20,21,16,7,9,6,2,4,3,0,3,0,0,0,0,0,0,13,13,2,4,6,2,2,0,0,14,9,5,1,11,0,1,2
62407227,2,62407226,,6,3,3,*,*,*,*,*,*,*,*,*,*,*,*,*,*,*,*,*,*,*,*,*,*,*,*,*,*,*,*,*,*,2,2,*,*,*,*,*,*,*,*,*,*,*,*,*,*,*
62407228,2,62407229,,3,2,1,*,*,*,*,*,*,*,*,*,*,*,*,*,*,*,*,*,*,*,*,*,*,*,*,*,*,*,*,*,*,2,2,*,*,*,*,*,*,*,*,*,*,*,*,*,*,*
62407229,1,,62407228;62407239,55,25,30,1,1,0,58,27,31,23,12,11,56,25,31,55,24,31,35,15,20,21,9,12,8,4,4,0,0,0,0,0,0,26,26,10,12,3,4,0,0,0,19,15,4,0,23,0,8,8
62407230,0,,,50,19,31,2,2,0,48,17,31,14,8,6,47,17,30,46,16,30,34,9,25,26,6,20,13,1,12,0,0,0,0,0,0,16,14,2,7,4,0,1,0,0,12,10,2,0,9,0,1,5
62407236,2,62407226,,4,3,1,*,*,*,*,*,*,*,*,*,*,*,*,*,*,*,*,*,*,*,*,*,*,*,*,*,*,*,*,*,*,1,1,*,*,*,*,*,*,*,*,*,*,*,*,*,*,*
62407237,1,,62407238;62407248;62407258;62407259,14,5,9,4,2,2,29,14,15,16,7,9,29,14,15,29,14,15,13,7,6,6,3,3,1,0,1,0,0,0,0,0,0,5,5,1,8,2,1,0,1,0,12,10,2,0,10,0,1,3
62407238,2,62407237,,5,3,2,*,*,*,*,*,*,*,*,*,*,*,*,*,*,*,*,*,*,*,*,*,*,*,*,*,*,*,*,*,*,2,2,*,*,*,*,*,*,*,*,*,*,*,*,*,*,*
62407239,2,62407229,,1,1,0,*,*,*,*,*,*,*,*,*,*,*,*,*,*,*,*,*,*,*,*,*,*,*,*,*,*,*,*,*,*,1,1,*,*,*,*,*,*,*,*,*,*,*,*,*,*,*
62407240,1,,62407241;62407251,10,4,6,0,0,0,22,12,10,6,4,2,22,12,10,22,12,10,16,8,8,4,2,2,3,1,2,0,0,0,0,0,0,4,4,1,6,3,0,0,0,0,9,8,1,0,9,0,0,3
62407241,2,62407240,,5,4,1,*,*,*,*,*,*,*,*,*,*,*,*,*,*,*,*,*,*,*,*,*,*,*,*,*,*,*,*,*,*,3,3,*,*,*,*,*,*,*,*,*,*,*,*,*,*,*
62407248,2,62407237,,4,1,3,*,*,*,*,*,*,*,*,*,*,*,*,*,*,*,*,*,*,*,*,*,*,*,*,*,*,*,*,*,*,2,2,*,*,*,*,*,*,*,*,*,*,*,*,*,*,*
62407251,2,62407240,,7,4,3,*,*,*,*,*,*,*,*,*,*,*,*,*,*,*,*,*,*,*,*,*,*,*,*,*,*,*,*,*,*,3,3,*,*,*,*,*,*,*,*,*,*,*,*,*,*,*
62407258,2,62407237,,6,4,2,*,*,*,*,*,*,*,*,*,*,*,*,*,*,*,*,*,*,*,*,*,*,*,*,*,*,*,*,*,*,3,3,*,*,*,*,*,*,*,*,*,*,*,*,*,*,*
62407259,2,62407237,,4,3,1,*,*,*,*,*,*,*,*,*,*,*,*,*,*,*,*,*,*,*,*,*,*,*,*,*,*,*,*,*,*,1,1,*,*,*,*,*,*,*,*,*,*,*,*,*,*,*
62407284,1,,62407285,9,5,4,0,0,0,18,11,7,9,6,3,18,11,7,18,11,7,9,5,4,7,3,4,1,1,0,0,0,0,0,0,0,5,5,2,5,2,0,0,0,0,7,7,0,0,7,0,2,2
62407285,2,62407284,,9,6,3,*,*,*,*,*,*,*,*,*,*,*,*,*,*,*,*,*,*,*,*,*,*,*,*,*,*,*,*,*,*,4,4,*,*,*,*,*,*,*,*,*,*,*,*,*,*,*
62407320,1,,62407330;62407331,12,8,4,0,0,0,68,58,10,48,46,2,68,58,10,68,58,10,20,12,8,7,2,5,5,2,3,0,0,0,2,2,0,8,8,56,6,0,0,0,0,0,6,6,0,0,17,7,12,3
62407330,2,62407320,,6,1,5,*,*,*,*,*,*,*,*,*,*,*,*,*,*,*,*,*,*,*,*,*,*,*,*,*,*,*,*,*,*,4,4,*,*,*,*,*,*,*,*,*,*,*,*,*,*,*
62407331,2,62407320,,50,49,1,*,*,*,*,*,*,*,*,*,*,*,*,*,*,*,*,*,*,*,*,*,*,*,*,*,*,*,*,*,*,50,50,*,*,*,*,*,*,*,*,*,*,*,*,*,*,*
62407407,2,62407499,,5,3,2,*,*,*,*,*,*,*,*,*,*,*,*,*,*,*,*,*,*,*,*,*,*,*,*,*,*,*,*,*,*,2,2,*,*,*,*,*,*,*,*,*,*,*,*,*,*,*
62407415,2,62407499,,2,2,0,*,*,*,*,*,*,*,*,*,*,*,*,*,*,*,*,*,*,*,*,*,*,*,*,*,*,*,*,*,*,2,2,*,*,*,*,*,*,*,*,*,*,*,*,*,*,*
62407425,2,62407499,,4,1,3,*,*,*,*,*,*,*,*,*,*,*,*,*,*,*,*,*,*,*,*,*,*,*,*,*,*,*,*,*,*,2,2,*,*,*,*,*,*,*,*,*,*,*,*,*,*,*
62407499,1,,62407407;62407415;62407425,19,8,11,4,2,2,26,12,14,14,7,7,25,11,14,25,11,14,12,5,7,9,4,5,0,0,0,0,0,0,0,0,0,8,8,4,5,4,1,0,0,0,10,9,1,0,9,0,4,3
62407500,2,62407511,,3,2,1,*,*,*,*,*,*,*,*,*,*,*,*,*,*,*,*,*,*,*,*,*,*,*,*,*,*,*,*,*,*,1,1,*,*,*,*,*,*,*,*,*,*,*,*,*,*,*
62407501,0,,,150,66,84,8,2,6,142,64,78,71,33,38,138,60,78,135,60,75,71,31,40,28,8,20,10,3,7,1,0,1,0,0,0,68,68,20,31,7,4,5,1,0,48,42,6,1,51,0,16,16
62407502,0,,,23,13,10,2,0,2,21,13,8,6,3,3,21,13,8,21,13,8,15,10,5,10,7,3,1,1,0,0,0,0,0,0,0,11,11,3,6,0,2,0,0,0,8,8,0,1,10,0,3,5
62407503,0,,,251,114,137,25,18,7,226,96,130,130,59,71,221,95,126,219,95,124,96,37,59,48,14,34,18,5,13,1,0,1,0,0,0,99,99,22,41,17,10,4,1,4,75,59,16,7,61,1,9,21
62407504,1,,62407514,338,171,167,42,27,15,313,154,159,195,103,92,303,149,154,296,146,150,118,51,67,48,18,30,13,4,9,1,0,1,2,0,2,141,141,38,54,26,12,8,3,3,103,84,19,10,80,0,24,19
62407505,0,,,29,13,16,3,1,2,26,12,14,11,4,7,26,12,14,25,12,13,15,8,7,4,2,2,1,0,1,0,0,0,0,0,0,13,13,2,7,3,1,0,0,0,11,11,0,0,9,0,2,5
62407510,0,,,55,22,33,4,3,1,51,19,32,25,8,17,50,19,31,50,19,31,26,11,15,8,3,5,4,1,3,0,0,0,0,0,0,21,21,3,8,5,4,1,0,0,17,17,0,1,16,0,3,5
62407511,1,,62407500,144,63,81,7,4,3,140,61,79,77,37,40,135,60,75,134,59,75,63,24,39,28,6,22,3,0,3,1,0,1,0,0,0,65,65,23,21,12,7,1,1,1,43,37,6,2,49,0,20,9
62407512,0,,,108,49,59,15,5,10,93,44,49,47,23,24,91,42,49,91,42,49,46,21,25,23,9,14,10,3,7,0,0,0,1,0,1,43,43,8,22,4,6,0,1,2,35,33,2,3,29,0,6,13
62407513,1,,62407523,140,71,69,10,6,4,139,68,71,71,34,37,132,63,69,131,63,68,68,34,34,24,12,12,5,2,3,2,0,2,0,0,0,56,56,17,25,8,5,4,3,0,45,39,6,2,43,0,13,16
62407514,2,62407504,,17,10,7,*,*,*,*,*,*,*,*,*,*,*,*,*,*,*,*,*,*,*,*,*,*,*,*,*,*,*,*,*,*,3,3,*,*,*,*,*,*,*,*,*,*,*,*,*,*,*
62407523,2,62407513,,9,3,6,*,*,*,*,*,*,*,*,*,*,*,*,*,*,*,*,*,*,*,*,*,*,*,*,*,*,*,*,*,*,6,6,*,*,*,*,*,*,*,*,*,*,*,*,*,*,*
62407546,0,,,12,6,6,0,0,0,12,6,6,2,1,1,12,6,6,12,6,6,10,5,5,5,3,2,0,0,0,0,0,0,0,0,0,5,5,0,3,2,0,0,0,0,5,5,0,0,5,0,0,3
62407551,2,62407563,,31,29,2,*,*,*,*,*,*,*,*,*,*,*,*,*,*,*,*,*,*,*,*,*,*,*,*,*,*,*,*,*,*,10,7,*,*,*,*,*,*,*,*,*,*,*,*,*,*,*
62407553,2,62407563,,4,2,2,*,*,*,*,*,*,*,*,*,*,*,*,*,*,*,*,*,*,*,*,*,*,*,*,*,*,*,*,*,*,2,2,*,*,*,*,*,*,*,*,*,*,*,*,*,*,*
62407556,0,,,21,8,13,2,0,2,19,8,11,13,6,7,19,8,11,19,8,11,6,2,4,4,1,3,1,1,0,1,1,0,0,0,0,9,9,4,2,0,2,1,0,0,5,4,1,0,6,0,4,1
62407563,1,,62407551;62407553,348,162,186,57,36,21,326,157,169,193,100,93,310,145,165,308,145,163,133,57,76,66,25,41,20,6,14,1,0,1,0,0,0,164,164,64,61,28,11,6,3,0,108,95,13,10,97,4,34,27
62407564,0,,,222,101,121,29,13,16,193,88,105,104,46,58,191,87,104,189,86,103,89,42,47,38,17,21,6,3,3,2,0,2,0,0,0,89,89,21,32,15,16,3,1,1,67,55,12,10,62,0,17,15
62407565,0,,,32,18,14,2,1,1,30,17,13,11,6,5,30,17,13,29,16,13,19,11,8,6,3,3,2,1,1,0,0,0,0,0,0,17,17,6,8,2,1,0,0,0,11,11,0,1,12,0,4,6
62407566,0,,,45,24,21,4,3,1,41,21,20,18,10,8,39,20,19,38,20,18,23,11,12,13,6,7,5,2,3,0,0,0,0,0,0,17,17,3,6,4,2,2,0,0,14,10,4,0,13,0,2,4
62407573,0,,,275,130,145,27,14,13,247,116,131,135,68,67,239,112,127,230,110,120,112,48,64,59,22,37,23,8,15,1,0,1,1,0,1,129,129,55,33,22,12,3,3,1,72,61,11,8,78,6,31,16
62407574,0,,,274,119,155,11,5,6,259,112,147,79,40,39,257,111,146,256,110,146,180,72,108,122,44,78,61,14,47,11,0,11,3,0,3,101,99,50,30,11,6,2,0,0,48,42,6,2,61,2,26,16
62407575,0,,,86,43,43,12,6,6,73,36,37,40,22,18,71,34,37,71,34,37,33,14,19,18,8,10,7,3,4,0,0,0,0,0,0,30,30,6,9,5,6,2,1,1,23,16,7,3,19,0,4,5
62407576,0,,,85,41,44,4,2,2,81,39,42,44,25,19,78,36,42,78,36,42,37,14,23,22,7,15,12,3,9,0,0,0,0,0,0,31,31,7,10,4,5,4,1,0,24,16,8,2,25,0,5,3
62407577,0,,,44,22,22,10,4,6,34,18,16,18,10,8,34,18,16,34,18,16,16,8,8,8,2,6,4,2,2,0,0,0,0,0,0,20,20,9,5,2,1,3,0,0,11,9,2,2,13,0,6,2
62407580,2,62407590,,3,2,1,*,*,*,*,*,*,*,*,*,*,*,*,*,*,*,*,*,*,*,*,*,*,*,*,*,*,*,*,*,*,1,1,*,*,*,*,*,*,*,*,*,*,*,*,*,*,*
62407581,0,,,57,35,22,1,1,0,56,34,22,53,32,21,55,33,22,49,31,18,3,2,1,1,0,1,1,0,1,0,0,0,0,0,0,45,45,40,2,1,0,2,0,0,5,4,1,1,3,23,0,1
62407584,0,,,47,22,25,3,2,1,44,20,24,15,7,8,42,19,23,42,19,23,29,13,16,19,9,10,5,3,2,0,0,0,1,0,1,22,22,8,7,4,2,1,0,0,14,11,3,0,19,1,6,5
62407585,1,,62407595,54,26,28,0,0,0,57,27,30,31,14,17,57,27,30,56,27,29,26,13,13,11,6,5,2,1,1,1,0,1,0,0,0,28,28,13,9,3,3,1,0,0,16,14,2,0,18,0,7,8
62407586,1,,62407596,60,27,33,5,3,2,58,25,33,22,9,13,57,25,32,57,25,32,36,16,20,15,6,9,3,1,2,0,0,0,0,0,0,29,29,11,14,4,0,1,0,1,20,14,6,2,25,0,8,7
62407587,1,,62407588;62407597,35,19,16,6,3,3,44,20,24,30,15,15,43,20,23,42,20,22,14,5,9,5,2,3,3,1,2,0,0,0,0,0,0,16,16,8,9,1,4,1,0,0,15,13,2,1,10,1,4,4
62407588,2,62407587,,11,3,8,*,*,*,*,*,*,*,*,*,*,*,*,*,*,*,*,*,*,*,*,*,*,*,*,*,*,*,*,*,*,4,4,*,*,*,*,*,*,*,*,*,*,*,*,*,*,*
62407589,2,62407598,,7,2,5,*,*,*,*,*,*,*,*,*,*,*,*,*,*,*,*,*,*,*,*,*,*,*,*,*,*,*,*,*,*,4,4,*,*,*,*,*,*,*,*,*,*,*,*,*,*,*
62407590,1,,62407580,47,24,23,1,1,0,49,25,24,25,13,12,49,25,24,47,24,23,24,12,12,15,8,7,2,1,1,0,0,0,0,0,0,19,19,5,6,6,0,3,0,0,15,11,4,1,14,0,3,4
62407595,2,62407585,,3,1,2,*,*,*,*,*,*,*,*,*,*,*,*,*,*,*,*,*,*,*,*,*,*,*,*,*,*,*,*,*,*,1,1,*,*,*,*,*,*,*,*,*,*,*,*,*,*,*
62407596,2,62407586,,4,2,2,*,*,*,*,*,*,*,*,*,*,*,*,*,*,*,*,*,*,*,*,*,*,*,*,*,*,*,*,*,*,2,2,*,*,*,*,*,*,*,*,*,*,*,*,*,*,*
62407597,2,62407587,,4,1,3,*,*,*,*,*,*,*,*,*,*,*,*,*,*,*,*,*,*,*,*,*,*,*,*,*,*,*,*,*,*,3,3,*,*,*,*,*,*,*,*,*,*,*,*,*,*,*
62407598,1,,62407589;62407599,41,20,21,1,0,1,52,25,27,29,14,15,49,24,25,48,23,25,23,11,12,9,5,4,2,1,1,0,0,0,0,0,0,17,17,6,12,2,3,1,0,0,17,14,3,0,13,1,1,6
62407599,2,62407598,,5,3,2,*,*,*,*,*,*,*,*,*,*,*,*,*,*,*,*,*,*,*,*,*,*,*,*,*,*,*,*,*,*,3,3,*,*,*,*,*,*,*,*,*,*,*,*,*,*,*
62407601,2,62406567,,8,4,4,*,*,*,*,*,*,*,*,*,*,*,*,*,*,*,*,*,*,*,*,*,*,*,*,*,*,*,*,*,*,3,3,*,*,*,*,*,*,*,*,*,*,*,*,*,*,*
62407706,0,,,157,67,90,14,7,7,143,60,83,53,26,27,143,60,83,142,60,82,90,34,56,48,13,35,21,4,17,2,0,2,0,0,0,65,64,21,27,7,6,1,0,2,43,37,6,4,50,0,18,18
62407715,0,,,246,114,132,18,10,8,227,103,124,116,57,59,224,103,121,223,103,120,111,46,65,55,23,32,17,7,10,0,0,0,0,0,0,111,111,41,36,17,9,5,0,3,69,55,14,4,79,2,23,21
62407716,0,,,104,61,43,6,6,0,98,55,43,47,30,17,96,54,42,96,54,42,51,25,26,21,10,11,7,3,4,1,1,0,0,0,0,48,48,17,16,8,6,0,0,1,31,24,7,1,34,0,11,6
62407724,0,,,91,40,51,7,1,6,84,39,45,44,20,24,82,39,43,81,38,43,40,19,21,19,11,8,3,2,1,0,0,0,0,0,0,35,35,6,17,7,1,1,2,1,29,21,8,2,23,0,2,11
62407725,0,,,195,90,105,15,10,5,180,80,100,106,50,56,179,79,100,175,79,96,74,30,44,37,11,26,13,3,10,1,0,1,15,0,15,85,85,32,23,14,9,4,2,1,51,36,15,4,44,11,9,11
62407733,2,62407743,,1,1,0,*,*,*,*,*,*,*,*,*,*,*,*,*,*,*,*,*,*,*,*,*,*,*,*,*,*,*,*,*,*,1,1,*,*,*,*,*,*,*,*,*,*,*,*,*,*,*
62407734,0,,,42,18,24,4,1,3,38,17,21,16,7,9,38,17,21,37,16,21,22,10,12,10,5,5,2,1,1,0,0,0,0,0,0,20,20,9,4,3,4,0,0,0,11,9,2,2,15,0,7,3
62407743,1,,62407733,41,21,20,1,1,0,41,21,20,25,13,12,39,20,19,39,20,19,16,8,8,7,3,4,1,1,0,0,0,0,0,0,0,19,19,7,5,7,1,0,0,0,13,11,2,0,13,0,5,3
62407744,0,,,125,64,61,9,6,3,116,58,58,61,32,29,114,57,57,110,55,55,55,26,29,27,11,16,7,6,1,0,0,0,0,0,0,56,56,22,11,14,6,3,0,0,34,29,5,2,40,1,16,5
62407753,0,,,168,85,83,14,5,9,154,80,74,88,50,38,149,76,73,147,74,73,66,30,36,37,16,21,12,5,7,0,0,0,0,0,0,61,61,11,22,12,10,1,4,1,50,38,12,5,42,0,8,10
62407754,0,,,39,20,19,3,2,1,36,18,18,17,10,7,36,18,18,36,18,18,19,8,11,12,5,7,2,1,1,0,0,0,0,0,0,18,18,5,7,5,0,1,0,0,13,12,1,2,11,0,2,5
62407762,0,,,26,16,10,2,2,0,24,14,10,14,8,6,23,13,10,22,12,10,10,6,4,4,3,1,1,0,1,0,0,0,0,0,0,9,9,0,4,2,3,0,0,0,9,7,2,1,7,0,0,2
62407763,0,,,73,35,38,5,4,1,68,31,37,45,20,25,66,30,36,65,29,36,23,11,12,7,4,3,1,1,0,0,0,0,0,0,0,23,23,2,6,7,4,2,2,0,21,13,8,2,16,0,2,2
62407772,0,,,100,49,51,4,2,2,96,47,49,49,24,25,95,47,48,94,46,48,47,23,24,19,9,10,5,1,4,0,0,0,0,0,0,38,38,6,14,10,6,1,0,1,32,25,7,1,32,0,6,6
62407781,2,62407791,,4,2,2,*,*,*,*,*,*,*,*,*,*,*,*,*,*,*,*,*,*,*,*,*,*,*,*,*,*,*,*,*,*,1,1,*,*,*,*,*,*,*,*,*,*,*,*,*,*,*
62407782,2,62407791,,5,2,3,*,*,*,*,*,*,*,*,*,*,*,*,*,*,*,*,*,*,*,*,*,*,*,*,*,*,*,*,*,*,3,3,*,*,*,*,*,*,*,*,*,*,*,*,*,*,*
62407791,1,,62407781;62407782,61,36,25,3,2,1,67,38,29,38,24,14,66,37,29,66,37,29,29,14,15,10,4,6,1,0,1,0,0,0,0,0,0,27,27,11,10,5,2,2,1,0,20,16,4,0,22,0,8,5
