KEY_CODE,HTKSYORI,HTKSAKI,GASSAN,T001140001,T001140002,T001140003,T001140004,T001140005,T001140006,T001140007,T001140008,T001140009,T001140010,T001140011,T001140012,T001140013,T001140014,T001140015,T001140016,T001140017,T001140018,T001140019,T001140020,T001140021,T001140022,T001140023,T001140024,T001140025,T001140026,T001140027,T001140028,T001140029,T001140030,T001140031,T001140032,T001140033,T001140034,T001140035,T001140036,T001140037,T001140038,T001140039,T001140040,T001140041,T001140042,T001140043,T001140044,T001140045,T001140046,T001140047,T001140048,T001140049,T001140050
,,,,Å@êlå˚ÅiëçêîÅj,Å@êlå˚ÅiëçêîÅjÅ@íj,Å@êlå˚ÅiëçêîÅjÅ@èó,Å@ÇOÅ`ÇPÇSçŒêlå˚Å@ëçêî,Å@ÇOÅ`ÇPÇSçŒêlå˚Å@íj,Å@ÇOÅ`ÇPÇSçŒêlå˚Å@èó,Å@ÇPÇTçŒà»è„êlå˚Å@ëçêî,Å@ÇPÇTçŒà»è„êlå˚Å@íj,Å@ÇPÇTçŒà»è„êlå˚Å@èó,Å@ÇPÇTÅ`ÇUÇSçŒêlå˚Å@ëçêî,Å@ÇPÇTÅ`ÇUÇSçŒêlå˚Å@íj,Å@ÇPÇTÅ`ÇUÇSçŒêlå˚Å@èó,Å@ÇPÇWçŒà»è„êlå˚Å@ëçêî,Å@ÇPÇWçŒà»è„êlå˚Å@íj,Å@ÇPÇWçŒà»è„êlå˚Å@èó,Å@ÇQÇOçŒà»è„êlå˚Å@ëçêî,Å@ÇQÇOçŒà»è„êlå˚Å@íj,Å@ÇQÇOçŒà»è„êlå˚Å@èó,Å@ÇUÇTçŒà»è„êlå˚Å@ëçêî,Å@ÇUÇTçŒà»è„êlå˚Å@íj,Å@ÇUÇTçŒà»è„êlå˚Å@èó,Å@ÇVÇTçŒà»è„êlå˚Å@ëçêî,Å@ÇVÇTçŒà»è„êlå˚Å@íj,Å@ÇVÇTçŒà»è„êlå˚Å@èó,Å@ÇWÇTçŒà»è„êlå˚Å@ëçêî,Å@ÇWÇTçŒà»è„êlå˚Å@íj,Å@ÇWÇTçŒà»è„êlå˚Å@èó,Å@ÇXÇTçŒà»è„êlå˚Å@ëçêî,Å@ÇXÇTçŒà»è„êlå˚Å@íj,Å@ÇXÇTçŒà»è„êlå˚Å@èó,Å@äOçëêlêlå˚Å@ëçêî,Å@äOçëêlêlå˚Å@íj,Å@äOçëêlêlå˚Å@èó,Å@ê¢ë—ëçêî,Å@àÍî ê¢ë—êî,Å@ÇPêlê¢ë—êîÅ@àÍî ê¢ë—êî,Å@ÇQêlê¢ë—êîÅ@àÍî ê¢ë—êî,Å@ÇRêlê¢ë—êîÅ@àÍî ê¢ë—êî,Å@ÇSêlê¢ë—êîÅ@àÍî ê¢ë—êî,Å@ÇTêlê¢ë—êîÅ@àÍî ê¢ë—êî,Å@ÇUêlê¢ë—êîÅ@àÍî ê¢ë—êî,Å@ÇVêlà»è„ê¢ë—êîÅ@àÍî ê¢ë—êî,Å@êeë∞ÇÃÇ›ÇÃê¢ë—êîÅ@àÍî ê¢ë—êî,Å@äjâ∆ë∞ê¢ë—êîÅ@àÍî ê¢ë—êî,Å@äjâ∆ë∞à»äOÇÃê¢ë—êîÅ@àÍî ê¢ë—êî,Å@ÇUçŒñ¢ñûê¢ë—àıÇÃÇ¢ÇÈê¢ë—êîÅ@àÍî ê¢ë—êî,Å@ÇUÇTçŒà»è„ê¢ë—àıÇÃÇ¢ÇÈê¢ë—êîÅ@àÍî ê¢ë—êî,Å@ê¢ë—éÂÇÃîNóÓÇ™ÇQÇOÅ`ÇQÇXçŒÇÃÇPêlê¢ë—êîÅ@àÍî ê¢ë—êî,Å@çÇóÓíPêgê¢ë—êîÅ@àÍî ê¢ë—êî,Å@çÇóÓïvïwê¢ë—êîÅ@àÍî ê¢ë—êî
54400000,2,54400001,,10,6,4,*,*,*,*,*,*,*,*,*,*,*,*,*,*,*,*,*,*,*,*,*,*,*,*,*,*,*,*,*,*,5,5,*,*,*,*,*,*,*,*,*,*,*,*,*,*,*
54400001,1,,54400000,441,219,222,61,30,31,382,190,192,259,139,120,374,187,187,368,184,184,123,51,72,51,20,31,14,4,10,1,0,1,1,0,1,149,149,22,46,37,30,11,6,2,131,99,32,21,82,0,8,21
54400002,0,,,4146,2096,2050,1443,747,696,2528,1253,1275,2354,1176,1178,2469,1214,1255,2445,1202,1243,174,77,97,58,19,39,27,7,20,4,0,4,21,3,18,1405,1405,298,205,335,432,113,15,7,1094,1055,39,503,121,20,23,33
54400003,0,,,3187,1649,1538,792,427,365,2124,1076,1048,1770,905,865,2070,1053,1017,2045,1037,1008,354,171,183,176,88,88,43,18,25,1,1,0,28,11,17,1332,1331,504,260,215,279,57,13,3,800,756,44,275,229,64,58,72
54400004,0,,,34,16,18,4,2,2,25,12,13,21,10,11,25,12,13,25,12,13,4,2,2,1,0,1,0,0,0,0,0,0,0,0,0,20,20,12,3,4,1,0,0,0,8,7,1,1,4,1,3,0
54400005,0,,,255,134,121,22,14,8,220,113,107,129,67,62,216,109,107,213,108,105,91,46,45,39,19,20,10,3,7,0,0,0,2,0,2,104,104,36,28,17,14,3,4,2,68,48,20,6,62,2,14,16
54400006,0,,,739,377,362,71,36,35,664,339,325,376,197,179,647,329,318,639,325,314,288,142,146,93,42,51,34,12,22,3,1,2,3,1,2,280,280,42,112,67,34,18,3,4,236,212,24,12,179,0,26,58
54400007,0,,,207,99,108,11,4,7,195,95,100,99,43,56,190,95,95,190,95,95,96,52,44,27,10,17,17,4,13,0,0,0,2,0,2,87,87,18,41,10,13,5,0,0,69,59,10,4,63,1,10,25
54400008,0,,,509,243,266,47,19,28,456,223,233,223,115,108,444,217,227,434,214,220,233,108,125,111,57,54,13,4,9,1,0,1,0,0,0,209,209,50,79,38,27,12,2,1,159,144,15,5,145,0,32,53
54400009,0,,,791,354,437,108,51,57,678,302,376,317,161,156,656,294,362,646,290,356,361,141,220,233,83,150,127,34,93,26,6,20,8,3,5,205,201,46,53,38,37,17,8,2,153,116,37,11,125,0,30,27
54400010,0,,,230,116,114,27,17,10,198,96,102,123,62,61,196,95,101,193,93,100,75,34,41,38,15,23,18,6,12,2,1,1,0,0,0,69,69,8,14,19,14,8,3,3,60,33,27,5,46,0,4,5
54400011,0,,,190,93,97,14,10,4,175,83,92,103,50,53,172,80,92,169,79,90,72,33,39,28,14,14,6,1,5,1,0,1,2,0,2,66,66,15,14,15,12,6,4,0,51,27,24,5,47,0,9,8
54400012,0,,,156,71,85,10,2,8,146,69,77,87,41,46,144,69,75,141,68,73,59,28,31,31,14,17,8,1,7,1,0,1,1,0,1,49,49,4,13,17,6,3,6,0,44,28,16,1,39,0,1,6
54400013,0,,,664,330,334,194,104,90,426,207,219,392,188,204,421,204,217,418,203,215,34,19,15,14,7,7,5,2,3,1,1,0,10,5,5,255,255,67,55,64,54,12,2,1,185,179,6,93,23,5,4,7
54400014,0,,,1580,797,783,443,227,216,1038,526,512,957,485,472,1029,522,507,1018,513,505,81,41,40,38,21,17,16,7,9,2,0,2,32,17,15,631,631,201,123,142,130,25,9,1,418,389,29,232,53,34,5,13
54400015,0,,,1427,699,728,268,137,131,1037,506,531,935,461,474,1031,502,529,1023,499,524,102,45,57,34,10,24,11,2,9,5,0,5,20,9,11,686,686,302,182,103,63,23,6,7,363,329,34,138,65,67,6,10
54400016,0,,,482,241,241,51,29,22,416,203,213,270,132,138,397,192,205,386,186,200,146,71,75,52,22,30,15,4,11,3,0,3,13,8,5,175,175,34,60,32,28,12,3,6,135,114,21,12,95,1,19,32
54400017,0,,,280,146,134,24,14,10,253,131,122,154,87,67,248,127,121,243,124,119,99,44,55,49,19,30,11,4,7,1,0,1,4,2,2,100,100,19,29,25,18,4,2,3,79,59,20,5,59,0,8,18
54400018,0,,,968,487,481,69,36,33,863,435,428,442,237,205,848,429,419,832,420,412,421,198,223,183,94,89,39,17,22,4,1,3,14,9,5,432,432,125,172,70,43,17,4,1,297,258,39,22,262,10,46,96
54400019,0,,,191,99,92,26,13,13,163,85,78,108,59,49,159,82,77,156,80,76,55,26,29,26,11,15,8,2,6,1,0,1,2,0,2,64,64,9,18,16,11,6,4,0,54,41,13,8,38,0,4,10
54400020,0,,,349,166,183,29,18,11,320,148,172,183,87,96,312,147,165,306,142,164,137,61,76,71,29,42,26,9,17,1,0,1,0,0,0,121,121,15,46,23,20,10,6,1,104,82,22,10,90,0,12,27
54400021,0,,,217,108,109,17,9,8,200,99,101,122,63,59,195,96,99,191,95,96,78,36,42,35,16,19,11,4,7,0,0,0,1,1,0,70,70,15,14,20,7,4,6,4,55,32,23,3,50,1,8,8
54400022,1,,54400023,341,159,182,38,18,20,299,138,161,149,79,70,292,135,157,287,132,155,150,59,91,88,31,57,44,9,35,11,1,10,0,0,0,93,92,13,20,21,18,10,4,7,78,48,30,11,69,0,7,13
54400023,2,54400022,,2,1,1,*,*,*,*,*,*,*,*,*,*,*,*,*,*,*,*,*,*,*,*,*,*,*,*,*,*,*,*,*,*,1,1,*,*,*,*,*,*,*,*,*,*,*,*,*,*,*
54400024,0,,,2049,1010,1039,676,325,351,1297,651,646,1223,621,602,1277,641,636,1269,639,630,74,30,44,38,15,23,5,2,3,0,0,0,24,13,11,773,773,220,134,172,199,41,5,2,545,528,17,294,51,47,11,10
54400025,0,,,762,384,378,109,58,51,576,287,289,457,239,218,566,281,285,562,281,281,119,48,71,55,19,36,20,8,12,2,1,1,13,5,8,366,366,183,66,55,40,14,5,3,177,146,31,49,84,32,16,13
54400026,0,,,335,156,179,40,22,18,292,134,158,185,90,95,282,132,150,274,127,147,107,44,63,68,26,42,31,12,19,2,0,2,1,1,0,108,107,15,32,29,16,12,3,0,92,69,23,11,56,0,8,10
54400027,0,,,253,131,122,27,16,11,225,115,110,146,78,68,219,112,107,216,111,105,79,37,42,39,14,25,17,4,13,0,0,0,0,0,0,80,80,16,20,12,10,13,7,2,64,42,22,3,52,1,7,7
54400028,0,,,1412,706,706,145,80,65,1066,528,538,858,429,429,1029,506,523,989,482,507,208,99,109,83,40,43,15,5,10,0,0,0,49,26,23,758,758,422,166,77,53,28,9,3,315,284,31,40,140,50,30,45
54400029,0,,,847,415,432,98,51,47,581,283,298,453,233,220,563,272,291,559,270,289,128,50,78,64,28,36,14,7,7,0,0,0,15,7,8,490,490,297,95,47,39,10,1,1,185,173,12,33,89,23,21,23
54400030,0,,,175,90,85,18,9,9,157,81,76,106,60,46,156,81,75,153,79,74,51,21,30,26,10,16,9,4,5,0,0,0,0,0,0,59,59,9,15,18,7,8,0,2,50,35,15,3,35,0,4,5
54400031,0,,,178,93,85,20,15,5,158,78,80,94,45,49,149,77,72,146,75,71,64,33,31,29,14,15,9,2,7,1,0,1,0,0,0,55,55,7,17,11,6,7,4,3,48,30,18,4,39,0,6,8
54400032,0,,,931,454,477,101,50,51,815,392,423,503,261,242,795,385,410,786,380,406,312,131,181,174,61,113,78,18,60,7,0,7,14,9,5,323,321,68,93,64,56,19,16,5,244,178,66,23,182,7,31,35
54400033,0,,,82,46,36,5,2,3,73,41,32,34,21,13,73,41,32,73,41,32,39,20,19,26,13,13,5,3,2,0,0,0,0,0,0,38,38,13,13,7,4,0,1,0,23,21,2,3,22,2,3,9
54400034,0,,,4637,2368,2269,988,496,492,3338,1729,1609,3013,1576,1437,3270,1684,1586,3230,1667,1563,325,153,172,112,52,60,29,11,18,1,0,1,74,33,41,2197,2197,996,473,328,307,80,9,4,1173,1124,49,376,227,224,50,67
54400035,0,,,1595,816,779,274,150,124,1162,593,569,862,456,406,1146,585,561,1136,576,560,300,137,163,152,62,90,47,14,33,3,0,3,30,17,13,720,719,328,133,114,95,30,12,7,378,313,65,111,198,40,42,45
54400036,0,,,1076,524,552,163,93,70,886,420,466,621,305,316,850,399,451,823,383,440,265,115,150,131,57,74,24,7,17,1,0,1,20,10,10,405,405,101,116,69,78,27,9,5,302,255,47,43,173,8,31,49
54400037,0,,,1822,948,874,194,98,96,1402,742,660,1144,624,520,1351,713,638,1325,698,627,258,118,140,119,51,68,22,10,12,4,1,3,47,24,23,990,989,555,210,103,85,26,9,1,421,389,32,72,174,73,48,55
54400038,0,,,79,43,36,9,5,4,70,38,32,54,30,24,70,38,32,69,38,31,16,8,8,7,3,4,0,0,0,0,0,0,0,0,0,42,42,25,6,6,2,2,1,0,17,14,3,4,10,16,1,3
54400039,0,,,1671,849,822,182,100,82,1341,675,666,1022,523,499,1297,648,649,1275,633,642,319,152,167,118,52,66,19,8,11,3,1,2,47,23,24,852,851,393,229,132,73,19,3,2,445,415,30,73,206,50,36,85
54400040,0,,,101,52,49,4,4,0,97,48,49,51,28,23,95,47,48,93,46,47,46,20,26,25,10,15,10,3,7,0,0,0,0,0,0,37,37,5,16,9,3,1,2,1,32,24,8,2,30,0,5,7
54400041,0,,,57,27,30,3,2,1,54,25,29,39,20,19,54,25,29,53,24,29,15,5,10,8,1,7,6,1,5,1,1,0,0,0,0,21,21,3,9,3,3,3,0,0,18,13,5,2,10,0,2,2
54400042,0,,,268,145,123,24,13,11,240,129,111,150,84,66,233,125,108,231,124,107,90,45,45,32,15,17,8,3,5,0,0,0,5,3,2,87,87,15,19,22,16,9,3,3,70,51,19,7,54,0,7,11
54400043,0,,,343,177,166,94,50,44,235,121,114,182,92,90,232,121,111,227,117,110,53,29,24,26,14,12,6,4,2,1,0,1,5,1,4,118,118,25,24,26,29,9,4,1,91,77,14,37,32,2,5,7
54400044,0,,,2639,1346,1293,647,338,309,1781,914,867,1721,885,836,1758,902,856,1746,898,848,60,29,31,26,13,13,4,1,3,0,0,0,57,25,32,1265,1265,592,225,247,159,32,10,0,647,637,10,339,40,142,9,10
54400045,0,,,1818,856,962,264,146,118,1388,631,757,1030,488,542,1342,613,729,1316,604,712,358,143,215,176,61,115,47,10,37,0,0,0,43,16,27,868,867,384,210,128,107,29,7,2,469,407,62,98,257,40,81,49
54400046,0,,,2015,955,1060,241,130,111,1661,773,888,1075,530,545,1595,745,850,1560,725,835,586,243,343,345,109,236,174,37,137,26,5,21,39,23,16,792,789,287,184,132,136,33,12,5,493,417,76,58,290,33,68,83
54400047,0,,,1267,592,675,130,71,59,1023,466,557,591,306,285,999,453,546,979,442,537,432,160,272,256,72,184,140,22,118,37,2,35,13,7,6,517,514,218,118,87,53,28,6,4,292,251,41,32,197,22,34,55
54400048,0,,,559,267,292,46,20,26,457,220,237,319,156,163,449,215,234,434,208,226,138,64,74,71,30,41,23,10,13,2,0,2,13,5,8,279,279,139,58,41,30,7,2,2,140,116,24,16,88,30,10,27
54400049,0,,,299,152,147,31,18,13,265,133,132,164,85,79,252,123,129,243,117,126,101,48,53,48,19,29,18,6,12,2,0,2,4,3,1,103,103,18,31,19,19,11,4,1,85,58,27,4,67,0,11,16
54400050,0,,,178,85,93,21,10,11,156,74,82,90,48,42,151,72,79,146,67,79,66,26,40,31,10,21,13,1,12,2,0,2,2,0,2,55,55,5,18,9,14,1,7,1,50,33,17,6,39,0,3,8
54400051,0,,,333,164,169,32,20,12,301,144,157,176,90,86,291,140,151,282,136,146,125,54,71,51,22,29,17,4,13,1,0,1,1,0,1,103,103,9,33,18,23,11,7,2,93,63,30,4,73,0,6,19
54400052,0,,,573,294,279,51,24,27,511,264,247,391,203,188,482,249,233,468,242,226,120,61,59,42,21,21,10,4,6,0,0,0,32,17,15,213,213,43,56,61,38,10,3,2,163,147,16,9,84,0,13,21
54400053,0,,,753,374,379,78,39,39,667,332,335,416,216,200,641,319,322,624,310,314,251,116,135,124,50,74,36,11,25,2,0,2,2,0,2,261,261,49,80,53,37,21,15,6,210,144,66,24,169,0,25,35
54400054,0,,,1608,773,835,218,107,111,1275,623,652,946,463,483,1236,603,633,1204,584,620,329,160,169,145,67,78,41,19,22,3,1,2,34,13,21,690,688,212,219,123,98,26,8,2,469,436,33,65,212,12,33,91
54400055,0,,,702,361,341,145,86,59,496,248,248,436,220,216,486,242,244,483,241,242,60,28,32,23,10,13,4,3,1,0,0,0,2,1,1,305,305,101,85,63,43,9,3,1,195,183,12,70,39,9,4,10
54400056,0,,,1392,651,741,127,56,71,1166,545,621,648,336,312,1123,521,602,1098,509,589,518,209,309,302,112,190,138,34,104,20,2,18,8,3,5,536,532,199,146,67,72,39,5,4,326,278,48,24,232,16,47,82
54400057,0,,,316,166,150,31,14,17,267,142,125,161,99,62,259,137,122,256,135,121,106,43,63,53,20,33,18,7,11,1,0,1,2,1,1,132,132,45,32,28,20,2,3,2,86,63,23,9,67,4,9,13
54400058,0,,,779,391,388,99,58,41,646,318,328,453,227,226,624,308,316,611,300,311,193,91,102,89,38,51,21,7,14,1,1,0,15,5,10,333,333,118,83,66,43,13,10,0,210,184,26,24,125,18,18,32
54400059,0,,,1559,777,782,174,91,83,1257,625,632,919,468,451,1217,605,612,1184,587,597,338,157,181,155,74,81,36,14,22,2,0,2,23,11,12,728,727,321,173,110,79,38,3,3,396,344,52,36,226,31,56,67
54400060,0,,,89,42,47,12,6,6,77,36,41,43,19,24,75,35,40,74,34,40,34,17,17,14,5,9,5,0,5,1,0,1,0,0,0,27,27,4,6,8,3,2,1,3,23,15,8,4,21,0,2,5
54400061,0,,,136,65,71,17,8,9,119,57,62,72,35,37,117,55,62,117,55,62,47,22,25,22,9,13,7,2,5,1,1,0,1,0,1,38,38,0,12,10,6,3,6,1,38,21,17,6,30,0,0,7
54400062,0,,,107,52,55,8,3,5,99,49,50,59,31,28,96,48,48,91,46,45,40,18,22,18,6,12,6,1,5,0,0,0,0,0,0,34,34,4,9,9,4,6,2,0,30,21,9,2,24,0,3,6
54400063,0,,,335,169,166,42,16,26,293,153,140,183,99,84,280,147,133,271,144,127,110,54,56,43,23,20,9,5,4,2,0,2,1,1,0,108,108,12,40,22,13,11,5,5,94,72,22,11,66,0,6,19
54400064,0,,,1459,717,742,206,106,100,1107,543,564,905,457,448,1087,532,555,1073,525,548,202,86,116,91,37,54,30,10,20,2,0,2,12,6,6,732,732,355,168,108,73,19,7,2,372,332,40,83,133,50,26,30
54400065,0,,,241,124,117,33,23,10,207,100,107,133,66,67,197,96,101,194,94,100,74,34,40,40,15,25,14,5,9,2,1,1,1,1,0,76,76,14,20,11,13,9,6,3,62,47,15,7,47,2,10,10
54400066,0,,,328,169,159,29,14,15,240,126,114,200,105,95,232,123,109,225,119,106,40,21,19,23,11,12,8,7,1,0,0,0,6,3,3,183,183,113,26,23,12,8,1,0,67,55,12,9,28,17,5,6
54400067,0,,,337,153,184,71,33,38,254,114,140,153,76,77,250,112,138,247,111,136,101,38,63,76,27,49,41,12,29,5,0,5,2,1,1,106,105,30,21,22,21,7,2,2,75,63,12,14,31,6,6,7
54400068,0,,,753,370,383,84,39,45,617,306,311,429,221,208,598,293,305,588,289,299,188,85,103,80,35,45,14,5,9,0,0,0,10,5,5,346,346,132,106,50,40,11,5,2,209,191,18,29,121,6,21,49
54400069,0,,,1432,716,716,252,142,110,1074,523,551,900,449,451,1025,502,523,995,487,508,174,74,100,85,31,54,28,6,22,1,0,1,52,27,25,597,594,233,126,92,103,27,12,1,359,340,19,63,85,30,11,32
54400070,0,,,551,276,275,64,39,25,487,237,250,281,142,139,462,222,240,455,219,236,206,95,111,75,24,51,28,7,21,3,1,2,0,0,0,169,169,29,39,34,32,13,12,10,139,82,57,14,136,0,23,24
54400071,0,,,313,153,160,20,10,10,293,143,150,177,91,86,287,141,146,281,136,145,116,52,64,54,21,33,14,3,11,2,0,2,1,0,1,93,93,6,25,29,13,8,8,4,86,50,36,6,71,0,4,11
54400072,0,,,263,134,129,29,17,12,218,108,110,152,75,77,205,102,103,200,99,101,66,33,33,29,14,15,16,6,10,0,0,0,4,2,2,91,91,25,16,21,15,6,5,3,64,47,17,6,44,2,8,8
54400073,0,,,961,468,493,187,91,96,659,322,337,607,302,305,651,319,332,633,315,318,52,20,32,27,10,17,3,1,2,0,0,0,39,9,30,483,483,243,93,81,47,14,4,1,231,214,17,104,37,50,6,6
54400074,0,,,3483,1718,1765,821,425,396,2404,1177,1227,2086,1026,1060,2354,1151,1203,2333,1144,1189,318,151,167,101,43,58,28,9,19,2,0,2,47,20,27,1518,1518,588,333,255,262,65,14,1,910,859,51,266,211,72,42,71
54400075,0,,,90,45,45,5,1,4,85,44,41,46,24,22,81,42,39,80,41,39,39,20,19,17,8,9,9,4,5,0,0,0,0,0,0,25,25,3,7,2,6,3,2,2,22,12,10,1,21,0,2,3
54400076,0,,,645,304,341,88,45,43,536,249,287,397,184,213,503,231,272,488,223,265,139,65,74,65,26,39,20,7,13,1,0,1,28,3,25,242,242,68,62,48,35,16,4,9,174,145,29,11,86,17,13,22
54400077,0,,,566,294,272,74,42,32,458,237,221,329,175,154,435,222,213,424,215,209,129,62,67,59,27,32,23,9,14,1,1,0,9,3,6,220,220,72,45,45,34,16,3,5,147,123,24,12,79,3,13,20
54400078,0,,,2820,1384,1436,455,231,224,2248,1099,1149,1858,881,977,2104,1028,1076,2015,982,1033,390,218,172,174,92,82,47,24,23,2,1,1,102,54,48,1115,1114,342,282,219,197,60,12,2,762,740,22,104,216,31,57,92
54400079,0,,,5495,2732,2763,806,433,373,4146,2042,2104,3446,1708,1738,3961,1951,2010,3873,1911,1962,700,334,366,271,119,152,70,19,51,4,0,4,195,94,101,2777,2777,1366,618,401,293,79,17,3,1388,1327,61,215,501,204,154,174
54400080,0,,,497,217,280,46,20,26,450,196,254,218,113,105,440,191,249,434,189,245,232,83,149,158,49,109,74,14,60,16,0,16,2,0,2,124,122,10,41,20,25,13,8,5,111,67,44,5,83,0,4,15
54400081,0,,,203,102,101,16,10,6,182,89,93,108,54,54,178,89,89,175,87,88,74,35,39,38,18,20,15,6,9,1,0,1,0,0,0,70,70,17,16,17,8,5,4,3,52,36,16,5,45,0,8,10
54400082,0,,,148,77,71,24,16,8,122,60,62,93,46,47,116,57,59,115,56,59,29,14,15,9,3,6,4,2,2,0,0,0,0,0,0,44,44,5,9,9,12,4,5,0,39,26,13,11,19,0,2,2
54400083,0,,,328,153,175,44,26,18,268,118,150,191,88,103,254,114,140,248,112,136,77,30,47,38,11,27,13,4,9,1,0,1,3,0,3,125,125,34,42,19,12,10,4,4,85,67,18,15,54,5,9,13
54400084,0,,,1048,508,540,211,102,109,766,374,392,657,322,335,744,365,379,732,361,371,109,52,57,50,22,28,14,7,7,2,0,2,7,4,3,421,421,136,100,74,77,25,6,3,273,246,27,71,74,28,14,15
54400085,0,,,123,66,57,6,3,3,115,62,53,59,34,25,115,62,53,115,62,53,56,28,28,18,10,8,7,3,4,0,0,0,0,0,0,46,46,12,10,9,12,2,1,0,34,28,6,2,33,0,6,5
54400086,0,,,123,66,57,23,13,10,90,49,41,71,41,30,85,45,40,83,43,40,19,8,11,11,5,6,0,0,0,0,0,0,0,0,0,54,54,21,15,7,6,3,2,0,32,31,1,2,13,7,2,3
54400087,0,,,3028,1568,1460,445,243,202,2281,1177,1104,1935,1018,917,2193,1138,1055,2130,1111,1019,346,159,187,141,69,72,31,11,20,3,1,2,93,39,54,1518,1518,749,316,222,180,45,6,0,760,735,25,146,218,143,38,93
54400088,0,,,3852,1932,1920,731,401,330,2853,1402,1451,2452,1210,1242,2678,1300,1378,2582,1252,1330,401,192,209,165,70,95,37,11,26,3,0,3,152,83,69,1635,1635,633,332,276,274,96,19,5,993,941,52,162,278,87,61,104
54400089,0,,,4680,2446,2234,694,360,334,3452,1831,1621,2997,1600,1397,3293,1747,1546,3206,1703,1503,455,231,224,200,96,104,45,17,28,4,0,4,285,163,122,2416,2414,1325,419,324,258,73,12,3,1069,1032,37,204,268,262,71,105
54400090,0,,,104,53,51,11,5,6,92,48,44,56,31,25,92,48,44,90,47,43,36,17,19,20,11,9,5,2,3,0,0,0,0,0,0,35,35,9,7,5,9,2,2,1,26,18,8,1,23,0,5,5
54400091,0,,,174,88,86,16,11,5,158,77,81,105,56,49,155,74,81,153,72,81,53,21,32,31,12,19,11,4,7,0,0,0,1,1,0,53,53,6,12,14,10,7,2,2,47,31,16,3,35,0,5,5
54400092,0,,,475,231,244,56,22,34,412,205,207,277,143,134,396,196,200,387,194,193,135,62,73,59,33,26,13,7,6,1,1,0,11,7,4,186,186,37,67,38,34,7,2,1,147,129,18,10,90,1,15,28
54400093,0,,,273,117,156,17,10,7,256,107,149,113,59,54,245,101,144,243,100,143,143,48,95,99,27,72,65,16,49,14,3,11,4,2,2,76,75,14,24,16,11,8,2,0,60,46,14,2,52,0,11,12
54400094,0,,,167,90,77,14,6,8,153,84,69,96,55,41,149,82,67,148,81,67,57,29,28,21,12,9,7,2,5,0,0,0,2,1,1,55,55,7,18,10,13,3,2,2,48,35,13,3,36,0,5,10
54400095,0,,,1417,744,673,323,181,142,997,520,477,911,484,427,976,510,466,962,501,461,86,36,50,38,10,28,13,0,13,0,0,0,32,13,19,632,632,254,132,117,100,27,1,1,370,350,20,134,60,52,11,17
54400096,0,,,3333,1614,1719,728,390,338,2432,1143,1289,2163,1016,1147,2337,1096,1241,2302,1081,1221,269,127,142,88,40,48,36,16,20,0,0,0,46,25,21,1422,1422,460,381,267,265,44,5,0,950,930,20,233,185,23,49,80
54400097,0,,,3813,1907,1906,993,514,479,2661,1323,1338,2373,1194,1179,2494,1247,1247,2425,1215,1210,288,129,159,128,54,74,35,11,24,1,0,1,36,16,20,1388,1387,386,246,268,338,124,19,6,991,931,60,256,195,63,32,61
54400098,0,,,2065,1036,1029,237,126,111,1674,839,835,1392,703,689,1598,800,798,1554,780,774,282,136,146,123,54,69,33,13,20,1,0,1,45,18,27,983,983,417,256,157,112,32,6,3,561,525,36,66,185,62,32,76
54400099,0,,,8259,4089,4170,1911,939,972,6040,3011,3029,5467,2745,2722,5763,2869,2894,5635,2802,2833,573,266,307,210,77,133,56,14,42,1,1,0,408,207,201,3441,3441,1128,807,684,664,144,9,5,2298,2247,51,600,414,92,126,164
54400100,0,,,683,327,356,89,43,46,574,277,297,331,165,166,565,270,295,557,265,292,243,112,131,118,59,59,24,12,12,1,0,1,7,1,6,274,274,69,87,56,42,16,4,0,204,183,21,18,161,4,30,53
54400101,0,,,418,210,208,67,34,33,345,172,173,262,136,126,323,157,166,312,150,162,83,36,47,39,16,23,5,3,2,0,0,0,3,1,2,158,158,33,45,35,36,8,1,0,124,115,9,16,55,5,6,17
54400102,0,,,5214,2627,2587,873,487,386,4213,2064,2149,3548,1757,1791,4000,1965,2035,3895,1927,1968,665,307,358,290,123,167,65,24,41,5,1,4,55,19,36,2269,2267,796,584,436,350,85,11,5,1448,1389,59,215,461,114,130,168
54400103,0,,,5752,2880,2872,1572,800,772,4112,2044,2068,3662,1838,1824,3937,1951,1986,3807,1876,1931,450,206,244,215,87,128,86,25,61,12,6,6,47,17,30,1971,1957,384,392,432,589,139,18,3,1553,1492,61,417,247,75,35,92
54400104,0,,,65,40,25,3,2,1,62,38,24,32,21,11,62,38,24,60,38,22,30,17,13,15,9,6,7,4,3,0,0,0,4,4,0,27,27,8,9,4,4,1,1,0,19,16,3,1,18,4,3,6
54400105,0,,,360,167,193,32,15,17,328,152,176,196,95,101,318,147,171,312,144,168,132,57,75,54,19,35,15,5,10,2,0,2,0,0,0,133,133,22,49,28,21,9,2,2,111,82,29,6,90,0,14,21
54400106,0,,,140,72,68,16,9,7,124,63,61,73,42,31,123,62,61,123,62,61,51,21,30,20,3,17,10,1,9,1,0,1,7,7,0,58,58,20,14,11,9,3,0,1,38,28,10,5,34,2,9,6
54400107,0,,,107,55,52,9,5,4,98,50,48,55,29,26,97,50,47,96,49,47,43,21,22,18,6,12,5,1,4,1,1,0,4,3,1,43,43,15,13,6,3,2,3,1,28,18,10,3,30,0,8,5
54400108,0,,,21,6,15,2,0,2,19,6,13,11,3,8,19,6,13,17,6,11,8,3,5,7,3,4,2,1,1,0,0,0,0,0,0,7,7,1,2,1,2,1,0,0,6,4,2,1,5,0,1,2
54400109,0,,,69,31,38,4,2,2,65,29,36,40,17,23,63,27,36,62,27,35,25,12,13,11,4,7,5,1,4,0,0,0,0,0,0,22,22,6,1,7,3,3,1,1,16,8,8,1,18,0,4,1
54400110,0,,,597,290,307,55,22,33,540,267,273,350,178,172,529,263,266,511,254,257,190,89,101,93,40,53,12,3,9,1,0,1,4,1,3,213,213,34,70,50,35,15,5,4,176,138,38,14,123,0,16,29
54400111,0,,,1402,713,689,442,230,212,953,479,474,834,423,411,911,454,457,885,441,444,119,56,63,59,26,33,20,9,11,0,0,0,8,3,5,432,432,55,78,103,125,51,15,5,375,342,33,115,82,10,6,22
54400112,0,,,4563,2357,2206,1002,500,502,3442,1788,1654,3087,1626,1461,3231,1683,1548,3136,1624,1512,355,162,193,141,58,83,37,16,21,1,1,0,44,15,29,1900,1899,706,377,341,340,111,21,3,1173,1118,55,248,225,139,44,75
54400113,0,,,851,414,437,169,89,80,669,318,351,546,265,281,645,307,338,635,303,332,123,53,70,53,24,29,7,0,7,0,0,0,6,3,3,343,343,105,78,74,71,8,6,1,232,215,17,52,88,19,26,19
54400114,0,,,675,340,335,85,51,34,586,288,298,341,181,160,574,284,290,560,274,286,245,107,138,147,57,90,74,26,48,11,5,6,4,2,2,228,227,41,82,40,47,12,5,0,179,157,22,38,113,1,27,37
54400115,0,,,1037,508,529,80,38,42,955,468,487,512,268,244,938,464,474,925,453,472,443,200,243,199,86,113,34,13,21,1,0,1,23,10,13,437,437,95,190,79,49,16,7,1,341,303,38,20,285,1,62,112
54400116,0,,,569,274,295,41,24,17,528,250,278,310,148,162,512,243,269,500,241,259,218,102,116,86,35,51,19,7,12,2,1,1,6,2,4,199,199,29,66,43,38,16,3,4,169,132,37,8,138,0,20,41
54400117,0,,,541,243,298,28,17,11,513,226,287,261,129,132,504,221,283,493,217,276,252,97,155,158,51,107,74,15,59,11,2,9,5,2,3,145,142,40,49,24,14,8,4,3,102,81,21,10,83,1,19,21
54400118,0,,,87,48,39,7,5,2,80,43,37,42,25,17,76,41,35,75,40,35,38,18,20,19,8,11,6,2,4,0,0,0,0,0,0,27,27,1,10,5,8,0,2,1,26,16,10,1,21,0,1,5
54400119,0,,,130,62,68,5,1,4,125,61,64,67,31,36,123,61,62,119,58,61,58,30,28,27,15,12,8,2,6,0,0,0,0,0,0,41,41,6,11,7,9,5,1,2,34,21,13,2,35,0,5,7
54400120,0,,,1847,906,941,180,89,91,1484,731,753,1050,532,518,1438,705,733,1415,695,720,434,199,235,169,78,91,28,11,17,2,0,2,28,17,11,964,964,458,273,129,73,25,4,2,497,457,40,50,284,49,68,100
54400121,0,,,120,60,60,10,5,5,109,55,54,60,33,27,105,53,52,96,49,47,49,22,27,19,7,12,6,0,6,1,0,1,0,0,0,41,41,9,8,10,7,5,2,0,32,25,7,4,29,0,7,5
54400122,0,,,833,417,416,67,39,28,762,376,386,441,247,194,750,367,383,732,357,375,321,129,192,206,73,133,95,23,72,7,3,4,7,2,5,326,323,127,82,58,35,14,6,1,195,165,30,21,141,29,33,35
54400123,0,,,1893,917,976,308,139,169,1558,759,799,1065,545,520,1519,739,780,1497,729,768,493,214,279,247,106,141,66,19,47,1,0,1,30,15,15,779,779,207,248,165,112,37,8,2,560,505,55,103,320,20,67,109
54400124,0,,,2009,981,1028,553,279,274,1440,694,746,1165,588,577,1391,673,718,1374,663,711,275,106,169,166,50,116,91,19,72,18,2,16,15,6,9,664,663,117,165,145,166,56,10,4,530,497,33,201,121,21,24,33
54400125,0,,,539,263,276,77,35,42,462,228,234,289,152,137,446,219,227,437,213,224,173,76,97,75,33,42,24,7,17,1,0,1,1,0,1,187,187,30,62,36,36,13,6,4,156,122,34,17,111,0,21,24
54400126,0,,,623,297,326,63,35,28,558,261,297,352,173,179,544,255,289,531,250,281,206,88,118,90,35,55,20,6,14,1,0,1,16,8,8,226,226,44,77,38,41,13,11,2,180,144,36,19,133,4,24,35
54400127,0,,,2911,1464,1447,368,198,170,2482,1226,1256,1768,901,867,2392,1188,1204,2323,1161,1162,714,325,389,344,142,202,100,41,59,8,2,6,39,16,23,1255,1254,470,328,208,157,71,15,5,764,653,111,102,461,97,119,119
54400128,0,,,173,87,86,21,14,7,151,73,78,91,49,42,147,72,75,142,69,73,60,24,36,25,7,18,11,3,8,2,1,1,4,3,1,62,62,15,20,10,5,6,4,2,47,34,13,3,35,3,5,10
54400129,0,,,186,95,91,25,15,10,160,79,81,120,61,59,151,71,80,143,68,75,40,18,22,16,8,8,2,1,1,0,0,0,1,1,0,64,64,6,22,17,11,7,1,0,58,52,6,5,26,0,3,10
54400130,0,,,303,143,160,19,9,10,280,131,149,156,78,78,272,127,145,268,125,143,124,53,71,49,20,29,12,2,10,1,0,1,3,1,2,111,111,22,32,32,16,2,2,5,88,68,20,5,78,0,11,17
54400131,0,,,2238,1068,1170,294,149,145,1927,912,1015,1220,571,649,1858,882,976,1825,865,960,707,341,366,316,154,162,43,20,23,5,1,4,11,6,5,880,880,175,331,167,149,49,5,4,699,643,56,80,444,23,79,200
54400132,0,,,3249,1577,1672,403,208,195,2794,1338,1456,1801,902,899,2696,1293,1403,2657,1270,1387,993,436,557,498,217,281,133,40,93,13,1,12,67,37,30,1368,1367,392,452,267,183,52,16,5,956,862,94,107,624,44,149,232
54400133,0,,,5677,2889,2788,619,336,283,4909,2465,2444,3348,1746,1602,4794,2412,2382,4706,2381,2325,1561,719,842,784,340,444,212,78,134,21,3,18,208,98,110,2700,2698,1145,757,438,261,77,12,8,1522,1366,156,195,999,146,297,277
54400134,0,,,5301,2671,2630,1035,525,510,4196,2104,2092,3194,1641,1553,4063,2028,2035,3974,1981,1993,1002,463,539,408,171,237,101,31,70,7,0,7,121,43,78,2070,2068,529,612,391,389,115,22,10,1499,1386,113,275,662,73,133,231
54400135,0,,,1364,664,700,113,49,64,1231,599,632,731,395,336,1201,580,621,1162,561,601,500,204,296,252,88,164,92,17,75,16,1,15,14,10,4,533,532,163,167,103,59,24,12,4,362,311,51,22,270,13,56,82
54400136,0,,,646,321,325,79,43,36,565,277,288,390,195,195,541,265,276,515,255,260,175,82,93,91,38,53,15,4,11,0,0,0,7,4,3,258,257,92,49,54,41,16,3,2,165,142,23,14,116,19,33,24
54400137,0,,,4137,2078,2059,414,221,193,3560,1760,1800,2408,1233,1175,3452,1697,1755,3337,1651,1686,1152,527,625,560,235,325,161,58,103,15,5,10,55,28,27,1992,1991,898,514,293,193,79,10,4,1066,954,112,109,729,225,188,213
54400138,0,,,698,350,348,72,40,32,621,307,314,363,188,175,605,300,305,592,294,298,258,119,139,122,57,65,19,7,12,1,0,1,11,5,6,296,296,79,113,51,34,10,9,0,214,191,23,20,164,9,32,55
54400139,0,,,268,131,137,40,19,21,228,112,116,172,88,84,211,103,108,200,96,104,56,24,32,24,11,13,4,0,4,1,0,1,4,2,2,94,94,16,22,25,23,7,1,0,77,67,10,6,37,0,6,7
54400140,0,,,313,133,180,21,9,12,288,123,165,149,72,77,279,118,161,273,115,158,139,51,88,106,33,73,65,14,51,12,0,12,1,1,0,84,83,13,27,19,11,6,3,4,70,51,19,4,48,0,3,15
54400141,0,,,1183,638,545,92,51,41,1075,574,501,680,376,304,1039,556,483,1022,549,473,395,198,197,152,70,82,25,11,14,1,1,0,40,36,4,460,457,188,112,84,44,14,12,3,266,228,38,21,196,27,42,58
54400142,0,,,2336,1184,1152,227,117,110,2070,1043,1027,1364,710,654,2002,1006,996,1969,988,981,706,333,373,326,161,165,68,27,41,7,1,6,64,34,30,1019,1019,315,341,190,117,44,6,6,695,611,84,54,461,53,96,167
54400143,0,,,4668,2364,2304,457,230,227,4102,2073,2029,2729,1452,1277,4009,2024,1985,3948,1991,1957,1373,621,752,777,326,451,213,78,135,17,1,16,263,117,146,2171,2165,848,670,349,208,62,21,7,1272,1127,145,135,881,104,239,255
54400144,0,,,4746,2561,2185,442,240,202,4174,2236,1938,2881,1624,1257,4074,2182,1892,3953,2110,1843,1293,612,681,622,296,326,119,50,69,5,1,4,168,81,87,2003,2000,756,635,312,188,82,17,10,1215,1074,141,122,863,101,212,286
54400145,0,,,992,518,474,81,43,38,874,449,425,574,311,263,845,434,411,829,426,403,300,138,162,123,53,70,17,5,12,2,0,2,10,5,5,464,464,188,120,88,46,16,6,0,271,238,33,19,199,22,53,54
54400146,0,,,2483,1246,1237,285,149,136,2105,1043,1062,1489,770,719,2055,1022,1033,1996,1004,992,616,273,343,341,144,197,82,32,50,3,0,3,45,18,27,1281,1281,665,272,175,108,51,9,1,601,536,65,79,430,205,126,117
54400147,0,,,3963,1949,2014,443,232,211,3393,1639,1754,2409,1192,1217,3268,1578,1690,3151,1530,1621,984,447,537,452,201,251,131,44,87,14,6,8,49,21,28,1862,1855,851,450,258,201,59,33,3,993,893,100,122,656,238,193,199
54400148,0,,,2025,954,1071,164,95,69,1837,844,993,1163,567,596,1786,822,964,1743,798,945,674,277,397,332,134,198,87,29,58,2,0,2,42,16,26,904,903,288,326,158,86,30,9,6,612,529,83,36,462,27,122,139
54400149,0,,,255,125,130,15,6,9,240,119,121,138,69,69,234,116,118,229,116,113,102,50,52,54,24,30,23,11,12,1,1,0,4,2,2,91,91,19,25,23,11,8,2,3,72,44,28,4,69,0,12,8
54400150,0,,,1446,749,697,229,126,103,1030,529,501,889,460,429,891,447,444,846,424,422,141,69,72,59,27,32,16,7,9,2,0,2,29,11,18,703,700,410,124,83,69,12,2,0,285,274,11,46,97,82,26,37
54400151,0,,,323,167,156,42,21,21,276,144,132,203,107,96,265,137,128,258,134,124,73,37,36,24,14,10,2,1,1,0,0,0,8,6,2,129,129,30,45,31,13,5,3,2,98,84,14,12,49,7,7,11
54400152,0,,,2129,1067,1062,260,127,133,1830,917,913,1237,653,584,1783,891,892,1748,871,877,593,264,329,299,128,171,77,29,48,6,2,4,69,36,33,987,987,367,303,169,110,28,5,5,610,555,55,69,414,40,133,127
54400153,0,,,4456,2124,2332,558,279,279,3861,1821,2040,2555,1239,1316,3732,1762,1970,3607,1696,1911,1306,582,724,613,275,338,163,61,102,15,3,12,166,64,102,1779,1775,460,564,380,258,79,21,13,1295,1154,141,124,843,40,218,251
54400154,0,,,2130,1039,1091,215,102,113,1870,913,957,1169,579,590,1814,888,926,1772,865,907,701,334,367,319,151,168,79,31,48,4,2,2,28,11,17,885,885,236,301,187,101,42,10,8,636,556,80,63,447,25,91,155
54400155,0,,,2258,1114,1144,221,105,116,2007,992,1015,1169,622,547,1958,966,992,1914,943,971,838,370,468,453,198,255,126,43,83,12,3,9,25,10,15,1015,1013,379,312,158,107,38,11,8,626,542,84,62,560,27,188,141
54400156,0,,,1374,657,717,109,53,56,1258,598,660,653,333,320,1224,579,645,1201,565,636,605,265,340,319,145,174,69,26,43,3,0,3,5,0,5,552,552,113,211,117,79,22,8,2,436,363,73,23,376,8,65,134
54400157,0,,,3235,1739,1496,286,129,157,2870,1562,1308,2026,1162,864,2802,1528,1274,2682,1438,1244,844,400,444,348,150,198,104,37,67,2,0,2,60,22,38,1379,1364,536,413,207,135,45,20,8,807,703,104,72,577,77,143,167
54400158,0,,,25,10,15,0,0,0,24,9,15,18,7,11,22,8,14,22,8,14,6,2,4,2,1,1,1,1,0,1,1,0,3,1,2,14,14,8,2,3,1,0,0,0,6,4,2,0,4,3,2,0
54400160,0,,,2929,1435,1494,384,192,192,2299,1131,1168,1783,878,905,2196,1083,1113,2139,1051,1088,516,253,263,229,113,116,35,14,21,0,0,0,55,27,28,1435,1435,659,338,227,157,42,9,3,769,743,26,99,339,89,67,166
54400161,0,,,3160,1551,1609,458,227,231,2416,1187,1229,1954,958,996,2334,1145,1189,2284,1115,1169,462,229,233,187,87,100,42,14,28,2,0,2,50,25,25,1463,1463,606,355,251,190,42,12,7,840,784,56,140,304,78,50,124
54400162,0,,,410,232,178,39,23,16,317,180,137,233,140,93,295,161,134,286,156,130,84,40,44,37,16,21,12,3,9,1,0,1,2,2,0,204,203,113,37,27,13,6,6,1,87,69,18,14,57,17,8,15
54400163,0,,,952,471,481,206,99,107,744,371,373,551,289,262,713,352,361,694,342,352,193,82,111,98,40,58,24,7,17,2,0,2,14,4,10,326,326,67,74,65,73,38,4,5,257,222,35,35,123,17,17,31
54400164,0,,,1244,546,698,265,140,125,976,404,572,764,335,429,922,372,550,899,364,535,212,69,143,120,20,100,60,6,54,15,0,15,156,33,123,480,476,187,88,66,94,31,8,2,284,268,16,44,86,97,11,30
54400165,0,,,1410,677,733,156,79,77,1252,597,655,816,418,398,1198,564,634,1159,546,613,436,179,257,243,96,147,61,19,42,10,2,8,6,2,4,529,528,109,172,111,99,25,10,2,415,365,50,37,274,0,65,85
54400166,0,,,1517,673,844,199,101,98,1318,572,746,866,377,489,1258,541,717,1221,527,694,452,195,257,244,94,150,72,30,42,1,0,1,44,15,29,620,620,136,241,125,78,29,10,1,478,433,45,53,314,5,85,96
54400167,0,,,515,292,223,27,11,16,483,278,205,318,201,117,403,203,200,364,171,193,165,77,88,84,37,47,23,10,13,1,0,1,9,9,0,179,177,61,42,41,16,14,3,0,114,91,23,6,108,5,35,22
54400170,0,,,422,214,208,97,57,40,304,148,156,286,141,145,282,134,148,270,128,142,18,7,11,7,2,5,1,0,1,0,0,0,12,5,7,160,160,48,32,29,36,11,4,0,111,109,2,13,15,9,3,5
54400171,0,,,4657,2250,2407,901,468,433,3531,1683,1848,3086,1480,1606,3307,1580,1727,3183,1517,1666,445,203,242,168,77,91,39,15,24,2,2,0,246,118,128,1872,1872,565,441,379,380,91,14,2,1291,1258,33,216,307,45,73,125
54400172,0,,,996,514,482,106,49,57,808,424,384,608,327,281,740,368,372,718,358,360,200,97,103,91,43,48,21,10,11,3,1,2,11,6,5,432,431,177,103,72,53,18,7,1,244,210,34,27,130,15,23,27
54400173,0,,,1880,899,981,146,74,72,1724,824,900,997,475,522,1666,795,871,1633,781,852,727,349,378,307,151,156,66,23,43,3,1,2,8,3,5,781,781,153,327,174,94,23,10,0,623,562,61,24,460,1,104,199
54400174,0,,,3464,1716,1748,368,203,165,3014,1468,1546,1835,938,897,2941,1422,1519,2888,1393,1495,1179,530,649,535,214,321,181,52,129,14,1,13,33,10,23,1553,1551,563,490,266,144,61,20,7,965,841,124,92,755,53,226,249
54400175,0,,,4137,2015,2122,398,218,180,3692,1769,1923,2337,1193,1144,3578,1692,1886,3512,1651,1861,1355,576,779,692,254,438,254,75,179,29,4,25,41,17,24,1776,1771,552,617,348,183,49,15,7,1205,1093,112,140,832,67,203,283
54400176,0,,,2850,1389,1461,288,146,142,2523,1220,1303,1629,819,810,2438,1179,1259,2384,1149,1235,894,401,493,526,215,311,182,60,122,15,3,12,32,10,22,1223,1216,420,371,218,148,38,15,6,785,705,80,84,556,49,172,155
54400177,0,,,219,104,115,9,2,7,206,99,107,114,56,58,197,97,100,190,97,93,92,43,49,45,21,24,19,4,15,0,0,0,0,0,0,98,97,34,30,19,9,4,1,0,62,51,11,3,60,6,12,16
54400180,0,,,826,415,411,117,56,61,640,327,313,539,280,259,606,307,299,592,300,292,101,47,54,42,20,22,19,8,11,1,0,1,28,13,15,396,396,201,72,43,57,16,6,1,195,178,17,21,63,39,10,25
54400181,0,,,1378,660,718,179,84,95,1164,562,602,768,380,388,1106,528,578,1068,510,558,396,182,214,219,93,126,81,25,56,11,1,10,15,6,9,459,458,106,126,93,92,32,8,1,347,320,27,33,165,11,33,61
54400182,0,,,973,461,512,107,48,59,813,388,425,568,276,292,781,374,407,767,369,398,245,112,133,105,48,57,36,12,24,3,1,2,6,3,3,427,426,154,122,76,49,17,7,1,262,231,31,30,152,12,40,38
54400183,0,,,2248,1112,1136,198,113,85,1999,970,1029,1221,633,588,1945,947,998,1906,923,983,778,337,441,444,183,261,144,60,84,6,0,6,23,13,10,1014,1012,354,325,169,123,27,10,4,642,577,65,62,512,38,147,171
54400184,0,,,4250,2072,2178,524,260,264,3649,1765,1884,2583,1292,1291,3476,1681,1795,3374,1630,1744,1066,473,593,550,239,311,126,49,77,9,3,6,40,18,22,1832,1832,611,530,326,256,85,20,4,1202,1099,103,95,722,88,196,224
54400185,0,,,3154,1628,1526,293,153,140,2796,1433,1363,1910,1030,880,2669,1351,1318,2609,1318,1291,886,403,483,454,202,252,115,43,72,9,2,7,35,17,18,1429,1426,562,414,231,143,56,16,4,850,753,97,79,590,104,154,179
54400186,0,,,4096,2043,2053,425,218,207,3543,1757,1786,2535,1298,1237,3396,1706,1690,3339,1688,1651,1008,459,549,454,191,263,119,43,76,10,2,8,101,44,57,2051,2050,947,561,276,186,64,15,1,1074,991,83,124,713,144,242,209
54400187,0,,,994,508,486,171,90,81,791,402,389,631,335,296,743,375,368,722,363,359,160,67,93,90,30,60,49,14,35,11,2,9,14,8,6,382,381,132,88,68,62,25,4,2,237,227,10,44,61,22,14,19
54400189,0,,,40,17,23,5,0,5,35,17,18,23,12,11,33,16,17,31,16,15,12,5,7,7,4,3,0,0,0,0,0,0,0,0,0,11,11,0,4,1,3,2,0,1,11,9,2,0,7,0,0,4
54400190,0,,,1794,910,884,344,204,140,1372,671,701,1071,524,547,1302,635,667,1273,623,650,301,147,154,135,68,67,26,10,16,3,0,3,63,28,35,682,682,194,151,146,124,45,15,7,486,436,50,93,200,21,34,58
54400191,0,,,876,400,476,91,48,43,751,337,414,440,216,224,734,329,405,719,319,400,311,121,190,188,60,128,90,18,72,12,0,12,10,6,4,316,314,90,86,65,47,14,6,6,222,188,34,31,145,7,26,43
54400192,0,,,127,60,67,12,7,5,113,53,60,74,40,34,109,51,58,106,50,56,39,13,26,21,4,17,8,2,6,1,0,1,0,0,0,48,48,9,16,11,9,1,2,0,39,29,10,2,28,0,5,4
54400193,0,,,708,336,372,55,30,25,623,291,332,385,205,180,614,287,327,604,283,321,238,86,152,155,52,103,71,17,54,17,4,13,8,2,6,314,313,136,86,45,32,10,4,0,168,135,33,19,119,29,26,24
54400194,0,,,1361,689,672,136,78,58,1130,559,571,831,431,400,1096,541,555,1067,528,539,299,128,171,148,59,89,31,10,21,0,0,0,19,7,12,714,714,376,154,97,65,9,10,3,332,307,25,39,210,73,69,52
54400195,0,,,4344,2114,2230,351,184,167,3786,1813,1973,2341,1203,1138,3677,1755,1922,3595,1719,1876,1445,610,835,847,318,529,285,97,188,20,5,15,102,35,67,2217,2216,1085,572,285,176,76,16,6,1106,941,165,83,1016,107,373,230
54400196,0,,,4369,2247,2122,390,220,170,3708,1873,1835,2646,1429,1217,3610,1819,1791,3536,1785,1751,1062,444,618,557,199,358,189,53,136,15,1,14,108,48,60,2324,2319,1189,592,301,180,41,14,2,1095,1000,95,128,745,136,286,186
54400197,0,,,1358,684,674,124,64,60,1208,604,604,830,439,391,1166,577,589,1145,566,579,378,165,213,224,92,132,87,32,55,6,2,4,25,11,14,616,615,229,211,86,62,22,4,1,380,348,32,37,225,19,56,75
54400199,0,,,227,110,117,24,8,16,203,102,101,108,59,49,198,99,99,194,98,96,95,43,52,42,17,25,16,3,13,4,1,3,3,3,0,83,83,18,27,12,18,4,2,2,65,47,18,5,55,3,11,18
54400200,0,,,134,71,63,5,3,2,127,66,61,72,41,31,125,66,59,120,63,57,55,25,30,24,9,15,9,3,6,1,1,0,5,3,2,52,52,13,10,15,14,0,0,0,38,21,17,0,35,0,6,8
54400201,0,,,242,122,120,30,15,15,212,107,105,120,62,58,206,105,101,203,102,101,92,45,47,50,19,31,19,3,16,1,0,1,3,1,2,75,75,7,22,19,9,13,3,2,68,41,27,4,55,0,6,12
54400202,0,,,277,151,126,25,12,13,252,139,113,193,108,85,246,135,111,239,133,106,59,31,28,19,5,14,2,1,1,0,0,0,22,15,7,128,127,48,37,20,18,2,2,0,77,70,7,6,42,11,9,12
54400203,0,,,180,86,94,19,9,10,160,77,83,94,47,47,157,75,82,151,73,78,66,30,36,35,15,20,10,5,5,0,0,0,8,3,5,81,81,22,33,15,8,3,0,0,57,52,5,2,46,0,16,13
54400204,0,,,334,144,190,20,10,10,314,134,180,180,90,90,308,132,176,306,132,174,134,44,90,88,22,66,51,11,40,13,0,13,2,2,0,86,81,17,30,17,12,4,0,1,63,54,9,3,43,0,7,9
54400205,0,,,583,278,305,46,20,26,537,258,279,237,115,122,523,253,270,516,252,264,300,143,157,183,78,105,82,30,52,10,4,6,7,1,6,162,160,37,59,29,22,6,4,3,123,99,24,11,103,2,25,27
54400206,0,,,85,41,44,10,5,5,75,36,39,42,23,19,75,36,39,75,36,39,33,13,20,17,6,11,2,1,1,0,0,0,2,0,2,33,33,6,12,9,3,2,1,0,27,21,6,3,24,0,4,6
54400207,0,,,54,28,26,3,1,2,51,27,24,21,13,8,51,27,24,51,27,24,30,14,16,15,6,9,6,2,4,0,0,0,0,0,0,19,19,3,7,5,1,2,0,1,16,12,4,1,17,0,3,4
54400208,0,,,31,15,16,0,0,0,31,15,16,14,9,5,31,15,16,30,14,16,17,6,11,7,2,5,2,1,1,0,0,0,0,0,0,16,16,7,5,2,2,0,0,0,9,7,2,0,13,0,6,3
54400209,0,,,181,92,89,6,3,3,175,89,86,88,47,41,172,87,85,169,86,83,87,42,45,45,21,24,22,10,12,1,0,1,0,0,0,68,68,15,20,18,9,2,2,2,53,37,16,1,56,0,12,11
54400210,0,,,175,86,89,10,2,8,165,84,81,88,52,36,162,82,80,161,82,79,77,32,45,35,12,23,15,3,12,3,3,0,2,0,2,62,62,11,21,12,9,6,1,2,51,33,18,3,47,0,8,12
54400211,0,,,157,74,83,17,9,8,140,65,75,75,38,37,135,63,72,132,61,71,65,27,38,28,10,18,9,0,9,0,0,0,1,0,1,57,57,7,22,12,11,4,1,0,50,37,13,6,41,0,4,15
54400212,0,,,353,175,178,30,18,12,321,155,166,209,108,101,311,150,161,307,148,159,112,47,65,61,21,40,17,6,11,1,0,1,10,5,5,145,145,40,43,32,22,6,1,1,103,80,23,7,80,0,18,16
54400213,0,,,613,311,302,53,28,25,559,283,276,376,197,179,533,267,266,522,263,259,183,86,97,77,30,47,17,5,12,1,0,1,17,8,9,243,243,62,79,51,30,11,5,5,176,150,26,11,130,2,36,36
54400214,0,,,700,343,357,62,32,30,634,309,325,382,194,188,620,304,316,610,298,312,252,115,137,100,41,59,27,6,21,0,0,0,25,18,7,304,304,91,107,54,35,10,6,1,210,179,31,13,172,10,42,52
54400215,0,,,209,105,104,17,12,5,192,93,99,116,59,57,186,91,95,183,90,93,76,34,42,32,11,21,4,1,3,0,0,0,6,2,4,89,89,23,38,12,10,4,0,2,66,57,9,6,53,0,13,18
54400216,0,,,333,169,164,19,9,10,313,159,154,175,95,80,306,158,148,300,157,143,138,64,74,54,21,33,14,5,9,0,0,0,5,1,4,134,134,34,48,26,16,3,4,3,100,78,22,2,91,1,21,25
54400217,0,,,133,60,73,25,10,15,108,50,58,64,30,34,104,47,57,99,44,55,44,20,24,13,4,9,4,0,4,0,0,0,3,1,2,41,41,4,17,7,3,1,7,2,37,25,12,6,31,0,3,7
54400218,0,,,221,106,115,16,10,6,203,94,109,117,58,59,195,92,103,192,90,102,86,36,50,33,12,21,12,3,9,1,0,1,4,2,2,84,84,18,32,11,12,9,1,1,65,43,22,3,64,0,14,15
54400219,0,,,92,49,43,9,6,3,83,43,40,45,25,20,79,42,37,79,42,37,38,18,20,18,8,10,5,1,4,0,0,0,0,0,0,33,33,7,8,8,7,1,2,0,26,20,6,1,25,0,5,3
54400220,0,,,1000,473,527,134,63,71,866,410,456,623,310,313,808,375,433,781,361,420,243,100,143,131,46,85,54,11,43,7,3,4,9,2,7,330,329,34,106,91,67,24,6,1,294,260,34,15,125,0,17,38
54400221,0,,,45,22,23,2,1,1,43,21,22,26,13,13,40,20,20,38,20,18,17,8,9,6,2,4,4,1,3,0,0,0,0,0,0,13,13,1,3,4,1,3,0,1,12,9,3,1,9,0,1,2
54400222,0,,,403,193,210,36,17,19,367,176,191,200,101,99,354,168,186,348,166,182,167,75,92,87,37,50,31,11,20,1,0,1,5,3,2,152,151,34,55,30,16,11,4,1,116,99,17,7,96,0,24,33
54400223,0,,,843,409,434,89,43,46,754,366,388,490,257,233,736,358,378,724,350,374,264,109,155,139,47,92,41,9,32,2,1,1,10,3,7,318,318,79,93,60,54,20,9,3,238,176,62,23,186,10,40,38
54400224,0,,,298,159,139,27,15,12,270,144,126,187,108,79,267,141,126,261,138,123,83,36,47,41,16,25,13,4,9,1,0,1,18,12,6,127,127,50,25,29,12,7,2,2,76,57,19,10,59,15,15,6
54400225,0,,,447,235,212,17,13,4,430,222,208,263,145,118,415,215,200,406,209,197,167,77,90,90,39,51,19,4,15,2,0,2,22,11,11,182,182,60,48,41,14,8,6,5,121,86,35,2,115,5,29,18
54400226,1,,54400236,308,155,153,33,20,13,283,139,144,178,92,86,275,135,140,271,133,138,105,47,58,55,24,31,16,5,11,0,0,0,1,0,1,103,103,20,28,22,18,12,2,4,83,54,29,6,69,0,10,16
54400227,1,,54400238,94,52,42,6,4,2,90,50,40,55,33,22,89,50,39,88,49,39,35,17,18,17,9,8,7,3,4,0,0,0,0,0,0,40,40,12,16,6,6,2,0,0,30,24,6,2,26,0,8,5
54400228,0,,,100,45,55,8,4,4,92,41,51,49,24,25,90,40,50,90,40,50,43,17,26,20,6,14,6,0,6,1,0,1,0,0,0,36,36,5,13,10,4,2,1,1,31,18,13,1,27,0,4,6
54400230,0,,,1805,869,936,211,109,102,1593,759,834,1153,565,588,1504,709,795,1452,682,770,440,194,246,215,77,138,44,12,32,3,0,3,20,8,12,660,660,108,233,133,117,55,11,3,550,482,68,36,305,2,50,98
54400231,0,,,777,371,406,61,32,29,715,339,376,417,204,213,694,335,359,680,326,354,298,135,163,135,59,76,27,9,18,1,0,1,17,7,10,336,336,96,124,64,27,18,6,1,234,196,38,10,207,7,50,65
54400232,0,,,654,296,358,46,17,29,607,279,328,329,169,160,593,270,323,584,267,317,278,110,168,143,49,94,41,8,33,4,0,4,6,0,6,252,251,65,86,45,34,10,8,3,183,144,39,14,167,3,40,48
54400233,0,,,178,85,93,13,7,6,165,78,87,107,51,56,160,77,83,155,75,80,58,27,31,27,11,16,11,4,7,2,0,2,0,0,0,63,63,13,11,22,11,3,3,0,50,35,15,3,34,0,4,8
54400236,2,54400226,,8,4,4,*,*,*,*,*,*,*,*,*,*,*,*,*,*,*,*,*,*,*,*,*,*,*,*,*,*,*,*,*,*,3,3,*,*,*,*,*,*,*,*,*,*,*,*,*,*,*
54400237,0,,,70,37,33,4,1,3,66,36,30,29,18,11,64,34,30,64,34,30,37,18,19,16,8,8,2,0,2,0,0,0,0,0,0,24,24,1,13,4,3,1,1,1,23,18,5,2,20,0,0,10
54400238,2,54400227,,2,2,0,*,*,*,*,*,*,*,*,*,*,*,*,*,*,*,*,*,*,*,*,*,*,*,*,*,*,*,*,*,*,2,2,*,*,*,*,*,*,*,*,*,*,*,*,*,*,*
54400273,0,,,141,73,68,19,13,6,122,60,62,80,40,40,118,59,59,112,55,57,42,20,22,16,6,10,4,0,4,0,0,0,4,4,0,47,47,12,9,8,12,1,4,1,35,21,14,5,28,3,5,6
54400275,0,,,48,29,19,0,0,0,48,29,19,27,19,8,48,29,19,48,29,19,21,10,11,8,6,2,2,1,1,0,0,0,0,0,0,16,16,0,6,5,4,1,0,0,16,14,2,0,12,0,0,4
54400276,0,,,389,202,187,31,14,17,358,188,170,227,127,100,350,184,166,343,178,165,131,61,70,70,28,42,31,12,19,4,0,4,6,3,3,126,125,27,34,27,18,11,3,5,97,65,32,7,82,1,14,15
54400277,0,,,188,99,89,20,11,9,168,88,80,107,61,46,164,85,79,160,83,77,61,27,34,29,11,18,6,2,4,0,0,0,12,11,1,58,58,11,13,12,8,6,5,3,46,25,21,5,36,5,2,8
54400278,1,,54400279,230,108,122,16,6,10,216,103,113,116,55,61,208,101,107,207,100,107,100,48,52,42,17,25,13,2,11,2,1,1,3,0,3,76,76,7,25,21,17,1,4,2,69,49,20,1,60,0,3,19
54400279,2,54400278,,2,1,1,*,*,*,*,*,*,*,*,*,*,*,*,*,*,*,*,*,*,*,*,*,*,*,*,*,*,*,*,*,*,1,1,*,*,*,*,*,*,*,*,*,*,*,*,*,*,*
54400280,0,,,444,221,223,36,20,16,408,201,207,240,127,113,395,191,204,386,188,198,168,74,94,77,33,44,26,4,22,4,0,4,6,5,1,153,153,23,51,34,25,8,7,5,128,83,45,7,108,1,12,26
54400281,0,,,189,91,98,14,6,8,175,85,90,94,49,45,172,84,88,170,83,87,81,36,45,36,13,23,17,4,13,2,0,2,5,5,0,57,57,7,16,13,7,6,4,4,47,29,18,2,50,0,6,11
54400282,0,,,164,88,76,10,5,5,154,83,71,77,46,31,148,80,68,146,80,66,77,37,40,44,21,23,11,6,5,0,0,0,8,8,0,65,65,17,21,16,3,5,1,2,48,36,12,1,49,4,8,13
54400283,0,,,42,20,22,7,2,5,35,18,17,22,12,10,33,16,17,31,16,15,13,6,7,3,1,2,2,0,2,0,0,0,0,0,0,13,13,2,3,4,1,1,1,1,11,8,3,2,9,0,2,1
54400284,0,,,226,109,117,21,12,9,205,97,108,110,52,58,199,93,106,192,89,103,95,45,50,46,19,27,9,3,6,0,0,0,1,0,1,76,76,10,30,11,14,3,4,4,66,50,16,4,60,0,8,21
54400285,0,,,251,121,130,24,11,13,227,110,117,136,75,61,221,106,115,215,103,112,91,35,56,38,16,22,17,4,13,0,0,0,4,3,1,93,93,23,25,20,16,4,1,4,69,49,20,6,61,3,11,10
54400286,0,,,290,150,140,28,16,12,262,134,128,161,85,76,255,130,125,251,129,122,101,49,52,39,16,23,12,2,10,1,0,1,5,1,4,106,105,18,42,19,13,7,3,3,86,68,18,3,62,0,8,21
54400287,0,,,250,114,136,18,8,10,232,106,126,115,63,52,231,106,125,227,103,124,117,43,74,57,17,40,22,3,19,4,0,4,0,0,0,86,85,18,28,13,18,4,2,2,66,51,15,5,65,0,16,14
54400288,0,,,74,30,44,4,1,3,70,29,41,39,18,21,67,28,39,65,28,37,31,11,20,14,3,11,8,0,8,2,0,2,1,1,0,28,28,7,11,3,4,0,1,2,21,16,5,0,20,0,6,4
54400289,0,,,423,207,216,48,25,23,375,182,193,197,97,100,372,180,192,366,177,189,178,85,93,87,33,54,42,16,26,3,0,3,7,7,0,147,147,23,49,39,18,9,2,7,123,86,37,12,109,0,18,28
54400290,0,,,888,448,440,201,117,84,674,322,352,588,281,307,630,303,327,602,292,310,86,41,45,37,16,21,13,5,8,2,1,1,21,9,12,316,316,79,65,60,76,23,11,2,235,214,21,54,59,19,11,16
54400291,0,,,215,108,107,18,10,8,192,96,96,108,57,51,185,92,93,184,92,92,84,39,45,41,17,24,13,4,9,0,0,0,6,6,0,75,75,17,24,11,9,6,5,3,55,37,18,1,54,5,9,11
54400292,0,,,151,75,76,14,7,7,137,68,69,80,41,39,130,65,65,123,61,62,57,27,30,22,10,12,6,2,4,0,0,0,1,0,1,53,53,11,15,10,9,5,2,1,41,31,10,3,36,0,8,9
54400293,0,,,233,114,119,18,9,9,215,105,110,105,48,57,208,103,105,206,103,103,110,57,53,48,25,23,11,4,7,0,0,0,0,0,0,81,81,12,29,20,8,5,3,4,68,49,19,2,69,0,9,23
54400294,0,,,65,37,28,8,4,4,57,33,24,36,22,14,55,32,23,54,31,23,21,11,10,7,3,4,2,1,1,0,0,0,0,0,0,27,27,5,12,5,4,1,0,0,22,21,1,2,13,0,2,6
54400295,0,,,104,56,48,5,4,1,99,52,47,74,40,34,94,51,43,93,50,43,25,12,13,9,4,5,2,1,1,0,0,0,0,0,0,40,39,13,14,6,2,3,1,0,26,23,3,1,19,0,6,6
54400296,0,,,218,109,109,15,10,5,203,99,104,140,70,70,199,96,103,190,90,100,63,29,34,26,11,15,6,2,4,1,0,1,0,0,0,86,86,21,29,15,15,4,1,1,64,54,10,2,47,0,16,9
54400297,0,,,217,145,72,14,7,7,203,138,65,146,108,38,138,75,63,129,66,63,57,30,27,21,11,10,4,3,1,0,0,0,0,0,0,44,43,3,6,15,12,4,2,1,40,24,16,4,34,0,3,6
54400298,0,,,250,127,123,20,14,6,230,113,117,114,61,53,226,111,115,223,110,113,116,52,64,54,21,33,23,5,18,3,1,2,0,0,0,93,93,24,24,19,13,9,4,0,69,40,29,5,71,0,19,10
54400299,0,,,104,51,53,8,3,5,96,48,48,57,31,26,96,48,48,95,48,47,39,17,22,20,8,12,6,2,4,0,0,0,0,0,0,38,38,7,14,7,6,1,2,1,29,19,10,0,26,0,5,5
54400307,1,,54400308,156,72,84,11,5,6,147,68,79,81,40,41,146,68,78,143,68,75,66,28,38,32,12,20,9,2,7,0,0,0,1,0,1,56,56,7,21,16,7,4,1,1,50,38,12,2,39,0,4,8
54400308,2,54400307,,2,1,1,*,*,*,*,*,*,*,*,*,*,*,*,*,*,*,*,*,*,*,*,*,*,*,*,*,*,*,*,*,*,1,1,*,*,*,*,*,*,*,*,*,*,*,*,*,*,*
54400309,0,,,30,11,19,7,1,6,23,10,13,17,8,9,22,9,13,20,8,12,6,2,4,5,1,4,1,0,1,0,0,0,1,0,1,11,9,2,2,2,0,2,1,0,7,5,2,2,4,0,1,0
54400317,0,,,208,106,102,11,9,2,197,97,100,112,53,59,191,94,97,185,91,94,85,44,41,45,22,23,21,9,12,4,2,2,1,1,0,68,68,11,18,16,14,1,5,3,57,36,21,2,52,0,6,9
54400318,0,,,127,64,63,18,7,11,109,57,52,61,30,31,108,57,51,107,56,51,48,27,21,21,13,8,9,6,3,0,0,0,2,1,1,43,43,5,18,8,6,2,2,2,38,28,10,6,31,0,3,12
54400319,0,,,73,39,34,9,4,5,64,35,29,46,25,21,61,33,28,58,32,26,18,10,8,8,4,4,3,1,2,0,0,0,0,0,0,20,20,3,3,4,5,1,2,2,17,10,7,1,11,2,0,1
54400326,0,,,26,13,13,2,1,1,24,12,12,15,8,7,22,11,11,22,11,11,9,4,5,5,1,4,5,1,4,0,0,0,0,0,0,9,9,0,2,6,1,0,0,0,9,6,3,0,5,0,0,0
54400327,0,,,365,182,183,28,17,11,337,165,172,185,103,82,328,159,169,325,157,168,152,62,90,77,24,53,34,10,24,5,1,4,3,2,1,129,127,25,44,27,16,7,7,1,99,69,30,7,85,4,12,18
54400328,0,,,109,52,57,14,6,8,95,46,49,65,33,32,88,44,44,83,44,39,30,13,17,11,4,7,3,1,2,0,0,0,0,0,0,33,33,3,10,5,6,7,2,0,30,22,8,1,17,0,2,6
54400329,0,,,306,137,169,52,26,26,254,111,143,187,83,104,239,109,130,231,107,124,67,28,39,35,16,19,11,6,5,0,0,0,27,24,3,114,114,33,27,22,18,8,3,3,81,57,24,16,45,16,9,6
54400336,0,,,276,130,146,40,21,19,236,109,127,138,63,75,228,108,120,225,108,117,98,46,52,45,20,25,14,6,8,1,0,1,5,0,5,80,80,13,16,16,13,6,13,3,67,37,30,7,60,4,3,14
54400337,0,,,306,149,157,30,15,15,276,134,142,177,89,88,273,133,140,270,132,138,99,45,54,40,14,26,15,4,11,2,0,2,3,2,1,102,102,11,30,27,22,8,3,1,91,67,24,11,65,0,7,14
54400338,0,,,198,92,106,16,8,8,182,84,98,122,59,63,180,82,98,176,79,97,60,25,35,35,13,22,14,5,9,2,1,1,19,1,18,69,69,23,12,11,8,8,4,3,46,24,22,6,36,15,2,2
54400339,0,,,137,67,70,12,2,10,125,65,60,71,42,29,121,62,59,121,62,59,54,23,31,28,12,16,12,4,8,1,0,1,4,4,0,41,41,11,7,6,5,5,3,4,30,14,16,0,31,4,6,3
54400345,0,,,27,16,11,4,4,0,23,12,11,14,7,7,23,12,11,23,12,11,9,5,4,5,3,2,2,1,1,0,0,0,0,0,0,10,10,3,3,1,0,3,0,0,7,2,5,1,6,0,1,1
54400346,0,,,298,155,143,35,24,11,263,131,132,163,79,84,256,128,128,250,125,125,100,52,48,44,18,26,20,7,13,3,2,1,3,1,2,93,93,18,27,14,13,5,7,9,74,43,31,6,65,0,11,15
54400347,0,,,140,72,68,10,4,6,130,68,62,79,45,34,129,67,62,125,66,59,51,23,28,30,15,15,14,7,7,0,0,0,0,0,0,48,48,7,15,12,7,4,2,1,40,24,16,3,32,0,2,6
54400348,0,,,127,55,72,9,4,5,118,51,67,77,36,41,114,49,65,106,46,60,41,15,26,20,8,12,5,2,3,0,0,0,19,2,17,52,52,23,7,12,3,2,3,2,29,17,12,3,25,13,3,3
54400349,0,,,66,35,31,7,0,7,59,35,24,36,23,13,59,35,24,59,35,24,23,12,11,10,4,6,3,1,2,1,1,0,10,10,0,29,29,14,3,7,3,0,1,1,15,10,5,1,14,10,3,1
54400355,0,,,350,176,174,31,14,17,319,162,157,165,90,75,311,158,153,308,156,152,154,72,82,67,22,45,26,6,20,1,0,1,2,0,2,116,116,18,37,24,19,6,6,6,97,59,38,10,96,0,11,20
54400356,0,,,225,111,114,23,11,12,202,100,102,137,68,69,199,97,102,199,97,102,65,32,33,36,16,20,18,5,13,0,0,0,0,0,0,74,74,10,21,21,11,4,4,3,62,40,22,9,47,0,5,6
54400357,0,,,113,58,55,14,4,10,99,54,45,62,36,26,95,52,43,94,51,43,37,18,19,21,10,11,6,2,4,1,0,1,10,9,1,49,49,23,8,9,2,4,2,1,26,16,10,3,27,8,8,4
54400358,0,,,106,51,55,4,1,3,102,50,52,69,38,31,96,46,50,93,45,48,33,12,21,9,3,6,1,0,1,0,0,0,7,0,7,42,42,12,12,7,7,3,1,0,30,24,6,1,22,6,2,5
54400359,0,,,115,60,55,10,5,5,105,55,50,50,26,24,105,55,50,105,55,50,55,29,26,20,8,12,8,2,6,2,0,2,0,0,0,43,43,4,21,7,8,2,1,0,39,31,8,3,32,0,1,14
54400364,0,,,66,34,32,3,1,2,63,33,30,38,20,18,62,33,29,60,33,27,25,13,12,13,6,7,2,1,1,0,0,0,0,0,0,17,17,1,2,5,3,2,4,0,16,7,9,0,15,0,1,1
54400365,0,,,398,200,198,44,22,22,354,178,176,193,99,94,341,172,169,336,168,168,161,79,82,70,29,41,27,9,18,3,1,2,5,0,5,126,126,18,36,30,20,8,10,4,108,67,41,7,102,0,12,16
54400366,0,,,205,102,103,17,12,5,188,90,98,102,50,52,181,87,94,177,84,93,86,40,46,46,19,27,16,4,12,1,1,0,5,3,2,73,73,13,24,15,12,4,4,1,60,39,21,3,54,3,7,12
54400367,0,,,53,30,23,2,2,0,51,28,23,38,24,14,51,28,23,51,28,23,13,4,9,6,1,5,3,0,3,0,0,0,2,2,0,23,23,6,8,5,4,0,0,0,17,13,4,0,10,0,1,2
54400368,0,,,135,77,58,11,6,5,124,71,53,76,48,28,123,70,53,120,67,53,48,23,25,19,9,10,11,3,8,1,0,1,9,9,0,48,48,14,11,7,8,4,3,1,34,19,15,4,30,4,3,6
54400369,0,,,118,59,59,12,5,7,106,54,52,71,36,35,104,53,51,101,52,49,35,18,17,22,13,9,6,4,2,0,0,0,8,2,6,42,42,10,11,8,7,3,2,1,32,22,10,3,21,4,1,5
54400373,0,,,42,20,22,3,0,3,39,20,19,14,7,7,39,20,19,39,20,19,25,13,12,11,6,5,4,2,2,2,2,0,0,0,0,15,15,3,6,2,1,2,0,1,12,7,5,1,13,0,2,5
54400374,0,,,235,114,121,18,7,11,217,107,110,119,59,60,211,105,106,208,103,105,98,48,50,50,22,28,22,9,13,2,1,1,1,1,0,78,78,13,22,17,14,5,4,3,65,41,24,7,59,0,6,10
54400375,0,,,178,82,96,19,5,14,159,77,82,86,43,43,157,76,81,157,76,81,73,34,39,28,10,18,17,4,13,1,0,1,1,0,1,60,60,13,11,17,9,5,4,1,47,29,18,6,46,0,10,5
54400376,0,,,59,31,28,11,5,6,48,26,22,35,17,18,46,25,21,45,24,21,13,9,4,5,2,3,2,1,1,0,0,0,1,0,1,23,23,6,6,5,4,2,0,0,17,14,3,0,9,1,3,1
54400377,0,,,102,51,51,3,2,1,99,49,50,58,29,29,97,47,50,95,46,49,41,20,21,24,7,17,10,3,7,0,0,0,1,0,1,30,30,3,8,6,6,3,3,1,27,12,15,0,28,0,3,2
54400378,0,,,115,63,52,11,8,3,104,55,49,67,37,30,103,55,48,101,54,47,37,18,19,18,8,10,10,4,6,2,0,2,4,4,0,38,38,8,8,8,6,5,3,0,30,19,11,3,23,0,2,5
54400379,0,,,94,48,46,4,0,4,90,48,42,44,26,18,90,48,42,89,48,41,46,22,24,20,8,12,9,3,6,0,0,0,2,1,1,30,30,4,7,11,2,3,2,1,26,15,11,2,25,1,2,3
54400380,0,,,42,20,22,6,1,5,36,19,17,13,9,4,36,19,17,36,19,17,23,10,13,14,6,8,6,2,4,1,0,1,0,0,0,17,17,4,6,2,5,0,0,0,13,9,4,1,13,0,4,4
54400383,0,,,210,101,109,15,7,8,195,94,101,118,60,58,192,92,100,190,90,100,77,34,43,46,17,29,18,6,12,0,0,0,14,5,9,65,65,20,7,11,10,9,3,5,45,18,27,4,41,11,3,2
54400384,0,,,362,182,180,34,16,18,328,166,162,199,101,98,320,163,157,314,159,155,129,65,64,55,23,32,20,8,12,0,0,0,1,1,0,122,122,17,36,30,23,9,5,2,104,67,37,9,84,0,13,19
54400385,0,,,75,35,40,7,3,4,68,32,36,51,26,25,65,30,35,64,30,34,17,6,11,14,5,9,5,1,4,0,0,0,0,0,0,25,25,4,9,3,5,1,2,1,21,14,7,4,12,0,2,2
54400386,0,,,186,90,96,31,14,17,155,76,79,100,50,50,153,75,78,151,75,76,55,26,29,23,10,13,8,2,6,0,0,0,11,10,1,55,54,9,14,8,10,3,5,5,44,26,18,6,35,1,2,8
54400387,0,,,150,76,74,10,7,3,140,69,71,79,44,35,139,69,70,135,66,69,61,25,36,30,11,19,11,3,8,1,0,1,1,1,0,45,45,6,14,6,8,3,5,3,39,21,18,2,36,1,4,8
54400388,0,,,95,54,41,8,3,5,87,51,36,49,29,20,86,50,36,85,49,36,38,22,16,21,10,11,13,7,6,1,1,0,10,9,1,36,36,11,11,4,6,2,1,1,25,13,12,2,22,6,1,7
54400389,0,,,168,86,82,20,9,11,148,77,71,84,47,37,145,76,69,142,75,67,64,30,34,20,9,11,9,4,5,0,0,0,7,5,2,59,59,14,13,15,9,3,3,2,45,28,17,4,38,5,4,6
54400390,1,,54400391,102,47,55,13,8,5,99,45,54,56,26,30,98,44,54,95,43,52,43,19,24,23,9,14,10,4,6,0,0,0,8,0,8,39,39,10,17,6,4,4,1,1,33,26,7,3,28,7,2,11
54400391,2,54400390,,10,6,4,*,*,*,*,*,*,*,*,*,*,*,*,*,*,*,*,*,*,*,*,*,*,*,*,*,*,*,*,*,*,4,4,*,*,*,*,*,*,*,*,*,*,*,*,*,*,*
54400393,0,,,170,91,79,11,3,8,159,88,71,98,62,36,154,84,70,151,82,69,61,26,35,31,14,17,11,6,5,1,0,1,3,2,1,48,48,7,10,8,8,8,5,2,40,17,23,2,38,2,3,4
54400394,0,,,183,84,99,23,8,15,160,76,84,107,54,53,154,71,83,153,71,82,53,22,31,28,10,18,16,6,10,0,0,0,1,0,1,56,56,8,11,14,13,5,2,3,48,27,21,4,33,1,4,5
54400395,0,,,66,31,35,5,1,4,61,30,31,37,16,21,59,30,29,59,30,29,24,14,10,14,6,8,4,1,3,0,0,0,0,0,0,20,20,3,6,1,6,1,2,1,16,6,10,3,18,0,3,3
54400396,0,,,89,46,43,3,1,2,86,45,41,43,25,18,84,45,39,81,44,37,43,20,23,19,8,11,10,3,7,1,1,0,1,0,1,33,33,6,9,9,7,2,0,0,27,18,9,1,25,0,3,5
54400397,0,,,170,83,87,18,11,7,152,72,80,83,41,42,151,72,79,149,70,79,69,31,38,30,11,19,9,3,6,1,1,0,8,4,4,58,58,17,12,9,8,4,6,2,40,20,20,3,44,3,9,7
54400398,0,,,188,94,94,13,7,6,175,87,88,106,54,52,172,85,87,169,84,85,69,33,36,36,14,22,9,3,6,0,0,0,0,0,0,64,64,9,21,15,8,6,5,0,55,36,19,3,43,0,4,11
54400399,0,,,117,62,55,12,8,4,105,54,51,65,34,31,104,54,50,102,53,49,40,20,20,14,5,9,4,0,4,0,0,0,3,2,1,39,39,4,13,11,6,2,2,1,35,25,10,5,25,1,1,3
54400400,0,,,132,76,56,19,11,8,113,65,48,81,50,31,110,64,46,108,62,46,32,15,17,24,11,13,5,2,3,0,0,0,0,0,0,41,41,8,9,6,9,4,4,1,33,22,11,3,24,1,4,2
54400401,0,,,93,48,45,11,7,4,82,41,41,47,25,22,80,40,40,79,39,40,35,16,19,16,7,9,5,3,2,0,0,0,1,0,1,32,32,4,8,10,8,1,1,0,28,16,12,3,25,0,4,4
54400402,0,,,72,34,38,9,3,6,63,31,32,44,21,23,63,31,32,63,31,32,19,10,9,7,1,6,4,1,3,0,0,0,2,2,0,26,26,6,7,6,4,0,3,0,20,15,5,1,14,1,2,2
54400403,0,,,303,169,134,41,31,10,262,138,124,158,92,66,250,132,118,244,128,116,104,46,58,49,23,26,13,3,10,0,0,0,1,1,0,66,65,7,16,21,7,5,5,4,58,34,24,4,52,0,4,10
54400404,0,,,20,9,11,3,1,2,17,8,9,11,5,6,17,8,9,17,8,9,6,3,3,3,1,2,2,1,1,0,0,0,0,0,0,7,7,2,1,2,1,0,1,0,5,3,2,2,4,0,1,1
54400407,1,,54400408,102,54,48,5,4,1,150,100,50,92,71,21,149,99,50,141,92,49,58,29,29,26,16,10,5,2,3,0,0,0,0,0,0,37,37,51,19,11,4,3,1,0,36,31,5,0,35,31,2,10
54400408,2,54400407,,57,54,3,*,*,*,*,*,*,*,*,*,*,*,*,*,*,*,*,*,*,*,*,*,*,*,*,*,*,*,*,*,*,52,52,*,*,*,*,*,*,*,*,*,*,*,*,*,*,*
54400409,0,,,254,229,25,1,1,0,253,228,25,221,212,9,84,59,25,58,33,25,32,16,16,12,5,7,4,1,3,0,0,0,4,2,2,29,28,9,12,3,2,2,0,0,19,14,5,0,18,2,4,6
54400410,0,,,275,145,130,30,19,11,245,126,119,148,82,66,240,123,117,236,120,116,97,44,53,39,13,26,16,5,11,0,0,0,8,0,8,116,116,33,41,20,13,6,3,0,82,66,16,8,65,7,14,17
54400411,0,,,205,102,103,17,10,7,188,92,96,107,58,49,183,89,94,181,88,93,81,34,47,54,16,38,34,8,26,4,0,4,2,0,2,61,60,11,12,12,11,10,2,2,47,25,22,4,47,0,8,6
54400412,0,,,298,155,143,33,19,14,265,136,129,156,90,66,250,127,123,239,121,118,109,46,63,47,19,28,14,4,10,2,1,1,5,4,1,96,96,19,20,20,17,10,9,1,77,47,30,5,67,1,14,10
54400413,0,,,171,86,85,16,8,8,155,78,77,92,50,42,151,77,74,150,76,74,63,28,35,26,11,15,10,3,7,2,0,2,0,0,0,55,55,9,14,14,8,4,3,3,46,24,22,5,42,0,3,5
54400414,2,54400423,,2,1,1,*,*,*,*,*,*,*,*,*,*,*,*,*,*,*,*,*,*,*,*,*,*,*,*,*,*,*,*,*,*,1,1,*,*,*,*,*,*,*,*,*,*,*,*,*,*,*
54400416,0,,,230,120,110,15,10,5,215,110,105,122,65,57,209,106,103,204,104,100,93,45,48,34,14,20,8,2,6,1,0,1,3,0,3,84,84,18,27,15,13,7,2,2,66,49,17,2,63,0,12,8
54400417,0,,,448,236,212,53,27,26,384,204,180,239,123,116,377,202,175,371,199,172,145,81,64,59,33,26,12,6,6,2,0,2,5,0,5,196,196,85,41,30,22,12,2,4,107,82,25,15,105,2,42,13
54400418,0,,,234,124,110,14,7,7,220,117,103,124,65,59,217,116,101,213,115,98,96,52,44,49,24,25,13,3,10,0,0,0,1,1,0,84,83,31,27,9,8,2,6,0,50,38,12,2,62,0,24,16
54400419,0,,,578,310,268,40,22,18,534,285,249,260,150,110,522,278,244,518,275,243,274,135,139,150,71,79,28,13,15,1,0,1,5,4,1,263,262,85,107,36,21,7,1,5,168,143,25,10,172,1,54,67
54400420,0,,,142,66,76,16,8,8,126,58,68,73,36,37,124,56,68,120,54,66,53,22,31,19,6,13,11,2,9,1,0,1,9,5,4,52,52,16,11,12,3,7,1,2,35,20,15,2,33,2,5,2
54400421,0,,,81,41,40,5,5,0,76,36,40,52,26,26,73,34,39,72,33,39,24,10,14,11,2,9,4,1,3,0,0,0,2,0,2,25,25,6,4,4,4,4,2,1,19,10,9,1,16,1,2,0
54400422,0,,,368,190,178,28,16,12,340,174,166,196,107,89,330,166,164,321,161,160,144,67,77,71,28,43,19,4,15,0,0,0,0,0,0,116,116,17,29,20,27,16,4,3,99,52,47,9,96,2,12,17
54400423,1,,54400414,138,68,70,14,7,7,126,62,64,76,41,35,123,59,64,116,57,59,50,21,29,18,7,11,8,2,6,2,0,2,7,0,7,48,48,17,11,3,8,3,4,3,31,15,16,2,29,8,1,5
54400424,0,,,140,71,69,15,8,7,125,63,62,73,36,37,124,63,61,124,63,61,52,27,25,26,11,15,5,2,3,0,0,0,0,0,0,39,39,3,6,9,13,3,4,1,35,19,16,3,32,0,2,4
54400426,0,,,177,83,94,8,5,3,169,78,91,103,50,53,164,76,88,159,74,85,66,28,38,30,12,18,9,5,4,0,0,0,0,0,0,69,69,15,26,14,6,4,4,0,54,44,10,1,46,0,9,12
54400427,0,,,290,148,142,40,24,16,250,124,126,142,74,68,244,119,125,238,117,121,108,50,58,50,20,30,12,4,8,2,0,2,1,0,1,104,104,16,42,16,15,10,3,2,88,70,18,7,72,0,13,24
54400428,0,,,495,252,243,31,20,11,462,231,231,220,118,102,451,225,226,444,224,220,242,113,129,111,57,54,16,8,8,0,0,0,4,3,1,222,222,57,103,31,20,7,4,0,159,137,22,4,155,2,38,64
54400429,0,,,878,424,454,95,48,47,780,375,405,412,199,213,764,366,398,752,357,395,368,176,192,176,88,88,27,14,13,0,0,0,10,3,7,377,377,94,166,54,40,14,4,5,278,249,29,25,238,1,63,96
54400430,0,,,177,90,87,19,9,10,158,81,77,103,54,49,155,79,76,150,75,75,55,27,28,19,8,11,9,5,4,1,0,1,3,2,1,54,54,17,6,10,8,2,4,7,37,16,21,3,38,2,9,3
54400431,0,,,298,119,179,23,4,19,275,115,160,104,56,48,271,115,156,268,114,154,171,59,112,125,36,89,83,21,62,12,3,9,1,0,1,69,68,12,16,19,9,5,2,5,56,39,17,5,49,1,7,10
54400432,0,,,135,66,69,12,6,6,123,60,63,67,37,30,122,59,63,121,58,63,56,23,33,24,8,16,15,4,11,1,0,1,0,0,0,49,49,14,9,11,10,3,0,2,35,14,21,3,35,1,8,4
54400433,2,54400434,,10,6,4,*,*,*,*,*,*,*,*,*,*,*,*,*,*,*,*,*,*,*,*,*,*,*,*,*,*,*,*,*,*,3,3,*,*,*,*,*,*,*,*,*,*,*,*,*,*,*
54400434,1,,54400433,324,162,162,34,15,19,300,153,147,174,94,80,293,152,141,291,151,140,126,59,67,55,23,32,33,13,20,2,0,2,1,0,1,108,108,17,31,28,16,13,2,4,94,63,31,9,77,1,9,11
54400435,0,,,80,43,37,8,4,4,72,39,33,41,23,18,70,38,32,70,38,32,31,16,15,12,6,6,5,2,3,0,0,0,0,0,0,28,28,5,9,8,3,0,1,2,23,17,6,3,18,0,1,5
54400436,0,,,229,110,119,23,9,14,206,101,105,128,65,63,204,100,104,200,98,102,78,36,42,38,15,23,14,4,10,1,0,1,1,1,0,88,88,22,24,23,10,5,3,1,64,50,14,5,51,1,11,13
54400437,0,,,251,120,131,40,13,27,211,107,104,139,73,66,205,104,101,202,103,99,72,34,38,26,11,15,10,2,8,0,0,0,6,3,3,91,91,14,32,18,17,9,1,0,76,65,11,8,49,0,8,18
54400438,0,,,429,222,207,23,8,15,402,211,191,175,95,80,397,209,188,393,207,186,227,116,111,111,55,56,22,8,14,2,0,2,8,3,5,220,220,85,95,18,16,2,3,1,130,119,11,4,158,0,61,58
54400439,0,,,627,306,321,36,13,23,589,292,297,256,133,123,581,287,294,571,284,287,333,159,174,184,86,98,32,14,18,2,0,2,7,4,3,297,296,94,132,40,18,7,3,2,200,177,23,9,223,0,73,87
54400440,0,,,142,77,65,12,8,4,130,69,61,69,40,29,125,65,60,124,64,60,61,29,32,26,10,16,8,2,6,0,0,0,0,0,0,53,53,9,23,6,9,3,3,0,44,31,13,3,41,0,8,9
54400441,0,,,115,59,56,10,7,3,105,52,53,67,35,32,99,50,49,98,50,48,38,17,21,16,7,9,7,3,4,0,0,0,2,2,0,38,38,9,8,7,6,4,3,1,29,21,8,3,25,2,5,2
54400442,0,,,218,118,100,17,10,7,201,108,93,120,71,49,195,105,90,193,104,89,81,37,44,35,15,20,13,7,6,1,1,0,7,6,1,78,78,19,24,11,11,7,4,2,59,36,23,3,51,1,5,9
54400443,0,,,107,51,56,9,6,3,98,45,53,65,33,32,97,45,52,94,44,50,33,12,21,20,8,12,6,1,5,0,0,0,0,0,0,31,31,4,6,5,10,2,2,2,27,10,17,1,23,0,2,2
54400444,0,,,17,8,9,0,0,0,17,8,9,11,7,4,16,7,9,16,7,9,6,1,5,2,0,2,2,0,2,0,0,0,0,0,0,9,9,2,6,1,0,0,0,0,7,6,1,0,5,0,0,1
54400445,2,54400446,,10,4,6,*,*,*,*,*,*,*,*,*,*,*,*,*,*,*,*,*,*,*,*,*,*,*,*,*,*,*,*,*,*,3,3,*,*,*,*,*,*,*,*,*,*,*,*,*,*,*
54400446,1,,54400445,425,203,222,51,20,31,384,187,197,224,116,108,368,181,187,363,180,183,160,71,89,64,27,37,17,6,11,1,0,1,3,2,1,164,164,35,53,38,29,8,4,0,131,105,26,10,107,0,22,28
54400447,0,,,203,96,107,13,6,7,190,90,100,103,56,47,184,86,98,183,86,97,87,34,53,44,14,30,8,2,6,0,0,0,0,0,0,88,88,27,32,14,9,5,0,1,60,53,7,3,63,0,17,17
54400448,0,,,712,332,380,56,28,28,654,303,351,280,144,136,643,299,344,638,295,343,374,159,215,239,87,152,104,30,74,15,0,15,31,19,12,291,287,114,92,41,23,11,4,2,169,147,22,19,178,5,67,56
54400449,0,,,711,358,353,61,26,35,647,330,317,317,164,153,637,323,314,635,321,314,330,166,164,161,77,84,32,12,20,3,2,1,9,4,5,322,322,90,146,46,19,14,6,1,224,195,29,15,222,0,66,85
54400450,0,,,318,150,168,38,16,22,280,134,146,179,91,88,273,130,143,269,129,140,101,43,58,53,22,31,26,8,18,3,0,3,15,0,15,113,113,29,21,31,17,7,6,2,82,53,29,10,61,13,7,13
54400451,0,,,50,21,29,5,2,3,45,19,26,24,10,14,45,19,26,43,19,24,21,9,12,9,4,5,4,1,3,0,0,0,1,0,1,17,17,3,4,6,1,1,2,0,14,9,5,2,15,0,3,2
54400452,0,,,241,127,114,29,12,17,212,115,97,127,71,56,203,110,93,197,107,90,85,44,41,43,19,24,8,4,4,0,0,0,0,0,0,77,77,17,20,10,13,9,2,6,60,34,26,5,62,0,13,8
54400453,0,,,222,104,118,27,14,13,195,90,105,113,53,60,186,87,99,182,85,97,82,37,45,44,15,29,14,4,10,0,0,0,0,0,0,65,65,11,12,14,11,8,3,6,54,25,29,5,55,0,9,7
54400454,0,,,140,72,68,15,11,4,125,61,64,67,37,30,123,60,63,120,59,61,58,24,34,33,12,21,9,3,6,0,0,0,1,0,1,46,46,7,18,8,3,4,2,4,39,25,14,4,38,0,5,9
54400455,0,,,47,24,23,4,2,2,43,22,21,24,11,13,41,21,20,41,21,20,19,11,8,9,5,4,6,3,3,0,0,0,0,0,0,14,14,0,3,7,3,0,0,1,13,7,6,0,11,0,0,1
54400456,0,,,189,90,99,13,8,5,176,82,94,97,45,52,172,80,92,169,80,89,79,37,42,44,24,20,12,6,6,0,0,0,1,0,1,76,76,17,33,8,11,5,1,1,58,47,11,5,54,0,12,21
54400457,0,,,710,354,356,53,23,30,657,331,326,279,140,139,646,326,320,634,322,312,378,191,187,196,98,98,30,13,17,1,0,1,8,4,4,325,325,92,148,43,27,7,6,2,228,201,27,15,245,0,67,99
54400458,0,,,578,288,290,70,38,32,508,250,258,251,128,123,496,245,251,491,242,249,257,122,135,143,69,74,32,16,16,1,0,1,3,2,1,251,251,83,91,25,36,7,4,5,163,134,29,22,174,1,61,62
54400459,0,,,956,480,476,112,59,53,837,416,421,438,220,218,811,404,407,791,393,398,399,196,203,211,104,107,29,10,19,3,0,3,9,2,7,393,393,106,149,54,47,23,12,2,278,232,46,29,263,3,76,103
54400460,0,,,136,63,73,30,16,14,106,47,59,71,29,42,102,46,56,100,45,55,35,18,17,10,4,6,5,0,5,0,0,0,12,0,12,42,42,14,4,9,3,3,5,4,28,17,11,6,20,8,1,1
54400461,0,,,144,59,85,4,3,1,140,56,84,37,22,15,135,55,80,133,55,78,103,34,69,76,21,55,52,9,43,11,1,10,3,3,0,29,28,10,9,3,1,3,1,1,18,14,4,0,20,2,5,5
54400462,0,,,82,36,46,5,3,2,77,33,44,37,15,22,76,32,44,74,31,43,40,18,22,22,9,13,10,4,6,2,1,1,1,0,1,27,27,4,5,8,6,4,0,0,23,11,12,0,23,0,3,3
54400463,0,,,119,61,58,16,7,9,103,54,49,63,37,26,100,53,47,99,52,47,40,17,23,17,7,10,4,1,3,0,0,0,6,6,0,32,32,5,3,9,7,1,4,3,25,12,13,1,24,0,3,0
54400464,2,54400465,,7,3,4,*,*,*,*,*,*,*,*,*,*,*,*,*,*,*,*,*,*,*,*,*,*,*,*,*,*,*,*,*,*,2,2,*,*,*,*,*,*,*,*,*,*,*,*,*,*,*
54400465,1,,54400464,197,97,100,24,16,8,180,84,96,104,52,52,179,84,95,175,82,93,76,32,44,42,16,26,16,4,12,1,0,1,1,0,1,66,66,9,24,12,12,5,5,1,59,39,20,6,50,0,4,14
54400466,0,,,253,84,169,3,1,2,250,83,167,46,25,21,250,83,167,249,82,167,204,58,146,170,38,132,113,17,96,27,0,27,1,0,1,41,39,14,14,6,2,2,1,0,25,18,7,2,27,1,9,7
54400467,0,,,689,336,353,38,15,23,649,321,328,264,126,138,641,318,323,635,317,318,385,195,190,172,84,88,29,10,19,1,0,1,10,3,7,346,346,128,146,39,19,10,2,2,213,190,23,6,256,4,91,96
54400468,0,,,832,419,413,99,58,41,727,359,368,382,209,173,713,352,361,701,344,357,345,150,195,208,89,119,45,22,23,1,0,1,11,5,6,368,368,110,155,50,25,14,9,5,252,224,28,29,234,3,78,94
54400469,0,,,1116,557,559,109,51,58,1005,505,500,506,267,239,981,495,486,964,486,478,499,238,261,246,114,132,47,19,28,0,0,0,10,2,8,469,468,129,190,69,44,17,12,7,336,284,52,27,324,4,101,120
54400470,0,,,121,66,55,7,4,3,114,62,52,61,36,25,113,62,51,112,62,50,53,26,27,27,11,16,8,2,6,0,0,0,5,5,0,39,39,10,4,9,8,4,4,0,29,12,17,4,30,1,5,2
54400471,0,,,409,190,219,34,14,20,375,176,199,206,107,99,367,171,196,363,169,194,169,69,100,86,30,56,41,16,25,1,0,1,7,3,4,139,138,29,45,22,17,14,6,5,109,67,42,5,100,5,16,22
54400472,0,,,153,81,72,7,4,3,146,77,69,81,50,31,144,77,67,141,76,65,65,27,38,25,10,15,7,1,6,0,0,0,2,2,0,52,52,10,9,17,8,7,0,1,42,26,16,1,40,0,6,4
54400473,0,,,143,72,71,8,2,6,135,70,65,84,46,38,132,69,63,130,68,62,51,24,27,32,12,20,17,6,11,2,1,1,2,0,2,41,41,7,3,12,7,7,4,1,32,12,20,2,32,0,4,2
54400474,0,,,16,9,7,0,0,0,16,9,7,8,5,3,15,8,7,15,8,7,8,4,4,3,2,1,1,1,0,0,0,0,0,0,0,6,6,0,3,2,1,0,0,0,6,5,1,0,4,0,0,2
54400475,0,,,84,44,40,2,2,0,82,42,40,40,20,20,82,42,40,81,42,39,42,22,20,20,10,10,5,1,4,1,0,1,0,0,0,35,35,8,13,8,4,2,0,0,26,22,4,2,25,0,4,9
54400476,0,,,239,112,127,24,10,14,214,102,112,103,49,54,206,97,109,205,97,108,111,53,58,49,22,27,10,2,8,1,0,1,2,0,2,98,98,29,39,9,6,9,6,0,69,52,17,6,71,2,19,30
54400477,0,,,563,270,293,34,17,17,525,251,274,224,102,122,516,246,270,509,244,265,301,149,152,162,69,93,25,9,16,2,0,2,20,5,15,274,274,97,121,27,13,12,2,2,170,152,18,9,200,4,66,88
54400478,0,,,445,224,221,47,25,22,398,199,199,226,110,116,376,186,190,370,185,185,172,89,83,78,44,34,19,9,10,0,0,0,4,0,4,179,179,49,62,27,24,10,5,2,129,102,27,10,122,3,35,33
54400479,0,,,380,196,184,46,28,18,334,168,166,157,85,72,326,162,164,323,160,163,177,83,94,91,40,51,24,10,14,1,1,0,2,1,1,153,153,39,62,23,14,6,4,5,113,92,21,13,114,0,30,41
54400480,0,,,124,62,62,13,6,7,111,56,55,70,33,37,107,56,51,106,56,50,41,23,18,20,7,13,9,1,8,0,0,0,9,4,5,47,47,13,12,10,5,5,2,0,34,19,15,7,28,5,5,6
54400481,0,,,362,181,181,26,13,13,336,168,168,178,91,87,328,164,164,320,161,159,158,77,81,80,35,45,32,11,21,1,1,0,3,0,3,129,129,28,35,26,23,10,5,2,101,66,35,4,97,2,20,22
54400482,0,,,231,111,120,22,8,14,209,103,106,127,63,64,199,97,102,197,97,100,82,40,42,44,21,23,16,5,11,1,1,0,0,0,0,74,74,13,20,18,7,6,6,4,61,38,23,1,54,0,11,11
54400484,0,,,200,99,101,17,8,9,183,91,92,116,60,56,178,88,90,171,83,88,67,31,36,33,14,19,11,4,7,3,2,1,0,0,0,63,63,12,14,11,14,6,2,4,51,29,22,5,43,0,9,7
54400485,0,,,166,78,88,14,7,7,152,71,81,92,45,47,149,69,80,146,67,79,60,26,34,27,11,16,8,2,6,0,0,0,0,0,0,56,56,8,14,19,7,4,3,1,47,31,16,2,39,0,7,5
54400486,0,,,47,27,20,0,0,0,39,19,20,18,11,7,38,19,19,38,19,19,21,8,13,10,4,6,2,1,1,0,0,0,0,0,0,21,20,9,6,2,3,0,0,0,11,8,3,0,14,0,4,4
54400487,0,,,231,112,119,10,6,4,216,104,112,106,53,53,213,104,109,211,102,109,110,51,59,57,25,32,13,3,10,0,0,0,5,3,2,113,113,48,34,15,12,2,2,0,65,49,16,2,76,1,26,24
54400488,1,,54400499,392,185,207,25,11,14,374,177,197,198,97,101,364,174,190,355,172,183,176,80,96,95,41,54,18,4,14,2,0,2,9,1,8,154,154,46,52,28,12,9,6,5,112,82,30,6,117,2,28,32
54400489,0,,,62,31,31,4,1,3,58,30,28,34,17,17,57,29,28,56,28,28,24,13,11,10,7,3,3,2,1,0,0,0,1,0,1,24,24,7,9,2,2,2,1,1,17,11,6,1,16,1,3,4
54400490,0,,,110,57,53,13,9,4,97,48,49,55,26,29,97,48,49,96,47,49,42,22,20,16,6,10,3,1,2,0,0,0,4,2,2,40,40,6,20,6,2,2,1,3,34,25,9,5,28,4,2,11
54400491,0,,,150,60,90,14,8,6,136,52,84,44,22,22,132,51,81,130,50,80,92,30,62,80,24,56,55,16,39,14,4,10,0,0,0,28,26,5,7,2,6,4,2,0,21,14,7,1,17,0,3,1
54400492,0,,,189,105,84,19,11,8,170,94,76,115,70,45,165,91,74,165,91,74,55,24,31,31,14,17,10,4,6,1,0,1,26,24,2,80,80,40,12,10,8,3,2,5,40,24,16,4,39,20,11,3
54400493,0,,,141,67,74,14,8,6,127,59,68,74,37,37,124,57,67,123,56,67,53,22,31,28,11,17,10,2,8,1,0,1,0,0,0,48,48,7,12,16,6,4,3,0,41,29,12,3,34,0,4,8
54400494,0,,,134,71,63,11,8,3,123,63,60,55,32,23,122,62,60,122,62,60,68,31,37,31,12,19,11,2,9,0,0,0,0,0,0,52,52,13,18,9,5,5,1,1,39,29,10,3,42,0,10,12
54400495,0,,,170,79,91,15,8,7,155,71,84,79,39,40,151,70,81,148,69,79,76,32,44,40,13,27,13,4,9,0,0,0,0,0,0,64,64,15,22,8,11,5,3,0,48,33,15,2,49,0,14,13
54400496,0,,,82,50,32,1,1,0,80,48,32,42,29,13,78,46,32,75,43,32,38,19,19,23,10,13,4,1,3,0,0,0,0,0,0,41,41,18,12,8,1,0,2,0,23,21,2,0,26,0,9,9
54400497,0,,,312,157,155,36,15,21,271,141,130,152,81,71,262,134,128,257,131,126,119,60,59,49,21,28,10,5,5,1,1,0,6,2,4,119,119,36,43,14,8,2,10,6,82,59,23,9,79,1,18,22
54400498,0,,,436,221,215,22,12,10,412,208,204,191,111,80,402,198,204,395,195,200,221,97,124,127,53,74,50,12,38,4,1,3,3,0,3,154,153,35,61,23,19,9,3,3,110,82,28,6,109,2,19,33
54400499,2,54400488,,7,3,4,*,*,*,*,*,*,*,*,*,*,*,*,*,*,*,*,*,*,*,*,*,*,*,*,*,*,*,*,*,*,4,4,*,*,*,*,*,*,*,*,*,*,*,*,*,*,*
54400500,0,,,208,106,102,13,9,4,194,97,97,115,62,53,189,95,94,186,93,93,79,35,44,43,23,20,9,5,4,0,0,0,5,3,2,93,93,32,31,15,11,1,2,1,61,53,8,1,56,1,21,16
54400501,0,,,317,160,157,26,14,12,291,146,145,156,83,73,282,141,141,279,140,139,135,63,72,65,25,40,26,8,18,1,0,1,6,6,0,113,113,25,36,22,12,10,5,3,88,58,30,5,86,2,13,20
54400502,0,,,102,46,56,9,5,4,93,41,52,58,26,32,92,41,51,91,41,50,35,15,20,20,6,14,12,3,9,0,0,0,2,0,2,34,34,7,5,10,7,3,2,0,27,17,10,1,23,0,4,4
54400510,0,,,912,460,452,110,54,56,797,403,394,515,265,250,765,387,378,747,382,365,282,138,144,133,65,68,28,12,16,0,0,0,18,3,15,381,380,114,133,61,37,28,4,3,263,230,33,28,193,2,65,69
54400511,0,,,392,206,186,32,19,13,360,187,173,205,108,97,353,182,171,350,179,171,155,79,76,69,31,38,24,8,16,1,0,1,1,0,1,127,127,20,38,25,17,14,9,4,104,70,34,11,96,0,14,17
54400520,0,,,1050,518,532,115,65,50,926,447,479,515,251,264,898,436,462,887,431,456,411,196,215,206,95,111,37,13,24,5,1,4,10,2,8,432,431,96,180,71,52,24,5,3,329,283,46,26,267,0,53,112
54400521,0,,,360,179,181,24,12,12,336,167,169,184,93,91,331,164,167,327,162,165,152,74,78,68,26,42,23,8,15,1,0,1,2,0,2,131,131,27,46,28,14,6,3,7,101,66,35,7,99,0,16,29
54400530,0,,,456,223,233,33,11,22,423,212,211,225,119,106,416,210,206,408,207,201,198,93,105,103,46,57,24,6,18,1,1,0,7,5,2,195,195,57,71,34,17,11,3,2,131,98,33,10,133,7,36,41
54400531,0,,,16,10,6,1,1,0,15,9,6,9,5,4,15,9,6,15,9,6,6,4,2,1,0,1,0,0,0,0,0,0,0,0,0,7,7,3,1,2,0,1,0,0,4,4,0,1,5,0,3,1
54400540,0,,,356,185,171,21,16,5,334,168,166,149,82,67,328,165,163,325,162,163,185,86,99,108,49,59,36,10,26,4,0,4,3,1,2,177,177,87,50,14,14,3,7,2,89,64,25,4,137,0,71,26
54400550,0,,,95,48,47,2,1,1,93,47,46,50,25,25,91,47,44,90,46,44,43,22,21,23,11,12,8,4,4,0,0,0,0,0,0,43,43,14,15,9,2,2,1,0,29,22,7,1,30,0,10,9
54400560,0,,,10,5,5,0,0,0,10,5,5,5,3,2,10,5,5,10,5,5,5,2,3,1,0,1,0,0,0,0,0,0,0,0,0,5,5,1,3,1,0,0,0,0,4,4,0,0,4,0,1,0
54401000,0,,,366,181,185,44,22,22,322,159,163,198,99,99,312,155,157,302,151,151,124,60,64,65,30,35,13,4,9,0,0,0,0,0,0,111,111,14,31,26,13,8,13,6,97,60,37,9,81,0,11,19
54401001,0,,,345,177,168,47,23,24,298,154,144,194,100,94,293,150,143,286,145,141,104,54,50,50,23,27,25,9,16,1,1,0,2,1,1,114,113,20,33,24,20,8,4,4,93,66,27,14,70,1,11,17
54401002,0,,,243,123,120,27,15,12,211,104,107,140,72,68,203,99,104,200,97,103,71,32,39,31,14,17,13,6,7,1,1,0,8,6,2,82,82,12,20,20,21,7,2,0,65,46,19,3,43,3,5,8
54401003,0,,,318,164,154,43,22,21,274,142,132,173,94,79,259,137,122,253,132,121,101,48,53,42,20,22,14,7,7,1,0,1,13,12,1,108,108,22,30,25,11,10,6,4,85,63,22,6,64,5,8,15
54401004,0,,,57,37,20,5,2,3,52,35,17,39,28,11,52,35,17,52,35,17,13,7,6,7,4,3,3,1,2,0,0,0,4,4,0,21,19,8,2,5,3,1,0,0,11,10,1,2,8,0,2,1
54401005,0,,,1371,684,687,393,187,206,874,447,427,820,423,397,858,442,416,848,436,412,54,24,30,22,8,14,10,4,6,0,0,0,14,6,8,577,577,240,90,83,122,38,4,0,331,318,13,141,36,48,4,10
54401006,0,,,3615,1830,1785,970,483,487,2408,1243,1165,2198,1138,1060,2316,1183,1133,2285,1165,1120,210,105,105,85,39,46,29,12,17,4,0,4,136,67,69,1501,1500,605,240,249,314,74,16,2,891,873,18,304,107,87,22,41
54401007,0,,,4189,2159,2030,558,292,266,3030,1574,1456,2784,1455,1329,2889,1507,1382,2759,1452,1307,246,119,127,95,37,58,27,10,17,2,2,0,121,62,59,2574,2574,1847,225,200,234,54,13,1,713,668,45,116,175,698,56,52
54401008,0,,,4463,2348,2115,559,275,284,3330,1795,1535,3028,1626,1402,3215,1725,1490,3029,1642,1387,302,169,133,96,50,46,29,14,15,1,0,1,235,128,107,2566,2562,1660,374,246,230,49,3,0,883,862,21,155,214,495,62,85
54401009,0,,,5250,2680,2570,917,459,458,3946,2034,1912,3561,1830,1731,3714,1911,1803,3592,1855,1737,385,204,181,114,52,62,27,12,15,1,0,1,181,94,87,2414,2414,1083,468,377,357,110,14,5,1322,1288,34,210,270,150,73,105
54401010,0,,,246,128,118,22,14,8,209,107,102,117,61,56,201,101,100,198,100,98,92,46,46,40,21,19,17,8,9,0,0,0,2,1,1,97,97,31,29,14,10,8,4,1,65,47,18,2,59,1,12,18
54401011,0,,,516,256,260,60,28,32,454,228,226,270,141,129,446,224,222,436,218,218,184,87,97,89,41,48,26,9,17,3,0,3,1,0,1,189,189,35,64,41,30,10,5,4,154,124,30,13,116,0,22,36
54401012,0,,,470,296,174,40,24,16,385,237,148,290,197,93,373,228,145,358,217,141,95,40,55,48,17,31,9,2,7,0,0,0,6,3,3,264,264,178,29,20,21,10,3,3,86,56,30,7,61,68,6,12
54401013,0,,,585,276,309,91,46,45,493,230,263,365,176,189,467,213,254,450,207,243,128,54,74,54,21,33,21,6,15,1,0,1,10,4,6,180,180,15,45,52,36,16,13,3,163,119,44,17,84,0,7,12
54401014,0,,,308,147,161,42,19,23,266,128,138,185,91,94,255,123,132,247,120,127,81,37,44,36,11,25,9,1,8,0,0,0,4,3,1,93,93,13,20,13,31,8,5,3,79,52,27,10,52,1,7,8
54401015,0,,,3538,1765,1773,821,414,407,2440,1229,1211,2147,1094,1053,2366,1187,1179,2326,1167,1159,293,135,158,136,64,72,38,13,25,4,1,3,45,34,11,1577,1576,672,296,270,251,74,12,1,878,847,31,305,196,137,46,63
54401016,0,,,2501,1243,1258,833,406,427,1496,756,740,1443,733,710,1474,740,734,1464,735,729,53,23,30,18,8,10,4,2,2,0,0,0,108,48,60,966,966,315,154,182,248,62,5,0,642,628,14,326,36,52,6,13
54401017,0,,,4244,2369,1875,345,182,163,2959,1730,1229,2675,1611,1064,2913,1709,1204,2701,1572,1129,284,119,165,165,55,110,89,26,63,11,2,9,159,98,61,3194,3192,2720,191,122,121,33,4,1,441,411,30,130,125,1239,36,34
54401018,0,,,5515,2981,2534,157,86,71,4095,2298,1797,3969,2225,1744,4057,2281,1776,3438,1904,1534,126,73,53,49,23,26,16,5,11,0,0,0,855,432,423,4332,4305,3997,151,91,51,11,4,0,283,262,21,50,86,1804,41,19
54401019,0,,,1033,520,513,114,61,53,840,421,419,641,332,309,819,414,405,805,407,398,199,89,110,88,32,56,34,6,28,3,1,2,16,11,5,497,497,233,104,85,48,19,6,2,261,219,42,51,125,63,18,30
54401020,0,,,580,277,303,55,34,21,517,239,278,288,151,137,499,232,267,490,228,262,229,88,141,145,47,98,67,17,50,8,2,6,6,3,3,184,182,43,43,28,34,19,11,4,138,77,61,16,127,0,23,23
54401021,0,,,788,409,379,89,54,35,686,349,337,470,253,217,662,340,322,642,326,316,216,96,120,112,47,65,32,11,21,1,0,1,28,25,3,297,297,81,77,59,43,26,8,3,215,167,48,15,147,22,26,36
54401022,0,,,627,299,328,64,31,33,560,267,293,360,178,182,540,256,284,532,251,281,200,89,111,110,42,68,44,14,30,0,0,0,7,6,1,212,212,40,53,43,43,20,11,2,171,115,56,14,134,0,21,25
54401023,0,,,2003,994,1009,411,221,190,1521,741,780,1257,613,644,1417,693,724,1360,666,694,264,128,136,111,53,58,27,14,13,2,1,1,17,6,11,714,714,146,167,163,174,50,10,4,567,528,39,79,163,9,27,59
54401024,0,,,935,457,478,151,75,76,756,369,387,600,296,304,693,334,359,666,320,346,156,73,83,59,27,32,10,2,8,1,1,0,5,3,2,333,333,81,67,79,66,25,11,4,247,216,31,23,98,9,16,23
54401025,0,,,952,464,488,134,58,76,678,339,339,524,273,251,649,323,326,637,314,323,154,66,88,55,21,34,15,5,10,1,0,1,29,16,13,481,480,255,95,60,44,15,5,6,223,196,27,38,98,37,21,30
54401026,0,,,483,187,296,58,30,28,396,143,253,215,89,126,390,140,250,386,138,248,181,54,127,144,41,103,88,20,68,14,0,14,17,9,8,189,187,120,20,19,21,7,0,0,65,58,7,16,34,46,13,9
54401027,0,,,1553,887,666,53,25,28,1116,671,445,1037,637,400,1107,665,442,1008,602,406,79,34,45,24,10,14,13,4,9,0,0,0,109,52,57,1321,1321,1197,60,31,24,7,2,0,107,87,20,10,54,597,13,16
54401028,0,,,3469,1962,1507,33,21,12,2549,1502,1047,2455,1457,998,2539,1498,1041,2227,1327,900,94,45,49,41,16,25,13,4,9,1,0,1,178,85,93,3110,3104,2953,85,40,18,7,1,0,134,116,18,13,70,1615,26,19
54401029,0,,,1026,502,524,141,75,66,750,361,389,650,315,335,734,351,383,720,342,378,100,46,54,45,18,27,12,3,9,3,0,3,6,4,2,535,535,277,122,68,46,15,7,0,247,230,17,63,70,66,11,17
54401030,0,,,356,182,174,30,16,14,326,166,160,181,97,84,322,164,158,319,163,156,145,69,76,61,27,34,18,5,13,1,0,1,7,6,1,123,123,28,31,26,15,13,7,3,94,58,36,6,92,4,17,18
54401031,0,,,195,85,110,25,14,11,162,68,94,82,43,39,155,65,90,152,65,87,80,25,55,56,11,45,40,4,36,11,1,10,5,2,3,60,59,18,17,10,10,2,1,1,41,38,3,9,23,0,7,7
54401032,0,,,210,114,96,19,9,10,179,99,80,116,69,47,178,98,80,174,97,77,63,30,33,26,13,13,6,0,6,0,0,0,0,0,0,85,85,34,16,14,9,8,2,2,51,36,15,5,38,3,5,6
54401033,0,,,240,131,109,29,17,12,193,106,87,130,74,56,190,106,84,186,104,82,63,32,31,32,13,19,10,2,8,2,0,2,2,0,2,86,86,28,18,10,16,6,5,3,56,37,19,7,42,0,4,9
54401034,0,,,374,201,173,42,27,15,332,174,158,223,117,106,320,166,154,314,163,151,109,57,52,48,24,24,23,10,13,0,0,0,4,2,2,133,131,32,26,31,26,8,5,3,99,70,29,4,72,0,22,8
54401035,0,,,203,113,90,32,19,13,168,93,75,121,72,49,160,88,72,155,83,72,47,21,26,22,9,13,8,3,5,0,0,0,8,3,5,73,73,14,24,14,10,7,4,0,59,47,12,9,35,0,6,6
54401036,0,,,700,337,363,90,44,46,528,252,276,376,190,186,509,242,267,498,239,259,152,62,90,67,19,48,18,3,15,1,1,0,7,3,4,329,329,160,62,39,45,19,4,0,166,129,37,26,103,21,24,19
54401037,0,,,585,310,275,61,31,30,478,257,221,386,213,173,469,251,218,458,242,216,92,44,48,40,14,26,11,2,9,0,0,0,48,24,24,291,291,155,54,40,23,9,7,3,134,110,24,27,62,59,11,14
54401038,0,,,2419,1332,1087,141,72,69,1822,1043,779,1599,937,662,1792,1029,763,1639,944,695,223,106,117,94,44,50,21,8,13,1,0,1,121,58,63,1783,1783,1429,177,97,62,11,7,0,345,317,28,50,146,655,31,49
54401039,0,,,2376,1202,1174,478,252,226,1708,863,845,1480,762,718,1677,851,826,1629,823,806,228,101,127,94,38,56,33,9,24,7,2,5,84,39,45,1130,1130,526,233,175,138,46,8,4,591,541,50,190,157,158,36,46
54401041,0,,,329,160,169,40,21,19,289,139,150,191,96,95,283,136,147,279,134,145,98,43,55,45,20,25,18,9,9,0,0,0,1,1,0,104,104,14,27,23,23,8,5,4,90,65,25,11,63,0,11,13
54401042,0,,,443,219,224,53,24,29,390,195,195,244,127,117,380,189,191,374,185,189,146,68,78,73,30,43,23,9,14,2,1,1,1,0,1,136,136,16,41,25,24,15,8,7,119,78,41,15,94,0,11,20
54401043,0,,,397,196,201,40,21,19,348,170,178,217,116,101,337,164,173,332,162,170,131,54,77,63,19,44,29,7,22,1,0,1,3,1,2,148,147,47,35,25,22,11,5,2,99,74,25,11,76,4,16,15
54401044,0,,,245,124,121,24,14,10,215,108,107,139,72,67,209,106,103,206,104,102,76,36,40,45,18,27,11,4,7,3,0,3,0,0,0,85,85,17,18,20,21,7,1,1,67,44,23,7,47,0,5,9
54401045,0,,,129,65,64,20,8,12,81,42,39,73,38,35,79,40,39,75,38,37,8,4,4,3,1,2,1,1,0,1,1,0,0,0,0,71,71,44,10,11,3,0,2,1,25,22,3,9,6,3,3,0
54401046,0,,,325,157,168,38,22,16,261,123,138,206,99,107,248,115,133,240,111,129,55,24,31,21,6,15,7,2,5,2,1,1,3,2,1,146,146,67,23,25,22,5,4,0,78,64,14,12,40,7,14,7
54401047,0,,,1296,691,605,104,46,58,1056,571,485,967,530,437,1025,551,474,870,476,394,89,41,48,42,19,23,9,2,7,0,0,0,340,188,152,733,729,552,64,53,45,12,1,2,169,158,11,35,63,216,21,13
54401048,0,,,518,265,253,52,21,31,442,231,211,296,160,136,428,220,208,416,211,205,146,71,75,74,37,37,15,11,4,1,1,0,7,5,2,232,232,90,67,31,26,12,5,1,142,120,22,9,101,12,29,31
54401049,0,,,470,238,232,77,44,33,373,185,188,254,130,124,365,180,185,356,175,181,119,55,64,53,23,30,20,8,12,3,0,3,3,2,1,189,189,48,55,44,33,7,1,1,140,120,20,29,73,1,15,22
54401050,0,,,68,31,37,6,1,5,59,29,30,37,21,16,58,28,30,56,26,30,22,8,14,12,4,8,7,2,5,0,0,0,0,0,0,22,22,6,3,4,3,4,2,0,15,7,8,0,12,0,1,1
54401051,0,,,376,189,187,25,13,12,348,175,173,169,93,76,344,171,173,341,169,172,179,82,97,84,34,50,23,8,15,0,0,0,1,0,1,73,72,11,24,14,13,3,5,2,60,43,17,6,47,0,5,12
54401052,0,,,298,140,158,39,12,27,259,128,131,167,89,78,251,125,126,244,122,122,92,39,53,44,16,28,13,2,11,1,0,1,1,0,1,91,91,7,25,22,20,10,5,2,83,54,29,6,54,0,2,11
54401053,0,,,789,403,386,111,60,51,673,342,331,431,229,202,666,339,327,656,335,321,242,113,129,112,49,63,33,9,24,6,2,4,9,4,5,269,269,52,68,58,54,17,15,5,216,152,64,24,148,1,23,30
54401054,0,,,204,97,107,36,17,19,168,80,88,114,55,59,165,78,87,163,77,86,54,25,29,28,14,14,8,3,5,1,0,1,0,0,0,66,66,8,19,18,8,8,3,2,58,44,14,12,37,0,5,7
54401055,0,,,398,197,201,54,28,26,338,166,172,232,120,112,331,163,168,325,161,164,106,46,60,51,23,28,17,7,10,2,0,2,2,1,1,135,135,20,35,40,22,12,3,3,112,79,33,11,68,0,6,9
54401056,0,,,2089,1057,1032,252,130,122,1605,822,783,1408,739,669,1544,800,744,1506,777,729,197,83,114,96,37,59,25,9,16,3,0,3,16,5,11,1139,1138,650,225,124,98,32,5,4,470,436,34,62,138,139,41,37
54401057,0,,,3421,1752,1669,405,202,203,2453,1268,1185,2015,1060,955,2375,1223,1152,2320,1196,1124,438,208,230,219,98,121,81,31,50,9,4,5,107,63,44,1948,1944,1214,335,206,130,43,14,2,687,628,59,140,263,187,81,58
54401058,0,,,477,240,237,46,23,23,427,217,210,273,144,129,419,212,207,408,205,203,154,73,81,71,33,38,21,10,11,1,1,0,0,0,0,165,165,24,53,42,24,12,6,4,140,110,30,11,98,2,13,29
54401059,0,,,596,301,295,64,33,31,523,264,259,308,167,141,503,252,251,497,248,249,215,97,118,106,45,61,39,11,28,2,0,2,5,4,1,212,212,47,55,50,32,14,9,5,165,114,51,19,131,2,17,30
54401060,0,,,223,112,111,27,12,15,196,100,96,115,62,53,190,94,96,186,93,93,81,38,43,40,16,24,16,6,10,2,1,1,1,0,1,65,65,6,19,15,9,5,6,5,58,37,21,5,52,0,5,8
54401061,0,,,308,159,149,24,12,12,283,147,136,177,97,80,273,141,132,263,137,126,106,50,56,48,22,26,13,5,8,2,1,1,0,0,0,105,105,21,32,16,21,5,4,6,83,61,22,5,67,0,13,16
54401062,0,,,155,88,67,21,15,6,131,72,59,77,44,33,128,70,58,126,68,58,54,28,26,23,11,12,12,6,6,1,1,0,4,4,0,53,53,10,12,14,9,5,3,0,43,32,11,4,32,4,3,7
54401063,0,,,464,223,241,60,31,29,394,188,206,248,129,119,385,184,201,375,178,197,146,59,87,79,32,47,24,9,15,2,0,2,5,3,2,158,158,37,35,33,24,16,9,4,121,82,39,19,100,0,19,10
54401064,0,,,394,196,198,30,12,18,351,177,174,212,115,97,339,171,168,334,168,166,139,62,77,69,29,40,23,9,14,1,1,0,2,0,2,141,141,29,36,34,22,17,3,0,108,77,31,10,90,1,18,15
54401065,0,,,881,431,450,152,71,81,634,315,319,498,254,244,607,299,308,597,294,303,136,61,75,65,23,42,24,9,15,2,1,1,8,3,5,394,394,186,56,63,59,23,6,1,208,179,29,42,85,27,17,19
54401066,0,,,1728,803,925,241,125,116,1353,617,736,918,466,452,1306,597,709,1284,583,701,435,151,284,315,91,224,202,50,152,39,4,35,32,24,8,710,705,342,133,108,91,21,9,1,355,318,37,66,120,69,31,29
54401067,0,,,1486,711,775,223,112,111,1177,558,619,852,416,436,1118,527,591,1087,510,577,325,142,183,170,75,95,48,15,33,3,0,3,20,12,8,591,590,194,145,101,91,34,19,6,386,318,68,64,213,26,37,57
54401068,0,,,13,6,7,1,1,0,12,5,7,10,4,6,11,5,6,11,5,6,2,1,1,1,1,0,0,0,0,0,0,0,0,0,0,4,4,1,1,1,0,0,0,1,3,2,1,1,1,0,0,0
54401069,0,,,63,33,30,4,4,0,58,28,30,31,17,14,55,26,29,54,25,29,27,11,16,10,5,5,5,2,3,0,0,0,0,0,0,21,21,3,8,3,2,4,0,1,18,12,6,1,17,0,2,6
54401070,0,,,608,295,313,74,39,35,534,256,278,331,165,166,516,245,271,507,239,268,203,91,112,99,36,63,40,13,27,3,1,2,1,0,1,186,186,27,36,47,42,14,12,8,158,97,61,14,128,1,17,24
54401071,0,,,869,419,450,89,48,41,764,363,401,477,244,233,745,352,393,729,346,383,287,119,168,152,58,94,57,15,42,2,0,2,28,16,12,301,300,76,74,54,45,28,15,8,218,155,63,24,181,4,36,33
54401072,0,,,394,187,207,34,16,18,341,162,179,214,109,105,326,155,171,315,150,165,127,53,74,66,25,41,33,8,25,1,0,1,1,0,1,137,136,32,37,27,22,9,6,3,104,75,29,8,68,0,8,13
54401073,1,,54401083,505,249,256,58,32,26,443,215,228,308,152,156,424,203,221,410,198,212,135,63,72,53,25,28,11,2,9,1,0,1,0,0,0,191,191,42,64,40,29,10,6,3,149,127,22,10,85,2,14,32
54401074,0,,,357,165,192,36,15,21,317,148,169,191,94,97,310,142,168,303,138,165,126,54,72,59,23,36,23,9,14,2,0,2,0,0,0,109,109,7,32,30,18,15,4,3,96,59,37,6,81,0,6,17
54401075,0,,,315,156,159,23,12,11,282,139,143,168,87,81,275,135,140,272,132,140,114,52,62,60,26,34,17,6,11,0,0,0,0,0,0,121,121,30,33,26,22,8,1,1,91,66,25,5,72,0,13,14
54401076,0,,,248,122,126,23,13,10,223,108,115,122,60,62,220,106,114,218,104,114,101,48,53,55,23,32,19,6,13,2,0,2,10,7,3,93,93,23,25,15,22,6,2,0,70,47,23,4,63,5,9,15
54401077,0,,,183,88,95,21,11,10,162,77,85,93,47,46,159,74,85,156,72,84,69,30,39,35,14,21,17,7,10,1,1,0,1,0,1,62,62,7,18,15,17,4,0,1,55,39,16,5,39,0,6,7
54401079,0,,,193,102,91,16,12,4,175,89,86,84,50,34,170,86,84,169,86,83,91,39,52,33,12,21,13,1,12,0,0,0,0,0,0,71,71,16,21,18,7,4,3,2,55,39,16,3,55,0,8,13
54401080,0,,,128,64,64,7,5,2,121,59,62,74,41,33,115,54,61,114,54,60,47,18,29,27,10,17,3,0,3,0,0,0,1,0,1,44,44,5,15,9,11,3,0,1,39,26,13,3,30,0,1,9
54401081,0,,,337,159,178,50,30,20,286,129,157,187,84,103,272,125,147,259,121,138,99,45,54,55,22,33,15,4,11,1,0,1,0,0,0,118,118,21,41,23,16,8,6,3,97,69,28,12,71,0,14,18
54401082,0,,,177,88,89,22,9,13,153,78,75,113,57,56,147,74,73,142,71,71,40,21,19,13,7,6,3,1,2,1,0,1,1,0,1,63,63,10,20,14,13,3,3,0,53,49,4,2,25,0,4,5
54401083,2,54401073,,10,5,5,*,*,*,*,*,*,*,*,*,*,*,*,*,*,*,*,*,*,*,*,*,*,*,*,*,*,*,*,*,*,3,3,*,*,*,*,*,*,*,*,*,*,*,*,*,*,*
54401084,0,,,324,149,175,46,26,20,278,123,155,125,65,60,263,114,149,257,109,148,153,58,95,114,36,78,79,21,58,16,2,14,0,0,0,67,63,5,21,16,13,3,4,1,58,38,20,7,41,1,1,9
54401085,0,,,17,7,10,0,0,0,17,7,10,9,4,5,17,7,10,17,7,10,8,3,5,5,1,4,2,0,2,1,0,1,0,0,0,5,5,0,2,1,1,0,1,0,5,1,4,0,5,0,0,0
54401086,0,,,171,83,88,9,4,5,162,79,83,89,47,42,157,76,81,155,76,79,73,32,41,39,15,24,16,3,13,2,2,0,0,0,0,62,62,9,25,11,9,6,1,1,53,34,19,3,45,0,6,10
54401087,0,,,57,29,28,7,3,4,50,26,24,23,13,10,50,26,24,50,26,24,27,13,14,8,3,5,6,3,3,0,0,0,0,0,0,19,19,4,3,5,3,4,0,0,15,9,6,1,17,0,4,2
54401088,0,,,956,466,490,93,49,44,847,411,436,482,253,229,832,405,427,820,397,423,365,158,207,192,74,118,66,22,44,5,1,4,5,1,4,361,361,78,119,70,57,23,11,3,282,200,82,26,236,3,41,69
54401089,0,,,576,285,291,52,31,21,511,247,264,305,152,153,506,244,262,501,240,261,206,95,111,95,37,58,26,11,15,1,0,1,4,1,3,232,232,62,77,45,29,8,8,3,168,133,35,17,131,9,24,37
54401090,0,,,53,25,28,9,4,5,44,21,23,21,10,11,44,21,23,44,21,23,23,11,12,10,5,5,4,1,3,0,0,0,0,0,0,15,15,2,2,5,2,2,0,2,13,7,6,3,12,0,1,2
54401091,0,,,489,245,244,53,25,28,433,219,214,298,155,143,423,215,208,413,210,203,135,64,71,66,27,39,19,9,10,1,0,1,5,2,3,190,190,49,60,35,25,14,5,2,139,116,23,15,91,1,19,24
54401092,0,,,216,111,105,18,11,7,197,100,97,133,67,66,194,98,96,192,98,94,64,33,31,26,13,13,13,5,8,1,1,0,13,10,3,87,87,23,27,16,15,5,1,0,63,51,12,4,44,4,8,10
54401093,0,,,148,74,74,11,7,4,137,67,70,66,35,31,135,66,69,134,66,68,71,32,39,31,12,19,13,4,9,0,0,0,0,0,0,58,58,10,23,11,11,3,0,0,48,38,10,2,44,0,8,16
54401094,0,,,165,86,79,12,5,7,153,81,72,94,54,40,149,79,70,146,78,68,59,27,32,28,11,17,14,5,9,0,0,0,3,3,0,57,57,10,18,9,12,6,1,1,46,33,13,4,39,0,7,9
54401095,0,,,296,153,143,27,16,11,265,135,130,156,87,69,257,131,126,251,126,125,109,48,61,55,24,31,18,5,13,1,0,1,2,1,1,101,101,14,28,29,17,7,6,0,84,55,29,7,69,0,7,10
54401096,0,,,218,105,113,19,10,9,188,91,97,115,58,57,183,89,94,179,86,93,73,33,40,38,15,23,14,5,9,0,0,0,0,0,0,82,82,24,21,13,14,6,1,3,56,39,17,5,55,0,15,11
54401097,0,,,142,75,67,16,10,6,123,63,60,67,37,30,123,63,60,122,63,59,56,26,30,30,12,18,10,1,9,4,0,4,1,0,1,48,48,12,9,10,8,6,2,1,36,21,15,2,35,0,7,7
54401098,0,,,273,142,131,31,19,12,241,122,119,139,73,66,235,118,117,227,115,112,102,49,53,57,28,29,15,5,10,0,0,0,3,2,1,98,98,22,27,21,18,5,2,3,76,56,20,5,65,0,15,14
54401099,0,,,51,21,30,5,2,3,46,19,27,17,9,8,44,18,26,44,18,26,29,10,19,20,5,15,14,3,11,3,1,2,0,0,0,12,11,2,5,0,0,2,1,1,9,5,4,1,9,0,1,3
54401100,0,,,937,468,469,129,68,61,771,382,389,512,260,252,740,363,377,723,351,372,259,122,137,115,50,65,41,14,27,6,3,3,6,2,4,356,354,88,106,72,50,30,6,2,263,224,39,19,160,2,32,50
54401101,0,,,419,212,207,83,45,38,321,161,160,209,108,101,313,154,159,305,151,154,112,53,59,54,24,30,16,7,9,1,0,1,0,0,0,149,149,39,32,27,30,14,5,2,110,89,21,21,72,0,13,19
54401102,0,,,249,126,123,28,18,10,214,105,109,114,62,52,205,100,105,201,97,104,100,43,57,55,22,33,16,6,10,2,0,2,3,1,2,88,88,14,33,16,16,1,4,4,73,51,22,8,58,0,6,17
54401103,0,,,330,142,188,23,10,13,304,130,174,136,68,68,297,127,170,294,127,167,168,62,106,100,33,67,52,10,42,15,2,13,1,1,0,112,110,23,38,27,13,6,1,2,87,62,25,3,73,2,8,21
54401104,0,,,1060,513,547,146,56,90,841,417,424,640,333,307,816,403,413,796,394,402,201,84,117,91,34,57,26,8,18,3,0,3,14,7,7,491,491,213,111,84,57,16,6,4,276,240,36,50,133,20,32,30
54401105,0,,,3533,1769,1764,365,198,167,3057,1504,1553,1986,1059,927,2975,1460,1515,2903,1424,1479,1071,445,626,572,205,367,220,62,158,20,5,15,50,28,22,1694,1691,757,471,237,165,42,18,1,909,831,78,105,669,116,228,187
54401106,0,,,3946,2004,1942,341,191,150,3471,1739,1732,2366,1249,1117,3388,1699,1689,3265,1673,1592,1105,490,615,560,231,329,167,62,105,17,8,9,128,64,64,2104,2100,1150,465,268,151,49,12,5,921,818,103,107,742,220,283,189
54401107,0,,,779,371,408,82,38,44,670,319,351,491,234,257,659,311,348,636,307,329,179,85,94,66,36,30,15,7,8,1,0,1,18,5,13,400,400,180,130,42,34,10,2,2,217,198,19,23,122,11,34,44
54401108,0,,,75,38,37,6,1,5,69,37,32,36,23,13,69,37,32,68,36,32,33,14,19,12,5,7,4,1,3,1,0,1,3,3,0,29,29,7,9,7,4,0,1,1,22,17,5,1,19,3,3,8
54401109,0,,,283,143,140,28,14,14,255,129,126,144,77,67,245,124,121,241,122,119,111,52,59,63,28,35,15,4,11,1,0,1,9,8,1,96,96,17,36,17,9,3,9,5,77,49,28,10,69,2,8,17
54401110,0,,,402,209,193,54,28,26,331,172,159,219,121,98,322,166,156,317,164,153,112,51,61,58,27,31,16,7,9,3,1,2,3,2,1,159,159,40,51,29,25,12,1,1,117,92,25,18,73,5,10,21
54401111,0,,,672,325,347,83,41,42,571,275,296,411,204,207,540,265,275,527,259,268,160,71,89,77,33,44,27,8,19,2,0,2,14,9,5,247,247,61,71,41,40,22,9,3,183,139,44,20,105,3,16,28
54401112,0,,,454,219,235,44,25,19,410,194,216,257,131,126,395,186,209,388,181,207,153,63,90,96,40,56,31,13,18,2,1,1,2,2,0,154,154,25,48,29,26,17,6,3,128,97,31,10,101,2,17,23
54401113,0,,,220,108,112,19,10,9,201,98,103,112,57,55,194,94,100,192,93,99,89,41,48,46,16,30,17,5,12,2,1,1,4,1,3,82,82,15,32,16,6,9,4,0,67,51,16,5,60,0,9,19
54401114,0,,,425,218,207,57,25,32,354,185,169,277,150,127,350,183,167,341,177,164,77,35,42,37,16,21,11,3,8,0,0,0,16,15,1,216,216,108,49,28,22,7,2,0,104,90,14,21,52,25,12,10
54401115,0,,,1278,618,660,166,79,87,1105,534,571,722,358,364,1067,517,550,1043,506,537,383,176,207,196,90,106,54,21,33,2,2,0,19,10,9,553,552,200,166,89,62,24,6,5,343,285,58,32,256,49,64,68
54401116,0,,,4242,2111,2131,547,269,278,3506,1737,1769,2553,1319,1234,3388,1681,1707,3276,1615,1661,953,418,535,516,201,315,143,54,89,8,1,7,126,62,64,2124,2123,1046,485,285,217,55,25,10,1058,945,113,137,690,205,254,162
54401117,0,,,1079,580,499,104,58,46,901,480,421,652,366,286,876,465,411,854,450,404,249,114,135,125,46,79,35,10,25,1,0,1,14,6,8,540,539,285,112,62,51,16,10,3,244,189,55,30,175,46,43,33
54401118,0,,,424,207,217,23,16,7,399,191,208,249,131,118,389,186,203,379,180,199,150,60,90,72,20,52,30,6,24,2,0,2,9,8,1,149,149,33,37,31,27,13,5,3,115,68,47,7,101,7,21,16
54401119,0,,,261,139,122,32,20,12,227,117,110,153,84,69,217,109,108,214,107,107,74,33,41,33,14,19,12,5,7,0,0,0,2,2,0,74,74,16,9,18,10,6,8,7,57,29,28,10,49,1,10,4
54401120,0,,,286,127,159,46,23,23,234,101,133,164,75,89,226,99,127,223,97,126,70,26,44,46,15,31,17,3,14,1,0,1,7,2,5,97,96,20,25,19,16,12,1,3,76,59,17,17,41,4,3,9
54401121,0,,,2161,1055,1106,278,148,130,1766,851,915,1185,585,600,1721,825,896,1686,808,878,581,266,315,291,120,171,86,26,60,9,1,8,29,10,19,892,892,275,262,153,133,53,10,6,609,497,112,93,376,23,68,107
54401122,0,,,335,154,181,42,19,23,285,132,153,171,82,89,276,127,149,269,127,142,114,50,64,65,30,35,21,9,12,1,0,1,8,4,4,109,109,11,27,34,23,8,6,0,96,69,27,7,65,0,7,15
54401123,0,,,174,85,89,17,7,10,157,78,79,87,48,39,153,75,78,149,74,75,70,30,40,34,13,21,10,2,8,2,0,2,0,0,0,55,55,7,17,11,10,3,4,3,48,34,14,4,42,0,6,9
54401124,0,,,356,172,184,26,11,15,330,161,169,179,94,85,323,158,165,317,155,162,151,67,84,87,36,51,24,7,17,0,0,0,4,2,2,145,145,38,46,34,16,6,5,0,106,79,27,7,97,2,18,21
54401125,0,,,2418,1200,1218,198,101,97,2126,1049,1077,1344,721,623,2067,1023,1044,2002,993,1009,782,328,454,457,174,283,174,57,117,15,1,14,66,51,15,1170,1169,546,309,160,105,35,9,5,614,540,74,51,455,138,115,145
54401126,0,,,2940,1428,1512,297,152,145,2557,1227,1330,1648,857,791,2491,1196,1295,2437,1166,1271,909,370,539,494,190,304,166,55,111,16,4,12,55,31,24,1251,1245,560,310,181,132,51,9,2,665,572,93,75,466,138,134,110
54401127,0,,,2884,1522,1362,342,182,160,2425,1277,1148,1938,1050,888,2345,1228,1117,2282,1196,1086,487,227,260,220,90,130,63,17,46,4,1,3,76,40,36,1446,1445,743,302,195,152,43,8,2,682,619,63,108,293,146,65,93
54401128,0,,,923,480,443,102,55,47,800,410,390,584,317,267,773,395,378,757,386,371,216,93,123,99,34,65,35,8,27,6,1,5,17,13,4,422,419,173,111,69,41,21,2,2,237,211,26,27,127,38,24,42
54401129,0,,,354,159,195,23,11,12,330,148,182,166,86,80,325,143,182,322,141,181,164,62,102,81,19,62,57,11,46,14,1,13,7,4,3,85,83,13,35,17,11,6,0,1,70,62,8,3,44,0,6,19
54401130,0,,,221,102,119,13,6,7,207,95,112,113,55,58,201,92,109,195,90,105,94,40,54,50,20,30,12,1,11,3,0,3,0,0,0,71,71,10,22,12,12,10,3,2,61,33,28,3,57,0,8,11
54401131,0,,,214,111,103,22,12,10,189,97,92,118,65,53,180,91,89,173,86,87,71,32,39,34,12,22,7,1,6,1,0,1,0,0,0,79,79,21,21,13,15,4,4,1,58,41,17,5,45,2,10,13
54401132,0,,,61,27,34,7,2,5,54,25,29,32,16,16,52,24,28,52,24,28,22,9,13,10,4,6,2,0,2,0,0,0,0,0,0,19,19,2,5,5,4,0,3,0,17,11,6,2,13,0,2,3
54401133,0,,,188,90,98,15,9,6,173,81,92,97,45,52,170,81,89,169,81,88,76,36,40,39,17,22,13,3,10,1,0,1,0,0,0,79,79,24,24,19,5,3,4,0,55,43,12,2,51,1,14,12
54401134,0,,,1732,842,890,237,131,106,1469,696,773,974,480,494,1413,668,745,1371,649,722,495,216,279,260,105,155,69,23,46,5,0,5,38,13,25,689,683,196,219,130,90,35,9,4,481,414,67,49,327,20,78,92
54401135,0,,,4145,2000,2145,481,263,218,3599,1697,1902,2266,1118,1148,3467,1629,1838,3372,1578,1794,1333,579,754,653,279,374,115,48,67,5,2,3,100,42,58,1872,1872,670,582,308,213,67,25,7,1189,1078,111,112,946,55,340,255
54401136,0,,,2717,1348,1369,357,180,177,2304,1132,1172,1515,784,731,2250,1101,1149,2195,1075,1120,789,348,441,436,191,245,142,53,89,15,4,11,81,42,39,1142,1138,368,332,224,149,49,11,5,756,665,91,112,482,54,118,150
54401137,0,,,2043,1056,987,184,95,89,1797,927,870,1271,676,595,1753,900,853,1715,880,835,526,251,275,210,97,113,51,16,35,3,0,3,34,16,18,967,967,377,285,173,95,27,8,2,576,522,54,57,358,57,99,111
54401138,0,,,1366,713,653,169,83,86,1183,619,564,874,470,404,1150,600,550,1130,589,541,309,149,160,120,53,67,30,15,15,2,0,2,46,20,26,569,559,174,174,106,71,28,6,0,376,329,47,54,208,36,45,77
54401139,0,,,1261,698,563,122,58,64,1094,614,480,806,474,332,1066,599,467,1041,589,452,288,140,148,135,63,72,36,14,22,1,0,1,88,49,39,661,660,336,162,80,60,20,2,0,311,290,21,42,187,80,53,69
54401140,0,,,74,41,33,2,2,0,69,37,32,39,22,17,65,35,30,64,34,30,30,15,15,14,7,7,5,2,3,0,0,0,0,0,0,28,28,7,6,8,5,1,1,0,21,17,4,0,19,0,4,3
54401141,0,,,174,87,87,24,15,9,150,72,78,91,46,45,145,70,75,143,69,74,59,26,33,32,13,19,12,3,9,0,0,0,1,0,1,58,58,6,20,15,7,6,3,1,52,40,12,4,39,0,4,13
54401142,0,,,895,444,451,71,39,32,823,404,419,457,223,234,810,399,411,800,396,404,366,181,185,156,76,80,46,21,25,4,1,3,13,4,9,340,340,62,130,69,40,29,9,1,276,213,63,14,224,3,31,68
54401143,0,,,774,378,396,82,46,36,678,324,354,444,225,219,655,314,341,639,310,329,234,99,135,113,44,69,40,9,31,7,1,6,6,4,2,301,299,77,94,64,33,22,1,8,217,178,39,25,145,8,31,37
54401144,0,,,228,126,102,22,14,8,201,110,91,139,82,57,191,104,87,188,104,84,62,28,34,26,13,13,7,1,6,1,0,1,6,4,2,101,101,40,28,13,14,2,1,3,60,50,10,5,40,13,6,13
54401145,0,,,1670,806,864,276,142,134,1377,655,722,995,482,513,1321,629,692,1282,610,672,382,173,209,152,69,83,38,12,26,0,0,0,28,14,14,612,612,106,207,136,100,46,11,6,493,439,54,67,257,8,45,82
54401146,0,,,945,483,462,96,49,47,811,409,402,545,289,256,781,394,387,759,381,378,266,120,146,126,56,70,23,8,15,3,0,3,22,13,9,395,395,130,103,75,64,13,7,3,248,199,49,27,172,8,32,39
54401147,0,,,295,176,119,29,15,14,257,157,100,196,124,72,253,155,98,253,155,98,61,33,28,17,8,9,1,0,1,0,0,0,38,34,4,171,171,102,33,22,9,5,0,0,65,59,6,15,41,43,11,14
54401148,0,,,3804,2020,1784,451,245,206,3243,1714,1529,2417,1317,1100,3149,1661,1488,3078,1627,1451,826,397,429,340,158,182,66,26,40,4,1,3,350,193,157,1857,1856,839,485,266,199,51,12,4,993,919,74,144,561,195,181,168
54401149,0,,,4633,2594,2039,498,254,244,4041,2279,1762,3001,1805,1196,3946,2226,1720,3808,2131,1677,1040,474,566,509,206,303,158,41,117,15,1,14,341,191,150,2357,2352,1223,507,307,231,59,14,11,1096,970,126,168,671,388,211,175
54401150,0,,,318,142,176,19,6,13,299,136,163,180,84,96,293,133,160,287,131,156,119,52,67,65,20,45,26,9,17,2,0,2,0,0,0,114,114,21,37,22,19,10,4,1,93,64,29,4,77,0,15,19
54401151,0,,,568,290,278,65,34,31,498,253,245,323,174,149,483,244,239,474,236,238,175,79,96,81,35,46,28,8,20,1,0,1,2,1,1,229,229,67,66,45,28,16,7,0,159,127,32,17,112,7,22,30
54401152,0,,,1276,620,656,148,71,77,1120,544,576,663,343,320,1089,520,569,1066,507,559,457,201,256,249,94,155,119,34,85,20,3,17,12,7,5,445,443,95,134,95,74,28,14,3,341,270,71,38,240,4,44,59
54401153,0,,,433,220,213,43,19,24,390,201,189,243,129,114,381,195,186,372,190,182,147,72,75,63,29,34,22,9,13,3,0,3,0,0,0,152,152,27,43,37,30,5,7,3,124,94,30,14,90,5,13,21
54401154,0,,,168,82,86,21,13,8,147,69,78,98,48,50,141,65,76,140,64,76,49,21,28,23,11,12,9,4,5,1,1,0,3,1,2,54,54,4,19,10,13,5,2,1,50,37,13,1,30,0,1,8
54401155,0,,,218,118,100,20,9,11,195,108,87,133,79,54,190,107,83,185,103,82,62,29,33,31,13,18,9,2,7,0,0,0,0,0,0,70,69,17,22,13,9,5,3,0,51,42,9,8,43,0,10,12
54401156,0,,,119,65,54,11,7,4,107,58,49,62,37,25,104,56,48,101,53,48,45,21,24,21,7,14,10,2,8,0,0,0,2,0,2,50,50,13,21,4,8,4,0,0,37,31,6,3,30,1,7,10
54401157,0,,,619,327,292,67,33,34,548,293,255,318,176,142,530,288,242,522,282,240,230,117,113,128,60,68,40,13,27,3,0,3,17,8,9,231,229,88,63,29,26,12,8,3,133,107,26,23,96,17,23,27
54401158,0,,,3428,1766,1662,467,239,228,2956,1523,1433,2186,1158,1028,2845,1478,1367,2764,1432,1332,770,365,405,350,168,182,49,18,31,3,0,3,205,119,86,1412,1411,402,416,299,204,68,17,5,987,898,89,131,514,78,119,165
54401159,0,,,4816,2435,2381,702,371,331,4107,2060,2047,2979,1545,1434,3955,1984,1971,3871,1938,1933,1128,515,613,474,218,256,75,28,47,3,1,2,219,110,109,2038,2035,657,577,394,280,90,29,8,1349,1226,123,192,760,95,213,233
54401160,0,,,208,107,101,19,8,11,189,99,90,99,55,44,185,95,90,181,92,89,90,44,46,40,20,20,10,3,7,1,1,0,1,1,0,70,70,10,22,15,12,7,2,2,59,41,18,7,54,0,8,13
54401161,0,,,177,91,86,23,10,13,154,81,73,92,51,41,148,78,70,147,78,69,62,30,32,23,11,12,12,6,6,0,0,0,0,0,0,61,61,11,18,13,13,1,2,3,49,39,10,4,40,1,8,14
54401162,0,,,199,105,94,21,11,10,173,91,82,111,62,49,166,85,81,164,84,80,62,29,33,30,15,15,4,3,1,0,0,0,16,11,5,86,86,34,21,14,9,4,3,1,52,48,4,6,40,11,11,13
54401163,0,,,38,17,21,7,3,4,31,14,17,25,12,13,28,12,16,28,12,16,6,2,4,1,0,1,0,0,0,0,0,0,0,0,0,13,13,4,2,2,1,4,0,0,9,7,2,0,4,0,0,1
54401164,0,,,160,85,75,22,12,10,138,73,65,80,43,37,135,73,62,135,73,62,58,30,28,24,11,13,5,1,4,2,1,1,1,0,1,49,49,8,9,14,7,8,0,3,40,23,17,7,36,0,6,4
54401165,0,,,163,65,98,6,1,5,157,64,93,72,35,37,152,62,90,150,61,89,85,29,56,50,13,37,19,4,15,4,0,4,4,3,1,43,42,8,12,10,6,3,1,2,34,22,12,1,29,3,3,5
54401166,0,,,97,48,49,8,5,3,89,43,46,50,26,24,85,42,43,85,42,43,39,17,22,23,12,11,4,0,4,0,0,0,0,0,0,31,31,4,10,5,3,8,1,0,27,18,9,2,24,0,3,6
54401167,0,,,511,247,264,56,25,31,455,222,233,267,139,128,436,214,222,430,213,217,188,83,105,115,49,66,44,15,29,3,1,2,1,0,1,156,155,26,38,34,23,22,8,4,129,83,46,16,103,2,12,20
54401168,0,,,1556,817,739,223,113,110,1329,702,627,990,533,457,1283,680,603,1255,663,592,339,169,170,146,72,74,26,12,14,1,1,0,30,19,11,640,639,191,197,113,83,43,8,4,433,390,43,63,219,42,45,66
54401169,0,,,1162,555,607,166,77,89,996,478,518,652,333,319,952,461,491,928,450,478,344,145,199,226,92,134,96,26,70,10,1,9,25,14,11,408,406,113,114,74,70,29,6,0,291,257,34,48,145,17,36,40
54401170,0,,,204,95,109,18,8,10,181,84,97,95,43,52,177,82,95,175,80,95,86,41,45,33,12,21,10,2,8,1,0,1,1,1,0,77,77,15,25,15,17,4,1,0,60,44,16,7,54,0,7,16
54401171,0,,,108,54,54,10,6,4,98,48,50,61,31,30,96,46,50,92,44,48,37,17,20,17,5,12,4,1,3,0,0,0,0,0,0,33,33,3,9,7,10,0,2,2,30,20,10,3,22,0,2,5
54401172,0,,,347,175,172,29,16,13,316,157,159,175,94,81,301,147,154,292,143,149,141,63,78,72,32,40,19,5,14,0,0,0,1,0,1,116,116,27,29,22,13,11,9,5,89,52,37,5,91,0,17,19
54401173,0,,,140,69,71,10,5,5,129,63,66,67,35,32,126,61,65,125,61,64,62,28,34,26,12,14,9,1,8,1,0,1,0,0,0,50,50,9,15,13,7,3,2,1,40,26,14,1,35,2,5,8
54401174,0,,,137,66,71,11,6,5,126,60,66,57,29,28,124,60,64,121,58,63,69,31,38,27,9,18,11,2,9,0,0,0,0,0,0,52,52,9,21,8,8,6,0,0,42,31,11,3,42,0,8,15
54401175,0,,,133,66,67,7,5,2,125,60,65,59,26,33,122,59,63,120,59,61,66,34,32,25,11,14,9,0,9,1,0,1,0,0,0,52,52,12,18,12,6,1,2,1,40,32,8,2,43,0,9,12
54401176,0,,,73,28,45,5,1,4,66,26,40,24,12,12,66,26,40,66,26,40,42,14,28,32,10,22,16,5,11,1,0,1,2,1,1,22,21,8,6,4,1,0,2,0,13,9,4,2,10,2,2,4
54401177,0,,,305,151,154,22,9,13,283,142,141,159,84,75,276,138,138,273,137,136,124,58,66,64,26,38,22,7,15,1,1,0,1,0,1,98,98,16,25,18,21,9,7,2,81,47,34,7,77,0,12,12
54401178,0,,,338,132,206,28,14,14,310,118,192,113,56,57,306,116,190,305,115,190,197,62,135,134,32,102,83,16,67,19,2,17,1,1,0,85,84,19,26,17,10,6,4,2,65,47,18,7,61,1,12,13
54401179,0,,,145,77,68,19,12,7,126,65,61,83,43,40,123,63,60,120,60,60,43,22,21,18,7,11,6,2,4,0,0,0,0,0,0,46,46,8,10,10,9,4,4,1,38,24,14,6,29,0,7,6
54401181,0,,,15,9,6,1,1,0,14,8,6,10,7,3,14,8,6,14,8,6,4,1,3,4,1,3,1,0,1,0,0,0,1,0,1,6,6,2,1,1,2,0,0,0,4,3,1,0,3,0,1,1
54401182,0,,,50,20,30,6,1,5,44,19,25,23,11,12,43,18,25,43,18,25,21,8,13,14,5,9,3,2,1,0,0,0,0,0,0,17,17,4,4,4,2,2,0,1,13,9,4,2,14,0,3,3
54401183,0,,,287,112,175,11,6,5,276,106,170,113,61,52,270,102,168,267,99,168,163,45,118,118,24,94,72,10,62,9,0,9,0,0,0,59,58,6,12,16,13,4,6,1,52,26,26,2,49,0,4,7
54401184,1,,54401194,469,236,233,48,24,24,426,214,212,234,123,111,408,202,206,401,198,203,192,91,101,91,36,55,27,9,18,4,0,4,2,1,1,156,156,30,50,28,20,16,9,6,129,87,42,11,126,0,24,29
54401185,0,,,200,106,94,25,17,8,175,89,86,106,62,44,173,89,84,169,86,83,69,27,42,39,15,24,16,5,11,1,0,1,0,0,0,65,65,6,23,13,13,7,0,3,59,37,22,5,48,0,5,7
54401186,0,,,233,108,125,16,5,11,217,103,114,135,73,62,210,99,111,207,99,108,82,30,52,41,11,30,15,3,12,1,0,1,0,0,0,75,75,14,16,16,12,12,4,1,59,35,24,3,58,0,13,7
54401187,0,,,126,65,61,9,2,7,117,63,54,67,38,29,115,61,54,115,61,54,50,25,25,24,12,12,10,5,5,0,0,0,1,0,1,43,43,4,15,14,4,3,2,1,39,24,15,2,33,0,3,8
54401188,0,,,145,75,70,8,5,3,137,70,67,77,42,35,131,68,63,131,68,63,60,28,32,24,10,14,7,3,4,0,0,0,0,0,0,54,54,12,13,15,10,3,0,1,42,34,8,3,38,0,11,9
54401189,0,,,148,75,73,10,7,3,138,68,70,93,51,42,136,67,69,134,65,69,45,17,28,26,7,19,10,2,8,0,0,0,0,0,0,51,51,10,13,11,11,2,3,1,41,27,14,1,32,0,8,3
54401191,0,,,72,30,42,5,2,3,67,28,39,34,15,19,66,28,38,66,28,38,33,13,20,13,3,10,7,2,5,1,0,1,0,0,0,26,26,5,6,8,5,1,1,0,21,13,8,1,22,0,3,6
54401192,0,,,144,79,65,22,14,8,121,64,57,63,35,28,120,63,57,118,62,56,58,29,29,29,14,15,6,3,3,0,0,0,0,0,0,52,52,11,15,13,6,4,1,2,41,29,12,7,38,0,8,8
54401193,0,,,59,28,31,3,1,2,56,27,29,29,14,15,56,27,29,55,27,28,27,13,14,15,6,9,6,3,3,0,0,0,2,1,1,23,23,5,6,8,3,0,1,0,18,13,5,1,17,0,3,2
54401194,2,54401184,,5,2,3,*,*,*,*,*,*,*,*,*,*,*,*,*,*,*,*,*,*,*,*,*,*,*,*,*,*,*,*,*,*,3,3,*,*,*,*,*,*,*,*,*,*,*,*,*,*,*
54401195,2,54401196,,4,2,2,*,*,*,*,*,*,*,*,*,*,*,*,*,*,*,*,*,*,*,*,*,*,*,*,*,*,*,*,*,*,1,1,*,*,*,*,*,*,*,*,*,*,*,*,*,*,*
54401196,1,,54401195,316,141,175,23,7,16,297,136,161,138,82,56,287,129,158,283,125,158,159,54,105,100,25,75,61,11,50,9,2,7,0,0,0,82,81,11,25,21,14,7,1,3,70,53,17,3,57,0,9,11
54401197,0,,,27,15,12,1,0,1,26,15,11,16,10,6,25,14,11,24,13,11,10,5,5,4,2,2,1,0,1,0,0,0,0,0,0,9,9,2,3,0,2,1,1,0,7,4,3,0,7,0,1,1
54401198,0,,,74,37,37,3,1,2,71,36,35,39,21,18,70,36,34,68,35,33,32,15,17,15,7,8,5,2,3,0,0,0,5,5,0,34,34,15,7,7,3,1,0,1,18,14,4,1,20,5,5,3
54401199,0,,,286,136,150,31,15,16,255,121,134,153,72,81,246,116,130,239,113,126,102,49,53,50,21,29,17,6,11,1,1,0,3,2,1,94,94,15,28,17,16,11,5,2,77,49,28,5,65,2,9,12
54401200,1,,54401201,2017,985,1032,478,258,220,1513,694,819,1426,659,767,1450,654,796,1371,636,735,87,35,52,42,11,31,14,5,9,0,0,0,29,13,16,854,853,411,137,149,164,46,8,1,499,475,24,152,65,189,17,10
54401201,2,54401200,,66,14,52,*,*,*,*,*,*,*,*,*,*,*,*,*,*,*,*,*,*,*,*,*,*,*,*,*,*,*,*,*,*,63,63,*,*,*,*,*,*,*,*,*,*,*,*,*,*,*
54401202,0,,,130,65,65,6,4,2,124,61,63,73,37,36,120,60,60,118,59,59,51,24,27,20,6,14,7,2,5,0,0,0,0,0,0,49,49,11,12,12,11,3,0,0,38,25,13,1,39,0,8,6
54401203,0,,,112,59,53,4,3,1,108,56,52,70,36,34,101,54,47,99,54,45,38,20,18,20,9,11,6,4,2,0,0,0,4,4,0,43,43,15,9,7,5,5,1,1,28,18,10,0,25,4,3,7
54401204,0,,,231,113,118,23,13,10,208,100,108,119,60,59,202,99,103,199,97,102,89,40,49,51,22,29,14,3,11,1,1,0,1,0,1,86,86,19,27,19,10,6,4,1,66,47,19,3,58,0,10,11
54401205,0,,,350,171,179,27,10,17,323,161,162,187,100,87,315,157,158,308,154,154,136,61,75,65,26,39,22,11,11,1,0,1,10,9,1,132,131,34,37,32,13,9,4,2,97,65,32,4,86,9,18,14
54401206,0,,,366,187,179,39,17,22,327,170,157,205,109,96,309,161,148,303,158,145,122,61,61,62,31,31,8,4,4,0,0,0,1,0,1,128,128,17,52,25,17,5,9,3,110,90,20,9,80,0,9,25
54401207,0,,,237,106,131,13,5,8,224,101,123,91,53,38,221,98,123,218,97,121,133,48,85,91,29,62,58,9,49,16,1,15,0,0,0,71,70,15,28,17,6,2,1,1,55,46,9,4,42,1,8,13
54401208,0,,,55,30,25,12,6,6,43,24,19,27,15,12,43,24,19,41,22,19,16,9,7,5,4,1,0,0,0,0,0,0,0,0,0,21,21,4,8,4,2,3,0,0,17,17,0,2,10,0,3,2
54401209,0,,,130,62,68,16,7,9,114,55,59,66,34,32,112,54,58,109,53,56,48,21,27,23,9,14,8,2,6,1,0,1,0,0,0,44,44,7,16,8,6,2,2,3,37,30,7,4,28,0,4,8
54401210,0,,,335,158,177,51,19,32,276,136,140,104,56,48,273,134,139,273,134,139,172,80,92,140,55,85,82,21,61,19,3,16,3,1,2,163,162,109,25,8,13,5,1,1,51,48,3,15,104,4,91,4
54401211,0,,,341,171,170,23,16,7,318,155,163,180,86,94,311,151,160,303,147,156,138,69,69,66,32,34,22,14,8,2,1,1,11,7,4,132,132,24,52,30,13,7,6,0,107,92,15,4,86,3,15,27
54401212,0,,,317,144,173,15,7,8,302,137,165,115,66,49,298,133,165,294,132,162,187,71,116,116,36,80,67,16,51,15,3,12,1,1,0,93,92,17,35,16,13,6,3,2,74,53,21,1,76,0,13,18
54401213,0,,,371,187,184,28,16,12,343,171,172,198,100,98,332,166,166,327,163,164,145,71,74,67,30,37,18,3,15,1,0,1,3,0,3,133,133,19,47,32,21,10,1,3,113,89,24,8,89,0,14,26
54401214,0,,,145,75,70,8,5,3,137,70,67,74,37,37,131,68,63,126,64,62,63,33,30,26,14,12,3,1,2,2,1,1,0,0,0,50,50,8,16,11,6,7,1,1,42,28,14,1,42,0,7,8
54401215,0,,,109,57,52,5,2,3,104,55,49,56,34,22,102,54,48,99,52,47,48,21,27,23,10,13,7,2,5,1,0,1,1,0,1,37,37,6,10,9,8,1,2,1,31,22,9,1,29,0,5,3
54401216,0,,,299,168,131,30,22,8,269,146,123,168,98,70,262,143,119,255,138,117,101,48,53,49,24,25,12,5,7,1,0,1,13,11,2,114,114,29,43,14,11,9,6,2,85,65,20,4,69,4,11,20
54401217,0,,,308,162,146,37,23,14,271,139,132,176,94,82,254,131,123,245,125,120,95,45,50,39,19,20,8,3,5,2,0,2,14,11,3,123,123,40,35,14,21,8,3,2,83,69,14,7,63,10,15,18
54401218,0,,,305,155,150,32,16,16,273,139,134,151,84,67,263,133,130,260,132,128,122,55,67,58,22,36,21,6,15,1,0,1,2,1,1,113,113,24,38,21,17,9,2,2,88,63,25,7,78,0,18,19
54401219,0,,,128,65,63,21,10,11,107,55,52,62,32,30,104,53,51,101,52,49,45,23,22,24,10,14,5,2,3,0,0,0,0,0,0,47,47,8,18,7,8,5,1,0,39,31,8,3,31,0,5,9
54401220,0,,,405,200,205,28,17,11,377,183,194,223,114,109,373,181,192,364,178,186,154,69,85,70,30,40,18,7,11,5,1,4,0,0,0,136,136,17,45,31,20,14,8,1,119,86,33,8,96,0,11,20
54401221,0,,,390,201,189,39,19,20,349,181,168,204,114,90,342,179,163,334,175,159,145,67,78,72,37,35,11,4,7,1,1,0,3,2,1,144,138,33,46,30,15,14,0,0,105,89,16,8,90,2,23,28
54401222,0,,,185,88,97,16,10,6,169,78,91,101,46,55,164,76,88,159,73,86,68,32,36,30,10,20,13,5,8,0,0,0,0,0,0,66,66,8,27,15,11,1,1,3,58,42,16,4,45,0,6,18
54401223,0,,,149,74,75,13,10,3,136,64,72,77,38,39,132,63,69,128,61,67,59,26,33,29,14,15,7,2,5,0,0,0,0,0,0,55,55,10,20,10,9,4,1,1,45,33,12,4,39,0,7,10
54401224,0,,,119,65,54,11,6,5,108,59,49,59,35,24,103,56,47,103,56,47,49,24,25,28,10,18,16,5,11,0,0,0,0,0,0,45,45,11,16,7,4,4,2,1,34,23,11,2,34,0,7,6
54401225,0,,,389,196,193,42,21,21,347,175,172,182,95,87,338,168,170,330,164,166,165,80,85,85,35,50,32,7,25,0,0,0,1,0,1,136,136,28,42,25,19,10,9,3,107,74,33,10,103,0,22,26
54401226,0,,,89,45,44,9,7,2,80,38,42,53,25,28,76,36,40,76,36,40,27,13,14,13,5,8,4,2,2,1,0,1,0,0,0,33,33,5,13,7,4,3,1,0,28,22,6,3,19,0,4,4
54401227,0,,,59,32,27,5,4,1,54,28,26,30,16,14,51,27,24,51,27,24,24,12,12,8,3,5,4,1,3,1,0,1,0,0,0,21,21,3,5,9,3,0,0,1,18,14,4,1,13,0,0,4
54401228,0,,,33,17,16,3,2,1,30,15,15,18,11,7,30,15,15,29,15,14,12,4,8,8,3,5,1,0,1,0,0,0,0,0,0,13,13,4,2,4,2,1,0,0,9,7,2,1,7,0,1,1
54401229,0,,,92,50,42,12,8,4,80,42,38,47,25,22,75,39,36,73,38,35,33,17,16,21,10,11,5,3,2,0,0,0,0,0,0,35,35,9,11,8,2,3,0,2,26,20,6,3,25,0,8,5
54401230,0,,,685,327,358,66,27,39,610,297,313,391,201,190,591,290,301,573,283,290,219,96,123,107,37,70,37,8,29,6,1,5,24,10,14,281,278,98,70,48,34,21,5,2,177,154,23,13,147,7,49,31
54401231,0,,,222,103,119,36,22,14,186,81,105,103,46,57,181,78,103,177,77,100,83,35,48,41,17,24,15,3,12,0,0,0,0,0,0,74,72,17,20,15,11,4,1,4,54,45,9,6,42,0,12,10
54401232,0,,,150,76,74,24,13,11,126,63,63,80,41,39,122,61,61,120,60,60,46,22,24,13,5,8,7,2,5,0,0,0,0,0,0,53,53,9,21,8,5,6,3,1,44,38,6,3,31,0,6,8
54401233,0,,,118,55,63,17,10,7,101,45,56,41,23,18,101,45,56,101,45,56,60,22,38,35,9,26,24,6,18,9,1,8,1,0,1,32,31,6,10,5,6,2,1,1,24,21,3,4,18,0,3,6
54401234,1,,54401235,125,65,60,4,3,1,125,64,61,66,35,31,120,61,59,118,60,58,59,29,30,20,7,13,7,3,4,0,0,0,0,0,0,43,43,8,14,10,5,6,1,1,36,24,12,1,38,0,5,7
54401235,2,54401234,,4,2,2,*,*,*,*,*,*,*,*,*,*,*,*,*,*,*,*,*,*,*,*,*,*,*,*,*,*,*,*,*,*,2,2,*,*,*,*,*,*,*,*,*,*,*,*,*,*,*
54401236,0,,,155,74,81,10,4,6,145,70,75,82,42,40,140,66,74,137,64,73,63,28,35,36,16,20,11,4,7,0,0,0,0,0,0,51,51,5,17,13,6,7,3,0,45,30,15,1,41,0,5,11
54401237,0,,,228,116,112,14,9,5,214,107,107,104,56,48,212,105,107,211,104,107,110,51,59,45,18,27,17,6,11,0,0,0,0,0,0,86,86,15,33,18,13,3,3,1,71,53,18,1,66,0,10,18
54401238,1,,54401239,348,173,175,23,13,10,327,161,166,173,87,86,319,156,163,312,151,161,154,74,80,76,35,41,25,11,14,3,1,2,1,0,1,129,129,24,48,30,16,6,3,4,106,81,25,3,97,0,18,24
54401239,2,54401238,,3,2,1,*,*,*,*,*,*,*,*,*,*,*,*,*,*,*,*,*,*,*,*,*,*,*,*,*,*,*,*,*,*,2,2,*,*,*,*,*,*,*,*,*,*,*,*,*,*,*
54401240,0,,,2560,1286,1274,278,137,141,2267,1140,1127,1593,832,761,2171,1092,1079,2110,1060,1050,674,308,366,315,126,189,97,24,73,6,1,5,137,90,47,1124,1120,414,326,178,140,49,10,3,696,621,75,59,427,78,131,130
54401241,0,,,135,66,69,8,6,2,127,60,67,69,33,36,120,58,62,117,57,60,58,27,31,24,11,13,4,2,2,0,0,0,1,0,1,52,52,11,21,9,5,2,3,1,40,33,7,2,39,0,9,11
54401242,0,,,180,85,95,15,7,8,164,78,86,95,50,45,162,77,85,155,72,83,69,28,41,35,13,22,13,2,11,1,0,1,0,0,0,64,63,11,20,16,9,5,2,0,52,39,13,3,38,0,8,11
54401243,0,,,33,15,18,7,1,6,26,14,12,18,9,9,24,13,11,24,13,11,8,5,3,3,2,1,0,0,0,0,0,0,0,0,0,10,10,1,2,3,2,1,1,0,9,7,2,3,4,0,0,1
54401244,0,,,50,25,25,7,4,3,43,21,22,30,16,14,40,19,21,39,19,20,13,5,8,4,2,2,2,0,2,0,0,0,0,0,0,13,13,0,3,3,3,1,3,0,13,8,5,1,8,0,0,1
54401245,0,,,205,105,100,17,11,6,188,94,94,102,54,48,185,93,92,183,91,92,86,40,46,47,19,28,15,7,8,0,0,0,0,0,0,73,73,12,24,17,13,3,2,2,60,44,16,4,55,0,7,14
54401246,0,,,300,157,143,25,14,11,275,143,132,163,85,78,270,140,130,265,137,128,112,58,54,55,27,28,12,5,7,0,0,0,1,0,1,101,101,19,28,23,16,6,4,5,82,62,20,6,72,0,17,17
54401247,0,,,172,87,85,21,16,5,151,71,80,83,43,40,147,69,78,145,67,78,68,28,40,29,9,20,15,4,11,0,0,0,0,0,0,55,55,8,14,14,10,3,4,2,47,31,16,5,43,0,7,5
54401248,0,,,13,5,8,0,0,0,13,5,8,4,1,3,12,5,7,12,5,7,9,4,5,3,1,2,1,0,1,0,0,0,0,0,0,4,4,0,2,1,0,0,1,0,4,2,2,0,4,0,0,2
54401250,0,,,3295,1686,1609,414,206,208,2869,1473,1396,2047,1073,974,2743,1401,1342,2679,1370,1309,822,400,422,391,188,203,94,36,58,8,1,7,115,51,64,1328,1325,423,364,256,193,64,19,6,888,800,88,121,480,78,107,167
54401251,0,,,792,414,378,79,40,39,709,370,339,427,240,187,696,366,330,676,357,319,282,130,152,128,55,73,45,11,34,5,2,3,45,28,17,325,322,105,101,60,34,17,4,1,211,182,29,20,156,21,30,47
54401252,0,,,135,32,103,0,0,0,135,32,103,18,6,12,135,32,103,134,32,102,117,26,91,103,17,86,83,11,72,20,3,17,1,0,1,16,14,6,5,1,2,0,0,0,8,7,1,0,7,1,3,3
54401253,0,,,138,69,69,16,6,10,122,63,59,72,34,38,115,60,55,113,59,54,50,29,21,29,15,14,8,4,4,2,0,2,0,0,0,45,45,7,15,7,9,2,2,3,38,26,12,5,32,0,4,7
54401254,0,,,116,53,63,2,0,2,114,53,61,53,27,26,113,53,60,112,52,60,61,26,35,37,15,22,10,2,8,1,0,1,0,0,0,40,39,5,14,13,4,3,0,0,34,24,10,1,31,0,3,9
54401255,0,,,202,97,105,14,8,6,188,89,99,105,52,53,183,87,96,183,87,96,83,37,46,47,17,30,20,5,15,2,0,2,1,0,1,61,61,6,19,12,11,3,8,2,55,30,25,4,52,0,4,12
54401256,0,,,106,54,52,9,5,4,96,48,48,40,20,20,95,48,47,93,48,45,56,28,28,30,11,19,14,5,9,4,1,3,0,0,0,44,44,14,15,6,5,1,2,1,30,20,10,2,34,0,9,9
54401260,0,,,183,91,92,23,10,13,157,79,78,111,60,51,149,74,75,146,71,75,46,19,27,19,7,12,2,1,1,0,0,0,3,2,1,62,62,14,11,18,10,4,3,2,46,32,14,5,33,1,9,4
54401261,0,,,152,98,54,5,4,1,147,94,53,112,78,34,146,93,53,144,92,52,35,16,19,12,5,7,5,1,4,0,0,0,2,1,1,24,22,7,6,3,1,3,2,0,15,10,5,2,15,0,4,2
54401262,0,,,94,38,56,9,5,4,85,33,52,48,22,26,81,33,48,78,32,46,37,11,26,24,4,20,15,1,14,3,0,3,0,0,0,23,22,2,5,7,2,2,3,1,19,12,7,3,12,0,2,3
54401263,0,,,13,6,7,0,0,0,13,6,7,6,2,4,13,6,7,13,6,7,7,4,3,2,1,1,1,1,0,1,1,0,0,0,0,6,6,1,4,0,1,0,0,0,5,4,1,0,5,0,1,3
54401264,0,,,127,68,59,8,5,3,118,63,55,62,35,27,117,62,55,115,60,55,56,28,28,27,12,15,12,5,7,1,1,0,0,0,0,45,45,10,11,13,4,3,3,1,35,24,11,3,33,0,4,5
54401265,0,,,191,99,92,11,7,4,180,92,88,103,55,48,176,90,86,173,87,86,77,37,40,37,15,22,17,5,12,3,0,3,1,0,1,67,67,5,28,14,14,5,0,1,62,44,18,1,49,0,5,11
54401266,0,,,71,35,36,1,0,1,70,35,35,34,18,16,67,33,34,66,32,34,36,17,19,18,9,9,8,5,3,1,0,1,0,0,0,29,29,3,16,5,4,1,0,0,26,22,4,0,21,0,2,9
54401267,0,,,224,112,112,15,9,6,209,103,106,133,72,61,200,97,103,189,91,98,76,31,45,38,14,24,14,3,11,2,0,2,0,0,0,71,71,10,21,15,12,5,2,6,61,40,21,2,50,0,7,11
54401270,0,,,14,10,4,0,0,0,14,10,4,9,7,2,13,9,4,13,9,4,5,3,2,1,0,1,0,0,0,0,0,0,0,0,0,4,4,1,0,1,0,2,0,0,3,0,3,0,4,0,1,0
54401271,0,,,215,105,110,22,10,12,192,95,97,108,55,53,187,92,95,184,90,94,84,40,44,27,11,16,10,2,8,0,0,0,3,1,2,73,73,11,18,22,12,6,4,0,62,43,19,2,53,0,6,8
54401272,0,,,362,189,173,19,12,7,343,177,166,197,109,88,336,173,163,328,168,160,146,68,78,79,38,41,27,14,13,1,0,1,1,0,1,126,126,17,38,33,24,11,2,1,109,82,27,3,89,0,12,23
54401273,0,,,164,76,88,8,2,6,156,74,82,107,53,54,152,74,78,149,73,76,49,21,28,23,7,16,9,4,5,0,0,0,0,0,0,59,59,10,16,20,8,2,1,2,49,35,14,1,35,0,5,7
54401274,1,,54401275;54401284,553,278,275,72,39,33,498,246,252,284,150,134,478,231,247,470,229,241,214,96,118,100,39,61,47,20,27,4,2,2,1,0,1,176,176,38,45,31,28,16,13,11,143,72,71,19,143,0,30,23
54401275,2,54401274,,6,3,3,*,*,*,*,*,*,*,*,*,*,*,*,*,*,*,*,*,*,*,*,*,*,*,*,*,*,*,*,*,*,4,4,*,*,*,*,*,*,*,*,*,*,*,*,*,*,*
54401276,2,54401287,,2,2,0,*,*,*,*,*,*,*,*,*,*,*,*,*,*,*,*,*,*,*,*,*,*,*,*,*,*,*,*,*,*,2,2,*,*,*,*,*,*,*,*,*,*,*,*,*,*,*
54401277,0,,,292,151,141,39,15,24,253,136,117,167,94,73,241,129,112,240,128,112,86,42,44,44,19,25,15,5,10,1,1,0,13,12,1,102,102,28,22,21,12,13,1,5,72,52,20,7,55,6,10,10
54401278,0,,,21,12,9,0,0,0,21,12,9,16,10,6,21,12,9,21,12,9,5,2,3,3,1,2,2,1,1,0,0,0,1,1,0,7,7,1,2,3,0,0,0,1,6,5,1,0,3,1,0,1
54401279,0,,,142,77,65,13,6,7,129,71,58,69,41,28,125,68,57,125,68,57,60,30,30,31,12,19,18,6,12,2,0,2,0,0,0,53,53,9,20,7,14,2,1,0,44,36,8,2,41,0,9,9
54401280,0,,,258,131,127,23,12,11,235,119,116,138,76,62,229,117,112,226,114,112,97,43,54,44,18,26,11,4,7,1,0,1,1,1,0,80,80,8,24,20,12,8,4,4,72,49,23,5,61,0,6,14
54401281,0,,,190,91,99,21,14,7,169,77,92,92,44,48,165,76,89,164,76,88,77,33,44,34,15,19,12,3,9,0,0,0,0,0,0,58,58,9,13,11,13,4,6,2,49,29,20,4,49,0,9,9
54401282,0,,,355,185,170,25,16,9,330,169,161,180,99,81,326,166,160,322,165,157,150,70,80,70,30,40,33,13,20,1,0,1,2,0,2,118,118,21,37,17,20,14,5,4,97,59,38,6,92,0,14,20
54401283,0,,,201,99,102,27,12,15,174,87,87,106,59,47,168,82,86,162,77,85,68,28,40,33,12,21,10,3,7,0,0,0,0,0,0,56,56,6,14,11,9,7,0,9,50,26,24,11,43,0,4,9
54401284,2,54401274,,12,5,7,*,*,*,*,*,*,*,*,*,*,*,*,*,*,*,*,*,*,*,*,*,*,*,*,*,*,*,*,*,*,2,2,*,*,*,*,*,*,*,*,*,*,*,*,*,*,*
54401285,0,,,146,68,78,8,1,7,138,67,71,79,40,39,136,66,70,134,64,70,59,27,32,31,15,16,10,3,7,1,0,1,3,2,1,53,53,9,11,22,8,1,2,0,43,33,10,3,34,0,6,5
54401286,0,,,217,102,115,19,11,8,197,91,106,132,63,69,188,87,101,186,86,100,65,28,37,32,12,20,9,3,6,2,2,0,1,0,1,74,74,6,30,15,13,7,2,1,64,48,16,5,40,1,3,8
54401287,1,,54401276,204,103,101,19,7,12,187,98,89,103,57,46,179,93,86,178,92,86,84,41,43,36,18,18,17,9,8,0,0,0,0,0,0,73,73,17,16,23,10,6,3,0,57,40,17,4,53,0,13,13
54401288,0,,,249,125,124,30,15,15,219,110,109,138,70,68,214,110,104,210,107,103,81,40,41,44,19,25,18,6,12,2,0,2,13,13,0,67,67,6,21,14,3,7,7,9,55,29,26,9,53,2,4,9
54401289,0,,,101,52,49,10,3,7,91,49,42,58,36,22,88,48,40,88,48,40,33,13,20,13,5,8,6,1,5,0,0,0,4,3,1,39,39,9,14,5,8,1,2,0,30,24,6,3,23,2,2,5
54401290,0,,,204,92,112,14,9,5,190,83,107,68,37,31,184,77,107,182,75,107,122,46,76,97,31,66,53,13,40,6,1,5,0,0,0,39,36,5,10,9,5,4,2,1,31,23,8,4,23,0,3,6
54401291,0,,,99,55,44,15,9,6,84,46,38,48,32,16,78,42,36,75,40,35,36,14,22,13,5,8,7,3,4,0,0,0,0,0,0,33,33,5,12,2,9,3,1,1,28,21,7,1,24,0,4,5
54401292,2,54401293,,1,0,1,*,*,*,*,*,*,*,*,*,*,*,*,*,*,*,*,*,*,*,*,*,*,*,*,*,*,*,*,*,*,1,1,*,*,*,*,*,*,*,*,*,*,*,*,*,*,*
54401293,1,,54401292,521,246,275,49,19,30,460,220,240,269,135,134,446,211,235,441,207,234,191,85,106,92,38,54,21,4,17,2,0,2,4,0,4,198,198,53,50,43,32,16,3,2,143,116,27,12,123,0,30,23
54401294,0,,,524,261,263,46,27,19,472,230,242,266,144,122,457,224,233,446,219,227,206,86,120,109,42,67,27,10,17,2,0,2,0,0,0,205,204,51,72,36,23,14,4,4,151,117,34,12,137,1,30,37
54401295,0,,,409,192,217,35,17,18,373,175,198,209,109,100,359,165,194,352,163,189,164,66,98,73,22,51,42,12,30,7,2,5,2,0,2,137,135,20,47,30,27,5,4,2,113,93,20,5,85,0,13,26
54401296,0,,,614,305,309,81,42,39,531,261,270,333,170,163,508,247,261,497,241,256,198,91,107,88,37,51,25,9,16,1,0,1,2,2,0,215,215,41,63,43,39,19,6,4,171,137,34,24,128,2,20,37
54401297,0,,,183,91,92,17,11,6,166,80,86,102,53,49,157,78,79,148,74,74,64,27,37,26,10,16,11,3,8,0,0,0,6,6,0,73,72,25,20,7,12,5,1,2,47,41,6,5,40,5,13,15
54401298,0,,,319,144,175,44,11,33,275,133,142,165,86,79,263,130,133,257,126,131,110,47,63,64,25,39,22,7,15,1,0,1,8,8,0,103,101,22,30,25,10,7,4,3,76,56,20,5,62,1,10,12
54401299,0,,,354,182,172,28,12,16,325,169,156,186,105,81,314,162,152,310,158,152,139,64,75,54,22,32,21,9,12,1,1,0,5,2,3,155,155,57,43,26,19,8,1,1,96,78,18,5,95,4,28,18
54401300,0,,,411,211,200,37,23,14,374,188,186,205,112,93,360,179,181,357,177,180,169,76,93,78,28,50,34,12,22,3,0,3,0,0,0,146,146,31,42,31,20,15,4,3,115,74,41,6,112,1,24,19
54401301,0,,,117,56,61,15,10,5,102,46,56,58,26,32,98,45,53,97,44,53,44,20,24,23,11,12,4,2,2,0,0,0,0,0,0,39,39,5,15,6,6,3,3,1,33,21,12,1,28,0,2,9
54401302,0,,,27,15,12,1,0,1,26,15,11,12,8,4,25,15,10,25,15,10,14,7,7,7,3,4,3,1,2,0,0,0,0,0,0,9,9,1,4,0,3,0,1,0,8,6,2,0,8,0,0,2
54401303,0,,,427,229,198,31,18,13,396,211,185,235,128,107,384,204,180,378,200,178,161,83,78,80,44,36,36,19,17,4,2,2,5,5,0,140,140,23,39,30,21,14,10,3,116,73,43,6,97,1,12,18
54401304,1,,54401305,296,110,186,18,11,7,285,104,181,121,59,62,281,104,177,276,101,175,164,45,119,131,28,103,75,12,63,14,0,14,0,0,0,75,74,19,19,21,10,3,4,2,59,45,14,8,53,0,13,8
54401305,2,54401304,,7,5,2,*,*,*,*,*,*,*,*,*,*,*,*,*,*,*,*,*,*,*,*,*,*,*,*,*,*,*,*,*,*,4,4,*,*,*,*,*,*,*,*,*,*,*,*,*,*,*
54401306,0,,,93,46,47,12,7,5,81,39,42,47,22,25,78,38,40,76,38,38,34,17,17,13,5,8,6,1,5,0,0,0,0,0,0,27,27,5,5,4,5,6,0,2,22,10,12,2,20,0,3,2
54401307,0,,,115,61,54,14,7,7,101,54,47,71,40,31,98,52,46,97,52,45,30,14,16,14,5,9,4,1,3,0,0,0,3,1,2,34,34,2,6,13,7,4,0,2,32,21,11,4,22,0,0,3
54401308,0,,,84,42,42,2,1,1,82,41,41,45,22,23,79,40,39,77,39,38,37,19,18,11,5,6,5,1,4,2,0,2,2,0,2,29,29,5,8,8,4,1,3,0,24,16,8,1,24,0,3,7
54401309,0,,,74,40,34,7,4,3,67,36,31,42,23,19,64,35,29,63,34,29,25,13,12,9,5,4,3,1,2,1,0,1,2,0,2,28,28,8,7,7,2,2,1,1,20,14,6,1,16,0,3,3
54401310,0,,,13,7,6,0,0,0,13,7,6,7,4,3,13,7,6,13,7,6,6,3,3,3,2,1,0,0,0,0,0,0,0,0,0,5,5,1,1,2,1,0,0,0,4,3,1,0,4,0,0,1
54401312,0,,,145,70,75,20,11,9,125,59,66,73,38,35,120,57,63,117,55,62,52,21,31,25,8,17,12,5,7,1,0,1,0,0,0,49,49,10,12,11,6,7,2,1,38,25,13,5,35,0,7,3
54401313,0,,,119,59,60,7,3,4,112,56,56,64,34,30,109,55,54,108,55,53,48,22,26,16,8,8,5,1,4,0,0,0,0,0,0,44,44,7,13,13,8,3,0,0,37,28,9,0,28,0,4,7
54401314,0,,,112,55,57,7,5,2,105,50,55,57,27,30,100,50,50,97,49,48,48,23,25,15,5,10,7,3,4,1,0,1,1,0,1,47,47,7,24,10,3,3,0,0,40,34,6,1,31,0,6,8
54401315,0,,,82,41,41,13,9,4,69,32,37,45,20,25,69,32,37,64,30,34,24,12,12,9,4,5,4,2,2,0,0,0,2,1,1,24,24,0,7,5,8,3,1,0,24,17,7,2,15,0,0,3
54401316,0,,,165,79,86,20,8,12,145,71,74,89,46,43,138,68,70,137,68,69,56,25,31,16,6,10,6,1,5,0,0,0,9,3,6,59,59,15,19,7,7,5,5,1,44,31,13,5,33,3,5,6
54401317,0,,,152,86,66,18,10,8,134,76,58,87,50,37,129,72,57,127,70,57,47,26,21,28,14,14,11,5,6,0,0,0,10,7,3,53,53,15,11,9,10,4,1,3,38,28,10,3,28,5,7,5
54401318,0,,,86,43,43,11,6,5,75,37,38,46,22,24,72,36,36,70,35,35,29,15,14,12,7,5,3,2,1,0,0,0,5,2,3,27,27,8,5,3,3,3,3,2,19,9,10,2,19,2,3,4
54401319,0,,,189,94,95,12,10,2,177,84,93,100,54,46,174,82,92,171,80,91,77,30,47,38,12,26,17,6,11,2,0,2,1,0,1,68,68,16,18,15,10,5,2,2,52,26,26,4,54,0,13,6
54401320,0,,,309,160,149,25,16,9,284,144,140,156,77,79,277,140,137,273,138,135,128,67,61,56,28,28,16,6,10,0,0,0,8,0,8,114,114,24,34,27,17,7,2,3,89,68,21,1,79,5,11,22
54401321,0,,,174,81,93,17,9,8,157,72,85,88,43,45,154,71,83,148,69,79,69,29,40,34,14,20,17,6,11,0,0,0,4,2,2,60,60,11,20,10,7,8,3,1,49,32,17,4,44,1,9,7
54401322,0,,,589,305,284,47,22,25,542,283,259,352,194,158,524,274,250,515,270,245,190,89,101,89,34,55,28,2,26,3,0,3,26,24,2,228,227,68,63,43,30,12,6,5,158,117,41,16,125,22,22,24
54401323,0,,,1057,515,542,108,50,58,949,465,484,596,300,296,913,446,467,889,435,454,353,165,188,198,83,115,74,19,55,7,0,7,13,5,8,357,354,68,103,76,62,26,13,6,285,211,74,28,198,4,32,45
54401324,0,,,173,92,81,40,29,11,133,63,70,100,48,52,127,61,66,124,60,64,33,15,18,13,5,8,6,2,4,1,0,1,4,0,4,60,59,13,15,12,9,7,2,1,45,37,8,9,19,4,3,6
54401325,0,,,275,136,139,31,20,11,244,116,128,168,82,86,232,107,125,227,105,122,76,34,42,36,16,20,14,3,11,3,1,2,15,3,12,93,93,25,12,22,20,7,4,3,68,43,25,6,47,12,7,6
54401326,0,,,162,88,74,16,10,6,146,78,68,101,54,47,143,77,66,142,77,65,45,24,21,17,7,10,8,2,6,1,0,1,2,0,2,55,55,15,10,10,8,8,3,1,39,22,17,3,29,2,7,3
54401327,0,,,170,75,95,19,6,13,151,69,82,87,41,46,146,67,79,144,66,78,64,28,36,27,9,18,10,1,9,0,0,0,6,0,6,52,52,7,13,12,10,3,4,3,44,21,23,3,39,0,2,7
54401328,0,,,298,147,151,30,13,17,268,134,134,165,80,85,258,129,129,253,126,127,103,54,49,43,18,25,24,11,13,3,2,1,16,7,9,107,107,28,23,28,13,5,8,2,78,51,27,8,68,6,11,12
54401329,0,,,217,109,108,25,13,12,192,96,96,125,64,61,190,94,96,189,94,95,67,32,35,35,16,19,10,3,7,0,0,0,3,2,1,69,69,8,22,12,15,6,3,3,61,43,18,9,41,1,1,9
54401332,0,,,327,163,164,47,28,19,280,135,145,172,89,83,276,134,142,269,131,138,108,46,62,54,20,34,22,6,16,0,0,0,2,1,1,115,115,28,30,21,18,11,2,5,87,62,25,17,72,2,19,16
54401333,0,,,701,335,366,82,40,42,619,295,324,349,176,173,602,290,312,595,286,309,270,119,151,134,50,84,49,14,35,3,1,2,10,7,3,253,253,58,78,48,32,18,9,10,194,135,59,18,174,8,36,32
54401334,0,,,82,38,44,6,1,5,76,37,39,37,19,18,75,37,38,74,37,37,39,18,21,11,4,7,2,2,0,0,0,0,1,0,1,37,37,10,16,7,3,0,0,1,27,21,6,3,28,0,7,6
54401335,0,,,270,140,130,42,18,24,228,122,106,172,95,77,222,121,101,220,120,100,56,27,29,22,7,15,7,1,6,1,0,1,6,4,2,108,108,29,35,18,17,6,2,1,78,67,11,15,39,5,6,14
54401336,0,,,154,78,76,21,12,9,133,66,67,91,45,46,128,62,66,124,59,65,42,21,21,30,14,16,10,5,5,0,0,0,8,0,8,55,55,16,13,11,6,5,0,4,39,27,12,6,29,2,4,6
54401337,0,,,135,66,69,15,6,9,120,60,60,82,44,38,111,54,57,109,52,57,38,16,22,20,7,13,4,0,4,2,0,2,11,9,2,47,47,11,9,11,12,1,2,1,36,24,12,7,24,4,3,5
54401338,0,,,66,29,37,5,2,3,61,27,34,46,18,28,60,27,33,60,27,33,15,9,6,5,2,3,1,0,1,1,0,1,19,3,16,28,28,13,5,3,4,1,1,1,12,10,2,1,11,3,0,2
54401339,0,,,76,41,35,10,4,6,66,37,29,41,23,18,66,37,29,66,37,29,25,14,11,9,3,6,2,0,2,1,0,1,11,7,4,33,33,17,4,4,4,2,1,1,16,10,6,2,18,8,5,1
54401341,0,,,80,43,37,5,2,3,75,41,34,48,29,19,71,39,32,71,39,32,27,12,15,15,5,10,7,4,3,1,1,0,0,0,0,25,25,1,8,5,8,2,1,0,23,14,9,0,18,0,1,3
54401342,0,,,139,68,71,14,4,10,125,64,61,62,36,26,122,62,60,121,61,60,63,28,35,35,17,18,7,2,5,2,1,1,0,0,0,60,60,17,22,11,7,1,2,0,43,37,6,3,41,0,10,14
54401343,0,,,175,91,84,14,8,6,161,83,78,104,56,48,158,81,77,156,80,76,57,27,30,30,12,18,11,3,8,1,0,1,1,0,1,60,60,12,16,12,11,5,2,2,47,32,15,2,37,0,6,8
54401344,0,,,115,37,78,6,2,4,109,35,74,19,10,9,109,35,74,109,35,74,90,25,65,70,14,56,50,8,42,9,3,6,1,1,0,16,15,5,3,3,1,1,2,0,9,6,3,1,10,1,2,2
54401345,0,,,626,302,324,110,51,59,516,251,265,378,183,195,486,233,253,477,230,247,138,68,70,54,24,30,11,3,8,0,0,0,59,26,33,246,246,81,67,33,36,18,6,5,164,138,26,17,97,15,30,22
54401346,0,,,115,62,53,11,7,4,104,55,49,63,37,26,103,54,49,100,52,48,41,18,23,13,6,7,1,0,1,0,0,0,2,1,1,38,38,3,15,10,4,2,2,2,34,24,10,5,29,0,2,4
54401347,0,,,196,83,113,19,10,9,177,73,104,125,50,75,170,71,99,166,71,95,52,23,29,30,12,18,10,3,7,1,0,1,35,8,27,79,79,38,13,9,2,8,8,1,41,19,22,4,29,10,2,5
54401348,0,,,152,79,73,4,2,2,148,77,71,95,55,40,143,76,67,143,76,67,53,22,31,25,8,17,15,2,13,0,0,0,14,9,5,67,67,24,18,15,6,1,3,0,40,30,10,1,36,10,9,6
54401349,0,,,51,25,26,7,3,4,43,22,21,30,16,14,42,22,20,39,20,19,13,6,7,6,2,4,5,2,3,0,0,0,1,0,1,20,20,6,5,4,3,1,1,0,14,13,1,2,9,1,3,4
54401351,0,,,274,133,141,20,7,13,254,126,128,148,76,72,242,123,119,237,120,117,106,50,56,50,20,30,12,4,8,0,0,0,5,4,1,99,99,18,34,19,17,5,4,2,80,63,17,5,66,2,12,22
54401352,0,,,38,20,18,3,0,3,35,20,15,24,15,9,32,18,14,32,18,14,11,5,6,5,2,3,1,0,1,0,0,0,0,0,0,14,14,5,2,1,4,2,0,0,9,6,3,0,8,0,2,2
54401353,0,,,171,84,87,21,12,9,150,72,78,84,46,38,148,70,78,143,67,76,66,26,40,27,8,19,12,2,10,0,0,0,0,0,0,57,57,12,15,9,14,2,3,2,45,28,17,5,41,0,9,8
54401354,0,,,29,13,16,0,0,0,29,13,16,18,9,9,29,13,16,28,12,16,11,4,7,4,1,3,3,1,2,1,0,1,0,0,0,14,14,6,2,5,1,0,0,0,8,7,1,0,8,0,3,1
54401355,0,,,510,256,254,66,34,32,444,222,222,315,168,147,428,212,216,422,210,212,129,54,75,55,20,35,20,8,12,2,1,1,34,15,19,214,214,73,49,48,32,6,5,1,141,116,25,19,89,16,26,13
54401356,0,,,92,42,50,9,2,7,83,40,43,60,30,30,80,40,40,78,39,39,23,10,13,14,6,8,7,3,4,1,1,0,17,9,8,37,37,20,6,2,3,1,2,3,17,10,7,2,15,12,2,0
54401357,0,,,79,41,38,8,4,4,71,37,34,43,23,20,71,37,34,71,37,34,28,14,14,14,7,7,5,3,2,1,1,0,1,0,1,29,29,6,7,8,6,1,1,0,23,18,5,2,17,0,4,2
54401358,0,,,146,74,72,10,6,4,136,68,68,77,40,37,129,64,65,127,63,64,59,28,31,24,13,11,13,7,6,0,0,0,9,2,7,54,54,9,18,12,12,2,0,1,44,32,12,1,32,3,2,12
54401359,0,,,103,53,50,6,4,2,97,49,48,63,33,30,95,48,47,95,48,47,34,16,18,23,10,13,3,1,2,0,0,0,5,3,2,37,37,7,11,8,7,2,2,0,30,22,8,2,23,2,4,5
54401360,0,,,98,53,45,5,4,1,93,49,44,61,32,29,90,47,43,87,46,41,32,17,15,21,11,10,2,1,1,1,0,1,0,0,0,28,28,2,7,7,5,2,4,1,26,13,13,1,21,0,2,1
54401361,0,,,33,19,14,3,1,2,30,18,12,19,12,7,29,17,12,28,16,12,11,6,5,8,3,5,2,1,1,0,0,0,0,0,0,11,11,2,3,2,1,3,0,0,9,7,2,1,6,0,1,1
54401362,0,,,76,42,34,4,2,2,72,40,32,51,30,21,71,39,32,70,39,31,21,10,11,14,6,8,6,4,2,0,0,0,6,6,0,28,28,10,7,4,2,1,2,2,18,8,10,2,14,4,1,2
54401363,0,,,165,93,72,7,5,2,158,88,70,119,67,52,156,87,69,152,83,69,39,21,18,20,11,9,12,7,5,1,1,0,27,21,6,75,75,32,16,14,8,4,0,1,43,29,14,2,28,14,4,4
54401364,0,,,181,90,91,31,17,14,150,73,77,87,48,39,145,72,73,141,70,71,63,25,38,35,12,23,14,4,10,2,0,2,0,0,0,56,54,12,20,8,7,3,3,1,39,29,10,2,30,0,2,7
54401365,0,,,167,85,82,9,5,4,158,80,78,116,61,55,151,75,76,145,71,74,42,19,23,8,3,5,4,2,2,0,0,0,6,6,0,74,74,24,23,16,7,3,1,0,49,43,6,3,30,1,5,6
54401366,0,,,137,73,64,12,5,7,125,68,57,71,42,29,125,68,57,124,68,56,54,26,28,28,12,16,12,5,7,0,0,0,9,7,2,45,45,13,8,7,6,6,2,3,31,15,16,3,29,7,3,3
54401367,0,,,103,57,46,5,2,3,98,55,43,62,39,23,96,55,41,94,53,41,36,16,20,12,4,8,4,0,4,1,0,1,11,11,0,46,46,19,11,8,5,1,1,1,27,20,7,2,21,6,3,5
54401368,0,,,43,23,20,1,0,1,42,23,19,19,13,6,41,22,19,41,22,19,23,10,13,10,4,6,4,1,3,1,0,1,3,1,2,16,16,3,5,3,4,1,0,0,13,10,3,1,12,2,0,3
54401369,0,,,107,53,54,9,5,4,98,48,50,62,34,28,95,47,48,94,47,47,36,14,22,13,7,6,4,1,3,0,0,0,3,2,1,46,46,10,20,10,5,0,0,1,35,30,5,2,25,1,6,5
54401370,0,,,421,202,219,46,24,22,375,178,197,217,103,114,368,176,192,362,173,189,158,75,83,89,35,54,34,11,23,2,0,2,2,0,2,150,150,36,40,32,23,7,6,6,113,78,35,12,110,0,27,17
54401371,0,,,81,44,37,5,2,3,76,42,34,40,25,15,75,41,34,73,40,33,36,17,19,11,5,6,4,0,4,1,0,1,0,0,0,32,32,6,12,8,4,1,1,0,26,20,6,2,23,0,5,4
54401372,0,,,243,118,125,28,12,16,215,106,109,120,62,58,212,105,107,210,103,107,95,44,51,48,20,28,22,7,15,3,2,1,1,1,0,74,74,9,16,21,14,5,5,4,65,36,29,6,56,0,6,8
54401373,0,,,67,33,34,2,0,2,65,33,32,46,26,20,63,33,30,61,33,28,19,7,12,7,2,5,4,0,4,0,0,0,0,0,0,27,27,7,10,5,2,2,0,1,20,14,6,0,14,0,1,4
54401374,0,,,38,22,16,4,2,2,34,20,14,18,11,7,33,20,13,33,20,13,16,9,7,7,2,5,1,0,1,1,0,1,0,0,0,15,15,4,6,1,2,1,1,0,11,6,5,1,12,0,3,2
54401375,0,,,306,153,153,32,15,17,274,138,136,178,94,84,267,135,132,262,133,129,96,44,52,44,17,27,19,5,14,0,0,0,5,3,2,115,115,22,41,25,15,6,5,1,93,69,24,8,65,3,6,13
54401376,0,,,103,52,51,15,5,10,88,47,41,55,29,26,86,45,41,85,44,41,33,18,15,17,9,8,4,2,2,0,0,0,1,0,1,35,35,12,7,4,3,2,6,1,22,11,11,4,20,0,4,4
54401377,0,,,51,24,27,7,2,5,44,22,22,18,9,9,44,22,22,44,22,22,26,13,13,14,8,6,2,1,1,0,0,0,3,1,2,18,18,3,6,6,1,0,1,1,15,11,4,1,13,0,1,5
54401378,0,,,183,102,81,20,14,6,163,88,75,105,59,46,160,86,74,158,84,74,58,29,29,32,16,16,8,2,6,0,0,0,2,2,0,71,71,18,22,12,12,5,2,0,51,38,13,2,41,3,8,7
54401379,0,,,269,133,136,33,17,16,236,116,120,141,73,68,229,114,115,224,114,110,95,43,52,43,19,24,19,6,13,1,0,1,2,1,1,94,94,18,26,24,11,10,3,2,76,52,24,9,58,0,10,11
54401380,0,,,122,58,64,12,5,7,109,53,56,52,24,28,109,53,56,107,52,55,57,29,28,30,12,18,8,2,6,0,0,0,3,1,2,60,60,26,18,7,6,3,0,0,34,32,2,3,41,0,19,12
54401381,0,,,52,22,30,4,2,2,48,20,28,26,7,19,45,20,25,43,20,23,22,13,9,6,3,3,3,1,2,1,0,1,1,0,1,24,24,9,8,3,3,0,1,0,15,13,2,2,14,1,5,4
54401382,0,,,163,83,80,13,7,6,150,76,74,98,51,47,145,73,72,141,71,70,52,25,27,37,17,20,10,6,4,2,2,0,0,0,0,52,52,8,14,9,11,4,6,0,42,28,14,3,34,0,6,7
54401383,0,,,150,73,77,13,7,6,137,66,71,80,38,42,131,64,67,129,63,66,57,28,29,33,17,16,12,7,5,0,0,0,3,3,0,54,54,10,18,8,11,6,1,0,44,33,11,3,36,1,7,13
54401384,0,,,88,41,47,14,5,9,74,36,38,50,27,23,72,35,37,71,35,36,24,9,15,13,4,9,6,3,3,0,0,0,4,4,0,30,30,8,4,10,3,2,2,1,22,16,6,4,16,4,4,1
54401385,0,,,206,103,103,24,11,13,182,92,90,114,57,57,170,84,86,164,81,83,68,35,33,33,17,16,11,5,6,0,0,0,1,0,1,73,73,19,17,14,11,8,1,3,53,39,14,8,46,1,11,13
54401386,0,,,103,54,49,3,2,1,99,52,47,52,35,17,98,52,46,98,52,46,47,17,30,26,7,19,9,1,8,0,0,0,1,0,1,41,41,13,11,6,8,1,1,1,28,18,10,1,29,1,7,5
54401387,0,,,199,93,106,20,8,12,178,84,94,109,53,56,173,81,92,171,80,91,69,31,38,22,6,16,11,2,9,2,0,2,10,2,8,76,76,24,16,16,13,3,1,3,52,28,24,4,46,7,9,7
54401388,0,,,352,174,178,33,15,18,319,159,160,190,99,91,312,153,159,307,152,155,129,60,69,62,27,35,26,7,19,2,1,1,7,1,6,122,122,24,35,23,23,8,6,3,95,60,35,11,82,0,16,12
54401389,0,,,201,103,98,16,10,6,184,93,91,111,65,46,178,89,89,173,85,88,73,28,45,29,11,18,8,2,6,0,0,0,2,2,0,75,75,13,29,14,11,5,2,1,62,46,16,6,50,1,5,16
54401390,0,,,908,436,472,85,48,37,818,385,433,569,262,307,789,374,415,770,365,405,249,123,126,102,42,60,32,9,23,0,0,0,15,6,9,346,345,65,122,84,45,18,9,2,280,229,51,23,169,2,31,50
54401391,0,,,257,122,135,27,8,19,230,114,116,141,75,66,226,112,114,225,111,114,89,39,50,35,11,24,15,3,12,1,1,0,8,7,1,87,87,15,21,27,12,6,4,2,70,53,17,5,55,0,10,13
54401392,0,,,41,20,21,4,1,3,37,19,18,23,12,11,35,18,17,35,18,17,14,7,7,7,2,5,3,0,3,0,0,0,4,2,2,16,16,5,4,3,1,3,0,0,11,7,4,0,10,2,3,0
54401393,0,,,89,51,38,4,4,0,85,47,38,62,35,27,83,45,38,82,45,37,23,12,11,7,5,2,2,1,1,0,0,0,18,11,7,41,41,21,6,6,4,3,0,1,20,12,8,0,14,17,1,4
54401394,0,,,112,60,52,7,3,4,105,57,48,63,37,26,104,56,48,102,56,46,42,20,22,25,11,14,11,5,6,1,1,0,1,0,1,46,46,11,18,7,7,2,1,0,34,27,7,3,30,0,9,7
54401395,0,,,60,30,30,5,3,2,55,27,28,30,17,13,53,26,27,53,26,27,25,10,15,13,7,6,4,1,3,0,0,0,0,0,0,21,21,3,7,5,3,2,1,0,18,14,4,0,14,0,0,3
54401396,0,,,20,10,10,1,0,1,19,10,9,12,6,6,16,9,7,15,8,7,7,4,3,4,3,1,0,0,0,0,0,0,1,0,1,6,6,0,3,0,2,0,1,0,6,5,1,0,4,0,0,3
54401397,0,,,293,152,141,32,16,16,257,132,125,157,81,76,252,130,122,245,128,117,100,51,49,47,17,30,16,3,13,0,0,0,7,6,1,100,100,23,26,19,14,10,3,5,77,51,26,6,68,2,12,14
54401398,0,,,527,248,279,77,29,48,430,209,221,296,150,146,409,201,208,398,193,205,134,59,75,57,26,31,18,6,12,2,0,2,4,0,4,188,188,40,56,30,36,17,7,2,143,111,32,16,86,3,12,20
54401399,0,,,188,93,95,38,17,21,144,72,72,107,56,51,142,72,70,138,70,68,37,16,21,13,5,8,2,0,2,0,0,0,2,1,1,70,70,17,19,13,14,5,1,1,51,43,8,9,24,3,4,7
54401400,0,,,89,46,43,7,4,3,82,42,40,48,27,21,79,41,38,79,41,38,34,15,19,19,10,9,4,1,3,0,0,0,6,3,3,34,34,7,14,3,7,1,2,0,27,21,6,3,21,2,4,10
54401401,0,,,126,59,67,21,9,12,105,50,55,74,36,38,100,48,52,99,47,52,31,14,17,16,7,9,5,1,4,0,0,0,1,0,1,34,34,3,9,6,3,9,1,3,29,19,10,4,20,0,1,4
54401402,0,,,160,73,87,23,9,14,137,64,73,74,36,38,134,64,70,129,62,67,63,28,35,31,11,20,11,2,9,3,0,3,1,0,1,45,44,6,15,6,5,6,1,5,38,25,13,3,31,0,5,7
54401403,0,,,369,192,177,19,15,4,350,177,173,213,117,96,342,171,171,336,169,167,137,60,77,89,34,55,32,10,22,2,0,2,1,0,1,126,126,18,36,33,25,7,4,3,107,71,36,4,88,0,11,16
54401404,0,,,98,48,50,9,2,7,89,46,43,37,21,16,88,45,43,88,45,43,52,25,27,25,9,16,8,0,8,1,0,1,0,0,0,45,45,16,17,6,3,1,1,1,27,20,7,1,36,0,13,9
54401405,0,,,68,31,37,4,1,3,62,29,33,26,13,13,60,27,33,60,27,33,36,16,20,16,5,11,5,3,2,0,0,0,4,1,3,35,35,16,12,2,3,2,0,0,19,16,3,0,27,0,13,9
54401406,0,,,165,89,76,14,10,4,150,79,71,67,35,32,147,78,69,145,77,68,83,44,39,51,25,26,9,4,5,1,0,1,1,0,1,78,78,32,25,8,9,2,1,1,46,40,6,4,62,0,25,14
54401407,0,,,600,297,303,54,29,25,542,266,276,302,153,149,518,256,262,510,254,256,240,113,127,117,56,61,26,8,18,3,2,1,2,1,1,228,228,54,77,42,29,12,9,5,171,121,50,13,154,2,33,52
54401408,0,,,338,178,160,33,14,19,297,160,137,167,90,77,290,158,132,285,155,130,130,70,60,65,36,29,17,9,8,2,1,1,6,6,0,136,135,52,36,12,14,11,8,2,81,56,25,10,88,0,31,23
54401410,0,,,237,132,105,20,10,10,217,122,95,138,84,54,211,117,94,207,114,93,79,38,41,40,17,23,8,1,7,0,0,0,15,11,4,89,89,31,20,15,8,6,6,3,57,40,17,5,54,2,12,8
54401411,0,,,239,119,120,18,14,4,221,105,116,124,63,61,212,102,110,210,100,110,97,42,55,50,20,30,20,7,13,0,0,0,3,3,0,88,88,19,31,14,12,7,3,2,69,47,22,3,64,0,10,16
54401412,0,,,23,12,11,2,1,1,21,11,10,10,5,5,19,10,9,19,10,9,11,6,5,5,2,3,1,0,1,0,0,0,0,0,0,8,8,1,3,2,0,2,0,0,7,5,2,0,7,0,1,2
54401413,0,,,174,92,82,18,10,8,156,82,74,93,50,43,148,81,67,146,79,67,63,32,31,36,17,19,11,5,6,1,0,1,1,0,1,61,61,12,22,13,5,3,1,5,49,35,14,2,41,1,8,7
54401414,0,,,105,53,52,9,3,6,95,49,46,46,25,21,92,46,46,91,45,46,49,24,25,25,11,14,7,2,5,0,0,0,2,1,1,47,47,20,14,2,5,5,1,0,27,19,8,1,37,1,17,9
54401415,0,,,222,116,106,28,20,8,192,95,97,112,57,55,183,89,94,181,88,93,80,38,42,40,17,23,12,4,8,0,0,0,3,0,3,81,81,20,27,11,9,7,5,2,60,40,20,4,50,0,11,12
54401416,0,,,172,97,75,30,17,13,140,80,60,87,48,39,137,79,58,137,79,58,53,32,21,18,10,8,5,2,3,0,0,0,8,4,4,76,76,35,16,11,5,3,5,1,41,33,8,8,44,4,20,9
54401417,0,,,579,301,278,49,25,24,525,274,251,288,158,130,514,267,247,503,263,240,237,116,121,110,51,59,26,9,17,1,0,1,10,6,4,228,228,66,71,44,23,10,7,7,158,117,41,8,156,2,39,34
54401418,0,,,66,32,34,5,1,4,61,31,30,29,15,14,61,31,30,61,31,30,32,16,16,15,6,9,9,2,7,1,0,1,3,2,1,33,33,15,11,4,1,1,0,1,18,14,4,0,25,0,12,6
54401420,0,,,25,19,6,0,0,0,25,19,6,21,17,4,25,19,6,24,18,6,4,2,2,0,0,0,0,0,0,0,0,0,20,16,4,17,17,11,4,2,0,0,0,0,6,6,0,0,2,5,0,1
54401421,0,,,270,136,134,22,13,9,248,123,125,150,76,74,238,118,120,235,116,119,98,47,51,63,27,36,25,10,15,0,0,0,11,3,8,90,90,14,26,22,11,11,3,3,76,49,27,5,64,5,7,8
54401422,0,,,111,60,51,1,0,1,109,59,50,69,39,30,107,58,49,103,58,45,40,20,20,23,11,12,9,5,4,0,0,0,7,6,1,42,42,14,7,10,4,5,2,0,28,22,6,1,24,0,4,4
54401423,0,,,154,80,74,12,7,5,137,70,67,64,35,29,135,70,65,134,70,64,73,35,38,36,14,22,14,6,8,0,0,0,4,2,2,71,71,26,24,11,5,4,0,1,42,31,11,0,52,0,20,8
54401424,0,,,128,67,61,6,2,4,122,65,57,46,24,22,120,63,57,119,62,57,76,41,35,37,20,17,11,6,5,0,0,0,4,2,2,70,70,27,37,1,2,2,1,0,41,40,1,1,51,0,21,26
54401425,0,,,284,144,140,27,13,14,256,131,125,88,50,38,255,130,125,255,130,125,168,81,87,87,42,45,13,4,9,1,0,1,0,0,0,141,141,48,68,8,10,6,1,0,92,81,11,10,110,0,35,49
54401426,0,,,355,181,174,22,11,11,332,169,163,189,100,89,324,166,158,319,162,157,143,69,74,74,36,38,16,6,10,0,0,0,0,0,0,160,160,48,65,25,13,6,2,1,111,99,12,6,98,13,26,39
54401427,1,,54401428,374,202,172,43,27,16,332,176,156,203,118,85,322,172,150,317,168,149,129,58,71,52,22,30,17,5,12,2,1,1,8,6,2,145,145,47,40,19,22,10,3,5,97,67,30,9,82,11,23,16
54401428,2,54401427,,1,1,0,*,*,*,*,*,*,*,*,*,*,*,*,*,*,*,*,*,*,*,*,*,*,*,*,*,*,*,*,*,*,1,1,*,*,*,*,*,*,*,*,*,*,*,*,*,*,*
54401430,0,,,61,40,21,4,3,1,57,37,20,42,29,13,56,37,19,55,36,19,15,8,7,7,3,4,4,2,2,0,0,0,23,19,4,32,32,19,6,2,3,1,0,1,13,8,5,1,11,9,2,1
54401431,0,,,176,90,86,18,6,12,158,84,74,89,49,40,152,80,72,151,79,72,69,35,34,30,14,16,10,4,6,0,0,0,3,3,0,58,58,7,22,10,8,6,2,3,51,38,13,5,40,2,3,13
54401432,0,,,198,90,108,11,1,10,187,89,98,106,55,51,178,86,92,174,85,89,81,34,47,36,12,24,13,5,8,1,0,1,0,0,0,66,66,12,16,16,11,8,1,2,54,29,25,1,49,0,7,9
54401433,0,,,156,82,74,11,6,5,144,75,69,56,33,23,141,73,68,138,72,66,88,42,46,45,23,22,9,4,5,0,0,0,2,2,0,75,75,28,28,10,5,3,0,1,47,38,9,1,56,2,19,20
54401434,0,,,221,113,108,21,8,13,200,105,95,105,62,43,194,100,94,186,93,93,95,43,52,42,14,28,24,8,16,1,0,1,4,0,4,71,69,11,25,10,10,8,3,2,58,41,17,4,48,1,6,15
54401435,0,,,334,169,165,24,12,12,308,156,152,164,79,85,299,151,148,293,150,143,144,77,67,73,35,38,21,7,14,1,0,1,3,3,0,165,165,71,50,22,17,3,0,2,91,81,10,5,104,3,48,31
54401436,0,,,434,218,216,40,23,17,391,193,198,197,97,100,381,187,194,372,183,189,194,96,98,95,50,45,20,9,11,1,0,1,9,2,7,198,198,70,71,24,22,7,2,2,125,106,19,9,134,5,47,47
54401437,0,,,399,211,188,35,18,17,363,192,171,213,123,90,346,183,163,337,178,159,150,69,81,58,25,33,21,5,16,4,1,3,8,5,3,168,168,58,51,27,17,5,5,5,109,85,24,8,103,5,29,28
54401440,0,,,72,36,36,3,1,2,69,35,34,36,20,16,69,35,34,68,35,33,33,15,18,16,4,12,8,1,7,0,0,0,1,0,1,28,28,5,11,7,2,2,1,0,23,14,9,0,21,0,3,2
54401441,0,,,104,58,46,16,10,6,88,48,40,50,28,22,85,47,38,84,47,37,38,20,18,15,7,8,7,3,4,1,0,1,9,9,0,35,35,11,8,3,5,3,3,2,24,13,11,2,21,1,3,4
54401442,0,,,20,12,8,0,0,0,20,12,8,6,5,1,20,12,8,20,12,8,14,7,7,6,3,3,3,2,1,0,0,0,0,0,0,8,8,1,5,0,1,1,0,0,7,6,1,0,8,0,1,4
54401443,0,,,117,58,59,15,8,7,102,50,52,56,31,25,100,48,52,100,48,52,46,19,27,23,7,16,13,4,9,2,1,1,7,2,5,54,54,22,18,4,6,2,1,1,32,27,5,3,34,0,11,9
54401444,0,,,317,175,142,30,13,17,286,161,125,137,79,58,281,159,122,280,158,122,149,82,67,76,43,33,15,9,6,1,0,1,15,7,8,164,164,80,53,12,10,4,3,2,83,65,18,7,104,3,45,30
54401445,0,,,203,108,95,13,7,6,187,99,88,83,46,37,186,98,88,181,95,86,104,53,51,56,28,28,11,4,7,1,0,1,8,4,4,119,119,66,39,6,3,3,0,2,51,43,8,4,77,0,42,22
54401446,0,,,522,257,265,52,24,28,467,232,235,279,140,139,454,226,228,447,222,225,188,92,96,97,45,52,27,9,18,3,2,1,11,6,5,192,192,43,64,34,26,12,9,4,146,108,38,13,120,1,24,35
54401447,1,,54401457,241,120,121,19,10,9,228,112,116,129,61,68,221,108,113,216,107,109,99,51,48,29,14,15,10,5,5,1,0,1,3,1,2,81,81,16,18,23,14,6,2,4,66,41,25,3,64,1,11,5
54401450,0,,,131,64,67,14,8,6,112,53,59,79,39,40,106,50,56,104,48,56,33,14,19,19,7,12,8,2,6,0,0,0,4,4,0,56,56,19,16,9,8,3,1,0,37,31,6,6,24,2,7,5
54401451,0,,,129,65,64,9,6,3,120,59,61,69,34,35,119,59,60,118,58,60,51,25,26,33,16,17,10,4,6,0,0,0,0,0,0,43,43,3,15,13,7,2,2,1,40,29,11,3,30,0,2,6
54401452,0,,,95,47,48,10,6,4,85,41,44,53,29,24,83,41,42,83,41,42,32,12,20,9,2,7,4,1,3,1,0,1,1,0,1,32,32,4,12,9,3,0,2,2,28,20,8,1,21,0,2,5
54401453,0,,,146,71,75,9,5,4,137,66,71,82,40,42,133,63,70,128,60,68,55,26,29,30,12,18,8,2,6,2,0,2,8,3,5,52,52,15,13,8,7,4,2,3,36,25,11,3,37,4,10,4
54401454,0,,,192,100,92,12,3,9,180,97,83,78,45,33,179,97,82,178,97,81,102,52,50,62,31,31,15,6,9,0,0,0,16,10,6,101,101,52,32,7,6,0,1,3,46,40,6,7,73,2,39,20
54401455,0,,,128,67,61,5,3,2,122,63,59,44,20,24,119,62,57,119,62,57,78,43,35,46,24,22,6,3,3,0,0,0,12,6,6,76,76,41,24,8,2,0,0,1,33,30,3,0,55,7,25,17
54401456,0,,,373,181,192,28,16,12,342,163,179,196,96,100,331,161,170,324,157,167,146,67,79,66,28,38,22,6,16,2,1,1,25,7,18,153,153,55,37,21,25,9,6,0,98,67,31,8,97,5,25,17
54401457,2,54401447,,6,2,4,*,*,*,*,*,*,*,*,*,*,*,*,*,*,*,*,*,*,*,*,*,*,*,*,*,*,*,*,*,*,2,2,*,*,*,*,*,*,*,*,*,*,*,*,*,*,*
54401460,0,,,735,354,381,97,53,44,636,300,336,423,204,219,619,292,327,605,284,321,213,96,117,71,27,44,13,0,13,1,0,1,2,0,2,288,288,74,94,54,42,13,6,5,214,185,29,24,147,2,33,41
54401461,0,,,277,149,128,30,18,12,244,130,114,148,84,64,238,127,111,231,122,109,96,46,50,40,20,20,16,5,11,1,0,1,1,0,1,105,105,25,30,22,18,6,4,0,79,58,21,5,60,0,11,12
54401462,0,,,263,131,132,22,12,10,240,119,121,136,65,71,234,114,120,229,112,117,104,54,50,53,24,29,23,10,13,0,0,0,6,3,3,101,101,19,37,24,11,8,0,2,76,57,19,6,65,4,11,17
54401463,0,,,130,72,58,15,10,5,114,61,53,83,45,38,108,57,51,105,57,48,31,16,15,20,9,11,5,1,4,0,0,0,5,4,1,47,47,12,9,13,8,2,2,1,35,28,7,7,20,2,3,4
54401464,0,,,105,54,51,7,2,5,98,52,46,32,16,16,97,52,45,95,52,43,66,36,30,35,22,13,6,3,3,1,0,1,7,3,4,57,57,29,19,3,2,3,1,0,28,23,5,1,45,0,21,13
54401465,0,,,167,85,82,5,3,2,160,81,79,76,42,34,159,80,79,157,78,79,84,39,45,51,22,29,20,7,13,3,0,3,9,3,6,80,79,40,21,9,6,2,1,0,39,27,12,2,46,3,18,7
54401466,0,,,250,130,120,17,9,8,233,121,112,146,79,67,230,120,110,225,118,107,87,42,45,40,15,25,9,3,6,1,0,1,22,18,4,107,107,41,27,18,11,5,3,2,65,47,18,5,60,13,12,12
54401470,0,,,520,260,260,52,27,25,455,227,228,279,149,130,442,221,221,438,220,218,176,78,98,85,35,50,26,8,18,1,0,1,3,2,1,234,234,97,59,35,24,11,7,1,136,103,33,13,127,0,41,26
54401471,0,,,378,177,201,44,19,25,328,157,171,216,107,109,319,150,169,314,148,166,112,50,62,57,25,32,20,5,15,0,0,0,2,0,2,152,152,41,46,28,28,6,2,1,109,92,17,14,78,1,22,20
54401472,0,,,522,263,259,67,39,28,449,220,229,289,153,136,436,212,224,432,210,222,160,67,93,72,26,46,20,7,13,1,1,0,4,2,2,204,204,56,55,49,24,12,3,5,146,107,39,20,116,2,31,17
54401473,0,,,192,94,98,5,2,3,183,91,92,98,51,47,181,89,92,180,89,91,85,40,45,35,15,20,13,5,8,1,0,1,13,4,9,92,92,33,34,16,4,4,0,1,57,50,7,2,56,4,12,19
54401474,0,,,386,203,183,34,24,10,345,175,170,186,92,94,340,174,166,338,174,164,159,83,76,76,36,40,19,7,12,1,0,1,21,7,14,196,196,87,65,19,15,9,0,1,103,81,22,7,119,5,48,30
54401475,0,,,128,67,61,14,7,7,114,60,54,69,37,32,112,58,54,110,57,53,45,23,22,34,14,20,10,5,5,1,0,1,12,6,6,50,50,19,10,9,7,0,3,2,30,23,7,6,30,1,8,8
54401476,0,,,254,131,123,25,14,11,229,117,112,145,76,69,224,115,109,223,114,109,84,41,43,40,19,21,14,4,10,3,0,3,10,10,0,88,88,19,25,16,15,4,7,2,64,44,20,6,55,1,11,14
54401480,0,,,1227,608,619,99,55,44,1118,548,570,644,347,297,1078,525,553,1064,517,547,474,201,273,245,96,149,63,22,41,6,2,4,17,6,11,489,489,123,156,105,67,25,8,5,365,286,79,25,324,6,71,78
54401481,0,,,1402,674,728,157,77,80,1179,566,613,830,412,418,1136,551,585,1124,548,576,349,154,195,165,56,109,53,15,38,2,0,2,19,6,13,629,629,248,163,109,64,30,11,4,373,314,59,42,251,22,78,52
54401482,0,,,71,39,32,14,9,5,57,30,27,37,19,18,57,30,27,57,30,27,20,11,9,5,4,1,2,1,1,1,0,1,0,0,0,32,32,12,7,7,6,0,0,0,20,19,1,3,12,0,5,4
54401483,0,,,180,97,83,17,8,9,163,89,74,76,45,31,163,89,74,162,88,74,87,44,43,28,14,14,11,5,6,1,0,1,5,4,1,68,68,17,23,12,7,4,2,3,50,31,19,5,53,1,9,12
54401484,0,,,150,76,74,14,5,9,130,68,62,76,42,34,126,65,61,125,65,60,54,26,28,24,10,14,4,0,4,0,0,0,4,3,1,64,64,18,20,16,7,2,1,0,43,38,5,4,36,0,9,7
54401485,0,,,163,88,75,27,14,13,136,74,62,89,51,38,132,71,61,131,70,61,47,23,24,28,11,17,6,2,4,0,0,0,1,1,0,50,50,6,17,9,3,9,4,2,43,29,14,5,27,1,1,6
54401486,0,,,129,67,62,12,9,3,117,58,59,75,41,34,115,57,58,111,53,58,42,17,25,19,4,15,8,1,7,1,0,1,7,4,3,39,39,6,12,4,5,7,3,2,32,14,18,3,29,2,3,4
54401490,0,,,650,327,323,66,35,31,572,287,285,381,201,180,551,281,270,537,274,263,191,86,105,102,39,63,26,12,14,3,0,3,12,9,3,250,250,61,78,50,33,18,9,1,185,148,37,16,130,10,24,36
54401491,0,,,1234,609,625,178,107,71,1049,500,549,705,357,348,1012,482,530,989,473,516,344,143,201,168,61,107,69,18,51,8,0,8,6,3,3,436,435,101,113,100,74,26,10,11,329,260,69,44,206,10,50,49
54401492,0,,,749,335,414,82,39,43,639,287,352,343,183,160,615,277,338,606,272,334,296,104,192,181,52,129,101,23,78,18,1,17,8,5,3,252,247,71,68,46,35,17,7,3,174,142,32,21,125,8,26,34
54401493,0,,,29,13,16,1,0,1,28,13,15,15,6,9,26,13,13,26,13,13,13,7,6,6,3,3,4,2,2,0,0,0,0,0,0,13,13,4,5,2,1,1,0,0,9,7,2,1,7,0,2,2
54401494,0,,,134,60,74,14,8,6,120,52,68,62,25,37,119,52,67,119,52,67,58,27,31,18,8,10,4,1,3,0,0,0,1,0,1,45,45,1,19,14,5,4,1,1,43,35,8,4,34,1,0,12
54401495,0,,,299,161,138,32,15,17,267,146,121,147,82,65,265,145,120,264,144,120,120,64,56,56,30,26,15,8,7,0,0,0,17,14,3,122,122,42,35,23,7,6,5,4,78,55,23,9,78,6,22,20
54401496,0,,,24,16,8,4,4,0,20,12,8,11,6,5,20,12,8,20,12,8,9,6,3,6,4,2,1,1,0,1,1,0,0,0,0,10,10,4,1,3,1,1,0,0,6,6,0,1,6,0,3,0
54402000,0,,,22,10,12,4,1,3,18,9,9,12,6,6,17,8,9,17,8,9,6,3,3,1,0,1,1,0,1,1,0,1,0,0,0,7,7,1,2,1,2,0,1,0,6,4,2,1,3,0,0,1
54402001,0,,,351,176,175,47,22,25,303,154,149,200,106,94,288,146,142,279,142,137,103,48,55,41,17,24,13,4,9,1,0,1,5,3,2,115,115,18,33,24,20,10,6,4,97,76,21,7,65,0,10,13
54402002,0,,,258,131,127,46,21,25,208,109,99,160,85,75,200,105,95,195,102,93,48,24,24,25,12,13,7,2,5,0,0,0,4,4,0,92,92,22,23,15,20,7,5,0,70,61,9,8,33,3,8,9
54402003,0,,,38,20,18,7,2,5,31,18,13,21,13,8,30,17,13,30,17,13,10,5,5,3,1,2,0,0,0,0,0,0,0,0,0,11,11,0,4,3,1,2,0,1,11,6,5,1,7,0,0,1
54402004,0,,,186,98,88,4,2,2,182,96,86,104,74,30,182,96,86,179,94,85,78,22,56,55,8,47,40,6,34,7,0,7,0,0,0,18,15,2,5,6,0,1,1,0,13,9,4,0,10,0,1,4
54402005,0,,,275,132,143,27,10,17,246,122,124,138,69,69,238,117,121,231,114,117,108,53,55,36,15,21,12,5,7,0,0,0,1,1,0,100,100,19,29,27,14,6,4,1,80,66,14,3,65,1,9,17
54402006,0,,,308,159,149,27,16,11,277,141,136,165,91,74,274,140,134,273,140,133,112,50,62,48,18,30,18,4,14,2,0,2,1,1,0,114,114,23,37,26,14,7,7,0,91,64,27,5,74,1,9,14
54402007,0,,,404,190,214,47,23,24,338,160,178,202,99,103,328,154,174,324,151,173,136,61,75,62,28,34,29,12,17,1,1,0,2,2,0,175,175,66,46,27,23,8,3,2,107,82,25,14,87,5,26,18
54402008,0,,,358,186,172,40,21,19,308,159,149,208,112,96,290,146,144,283,142,141,100,47,53,42,19,23,15,3,12,2,0,2,2,2,0,107,105,20,34,29,16,4,0,2,84,66,18,6,61,1,7,19
54402009,0,,,43,18,25,0,0,0,42,17,25,21,9,12,42,17,25,42,17,25,21,8,13,11,3,8,4,0,4,1,0,1,0,0,0,15,15,2,5,4,2,1,1,0,13,6,7,0,12,0,0,1
54402010,0,,,230,113,117,16,6,10,214,107,107,123,67,56,208,105,103,205,102,103,91,40,51,41,17,24,16,5,11,1,0,1,2,0,2,79,79,11,25,22,9,8,2,2,67,44,23,6,54,1,4,14
54402011,0,,,244,127,117,22,11,11,217,113,104,179,97,82,212,109,103,207,105,102,38,16,22,15,6,9,2,1,1,0,0,0,13,4,9,99,99,27,28,26,10,5,3,0,70,62,8,6,29,1,10,4
54402012,0,,,325,164,161,40,19,21,285,145,140,172,91,81,272,138,134,265,133,132,113,54,59,42,17,25,11,3,8,0,0,0,1,0,1,98,98,14,28,17,13,13,7,6,84,52,32,1,71,0,7,14
54402013,0,,,314,155,159,35,16,19,279,139,140,170,93,77,271,136,135,265,133,132,109,46,63,50,18,32,16,6,10,1,0,1,3,1,2,101,101,15,33,13,21,10,5,4,86,58,28,10,73,0,15,16
54402014,0,,,129,63,66,5,3,2,121,57,64,64,35,29,119,56,63,116,53,63,57,22,35,28,10,18,11,2,9,1,0,1,1,1,0,53,53,13,18,11,8,3,0,0,39,29,10,1,37,0,7,9
54402015,0,,,666,332,334,59,30,29,595,297,298,337,181,156,583,289,294,572,283,289,258,116,142,109,48,61,31,14,17,0,0,0,3,1,2,249,249,50,85,53,35,13,10,3,198,153,45,11,166,2,26,39
54402016,0,,,567,289,278,55,31,24,505,255,250,281,146,135,491,248,243,480,243,237,224,109,115,108,48,60,36,15,21,5,3,2,11,5,6,215,215,54,62,47,29,13,3,7,159,114,45,12,150,3,34,34
54402017,0,,,1646,727,919,110,50,60,1475,646,829,747,373,374,1435,626,809,1414,615,799,728,273,455,490,149,341,271,69,202,43,2,41,17,6,11,612,606,217,183,100,56,37,8,5,383,310,73,30,332,9,107,83
54402018,0,,,498,280,218,74,42,32,424,238,186,277,172,105,401,223,178,396,220,176,147,66,81,76,31,45,26,6,20,4,0,4,2,2,0,156,155,25,55,31,23,14,5,2,128,92,36,12,98,2,14,25
54402019,0,,,148,67,81,14,4,10,134,63,71,81,42,39,132,63,69,131,62,69,53,21,32,25,6,19,12,3,9,1,1,0,5,2,3,56,56,14,17,9,11,2,2,1,39,27,12,6,35,0,7,7
54402020,0,,,687,370,317,87,53,34,596,314,282,373,205,168,583,309,274,580,308,272,223,109,114,102,48,54,37,20,17,3,1,2,8,5,3,261,259,54,87,55,37,16,7,3,201,157,44,26,146,7,18,40
54402021,0,,,885,460,425,110,52,58,725,388,337,497,280,217,707,379,328,692,369,323,228,108,120,75,36,39,21,11,10,0,0,0,35,20,15,401,400,162,113,59,45,12,4,5,231,198,33,32,156,23,40,42
54402022,0,,,216,103,113,22,9,13,194,94,100,123,60,63,188,89,99,184,88,96,71,34,37,34,14,20,13,5,8,1,0,1,0,0,0,76,76,9,24,24,12,4,2,1,67,52,15,5,46,0,4,11
54402023,0,,,121,54,67,11,5,6,110,49,61,49,25,24,109,49,60,108,49,59,61,24,37,39,12,27,16,5,11,1,0,1,0,0,0,35,34,6,8,11,3,2,3,1,28,15,13,3,29,0,5,3
54402024,0,,,77,43,34,8,5,3,69,38,31,42,25,17,63,34,29,60,32,28,27,13,14,14,7,7,6,3,3,0,0,0,0,0,0,26,26,6,8,2,4,4,1,1,20,14,6,0,18,0,3,6
54402025,0,,,77,35,42,10,4,6,67,31,36,29,14,15,66,30,36,66,30,36,38,17,21,21,8,13,13,3,10,0,0,0,0,0,0,22,21,6,6,3,2,1,2,1,14,11,3,3,16,0,6,3
54402026,0,,,224,112,112,14,8,6,210,104,106,121,64,57,202,100,102,199,98,101,89,40,49,55,22,33,22,11,11,2,0,2,0,0,0,87,87,24,25,16,10,10,2,0,61,40,21,5,60,0,15,12
54402027,0,,,172,81,91,25,12,13,141,66,75,80,38,42,139,64,75,137,64,73,61,28,33,28,11,17,13,4,9,1,1,0,0,0,0,54,54,18,8,9,4,4,4,7,36,19,17,5,39,0,9,5
54402028,0,,,11,6,5,0,0,0,11,6,5,5,3,2,11,6,5,11,6,5,6,3,3,2,1,1,1,1,0,0,0,0,0,0,0,5,5,2,1,1,1,0,0,0,3,3,0,0,4,0,1,0
54402030,0,,,361,192,169,41,23,18,317,166,151,221,120,101,306,160,146,299,154,145,96,46,50,42,18,24,16,6,10,1,0,1,6,2,4,137,137,37,30,37,21,6,3,3,98,71,27,9,68,4,11,14
54402031,0,,,1115,590,525,149,92,57,952,491,461,704,372,332,909,470,439,884,453,431,248,119,129,113,54,59,26,11,15,1,0,1,47,32,15,416,416,108,109,89,65,22,12,11,302,244,58,25,155,15,20,43
54402032,0,,,177,90,87,18,10,8,159,80,79,109,58,51,151,75,76,150,74,76,50,22,28,23,9,14,8,4,4,0,0,0,4,2,2,77,77,22,30,10,11,3,1,0,55,47,8,7,36,0,12,7
54402033,0,,,210,103,107,18,9,9,190,93,97,122,61,61,183,89,94,179,87,92,68,32,36,34,15,19,12,6,6,1,1,0,1,1,0,82,82,17,24,23,14,4,0,0,65,53,12,5,49,0,14,9
54402034,0,,,413,210,203,35,16,19,378,194,184,235,130,105,363,186,177,356,183,173,143,64,79,63,24,39,30,10,20,2,0,2,0,0,0,138,138,22,43,30,19,10,9,5,114,74,40,11,90,1,10,21
54402035,0,,,306,153,153,42,22,20,264,131,133,148,73,75,257,127,130,255,126,129,116,58,58,39,13,26,15,4,11,0,0,0,0,0,0,104,104,13,37,17,21,12,4,0,89,66,23,9,71,0,10,24
54402036,0,,,148,75,73,10,5,5,132,67,65,83,46,37,128,64,64,126,64,62,49,21,28,27,12,15,7,3,4,0,0,0,1,1,0,60,60,15,20,13,6,6,0,0,44,39,5,3,34,0,10,10
54402037,0,,,386,189,197,45,27,18,339,161,178,191,94,97,328,156,172,326,156,170,148,67,81,69,29,40,26,7,19,2,0,2,0,0,0,137,137,26,36,41,16,10,6,2,111,72,39,17,90,0,13,22
54402038,1,,54402039;54402049,277,112,165,16,6,10,270,109,161,103,47,56,265,109,156,264,109,155,167,62,105,123,38,85,76,19,57,15,2,13,0,0,0,72,71,19,27,18,8,2,2,2,59,44,15,3,53,2,10,15
54402039,2,54402038,,3,1,2,*,*,*,*,*,*,*,*,*,*,*,*,*,*,*,*,*,*,*,*,*,*,*,*,*,*,*,*,*,*,1,1,*,*,*,*,*,*,*,*,*,*,*,*,*,*,*
54402041,0,,,36,15,21,2,2,0,34,13,21,23,10,13,34,13,21,33,12,21,11,3,8,6,1,5,2,0,2,0,0,0,0,0,0,11,11,2,2,2,2,2,1,0,9,4,5,0,7,0,1,1
54402042,0,,,239,124,115,17,12,5,221,111,110,146,76,70,212,104,108,202,100,102,75,35,40,36,15,21,9,4,5,0,0,0,1,1,0,83,83,21,17,17,16,7,2,3,61,43,18,3,50,0,10,5
54402043,0,,,43,21,22,0,0,0,43,21,22,26,13,13,42,21,21,40,19,21,17,8,9,9,3,6,3,1,2,0,0,0,0,0,0,14,14,2,4,2,3,3,0,0,11,4,7,0,12,0,1,3
54402044,0,,,189,93,96,24,9,15,165,84,81,97,50,47,164,83,81,164,83,81,68,34,34,33,16,17,12,7,5,0,0,0,1,0,1,66,66,13,20,13,12,2,4,2,53,35,18,8,40,0,4,13
54402045,0,,,354,172,182,40,20,20,314,152,162,184,92,92,308,151,157,304,148,156,130,60,70,50,20,30,27,10,17,4,1,3,0,0,0,104,104,15,24,20,19,9,10,7,89,45,44,9,78,0,12,14
54402046,0,,,579,274,305,52,25,27,521,246,275,303,147,156,511,240,271,501,235,266,218,99,119,121,49,72,43,17,26,3,0,3,2,0,2,215,215,42,72,49,30,11,7,4,171,133,38,11,144,0,27,41
54402047,0,,,329,163,166,30,18,12,298,145,153,166,85,81,291,142,149,287,140,147,132,60,72,62,26,36,26,10,16,2,0,2,1,1,0,125,125,23,43,27,25,4,2,1,102,73,29,8,89,0,20,18
54402048,0,,,202,103,99,15,6,9,186,96,90,125,68,57,179,92,87,174,91,83,61,28,33,31,14,17,13,4,9,0,0,0,0,0,0,63,61,13,12,11,15,3,4,3,48,31,17,3,41,0,8,7
54402049,2,54402038,,10,3,7,*,*,*,*,*,*,*,*,*,*,*,*,*,*,*,*,*,*,*,*,*,*,*,*,*,*,*,*,*,*,6,6,*,*,*,*,*,*,*,*,*,*,*,*,*,*,*
54402050,0,,,113,55,58,11,6,5,102,49,53,54,25,29,99,49,50,98,49,49,48,24,24,14,5,9,6,2,4,1,0,1,0,0,0,38,38,6,11,11,4,2,3,1,32,22,10,2,30,0,6,7
54402051,0,,,340,161,179,32,12,20,308,149,159,188,96,92,300,146,154,293,141,152,120,53,67,40,14,26,15,3,12,1,0,1,3,1,2,102,102,11,25,24,18,12,9,3,89,51,38,6,75,0,6,11
54402052,0,,,211,101,110,12,4,8,199,97,102,105,55,50,193,95,98,191,93,98,94,42,52,51,16,35,15,2,13,5,0,5,0,0,0,78,78,16,26,13,17,1,4,1,61,39,22,3,61,0,14,12
54402053,0,,,27,12,15,0,0,0,27,12,15,13,6,7,27,12,15,26,12,14,14,6,8,4,1,3,3,1,2,0,0,0,1,0,1,10,10,1,5,2,0,2,0,0,9,7,2,0,10,0,1,3
54402054,0,,,77,34,43,3,2,1,74,32,42,48,24,24,72,31,41,71,31,40,26,8,18,14,4,10,5,0,5,0,0,0,1,0,1,24,24,2,8,5,4,3,1,1,22,12,10,1,19,0,2,3
54402055,1,,54402066,239,113,126,30,17,13,212,98,114,114,54,60,206,95,111,204,94,110,98,44,54,47,19,28,17,6,11,3,1,2,2,0,2,78,78,16,22,13,9,12,5,2,63,39,24,10,58,0,12,13
54402056,0,,,255,127,128,16,9,7,238,118,120,137,73,64,230,115,115,224,112,112,101,45,56,54,22,32,26,12,14,2,1,1,1,0,1,97,97,25,30,21,7,8,5,1,72,46,26,1,68,0,16,11
54402057,0,,,216,105,111,9,7,2,205,98,107,92,51,41,202,97,105,201,96,105,113,47,66,68,28,40,23,8,15,2,0,2,6,2,4,94,94,30,32,17,9,1,5,0,64,45,19,1,75,5,15,18
54402058,1,,54402059;54402069,99,39,60,4,2,2,99,39,60,48,20,28,95,37,58,94,37,57,51,19,32,32,12,20,7,2,5,1,0,1,1,0,1,43,43,16,15,8,6,2,0,0,31,24,7,0,37,0,11,7
54402059,2,54402058,,1,1,0,*,*,*,*,*,*,*,*,*,*,*,*,*,*,*,*,*,*,*,*,*,*,*,*,*,*,*,*,*,*,1,1,*,*,*,*,*,*,*,*,*,*,*,*,*,*,*
54402060,0,,,84,46,38,8,4,4,76,42,34,48,28,20,76,42,34,75,41,34,28,14,14,8,2,6,4,1,3,0,0,0,0,0,0,24,24,4,5,3,6,1,3,2,19,11,8,3,19,0,1,2
54402061,0,,,435,227,208,42,19,23,393,208,185,241,140,101,380,199,181,372,195,177,152,68,84,71,27,44,26,9,17,4,3,1,1,0,1,146,146,26,34,35,31,10,8,2,119,83,36,6,100,0,16,18
54402062,0,,,448,220,228,46,23,23,402,197,205,240,127,113,396,194,202,389,192,197,162,70,92,63,20,43,32,7,25,2,1,1,2,0,2,144,144,22,37,37,23,7,14,4,121,73,48,15,106,0,15,10
54402063,0,,,405,201,204,42,21,21,362,179,183,224,119,105,348,173,175,342,171,171,138,60,78,63,20,43,17,4,13,1,0,1,4,2,2,142,142,36,43,18,16,14,11,4,105,64,41,12,93,10,15,24
54402064,1,,54402074,250,127,123,16,6,10,237,121,116,138,80,58,231,119,112,227,115,112,99,41,58,53,19,34,17,5,12,1,1,0,1,0,1,86,86,15,32,18,9,6,6,3,73,51,22,0,67,0,13,13
54402065,0,,,443,221,222,22,10,12,420,210,210,255,136,119,410,204,206,405,203,202,165,74,91,84,31,53,32,11,21,0,0,0,4,1,3,164,164,25,55,50,17,13,3,1,139,103,36,5,113,0,14,25
54402066,2,54402055,,3,2,1,*,*,*,*,*,*,*,*,*,*,*,*,*,*,*,*,*,*,*,*,*,*,*,*,*,*,*,*,*,*,1,1,*,*,*,*,*,*,*,*,*,*,*,*,*,*,*
54402069,2,54402058,,4,1,3,*,*,*,*,*,*,*,*,*,*,*,*,*,*,*,*,*,*,*,*,*,*,*,*,*,*,*,*,*,*,3,3,*,*,*,*,*,*,*,*,*,*,*,*,*,*,*
54402070,0,,,17,11,6,0,0,0,17,11,6,7,6,1,17,11,6,17,11,6,10,5,5,5,2,3,2,1,1,0,0,0,0,0,0,5,5,0,1,2,1,1,0,0,5,4,1,0,5,0,0,1
54402071,0,,,250,129,121,18,9,9,232,120,112,139,79,60,229,118,111,223,116,107,93,41,52,39,15,24,14,5,9,0,0,0,1,0,1,85,85,16,23,16,17,7,5,1,68,43,25,2,63,0,13,12
54402072,0,,,236,117,119,28,12,16,208,105,103,135,74,61,200,102,98,196,101,95,73,31,42,27,9,18,15,4,11,2,0,2,1,0,1,75,75,11,16,24,11,5,5,3,64,42,22,11,48,0,6,6
54402073,0,,,238,116,122,29,13,16,209,103,106,138,71,67,199,96,103,193,94,99,71,32,39,36,16,20,7,2,5,1,0,1,0,0,0,68,68,13,8,14,16,2,13,2,55,27,28,9,47,1,7,3
54402074,2,54402064,,7,3,4,*,*,*,*,*,*,*,*,*,*,*,*,*,*,*,*,*,*,*,*,*,*,*,*,*,*,*,*,*,*,3,3,*,*,*,*,*,*,*,*,*,*,*,*,*,*,*
54402075,0,,,465,229,236,35,24,11,430,205,225,257,129,128,420,202,218,414,199,215,173,76,97,77,28,49,34,7,27,4,0,4,0,0,0,151,151,28,46,25,18,15,11,8,123,71,52,6,117,0,22,21
54402076,0,,,9,5,4,0,0,0,9,5,4,4,3,1,9,5,4,9,5,4,5,2,3,5,2,3,1,0,1,0,0,0,0,0,0,4,4,2,0,1,1,0,0,0,2,1,1,0,4,0,2,0
54402080,0,,,71,42,29,6,5,1,65,37,28,39,22,17,64,36,28,64,36,28,26,15,11,7,4,3,3,1,2,1,0,1,0,0,0,23,23,2,7,8,2,2,1,1,21,15,6,3,16,0,0,3
54402081,0,,,435,212,223,40,19,21,395,193,202,247,134,113,386,189,197,384,187,197,148,59,89,73,25,48,31,12,19,0,0,0,1,0,1,146,146,20,45,31,31,11,4,4,126,87,39,9,101,0,12,19
54402082,0,,,235,105,130,26,12,14,209,93,116,127,57,70,201,89,112,198,87,111,82,36,46,44,19,25,14,4,10,3,0,3,0,0,0,78,78,12,30,13,9,4,6,4,64,46,18,6,51,1,7,12
54402083,0,,,270,131,139,25,13,12,245,118,127,145,76,69,230,113,117,229,112,117,100,42,58,51,17,34,21,4,17,1,0,1,1,0,1,97,97,17,34,18,16,7,3,2,80,55,25,4,69,0,9,17
54402084,0,,,160,81,79,10,5,5,149,75,74,94,47,47,143,71,72,134,65,69,55,28,27,19,12,7,3,1,2,0,0,0,9,4,5,68,68,26,20,6,7,8,0,1,42,29,13,3,40,1,13,10
54402085,0,,,223,100,123,16,6,10,207,94,113,128,61,67,201,93,108,200,93,107,79,33,46,40,21,19,10,5,5,1,0,1,1,0,1,80,80,13,30,13,14,5,5,0,67,53,14,4,53,0,9,9
54402090,0,,,126,65,61,8,6,2,118,59,59,75,40,35,114,56,58,111,54,57,43,19,24,20,8,12,11,4,7,3,2,1,0,0,0,41,41,3,14,11,6,4,3,0,36,23,13,2,29,0,3,6
54402091,0,,,490,236,254,59,25,34,431,211,220,261,137,124,413,202,211,402,194,208,170,74,96,88,35,53,33,9,24,1,1,0,2,0,2,159,159,32,41,31,21,15,12,7,127,72,55,12,114,0,21,18
54402092,0,,,898,416,482,123,56,67,750,340,410,536,254,282,726,329,397,705,319,386,214,86,128,118,39,79,54,12,42,10,1,9,70,26,44,341,340,116,82,60,49,19,8,6,211,171,40,37,116,25,30,31
54402093,0,,,1049,556,493,141,78,63,887,466,421,621,343,278,863,455,408,843,442,401,266,123,143,140,64,76,31,13,18,1,0,1,99,64,35,454,454,179,107,85,42,20,16,5,266,209,57,51,174,44,49,45
54402094,0,,,165,88,77,30,18,12,135,70,65,68,37,31,133,70,63,130,68,62,67,33,34,29,12,17,13,3,10,2,0,2,0,0,0,50,50,7,16,9,3,8,5,2,43,25,18,6,40,0,5,13
54402095,0,,,642,312,330,94,49,45,545,261,284,417,203,214,522,249,273,503,241,262,128,58,70,64,29,35,22,9,13,1,1,0,3,1,2,208,208,27,54,57,37,20,6,7,179,143,36,18,87,0,15,16
54402096,1,,54402097,44,22,22,3,1,2,47,24,23,31,16,15,45,22,23,44,21,23,16,8,8,11,5,6,4,1,3,0,0,0,0,0,0,14,14,5,3,1,2,2,3,0,11,6,5,0,11,0,2,3
54402097,2,54402096,,6,3,3,*,*,*,*,*,*,*,*,*,*,*,*,*,*,*,*,*,*,*,*,*,*,*,*,*,*,*,*,*,*,2,2,*,*,*,*,*,*,*,*,*,*,*,*,*,*,*
54402104,2,54402105,,6,4,2,*,*,*,*,*,*,*,*,*,*,*,*,*,*,*,*,*,*,*,*,*,*,*,*,*,*,*,*,*,*,4,4,*,*,*,*,*,*,*,*,*,*,*,*,*,*,*
54402105,1,,54402104,125,58,67,5,3,2,126,59,67,72,35,37,120,58,62,117,55,62,54,24,30,29,10,19,14,4,10,0,0,0,0,0,0,44,44,12,15,6,8,4,2,1,36,21,15,2,37,0,8,7
54402106,0,,,106,45,61,12,4,8,94,41,53,57,25,32,92,40,52,89,39,50,37,16,21,13,5,8,6,2,4,0,0,0,0,0,0,38,38,5,12,13,5,0,3,0,33,25,8,1,24,0,4,4
54402107,0,,,87,43,44,10,5,5,77,38,39,46,25,21,73,36,37,72,35,37,31,13,18,11,3,8,6,0,6,0,0,0,0,0,0,25,25,2,6,7,3,4,1,2,23,13,10,3,18,1,0,4
54402108,0,,,168,85,83,12,5,7,156,80,76,70,40,30,154,80,74,152,79,73,86,40,46,51,19,32,17,5,12,0,0,0,0,0,0,41,40,9,10,4,9,6,0,2,29,18,11,3,23,1,2,4
54402109,0,,,90,42,48,7,4,3,83,38,45,53,26,27,82,38,44,82,38,44,30,12,18,13,4,9,7,3,4,1,0,1,0,0,0,30,30,4,9,7,5,3,2,0,26,18,8,3,20,0,3,1
54402110,2,54402131,,2,1,1,*,*,*,*,*,*,*,*,*,*,*,*,*,*,*,*,*,*,*,*,*,*,*,*,*,*,*,*,*,*,1,1,*,*,*,*,*,*,*,*,*,*,*,*,*,*,*
54402113,2,54402123,,7,3,4,*,*,*,*,*,*,*,*,*,*,*,*,*,*,*,*,*,*,*,*,*,*,*,*,*,*,*,*,*,*,2,2,*,*,*,*,*,*,*,*,*,*,*,*,*,*,*
54402116,0,,,35,17,18,3,1,2,32,16,16,20,12,8,31,15,16,30,15,15,12,4,8,7,1,6,3,0,3,0,0,0,2,2,0,15,15,6,4,2,2,0,0,1,9,5,4,0,9,2,3,2
54402117,0,,,98,49,49,14,8,6,84,41,43,59,29,30,81,38,43,79,38,41,25,12,13,12,5,7,5,2,3,0,0,0,0,0,0,29,29,4,4,11,3,3,2,2,23,13,10,2,17,0,2,0
54402118,0,,,142,87,55,2,1,1,140,86,54,83,55,28,139,85,54,137,83,54,57,31,26,21,7,14,8,2,6,0,0,0,0,0,0,18,15,0,7,4,3,1,0,0,15,11,4,0,13,0,0,4
54402119,0,,,255,130,125,15,6,9,240,124,116,143,78,65,235,122,113,231,120,111,97,46,51,46,19,27,13,4,9,0,0,0,0,0,0,85,85,10,25,22,17,6,4,1,75,57,18,6,61,0,8,16
54402121,0,,,66,35,31,8,2,6,58,33,25,36,22,14,57,32,25,57,32,25,22,11,11,9,3,6,6,2,4,0,0,0,0,0,0,21,21,6,1,9,2,0,0,3,14,8,6,2,14,0,2,0
54402122,0,,,44,22,22,0,0,0,43,21,22,20,11,9,43,21,22,43,21,22,23,10,13,11,3,8,5,1,4,0,0,0,0,0,0,16,16,4,2,4,6,0,0,0,12,9,3,0,15,0,3,2
54402123,1,,54402113,229,107,122,21,9,12,214,101,113,120,58,62,205,98,107,201,97,104,94,43,51,51,18,33,19,4,15,1,1,0,0,0,0,75,75,11,22,19,12,6,4,3,66,44,22,5,60,0,7,9
54402124,0,,,176,92,84,17,10,7,159,82,77,90,53,37,153,78,75,152,77,75,69,29,40,31,13,18,5,0,5,1,0,1,0,0,0,56,56,7,16,11,14,5,0,3,49,32,17,5,41,0,5,8
54402127,0,,,179,95,84,17,12,5,162,83,79,96,49,47,158,79,79,153,76,77,66,34,32,26,11,15,10,2,8,0,0,0,0,0,0,59,59,10,10,21,10,3,4,1,48,26,22,5,45,0,8,5
54402128,0,,,521,248,273,57,29,28,464,219,245,284,138,146,447,212,235,443,210,233,180,81,99,85,27,58,34,10,24,1,0,1,0,0,0,175,175,30,57,34,24,17,5,8,144,93,51,18,120,1,18,25
54402129,0,,,215,111,104,16,8,8,199,103,96,122,67,55,195,101,94,193,99,94,77,36,41,45,18,27,11,3,8,0,0,0,0,0,0,68,68,5,25,11,14,7,6,0,63,41,22,3,50,0,5,10
54402131,1,,54402110,37,20,17,2,2,0,36,18,18,19,8,11,36,18,18,34,17,17,17,10,7,7,4,3,3,2,1,0,0,0,1,0,1,12,12,4,3,2,1,1,1,1,9,5,4,0,12,0,3,3
54402133,0,,,68,34,34,7,6,1,61,28,33,39,18,21,58,27,31,57,26,31,22,10,12,10,3,7,2,0,2,0,0,0,0,0,0,22,22,1,8,4,6,3,0,0,21,15,6,3,13,0,1,6
54402134,1,,54402135,135,72,63,15,11,4,125,64,61,74,39,35,123,62,61,121,61,60,51,25,26,23,10,13,7,1,6,0,0,0,0,0,0,46,46,9,16,8,8,2,3,2,38,26,12,5,34,0,4,9
54402135,2,54402134,,5,3,2,*,*,*,*,*,*,*,*,*,*,*,*,*,*,*,*,*,*,*,*,*,*,*,*,*,*,*,*,*,*,2,2,*,*,*,*,*,*,*,*,*,*,*,*,*,*,*
54402136,0,,,196,99,97,27,14,13,168,84,84,102,53,49,164,80,84,159,79,80,66,31,35,31,11,20,12,4,8,3,1,2,1,0,1,57,57,6,16,10,12,5,3,5,51,30,21,6,42,0,5,7
54402137,0,,,305,164,141,13,7,6,201,102,99,118,64,54,196,98,98,194,97,97,83,38,45,40,17,23,12,5,7,0,0,0,1,0,1,68,66,5,21,15,12,7,3,3,61,33,28,3,54,0,2,11
54402138,0,,,126,55,71,18,10,8,108,45,63,67,29,38,106,43,63,105,43,62,41,16,25,24,6,18,9,1,8,0,0,0,2,0,2,35,35,4,7,9,3,7,3,2,31,14,17,5,29,0,4,4
54402139,0,,,253,132,121,23,13,10,230,119,111,124,64,60,218,111,107,213,107,106,106,55,51,49,25,24,18,6,12,0,0,0,0,0,0,83,83,9,27,22,10,8,5,2,73,45,28,5,66,0,5,15
54402142,0,,,112,55,57,14,8,6,98,47,51,52,23,29,95,45,50,94,45,49,46,24,22,14,6,8,8,4,4,2,1,1,0,0,0,40,40,8,11,8,9,2,2,0,32,21,11,5,30,0,6,8
54402143,0,,,108,51,57,16,7,9,92,44,48,59,28,31,89,41,48,89,41,48,33,16,17,18,7,11,9,3,6,0,0,0,1,0,1,34,34,3,9,9,7,5,0,1,31,18,13,4,22,0,1,6
54402144,0,,,265,135,130,21,12,9,244,123,121,122,71,51,241,122,119,239,120,119,122,52,70,65,26,39,27,7,20,2,0,2,0,0,0,83,82,14,22,20,13,4,7,2,67,47,20,4,63,1,10,10
54402145,0,,,108,53,55,10,4,6,98,49,49,53,27,26,97,48,49,96,48,48,45,22,23,24,11,13,9,3,6,0,0,0,0,0,0,40,40,7,18,8,2,1,1,3,33,25,8,4,28,0,5,7
54402146,0,,,182,92,90,19,9,10,163,83,80,96,51,45,159,82,77,156,81,75,67,32,35,25,10,15,9,2,7,0,0,0,0,0,0,63,63,10,22,16,6,3,2,4,53,39,14,3,44,0,6,13
54402147,0,,,24,11,13,3,0,3,21,11,10,10,5,5,21,11,10,21,11,10,11,6,5,5,3,2,0,0,0,0,0,0,0,0,0,10,10,5,2,0,1,1,1,0,5,3,2,1,8,0,5,1
54402148,0,,,72,36,36,1,0,1,71,36,35,37,20,17,70,36,34,69,35,34,34,16,18,12,4,8,5,1,4,1,0,1,0,0,0,24,24,3,6,6,7,1,1,0,21,10,11,1,21,0,2,4
54402149,0,,,196,97,99,25,16,9,171,81,90,105,51,54,166,78,88,162,76,86,66,30,36,27,11,16,10,5,5,0,0,0,0,0,0,60,60,6,22,10,10,3,5,4,54,35,19,5,44,0,3,13
54402151,0,,,43,20,23,7,2,5,35,17,18,25,12,13,32,15,17,31,14,17,10,5,5,3,3,0,1,1,0,0,0,0,1,0,1,8,8,1,0,0,0,3,1,3,7,0,7,3,6,0,0,0
54402152,0,,,97,44,53,7,4,3,90,40,50,57,27,30,88,40,48,85,40,45,33,13,20,14,4,10,11,3,8,1,0,1,1,0,1,27,27,5,5,3,5,3,4,2,22,10,12,2,19,0,1,1
54402153,0,,,139,68,71,9,2,7,130,66,64,72,39,33,128,66,62,127,65,62,58,27,31,29,14,15,8,4,4,0,0,0,1,0,1,52,52,12,12,18,4,3,3,0,40,28,12,2,38,0,9,6
54402154,0,,,258,119,139,28,14,14,230,105,125,132,59,73,224,104,120,220,102,118,98,46,52,47,16,31,16,4,12,2,0,2,0,0,0,78,77,9,26,16,12,5,7,2,68,47,21,7,52,0,5,14
54402155,0,,,202,101,101,16,6,10,186,95,91,103,60,43,182,91,91,177,86,91,83,35,48,32,13,19,9,2,7,1,0,1,0,0,0,75,75,16,23,16,12,5,2,1,58,48,10,4,54,0,12,11
54402156,0,,,260,127,133,31,12,19,229,115,114,147,78,69,220,111,109,214,107,107,82,37,45,37,15,22,12,3,9,2,0,2,2,1,1,80,80,13,15,19,19,5,5,4,66,34,32,9,50,0,5,5
54402157,0,,,103,50,53,8,4,4,95,46,49,57,29,28,91,44,47,90,44,46,38,17,21,19,6,13,9,3,6,1,0,1,0,0,0,29,29,2,9,5,4,5,2,2,27,14,13,1,23,0,1,3
54402159,0,,,234,130,104,19,15,4,215,115,100,125,74,51,212,115,97,208,114,94,90,41,49,44,20,24,9,6,3,0,0,0,4,2,2,94,94,28,26,20,11,6,1,2,65,52,13,6,59,1,15,14
54402160,0,,,17,7,10,1,1,0,16,6,10,12,6,6,15,5,10,14,4,10,4,0,4,3,0,3,2,0,2,0,0,0,1,0,1,4,4,0,1,1,0,1,0,1,4,1,3,1,3,0,0,0
54402161,0,,,196,97,99,15,9,6,180,87,93,107,54,53,172,83,89,169,83,86,73,33,40,28,13,15,12,3,9,0,0,0,2,1,1,62,62,9,22,5,10,9,6,1,53,33,20,2,45,1,4,12
54402162,0,,,633,328,305,80,45,35,550,281,269,308,161,147,537,272,265,530,267,263,242,120,122,110,53,57,36,14,22,2,0,2,7,5,2,212,212,41,67,46,18,13,14,13,171,112,59,21,151,5,21,39
54402163,0,,,325,171,154,29,14,15,295,156,139,179,95,84,286,150,136,275,143,132,116,61,55,58,27,31,22,11,11,4,3,1,0,0,0,104,104,18,30,14,22,10,4,6,85,53,32,9,74,1,13,16
54402164,0,,,55,28,27,7,3,4,48,25,23,29,15,14,47,25,22,47,25,22,19,10,9,6,3,3,2,0,2,0,0,0,0,0,0,21,21,3,7,7,3,1,0,0,18,14,4,3,11,0,2,4
54402165,0,,,45,19,26,0,0,0,45,19,26,25,10,15,44,19,25,43,19,24,20,9,11,11,5,6,0,0,0,0,0,0,0,0,0,18,18,2,9,3,4,0,0,0,16,14,2,0,13,0,1,6
54402166,0,,,407,204,203,34,20,14,373,184,189,225,117,108,360,179,181,350,173,177,148,67,81,72,31,41,31,8,23,1,0,1,1,0,1,123,123,17,31,24,24,10,10,7,105,52,53,10,92,1,11,10
54402167,0,,,271,132,139,30,10,20,241,122,119,152,75,77,237,121,116,232,119,113,89,47,42,42,19,23,17,6,11,0,0,0,0,0,0,77,77,9,18,18,10,8,8,6,67,39,28,5,55,0,3,9
54402168,0,,,40,21,19,2,1,1,38,20,18,27,14,13,36,20,16,35,20,15,11,6,5,5,3,2,2,1,1,0,0,0,0,0,0,13,13,0,3,6,4,0,0,0,13,11,2,0,7,0,0,2
54402169,0,,,402,198,204,46,21,25,354,176,178,214,116,98,340,166,174,334,162,172,140,60,80,71,27,44,23,8,15,3,0,3,7,3,4,134,134,27,33,29,20,11,11,3,104,75,29,10,88,1,17,20
54402170,0,,,11,6,5,0,0,0,11,6,5,7,4,3,11,6,5,11,6,5,4,2,2,0,0,0,0,0,0,0,0,0,0,0,0,7,7,4,2,1,0,0,0,0,3,3,0,0,3,0,2,1
54402171,0,,,228,117,111,30,16,14,198,101,97,122,66,56,191,97,94,189,96,93,76,35,41,32,10,22,13,3,10,1,0,1,0,0,0,82,82,19,26,13,13,6,0,5,63,44,19,7,51,1,10,15
54402172,0,,,198,98,100,11,5,6,184,91,93,106,58,48,180,90,90,180,90,90,78,33,45,38,19,19,9,3,6,2,0,2,1,0,1,77,77,20,23,14,13,5,1,1,56,41,15,0,51,0,8,10
54402173,0,,,86,47,39,3,1,2,83,46,37,41,25,16,81,45,36,80,45,35,42,21,21,22,9,13,10,4,6,0,0,0,2,1,1,34,34,7,12,11,1,2,0,1,26,19,7,1,26,1,3,8
54402174,0,,,212,103,109,28,13,15,184,90,94,115,54,61,179,86,93,172,82,90,69,36,33,33,17,16,6,3,3,0,0,0,8,7,1,80,80,19,25,15,13,4,3,1,61,49,12,8,44,4,10,17
54402175,0,,,16,8,8,0,0,0,16,8,8,9,3,6,16,8,8,15,7,8,7,5,2,4,2,2,3,1,2,0,0,0,0,0,0,5,5,1,0,2,1,1,0,0,4,1,3,0,5,0,1,0
54402176,0,,,288,137,151,25,12,13,261,124,137,163,83,80,256,121,135,254,120,134,98,41,57,46,17,29,17,6,11,2,1,1,1,0,1,86,86,6,24,22,16,10,3,5,80,48,32,8,63,0,3,15
54402177,0,,,375,184,191,35,15,20,340,169,171,207,110,97,326,161,165,321,160,161,133,59,74,59,19,40,27,10,17,2,0,2,2,0,2,124,124,15,44,22,23,10,8,2,107,77,30,13,82,0,11,21
54402178,0,,,160,80,80,12,5,7,148,75,73,93,49,44,143,72,71,140,71,69,55,26,29,30,11,19,9,3,6,0,0,0,0,0,0,55,55,11,13,17,7,0,5,2,44,30,14,1,39,0,7,4
54402179,0,,,717,337,380,59,27,32,652,307,345,373,216,157,638,300,338,632,296,336,279,91,188,186,53,133,103,24,79,33,4,29,38,28,10,270,268,106,76,36,31,15,2,2,159,130,29,21,108,16,25,23
54402180,0,,,14,7,7,0,0,0,14,7,7,8,4,4,14,7,7,14,7,7,6,3,3,3,0,3,2,0,2,0,0,0,0,0,0,7,7,2,3,2,0,0,0,0,5,4,1,0,4,0,1,0
54402181,0,,,167,83,84,26,12,14,141,71,70,76,37,39,140,71,69,138,70,68,65,34,31,26,9,17,12,3,9,0,0,0,0,0,0,48,48,6,13,10,7,3,4,5,42,24,18,6,37,0,3,6
54402182,0,,,171,91,80,16,7,9,155,84,71,87,53,34,150,81,69,149,81,68,68,31,37,30,14,16,9,2,7,1,0,1,2,0,2,64,64,15,19,15,6,7,0,2,49,37,12,2,48,0,12,8
54402183,0,,,307,125,182,19,11,8,288,114,174,109,50,59,282,111,171,274,110,164,179,64,115,134,40,94,83,18,65,20,4,16,3,2,1,66,63,7,22,16,4,9,2,3,54,36,18,2,46,2,5,12
54402184,0,,,570,279,291,57,32,25,503,240,263,313,149,164,486,231,255,475,225,250,190,91,99,82,36,46,16,7,9,3,0,3,2,0,2,239,239,61,89,46,31,7,3,2,176,153,23,17,128,0,32,43
54402185,0,,,923,443,480,82,41,41,832,399,433,495,250,245,814,391,423,796,383,413,337,149,188,182,68,114,57,21,36,4,2,2,18,6,12,369,368,118,107,49,53,25,11,5,248,176,72,23,233,7,59,53
54402186,0,,,279,137,142,23,12,11,256,125,131,138,75,63,247,122,125,242,119,123,118,50,68,63,21,42,24,6,18,1,0,1,10,7,3,88,87,21,21,17,12,11,3,2,66,41,25,8,60,4,12,8
54402187,0,,,45,21,24,7,3,4,38,18,20,16,8,8,37,18,19,36,18,18,22,10,12,9,4,5,4,1,3,1,0,1,0,0,0,12,12,1,3,2,2,0,4,0,11,6,5,0,11,0,1,3
54402188,0,,,246,133,113,19,13,6,227,120,107,148,80,68,216,112,104,210,107,103,79,40,39,34,12,22,20,6,14,0,0,0,0,0,0,81,81,14,25,13,16,5,3,5,66,41,25,7,49,0,6,10
54402189,0,,,337,166,171,33,16,17,300,146,154,218,111,107,287,140,147,279,139,140,82,35,47,30,11,19,9,1,8,1,0,1,5,4,1,130,129,37,37,18,25,6,5,1,87,71,16,8,59,4,14,7
54402192,0,,,41,23,18,1,1,0,40,22,18,21,11,10,39,21,18,39,21,18,19,11,8,8,4,4,4,1,3,0,0,0,0,0,0,18,18,5,7,3,2,1,0,0,12,10,2,0,12,0,3,4
54402193,0,,,201,104,97,25,14,11,175,89,86,112,62,50,170,86,84,169,85,84,63,27,36,26,9,17,8,3,5,1,1,0,4,2,2,81,81,24,22,18,9,6,1,1,56,49,7,7,46,0,14,9
54402194,0,,,616,300,316,55,32,23,557,265,292,349,178,171,527,249,278,509,240,269,208,87,121,112,39,73,27,7,20,0,0,0,39,25,14,236,235,54,84,55,26,8,6,2,180,142,38,15,143,4,33,40
54402195,0,,,1080,554,526,103,47,56,965,499,466,563,301,262,941,490,451,923,479,444,402,198,204,200,93,107,73,27,46,4,1,3,18,4,14,340,338,89,89,71,53,17,16,3,246,180,66,27,198,2,42,45
54402196,0,,,230,116,114,27,9,18,200,105,95,118,63,55,197,104,93,194,102,92,82,42,40,32,15,17,11,6,5,1,0,1,2,2,0,81,81,16,24,17,14,5,3,2,63,47,16,5,56,0,12,14
54402197,0,,,82,40,42,8,5,3,74,35,39,43,21,22,73,34,39,73,34,39,31,14,17,15,6,9,7,4,3,0,0,0,0,0,0,28,28,4,12,4,2,3,2,1,24,17,7,2,22,0,3,5
54402198,0,,,42,22,20,1,1,0,41,21,20,25,13,12,38,20,18,38,20,18,16,8,8,8,3,5,3,2,1,0,0,0,2,2,0,14,14,4,2,3,2,1,2,0,10,6,4,0,9,2,1,1
54402199,0,,,839,419,420,115,62,53,717,352,365,541,262,279,687,339,348,672,331,341,176,90,86,73,30,43,23,8,15,2,1,1,8,2,6,304,304,52,101,69,44,28,8,2,250,214,36,24,123,1,20,36
54402200,0,,,311,162,149,37,25,12,274,137,137,160,87,73,268,134,134,265,132,133,114,50,64,53,19,34,16,6,10,1,1,0,6,4,2,121,121,29,42,20,19,6,3,2,91,65,26,11,74,8,15,20
54402201,0,,,272,133,139,22,13,9,250,120,130,129,64,65,245,119,126,241,118,123,121,56,65,55,21,34,19,5,14,1,0,1,1,0,1,89,89,10,29,19,16,8,6,1,78,52,26,4,71,0,7,15
54402202,0,,,252,129,123,19,10,9,233,119,114,132,76,56,231,117,114,230,116,114,101,43,58,44,16,28,10,4,6,0,0,0,0,0,0,90,90,12,34,19,14,7,4,0,78,48,30,7,68,0,9,16
54402203,0,,,413,203,210,21,14,7,388,186,202,238,119,119,375,180,195,363,173,190,150,67,83,79,37,42,20,7,13,1,0,1,3,1,2,168,168,35,65,37,20,9,2,0,132,109,23,7,97,1,15,33
54402204,0,,,688,351,337,40,19,21,646,330,316,311,176,135,638,325,313,629,321,308,335,154,181,173,56,117,75,15,60,12,0,12,2,0,2,142,139,27,41,36,22,5,6,2,112,83,29,13,89,1,15,23
54402205,0,,,568,287,281,75,36,39,489,248,241,354,192,162,477,240,237,471,236,235,135,56,79,69,25,44,20,7,13,4,0,4,13,1,12,207,205,69,56,34,33,11,1,1,133,119,14,20,68,20,15,19
54402206,0,,,962,467,495,104,55,49,851,407,444,597,285,312,819,383,436,803,377,426,254,122,132,103,45,58,20,6,14,2,1,1,71,14,57,383,381,113,120,72,52,17,6,1,262,235,27,33,160,39,34,55
54402207,0,,,576,281,295,87,40,47,478,236,242,323,170,153,463,228,235,453,221,232,155,66,89,74,26,48,26,7,19,4,1,3,6,4,2,216,216,50,65,41,36,17,5,2,162,126,36,27,100,10,14,28
54402208,0,,,1581,782,799,213,113,100,1361,665,696,854,448,406,1312,639,673,1289,630,659,507,217,290,280,119,161,74,24,50,8,1,7,33,18,15,624,624,167,201,103,92,39,15,7,450,366,84,55,338,13,86,100
54402209,0,,,865,428,437,137,65,72,721,357,364,498,255,243,681,335,346,664,325,339,223,102,121,95,40,55,43,12,31,9,4,5,7,2,5,301,299,64,84,65,59,16,9,2,230,208,22,37,113,5,21,38
54402210,0,,,228,109,119,13,4,9,215,105,110,129,67,62,207,101,106,202,101,101,86,38,48,41,18,23,15,6,9,1,0,1,0,0,0,86,86,21,25,21,9,6,2,2,64,46,18,2,63,1,16,8
54402211,0,,,260,130,130,20,10,10,239,119,120,147,75,72,237,117,120,235,115,120,92,44,48,50,23,27,16,8,8,0,0,0,11,0,11,109,109,27,40,23,13,4,2,0,81,69,12,9,59,3,11,23
54402212,0,,,1584,801,783,147,82,65,1411,706,705,824,417,407,1376,691,685,1357,684,673,587,289,298,273,135,138,66,26,40,2,0,2,21,9,12,690,690,228,218,124,78,24,13,5,452,383,69,41,385,13,99,108
54402213,0,,,3512,1704,1808,513,258,255,2961,1423,1538,2115,1009,1106,2824,1365,1459,2755,1326,1429,846,414,432,315,149,166,83,32,51,8,1,7,33,17,16,1376,1375,314,461,285,214,78,16,7,1055,982,73,113,536,34,101,222
54402214,0,,,1312,637,675,141,67,74,1142,556,586,751,374,377,1104,542,562,1081,531,550,391,182,209,188,86,102,39,15,24,1,0,1,11,2,9,553,553,171,180,100,53,35,7,7,379,331,48,47,259,19,43,90
54402215,0,,,1155,566,589,113,59,54,1019,496,523,690,342,348,989,480,509,971,474,497,329,154,175,148,66,82,25,13,12,1,0,1,64,18,46,515,515,196,149,79,53,23,10,5,313,268,45,27,229,37,56,63
54402216,0,,,749,372,377,79,50,29,653,314,339,419,207,212,623,301,322,607,298,309,234,107,127,91,36,55,21,7,14,2,0,2,16,9,7,301,301,83,101,52,38,15,6,6,213,172,41,21,159,5,42,44
54402217,0,,,217,114,103,31,16,15,182,96,86,104,53,51,177,96,81,171,90,81,78,43,35,52,29,23,24,11,13,1,0,1,0,0,0,63,62,11,18,15,8,7,1,2,50,42,8,11,28,5,4,8
54402218,0,,,634,312,322,69,36,33,558,272,286,368,190,178,540,260,280,530,255,275,190,82,108,95,35,60,25,8,17,2,0,2,20,9,11,252,252,63,81,56,31,12,6,3,185,144,41,20,125,4,27,33
54402219,0,,,782,395,387,98,49,49,679,342,337,452,236,216,658,334,324,645,328,317,227,106,121,106,53,53,30,13,17,2,0,2,33,26,7,321,321,99,92,67,34,15,11,3,217,182,35,20,156,21,34,47
54402220,0,,,187,98,89,13,6,7,173,91,82,91,52,39,170,89,81,166,87,79,82,39,43,41,20,21,13,5,8,2,0,2,0,0,0,67,67,8,23,20,10,4,1,1,59,48,11,4,48,0,5,18
54402221,0,,,2039,994,1045,226,106,120,1777,865,912,1039,545,494,1729,838,891,1698,819,879,738,320,418,407,162,245,134,39,95,12,2,10,24,16,8,883,882,307,268,138,98,47,18,6,567,458,109,58,506,31,154,126
54402222,0,,,2686,1275,1411,215,107,108,2413,1132,1281,1438,711,727,2366,1108,1258,2329,1087,1242,975,421,554,593,236,357,253,92,161,28,9,19,63,21,42,1169,1164,443,354,179,122,48,13,5,708,590,118,71,570,51,160,150
54402223,0,,,3813,1851,1962,468,252,216,3143,1487,1656,2069,1034,1035,3015,1425,1590,2952,1391,1561,1074,453,621,624,233,391,224,66,158,33,6,27,72,21,51,1641,1634,624,459,263,194,67,25,2,970,869,101,139,604,74,187,177
54402224,0,,,3504,1749,1755,383,206,177,2919,1430,1489,1915,982,933,2799,1371,1428,2741,1344,1397,1004,448,556,523,237,286,98,35,63,7,0,7,80,25,55,1624,1622,643,475,244,163,75,16,6,958,843,115,97,681,46,183,219
54402225,0,,,331,156,175,23,8,15,308,148,160,164,88,76,301,144,157,297,142,155,144,60,84,68,23,45,22,6,16,1,1,0,3,1,2,123,122,38,36,22,18,7,1,0,83,69,14,6,69,4,17,21
54402226,0,,,284,135,149,22,10,12,258,123,135,155,81,74,255,123,132,249,119,130,103,42,61,55,16,39,26,7,19,5,1,4,6,2,4,104,103,20,44,20,11,4,3,1,81,65,16,4,55,0,8,13
54402227,0,,,152,78,74,7,3,4,145,75,70,88,49,39,143,74,69,141,72,69,57,26,31,30,11,19,10,4,6,0,0,0,0,0,0,52,52,6,19,10,10,4,3,0,46,27,19,1,41,0,2,10
54402228,0,,,327,160,167,28,13,15,296,146,150,176,92,84,288,141,147,282,136,146,120,54,66,66,30,36,14,7,7,0,0,0,9,5,4,135,135,43,39,27,13,7,5,1,91,71,20,7,80,7,19,21
54402229,0,,,598,328,270,72,31,41,521,294,227,361,207,154,509,287,222,500,281,219,160,87,73,76,40,36,19,10,9,0,0,0,42,35,7,241,241,82,62,35,33,21,6,2,157,124,33,22,107,17,24,31
54402230,0,,,301,158,143,21,16,5,279,141,138,182,97,85,265,134,131,260,131,129,97,44,53,41,15,26,9,1,8,1,0,1,1,1,0,114,114,24,32,31,19,5,2,1,90,76,14,5,63,0,15,13
54402231,0,,,3445,1724,1721,329,183,146,3010,1478,1532,1964,1016,948,2910,1422,1488,2837,1384,1453,1046,462,584,612,245,367,181,60,121,11,3,8,28,18,10,1519,1519,579,408,247,163,87,27,8,928,766,162,93,740,44,226,172
54402232,0,,,3145,1588,1557,308,164,144,2732,1366,1366,1764,947,817,2655,1327,1328,2601,1299,1302,968,419,549,549,227,322,169,58,111,10,5,5,51,31,20,1431,1431,568,374,249,151,64,17,8,846,703,143,96,674,59,202,144
54402233,0,,,3140,1565,1575,348,170,178,2630,1312,1318,1841,977,864,2557,1278,1279,2504,1247,1257,789,335,454,448,188,260,112,38,74,11,0,11,57,23,34,1412,1408,582,359,251,140,58,16,2,809,722,87,114,498,89,151,136
54402234,0,,,1211,626,585,147,76,71,971,499,472,691,362,329,930,484,446,919,479,440,280,137,143,134,66,68,33,19,14,2,1,1,20,13,7,562,562,222,159,92,61,20,5,3,324,297,27,50,188,17,57,61
54402235,0,,,436,217,219,48,26,22,378,186,192,225,116,109,363,176,187,356,174,182,153,70,83,86,38,48,32,12,20,4,1,3,4,2,2,151,151,34,44,24,25,10,9,5,113,71,42,12,95,1,14,26
54402236,1,,54402246,181,96,85,22,13,9,165,86,79,96,55,41,160,84,76,156,82,74,69,31,38,32,11,21,15,2,13,1,0,1,0,0,0,54,54,6,17,8,14,7,3,2,51,31,20,6,40,1,2,12
54402237,0,,,204,98,106,18,10,8,186,88,98,113,53,60,181,87,94,178,86,92,73,35,38,36,15,21,15,5,10,1,0,1,4,1,3,70,70,7,26,19,8,7,1,2,60,42,18,6,45,0,4,12
54402238,0,,,100,53,47,10,3,7,90,50,40,60,35,25,87,49,38,87,49,38,30,15,15,14,7,7,2,2,0,0,0,0,4,4,0,33,33,7,9,6,4,2,4,1,26,16,10,3,17,3,1,4
54402239,0,,,521,272,249,118,64,54,403,208,195,283,164,119,394,202,192,389,199,190,120,44,76,89,27,62,52,13,39,8,2,6,10,6,4,167,166,54,31,23,37,18,2,1,111,97,14,37,33,5,5,4
54402240,0,,,1639,817,822,236,124,112,1378,679,699,969,500,469,1324,647,677,1274,619,655,409,179,230,172,70,102,38,11,27,2,0,2,41,33,8,660,655,205,191,124,82,41,9,3,440,389,51,66,271,39,73,69
54402241,0,,,2301,1126,1175,296,140,156,1935,948,987,1335,686,649,1868,911,957,1811,882,929,600,262,338,305,128,177,71,25,46,10,0,10,26,17,9,1001,1001,357,288,150,137,49,16,4,633,544,89,74,410,53,117,108
54402242,0,,,1744,876,868,208,117,91,1518,749,769,995,510,485,1476,730,746,1446,717,729,523,239,284,273,111,162,68,24,44,6,1,5,23,10,13,692,691,188,215,133,97,34,17,7,495,422,73,64,331,22,80,90
54402243,0,,,1475,722,753,152,72,80,1269,627,642,834,429,405,1225,601,624,1199,589,610,435,198,237,213,93,120,57,26,31,2,1,1,24,11,13,562,560,138,177,122,82,23,12,6,418,357,61,37,283,12,62,79
54402244,0,,,221,118,103,21,11,10,193,105,88,130,74,56,189,103,86,183,99,84,63,31,32,34,16,18,9,3,6,1,1,0,5,2,3,97,97,39,28,9,12,4,4,1,58,49,9,8,43,8,11,10
54402245,0,,,169,80,89,13,4,9,156,76,80,105,52,53,148,72,76,147,72,75,51,24,27,20,10,10,8,4,4,0,0,0,6,1,5,73,73,18,29,15,8,2,1,0,55,46,9,4,35,0,8,9
54402246,2,54402236,,6,3,3,*,*,*,*,*,*,*,*,*,*,*,*,*,*,*,*,*,*,*,*,*,*,*,*,*,*,*,*,*,*,3,3,*,*,*,*,*,*,*,*,*,*,*,*,*,*,*
54402247,0,,,71,42,29,11,9,2,59,32,27,42,22,20,58,32,26,57,31,26,17,10,7,11,5,6,5,2,3,0,0,0,0,0,0,26,26,6,8,5,4,2,0,1,20,16,4,2,12,0,1,3
54402248,0,,,34,12,22,3,0,3,31,12,19,16,5,11,31,12,19,31,12,19,15,7,8,8,4,4,1,1,0,1,1,0,0,0,0,11,11,1,5,2,1,0,1,1,10,7,3,1,9,0,1,3
54402249,0,,,198,101,97,26,12,14,169,87,82,115,65,50,165,83,82,165,83,82,54,22,32,18,4,14,9,1,8,2,0,2,17,11,6,65,65,19,10,14,8,7,3,4,42,26,16,5,39,9,6,4
54402250,0,,,569,276,293,49,25,24,519,250,269,305,152,153,501,241,260,484,228,256,214,98,116,104,50,54,22,10,12,1,0,1,7,3,4,222,221,62,70,36,28,15,6,4,158,124,34,13,142,1,40,42
54402251,0,,,326,166,160,21,10,11,303,155,148,198,105,93,296,152,144,292,150,142,105,50,55,43,19,24,14,3,11,3,0,3,1,0,1,94,92,16,31,22,14,5,4,0,76,57,19,5,60,0,8,20
54402252,0,,,1121,547,574,130,72,58,961,459,502,695,337,358,929,443,486,899,432,467,266,122,144,139,58,81,33,10,23,1,0,1,37,17,20,478,478,162,137,80,66,19,12,2,310,275,35,36,184,27,44,60
54402253,0,,,573,273,300,52,24,28,520,248,272,268,134,134,500,238,262,493,235,258,252,114,138,147,68,79,59,25,34,4,2,2,2,0,2,174,173,29,57,40,27,12,8,0,142,110,32,15,101,1,16,28
54402254,0,,,436,217,219,44,29,15,392,188,204,232,114,118,384,185,199,378,181,197,160,74,86,70,31,39,23,7,16,1,1,0,0,0,0,158,158,22,54,42,25,11,3,1,136,106,30,9,100,0,12,30
54402255,0,,,607,311,296,70,38,32,537,273,264,342,177,165,512,259,253,503,255,248,195,96,99,85,36,49,26,11,15,3,1,2,7,3,4,222,222,36,72,59,32,18,3,2,184,155,29,16,128,0,26,40
54402256,0,,,162,66,96,11,6,5,151,60,91,73,33,40,146,56,90,144,54,90,78,27,51,54,12,42,28,2,26,5,0,5,2,1,1,48,47,12,15,8,6,6,0,0,35,26,9,1,27,1,6,8
54402257,0,,,212,106,106,21,11,10,191,95,96,118,58,60,183,90,93,179,88,91,73,37,36,30,13,17,12,5,7,0,0,0,0,0,0,73,73,13,22,15,12,6,3,2,60,45,15,4,50,0,13,13
54402258,0,,,138,86,52,14,8,6,124,78,46,83,54,29,122,76,46,120,75,45,41,24,17,16,7,9,6,3,3,1,1,0,29,29,0,71,71,37,17,9,3,3,1,1,34,28,6,2,28,27,6,10
54402259,0,,,29,12,17,3,2,1,26,10,16,20,8,12,25,10,15,24,10,14,6,2,4,3,1,2,2,1,1,0,0,0,0,0,0,9,9,0,5,1,1,1,0,1,9,6,3,1,4,0,0,1
54402260,0,,,88,30,58,2,0,2,86,30,56,25,14,11,85,30,55,85,30,55,61,16,45,52,10,42,38,3,35,9,0,9,0,0,0,17,16,4,4,5,3,0,0,0,12,8,4,0,9,0,0,2
54402261,0,,,444,195,249,71,38,33,365,154,211,255,114,141,345,144,201,334,138,196,110,40,70,57,21,36,13,4,9,0,0,0,19,7,12,193,193,44,89,30,22,5,2,1,147,134,13,18,81,0,21,24
54402262,0,,,354,172,182,56,25,31,295,144,151,192,93,99,285,140,145,276,134,142,103,51,52,57,25,32,13,5,8,1,0,1,9,5,4,127,127,25,42,24,18,11,4,3,100,78,22,5,67,2,12,21
54402263,0,,,376,184,192,33,15,18,332,165,167,228,119,109,324,162,162,315,159,156,104,46,58,33,13,20,11,2,9,0,0,0,8,6,2,150,150,40,50,31,14,6,6,3,103,87,16,11,66,4,11,17
54402264,0,,,875,428,447,113,57,56,760,371,389,546,277,269,723,350,373,704,341,363,214,94,120,107,49,58,19,4,15,1,0,1,6,2,4,342,342,67,124,74,54,17,5,1,272,252,20,24,146,0,33,55
54402265,0,,,508,234,274,49,25,24,459,209,250,238,120,118,450,206,244,442,203,239,221,89,132,130,45,85,66,19,47,13,3,10,3,1,2,163,162,32,61,25,20,16,3,5,129,102,27,14,104,1,20,30
54402266,0,,,52,25,27,3,2,1,49,23,26,27,13,14,48,23,25,48,23,25,22,10,12,9,4,5,2,1,1,0,0,0,1,1,0,23,23,3,13,5,2,0,0,0,20,18,2,1,16,0,2,9
54402267,0,,,127,66,61,17,10,7,110,56,54,71,38,33,107,55,52,106,55,51,39,18,21,16,5,11,5,1,4,0,0,0,2,0,2,42,42,7,12,8,8,6,0,1,35,26,9,6,26,0,2,9
54402268,0,,,202,94,108,20,8,12,182,86,96,109,55,54,176,86,90,176,86,90,73,31,42,41,16,25,20,7,13,0,0,0,1,0,1,71,71,16,16,14,17,4,4,0,55,36,19,3,50,0,9,9
54402269,0,,,98,53,45,15,8,7,82,45,37,55,31,24,74,40,34,72,39,33,27,14,13,9,6,3,2,2,0,0,0,0,0,0,0,33,33,6,8,7,8,3,0,1,27,23,4,3,17,0,2,6
54402270,0,,,184,80,104,11,3,8,171,75,96,85,43,42,168,73,95,164,73,91,86,32,54,50,15,35,21,4,17,4,0,4,0,0,0,63,62,11,18,17,13,2,1,0,51,40,11,2,44,0,5,11
54402271,0,,,212,92,120,17,10,7,192,81,111,78,36,42,187,78,109,186,78,108,114,45,69,73,21,52,35,5,30,4,2,2,9,9,0,63,62,17,20,8,10,6,1,0,44,32,12,4,36,9,4,15
54402272,0,,,890,437,453,106,50,56,770,380,390,466,239,227,747,367,380,737,363,374,304,141,163,134,57,77,27,10,17,0,0,0,16,6,10,372,372,105,131,65,41,22,5,3,261,224,37,25,210,5,53,64
54402273,0,,,152,78,74,20,14,6,129,63,66,106,54,52,122,59,63,120,58,62,23,9,14,13,5,8,4,2,2,0,0,0,2,1,1,54,54,10,12,14,14,4,0,0,43,38,5,6,17,0,3,5
54402274,0,,,282,143,139,36,17,19,238,123,115,157,81,76,227,118,109,224,116,108,81,42,39,34,18,16,11,5,6,0,0,0,9,5,4,99,99,18,30,21,15,11,2,2,77,60,17,4,57,0,10,15
54402275,0,,,516,244,272,56,33,23,454,208,246,259,131,128,443,203,240,431,196,235,195,77,118,126,43,83,68,18,50,15,3,12,3,1,2,170,169,34,57,38,30,6,1,3,135,123,12,13,76,0,13,27
54402276,0,,,182,83,99,29,13,16,151,69,82,110,50,60,142,67,75,136,66,70,41,19,22,17,8,9,4,2,2,0,0,0,2,1,1,69,69,19,18,13,12,4,1,2,49,41,8,8,29,1,9,5
54402277,0,,,251,134,117,27,17,10,224,117,107,169,86,83,217,113,104,214,112,102,55,31,24,22,10,12,9,3,6,1,1,0,20,10,10,91,91,23,26,17,14,3,4,4,65,48,17,8,37,5,3,7
54402278,0,,,189,92,97,26,8,18,161,82,79,106,57,49,153,80,73,150,78,72,55,25,30,27,10,17,5,1,4,0,0,0,14,13,1,86,86,33,25,14,8,5,0,1,53,46,7,6,36,9,8,11
54402279,0,,,97,44,53,5,2,3,92,42,50,55,28,27,92,42,50,91,42,49,37,14,23,24,7,17,6,3,3,1,0,1,0,0,0,39,39,11,8,13,4,3,0,0,28,22,6,2,27,1,9,4
54402280,0,,,181,91,90,9,5,4,172,86,86,109,59,50,170,85,85,167,82,85,63,27,36,33,12,21,13,5,8,1,0,1,0,0,0,70,70,23,17,12,8,6,3,1,47,33,14,0,43,1,11,7
54402281,0,,,316,147,169,10,4,6,304,141,163,138,79,59,300,140,160,296,139,157,166,62,104,99,25,74,60,12,48,11,3,8,1,0,1,66,64,13,18,11,15,5,1,1,51,33,18,2,41,0,6,7
54402282,0,,,475,247,228,70,46,24,396,197,199,293,152,141,380,187,193,369,180,189,103,45,58,55,22,33,18,3,15,1,0,1,2,1,1,168,168,31,47,37,31,17,5,0,135,111,24,16,67,3,10,19
54402283,0,,,568,277,291,66,30,36,498,246,252,359,183,176,483,240,243,469,231,238,139,63,76,70,30,40,16,6,10,0,0,0,8,4,4,219,219,46,73,47,34,15,4,0,168,141,27,25,93,7,13,27
54402284,0,,,211,103,108,20,12,8,190,91,99,115,56,59,188,90,98,183,88,95,75,35,40,38,16,22,14,7,7,1,1,0,0,0,0,71,71,11,22,16,10,8,2,2,60,40,20,6,48,0,7,12
54402285,0,,,228,115,113,35,19,16,191,95,96,145,75,70,179,88,91,172,84,88,46,20,26,19,8,11,3,1,2,0,0,0,3,0,3,84,84,16,30,13,16,7,0,2,66,57,9,10,31,1,7,7
54402286,0,,,245,129,116,29,16,13,216,113,103,142,79,63,214,112,102,208,108,100,74,34,40,39,16,23,16,4,12,2,0,2,10,7,3,86,86,14,28,19,14,7,2,2,68,51,17,8,48,0,7,11
54402287,0,,,380,193,187,51,23,28,329,170,159,231,123,108,313,164,149,309,161,148,98,47,51,39,19,20,11,5,6,0,0,0,19,14,5,148,148,36,45,32,24,6,3,2,107,87,20,15,60,14,9,19
54402288,0,,,918,450,468,83,46,37,826,399,427,553,272,281,797,384,413,777,375,402,273,127,146,140,59,81,47,18,29,1,0,1,56,31,25,391,391,144,92,74,52,21,3,5,244,196,48,24,189,42,49,40
54402289,0,,,118,68,50,10,4,6,106,63,43,65,43,22,106,63,43,103,61,42,41,20,21,21,10,11,9,4,5,1,1,0,7,6,1,52,52,19,16,7,6,2,2,0,31,24,7,1,28,7,5,7
54402290,0,,,253,131,122,26,11,15,220,116,104,148,83,65,214,114,100,206,110,96,72,33,39,28,12,16,10,3,7,0,0,0,9,6,3,102,102,29,31,17,17,6,1,1,71,59,12,8,45,3,9,15
54402291,0,,,230,121,109,15,8,7,209,109,100,114,63,51,203,106,97,200,104,96,95,46,49,50,24,26,12,6,6,2,1,1,6,4,2,99,99,32,29,22,8,7,0,1,66,52,14,4,64,2,17,18
54402292,0,,,1198,618,580,134,69,65,1039,534,505,703,386,317,1014,520,494,998,511,487,336,148,188,181,77,104,58,18,40,5,3,2,45,34,11,546,546,219,142,90,63,22,8,2,320,261,59,46,230,39,65,58
54402293,0,,,2912,1435,1477,499,260,239,2387,1160,1227,1823,902,921,2298,1113,1185,2234,1085,1149,564,258,306,260,130,130,52,18,34,0,0,0,55,28,27,1189,1188,335,351,234,187,66,13,2,832,768,64,143,371,61,83,128
54402294,0,,,1047,516,531,162,89,73,873,420,453,630,311,319,835,397,438,815,392,423,243,109,134,95,42,53,28,10,18,1,0,1,14,8,6,371,371,62,113,84,66,38,5,3,298,260,38,40,151,8,20,52
54402295,0,,,235,120,115,30,17,13,205,103,102,136,71,65,201,101,100,200,100,100,69,32,37,30,10,20,9,0,9,0,0,0,4,3,1,74,73,6,23,18,13,6,3,4,66,50,16,8,44,0,3,8
54402296,0,,,126,66,60,14,8,6,110,57,53,68,39,29,108,56,52,106,54,52,42,18,24,17,8,9,6,2,4,0,0,0,2,2,0,53,53,17,15,8,10,3,0,0,34,26,8,4,28,4,5,3
54402297,0,,,207,103,104,32,18,14,174,85,89,130,66,64,166,81,85,164,79,85,44,19,25,23,8,15,10,3,7,1,0,1,9,7,2,81,81,21,20,22,13,3,1,1,59,51,8,8,30,8,6,6
54402298,0,,,263,134,129,23,9,14,240,125,115,121,62,59,231,121,110,225,117,108,119,63,56,44,20,24,11,6,5,0,0,0,4,3,1,100,100,18,39,23,11,3,4,2,82,66,16,7,74,3,13,28
54402299,0,,,391,206,185,45,25,20,346,181,165,218,118,100,336,175,161,322,168,154,128,63,65,55,24,31,13,4,9,1,0,1,11,5,6,153,153,43,48,25,22,8,3,4,107,88,19,11,83,8,18,31
54402300,0,,,561,289,272,63,31,32,495,257,238,339,180,159,473,244,229,462,237,225,156,77,79,49,22,27,7,1,6,1,0,1,19,5,14,209,209,43,63,52,30,15,3,3,165,140,25,13,109,0,23,29
54402301,0,,,212,109,103,34,19,15,178,90,88,119,61,58,166,83,83,160,82,78,59,29,30,25,9,16,12,5,7,0,0,0,6,5,1,81,81,27,23,8,9,8,3,3,54,40,14,11,39,2,14,11
54402302,0,,,175,155,20,2,1,1,173,154,19,162,150,12,172,154,18,170,152,18,11,4,7,5,2,3,1,0,1,0,0,0,1,0,1,23,12,1,4,4,2,1,0,0,11,10,1,0,7,0,1,2
54402303,2,54402304,,7,2,5,*,*,*,*,*,*,*,*,*,*,*,*,*,*,*,*,*,*,*,*,*,*,*,*,*,*,*,*,*,*,4,4,*,*,*,*,*,*,*,*,*,*,*,*,*,*,*
54402304,1,,54402303,129,41,88,8,4,4,126,38,88,39,17,22,125,37,88,123,36,87,87,21,66,63,10,53,49,7,42,13,0,13,2,0,2,26,24,8,10,3,1,3,3,0,19,13,6,1,17,0,3,7
54402305,0,,,138,70,68,15,8,7,123,62,61,81,40,41,117,59,58,113,58,55,42,22,20,18,9,9,5,4,1,0,0,0,3,0,3,35,35,2,11,3,10,2,1,6,32,18,14,3,24,0,2,4
54402306,0,,,97,47,50,7,2,5,90,45,45,61,31,30,88,43,45,86,42,44,29,14,15,17,8,9,9,5,4,1,0,1,1,0,1,29,29,1,8,9,5,4,1,1,28,19,9,2,17,0,0,4
54402307,0,,,191,98,93,17,7,10,174,91,83,106,58,48,167,87,80,164,85,79,68,33,35,36,14,22,18,6,12,0,0,0,8,2,6,70,70,25,11,9,14,8,1,2,45,24,21,5,45,6,9,4
54402308,0,,,113,57,56,18,6,12,94,51,43,69,38,31,89,48,41,89,48,41,25,13,12,8,3,5,4,2,2,0,0,0,0,0,0,41,41,11,12,7,4,3,2,2,29,24,5,5,16,2,2,4
54402309,0,,,101,57,44,13,9,4,88,48,40,65,36,29,86,47,39,84,46,38,23,12,11,6,4,2,2,1,1,0,0,0,6,6,0,34,34,10,5,6,8,2,2,1,24,17,7,1,14,6,0,2
54402310,0,,,29,16,13,1,1,0,28,15,13,15,7,8,28,15,13,27,15,12,13,8,5,4,2,2,0,0,0,0,0,0,0,0,0,12,12,2,6,1,3,0,0,0,10,9,1,1,8,0,1,4
54402311,0,,,89,48,41,8,6,2,81,42,39,56,31,25,80,42,38,79,41,38,25,11,14,16,7,9,3,2,1,0,0,0,5,5,0,31,31,11,3,4,7,4,2,0,20,9,11,3,18,5,4,0
54402312,0,,,185,96,89,27,13,14,158,83,75,101,59,42,153,80,73,150,78,72,57,24,33,23,7,16,8,1,7,2,1,1,6,6,0,57,57,12,9,13,10,6,5,2,45,22,23,4,39,6,4,7
54402313,0,,,377,320,57,0,0,0,377,320,57,377,320,57,377,320,57,350,296,54,0,0,0,0,0,0,0,0,0,0,0,0,0,0,0,30,0,0,0,0,0,0,0,0,0,0,0,0,0,0,0,0
54402314,0,,,147,67,80,14,6,8,132,60,72,78,41,37,127,57,70,124,56,68,54,19,35,34,10,24,23,6,17,5,2,3,14,11,3,47,46,19,7,3,9,2,4,2,26,15,11,3,24,11,4,5
54402315,0,,,119,62,57,12,7,5,107,55,52,71,40,31,105,54,51,102,53,49,36,15,21,24,8,16,13,5,8,1,1,0,0,0,0,37,37,2,12,8,9,4,1,1,35,25,10,3,22,0,1,0
54402316,0,,,253,127,126,22,10,12,231,117,114,128,66,62,227,116,111,222,112,110,103,51,52,44,18,26,17,7,10,1,0,1,4,2,2,90,90,17,28,18,14,8,5,0,73,46,27,5,63,1,8,13
54402317,0,,,201,102,99,20,8,12,181,94,87,117,63,54,172,88,84,167,87,80,64,31,33,30,12,18,15,4,11,4,0,4,1,0,1,62,62,6,20,10,14,4,7,1,56,34,22,3,44,1,4,10
54402318,0,,,84,44,40,8,4,4,76,40,36,48,27,21,70,37,33,67,35,32,28,13,15,10,5,5,3,2,1,0,0,0,2,2,0,26,26,6,5,2,8,1,3,1,20,13,7,1,17,1,3,3
54402319,0,,,164,92,72,14,10,4,150,82,68,86,52,34,143,78,65,140,77,63,64,30,34,31,12,19,14,4,10,1,0,1,13,13,0,62,62,20,15,12,4,6,4,1,42,26,16,4,39,9,6,6
54402320,0,,,199,101,98,24,12,12,175,89,86,102,53,49,165,84,81,160,82,78,73,36,37,34,18,16,8,2,6,0,0,0,0,0,0,74,74,14,23,18,12,5,2,0,60,50,10,4,43,2,5,17
54402321,0,,,357,165,192,46,17,29,310,147,163,222,112,110,306,145,161,299,144,155,88,35,53,36,11,25,14,4,10,2,0,2,9,9,0,140,140,41,37,29,20,5,6,2,97,77,20,19,59,7,16,9
54402322,0,,,327,165,162,33,15,18,289,148,141,209,112,97,282,145,137,274,142,132,80,36,44,36,14,22,19,8,11,0,0,0,5,5,0,139,139,51,37,19,19,11,1,1,87,65,22,14,62,8,21,7
54402324,0,,,16,10,6,0,0,0,16,10,6,11,7,4,16,10,6,16,10,6,5,3,2,1,1,0,0,0,0,0,0,0,0,0,0,4,4,0,1,1,0,1,1,0,4,3,1,0,3,0,0,0
54402325,0,,,142,79,63,21,14,7,117,62,55,73,41,32,109,57,52,104,55,49,44,21,23,21,9,12,11,3,8,2,0,2,1,0,1,51,51,12,14,8,9,6,2,0,37,31,6,6,31,1,8,4
54402326,0,,,126,66,60,14,7,7,112,59,53,65,33,32,109,58,51,107,58,49,47,26,21,26,14,12,5,2,3,1,1,0,1,1,0,47,47,13,13,8,8,1,2,2,34,26,8,3,32,0,11,8
54402327,0,,,288,144,144,32,19,13,255,125,130,160,82,78,250,124,126,250,124,126,95,43,52,41,13,28,20,5,15,1,0,1,7,4,3,100,100,22,23,26,12,11,4,2,76,48,28,6,64,6,9,9
54402328,0,,,114,63,51,12,6,6,101,56,45,69,41,28,93,49,44,90,47,43,32,15,17,9,3,6,5,0,5,0,0,0,7,7,0,39,39,10,6,8,11,2,1,1,29,20,9,3,17,4,2,3
54402329,0,,,218,105,113,19,9,10,192,91,101,128,63,65,186,89,97,181,86,95,64,28,36,23,9,14,7,2,5,0,0,0,26,10,16,90,90,37,19,13,9,5,6,1,52,37,15,7,41,22,7,9
54402330,0,,,649,356,293,62,29,33,581,324,257,350,199,151,564,315,249,554,309,245,231,125,106,120,66,54,30,15,15,4,1,3,13,10,3,240,239,75,72,30,43,14,3,2,163,128,35,11,117,10,31,26
54402331,0,,,292,150,142,53,27,26,238,122,116,191,102,89,223,116,107,214,110,104,47,20,27,21,7,14,5,2,3,1,0,1,9,4,5,113,113,34,26,25,14,10,3,1,78,68,10,11,35,0,11,6
54402332,1,,54402333,138,67,71,14,7,7,131,66,65,94,47,47,125,65,60,120,61,59,37,19,18,14,7,7,7,4,3,1,1,0,7,6,1,56,56,18,18,10,6,5,2,0,40,34,6,2,28,4,8,6
54402333,2,54402332,,7,6,1,*,*,*,*,*,*,*,*,*,*,*,*,*,*,*,*,*,*,*,*,*,*,*,*,*,*,*,*,*,*,3,3,*,*,*,*,*,*,*,*,*,*,*,*,*,*,*
54402334,0,,,79,39,40,7,3,4,72,36,36,46,23,23,69,34,35,67,34,33,26,13,13,9,5,4,2,1,1,0,0,0,1,0,1,27,27,2,7,11,5,2,0,0,25,19,6,0,16,0,2,4
54402335,0,,,302,153,149,33,15,18,269,138,131,172,93,79,267,137,130,264,135,129,97,45,52,51,20,31,25,8,17,3,1,2,5,4,1,116,116,30,31,24,23,4,2,2,86,63,23,7,71,1,14,18
54402336,0,,,128,66,62,21,8,13,106,57,49,61,37,24,104,55,49,102,53,49,45,20,25,22,10,12,5,1,4,1,0,1,0,0,0,40,40,6,14,9,4,0,3,4,34,22,12,3,29,0,5,5
54402337,0,,,204,108,96,23,13,10,181,95,86,109,55,54,179,94,85,178,94,84,72,40,32,30,14,16,16,7,9,1,1,0,1,1,0,66,66,7,18,23,8,5,1,4,59,42,17,7,47,0,5,12
54402338,0,,,211,89,122,13,6,7,198,83,115,87,42,45,196,82,114,194,81,113,111,41,70,79,24,55,52,12,40,9,1,8,8,1,7,63,62,19,16,11,10,5,0,1,42,33,9,5,37,4,7,11
54402339,0,,,174,85,89,11,8,3,160,74,86,96,43,53,149,70,79,145,69,76,64,31,33,33,14,19,16,3,13,3,1,2,12,8,4,57,57,15,14,9,5,6,4,4,42,22,20,0,36,2,2,9
54402340,0,,,262,131,131,30,13,17,223,115,108,166,89,77,211,108,103,207,106,101,57,26,31,30,14,16,8,3,5,1,0,1,14,10,4,105,105,34,28,16,14,11,1,1,68,60,8,9,39,8,9,9
54402341,0,,,403,195,208,46,16,30,355,177,178,234,121,113,339,168,171,332,165,167,121,56,65,76,32,44,35,11,24,8,2,6,3,0,3,137,136,33,36,30,17,12,4,4,103,75,28,18,63,3,13,13
54402342,0,,,231,129,102,34,20,14,181,98,83,134,72,62,178,96,82,172,92,80,47,26,21,19,11,8,4,1,3,0,0,0,10,7,3,83,83,22,18,18,14,6,3,2,57,47,10,12,33,2,8,4
54402343,0,,,202,108,94,9,3,6,162,85,77,106,57,49,156,81,75,152,77,75,56,28,28,30,13,17,5,4,1,1,0,1,9,6,3,77,77,18,25,15,8,9,2,0,50,40,10,3,37,0,8,11
54402344,0,,,264,134,130,19,9,10,235,117,118,136,72,64,227,115,112,223,113,110,99,45,54,55,21,34,17,8,9,0,0,0,5,3,2,105,105,32,32,20,9,5,4,3,69,47,22,5,65,0,17,14
54402345,0,,,287,146,141,32,18,14,255,128,127,148,84,64,244,123,121,241,123,118,107,44,63,51,17,34,16,3,13,2,1,1,18,14,4,107,105,27,30,17,14,11,6,0,78,49,29,7,75,4,11,15
54402346,0,,,68,32,36,11,4,7,57,28,29,37,20,17,55,26,29,54,25,29,20,8,12,8,2,6,3,0,3,0,0,0,0,0,0,25,25,3,10,6,4,1,1,0,22,19,3,3,13,0,3,4
54402347,0,,,227,114,113,24,8,16,202,105,97,149,80,69,197,103,94,194,101,93,53,25,28,25,11,14,9,3,6,1,0,1,5,5,0,80,80,19,20,12,20,4,4,1,61,49,12,6,36,3,4,9
54402348,0,,,241,121,120,39,20,19,198,99,99,141,71,70,193,94,99,189,93,96,57,28,29,20,8,12,5,1,4,0,0,0,15,13,2,93,93,25,26,20,12,6,2,2,65,49,16,9,41,9,5,9
54402349,0,,,97,57,40,5,1,4,91,56,35,59,41,18,88,53,35,88,53,35,32,15,17,13,4,9,4,1,3,0,0,0,19,19,0,52,52,28,11,7,4,2,0,0,24,17,7,3,23,12,4,4
54402350,0,,,152,82,70,11,7,4,141,75,66,104,57,47,132,69,63,127,66,61,37,18,19,15,6,9,10,3,7,0,0,0,0,0,0,48,48,5,13,9,12,8,1,0,43,31,12,2,25,0,4,4
54402351,0,,,159,81,78,14,9,5,145,72,73,89,42,47,144,72,72,142,71,71,56,30,26,33,19,14,10,5,5,0,0,0,1,0,1,56,56,9,20,10,9,4,4,0,47,35,12,4,34,0,5,11
54402352,0,,,228,125,103,19,9,10,204,113,91,137,76,61,198,111,87,196,110,86,67,37,30,23,14,9,10,6,4,0,0,0,26,15,11,86,86,31,15,16,9,11,2,2,53,36,17,4,42,5,8,8
54402353,0,,,405,222,183,40,24,16,365,198,167,244,138,106,355,193,162,350,191,159,121,60,61,55,24,31,20,8,12,0,0,0,16,15,1,167,167,58,45,32,14,7,8,3,109,84,25,11,82,11,16,18
54402354,0,,,115,56,59,20,7,13,95,49,46,69,38,31,93,47,46,87,43,44,26,11,15,10,3,7,4,0,4,1,0,1,7,4,3,32,32,5,3,8,7,4,4,1,27,18,9,7,14,3,1,2
54402355,0,,,199,96,103,31,16,15,168,80,88,106,51,55,164,78,86,162,77,85,62,29,33,25,10,15,13,6,7,3,2,1,7,0,7,72,72,19,17,17,7,5,7,0,52,39,13,10,43,7,9,7
54402356,0,,,83,43,40,5,3,2,78,40,38,58,31,27,77,39,38,77,39,38,20,9,11,7,3,4,0,0,0,0,0,0,10,6,4,39,39,17,9,7,5,0,0,1,22,17,5,2,15,5,6,3
54402357,0,,,359,172,187,39,13,26,319,158,161,235,123,112,310,153,157,303,149,154,84,35,49,39,15,24,7,3,4,1,0,1,21,13,8,143,143,45,32,34,22,3,4,3,97,75,22,11,56,23,8,10
54402358,0,,,349,165,184,48,28,20,295,134,161,217,101,116,289,131,158,281,124,157,78,33,45,47,16,31,20,6,14,2,0,2,55,16,39,149,148,72,26,18,15,12,3,2,75,58,17,14,43,32,5,8
54402359,0,,,199,90,109,14,5,9,185,85,100,107,49,58,182,83,99,179,82,97,78,36,42,39,19,20,9,4,5,0,0,0,13,0,13,74,74,19,23,13,7,7,3,2,54,34,20,4,52,3,6,12
54402360,0,,,80,39,41,5,2,3,70,32,38,49,22,27,66,31,35,64,30,34,21,10,11,7,3,4,3,2,1,0,0,0,2,2,0,33,33,14,6,5,3,4,0,1,19,13,6,0,13,2,4,2
54402361,0,,,311,161,150,39,19,20,271,142,129,181,99,82,264,137,127,257,135,122,90,43,47,40,14,26,17,7,10,1,0,1,0,0,0,108,108,18,36,19,20,9,3,3,89,73,16,9,58,0,13,19
54402362,0,,,326,169,157,44,29,15,282,140,142,187,96,91,275,136,139,269,133,136,95,44,51,46,21,25,17,8,9,3,1,2,2,0,2,111,111,19,33,18,27,9,4,1,91,71,20,13,65,1,14,11
54402363,0,,,205,102,103,5,2,3,200,100,100,126,64,62,193,96,97,189,93,96,74,36,38,36,16,20,7,2,5,0,0,0,24,10,14,86,86,35,15,15,12,7,2,0,50,35,15,1,47,7,10,10
54402364,0,,,32,16,16,5,2,3,27,14,13,16,9,7,27,14,13,27,14,13,11,5,6,3,1,2,1,0,1,0,0,0,2,1,1,11,11,4,1,2,1,2,1,0,7,4,3,1,6,2,1,0
54402365,0,,,135,68,67,11,2,9,124,66,58,73,42,31,124,66,58,121,65,56,51,24,27,17,8,9,6,2,4,0,0,0,7,3,4,60,60,24,16,8,7,3,2,0,36,28,8,3,33,5,10,8
54402366,0,,,165,81,84,10,3,7,150,75,75,99,51,48,145,73,72,143,73,70,51,24,27,19,8,11,4,1,3,2,0,2,19,8,11,70,70,24,19,14,9,1,1,2,44,33,11,1,33,13,3,8
54402367,0,,,275,131,144,27,13,14,247,118,129,178,86,92,236,116,120,232,113,119,69,32,37,31,13,18,13,5,8,1,1,0,20,7,13,99,99,31,22,13,19,6,4,4,67,42,25,3,48,11,7,7
54402368,0,,,210,121,89,30,16,14,179,104,75,119,77,42,175,103,72,172,100,72,60,27,33,22,10,12,6,3,3,0,0,0,17,16,1,70,70,23,9,13,11,5,4,5,46,28,18,9,36,13,2,4
54402369,0,,,279,143,136,25,13,12,254,130,124,160,90,70,245,125,120,239,121,118,94,40,54,42,15,27,22,9,13,1,0,1,12,8,4,87,87,21,14,14,18,10,6,4,64,31,33,5,61,10,7,7
54402370,0,,,101,52,49,4,2,2,97,50,47,52,28,24,95,49,46,92,48,44,45,22,23,21,9,12,9,3,6,1,0,1,0,0,0,35,35,7,9,7,8,1,3,0,28,17,11,0,29,0,5,5
54402371,0,,,199,136,63,16,11,5,183,125,58,99,66,33,182,125,57,179,124,55,84,59,25,26,16,10,7,2,5,1,0,1,1,1,0,49,47,15,11,5,8,3,3,2,32,19,13,3,32,1,8,6
54402372,0,,,166,85,81,17,9,8,149,76,73,91,54,37,147,75,72,147,75,72,58,22,36,30,13,17,10,3,7,1,0,1,0,0,0,60,60,14,17,10,10,7,1,1,45,33,12,6,38,0,6,4
54402373,0,,,107,54,53,2,2,0,105,52,53,54,29,25,105,52,53,101,50,51,51,23,28,29,12,17,12,3,9,1,0,1,7,4,3,44,43,18,11,8,5,1,0,0,24,21,3,1,22,1,6,5
54402374,0,,,69,35,34,7,4,3,60,30,30,34,16,18,59,29,30,58,29,29,26,14,12,10,7,3,4,2,2,0,0,0,0,0,0,23,23,4,5,8,2,2,1,1,18,11,7,0,17,0,3,2
54402375,0,,,231,105,126,13,6,7,218,99,119,151,70,81,212,95,117,202,91,111,67,29,38,32,12,20,10,4,6,1,1,0,14,7,7,78,78,24,17,8,14,6,5,4,54,29,25,2,44,6,9,5
54402376,0,,,234,116,118,19,10,9,213,104,109,142,70,72,210,101,109,206,101,105,71,34,37,26,13,13,10,6,4,4,1,3,40,14,26,109,109,52,25,15,5,7,3,2,57,42,15,3,42,26,6,8
54402377,0,,,274,134,140,30,19,11,244,115,129,182,87,95,238,111,127,235,109,126,62,28,34,34,14,20,11,3,8,0,0,0,81,31,50,134,134,86,18,10,3,5,4,8,48,29,19,4,39,57,2,5
54402378,0,,,135,70,65,13,6,7,122,64,58,96,48,48,119,62,57,118,62,56,26,16,10,11,4,7,5,0,5,1,0,1,34,20,14,57,57,34,4,5,6,3,1,4,22,12,10,0,19,21,3,3
54402379,0,,,257,140,117,28,10,18,228,129,99,161,95,66,218,124,94,214,122,92,67,34,33,33,17,16,11,6,5,0,0,0,53,40,13,122,122,64,19,15,14,7,2,1,58,42,16,5,38,34,6,10
54402380,0,,,188,87,101,14,5,9,174,82,92,110,54,56,167,79,88,163,79,84,64,28,36,27,8,19,12,4,8,3,1,2,4,4,0,72,72,17,22,14,14,2,2,1,55,40,15,1,45,3,10,10
54402381,0,,,197,100,97,23,11,12,174,89,85,111,59,52,168,86,82,164,85,79,63,30,33,27,15,12,10,4,6,1,1,0,4,4,0,68,68,15,16,19,8,2,5,3,53,41,12,6,44,4,6,5
54402382,0,,,122,57,65,12,4,8,110,53,57,74,35,39,106,52,54,106,52,54,36,18,18,12,4,8,4,0,4,0,0,0,2,0,2,44,44,6,16,7,12,3,0,0,38,29,9,2,26,0,1,6
54402383,0,,,89,48,41,15,8,7,74,40,34,46,22,24,71,38,33,70,37,33,28,18,10,8,5,3,2,1,1,0,0,0,1,0,1,28,28,4,7,6,8,0,0,3,24,18,6,1,19,0,4,5
54402384,0,,,118,57,61,16,10,6,102,47,55,61,25,36,98,45,53,97,44,53,41,22,19,23,9,14,9,3,6,0,0,0,3,0,3,42,42,7,14,9,6,4,2,0,35,26,9,4,28,0,4,7
54402385,0,,,196,99,97,9,6,3,187,93,94,117,62,55,183,92,91,181,90,91,70,31,39,31,14,17,13,4,9,1,1,0,25,14,11,77,77,27,12,15,17,4,2,0,50,33,17,3,41,19,1,6
54402386,0,,,349,178,171,53,24,29,292,152,140,209,112,97,288,149,139,282,145,137,83,40,43,32,12,20,12,2,10,2,0,2,21,20,1,130,130,39,32,18,25,9,3,4,91,71,20,15,53,17,7,11
54402387,0,,,242,124,118,27,11,16,215,113,102,151,84,67,207,110,97,205,110,95,64,29,35,31,14,17,10,3,7,1,0,1,35,22,13,83,83,31,15,11,8,5,9,4,49,30,19,11,42,10,7,6
54402388,0,,,241,127,114,17,10,7,220,116,104,158,90,68,214,112,102,207,109,98,62,26,36,28,9,19,14,4,10,1,1,0,57,37,20,99,99,52,13,11,8,7,1,7,45,23,22,4,38,32,3,5
54402389,0,,,129,61,68,11,5,6,116,55,61,89,44,45,113,52,61,111,51,60,27,11,16,13,4,9,6,1,5,1,0,1,48,19,29,55,55,37,3,4,2,4,1,4,14,7,7,2,20,21,6,1
54402390,0,,,309,153,156,34,21,13,268,129,139,170,82,88,261,126,135,257,124,133,98,47,51,41,19,22,14,4,10,0,0,0,17,1,16,118,118,35,29,23,18,6,5,2,82,63,19,11,67,14,12,11
54402391,0,,,178,78,100,19,5,14,159,73,86,93,43,50,156,72,84,156,72,84,66,30,36,40,13,27,18,5,13,2,1,1,4,1,3,60,59,10,14,18,11,3,3,0,49,34,15,3,39,0,7,7
54402392,0,,,142,71,71,13,5,8,129,66,63,81,41,40,124,64,60,122,63,59,48,25,23,18,9,9,7,5,2,0,0,0,2,1,1,48,48,5,20,7,9,2,5,0,42,34,8,1,29,0,3,8
54402393,0,,,189,91,98,14,9,5,175,82,93,112,54,58,167,79,88,160,77,83,63,28,35,33,15,18,10,3,7,0,0,0,0,0,0,65,65,9,21,16,10,6,2,1,56,43,13,3,39,0,6,13
54402394,0,,,182,85,97,20,7,13,162,78,84,89,48,41,159,76,83,157,75,82,73,30,43,33,9,24,13,2,11,2,0,2,3,0,3,72,72,21,18,17,8,6,2,0,51,36,15,6,47,1,14,7
54402395,0,,,238,108,130,28,11,17,210,97,113,126,59,67,204,96,108,204,96,108,84,38,46,32,12,20,16,7,9,1,0,1,24,10,14,95,95,38,19,18,7,6,2,5,56,35,21,5,55,14,7,12
54402396,0,,,83,47,36,7,5,2,76,42,34,45,27,18,74,42,32,73,42,31,31,15,16,18,9,9,8,4,4,0,0,0,8,8,0,35,35,10,13,6,3,2,0,1,25,21,4,3,17,4,1,8
54402397,0,,,233,125,108,18,11,7,215,114,101,132,76,56,209,110,99,205,108,97,83,38,45,42,17,25,13,3,10,0,0,0,12,6,6,83,83,25,14,21,7,10,4,2,58,39,19,2,52,4,8,4
54402398,0,,,273,153,120,28,16,12,245,137,108,162,95,67,241,135,106,236,131,105,83,42,41,43,22,21,19,9,10,1,0,1,20,19,1,90,90,25,12,23,12,9,4,5,65,39,26,8,52,8,4,5
54402399,0,,,212,113,99,9,5,4,200,108,92,141,82,59,196,105,91,192,101,91,59,26,33,35,16,19,12,4,8,1,1,0,40,23,17,98,98,51,13,18,7,4,4,1,47,30,17,3,39,30,5,5
54402400,0,,,91,46,45,6,4,2,82,40,42,54,27,27,79,39,40,79,39,40,28,13,15,13,6,7,5,3,2,2,2,0,2,1,1,33,33,3,14,7,6,3,0,0,29,21,8,1,19,0,3,4
54402401,0,,,225,107,118,22,11,11,202,95,107,142,67,75,190,90,100,186,88,98,60,28,32,30,12,18,8,2,6,0,0,0,12,2,10,89,89,32,20,14,12,6,3,2,57,44,13,7,41,9,7,8
54402402,0,,,308,152,156,61,33,28,243,119,124,160,85,75,235,115,120,233,115,118,83,34,49,29,10,19,13,5,8,0,0,0,0,0,0,114,114,24,40,18,18,10,2,2,86,71,15,15,57,1,10,19
54402403,0,,,171,81,90,19,8,11,152,73,79,103,54,49,147,69,78,145,68,77,49,19,30,23,7,16,10,0,10,1,0,1,6,4,2,65,65,14,24,13,7,3,2,2,50,38,12,7,32,6,4,9
54402404,0,,,109,57,52,9,4,5,100,53,47,48,28,20,98,52,46,96,51,45,52,25,27,21,11,10,8,1,7,1,0,1,5,5,0,44,44,8,20,11,2,1,1,1,36,31,5,1,31,4,2,12
54402405,0,,,223,115,108,35,24,11,188,91,97,117,56,61,184,89,95,179,85,94,71,35,36,23,11,12,6,3,3,1,0,1,7,3,4,72,72,15,19,14,11,3,4,6,56,41,15,7,46,6,6,10
54402410,0,,,44,22,22,4,3,1,39,18,21,16,7,9,39,18,21,39,18,21,23,11,12,12,6,6,2,0,2,0,0,0,5,2,3,19,19,8,5,3,1,1,0,1,11,6,5,1,12,4,1,3
54402411,0,,,162,92,70,15,9,6,147,83,64,90,51,39,140,79,61,138,79,59,57,32,25,21,10,11,9,4,5,0,0,0,4,3,1,62,62,14,22,15,2,7,0,2,48,37,11,2,38,2,9,9
54402412,1,,54402422,167,66,101,10,6,4,171,68,103,67,35,32,167,66,101,163,64,99,104,33,71,77,19,58,55,12,43,12,3,9,16,9,7,48,47,24,8,8,6,1,1,2,25,18,7,3,25,7,9,2
54402413,0,,,428,205,223,45,22,23,376,179,197,183,97,86,368,173,195,363,170,193,193,82,111,121,43,78,64,14,50,10,2,8,2,1,1,144,143,42,53,18,16,11,2,1,99,85,14,9,72,3,18,26
54402414,0,,,207,110,97,31,20,11,166,84,82,119,62,57,162,83,79,157,79,78,47,22,25,15,5,10,5,1,4,0,0,0,10,1,9,78,78,24,16,16,14,3,3,2,54,41,13,8,32,2,5,4
54402415,0,,,380,188,192,24,14,10,354,172,182,231,113,118,347,168,179,346,168,178,123,59,64,55,25,30,20,8,12,1,0,1,46,24,22,153,153,59,34,22,21,6,7,4,94,60,34,9,78,27,8,11
54402420,0,,,315,165,150,36,22,14,279,143,136,173,91,82,272,140,132,269,137,132,106,52,54,50,20,30,17,4,13,1,0,1,7,4,3,103,103,22,24,21,13,10,12,1,81,50,31,5,68,6,9,13
54402421,0,,,267,135,132,35,15,20,226,119,107,150,81,69,221,117,104,218,115,103,76,38,38,38,14,24,12,3,9,0,0,0,8,7,1,99,99,24,26,21,18,5,4,1,71,51,20,10,56,7,10,10
54402422,2,54402412,,14,8,6,*,*,*,*,*,*,*,*,*,*,*,*,*,*,*,*,*,*,*,*,*,*,*,*,*,*,*,*,*,*,3,3,*,*,*,*,*,*,*,*,*,*,*,*,*,*,*
54402423,0,,,291,148,143,29,14,15,255,131,124,163,89,74,250,127,123,242,120,122,92,42,50,34,13,21,7,2,5,0,0,0,18,10,8,120,120,46,26,21,13,9,3,2,72,52,20,8,62,12,15,15
54402424,0,,,172,87,85,14,8,6,158,79,79,109,56,53,150,73,77,144,71,73,49,23,26,12,3,9,3,0,3,0,0,0,12,6,6,74,74,27,24,9,4,7,2,1,46,39,7,3,37,7,9,11
54402425,0,,,146,71,75,20,10,10,126,61,65,88,44,44,121,60,61,118,58,60,38,17,21,23,9,14,10,3,7,0,0,0,7,7,0,52,52,12,14,12,5,6,2,1,40,28,12,6,26,2,3,6
54402430,0,,,41,24,17,3,2,1,37,21,16,25,16,9,37,21,16,37,21,16,12,5,7,8,3,5,0,0,0,0,0,0,11,8,3,21,21,13,2,4,1,0,0,1,8,5,3,0,9,7,1,0
54402431,0,,,173,98,75,12,6,6,161,92,69,119,70,49,161,92,69,159,90,69,42,22,20,13,8,5,4,3,1,0,0,0,25,19,6,69,68,29,13,8,10,6,2,0,39,25,14,3,27,19,2,7
54402432,0,,,199,98,101,25,9,16,170,85,85,135,68,67,170,85,85,167,84,83,35,17,18,14,5,9,4,2,2,0,0,0,66,36,30,99,99,69,5,9,5,4,3,4,30,15,15,8,22,47,2,3
54402433,0,,,382,172,210,36,18,18,256,132,124,163,92,71,250,128,122,243,123,120,93,40,53,40,16,24,17,4,13,3,1,2,9,9,0,107,105,22,30,20,20,6,4,3,81,62,19,6,62,6,7,10
54402434,0,,,183,78,105,13,6,7,116,59,57,65,36,29,111,56,55,108,55,53,51,23,28,22,10,12,8,2,6,0,0,0,2,2,0,42,41,5,12,10,8,2,1,3,36,24,12,4,28,1,2,7
54402435,0,,,330,174,156,38,23,15,291,150,141,185,104,81,285,146,139,280,144,136,106,46,60,53,21,32,18,3,15,0,0,0,19,17,2,113,113,34,21,22,13,10,8,5,78,45,33,6,66,12,9,8
54402440,0,,,107,54,53,9,4,5,98,50,48,62,32,30,96,50,46,95,49,46,36,18,18,11,7,4,4,2,2,0,0,0,14,5,9,47,47,22,7,9,4,2,3,0,25,17,8,2,22,8,5,5
54402441,0,,,200,110,90,11,9,2,189,101,88,143,83,60,184,97,87,178,94,84,46,18,28,28,9,19,9,1,8,0,0,0,47,26,21,97,97,53,14,12,10,6,1,1,44,29,15,1,30,33,3,5
54402442,0,,,248,142,106,32,22,10,216,120,96,142,85,57,210,117,93,209,116,93,74,35,39,29,10,19,10,1,9,0,0,0,50,31,19,103,103,58,10,8,10,3,10,4,44,16,28,9,43,31,6,4
54402443,0,,,229,127,102,31,17,14,195,109,86,131,76,55,190,108,82,189,107,82,64,33,31,29,15,14,9,4,5,1,1,0,30,27,3,100,100,48,20,11,10,4,3,4,51,35,16,6,45,21,12,9
54402444,0,,,240,135,105,27,18,9,213,117,96,149,85,64,208,116,92,203,114,89,64,32,32,26,11,15,13,3,10,0,0,0,30,30,0,103,103,41,28,10,16,4,1,3,62,45,17,5,44,28,6,11
54402445,0,,,70,39,31,13,6,7,57,33,24,39,24,15,57,33,24,57,33,24,18,9,9,9,5,4,3,2,1,0,0,0,14,11,3,24,24,12,1,1,3,3,2,2,10,4,6,4,10,4,0,1
54402450,0,,,71,41,30,5,3,2,66,38,28,58,35,23,64,37,27,64,37,27,8,3,5,4,2,2,2,1,1,0,0,0,41,25,16,51,51,43,2,1,4,1,0,0,8,5,3,1,6,23,1,0
54402451,0,,,187,92,95,17,9,8,170,83,87,103,52,51,167,82,85,165,82,83,67,31,36,38,14,24,14,6,8,1,0,1,14,9,5,63,63,20,15,9,4,6,3,6,43,24,19,8,40,6,4,7
54402452,0,,,234,141,93,24,13,11,210,128,82,156,101,55,205,126,79,201,125,76,54,27,27,27,13,14,3,2,1,0,0,0,41,41,0,94,94,41,20,10,7,7,4,5,51,33,18,5,34,28,3,8
54402453,0,,,265,142,123,33,18,15,232,124,108,155,90,65,224,119,105,218,116,102,77,34,43,47,21,26,18,6,12,1,1,0,20,17,3,93,93,33,16,14,11,6,9,4,60,34,26,8,47,13,3,10
54402454,0,,,198,115,83,24,17,7,170,96,74,112,65,47,169,95,74,168,94,74,58,31,27,30,16,14,7,2,5,0,0,0,16,13,3,79,79,25,22,15,6,6,5,0,52,37,15,10,36,14,3,11
54402455,0,,,71,40,31,7,2,5,64,38,26,42,25,17,63,37,26,63,37,26,22,13,9,6,2,4,6,2,4,0,0,0,14,10,4,21,21,6,4,3,2,1,2,3,13,9,4,3,14,0,4,3
54402460,0,,,132,72,60,13,8,5,110,62,48,87,49,38,107,60,47,103,58,45,23,13,10,14,8,6,2,1,1,0,0,0,13,4,9,55,55,24,7,9,11,1,3,0,28,20,8,3,14,7,2,0
54402461,0,,,237,129,108,32,16,16,199,108,91,152,85,67,193,103,90,186,99,87,47,23,24,21,10,11,4,2,2,0,0,0,8,8,0,77,77,21,11,19,8,9,4,5,55,37,18,10,30,8,3,5
54402462,0,,,142,83,59,13,5,8,129,78,51,86,56,30,126,76,50,123,75,48,43,22,21,21,9,12,6,1,5,0,0,0,25,25,0,60,60,27,13,10,4,0,3,3,33,21,12,2,27,20,3,4
54402463,0,,,293,147,146,40,14,26,253,133,120,146,80,66,247,132,115,245,131,114,107,53,54,47,22,25,18,6,12,1,0,1,8,5,3,94,94,18,27,16,13,9,6,5,75,50,25,7,61,5,7,18
54402464,0,,,143,78,65,13,7,6,129,70,59,83,48,35,122,66,56,120,65,55,46,22,24,19,7,12,8,3,5,0,0,0,11,9,2,49,49,13,8,10,10,4,4,0,36,23,13,4,30,1,3,4
54402470,0,,,263,132,131,37,18,19,222,112,110,152,81,71,216,111,105,213,110,103,70,31,39,25,11,14,10,3,7,2,0,2,23,18,5,100,100,33,20,21,14,6,2,4,66,45,21,10,47,16,8,8
54402471,0,,,252,137,115,32,20,12,217,115,102,149,86,63,213,113,100,210,112,98,68,29,39,19,7,12,8,3,5,1,0,1,27,25,2,103,103,41,22,15,12,7,3,3,62,46,16,12,44,12,6,9
54402472,0,,,234,121,113,27,14,13,207,107,100,141,80,61,199,102,97,194,100,94,66,27,39,38,13,25,15,4,11,0,0,0,14,14,0,81,81,25,18,8,17,4,5,4,53,36,17,6,44,5,9,9
54402473,0,,,505,251,254,81,43,38,420,206,214,290,147,143,405,198,207,396,195,201,130,59,71,69,28,41,24,6,18,2,0,2,12,10,2,173,172,38,39,41,34,11,4,5,131,106,25,21,76,5,16,13
54402474,0,,,240,125,115,28,17,11,201,103,98,136,72,64,193,97,96,192,96,96,65,31,34,27,10,17,10,3,7,0,0,0,15,11,4,98,98,32,28,18,9,6,4,1,64,51,13,10,43,5,9,9
54402480,0,,,250,131,119,24,12,12,225,118,107,158,86,72,218,117,101,212,113,99,67,32,35,31,14,17,9,3,6,1,1,0,31,22,9,100,100,42,18,17,6,10,3,4,57,40,17,6,44,21,4,8
54402481,0,,,197,106,91,18,9,9,179,97,82,115,66,49,175,94,81,171,92,79,64,31,33,31,11,20,13,3,10,2,0,2,12,11,1,81,81,29,20,15,6,8,2,1,51,34,17,4,45,4,14,7
54402482,0,,,184,93,91,11,3,8,173,90,83,121,66,55,164,84,80,160,82,78,52,24,28,23,12,11,6,4,2,0,0,0,23,15,8,71,71,30,12,7,12,4,2,4,41,23,18,2,35,11,5,5
54402483,0,,,245,124,121,29,13,16,212,109,103,141,70,71,207,107,100,201,104,97,71,39,32,26,13,13,8,3,5,1,0,1,15,12,3,93,93,24,32,13,11,8,3,2,65,52,13,6,47,6,6,13
54402484,0,,,152,82,70,16,7,9,135,74,61,96,53,43,132,73,59,128,72,56,39,21,18,23,12,11,6,4,2,0,0,0,18,18,0,62,62,26,13,7,6,6,3,1,34,24,10,6,26,11,7,6
54402490,0,,,146,67,79,14,6,8,130,60,70,96,46,50,125,58,67,122,57,65,34,14,20,22,9,13,4,1,3,0,0,0,4,0,4,49,49,12,16,3,9,3,2,4,35,23,12,5,25,3,2,3
54402491,0,,,173,83,90,16,3,13,156,80,76,95,51,44,155,80,75,154,80,74,61,29,32,27,11,16,13,5,8,0,0,0,5,4,1,65,65,15,20,13,11,2,3,1,50,39,11,5,37,4,5,11
54402492,0,,,270,155,115,19,6,13,251,149,102,180,110,70,248,149,99,244,146,98,71,39,32,23,11,12,3,0,3,0,0,0,16,12,4,75,71,28,18,9,10,2,2,2,43,37,6,5,35,9,10,9
54402493,0,,,198,97,101,23,8,15,174,89,85,118,63,55,166,84,82,164,84,80,56,26,30,27,13,14,5,2,3,0,0,0,10,7,3,73,73,15,23,17,10,4,3,1,56,47,9,4,41,0,11,6
54402494,0,,,130,68,62,11,6,5,119,62,57,72,39,33,119,62,57,117,61,56,47,23,24,28,12,16,9,4,5,0,0,0,8,3,5,58,58,25,12,11,6,2,1,1,32,26,6,4,33,4,12,5
54403000,0,,,231,114,117,27,15,12,204,99,105,140,67,73,197,97,100,192,95,97,64,32,32,23,10,13,10,2,8,2,0,2,0,0,0,74,74,6,25,19,11,6,5,2,68,45,23,6,44,0,1,8
54403001,0,,,70,31,39,13,6,7,57,25,32,45,20,25,54,24,30,53,24,29,12,5,7,5,2,3,2,1,1,0,0,0,0,0,0,22,22,2,5,7,4,3,1,0,20,14,6,5,8,0,1,3
54403002,0,,,666,336,330,74,38,36,587,293,294,367,196,171,573,286,287,561,281,280,220,97,123,95,39,56,29,12,17,1,0,1,25,10,15,239,239,50,65,56,37,18,11,2,187,134,53,24,146,7,22,29
54403003,0,,,949,491,458,86,49,37,848,431,417,579,316,263,823,420,403,802,411,391,269,115,154,149,51,98,67,15,52,7,0,7,71,49,22,369,368,124,88,61,53,27,13,2,235,169,66,29,169,18,39,25
54403004,0,,,565,280,285,59,27,32,506,253,253,334,176,158,487,242,245,477,237,240,172,77,95,72,31,41,22,7,15,0,0,0,14,7,7,203,203,40,61,50,25,16,7,4,163,124,39,14,122,0,19,22
54403005,0,,,371,182,189,37,24,13,334,158,176,200,96,104,317,149,168,308,144,164,134,62,72,50,20,30,19,9,10,2,1,1,0,0,0,126,126,20,39,29,18,10,7,3,106,72,34,9,83,0,13,16
54403006,0,,,656,316,340,45,20,25,610,295,315,335,166,169,595,289,306,584,282,302,275,129,146,122,51,71,43,15,28,1,0,1,1,0,1,231,231,42,79,44,32,17,12,5,188,120,68,10,184,0,29,46
54403007,0,,,251,120,131,22,8,14,229,112,117,153,77,76,222,109,113,217,108,109,76,35,41,35,15,20,13,5,8,2,0,2,3,3,0,74,74,9,20,17,11,7,4,6,65,43,22,6,49,2,4,7
54403008,0,,,38,20,18,0,0,0,38,20,18,24,15,9,37,19,18,36,19,17,14,5,9,5,2,3,3,1,2,0,0,0,0,0,0,15,15,2,7,3,2,1,0,0,13,11,2,0,9,0,1,3
54403010,0,,,318,148,170,31,11,20,287,137,150,164,90,74,276,130,146,269,127,142,123,47,76,74,25,49,33,8,25,4,1,3,0,0,0,84,81,14,17,17,15,6,6,6,67,42,25,7,55,0,7,7
54403011,0,,,474,236,238,47,25,22,427,211,216,260,135,125,418,205,213,412,201,211,167,76,91,69,31,38,25,11,14,3,2,1,10,0,10,159,159,29,44,38,18,13,13,4,129,85,44,13,114,0,19,17
54403012,0,,,153,77,76,12,4,8,140,72,68,92,48,44,137,70,67,132,66,66,48,24,24,20,10,10,3,2,1,0,0,0,5,0,5,52,52,8,15,12,11,5,0,1,44,33,11,4,32,0,4,10
54403013,0,,,212,104,108,23,10,13,188,93,95,124,64,60,180,87,93,179,86,93,64,29,35,33,14,19,7,3,4,0,0,0,0,0,0,59,59,7,8,14,12,12,3,3,52,23,29,4,40,0,4,4
54403014,0,,,469,218,251,49,20,29,420,198,222,252,121,131,412,194,218,403,190,213,168,77,91,58,24,34,14,7,7,2,0,2,6,4,2,157,157,24,49,35,25,11,8,5,133,99,34,9,108,0,17,25
54403015,2,54403016,,6,3,3,*,*,*,*,*,*,*,*,*,*,*,*,*,*,*,*,*,*,*,*,*,*,*,*,*,*,*,*,*,*,2,2,*,*,*,*,*,*,*,*,*,*,*,*,*,*,*
54403016,1,,54403015,280,124,156,23,12,11,263,115,148,132,76,56,249,105,144,247,104,143,131,39,92,94,19,75,65,13,52,13,2,11,0,0,0,71,70,13,18,17,12,9,1,2,59,46,13,6,39,0,8,11
54403017,0,,,234,115,119,15,7,8,219,108,111,133,69,64,214,106,108,208,104,104,86,39,47,25,8,17,10,3,7,1,0,1,5,5,0,86,86,17,26,19,15,6,3,0,68,52,16,4,56,5,8,19
54403018,0,,,178,87,91,5,5,0,173,82,91,66,40,26,171,81,90,169,80,89,107,42,65,69,22,47,40,10,30,6,2,4,0,0,0,50,48,10,11,13,11,2,0,1,38,19,19,1,41,0,7,3
54403019,0,,,26,11,15,5,3,2,21,8,13,14,6,8,19,8,11,18,7,11,7,2,5,2,1,1,0,0,0,0,0,0,0,0,0,6,6,1,0,1,1,0,3,0,5,1,4,0,5,0,1,0
54403020,0,,,283,134,149,22,7,15,261,127,134,151,76,75,254,123,131,243,118,125,110,51,59,58,21,37,17,5,12,1,0,1,6,0,6,93,89,17,24,23,11,9,3,2,72,50,22,6,63,2,10,14
54403021,0,,,1001,519,482,107,42,65,888,473,415,564,322,242,868,459,409,851,452,399,324,151,173,131,57,74,38,15,23,4,1,3,26,17,9,398,397,119,116,67,52,26,14,3,275,210,65,28,224,12,52,56
54403022,0,,,346,172,174,41,20,21,304,152,152,188,98,90,294,146,148,291,145,146,116,54,62,44,16,28,19,6,13,3,0,3,1,0,1,111,111,15,31,22,22,13,6,2,96,64,32,10,72,0,9,18
54403023,0,,,116,99,17,2,2,0,105,88,17,89,81,8,105,88,17,104,87,17,16,7,9,8,2,6,4,1,3,0,0,0,0,0,0,95,95,83,4,7,1,0,0,0,12,9,3,0,11,39,4,0
54403024,0,,,503,247,256,53,30,23,450,217,233,258,131,127,441,214,227,435,210,225,192,86,106,89,32,57,38,13,25,3,0,3,1,0,1,168,168,29,52,34,23,13,11,6,138,87,51,8,124,0,20,27
54403025,0,,,443,218,225,48,26,22,395,192,203,243,116,127,385,186,199,378,184,194,152,76,76,64,28,36,27,11,16,5,2,3,0,0,0,142,142,23,43,25,18,18,9,6,118,78,40,8,103,0,16,22
54403026,0,,,109,52,57,11,4,7,98,48,50,57,27,30,95,47,48,93,47,46,41,21,20,13,7,6,4,1,3,0,0,0,1,1,0,37,37,5,14,7,6,1,2,2,32,21,11,2,27,0,4,6
54403027,0,,,1563,794,769,204,115,89,1355,676,679,890,460,430,1297,646,651,1277,635,642,465,216,249,224,88,136,64,21,43,3,1,2,24,11,13,567,567,136,157,108,90,46,16,14,430,331,99,60,320,7,70,73
54403028,0,,,575,277,298,57,28,29,517,248,269,311,163,148,498,240,258,485,232,253,206,85,121,113,45,68,37,12,25,0,0,0,1,1,0,195,195,42,49,40,28,21,7,8,153,95,58,12,137,2,26,25
54403029,0,,,162,86,76,8,4,4,154,82,72,87,49,38,150,78,72,149,77,72,67,33,34,33,12,21,13,7,6,0,0,0,1,0,1,63,63,19,13,17,7,4,3,0,42,26,16,2,47,1,13,7
54403030,0,,,212,102,110,16,3,13,196,99,97,115,60,55,188,97,91,187,96,91,81,39,42,35,14,21,12,4,8,1,0,1,2,1,1,76,76,11,25,22,9,5,4,0,64,50,14,3,53,0,7,11
54403031,0,,,140,80,60,14,5,9,125,75,50,86,55,31,120,71,49,118,70,48,39,20,19,17,8,9,5,0,5,0,0,0,3,1,2,60,60,20,19,8,10,1,1,1,40,34,6,2,26,6,4,9
54403032,0,,,118,59,59,7,6,1,111,53,58,69,32,37,103,53,50,101,53,48,42,21,21,15,8,7,4,2,2,0,0,0,0,0,0,39,39,7,11,6,7,6,1,1,32,18,14,1,25,0,4,8
54403033,0,,,212,110,102,26,15,11,186,95,91,111,58,53,179,93,86,178,92,86,75,37,38,28,14,14,10,4,6,3,0,3,0,0,0,62,62,7,19,13,6,6,6,5,54,28,26,10,47,0,4,9
54403034,0,,,264,142,122,29,18,11,235,124,111,145,79,66,227,121,106,220,116,104,90,45,45,41,20,21,14,6,8,1,0,1,1,1,0,81,80,13,19,16,16,7,4,5,66,39,27,7,55,0,7,11
54403035,0,,,314,161,153,35,20,15,279,141,138,171,90,81,266,136,130,264,135,129,108,51,57,42,16,26,12,3,9,0,0,0,1,0,1,107,107,20,31,23,16,6,8,3,85,59,26,7,75,1,11,16
54403036,0,,,540,260,280,53,22,31,487,238,249,288,143,145,465,232,233,460,230,230,199,95,104,97,45,52,28,10,18,3,1,2,0,0,0,178,178,22,50,46,34,14,10,2,155,107,48,11,126,1,14,34
54403037,0,,,1177,599,578,92,47,45,1078,546,532,619,348,271,1044,521,523,1025,511,514,459,198,261,234,86,148,73,22,51,8,1,7,16,9,7,470,439,118,134,91,48,25,14,9,316,233,83,15,289,9,66,60
54403038,0,,,1410,700,710,131,72,59,1273,624,649,748,397,351,1251,613,638,1226,600,626,525,227,298,266,101,165,99,29,70,4,1,3,2,2,0,536,533,144,162,98,74,30,18,7,384,288,96,39,335,4,89,81
54403039,0,,,125,57,68,14,5,9,111,52,59,71,32,39,108,51,57,107,50,57,40,20,20,24,12,12,5,2,3,0,0,0,9,0,9,47,47,13,14,8,6,1,4,1,34,25,9,2,26,2,4,8
54403040,0,,,242,125,117,10,5,5,232,120,112,120,66,54,226,116,110,222,114,108,112,54,58,39,19,20,13,5,8,2,1,1,0,0,0,92,91,16,31,25,10,8,1,0,75,58,17,2,69,1,10,18
54403041,0,,,12,7,5,0,0,0,12,7,5,7,4,3,11,7,4,11,7,4,5,3,2,1,0,1,0,0,0,0,0,0,0,0,0,5,5,2,1,1,0,1,0,0,3,3,0,0,3,0,1,1
54403042,0,,,397,187,210,48,17,31,349,170,179,217,110,107,334,165,169,329,161,168,132,60,72,58,25,33,22,9,13,1,0,1,1,0,1,117,117,15,27,30,20,4,12,9,102,60,42,12,87,0,12,20
54403043,0,,,134,66,68,14,6,8,120,60,60,69,36,33,119,59,60,119,59,60,51,24,27,29,12,17,10,3,7,0,0,0,0,0,0,43,43,6,15,7,4,7,2,2,36,23,13,3,33,0,5,4
54403044,0,,,351,180,171,32,18,14,319,162,157,197,107,90,310,157,153,303,153,150,122,55,67,55,25,30,22,9,13,1,1,0,10,0,10,120,120,27,31,23,19,9,6,5,92,57,35,5,74,1,9,14
54403045,0,,,149,81,68,17,10,7,132,71,61,72,40,32,131,70,61,130,70,60,60,31,29,25,14,11,10,7,3,1,1,0,0,0,0,54,54,14,12,11,9,6,2,0,40,26,14,6,42,0,13,10
54403046,0,,,91,50,41,6,5,1,85,45,40,71,38,33,84,45,39,81,43,38,14,7,7,7,4,3,0,0,0,0,0,0,8,5,3,20,18,6,4,3,2,3,0,0,12,9,3,2,6,2,0,3
54403047,0,,,443,235,208,38,19,19,405,216,189,262,152,110,390,207,183,381,202,179,143,64,79,72,29,43,12,4,8,0,0,0,6,2,4,164,164,36,54,31,22,11,7,3,126,98,28,8,98,0,18,21
54403048,0,,,667,347,320,55,32,23,609,313,296,372,201,171,581,300,281,569,294,275,237,112,125,106,52,54,29,12,17,3,0,3,4,1,3,232,232,41,66,55,42,14,10,4,190,137,53,13,150,0,27,30
54403049,0,,,364,181,183,16,7,9,348,174,174,203,110,93,338,167,171,331,164,167,145,64,81,66,26,40,25,6,19,1,0,1,1,0,1,123,123,27,27,28,17,14,9,1,96,54,42,4,99,0,25,16
54403050,0,,,407,206,201,40,25,15,363,178,185,238,117,121,357,176,181,348,172,176,125,61,64,51,19,32,15,6,9,3,1,2,1,0,1,139,139,23,40,34,23,8,7,4,116,84,32,11,86,0,12,18
54403051,0,,,424,221,203,77,38,39,344,181,163,257,136,121,313,165,148,302,158,144,87,45,42,30,16,14,6,3,3,1,0,1,3,0,3,116,112,30,32,19,16,7,8,0,82,59,23,14,61,0,17,12
54403052,0,,,301,153,148,33,16,17,268,137,131,154,78,76,264,134,130,261,132,129,114,59,55,45,24,21,7,3,4,0,0,0,5,0,5,103,103,19,32,20,14,10,5,3,84,61,23,9,69,1,9,26
54403053,0,,,282,149,133,26,17,9,256,132,124,136,73,63,250,127,123,245,124,121,120,59,61,46,25,21,16,4,12,3,0,3,0,0,0,92,92,15,29,19,9,9,8,3,76,46,30,6,71,0,10,20
54403054,0,,,295,150,145,25,17,8,270,133,137,128,73,55,261,129,132,254,124,130,142,60,82,91,34,57,44,13,31,11,3,8,1,0,1,76,75,6,24,19,15,4,2,5,69,52,17,6,55,0,2,11
54403055,0,,,235,118,117,29,18,11,206,100,106,144,69,75,202,98,104,199,97,102,62,31,31,33,16,17,15,5,10,1,0,1,0,0,0,58,57,4,17,16,9,3,3,5,53,32,21,4,40,0,3,4
54403056,0,,,172,96,76,18,10,8,154,86,68,117,68,49,151,84,67,150,84,66,37,18,19,9,2,7,6,2,4,0,0,0,0,0,0,40,38,5,10,9,6,5,1,2,33,23,10,4,23,0,2,4
54403057,0,,,326,156,170,38,17,21,288,139,149,176,84,92,278,135,143,277,135,142,112,55,57,46,20,26,18,8,10,1,1,0,0,0,0,102,102,11,35,17,17,9,10,3,91,53,38,11,77,0,6,13
54403058,0,,,401,196,205,48,26,22,353,170,183,228,116,112,341,165,176,337,162,175,125,54,71,65,22,43,14,3,11,0,0,0,2,0,2,138,138,20,44,29,28,10,5,2,117,87,30,15,87,0,14,15
54403059,0,,,526,263,263,38,20,18,487,242,245,290,158,132,464,228,236,458,226,232,197,84,113,79,26,53,30,7,23,4,0,4,12,11,1,187,187,45,45,43,28,13,7,6,141,86,55,4,127,10,18,24
54403060,0,,,424,217,207,42,22,20,377,192,185,234,126,108,362,182,180,361,182,179,143,66,77,69,30,39,24,9,15,1,1,0,4,1,3,136,136,23,31,26,30,17,7,2,112,72,40,8,91,0,14,13
54403061,0,,,350,170,180,49,25,24,298,143,155,185,93,92,291,139,152,289,138,151,113,50,63,62,27,35,28,8,20,4,1,3,5,2,3,111,106,24,26,22,15,9,7,3,80,49,31,12,61,2,10,7
54403062,0,,,136,69,67,9,5,4,126,63,63,82,44,38,121,59,62,119,58,61,44,19,25,18,8,10,4,1,3,1,0,1,1,0,1,44,44,7,14,9,2,8,3,1,37,20,17,2,31,0,4,6
54403063,0,,,360,182,178,34,19,15,326,163,163,188,101,87,312,152,160,303,145,158,138,62,76,76,29,47,31,6,25,8,1,7,0,0,0,98,97,15,19,19,15,14,5,10,82,43,39,8,76,0,10,6
54403064,0,,,215,100,115,28,13,15,187,87,100,112,55,57,185,87,98,182,86,96,75,32,43,26,9,17,10,3,7,2,0,2,0,0,0,73,73,13,24,12,11,7,3,3,60,38,22,5,52,0,10,9
54403065,0,,,243,118,125,31,15,16,212,103,109,144,70,74,204,97,107,203,97,106,68,33,35,28,11,17,10,4,6,0,0,0,3,1,2,74,74,11,14,19,15,8,4,3,63,39,24,10,48,0,7,6
54403066,0,,,65,33,32,1,1,0,64,32,32,41,23,18,62,31,31,61,31,30,23,9,14,11,3,8,3,0,3,0,0,0,0,0,0,24,24,4,8,5,5,2,0,0,20,14,6,0,15,0,3,4
54403067,0,,,46,23,23,6,5,1,40,18,22,25,12,13,37,17,20,36,17,19,15,6,9,7,3,4,0,0,0,0,0,0,0,0,0,13,13,1,5,0,3,2,1,1,12,6,6,2,11,0,1,2
54403068,0,,,170,87,83,17,8,9,153,79,74,102,58,44,148,76,72,147,75,72,51,21,30,29,11,18,9,2,7,1,0,1,0,0,0,49,49,8,12,9,5,5,5,5,41,22,19,3,31,0,3,4
54403069,0,,,299,151,148,21,12,9,278,139,139,164,86,78,271,134,137,269,132,137,114,53,61,54,25,29,15,7,8,1,1,0,0,0,0,115,115,30,31,29,15,4,3,3,85,61,24,7,81,0,19,10
54403070,0,,,289,138,151,43,24,19,242,112,130,174,85,89,235,110,125,229,107,122,68,27,41,31,11,20,8,3,5,0,0,0,8,3,5,109,109,23,26,35,20,1,4,0,85,74,11,17,46,2,7,13
54403071,0,,,151,69,82,11,3,8,140,66,74,80,41,39,135,64,71,131,62,69,60,25,35,28,11,17,7,3,4,1,0,1,1,1,0,48,48,7,11,14,7,4,3,2,41,27,14,3,37,2,4,8
54403072,0,,,258,133,125,30,14,16,228,119,109,132,74,58,220,115,105,217,113,104,96,45,51,36,15,21,9,2,7,2,0,2,0,0,0,84,84,13,27,19,11,4,4,6,71,49,22,8,65,0,9,15
54403073,0,,,459,237,222,41,23,18,417,213,204,266,145,121,405,207,198,397,203,194,151,68,83,56,25,31,26,9,17,3,0,3,3,1,2,139,139,17,33,37,22,12,13,5,122,72,50,10,92,1,11,12
54403074,0,,,195,104,91,23,15,8,172,89,83,112,59,53,167,88,79,160,85,75,60,30,30,32,14,18,14,5,9,0,0,0,0,0,0,57,57,7,15,12,6,8,6,3,50,26,24,8,41,0,5,6
54403075,0,,,213,83,130,11,8,3,202,75,127,79,36,43,198,72,126,197,72,125,123,39,84,88,21,67,60,9,51,14,0,14,2,0,2,61,59,13,24,12,8,2,0,0,45,40,5,4,36,0,7,9
54403076,0,,,526,280,246,54,26,28,468,250,218,318,177,141,451,242,209,443,236,207,150,73,77,56,23,33,22,9,13,1,0,1,27,13,14,195,195,64,40,33,25,20,10,3,131,92,39,14,92,37,7,20
54403077,0,,,112,53,59,5,2,3,107,51,56,65,31,34,105,50,55,101,48,53,42,20,22,13,5,8,4,1,3,0,0,0,0,0,0,38,38,5,11,12,4,3,3,0,32,24,8,1,27,0,3,7
54403078,0,,,641,307,334,54,26,28,586,280,306,327,168,159,570,272,298,564,267,297,259,112,147,140,52,88,68,18,50,13,3,10,4,0,4,189,188,39,40,35,39,15,14,6,149,82,67,9,133,0,23,21
54403079,0,,,159,85,74,12,7,5,147,78,69,88,48,40,142,74,68,137,70,67,59,30,29,20,7,13,4,1,3,1,0,1,0,0,0,54,54,9,19,10,6,5,3,2,45,30,15,1,39,0,5,8
54403080,0,,,576,287,289,63,28,35,508,255,253,316,164,152,492,248,244,478,241,237,192,91,101,71,28,43,22,9,13,1,1,0,9,6,3,217,217,62,57,39,32,13,9,5,152,106,46,16,124,1,21,27
54403081,0,,,718,354,364,74,46,28,643,307,336,434,221,213,618,296,322,603,292,311,209,86,123,106,48,58,30,10,20,1,0,1,17,10,7,232,232,40,59,47,44,19,14,9,189,135,54,9,133,1,16,25
54403082,0,,,311,145,166,19,8,11,292,137,155,185,93,92,283,133,150,275,129,146,107,44,63,57,21,36,18,2,16,2,1,1,4,1,3,108,108,18,32,25,17,11,4,1,90,62,28,7,73,0,13,12
54403083,0,,,283,139,144,22,13,9,261,126,135,141,73,68,251,122,129,246,118,128,120,53,67,69,29,40,19,6,13,1,1,0,4,4,0,114,114,28,44,16,16,6,3,1,86,70,16,6,81,2,19,29
54403084,0,,,269,131,138,25,14,11,242,116,126,161,78,83,238,114,124,232,113,119,81,38,43,41,16,25,10,4,6,1,0,1,0,0,0,85,85,11,28,18,12,6,6,4,74,49,25,6,54,0,6,9
54403085,0,,,350,177,173,39,19,20,311,158,153,196,101,95,302,153,149,299,151,148,115,57,58,45,18,27,14,1,13,1,0,1,0,0,0,94,93,13,22,23,14,12,5,4,80,47,33,9,64,0,7,15
54403086,0,,,140,68,72,15,9,6,125,59,66,82,43,39,121,57,64,117,55,62,43,16,27,19,5,14,6,0,6,1,0,1,0,0,0,39,39,6,7,8,7,3,5,3,32,12,20,3,27,0,4,2
54403087,0,,,491,252,239,54,26,28,436,225,211,302,167,135,417,214,203,407,209,198,134,58,76,51,17,34,20,6,14,1,0,1,1,0,1,163,163,31,40,35,32,10,9,6,131,92,39,12,92,0,18,15
54403088,0,,,394,203,191,49,32,17,345,171,174,218,113,105,335,168,167,325,164,161,127,58,69,49,15,34,11,5,6,1,0,1,0,0,0,130,130,20,37,30,19,15,5,4,109,78,31,12,85,0,10,22
54403089,0,,,162,83,79,15,8,7,147,75,72,91,50,41,142,72,70,141,71,70,56,25,31,25,10,15,11,5,6,1,1,0,0,0,0,49,49,3,13,15,8,5,4,1,46,27,19,3,36,0,3,5
54403090,0,,,203,105,98,24,12,12,179,93,86,113,63,50,175,92,83,172,89,83,66,30,36,26,7,19,6,0,6,2,0,2,0,0,0,56,56,10,8,12,8,7,6,5,46,23,23,3,42,0,5,3
54403091,0,,,956,425,531,66,38,28,890,387,503,443,242,201,871,380,491,850,374,476,447,145,302,296,73,223,163,19,144,35,2,33,5,2,3,235,229,48,68,54,34,13,7,5,179,141,38,14,134,5,24,38
54403092,0,,,1809,882,927,200,91,109,1585,774,811,1024,517,507,1540,756,784,1503,746,757,561,257,304,294,123,171,86,35,51,2,0,2,52,43,9,719,719,196,224,144,86,42,15,12,515,419,96,51,378,29,90,95
54403093,0,,,1298,650,648,148,87,61,1146,560,586,718,371,347,1116,544,572,1089,530,559,428,189,239,225,95,130,64,24,40,5,2,3,22,15,7,519,519,143,160,110,60,25,10,11,373,304,69,41,289,15,71,69
54403094,0,,,172,93,79,26,16,10,146,77,69,95,52,43,141,74,67,138,73,65,51,25,26,22,11,11,10,4,6,0,0,0,0,0,0,52,52,6,19,5,8,7,3,4,45,32,13,7,32,0,3,9
54403095,0,,,266,138,128,21,11,10,244,126,118,154,82,72,231,117,114,226,114,112,90,44,46,43,17,26,16,5,11,2,0,2,2,2,0,88,88,13,26,19,13,13,2,2,75,52,23,6,59,2,5,13
54403096,0,,,240,127,113,26,11,15,214,116,98,133,77,56,209,113,96,204,108,96,81,39,42,40,18,22,18,8,10,2,1,1,0,0,0,72,72,10,17,11,20,5,6,3,62,32,30,8,56,0,7,8
54403097,0,,,151,78,73,17,9,8,134,69,65,93,50,43,129,67,62,127,67,60,41,19,22,16,6,10,8,3,5,0,0,0,2,1,1,51,51,7,13,14,12,2,3,0,44,36,8,1,26,0,3,9
54403098,0,,,427,210,217,34,16,18,393,194,199,217,122,95,376,186,190,372,185,187,176,72,104,79,24,55,36,7,29,7,2,5,0,0,0,151,151,34,37,37,21,12,6,4,116,73,43,5,110,0,18,20
54403099,0,,,138,71,67,11,4,7,127,67,60,75,47,28,123,65,58,122,64,58,52,20,32,22,9,13,6,1,5,1,0,1,4,2,2,49,49,17,7,9,7,3,5,1,32,20,12,3,37,0,11,4
54403101,2,54403102,,3,2,1,*,*,*,*,*,*,*,*,*,*,*,*,*,*,*,*,*,*,*,*,*,*,*,*,*,*,*,*,*,*,1,1,*,*,*,*,*,*,*,*,*,*,*,*,*,*,*
54403102,1,,54403101;54403111,263,130,133,23,10,13,248,125,123,134,74,60,243,121,122,242,120,122,114,51,63,51,19,32,21,4,17,3,0,3,2,0,2,93,93,19,28,16,23,5,4,1,77,49,28,2,68,0,13,18
54403103,0,,,271,143,128,34,21,13,237,122,115,142,75,67,231,120,111,226,116,110,95,47,48,38,19,19,15,8,7,1,0,1,1,0,1,97,97,19,32,19,17,3,4,3,77,58,19,10,61,1,6,16
54403104,0,,,217,113,104,17,8,9,196,103,93,116,66,50,194,103,91,192,101,91,80,37,43,41,19,22,15,6,9,0,0,0,14,10,4,96,96,28,36,15,13,4,0,0,68,60,8,8,50,2,8,21
54403105,0,,,197,98,99,20,10,10,176,87,89,96,46,50,174,86,88,172,86,86,80,41,39,31,20,11,6,3,3,0,0,0,3,1,2,76,76,24,25,9,7,3,4,4,52,33,19,5,54,1,13,13
54403106,0,,,106,57,49,13,10,3,93,47,46,54,27,27,90,44,46,90,44,46,39,20,19,22,10,12,10,4,6,1,0,1,0,0,0,33,33,5,12,4,1,6,4,1,28,16,12,2,26,0,5,6
54403107,0,,,46,26,20,4,3,1,42,23,19,24,15,9,41,23,18,40,22,18,18,8,10,9,3,6,4,1,3,0,0,0,0,0,0,16,16,3,2,7,2,2,0,0,13,9,4,1,13,0,2,0
54403108,0,,,77,39,38,9,4,5,68,35,33,35,18,17,68,35,33,68,35,33,33,17,16,14,6,8,5,2,3,0,0,0,0,0,0,25,25,4,7,4,6,1,3,0,21,12,9,3,18,0,2,4
54403109,0,,,456,244,212,71,42,29,385,202,183,278,150,128,375,197,178,364,190,174,107,52,55,51,24,27,18,9,9,3,0,3,8,6,2,159,159,29,50,25,30,19,5,1,128,100,28,14,73,3,9,17
54403111,2,54403102,,5,3,2,*,*,*,*,*,*,*,*,*,*,*,*,*,*,*,*,*,*,*,*,*,*,*,*,*,*,*,*,*,*,2,2,*,*,*,*,*,*,*,*,*,*,*,*,*,*,*
54403112,1,,54403140,97,50,47,12,8,4,90,46,44,59,29,30,87,44,43,85,43,42,31,17,14,14,6,8,4,2,2,0,0,0,0,0,0,31,31,6,5,8,10,3,0,1,27,20,7,2,23,0,6,3
54403113,0,,,349,173,176,36,17,19,313,156,157,194,96,98,305,151,154,301,150,151,119,60,59,58,28,30,21,9,12,0,0,0,4,2,2,114,114,15,29,29,28,6,4,3,98,70,28,11,71,1,7,15
54403114,0,,,67,35,32,4,2,2,63,33,30,36,21,15,61,32,29,60,32,28,27,12,15,14,6,8,6,4,2,0,0,0,0,0,0,21,21,2,6,4,6,1,2,0,19,14,5,1,16,0,2,3
54403115,0,,,212,103,109,15,5,10,197,98,99,114,58,56,189,95,94,185,92,93,83,40,43,37,18,19,7,4,3,2,1,1,0,0,0,77,77,11,27,19,14,3,2,1,65,46,19,4,55,0,9,14
54403116,0,,,138,76,62,9,4,5,129,72,57,74,43,31,124,68,56,123,67,56,55,29,26,19,10,9,7,3,4,0,0,0,1,0,1,48,48,8,15,11,9,1,2,2,40,33,7,3,33,0,2,7
54403117,0,,,510,211,299,5,3,2,505,208,297,120,67,53,502,207,295,499,206,293,385,141,244,276,75,201,164,32,132,38,3,35,2,0,2,29,26,4,12,4,4,1,0,1,22,18,4,1,17,0,3,6
54403118,0,,,139,71,68,8,3,5,131,68,63,84,47,37,129,66,63,127,65,62,47,21,26,27,14,13,8,5,3,1,0,1,0,0,0,51,51,6,20,13,7,4,1,0,45,34,11,2,32,0,4,10
54403119,0,,,94,45,49,9,4,5,85,41,44,45,22,23,84,41,43,83,40,43,40,19,21,11,3,8,6,0,6,1,0,1,1,1,0,34,34,7,7,12,5,2,0,1,27,18,9,3,24,1,3,6
54403123,0,,,71,32,39,3,2,1,68,30,38,37,17,20,64,29,35,63,28,35,31,13,18,14,5,9,5,1,4,0,0,0,0,0,0,24,24,3,6,9,3,2,0,1,20,10,10,0,18,0,2,3
54403124,0,,,223,126,97,12,7,5,211,119,92,125,73,52,205,114,91,203,114,89,86,46,40,41,19,22,20,8,12,2,1,1,1,0,1,68,68,11,15,17,5,12,6,2,57,32,25,1,49,0,6,8
54403125,0,,,168,86,82,18,10,8,150,76,74,92,46,46,145,73,72,142,72,70,58,30,28,29,14,15,9,5,4,0,0,0,4,0,4,51,51,7,13,10,12,3,2,4,43,26,17,4,37,0,5,7
54403126,0,,,204,106,98,15,9,6,189,97,92,120,64,56,183,93,90,180,93,87,69,33,36,31,11,20,15,5,10,1,0,1,0,0,0,71,71,14,21,14,11,6,3,2,57,39,18,1,47,0,7,12
54403127,0,,,249,131,118,23,15,8,226,116,110,134,77,57,215,109,106,213,107,106,92,39,53,43,18,25,18,6,12,1,0,1,2,2,0,76,76,7,18,18,23,4,4,2,68,44,24,5,54,0,5,11
54403128,0,,,35,23,12,4,3,1,31,20,11,24,16,8,30,19,11,28,17,11,7,4,3,3,1,2,1,0,1,0,0,0,1,0,1,12,12,3,1,4,3,0,1,0,9,7,2,1,6,0,1,0
54403129,1,,54403139,301,140,161,27,10,17,284,135,149,184,88,96,273,133,140,266,130,136,100,47,53,51,17,34,16,6,10,0,0,0,2,1,1,88,87,15,23,14,13,7,9,9,74,42,32,5,67,0,10,12
54403133,0,,,62,35,27,6,3,3,56,32,24,34,19,15,54,31,23,53,30,23,22,13,9,9,5,4,2,1,1,0,0,0,0,0,0,27,27,9,9,3,5,0,1,0,18,16,2,1,18,0,7,3
54403134,0,,,109,56,53,7,5,2,102,51,51,67,36,31,100,50,50,96,48,48,35,15,20,18,8,10,7,2,5,0,0,0,0,0,0,33,33,4,7,10,6,2,2,2,29,18,11,1,24,0,3,3
54403135,0,,,139,74,65,10,6,4,129,68,61,80,43,37,124,65,59,123,65,58,49,25,24,27,13,14,7,4,3,0,0,0,0,0,0,56,56,15,17,13,7,2,1,1,41,34,7,2,34,0,8,7
54403136,0,,,171,93,78,13,8,5,158,85,73,97,56,41,153,84,69,151,82,69,61,29,32,34,15,19,15,6,9,1,0,1,2,0,2,59,59,13,20,6,8,7,3,2,46,29,17,1,41,0,6,9
54403137,1,,54403147;54403148,297,150,147,35,24,11,266,128,138,147,76,71,260,123,137,258,123,135,119,52,67,53,18,35,18,5,13,1,0,1,0,0,0,95,95,21,23,23,10,8,8,5,77,42,35,9,72,1,9,13
54403138,0,,,17,6,11,3,1,2,14,5,9,11,4,7,13,4,9,11,4,7,3,1,2,2,1,1,0,0,0,0,0,0,0,0,0,6,6,2,1,0,2,1,0,0,4,2,2,2,2,0,1,1
54403139,2,54403129,,11,6,5,*,*,*,*,*,*,*,*,*,*,*,*,*,*,*,*,*,*,*,*,*,*,*,*,*,*,*,*,*,*,3,3,*,*,*,*,*,*,*,*,*,*,*,*,*,*,*
54403140,2,54403112,,5,4,1,*,*,*,*,*,*,*,*,*,*,*,*,*,*,*,*,*,*,*,*,*,*,*,*,*,*,*,*,*,*,2,2,*,*,*,*,*,*,*,*,*,*,*,*,*,*,*
54403143,0,,,102,53,49,6,1,5,96,52,44,62,32,30,94,50,44,93,49,44,34,20,14,14,7,7,6,1,5,0,0,0,1,0,1,41,41,10,13,11,3,3,1,0,31,23,8,1,26,0,8,4
54403144,0,,,215,112,103,24,15,9,191,97,94,112,58,54,188,95,93,184,92,92,79,39,40,42,19,23,17,8,9,1,0,1,2,0,2,70,70,11,17,17,11,10,3,1,59,38,21,5,50,0,7,10
54403145,0,,,60,30,30,4,2,2,56,28,28,40,23,17,55,28,27,54,28,26,16,5,11,10,3,7,6,2,4,0,0,0,0,0,0,17,17,3,2,3,4,4,0,1,14,7,7,1,12,0,2,0
54403146,0,,,108,53,55,7,5,2,101,48,53,50,24,26,100,47,53,98,45,53,51,24,27,24,11,13,8,3,5,0,0,0,0,0,0,41,41,7,15,9,7,2,1,0,34,22,12,1,34,0,7,9
54403147,2,54403137,,2,1,1,*,*,*,*,*,*,*,*,*,*,*,*,*,*,*,*,*,*,*,*,*,*,*,*,*,*,*,*,*,*,2,2,*,*,*,*,*,*,*,*,*,*,*,*,*,*,*
54403148,2,54403137,,2,1,1,*,*,*,*,*,*,*,*,*,*,*,*,*,*,*,*,*,*,*,*,*,*,*,*,*,*,*,*,*,*,1,1,*,*,*,*,*,*,*,*,*,*,*,*,*,*,*
54403153,0,,,87,42,45,10,5,5,77,37,40,42,22,20,75,35,40,75,35,40,35,15,20,14,6,8,3,1,2,0,0,0,0,0,0,27,27,2,10,6,3,3,2,1,25,16,9,3,22,0,1,8
54403154,0,,,115,59,56,8,5,3,107,54,53,68,35,33,103,53,50,100,52,48,39,19,20,18,8,10,7,3,4,0,0,0,0,0,0,46,46,13,16,8,2,6,0,1,33,24,9,2,29,0,8,5
54403155,0,,,403,203,200,28,21,7,375,182,193,209,99,110,366,178,188,360,174,186,166,83,83,79,35,44,37,15,22,1,0,1,3,1,2,133,133,19,41,32,13,16,10,2,114,68,46,8,106,1,11,26
54403156,0,,,157,75,82,16,8,8,141,67,74,87,47,40,139,65,74,136,65,71,54,20,34,28,10,18,19,5,14,1,0,1,0,0,0,52,52,9,12,11,14,3,1,2,43,27,16,1,37,0,6,6
54403159,0,,,92,44,48,1,1,0,91,43,48,34,18,16,91,43,48,91,43,48,57,25,32,29,10,19,12,3,9,0,0,0,0,0,0,43,43,13,20,6,1,2,0,1,29,20,9,1,34,0,8,11
54403163,0,,,153,84,69,12,8,4,141,76,65,83,44,39,135,71,64,133,70,63,58,32,26,31,13,18,13,6,7,1,0,1,0,0,0,55,55,12,18,10,5,6,3,1,43,29,14,1,42,0,10,5
54403164,0,,,138,70,68,14,9,5,124,61,63,77,38,39,117,58,59,116,58,58,47,23,24,22,10,12,5,1,4,0,0,0,0,0,0,45,45,10,10,10,6,4,3,2,35,23,12,2,30,0,7,4
54403165,0,,,184,87,97,19,8,11,165,79,86,97,45,52,161,76,85,159,74,85,68,34,34,36,13,23,10,1,9,1,0,1,1,0,1,58,58,11,11,14,10,5,5,2,47,25,22,8,45,0,8,6
54403166,1,,54403176,71,37,34,8,4,4,64,34,30,41,23,18,61,31,30,58,31,27,23,11,12,11,4,7,2,1,1,0,0,0,1,1,0,24,24,4,9,4,4,2,2,0,19,13,6,3,16,0,3,3
54403169,0,,,124,57,67,15,6,9,109,51,58,66,33,33,105,49,56,103,48,55,43,18,25,20,8,12,5,0,5,1,0,1,0,0,0,47,47,8,18,9,7,5,0,0,39,34,5,2,29,0,7,7
54403173,0,,,90,46,44,5,3,2,84,42,42,50,28,22,83,42,41,81,40,41,34,14,20,20,8,12,10,3,7,1,0,1,0,0,0,33,33,8,7,11,4,0,2,1,25,17,8,2,26,0,7,3
54403174,1,,54403184,104,47,57,9,2,7,99,48,51,49,23,26,99,48,51,97,48,49,50,25,25,23,10,13,9,2,7,0,0,0,0,0,0,34,34,7,8,8,8,2,2,1,29,13,16,3,32,0,7,6
54403175,0,,,38,18,20,1,0,1,37,18,19,20,11,9,37,18,19,37,18,19,17,7,10,9,2,7,4,2,2,1,0,1,2,1,1,14,14,2,5,3,3,1,0,0,12,7,5,1,10,0,1,2
54403176,2,54403166,,1,1,0,*,*,*,*,*,*,*,*,*,*,*,*,*,*,*,*,*,*,*,*,*,*,*,*,*,*,*,*,*,*,1,1,*,*,*,*,*,*,*,*,*,*,*,*,*,*,*
54403179,0,,,45,22,23,4,1,3,41,21,20,20,11,9,38,19,19,37,18,19,21,10,11,8,2,6,4,1,3,1,0,1,1,1,0,16,16,6,3,3,1,0,1,2,10,6,4,1,12,0,3,3
54403182,0,,,15,9,6,1,1,0,14,8,6,7,5,2,14,8,6,14,8,6,7,3,4,1,1,0,0,0,0,0,0,0,0,0,0,5,5,0,2,2,0,1,0,0,5,4,1,1,4,0,0,2
54403183,0,,,46,20,26,2,0,2,44,20,24,28,13,15,44,20,24,44,20,24,16,7,9,7,1,6,4,0,4,0,0,0,1,0,1,17,17,4,4,4,3,2,0,0,13,7,6,0,12,0,3,3
54403184,2,54403174,,4,3,1,*,*,*,*,*,*,*,*,*,*,*,*,*,*,*,*,*,*,*,*,*,*,*,*,*,*,*,*,*,*,2,2,*,*,*,*,*,*,*,*,*,*,*,*,*,*,*
54403187,2,54403188,,5,3,2,*,*,*,*,*,*,*,*,*,*,*,*,*,*,*,*,*,*,*,*,*,*,*,*,*,*,*,*,*,*,2,2,*,*,*,*,*,*,*,*,*,*,*,*,*,*,*
54403188,1,,54403187;54403197,28,13,15,3,2,1,38,17,21,20,8,12,37,17,20,37,17,20,18,9,9,6,4,2,1,1,0,0,0,0,0,0,0,8,8,1,6,3,2,1,1,0,13,10,3,0,11,0,1,4
54403191,0,,,53,30,23,1,1,0,52,29,23,25,14,11,52,29,23,51,29,22,27,15,12,11,5,6,5,2,3,1,0,1,1,0,1,22,22,4,10,4,3,1,0,0,18,11,7,0,18,0,3,3
54403192,0,,,119,59,60,7,4,3,112,55,57,71,37,34,110,54,56,108,54,54,41,18,23,20,8,12,9,3,6,0,0,0,0,0,0,38,38,6,7,11,8,3,2,1,32,18,14,0,28,0,4,2
54403193,0,,,134,66,68,10,7,3,124,59,65,79,39,40,120,55,65,119,54,65,45,20,25,21,7,14,8,1,7,1,0,1,1,0,1,50,50,15,18,4,5,3,1,4,35,23,12,3,31,0,6,8
54403194,1,,54403195,50,30,20,2,2,0,56,32,24,35,18,17,55,32,23,53,32,21,21,14,7,9,5,4,4,2,2,0,0,0,0,0,0,19,19,5,7,3,5,2,0,0,16,13,3,0,15,0,4,4
54403195,2,54403194,,8,4,4,*,*,*,*,*,*,*,*,*,*,*,*,*,*,*,*,*,*,*,*,*,*,*,*,*,*,*,*,*,*,3,3,*,*,*,*,*,*,*,*,*,*,*,*,*,*,*
54403197,2,54403188,,8,3,5,*,*,*,*,*,*,*,*,*,*,*,*,*,*,*,*,*,*,*,*,*,*,*,*,*,*,*,*,*,*,4,4,*,*,*,*,*,*,*,*,*,*,*,*,*,*,*
54403200,0,,,367,171,196,47,21,26,316,147,169,217,109,108,299,138,161,291,134,157,99,38,61,47,13,34,17,4,13,0,0,0,2,0,2,129,129,27,36,28,18,11,7,2,102,78,24,12,68,0,12,15
54403201,0,,,319,152,167,41,20,21,271,128,143,178,85,93,256,125,131,252,123,129,93,43,50,36,13,23,11,4,7,1,0,1,1,0,1,114,114,28,25,25,21,9,5,1,83,58,25,12,60,0,13,12
54403202,0,,,629,322,307,55,30,25,556,281,275,364,194,170,540,273,267,535,270,265,192,87,105,89,38,51,23,9,14,0,0,0,25,8,17,297,297,116,93,42,31,13,2,0,179,145,34,21,131,16,36,35
54403203,0,,,1160,561,599,172,89,83,977,465,512,721,347,374,929,443,486,914,432,482,256,118,138,134,61,73,42,21,21,2,1,1,25,11,14,491,490,168,138,85,61,25,8,5,313,267,46,50,177,23,53,44
54403204,0,,,1410,647,763,150,72,78,1254,572,682,714,358,356,1219,557,662,1190,544,646,540,214,326,361,141,220,126,28,98,28,3,25,20,8,12,555,554,155,194,98,80,22,3,2,396,360,36,47,290,11,91,90
54403205,0,,,341,165,176,56,27,29,281,136,145,183,93,90,274,130,144,272,130,142,98,43,55,45,19,26,12,1,11,2,0,2,5,2,3,118,118,22,35,26,18,9,4,4,96,69,27,14,61,5,5,15
54403206,0,,,152,77,75,19,11,8,133,66,67,79,37,42,131,64,67,128,62,66,54,29,25,23,11,12,10,5,5,2,1,1,4,2,2,54,54,11,16,11,8,5,2,1,42,30,12,5,34,1,5,8
54403207,0,,,128,70,58,12,5,7,115,64,51,75,42,33,112,63,49,108,62,46,40,22,18,17,8,9,5,3,2,0,0,0,10,9,1,50,50,15,16,6,7,4,0,2,35,30,5,3,26,5,6,9
54403208,0,,,94,46,48,6,2,4,88,44,44,47,26,21,85,42,43,82,40,42,41,18,23,20,8,12,7,4,3,0,0,0,1,0,1,41,40,11,14,8,5,2,0,0,29,25,4,0,27,0,7,8
54403209,0,,,329,153,176,9,5,4,319,147,172,68,42,26,316,146,170,314,144,170,251,105,146,202,76,126,92,25,67,11,2,9,9,5,4,64,58,19,21,9,7,1,0,1,39,34,5,1,35,6,8,14
54403210,0,,,435,217,218,50,30,20,384,186,198,254,123,131,368,177,191,355,171,184,130,63,67,50,24,26,8,4,4,0,0,0,5,4,1,159,159,32,51,37,20,10,5,4,125,105,20,9,86,3,16,20
54403211,0,,,867,443,424,98,49,49,764,391,373,494,261,233,748,381,367,734,371,363,270,130,140,106,46,60,21,6,15,2,0,2,10,3,7,333,331,70,116,73,48,16,7,1,259,217,42,20,180,1,41,50
54403212,0,,,425,225,200,49,27,22,366,193,173,214,123,91,357,189,168,351,186,165,152,70,82,95,38,57,40,12,28,3,1,2,9,8,1,153,151,53,45,20,18,10,4,1,95,80,15,14,59,5,12,15
54403213,0,,,208,109,99,19,10,9,188,98,90,118,63,55,183,94,89,180,92,88,70,35,35,28,13,15,8,3,5,0,0,0,1,0,1,72,72,9,27,16,8,8,3,1,61,45,16,6,45,1,3,13
54403214,0,,,1804,922,882,216,120,96,1546,777,769,955,499,456,1506,758,748,1477,743,734,591,278,313,262,132,130,38,15,23,2,0,2,68,50,18,758,758,213,256,149,93,27,16,4,531,477,54,57,377,31,86,138
54403215,0,,,193,94,99,11,5,6,175,85,90,120,58,62,168,83,85,162,80,82,55,27,28,23,8,15,12,3,9,1,0,1,18,5,13,75,75,26,14,16,10,5,2,2,48,30,18,3,39,17,4,9
54403216,0,,,170,83,87,21,7,14,149,76,73,88,52,36,148,75,73,147,74,73,61,24,37,29,10,19,11,2,9,2,0,2,5,4,1,55,55,12,7,15,11,6,3,1,43,28,15,7,36,3,5,5
54403217,0,,,45,23,22,2,1,1,43,22,21,35,18,17,42,22,20,40,22,18,8,4,4,3,1,2,0,0,0,0,0,0,6,5,1,17,17,5,3,3,5,1,0,0,12,9,3,0,5,5,0,1
54403218,0,,,248,126,122,22,16,6,226,110,116,142,73,69,217,101,116,210,97,113,84,37,47,32,10,22,16,5,11,0,0,0,0,0,0,84,84,17,23,19,10,6,5,4,66,47,19,7,52,0,8,11
54403219,0,,,185,94,91,20,13,7,165,81,84,117,59,58,160,78,82,155,77,78,48,22,26,16,7,9,7,2,5,0,0,0,2,1,1,71,71,17,18,18,13,4,1,0,54,46,8,4,34,0,8,5
54403220,0,,,190,86,104,25,9,16,165,77,88,103,49,54,158,73,85,156,73,83,62,28,34,37,16,21,11,6,5,0,0,0,1,0,1,66,66,12,20,12,13,5,3,1,54,43,11,7,43,0,11,12
54403221,0,,,276,136,140,16,8,8,259,127,132,148,75,73,249,120,129,243,117,126,111,52,59,54,22,32,21,7,14,0,0,0,0,0,0,104,104,20,38,19,17,6,3,1,83,61,22,3,75,0,13,23
54403222,0,,,83,41,42,12,5,7,71,36,35,46,23,23,70,35,35,70,35,35,25,13,12,12,5,7,5,2,3,1,0,1,6,6,0,32,32,10,7,4,8,3,0,0,21,16,5,1,17,6,3,1
54403223,0,,,258,122,136,30,14,16,227,107,120,149,72,77,222,105,117,221,105,116,78,35,43,38,13,25,16,4,12,1,0,1,4,1,3,83,83,13,23,14,16,11,4,2,70,41,29,4,51,0,7,6
54403224,0,,,102,54,48,8,2,6,94,52,42,51,28,23,91,50,41,89,49,40,43,24,19,19,12,7,5,2,3,0,0,0,0,0,0,37,36,6,12,8,7,0,2,1,29,18,11,1,28,0,5,9
54403225,0,,,242,110,132,32,14,18,208,95,113,136,60,76,206,93,113,200,92,108,72,35,37,35,17,18,9,3,6,0,0,0,19,5,14,95,95,31,24,19,8,7,4,2,63,42,21,11,50,11,11,10
54403226,0,,,156,75,81,18,6,12,129,65,64,84,45,39,126,64,62,123,63,60,45,20,25,17,8,9,4,1,3,0,0,0,9,7,2,72,72,35,17,7,4,5,3,1,36,27,9,2,31,9,6,7
54403227,0,,,203,131,72,8,5,3,168,113,55,130,95,35,168,113,55,166,112,54,38,18,20,15,7,8,3,0,3,0,0,0,49,47,2,126,126,96,6,10,8,3,3,0,29,20,9,2,25,43,4,3
54403228,0,,,136,61,75,7,6,1,129,55,74,69,30,39,124,54,70,121,52,69,60,25,35,39,14,25,17,6,11,1,0,1,1,0,1,39,38,7,8,11,7,5,0,0,30,24,6,0,23,0,7,2
54403229,0,,,167,86,81,12,7,5,155,79,76,97,50,47,153,78,75,151,76,75,58,29,29,27,11,16,8,1,7,1,1,0,4,2,2,65,65,14,20,14,15,1,1,0,51,36,15,4,42,2,9,6
54403230,0,,,44,20,24,0,0,0,44,20,24,20,8,12,44,20,24,44,20,24,24,12,12,7,2,5,1,0,1,1,0,1,0,0,0,17,17,3,4,7,3,0,0,0,14,9,5,0,14,0,2,2
54403231,0,,,390,181,209,50,21,29,340,160,180,213,103,110,326,157,169,321,154,167,127,57,70,71,33,38,24,8,16,3,0,3,0,0,0,135,135,18,42,33,27,11,2,2,117,96,21,10,81,0,11,21
54403232,0,,,529,260,269,47,24,23,482,236,246,292,150,142,467,228,239,457,222,235,190,86,104,96,45,51,25,11,14,2,0,2,1,1,0,213,213,51,73,47,26,11,4,1,162,143,19,10,122,3,27,41
54403233,0,,,314,157,157,36,20,16,278,137,141,167,83,84,270,133,137,267,131,136,111,54,57,39,20,19,9,2,7,3,1,2,2,0,2,106,106,15,36,20,21,7,2,5,89,66,23,7,71,0,10,18
54403234,0,,,74,39,35,6,4,2,68,35,33,35,21,14,68,35,33,68,35,33,33,14,19,8,3,5,2,0,2,1,0,1,0,0,0,29,29,4,12,7,5,1,0,0,25,20,5,1,20,0,2,7
54403235,0,,,86,45,41,12,6,6,73,39,34,55,30,25,70,39,31,68,39,29,18,9,9,5,2,3,2,1,1,0,0,0,10,8,2,34,34,14,4,6,6,3,0,1,20,14,6,2,13,6,3,2
54403236,0,,,21,11,10,0,0,0,21,11,10,12,7,5,21,11,10,21,11,10,9,4,5,6,3,3,1,0,1,0,0,0,0,0,0,6,6,0,1,3,1,0,1,0,6,4,2,0,4,0,0,1
54403237,0,,,28,10,18,1,0,1,24,8,16,22,7,15,24,8,16,24,8,16,2,1,1,0,0,0,0,0,0,0,0,0,12,0,12,23,23,21,0,1,1,0,0,0,2,2,0,1,2,14,1,0
54403238,0,,,34,19,15,0,0,0,34,19,15,21,12,9,33,19,14,32,18,14,13,7,6,3,1,2,1,0,1,0,0,0,0,0,0,13,13,2,4,4,3,0,0,0,10,10,0,0,8,0,1,3
54403239,0,,,47,27,20,6,3,3,40,23,17,31,20,11,39,22,17,39,22,17,9,3,6,3,1,2,0,0,0,0,0,0,1,0,1,20,20,8,5,3,1,2,1,0,12,9,3,2,7,0,1,0
54403240,0,,,115,56,59,7,4,3,108,52,56,68,35,33,106,50,56,105,50,55,40,17,23,25,11,14,8,4,4,1,0,1,0,0,0,39,39,8,9,9,6,5,1,1,31,19,12,0,28,0,5,4
54403241,0,,,560,275,285,48,28,20,510,245,265,280,145,135,497,239,258,488,233,255,230,100,130,140,59,81,40,16,24,3,0,3,5,3,2,217,217,46,82,34,38,10,4,3,171,136,35,9,147,2,22,50
54403242,0,,,1210,592,618,172,83,89,1034,508,526,714,364,350,984,481,503,967,472,495,320,144,176,169,78,91,34,7,27,3,1,2,38,19,19,457,457,101,153,87,66,34,11,5,344,287,57,49,207,4,38,60
54403243,0,,,431,222,209,44,26,18,387,196,191,253,134,119,375,187,188,365,183,182,134,62,72,59,27,32,12,6,6,0,0,0,8,3,5,157,157,26,46,49,22,8,4,2,130,105,25,11,90,0,15,20
54403244,0,,,124,61,63,16,9,7,108,52,56,75,37,38,106,51,55,103,50,53,33,15,18,19,7,12,8,2,6,0,0,0,1,0,1,29,29,2,4,4,7,6,3,3,27,8,19,3,24,0,1,2
54403245,0,,,50,28,22,3,1,2,42,25,17,34,22,12,42,25,17,42,25,17,8,3,5,5,2,3,0,0,0,0,0,0,8,8,0,29,29,17,6,3,3,0,0,0,11,10,1,2,5,6,0,1
54403246,0,,,211,108,103,23,16,7,188,92,96,122,62,60,183,89,94,179,87,92,66,30,36,29,7,22,10,3,7,2,0,2,2,0,2,66,66,9,14,17,15,6,2,3,57,35,22,7,46,0,6,5
54403247,0,,,225,109,116,28,14,14,197,95,102,118,56,62,194,94,100,193,94,99,79,39,40,39,14,25,17,4,13,1,0,1,0,0,0,80,80,21,24,12,8,7,4,4,58,35,23,7,58,0,17,8
54403248,0,,,273,143,130,20,15,5,253,128,125,161,87,74,243,124,119,236,120,116,92,41,51,46,19,27,16,6,10,1,0,1,6,5,1,87,87,11,28,15,14,10,8,1,76,50,26,4,57,0,6,13
54403249,0,,,336,156,180,21,8,13,315,148,167,203,97,106,306,143,163,302,141,161,112,51,61,57,23,34,23,11,12,1,0,1,1,0,1,121,121,20,41,30,17,5,5,3,101,78,23,5,73,0,10,17
54403250,0,,,27,12,15,3,1,2,24,11,13,15,7,8,23,11,12,22,10,12,9,4,5,4,1,3,1,0,1,0,0,0,0,0,0,11,11,3,4,2,0,2,0,0,8,7,1,2,7,0,3,1
54403251,0,,,1674,819,855,175,91,84,1487,724,763,887,464,423,1431,696,735,1410,682,728,600,260,340,327,128,199,110,30,80,11,3,8,29,14,15,685,682,216,214,113,88,29,16,6,460,391,69,41,375,13,112,99
54403252,0,,,2435,1213,1222,265,139,126,2095,1036,1059,1369,703,666,2020,1003,1017,1970,973,997,726,333,393,378,176,202,87,34,53,5,1,4,46,24,22,1045,1045,343,320,194,117,35,26,10,687,591,96,74,490,26,121,139
54403253,0,,,763,338,425,64,29,35,688,305,383,421,219,202,666,292,374,648,284,364,267,86,181,188,48,140,111,23,88,19,1,18,10,4,6,270,266,77,78,49,41,21,0,0,188,162,26,14,109,7,31,29
54403254,0,,,189,92,97,19,8,11,170,84,86,94,50,44,160,79,81,157,77,80,76,34,42,32,14,18,5,2,3,0,0,0,0,0,0,61,61,5,26,10,8,6,2,4,55,36,19,2,48,0,3,16
54403255,0,,,378,183,195,38,15,23,339,168,171,221,113,108,319,162,157,308,156,152,118,55,63,65,27,38,22,9,13,0,0,0,0,0,0,132,132,22,44,26,18,15,6,1,107,81,26,6,84,0,15,17
54403256,0,,,354,168,186,34,16,18,320,152,168,195,97,98,307,146,161,299,143,156,125,55,70,57,24,33,24,8,16,0,0,0,1,0,1,120,120,23,39,21,10,15,9,3,97,69,28,9,84,0,18,14
54403257,0,,,105,52,53,10,6,4,95,46,49,54,26,28,93,46,47,93,46,47,41,20,21,18,7,11,6,2,4,1,0,1,1,0,1,38,38,6,13,9,8,1,0,1,32,23,9,2,27,0,5,5
54403258,0,,,137,63,74,14,8,6,123,55,68,71,35,36,120,54,66,119,54,65,52,20,32,24,5,19,11,1,10,1,0,1,0,0,0,47,47,10,11,11,10,1,2,2,37,24,13,4,34,0,8,3
54403259,0,,,43,25,18,2,1,1,41,24,17,21,15,6,40,23,17,39,23,16,20,9,11,7,3,4,4,2,2,0,0,0,0,0,0,16,16,2,7,3,2,2,0,0,14,11,3,1,12,1,1,5
54403260,0,,,182,89,93,20,8,12,158,78,80,98,49,49,151,76,75,148,76,72,60,29,31,27,11,16,11,5,6,0,0,0,2,0,2,65,65,16,12,18,11,5,2,1,48,36,12,2,39,1,10,5
54403261,0,,,91,38,53,5,1,4,85,37,48,49,24,25,84,37,47,83,37,46,36,13,23,19,4,15,7,1,6,0,0,0,0,0,0,36,36,9,10,11,4,0,1,1,26,18,8,1,26,0,6,4
54403262,0,,,681,341,340,67,37,30,613,304,309,392,203,189,590,292,298,585,290,295,221,101,120,105,46,59,30,12,18,2,0,2,5,3,2,235,235,32,80,57,36,13,12,5,202,155,47,18,146,3,19,39
54403263,0,,,528,246,282,65,32,33,461,213,248,266,136,130,450,206,244,444,204,240,195,77,118,111,33,78,48,10,38,8,1,7,11,6,5,183,182,37,63,38,27,14,3,0,141,124,17,18,98,3,24,28
54403264,0,,,378,184,194,32,15,17,346,169,177,210,103,107,339,165,174,336,163,173,136,66,70,71,32,39,21,5,16,1,0,1,0,0,0,147,147,30,60,28,12,8,7,2,115,91,24,7,95,0,21,24
54403265,0,,,230,115,115,37,23,14,193,92,101,142,73,69,181,86,95,171,83,88,51,19,32,30,13,17,7,3,4,1,0,1,4,2,2,76,75,11,26,14,11,8,2,3,63,51,12,10,30,0,4,7
54403266,0,,,338,158,180,35,13,22,303,145,158,183,88,95,296,143,153,289,139,150,120,57,63,51,23,28,14,3,11,2,0,2,0,0,0,121,121,17,43,29,18,11,1,2,104,81,23,8,78,0,14,24
54403267,0,,,303,153,150,28,11,17,275,142,133,171,86,85,266,137,129,263,137,126,104,56,48,31,15,16,14,5,9,0,0,0,0,0,0,113,113,22,38,24,15,11,3,0,91,71,20,3,71,0,16,18
54403268,0,,,178,83,95,13,9,4,165,74,91,106,49,57,164,73,91,162,73,89,59,25,34,30,10,20,7,2,5,0,0,0,0,0,0,58,58,8,15,13,13,6,2,1,50,35,15,3,40,0,4,6
54403269,0,,,157,80,77,9,4,5,148,76,72,78,46,32,145,74,71,142,73,69,70,30,40,39,17,22,14,7,7,1,1,0,0,0,0,64,64,10,29,15,7,2,1,0,54,47,7,5,46,0,7,11
54403270,0,,,104,49,55,7,3,4,97,46,51,54,29,25,91,42,49,91,42,49,43,17,26,20,6,14,7,0,7,0,0,0,1,0,1,37,37,7,12,7,5,4,2,0,30,18,12,0,27,0,4,6
54403271,0,,,230,118,112,23,13,10,207,105,102,130,68,62,201,100,101,199,98,101,77,37,40,32,13,19,11,4,7,0,0,0,1,1,0,77,77,7,30,17,13,6,1,3,68,50,18,5,52,0,5,13
54403272,0,,,275,136,139,28,15,13,247,121,126,156,82,74,237,116,121,235,114,121,91,39,52,48,21,27,11,4,7,2,1,1,0,0,0,100,100,19,35,18,15,7,5,1,81,58,23,8,64,0,12,14
54403273,0,,,62,32,30,10,4,6,52,28,24,31,19,12,52,28,24,52,28,24,21,9,12,11,6,5,2,2,0,0,0,0,0,0,0,22,22,5,8,4,1,1,1,2,17,13,4,2,15,0,3,3
54403274,0,,,195,90,105,15,5,10,180,85,95,122,58,64,176,83,93,175,82,93,58,27,31,18,9,9,2,2,0,0,0,0,2,0,2,82,82,14,38,19,8,2,1,0,66,61,5,5,39,0,8,11
54403275,0,,,477,252,225,67,37,30,406,213,193,261,142,119,389,200,189,383,195,188,145,71,74,64,30,34,21,8,13,1,0,1,1,0,1,171,171,27,59,39,24,15,5,2,143,117,26,19,99,0,16,22
54403276,0,,,179,92,87,22,12,10,155,79,76,114,58,56,152,76,76,147,73,74,41,21,20,16,9,7,6,3,3,0,0,0,2,1,1,72,72,19,22,12,16,2,1,0,53,45,8,7,28,1,6,8
54403277,0,,,143,73,70,10,5,5,131,67,64,93,50,43,126,64,62,124,62,62,38,17,21,15,6,9,5,2,3,0,0,0,0,0,0,60,60,21,16,9,7,7,0,0,38,30,8,5,26,1,7,7
54403278,0,,,269,141,128,19,13,6,250,128,122,151,81,70,246,125,121,246,125,121,99,47,52,40,13,27,12,5,7,0,0,0,4,4,0,111,111,32,33,27,11,5,2,1,77,62,15,4,71,3,15,20
54403279,0,,,77,35,42,7,2,5,69,32,37,45,22,23,68,32,36,66,31,35,24,10,14,5,1,4,3,1,2,1,0,1,0,0,0,24,24,3,8,3,4,3,3,0,21,13,8,1,16,0,2,5
54403281,0,,,21,10,11,1,0,1,20,10,10,11,6,5,20,10,10,19,9,10,9,4,5,6,3,3,0,0,0,0,0,0,0,0,0,9,9,1,5,2,1,0,0,0,8,8,0,0,5,0,1,3
54403282,0,,,90,49,41,10,7,3,80,42,38,47,25,22,79,41,38,77,40,37,33,17,16,14,9,5,3,2,1,0,0,0,6,5,1,36,36,9,14,6,3,2,1,1,25,22,3,3,22,5,4,5
54403283,0,,,437,228,209,52,27,25,385,201,184,248,134,114,376,197,179,370,194,176,137,67,70,59,27,32,20,8,12,1,0,1,2,1,1,162,162,29,58,30,31,9,3,2,131,105,26,13,93,1,16,25
54403284,0,,,479,260,219,34,19,15,444,241,203,260,147,113,433,232,201,424,227,197,184,94,90,112,55,57,53,23,30,5,1,4,14,13,1,156,155,35,48,39,23,9,1,0,119,103,16,8,68,6,12,19
54403285,0,,,2589,1312,1277,381,213,168,2151,1073,1078,1459,760,699,2087,1033,1054,2045,1002,1043,692,313,379,318,151,167,62,23,39,2,0,2,47,30,17,1073,1072,303,331,219,155,48,10,6,742,667,75,114,458,32,103,150
54403286,0,,,1164,579,585,142,68,74,1008,502,506,658,338,320,988,493,495,974,488,486,350,164,186,152,74,78,27,9,18,1,1,0,11,8,3,502,501,150,166,99,60,18,5,3,341,305,36,51,230,18,52,69
54403287,0,,,128,69,59,9,6,3,119,63,56,69,36,33,118,63,55,114,61,53,50,27,23,24,13,11,5,3,2,0,0,0,1,1,0,45,45,12,11,11,4,1,3,3,33,24,9,2,30,1,9,7
54403288,0,,,129,70,59,17,9,8,112,61,51,77,45,32,109,59,50,107,57,50,35,16,19,18,9,9,7,5,2,0,0,0,6,6,0,43,43,14,5,7,8,4,3,2,29,14,15,4,23,6,3,4
54403289,0,,,136,70,66,9,5,4,127,65,62,78,42,36,124,64,60,120,62,58,49,23,26,30,14,16,11,5,6,3,1,2,2,2,0,44,44,8,12,9,6,4,3,2,36,23,13,1,30,3,3,7
54403290,0,,,58,28,30,4,4,0,54,24,30,31,15,16,52,23,29,51,23,28,23,9,14,12,4,8,4,0,4,0,0,0,0,0,0,21,21,4,8,2,3,4,0,0,17,12,5,1,15,0,3,4
54403291,0,,,11,7,4,0,0,0,11,7,4,3,3,0,11,7,4,11,7,4,8,4,4,3,1,2,0,0,0,0,0,0,0,0,0,6,6,2,3,1,0,0,0,0,4,4,0,0,6,0,2,1
54403292,0,,,179,69,110,7,7,0,172,62,110,51,23,28,167,60,107,163,60,103,121,39,82,93,22,71,69,15,54,18,4,14,0,0,0,34,33,9,9,6,5,1,1,2,24,16,8,1,24,1,5,6
54403293,0,,,339,162,177,29,13,16,309,149,160,189,91,98,303,148,155,300,146,154,120,58,62,46,14,32,21,3,18,4,0,4,0,0,0,122,122,25,34,32,16,11,1,3,97,69,28,7,83,0,15,15
54403294,0,,,692,335,357,55,29,26,629,302,327,400,193,207,609,295,314,595,291,304,229,109,120,102,51,51,20,8,12,1,1,0,1,1,0,249,248,72,81,45,35,10,2,3,175,155,20,19,136,7,31,40
54403295,0,,,2625,1281,1344,433,223,210,2122,1026,1096,1631,803,828,2051,994,1057,2004,970,1034,491,223,268,198,84,114,49,14,35,5,1,4,18,9,9,1096,1094,352,318,196,150,55,15,8,729,670,59,125,323,35,74,99
54403296,0,,,416,200,216,50,22,28,359,175,184,243,116,127,351,173,178,345,168,177,116,59,57,47,19,28,18,6,12,1,0,1,21,4,17,193,193,101,29,26,20,7,7,3,92,72,20,14,87,17,43,9
54403297,0,,,243,134,109,23,13,10,219,120,99,158,91,67,216,117,99,203,108,95,61,29,32,24,11,13,10,4,6,0,0,0,13,12,1,84,83,15,28,20,13,4,3,0,66,58,8,9,43,1,7,9
54403298,0,,,140,69,71,14,7,7,126,62,64,93,48,45,120,58,62,115,56,59,33,14,19,18,5,13,4,0,4,0,0,0,0,0,0,47,47,8,12,14,6,4,0,3,39,28,11,6,26,0,5,2
54403299,0,,,165,89,76,16,10,6,149,79,70,95,52,43,144,76,68,141,74,67,54,27,27,30,9,21,8,4,4,0,0,0,0,0,0,63,63,20,12,11,14,4,2,0,43,30,13,4,38,0,10,5
54403300,0,,,750,372,378,60,31,29,686,338,348,413,202,211,667,329,338,658,324,334,273,136,137,83,36,47,10,5,5,0,0,0,14,0,14,311,309,71,122,60,37,14,3,2,232,204,28,13,184,11,37,61
54403301,0,,,107,56,51,7,6,1,99,50,49,53,31,22,98,49,49,96,48,48,46,19,27,26,11,15,6,2,4,0,0,0,0,0,0,40,40,9,11,10,6,3,0,1,31,24,7,2,27,0,3,6
54403302,0,,,126,55,71,8,4,4,118,51,67,48,25,23,113,48,65,113,48,65,70,26,44,47,15,32,25,5,20,3,1,2,0,0,0,34,33,9,9,7,3,3,1,1,24,19,5,2,22,0,6,6
54403303,0,,,161,77,84,18,7,11,143,70,73,84,48,36,143,70,73,143,70,73,59,22,37,28,12,16,13,4,9,0,0,0,4,4,0,61,61,19,17,9,5,6,4,1,42,26,16,8,37,1,8,8
54403304,0,,,32,15,17,3,2,1,29,13,16,20,10,10,26,12,14,26,12,14,9,3,6,5,1,4,3,1,2,0,0,0,0,0,0,7,7,0,0,2,1,3,0,1,7,0,7,1,6,0,0,0
54403305,0,,,67,38,29,4,2,2,63,36,27,48,29,19,62,36,26,62,36,26,15,7,8,9,4,5,2,1,1,0,0,0,17,14,3,35,35,20,6,3,4,2,0,0,15,10,5,2,8,13,1,1
54403306,0,,,67,33,34,3,0,3,64,33,31,37,22,15,62,32,30,62,32,30,27,11,16,20,7,13,11,3,8,0,0,0,1,0,1,29,29,7,14,3,4,0,0,1,22,17,5,1,19,0,4,5
54403307,0,,,101,61,40,10,7,3,91,54,37,60,39,21,91,54,37,89,53,36,31,15,16,17,7,10,9,5,4,0,0,0,17,15,2,53,53,31,9,5,4,3,1,0,22,16,6,0,24,11,11,2
54403308,0,,,62,37,25,9,6,3,53,31,22,42,28,14,51,30,21,50,30,20,11,3,8,4,1,3,0,0,0,0,0,0,15,10,5,25,25,15,2,0,4,2,0,2,10,6,4,2,8,9,1,0
54403309,0,,,86,49,37,4,0,4,82,49,33,71,41,30,82,49,33,80,47,33,11,8,3,5,3,2,0,0,0,0,0,0,40,26,14,50,50,40,0,3,3,2,1,1,9,8,1,1,8,18,3,0
54403310,0,,,102,44,58,5,1,4,97,43,54,33,19,14,97,43,54,97,43,54,64,24,40,43,13,30,27,8,19,4,2,2,0,0,0,24,22,7,6,4,4,0,1,0,14,11,3,2,12,0,4,3
54403311,0,,,289,141,148,24,12,12,265,129,136,149,81,68,260,127,133,254,123,131,116,48,68,70,27,43,20,8,12,0,0,0,7,4,3,107,107,25,28,30,13,5,3,3,81,54,27,4,73,1,14,19
54403312,0,,,102,51,51,15,6,9,87,45,42,55,30,25,87,45,42,87,45,42,32,15,17,9,3,6,6,1,5,0,0,0,0,0,0,36,36,4,14,8,6,3,0,1,32,28,4,3,21,0,2,7
54403313,0,,,231,110,121,18,9,9,213,101,112,127,64,63,208,97,111,207,96,111,86,37,49,38,13,25,19,5,14,3,0,3,2,1,1,85,85,19,28,15,11,8,2,2,66,42,24,5,58,0,10,12
54403314,0,,,212,105,107,12,6,6,198,98,100,108,54,54,192,95,97,192,95,97,90,44,46,40,16,24,17,8,9,3,2,1,2,2,0,84,84,22,26,20,6,7,2,1,60,46,14,3,57,1,13,13
54403315,0,,,222,111,111,20,7,13,202,104,98,139,75,64,196,100,96,191,97,94,63,29,34,36,13,23,13,5,8,1,0,1,12,12,0,82,82,20,23,15,17,3,2,2,61,46,15,5,43,10,6,14
54403316,0,,,388,194,194,27,18,9,361,176,185,219,116,103,353,169,184,344,165,179,142,60,82,72,26,46,22,9,13,2,0,2,17,8,9,150,150,35,45,37,22,5,3,3,114,85,29,6,91,5,14,20
54403317,0,,,275,131,144,25,12,13,250,119,131,146,72,74,242,114,128,239,112,127,104,47,57,55,20,35,14,6,8,1,0,1,1,1,0,111,111,31,38,15,20,3,3,1,80,60,20,7,77,1,21,20
54403318,0,,,108,57,51,12,6,6,96,51,45,56,29,27,93,50,43,92,50,42,40,22,18,20,10,10,10,4,6,0,0,0,2,2,0,39,39,4,15,11,4,5,0,0,35,27,8,2,26,0,2,8
54403319,0,,,134,73,61,9,6,3,125,67,58,74,45,29,122,65,57,120,64,56,51,22,29,25,11,14,6,3,3,1,0,1,6,3,3,53,53,13,18,12,4,4,1,1,39,29,10,1,34,3,4,7
54403320,0,,,154,82,72,11,5,6,143,77,66,87,47,40,137,74,63,135,72,63,56,30,26,22,10,12,7,3,4,1,1,0,7,6,1,66,66,23,16,14,9,3,1,0,43,36,7,2,40,5,11,6
54403321,0,,,167,85,82,17,10,7,150,75,75,80,44,36,147,73,74,144,72,72,70,31,39,31,11,20,6,3,3,0,0,0,0,0,0,63,63,15,18,15,8,4,2,1,48,37,11,3,44,0,8,11
54403322,0,,,152,76,76,14,9,5,138,67,71,86,43,43,134,65,69,133,64,69,52,24,28,25,10,15,10,4,6,0,0,0,4,4,0,58,58,13,18,14,7,4,1,1,45,35,10,2,35,4,8,8
54403323,0,,,70,33,37,4,2,2,66,31,35,35,16,19,64,30,34,64,30,34,31,15,16,16,7,9,3,1,2,0,0,0,0,0,0,21,21,1,5,8,3,1,3,0,20,13,7,1,18,0,1,4
54403324,0,,,317,162,155,21,10,11,296,152,144,169,91,78,288,146,142,282,144,138,127,61,66,57,28,29,15,5,10,1,1,0,0,0,0,120,120,17,48,34,10,6,3,2,103,84,19,5,75,0,10,25
54403325,0,,,171,77,94,16,9,7,155,68,87,96,43,53,153,66,87,150,65,85,59,25,34,27,9,18,11,2,9,3,0,3,1,0,1,63,63,14,17,18,8,3,0,3,48,33,15,4,39,0,8,6
54403328,0,,,195,92,103,16,5,11,179,87,92,92,47,45,178,86,92,177,86,91,87,40,47,39,15,24,12,3,9,1,1,0,3,3,0,82,82,25,25,18,7,4,3,0,55,41,14,5,59,3,18,13
54403329,0,,,93,56,37,17,12,5,76,44,32,55,33,22,72,42,30,72,42,30,21,11,10,8,4,4,1,1,0,0,0,0,7,7,0,31,31,7,9,3,7,2,2,1,24,18,6,5,13,5,0,4
54403330,0,,,13,7,6,2,1,1,11,6,5,7,5,2,11,6,5,11,6,5,4,1,3,3,1,2,1,0,1,0,0,0,3,3,0,8,8,6,0,1,1,0,0,0,2,1,1,1,4,0,3,0
54403331,0,,,31,13,18,2,1,1,29,12,17,14,6,8,28,12,16,27,11,16,15,6,9,10,4,6,4,3,1,0,0,0,0,0,0,10,10,2,2,1,4,0,1,0,8,4,4,0,8,0,2,1
54403332,0,,,314,148,166,27,10,17,287,138,149,139,72,67,278,134,144,273,132,141,148,66,82,81,36,45,10,5,5,0,0,0,4,0,4,119,119,23,46,24,15,4,4,3,94,73,21,2,94,0,17,24
54403333,0,,,1117,538,579,138,68,70,975,468,507,603,308,295,942,451,491,911,441,470,372,160,212,187,76,111,69,19,50,8,1,7,8,4,4,387,382,90,127,81,46,21,13,4,289,244,45,29,216,7,47,56
54403334,0,,,544,275,269,63,35,28,481,240,241,295,150,145,463,229,234,455,226,229,186,90,96,79,40,39,28,13,15,3,2,1,14,0,14,191,191,36,53,41,38,13,8,2,154,118,36,15,116,4,17,33
54403335,0,,,39,17,22,2,1,1,37,16,21,23,10,13,36,16,20,35,15,20,14,6,8,6,2,4,1,0,1,0,0,0,0,0,0,14,14,3,3,6,0,1,0,1,11,6,5,0,11,0,2,1
54403336,0,,,234,117,117,14,7,7,220,110,110,122,61,61,217,110,107,211,109,102,98,49,49,58,28,30,21,7,14,0,0,0,0,0,0,89,89,14,30,27,13,3,2,0,75,58,17,1,58,0,11,13
54403337,0,,,197,101,96,16,7,9,181,94,87,101,59,42,178,93,85,178,93,85,80,35,45,37,15,22,14,4,10,0,0,0,0,0,0,79,79,22,24,16,7,9,1,0,56,40,16,5,50,0,11,18
54403338,0,,,107,58,49,3,2,1,104,56,48,48,29,19,101,54,47,100,53,47,56,27,29,27,15,12,7,5,2,0,0,0,0,0,0,46,46,11,17,14,1,2,1,0,35,29,6,0,34,0,7,9
54403339,0,,,45,23,22,2,1,1,43,22,21,23,13,10,42,22,20,40,20,20,20,9,11,11,5,6,4,2,2,0,0,0,0,0,0,17,17,2,8,3,2,2,0,0,15,11,4,0,13,0,1,5
54403340,0,,,332,167,165,32,19,13,300,148,152,175,86,89,296,148,148,291,145,146,125,62,63,52,22,30,17,5,12,0,0,0,3,1,2,117,117,21,40,22,16,9,7,2,96,71,25,7,80,1,13,18
54403341,0,,,207,102,105,23,15,8,184,87,97,131,62,69,176,83,93,169,80,89,53,25,28,31,14,17,8,2,6,0,0,0,7,0,7,69,69,19,12,7,22,4,1,4,50,37,13,6,33,2,10,4
54403342,0,,,329,163,166,31,14,17,298,149,149,168,89,79,286,142,144,285,141,144,130,60,70,59,30,29,26,10,16,4,0,4,2,0,2,111,110,19,32,26,21,8,2,2,91,73,18,10,68,0,12,18
54403343,0,,,421,209,212,39,25,14,379,182,197,231,118,113,371,176,195,368,174,194,148,64,84,83,32,51,29,11,18,0,0,0,3,3,0,177,177,59,51,28,26,8,3,2,118,98,20,8,106,4,37,23
54403344,0,,,86,44,42,10,4,6,76,40,36,54,29,25,74,40,34,71,38,33,22,11,11,7,4,3,3,1,2,0,0,0,2,2,0,31,31,6,10,5,6,3,1,0,25,20,5,2,14,1,2,4
54403345,0,,,251,132,119,27,15,12,224,117,107,136,74,62,218,112,106,215,109,106,88,43,45,52,21,31,17,7,10,0,0,0,0,0,0,93,93,17,39,16,8,5,7,1,76,59,17,6,63,0,14,17
54403346,0,,,73,37,36,9,4,5,64,33,31,41,22,19,62,32,30,62,32,30,23,11,12,10,5,5,5,2,3,0,0,0,4,4,0,31,31,10,8,7,4,2,0,0,21,17,4,3,16,3,5,4
54403347,0,,,242,129,113,24,15,9,218,114,104,143,74,69,211,112,99,208,111,97,75,40,35,32,17,15,12,5,7,0,0,0,0,0,0,89,89,15,26,28,14,2,3,1,73,64,9,9,50,0,9,14
54403348,0,,,255,123,132,10,5,5,245,118,127,126,67,59,239,114,125,235,112,123,119,51,68,70,23,47,30,9,21,5,1,4,2,2,0,93,92,25,21,24,14,6,2,0,67,45,22,1,67,2,14,12
54403349,0,,,77,40,37,5,3,2,72,37,35,20,12,8,69,35,34,68,34,34,52,25,27,40,17,23,28,12,16,4,0,4,1,1,0,20,18,4,10,1,0,1,2,0,14,12,2,1,12,1,1,7
54403350,0,,,242,109,133,27,15,12,215,94,121,135,54,81,202,92,110,200,92,108,80,40,40,35,16,19,9,3,6,1,1,0,0,0,0,75,75,12,19,14,14,5,9,2,62,37,25,6,48,0,7,10
54403351,0,,,240,117,123,25,15,10,215,102,113,107,54,53,211,100,111,209,99,110,108,48,60,53,23,30,17,6,11,2,0,2,1,0,1,87,87,14,36,15,11,3,6,2,73,57,16,5,69,0,13,18
54403352,0,,,131,67,64,11,7,4,120,60,60,62,33,29,114,57,57,113,56,57,58,27,31,32,10,22,13,5,8,2,1,1,1,0,1,44,44,5,16,10,7,2,2,2,39,27,12,3,34,0,4,8
54403353,0,,,1059,524,535,98,45,53,961,479,482,577,309,268,928,467,461,913,458,455,384,170,214,201,80,121,59,19,40,3,0,3,10,4,6,411,409,93,149,77,51,23,10,6,314,260,54,24,246,2,56,75
54403354,0,,,616,290,326,40,20,20,576,270,306,339,166,173,559,260,299,544,255,289,237,104,133,117,43,74,50,19,31,5,2,3,7,3,4,269,269,87,88,54,22,13,0,5,181,148,33,7,161,5,46,37
54403355,0,,,661,334,327,84,40,44,577,294,283,382,204,178,550,280,270,532,272,260,195,90,105,109,52,57,21,9,12,2,0,2,8,5,3,247,247,44,91,42,51,11,6,2,201,175,26,14,120,1,18,48
54403356,0,,,184,104,80,14,7,7,170,97,73,116,74,42,162,93,69,126,66,60,54,23,31,26,11,15,7,3,4,2,1,1,1,1,0,47,44,6,11,13,5,6,3,0,38,24,14,2,33,0,3,7
54403357,0,,,104,53,51,10,6,4,94,47,47,55,30,25,88,41,47,83,37,46,39,17,22,19,7,12,5,0,5,0,0,0,0,0,0,33,33,3,10,8,6,4,1,1,30,20,10,2,26,0,3,7
54403358,0,,,92,47,45,3,1,2,89,46,43,53,26,27,86,44,42,86,44,42,36,20,16,11,5,6,8,4,4,1,1,0,0,0,0,35,35,6,12,9,5,3,0,0,28,23,5,3,23,0,4,5
54403359,0,,,133,70,63,13,8,5,120,62,58,73,37,36,116,62,54,114,60,54,47,25,22,17,8,9,2,2,0,1,1,0,2,2,0,50,50,10,18,11,7,2,0,2,40,30,10,3,33,2,5,6
54403360,0,,,208,109,99,17,11,6,191,98,93,114,62,52,187,95,92,184,92,92,77,36,41,33,14,19,21,9,12,1,0,1,0,0,0,74,74,16,23,11,13,7,2,2,58,38,20,4,55,0,13,7
54403361,0,,,206,132,74,12,7,5,193,124,69,142,97,45,180,112,68,148,80,68,51,27,24,24,11,13,8,2,6,0,0,0,0,0,0,64,60,19,14,13,7,4,1,2,40,27,13,2,31,7,6,8
54403362,0,,,53,27,26,9,4,5,44,23,21,32,17,15,43,22,21,41,20,21,12,6,6,5,3,2,0,0,0,0,0,0,2,1,1,21,21,5,7,3,5,1,0,0,16,12,4,4,10,0,3,2
54403363,0,,,128,68,60,12,9,3,116,59,57,71,38,33,114,58,56,112,58,54,45,21,24,24,13,11,8,4,4,1,1,0,1,0,1,48,48,10,14,11,10,1,2,0,38,31,7,1,29,0,8,9
54403364,0,,,817,414,403,88,50,38,719,357,362,426,226,200,707,349,358,700,346,354,293,131,162,118,45,73,40,13,27,2,0,2,8,5,3,345,345,96,117,74,34,17,5,2,248,213,35,29,193,10,47,59
54403365,0,,,1302,638,664,208,111,97,1082,518,564,742,365,377,1034,499,535,1012,488,524,340,153,187,178,80,98,56,20,36,4,1,3,21,10,11,480,479,107,146,92,79,42,9,4,365,310,55,46,203,22,34,70
54403366,0,,,370,192,178,41,22,19,329,170,159,200,112,88,321,168,153,312,162,150,129,58,71,52,22,30,16,3,13,4,0,4,8,8,0,141,140,26,47,33,22,11,1,0,113,97,16,7,74,7,9,22
54403367,0,,,184,86,98,11,6,5,172,79,93,106,50,56,165,77,88,157,73,84,66,29,37,47,21,26,5,3,2,0,0,0,2,0,2,64,64,10,20,13,14,4,2,1,54,39,15,3,42,2,6,15
54403368,0,,,102,47,55,1,0,1,101,47,54,62,30,32,100,46,54,99,46,53,39,17,22,18,4,14,9,2,7,1,0,1,2,2,0,43,43,11,16,8,5,3,0,0,32,26,6,0,27,2,4,7
54403369,0,,,154,71,83,18,8,10,136,63,73,82,39,43,132,61,71,130,59,71,54,24,30,24,9,15,9,2,7,0,0,0,0,0,0,47,47,7,11,9,9,7,2,2,40,25,15,5,36,0,4,6
54403370,0,,,142,75,67,11,7,4,130,68,62,75,44,31,129,68,61,126,66,60,55,24,31,27,11,16,12,4,8,2,1,1,0,0,0,43,43,6,7,10,11,6,3,0,37,23,14,3,32,0,4,2
54403371,0,,,105,61,44,13,8,5,92,53,39,68,44,24,91,52,39,91,52,39,24,9,15,14,5,9,6,2,4,0,0,0,0,0,0,47,47,17,12,9,8,1,0,0,30,27,3,7,16,1,4,4
54403372,0,,,90,44,46,6,4,2,84,40,44,53,25,28,84,40,44,82,39,43,31,15,16,16,6,10,7,1,6,1,0,1,2,2,0,36,36,5,15,10,5,1,0,0,30,25,5,4,19,1,2,5
54403373,0,,,237,119,118,22,13,9,214,106,108,130,71,59,209,102,107,207,101,106,84,35,49,44,16,28,16,3,13,0,0,0,8,5,3,100,100,24,37,22,13,3,1,0,76,67,9,5,59,4,15,15
54403374,0,,,1600,798,802,187,106,81,1397,684,713,832,429,403,1352,656,696,1323,637,686,565,255,310,285,133,152,62,20,42,5,2,3,22,14,8,670,670,196,226,106,95,32,12,3,461,394,67,55,376,13,99,117
54403375,0,,,2042,1000,1042,249,128,121,1755,857,898,1219,613,606,1711,828,883,1685,812,873,536,244,292,231,102,129,52,18,34,1,0,1,42,23,19,892,892,282,294,159,111,29,15,2,596,525,71,85,362,51,73,122
54403376,0,,,855,424,431,123,64,59,727,357,370,480,244,236,700,340,360,682,333,349,247,113,134,84,35,49,26,7,19,2,2,0,3,2,1,314,312,55,106,64,60,19,8,0,252,222,30,26,160,6,30,54
54403377,0,,,61,32,29,0,0,0,60,31,29,34,19,15,59,31,28,57,31,26,26,12,14,14,5,9,4,1,3,0,0,0,0,0,0,24,24,5,8,5,5,1,0,0,19,11,8,0,18,0,3,4
54403378,0,,,508,250,258,61,31,30,447,219,228,230,128,102,430,208,222,421,204,217,217,91,126,115,42,73,39,14,25,4,0,4,4,2,2,65,59,16,19,10,9,5,0,0,43,33,10,3,39,3,7,13
54403379,0,,,332,138,194,10,7,3,322,131,191,116,65,51,317,129,188,310,125,185,206,66,140,164,43,121,100,16,84,22,1,21,2,0,2,69,64,12,22,14,9,5,2,0,50,34,16,1,43,0,7,9
54403380,0,,,154,84,70,10,5,5,144,79,65,82,49,33,139,77,62,137,76,61,62,30,32,30,13,17,9,4,5,0,0,0,1,1,0,56,56,12,17,13,9,1,1,3,44,31,13,2,38,1,6,7
54403381,0,,,171,80,91,15,8,7,156,72,84,86,40,46,149,70,79,145,70,75,70,32,38,32,13,19,8,1,7,0,0,0,0,0,0,65,65,14,21,12,12,5,1,0,51,39,12,4,45,0,13,15
54403382,0,,,1071,465,606,162,77,85,909,388,521,579,282,297,849,356,493,818,335,483,330,106,224,227,62,165,128,22,106,21,1,20,7,3,4,383,381,141,82,67,64,23,4,0,239,219,20,33,125,48,53,21
54403383,0,,,1024,486,538,148,81,67,875,404,471,532,260,272,857,398,459,848,394,454,343,144,199,166,57,109,73,14,59,9,0,9,10,1,9,375,374,74,141,85,55,11,3,5,294,269,25,49,164,19,29,68
54403384,0,,,839,424,415,147,81,66,685,338,347,482,243,239,663,325,338,646,313,333,203,95,108,101,56,45,12,7,5,1,1,0,32,8,24,326,326,89,95,57,46,30,8,1,231,196,35,41,130,25,24,40
54403385,0,,,1214,624,590,138,73,65,1057,541,516,704,371,333,1028,523,505,1016,514,502,353,170,183,174,77,97,53,19,34,4,0,4,16,3,13,542,538,191,165,97,56,22,7,0,342,313,29,47,227,22,60,75
54403386,0,,,1278,643,635,135,74,61,1130,561,569,695,375,320,1106,546,560,1031,490,541,435,186,249,228,84,144,91,23,68,23,2,21,19,11,8,536,535,193,147,105,71,13,3,3,332,295,37,36,227,38,50,69
54403387,0,,,274,131,143,23,10,13,251,121,130,157,75,82,248,119,129,243,117,126,94,46,48,52,27,25,15,7,8,1,0,1,3,0,3,108,108,24,34,27,16,5,2,0,83,63,20,6,65,0,16,16
54403388,0,,,137,64,73,10,6,4,127,58,69,85,39,46,120,56,64,116,54,62,42,19,23,20,11,9,4,1,3,0,0,0,3,0,3,43,42,4,13,10,8,6,1,0,38,27,11,4,25,0,2,4
54403389,0,,,344,168,176,49,20,29,293,147,146,199,103,96,288,144,144,287,144,143,94,44,50,46,21,25,18,11,7,2,1,1,0,0,0,122,122,24,31,32,19,11,4,1,98,82,16,19,62,0,15,10
54403390,0,,,209,110,99,36,20,16,173,90,83,127,70,57,167,88,79,164,87,77,46,20,26,23,10,13,8,2,6,0,0,0,4,3,1,68,67,11,21,13,13,5,0,4,55,42,13,9,33,3,5,8
54403391,0,,,140,69,71,21,10,11,119,59,60,81,41,40,112,55,57,110,53,57,38,18,20,18,8,10,5,3,2,0,0,0,1,0,1,50,50,9,16,10,10,1,4,0,41,32,9,5,28,2,4,5
54403392,0,,,295,151,144,51,25,26,244,126,118,160,82,78,233,120,113,228,117,111,84,44,40,31,16,15,10,6,4,1,1,0,2,0,2,96,96,12,25,24,22,9,2,2,84,74,10,10,51,0,6,21
54403393,0,,,1049,523,526,130,68,62,892,448,444,538,276,262,874,440,434,860,430,430,354,172,182,151,71,80,33,12,21,2,1,1,29,6,23,402,399,98,133,88,51,19,8,2,298,274,24,50,210,21,46,71
54403394,0,,,3187,1507,1680,536,271,265,2624,1221,1403,1895,893,1002,2534,1184,1350,2480,1156,1324,729,328,401,391,166,225,100,34,66,6,1,5,37,16,21,1340,1338,429,403,232,196,50,21,7,890,817,73,163,469,75,129,142
54403395,0,,,4215,2077,2138,667,342,325,3397,1650,1747,2479,1219,1260,3291,1600,1691,3229,1577,1652,918,431,487,429,197,232,91,37,54,7,4,3,41,29,12,1810,1810,596,521,330,272,61,20,10,1189,1090,99,204,618,108,154,208
54403396,0,,,3168,1569,1599,711,338,373,2392,1193,1199,1986,1014,972,2299,1151,1148,2261,1127,1134,406,179,227,192,81,111,63,21,42,6,0,6,17,6,11,1262,1261,391,286,258,253,53,15,5,861,809,52,258,256,96,69,77
54403397,0,,,1665,810,855,195,113,82,1450,683,767,986,505,481,1419,668,751,1393,658,735,464,178,286,249,72,177,108,23,85,19,1,18,9,5,4,693,690,234,209,122,90,26,7,2,445,398,47,65,251,52,68,66
54403398,0,,,2461,1242,1219,286,147,139,2114,1064,1050,1551,802,749,2044,1024,1020,2006,1008,998,563,262,301,217,94,123,49,18,31,1,0,1,26,15,11,1100,1100,406,308,198,122,44,17,5,680,614,66,75,386,66,88,108
54403399,0,,,385,196,189,33,21,12,352,175,177,221,112,109,336,167,169,321,157,164,131,63,68,51,22,29,14,4,10,2,0,2,1,1,0,142,142,19,56,33,20,10,3,1,121,105,16,9,83,0,9,34
54403400,0,,,71,47,24,10,7,3,61,40,21,43,30,13,58,38,20,58,38,20,18,10,8,6,5,1,0,0,0,0,0,0,14,12,2,31,31,13,8,3,4,1,2,0,17,12,5,1,13,10,2,3
54403401,0,,,187,101,86,21,8,13,161,88,73,101,64,37,159,88,71,157,86,71,60,24,36,22,7,15,8,0,8,1,0,1,27,24,3,84,84,38,17,14,8,2,4,1,45,34,11,3,38,11,8,11
54403402,0,,,142,91,51,11,8,3,131,83,48,92,64,28,128,81,47,127,81,46,39,19,20,14,7,7,8,4,4,2,0,2,36,36,0,62,62,38,1,8,5,5,2,3,24,11,13,2,22,26,2,1
54403403,0,,,372,179,193,42,22,20,329,156,173,221,110,111,317,151,166,305,149,156,108,46,62,39,13,26,14,3,11,0,0,0,18,13,5,128,128,33,35,18,19,8,7,8,94,63,31,12,74,6,13,9
54403404,0,,,103,68,35,6,2,4,96,65,31,67,47,20,91,61,30,87,58,29,29,18,11,6,3,3,1,0,1,0,0,0,26,26,0,52,52,29,13,1,5,0,3,1,23,15,8,2,19,14,2,4
54403410,0,,,183,111,72,20,6,14,163,105,58,113,82,31,161,104,57,160,103,57,50,23,27,29,12,17,12,4,8,0,0,0,43,39,4,86,86,47,13,10,8,3,3,2,39,27,12,4,32,28,4,6
54403411,0,,,169,96,73,12,6,6,154,88,66,97,63,34,152,86,66,148,84,64,57,25,32,27,10,17,12,4,8,0,0,0,24,22,2,69,69,33,7,10,11,3,2,3,35,20,15,5,34,18,7,3
54403412,0,,,125,66,59,12,5,7,113,61,52,85,46,39,110,60,50,106,58,48,28,15,13,15,7,8,1,0,1,0,0,0,19,14,5,47,47,19,5,9,5,6,2,1,28,16,12,5,17,5,1,2
54403413,0,,,40,23,17,4,3,1,36,20,16,29,17,12,35,19,16,35,19,16,7,3,4,2,0,2,1,0,1,0,0,0,6,5,1,20,20,10,4,2,4,0,0,0,10,6,4,2,7,5,1,2
54403414,0,,,104,50,54,10,3,7,86,43,43,61,29,32,83,43,40,81,42,39,25,14,11,8,5,3,1,0,1,0,0,0,15,10,5,57,57,35,10,3,5,4,0,0,21,17,4,0,19,10,7,6
54403420,0,,,99,53,46,7,6,1,92,47,45,55,29,26,87,43,44,83,41,42,37,18,19,21,10,11,4,2,2,0,0,0,4,3,1,34,34,11,4,6,6,5,1,1,23,12,11,0,22,1,4,2
54403421,0,,,127,65,62,8,1,7,119,64,55,75,45,30,118,64,54,114,63,51,44,19,25,18,6,12,8,2,6,0,0,0,15,11,4,53,53,23,9,9,5,5,1,1,30,20,10,2,28,9,4,6
54403422,1,,54403423,222,108,114,13,5,8,215,106,109,123,64,59,208,102,106,207,102,105,92,42,50,47,22,25,11,4,7,0,0,0,3,0,3,73,73,13,22,19,10,6,6,1,61,42,19,4,59,0,8,14
54403423,2,54403422,,6,3,3,*,*,*,*,*,*,*,*,*,*,*,*,*,*,*,*,*,*,*,*,*,*,*,*,*,*,*,*,*,*,4,4,*,*,*,*,*,*,*,*,*,*,*,*,*,*,*
54403430,0,,,21,11,10,0,0,0,21,11,10,15,8,7,20,11,9,20,11,9,6,3,3,1,0,1,0,0,0,0,0,0,0,0,0,9,9,3,3,1,1,1,0,0,6,5,1,0,6,0,2,0
54403432,0,,,176,87,89,7,5,2,169,82,87,104,55,49,163,78,85,157,75,82,65,27,38,36,11,25,14,3,11,0,0,0,7,4,3,65,65,16,21,11,8,5,2,2,49,36,13,1,44,4,10,10
54403433,0,,,32,14,18,5,2,3,27,12,15,16,7,9,27,12,15,26,11,15,11,5,6,3,1,2,1,0,1,0,0,0,0,0,0,14,14,5,2,6,0,1,0,0,9,8,1,2,7,0,3,2
54403434,0,,,152,79,73,15,9,6,137,70,67,77,38,39,135,69,66,135,69,66,60,32,28,24,12,12,5,2,3,1,0,1,9,8,1,61,59,13,26,7,7,2,2,2,43,38,5,2,38,1,8,13
54403440,0,,,176,90,86,10,8,2,166,82,84,108,57,51,166,82,84,165,81,84,58,25,33,26,9,17,9,1,8,2,0,2,0,0,0,51,50,11,18,11,7,3,0,0,39,28,11,1,33,0,9,8
54403441,0,,,357,164,193,24,15,9,333,149,184,142,82,60,328,146,182,322,140,182,191,67,124,124,32,92,70,14,56,9,1,8,2,2,0,96,95,16,32,23,10,6,5,3,78,50,28,4,68,0,12,15
54403442,0,,,19,10,9,4,2,2,15,8,7,10,5,5,13,8,5,12,7,5,5,3,2,2,2,0,1,1,0,0,0,0,0,0,0,5,5,1,1,0,0,2,1,0,4,2,2,1,4,0,1,1
54403443,0,,,61,34,27,11,8,3,50,26,24,29,17,12,49,25,24,48,24,24,21,9,12,6,1,5,1,0,1,0,0,0,0,0,0,22,22,4,7,3,6,2,0,0,17,15,2,2,12,0,2,4
54403444,0,,,551,274,277,47,24,23,504,250,254,290,150,140,489,239,250,479,234,245,214,100,114,96,40,56,32,9,23,1,0,1,8,4,4,201,199,39,59,46,29,18,8,0,159,117,42,14,141,0,28,28
54403450,0,,,151,77,74,10,5,5,141,72,69,82,43,39,136,68,68,134,67,67,59,29,30,24,10,14,7,1,6,0,0,0,0,0,0,63,63,17,22,12,7,4,1,0,45,38,7,0,42,0,11,9
54403451,0,,,327,165,162,33,20,13,294,145,149,173,91,82,282,142,140,278,139,139,121,54,67,51,18,33,15,7,8,0,0,0,1,0,1,118,118,25,31,33,17,2,8,2,92,71,21,6,79,1,18,10
54403453,0,,,13,6,7,2,0,2,11,6,5,7,4,3,11,6,5,11,6,5,4,2,2,2,2,0,0,0,0,0,0,0,0,0,0,5,5,0,3,1,1,0,0,0,5,4,1,1,3,0,0,1
54403454,0,,,647,294,353,77,33,44,568,259,309,367,196,171,535,248,287,527,244,283,201,63,138,150,39,111,99,23,76,25,5,20,16,8,8,263,261,120,60,38,31,12,0,0,140,129,11,22,82,26,37,16
54403460,0,,,17,10,7,3,2,1,14,8,6,8,5,3,14,8,6,14,8,6,6,3,3,2,1,1,1,0,1,0,0,0,0,0,0,6,6,2,1,0,2,1,0,0,4,2,2,2,4,0,1,1
54403461,0,,,102,42,60,13,3,10,89,39,50,56,24,32,89,39,50,86,37,49,33,15,18,16,4,12,9,3,6,1,0,1,0,0,0,34,34,4,8,11,7,3,1,0,30,24,6,2,21,0,4,3
54403463,0,,,93,50,43,8,6,2,85,44,41,47,26,21,81,43,38,80,43,37,38,18,20,11,4,7,7,3,4,0,0,0,0,0,0,29,29,2,8,9,6,2,1,1,27,20,7,0,22,0,0,5
54403464,0,,,892,393,499,68,33,35,779,352,427,463,236,227,712,322,390,697,316,381,316,116,200,200,65,135,108,25,83,25,4,21,5,2,3,301,296,92,88,63,35,15,3,0,203,169,34,14,155,8,45,37
54403465,0,,,377,201,176,47,24,23,329,176,153,200,113,87,319,169,150,314,166,148,129,63,66,61,31,30,19,10,9,0,0,0,7,7,0,154,154,44,45,33,20,9,2,1,110,93,17,12,85,5,20,18
54403470,0,,,167,82,85,9,4,5,158,78,80,105,55,50,158,78,80,157,78,79,53,23,30,25,8,17,5,2,3,0,0,0,3,2,1,43,41,11,14,7,6,1,2,0,30,22,8,2,25,3,5,7
54403471,0,,,374,198,176,26,17,9,345,180,165,189,106,83,342,179,163,338,179,159,156,74,82,65,28,37,22,5,17,2,1,1,0,0,0,139,139,26,43,36,22,7,4,1,112,84,28,6,100,0,18,24
54403472,0,,,195,100,95,19,10,9,176,90,86,95,51,44,172,87,85,171,87,84,81,39,42,30,11,19,13,3,10,0,0,0,0,0,0,56,56,4,12,19,10,1,5,5,52,31,21,6,48,0,3,6
54403473,0,,,105,56,49,10,8,2,95,48,47,52,25,27,88,44,44,87,44,43,43,23,20,21,10,11,6,3,3,0,0,0,1,0,1,39,39,10,11,7,6,2,3,0,29,21,8,4,26,0,7,8
54403474,0,,,746,396,350,63,29,34,675,360,315,433,256,177,653,346,307,635,338,297,242,104,138,118,42,76,57,13,44,8,0,8,21,12,9,314,313,117,88,49,33,14,8,4,194,154,40,11,142,43,27,35
54403475,0,,,2998,1515,1483,228,119,109,2757,1388,1369,1561,855,706,2679,1340,1339,2637,1319,1318,1196,533,663,609,243,366,205,61,144,11,6,5,94,44,50,1313,1312,444,416,224,148,58,18,4,864,701,163,52,808,35,232,194
54403476,1,,54403487,1935,958,977,153,84,69,1774,867,907,1031,546,485,1729,838,891,1704,827,877,743,321,422,382,141,241,134,45,89,12,4,8,71,28,43,863,863,312,264,150,78,37,15,8,547,433,114,34,526,34,156,110
54403477,0,,,25,12,13,1,0,1,24,12,12,13,7,6,24,12,12,23,12,11,11,5,6,6,2,4,1,0,1,0,0,0,0,0,0,11,11,3,4,3,0,1,0,0,8,7,1,0,8,0,1,2
54403480,0,,,702,341,361,221,103,118,481,238,243,408,206,202,474,231,243,470,228,242,73,32,41,25,10,15,7,2,5,0,0,0,3,2,1,219,219,20,50,48,74,22,3,2,196,179,17,71,50,0,8,10
54403481,0,,,190,93,97,16,9,7,173,83,90,116,57,59,170,82,88,162,78,84,57,26,31,27,10,17,8,3,5,0,0,0,0,0,0,71,71,13,22,22,6,6,1,1,58,50,8,4,38,1,8,12
54403482,0,,,235,120,115,18,11,7,217,109,108,120,64,56,207,102,105,203,101,102,97,45,52,50,22,28,14,5,9,1,1,0,4,0,4,95,95,24,32,21,9,7,1,1,70,56,14,1,61,0,16,18
54403483,0,,,149,71,78,12,5,7,137,66,71,72,35,37,134,64,70,131,61,70,65,31,34,32,15,17,11,4,7,0,0,0,0,0,0,50,50,8,13,11,13,1,3,1,42,26,16,3,40,0,6,6
54403484,0,,,612,315,297,38,19,19,571,294,277,343,188,155,558,290,268,553,287,266,228,106,122,115,44,71,46,13,33,4,3,1,26,15,11,247,246,78,68,49,31,15,2,3,167,125,42,13,139,21,24,25
54403485,0,,,3431,1723,1708,415,204,211,2940,1468,1472,2018,1067,951,2830,1410,1420,2775,1377,1398,922,401,521,428,165,263,144,43,101,8,2,6,233,121,112,1428,1426,476,401,246,196,79,17,11,931,803,128,104,605,63,146,158
54403486,0,,,1954,963,991,195,94,101,1742,853,889,1192,616,576,1684,828,856,1652,811,841,550,237,313,263,108,155,72,24,48,5,0,5,162,72,90,810,810,250,228,161,114,40,11,6,556,467,89,53,374,46,78,82
54403487,2,54403476,,1,0,1,*,*,*,*,*,*,*,*,*,*,*,*,*,*,*,*,*,*,*,*,*,*,*,*,*,*,*,*,*,*,1,1,*,*,*,*,*,*,*,*,*,*,*,*,*,*,*
54403490,0,,,268,132,136,28,12,16,240,120,120,147,78,69,236,119,117,234,117,117,93,42,51,38,14,24,8,2,6,0,0,0,0,0,0,101,101,16,32,32,16,2,3,0,83,72,11,10,60,0,11,17
54403491,0,,,233,110,123,35,21,14,198,89,109,111,51,60,194,87,107,194,87,107,87,38,49,36,14,22,10,1,9,0,0,0,1,0,1,87,87,12,32,24,13,3,3,0,75,61,14,8,57,0,10,18
54403492,0,,,276,139,137,28,12,16,247,127,120,145,81,64,244,126,118,242,125,117,102,46,56,45,19,26,16,5,11,1,0,1,1,0,1,103,103,28,24,23,18,4,4,2,75,59,16,10,70,0,22,12
54403493,0,,,553,270,283,26,13,13,527,257,270,221,114,107,523,256,267,517,252,265,306,143,163,169,67,102,89,25,64,12,3,9,0,0,0,110,108,25,27,26,18,9,1,2,83,58,25,7,75,0,16,16
54403494,0,,,250,115,135,34,15,19,216,100,116,136,67,69,211,96,115,208,95,113,80,33,47,44,16,28,13,4,9,0,0,0,2,0,2,85,85,12,25,27,7,9,2,3,73,53,20,5,53,2,6,15
54403495,0,,,459,236,223,39,21,18,403,204,199,267,141,126,391,197,194,385,193,192,136,63,73,67,27,40,14,5,9,0,0,0,9,4,5,186,186,54,50,39,31,9,2,1,126,98,28,10,96,2,19,23
54403496,0,,,705,301,404,113,62,51,591,239,352,391,168,223,561,226,335,545,220,325,200,71,129,109,30,79,40,11,29,3,0,3,31,2,29,306,305,102,97,46,41,15,3,1,203,179,24,29,141,24,50,31
54403497,0,,,339,179,160,27,15,12,312,164,148,165,100,65,302,156,146,297,154,143,147,64,83,80,32,48,31,9,22,3,1,2,4,3,1,145,145,47,46,21,24,3,2,2,97,81,16,6,96,2,32,25
54404000,0,,,243,123,120,23,12,11,220,111,109,126,68,58,212,105,107,210,103,107,94,43,51,40,17,23,18,6,12,1,0,1,1,1,0,70,70,5,16,21,13,5,5,5,64,35,29,8,59,0,3,11
54404001,0,,,180,90,90,19,8,11,161,82,79,99,54,45,156,79,77,153,77,76,62,28,34,29,9,20,11,1,10,1,0,1,2,1,1,55,55,7,14,13,9,6,3,3,48,30,18,2,40,0,5,5
54404002,0,,,1338,662,676,170,86,84,1162,572,590,828,419,409,1121,550,571,1096,543,553,334,153,181,168,74,94,52,22,30,4,0,4,66,32,34,533,533,150,158,110,62,32,13,8,381,310,71,52,230,31,49,54
54404003,0,,,462,227,235,51,21,30,411,206,205,285,150,135,401,200,201,388,195,193,126,56,70,51,24,27,11,5,6,1,1,0,3,1,2,151,149,23,39,36,33,9,7,2,125,97,28,15,84,0,15,18
54404004,0,,,134,66,68,13,6,7,121,60,61,77,41,36,113,56,57,109,54,55,44,19,25,15,6,9,5,1,4,0,0,0,0,0,0,42,42,5,14,6,8,5,2,2,36,25,11,3,28,0,3,3
54404005,2,54404006,,10,6,4,*,*,*,*,*,*,*,*,*,*,*,*,*,*,*,*,*,*,*,*,*,*,*,*,*,*,*,*,*,*,4,4,*,*,*,*,*,*,*,*,*,*,*,*,*,*,*
54404006,1,,54404005,101,52,49,15,9,6,96,49,47,67,33,34,95,49,46,92,47,45,29,16,13,15,7,8,6,3,3,0,0,0,0,0,0,29,29,2,10,7,7,4,2,1,31,22,9,4,19,0,1,6
54404007,0,,,16,7,9,0,0,0,16,7,9,6,4,2,15,6,9,15,6,9,10,3,7,5,1,4,1,0,1,0,0,0,0,0,0,7,7,2,3,0,2,0,0,0,5,3,2,0,7,0,2,2
54404008,1,,54404009,33,16,17,4,2,2,32,16,16,24,13,11,30,15,15,27,14,13,8,3,5,5,3,2,2,1,1,0,0,0,0,0,0,10,10,3,1,2,3,1,0,1,8,5,3,0,5,0,2,0
54404009,2,54404008,,3,2,1,*,*,*,*,*,*,*,*,*,*,*,*,*,*,*,*,*,*,*,*,*,*,*,*,*,*,*,*,*,*,1,1,*,*,*,*,*,*,*,*,*,*,*,*,*,*,*
54404010,0,,,324,157,167,22,11,11,302,146,156,166,86,80,297,144,153,292,143,149,136,60,76,46,19,27,23,7,16,3,2,1,0,0,0,112,112,14,43,20,15,16,4,0,97,66,31,6,82,0,8,23
54404011,0,,,154,71,83,18,8,10,136,63,73,91,43,48,131,62,69,130,62,68,45,20,25,19,7,12,11,3,8,2,0,2,0,0,0,47,47,2,17,12,4,7,4,1,44,30,14,7,26,0,2,8
54404012,0,,,177,93,84,11,3,8,165,89,76,98,56,42,159,86,73,156,84,72,67,33,34,28,12,16,8,2,6,0,0,0,2,2,0,70,70,18,21,16,9,3,3,0,52,38,14,2,46,1,11,9
54404013,0,,,157,76,81,9,5,4,148,71,77,58,34,24,145,69,76,145,69,76,90,37,53,65,23,42,42,12,30,9,1,8,0,0,0,39,38,5,11,14,4,1,2,1,33,23,10,2,27,0,3,5
54404014,0,,,16,9,7,0,0,0,16,9,7,13,7,6,15,9,6,14,8,6,3,2,1,1,1,0,0,0,0,0,0,0,0,0,0,6,6,2,1,0,3,0,0,0,4,2,2,0,3,0,2,0
54404015,0,,,115,52,63,8,2,6,107,50,57,68,31,37,103,50,53,98,48,50,39,19,20,21,8,13,8,2,6,2,0,2,1,0,1,35,35,1,11,9,8,3,3,0,34,24,10,3,25,0,1,4
54404016,0,,,253,110,143,33,11,22,220,99,121,112,55,57,216,96,120,215,95,120,108,44,64,70,22,48,36,7,29,7,0,7,0,0,0,58,57,6,10,16,8,7,6,4,51,27,24,8,41,0,5,3
54404017,0,,,215,104,111,27,15,12,188,89,99,120,61,59,185,88,97,183,87,96,68,28,40,28,10,18,9,3,6,0,0,0,0,0,0,69,69,9,20,14,16,5,1,4,60,42,18,6,42,1,5,10
54404018,0,,,136,69,67,18,11,7,118,58,60,78,39,39,115,57,58,114,57,57,40,19,21,16,5,11,9,3,6,0,0,0,0,0,0,43,43,7,13,6,7,6,2,2,35,22,13,3,27,0,4,3
54404020,0,,,174,91,83,29,18,11,145,73,72,92,50,42,141,72,69,138,69,69,53,23,30,20,10,10,9,6,3,0,0,0,2,1,1,50,50,8,9,10,11,4,4,4,42,19,23,6,35,0,5,6
54404021,0,,,650,329,321,60,30,30,588,298,290,349,186,163,569,287,282,561,281,280,239,112,127,114,42,72,37,13,24,2,0,2,4,0,4,221,221,34,65,50,42,16,11,3,186,120,66,12,158,0,23,31
54404022,0,,,96,48,48,10,5,5,86,43,43,52,28,24,83,42,41,82,42,40,34,15,19,15,6,9,10,4,6,0,0,0,0,0,0,30,30,3,9,6,6,3,3,0,27,13,14,3,22,0,2,5
54404023,0,,,439,239,200,21,13,8,418,226,192,196,125,71,408,217,191,399,212,187,222,101,121,156,63,93,76,17,59,12,1,11,5,2,3,27,21,4,5,5,3,1,1,2,17,10,7,1,12,0,2,3
54404024,0,,,205,101,104,26,14,12,179,87,92,112,60,52,171,82,89,166,80,86,67,27,40,37,17,20,19,7,12,3,0,3,1,0,1,62,61,9,17,10,11,4,7,3,52,32,20,4,42,0,8,11
54404025,0,,,315,164,151,30,19,11,285,145,140,169,92,77,275,139,136,267,133,134,116,53,63,54,22,32,25,10,15,0,0,0,0,0,0,107,107,16,35,23,18,7,5,3,89,59,30,7,74,0,11,22
54404026,0,,,243,121,122,25,12,13,218,109,109,127,65,62,211,105,106,204,100,104,91,44,47,47,22,25,17,8,9,1,0,1,0,0,0,77,77,8,25,19,14,2,4,5,69,45,24,6,57,0,6,14
54404027,0,,,279,143,136,27,10,17,252,133,119,156,85,71,244,127,117,237,123,114,96,48,48,44,20,24,5,4,1,1,1,0,0,0,0,90,90,14,25,21,12,8,6,4,76,57,19,5,62,1,9,15
54404028,0,,,455,218,237,41,21,20,412,195,217,251,127,124,386,180,206,375,174,201,161,68,93,84,32,52,30,11,19,2,0,2,1,0,1,175,175,42,56,33,28,8,7,1,133,105,28,10,106,0,25,26
54404029,0,,,130,63,67,9,1,8,121,62,59,72,41,31,120,62,58,117,59,58,49,21,28,21,8,13,11,2,9,0,0,0,0,0,0,50,50,12,16,9,9,2,1,1,38,28,10,1,33,0,6,6
54404030,0,,,183,98,85,15,11,4,168,87,81,95,56,39,164,85,79,163,85,78,73,31,42,36,14,22,14,5,9,2,0,2,1,0,1,60,60,11,15,15,6,6,6,1,49,30,19,4,48,0,7,9
54404031,0,,,794,397,397,87,49,38,707,348,359,446,228,218,694,341,353,683,335,348,261,120,141,121,50,71,42,11,31,4,0,4,23,13,10,260,260,55,59,53,39,32,14,8,204,122,82,22,165,20,26,35
54404032,0,,,171,83,88,13,6,7,158,77,81,96,49,47,152,73,79,147,72,75,62,28,34,28,12,16,11,4,7,0,0,0,1,0,1,65,65,19,18,12,7,4,3,2,46,32,14,4,42,0,10,7
54404033,0,,,356,157,199,24,10,14,330,146,184,172,88,84,324,144,180,319,141,178,158,58,100,97,26,71,62,9,53,10,0,10,1,0,1,96,95,13,29,20,16,10,3,4,79,51,28,5,64,0,6,13
54404034,0,,,193,94,99,28,12,16,165,82,83,100,53,47,160,81,79,158,79,79,65,29,36,30,8,22,16,3,13,1,0,1,0,0,0,56,55,7,12,9,14,6,6,1,48,27,21,8,39,0,6,6
54404035,0,,,139,72,67,15,6,9,124,66,58,81,44,37,118,63,55,117,62,55,43,22,21,15,4,11,5,2,3,0,0,0,2,0,2,48,48,10,13,11,8,2,1,3,38,26,12,4,29,0,6,5
54404036,0,,,225,108,117,23,15,8,202,93,109,114,54,60,194,91,103,192,90,102,88,39,49,40,16,24,9,2,7,1,0,1,2,0,2,82,82,15,30,15,12,5,3,2,67,54,13,3,55,0,12,19
54404037,0,,,782,371,411,126,69,57,656,302,354,423,199,224,630,287,343,622,287,335,233,103,130,100,36,64,31,8,23,4,0,4,3,1,2,277,277,60,68,62,51,23,10,3,217,166,51,32,152,2,33,27
54404038,0,,,1804,890,914,169,82,87,1608,791,817,1053,565,488,1556,763,793,1527,742,785,555,226,329,326,119,207,115,29,86,10,2,8,21,18,3,773,771,278,227,115,93,34,20,4,481,379,102,45,362,28,99,76
54404039,0,,,1398,703,695,187,103,84,1174,580,594,869,439,430,1133,561,572,1100,544,556,305,141,164,137,61,76,37,11,26,2,0,2,14,9,5,589,589,199,157,105,87,29,8,4,385,329,56,70,207,34,51,71
54404040,0,,,135,65,70,15,7,8,120,58,62,69,35,34,113,56,57,111,54,57,51,23,28,25,9,16,10,2,8,1,0,1,0,0,0,42,42,8,12,7,4,5,5,1,34,18,16,4,33,0,6,5
54404041,0,,,370,183,187,48,31,17,322,152,170,205,100,105,305,146,159,299,142,157,117,52,65,49,18,31,13,4,9,2,0,2,1,0,1,105,105,9,22,33,17,12,2,10,95,57,38,15,70,0,7,12
54404042,0,,,23,9,14,3,1,2,20,8,12,11,4,7,18,8,10,18,8,10,9,4,5,4,2,2,0,0,0,0,0,0,0,0,0,9,9,2,2,3,2,0,0,0,7,6,1,0,6,0,2,2
54404043,0,,,115,57,58,21,11,10,94,46,48,62,31,31,90,43,47,89,43,46,32,15,17,14,6,8,3,0,3,0,0,0,0,0,0,32,32,3,7,8,3,6,3,2,29,17,12,5,21,0,2,4
54404044,0,,,108,47,61,6,3,3,102,44,58,52,22,30,99,43,56,98,43,55,50,22,28,20,10,10,9,2,7,1,0,1,0,0,0,39,39,11,11,5,6,3,1,2,28,15,13,1,33,0,9,5
54404045,0,,,139,68,71,17,10,7,122,58,64,84,40,44,118,55,63,114,54,60,38,18,20,15,5,10,7,2,5,0,0,0,1,0,1,43,43,3,11,15,6,5,1,2,40,28,12,7,24,0,3,7
54404046,0,,,128,63,65,9,3,6,119,60,59,73,37,36,117,59,58,114,58,56,46,23,23,20,8,12,7,1,6,0,0,0,1,0,1,41,41,4,10,13,7,5,2,0,37,24,13,1,29,0,2,4
54404047,0,,,440,185,255,32,19,13,408,166,242,185,93,92,395,160,235,388,154,234,223,73,150,149,33,116,103,16,87,22,1,21,0,0,0,122,121,22,34,28,21,10,3,3,99,68,31,5,88,0,17,20
54404048,0,,,1436,713,723,200,105,95,1211,593,618,814,415,399,1178,574,604,1149,560,589,397,178,219,179,73,106,63,20,43,3,0,3,20,12,8,593,593,190,177,93,80,32,15,6,393,328,65,45,268,8,76,65
54404049,0,,,223,121,102,24,17,7,195,100,95,126,63,63,186,96,90,177,90,87,69,37,32,23,11,12,10,3,7,0,0,0,3,3,0,91,91,29,24,21,9,4,2,2,62,50,12,4,46,3,11,12
54404050,0,,,122,61,61,8,5,3,114,56,58,66,34,32,113,55,58,111,55,56,48,22,26,19,5,14,8,2,6,2,1,1,0,0,0,41,41,6,12,10,6,5,1,1,34,21,13,3,33,0,5,6
54404051,0,,,76,41,35,9,5,4,67,36,31,34,19,15,66,36,30,65,36,29,33,17,16,18,8,10,3,1,2,0,0,0,0,0,0,27,27,4,10,6,2,4,1,0,23,19,4,4,22,0,4,6
54404052,0,,,10,6,4,0,0,0,10,6,4,3,2,1,10,6,4,10,6,4,7,4,3,2,1,1,1,1,0,0,0,0,1,0,1,4,4,1,2,0,0,1,0,0,3,2,1,0,4,0,1,2
54404053,2,54404062,,4,2,2,*,*,*,*,*,*,*,*,*,*,*,*,*,*,*,*,*,*,*,*,*,*,*,*,*,*,*,*,*,*,2,2,*,*,*,*,*,*,*,*,*,*,*,*,*,*,*
54404055,0,,,51,25,26,7,2,5,44,23,21,27,14,13,44,23,21,44,23,21,17,9,8,7,2,5,2,0,2,0,0,0,0,0,0,14,14,1,1,5,5,0,1,1,13,4,9,1,13,0,1,0
54404056,0,,,121,61,60,6,3,3,115,58,57,65,34,31,111,56,55,110,55,55,50,24,26,21,10,11,9,3,6,1,0,1,2,0,2,39,39,6,11,8,7,3,2,2,33,20,13,1,33,0,6,3
54404057,0,,,300,158,142,22,10,12,278,148,130,149,88,61,273,144,129,269,141,128,129,60,69,58,27,31,16,8,8,1,1,0,0,0,0,105,105,17,35,21,17,8,7,0,84,59,25,5,84,0,14,17
54404058,0,,,220,112,108,21,10,11,199,102,97,116,62,54,194,100,94,191,97,94,83,40,43,36,17,19,11,4,7,1,0,1,4,4,0,89,89,24,28,19,9,7,2,0,64,52,12,1,54,4,10,14
54404059,0,,,172,84,88,13,6,7,159,78,81,101,52,49,154,76,78,150,73,77,58,26,32,26,13,13,11,5,6,1,1,0,2,0,2,54,54,8,13,12,10,4,7,0,46,31,15,3,35,0,3,8
54404060,0,,,200,102,98,26,12,14,174,90,84,111,61,50,169,88,81,167,88,79,63,29,34,37,15,22,11,5,6,0,0,0,10,6,4,54,54,5,12,10,15,4,4,4,47,27,20,6,39,0,4,4
54404061,0,,,269,142,127,23,17,6,246,125,121,142,79,63,239,121,118,234,118,116,104,46,58,53,21,32,21,8,13,0,0,0,4,0,4,84,84,13,22,20,11,7,5,6,68,42,26,6,70,1,8,7
54404062,1,,54404053,96,52,44,6,3,3,94,51,43,61,36,25,94,51,43,93,51,42,33,15,18,14,5,9,2,0,2,0,0,0,7,6,1,33,33,9,6,8,8,2,1,1,26,13,13,2,22,4,2,4
54404063,0,,,45,25,20,2,1,1,43,24,19,18,11,7,43,24,19,42,23,19,25,13,12,13,7,6,5,3,2,0,0,0,1,0,1,15,15,2,6,2,2,1,2,0,13,7,6,0,14,0,1,4
54404065,0,,,16,9,7,0,0,0,16,9,7,7,5,2,16,9,7,16,9,7,9,4,5,1,0,1,0,0,0,0,0,0,0,0,0,9,9,3,5,1,0,0,0,0,6,6,0,0,6,0,0,3
54404066,0,,,212,104,108,18,7,11,194,97,97,110,60,50,191,96,95,186,93,93,84,37,47,39,16,23,12,5,7,0,0,0,1,0,1,70,70,13,17,17,14,1,4,4,56,38,18,7,54,0,10,8
54404069,0,,,100,49,51,13,3,10,87,46,41,56,30,26,86,46,40,83,43,40,31,16,15,15,6,9,7,3,4,0,0,0,0,0,0,31,31,7,8,6,3,1,2,4,24,13,11,2,22,0,5,4
54404070,0,,,246,114,132,23,11,12,223,103,120,139,63,76,216,101,115,214,99,115,84,40,44,38,15,23,14,3,11,1,0,1,10,2,8,68,68,8,12,19,10,7,7,5,57,27,30,4,53,0,5,6
54404071,0,,,562,291,271,73,41,32,489,250,239,359,193,166,462,235,227,451,226,225,130,57,73,54,21,33,18,6,12,1,0,1,7,3,4,189,189,29,48,53,32,15,10,2,160,127,33,11,87,0,11,16
54404072,0,,,203,100,103,18,10,8,185,90,95,105,49,56,181,87,94,178,87,91,80,41,39,33,17,16,9,4,5,0,0,0,5,0,5,74,74,15,24,15,11,6,2,1,58,43,15,4,51,1,9,12
54404073,0,,,42,24,18,1,1,0,41,23,18,24,13,11,40,23,17,39,22,17,17,10,7,11,7,4,2,2,0,1,1,0,5,2,3,12,12,2,4,1,0,3,1,1,9,5,4,0,12,0,2,2
54404074,0,,,54,30,24,4,3,1,50,27,23,32,21,11,49,26,23,49,26,23,18,6,12,9,2,7,6,2,4,0,0,0,0,0,0,18,18,4,5,3,3,0,2,1,14,10,4,2,13,0,3,2
54404075,0,,,35,18,17,1,1,0,34,17,17,21,11,10,34,17,17,34,17,17,13,6,7,5,1,4,3,0,3,0,0,0,0,0,0,13,13,1,5,4,3,0,0,0,11,8,3,1,10,0,1,2
54404076,0,,,180,86,94,16,10,6,164,76,88,94,46,48,163,76,87,161,74,87,70,30,40,39,15,24,16,6,10,3,1,2,0,0,0,60,60,9,15,14,16,2,3,1,51,30,21,6,41,0,5,6
54404079,0,,,48,19,29,1,0,1,47,19,28,29,11,18,47,19,28,47,19,28,18,8,10,10,3,7,4,2,2,0,0,0,0,0,0,15,15,1,4,7,0,1,1,1,14,9,5,0,12,0,1,1
54404080,0,,,213,101,112,20,9,11,193,92,101,117,60,57,186,89,97,186,89,97,76,32,44,43,15,28,18,5,13,0,0,0,0,0,0,63,63,10,9,18,11,7,4,4,52,20,32,2,53,0,6,3
54404081,0,,,364,193,171,30,17,13,334,176,158,210,118,92,319,166,153,317,166,151,124,58,66,52,19,33,24,7,17,2,1,1,3,1,2,121,121,27,30,20,18,15,9,2,94,55,39,4,86,1,21,13
54404082,0,,,23,11,12,0,0,0,23,11,12,12,5,7,22,11,11,21,10,11,11,6,5,6,3,3,5,3,2,0,0,0,3,1,2,10,10,4,2,2,1,1,0,0,6,4,2,0,7,2,1,1
54404083,0,,,109,57,52,14,8,6,95,49,46,58,28,30,93,48,45,92,47,45,37,21,16,16,8,8,7,2,5,0,0,0,0,0,0,35,35,4,11,7,9,2,1,1,31,22,9,5,25,0,4,6
54404084,0,,,123,62,61,14,7,7,109,55,54,59,29,30,108,54,54,104,52,52,50,26,24,10,5,5,3,1,2,0,0,0,0,0,0,44,44,9,14,9,6,3,2,1,35,28,7,2,31,0,7,11
54404085,0,,,19,8,11,0,0,0,19,8,11,13,5,8,19,8,11,19,8,11,6,3,3,2,0,2,1,0,1,0,0,0,0,0,0,6,6,0,1,3,2,0,0,0,6,4,2,0,4,0,0,1
54404086,0,,,25,12,13,2,2,0,23,10,13,12,5,7,23,10,13,23,10,13,11,5,6,5,3,2,2,0,2,0,0,0,0,0,0,9,9,2,2,3,1,0,1,0,7,5,2,1,8,0,2,1
54404087,2,54404096,,1,1,0,*,*,*,*,*,*,*,*,*,*,*,*,*,*,*,*,*,*,*,*,*,*,*,*,*,*,*,*,*,*,1,1,*,*,*,*,*,*,*,*,*,*,*,*,*,*,*
54404089,0,,,121,59,62,14,10,4,107,49,58,67,30,37,101,48,53,97,46,51,40,19,21,13,6,7,6,1,5,1,0,1,0,0,0,33,33,5,5,6,6,5,5,1,28,14,14,1,24,0,4,2
54404090,0,,,212,109,103,14,8,6,198,101,97,109,58,51,193,98,95,192,98,94,89,43,46,36,16,20,17,5,12,2,0,2,3,2,1,69,69,6,23,16,14,5,4,1,62,38,24,1,52,0,2,12
54404091,0,,,232,122,110,22,14,8,210,108,102,122,69,53,205,106,99,204,106,98,88,39,49,40,17,23,14,6,8,2,0,2,5,3,2,79,79,14,27,15,11,5,4,3,64,47,17,8,55,5,7,12
54404092,0,,,454,236,218,58,40,18,396,196,200,252,134,118,388,192,196,383,190,193,144,62,82,58,17,41,34,9,25,4,0,4,1,1,0,139,138,21,37,30,13,19,12,6,116,74,42,14,95,0,13,11
54404093,0,,,79,41,38,7,5,2,72,36,36,44,21,23,72,36,36,71,35,36,28,15,13,14,6,8,2,0,2,1,0,1,0,0,0,28,28,3,8,13,1,1,2,0,25,19,6,2,20,0,2,4
54404094,0,,,91,48,43,4,1,3,87,47,40,55,30,25,81,44,37,81,44,37,32,17,15,13,7,6,7,2,5,1,0,1,0,0,0,33,33,10,6,5,8,2,2,0,23,16,7,0,24,0,8,2
54404095,0,,,86,39,47,7,2,5,79,37,42,48,25,23,77,35,42,75,34,41,31,12,19,16,7,9,6,3,3,0,0,0,0,0,0,27,27,5,7,2,6,5,2,0,22,11,11,2,21,0,3,2
54404096,1,,54404087,206,95,111,19,9,10,188,87,101,114,52,62,183,87,96,181,87,94,74,35,39,36,15,21,9,3,6,0,0,0,0,0,0,65,65,11,22,9,9,7,4,4,55,33,22,6,49,0,6,10
54404097,0,,,34,16,18,4,2,2,30,14,16,18,10,8,26,12,14,25,11,14,12,4,8,7,2,5,1,0,1,0,0,0,0,0,0,11,11,3,1,2,3,1,1,0,8,4,4,0,9,0,3,1
54404098,0,,,14,7,7,3,1,2,11,6,5,7,4,3,11,6,5,11,6,5,4,2,2,3,1,2,1,0,1,0,0,0,0,0,0,6,6,1,2,3,0,0,0,0,5,3,2,0,3,0,1,1
54404099,0,,,76,36,40,6,5,1,70,31,39,41,20,21,70,31,39,69,31,38,29,11,18,12,3,9,7,1,6,0,0,0,0,0,0,21,21,0,5,7,5,1,2,1,21,9,12,2,18,0,0,2
54404101,0,,,238,107,131,54,25,29,184,82,102,120,51,69,177,79,98,174,76,98,64,31,33,29,13,16,15,5,10,2,0,2,0,0,0,74,74,11,15,17,16,9,5,1,63,44,19,5,40,0,7,5
54404102,0,,,52,23,29,10,6,4,42,17,25,25,9,16,40,16,24,39,15,24,17,8,9,9,4,5,5,2,3,0,0,0,1,0,1,15,15,0,6,2,4,1,1,1,15,10,5,2,11,0,0,3
54404103,0,,,17,8,9,4,3,1,13,5,8,8,3,5,13,5,8,13,5,8,5,2,3,2,0,2,1,0,1,0,0,0,0,0,0,4,4,0,1,1,0,1,0,1,4,1,3,1,3,0,0,0
54404104,0,,,54,24,30,6,2,4,48,22,26,25,14,11,47,21,26,47,21,26,23,8,15,5,1,4,4,0,4,0,0,0,0,0,0,24,24,7,7,7,3,0,0,0,16,13,3,3,16,0,6,3
54404105,0,,,149,80,69,12,7,5,137,73,64,75,41,34,128,68,60,127,68,59,62,32,30,24,11,13,11,2,9,4,1,3,0,0,0,51,51,7,20,11,7,1,2,3,44,31,13,2,42,0,5,9
54404107,0,,,54,26,28,1,1,0,53,25,28,35,18,17,50,24,26,47,22,25,18,7,11,9,4,5,3,1,2,2,0,2,1,0,1,18,18,2,5,4,5,2,0,0,16,11,5,0,14,0,1,2
54404109,0,,,46,22,24,5,3,2,41,19,22,18,9,9,41,19,22,40,19,21,23,10,13,11,5,6,3,1,2,0,0,0,0,0,0,14,14,1,5,3,2,2,0,1,13,7,6,1,12,0,0,4
54404110,0,,,76,40,36,10,5,5,66,35,31,39,24,15,64,34,30,64,34,30,27,11,16,10,3,7,5,2,3,1,0,1,0,0,0,26,26,3,8,7,5,2,1,0,23,16,7,3,18,0,2,3
54404111,0,,,258,125,133,34,13,21,224,112,112,137,71,66,217,106,111,212,104,108,87,41,46,38,16,22,13,4,9,1,0,1,0,0,0,90,90,24,24,15,12,5,5,5,65,42,23,8,54,0,15,9
54404112,0,,,150,82,68,15,6,9,135,76,59,83,48,35,133,74,59,130,72,58,52,28,24,18,10,8,9,5,4,0,0,0,1,0,1,49,49,4,19,11,7,3,3,2,45,32,13,2,32,0,3,8
54404113,0,,,94,45,49,12,5,7,82,40,42,48,26,22,81,39,42,81,39,42,34,14,20,17,6,11,6,1,5,0,0,0,1,0,1,34,34,8,11,5,5,3,1,1,26,19,7,4,23,0,5,5
54404114,0,,,466,218,248,87,51,36,378,166,212,257,113,144,362,156,206,352,153,199,121,53,68,56,25,31,20,9,11,2,2,0,5,1,4,160,160,25,50,42,19,13,5,6,134,101,33,20,80,0,14,14
54404115,0,,,90,50,40,13,7,6,77,43,34,43,26,17,76,42,34,74,40,34,34,17,17,12,6,6,6,2,4,1,0,1,2,0,2,33,33,6,12,6,5,2,2,0,27,22,5,2,23,0,6,6
54404116,0,,,128,63,65,11,6,5,116,57,59,66,37,29,114,55,59,111,53,58,50,20,30,29,10,19,10,2,8,1,1,0,1,0,1,51,51,17,11,8,12,1,2,0,34,21,13,4,34,0,11,4
54404117,0,,,150,67,83,4,4,0,146,63,83,80,35,45,145,63,82,145,63,82,66,28,38,35,11,24,16,2,14,1,0,1,0,0,0,63,63,15,23,17,4,2,2,0,48,33,15,1,46,0,9,9
54404118,0,,,115,59,56,6,5,1,109,54,55,58,30,28,108,53,55,106,53,53,51,24,27,23,10,13,9,3,6,1,0,1,1,1,0,38,38,3,10,11,11,3,0,0,35,25,10,1,27,0,1,8
54404119,0,,,13,7,6,1,0,1,12,7,5,6,4,2,11,6,5,11,6,5,6,3,3,3,1,2,0,0,0,0,0,0,0,0,0,5,5,1,2,0,2,0,0,0,4,2,2,0,4,0,1,1
54404120,0,,,576,263,313,75,40,35,501,223,278,337,163,174,479,212,267,460,206,254,164,60,104,81,22,59,30,5,25,0,0,0,4,1,3,196,196,40,51,37,34,20,11,3,156,111,45,11,117,0,26,16
54404121,0,,,702,356,346,76,40,36,625,315,310,388,204,184,601,301,300,591,293,298,237,111,126,113,50,63,49,18,31,2,1,1,5,1,4,262,262,63,85,39,44,19,6,6,198,147,51,19,161,1,36,41
54404122,0,,,352,177,175,38,26,12,314,151,163,191,100,91,311,150,161,307,147,160,123,51,72,52,15,37,17,5,12,0,0,0,1,0,1,117,117,17,36,26,19,9,7,3,99,66,33,13,88,0,13,16
54404123,0,,,58,31,27,6,1,5,52,30,22,31,21,10,52,30,22,52,30,22,21,9,12,11,5,6,5,2,3,0,0,0,0,0,0,19,19,1,9,4,1,2,1,1,18,13,5,0,13,0,0,4
54404124,0,,,387,197,190,35,17,18,352,180,172,197,109,88,347,176,171,341,175,166,155,71,84,84,34,50,37,13,24,4,1,3,1,0,1,137,137,30,40,29,19,8,6,5,107,75,32,10,102,0,22,19
54404125,0,,,285,139,146,28,14,14,257,125,132,143,76,67,250,122,128,246,119,127,114,49,65,58,22,36,14,1,13,1,0,1,1,0,1,111,111,32,34,17,15,7,4,2,79,56,23,6,81,0,26,18
54404126,0,,,171,80,91,20,9,11,151,71,80,85,45,40,145,68,77,142,65,77,66,26,40,29,9,20,12,1,11,0,0,0,0,0,0,56,56,14,12,16,4,1,2,7,42,23,19,5,44,0,11,6
54404127,0,,,190,104,86,17,12,5,173,92,81,110,62,48,166,89,77,163,88,75,63,30,33,40,18,22,10,2,8,0,0,0,2,1,1,61,61,7,17,18,9,5,3,2,54,40,14,4,41,0,4,4
54404128,0,,,82,35,47,9,4,5,73,31,42,36,16,20,73,31,42,73,31,42,37,15,22,21,5,16,11,3,8,2,0,2,0,0,0,28,27,3,14,4,1,4,0,1,23,17,6,3,21,0,0,6
54404129,0,,,169,87,82,13,7,6,156,80,76,93,51,42,150,76,74,148,74,74,63,29,34,23,8,15,3,2,1,0,0,0,0,0,0,63,63,13,19,15,9,5,2,0,50,40,10,3,41,0,4,14
54404130,0,,,439,221,218,64,27,37,375,194,181,260,135,125,363,188,175,358,186,172,115,59,56,60,27,33,15,9,6,1,1,0,4,2,2,143,143,18,45,35,19,13,8,5,122,87,35,14,80,1,8,16
54404131,0,,,790,393,397,78,49,29,711,343,368,459,232,227,694,338,356,677,331,346,252,111,141,120,48,72,27,10,17,1,0,1,7,4,3,305,305,67,106,63,42,17,2,8,236,187,49,16,178,2,40,35
54404132,0,,,263,124,139,28,18,10,233,104,129,141,66,75,224,100,124,220,99,121,92,38,54,39,12,27,11,2,9,0,0,0,1,0,1,90,90,17,29,18,9,9,5,3,72,53,19,5,60,0,11,13
54404133,2,54404143,,6,3,3,*,*,*,*,*,*,*,*,*,*,*,*,*,*,*,*,*,*,*,*,*,*,*,*,*,*,*,*,*,*,3,3,*,*,*,*,*,*,*,*,*,*,*,*,*,*,*
54404134,0,,,28,14,14,7,5,2,21,9,12,12,6,6,20,8,12,19,8,11,9,3,6,4,0,4,2,0,2,1,0,1,0,0,0,8,8,3,0,1,1,1,1,1,5,1,4,0,7,0,3,0
54404135,0,,,138,70,68,9,4,5,129,66,63,72,40,32,129,66,63,127,64,63,57,26,31,23,12,11,7,5,2,1,1,0,0,0,0,52,52,7,21,10,11,3,0,0,45,33,12,2,37,0,5,9
54404136,0,,,463,230,233,35,19,16,420,207,213,247,131,116,409,199,210,406,199,207,173,76,97,90,33,57,23,8,15,2,1,1,0,0,0,197,197,65,59,37,19,12,4,1,131,100,31,6,124,1,39,26
54404137,0,,,222,117,105,23,14,9,199,103,96,118,63,55,193,100,93,190,99,91,81,40,41,39,17,22,6,1,5,1,0,1,1,0,1,79,79,9,35,20,3,3,7,2,70,51,19,5,53,0,5,15
54404138,0,,,12,5,7,0,0,0,12,5,7,6,3,3,12,5,7,12,5,7,6,2,4,4,1,3,1,0,1,0,0,0,0,0,0,5,5,0,3,2,0,0,0,0,5,3,2,0,4,0,0,2
54404139,0,,,622,248,374,86,44,42,526,200,326,319,139,180,502,189,313,486,180,306,207,61,146,124,26,98,82,13,69,18,1,17,2,0,2,216,213,63,63,36,37,8,3,3,145,125,20,25,83,1,35,12
54404140,0,,,129,64,65,12,9,3,117,55,62,69,37,32,113,53,60,109,51,58,48,18,30,25,8,17,6,0,6,0,0,0,4,3,1,46,46,7,16,14,2,3,3,1,38,25,13,4,28,1,2,6
54404141,0,,,270,133,137,20,7,13,250,126,124,147,79,68,246,125,121,241,121,120,103,47,56,54,24,30,16,5,11,1,0,1,0,0,0,94,94,12,32,27,12,5,2,4,81,56,25,3,69,0,9,14
54404142,0,,,201,95,106,20,10,10,181,85,96,107,52,55,180,84,96,177,84,93,74,33,41,25,8,17,12,1,11,1,0,1,5,3,2,64,64,11,13,17,11,5,6,1,53,32,21,6,48,2,7,9
54404143,1,,54404133,61,29,32,7,5,2,60,27,33,36,17,19,60,27,33,59,27,32,24,10,14,12,5,7,5,2,3,2,1,1,0,0,0,19,19,2,8,1,9,2,0,0,20,13,7,1,15,0,2,4
54404144,2,54404145,,2,1,1,*,*,*,*,*,*,*,*,*,*,*,*,*,*,*,*,*,*,*,*,*,*,*,*,*,*,*,*,*,*,1,1,*,*,*,*,*,*,*,*,*,*,*,*,*,*,*
54404145,1,,54404144,16,8,8,0,0,0,18,9,9,7,5,2,18,9,9,18,9,9,11,4,7,8,2,6,3,0,3,0,0,0,0,0,0,9,9,5,3,1,1,0,0,0,5,3,2,0,10,0,5,0
54404146,0,,,610,297,313,67,36,31,540,261,279,327,167,160,532,257,275,526,254,272,213,94,119,115,42,73,38,11,27,3,1,2,6,2,4,237,237,67,72,38,32,16,7,5,169,126,43,16,150,0,44,29
54404147,0,,,390,194,196,29,13,16,361,181,180,207,113,94,347,174,173,339,170,169,154,68,86,87,29,58,26,5,21,3,1,2,0,0,0,151,151,35,52,24,29,7,1,3,115,91,24,5,101,1,18,26
54404148,0,,,158,81,77,22,15,7,136,66,70,82,41,41,134,66,68,132,64,68,54,25,29,28,11,17,7,3,4,0,0,0,0,0,0,55,55,12,18,9,5,6,3,2,43,24,19,6,35,0,8,9
54404149,0,,,791,366,425,69,29,40,700,327,373,421,201,220,676,320,356,671,319,352,279,126,153,134,57,77,38,13,25,3,1,2,3,1,2,322,321,85,107,71,39,12,5,2,234,198,36,14,187,4,48,59
54404150,0,,,148,72,76,14,10,4,133,61,72,80,38,42,131,60,71,131,60,71,53,23,30,21,7,14,4,0,4,0,0,0,2,0,2,53,53,10,20,7,9,4,0,3,43,31,12,1,37,0,5,8
54404151,0,,,385,160,225,28,15,13,357,145,212,167,95,72,344,138,206,338,135,203,190,50,140,134,23,111,92,7,85,17,0,17,1,0,1,88,87,10,23,22,10,9,8,5,77,45,32,9,65,0,8,12
54404152,0,,,287,130,157,28,14,14,259,116,143,169,80,89,253,113,140,249,112,137,90,36,54,44,17,27,14,4,10,1,0,1,0,0,0,89,89,12,27,14,16,10,6,4,77,46,31,6,60,0,6,14
54404153,0,,,160,74,86,16,7,9,144,67,77,80,41,39,142,67,75,141,66,75,64,26,38,30,7,23,11,2,9,0,0,0,2,0,2,56,56,9,17,15,8,3,3,1,47,26,21,2,47,0,7,7
54404154,0,,,35,21,14,2,1,1,33,20,13,17,12,5,33,20,13,33,20,13,16,8,8,7,4,3,1,0,1,0,0,0,0,0,0,15,15,6,2,3,4,0,0,0,9,8,1,0,11,0,5,2
54404155,0,,,39,20,19,2,1,1,37,19,18,18,12,6,36,18,18,36,18,18,19,7,12,12,5,7,1,0,1,0,0,0,1,0,1,17,17,4,9,2,1,0,0,1,13,12,1,1,13,0,4,4
54404156,0,,,56,28,28,5,2,3,51,26,25,25,15,10,51,26,25,51,26,25,26,11,15,17,8,9,7,2,5,0,0,0,0,0,0,25,25,8,11,3,0,1,2,0,17,13,4,1,17,0,5,4
54404157,1,,54404167,309,145,164,38,16,22,279,134,145,175,87,88,268,128,140,261,122,139,104,47,57,51,19,32,17,8,9,0,0,0,0,0,0,107,107,22,31,27,19,7,3,3,89,66,23,4,73,0,16,14
54404158,0,,,476,213,263,47,24,23,426,188,238,223,112,111,414,186,228,407,182,225,203,76,127,124,42,82,65,19,46,8,0,8,1,0,1,161,160,42,47,35,18,16,2,0,117,99,18,10,94,0,26,26
54404159,0,,,1171,570,601,126,68,58,1027,490,537,631,328,303,999,479,520,971,464,507,396,162,234,231,91,140,76,23,53,7,2,5,16,3,13,494,492,182,138,82,61,13,12,4,300,261,39,31,239,15,72,57
54404160,0,,,432,204,228,47,25,22,385,179,206,240,116,124,372,176,196,361,172,189,145,63,82,55,18,37,20,2,18,3,1,2,1,0,1,141,141,27,38,25,21,14,13,3,114,78,36,10,97,0,19,19
54404161,0,,,159,80,79,17,9,8,142,71,71,89,48,41,137,68,69,131,65,66,53,23,30,25,11,14,7,4,3,0,0,0,0,0,0,47,47,7,12,7,8,6,4,3,40,23,17,2,34,0,4,5
54404162,0,,,241,119,122,29,18,11,212,101,111,130,66,64,205,98,107,202,97,105,82,35,47,42,15,27,14,5,9,2,0,2,0,0,0,75,75,13,23,11,10,8,6,4,61,33,28,7,57,0,9,11
54404163,0,,,65,29,36,8,3,5,57,26,31,33,17,16,56,25,31,56,25,31,24,9,15,15,4,11,9,4,5,0,0,0,0,0,0,23,23,5,5,6,3,4,0,0,18,11,7,0,18,0,4,0
54404164,0,,,58,29,29,8,5,3,50,24,26,30,16,14,50,24,26,50,24,26,20,8,12,6,2,4,1,0,1,0,0,0,0,0,0,18,18,3,6,3,2,1,1,2,15,11,4,2,13,0,1,3
54404165,0,,,36,20,16,0,0,0,36,20,16,19,12,7,35,20,15,34,19,15,17,8,9,6,2,4,2,0,2,0,0,0,0,0,0,14,14,2,7,2,1,2,0,0,12,8,4,0,12,0,2,1
54404166,0,,,150,78,72,15,8,7,135,70,65,79,41,38,132,67,65,131,67,64,56,29,27,20,10,10,6,2,4,0,0,0,0,0,0,56,56,10,19,13,8,5,1,0,46,37,9,2,33,0,5,11
54404167,2,54404157,,9,5,4,*,*,*,*,*,*,*,*,*,*,*,*,*,*,*,*,*,*,*,*,*,*,*,*,*,*,*,*,*,*,5,5,*,*,*,*,*,*,*,*,*,*,*,*,*,*,*
54404168,0,,,519,260,259,66,37,29,449,221,228,290,147,143,434,212,222,426,207,219,159,74,85,59,27,32,11,3,8,0,0,0,0,0,0,204,204,45,71,42,28,14,4,0,157,130,27,14,110,0,25,32
54404169,0,,,2170,1025,1145,284,140,144,1858,875,983,1177,595,582,1817,862,955,1772,837,935,681,280,401,341,115,226,123,26,97,12,1,11,7,4,3,875,874,254,279,174,110,40,11,6,612,533,79,89,421,16,121,105
54404170,0,,,121,57,64,12,6,6,109,51,58,60,29,31,108,50,58,107,50,57,49,22,27,21,9,12,14,6,8,1,0,1,0,0,0,42,42,5,17,12,3,0,2,3,36,25,11,3,30,0,3,9
54404175,0,,,25,12,13,4,3,1,21,9,12,11,4,7,19,8,11,19,8,11,10,5,5,6,3,3,2,1,1,0,0,0,0,0,0,9,9,1,4,2,1,0,1,0,8,7,1,0,6,0,1,3
54404176,0,,,25,15,10,4,4,0,21,11,10,11,7,4,20,10,10,20,10,10,10,4,6,4,2,2,1,0,1,0,0,0,0,0,0,10,10,2,3,3,2,0,0,0,8,8,0,1,6,0,2,3
54404177,0,,,142,74,68,12,5,7,130,69,61,71,41,30,126,68,58,122,67,55,59,28,31,29,13,16,6,2,4,0,0,0,1,1,0,53,53,11,15,17,4,3,2,1,42,32,10,3,42,0,10,6
54404178,0,,,375,193,182,31,18,13,344,175,169,209,107,102,329,169,160,321,166,155,135,68,67,51,23,28,16,6,10,2,0,2,0,0,0,141,141,26,52,26,23,11,1,2,115,97,18,3,88,0,13,30
54404179,0,,,383,185,198,35,19,16,342,163,179,218,110,108,333,160,173,322,153,169,124,53,71,50,20,30,13,2,11,1,1,0,6,0,6,173,173,67,49,28,16,9,3,1,103,84,19,7,87,4,31,21
54404180,0,,,200,104,96,15,7,8,185,97,88,104,58,46,179,93,86,175,92,83,81,39,42,45,20,25,12,4,8,1,0,1,1,1,0,68,68,11,21,16,9,5,4,2,57,34,23,2,56,0,10,12
54404181,0,,,12,7,5,0,0,0,12,7,5,10,7,3,12,7,5,12,7,5,2,0,2,2,0,2,0,0,0,0,0,0,0,0,0,7,7,3,3,1,0,0,0,0,4,4,0,0,2,0,1,0
54404186,0,,,31,16,15,2,2,0,29,14,15,13,6,7,28,14,14,27,14,13,16,8,8,4,3,1,2,1,1,1,0,1,0,0,0,17,17,9,5,1,1,1,0,0,8,7,1,1,12,0,6,3
54404187,1,,54404196,337,168,169,29,14,15,316,157,159,189,100,89,305,149,156,300,146,154,127,57,70,50,22,28,18,6,12,2,1,1,1,0,1,113,113,16,38,29,20,7,6,2,100,75,25,5,84,0,13,13
54404188,0,,,296,135,161,31,15,16,265,120,145,132,69,63,258,117,141,256,115,141,133,51,82,82,27,55,53,15,38,7,0,7,1,0,1,89,88,17,30,17,10,6,7,1,71,51,20,4,57,0,10,10
54404189,1,,54404199,75,36,39,1,1,0,76,36,40,47,23,24,72,35,37,71,35,36,29,13,16,19,8,11,6,3,3,0,0,0,0,0,0,26,26,6,6,8,3,2,1,1,21,13,8,0,20,0,4,2
54404190,0,,,10,6,4,0,0,0,10,6,4,5,4,1,10,6,4,9,5,4,5,2,3,1,1,0,0,0,0,0,0,0,0,0,0,5,5,3,0,1,1,0,0,0,2,1,1,0,4,0,2,0
54404192,0,,,55,29,26,7,4,3,48,25,23,21,11,10,48,25,23,47,24,23,27,14,13,5,2,3,2,0,2,0,0,0,0,0,0,20,20,5,8,2,1,1,2,1,14,8,6,1,16,0,4,4
54404194,1,,54404195,87,40,47,7,3,4,85,39,46,42,21,21,83,39,44,81,38,43,43,18,25,19,8,11,9,3,6,1,0,1,0,0,0,28,28,7,8,5,5,2,0,3,23,14,9,3,25,0,6,5
54404195,2,54404194,,5,2,3,*,*,*,*,*,*,*,*,*,*,*,*,*,*,*,*,*,*,*,*,*,*,*,*,*,*,*,*,*,*,2,2,*,*,*,*,*,*,*,*,*,*,*,*,*,*,*
54404196,2,54404187,,8,3,5,*,*,*,*,*,*,*,*,*,*,*,*,*,*,*,*,*,*,*,*,*,*,*,*,*,*,*,*,*,*,5,5,*,*,*,*,*,*,*,*,*,*,*,*,*,*,*
54404197,0,,,125,59,66,14,7,7,110,51,59,59,28,31,109,51,58,107,49,58,51,23,28,22,11,11,9,4,5,3,1,2,0,0,0,45,45,6,19,8,7,4,0,1,38,30,8,3,30,0,3,9
54404199,2,54404189,,2,1,1,*,*,*,*,*,*,*,*,*,*,*,*,*,*,*,*,*,*,*,*,*,*,*,*,*,*,*,*,*,*,1,1,*,*,*,*,*,*,*,*,*,*,*,*,*,*,*
54404200,0,,,253,120,133,17,10,7,236,110,126,121,60,61,226,106,120,223,104,119,115,50,65,43,16,27,16,5,11,3,0,3,0,0,0,99,99,22,38,12,20,4,2,1,77,55,22,6,70,0,13,25
54404201,0,,,41,20,21,5,3,2,36,17,19,20,11,9,36,17,19,36,17,19,16,6,10,12,5,7,2,1,1,0,0,0,0,0,0,15,15,2,5,4,3,1,0,0,13,10,3,1,10,0,1,3
54404202,0,,,236,119,117,18,7,11,212,111,101,133,72,61,203,106,97,201,105,96,79,39,40,39,17,22,7,4,3,1,0,1,1,0,1,97,97,23,37,16,16,3,2,0,72,56,16,6,50,2,3,15
54404203,0,,,1139,533,606,131,79,52,998,449,549,592,286,306,970,439,531,954,434,520,406,163,243,224,75,149,91,20,71,20,1,19,2,2,0,431,430,108,141,91,59,19,7,5,321,275,46,36,219,14,42,70
54404204,0,,,1540,773,767,226,106,120,1290,654,636,891,472,419,1256,634,622,1226,617,609,399,182,217,167,78,89,31,14,17,4,0,4,13,8,5,652,652,195,213,128,71,26,14,5,449,406,43,73,252,17,59,99
54404205,0,,,2084,1028,1056,401,206,195,1656,810,846,1252,619,633,1599,788,811,1562,766,796,404,191,213,185,72,113,59,17,42,8,2,6,31,16,15,806,802,215,218,172,140,44,10,3,576,515,61,117,243,30,51,82
54404206,0,,,1225,599,626,167,85,82,1039,504,535,678,331,347,1006,487,519,991,481,510,361,173,188,151,73,78,35,16,19,0,0,0,5,2,3,491,490,124,172,88,66,31,5,4,358,319,39,47,220,27,40,88
54404207,0,,,98,42,56,11,6,5,86,35,51,64,25,39,86,35,51,84,35,49,22,10,12,8,2,6,4,1,3,1,0,1,24,8,16,40,39,18,11,5,3,0,1,1,20,18,2,2,15,4,5,4
54404208,0,,,160,83,77,15,6,9,145,77,68,79,45,34,137,73,64,135,72,63,66,32,34,29,14,15,6,3,3,1,0,1,0,0,0,64,64,11,27,15,5,6,0,0,53,50,3,2,38,0,5,18
54404209,0,,,300,144,156,30,14,16,269,129,140,151,76,75,264,125,139,261,122,139,118,53,65,60,25,35,24,8,16,1,0,1,1,1,0,108,104,23,33,25,19,1,1,2,81,71,10,9,60,1,15,19
54404210,0,,,24,11,13,3,0,3,21,11,10,11,6,5,21,11,10,21,11,10,10,5,5,3,2,1,2,1,1,0,0,0,0,0,0,8,8,1,2,2,2,1,0,0,7,4,3,2,7,0,1,2
54404211,0,,,104,50,54,6,3,3,98,47,51,50,22,28,94,45,49,92,45,47,48,25,23,19,8,11,7,3,4,3,1,2,1,1,0,36,36,6,12,5,9,1,3,0,28,19,9,1,30,0,5,7
54404212,0,,,464,231,233,40,17,23,422,213,209,244,131,113,413,210,203,404,204,200,178,82,96,84,37,47,16,3,13,1,0,1,0,0,0,188,188,49,55,47,25,9,2,1,137,112,25,5,119,0,34,33
54404213,0,,,1545,768,777,154,87,67,1378,676,702,825,426,399,1331,646,685,1305,633,672,553,250,303,267,114,153,92,33,59,10,4,6,9,3,6,598,596,150,199,119,75,33,14,6,442,359,83,37,346,11,75,106
54404214,0,,,2883,1432,1451,297,152,145,2493,1229,1264,1672,862,810,2425,1192,1233,2378,1170,1208,821,367,454,463,198,265,170,65,105,17,6,11,14,4,10,1364,1361,597,358,204,138,48,10,6,752,643,109,95,501,113,134,155
54404215,0,,,2489,1193,1296,348,170,178,2060,987,1073,1453,732,721,1988,945,1043,1938,929,1009,607,255,352,329,138,191,96,36,60,6,2,4,31,15,16,1102,1100,419,292,176,148,52,9,4,674,618,56,106,387,68,106,137
54404216,0,,,2300,1129,1171,303,164,139,1975,954,1021,1368,681,687,1885,911,974,1833,885,948,607,273,334,292,115,177,108,31,77,7,1,6,5,0,5,874,872,190,313,166,136,53,9,5,675,613,62,87,348,20,67,120
54404217,0,,,57,30,27,2,2,0,55,28,27,31,16,15,53,27,26,53,27,26,24,12,12,14,5,9,4,1,3,0,0,0,0,0,0,24,24,6,6,10,1,1,0,0,18,13,5,1,16,0,3,4
54404218,0,,,286,142,144,20,11,9,266,131,135,154,79,75,256,126,130,250,123,127,112,52,60,54,20,34,21,7,14,2,0,2,1,0,1,111,111,30,33,19,16,10,2,1,80,52,28,6,77,0,20,17
54404219,0,,,515,241,274,46,23,23,468,217,251,284,138,146,455,211,244,451,210,241,184,79,105,95,37,58,37,13,24,2,1,1,0,0,0,182,182,31,50,46,37,12,5,1,151,110,41,12,118,0,20,20
54404220,0,,,165,79,86,21,11,10,144,68,76,67,33,34,142,67,75,139,66,73,77,35,42,28,13,15,7,2,5,1,0,1,1,1,0,62,62,10,27,11,6,6,1,1,52,42,10,4,47,0,7,17
54404221,0,,,99,55,44,8,5,3,91,50,41,50,29,21,90,49,41,89,49,40,41,21,20,18,8,10,7,5,2,0,0,0,0,0,0,37,37,9,10,8,8,0,1,1,26,22,4,3,25,0,7,8
54404222,0,,,1012,480,532,94,47,47,910,430,480,522,243,279,891,416,475,881,415,466,388,187,201,129,65,64,23,6,17,2,0,2,2,1,1,433,433,100,188,87,32,19,1,6,330,294,36,23,252,5,57,97
54404223,0,,,214,97,117,19,7,12,192,88,104,123,50,73,184,87,97,182,86,96,69,38,31,22,12,10,7,4,3,0,0,0,0,0,0,94,94,30,32,15,13,2,1,1,64,55,9,8,47,1,12,17
54404224,0,,,2042,940,1102,223,106,117,1803,830,973,1186,572,614,1744,800,944,1694,774,920,617,258,359,353,133,220,138,45,93,26,5,21,7,4,3,822,821,241,248,170,111,32,14,5,577,500,77,64,379,31,106,101
54404225,0,,,1053,498,555,102,45,57,938,447,491,570,281,289,913,431,482,893,417,476,368,166,202,170,77,93,44,16,28,1,0,1,7,2,5,461,456,160,144,85,53,10,3,1,292,259,33,32,237,19,62,80
54404226,0,,,556,273,283,66,33,33,471,231,240,340,180,160,456,222,234,446,218,228,131,51,80,54,18,36,19,6,13,0,0,0,2,1,1,252,252,108,63,34,26,13,6,2,139,118,21,19,91,17,25,20
54404227,0,,,272,148,124,38,22,16,234,126,108,138,81,57,223,116,107,221,114,107,96,45,51,46,19,27,13,5,8,0,0,0,0,0,0,92,92,9,30,26,18,4,2,3,83,62,21,1,59,0,6,18
54404228,0,,,641,306,335,170,84,86,471,222,249,342,166,176,432,203,229,421,199,222,129,56,73,52,19,33,17,3,14,2,0,2,9,4,5,196,193,31,44,41,58,16,3,0,162,141,21,27,84,7,15,26
54404229,0,,,274,121,153,26,13,13,171,88,83,104,54,50,166,84,82,164,83,81,67,34,33,35,16,19,14,8,6,2,2,0,2,0,2,69,68,10,21,13,17,5,1,1,55,42,13,7,48,0,7,10
54404230,0,,,289,148,141,22,11,11,260,134,126,144,74,70,255,133,122,251,130,121,116,60,56,45,25,20,7,2,5,0,0,0,1,1,0,129,129,47,41,23,9,5,2,2,79,65,14,6,79,3,23,26
54404231,0,,,129,62,67,16,4,12,113,58,55,62,29,33,112,57,55,110,56,54,51,29,22,12,7,5,3,1,2,0,0,0,1,1,0,48,48,9,17,10,7,3,1,1,38,29,9,2,35,0,6,7
54404232,0,,,20,9,11,0,0,0,20,9,11,10,5,5,20,9,11,20,9,11,10,4,6,6,2,4,4,1,3,1,1,0,0,0,0,9,9,3,2,3,1,0,0,0,6,3,3,0,7,1,2,2
54404233,0,,,54,27,27,6,4,2,48,23,25,24,10,14,47,23,24,47,23,24,24,13,11,10,5,5,3,2,1,0,0,0,0,0,0,21,21,8,3,4,3,2,1,0,13,7,6,2,14,1,4,1
54404234,0,,,319,158,161,38,23,15,281,135,146,168,85,83,272,131,141,265,125,140,113,50,63,56,23,33,22,9,13,1,1,0,3,2,1,112,112,13,39,28,21,7,3,1,98,83,15,11,69,0,8,20
54404235,0,,,380,185,195,35,11,24,343,174,169,221,118,103,332,171,161,322,164,158,122,56,66,53,22,31,25,7,18,4,2,2,1,0,1,129,129,22,32,34,24,11,4,2,107,76,31,9,81,0,13,11
54404236,0,,,450,231,219,41,21,20,409,210,199,253,139,114,400,203,197,390,197,193,156,71,85,69,29,40,21,5,16,1,0,1,0,0,0,157,157,19,53,41,26,12,4,2,138,106,32,15,103,0,11,30
54404237,0,,,384,182,202,43,20,23,340,161,179,210,107,103,321,154,167,311,148,163,130,54,76,57,24,33,14,2,12,3,0,3,2,1,1,135,135,18,41,42,17,14,1,2,117,96,21,12,80,0,12,25
54404238,0,,,2493,1217,1276,482,227,255,1967,963,1004,1480,739,741,1904,931,973,1877,915,962,487,224,263,212,92,120,54,15,39,7,2,5,16,7,9,1004,995,291,266,194,182,49,12,1,690,630,60,146,318,40,81,99
54404239,0,,,196,113,83,28,18,10,168,95,73,122,74,48,162,90,72,160,89,71,46,21,25,25,12,13,9,4,5,1,0,1,0,0,0,79,79,28,13,19,14,3,1,1,51,42,9,8,27,6,5,4
54404240,0,,,1560,745,815,142,73,69,1410,669,741,870,426,444,1369,649,720,1335,634,701,540,243,297,276,122,154,79,27,52,6,1,5,10,4,6,640,640,167,225,116,92,26,6,8,470,401,69,25,376,6,92,101
54404241,0,,,40,20,20,3,2,1,37,18,19,26,12,14,35,17,18,34,17,17,11,6,5,4,3,1,1,1,0,1,1,0,1,1,0,15,15,0,9,3,2,1,0,0,15,14,1,1,5,0,0,4
54404242,0,,,94,47,47,9,3,6,85,44,41,52,31,21,83,43,40,80,41,39,33,13,20,15,5,10,5,1,4,0,0,0,0,0,0,31,31,4,10,8,4,2,1,2,25,19,6,1,21,0,4,4
54404243,0,,,82,42,40,6,2,4,76,40,36,38,20,18,76,40,36,75,39,36,38,20,18,15,7,8,5,2,3,2,1,1,0,0,0,33,33,9,9,9,2,4,0,0,24,19,5,1,25,0,7,4
54404244,0,,,166,71,95,10,2,8,156,69,87,86,38,48,152,69,83,151,68,83,70,31,39,32,12,20,10,2,8,0,0,0,0,0,0,60,60,7,23,11,16,2,1,0,53,41,12,1,44,0,3,13
54404245,0,,,147,75,72,20,12,8,127,63,64,80,40,40,123,60,63,120,58,62,47,23,24,24,10,14,7,1,6,2,0,2,7,1,6,54,54,8,19,10,14,3,0,0,46,40,6,8,30,0,6,10
54404246,0,,,210,103,107,20,8,12,190,95,95,94,49,45,188,94,94,186,93,93,96,46,50,40,14,26,7,0,7,2,0,2,0,0,0,82,82,16,31,20,10,2,1,2,66,54,12,5,61,0,14,17
54404247,0,,,463,226,237,46,27,19,415,197,218,266,132,134,404,192,212,396,188,208,149,65,84,75,32,43,28,8,20,5,0,5,1,0,1,183,183,44,62,38,21,12,5,1,138,113,25,15,98,4,19,30
54404248,0,,,2097,1006,1091,259,141,118,1797,843,954,1234,605,629,1748,819,929,1722,811,911,563,238,325,279,107,172,115,34,81,20,6,14,7,3,4,983,981,422,261,147,108,29,10,4,549,486,63,90,348,86,124,101
54404249,0,,,216,111,105,38,20,18,177,90,87,120,62,58,168,85,83,166,85,81,57,28,29,27,11,16,9,2,7,1,0,1,6,2,4,75,75,12,20,21,14,4,3,1,63,51,12,11,38,0,6,9
54404250,0,,,2216,1101,1115,226,113,113,1951,971,980,1261,657,604,1876,926,950,1831,906,925,690,314,376,339,146,193,103,40,63,8,0,8,20,8,12,922,920,290,287,147,116,51,19,10,621,512,109,61,470,19,127,119
54404251,0,,,164,91,73,20,13,7,141,76,65,98,59,39,138,75,63,134,75,59,43,17,26,19,7,12,8,0,8,0,0,0,0,0,0,66,66,23,17,12,6,3,3,2,43,27,16,2,28,6,1,8
54404252,0,,,104,51,53,10,5,5,94,46,48,51,26,25,91,44,47,90,43,47,43,20,23,23,8,15,13,5,8,0,0,0,0,0,0,33,33,2,14,8,2,3,3,1,31,21,10,2,27,0,2,9
54404253,0,,,153,76,77,13,7,6,140,69,71,71,36,35,139,68,71,138,67,71,69,33,36,37,14,23,19,6,13,1,1,0,1,0,1,51,51,8,17,12,5,4,2,3,43,28,15,4,43,0,7,13
54404254,0,,,231,118,113,23,14,9,208,104,104,120,62,58,201,102,99,195,97,98,88,42,46,30,12,18,9,2,7,0,0,0,0,0,0,75,75,13,22,12,12,9,4,3,62,43,19,8,57,0,11,14
54404255,0,,,213,106,107,28,11,17,185,95,90,117,63,54,178,92,86,173,89,84,68,32,36,23,11,12,4,0,4,0,0,0,1,0,1,78,78,18,22,18,10,6,2,2,60,48,12,6,45,1,11,12
54404256,0,,,27,13,14,2,0,2,25,13,12,19,10,9,25,13,12,24,12,12,6,3,3,3,1,2,0,0,0,0,0,0,0,0,0,10,10,2,3,2,2,1,0,0,8,7,1,0,4,0,1,0
54404257,0,,,306,151,155,39,17,22,267,134,133,170,92,78,260,129,131,251,125,126,97,42,55,43,17,26,6,1,5,1,1,0,1,0,1,118,118,24,41,24,20,6,3,0,94,81,13,10,64,0,13,18
54404258,0,,,1151,563,588,150,78,72,997,482,515,642,324,318,965,464,501,937,447,490,355,158,197,198,79,119,72,27,45,8,0,8,1,0,1,403,402,78,116,89,65,33,17,4,322,254,68,32,211,10,34,54
54404259,0,,,351,171,180,21,11,10,330,160,170,149,82,67,316,153,163,315,153,162,181,78,103,126,55,71,75,30,45,0,0,0,0,0,0,104,102,17,31,33,12,6,2,1,83,67,16,5,68,0,11,16
54404260,0,,,1574,735,839,184,98,86,1372,629,743,835,404,431,1333,609,724,1321,603,718,537,225,312,296,111,185,118,40,78,5,2,3,9,3,6,664,663,186,245,118,62,37,9,6,474,398,76,48,375,9,91,90
54404261,0,,,26,15,11,1,1,0,25,14,11,11,8,3,24,13,11,24,13,11,14,6,8,5,2,3,1,1,0,0,0,0,0,0,0,16,16,10,3,2,1,0,0,0,6,6,0,0,11,0,7,2
54404262,0,,,147,64,83,15,8,7,132,56,76,88,39,49,131,56,75,129,55,74,44,17,27,22,6,16,7,3,4,1,0,1,1,0,1,54,54,10,19,6,14,5,0,0,44,34,10,4,31,0,5,6
54404263,0,,,276,135,141,27,17,10,249,118,131,145,71,74,241,114,127,237,112,125,104,47,57,45,19,26,25,8,17,1,1,0,0,0,0,98,98,18,35,18,12,8,4,3,80,52,28,5,73,0,13,16
54404264,0,,,67,31,36,6,2,4,61,29,32,32,16,16,58,28,30,58,28,30,29,13,16,12,3,9,5,1,4,1,1,0,0,0,0,30,30,12,9,3,4,1,0,1,18,15,3,3,22,0,9,4
54404265,0,,,79,40,39,4,2,2,75,38,37,49,27,22,74,37,37,73,36,37,26,11,15,15,6,9,5,1,4,1,0,1,0,0,0,24,24,4,7,3,3,3,3,1,20,13,7,2,17,0,3,3
54404267,1,,54404277,479,315,164,5,3,2,26,14,12,18,10,8,24,13,11,23,13,10,8,4,4,0,0,0,0,0,0,0,0,0,0,0,0,24,12,12,2,0,1,1,0,1,5,3,2,1,6,1,2,1
54404268,0,,,420,198,222,46,23,23,373,174,199,219,104,115,360,168,192,355,166,189,154,70,84,81,32,49,26,7,19,2,1,1,1,0,1,144,144,15,56,32,21,13,4,3,129,97,32,13,96,2,9,36
54404269,0,,,691,338,353,82,46,36,609,292,317,389,191,198,592,287,305,580,282,298,220,101,119,118,49,69,33,11,22,2,0,2,3,0,3,262,261,53,86,58,46,10,5,3,206,169,37,25,155,0,34,35
54404270,0,,,707,354,353,46,23,23,651,327,324,404,217,187,635,319,316,618,310,308,247,110,137,114,45,69,31,9,22,3,1,2,8,0,8,296,293,116,73,45,33,14,7,5,175,133,42,12,163,10,48,27
54404271,0,,,436,212,224,34,16,18,401,195,206,248,126,122,395,192,203,391,188,203,153,69,84,68,28,40,28,8,20,2,1,1,0,0,0,172,172,42,55,34,29,7,4,1,126,93,33,8,106,3,25,22
54404272,0,,,196,102,94,19,9,10,177,93,84,122,70,52,172,90,82,172,90,82,55,23,32,28,8,20,11,3,8,1,0,1,1,0,1,53,52,11,15,7,10,7,1,1,41,30,11,6,34,0,6,6
54404275,0,,,82,43,39,10,5,5,72,38,34,45,24,21,71,38,33,70,37,33,27,14,13,21,10,11,8,4,4,1,1,0,0,0,0,27,27,6,6,6,4,2,2,1,20,11,9,2,18,0,5,1
54404276,0,,,78,36,42,9,3,6,69,33,36,34,17,17,69,33,36,69,33,36,35,16,19,17,7,10,6,2,4,0,0,0,0,0,0,28,28,5,9,5,6,2,1,0,23,14,9,3,21,0,4,7
54404277,2,54404267,,8,6,2,*,*,*,*,*,*,*,*,*,*,*,*,*,*,*,*,*,*,*,*,*,*,*,*,*,*,*,*,*,*,5,5,*,*,*,*,*,*,*,*,*,*,*,*,*,*,*
54404278,0,,,151,76,75,20,13,7,131,63,68,75,35,40,128,63,65,127,63,64,56,28,28,22,12,10,5,2,3,0,0,0,0,0,0,55,55,7,22,12,9,3,1,1,48,40,8,6,35,0,6,13
54404279,0,,,250,128,122,28,13,15,222,115,107,157,87,70,215,109,106,211,107,104,65,28,37,39,16,23,11,3,8,1,0,1,1,1,0,85,84,15,21,21,16,9,1,1,69,53,16,9,46,0,11,10
54404280,0,,,65,38,27,4,3,1,60,34,26,37,21,16,60,34,26,59,33,26,23,13,10,10,5,5,5,2,3,0,0,0,0,0,0,26,26,8,6,8,2,1,0,1,18,15,3,3,15,1,4,2
54404281,0,,,258,130,128,45,19,26,211,109,102,149,79,70,202,103,99,199,103,96,62,30,32,19,8,11,5,2,3,0,0,0,1,1,0,92,92,23,27,14,10,10,7,1,68,53,15,12,39,3,5,11
54404282,0,,,265,107,158,23,8,15,242,99,143,112,56,56,238,97,141,235,97,138,130,43,87,90,22,68,51,6,45,13,2,11,0,0,0,79,77,13,28,13,16,4,3,0,64,49,15,8,49,0,8,16
54404283,0,,,59,27,32,10,6,4,49,21,28,32,14,18,46,21,25,46,21,25,17,7,10,8,2,6,3,0,3,0,0,0,0,0,0,17,17,0,7,4,1,3,1,1,17,14,3,3,10,0,0,3
54404286,0,,,127,67,60,7,5,2,120,62,58,63,36,27,116,60,56,115,60,55,57,26,31,30,11,19,13,6,7,2,1,1,0,0,0,48,48,12,12,12,6,5,1,0,36,23,13,1,37,0,7,7
54404287,1,,54404296,183,90,93,12,6,6,173,85,88,89,47,42,169,82,87,168,82,86,84,38,46,46,18,28,14,4,10,1,0,1,0,0,0,69,69,19,20,16,10,1,2,3,52,33,19,3,55,0,14,10
54404288,0,,,36,17,19,1,0,1,35,17,18,19,10,9,32,16,16,32,16,16,16,7,9,8,3,5,3,1,2,0,0,0,0,0,0,15,15,5,2,5,3,0,0,0,10,9,1,0,11,0,4,0
54404289,0,,,93,47,46,4,0,4,89,47,42,43,24,19,88,47,41,88,47,41,46,23,23,20,12,8,5,2,3,0,0,0,0,0,0,38,38,6,15,11,6,0,0,0,32,27,5,2,30,0,5,11
54404290,0,,,63,30,33,9,5,4,54,25,29,37,17,20,54,25,29,54,25,29,17,8,9,6,2,4,2,1,1,0,0,0,0,0,0,23,23,5,8,4,4,0,0,2,17,14,3,3,12,1,4,3
54404291,0,,,188,98,90,23,17,6,165,81,84,106,56,50,158,79,79,156,78,78,59,25,34,26,9,17,12,1,11,2,0,2,0,0,0,59,59,6,14,21,7,6,3,2,52,32,20,3,39,0,4,8
54404292,0,,,140,71,69,12,7,5,128,64,64,97,49,48,119,61,58,113,58,55,31,15,16,10,4,6,2,1,1,0,0,0,0,0,0,49,49,7,15,12,9,5,1,0,42,33,9,2,21,0,3,5
54404293,0,,,139,69,70,11,4,7,128,65,63,75,38,37,124,63,61,122,63,59,53,27,26,25,12,13,8,2,6,1,0,1,2,0,2,49,49,7,18,12,5,4,2,1,42,33,9,5,36,0,3,10
54404294,1,,54404295,149,77,72,25,16,9,128,63,65,90,47,43,121,60,61,117,57,60,38,16,22,18,7,11,9,3,6,0,0,0,0,0,0,53,53,12,16,13,5,5,3,1,43,34,9,7,27,0,7,6
54404295,2,54404294,,4,2,2,*,*,*,*,*,*,*,*,*,*,*,*,*,*,*,*,*,*,*,*,*,*,*,*,*,*,*,*,*,*,2,2,*,*,*,*,*,*,*,*,*,*,*,*,*,*,*
54404296,2,54404287,,3,1,2,*,*,*,*,*,*,*,*,*,*,*,*,*,*,*,*,*,*,*,*,*,*,*,*,*,*,*,*,*,*,2,2,*,*,*,*,*,*,*,*,*,*,*,*,*,*,*
54404297,0,,,40,22,18,6,4,2,34,18,16,22,12,10,32,16,16,32,16,16,12,6,6,6,0,6,3,0,3,0,0,0,0,0,0,19,19,10,2,4,1,2,0,0,9,5,4,1,10,1,5,0
54404298,0,,,89,45,44,6,1,5,83,44,39,49,29,20,81,42,39,81,42,39,34,15,19,17,5,12,11,2,9,1,0,1,0,0,0,34,34,7,9,11,5,1,1,0,27,18,9,1,22,0,4,3
54404299,0,,,21,11,10,0,0,0,20,11,9,12,7,5,20,11,9,20,11,9,8,4,4,7,3,4,0,0,0,0,0,0,1,0,1,9,9,3,1,4,1,0,0,0,6,5,1,0,5,0,0,1
54404300,0,,,599,305,294,111,59,52,488,246,242,396,204,192,466,234,232,455,228,227,92,42,50,40,16,24,11,2,9,2,1,1,6,4,2,217,217,34,68,49,53,8,5,0,182,168,14,39,66,5,12,14
54404301,0,,,174,85,89,23,10,13,151,75,76,81,44,37,147,72,75,146,71,75,70,31,39,35,13,22,11,3,8,1,0,1,2,0,2,70,70,17,27,10,8,7,1,0,52,42,10,6,43,0,6,18
54404302,0,,,160,86,74,13,7,6,147,79,68,90,49,41,141,74,67,139,72,67,57,30,27,17,7,10,10,4,6,0,0,0,6,1,5,57,57,12,20,12,3,3,4,3,44,33,11,2,38,2,5,11
54404303,0,,,195,94,101,28,17,11,166,76,90,114,54,60,158,73,85,152,70,82,52,22,30,30,12,18,9,4,5,2,1,1,1,0,1,68,68,10,23,16,9,6,3,1,58,49,9,4,37,0,8,11
54404304,0,,,1985,903,1082,334,155,179,1632,738,894,1043,496,547,1576,716,860,1550,700,850,589,242,347,336,113,223,127,28,99,20,2,18,13,5,8,698,689,188,179,142,125,43,9,3,494,442,52,90,253,29,60,87
54404305,0,,,3994,1961,2033,549,287,262,3355,1625,1730,2448,1243,1205,3224,1548,1676,3134,1510,1624,907,382,525,419,168,251,114,41,73,6,1,5,47,20,27,1757,1757,598,524,309,239,61,24,2,1135,1038,97,154,626,109,171,192
54404306,0,,,2691,1340,1351,733,384,349,1895,925,970,1584,799,785,1836,894,942,1804,878,926,311,126,185,198,71,127,98,29,69,25,4,21,11,4,7,1006,1003,320,186,190,230,67,10,0,676,640,36,265,138,71,38,40
54404307,0,,,4664,2304,2360,635,302,333,3890,1915,1975,2687,1371,1316,3777,1854,1923,3689,1805,1884,1203,544,659,656,288,368,177,64,113,11,1,10,75,54,21,2067,2062,789,604,347,231,72,16,3,1248,1138,110,201,766,116,233,257
54404308,0,,,2947,1485,1462,312,179,133,2553,1254,1299,1762,906,856,2456,1202,1254,2412,1179,1233,791,348,443,404,158,246,139,33,106,13,1,12,24,13,11,1299,1294,486,377,227,151,44,6,3,786,716,70,105,451,83,110,156
54404309,0,,,3425,1675,1750,580,286,294,2773,1347,1426,2128,1043,1085,2668,1299,1369,2607,1269,1338,645,304,341,279,113,166,97,31,66,15,3,12,33,17,16,1388,1386,388,431,264,216,68,18,1,971,910,61,172,411,65,85,143
54404310,0,,,251,118,133,21,7,14,230,111,119,140,72,68,226,108,118,220,105,115,90,39,51,47,20,27,16,7,9,1,0,1,1,1,0,86,86,11,28,21,14,8,3,1,75,49,26,7,59,0,7,15
54404311,0,,,120,63,57,8,5,3,109,56,53,59,32,27,107,55,52,106,54,52,50,24,26,24,11,13,9,3,6,0,0,0,1,1,0,47,47,6,21,10,9,0,1,0,40,34,6,3,33,0,5,12
54404312,0,,,164,82,82,16,5,11,148,77,71,93,51,42,145,76,69,143,76,67,55,26,29,24,12,12,8,2,6,1,1,0,10,10,0,65,65,21,17,11,8,5,2,1,43,32,11,5,36,7,6,7
54404313,0,,,277,127,150,24,9,15,252,117,135,130,64,66,247,113,134,245,111,134,122,53,69,74,30,44,37,12,25,2,0,2,1,0,1,87,86,17,30,22,10,3,3,1,69,59,10,7,47,0,8,16
54404314,0,,,984,485,499,201,100,101,775,379,396,574,294,280,734,351,383,714,335,379,201,85,116,115,45,70,36,7,29,2,0,2,10,6,4,335,333,67,85,80,67,23,9,2,263,226,37,37,121,5,23,34
54404315,0,,,2256,1149,1107,370,189,181,1820,922,898,1418,736,682,1754,884,870,1723,872,851,402,186,216,220,91,129,59,24,35,5,2,3,41,22,19,1055,1055,482,224,142,146,53,6,2,562,514,48,111,288,79,108,76
54404316,0,,,3792,1900,1892,623,307,316,3114,1562,1552,2503,1278,1225,3007,1508,1499,2943,1476,1467,611,284,327,281,115,166,75,33,42,3,1,2,53,30,23,1719,1718,636,479,311,216,65,6,5,1053,998,55,212,422,148,122,145
54404317,0,,,3087,1551,1536,392,194,198,2602,1303,1299,1920,983,937,2511,1255,1256,2463,1232,1231,682,320,362,311,142,169,77,35,42,4,0,4,44,15,29,1459,1458,586,410,246,160,46,7,3,848,782,66,112,455,115,123,169
54404318,0,,,3987,1912,2075,597,295,302,3335,1582,1753,2489,1202,1287,3215,1525,1690,3149,1498,1651,846,380,466,423,179,244,130,39,91,9,1,8,50,23,27,1744,1743,596,499,331,231,70,13,3,1115,1013,102,197,571,107,164,175
54404319,0,,,2078,1023,1055,392,202,190,1651,802,849,1198,599,599,1604,777,827,1579,767,812,453,203,250,269,110,159,105,40,65,12,1,11,22,13,9,784,780,202,227,157,150,34,7,3,565,525,40,132,244,35,64,59
54404320,0,,,187,98,89,22,13,9,165,85,80,101,53,48,160,82,78,157,80,77,64,32,32,28,14,14,4,2,2,0,0,0,0,0,0,65,65,10,20,17,10,4,2,2,55,41,14,5,39,0,7,15
54404321,0,,,475,213,262,27,16,11,448,197,251,207,113,94,436,190,246,435,190,245,241,84,157,146,36,110,81,13,68,20,1,19,1,0,1,131,128,21,44,33,26,0,2,2,107,87,20,8,87,0,14,21
54404322,0,,,262,110,152,17,10,7,243,99,144,115,58,57,236,95,141,234,93,141,128,41,87,92,24,68,58,11,47,10,1,9,1,0,1,74,72,12,29,13,11,5,2,0,59,46,13,4,40,1,9,11
54404323,0,,,472,240,232,36,17,19,432,221,211,250,152,98,390,185,205,381,176,205,182,69,113,126,42,84,70,18,52,13,3,10,6,3,3,164,162,60,39,36,17,8,2,0,101,87,14,10,83,1,33,17
54404324,0,,,1218,566,652,173,85,88,1027,470,557,711,365,346,1001,451,550,983,444,539,316,105,211,222,71,151,123,33,90,20,4,16,13,4,9,477,473,180,108,92,67,22,2,2,283,268,15,69,111,49,30,30
54404325,0,,,4453,2192,2261,555,280,275,3738,1822,1916,2795,1409,1386,3604,1756,1848,3522,1717,1805,943,413,530,478,202,276,120,49,71,6,4,2,52,30,22,2082,2082,800,588,383,245,54,8,4,1256,1180,76,192,642,118,201,218
54404326,0,,,4681,2251,2430,600,307,293,3992,1894,2098,2976,1461,1515,3839,1796,2043,3757,1758,1999,1016,433,583,522,207,315,165,51,114,8,1,7,104,48,56,2225,2224,888,663,333,263,65,8,4,1300,1222,78,159,735,127,248,223
54404327,0,,,4879,2407,2472,658,358,300,4036,1944,2092,3017,1500,1517,3902,1882,2020,3815,1836,1979,1019,444,575,487,195,292,161,47,114,13,0,13,34,12,22,2331,2330,989,629,369,258,64,15,6,1309,1202,107,179,685,136,214,223
54404328,0,,,4855,2429,2426,566,288,278,4094,2032,2062,2886,1493,1393,3946,1954,1992,3862,1920,1942,1208,539,669,595,259,336,180,77,103,13,4,9,56,28,28,2260,2260,896,631,382,246,77,20,8,1320,1197,123,167,821,122,236,231
54404329,0,,,1252,607,645,110,63,47,1126,536,590,675,340,335,1093,518,575,1078,511,567,451,196,255,262,107,155,90,32,58,7,2,5,1,1,0,580,580,196,199,113,51,12,8,1,380,340,40,42,308,16,103,90
54404330,0,,,257,140,117,27,12,15,226,125,101,137,80,57,222,122,100,218,121,97,89,45,44,33,20,13,5,2,3,0,0,0,0,0,0,99,99,22,36,15,17,6,2,1,75,64,11,4,56,0,13,16
54404331,0,,,410,177,233,43,23,20,367,154,213,159,72,87,355,149,206,346,145,201,208,82,126,128,46,82,67,17,50,16,3,13,1,0,1,111,110,17,27,30,22,12,2,0,91,74,17,9,72,0,11,21
54404332,0,,,757,373,384,94,53,41,648,312,336,386,203,183,634,309,325,627,305,322,262,109,153,173,66,107,98,31,67,17,4,13,9,6,3,277,275,92,75,49,40,9,8,2,180,149,31,33,97,23,12,37
54404333,0,,,1915,939,976,357,189,168,1531,736,795,1110,566,544,1499,718,781,1476,706,770,421,170,251,258,94,164,103,22,81,17,1,16,16,6,10,735,729,230,202,122,121,44,7,3,488,452,36,127,237,34,87,69
54404334,0,,,1938,946,992,372,194,178,1510,723,787,1183,569,614,1465,703,762,1436,687,749,327,154,173,158,72,86,34,16,18,0,0,0,42,22,20,848,847,315,214,135,137,39,4,3,522,488,34,134,228,61,67,75
54404335,0,,,3526,1679,1847,470,247,223,2958,1369,1589,2161,1025,1136,2829,1302,1527,2753,1259,1494,797,344,453,381,152,229,100,40,60,2,1,1,36,11,25,1636,1636,575,531,304,170,43,10,3,1048,983,65,140,568,59,189,173
54404336,0,,,5366,2605,2761,639,330,309,4616,2213,2403,3273,1620,1653,4467,2141,2326,4388,2104,2284,1343,593,750,674,266,408,218,73,145,8,1,7,81,32,49,2526,2525,943,816,412,258,80,13,3,1553,1442,111,202,939,87,299,299
54404337,0,,,4580,2480,2100,576,307,269,3726,1991,1735,2987,1644,1343,3603,1919,1684,3547,1889,1658,739,347,392,342,146,196,115,53,62,5,3,2,114,52,62,2435,2435,1293,523,318,237,47,15,2,1124,1060,64,186,527,243,197,154
54404338,0,,,4698,2408,2290,528,268,260,3987,2028,1959,2966,1581,1385,3883,1974,1909,3827,1942,1885,1021,447,574,494,193,301,146,45,101,11,3,8,93,35,58,2540,2537,1319,637,324,190,49,14,4,1193,1094,99,171,750,200,328,178
54404339,0,,,4358,2090,2268,461,229,232,3760,1785,1975,2433,1209,1224,3647,1727,1920,3574,1696,1878,1327,576,751,678,264,414,244,78,166,21,2,19,22,4,18,2019,2017,761,590,374,214,57,20,1,1237,1100,137,128,895,68,276,253
54404340,0,,,239,136,103,36,25,11,203,111,92,122,70,52,198,107,91,195,105,90,81,41,40,32,15,17,10,5,5,2,0,2,2,0,2,82,82,10,24,24,14,7,3,0,72,59,13,9,49,1,8,9
54404341,0,,,554,257,297,39,22,17,508,231,277,283,129,154,492,225,267,481,221,260,225,102,123,106,49,57,22,10,12,0,0,0,3,1,2,271,271,113,79,52,15,6,5,1,156,141,15,9,174,0,89,32
54404342,0,,,2275,1031,1244,240,122,118,1950,870,1080,1178,554,624,1899,841,1058,1867,825,1042,772,316,456,405,147,258,119,35,84,13,3,10,25,9,16,1046,1041,457,302,156,95,18,11,2,574,525,49,85,497,43,247,94
54404343,0,,,3742,1792,1950,454,246,208,3206,1513,1693,2249,1095,1154,3092,1450,1642,3025,1414,1611,957,418,539,480,195,285,126,39,87,10,3,7,41,16,25,1655,1654,561,496,316,208,56,13,4,1073,982,91,122,644,62,192,190
54404344,0,,,6342,2989,3353,870,463,407,5393,2474,2919,3914,1870,2044,5176,2360,2816,5050,2304,2746,1479,604,875,843,331,512,273,90,183,24,2,22,64,17,47,2821,2818,991,832,511,372,86,21,5,1794,1663,131,245,1013,114,370,271
54404345,0,,,3062,1453,1609,396,188,208,2580,1217,1363,1917,933,984,2503,1175,1328,2464,1157,1307,663,284,379,357,140,217,107,36,71,7,1,6,26,8,18,1470,1469,604,422,221,175,39,6,2,839,772,67,112,460,95,151,137
54404346,0,,,555,255,300,60,32,28,488,219,269,304,139,165,479,214,265,471,210,261,184,80,104,106,43,63,36,11,25,3,1,2,10,4,6,261,261,90,90,48,24,9,0,0,169,156,13,20,124,8,39,40
54404347,0,,,3395,1755,1640,318,177,141,2889,1468,1421,2085,1135,950,2833,1438,1395,2791,1416,1375,804,333,471,421,154,267,159,49,110,11,4,7,95,46,49,2012,2010,1171,489,200,119,24,4,3,823,760,63,99,624,184,304,153
54404348,0,,,3617,1888,1729,452,255,197,2991,1523,1468,2357,1245,1112,2855,1450,1405,2798,1418,1380,634,278,356,301,120,181,73,19,54,4,0,4,79,37,42,1841,1838,868,468,268,188,34,8,4,954,910,44,110,450,122,157,132
54404349,0,,,4251,2110,2141,356,176,180,3778,1860,1918,2445,1288,1157,3680,1806,1874,3612,1770,1842,1333,572,761,730,295,435,289,109,180,17,4,13,40,21,19,2167,2167,978,625,310,197,42,11,4,1168,1038,130,101,941,124,333,257
54404350,0,,,208,101,107,16,10,6,192,91,101,117,57,60,187,90,97,185,90,95,75,34,41,50,20,30,20,7,13,0,0,0,4,3,1,67,67,6,20,19,11,6,4,1,61,40,21,7,49,0,5,14
54404351,0,,,1113,503,610,118,53,65,984,444,540,597,277,320,956,428,528,938,420,518,387,167,220,166,72,94,49,18,31,5,2,3,4,0,4,518,517,183,174,93,46,14,6,1,328,298,30,22,283,3,111,68
54404352,0,,,3135,1524,1611,359,188,171,2721,1304,1417,1892,942,950,2637,1263,1374,2578,1226,1352,829,362,467,418,177,241,126,47,79,10,2,8,20,10,10,1468,1467,569,437,244,151,53,9,4,884,800,84,104,571,87,174,180
54404353,0,,,6046,2947,3099,683,354,329,5190,2472,2718,3612,1782,1830,5041,2387,2654,4960,2353,2607,1578,690,888,808,337,471,267,94,173,22,5,17,50,18,32,2931,2930,1191,897,471,275,74,16,6,1717,1608,109,205,1035,169,303,391
54404354,0,,,6367,3011,3356,895,441,454,5267,2436,2831,3957,1911,2046,5045,2309,2736,4898,2228,2670,1310,525,785,680,249,431,216,80,136,16,5,11,71,27,44,2977,2972,1233,787,490,338,94,20,10,1699,1605,94,248,915,183,341,244
54404355,0,,,3173,1477,1696,335,158,177,2730,1257,1473,1811,868,943,2676,1232,1444,2608,1205,1403,919,389,530,467,181,286,157,49,108,16,6,10,62,27,35,1608,1607,742,465,243,112,41,4,0,849,784,65,96,588,132,203,161
54404356,0,,,4015,1953,2062,307,161,146,3464,1653,1811,2081,1083,998,3398,1616,1782,3354,1592,1762,1383,570,813,764,271,493,264,83,181,21,4,17,63,17,46,2232,2225,1181,587,258,147,39,10,3,1028,915,113,96,1006,92,428,247
54404357,0,,,5240,2619,2621,743,364,379,4267,2123,2144,3244,1691,1553,4122,2059,2063,4049,2033,2016,1023,432,591,505,185,320,146,44,102,9,3,6,81,27,54,2617,2588,1233,609,388,283,65,10,0,1339,1268,71,241,691,174,254,204
54404358,0,,,779,380,399,75,27,48,691,347,344,448,247,201,668,331,337,652,319,333,243,100,143,128,46,82,37,11,26,4,0,4,14,4,10,383,382,182,94,59,33,8,4,2,196,171,25,21,169,31,62,49
54404359,0,,,1291,644,647,127,65,62,1143,563,580,674,351,323,1115,546,569,1093,532,561,469,212,257,244,106,138,69,22,47,7,2,5,6,1,5,584,584,217,165,103,70,22,4,3,365,314,51,27,320,15,101,89
54404360,0,,,664,319,345,68,32,36,594,286,308,347,176,171,575,279,296,571,276,295,247,110,137,124,54,70,38,10,28,3,0,3,1,1,0,251,251,43,93,57,35,17,4,2,208,167,41,18,153,1,25,52
54404361,0,,,2541,1149,1392,272,136,136,2240,999,1241,1198,598,600,2181,976,1205,2149,961,1188,1042,401,641,683,246,437,293,86,207,41,7,34,8,1,7,1014,1009,314,349,157,137,36,11,5,685,613,72,74,554,26,175,182
54404362,0,,,3816,1836,1980,576,295,281,3181,1509,1672,2273,1104,1169,3067,1448,1619,3007,1427,1580,908,405,503,475,200,275,133,51,82,9,2,7,18,5,13,1658,1657,553,480,320,220,59,21,4,1089,1008,81,166,613,81,170,202
54404363,0,,,4907,2437,2470,590,319,271,4201,2048,2153,2915,1500,1415,4068,1968,2100,3981,1918,2063,1286,548,738,724,271,453,250,80,170,26,4,22,36,19,17,2340,2339,988,646,371,259,60,5,10,1309,1208,101,178,848,172,310,252
54404364,0,,,4671,2288,2383,444,224,220,4013,1931,2082,2758,1404,1354,3918,1884,2034,3849,1850,1999,1255,527,728,661,247,414,239,83,156,30,3,27,53,19,34,2530,2529,1296,672,305,196,48,8,4,1179,1084,95,123,911,229,399,237
54404365,0,,,5049,2407,2642,549,271,278,4345,2048,2297,3067,1520,1547,4188,1977,2211,4086,1927,2159,1278,528,750,663,233,430,284,74,210,33,7,26,41,13,28,2511,2507,1201,630,363,236,55,16,6,1276,1193,83,165,876,173,399,200
54404366,0,,,4662,2244,2418,426,226,200,4034,1901,2133,2576,1292,1284,3916,1842,2074,3842,1804,2038,1458,609,849,796,299,497,284,89,195,21,4,17,74,23,51,2406,2404,1166,654,324,187,54,12,7,1213,1097,116,106,998,133,386,251
54404367,0,,,493,240,253,54,27,27,424,204,220,271,138,133,418,200,218,409,196,213,153,66,87,92,38,54,27,12,15,1,0,1,1,0,1,234,234,91,73,30,34,6,0,0,140,130,10,15,105,13,30,36
54404368,0,,,765,394,371,59,32,27,695,355,340,400,220,180,667,341,326,653,333,320,295,135,160,159,73,86,41,16,25,3,1,2,2,2,0,330,330,97,116,57,40,15,5,0,233,205,28,13,191,6,49,62
54404369,0,,,624,311,313,49,22,27,565,284,281,336,183,153,553,277,276,546,274,272,229,101,128,130,54,76,33,12,21,1,0,1,4,0,4,265,264,73,89,53,39,7,2,1,185,160,25,11,153,2,38,39
54404370,0,,,236,114,122,25,16,9,210,97,113,137,60,77,205,95,110,201,94,107,73,37,36,33,12,21,13,3,10,2,0,2,1,0,1,90,90,21,24,25,11,8,0,1,68,57,11,6,50,1,14,7
54404371,0,,,3401,1575,1826,374,213,161,2979,1337,1642,1568,744,824,2880,1289,1591,2831,1263,1568,1411,593,818,759,337,422,239,74,165,41,6,35,13,2,11,1368,1365,329,520,280,163,48,20,5,1028,946,82,89,806,28,192,318
54404372,0,,,2392,1141,1251,257,140,117,2103,985,1118,1223,569,654,2025,949,1076,1955,913,1042,880,416,464,402,200,202,67,32,35,3,0,3,8,2,6,956,953,206,374,191,119,43,18,2,736,683,53,50,522,3,123,217
54404373,0,,,2371,1166,1205,274,153,121,2064,989,1075,1243,630,613,2001,958,1043,1972,943,1029,821,359,462,506,218,288,183,58,125,23,5,18,6,1,5,982,979,319,321,161,134,33,9,2,652,603,49,74,450,23,133,165
54404374,0,,,6203,3057,3146,671,356,315,5296,2583,2713,3798,1926,1872,5162,2522,2640,4974,2415,2559,1498,657,841,767,309,458,235,84,151,18,2,16,64,31,33,3076,3074,1460,755,459,291,85,16,8,1583,1448,135,207,1045,326,359,285
54404375,0,,,4530,2309,2221,379,196,183,3955,2003,1952,2789,1486,1303,3875,1964,1911,3595,1800,1795,1166,517,649,631,256,375,214,80,134,16,3,13,37,14,23,2650,2649,1604,511,304,172,49,7,2,1029,915,114,102,819,528,287,233
54404376,0,,,1526,771,755,143,72,71,1335,671,664,908,488,420,1303,649,654,1238,610,628,427,183,244,240,96,144,94,34,60,5,1,4,15,3,12,832,831,463,189,101,53,16,5,4,357,321,36,40,308,103,107,79
54404377,0,,,429,185,244,53,23,30,374,161,213,212,94,118,361,155,206,353,149,204,162,67,95,86,34,52,27,8,19,1,0,1,1,0,1,183,183,48,68,35,23,7,1,1,134,118,16,14,108,3,31,32
54404378,0,,,556,249,307,38,16,22,510,228,282,251,126,125,503,226,277,496,224,272,259,102,157,177,58,119,96,22,74,17,1,16,4,3,1,210,208,90,51,37,21,8,0,1,117,98,19,10,92,13,28,27
54404379,0,,,477,240,237,91,57,34,382,179,203,295,144,151,363,171,192,352,166,186,87,35,52,56,20,36,19,4,15,1,0,1,2,1,1,169,168,34,42,41,44,7,0,0,132,126,6,26,41,6,10,15
54404380,0,,,11,5,6,0,0,0,11,5,6,9,4,5,11,5,6,11,5,6,2,1,1,2,1,1,1,1,0,0,0,0,0,0,0,4,4,0,1,3,0,0,0,0,4,4,0,0,1,0,0,0
54404381,0,,,673,321,352,105,48,57,556,265,291,356,180,176,530,253,277,523,249,274,200,85,115,100,29,71,38,6,32,9,0,9,5,2,3,252,250,74,75,46,33,14,6,2,174,147,27,18,122,3,32,34
54404382,0,,,553,269,284,62,25,37,483,240,243,341,176,165,466,232,234,455,227,228,142,64,78,68,30,38,19,10,9,1,0,1,1,0,1,208,207,45,58,49,44,11,0,0,161,141,20,19,96,5,21,29
54404383,0,,,2678,1316,1362,408,217,191,2208,1062,1146,1611,818,793,2114,1015,1099,2078,1000,1078,597,244,353,341,121,220,146,43,103,23,5,18,9,5,4,1112,1108,356,308,230,159,49,5,1,728,670,58,125,343,59,86,102
54404384,0,,,5540,2775,2765,589,314,275,4729,2323,2406,3356,1715,1641,4594,2254,2340,4412,2157,2255,1373,608,765,756,305,451,242,83,159,24,3,21,59,27,32,2871,2862,1453,676,405,231,69,22,6,1376,1269,107,176,930,364,325,244
54404385,0,,,2804,1540,1264,158,87,71,2390,1299,1091,1841,1053,788,2366,1290,1076,2027,1063,964,549,246,303,311,138,173,98,35,63,7,2,5,31,15,16,2009,2009,1541,262,117,63,20,6,0,456,413,43,49,381,588,137,103
54404386,0,,,556,276,280,37,24,13,422,216,206,202,108,94,416,213,203,410,208,202,220,108,112,93,47,46,22,11,11,2,0,2,1,0,1,199,198,44,86,41,20,2,4,1,153,137,16,9,143,0,36,55
54404387,0,,,164,79,85,15,8,7,145,69,76,78,36,42,143,69,74,143,69,74,67,33,34,35,18,17,12,4,8,1,1,0,1,0,1,57,57,8,16,18,9,3,2,1,48,36,12,3,41,0,7,9
54404388,0,,,1136,563,573,97,59,38,1032,500,532,587,297,290,995,484,511,977,474,503,445,203,242,252,117,135,46,26,20,4,3,1,5,1,4,495,494,143,177,98,51,19,5,1,348,304,44,21,288,11,76,102
54404389,0,,,2556,1227,1329,220,116,104,2324,1105,1219,1337,679,658,2260,1075,1185,2211,1053,1158,987,426,561,646,270,376,190,63,127,19,3,16,17,11,6,995,994,201,385,203,141,43,15,6,787,688,99,40,603,6,137,211
54404390,0,,,180,97,83,16,11,5,162,85,77,85,49,36,157,81,76,155,80,75,77,36,41,44,19,25,12,4,8,0,0,0,0,0,0,66,66,11,23,16,8,6,1,1,53,42,11,2,48,0,9,14
54404391,0,,,33,20,13,0,0,0,33,20,13,21,15,6,31,19,12,31,19,12,12,5,7,7,4,3,0,0,0,0,0,0,0,0,0,12,12,0,7,2,2,1,0,0,12,12,0,0,8,0,0,3
54404392,0,,,129,61,68,7,1,6,122,60,62,64,36,28,119,58,61,118,58,60,58,24,34,28,11,17,6,1,5,3,0,3,0,0,0,56,55,13,25,10,6,1,0,0,42,38,4,0,39,0,10,13
54404393,0,,,704,342,362,72,35,37,560,279,281,379,192,187,530,266,264,513,257,256,181,87,94,96,45,51,18,6,12,1,0,1,6,3,3,248,246,53,82,52,38,15,6,0,192,169,23,16,121,4,29,42
54404394,0,,,885,433,452,121,63,58,749,363,386,529,257,272,732,356,376,725,355,370,220,106,114,109,46,63,34,16,18,2,1,1,8,2,6,392,392,123,135,67,50,12,4,1,261,249,12,41,164,12,56,41
54404395,0,,,189,91,98,15,6,9,171,83,88,114,57,57,167,82,85,163,80,83,57,26,31,33,14,19,14,5,9,0,0,0,1,0,1,72,72,17,21,14,14,4,2,0,54,43,11,5,37,2,8,8
54404396,0,,,172,82,90,14,10,4,158,72,86,77,36,41,152,70,82,151,70,81,81,36,45,37,17,20,12,5,7,1,0,1,0,0,0,69,69,15,29,10,11,2,1,1,54,47,7,2,50,0,13,18
54404397,0,,,227,99,128,32,15,17,191,82,109,129,53,76,187,80,107,180,78,102,62,29,33,30,11,19,15,4,11,0,0,0,0,0,0,88,88,28,13,22,22,2,0,1,60,49,11,11,41,0,13,5
54404398,0,,,1438,710,728,157,82,75,1277,626,651,780,396,384,1225,593,632,1201,579,622,497,230,267,266,123,143,70,26,44,2,0,2,3,1,2,581,580,139,205,105,95,26,8,2,437,391,46,36,336,6,92,109
54404399,0,,,3022,1482,1540,280,130,150,2714,1337,1377,1621,854,767,2627,1298,1329,2565,1263,1302,1093,483,610,662,313,349,105,44,61,8,1,7,18,10,8,1236,1234,290,455,250,169,46,21,3,928,832,96,64,705,14,166,255
54404400,0,,,766,355,411,64,28,36,696,324,372,408,189,219,676,313,363,663,306,357,288,135,153,120,49,71,45,13,32,7,1,6,4,3,1,298,297,50,131,61,39,10,5,1,245,222,23,19,166,2,24,77
54404401,0,,,343,176,167,54,31,23,273,136,137,203,103,100,265,135,130,259,132,127,70,33,37,27,10,17,12,3,9,1,1,0,1,1,0,155,155,65,32,26,24,8,0,0,87,78,9,19,51,6,23,11
54404402,0,,,3105,1490,1615,460,238,222,2598,1225,1373,1937,943,994,2509,1178,1331,2458,1157,1301,661,282,379,306,108,198,111,27,84,13,0,13,21,3,18,1231,1228,353,363,245,189,55,19,4,861,772,89,153,381,38,106,95
54404403,0,,,415,200,215,31,14,17,384,186,198,245,124,121,374,179,195,370,177,193,139,62,77,70,28,42,23,7,16,1,0,1,2,0,2,162,162,34,60,30,25,9,2,2,124,102,22,10,94,1,19,26
54404404,0,,,405,182,223,23,15,8,380,165,215,173,82,91,368,158,210,363,155,208,207,83,124,141,46,95,91,24,67,16,1,15,2,0,2,113,112,21,35,21,20,10,4,1,89,66,23,7,76,0,12,21
54404405,0,,,102,55,47,6,4,2,94,51,43,59,32,27,92,49,43,89,47,42,35,19,16,15,6,9,8,4,4,0,0,0,0,0,0,38,38,11,7,8,8,3,1,0,27,20,7,0,25,0,7,4
54404406,0,,,378,193,185,35,19,16,341,173,168,199,107,92,334,169,165,328,169,159,142,66,76,74,29,45,27,7,20,0,0,0,1,0,1,158,158,45,52,33,17,8,1,2,111,92,19,8,96,0,27,22
54404407,0,,,886,434,452,45,22,23,826,403,423,473,256,217,812,393,419,804,389,415,353,147,206,206,79,127,74,26,48,7,3,4,15,8,7,389,389,118,142,75,29,15,5,5,267,216,51,11,244,13,63,53
54404410,0,,,2137,993,1144,352,195,157,1784,797,987,1301,591,710,1678,759,919,1637,736,901,483,206,277,248,84,164,97,23,74,12,3,9,14,7,7,740,738,97,257,185,149,45,5,0,639,593,46,71,253,10,38,94
54404411,0,,,637,309,328,82,40,42,550,265,285,384,194,190,528,253,275,519,248,271,166,71,95,76,28,48,27,7,20,5,0,5,2,0,2,246,246,60,74,44,49,14,4,1,182,152,30,18,113,12,19,33
54404412,0,,,999,496,503,165,85,80,796,391,405,648,322,326,768,374,394,758,368,390,148,69,79,68,30,38,10,3,7,3,0,3,10,4,6,435,435,146,123,88,56,16,3,3,283,256,27,62,95,23,16,30
54404413,0,,,125,62,63,2,2,0,123,60,63,74,38,36,121,59,62,121,59,62,49,22,27,26,10,16,14,6,8,0,0,0,0,0,0,47,47,9,17,10,6,3,1,1,38,26,12,0,38,0,7,9
54404414,0,,,301,184,117,9,6,3,292,178,114,208,132,76,204,111,93,186,100,86,84,46,38,40,20,20,15,6,9,1,0,1,1,0,1,73,71,10,25,22,6,5,1,2,61,40,21,2,51,0,5,13
54404415,0,,,249,128,121,23,11,12,226,117,109,128,72,56,217,112,105,214,111,103,98,45,53,29,14,15,14,4,10,1,0,1,1,0,1,87,87,12,31,25,6,6,5,2,75,53,22,4,58,0,5,14
54404416,0,,,2031,990,1041,244,124,120,1750,842,908,1118,577,541,1718,828,890,1693,817,876,632,265,367,348,122,226,134,43,91,13,2,11,14,8,6,851,848,286,255,133,113,49,7,5,555,474,81,68,413,21,124,114
54404417,0,,,3338,1593,1745,272,132,140,3038,1445,1593,1703,879,824,2981,1419,1562,2934,1398,1536,1335,566,769,738,292,446,240,80,160,17,6,11,65,28,37,1457,1457,427,539,258,145,59,19,10,1020,846,174,57,941,38,262,244
54404418,0,,,1592,770,822,109,52,57,1447,697,750,830,417,413,1410,677,733,1379,659,720,617,280,337,324,138,186,96,39,57,0,0,0,41,14,27,711,711,239,234,122,76,27,11,2,467,387,80,25,429,11,129,113
54404420,0,,,758,368,390,71,41,30,682,324,358,379,194,185,663,314,349,648,304,344,303,130,173,166,64,102,60,18,42,4,0,4,4,2,2,290,289,78,103,47,45,9,3,4,209,181,28,13,162,4,46,58
54404421,0,,,263,127,136,37,18,19,225,109,116,147,78,69,217,103,114,214,102,112,78,31,47,45,13,32,9,1,8,0,0,0,0,0,0,104,104,28,28,26,14,4,3,1,76,63,13,9,52,3,12,12
54404423,0,,,305,143,162,28,13,15,277,130,147,168,80,88,271,126,145,265,121,144,109,50,59,49,21,28,18,5,13,1,0,1,1,0,1,104,101,14,41,14,11,12,4,5,83,57,26,7,69,0,11,19
54404424,0,,,198,96,102,19,8,11,179,88,91,96,50,46,176,87,89,175,86,89,83,38,45,38,15,23,11,3,8,0,0,0,1,0,1,76,76,17,22,17,17,1,1,1,58,42,16,7,52,0,9,18
54404425,0,,,948,465,483,56,24,32,891,440,451,455,241,214,877,432,445,858,425,433,436,199,237,207,103,104,42,17,25,1,0,1,3,0,3,375,375,72,143,90,47,10,9,4,302,257,45,12,276,4,56,87
54404426,0,,,1215,612,603,120,68,52,1062,521,541,682,344,338,1035,509,526,1022,508,514,380,177,203,166,78,88,31,8,23,2,0,2,26,15,11,518,513,147,195,85,56,20,8,2,352,310,42,42,235,23,40,98
54404427,0,,,3460,1693,1767,409,202,207,3001,1462,1539,2035,1025,1010,2865,1383,1482,2805,1351,1454,966,437,529,453,193,260,122,45,77,12,3,9,124,67,57,1400,1398,391,446,278,190,66,14,13,994,894,100,90,617,51,161,187
54404428,0,,,1916,940,976,186,98,88,1712,828,884,1062,530,532,1659,797,862,1630,780,850,650,298,352,335,137,198,122,41,81,3,1,2,50,12,38,771,771,213,232,164,101,32,22,7,549,449,100,42,447,19,116,106
54404429,0,,,266,132,134,2,0,2,262,130,132,131,71,60,260,128,132,259,127,132,131,59,72,63,23,40,29,8,21,1,0,1,1,0,1,125,125,37,55,20,8,4,0,1,87,75,12,0,92,1,26,27
54404430,0,,,717,340,377,89,39,50,619,296,323,400,196,204,605,287,318,596,283,313,219,100,119,108,47,61,43,19,24,3,0,3,5,4,1,285,285,81,78,58,44,17,5,2,203,158,45,21,153,0,41,33
54404431,0,,,613,283,330,66,36,30,547,247,300,297,141,156,533,243,290,523,237,286,250,106,144,136,51,85,69,17,52,16,3,13,1,0,1,214,213,42,73,46,32,15,3,2,171,142,29,18,129,2,26,39
54404432,0,,,267,124,143,24,9,15,243,115,128,137,71,66,237,110,127,232,107,125,106,44,62,60,24,36,23,7,16,1,0,1,2,1,1,103,103,24,32,22,16,5,4,0,78,59,19,8,70,0,20,15
54404433,0,,,246,118,128,22,10,12,224,108,116,145,72,73,221,106,115,219,105,114,79,36,43,42,15,27,17,5,12,1,0,1,0,0,0,84,84,15,25,14,17,9,2,2,69,51,18,7,52,0,10,12
54404434,0,,,324,155,169,33,18,15,290,136,154,172,87,85,284,133,151,281,131,150,118,49,69,79,36,43,22,9,13,1,0,1,0,0,0,135,135,40,46,21,17,7,2,2,95,80,15,9,77,1,26,21
54404435,0,,,228,122,106,17,10,7,211,112,99,126,71,55,206,107,99,199,105,94,85,41,44,39,16,23,15,5,10,1,0,1,5,4,1,87,87,21,22,19,20,4,1,0,66,52,14,2,57,4,13,11
54404436,0,,,225,116,109,34,20,14,191,96,95,125,65,60,185,92,93,183,90,93,66,31,35,31,12,19,12,5,7,0,0,0,0,0,0,81,81,16,22,19,16,6,1,1,64,51,13,6,46,0,12,7
54404437,0,,,1081,530,551,160,78,82,895,437,458,620,307,313,856,415,441,829,401,428,275,130,145,136,61,75,19,9,10,0,0,0,12,5,7,408,408,93,124,85,66,27,7,6,309,275,34,26,189,0,59,55
54404438,0,,,1948,968,980,217,105,112,1704,845,859,1104,560,544,1641,815,826,1616,803,813,600,285,315,259,112,147,68,26,42,11,2,9,35,8,27,764,763,180,252,154,119,36,18,4,575,488,87,48,412,17,90,109
54404439,0,,,974,491,483,68,34,34,890,448,442,551,283,268,867,437,430,854,430,424,339,165,174,157,65,92,52,17,35,2,0,2,19,9,10,417,417,136,134,67,44,28,6,2,280,226,54,11,235,18,65,61
54404440,0,,,1108,514,594,91,42,49,1002,462,540,627,304,323,975,452,523,962,444,518,375,158,217,181,75,106,48,14,34,1,0,1,8,3,5,522,520,202,165,77,53,16,5,2,312,269,43,22,274,12,116,67
54404441,0,,,746,371,375,62,31,31,680,338,342,412,213,199,662,326,336,651,321,330,268,125,143,127,57,70,44,20,24,1,0,1,13,11,2,296,294,77,95,63,35,15,6,3,213,173,40,12,173,8,39,44
54404442,0,,,492,235,257,85,38,47,388,188,200,274,137,137,378,184,194,371,180,191,114,51,63,42,20,22,12,4,8,0,0,0,1,0,1,203,203,57,61,47,23,12,1,2,144,126,18,34,74,4,21,21
54404443,0,,,2347,1177,1170,266,150,116,2035,1001,1034,1380,698,682,1948,945,1003,1901,921,980,655,303,352,305,138,167,60,27,33,4,2,2,15,7,8,949,949,231,308,214,141,41,10,4,701,625,76,58,428,23,82,142
54404444,0,,,473,241,232,42,24,18,430,216,214,240,128,112,417,207,210,409,203,206,190,88,102,107,46,61,29,13,16,1,1,0,1,0,1,187,187,42,58,51,21,13,1,1,145,123,22,9,124,1,30,34
54404445,0,,,32,16,16,5,2,3,27,14,13,20,11,9,26,13,13,25,12,13,7,3,4,5,2,3,2,1,1,0,0,0,0,0,0,9,9,1,2,2,1,2,0,1,7,6,1,0,4,1,0,1
54404446,0,,,235,111,124,26,14,12,208,96,112,133,61,72,201,94,107,199,93,106,75,35,40,31,16,15,12,5,7,0,0,0,0,0,0,78,77,9,27,20,10,5,5,1,68,45,23,10,51,0,5,14
54404447,0,,,1077,510,567,274,142,132,779,356,423,620,276,344,730,330,400,695,306,389,159,80,79,76,36,40,16,6,10,1,1,0,3,0,3,375,375,65,105,74,90,27,13,1,303,279,24,76,110,0,37,29
54404448,0,,,116,33,83,2,1,1,114,32,82,15,7,8,114,32,82,114,32,82,99,25,74,89,22,67,59,12,47,15,2,13,0,0,0,16,14,5,4,2,2,0,1,0,9,8,1,0,11,0,5,2
54404449,0,,,298,144,154,26,14,12,270,128,142,151,77,74,266,126,140,263,123,140,119,51,68,62,28,34,13,5,8,0,0,0,1,0,1,130,130,32,59,18,13,7,0,1,98,86,12,5,80,0,18,29
54404450,0,,,1413,652,761,100,60,40,1310,591,719,739,358,381,1278,579,699,1253,567,686,571,233,338,272,92,180,81,23,58,5,1,4,24,10,14,761,760,385,220,89,43,19,1,3,371,343,28,31,436,18,251,86
54404451,0,,,770,404,366,164,78,86,597,320,277,518,283,235,570,307,263,558,300,258,79,37,42,38,18,20,8,4,4,0,0,0,3,3,0,311,311,98,80,52,55,20,6,0,210,198,12,55,53,20,10,19
54404452,0,,,3226,1693,1533,348,171,177,2822,1486,1336,1980,1109,871,2750,1446,1304,2675,1404,1271,842,377,465,418,187,231,117,55,62,6,2,4,20,5,15,1307,1292,440,401,226,152,59,10,4,838,753,85,100,581,39,175,170
54404453,0,,,1845,934,911,201,106,95,1607,806,801,1065,555,510,1553,775,778,1522,758,764,542,251,291,285,133,152,68,28,40,6,2,4,7,4,3,820,820,278,251,156,99,21,11,4,530,473,57,61,353,27,93,123
54404454,0,,,395,202,193,37,23,14,358,179,179,238,122,116,343,170,173,336,168,168,120,57,63,52,22,30,15,7,8,1,0,1,0,0,0,135,135,22,33,38,26,12,1,3,112,90,22,12,78,1,13,19
54404455,0,,,261,132,129,33,20,13,228,112,116,151,76,75,221,110,111,219,109,110,77,36,41,38,19,19,9,5,4,2,1,1,0,0,0,90,90,12,33,12,23,5,5,0,78,64,14,5,48,1,4,16
54404456,0,,,12,6,6,0,0,0,12,6,6,4,1,3,12,6,6,12,6,6,8,5,3,4,2,2,2,1,1,0,0,0,0,0,0,7,7,3,3,1,0,0,0,0,4,4,0,0,6,0,3,2
54404457,0,,,96,51,45,5,2,3,89,47,42,52,29,23,85,45,40,84,45,39,37,18,19,13,7,6,3,0,3,1,0,1,0,0,0,36,36,7,12,8,6,2,0,1,29,20,9,2,23,0,2,5
54404458,0,,,488,195,293,28,14,14,456,181,275,213,101,112,445,176,269,434,169,265,243,80,163,179,48,131,105,22,83,17,5,12,0,0,0,140,139,23,44,32,22,15,3,0,115,80,35,7,98,0,16,25
54404459,0,,,1725,803,922,136,64,72,1585,736,849,920,472,448,1554,724,830,1535,718,817,665,264,401,375,123,252,151,41,110,15,4,11,2,1,1,642,637,126,221,150,88,32,13,7,505,395,110,37,410,3,74,101
54404460,0,,,827,407,420,97,55,42,710,338,372,456,244,212,694,332,362,686,325,361,254,94,160,161,54,107,95,25,70,13,1,12,3,2,1,338,337,135,90,50,45,14,2,1,195,175,20,36,117,18,39,29
54404461,0,,,3801,1978,1823,530,277,253,3167,1636,1531,2369,1284,1085,3072,1584,1488,3027,1569,1458,798,352,446,425,171,254,136,52,84,9,2,7,40,24,16,1785,1785,731,458,303,232,51,8,2,1030,945,85,167,546,131,169,164
54404462,0,,,4610,2431,2179,676,341,335,3837,2033,1804,3056,1689,1367,3706,1969,1737,3632,1927,1705,781,344,437,374,154,220,101,34,67,8,1,7,70,28,42,2170,2162,893,565,362,279,51,11,1,1256,1182,74,186,542,196,175,171
54404463,0,,,3795,1911,1884,550,285,265,3158,1573,1585,2242,1192,1050,3039,1507,1532,2974,1479,1495,916,381,535,537,216,321,167,60,107,16,3,13,45,25,20,1644,1642,611,436,280,234,63,11,7,1012,929,83,161,568,175,204,167
54404464,0,,,2441,1197,1244,327,171,156,2073,1001,1072,1264,636,628,2008,972,1036,1979,955,1024,809,365,444,394,182,212,105,32,73,19,2,17,11,6,5,971,969,235,353,189,129,45,16,2,724,668,56,103,457,19,83,197
54404465,0,,,564,277,287,46,24,22,516,251,265,249,124,125,503,245,258,501,243,258,267,127,140,108,60,48,13,5,8,1,0,1,2,1,1,238,238,55,98,45,29,6,4,1,181,165,16,14,168,0,31,66
54404466,0,,,135,66,69,13,6,7,118,58,60,76,39,37,116,57,59,115,56,59,42,19,23,26,11,15,7,3,4,0,0,0,0,0,0,51,51,8,20,10,9,3,1,0,41,34,7,3,27,0,3,7
54404468,0,,,1104,549,555,142,58,84,944,479,465,649,342,307,924,469,455,911,460,451,295,137,158,138,56,82,39,15,24,1,1,0,3,2,1,445,432,105,134,95,67,21,10,0,325,269,56,48,189,17,29,54
54404469,0,,,224,118,106,11,5,6,207,110,97,115,63,52,202,107,95,199,106,93,92,47,45,50,16,34,16,4,12,1,1,0,1,0,1,101,71,22,17,17,9,3,2,1,47,36,11,4,44,0,16,7
54404470,0,,,4277,2225,2052,585,309,276,3563,1843,1720,2640,1451,1189,3438,1774,1664,3360,1733,1627,923,392,531,480,207,273,158,68,90,14,3,11,67,37,30,2004,2003,855,491,335,240,66,16,0,1128,1057,71,160,592,158,172,193
54404471,0,,,1721,948,773,213,122,91,1427,779,648,1101,634,467,1389,753,636,1376,744,632,326,145,181,151,60,91,42,14,28,4,0,4,24,14,10,918,918,496,191,114,87,27,3,0,414,385,29,50,222,96,72,64
54404472,0,,,3290,1753,1537,374,196,178,2761,1460,1301,2055,1137,918,2691,1429,1262,2653,1412,1241,706,323,383,366,150,216,116,40,76,8,1,7,72,38,34,1728,1726,862,429,235,155,39,5,1,855,791,64,99,481,152,149,135
54404473,0,,,4230,2159,2071,529,272,257,3582,1819,1763,2564,1355,1209,3463,1759,1704,3373,1708,1665,1018,464,554,562,239,323,159,55,104,21,2,19,53,26,27,1846,1843,608,588,336,235,59,17,0,1213,1139,74,171,632,67,167,239
54404474,0,,,4151,2101,2050,457,254,203,3575,1783,1792,2361,1220,1141,3462,1726,1736,3384,1684,1700,1214,563,651,616,291,325,173,74,99,6,3,3,61,29,32,1863,1863,624,610,318,227,67,11,6,1223,1109,114,145,787,69,182,291
54404475,0,,,2050,991,1059,290,144,146,1744,838,906,1161,581,580,1670,806,864,1634,783,851,583,257,326,347,150,197,92,34,58,12,2,10,13,6,7,823,823,190,289,166,126,39,9,4,632,581,51,62,401,5,120,136
54404476,0,,,431,207,224,58,29,29,367,174,193,235,116,119,354,169,185,352,169,183,132,58,74,61,24,37,17,6,11,2,1,1,2,0,2,156,156,23,60,33,24,7,5,4,128,101,27,16,84,1,12,24
54404480,0,,,2356,1292,1064,275,130,145,2044,1141,903,1497,889,608,1978,1108,870,1942,1094,848,547,252,295,281,120,161,81,26,55,5,1,4,34,19,15,882,878,306,272,146,111,36,5,2,565,525,40,59,339,60,113,117
54404481,0,,,2222,1192,1030,266,133,133,1877,1014,863,1361,780,581,1820,982,838,1778,960,818,516,234,282,253,108,145,55,20,35,3,1,2,28,17,11,1052,1052,435,293,156,127,28,9,4,607,565,42,78,348,67,101,120
54404482,0,,,5324,2715,2609,599,302,297,4566,2315,2251,3389,1778,1611,4415,2235,2180,4309,2187,2122,1177,537,640,604,261,343,152,59,93,6,2,4,60,41,19,2521,2521,1009,686,470,266,72,17,1,1480,1369,111,198,803,176,218,252
54404483,0,,,4232,2188,2044,570,310,260,3512,1784,1728,2373,1248,1125,3394,1727,1667,3343,1705,1638,1139,536,603,536,258,278,87,30,57,7,1,6,58,25,33,1937,1935,721,578,320,230,67,15,4,1181,1095,86,169,729,80,170,287
54404484,0,,,2545,1340,1205,303,153,150,2182,1152,1030,1575,865,710,2009,1040,969,1933,997,936,607,287,320,277,131,146,58,18,40,5,1,4,26,13,13,1032,1027,337,301,200,147,27,12,3,676,617,59,124,384,54,84,128
54404485,0,,,2932,1407,1525,373,184,189,2510,1188,1322,1611,786,825,2412,1134,1278,2360,1105,1255,899,402,497,414,181,233,104,30,74,11,1,10,6,3,3,1200,1199,324,382,249,184,46,8,6,864,802,62,87,595,23,196,195
54404486,0,,,735,375,360,122,60,62,611,313,298,501,266,235,581,298,283,555,283,272,110,47,63,53,27,26,15,8,7,0,0,0,6,5,1,330,330,136,78,55,42,11,2,6,192,178,14,37,74,53,24,19
54404490,0,,,3178,1559,1619,477,260,217,2687,1286,1401,2078,1030,1048,2519,1209,1310,2429,1162,1267,609,256,353,320,141,179,78,26,52,8,2,6,12,4,8,1160,1158,231,316,261,264,76,7,3,918,853,65,82,374,16,86,132
54404491,0,,,5068,2645,2423,618,292,326,4315,2276,2039,3260,1786,1474,4165,2209,1956,4079,2163,1916,1055,490,565,446,215,231,97,29,68,6,0,6,51,32,19,2313,2312,874,652,406,276,75,22,7,1407,1299,108,183,675,187,123,239
54404492,0,,,4677,2429,2248,686,363,323,3871,1990,1881,2954,1589,1365,3714,1919,1795,3642,1879,1763,917,401,516,434,193,241,115,36,79,15,2,13,33,13,20,2009,2008,715,530,348,310,86,17,2,1278,1197,81,198,559,102,133,202
54404493,0,,,2743,1398,1345,458,250,208,2244,1125,1119,1630,811,819,2158,1093,1065,2105,1066,1039,614,314,300,214,111,103,44,16,28,1,0,1,15,7,8,1105,1105,279,345,222,202,44,11,2,817,781,36,108,401,21,90,167
54404494,0,,,2663,1337,1326,418,207,211,2201,1112,1089,1587,823,764,2122,1073,1049,2077,1051,1026,614,289,325,296,148,148,67,23,44,7,1,6,15,7,8,1114,1114,343,314,206,196,42,11,2,760,692,68,142,408,55,108,135
54404495,0,,,1642,822,820,208,114,94,1413,694,719,965,479,486,1361,675,686,1340,671,669,448,215,233,221,116,105,24,10,14,1,0,1,4,1,3,648,648,133,221,156,104,23,9,2,510,466,44,52,283,12,47,108
54404496,0,,,546,284,262,80,41,39,466,243,223,333,176,157,446,234,212,435,226,209,133,67,66,64,30,34,14,8,6,1,1,0,1,0,1,181,179,29,56,34,38,15,4,3,150,132,18,13,82,1,20,23
54404550,0,,,100,50,50,2,2,0,98,48,50,45,21,24,98,48,50,95,47,48,53,27,26,25,11,14,9,2,7,2,0,2,0,0,0,40,40,9,14,10,3,3,1,0,31,24,7,0,32,1,4,11
54405000,0,,,233,118,115,14,10,4,219,108,111,127,65,62,211,104,107,204,101,103,92,43,49,40,16,24,14,4,10,2,0,2,0,0,0,74,74,9,21,16,12,11,4,1,65,38,27,7,56,0,8,14
54405001,0,,,206,111,95,17,9,8,189,102,87,109,61,48,179,98,81,177,97,80,80,41,39,32,13,19,7,2,5,0,0,0,5,4,1,66,66,8,23,14,7,6,6,2,56,34,22,1,51,0,7,13
54405002,0,,,441,225,216,52,27,25,389,198,191,247,131,116,370,187,183,364,183,181,142,67,75,64,30,34,12,2,10,0,0,0,1,0,1,133,133,17,32,32,23,15,7,7,115,78,37,13,89,0,10,19
54405003,0,,,218,103,115,25,12,13,193,91,102,122,59,63,186,89,97,183,86,97,71,32,39,30,13,17,10,2,8,2,0,2,0,0,0,67,67,8,17,14,15,8,2,3,59,34,25,6,46,0,6,8
54405004,0,,,26,13,13,3,2,1,23,11,12,12,7,5,22,10,12,22,10,12,11,4,7,3,1,2,1,0,1,0,0,0,0,0,0,7,7,0,2,2,1,1,0,1,7,4,3,0,5,0,0,2
54405005,2,54405014,,1,0,1,*,*,*,*,*,*,*,*,*,*,*,*,*,*,*,*,*,*,*,*,*,*,*,*,*,*,*,*,*,*,1,1,*,*,*,*,*,*,*,*,*,*,*,*,*,*,*
54405006,0,,,282,138,144,36,19,17,246,119,127,144,75,69,244,119,125,242,117,125,102,44,58,34,12,22,12,2,10,1,0,1,5,1,4,97,97,21,25,20,18,5,5,3,75,46,29,9,68,0,11,13
54405007,0,,,68,30,38,4,1,3,64,29,35,44,21,23,63,29,34,62,29,33,20,8,12,15,4,11,6,0,6,0,0,0,0,0,0,26,26,8,5,5,6,1,1,0,18,10,8,1,15,1,4,1
54405008,0,,,105,55,50,8,4,4,97,51,46,59,29,30,96,51,45,95,51,44,38,22,16,12,7,5,5,3,2,0,0,0,0,0,0,32,32,4,10,5,6,3,3,1,28,19,9,3,22,0,3,6
54405009,0,,,102,47,55,17,8,9,78,37,41,45,23,22,75,35,40,75,35,40,33,14,19,12,6,6,5,3,2,0,0,0,0,0,0,34,34,8,9,4,6,4,2,1,25,17,8,6,20,0,3,6
54405010,0,,,766,386,380,75,36,39,683,346,337,469,239,230,660,332,328,643,325,318,214,107,107,94,40,54,27,9,18,3,1,2,28,14,14,297,297,89,75,57,42,23,6,5,206,154,52,21,144,14,30,28
54405011,0,,,268,133,135,29,18,11,239,115,124,143,72,71,231,111,120,226,109,117,96,43,53,45,21,24,13,3,10,0,0,0,1,0,1,97,97,19,27,24,17,6,3,1,78,57,21,7,61,0,13,15
54405012,0,,,289,152,137,40,25,15,247,126,121,154,82,72,236,120,116,231,118,113,93,44,49,36,17,19,11,5,6,0,0,0,0,0,0,99,99,13,33,26,10,12,3,2,85,65,20,12,59,0,8,18
54405013,0,,,532,258,274,91,47,44,441,211,230,303,147,156,425,205,220,417,202,215,138,64,74,56,23,33,21,6,15,0,0,0,7,3,4,191,191,48,49,36,32,15,5,6,142,106,36,21,100,0,32,17
54405014,1,,54405005,329,163,166,35,14,21,295,149,146,183,100,83,284,141,143,278,136,142,112,49,63,51,24,27,22,8,14,2,0,2,4,2,2,103,103,14,28,22,17,12,11,0,89,58,31,9,67,0,8,14
54405015,0,,,169,88,81,27,15,12,142,73,69,96,52,44,137,71,66,133,68,65,46,21,25,17,5,12,4,1,3,0,0,0,1,0,1,53,53,5,17,8,12,8,3,0,48,34,14,7,31,0,2,8
54405016,0,,,680,339,341,65,30,35,615,309,306,392,202,190,598,302,296,586,295,291,223,107,116,95,44,51,30,11,19,4,2,2,2,0,2,236,236,35,83,47,39,16,12,4,199,153,46,11,139,2,20,33
54405017,0,,,320,165,155,38,18,20,279,145,134,176,94,82,271,141,130,266,136,130,103,51,52,37,18,19,13,4,9,1,0,1,0,0,0,114,114,24,29,26,22,8,3,2,89,68,21,9,66,1,12,15
54405018,0,,,301,160,141,41,24,17,260,136,124,169,89,80,255,133,122,251,132,119,91,47,44,39,19,20,13,6,7,0,0,0,2,0,2,93,93,10,26,23,15,7,9,3,83,59,24,8,56,0,8,11
54405019,0,,,111,56,55,12,7,5,99,49,50,62,31,31,95,47,48,92,46,46,37,18,19,20,10,10,5,1,4,1,0,1,2,1,1,36,36,6,11,7,4,4,2,2,30,21,9,3,25,0,6,4
54405020,0,,,3025,1529,1496,296,147,149,2656,1343,1313,1750,925,825,2557,1286,1271,2506,1257,1249,906,418,488,437,189,248,153,55,98,12,4,8,148,65,83,1350,1350,505,400,215,131,59,27,13,832,685,147,73,615,44,178,161
54405021,0,,,1471,742,729,256,137,119,1200,595,605,889,454,435,1155,574,581,1126,559,567,311,141,170,133,60,73,38,13,25,6,2,4,80,39,41,548,548,145,135,109,100,35,17,7,396,341,55,55,207,16,46,51
54405022,0,,,282,143,139,34,15,19,248,128,120,166,90,76,239,123,116,236,121,115,82,38,44,40,17,23,14,4,10,0,0,0,2,1,1,95,95,17,26,17,22,5,7,1,77,58,19,9,55,0,10,14
54405023,0,,,350,177,173,47,25,22,303,152,151,181,91,90,294,149,145,289,146,143,122,61,61,47,23,24,17,6,11,0,0,0,7,2,5,113,113,16,32,24,17,15,8,1,95,72,23,12,72,0,13,23
54405024,0,,,211,108,103,25,14,11,186,94,92,118,63,55,182,92,90,179,90,89,68,31,37,32,13,19,9,1,8,1,0,1,1,0,1,73,73,12,23,18,10,4,4,2,61,45,16,4,48,0,9,11
54405025,0,,,63,34,29,6,4,2,57,30,27,41,23,18,55,29,26,54,29,25,16,7,9,13,5,8,5,2,3,0,0,0,1,0,1,20,20,4,4,5,3,2,0,2,16,11,5,1,12,0,3,0
54405026,0,,,387,209,178,39,23,16,348,186,162,240,132,108,329,179,150,311,166,145,108,54,54,48,25,23,14,6,8,0,0,0,6,3,3,127,127,26,25,31,20,15,7,3,101,64,37,7,69,0,13,12
54405027,0,,,385,191,194,53,30,23,332,161,171,227,115,112,324,158,166,320,155,165,105,46,59,36,13,23,13,2,11,0,0,0,1,0,1,131,131,25,36,28,19,14,5,4,105,72,33,12,67,1,9,15
54405028,0,,,188,96,92,22,10,12,166,86,80,99,58,41,160,82,78,156,78,78,67,28,39,30,8,22,12,1,11,2,0,2,0,0,0,53,53,4,16,13,7,2,4,7,49,30,19,2,40,0,3,7
54405030,0,,,2362,1184,1178,323,158,165,1999,1001,998,1389,727,662,1937,969,968,1898,952,946,610,274,336,273,114,159,80,30,50,2,1,1,149,62,87,973,973,314,271,172,131,62,13,10,635,524,111,82,409,26,108,88
54405031,0,,,4169,2009,2160,536,257,279,3572,1716,1856,2409,1212,1197,3441,1662,1779,3366,1625,1741,1163,504,659,524,189,335,204,50,154,39,2,37,105,50,55,1622,1619,481,444,329,241,84,27,13,1124,953,171,130,667,52,149,172
54405032,0,,,1400,661,739,252,123,129,1146,536,610,813,391,422,1079,499,580,1044,486,558,333,145,188,167,64,103,57,22,35,8,0,8,48,16,32,500,498,117,127,110,92,35,14,3,377,323,54,62,212,11,67,52
54405033,0,,,374,188,186,41,16,25,333,172,161,198,109,89,322,166,156,314,162,152,135,63,72,60,25,35,17,5,12,0,0,0,0,0,0,119,119,21,30,23,18,16,6,5,98,62,36,15,86,0,15,13
54405034,0,,,158,80,78,19,10,9,139,70,69,85,45,40,135,67,68,134,67,67,54,25,29,24,7,17,10,2,8,0,0,0,1,0,1,50,50,3,14,19,7,3,2,2,47,32,15,5,33,0,2,7
54405035,0,,,371,198,173,39,25,14,332,173,159,221,119,102,325,168,157,318,163,155,111,54,57,41,20,21,11,5,6,2,1,1,9,7,2,140,140,36,43,26,16,10,7,2,104,83,21,5,72,1,15,19
54405036,0,,,298,152,146,30,19,11,263,132,131,155,76,79,256,129,127,251,125,126,108,56,52,49,24,25,15,5,10,3,0,3,1,0,1,99,99,15,25,27,16,10,5,1,83,57,26,8,71,0,11,14
54405037,0,,,147,78,69,17,10,7,130,68,62,81,49,32,125,65,60,123,63,60,49,19,30,18,5,13,4,0,4,0,0,0,0,0,0,49,49,8,13,12,7,6,2,1,41,28,13,4,32,0,6,5
54405038,0,,,18,9,9,2,1,1,16,8,8,10,5,5,16,8,8,15,8,7,6,3,3,0,0,0,0,0,0,0,0,0,0,0,0,5,5,0,1,2,0,2,0,0,5,5,0,0,3,0,0,1
54405039,0,,,93,24,69,0,0,0,93,24,69,13,6,7,93,24,69,93,24,69,80,18,62,70,11,59,48,4,44,12,0,12,0,0,0,15,12,6,4,2,0,0,0,0,5,5,0,0,7,0,4,1
54405040,0,,,345,183,162,44,27,17,298,153,145,198,105,93,287,149,138,279,143,136,100,48,52,33,15,18,6,0,6,0,0,0,6,3,3,147,147,55,38,20,23,4,7,0,90,76,14,14,66,8,17,18
54405041,0,,,341,182,159,30,12,18,301,160,141,199,114,85,293,156,137,291,154,137,102,46,56,53,23,30,18,7,11,1,0,1,1,1,0,144,144,50,35,27,22,8,2,0,93,67,26,11,72,3,11,10
54405042,0,,,344,176,168,27,13,14,312,158,154,204,104,100,302,152,150,294,149,145,108,54,54,55,23,32,26,10,16,1,0,1,6,2,4,126,126,28,38,24,21,10,4,1,96,68,28,10,76,3,12,13
54405043,0,,,386,180,206,44,20,24,341,160,181,202,100,102,329,157,172,320,153,167,139,60,79,66,29,37,22,6,16,0,0,0,0,0,0,125,125,18,32,32,23,10,5,5,107,75,32,6,92,0,14,17
54405044,0,,,348,161,187,39,22,17,309,139,170,196,91,105,298,131,167,288,129,159,113,48,65,52,14,38,29,6,23,4,0,4,1,0,1,108,107,16,25,23,25,5,8,5,91,56,35,9,71,0,13,14
54405045,0,,,662,313,349,73,38,35,580,271,309,378,189,189,559,261,298,551,255,296,202,82,120,98,31,67,44,9,35,6,0,6,6,0,6,208,206,48,52,43,28,16,13,6,155,109,46,19,116,4,22,17
54405046,0,,,209,105,104,27,13,14,178,89,89,127,69,58,173,87,86,167,84,83,51,20,31,16,6,10,4,2,2,0,0,0,0,0,0,71,71,18,15,14,12,4,6,2,52,39,13,5,35,3,7,5
54405047,0,,,208,108,100,22,12,10,183,94,89,111,62,49,182,94,88,181,94,87,72,32,40,24,8,16,7,2,5,1,0,1,0,0,0,79,79,22,14,25,11,4,2,1,55,39,16,7,46,0,7,8
54405048,0,,,179,91,88,15,5,10,164,86,78,90,53,37,162,85,77,161,84,77,74,33,41,26,12,14,10,3,7,1,0,1,0,0,0,61,61,8,15,17,16,4,1,0,52,33,19,4,45,0,5,8
54405049,0,,,25,10,15,0,0,0,25,10,15,14,6,8,25,10,15,25,10,15,11,4,7,7,2,5,5,2,3,1,0,1,0,0,0,8,8,2,1,0,4,1,0,0,6,3,3,0,5,0,0,1
54405050,0,,,288,147,141,25,14,11,261,132,129,164,93,71,251,124,127,247,122,125,97,39,58,43,15,28,10,4,6,1,1,0,1,1,0,104,104,22,28,24,19,6,4,1,81,56,25,3,64,1,12,11
54405051,0,,,192,103,89,18,10,8,173,92,81,110,61,49,168,88,80,166,87,79,63,31,32,21,6,15,10,3,7,0,0,0,21,13,8,67,67,21,13,8,15,4,3,3,46,29,17,4,35,1,3,6
54405052,0,,,239,118,121,32,17,15,207,101,106,114,57,57,203,100,103,201,99,102,93,44,49,30,15,15,8,3,5,0,0,0,6,1,5,77,77,10,29,15,10,4,4,5,64,45,19,9,58,1,7,13
54405053,0,,,198,95,103,16,7,9,182,88,94,105,53,52,178,86,92,177,86,91,77,35,42,30,8,22,10,3,7,1,0,1,1,0,1,72,72,13,19,21,11,8,0,0,59,49,10,7,53,0,11,11
54405054,0,,,289,147,142,29,16,13,260,131,129,152,84,68,248,125,123,244,123,121,108,47,61,46,19,27,20,4,16,1,0,1,3,1,2,98,98,16,25,25,18,9,4,1,82,59,23,7,65,0,8,8
54405055,0,,,593,301,292,80,35,45,511,264,247,354,184,170,497,258,239,487,253,234,157,80,77,54,25,29,10,5,5,1,1,0,1,0,1,203,203,29,60,46,44,16,6,2,173,141,32,20,102,0,14,28
54405056,0,,,811,394,417,48,27,21,759,365,394,367,196,171,750,362,388,744,359,385,392,169,223,210,73,137,94,22,72,14,2,12,3,2,1,207,205,57,57,38,34,10,8,1,148,109,39,13,114,5,22,22
54405057,0,,,1317,649,668,130,62,68,1169,575,594,717,366,351,1127,553,574,1112,546,566,452,209,243,226,102,124,72,30,42,8,0,8,6,2,4,511,511,140,142,114,59,34,13,9,363,278,85,36,295,10,74,59
54405058,0,,,702,355,347,84,42,42,618,313,305,356,189,167,594,302,292,589,297,292,262,124,138,117,50,67,36,12,24,5,0,5,4,2,2,253,253,57,78,53,27,14,16,8,195,146,49,21,169,0,40,42
54405059,0,,,37,23,14,3,3,0,34,20,14,15,9,6,33,19,14,33,19,14,19,11,8,9,5,4,5,3,2,0,0,0,0,0,0,17,17,6,5,3,3,0,0,0,11,11,0,0,12,1,3,3
54405060,0,,,233,123,110,32,18,14,201,105,96,116,63,53,197,101,96,193,97,96,85,42,43,37,17,20,13,5,8,1,1,0,0,0,0,71,71,8,21,16,8,10,4,4,63,38,25,9,53,0,7,11
54405061,0,,,203,98,105,21,13,8,182,85,97,94,45,49,180,85,95,177,85,92,88,40,48,38,13,25,15,4,11,1,0,1,1,0,1,68,68,7,26,13,10,9,2,1,61,39,22,3,55,0,5,16
54405062,0,,,180,87,93,21,11,10,159,76,83,103,50,53,149,73,76,149,73,76,56,26,30,21,10,11,8,2,6,0,0,0,4,1,3,54,54,2,15,19,9,5,1,3,51,36,15,5,33,0,1,3
54405063,0,,,270,127,143,32,14,18,238,113,125,146,73,73,227,106,121,222,103,119,92,40,52,50,19,31,26,9,17,4,0,4,1,0,1,80,80,5,25,18,14,9,5,4,75,51,24,6,57,0,4,12
54405064,0,,,153,77,76,6,3,3,147,74,73,94,51,43,141,71,70,138,69,69,53,23,30,29,12,17,10,2,8,1,0,1,3,1,2,52,52,6,17,12,11,3,3,0,46,30,16,0,33,3,0,8
54405065,0,,,566,271,295,83,41,42,482,229,253,366,179,187,467,221,246,458,216,242,116,50,66,47,18,29,13,4,9,0,0,0,4,0,4,204,204,36,63,44,39,16,6,0,168,139,29,15,84,4,14,18
54405066,0,,,878,445,433,118,68,50,697,345,352,563,291,272,663,325,338,646,317,329,134,54,80,52,16,36,16,6,10,0,0,0,21,14,7,323,323,66,104,61,56,26,6,4,241,204,37,24,98,13,16,17
54405067,0,,,620,294,326,76,43,33,542,251,291,341,163,178,528,247,281,517,245,272,201,88,113,92,36,56,29,12,17,3,1,2,4,1,3,227,227,52,65,47,32,20,8,3,174,128,46,24,137,4,29,34
54405068,0,,,670,313,357,70,31,39,600,282,318,346,170,176,575,271,304,565,267,298,254,112,142,118,52,66,35,15,20,5,1,4,1,1,0,258,258,66,79,49,37,14,10,3,191,140,51,17,169,5,37,42
54405069,0,,,324,150,174,38,13,25,281,133,148,164,85,79,275,130,145,273,128,145,117,48,69,58,23,35,18,6,12,1,0,1,3,0,3,146,146,53,48,21,11,10,3,0,92,77,15,10,83,0,28,18
54405070,0,,,233,103,130,24,9,15,209,94,115,117,62,55,201,91,110,199,90,109,92,32,60,57,14,43,38,5,33,9,0,9,0,0,0,72,69,5,21,24,14,3,1,1,64,52,12,5,39,0,3,11
54405071,0,,,331,172,159,36,18,18,295,154,141,184,98,86,284,145,139,282,145,137,111,56,55,55,26,29,27,13,14,1,0,1,0,0,0,96,95,9,21,21,25,9,8,2,86,54,32,10,66,0,7,14
54405072,0,,,163,78,85,12,6,6,151,72,79,90,44,46,147,70,77,146,69,77,61,28,33,26,11,15,14,3,11,0,0,0,1,0,1,54,54,7,13,15,13,3,3,0,47,33,14,4,37,0,6,5
54405073,0,,,285,146,139,23,12,11,262,134,128,164,83,81,254,131,123,246,128,118,98,51,47,34,16,18,13,5,8,1,1,0,1,0,1,98,98,21,25,22,18,5,3,4,77,57,20,8,63,1,16,14
54405074,0,,,116,55,61,13,6,7,103,49,54,64,31,33,100,48,52,98,47,51,39,18,21,15,7,8,5,2,3,0,0,0,0,0,0,36,36,4,12,6,6,4,2,2,32,22,10,4,24,0,4,8
54405075,0,,,1053,535,518,121,65,56,925,467,458,667,341,326,892,450,442,868,436,432,258,126,132,101,40,61,36,8,28,9,0,9,2,0,2,367,366,67,103,82,79,26,6,3,296,248,48,29,162,2,37,37
54405076,0,,,727,370,357,74,36,38,648,333,315,459,238,221,627,322,305,620,318,302,189,95,94,61,27,34,26,9,17,3,0,3,3,1,2,258,258,48,73,58,52,15,8,4,208,167,41,22,124,2,25,26
54405077,0,,,349,176,173,45,26,19,304,150,154,176,89,87,292,143,149,290,143,147,128,61,67,47,21,26,21,9,12,3,0,3,0,0,0,111,111,18,27,22,24,10,7,3,93,61,32,11,76,2,14,15
54405078,0,,,222,103,119,10,5,5,212,98,114,91,51,40,211,97,114,210,97,113,121,47,74,74,22,52,37,4,33,6,1,5,0,0,0,51,49,14,15,12,3,2,2,1,34,29,5,2,33,0,10,9
54405079,0,,,222,105,117,22,10,12,200,95,105,122,61,61,192,88,104,189,87,102,78,34,44,33,10,23,7,1,6,2,0,2,2,0,2,76,76,15,23,10,17,6,2,3,61,39,22,5,48,0,12,13
54405080,0,,,209,98,111,30,10,20,179,88,91,109,56,53,171,85,86,168,84,84,70,32,38,40,15,25,10,2,8,1,0,1,2,1,1,62,62,6,19,13,9,5,6,4,55,29,26,8,46,0,6,9
54405081,0,,,295,154,141,21,10,11,273,143,130,176,94,82,264,138,126,259,136,123,97,49,48,48,23,25,18,8,10,0,0,0,2,0,2,97,97,11,28,29,15,8,1,5,86,60,26,7,64,1,6,14
54405082,0,,,93,45,48,7,2,5,86,43,43,47,25,22,84,41,43,84,41,43,39,18,21,14,5,9,3,0,3,0,0,0,0,0,0,30,30,6,8,5,4,2,5,0,24,13,11,3,25,0,5,7
54405083,0,,,227,119,108,27,12,15,200,107,93,121,69,52,191,101,90,189,100,89,79,38,41,33,11,22,14,5,9,1,0,1,3,2,1,72,72,8,21,18,13,6,1,5,64,42,22,8,49,0,6,10
54405084,0,,,115,62,53,10,6,4,105,56,49,64,36,28,105,56,49,104,55,49,41,20,21,15,5,10,6,1,5,1,0,1,2,0,2,39,39,3,13,15,2,4,1,1,36,29,7,4,26,0,2,6
54405085,0,,,528,262,266,44,26,18,481,234,247,320,154,166,466,227,239,456,223,233,161,80,81,57,23,34,17,7,10,0,0,0,5,0,5,206,206,43,65,55,32,6,3,2,161,126,35,7,109,1,26,27
54405086,0,,,737,378,359,69,34,35,662,340,322,451,238,213,643,327,316,632,320,312,211,102,109,73,30,43,26,9,17,4,1,3,11,4,7,271,269,61,74,59,38,28,6,3,206,161,45,12,138,2,27,36
54405087,0,,,604,307,297,144,76,68,451,227,224,359,186,173,431,215,216,427,212,215,92,41,51,40,18,22,14,5,9,1,0,1,12,6,6,230,230,58,64,41,47,14,5,1,169,149,20,41,60,9,10,11
54405088,0,,,327,169,158,33,19,14,294,150,144,154,87,67,286,146,140,281,142,139,140,63,77,84,35,49,36,10,26,4,0,4,5,4,1,107,105,31,28,17,18,8,2,1,74,55,19,9,58,6,17,12
54405089,0,,,266,140,126,35,18,17,231,122,109,156,87,69,222,118,104,220,116,104,75,35,40,25,12,13,5,3,2,0,0,0,0,0,0,85,84,14,29,20,14,4,3,0,67,57,10,9,44,0,7,19
54405090,0,,,55,28,27,5,5,0,50,23,27,35,17,18,49,23,26,46,21,25,15,6,9,11,4,7,3,1,2,0,0,0,0,0,0,17,17,1,5,4,4,2,1,0,15,12,3,1,10,0,1,2
54405091,0,,,201,102,99,17,9,8,184,93,91,100,53,47,178,92,86,174,91,83,84,40,44,41,19,22,13,4,9,1,1,0,0,0,0,68,68,14,19,13,12,2,5,3,54,33,21,5,50,0,8,9
54405092,0,,,217,116,101,24,16,8,193,100,93,122,68,54,188,97,91,184,96,88,71,32,39,36,15,21,16,6,10,1,0,1,2,0,2,68,68,9,17,18,10,7,5,2,58,37,21,5,46,0,5,8
54405093,0,,,81,41,40,6,3,3,75,38,37,41,20,21,72,35,37,69,34,35,34,18,16,15,7,8,3,1,2,0,0,0,0,0,0,24,24,3,8,3,3,3,3,1,21,10,11,2,20,0,2,2
54405094,0,,,204,97,107,15,6,9,187,90,97,117,57,60,178,86,92,173,84,89,70,33,37,29,10,19,8,2,6,0,0,0,0,0,0,62,62,9,15,13,11,7,3,4,52,32,20,5,45,0,6,6
54405095,0,,,291,153,138,35,21,14,256,132,124,150,77,73,252,130,122,247,127,120,106,55,51,37,16,21,14,5,9,1,0,1,0,0,0,102,102,16,38,20,12,9,4,3,86,61,25,7,72,0,12,20
54405096,0,,,669,308,361,83,46,37,582,262,320,374,174,200,561,252,309,551,246,305,208,88,120,103,43,60,27,11,16,2,1,1,15,8,7,270,270,82,74,56,31,18,7,2,187,149,38,20,141,4,43,30
54405097,0,,,583,290,293,53,28,25,530,262,268,314,168,146,518,256,262,510,251,259,216,94,122,109,46,63,45,12,33,2,0,2,0,0,0,216,215,44,73,47,24,17,7,3,167,116,51,15,144,2,23,28
54405098,0,,,686,324,362,93,43,50,577,274,303,377,179,198,555,270,285,551,269,282,200,95,105,83,36,47,24,6,18,3,1,2,5,1,4,254,253,66,68,50,38,16,12,3,184,139,45,27,130,6,24,26
54405099,0,,,241,122,119,24,9,15,209,109,100,136,74,62,201,107,94,196,102,94,73,35,38,31,14,17,8,4,4,0,0,0,1,0,1,89,89,14,31,21,17,3,2,1,71,57,14,7,50,0,11,13
54405102,1,,54405111,34,17,17,3,1,2,35,17,18,16,8,8,35,17,18,35,17,18,19,9,10,10,5,5,3,1,2,0,0,0,1,0,1,13,13,5,2,3,1,2,1,0,9,5,4,0,12,0,3,2
54405104,0,,,62,27,35,3,1,2,59,26,33,36,16,20,57,26,31,56,25,31,23,10,13,11,4,7,5,0,5,0,0,0,0,0,0,21,21,4,5,5,3,3,1,0,17,9,8,0,16,0,3,3
54405105,1,,54405106,34,17,17,3,2,1,32,16,16,15,8,7,31,16,15,31,16,15,17,8,9,8,2,6,6,2,4,0,0,0,0,0,0,13,13,6,3,3,2,0,0,1,9,4,5,0,11,1,4,1
54405106,2,54405105,,2,1,1,*,*,*,*,*,*,*,*,*,*,*,*,*,*,*,*,*,*,*,*,*,*,*,*,*,*,*,*,*,*,2,2,*,*,*,*,*,*,*,*,*,*,*,*,*,*,*
54405108,2,54405129,,4,2,2,*,*,*,*,*,*,*,*,*,*,*,*,*,*,*,*,*,*,*,*,*,*,*,*,*,*,*,*,*,*,2,2,*,*,*,*,*,*,*,*,*,*,*,*,*,*,*
54405109,0,,,11,4,7,0,0,0,11,4,7,8,3,5,11,4,7,11,4,7,3,1,2,1,1,0,0,0,0,0,0,0,0,0,0,4,4,1,1,1,0,1,0,0,3,3,0,0,2,0,0,1
54405110,0,,,9,4,5,0,0,0,9,4,5,4,3,1,9,4,5,9,4,5,5,1,4,3,1,2,1,0,1,1,0,1,0,0,0,6,6,4,1,1,0,0,0,0,2,1,1,0,3,0,2,0
54405111,2,54405102,,4,1,3,*,*,*,*,*,*,*,*,*,*,*,*,*,*,*,*,*,*,*,*,*,*,*,*,*,*,*,*,*,*,1,1,*,*,*,*,*,*,*,*,*,*,*,*,*,*,*
54405112,1,,54405113;54405122,50,25,25,4,1,3,54,29,25,26,15,11,52,27,25,52,27,25,28,14,14,14,7,7,5,2,3,2,1,1,0,0,0,20,20,7,9,2,2,0,2,1,16,12,4,2,20,0,6,6
54405113,2,54405112,,6,4,2,*,*,*,*,*,*,*,*,*,*,*,*,*,*,*,*,*,*,*,*,*,*,*,*,*,*,*,*,*,*,2,2,*,*,*,*,*,*,*,*,*,*,*,*,*,*,*
54405114,0,,,56,28,28,6,4,2,50,24,26,32,17,15,49,23,26,47,22,25,18,7,11,9,2,7,4,2,2,0,0,0,0,0,0,21,21,4,7,5,2,3,0,0,17,12,5,0,14,0,4,3
54405115,0,,,21,12,9,2,1,1,19,11,8,13,8,5,19,11,8,19,11,8,6,3,3,5,2,3,1,0,1,0,0,0,0,0,0,9,9,4,1,3,0,0,1,0,5,4,1,0,5,0,2,0
54405120,0,,,89,49,40,7,4,3,82,45,37,47,28,19,80,44,36,77,43,34,35,17,18,12,6,6,8,3,5,1,0,1,0,0,0,33,33,7,14,4,3,2,1,2,25,19,6,2,22,0,5,7
54405121,0,,,46,24,22,2,1,1,44,23,21,27,13,14,44,23,21,44,23,21,17,10,7,10,4,6,7,3,4,1,0,1,0,0,0,15,15,1,7,3,2,1,0,1,14,9,5,1,11,0,1,2
54405122,2,54405112,,2,1,1,*,*,*,*,*,*,*,*,*,*,*,*,*,*,*,*,*,*,*,*,*,*,*,*,*,*,*,*,*,*,1,1,*,*,*,*,*,*,*,*,*,*,*,*,*,*,*
54405123,0,,,13,6,7,0,0,0,13,6,7,7,2,5,12,6,6,12,6,6,6,4,2,1,0,1,0,0,0,0,0,0,0,0,0,7,7,3,2,2,0,0,0,0,4,3,1,0,5,0,1,2
54405125,0,,,80,36,44,5,0,5,75,36,39,41,22,19,72,34,38,72,34,38,34,14,20,17,6,11,8,3,5,0,0,0,0,0,0,27,27,6,7,6,2,4,1,1,21,9,12,1,22,0,4,5
54405126,2,54405137,,4,3,1,*,*,*,*,*,*,*,*,*,*,*,*,*,*,*,*,*,*,*,*,*,*,*,*,*,*,*,*,*,*,3,3,*,*,*,*,*,*,*,*,*,*,*,*,*,*,*
54405127,2,54405137,,2,1,1,*,*,*,*,*,*,*,*,*,*,*,*,*,*,*,*,*,*,*,*,*,*,*,*,*,*,*,*,*,*,1,1,*,*,*,*,*,*,*,*,*,*,*,*,*,*,*
54405129,1,,54405108,30,15,15,0,0,0,34,17,17,20,10,10,34,17,17,33,16,17,14,7,7,9,5,4,5,3,2,0,0,0,0,0,0,8,8,0,4,2,2,0,2,0,9,6,3,0,8,0,0,2
54405130,0,,,180,83,97,16,6,10,164,77,87,83,39,44,159,75,84,158,74,84,81,38,43,27,11,16,10,1,9,2,0,2,2,2,0,66,66,14,23,12,8,3,5,1,51,36,15,2,49,2,7,14
54405131,0,,,22,11,11,1,0,1,20,11,9,11,7,4,20,11,9,19,10,9,9,4,5,2,1,1,0,0,0,0,0,0,0,0,0,11,11,3,5,3,0,0,0,0,8,8,0,1,6,0,1,3
54405133,0,,,28,12,16,0,0,0,28,12,16,13,5,8,27,11,16,27,11,16,15,7,8,6,1,5,3,0,3,1,0,1,0,0,0,12,12,2,6,2,2,0,0,0,10,8,2,0,10,0,2,5
54405134,2,54405135,,8,4,4,*,*,*,*,*,*,*,*,*,*,*,*,*,*,*,*,*,*,*,*,*,*,*,*,*,*,*,*,*,*,2,2,*,*,*,*,*,*,*,*,*,*,*,*,*,*,*
54405135,1,,54405134,95,53,42,9,5,4,94,52,42,64,39,25,90,48,42,88,48,40,30,13,17,14,8,6,5,2,3,0,0,0,9,9,0,36,36,11,10,7,4,2,3,1,27,19,8,2,19,9,1,6
54405136,0,,,29,15,14,4,1,3,25,14,11,18,10,8,25,14,11,24,13,11,7,4,3,5,2,3,2,1,1,0,0,0,0,0,0,7,7,1,0,2,1,1,1,1,6,1,5,2,5,0,1,0
54405137,1,,54405126;54405127,55,31,24,1,0,1,60,35,25,32,20,12,60,35,25,60,35,25,28,15,13,11,6,5,4,2,2,0,0,0,0,0,0,20,20,4,11,5,1,2,1,0,20,17,3,0,19,0,2,6
54405138,2,54405148,,3,2,1,*,*,*,*,*,*,*,*,*,*,*,*,*,*,*,*,*,*,*,*,*,*,*,*,*,*,*,*,*,*,2,2,*,*,*,*,*,*,*,*,*,*,*,*,*,*,*
54405140,0,,,273,140,133,30,14,16,243,126,117,153,77,76,238,123,115,236,121,115,90,49,41,31,16,15,10,3,7,1,0,1,3,2,1,100,100,22,30,23,13,5,4,3,77,59,18,7,59,0,11,14
54405141,0,,,20,7,13,4,1,3,16,6,10,8,3,5,15,6,9,15,6,9,8,3,5,4,2,2,1,0,1,1,0,1,0,0,0,7,7,2,1,1,2,1,0,0,5,4,1,1,4,0,1,1
54405143,0,,,142,69,73,13,7,6,129,62,67,67,33,34,122,60,62,120,60,60,62,29,33,29,13,16,13,3,10,1,0,1,1,0,1,48,48,5,19,11,5,4,2,2,43,30,13,3,38,0,3,14
54405144,1,,54405145;54405155,71,36,35,4,4,0,82,43,39,46,25,21,79,41,38,79,41,38,36,18,18,16,8,8,5,3,2,0,0,0,0,0,0,29,29,9,11,9,4,1,0,1,26,23,3,0,25,0,6,5
54405145,2,54405144,,11,8,3,*,*,*,*,*,*,*,*,*,*,*,*,*,*,*,*,*,*,*,*,*,*,*,*,*,*,*,*,*,*,4,4,*,*,*,*,*,*,*,*,*,*,*,*,*,*,*
54405147,0,,,56,24,32,6,2,4,50,22,28,30,13,17,50,22,28,49,22,27,20,9,11,8,1,7,4,0,4,1,0,1,0,0,0,19,19,1,9,5,1,2,0,1,18,11,7,0,13,0,1,4
54405148,1,,54405138,84,36,48,9,4,5,78,34,44,48,23,25,77,34,43,75,34,41,30,11,19,16,4,12,6,1,5,0,0,0,0,0,0,30,30,9,10,5,4,1,1,2,23,15,8,2,22,0,3,3
54405149,0,,,45,26,19,1,1,0,44,25,19,25,15,10,44,25,19,44,25,19,19,10,9,5,2,3,2,0,2,0,0,0,0,0,0,18,18,3,9,3,1,1,1,0,15,11,4,1,11,0,2,5
54405150,0,,,129,64,65,15,7,8,114,57,57,64,34,30,113,56,57,112,55,57,50,23,27,21,9,12,10,5,5,0,0,0,0,0,0,50,50,12,16,9,8,4,1,0,38,25,13,6,33,0,10,6
54405151,2,54405161,,7,4,3,*,*,*,*,*,*,*,*,*,*,*,*,*,*,*,*,*,*,*,*,*,*,*,*,*,*,*,*,*,*,4,4,*,*,*,*,*,*,*,*,*,*,*,*,*,*,*
54405153,0,,,71,35,36,2,0,2,69,35,34,41,22,19,69,35,34,66,35,31,28,13,15,14,8,6,3,2,1,0,0,0,0,0,0,26,26,3,11,6,3,2,1,0,23,14,9,1,18,0,2,4
54405154,0,,,104,57,47,18,12,6,85,44,41,53,27,26,82,42,40,81,41,40,32,17,15,9,4,5,4,2,2,0,0,0,0,0,0,39,39,9,14,5,7,3,0,1,30,23,7,4,25,0,7,6
54405155,2,54405144,,4,3,1,*,*,*,*,*,*,*,*,*,*,*,*,*,*,*,*,*,*,*,*,*,*,*,*,*,*,*,*,*,*,2,2,*,*,*,*,*,*,*,*,*,*,*,*,*,*,*
54405159,2,54405169,,5,2,3,*,*,*,*,*,*,*,*,*,*,*,*,*,*,*,*,*,*,*,*,*,*,*,*,*,*,*,*,*,*,3,3,*,*,*,*,*,*,*,*,*,*,*,*,*,*,*
54405160,0,,,258,135,123,29,17,12,229,118,111,140,75,65,225,116,109,223,116,107,89,43,46,49,20,29,23,8,15,4,2,2,3,2,1,90,90,17,29,18,13,5,5,3,72,49,23,7,63,0,12,9
54405161,1,,54405151,68,32,36,10,4,6,64,31,33,50,27,23,64,31,33,64,31,33,14,4,10,4,0,4,2,0,2,0,0,0,0,0,0,19,19,4,6,5,2,1,4,1,19,10,9,3,9,0,0,1
54405163,0,,,181,77,104,9,5,4,172,72,100,62,33,29,172,72,100,171,72,99,110,39,71,74,19,55,52,9,43,14,1,13,0,0,0,52,51,10,17,12,9,2,1,0,41,26,15,4,39,0,8,7
54405164,0,,,67,35,32,5,3,2,62,32,30,35,18,17,62,32,30,62,32,30,27,14,13,9,3,6,1,0,1,0,0,0,0,0,0,22,22,4,4,6,4,3,1,0,18,11,7,1,19,0,3,2
54405165,1,,54405166;54405167;54405176,28,11,17,2,0,2,31,14,17,18,8,10,31,14,17,31,14,17,13,6,7,3,1,2,2,0,2,0,0,0,0,0,0,9,9,3,4,2,1,0,2,0,8,5,3,0,8,0,2,1
54405166,2,54405165,,3,1,2,*,*,*,*,*,*,*,*,*,*,*,*,*,*,*,*,*,*,*,*,*,*,*,*,*,*,*,*,*,*,1,1,*,*,*,*,*,*,*,*,*,*,*,*,*,*,*
54405167,2,54405165,,1,1,0,*,*,*,*,*,*,*,*,*,*,*,*,*,*,*,*,*,*,*,*,*,*,*,*,*,*,*,*,*,*,1,1,*,*,*,*,*,*,*,*,*,*,*,*,*,*,*
54405168,2,54405169,,6,4,2,*,*,*,*,*,*,*,*,*,*,*,*,*,*,*,*,*,*,*,*,*,*,*,*,*,*,*,*,*,*,1,1,*,*,*,*,*,*,*,*,*,*,*,*,*,*,*
54405169,1,,54405159;54405168,16,7,9,2,2,0,25,11,14,12,6,6,25,11,14,25,11,14,13,5,8,4,0,4,1,0,1,0,0,0,0,0,0,5,5,3,1,3,0,0,1,1,6,3,3,0,9,0,3,1
54405170,0,,,51,24,27,9,3,6,42,21,21,24,13,11,41,21,20,41,21,20,18,8,10,6,1,5,2,1,1,0,0,0,1,0,1,19,19,3,8,2,4,2,0,0,16,13,3,2,11,0,2,4
54405171,0,,,21,12,9,0,0,0,21,12,9,12,7,5,19,11,8,19,11,8,9,5,4,3,1,2,1,0,1,0,0,0,0,0,0,7,7,1,2,2,1,0,1,0,6,2,4,0,5,0,1,0
54405172,0,,,46,27,19,9,5,4,37,22,15,26,14,12,37,22,15,36,22,14,11,8,3,3,3,0,1,1,0,0,0,0,1,1,0,15,14,3,3,3,3,1,0,1,11,9,2,1,9,0,2,2
54405173,0,,,164,86,78,9,7,2,155,79,76,81,41,40,149,76,73,145,74,71,74,38,36,35,16,19,12,5,7,0,0,0,1,0,1,60,60,12,21,11,8,4,3,1,48,32,16,2,47,0,8,15
54405174,0,,,11,6,5,2,1,1,9,5,4,8,4,4,8,5,3,8,5,3,1,1,0,1,1,0,1,1,0,0,0,0,0,0,0,4,4,1,1,1,0,1,0,0,3,2,1,0,1,0,0,0
54405175,0,,,11,5,6,0,0,0,11,5,6,3,2,1,11,5,6,11,5,6,8,3,5,2,1,1,1,0,1,0,0,0,0,0,0,6,6,2,3,1,0,0,0,0,4,4,0,0,5,0,1,2
54405176,2,54405165,,1,1,0,*,*,*,*,*,*,*,*,*,*,*,*,*,*,*,*,*,*,*,*,*,*,*,*,*,*,*,*,*,*,1,1,*,*,*,*,*,*,*,*,*,*,*,*,*,*,*
54405177,0,,,8,4,4,0,0,0,8,4,4,3,2,1,8,4,4,8,4,4,5,2,3,2,1,1,2,1,1,0,0,0,0,0,0,4,4,1,2,1,0,0,0,0,3,2,1,0,4,0,1,1
54405178,0,,,12,7,5,1,1,0,11,6,5,6,3,3,11,6,5,11,6,5,5,3,2,0,0,0,0,0,0,0,0,0,0,0,0,4,4,0,3,0,0,0,1,0,4,2,2,0,3,0,0,2
54405180,0,,,183,96,87,18,10,8,165,86,79,96,49,47,154,78,76,152,77,75,69,37,32,23,12,11,9,5,4,1,0,1,2,0,2,63,63,10,20,15,8,6,3,1,52,35,17,4,45,0,8,12
54405181,0,,,18,8,10,3,1,2,15,7,8,7,3,4,15,7,8,15,7,8,8,4,4,1,0,1,0,0,0,0,0,0,1,0,1,9,9,3,4,1,1,0,0,0,6,6,0,1,5,0,2,3
54405182,0,,,25,13,12,1,1,0,24,12,12,12,6,6,24,12,12,24,12,12,12,6,6,7,3,4,4,3,1,0,0,0,0,0,0,12,12,3,6,2,1,0,0,0,9,8,1,1,9,0,2,2
54405183,1,,54405193,98,47,51,12,7,5,94,44,50,44,21,23,91,42,49,90,42,48,50,23,27,20,7,13,11,4,7,1,0,1,0,0,0,34,34,6,17,6,2,3,3,1,32,24,8,2,31,0,5,13
54405185,0,,,34,18,16,0,0,0,34,18,16,18,9,9,33,18,15,33,18,15,16,9,7,6,1,5,3,0,3,0,0,0,0,0,0,14,14,5,4,2,1,1,1,0,9,5,4,0,11,0,4,3
54405189,0,,,16,8,8,0,0,0,16,8,8,12,6,6,15,8,7,15,8,7,4,2,2,1,1,0,0,0,0,0,0,0,0,0,0,6,6,0,3,2,1,0,0,0,6,6,0,0,2,0,0,1
54405190,0,,,83,41,42,8,5,3,75,36,39,48,23,25,69,34,35,66,32,34,27,13,14,13,6,7,4,1,3,0,0,0,0,0,0,30,30,5,11,7,3,2,1,1,25,21,4,2,17,0,4,6
54405191,0,,,53,27,26,1,0,1,52,27,25,31,15,16,51,27,24,51,27,24,21,12,9,10,5,5,6,2,4,0,0,0,0,0,0,25,25,8,10,4,2,1,0,0,17,14,3,0,16,0,4,4
54405192,0,,,86,42,44,7,3,4,79,39,40,47,23,24,78,38,40,78,38,40,32,16,16,13,4,9,5,1,4,2,0,2,1,1,0,37,36,13,11,3,8,1,0,0,23,16,7,1,20,0,5,7
54405193,2,54405183,,8,4,4,*,*,*,*,*,*,*,*,*,*,*,*,*,*,*,*,*,*,*,*,*,*,*,*,*,*,*,*,*,*,4,4,*,*,*,*,*,*,*,*,*,*,*,*,*,*,*
54405194,0,,,28,15,13,6,4,2,22,11,11,14,6,8,22,11,11,22,11,11,8,5,3,3,2,1,3,2,1,0,0,0,0,0,0,8,8,1,3,1,1,1,0,1,6,6,0,2,4,0,0,1
54405195,2,54405196,,9,3,6,*,*,*,*,*,*,*,*,*,*,*,*,*,*,*,*,*,*,*,*,*,*,*,*,*,*,*,*,*,*,3,3,*,*,*,*,*,*,*,*,*,*,*,*,*,*,*
54405196,1,,54405195,7,5,2,1,1,0,15,7,8,7,4,3,15,7,8,14,7,7,8,3,5,3,1,2,1,0,1,0,0,0,0,0,0,3,3,0,3,2,1,0,0,0,6,4,2,0,5,0,0,1
54405199,0,,,18,9,9,1,0,1,17,9,8,13,7,6,17,9,8,16,8,8,4,2,2,3,1,2,1,0,1,0,0,0,0,0,0,6,6,0,2,2,2,0,0,0,6,5,1,0,3,0,0,1
54405200,0,,,35,16,19,5,2,3,30,14,16,18,7,11,28,12,16,28,12,16,12,7,5,6,2,4,4,1,3,0,0,0,0,0,0,13,13,3,5,2,0,2,1,0,10,7,3,2,9,0,3,1
54405201,2,54405210,,2,1,1,*,*,*,*,*,*,*,*,*,*,*,*,*,*,*,*,*,*,*,*,*,*,*,*,*,*,*,*,*,*,1,1,*,*,*,*,*,*,*,*,*,*,*,*,*,*,*
54405202,2,54405211,,3,1,2,*,*,*,*,*,*,*,*,*,*,*,*,*,*,*,*,*,*,*,*,*,*,*,*,*,*,*,*,*,*,1,1,*,*,*,*,*,*,*,*,*,*,*,*,*,*,*
54405204,0,,,21,11,10,0,0,0,21,11,10,12,6,6,21,11,10,21,11,10,9,5,4,5,3,2,2,1,1,0,0,0,0,0,0,8,8,0,4,3,1,0,0,0,8,7,1,0,5,0,0,2
54405205,0,,,141,71,70,17,8,9,123,63,60,71,38,33,119,60,59,118,60,58,52,25,27,23,9,14,12,4,8,1,0,1,0,0,0,52,52,8,18,11,11,4,0,0,43,35,8,5,30,0,4,10
54405206,1,,54405216,25,14,11,3,3,0,25,13,12,14,9,5,25,13,12,25,13,12,11,4,7,5,1,4,3,0,3,1,0,1,0,0,0,12,12,5,6,2,0,1,0,0,9,9,0,1,7,0,3,3
54405208,0,,,113,59,54,8,3,5,105,56,49,65,37,28,100,54,46,99,54,45,40,19,21,21,7,14,7,2,5,0,0,0,0,0,0,42,42,9,9,12,10,2,0,0,33,27,6,2,30,0,9,3
54405209,0,,,34,22,12,0,0,0,33,21,12,14,10,4,33,21,12,33,21,12,19,11,8,11,6,5,7,3,4,0,0,0,0,0,0,17,17,6,6,4,1,0,0,0,11,9,2,0,13,0,4,2
54405210,1,,54405201,33,18,15,2,1,1,33,18,15,12,8,4,33,18,15,33,18,15,21,10,11,10,5,5,5,1,4,0,0,0,0,0,0,14,14,4,5,4,1,1,0,0,11,6,5,0,11,0,2,4
54405211,1,,54405202,22,11,11,2,0,2,23,12,11,16,9,7,22,11,11,21,10,11,7,3,4,3,2,1,2,2,0,0,0,0,0,0,0,10,10,4,3,2,1,1,0,0,6,4,2,0,6,0,3,1
54405212,2,54405213,,16,7,9,*,*,*,*,*,*,*,*,*,*,*,*,*,*,*,*,*,*,*,*,*,*,*,*,*,*,*,*,*,*,3,3,*,*,*,*,*,*,*,*,*,*,*,*,*,*,*
54405213,1,,54405212,108,53,55,10,5,5,114,55,59,67,31,36,111,55,56,108,53,55,47,24,23,23,10,13,8,4,4,0,0,0,0,0,0,42,42,7,20,6,5,4,2,1,38,30,8,2,32,0,6,10
54405214,0,,,55,23,32,3,2,1,52,21,31,32,14,18,51,21,30,51,21,30,20,7,13,13,3,10,8,2,6,0,0,0,1,0,1,21,21,8,4,3,3,1,1,1,13,9,4,1,16,0,7,1
54405215,0,,,91,45,46,13,8,5,78,37,41,37,18,19,77,37,40,77,37,40,41,19,22,10,2,8,5,0,5,1,0,1,0,0,0,29,29,0,11,8,6,3,1,0,29,19,10,1,23,0,0,5
54405216,2,54405206,,3,2,1,*,*,*,*,*,*,*,*,*,*,*,*,*,*,*,*,*,*,*,*,*,*,*,*,*,*,*,*,*,*,2,2,*,*,*,*,*,*,*,*,*,*,*,*,*,*,*
54405219,0,,,53,28,25,5,3,2,47,24,23,24,14,10,45,23,22,45,23,22,23,10,13,13,3,10,4,0,4,0,0,0,0,0,0,23,23,8,6,4,4,1,0,0,15,11,4,1,16,0,5,2
54405220,0,,,35,16,19,5,2,3,30,14,16,17,8,9,30,14,16,30,14,16,13,6,7,8,2,6,3,0,3,0,0,0,1,1,0,13,13,5,3,1,1,1,2,0,8,4,4,2,9,1,2,1
54405221,0,,,15,7,8,2,0,2,13,7,6,8,5,3,12,6,6,11,5,6,5,2,3,4,2,2,2,1,1,0,0,0,0,0,0,4,4,1,0,1,0,1,1,0,3,1,2,0,4,0,1,0
54405222,1,,54405232,48,24,24,4,2,2,49,24,25,22,11,11,49,24,25,49,24,25,27,13,14,10,3,7,7,2,5,1,0,1,0,0,0,20,20,6,6,6,3,1,0,0,16,11,5,0,16,0,4,4
54405223,0,,,54,27,27,0,0,0,54,27,27,29,15,14,54,27,27,54,27,27,25,12,13,10,4,6,0,0,0,0,0,0,0,0,0,6,5,2,0,3,0,0,0,0,3,2,1,0,4,0,1,0
54405227,0,,,105,60,45,5,3,2,100,57,43,49,27,22,99,56,43,98,55,43,51,30,21,24,10,14,14,6,8,0,0,0,0,0,0,48,48,18,13,9,6,2,0,0,30,21,9,0,34,0,10,9
54405228,2,54405238,,4,2,2,*,*,*,*,*,*,*,*,*,*,*,*,*,*,*,*,*,*,*,*,*,*,*,*,*,*,*,*,*,*,2,2,*,*,*,*,*,*,*,*,*,*,*,*,*,*,*
54405229,0,,,55,29,26,0,0,0,55,29,26,24,14,10,53,27,26,51,27,24,31,15,16,12,4,8,4,1,3,0,0,0,1,0,1,27,27,9,11,4,3,0,0,0,18,16,2,0,21,0,8,5
54405230,2,54405240,,1,0,1,*,*,*,*,*,*,*,*,*,*,*,*,*,*,*,*,*,*,*,*,*,*,*,*,*,*,*,*,*,*,1,1,*,*,*,*,*,*,*,*,*,*,*,*,*,*,*
54405232,2,54405222,,5,2,3,*,*,*,*,*,*,*,*,*,*,*,*,*,*,*,*,*,*,*,*,*,*,*,*,*,*,*,*,*,*,2,2,*,*,*,*,*,*,*,*,*,*,*,*,*,*,*
54405233,0,,,16,9,7,0,0,0,16,9,7,7,5,2,16,9,7,16,9,7,9,4,5,7,3,4,1,0,1,0,0,0,0,0,0,9,9,3,5,1,0,0,0,0,6,6,0,0,6,0,2,3
54405234,2,54405244,,4,2,2,*,*,*,*,*,*,*,*,*,*,*,*,*,*,*,*,*,*,*,*,*,*,*,*,*,*,*,*,*,*,2,2,*,*,*,*,*,*,*,*,*,*,*,*,*,*,*
54405235,0,,,32,17,15,0,0,0,32,17,15,13,7,6,32,17,15,31,17,14,19,10,9,5,3,2,0,0,0,0,0,0,0,0,0,14,14,2,9,1,1,1,0,0,12,10,2,0,12,0,2,7
54405236,0,,,93,47,46,6,4,2,87,43,44,43,25,18,87,43,44,87,43,44,44,18,26,32,11,21,16,5,11,2,2,0,0,0,0,43,43,16,12,7,8,0,0,0,26,18,8,0,33,0,13,5
54405237,0,,,38,18,20,5,2,3,33,16,17,21,10,11,33,16,17,32,16,16,12,6,6,8,3,5,4,1,3,0,0,0,1,0,1,17,17,6,5,3,2,1,0,0,11,11,0,1,9,0,3,2
54405238,1,,54405228,28,16,12,0,0,0,32,18,14,18,9,9,32,18,14,32,18,14,14,9,5,6,4,2,4,3,1,0,0,0,0,0,0,13,13,2,9,4,0,0,0,0,13,12,1,0,9,0,0,5
54405239,0,,,202,107,95,10,5,5,192,102,90,89,48,41,187,99,88,183,97,86,103,54,49,44,21,23,17,8,9,3,1,2,0,0,0,85,85,14,41,19,6,5,0,0,70,57,13,2,67,0,11,23
54405240,1,,54405230,141,71,70,7,4,3,135,67,68,81,38,43,132,66,66,130,65,65,54,29,25,21,8,13,8,3,5,1,0,1,2,0,2,44,44,8,11,6,11,5,3,1,37,23,14,4,38,0,7,5
54405241,0,,,44,21,23,4,2,2,40,19,21,23,10,13,40,19,21,38,19,19,17,9,8,5,3,2,3,2,1,2,1,1,0,0,0,11,11,0,4,1,2,1,2,1,11,5,6,1,7,0,0,0
54405244,1,,54405234,11,5,6,1,0,1,14,7,7,6,3,3,14,7,7,14,7,7,8,4,4,7,4,3,1,1,0,0,0,0,0,0,0,4,4,2,2,1,0,0,1,0,4,3,1,0,5,0,2,2
54405246,0,,,19,9,10,0,0,0,19,9,10,9,4,5,18,9,9,17,8,9,10,5,5,7,4,3,1,0,1,0,0,0,0,0,0,8,8,1,5,0,2,0,0,0,7,7,0,0,6,0,1,4
54405247,0,,,86,40,46,11,7,4,75,33,42,39,18,21,74,32,42,72,31,41,36,15,21,16,7,9,7,2,5,1,0,1,0,0,0,33,33,6,13,7,3,3,1,0,27,22,5,4,22,0,5,8
54405248,0,,,75,41,34,5,1,4,67,38,29,31,21,10,67,38,29,66,37,29,36,17,19,24,10,14,14,4,10,3,1,2,0,0,0,30,30,4,15,7,1,2,1,0,25,22,3,0,22,0,3,7
54405249,0,,,190,97,93,12,6,6,178,91,87,100,54,46,173,87,86,172,86,86,78,37,41,42,17,25,11,5,6,1,0,1,2,0,2,77,77,12,32,22,8,2,1,0,64,53,11,3,50,0,8,14
54405250,0,,,52,25,27,10,4,6,42,21,21,33,17,16,39,19,20,39,19,20,9,4,5,4,1,3,2,0,2,1,0,1,0,0,0,14,14,1,2,5,2,3,0,1,13,9,4,2,6,0,1,1
54405251,0,,,25,13,12,1,1,0,23,11,12,9,4,5,23,11,12,22,10,12,14,7,7,6,3,3,0,0,0,0,0,0,0,0,0,10,10,2,4,2,1,1,0,0,8,6,2,0,9,0,1,2
54405252,0,,,22,14,8,1,0,1,21,14,7,12,9,3,19,13,6,19,13,6,9,5,4,4,1,3,3,1,2,0,0,0,0,0,0,9,9,3,3,1,1,0,1,0,6,3,3,0,7,0,2,1
54405255,0,,,56,26,30,3,1,2,53,25,28,29,14,15,50,24,26,49,23,26,24,11,13,12,3,9,4,0,4,2,0,2,0,0,0,24,24,12,3,3,3,2,0,1,12,6,6,1,18,1,9,2
54405256,0,,,59,27,32,4,0,4,55,27,28,29,14,15,53,27,26,53,27,26,26,13,13,12,7,5,3,1,2,0,0,0,1,0,1,23,23,4,11,2,3,3,0,0,19,15,4,0,20,0,3,6
54405257,0,,,39,16,23,5,3,2,34,13,21,22,7,15,32,13,19,30,13,17,12,6,6,6,2,4,2,0,2,0,0,0,0,0,0,13,13,1,4,3,4,1,0,0,12,10,2,0,8,0,1,3
54405258,0,,,94,50,44,7,4,3,87,46,41,44,26,18,86,45,41,86,45,41,43,20,23,21,8,13,10,3,7,1,0,1,0,0,0,38,38,9,12,10,5,1,1,0,29,23,6,1,29,0,7,2
54405259,0,,,89,44,45,7,2,5,82,42,40,47,27,20,80,41,39,77,39,38,35,15,20,10,3,7,3,0,3,0,0,0,1,0,1,37,37,10,15,3,6,2,1,0,27,19,8,1,25,0,6,8
54405262,1,,54405263,112,59,53,5,4,1,112,58,54,59,31,28,110,57,53,107,57,50,53,27,26,27,12,15,10,4,6,2,0,2,0,0,0,44,44,10,15,10,5,3,2,0,35,26,9,2,35,0,7,8
54405263,2,54405262,,5,3,2,*,*,*,*,*,*,*,*,*,*,*,*,*,*,*,*,*,*,*,*,*,*,*,*,*,*,*,*,*,*,1,1,*,*,*,*,*,*,*,*,*,*,*,*,*,*,*
54405264,0,,,63,30,33,4,3,1,59,27,32,25,12,13,58,27,31,58,27,31,34,15,19,21,10,11,9,4,5,2,1,1,0,0,0,26,26,5,12,4,3,2,0,0,21,17,4,1,19,0,4,8
54405265,0,,,80,36,44,10,5,5,70,31,39,40,17,23,69,30,39,68,30,38,30,14,16,13,4,9,7,1,6,0,0,0,1,0,1,29,29,6,7,7,7,1,1,0,23,16,7,0,20,0,3,2
54405266,2,54405267,,4,2,2,*,*,*,*,*,*,*,*,*,*,*,*,*,*,*,*,*,*,*,*,*,*,*,*,*,*,*,*,*,*,2,2,*,*,*,*,*,*,*,*,*,*,*,*,*,*,*
54405267,1,,54405266,130,68,62,7,2,5,127,68,59,78,45,33,123,66,57,119,63,56,49,23,26,24,10,14,12,5,7,0,0,0,0,0,0,49,49,8,22,10,5,4,2,0,43,30,13,3,36,0,6,11
54405268,0,,,245,127,118,11,6,5,234,121,113,139,77,62,228,118,110,225,117,108,95,44,51,52,26,26,16,10,6,0,0,0,0,0,0,98,98,27,30,20,13,3,4,1,71,60,11,2,65,0,19,15
54405269,0,,,284,145,139,14,7,7,270,138,132,162,88,74,262,133,129,258,131,127,108,50,58,52,21,31,20,3,17,2,0,2,2,1,1,124,124,27,54,28,12,1,2,0,97,87,10,4,73,0,14,25
54405272,0,,,31,18,13,4,3,1,27,15,12,16,10,6,27,15,12,27,15,12,11,5,6,6,2,4,4,1,3,0,0,0,0,0,0,10,10,2,4,1,1,0,1,1,8,4,4,0,8,0,1,3
54405273,0,,,99,48,51,12,7,5,87,41,46,52,24,28,82,39,43,82,39,43,35,17,18,12,5,7,7,3,4,0,0,0,0,0,0,36,36,4,15,7,7,2,1,0,32,27,5,2,21,0,2,9
54405274,0,,,31,15,16,5,2,3,26,13,13,15,8,7,26,13,13,26,13,13,11,5,6,4,1,3,2,0,2,0,0,0,0,0,0,12,12,4,1,5,1,0,1,0,8,6,2,2,7,0,1,1
54405276,2,54405277,,10,7,3,*,*,*,*,*,*,*,*,*,*,*,*,*,*,*,*,*,*,*,*,*,*,*,*,*,*,*,*,*,*,2,2,*,*,*,*,*,*,*,*,*,*,*,*,*,*,*
54405277,1,,54405276,43,21,22,3,2,1,50,26,24,24,14,10,46,23,23,45,23,22,26,12,14,15,7,8,8,3,5,0,0,0,0,0,0,19,19,4,9,3,4,0,1,0,17,14,3,0,16,0,3,5
54405278,0,,,387,190,197,31,16,15,356,174,182,242,121,121,346,168,178,336,162,174,114,53,61,43,15,28,20,7,13,4,1,3,0,0,0,135,135,18,39,39,27,8,3,1,116,96,20,11,74,0,15,16
54405279,0,,,1850,909,941,207,121,86,1641,787,854,1076,534,542,1582,757,825,1551,741,810,565,253,312,245,97,148,71,27,44,4,0,4,6,2,4,710,710,149,243,157,96,39,19,7,557,480,77,52,393,2,98,116
54405280,0,,,31,18,13,0,0,0,31,18,13,16,10,6,31,18,13,30,18,12,15,8,7,9,6,3,1,1,0,0,0,0,0,0,0,12,12,4,1,4,2,1,0,0,8,6,2,0,9,0,2,1
54405281,0,,,32,14,18,2,1,1,30,13,17,11,5,6,30,13,17,30,13,17,19,8,11,13,5,8,4,2,2,0,0,0,1,0,1,12,12,2,5,3,1,0,0,1,10,6,4,1,11,0,2,5
54405282,1,,54405292,207,103,104,23,13,10,188,92,96,116,59,57,178,87,91,174,85,89,72,33,39,32,13,19,15,5,10,1,0,1,0,0,0,73,73,11,23,21,13,5,1,1,63,50,13,3,46,0,10,10
54405283,0,,,80,43,37,9,6,3,71,37,34,36,21,15,71,37,34,70,36,34,35,16,19,22,9,13,9,2,7,2,0,2,0,0,0,22,21,2,7,4,5,2,1,0,19,16,3,2,14,0,2,2
54405287,2,54405288,,7,4,3,*,*,*,*,*,*,*,*,*,*,*,*,*,*,*,*,*,*,*,*,*,*,*,*,*,*,*,*,*,*,3,3,*,*,*,*,*,*,*,*,*,*,*,*,*,*,*
54405288,1,,54405287,236,123,113,19,11,8,224,116,108,155,81,74,216,112,104,211,108,103,69,35,34,27,9,18,10,2,8,1,0,1,0,0,0,94,94,22,39,14,14,4,3,1,73,57,16,5,50,0,10,15
54405289,0,,,329,151,178,24,10,14,304,140,164,171,87,84,295,137,158,293,137,156,133,53,80,77,26,51,29,9,20,1,0,1,0,0,0,140,140,42,46,25,17,8,2,0,97,77,20,2,91,0,26,23
54405290,0,,,96,48,48,2,2,0,94,46,48,51,27,24,92,44,48,89,43,46,43,19,24,27,13,14,10,4,6,2,1,1,0,0,0,34,34,6,13,4,5,4,2,0,28,18,10,0,27,0,4,7
54405291,0,,,64,27,37,1,0,1,63,27,36,31,14,17,62,26,36,61,25,36,32,13,19,17,6,11,9,3,6,1,0,1,0,0,0,29,29,11,8,4,5,1,0,0,18,10,8,0,22,0,6,6
54405292,2,54405282,,4,2,2,*,*,*,*,*,*,*,*,*,*,*,*,*,*,*,*,*,*,*,*,*,*,*,*,*,*,*,*,*,*,2,2,*,*,*,*,*,*,*,*,*,*,*,*,*,*,*
54405294,2,54405295,,1,0,1,*,*,*,*,*,*,*,*,*,*,*,*,*,*,*,*,*,*,*,*,*,*,*,*,*,*,*,*,*,*,1,1,*,*,*,*,*,*,*,*,*,*,*,*,*,*,*
54405295,1,,54405294,76,39,37,3,3,0,74,36,38,33,17,16,73,35,38,73,35,38,41,19,22,19,6,13,11,3,8,2,1,1,0,0,0,33,32,9,15,3,4,1,0,1,24,18,6,1,28,0,8,7
54405296,0,,,96,51,45,0,0,0,96,51,45,39,21,18,96,51,45,93,49,44,57,30,27,30,15,15,10,5,5,3,2,1,0,0,0,42,42,11,16,8,6,1,0,0,31,26,5,0,36,0,9,10
54405297,0,,,111,57,54,4,3,1,107,54,53,58,30,28,105,53,52,103,52,51,49,24,25,24,11,13,10,6,4,0,0,0,0,0,0,41,41,5,14,10,12,0,0,0,36,27,9,1,30,0,1,9
54405298,0,,,259,130,129,13,7,6,246,123,123,139,69,70,238,120,118,233,118,115,107,54,53,55,20,35,25,10,15,2,1,1,2,0,2,107,107,29,34,23,15,3,3,0,78,60,18,3,72,0,21,21
54405299,0,,,342,153,189,19,9,10,323,144,179,145,75,70,314,140,174,307,135,172,178,69,109,121,39,82,73,18,55,14,2,12,0,0,0,114,113,27,43,18,15,4,4,2,86,66,20,3,80,0,21,21
54405300,0,,,58,26,32,3,0,3,55,26,29,27,11,16,52,26,26,51,25,26,28,15,13,7,4,3,1,0,1,0,0,0,0,0,0,21,21,3,6,7,3,2,0,0,18,14,4,1,17,0,2,5
54405301,0,,,116,29,87,3,3,0,113,26,87,18,9,9,113,26,87,113,26,87,95,17,78,83,12,71,66,8,58,15,0,15,1,0,1,12,11,3,3,2,1,1,0,1,8,4,4,3,8,0,3,2
54405302,0,,,162,85,77,8,4,4,154,81,73,89,49,40,151,79,72,148,79,69,65,32,33,36,18,18,17,7,10,1,0,1,0,0,0,60,58,10,18,21,6,1,2,0,47,42,5,2,40,0,9,8
54405303,0,,,253,120,133,7,4,3,245,115,130,130,60,70,235,109,126,233,107,126,115,55,60,57,26,31,13,5,8,3,1,2,3,3,0,105,105,24,45,20,7,5,2,2,80,72,8,2,73,0,15,32
54405304,0,,,224,108,116,32,17,15,189,90,99,111,60,51,188,89,99,186,89,97,78,30,48,43,16,27,16,4,12,3,0,3,1,1,0,83,83,19,24,19,11,6,2,2,63,48,15,9,50,0,14,14
54405305,0,,,548,250,298,36,14,22,512,236,276,277,136,141,499,227,272,494,225,269,235,100,135,116,43,73,46,12,34,7,2,5,1,0,1,216,216,37,88,50,26,10,4,1,178,140,38,9,154,0,30,43
54405306,0,,,250,120,130,25,8,17,225,112,113,115,60,55,215,105,110,213,104,109,110,52,58,56,28,28,21,8,13,1,1,0,1,0,1,99,99,17,40,23,13,4,2,0,82,69,13,6,66,0,11,24
54405307,0,,,600,304,296,59,29,30,538,274,264,295,158,137,523,263,260,521,262,259,243,116,127,116,55,61,30,14,16,4,3,1,2,0,2,243,243,48,94,63,22,10,5,1,194,165,29,12,151,2,28,55
54405308,0,,,1045,524,521,133,86,47,911,438,473,589,307,282,872,414,458,844,397,447,322,131,191,184,65,119,65,17,48,3,1,2,3,1,2,398,396,90,135,77,65,21,7,1,303,258,45,25,212,0,65,63
54405309,0,,,733,356,377,76,38,38,656,318,338,434,219,215,622,307,315,596,294,302,222,99,123,128,58,70,27,15,12,0,0,0,5,2,3,274,273,43,96,69,43,19,1,2,227,201,26,18,146,0,29,45
54405310,2,54405321,,8,3,5,*,*,*,*,*,*,*,*,*,*,*,*,*,*,*,*,*,*,*,*,*,*,*,*,*,*,*,*,*,*,5,5,*,*,*,*,*,*,*,*,*,*,*,*,*,*,*
54405311,0,,,91,45,46,7,5,2,84,40,44,48,25,23,84,40,44,84,40,44,36,15,21,21,6,15,13,4,9,0,0,0,1,0,1,40,40,10,16,8,5,1,0,0,30,25,5,2,30,0,10,7
54405312,0,,,289,137,152,57,23,34,232,114,118,136,72,64,225,110,115,219,108,111,96,42,54,53,21,32,12,0,12,1,0,1,0,0,0,92,90,15,27,20,19,5,4,0,75,57,18,7,62,0,13,19
54405313,0,,,309,154,155,33,17,16,276,137,139,140,70,70,266,132,134,262,129,133,136,67,69,58,26,32,18,9,9,1,1,0,0,0,0,125,125,29,41,33,15,4,2,1,95,81,14,9,90,0,25,26
54405314,0,,,244,127,117,17,11,6,227,116,111,123,72,51,213,105,108,209,103,106,104,44,60,62,29,33,19,7,12,2,0,2,0,0,0,95,95,22,35,17,10,5,6,0,73,60,13,6,68,0,17,18
54405315,0,,,157,79,78,7,3,4,148,75,73,82,45,37,146,74,72,145,74,71,66,30,36,33,14,19,13,4,9,0,0,0,0,0,0,63,63,10,27,15,8,2,1,0,51,43,8,0,40,1,5,14
54405316,0,,,165,81,84,12,5,7,153,76,77,91,44,47,146,74,72,142,73,69,62,32,30,26,11,15,5,1,4,0,0,0,1,1,0,63,63,14,18,19,6,4,1,1,49,41,8,3,43,0,12,13
54405317,0,,,436,244,192,27,17,10,402,223,179,247,146,101,368,199,169,358,190,168,155,77,78,80,35,45,21,10,11,1,1,0,0,0,0,89,82,8,34,14,14,6,5,1,74,59,15,6,49,0,7,12
54405318,0,,,644,325,319,96,46,50,548,279,269,367,195,172,529,267,262,516,260,256,181,84,97,87,40,47,23,8,15,0,0,0,0,0,0,230,230,32,83,46,41,25,2,1,197,175,22,22,116,0,16,47
54405319,0,,,799,380,419,113,46,67,686,334,352,433,219,214,664,324,340,652,316,336,253,115,138,137,60,77,39,19,20,3,2,1,2,1,1,314,314,72,101,65,55,16,5,0,240,217,23,30,165,2,37,56
54405320,0,,,125,67,58,13,8,5,112,59,53,52,28,24,110,57,53,109,56,53,60,31,29,31,15,16,10,5,5,2,1,1,0,0,0,47,47,10,16,10,5,3,3,0,37,27,10,3,34,0,5,11
54405321,1,,54405310,126,58,68,7,3,4,127,58,69,68,30,38,121,54,67,119,54,65,59,28,31,24,8,16,4,0,4,0,0,0,0,0,0,55,55,17,22,13,6,2,0,0,42,37,5,2,41,0,12,10
54405322,0,,,208,98,110,21,10,11,186,87,99,102,54,48,184,85,99,183,84,99,84,33,51,42,14,28,18,5,13,1,0,1,0,0,0,80,80,24,18,17,11,7,3,0,55,40,15,6,59,0,20,10
54405323,0,,,126,55,71,13,5,8,113,50,63,71,32,39,112,50,62,112,50,62,42,18,24,26,10,16,12,3,9,1,1,0,0,0,0,45,45,8,14,9,10,2,1,1,37,25,12,3,30,0,6,5
54405324,0,,,351,171,180,20,11,9,331,160,171,160,80,80,324,154,170,323,153,170,171,80,91,85,34,51,30,10,20,3,1,2,1,0,1,145,145,32,60,29,15,5,2,2,112,91,21,7,114,0,26,36
54405325,0,,,100,58,42,9,5,4,91,53,38,54,32,22,83,48,35,82,48,34,37,21,16,16,9,7,2,2,0,0,0,0,1,0,1,39,39,9,14,10,1,3,0,2,30,25,5,1,25,0,5,10
54405326,0,,,308,145,163,30,13,17,278,132,146,147,75,72,273,129,144,270,128,142,131,57,74,68,23,45,21,5,16,3,1,2,5,2,3,120,119,33,37,22,17,6,3,1,85,67,18,4,80,0,25,22
54405327,0,,,151,72,79,20,10,10,131,62,69,73,34,39,126,61,65,123,58,65,58,28,30,22,8,14,6,1,5,1,0,1,3,1,2,58,58,13,19,11,9,5,1,0,45,37,8,2,38,1,7,13
54405328,0,,,566,247,319,43,21,22,523,226,297,267,133,134,509,220,289,498,213,285,256,93,163,175,51,124,79,16,63,13,1,12,1,0,1,173,171,31,50,53,24,10,3,0,138,126,12,9,93,0,23,28
54405329,0,,,2062,1011,1051,283,143,140,1762,859,903,1176,589,587,1707,833,874,1682,820,862,586,270,316,307,142,165,99,34,65,1,0,1,3,2,1,866,865,222,324,169,108,31,6,5,635,581,54,104,365,21,84,130
54405330,0,,,214,112,102,13,9,4,201,103,98,114,58,56,197,102,95,192,98,94,87,45,42,47,21,26,23,9,14,6,1,5,3,0,3,86,86,24,26,18,11,4,1,2,62,48,14,4,55,0,12,14
54405331,0,,,195,100,95,13,8,5,182,92,90,105,57,48,180,91,89,177,90,87,77,35,42,37,14,23,18,5,13,0,0,0,1,0,1,79,79,17,29,16,13,4,0,0,62,54,8,5,51,0,11,14
54405332,0,,,445,212,233,38,19,19,407,193,214,222,109,113,400,188,212,394,186,208,185,84,101,107,43,64,39,16,23,1,0,1,2,2,0,167,166,32,59,35,25,9,5,1,133,113,20,10,121,0,27,39
54405333,0,,,256,127,129,6,5,1,250,122,128,120,62,58,244,121,123,240,118,122,130,60,70,69,29,40,20,4,16,2,0,2,0,0,0,104,104,16,50,21,11,3,3,0,88,68,20,1,83,0,13,27
54405334,0,,,200,98,102,13,7,6,187,91,96,100,48,52,184,90,94,181,88,93,87,43,44,39,18,21,14,4,10,1,0,1,0,0,0,75,75,15,23,20,10,5,0,2,60,44,16,2,55,1,11,15
54405335,0,,,108,57,51,5,3,2,103,54,49,56,32,24,102,53,49,97,51,46,47,22,25,25,12,13,9,2,7,1,0,1,0,0,0,43,43,11,12,11,6,2,1,0,32,28,4,0,32,0,10,5
54405336,0,,,383,188,195,31,10,21,352,178,174,205,110,95,348,175,173,336,168,168,147,68,79,58,22,36,16,3,13,2,1,1,3,0,3,123,120,29,42,24,14,8,2,1,90,68,22,6,88,0,21,22
54405337,0,,,257,121,136,31,13,18,226,108,118,144,67,77,222,107,115,219,104,115,82,41,41,34,12,22,12,5,7,2,0,2,2,0,2,82,81,15,29,19,12,3,3,0,66,56,10,4,53,0,12,14
54405338,0,,,393,196,197,42,21,21,351,175,176,205,111,94,346,173,173,341,170,171,146,64,82,72,29,43,26,10,16,2,0,2,5,5,0,163,163,36,59,41,20,6,1,0,126,121,5,9,96,2,25,34
54405339,0,,,3658,1809,1849,528,262,266,3094,1527,1567,2262,1135,1127,2981,1476,1505,2917,1440,1477,832,392,440,359,161,198,87,28,59,6,3,3,33,17,16,1552,1552,461,470,331,216,51,16,7,1074,992,82,159,561,54,152,177
54405340,0,,,334,139,195,25,17,8,309,122,187,121,59,62,305,121,184,303,119,184,188,63,125,134,31,103,94,17,77,22,3,19,0,0,0,82,81,9,27,23,13,4,3,2,72,46,26,6,57,0,5,14
54405341,0,,,123,55,68,33,18,15,88,36,52,58,22,36,80,31,49,78,30,48,30,14,16,18,8,10,4,2,2,0,0,0,0,0,0,55,55,18,17,11,8,0,1,0,37,36,1,7,25,0,14,5
54405342,0,,,176,84,92,10,5,5,165,78,87,75,35,40,164,77,87,164,77,87,90,43,47,46,23,23,15,5,10,3,0,3,1,0,1,74,74,13,37,13,6,4,1,0,60,51,9,2,57,0,7,24
54405343,0,,,69,37,32,3,2,1,65,35,30,27,14,13,64,34,30,63,33,30,38,21,17,16,9,7,9,4,5,0,0,0,0,0,0,32,32,11,12,4,3,2,0,0,20,14,6,1,25,0,10,6
54405344,0,,,242,123,119,12,7,5,228,115,113,131,72,59,223,112,111,222,111,111,97,43,54,59,26,33,23,7,16,3,0,3,1,0,1,100,100,19,39,27,12,2,1,0,79,68,11,3,67,0,15,18
54405345,0,,,128,58,70,16,10,6,112,48,64,68,30,38,108,48,60,104,45,59,44,18,26,15,5,10,7,2,5,2,0,2,0,0,0,41,41,8,9,9,6,6,2,1,33,23,10,4,28,0,8,5
54405346,0,,,470,226,244,43,27,16,426,199,227,243,110,133,417,193,224,410,190,220,183,89,94,93,43,50,36,18,18,3,0,3,0,0,0,162,160,20,65,33,28,11,2,1,140,113,27,9,97,1,9,41
54405347,0,,,288,112,176,12,5,7,276,107,169,92,47,45,271,104,167,264,100,164,184,60,124,142,39,103,88,19,69,11,1,10,0,0,0,65,64,9,24,17,9,4,1,0,55,47,8,0,44,0,6,17
54405348,0,,,780,381,399,99,54,45,680,327,353,456,231,225,652,308,344,639,302,337,224,96,128,124,49,75,52,15,37,11,3,8,3,0,3,282,281,47,112,49,51,17,3,2,234,218,16,13,126,0,27,46
54405349,0,,,4223,2059,2164,710,347,363,3455,1686,1769,2540,1271,1269,3321,1613,1708,3230,1578,1652,915,415,500,490,215,275,131,53,78,9,2,7,29,17,12,1751,1748,517,515,335,273,88,16,4,1212,1126,86,228,599,85,142,204
54405350,0,,,132,62,70,10,6,4,122,56,66,73,33,40,121,55,66,117,54,63,49,23,26,20,8,12,6,2,4,0,0,0,0,0,0,52,52,14,18,8,5,5,1,1,38,27,11,3,34,0,8,9
54405351,0,,,1278,623,655,291,151,140,983,469,514,717,350,367,932,438,494,913,430,483,266,119,147,125,57,68,37,11,26,5,1,4,3,1,2,461,460,108,125,92,74,48,8,5,348,318,30,70,169,1,63,48
54405352,0,,,315,162,153,24,10,14,291,152,139,159,85,74,280,146,134,275,143,132,132,67,65,62,31,31,14,4,10,1,0,1,0,0,0,117,117,20,45,28,12,6,1,5,96,78,18,6,82,0,13,25
54405353,0,,,129,67,62,6,3,3,123,64,59,66,37,29,119,62,57,119,62,57,57,27,30,32,13,19,12,3,9,3,1,2,0,0,0,49,49,7,20,11,8,2,0,1,42,34,8,2,35,0,4,12
54405354,0,,,174,85,89,25,10,15,149,75,74,87,43,44,146,74,72,145,74,71,62,32,30,23,7,16,15,4,11,3,1,2,0,0,0,63,63,14,18,13,11,3,2,2,49,37,12,8,40,0,7,11
54405355,0,,,290,156,134,20,10,10,270,146,124,163,86,77,264,143,121,259,141,118,107,60,47,33,18,15,10,4,6,0,0,0,10,10,0,115,115,32,25,33,16,9,0,0,83,73,10,3,72,5,12,13
54405356,0,,,334,166,168,37,19,18,297,147,150,183,98,85,285,136,149,280,134,146,114,49,65,49,18,31,16,4,12,1,0,1,0,0,0,130,130,29,39,31,23,6,2,0,101,89,12,2,75,0,24,24
54405357,0,,,249,126,123,22,14,8,227,112,115,148,73,75,217,107,110,210,105,105,79,39,40,38,20,18,10,6,4,0,0,0,0,0,0,93,93,18,32,16,21,2,3,1,75,69,6,3,52,0,12,17
54405358,0,,,281,143,138,30,22,8,248,119,129,164,84,80,237,115,122,235,113,122,84,35,49,41,15,26,13,3,10,0,0,0,0,0,0,109,109,27,31,25,17,6,2,1,81,67,14,6,59,0,18,12
54405359,0,,,1551,674,877,147,81,66,1399,591,808,728,350,378,1370,577,793,1349,567,782,671,241,430,431,127,304,221,45,176,38,7,31,8,4,4,544,539,115,198,119,78,20,8,1,423,370,53,40,301,1,74,103
54405360,0,,,1237,620,617,135,82,53,1099,536,563,731,359,372,1070,521,549,1042,508,534,368,177,191,130,62,68,34,12,22,2,1,1,5,3,2,483,483,101,172,98,73,30,7,2,380,335,45,30,243,7,48,79
54405361,0,,,1381,647,734,177,89,88,1204,558,646,816,409,407,1154,531,623,1119,517,602,388,149,239,202,66,136,75,15,60,16,0,16,6,2,4,496,495,100,160,106,83,30,11,5,393,352,41,43,225,2,62,62
54405362,0,,,16,8,8,4,2,2,12,6,6,8,4,4,12,6,6,12,6,6,4,2,2,0,0,0,0,0,0,0,0,0,0,0,0,5,5,0,3,0,0,2,0,0,5,4,1,2,2,0,0,2
54405363,0,,,225,118,107,4,1,3,218,115,103,112,62,50,217,115,102,214,112,102,106,53,53,46,20,26,23,10,13,3,1,2,0,0,0,98,98,22,40,23,11,2,0,0,75,66,9,1,69,0,16,22
54405364,0,,,70,38,32,6,1,5,64,37,27,41,24,17,61,35,26,60,34,26,23,13,10,11,6,5,3,1,2,1,0,1,0,0,0,25,25,5,6,9,1,3,0,1,20,15,5,1,16,0,3,3
54405365,0,,,324,161,163,38,22,16,286,139,147,166,87,79,278,136,142,272,134,138,120,52,68,68,25,43,33,10,23,7,4,3,13,13,0,129,127,36,40,27,14,7,3,0,90,78,12,8,66,2,17,20
54405366,0,,,364,188,176,37,22,15,327,166,161,213,116,97,311,156,155,306,154,152,114,50,64,63,24,39,19,7,12,0,0,0,4,2,2,130,130,24,42,24,23,10,7,0,106,85,21,5,80,0,17,20
54405367,0,,,740,343,397,112,63,49,627,280,347,386,166,220,594,265,329,574,252,322,241,114,127,126,54,72,51,17,34,6,2,4,2,1,1,269,268,54,95,62,28,16,8,5,214,180,34,22,160,0,36,43
54405368,0,,,215,97,118,30,13,17,183,83,100,109,49,60,179,81,98,175,79,96,74,34,40,33,14,19,15,4,11,0,0,0,0,0,0,80,80,11,31,21,12,2,1,2,69,55,14,7,45,0,7,15
54405369,0,,,149,76,73,5,3,2,143,72,71,78,44,34,139,71,68,136,68,68,65,28,37,25,7,18,8,1,7,1,0,1,0,0,0,74,74,28,25,15,4,2,0,0,45,40,5,1,46,0,16,13
54405370,0,,,1416,706,710,142,81,61,1267,622,645,798,405,393,1237,611,626,1199,597,602,469,217,252,247,105,142,79,26,53,6,1,5,18,9,9,556,555,126,195,109,84,28,11,2,426,359,67,40,307,6,73,90
54405371,0,,,368,173,195,37,15,22,331,158,173,196,94,102,315,149,166,309,148,161,135,64,71,59,25,34,27,9,18,1,0,1,4,0,4,126,126,19,41,23,30,7,3,3,107,83,24,8,83,0,16,24
54405372,0,,,49,26,23,0,0,0,49,26,23,26,14,12,49,26,23,49,26,23,23,12,11,9,4,5,3,1,2,1,0,1,0,0,0,20,20,4,6,8,1,1,0,0,16,15,1,0,15,0,3,3
54405373,0,,,101,52,49,1,0,1,100,52,48,49,27,22,100,52,48,98,52,46,51,25,26,26,13,13,11,5,6,0,0,0,2,2,0,51,51,15,26,6,4,0,0,0,36,35,1,0,31,1,7,15
54405375,0,,,165,84,81,17,10,7,148,74,74,87,44,43,145,73,72,142,70,72,61,30,31,29,13,16,11,5,6,0,0,0,1,0,1,60,60,7,27,9,11,4,1,1,53,45,8,2,38,0,5,15
54405376,0,,,242,128,114,25,15,10,216,113,103,129,72,57,213,111,102,211,110,101,87,41,46,37,18,19,12,5,7,1,0,1,0,0,0,89,89,17,26,22,17,4,2,1,72,56,16,3,54,0,6,15
54405377,0,,,325,158,167,38,19,19,283,135,148,173,83,90,274,132,142,267,129,138,110,52,58,61,25,36,25,9,16,2,1,1,0,0,0,124,124,28,41,24,19,9,1,2,95,80,15,9,75,0,21,20
54405378,0,,,234,121,113,19,11,8,215,110,105,133,75,58,209,108,101,202,105,97,82,35,47,34,14,20,14,5,9,0,0,0,3,2,1,96,96,24,36,17,11,6,1,1,71,64,7,5,55,1,18,18
54405379,0,,,455,220,235,42,16,26,413,204,209,238,125,113,393,198,195,390,196,194,175,79,96,85,35,50,27,11,16,1,0,1,0,0,0,181,181,34,72,39,22,12,2,0,146,124,22,8,117,0,26,32
54405380,0,,,327,151,176,34,15,19,293,136,157,143,74,69,283,130,153,282,129,153,150,62,88,97,36,61,51,7,44,9,2,7,0,0,0,105,104,26,34,24,9,7,3,1,77,65,12,7,60,0,18,13
54405381,0,,,156,81,75,8,5,3,148,76,72,89,50,39,143,72,71,140,70,70,59,26,33,27,9,18,15,5,10,1,0,1,0,0,0,63,63,19,19,9,10,4,2,0,44,36,8,3,45,0,14,8
54405382,0,,,121,66,55,5,4,1,116,62,54,62,35,27,114,62,52,113,61,52,54,27,27,24,11,13,6,2,4,2,0,2,0,0,0,54,54,13,23,11,6,1,0,0,41,35,6,1,37,0,7,10
54405384,0,,,925,457,468,42,22,20,883,435,448,545,257,288,873,429,444,866,426,440,338,178,160,104,44,60,26,8,18,1,0,1,2,1,1,378,378,67,167,81,46,11,2,4,310,280,30,7,231,0,44,83
54405385,0,,,980,464,516,81,38,43,897,425,472,498,226,272,876,414,462,862,407,455,399,199,200,109,45,64,42,11,31,3,1,2,0,0,0,398,397,77,173,76,45,16,9,1,318,280,38,20,255,2,42,104
54405386,0,,,702,332,370,24,13,11,678,319,359,245,139,106,666,311,355,661,310,351,433,180,253,286,94,192,146,32,114,26,4,22,1,1,0,125,120,26,50,23,11,8,1,1,94,83,11,5,72,0,17,24
54405387,0,,,237,110,127,27,14,13,210,96,114,130,63,67,206,96,110,202,96,106,80,33,47,37,13,24,15,1,14,1,0,1,0,0,0,88,88,20,27,18,12,6,4,1,68,52,16,7,55,0,16,15
54405388,0,,,305,147,158,25,12,13,280,135,145,158,82,76,278,134,144,275,132,143,122,53,69,67,24,43,28,7,21,4,0,4,0,0,0,129,129,30,51,27,17,1,2,1,99,81,18,8,82,0,20,23
54405389,0,,,45,25,20,4,2,2,41,23,18,21,13,8,40,22,18,40,22,18,20,10,10,10,5,5,3,1,2,0,0,0,0,0,0,17,17,2,6,6,2,1,0,0,15,15,0,1,12,0,2,6
54405390,0,,,356,180,176,21,11,10,335,169,166,191,105,86,325,163,162,319,160,159,144,64,80,73,27,46,26,9,17,4,1,3,3,0,3,142,142,34,44,36,19,5,3,1,108,77,31,5,99,0,25,23
54405391,0,,,156,73,83,11,7,4,145,66,79,79,31,48,144,66,78,143,66,77,66,35,31,33,16,17,13,6,7,0,0,0,1,0,1,60,60,10,23,16,6,3,1,1,50,38,12,2,44,0,7,12
54405392,0,,,44,21,23,6,2,4,38,19,19,18,11,7,38,19,19,38,19,19,20,8,12,14,6,8,6,3,3,0,0,0,0,0,0,19,19,5,7,3,4,0,0,0,14,12,2,2,14,0,5,5
54405393,2,54405394,,8,5,3,*,*,*,*,*,*,*,*,*,*,*,*,*,*,*,*,*,*,*,*,*,*,*,*,*,*,*,*,*,*,4,4,*,*,*,*,*,*,*,*,*,*,*,*,*,*,*
54405394,1,,54405393,326,139,187,22,6,16,312,138,174,148,73,75,307,133,174,303,132,171,164,65,99,108,34,74,51,11,40,7,0,7,0,0,0,103,102,17,41,23,15,8,1,1,88,71,17,4,75,0,11,27
54405395,0,,,885,428,457,137,70,67,744,355,389,451,227,224,728,345,383,715,337,378,293,128,165,170,66,104,73,21,52,7,3,4,3,3,0,302,300,58,91,67,56,20,6,2,238,207,31,32,158,6,30,45
54405396,0,,,1011,475,536,140,65,75,868,409,459,555,270,285,837,390,447,825,384,441,313,139,174,160,64,96,55,21,34,7,4,3,7,4,3,399,397,100,124,81,60,21,8,3,294,249,45,38,211,6,55,63
54405397,0,,,232,110,122,11,6,5,219,103,116,122,65,57,211,98,113,204,93,111,97,38,59,47,14,33,19,4,15,3,1,2,0,0,0,95,95,20,35,24,12,2,2,0,74,64,10,1,63,1,16,19
54405398,0,,,134,64,70,4,1,3,130,63,67,78,39,39,126,60,66,123,60,63,52,24,28,31,15,16,18,7,11,2,1,1,0,0,0,50,50,13,12,10,10,4,0,1,37,23,14,1,35,0,9,4
54405399,0,,,120,60,60,7,3,4,113,57,56,59,34,25,109,54,55,107,52,55,54,23,31,29,12,17,8,3,5,3,0,3,0,0,0,43,43,5,15,14,5,1,3,0,38,26,12,0,31,0,3,10
54405400,0,,,1563,765,798,196,98,98,1366,666,700,904,452,452,1315,639,676,1283,625,658,462,214,248,241,109,132,52,22,30,3,1,2,4,1,3,594,594,113,200,140,93,34,10,4,478,425,53,42,301,1,68,101
54405401,0,,,2643,1455,1188,405,217,188,2157,1190,967,1678,972,706,2104,1162,942,2049,1131,918,479,218,261,246,115,131,46,13,33,4,0,4,24,14,10,1272,1271,566,329,172,147,48,6,3,684,650,34,129,299,163,65,126
54405402,0,,,3472,1823,1649,587,316,271,2729,1427,1302,2268,1222,1046,2632,1382,1250,2569,1350,1219,461,205,256,245,111,134,81,20,61,13,2,11,46,25,21,1623,1621,751,308,254,243,56,8,1,846,803,43,176,298,159,96,72
54405403,0,,,3206,1599,1607,454,232,222,2680,1327,1353,1940,973,967,2588,1287,1301,2523,1251,1272,740,354,386,323,144,179,117,31,86,15,2,13,23,12,11,1296,1293,359,393,263,199,57,16,6,920,845,75,141,458,50,104,160
54405404,0,,,3368,1721,1647,433,231,202,2874,1452,1422,2132,1105,1027,2760,1397,1363,2687,1363,1324,742,347,395,381,180,201,75,29,46,6,0,6,23,11,12,1369,1366,373,438,255,213,67,17,3,980,897,83,125,459,66,95,168
54405405,0,,,560,285,275,86,43,43,471,241,230,325,170,155,457,234,223,449,229,220,146,71,75,62,28,34,15,4,11,1,0,1,5,5,0,208,208,46,58,51,31,15,4,3,158,132,26,28,92,10,18,29
54405406,0,,,393,198,195,37,19,18,356,179,177,185,97,88,345,171,174,342,170,172,171,82,89,103,44,59,51,20,31,6,1,5,2,1,1,124,123,23,40,20,26,9,3,2,100,70,30,5,79,0,14,21
54405407,0,,,35,15,20,2,0,2,33,15,18,20,10,10,33,15,18,33,15,18,13,5,8,8,2,6,2,0,2,0,0,0,0,0,0,12,12,3,3,1,4,0,0,1,9,5,4,1,10,0,2,2
54405410,0,,,598,269,329,60,27,33,538,242,296,304,154,150,519,232,287,510,225,285,234,88,146,157,51,106,59,8,51,15,1,14,0,0,0,206,205,31,81,45,29,14,4,1,172,146,26,16,118,0,27,44
54405411,0,,,2595,1338,1257,263,125,138,2241,1160,1081,1673,896,777,2190,1136,1054,2144,1115,1029,568,264,304,245,122,123,41,18,23,2,1,1,20,11,9,1260,1260,487,411,207,122,25,6,2,740,682,58,116,371,116,81,147
54405412,0,,,5050,2620,2430,700,357,343,4184,2168,2016,3353,1778,1575,4014,2088,1926,3897,2029,1868,831,390,441,341,163,178,91,32,59,4,1,3,60,37,23,2381,2381,1010,585,386,309,78,8,5,1342,1269,73,205,583,157,203,165
54405413,0,,,3258,1700,1558,430,216,214,2709,1403,1306,2064,1116,948,2619,1356,1263,2553,1322,1231,645,287,358,292,122,170,90,28,62,7,2,5,12,5,7,1460,1459,548,407,245,189,55,9,6,880,810,70,133,411,87,97,133
54405414,0,,,388,180,208,63,27,36,324,152,172,224,103,121,308,151,157,303,148,155,100,49,51,45,19,26,11,1,10,2,0,2,4,0,4,141,141,26,49,22,29,8,7,0,115,93,22,14,66,0,15,16
54405415,0,,,66,32,34,10,4,6,56,28,28,33,17,16,56,28,28,55,27,28,23,11,12,13,5,8,5,1,4,1,0,1,0,0,0,24,24,2,12,4,3,2,1,0,22,17,5,2,15,0,1,4
54405416,0,,,130,61,69,11,5,6,117,55,62,69,36,33,114,55,59,112,54,58,48,19,29,24,9,15,9,1,8,1,0,1,0,0,0,48,48,7,13,18,8,1,1,0,41,32,9,2,28,0,5,6
54405417,0,,,236,111,125,18,6,12,218,105,113,100,51,49,212,102,110,210,101,109,118,54,64,54,24,30,26,11,15,0,0,0,1,0,1,91,91,19,36,14,12,6,3,1,70,54,16,3,75,0,16,23
54405420,0,,,1708,838,870,190,99,91,1496,726,770,926,460,466,1459,707,752,1437,701,736,570,266,304,332,170,162,49,21,28,1,0,1,3,0,3,756,756,212,278,160,79,19,7,1,532,492,40,71,367,19,90,143
54405421,0,,,957,487,470,129,74,55,805,397,408,559,285,274,777,382,395,755,371,384,246,112,134,119,53,66,36,12,24,3,2,1,14,11,3,382,382,107,103,81,65,18,6,2,271,236,35,31,157,20,33,47
54405422,0,,,1557,752,805,267,135,132,1270,606,664,914,445,469,1206,569,637,1177,558,619,356,161,195,165,71,94,56,22,34,5,2,3,8,2,6,616,615,151,206,114,93,37,11,3,457,416,41,69,228,16,51,81
54405423,0,,,3482,1684,1798,469,236,233,2989,1429,1560,2015,1019,996,2853,1360,1493,2778,1325,1453,974,410,564,736,295,441,198,63,135,19,3,16,8,3,5,1277,1275,269,390,284,242,67,21,2,999,895,104,84,561,16,140,179
54405424,0,,,579,286,293,43,17,26,536,269,267,242,129,113,526,264,262,518,258,260,294,140,154,114,64,50,13,3,10,0,0,0,1,0,1,242,242,44,112,48,25,11,2,0,196,174,22,12,183,0,37,69
54405425,0,,,71,33,38,7,2,5,64,31,33,37,18,19,63,31,32,63,31,32,27,13,14,7,2,5,1,0,1,0,0,0,0,0,0,29,29,6,10,8,4,1,0,0,23,21,2,0,20,0,4,6
54405426,0,,,84,42,42,15,8,7,69,34,35,47,24,23,63,30,33,61,30,31,22,10,12,10,5,5,5,3,2,0,0,0,0,0,0,29,29,6,9,3,6,3,2,0,23,19,4,2,15,0,5,4
54405427,0,,,532,273,259,66,37,29,463,234,229,326,172,154,444,224,220,435,220,215,137,62,75,79,35,44,22,8,14,3,1,2,13,13,0,172,168,48,53,34,20,7,4,2,119,104,15,9,84,11,18,26
54405430,0,,,3303,1613,1690,545,274,271,2715,1319,1396,2048,1019,1029,2627,1276,1351,2567,1249,1318,667,300,367,316,139,177,82,29,53,7,1,6,16,7,9,1331,1330,350,417,255,227,65,15,1,965,902,63,167,426,49,101,145
54405431,0,,,805,403,402,114,63,51,686,337,349,482,243,239,668,326,342,650,318,332,204,94,110,102,44,58,26,8,18,2,0,2,1,0,1,270,269,43,87,58,51,23,4,3,223,189,34,20,126,1,21,39
54405432,0,,,562,252,310,54,21,33,505,230,275,308,147,161,486,226,260,479,223,256,197,83,114,100,42,58,26,8,18,1,0,1,1,0,1,196,196,34,57,45,39,12,3,6,160,124,36,11,128,0,22,33
54405433,0,,,1849,869,980,169,84,85,1662,773,889,1230,587,643,1609,748,861,1561,730,831,432,186,246,298,119,179,93,35,58,20,3,17,8,2,6,650,649,75,252,155,133,25,8,1,568,523,45,33,225,2,42,89
54405434,0,,,2204,1101,1103,320,165,155,1882,934,948,1190,610,580,1802,890,912,1750,860,890,692,324,368,299,150,149,39,13,26,4,2,2,3,1,2,798,798,100,308,163,158,52,13,4,697,637,60,48,432,0,69,179
54405435,0,,,1278,640,638,134,70,64,1144,570,574,633,331,302,1107,546,561,1076,528,548,511,239,272,301,160,141,37,14,23,2,0,2,1,0,1,505,505,101,198,89,83,27,2,5,403,356,47,32,320,4,72,134
54405436,0,,,173,93,80,22,9,13,146,81,65,117,68,49,138,76,62,134,75,59,29,13,16,12,6,6,2,1,1,1,1,0,8,6,2,72,72,29,14,14,9,2,1,3,43,36,7,5,22,9,5,4
54405437,0,,,799,440,359,67,33,34,725,401,324,496,296,200,709,393,316,695,388,307,229,105,124,117,49,68,42,12,30,5,0,5,19,13,6,399,399,197,97,43,42,13,4,3,200,169,31,14,153,55,44,38
54405440,0,,,3323,1650,1673,513,265,248,2764,1364,1400,2212,1103,1109,2657,1306,1351,2598,1271,1327,552,261,291,196,88,108,42,12,30,5,1,4,20,11,9,1368,1367,358,431,287,228,52,11,0,982,918,64,188,360,70,67,131
54405441,0,,,499,243,256,64,28,36,435,215,220,270,136,134,423,210,213,411,204,207,165,79,86,67,29,38,19,7,12,0,0,0,0,0,0,190,190,33,73,38,30,12,3,1,157,140,17,19,106,0,22,35
54405442,0,,,330,158,172,17,8,9,311,148,163,178,87,91,300,140,160,291,137,154,133,61,72,68,30,38,12,3,9,1,0,1,1,1,0,126,126,29,40,26,14,15,2,0,97,75,22,4,84,0,18,22
54405443,0,,,305,150,155,47,21,26,258,129,129,186,96,90,249,124,125,247,123,124,72,33,39,30,13,17,7,2,5,1,0,1,0,0,0,110,110,17,36,24,23,8,2,0,93,82,11,9,48,0,8,12
54405444,0,,,1358,619,739,372,168,204,986,451,535,715,349,366,940,427,513,920,418,502,271,102,169,177,66,111,75,20,55,5,3,2,5,2,3,373,370,24,72,97,123,44,7,3,345,318,27,116,92,0,17,27
54405445,0,,,1065,554,511,186,105,81,873,445,428,643,337,306,820,415,405,791,398,393,230,108,122,146,68,78,30,10,20,1,0,1,0,0,0,405,405,101,106,79,89,24,3,3,303,281,22,38,144,21,35,57
54405446,0,,,254,87,167,36,19,17,218,68,150,68,21,47,217,67,150,216,66,150,150,47,103,122,35,87,74,15,59,10,2,8,3,1,2,59,57,26,16,6,8,0,1,0,31,28,3,14,10,16,3,2
54405447,0,,,269,192,77,25,12,13,238,174,64,195,153,42,233,170,63,222,164,58,43,21,22,18,10,8,6,2,4,0,0,0,5,5,0,161,161,113,20,8,11,6,3,0,48,40,8,7,27,63,5,11
54405450,0,,,914,448,466,98,48,50,803,393,410,539,270,269,780,385,395,767,378,389,264,123,141,129,57,72,42,16,26,5,2,3,9,7,2,374,372,96,121,84,47,20,4,0,271,241,30,22,173,12,43,54
54405451,0,,,383,196,187,53,30,23,328,165,163,207,105,102,318,158,160,311,156,155,121,60,61,49,23,26,12,5,7,0,0,0,0,0,0,146,146,31,43,37,25,6,3,1,114,99,15,15,77,3,16,28
54405452,0,,,297,129,168,29,9,20,268,120,148,145,64,81,265,118,147,259,115,144,123,56,67,55,25,30,22,7,15,1,0,1,0,0,0,111,111,20,40,21,19,8,3,0,89,73,16,7,80,0,19,26
54405453,0,,,743,345,398,87,41,46,656,304,352,377,188,189,633,291,342,623,285,338,279,116,163,166,68,98,67,18,49,17,2,15,3,2,1,252,251,34,98,51,49,15,3,1,215,199,16,16,136,1,25,58
54405454,0,,,1746,891,855,277,156,121,1446,721,725,1073,546,527,1380,687,693,1326,663,663,373,175,198,215,94,121,59,23,36,5,1,4,22,11,11,669,668,175,176,153,110,44,10,0,491,454,37,70,230,20,55,70
54405455,0,,,3161,1676,1485,594,311,283,2516,1335,1181,2074,1133,941,2412,1283,1129,2369,1264,1105,442,202,240,242,105,137,54,23,31,5,1,4,43,22,21,1386,1386,493,364,250,213,60,4,2,882,843,39,181,289,80,76,108
54405456,0,,,3492,1842,1650,489,273,216,2959,1541,1418,2252,1218,1034,2826,1482,1344,2759,1443,1316,707,323,384,367,158,209,82,29,53,7,0,7,31,13,18,1573,1551,604,377,281,207,61,17,4,936,848,88,139,463,131,123,151
54405457,0,,,1625,829,796,213,112,101,1372,691,681,960,505,455,1320,658,662,1288,639,649,412,186,226,223,98,125,67,26,41,3,1,2,7,4,3,682,682,212,194,132,103,32,6,3,469,422,47,54,268,23,62,89
54405460,0,,,390,183,207,28,10,18,362,173,189,190,96,94,349,168,181,341,165,176,172,77,95,81,39,42,20,10,10,2,1,1,4,3,1,162,161,37,67,30,20,5,2,0,123,109,14,5,105,2,23,38
54405461,0,,,435,211,224,47,22,25,388,189,199,222,118,104,376,180,196,372,179,193,166,71,95,98,37,61,37,10,27,1,1,0,1,0,1,151,150,20,54,38,21,13,2,2,129,107,22,10,94,0,18,30
54405462,0,,,223,110,113,21,10,11,202,100,102,119,59,60,197,98,99,195,96,99,83,41,42,39,16,23,12,1,11,0,0,0,0,0,0,84,84,13,32,18,16,2,3,0,69,54,15,8,52,0,8,19
54405463,0,,,537,264,273,84,48,36,453,216,237,318,158,160,420,200,220,407,193,214,135,58,77,75,32,43,20,11,9,3,1,2,0,0,0,190,190,34,65,25,42,19,2,3,156,137,19,12,93,1,23,32
54405464,0,,,2775,1411,1364,405,206,199,2320,1177,1143,1762,926,836,2238,1132,1106,2175,1095,1080,558,251,307,300,132,168,86,35,51,6,1,5,22,15,7,1184,1180,392,332,211,183,43,15,4,777,702,75,132,354,78,81,125
54405465,0,,,4778,2494,2284,609,335,274,4080,2104,1976,3075,1633,1442,3944,2040,1904,3861,1995,1866,1005,471,534,525,248,277,131,55,76,8,2,6,45,22,23,2210,2209,860,637,353,261,64,25,9,1330,1239,91,188,665,145,174,235
54405466,0,,,3834,1945,1889,557,291,266,3237,1630,1607,2278,1191,1087,3099,1557,1542,3035,1526,1509,959,439,520,556,254,302,102,35,67,11,2,9,35,18,17,1564,1563,451,443,322,248,79,16,4,1103,1014,89,143,615,57,151,207
54405467,0,,,835,411,424,137,59,78,693,349,344,528,278,250,656,335,321,642,327,315,165,71,94,78,32,46,22,10,12,1,0,1,5,3,2,321,321,93,80,54,66,18,7,3,227,200,27,35,114,11,31,37
54405470,0,,,402,208,194,40,26,14,357,178,179,216,114,102,348,175,173,340,170,170,141,64,77,75,32,43,23,8,15,2,1,1,0,0,0,156,156,22,68,31,25,9,1,0,133,119,14,10,89,0,17,37
54405471,0,,,395,185,210,38,18,20,357,167,190,227,107,120,344,160,184,335,158,177,130,60,70,62,27,35,14,7,7,2,2,0,6,2,4,149,149,24,56,37,16,12,4,0,124,107,17,6,80,0,14,24
54405472,0,,,255,132,123,21,14,7,234,118,116,144,76,68,231,115,116,227,113,114,90,42,48,48,18,30,18,6,12,1,0,1,1,0,1,97,97,16,36,22,17,3,3,0,81,69,12,7,59,0,11,18
54405473,0,,,244,120,124,19,8,11,225,112,113,114,58,56,216,107,109,214,107,107,111,54,57,56,27,29,14,6,8,0,0,0,1,0,1,89,89,14,31,25,8,6,4,1,75,61,14,4,65,1,9,22
54405474,0,,,1382,676,706,180,111,69,1185,557,628,838,408,430,1131,530,601,1111,519,592,347,149,198,179,80,99,40,19,21,3,0,3,4,1,3,591,590,170,202,110,77,22,7,2,413,378,35,56,236,14,61,72
54405475,0,,,1214,612,602,138,72,66,1073,538,535,704,366,338,1038,517,521,1014,508,506,369,172,197,201,98,103,48,18,30,2,0,2,1,1,0,443,441,79,145,116,73,18,8,2,359,320,39,42,220,1,44,77
54405476,0,,,607,306,301,87,49,38,520,257,263,346,176,170,507,250,257,498,245,253,174,81,93,75,35,40,21,7,14,1,0,1,0,0,0,208,205,30,64,56,36,15,3,1,174,151,23,25,108,0,21,32
54405477,0,,,556,275,281,67,25,42,487,249,238,311,162,149,478,246,232,465,238,227,176,87,89,80,37,43,21,8,13,1,0,1,3,1,2,211,211,48,59,49,41,8,4,2,162,135,27,21,118,2,30,31
54405478,0,,,248,121,127,21,13,8,226,107,119,130,63,67,222,105,117,217,103,114,96,44,52,47,17,30,16,4,12,2,0,2,3,1,2,102,102,31,33,20,5,8,4,1,70,55,15,6,67,2,17,15
54405480,0,,,465,237,228,54,31,23,411,206,205,250,131,119,396,197,199,391,192,199,161,75,86,82,39,43,22,7,15,0,0,0,1,0,1,177,177,28,75,35,26,7,2,4,149,132,17,15,108,0,23,38
54405481,0,,,620,308,312,64,30,34,555,277,278,297,156,141,540,269,271,534,264,270,258,121,137,123,50,73,40,13,27,3,0,3,2,0,2,251,251,54,100,48,29,15,4,1,197,169,28,13,173,0,41,55
54405482,0,,,227,114,113,15,6,9,212,108,104,126,63,63,208,106,102,207,106,101,86,45,41,40,19,21,18,9,9,0,0,0,2,2,0,87,87,18,30,19,11,8,0,1,69,58,11,5,57,1,13,15
54405483,0,,,427,206,221,36,12,24,391,194,197,230,118,112,380,191,189,374,188,186,161,76,85,81,34,47,29,14,15,2,1,1,1,0,1,169,169,33,63,37,26,8,1,1,136,117,19,7,108,0,21,31
54405484,0,,,264,133,131,14,9,5,250,124,126,144,78,66,245,123,122,241,121,120,106,46,60,55,23,32,15,5,10,1,0,1,0,0,0,101,101,25,30,23,13,6,2,2,76,59,17,3,67,0,19,19
54405485,0,,,738,343,395,80,33,47,658,310,348,403,193,210,638,302,336,623,298,325,255,117,138,129,55,74,38,15,23,6,3,3,2,1,1,279,279,55,91,64,44,18,6,1,223,195,28,20,165,1,38,53
54405486,0,,,220,109,111,20,10,10,200,99,101,109,59,50,193,93,100,191,93,98,91,40,51,48,19,29,18,5,13,4,0,4,0,0,0,87,87,19,31,21,10,3,1,2,68,58,10,4,59,0,15,17
54405487,0,,,88,47,41,3,0,3,84,47,37,43,28,15,83,46,37,83,46,37,41,19,22,19,7,12,8,3,5,1,0,1,0,0,0,37,37,6,17,9,4,1,0,0,31,29,2,0,26,0,3,10
54405488,0,,,374,171,203,15,8,7,353,160,193,145,80,65,347,157,190,344,155,189,208,80,128,129,41,88,65,12,53,13,1,12,2,0,2,146,145,56,53,17,8,9,2,0,89,69,20,2,94,3,30,26
54405489,0,,,26,12,14,0,0,0,24,11,13,10,5,5,24,11,13,24,11,13,14,6,8,8,2,6,1,0,1,1,0,1,0,0,0,15,15,7,5,3,0,0,0,0,8,6,2,0,10,0,4,2
54405490,0,,,208,111,97,13,6,7,195,105,90,109,62,47,192,103,89,189,101,88,86,43,43,31,15,16,14,4,10,0,0,0,0,0,0,77,77,14,22,22,13,4,2,0,63,51,12,5,53,0,10,14
54405491,0,,,611,308,303,69,32,37,542,276,266,309,163,146,524,267,257,512,259,253,233,113,120,118,48,70,32,6,26,2,1,1,3,1,2,245,242,59,96,44,23,15,4,1,182,151,31,10,161,0,44,44
54405492,0,,,443,211,232,32,16,16,411,195,216,246,122,124,395,190,205,384,185,199,165,73,92,91,36,55,28,8,20,2,0,2,1,1,0,162,162,34,49,35,24,14,3,3,128,100,28,6,109,0,27,27
54405493,0,,,120,56,64,14,7,7,106,49,57,57,25,32,104,49,55,103,49,54,49,24,25,25,12,13,12,5,7,2,0,2,0,0,0,45,45,7,16,14,2,5,1,0,38,32,6,3,27,0,2,12
54405494,0,,,147,72,75,13,5,8,134,67,67,55,26,29,131,66,65,130,65,65,79,41,38,44,23,21,18,8,10,1,1,0,0,0,0,57,57,10,24,12,3,7,1,0,47,38,9,2,48,0,8,20
54405495,0,,,280,145,135,17,6,11,263,139,124,113,62,51,258,135,123,255,133,122,150,77,73,73,40,33,22,11,11,2,1,1,2,2,0,124,124,30,58,17,14,3,2,0,94,78,16,4,95,0,22,36
54405496,0,,,240,90,150,8,3,5,231,87,144,93,47,46,229,87,142,228,86,142,138,40,98,101,20,81,56,7,49,14,1,13,0,0,0,71,69,17,27,13,7,3,2,0,52,40,12,3,43,0,8,14
54405497,0,,,266,123,143,13,5,8,251,117,134,135,61,74,249,117,132,245,115,130,116,56,60,55,24,31,16,4,12,2,1,1,1,0,1,102,102,17,38,25,15,4,3,0,85,64,21,4,73,0,11,22
54405498,0,,,2224,1071,1153,174,83,91,2009,972,1037,1210,623,587,1939,938,1001,1878,911,967,799,349,450,493,222,271,129,64,65,5,1,4,13,3,10,1014,1013,367,326,158,109,43,7,3,640,575,65,39,534,34,173,169
54405499,0,,,1803,848,955,168,77,91,1602,756,846,909,469,440,1555,737,818,1532,731,801,693,287,406,411,149,262,129,38,91,12,1,11,15,8,7,768,763,252,236,139,89,33,10,4,507,409,98,47,450,8,137,104
54406000,0,,,53,28,25,4,3,1,49,25,24,31,18,13,48,24,24,47,23,24,18,7,11,11,3,8,4,1,3,0,0,0,1,1,0,18,18,5,3,5,1,1,3,0,12,6,6,1,12,0,2,2
54406001,0,,,219,115,104,20,12,8,199,103,96,116,63,53,188,96,92,182,95,87,83,40,43,37,15,22,19,8,11,3,0,3,6,2,4,76,76,14,26,10,12,9,5,0,62,44,18,4,55,0,10,15
54406002,0,,,155,76,79,15,8,7,140,68,72,82,41,41,134,65,69,129,61,68,58,27,31,29,14,15,12,5,7,0,0,0,3,0,3,45,45,3,15,9,7,4,3,4,41,24,17,4,34,1,1,9
54406003,0,,,164,88,76,17,12,5,147,76,71,76,41,35,143,73,70,142,72,70,71,35,36,27,14,13,14,7,7,1,0,1,0,0,0,56,56,11,16,9,12,4,2,2,44,27,17,3,44,0,8,10
54406004,0,,,349,176,173,42,20,22,290,146,144,210,106,104,277,137,140,267,134,133,80,40,40,28,11,17,11,1,10,1,0,1,3,1,2,122,122,19,41,29,17,9,3,4,97,82,15,8,52,0,8,11
54406005,0,,,182,91,91,16,8,8,166,83,83,95,49,46,163,82,81,162,82,80,71,34,37,34,13,21,11,2,9,1,0,1,8,1,7,74,74,21,21,18,8,4,1,1,53,39,14,2,43,2,4,12
54406006,0,,,445,231,214,35,19,16,402,209,193,244,130,114,393,202,191,387,200,187,158,79,79,58,25,33,13,6,7,0,0,0,38,19,19,197,197,74,59,25,25,8,4,2,121,97,24,9,103,25,24,30
54406007,0,,,246,124,122,28,14,14,218,110,108,143,76,67,210,103,107,206,100,106,75,34,41,24,10,14,3,1,2,0,0,0,5,1,4,87,87,10,31,23,15,5,2,1,75,59,16,5,46,0,5,13
54406008,0,,,324,152,172,47,20,27,277,132,145,177,84,93,265,127,138,259,124,135,100,48,52,37,17,20,13,5,8,1,0,1,0,0,0,110,110,23,31,21,17,7,6,5,87,62,25,12,66,1,12,18
54406009,0,,,117,59,58,16,8,8,101,51,50,56,28,28,100,50,50,99,50,49,45,23,22,15,3,12,8,1,7,1,1,0,2,0,2,38,38,7,13,6,4,3,2,3,31,17,14,3,29,0,6,6
54406010,0,,,42,26,16,2,1,1,40,25,15,18,12,6,40,25,15,39,24,15,22,13,9,6,3,3,1,0,1,0,0,0,0,0,0,20,20,7,6,5,2,0,0,0,13,11,2,0,15,0,6,4
54406011,0,,,190,91,99,25,14,11,165,77,88,91,43,48,158,74,84,157,74,83,74,34,40,40,15,25,14,5,9,1,0,1,1,0,1,64,64,12,20,12,8,4,6,2,52,32,20,6,46,1,9,11
54406012,0,,,122,63,59,12,8,4,110,55,55,75,40,35,107,54,53,106,54,52,35,15,20,18,6,12,9,4,5,0,0,0,1,0,1,43,43,9,8,15,5,4,2,0,33,25,8,3,27,1,8,3
54406013,0,,,158,75,83,19,6,13,139,69,70,80,44,36,136,69,67,134,67,67,59,25,34,27,11,16,10,2,8,0,0,0,1,0,1,50,50,3,19,13,6,2,5,2,47,29,18,5,35,0,2,9
54406014,0,,,604,304,300,71,37,34,524,264,260,387,197,190,502,252,250,491,247,244,137,67,70,61,29,32,16,7,9,3,1,2,7,4,3,204,204,35,51,50,40,16,8,4,167,132,35,19,88,1,8,19
54406015,0,,,619,309,310,55,21,34,551,276,275,390,201,189,538,267,271,533,264,269,161,75,86,62,25,37,24,8,16,3,1,2,22,16,6,267,267,88,79,51,31,12,6,0,177,145,32,15,111,11,26,23
54406016,0,,,189,99,90,18,8,10,171,91,80,102,53,49,165,87,78,161,85,76,69,38,31,25,13,12,8,5,3,0,0,0,1,0,1,72,72,15,24,18,7,4,4,0,57,44,13,4,47,0,10,15
54406017,0,,,313,154,159,35,15,20,277,138,139,183,93,90,266,131,135,265,131,134,94,45,49,35,13,22,14,4,10,0,0,0,0,0,0,124,124,35,32,31,14,8,3,1,88,70,18,8,65,2,16,12
54406018,0,,,20,11,9,5,3,2,15,8,7,6,3,3,15,8,7,15,8,7,9,5,4,2,1,1,0,0,0,0,0,0,0,0,0,8,8,1,5,0,1,1,0,0,7,7,0,0,5,0,1,4
54406019,0,,,250,125,125,29,14,15,221,111,110,119,62,57,211,106,105,207,104,103,102,49,53,45,17,28,15,4,11,3,0,3,0,0,0,81,81,16,23,12,11,10,6,3,64,34,30,6,61,0,10,13
54406020,0,,,291,141,150,28,14,14,262,126,136,157,77,80,254,121,133,249,117,132,105,49,56,47,21,26,8,3,5,1,0,1,0,0,0,99,99,15,25,28,19,6,6,0,84,60,24,9,68,0,11,15
54406021,0,,,405,206,199,47,29,18,358,177,181,229,118,111,344,169,175,340,168,172,129,59,70,57,27,30,15,6,9,1,0,1,2,0,2,136,136,20,41,28,28,12,2,5,115,80,35,9,86,0,13,17
54406022,0,,,231,117,114,33,18,15,198,99,99,111,56,55,195,97,98,190,95,95,87,43,44,28,13,15,13,6,7,4,1,3,3,0,3,78,78,11,21,16,22,6,2,0,67,50,17,10,49,2,5,15
54406023,0,,,181,91,90,25,13,12,156,78,78,91,47,44,152,75,77,150,73,77,65,31,34,22,8,14,4,1,3,0,0,0,1,0,1,62,62,7,21,17,9,5,1,2,55,45,10,4,41,0,7,11
54406024,0,,,196,96,100,25,10,15,171,86,85,115,60,55,164,82,82,162,82,80,56,26,30,29,12,17,11,4,7,1,1,0,4,2,2,77,77,22,20,17,13,1,2,2,53,44,9,2,36,2,8,5
54406025,0,,,528,267,261,74,35,39,452,230,222,323,166,157,431,218,213,424,216,208,129,64,65,46,23,23,10,6,4,0,0,0,2,0,2,215,215,65,64,36,34,9,4,3,150,129,21,16,87,4,19,29
54406026,0,,,142,69,73,17,10,7,125,59,66,83,42,41,122,58,64,119,57,62,42,17,25,18,7,11,5,1,4,1,0,1,0,0,0,48,48,5,17,7,14,4,1,0,42,30,12,5,28,1,2,8
54406027,0,,,128,57,71,10,5,5,118,52,66,64,34,30,116,51,65,114,51,63,54,18,36,40,8,32,23,3,20,4,0,4,1,0,1,41,40,9,13,7,10,1,0,0,31,27,4,2,22,0,7,6
54406029,0,,,55,27,28,3,1,2,52,26,26,37,19,18,50,25,25,48,24,24,15,7,8,5,1,4,5,1,4,0,0,0,1,0,1,18,18,4,4,5,2,2,0,1,14,9,5,2,11,0,2,1
54406030,0,,,208,105,103,27,16,11,181,89,92,107,55,52,178,88,90,175,85,90,74,34,40,28,15,13,5,1,4,1,0,1,2,0,2,78,78,14,27,19,10,6,1,1,64,54,10,5,48,0,9,13
54406031,0,,,243,124,119,20,10,10,223,114,109,128,67,61,216,112,104,212,110,102,95,47,48,44,19,25,20,7,13,2,0,2,0,0,0,86,86,13,26,24,14,5,3,1,73,56,17,5,56,0,9,15
54406032,0,,,224,101,123,20,7,13,204,94,110,106,50,56,193,90,103,190,90,100,98,44,54,46,20,26,8,0,8,1,0,1,3,0,3,77,77,12,28,13,10,7,7,0,65,44,21,6,56,2,7,15
54406033,0,,,240,119,121,33,16,17,207,103,104,123,60,63,201,103,98,200,103,97,84,43,41,40,18,22,13,6,7,0,0,0,2,1,1,86,86,17,27,19,12,6,4,1,69,51,18,4,58,2,13,14
54406034,0,,,419,201,218,85,44,41,334,157,177,251,123,128,322,150,172,313,148,165,83,34,49,36,14,22,13,3,10,1,0,1,14,6,8,137,137,21,31,31,34,14,5,1,115,96,19,16,57,2,9,13
54406035,0,,,439,244,195,54,34,20,378,208,170,286,162,124,358,197,161,347,189,158,92,46,46,38,18,20,9,5,4,0,0,0,4,2,2,156,156,32,40,34,29,17,4,0,122,100,22,9,63,0,14,11
54406036,0,,,426,217,209,40,19,21,382,195,187,275,142,133,371,192,179,360,184,176,107,53,54,45,20,25,16,8,8,0,0,0,0,0,0,168,168,38,57,38,22,9,1,3,129,114,15,8,71,2,16,23
54406037,0,,,371,236,135,30,18,12,329,206,123,238,167,71,323,202,121,320,201,119,91,39,52,50,20,30,26,7,19,2,1,1,12,11,1,189,189,111,29,18,15,10,5,1,77,46,31,8,58,73,9,11
54406038,0,,,224,107,117,19,7,12,205,100,105,121,62,59,200,96,104,194,94,100,84,38,46,36,16,20,18,9,9,0,0,0,4,1,3,86,86,20,30,12,15,7,1,1,66,52,14,5,53,0,14,13
54406039,0,,,127,63,64,14,7,7,113,56,57,68,36,32,111,55,56,109,54,55,45,20,25,18,5,13,4,0,4,1,0,1,0,0,0,43,43,8,10,12,6,4,2,1,35,21,14,3,30,0,6,6
54406040,0,,,1984,1028,956,219,100,119,1689,888,801,1152,620,532,1652,868,784,1618,850,768,537,268,269,185,92,93,33,10,23,5,1,4,80,35,45,905,905,364,239,152,94,37,12,7,532,466,66,67,356,74,63,126
54406041,0,,,177,89,88,18,12,6,159,77,82,102,54,48,156,74,82,151,70,81,57,23,34,35,13,22,14,3,11,3,0,3,0,0,0,60,60,12,16,10,13,4,4,1,47,30,17,4,38,0,8,7
54406042,0,,,123,68,55,8,3,5,112,62,50,65,39,26,106,58,48,104,57,47,47,23,24,22,10,12,7,2,5,5,1,4,5,3,2,43,43,10,14,6,7,2,2,2,31,19,12,0,28,2,1,7
54406043,0,,,200,98,102,18,11,7,182,87,95,108,53,55,176,82,94,171,79,92,74,34,40,39,19,20,12,3,9,2,0,2,8,1,7,70,70,13,21,16,8,9,1,2,57,42,15,4,46,6,5,9
54406044,0,,,199,98,101,27,11,16,172,87,85,118,65,53,167,84,83,163,81,82,54,22,32,32,13,19,8,1,7,2,0,2,1,0,1,71,71,7,28,15,16,3,2,0,63,49,14,10,33,0,2,8
54406045,0,,,701,367,334,120,68,52,571,294,277,433,234,199,546,280,266,538,275,263,138,60,78,53,24,29,13,5,8,1,0,1,13,12,1,280,280,80,74,64,40,14,5,3,197,181,16,52,97,14,23,24
54406046,0,,,225,126,99,20,13,7,203,112,91,126,67,59,200,110,90,197,108,89,77,45,32,25,13,12,10,5,5,0,0,0,0,0,0,88,88,28,19,22,11,4,1,3,60,46,14,4,55,0,16,7
54406047,0,,,271,131,140,15,8,7,252,120,132,163,80,83,246,116,130,242,114,128,89,40,49,43,14,29,19,7,12,2,0,2,6,2,4,120,120,54,25,14,15,7,5,0,66,42,24,5,61,32,12,11
54406048,0,,,871,453,418,93,48,45,774,401,373,483,255,228,755,391,364,747,389,358,291,146,145,132,59,73,58,22,36,5,3,2,6,5,1,335,334,84,101,74,47,19,4,5,248,198,50,28,184,7,37,44
54406049,0,,,91,50,41,14,8,6,77,42,35,49,26,23,72,39,33,72,39,33,28,16,12,15,6,9,7,3,4,1,1,0,0,0,0,34,34,10,9,5,5,2,3,0,24,18,6,1,19,0,6,4
54406050,0,,,1421,745,676,134,74,60,1251,650,601,828,439,389,1218,634,584,1189,618,571,423,211,212,141,64,77,39,19,20,3,0,3,30,14,16,615,614,192,200,117,72,19,8,6,414,358,56,36,273,31,46,100
54406051,0,,,181,87,94,21,11,10,160,76,84,91,44,47,155,73,82,152,72,80,69,32,37,26,12,14,6,3,3,3,1,2,2,0,2,64,64,11,17,18,11,4,3,0,52,41,11,3,45,0,11,10
54406052,0,,,169,87,82,23,12,11,146,75,71,92,46,46,141,74,67,135,70,65,54,29,25,27,11,16,8,1,7,1,0,1,0,0,0,48,48,5,14,7,7,8,4,3,41,22,19,3,37,0,4,6
54406053,0,,,156,78,78,18,7,11,138,71,67,74,41,33,133,69,64,132,68,64,64,30,34,33,16,17,8,3,5,0,0,0,0,0,0,54,54,7,20,12,9,1,3,2,47,33,14,5,40,0,5,11
54406054,0,,,873,440,433,181,89,92,690,350,340,543,279,264,648,327,321,630,318,312,147,71,76,69,29,40,26,9,17,2,1,1,2,0,2,309,309,53,91,64,73,18,8,2,249,219,30,48,100,8,19,30
54406055,0,,,850,420,430,106,58,48,737,356,381,482,243,239,703,336,367,685,332,353,255,113,142,118,45,73,29,6,23,1,1,0,13,7,6,330,327,76,117,62,43,20,7,2,247,220,27,26,159,6,33,52
54406056,0,,,331,159,172,63,28,35,268,131,137,207,102,105,257,126,131,252,124,128,61,29,32,31,12,19,5,1,4,0,0,0,7,2,5,120,120,20,37,26,29,5,3,0,99,89,10,20,45,0,12,13
54406057,0,,,404,202,202,101,51,50,303,151,152,274,140,134,290,145,145,287,143,144,29,11,18,8,2,6,4,1,3,0,0,0,0,0,0,143,142,23,36,39,35,6,3,0,119,110,9,46,19,1,2,4
54406058,0,,,365,187,178,33,20,13,332,167,165,221,116,105,321,161,160,313,157,156,111,51,60,55,19,36,21,6,15,2,1,1,3,1,2,128,127,24,43,27,17,10,4,2,103,81,22,6,72,4,11,15
54406059,0,,,305,162,143,19,11,8,286,151,135,200,106,94,278,148,130,271,146,125,86,45,41,39,15,24,20,4,16,1,0,1,1,0,1,126,126,41,37,23,16,4,2,3,83,70,13,5,64,1,21,10
54406060,0,,,189,99,90,17,11,6,172,88,84,103,56,47,164,84,80,161,81,80,69,32,37,22,10,12,4,1,3,0,0,0,1,0,1,68,68,14,25,10,9,4,3,3,54,38,16,1,46,1,9,13
54406061,0,,,107,53,54,17,12,5,90,41,49,61,28,33,86,40,46,84,40,44,29,13,16,14,4,10,4,0,4,1,0,1,0,0,0,42,42,10,14,10,4,2,1,1,32,24,8,2,19,1,4,4
54406062,0,,,188,92,96,20,11,9,168,81,87,102,54,48,163,78,85,159,78,81,66,27,39,38,14,24,14,4,10,2,1,1,1,0,1,62,62,15,13,14,8,6,1,5,47,29,18,7,44,0,8,5
54406063,0,,,168,88,80,17,14,3,151,74,77,88,48,40,143,70,73,143,70,73,63,26,37,41,19,22,20,8,12,1,0,1,0,0,0,55,55,7,13,18,11,1,3,2,48,32,16,4,39,0,3,6
54406064,0,,,672,340,332,84,48,36,570,282,288,348,175,173,555,273,282,548,271,277,222,107,115,102,43,59,39,17,22,2,0,2,9,2,7,268,268,86,75,47,28,19,6,7,178,128,50,23,149,10,34,31
54406065,0,,,384,172,212,42,26,16,341,145,196,184,90,94,334,140,194,331,139,192,157,55,102,93,25,68,44,5,39,8,0,8,5,3,2,129,128,27,42,27,22,8,1,1,99,83,16,9,78,2,18,17
54406066,0,,,179,93,86,36,18,18,143,75,68,110,60,50,139,73,66,137,71,66,33,15,18,12,4,8,7,3,4,1,0,1,3,2,1,62,62,9,16,16,16,4,1,0,53,45,8,17,22,0,5,5
54406067,0,,,164,77,87,24,8,16,140,69,71,101,53,48,136,68,68,133,65,68,39,16,23,14,5,9,3,0,3,1,0,1,1,1,0,58,58,12,19,9,12,0,4,2,46,36,10,5,27,0,6,5
54406068,0,,,83,38,45,4,2,2,79,36,43,47,23,24,77,35,42,76,34,42,32,13,19,16,3,13,9,2,7,2,0,2,2,0,2,25,25,5,4,4,5,5,1,1,19,6,13,1,21,0,5,1
54406069,0,,,72,37,35,5,1,4,66,35,31,41,22,19,64,34,30,64,34,30,25,13,12,11,6,5,4,2,2,0,0,0,0,0,0,28,28,8,9,5,3,1,1,1,20,16,4,0,17,0,4,5
54406070,0,,,180,102,78,33,17,16,136,78,58,116,68,48,134,77,57,131,74,57,20,10,10,8,5,3,1,0,1,0,0,0,5,4,1,87,87,42,19,10,11,4,1,0,43,41,2,12,11,14,1,4
54406071,0,,,951,504,447,130,56,74,807,439,368,567,326,241,764,421,343,751,411,340,240,113,127,82,40,42,18,13,5,0,0,0,29,17,12,378,377,123,93,65,60,22,10,4,251,210,41,31,161,37,33,32
54406072,0,,,245,126,119,21,11,10,224,115,109,150,80,70,216,110,106,212,107,105,74,35,39,25,11,14,8,3,5,0,0,0,1,0,1,94,94,19,29,25,14,6,0,1,75,59,16,4,55,0,12,13
54406073,0,,,181,93,88,31,17,14,150,76,74,85,48,37,145,74,71,144,73,71,65,28,37,27,13,14,12,5,7,1,0,1,0,0,0,49,49,4,9,14,8,5,5,4,45,25,20,9,37,0,2,5
54406074,0,,,117,66,51,10,8,2,107,58,49,60,34,26,103,55,48,101,53,48,47,24,23,16,6,10,7,1,6,0,0,0,1,0,1,49,49,12,18,10,7,1,1,0,36,26,10,1,34,0,7,10
54406075,0,,,329,172,157,19,11,8,310,161,149,166,84,82,303,159,144,301,158,143,144,77,67,74,35,39,30,15,15,2,1,1,3,1,2,119,119,27,36,20,20,10,2,4,91,58,33,4,97,0,20,18
54406076,1,,54406086,89,39,50,11,3,8,86,40,46,55,25,30,82,37,45,79,36,43,31,15,16,15,7,8,6,2,4,0,0,0,3,1,2,27,27,3,7,6,6,4,3,0,26,17,9,1,19,0,3,2
54406077,0,,,91,43,48,9,3,6,82,40,42,35,18,17,79,39,40,78,38,40,47,22,25,33,15,18,17,8,9,1,0,1,0,0,0,26,25,0,12,5,6,1,0,1,24,21,3,1,17,0,0,9
54406078,0,,,131,63,68,24,12,12,107,51,56,63,32,31,107,51,56,106,50,56,44,19,25,23,8,15,8,4,4,0,0,0,0,0,0,40,40,5,11,6,9,4,5,0,35,21,14,8,28,0,4,4
54406079,0,,,81,39,42,16,9,7,65,30,35,42,19,23,63,28,35,62,28,34,23,11,12,6,1,5,1,0,1,0,0,0,1,0,1,26,26,3,9,6,3,2,2,1,23,19,4,5,16,0,3,4
54406080,0,,,24,11,13,0,0,0,24,11,13,14,4,10,24,11,13,24,11,13,10,7,3,4,3,1,2,1,1,0,0,0,0,0,0,7,7,0,4,0,1,0,2,0,7,6,1,0,7,0,0,4
54406081,0,,,36,20,16,5,3,2,31,17,14,19,11,8,31,17,14,31,17,14,12,6,6,5,3,2,0,0,0,0,0,0,0,0,0,12,12,3,1,2,5,1,0,0,9,7,2,2,8,0,2,0
54406082,0,,,171,85,86,15,6,9,156,79,77,98,55,43,147,75,72,142,72,70,58,24,34,26,12,14,9,4,5,0,0,0,1,0,1,52,52,9,10,11,11,4,4,3,42,23,19,3,39,0,6,4
54406083,0,,,209,109,100,14,9,5,195,100,95,109,62,47,190,96,94,186,95,91,86,38,48,40,13,27,10,3,7,1,0,1,0,0,0,69,69,10,22,12,10,11,4,0,59,38,21,5,54,0,7,8
54406084,0,,,105,52,53,7,3,4,98,49,49,55,30,25,95,48,47,93,47,46,43,19,24,25,11,14,9,3,6,0,0,0,0,0,0,38,38,4,16,7,9,0,2,0,34,26,8,3,27,0,4,5
54406085,0,,,299,153,146,37,22,15,262,131,131,151,77,74,254,126,128,248,121,127,111,54,57,49,19,30,19,6,13,3,0,3,4,1,3,92,92,12,26,20,19,3,6,6,80,49,31,9,69,0,10,15
54406086,2,54406076,,8,4,4,*,*,*,*,*,*,*,*,*,*,*,*,*,*,*,*,*,*,*,*,*,*,*,*,*,*,*,*,*,*,2,2,*,*,*,*,*,*,*,*,*,*,*,*,*,*,*
54406087,0,,,39,18,21,5,1,4,34,17,17,27,13,14,34,17,17,34,17,17,7,4,3,3,2,1,1,1,0,0,0,0,0,0,0,12,12,1,5,1,2,1,2,0,11,8,3,3,4,0,0,2
54406088,0,,,152,78,74,20,9,11,132,69,63,85,46,39,124,62,62,123,62,61,47,23,24,25,13,12,4,2,2,0,0,0,0,0,0,59,59,11,24,12,7,2,2,1,48,44,4,5,31,1,7,10
54406089,0,,,151,77,74,12,5,7,139,72,67,87,49,38,134,69,65,132,69,63,52,23,29,28,10,18,15,5,10,1,0,1,1,0,1,50,50,10,11,10,13,2,2,2,40,23,17,2,35,0,7,6
54406090,0,,,78,35,43,8,1,7,70,34,36,37,18,19,68,34,34,66,33,33,33,16,17,11,5,6,5,1,4,3,1,2,0,0,0,22,22,2,2,9,4,4,0,1,20,10,10,1,20,0,1,2
54406092,0,,,127,68,59,18,12,6,109,56,53,54,29,25,109,56,53,109,56,53,55,27,28,21,12,9,7,4,3,0,0,0,0,0,0,38,38,3,13,7,6,2,6,1,35,23,12,7,31,0,2,6
54406093,0,,,185,94,91,19,13,6,166,81,85,93,49,44,163,78,85,161,76,85,73,32,41,32,12,20,13,3,10,0,0,0,1,0,1,64,64,11,22,9,13,5,3,1,53,33,20,6,50,0,6,12
54406094,0,,,144,70,74,15,7,8,129,63,66,78,39,39,122,60,62,119,58,61,51,24,27,25,10,15,12,6,6,1,0,1,2,1,1,46,46,9,12,6,9,3,7,0,37,21,16,2,30,0,4,8
54406095,0,,,127,57,70,6,3,3,121,54,67,70,33,37,119,53,66,117,53,64,51,21,30,25,8,17,6,2,4,0,0,0,0,0,0,48,48,7,19,11,7,3,1,0,41,32,9,2,35,0,6,10
54406096,0,,,22,13,9,0,0,0,22,13,9,11,8,3,22,13,9,22,13,9,11,5,6,4,2,2,1,1,0,0,0,0,0,0,0,7,7,0,3,2,1,0,1,0,7,6,1,0,7,0,0,1
54406097,0,,,14,9,5,2,2,0,12,7,5,7,5,2,12,7,5,12,7,5,5,2,3,2,1,1,1,0,1,0,0,0,0,0,0,4,4,0,1,1,1,1,0,0,4,3,1,0,3,0,0,0
54406098,0,,,238,121,117,26,11,15,210,108,102,119,66,53,207,106,101,203,104,99,91,42,49,43,16,27,14,5,9,0,0,0,2,2,0,81,81,15,22,18,13,7,4,2,66,46,20,5,58,0,9,13
54406099,0,,,66,28,38,7,3,4,38,16,22,19,9,10,38,16,22,38,16,22,19,7,12,9,4,5,2,0,2,0,0,0,0,0,0,20,20,4,4,2,4,4,2,0,11,5,6,1,10,0,2,2
54406100,0,,,28,15,13,3,1,2,25,14,11,20,11,9,24,13,11,22,12,10,5,3,2,2,1,1,0,0,0,0,0,0,0,0,0,12,12,4,2,4,2,0,0,0,8,8,0,1,4,0,2,0
54406101,0,,,15,7,8,2,1,1,13,6,7,8,4,4,13,6,7,13,6,7,5,2,3,3,1,2,1,0,1,0,0,0,0,0,0,6,6,3,0,2,0,0,1,0,3,1,2,1,4,0,1,0
54406102,0,,,114,55,59,9,4,5,105,51,54,57,30,27,103,50,53,103,50,53,48,21,27,22,8,14,11,3,8,0,0,0,0,0,0,40,40,9,12,7,4,6,1,1,31,22,9,1,31,0,6,4
54406103,0,,,110,55,55,18,9,9,92,46,46,57,30,27,92,46,46,91,46,45,35,16,19,16,9,7,2,1,1,0,0,0,2,1,1,48,48,15,17,7,5,4,0,0,33,27,6,3,20,4,1,12
54406104,2,54406105,,9,6,3,*,*,*,*,*,*,*,*,*,*,*,*,*,*,*,*,*,*,*,*,*,*,*,*,*,*,*,*,*,*,3,3,*,*,*,*,*,*,*,*,*,*,*,*,*,*,*
54406105,1,,54406104,74,38,36,5,4,1,78,40,38,43,24,19,77,40,37,77,40,37,35,16,19,15,6,9,7,1,6,1,0,1,0,0,0,27,27,4,5,15,6,0,0,0,26,19,7,2,23,0,3,2
54406107,0,,,25,14,11,2,1,1,23,13,10,17,9,8,22,13,9,22,13,9,6,4,2,4,3,1,2,2,0,0,0,0,0,0,0,10,10,1,5,2,2,0,0,0,9,7,2,1,4,0,0,3
54406110,0,,,123,59,64,7,4,3,116,55,61,69,33,36,114,55,59,114,55,59,47,22,25,16,5,11,9,2,7,2,0,2,0,0,0,52,52,15,18,6,11,2,0,0,37,29,8,2,34,0,9,11
54406111,0,,,55,26,29,5,1,4,50,25,25,29,16,13,46,24,22,45,24,21,21,9,12,12,4,8,1,1,0,0,0,0,0,0,0,17,17,1,6,5,2,1,1,1,16,10,6,2,13,0,1,3
54406112,0,,,134,69,65,8,2,6,126,67,59,60,35,25,122,65,57,121,64,57,66,32,34,23,9,14,9,2,7,0,0,0,1,0,1,50,50,9,22,7,6,3,1,2,41,32,9,2,40,0,6,15
54406113,0,,,95,48,47,6,2,4,87,45,42,45,24,21,87,45,42,87,45,42,42,21,21,21,9,12,8,2,6,0,0,0,0,0,0,38,38,7,18,7,3,1,1,1,30,23,7,1,26,2,3,12
54406114,0,,,81,41,40,4,4,0,77,37,40,36,17,19,77,37,40,77,37,40,41,20,21,22,9,13,9,5,4,2,0,2,1,0,1,30,30,4,11,8,4,3,0,0,26,18,8,1,24,0,4,7
54406115,0,,,56,27,29,4,2,2,51,24,27,23,11,12,50,24,26,50,24,26,28,13,15,14,5,9,6,2,4,0,0,0,0,0,0,24,24,7,7,7,2,0,1,0,17,14,3,2,18,0,4,6
54406116,0,,,88,45,43,8,6,2,80,39,41,44,25,19,79,39,40,77,38,39,36,14,22,14,4,10,11,3,8,2,1,1,0,0,0,33,33,8,10,5,7,2,0,1,25,16,9,3,24,0,6,5
54406118,1,,54406129,22,11,11,5,4,1,31,15,16,17,9,8,31,15,16,31,15,16,14,6,8,7,3,4,2,0,2,0,0,0,0,0,0,5,5,0,1,1,1,0,2,2,7,2,5,0,7,0,0,1
54406120,0,,,86,45,41,6,3,3,80,42,38,37,19,18,77,41,36,77,41,36,43,23,20,19,9,10,13,5,8,1,0,1,2,0,2,31,31,7,6,10,5,2,0,1,24,17,7,3,24,0,6,4
54406121,0,,,84,46,38,19,12,7,65,34,31,43,25,18,64,33,31,64,33,31,22,9,13,13,5,8,6,1,5,0,0,0,0,0,0,28,28,6,7,5,6,1,1,2,22,15,7,3,15,0,2,4
54406122,0,,,72,31,41,7,2,5,65,29,36,32,16,16,63,27,36,63,27,36,33,13,20,15,7,8,4,1,3,0,0,0,0,0,0,27,27,3,13,5,3,2,1,0,24,19,5,0,21,0,3,7
54406123,0,,,206,101,105,25,14,11,174,83,91,104,49,55,168,82,86,166,81,85,70,34,36,30,14,16,5,1,4,0,0,0,2,1,1,83,82,19,30,16,13,2,2,0,63,54,9,8,42,2,4,16
54406124,0,,,95,51,44,18,10,8,77,41,36,48,26,22,74,39,35,74,39,35,29,15,14,11,6,5,6,3,3,0,0,0,0,0,0,30,30,3,10,9,3,2,0,3,27,24,3,3,18,0,1,6
54406125,0,,,30,20,10,0,0,0,30,20,10,13,9,4,30,20,10,30,20,10,17,11,6,6,2,4,3,1,2,2,1,1,0,0,0,19,19,11,6,1,1,0,0,0,8,7,1,0,13,0,6,3
54406126,1,,54406127,100,50,50,6,2,4,101,52,49,60,32,28,100,52,48,99,52,47,41,20,21,12,4,8,6,1,5,0,0,0,0,0,0,32,32,6,7,11,3,4,1,2,28,19,9,1,26,0,4,1
54406127,2,54406126,,7,4,3,*,*,*,*,*,*,*,*,*,*,*,*,*,*,*,*,*,*,*,*,*,*,*,*,*,*,*,*,*,*,2,2,*,*,*,*,*,*,*,*,*,*,*,*,*,*,*
54406128,0,,,52,25,27,2,1,1,50,24,26,28,15,13,49,23,26,49,23,26,22,9,13,12,5,7,5,2,3,0,0,0,0,0,0,17,17,5,2,4,2,2,1,1,12,4,8,0,14,0,4,0
54406129,2,54406118,,14,8,6,*,*,*,*,*,*,*,*,*,*,*,*,*,*,*,*,*,*,*,*,*,*,*,*,*,*,*,*,*,*,2,2,*,*,*,*,*,*,*,*,*,*,*,*,*,*,*
54406130,0,,,24,12,12,2,2,0,22,10,12,15,7,8,22,10,12,22,10,12,7,3,4,4,2,2,1,1,0,0,0,0,0,0,0,9,9,1,3,3,2,0,0,0,8,5,3,1,6,0,1,1
54406131,0,,,34,20,14,1,1,0,33,19,14,14,8,6,33,19,14,33,19,14,19,11,8,9,4,5,3,2,1,1,1,0,0,0,0,14,14,3,5,3,3,0,0,0,11,8,3,0,13,0,3,5
54406132,0,,,395,202,193,52,31,21,343,171,172,232,119,113,323,162,161,318,160,158,111,52,59,40,18,22,13,6,7,0,0,0,1,0,1,136,136,19,41,41,16,10,6,3,116,100,16,12,69,2,10,18
54406133,0,,,104,49,55,10,7,3,94,42,52,63,30,33,90,40,50,88,39,49,31,12,19,14,5,9,6,2,4,1,1,0,1,1,0,36,35,6,10,7,9,2,0,1,29,23,6,3,20,0,4,4
54406134,0,,,1019,495,524,102,55,47,917,440,477,481,248,233,897,435,462,884,425,459,436,192,244,216,85,131,84,29,55,11,3,8,7,1,6,435,435,141,142,69,52,18,4,9,294,232,62,26,288,4,92,79
54406135,0,,,580,278,302,33,14,19,543,262,281,299,153,146,530,256,274,522,251,271,244,109,135,127,49,78,39,11,28,7,3,4,8,1,7,236,236,67,75,38,36,15,5,0,168,124,44,7,155,2,36,36
54406136,0,,,207,102,105,11,4,7,196,98,98,111,60,51,192,95,97,191,94,97,85,38,47,43,17,26,21,5,16,3,0,3,1,0,1,84,84,17,34,19,9,3,0,2,67,51,16,0,58,0,11,11
54406137,0,,,61,33,28,7,4,3,54,29,25,23,15,8,54,29,25,54,29,25,31,14,17,13,6,7,3,0,3,1,0,1,0,0,0,24,24,5,7,9,1,1,1,0,19,13,6,0,19,0,3,4
54406139,1,,54406149,78,37,41,6,3,3,77,36,41,38,17,21,74,35,39,73,35,38,39,19,20,22,9,13,12,4,8,1,1,0,0,0,0,23,23,2,8,5,5,1,3,1,23,13,10,2,22,0,1,5
54406140,0,,,49,27,22,2,2,0,47,25,22,24,14,10,47,25,22,47,25,22,23,11,12,12,4,8,4,0,4,0,0,0,4,4,0,21,21,8,5,3,3,2,0,0,13,8,5,1,15,4,4,3
54406141,0,,,71,38,33,2,1,1,69,37,32,34,22,12,65,34,31,64,34,30,35,15,20,12,4,8,3,1,2,0,0,0,0,0,0,31,31,8,14,3,4,2,0,0,21,19,2,0,25,0,8,8
54406142,0,,,54,29,25,5,4,1,49,25,24,30,17,13,48,24,24,47,23,24,19,8,11,8,3,5,3,0,3,0,0,0,0,0,0,16,16,2,4,4,3,1,0,2,14,9,5,1,9,1,0,3
54406143,0,,,160,77,83,17,11,6,141,66,75,75,36,39,135,65,70,130,63,67,66,30,36,22,9,13,6,3,3,0,0,0,0,0,0,58,58,16,20,5,9,2,2,4,42,29,13,5,45,0,12,12
54406144,0,,,480,226,254,37,19,18,441,205,236,228,112,116,427,201,226,423,200,223,213,93,120,143,56,87,62,19,43,3,0,3,0,0,0,183,182,49,60,34,21,14,2,2,132,102,30,10,124,0,37,28
54406145,0,,,399,196,203,30,15,15,368,180,188,205,111,94,358,172,186,352,169,183,163,69,94,95,32,63,60,18,42,8,3,5,4,4,0,158,157,45,47,26,32,5,2,0,110,88,22,7,101,5,25,19
54406146,0,,,264,130,134,25,11,14,239,119,120,135,68,67,230,114,116,224,112,112,104,51,53,52,23,29,20,6,14,0,0,0,7,1,6,101,101,27,29,20,15,6,1,3,74,56,18,7,65,6,13,23
54406147,0,,,40,21,19,4,3,1,36,18,18,18,10,8,36,18,18,35,18,17,18,8,10,8,3,5,4,2,2,1,0,1,0,0,0,17,17,3,8,3,3,0,0,0,14,13,1,1,11,0,2,5
54406149,2,54406139,,5,2,3,*,*,*,*,*,*,*,*,*,*,*,*,*,*,*,*,*,*,*,*,*,*,*,*,*,*,*,*,*,*,2,2,*,*,*,*,*,*,*,*,*,*,*,*,*,*,*
54406150,0,,,39,22,17,0,0,0,39,22,17,25,14,11,38,22,16,38,22,16,14,8,6,5,3,2,3,2,1,1,1,0,0,0,0,12,12,1,4,1,4,1,1,0,11,8,3,0,9,0,1,2
54406151,0,,,77,38,39,8,4,4,69,34,35,38,18,20,68,33,35,68,33,35,31,16,15,9,3,6,5,1,4,2,1,1,0,0,0,27,27,4,7,9,5,0,2,0,23,16,7,4,20,0,4,5
54406152,0,,,96,50,46,6,6,0,90,44,46,48,22,26,89,43,46,87,42,45,42,22,20,23,11,12,11,6,5,0,0,0,0,0,0,38,38,13,6,12,3,1,3,0,25,17,8,1,28,0,11,2
54406153,0,,,77,35,42,2,1,1,75,34,41,39,18,21,72,32,40,70,32,38,36,16,20,16,7,9,5,1,4,2,0,2,0,0,0,30,30,3,15,7,4,0,0,1,26,20,6,0,22,0,2,7
54406154,0,,,88,42,46,10,6,4,78,36,42,46,25,21,74,33,41,73,33,40,32,11,21,16,3,13,12,2,10,0,0,0,0,0,0,30,30,5,9,5,7,2,2,0,25,15,10,1,18,0,2,4
54406155,0,,,179,95,84,9,6,3,170,89,81,100,56,44,167,87,80,166,87,79,70,33,37,28,14,14,6,3,3,0,0,0,1,1,0,69,69,14,24,17,8,4,1,1,55,45,10,2,42,0,6,14
54406156,0,,,54,32,22,4,2,2,49,30,19,26,18,8,49,30,19,49,30,19,23,12,11,12,5,7,8,4,4,0,0,0,0,0,0,27,27,14,7,3,1,1,0,1,12,8,4,0,13,3,4,5
54406157,0,,,186,97,89,20,12,8,166,85,81,97,51,46,162,82,80,156,79,77,69,34,35,33,16,17,15,9,6,1,0,1,1,0,1,68,68,14,19,14,13,8,0,0,54,42,12,3,43,0,10,11
54406158,0,,,63,28,35,2,1,1,61,27,34,29,13,16,58,27,31,58,27,31,32,14,18,19,8,11,10,3,7,2,0,2,0,0,0,21,21,2,7,5,3,4,0,0,19,13,6,1,16,0,2,6
54406160,0,,,69,35,34,4,1,3,65,34,31,36,19,17,64,34,30,64,34,30,29,15,14,13,7,6,6,2,4,0,0,0,1,1,0,25,25,6,8,5,2,2,0,2,19,13,6,1,17,0,4,4
54406161,0,,,62,29,33,3,1,2,59,28,31,33,18,15,57,27,30,57,27,30,26,10,16,17,6,11,8,2,6,0,0,0,0,0,0,23,23,7,4,5,5,1,0,1,16,7,9,1,17,0,4,3
54406162,0,,,32,15,17,3,1,2,29,14,15,12,6,6,29,14,15,29,14,15,17,8,9,3,1,2,1,0,1,0,0,0,1,0,1,13,13,2,5,4,2,0,0,0,11,8,3,0,11,0,2,4
54406163,0,,,38,16,22,3,2,1,35,14,21,18,7,11,34,14,20,34,14,20,17,7,10,13,6,7,1,0,1,0,0,0,0,0,0,13,13,3,5,1,2,0,0,2,10,7,3,1,12,0,3,3
54406164,0,,,49,28,21,0,0,0,49,28,21,29,20,9,46,27,19,43,24,19,20,8,12,14,5,9,5,1,4,0,0,0,0,0,0,16,16,3,2,6,2,2,1,0,13,7,6,0,14,0,2,1
54406165,0,,,14,7,7,1,1,0,13,6,7,6,4,2,13,6,7,13,6,7,7,2,5,4,1,3,1,0,1,1,0,1,0,0,0,5,5,1,1,2,0,1,0,0,4,2,2,0,5,0,1,1
54406166,0,,,33,16,17,0,0,0,33,16,17,20,10,10,33,16,17,33,16,17,13,6,7,10,4,6,3,1,2,0,0,0,0,0,0,13,13,2,4,5,2,0,0,0,10,5,5,0,10,0,2,2
54406167,0,,,55,21,34,2,1,1,53,20,33,12,7,5,52,19,33,52,19,33,41,13,28,31,8,23,20,5,15,4,0,4,0,0,0,16,14,2,7,3,0,0,1,1,12,8,4,0,13,0,1,5
54406168,0,,,74,44,30,8,7,1,66,37,29,41,25,16,61,32,29,60,31,29,25,12,13,12,7,5,5,3,2,0,0,0,0,0,0,25,25,4,6,8,3,2,2,0,21,16,5,3,15,0,2,4
54406169,0,,,207,111,96,18,10,8,189,101,88,99,60,39,186,99,87,182,96,86,90,41,49,54,23,31,27,10,17,2,1,1,1,1,0,74,74,16,26,11,11,4,2,4,58,40,18,6,56,0,12,16
54406170,0,,,85,42,43,8,6,2,77,36,41,46,24,22,75,35,40,72,33,39,31,12,19,13,4,9,6,1,5,2,0,2,2,2,0,33,33,10,9,6,5,1,1,1,23,14,9,2,18,0,2,4
54406171,0,,,95,45,50,9,4,5,86,41,45,42,20,22,83,40,43,80,39,41,44,21,23,21,9,12,7,4,3,1,1,0,0,0,0,31,31,3,13,4,5,4,1,1,28,21,7,1,25,0,3,10
54406172,0,,,47,24,23,1,1,0,46,23,23,27,13,14,45,23,22,45,23,22,19,10,9,9,3,6,2,1,1,1,0,1,0,0,0,17,17,2,4,8,2,1,0,0,15,11,4,0,13,0,1,3
54406173,0,,,67,34,33,5,2,3,62,32,30,35,18,17,61,31,30,60,30,30,27,14,13,12,4,8,6,3,3,0,0,0,0,0,0,23,23,4,6,7,2,2,2,0,18,11,7,0,17,0,2,3
54406174,0,,,28,14,14,2,0,2,26,14,12,12,5,7,26,14,12,26,14,12,14,9,5,6,3,3,4,3,1,1,1,0,0,0,0,12,12,4,4,1,2,1,0,0,8,7,1,0,8,0,2,2
54406175,0,,,83,42,41,7,3,4,76,39,37,45,26,19,74,37,37,73,37,36,31,13,18,18,6,12,11,4,7,0,0,0,0,0,0,30,30,5,9,7,6,3,0,0,25,19,6,2,22,0,4,5
54406176,0,,,14,8,6,0,0,0,14,8,6,9,5,4,14,8,6,14,8,6,5,3,2,1,1,0,0,0,0,0,0,0,0,0,0,5,5,0,1,4,0,0,0,0,5,5,0,0,3,0,0,0
54406178,0,,,73,33,40,2,1,1,71,32,39,36,18,18,70,32,38,69,31,38,35,14,21,21,7,14,8,2,6,2,1,1,0,0,0,28,28,6,10,5,3,4,0,0,22,15,7,0,21,0,5,3
54406179,0,,,200,98,102,19,10,9,181,88,93,105,56,49,173,85,88,172,85,87,76,32,44,46,19,27,20,7,13,0,0,0,4,3,1,78,78,15,35,12,7,5,2,2,63,48,15,3,49,3,10,18
54406180,0,,,106,56,50,15,7,8,91,49,42,53,29,24,83,45,38,81,44,37,38,20,18,18,9,9,8,3,5,1,0,1,0,0,0,40,40,9,13,6,8,3,1,0,30,26,4,1,22,0,5,7
54406181,0,,,123,52,71,9,6,3,114,46,68,45,24,21,110,44,66,108,43,65,69,22,47,49,13,36,27,6,21,10,3,7,0,0,0,37,36,8,13,3,8,4,0,0,28,19,9,3,28,0,7,7
54406182,0,,,97,54,43,7,6,1,90,48,42,48,26,22,85,45,40,84,45,39,42,22,20,20,9,11,9,5,4,0,0,0,1,0,1,41,41,9,17,8,6,0,1,0,32,29,3,1,28,0,8,9
54406183,0,,,106,52,54,11,6,5,95,46,49,48,26,22,88,41,47,88,41,47,47,20,27,22,8,14,9,3,6,2,1,1,4,1,3,34,34,3,12,9,4,3,1,2,31,18,13,1,30,0,3,4
54406184,0,,,16,8,8,3,2,1,13,6,7,7,4,3,13,6,7,13,6,7,6,2,4,2,0,2,1,0,1,0,0,0,0,0,0,5,5,1,2,0,1,0,0,1,4,2,2,1,4,0,1,1
54406185,0,,,146,77,69,16,8,8,129,68,61,76,41,35,123,64,59,120,63,57,53,27,26,23,10,13,9,4,5,1,0,1,1,1,0,55,55,14,20,4,9,4,4,0,41,32,9,3,34,0,7,10
54406186,0,,,134,62,72,10,4,6,124,58,66,63,28,35,121,58,63,120,58,62,61,30,31,29,13,16,10,4,6,4,2,2,0,0,0,51,51,12,19,8,4,6,1,1,39,27,12,1,37,0,9,7
54406187,0,,,195,99,96,23,9,14,172,90,82,95,53,42,167,86,81,166,86,80,77,37,40,40,19,21,10,4,6,1,0,1,0,0,0,70,70,14,24,12,7,9,4,0,55,40,15,3,51,0,10,12
54406188,0,,,179,83,96,13,5,8,166,78,88,105,50,55,157,74,83,153,73,80,61,28,33,37,17,20,14,5,9,0,0,0,2,1,1,58,58,8,18,11,9,7,4,1,50,30,20,2,39,0,7,7
54406189,0,,,138,63,75,15,9,6,123,54,69,66,30,36,121,54,67,119,54,65,57,24,33,32,11,21,8,2,6,2,0,2,3,0,3,49,49,10,12,15,7,1,3,1,39,24,15,3,36,3,6,6
54406190,0,,,56,34,22,3,3,0,50,30,20,20,13,7,48,29,19,48,29,19,30,17,13,8,5,3,5,3,2,1,1,0,1,0,1,25,25,9,9,4,1,0,1,1,15,11,4,1,19,0,5,6
54406191,0,,,54,26,28,3,1,2,51,25,26,23,10,13,50,24,26,50,24,26,28,15,13,14,4,10,6,1,5,1,0,1,1,0,1,25,25,10,8,4,1,1,0,1,15,11,4,1,20,0,8,7
54406192,0,,,37,21,16,3,1,2,34,20,14,20,12,8,32,19,13,32,19,13,14,8,6,7,4,3,4,3,1,0,0,0,0,0,0,14,14,2,6,2,3,1,0,0,12,9,3,1,9,0,1,1
54406193,0,,,43,21,22,2,0,2,41,21,20,22,11,11,38,19,19,38,19,19,19,10,9,8,5,3,6,3,3,0,0,0,0,0,0,18,18,6,5,2,4,1,0,0,12,10,2,1,14,0,5,5
54406194,0,,,153,52,101,3,1,2,150,51,99,34,12,22,149,51,98,148,51,97,116,39,77,99,28,71,81,20,61,21,5,16,13,1,12,28,27,15,3,5,1,2,1,0,12,7,5,1,11,10,3,3
54406195,0,,,67,30,37,5,1,4,62,29,33,29,14,15,62,29,33,62,29,33,33,15,18,16,6,10,7,2,5,0,0,0,0,0,0,27,27,3,14,6,2,2,0,0,24,20,4,1,21,0,2,9
54406196,0,,,46,22,24,4,1,3,42,21,21,16,8,8,42,21,21,42,21,21,26,13,13,15,8,7,5,3,2,1,0,1,0,0,0,17,17,3,8,1,4,0,0,1,14,11,3,0,15,0,3,6
54406197,0,,,50,31,19,1,0,1,49,31,18,22,16,6,48,30,18,47,29,18,27,15,12,21,11,10,7,5,2,1,0,1,0,0,0,18,18,5,4,3,3,2,1,0,13,7,6,0,16,0,3,2
54406198,0,,,42,18,24,5,1,4,37,17,20,21,10,11,37,17,20,37,17,20,16,7,9,10,5,5,3,2,1,1,0,1,1,0,1,14,14,3,1,5,3,2,0,0,11,7,4,2,9,1,2,1
54406199,0,,,46,23,23,4,4,0,42,19,23,22,9,13,41,19,22,41,19,22,20,10,10,12,3,9,8,2,6,0,0,0,1,0,1,17,17,4,6,4,1,0,0,2,13,8,5,1,13,0,3,4
54406201,0,,,21,11,10,2,1,1,19,10,9,15,8,7,17,9,8,17,9,8,4,2,2,2,1,1,2,1,1,0,0,0,0,0,0,7,7,1,1,2,3,0,0,0,6,5,1,1,3,0,0,0
54406204,2,54406205,,6,4,2,*,*,*,*,*,*,*,*,*,*,*,*,*,*,*,*,*,*,*,*,*,*,*,*,*,*,*,*,*,*,3,3,*,*,*,*,*,*,*,*,*,*,*,*,*,*,*
54406205,1,,54406204,45,23,22,4,3,1,47,24,23,27,13,14,44,23,21,44,23,21,20,11,9,10,5,5,2,0,2,0,0,0,0,0,0,17,17,7,5,1,5,1,1,0,13,10,3,0,14,1,5,2
54406206,1,,54406215,65,34,31,1,1,0,68,35,33,35,19,16,65,33,32,64,33,31,33,16,17,14,5,9,3,1,2,1,0,1,0,0,0,23,23,6,7,6,2,2,1,1,19,12,7,0,19,1,3,5
54406207,0,,,136,71,65,3,2,1,133,69,64,70,35,35,132,69,63,130,68,62,63,34,29,40,18,22,17,10,7,3,2,1,0,0,0,55,55,14,16,13,9,3,0,0,41,31,10,1,44,0,12,8
54406208,0,,,208,104,104,9,3,6,199,101,98,110,59,51,193,99,94,190,97,93,89,42,47,35,15,20,9,1,8,0,0,0,0,0,0,91,91,20,41,20,7,1,1,1,69,61,8,3,57,0,13,20
54406209,0,,,204,103,101,18,9,9,186,94,92,116,63,53,181,93,88,175,91,84,70,31,39,31,12,19,11,3,8,0,0,0,1,0,1,74,74,13,23,18,13,4,2,1,61,46,15,4,47,1,9,10
54406215,2,54406206,,4,2,2,*,*,*,*,*,*,*,*,*,*,*,*,*,*,*,*,*,*,*,*,*,*,*,*,*,*,*,*,*,*,2,2,*,*,*,*,*,*,*,*,*,*,*,*,*,*,*
54406216,0,,,31,16,15,0,0,0,31,16,15,11,5,6,31,16,15,31,16,15,20,11,9,13,7,6,5,3,2,0,0,0,0,0,0,15,15,6,6,1,1,0,1,0,9,7,2,0,13,0,5,4
54406217,0,,,141,70,71,5,3,2,136,67,69,63,34,29,133,66,67,130,63,67,73,33,40,42,17,25,14,3,11,3,1,2,1,1,0,61,61,12,30,11,5,2,1,0,49,42,7,1,46,0,8,17
54406218,0,,,213,116,97,19,12,7,194,104,90,109,62,47,192,102,90,190,100,90,85,42,43,41,16,25,16,4,12,2,0,2,0,0,0,80,80,12,30,23,8,4,2,1,67,50,17,5,55,0,7,18
54406219,0,,,558,264,294,54,28,26,504,236,268,273,125,148,489,227,262,484,223,261,231,111,120,120,53,67,37,17,20,3,0,3,1,0,1,230,230,53,91,42,28,12,3,1,175,145,30,15,153,0,40,53
54406220,2,54406221,,7,4,3,*,*,*,*,*,*,*,*,*,*,*,*,*,*,*,*,*,*,*,*,*,*,*,*,*,*,*,*,*,*,4,4,*,*,*,*,*,*,*,*,*,*,*,*,*,*,*
54406221,1,,54406220;54406232,9,4,5,0,0,0,17,9,8,3,2,1,17,9,8,17,9,8,14,7,7,6,3,3,0,0,0,0,0,0,0,0,0,5,5,5,3,2,0,0,0,0,5,5,0,0,9,0,4,3
54406225,0,,,13,8,5,1,1,0,12,7,5,9,6,3,12,7,5,12,7,5,3,1,2,1,0,1,1,0,1,0,0,0,0,0,0,6,6,2,1,3,0,0,0,0,4,2,2,0,2,0,0,0
54406226,0,,,28,15,13,0,0,0,28,15,13,9,6,3,28,15,13,28,15,13,19,9,10,13,6,7,7,3,4,1,0,1,0,0,0,15,15,7,5,1,2,0,0,0,8,5,3,0,13,0,6,2
54406227,0,,,334,153,181,45,23,22,289,130,159,197,88,109,279,125,154,275,124,151,92,42,50,46,21,25,17,6,11,2,1,1,0,0,0,126,126,29,37,27,18,12,3,0,97,82,15,9,62,0,18,13
54406228,0,,,477,212,265,46,21,25,431,191,240,211,103,108,414,184,230,410,182,228,220,88,132,149,48,101,88,28,60,25,5,20,1,0,1,148,147,23,50,39,17,12,4,2,124,97,27,8,96,0,19,22
54406229,0,,,332,161,171,21,11,10,311,150,161,192,98,94,302,144,158,295,141,154,119,52,67,66,26,40,25,9,16,2,0,2,0,0,0,128,128,24,50,28,11,10,5,0,104,87,17,6,79,0,17,24
54406232,2,54406221,,1,1,0,*,*,*,*,*,*,*,*,*,*,*,*,*,*,*,*,*,*,*,*,*,*,*,*,*,*,*,*,*,*,1,1,*,*,*,*,*,*,*,*,*,*,*,*,*,*,*
54406237,0,,,101,48,53,4,3,1,97,45,52,49,22,27,93,43,50,90,41,49,48,23,25,24,8,16,12,3,9,0,0,0,0,0,0,40,40,10,14,7,4,4,1,0,30,19,11,0,32,0,8,8
54406238,0,,,239,108,131,22,8,14,217,100,117,128,63,65,209,95,114,205,94,111,89,37,52,45,16,29,18,6,12,2,1,1,0,0,0,96,96,20,38,18,11,9,0,0,76,62,14,5,62,0,13,15
54406239,0,,,171,81,90,3,1,2,168,80,88,92,47,45,163,77,86,162,77,85,76,33,43,36,12,24,18,4,14,1,1,0,0,0,0,68,68,15,19,22,9,2,1,0,53,43,10,1,47,0,14,11
54406240,0,,,54,28,26,5,0,5,49,28,21,22,13,9,49,28,21,49,28,21,27,15,12,17,9,8,8,5,3,1,1,0,0,0,0,22,22,3,11,6,1,0,0,1,19,18,1,1,15,0,1,11
54406242,2,54406251,,3,1,2,*,*,*,*,*,*,*,*,*,*,*,*,*,*,*,*,*,*,*,*,*,*,*,*,*,*,*,*,*,*,3,3,*,*,*,*,*,*,*,*,*,*,*,*,*,*,*
54406245,0,,,16,7,9,3,1,2,13,6,7,6,3,3,13,6,7,13,6,7,7,3,4,6,3,3,4,2,2,0,0,0,0,0,0,5,5,1,2,0,1,0,0,1,4,2,2,1,4,0,1,1
54406246,0,,,58,30,28,2,1,1,56,29,27,23,14,9,55,29,26,54,29,25,33,15,18,21,8,13,9,2,7,2,0,2,0,0,0,19,18,5,7,1,4,0,1,0,13,12,1,0,12,0,3,5
54406247,0,,,328,159,169,20,12,8,308,147,161,153,80,73,301,145,156,298,143,155,155,67,88,79,29,50,32,7,25,6,0,6,0,0,0,123,122,27,41,34,8,6,3,3,95,73,22,5,94,0,25,23
54406248,0,,,22,10,12,1,1,0,21,9,12,9,4,5,21,9,12,21,9,12,12,5,7,8,3,5,2,0,2,1,0,1,0,0,0,10,10,3,3,3,1,0,0,0,7,6,1,0,7,0,2,1
54406249,0,,,105,54,51,8,5,3,97,49,48,46,24,22,94,48,46,91,47,44,51,25,26,28,13,15,8,3,5,1,1,0,0,0,0,45,45,12,18,7,5,2,1,0,33,31,2,0,34,0,11,11
54406250,2,54406251,,7,3,4,*,*,*,*,*,*,*,*,*,*,*,*,*,*,*,*,*,*,*,*,*,*,*,*,*,*,*,*,*,*,4,4,*,*,*,*,*,*,*,*,*,*,*,*,*,*,*
54406251,1,,54406242;54406250,9,5,4,1,0,1,18,9,9,7,5,2,18,9,9,17,8,9,11,4,7,7,2,5,3,0,3,0,0,0,0,0,0,3,3,5,3,1,0,1,0,0,5,4,1,0,7,0,3,1
54406256,0,,,194,105,89,12,7,5,181,97,84,95,54,41,178,94,84,178,94,84,86,43,43,47,22,25,13,6,7,0,0,0,0,0,0,86,86,29,25,19,7,6,0,0,57,42,15,2,58,0,17,14
54406257,0,,,85,44,41,3,0,3,81,43,38,28,18,10,80,43,37,80,43,37,53,25,28,22,11,11,4,0,4,1,0,1,1,0,1,39,39,11,17,7,1,3,0,0,28,23,5,1,31,0,6,12
54406258,1,,54406268;54406269,368,193,175,25,12,13,348,183,165,196,107,89,342,178,164,337,174,163,152,76,76,78,36,42,33,13,20,2,0,2,0,0,0,140,140,25,50,35,24,7,2,0,118,97,21,7,93,0,16,30
54406259,0,,,71,40,31,9,5,4,62,35,27,48,29,19,58,31,27,54,27,27,14,6,8,7,3,4,3,1,2,0,0,0,0,0,0,29,29,11,5,5,6,1,1,0,18,16,2,1,10,3,4,2
54406260,0,,,16,9,7,0,0,0,16,9,7,5,3,2,16,9,7,16,9,7,11,6,5,5,3,2,2,1,1,0,0,0,0,0,0,8,8,2,5,0,1,0,0,0,6,6,0,0,7,0,2,4
54406261,0,,,48,20,28,1,1,0,47,19,28,22,9,13,47,19,28,46,19,27,25,10,15,10,2,8,4,0,4,1,0,1,0,0,0,21,21,5,6,9,1,0,0,0,16,13,3,0,17,0,4,4
54406263,0,,,91,46,45,2,1,1,89,45,44,47,26,21,89,45,44,89,45,44,42,19,23,25,11,14,9,5,4,0,0,0,0,0,0,41,38,11,18,7,1,0,1,0,27,25,2,0,31,0,10,9
54406264,0,,,150,76,74,10,6,4,140,70,70,77,42,35,136,68,68,135,67,68,63,28,35,36,15,21,15,4,11,4,1,3,0,0,0,58,57,9,28,11,4,2,3,0,48,42,6,0,36,0,6,11
54406265,0,,,85,44,41,2,1,1,83,43,40,37,17,20,81,43,38,80,43,37,46,26,20,25,14,11,10,4,6,1,0,1,0,0,0,31,31,4,13,5,6,2,1,0,27,16,11,0,27,0,3,10
54406266,0,,,584,290,294,84,39,45,498,249,249,297,155,142,478,238,240,464,233,231,201,94,107,99,42,57,38,17,21,3,0,3,3,1,2,198,194,38,60,45,32,14,4,1,155,133,22,23,116,0,29,37
54406267,0,,,169,66,103,10,8,2,159,58,101,58,30,28,156,56,100,155,56,99,101,28,73,80,20,60,55,11,44,10,0,10,0,0,0,50,49,16,14,12,4,3,0,0,33,29,4,2,30,0,9,7
54406268,2,54406258,,2,1,1,*,*,*,*,*,*,*,*,*,*,*,*,*,*,*,*,*,*,*,*,*,*,*,*,*,*,*,*,*,*,1,1,*,*,*,*,*,*,*,*,*,*,*,*,*,*,*
54406269,2,54406258,,3,1,2,*,*,*,*,*,*,*,*,*,*,*,*,*,*,*,*,*,*,*,*,*,*,*,*,*,*,*,*,*,*,2,2,*,*,*,*,*,*,*,*,*,*,*,*,*,*,*
54406270,0,,,149,71,78,13,8,5,136,63,73,69,33,36,129,60,69,127,59,68,67,30,37,45,18,27,19,11,8,1,1,0,1,1,0,55,55,11,19,11,5,7,2,0,44,33,11,3,43,0,9,13
54406271,0,,,182,88,94,17,10,7,165,78,87,103,53,50,160,76,84,158,75,83,62,25,37,33,13,20,13,5,8,5,3,2,0,0,0,70,70,15,21,17,12,4,1,0,54,44,10,1,40,0,8,8
54406272,1,,54406283,157,85,72,10,4,6,159,88,71,84,47,37,156,86,70,155,86,69,75,41,34,35,15,20,20,7,13,2,0,2,0,0,0,59,59,16,14,14,10,6,1,1,46,32,14,4,50,0,13,7
54406273,0,,,181,90,91,12,6,6,169,84,85,81,47,34,167,82,85,165,82,83,88,37,51,39,14,25,17,3,14,1,0,1,0,0,0,72,72,14,28,16,10,2,1,1,58,47,11,1,55,0,12,13
54406274,0,,,135,68,67,7,5,2,128,63,65,63,32,31,127,63,64,126,62,64,65,31,34,32,13,19,17,7,10,3,1,2,0,0,0,51,51,14,14,9,9,3,1,1,37,27,10,2,40,0,10,9
54406275,0,,,142,70,72,12,7,5,130,63,67,84,44,40,125,59,66,122,58,64,46,19,27,20,5,15,10,4,6,0,0,0,0,0,0,51,51,9,17,12,7,3,1,2,42,32,10,0,30,0,6,6
54406276,0,,,23,10,13,0,0,0,23,10,13,9,4,5,21,10,11,20,9,11,14,6,8,5,2,3,1,0,1,1,0,1,0,0,0,9,9,1,4,3,0,1,0,0,8,6,2,0,8,0,1,3
54406277,0,,,81,43,38,8,4,4,73,39,34,41,22,19,71,38,33,71,38,33,32,17,15,8,3,5,6,2,4,1,0,1,1,0,1,30,30,3,10,12,4,0,1,0,27,20,7,1,22,0,2,3
54406280,2,54406290,,4,2,2,*,*,*,*,*,*,*,*,*,*,*,*,*,*,*,*,*,*,*,*,*,*,*,*,*,*,*,*,*,*,2,2,*,*,*,*,*,*,*,*,*,*,*,*,*,*,*
54406281,2,54406291,,5,2,3,*,*,*,*,*,*,*,*,*,*,*,*,*,*,*,*,*,*,*,*,*,*,*,*,*,*,*,*,*,*,3,3,*,*,*,*,*,*,*,*,*,*,*,*,*,*,*
54406282,0,,,236,105,131,17,9,8,219,96,123,127,60,67,214,95,119,209,93,116,92,36,56,58,20,38,22,3,19,1,1,0,1,0,1,100,100,27,36,22,6,7,2,0,73,58,15,5,64,0,19,12
54406283,2,54406272,,12,7,5,*,*,*,*,*,*,*,*,*,*,*,*,*,*,*,*,*,*,*,*,*,*,*,*,*,*,*,*,*,*,3,3,*,*,*,*,*,*,*,*,*,*,*,*,*,*,*
54406285,0,,,42,19,23,5,4,1,37,15,22,22,10,12,36,14,22,36,14,22,15,5,10,10,3,7,4,1,3,0,0,0,0,0,0,15,15,5,3,2,2,2,0,1,10,5,5,2,11,0,5,1
54406286,0,,,188,96,92,9,5,4,179,91,88,85,45,40,176,90,86,176,90,86,94,46,48,55,21,34,27,8,19,2,1,1,0,0,0,76,76,18,29,15,7,4,2,1,58,41,17,1,64,0,16,17
54406287,0,,,28,13,15,2,1,1,26,12,14,11,6,5,26,12,14,26,12,14,15,6,9,9,3,6,8,3,5,0,0,0,0,0,0,11,11,3,4,1,2,0,1,0,8,6,2,1,9,0,3,2
54406288,2,54406298,,3,2,1,*,*,*,*,*,*,*,*,*,*,*,*,*,*,*,*,*,*,*,*,*,*,*,*,*,*,*,*,*,*,2,2,*,*,*,*,*,*,*,*,*,*,*,*,*,*,*
54406289,0,,,385,194,191,33,19,14,352,175,177,176,92,84,339,167,172,333,163,170,176,83,93,92,39,53,42,16,26,2,0,2,2,0,2,154,154,41,53,25,21,10,2,2,111,94,17,3,116,0,30,35
54406290,1,,54406280,39,20,19,3,2,1,40,20,20,19,11,8,39,20,19,39,20,19,21,9,12,9,2,7,6,1,5,1,0,1,0,0,0,19,19,9,7,2,2,0,1,0,12,9,3,1,16,0,7,4
54406291,1,,54406281,91,45,46,4,1,3,85,43,42,41,21,20,83,42,41,82,42,40,44,22,22,24,9,15,10,3,7,1,0,1,0,0,0,32,32,6,12,9,4,2,1,1,27,17,10,0,26,0,5,6
54406292,0,,,35,17,18,1,0,1,34,17,17,8,4,4,34,17,17,34,17,17,26,13,13,11,5,6,5,2,3,0,0,0,0,0,0,15,15,4,6,4,0,0,0,1,11,9,2,1,14,0,4,5
54406293,0,,,159,79,80,7,3,4,152,76,76,98,51,47,149,74,75,147,74,73,54,25,29,28,12,16,12,3,9,1,0,1,0,0,0,43,42,7,18,7,5,4,0,1,35,27,8,0,31,0,5,13
54406294,0,,,84,46,38,0,0,0,84,46,38,40,24,16,83,45,38,83,45,38,44,22,22,23,10,13,10,4,6,0,0,0,0,0,0,40,40,14,14,9,0,3,0,0,26,21,5,0,31,1,11,8
54406295,0,,,140,76,64,3,1,2,137,75,62,67,37,30,134,74,60,132,73,59,70,38,32,30,16,14,15,7,8,2,1,1,0,0,0,59,59,15,21,12,9,1,1,0,44,35,9,1,44,0,10,12
54406296,0,,,27,15,12,0,0,0,27,15,12,12,8,4,27,15,12,27,15,12,15,7,8,8,4,4,2,1,1,1,0,1,0,0,0,13,13,6,2,3,2,0,0,0,7,7,0,0,10,0,4,2
54406297,0,,,33,17,16,0,0,0,31,16,15,10,6,4,31,16,15,31,16,15,21,10,11,13,6,7,6,3,3,3,1,2,0,0,0,17,17,6,8,1,2,0,0,0,10,7,3,0,12,0,4,4
54406298,1,,54406288,101,47,54,7,4,3,97,45,52,46,21,25,95,44,51,94,43,51,51,24,27,23,9,14,10,5,5,1,0,1,0,0,0,48,48,22,13,9,3,2,0,1,28,22,6,2,37,0,16,8
54406299,0,,,270,144,126,15,6,9,255,138,117,139,77,62,252,138,114,249,137,112,116,61,55,70,34,36,22,10,12,2,0,2,1,0,1,114,114,29,43,23,12,5,1,1,85,65,20,4,81,0,19,25
54406300,0,,,102,54,48,8,3,5,94,51,43,51,31,20,94,51,43,92,51,41,43,20,23,20,6,14,14,3,11,0,0,0,0,0,0,37,37,8,9,11,5,2,1,1,29,19,10,1,26,0,5,5
54406301,1,,54406302,206,94,112,20,6,14,194,92,102,107,56,51,192,91,101,190,91,99,87,36,51,47,15,32,23,4,19,0,0,0,0,0,0,75,75,15,28,11,16,5,1,2,63,44,19,5,58,0,12,18
54406302,2,54406301,,8,4,4,*,*,*,*,*,*,*,*,*,*,*,*,*,*,*,*,*,*,*,*,*,*,*,*,*,*,*,*,*,*,3,3,*,*,*,*,*,*,*,*,*,*,*,*,*,*,*
54406303,0,,,224,104,120,22,15,7,202,89,113,131,53,78,196,85,111,189,84,105,71,36,35,33,15,18,15,6,9,1,0,1,0,0,0,78,78,14,24,19,12,3,2,4,64,46,18,3,49,0,10,11
54406304,0,,,332,163,169,22,13,9,310,150,160,181,89,92,302,148,154,296,145,151,129,61,68,63,30,33,20,9,11,2,1,1,0,0,0,125,125,27,35,32,21,7,1,2,98,80,18,7,83,1,21,23
54406305,0,,,1309,634,675,169,78,91,1139,555,584,723,361,362,1088,529,559,1064,516,548,416,194,222,207,91,116,81,33,48,1,1,0,7,5,2,497,497,94,173,106,84,28,9,3,400,338,62,34,274,2,60,88
54406306,0,,,263,126,137,23,13,10,240,113,127,126,63,63,238,112,126,236,111,125,114,50,64,69,29,40,20,6,14,1,1,0,1,0,1,113,113,37,38,12,18,6,2,0,75,60,15,6,79,0,27,23
54406307,0,,,81,40,41,3,2,1,78,38,40,44,21,23,74,36,38,74,36,38,34,17,17,18,9,9,9,4,5,1,0,1,0,0,0,29,29,5,10,7,3,2,1,1,24,16,8,1,21,0,4,5
54406308,0,,,268,134,134,16,10,6,252,124,128,139,69,70,246,121,125,240,121,119,113,55,58,65,30,35,26,12,14,2,0,2,1,0,1,103,103,20,39,23,10,7,3,1,82,65,17,2,75,0,16,21
54406309,0,,,115,56,59,14,7,7,101,49,52,55,27,28,97,47,50,96,47,49,46,22,24,31,13,18,9,6,3,0,0,0,0,0,0,41,41,8,16,3,7,4,3,0,33,26,7,2,30,0,7,12
54406310,0,,,23,12,11,1,0,1,22,12,10,11,6,5,22,12,10,21,12,9,11,6,5,9,4,5,3,2,1,0,0,0,0,0,0,10,10,2,5,2,0,1,0,0,8,8,0,1,7,0,2,3
54406311,0,,,330,164,166,27,14,13,303,150,153,154,84,70,296,145,151,295,144,151,149,66,83,73,32,41,30,8,22,5,0,5,1,0,1,145,145,30,78,18,9,8,1,1,114,101,13,6,91,0,20,39
54406312,0,,,78,34,44,5,1,4,73,33,40,48,26,22,71,32,39,71,32,39,25,7,18,10,1,9,6,0,6,1,0,1,0,0,0,32,32,9,12,7,0,2,0,2,23,21,2,2,17,0,8,3
54406313,0,,,112,56,56,8,3,5,104,53,51,60,34,26,98,49,49,95,48,47,44,19,25,24,8,16,14,4,10,2,1,1,0,0,0,45,45,10,16,8,9,2,0,0,35,26,9,1,30,0,8,9
54406314,0,,,248,121,127,22,13,9,226,108,118,117,59,58,221,107,114,218,104,114,109,49,60,66,27,39,24,8,16,2,0,2,0,0,0,102,102,25,40,19,10,4,2,2,77,61,16,8,76,0,23,24
54406315,0,,,108,54,54,5,2,3,103,52,51,66,33,33,101,51,50,100,51,49,37,19,18,16,8,8,6,3,3,0,0,0,1,0,1,47,47,13,18,10,2,3,1,0,34,30,4,1,25,0,5,10
54406316,0,,,197,93,104,9,3,6,188,90,98,106,48,58,185,89,96,184,89,95,82,42,40,43,18,25,17,6,11,1,0,1,1,0,1,84,84,22,32,17,8,3,1,1,61,51,10,3,59,0,17,15
54406317,0,,,328,162,166,25,10,15,303,152,151,151,85,66,301,151,150,299,149,150,152,67,85,74,26,48,25,7,18,2,0,2,2,0,2,137,137,33,54,25,15,8,2,0,104,80,24,2,106,0,23,26
54406318,0,,,219,108,111,17,7,10,202,101,101,98,51,47,200,100,100,200,100,100,104,50,54,64,30,34,25,12,13,0,0,0,0,0,0,83,83,15,34,14,11,4,5,0,68,48,20,5,62,0,12,19
54406319,0,,,282,149,133,21,12,9,261,137,124,135,78,57,250,131,119,246,129,117,126,59,67,61,29,32,27,13,14,2,1,1,0,0,0,115,115,29,41,23,13,6,1,2,86,61,25,4,82,0,24,27
54406320,0,,,55,24,31,2,1,1,53,23,30,4,2,2,53,23,30,53,23,30,49,21,28,29,9,20,14,4,10,1,0,1,0,0,0,6,5,1,3,1,0,0,0,0,4,4,0,0,2,0,0,2
54406321,0,,,14,7,7,2,1,1,12,6,6,9,4,5,11,6,5,11,6,5,3,2,1,1,1,0,0,0,0,0,0,0,0,0,0,6,6,2,3,0,0,0,1,0,4,3,1,1,2,0,1,0
54406322,0,,,37,17,20,3,2,1,34,15,19,16,6,10,32,14,18,32,14,18,18,9,9,10,4,6,1,0,1,0,0,0,0,0,0,16,16,5,5,2,4,0,0,0,11,9,2,1,11,0,4,5
54406323,0,,,707,347,360,86,45,41,621,302,319,457,224,233,585,288,297,558,275,283,164,78,86,74,35,39,24,7,17,0,0,0,3,1,2,247,247,43,75,40,61,19,8,1,204,181,23,15,114,0,32,33
54406324,0,,,551,265,286,67,27,40,484,238,246,288,147,141,472,235,237,462,231,231,196,91,105,88,36,52,26,7,19,2,1,1,1,1,0,212,212,45,76,44,26,10,9,2,167,135,32,16,128,2,30,38
54406325,0,,,252,127,125,25,13,12,227,114,113,123,64,59,214,105,109,210,102,108,104,50,54,51,23,28,24,11,13,4,0,4,0,0,0,83,83,13,25,16,15,8,1,5,70,51,19,7,60,0,8,18
54406326,0,,,121,64,57,12,10,2,109,54,55,49,28,21,108,54,54,106,52,54,60,26,34,26,12,14,10,4,6,1,0,1,0,0,0,48,48,8,20,14,2,2,1,1,40,33,7,2,37,0,5,13
54406327,0,,,277,141,136,21,13,8,256,128,128,162,81,81,252,127,125,249,125,124,94,47,47,43,19,24,18,7,11,4,1,3,0,0,0,106,106,11,45,31,12,7,0,0,93,79,14,6,58,0,5,19
54406328,0,,,95,50,45,8,3,5,87,47,40,37,22,15,85,45,40,84,44,40,50,25,25,22,12,10,12,5,7,3,0,3,0,0,0,36,36,5,16,6,6,2,1,0,31,24,7,1,27,0,4,11
54406329,0,,,150,72,78,15,9,6,135,63,72,66,33,33,133,62,71,133,62,71,69,30,39,31,10,21,12,1,11,1,0,1,0,0,0,66,66,19,25,14,4,1,3,0,47,37,10,3,47,0,13,14
54406330,0,,,59,31,28,2,1,1,57,30,27,31,18,13,56,30,26,56,30,26,26,12,14,14,6,8,5,2,3,2,0,2,3,1,2,24,24,6,8,4,5,1,0,0,18,13,5,0,16,0,4,4
54406332,0,,,120,60,60,21,13,8,99,47,52,66,32,34,97,46,51,94,45,49,33,15,18,15,5,10,5,3,2,0,0,0,0,0,0,42,42,12,11,5,5,6,1,2,30,22,8,4,26,0,11,5
54406333,0,,,661,345,316,105,59,46,546,279,267,392,209,183,529,270,259,516,261,255,154,70,84,70,29,41,24,8,16,4,1,3,4,0,4,270,270,84,75,50,44,5,8,4,182,161,21,25,102,20,22,30
54406334,0,,,1257,603,654,133,64,69,1090,520,570,648,318,330,1049,498,551,1032,488,544,442,202,240,240,97,143,105,31,74,21,2,19,21,9,12,481,478,136,157,86,64,22,7,6,330,292,38,33,224,23,43,82
54406335,0,,,167,84,83,22,12,10,141,71,70,93,47,46,138,68,70,137,68,69,48,24,24,20,8,12,11,4,7,1,0,1,4,2,2,66,66,17,19,13,12,5,0,0,48,38,10,8,36,0,10,10
54406336,0,,,188,97,91,18,8,10,170,89,81,94,51,43,167,88,79,165,88,77,76,38,38,42,19,23,21,8,13,1,0,1,0,0,0,80,80,20,34,12,10,2,1,1,60,51,9,5,54,1,14,15
54406337,0,,,77,37,40,0,0,0,77,37,40,40,22,18,74,35,39,74,35,39,37,15,22,23,7,16,12,3,9,0,0,0,0,0,0,38,38,12,16,7,3,0,0,0,26,25,1,0,28,0,11,4
54406338,0,,,1179,563,616,129,58,71,1050,505,545,767,376,391,979,475,504,942,461,481,283,129,154,124,48,76,33,11,22,0,0,0,1,0,1,423,422,70,132,104,75,30,6,5,350,309,41,25,195,0,39,55
54406339,0,,,117,54,63,21,13,8,96,41,55,65,26,39,91,40,51,90,40,50,31,15,16,17,8,9,11,4,7,0,0,0,0,0,0,40,40,5,13,8,9,4,1,0,34,29,5,2,20,0,3,8
54406340,0,,,38,13,25,2,1,1,36,12,24,19,9,10,34,10,24,33,10,23,17,3,14,14,2,12,6,0,6,1,0,1,0,0,0,11,10,0,6,1,2,0,1,0,10,8,2,0,5,0,0,2
54406341,0,,,38,16,22,4,1,3,34,15,19,19,8,11,34,15,19,34,15,19,15,7,8,8,4,4,3,2,1,2,2,0,0,0,0,14,14,1,6,5,1,0,1,0,13,10,3,2,9,0,1,1
54406342,0,,,800,387,413,125,52,73,657,326,331,499,253,246,634,314,320,625,311,314,158,73,85,96,35,61,39,13,26,4,0,4,20,12,8,318,317,101,79,59,50,21,5,2,213,180,33,41,106,16,28,19
54406343,0,,,1912,960,952,241,117,124,1581,796,785,1070,555,515,1529,770,759,1500,753,747,511,241,270,242,110,132,81,34,47,9,1,8,21,13,8,822,821,284,231,144,107,44,10,1,518,455,63,76,326,48,71,106
54406344,0,,,415,210,205,40,21,19,368,186,182,253,131,122,354,177,177,348,174,174,115,55,60,51,23,28,21,7,14,2,1,1,5,5,0,179,179,54,61,31,21,10,2,0,122,112,10,12,76,4,17,28
54406345,0,,,20,12,8,2,1,1,18,11,7,7,4,3,18,11,7,18,11,7,11,7,4,4,3,1,1,1,0,0,0,0,0,0,0,11,11,4,6,0,1,0,0,0,7,7,0,0,7,0,2,5
54406346,0,,,273,130,143,21,15,6,252,115,137,135,63,72,245,109,136,242,108,134,117,52,65,62,24,38,22,5,17,5,1,4,0,0,0,106,106,19,40,26,14,3,3,1,86,65,21,6,74,0,13,22
54406347,0,,,123,63,60,6,4,2,117,59,58,68,36,32,112,57,55,111,57,54,49,23,26,24,9,15,6,3,3,0,0,0,0,0,0,45,45,7,15,13,6,2,1,1,38,27,11,2,32,0,6,9
54406348,0,,,1512,772,740,180,99,81,1330,672,658,975,500,475,1248,623,625,1198,592,606,355,172,183,165,75,90,47,18,29,1,0,1,2,0,2,530,530,77,182,94,115,48,10,4,450,381,69,35,250,0,48,73
54406350,0,,,527,245,282,61,36,25,466,209,257,347,163,184,432,194,238,413,185,228,119,46,73,77,27,50,50,12,38,10,0,10,0,0,0,166,163,30,36,42,41,9,4,1,133,124,9,11,47,1,16,7
54406351,0,,,370,189,181,39,23,16,328,164,164,223,115,108,318,160,158,314,157,157,105,49,56,49,19,30,15,7,8,1,1,0,8,6,2,164,164,58,48,28,25,3,0,2,103,86,17,6,76,4,23,20
54406352,0,,,1908,921,987,230,130,100,1626,758,868,1076,525,551,1573,737,836,1536,720,816,550,233,317,327,122,205,172,55,117,28,6,22,9,5,4,734,728,217,203,150,115,31,5,7,492,431,61,72,288,38,75,76
54406353,0,,,1687,835,852,186,100,86,1431,695,736,895,469,426,1395,674,721,1375,665,710,536,226,310,351,126,225,173,54,119,23,9,14,14,5,9,721,718,285,182,131,76,34,6,4,421,357,64,57,298,53,82,73
54406354,0,,,128,66,62,5,2,3,123,64,59,61,34,27,118,63,55,118,63,55,62,30,32,35,18,17,11,6,5,0,0,0,0,0,0,51,51,13,17,8,9,3,1,0,38,30,8,1,40,1,11,13
54406355,0,,,63,27,36,3,2,1,58,24,34,27,10,17,57,24,33,57,24,33,31,14,17,21,9,12,7,3,4,2,1,1,0,0,0,26,26,7,7,6,6,0,0,0,18,14,4,1,18,0,5,3
54406356,0,,,97,52,45,8,4,4,89,48,41,59,34,25,88,48,40,86,46,40,30,14,16,18,6,12,12,4,8,1,0,1,0,0,0,36,36,9,7,11,5,3,1,0,27,20,7,3,24,1,7,3
54406357,0,,,269,130,139,14,9,5,255,121,134,128,64,64,251,120,131,246,117,129,127,57,70,72,25,47,24,8,16,1,0,1,0,0,0,101,101,23,34,22,9,6,5,2,77,54,23,3,83,0,21,18
54406358,0,,,401,179,222,32,14,18,368,165,203,204,96,108,356,162,194,348,156,192,164,69,95,95,34,61,52,18,34,6,0,6,0,0,0,169,168,50,55,33,18,7,5,0,116,101,15,4,112,1,41,19
54406359,0,,,246,125,121,17,7,10,227,117,110,142,71,71,221,115,106,213,110,103,85,46,39,37,20,17,16,8,8,1,1,0,2,0,2,92,92,20,28,19,16,6,2,1,72,56,16,5,55,2,8,19
54406360,0,,,145,67,78,7,1,6,138,66,72,98,45,53,136,65,71,135,64,71,40,21,19,11,4,7,4,1,3,1,0,1,0,0,0,60,60,13,23,14,6,4,0,0,46,45,1,1,27,0,8,8
54406361,0,,,480,233,247,51,25,26,423,204,219,264,130,134,411,199,212,402,198,204,159,74,85,62,28,34,25,9,16,2,0,2,1,1,0,183,183,34,68,41,20,14,5,1,148,122,26,10,106,2,16,35
54406362,0,,,2430,1165,1265,287,125,162,2046,991,1055,1323,656,667,1983,956,1027,1944,935,1009,723,335,388,410,165,245,168,64,104,14,7,7,14,7,7,1008,1006,300,319,183,140,45,17,2,682,604,78,82,473,30,133,133
54406363,0,,,360,173,187,33,18,15,327,155,172,185,92,93,319,153,166,310,150,160,142,63,79,79,33,46,35,14,21,5,1,4,7,1,6,152,152,44,51,29,17,8,2,1,108,92,16,12,91,8,22,24
54406364,0,,,233,112,121,11,5,6,222,107,115,122,60,62,219,104,115,218,104,114,100,47,53,45,20,25,21,9,12,1,1,0,7,0,7,94,94,25,26,26,10,4,3,0,67,50,17,5,66,1,16,13
54406366,0,,,315,146,169,25,8,17,290,138,152,174,83,91,282,136,146,275,130,145,116,55,61,56,25,31,19,4,15,1,0,1,1,0,1,112,112,21,35,24,19,6,4,3,91,73,18,5,73,0,14,20
54406367,0,,,244,112,132,14,5,9,230,107,123,122,57,65,227,105,122,223,103,120,108,50,58,64,26,38,26,7,19,2,0,2,0,0,0,95,95,19,36,18,15,4,2,1,76,57,19,2,72,0,15,18
54406368,0,,,62,30,32,5,4,1,57,26,31,27,12,15,55,24,31,54,24,30,30,14,16,13,5,8,4,1,3,0,0,0,0,0,0,23,23,3,9,5,4,2,0,0,19,17,2,2,18,0,3,8
54406369,0,,,31,14,17,3,2,1,28,12,16,17,6,11,27,12,15,26,12,14,11,6,5,5,2,3,1,0,1,0,0,0,1,0,1,13,13,3,5,3,1,1,0,0,10,9,1,1,8,0,1,4
54406370,0,,,315,167,148,19,9,10,296,158,138,189,103,86,289,155,134,285,151,134,107,55,52,39,18,21,11,7,4,1,0,1,1,0,1,130,130,29,51,29,11,8,1,1,101,91,10,7,73,0,21,25
54406371,0,,,1281,626,655,136,75,61,1011,482,529,682,334,348,961,461,500,939,448,491,329,148,181,120,57,63,27,10,17,2,0,2,6,3,3,543,543,167,170,99,72,23,10,2,345,313,32,24,215,13,57,71
54406372,0,,,1150,558,592,174,74,100,948,471,477,698,360,338,906,454,452,886,443,443,250,111,139,127,59,68,35,16,19,2,0,2,17,9,8,464,464,128,132,103,67,25,8,1,331,301,30,49,170,14,44,46
54406373,0,,,138,74,64,13,8,5,125,66,59,71,42,29,122,63,59,122,63,59,54,24,30,28,12,16,17,7,10,4,1,3,0,0,0,54,54,9,23,11,7,3,0,1,45,36,9,2,33,0,7,12
54406374,0,,,186,88,98,13,4,9,173,84,89,90,49,41,166,81,85,162,77,85,83,35,48,42,16,26,17,5,12,2,0,2,0,0,0,75,75,19,23,19,8,5,0,1,55,43,12,5,55,0,17,13
54406375,0,,,186,67,119,6,3,3,180,64,116,44,27,17,178,63,115,176,61,115,136,37,99,105,24,81,79,15,64,26,0,26,0,0,0,42,41,11,13,10,4,1,1,1,30,22,8,2,35,0,11,6
54406376,0,,,224,96,128,20,15,5,204,81,123,91,42,49,199,79,120,199,79,120,113,39,74,67,16,51,49,7,42,7,1,6,0,0,0,80,78,22,25,19,3,6,2,1,55,48,7,4,56,1,18,14
54406377,0,,,137,68,69,10,6,4,127,62,65,63,31,32,124,60,64,123,59,64,64,31,33,31,15,16,12,3,9,1,0,1,1,0,1,50,50,9,17,10,10,1,2,1,41,32,9,3,36,0,6,13
54406378,0,,,271,125,146,21,9,12,250,116,134,151,72,79,244,115,129,242,115,127,99,44,55,47,19,28,22,6,16,3,1,2,1,1,0,105,105,18,42,24,14,3,2,2,87,71,16,5,66,0,13,17
54406379,0,,,69,34,35,3,1,2,66,33,33,30,15,15,63,32,31,62,31,31,36,18,18,19,10,9,7,4,3,0,0,0,0,0,0,30,30,4,19,3,2,2,0,0,26,23,3,1,22,0,3,11
54406380,0,,,152,79,73,13,9,4,139,70,69,82,42,40,136,70,66,132,69,63,57,28,29,29,13,16,7,2,5,1,1,0,0,0,0,70,70,26,22,13,4,4,0,1,44,38,6,1,41,3,16,11
54406381,0,,,244,88,156,11,6,5,233,82,151,87,42,45,227,76,151,225,74,151,146,40,106,100,20,80,76,13,63,19,0,19,13,6,7,69,66,21,20,11,9,3,2,0,45,36,9,1,39,3,7,14
54406382,0,,,426,218,208,28,18,10,398,200,198,246,131,115,387,193,194,382,189,193,152,69,83,67,23,44,24,7,17,3,0,3,2,1,1,167,167,33,66,28,29,5,6,0,134,110,24,8,104,0,23,29
54406383,0,,,158,82,76,4,3,1,154,79,75,87,46,41,148,76,72,143,73,70,67,33,34,37,17,20,17,9,8,0,0,0,1,0,1,63,63,13,23,15,7,4,1,0,50,40,10,1,44,0,10,13
54406384,0,,,104,56,48,8,4,4,96,52,44,49,28,21,94,50,44,94,50,44,47,24,23,23,11,12,3,0,3,0,0,0,0,0,0,40,40,7,17,7,5,3,0,1,33,26,7,2,30,0,6,8
54406385,0,,,39,24,15,2,2,0,37,22,15,23,15,8,37,22,15,36,22,14,14,7,7,10,5,5,4,2,2,0,0,0,0,0,0,15,15,3,5,4,2,0,1,0,12,9,3,0,9,0,1,2
54406386,0,,,97,51,46,6,4,2,91,47,44,50,26,24,91,47,44,89,47,42,41,21,20,23,11,12,9,4,5,4,2,2,1,0,1,38,38,11,7,14,4,1,0,1,27,18,9,2,26,0,9,4
54406387,0,,,34,17,17,2,1,1,32,16,16,13,6,7,31,15,16,31,15,16,19,10,9,10,4,6,3,0,3,0,0,0,0,0,0,14,14,2,6,4,2,0,0,0,12,7,5,0,13,0,2,4
54406388,0,,,230,118,112,27,12,15,203,106,97,101,57,44,202,105,97,200,103,97,102,49,53,46,20,26,22,7,15,1,0,1,1,1,0,79,79,10,29,17,11,6,5,1,69,49,20,13,63,0,6,20
54406389,0,,,180,86,94,17,7,10,163,79,84,81,43,38,163,79,84,159,77,82,82,36,46,42,15,27,14,3,11,2,0,2,0,0,0,68,68,16,20,13,14,3,0,2,52,38,14,4,51,0,13,12
54406390,0,,,18,9,9,0,0,0,18,9,9,9,3,6,18,9,9,18,9,9,9,6,3,3,2,1,1,1,0,0,0,0,0,0,0,8,8,2,3,2,1,0,0,0,6,6,0,0,7,0,2,2
54406391,0,,,19,9,10,0,0,0,19,9,10,13,6,7,18,9,9,17,8,9,6,3,3,2,2,0,1,1,0,0,0,0,5,2,3,10,10,6,2,1,0,0,1,0,4,3,1,0,4,2,1,1
54406392,0,,,188,92,96,14,8,6,174,84,90,91,46,45,169,82,87,166,81,85,83,38,45,54,24,30,15,5,10,2,0,2,1,0,1,75,75,21,22,16,9,4,2,1,54,42,12,2,55,0,18,15
54406393,0,,,155,77,78,5,3,2,150,74,76,75,40,35,143,70,73,140,70,70,75,34,41,37,14,23,17,6,11,2,0,2,0,0,0,58,58,11,18,17,8,1,2,1,47,37,10,1,46,0,8,10
54406394,0,,,82,39,43,12,4,8,70,35,35,47,24,23,63,32,31,63,32,31,23,11,12,15,8,7,8,3,5,0,0,0,0,0,0,29,29,4,13,1,8,1,2,0,25,21,4,1,13,0,3,5
54406395,0,,,155,79,76,14,8,6,141,71,70,77,42,35,138,69,69,136,67,69,64,29,35,33,11,22,16,4,12,0,0,0,2,1,1,58,58,16,14,13,8,2,5,0,42,28,14,4,44,0,12,6
54406396,0,,,55,27,28,1,0,1,54,27,27,24,12,12,54,27,27,54,27,27,30,15,15,14,5,9,8,2,6,1,0,1,0,0,0,26,26,9,9,5,2,1,0,0,17,11,6,0,19,0,8,4
54406397,0,,,31,17,14,5,2,3,26,15,11,13,7,6,25,14,11,25,14,11,13,8,5,6,3,3,3,2,1,0,0,0,0,0,0,11,11,3,2,3,1,1,1,0,8,6,2,1,9,0,3,2
54406398,0,,,159,79,80,12,9,3,147,70,77,76,37,39,143,68,75,142,68,74,71,33,38,42,18,24,13,7,6,2,0,2,0,0,0,65,65,11,29,13,10,1,1,0,54,41,13,4,46,0,9,13
54406399,0,,,239,124,115,20,13,7,219,111,108,111,56,55,214,108,106,212,106,106,108,55,53,57,24,33,22,7,15,2,1,1,1,0,1,91,91,18,36,20,6,5,3,3,73,56,17,2,71,1,15,19
54406400,0,,,247,121,126,11,5,6,236,116,120,130,68,62,228,112,116,226,111,115,106,48,58,64,26,38,25,7,18,2,0,2,0,0,0,98,98,20,39,15,18,4,2,0,77,56,21,2,74,0,15,21
54406401,0,,,447,217,230,46,26,20,401,191,210,234,118,116,391,188,203,389,188,201,167,73,94,105,43,62,49,17,32,6,1,5,4,4,0,164,161,30,60,40,19,8,3,1,130,112,18,18,87,7,16,26
54406402,0,,,280,134,146,14,8,6,265,126,139,148,74,74,261,125,136,260,125,135,117,52,65,67,25,42,30,9,21,0,0,0,0,0,0,123,123,32,45,32,10,3,0,1,90,73,17,6,76,1,15,24
54406403,0,,,155,73,82,14,5,9,141,68,73,83,42,41,137,64,73,133,62,71,58,26,32,29,10,19,15,8,7,0,0,0,0,0,0,67,67,18,27,12,5,3,2,0,49,41,8,3,45,0,15,12
54406404,0,,,245,100,145,5,4,1,240,96,144,88,39,49,237,96,141,234,94,140,152,57,95,94,31,63,42,7,35,6,0,6,0,0,0,83,80,11,36,22,8,2,0,1,69,61,8,3,64,0,8,23
54406405,0,,,175,81,94,13,5,8,161,76,85,92,45,47,154,71,83,152,70,82,69,31,38,38,15,23,8,1,7,0,0,0,0,0,0,71,71,17,23,17,10,3,1,0,54,44,10,0,47,0,13,15
54406406,0,,,271,133,138,19,11,8,252,122,130,137,67,70,245,120,125,240,117,123,115,55,60,57,27,30,16,8,8,1,1,0,1,0,1,108,108,20,46,19,15,6,2,0,87,76,11,6,76,2,15,29
54406407,0,,,536,261,275,45,20,25,489,240,249,327,163,164,478,235,243,473,232,241,162,77,85,63,25,38,25,10,15,4,1,3,4,4,0,223,223,43,91,57,23,6,3,0,178,160,18,18,103,6,19,36
54406408,0,,,4614,2304,2310,459,234,225,4085,2037,2048,2754,1427,1327,3946,1955,1991,3844,1911,1933,1331,610,721,725,330,395,171,77,94,14,2,12,19,4,15,2055,2053,707,643,353,248,82,16,4,1331,1203,128,119,899,65,272,278
54406409,0,,,2273,1248,1025,196,109,87,2034,1114,920,1432,840,592,1987,1086,901,1950,1065,885,602,274,328,326,142,184,96,41,55,4,1,3,20,14,6,1106,1105,485,297,176,101,29,14,3,616,546,70,56,413,144,105,110
54406410,0,,,175,88,87,20,11,9,155,77,78,88,44,44,149,74,75,148,74,74,67,33,34,38,19,19,13,6,7,2,1,1,0,0,0,64,64,12,24,10,9,6,2,1,52,45,7,3,42,0,11,15
54406411,0,,,84,46,38,6,4,2,78,42,36,38,22,16,75,40,35,75,40,35,40,20,20,18,9,9,5,2,3,0,0,0,0,0,0,33,33,3,18,6,3,3,0,0,30,28,2,1,25,0,3,11
54406412,0,,,27,15,12,0,0,0,27,15,12,9,5,4,27,15,12,27,15,12,18,10,8,7,4,3,1,1,0,0,0,0,0,0,0,14,14,4,7,3,0,0,0,0,10,10,0,0,11,0,3,5
54406413,0,,,443,229,214,35,17,18,408,212,196,253,136,117,392,201,191,386,196,190,155,76,79,86,42,44,24,14,10,2,1,1,1,1,0,151,150,30,51,32,21,8,5,3,120,99,21,7,103,1,25,31
54406414,0,,,353,187,166,24,11,13,329,176,153,174,100,74,324,172,152,320,168,152,155,76,79,88,41,47,35,15,20,2,1,1,0,0,0,133,133,27,49,22,20,10,3,2,104,78,26,6,95,0,20,29
54406415,0,,,354,176,178,31,17,14,323,159,164,171,86,85,317,154,163,312,152,160,152,73,79,70,35,35,28,8,20,4,0,4,0,0,0,133,133,22,45,33,24,7,2,0,110,89,21,2,99,0,19,31
54406416,0,,,429,208,221,37,20,17,391,188,203,191,87,104,387,187,200,383,185,198,200,101,99,91,42,49,25,11,14,1,1,0,0,0,0,177,177,39,70,37,20,7,4,0,137,114,23,11,135,0,33,45
54406417,0,,,1696,817,879,147,76,71,1543,740,803,1039,511,528,1486,716,770,1456,703,753,504,229,275,286,118,168,96,36,60,12,2,10,44,21,23,715,707,224,234,130,71,35,9,4,477,427,50,40,288,48,79,92
54406418,0,,,2836,1392,1444,252,127,125,2539,1246,1293,1532,817,715,2470,1211,1259,2415,1187,1228,1007,429,578,600,251,349,197,64,133,29,2,27,10,5,5,1059,1055,320,328,221,128,45,9,4,732,652,80,65,498,26,123,160
54406419,0,,,3079,1649,1430,226,107,119,2732,1486,1246,1844,1085,759,2666,1458,1208,2597,1435,1162,888,401,487,456,193,263,120,41,79,7,1,6,30,16,14,1610,1606,899,352,190,125,28,6,6,699,627,72,54,539,189,193,154
54406420,0,,,2044,986,1058,182,95,87,1862,891,971,1412,660,752,1816,865,951,1780,848,932,450,231,219,162,63,99,52,13,39,5,0,5,3,1,2,752,751,76,307,196,118,44,9,1,673,610,63,54,305,1,37,109
54406421,0,,,845,404,441,141,61,80,704,343,361,483,238,245,680,330,350,671,325,346,221,105,116,102,48,54,43,17,26,5,2,3,1,1,0,301,301,43,95,75,61,19,8,0,257,226,31,38,139,0,27,44
54406422,0,,,975,463,512,131,65,66,842,396,446,516,253,263,828,386,442,817,381,436,326,143,183,184,76,108,67,20,47,6,3,3,3,2,1,412,411,117,142,84,45,16,7,0,286,254,32,55,199,11,59,69
54406423,0,,,261,126,135,27,16,11,234,110,124,134,66,68,225,103,122,221,101,120,100,44,56,54,23,31,15,4,11,2,0,2,0,0,0,105,105,23,37,22,19,2,2,0,82,74,8,5,66,0,19,19
54406424,0,,,218,103,115,24,14,10,194,89,105,104,49,55,187,86,101,184,86,98,90,40,50,47,18,29,15,5,10,3,2,1,1,0,1,82,82,14,32,15,13,5,3,0,67,54,13,7,59,0,10,14
54406425,0,,,398,182,216,41,19,22,357,163,194,183,84,99,350,159,191,346,157,189,174,79,95,93,38,55,36,14,22,4,3,1,2,2,0,159,159,34,66,23,26,4,3,3,125,104,21,10,112,0,27,43
54406426,0,,,1416,717,699,68,36,32,1348,681,667,690,327,363,1329,672,657,1315,663,652,658,354,304,179,93,86,40,19,21,0,0,0,4,0,4,594,594,91,292,133,56,15,6,1,499,459,40,20,428,0,66,202
54406427,0,,,688,341,347,32,14,18,650,326,324,327,175,152,638,322,316,623,315,308,323,151,172,205,95,110,37,16,21,1,1,0,6,5,1,291,291,73,107,69,23,15,2,2,217,180,37,7,209,8,46,74
54406428,0,,,456,216,240,20,8,12,433,207,226,212,103,109,428,204,224,418,200,218,221,104,117,140,72,68,20,9,11,0,0,0,1,0,1,192,192,39,81,47,15,6,4,0,153,133,20,2,136,0,24,57
54406429,0,,,3707,1846,1861,352,192,160,3287,1625,1662,1973,1049,924,3179,1563,1616,3120,1534,1586,1314,576,738,772,343,429,201,75,126,29,7,22,22,9,13,1648,1644,548,572,272,176,55,18,3,1080,972,108,95,794,87,189,296
54406430,1,,54406440,485,239,246,55,31,24,437,213,224,260,128,132,427,205,222,423,203,220,177,85,92,101,45,56,37,14,23,3,1,2,1,0,1,182,181,42,63,34,28,12,4,1,141,114,27,20,105,0,31,28
54406431,0,,,533,256,277,37,19,18,494,236,258,246,123,123,482,229,253,476,226,250,248,113,135,152,61,91,74,29,45,9,1,8,1,0,1,216,215,57,78,51,24,4,1,0,152,131,21,16,135,2,38,43
54406432,0,,,1948,956,992,236,123,113,1687,816,871,1028,556,472,1658,802,856,1635,795,840,659,260,399,413,131,282,232,55,177,57,8,49,20,11,9,799,796,297,212,158,96,27,6,0,495,439,56,85,313,26,90,83
54406433,0,,,397,192,205,26,13,13,371,179,192,196,95,101,361,175,186,352,170,182,175,84,91,92,37,55,28,10,18,1,0,1,0,0,0,149,149,25,53,37,21,8,4,1,124,94,30,6,114,0,19,35
54406434,0,,,233,123,110,10,5,5,223,118,105,114,65,49,219,117,102,216,114,102,109,53,56,68,32,36,24,11,13,0,0,0,0,0,0,90,90,15,34,21,13,7,0,0,74,59,15,2,73,0,13,20
54406435,0,,,273,109,164,11,6,5,262,103,159,76,35,41,257,101,156,256,101,155,186,68,118,146,48,98,85,21,64,15,4,11,1,0,1,83,82,22,30,22,5,2,1,0,58,49,9,3,61,0,18,21
54406436,0,,,796,393,403,56,33,23,740,360,380,371,177,194,723,350,373,711,344,367,369,183,186,117,53,64,39,7,32,7,1,6,0,0,0,325,325,56,148,71,33,7,7,3,269,226,43,18,236,0,39,96
54406437,0,,,66,35,31,4,2,2,62,33,29,31,18,13,61,33,28,60,32,28,31,15,16,17,8,9,6,4,2,0,0,0,0,0,0,28,28,5,12,9,1,0,1,0,23,21,2,1,18,0,3,6
54406438,0,,,1510,740,770,105,54,51,1398,683,715,783,380,403,1366,667,699,1344,658,686,615,303,312,182,93,89,40,16,24,6,1,5,3,1,2,633,633,112,304,122,65,20,6,4,518,460,58,21,392,3,63,184
54406439,0,,,4301,2056,2245,383,192,191,3864,1840,2024,2313,1167,1146,3757,1784,1973,3678,1743,1935,1551,673,878,939,403,536,198,62,136,17,1,16,16,7,9,1950,1948,655,666,347,200,62,16,2,1277,1140,137,105,1013,50,317,318
54406440,2,54406430,,7,5,2,*,*,*,*,*,*,*,*,*,*,*,*,*,*,*,*,*,*,*,*,*,*,*,*,*,*,*,*,*,*,3,3,*,*,*,*,*,*,*,*,*,*,*,*,*,*,*
54406441,0,,,1898,908,990,238,115,123,1652,788,864,973,483,490,1615,771,844,1594,760,834,679,305,374,399,174,225,107,40,67,8,3,5,3,0,3,775,775,193,265,162,105,37,8,5,577,500,77,72,466,5,128,130
54406442,0,,,1880,919,961,201,107,94,1660,803,857,1059,536,523,1603,771,832,1570,753,817,601,267,334,349,140,209,142,49,93,14,0,14,36,23,13,803,802,275,243,141,108,23,8,4,521,471,50,61,366,31,119,108
54406443,0,,,436,212,224,37,16,21,399,196,203,210,111,99,390,190,200,386,187,199,189,85,104,98,41,57,37,12,25,3,0,3,2,0,2,172,172,37,54,46,25,8,1,1,132,104,28,10,121,1,27,24
54406444,0,,,132,65,67,9,4,5,123,61,62,70,38,32,121,60,61,117,57,60,53,23,30,25,8,17,11,1,10,0,0,0,0,0,0,48,48,14,11,11,4,2,5,1,34,23,11,2,37,0,13,7
54406445,0,,,482,244,238,42,24,18,440,220,220,218,110,108,424,209,215,415,204,211,222,110,112,104,52,52,34,14,20,1,0,1,1,1,0,193,193,39,82,33,21,13,4,1,154,136,18,10,141,0,32,57
54406446,0,,,183,91,92,14,7,7,169,84,85,99,46,53,167,84,83,166,83,83,70,38,32,28,13,15,4,3,1,0,0,0,1,1,0,76,76,17,31,15,9,1,3,0,59,49,10,3,49,0,9,20
54406448,0,,,2551,1265,1286,141,67,74,2403,1197,1206,1025,551,474,2352,1177,1175,2315,1156,1159,1378,646,732,827,433,394,115,57,58,6,1,5,2,0,2,1102,1102,228,520,201,101,41,7,4,873,794,79,23,846,5,165,362
54406449,0,,,3893,1995,1898,429,227,202,3390,1731,1659,2230,1221,1009,3300,1687,1613,3235,1644,1591,1160,510,650,687,299,388,197,71,126,13,1,12,23,13,10,1798,1795,706,508,305,209,48,14,5,1079,968,111,139,738,178,211,248
54406450,0,,,209,92,117,23,17,6,186,75,111,90,50,40,178,70,108,171,66,105,96,25,71,78,17,61,49,6,43,12,0,12,2,2,0,55,54,15,12,9,12,4,1,1,39,32,7,6,26,2,8,7
54406451,0,,,2158,1021,1137,248,129,119,1908,890,1018,1151,566,585,1854,864,990,1812,849,963,757,324,433,427,172,255,129,46,83,15,1,14,12,2,10,899,898,260,294,175,108,45,12,4,637,549,88,68,508,12,156,136
54406452,0,,,1371,697,674,202,121,81,1165,573,592,777,391,386,1127,554,573,1106,546,560,388,182,206,190,95,95,50,21,29,3,1,2,17,15,2,549,549,135,183,106,88,26,8,3,409,364,45,70,251,16,57,95
54406453,0,,,2843,1344,1499,379,177,202,2464,1167,1297,2046,973,1073,2355,1116,1239,2286,1083,1203,418,194,224,170,67,103,48,12,36,3,0,3,4,2,2,1041,1041,132,355,283,210,55,5,1,908,846,62,77,292,0,56,91
54406454,0,,,188,95,93,5,3,2,183,92,91,85,43,42,181,91,90,179,89,90,98,49,49,53,25,28,21,10,11,1,0,1,0,0,0,87,87,26,38,11,7,5,0,0,61,50,11,1,66,0,21,20
54406455,1,,54406456,103,50,53,10,5,5,97,46,51,53,23,30,97,46,51,95,45,50,44,23,21,19,8,11,5,2,3,0,0,0,1,1,0,42,42,7,18,11,5,1,1,0,36,33,3,2,29,0,5,10
54406456,2,54406455,,4,1,3,*,*,*,*,*,*,*,*,*,*,*,*,*,*,*,*,*,*,*,*,*,*,*,*,*,*,*,*,*,*,1,1,*,*,*,*,*,*,*,*,*,*,*,*,*,*,*
54406458,0,,,1394,690,704,91,50,41,1298,638,660,518,274,244,1269,618,651,1251,607,644,780,364,416,471,257,214,35,13,22,3,0,3,1,1,0,602,602,118,286,123,49,19,5,2,484,457,27,17,478,0,100,218
54406459,0,,,4085,1998,2087,460,245,215,3568,1733,1835,2451,1250,1201,3457,1685,1772,3391,1659,1732,1117,483,634,566,234,332,137,42,95,11,2,9,55,28,27,1868,1866,671,581,317,227,54,12,4,1180,1093,87,126,784,65,271,217
54406461,0,,,1448,694,754,125,65,60,1322,629,693,762,376,386,1280,613,667,1255,605,650,560,253,307,304,122,182,98,34,64,9,0,9,3,2,1,633,633,180,229,128,67,19,7,3,449,394,55,35,387,2,120,103
54406462,0,,,450,219,231,55,23,32,395,196,199,260,129,131,384,191,193,383,191,192,135,67,68,67,34,33,17,8,9,1,1,0,10,5,5,198,198,60,66,37,29,5,1,0,137,129,8,22,93,6,34,29
54406463,0,,,234,114,120,11,7,4,223,107,116,116,58,58,220,104,116,216,104,112,107,49,58,55,22,33,20,7,13,1,0,1,0,0,0,99,99,15,43,32,8,1,0,0,84,72,12,0,66,0,11,25
54406464,1,,54406465;54406475,63,33,30,1,0,1,70,36,34,28,17,11,70,36,34,70,36,34,42,19,23,25,9,16,11,4,7,0,0,0,0,0,0,33,33,18,12,6,0,1,1,0,20,16,4,0,28,0,13,9
54406465,2,54406464,,6,2,4,*,*,*,*,*,*,*,*,*,*,*,*,*,*,*,*,*,*,*,*,*,*,*,*,*,*,*,*,*,*,4,4,*,*,*,*,*,*,*,*,*,*,*,*,*,*,*
54406468,0,,,335,172,163,9,5,4,326,167,159,140,79,61,325,166,159,323,165,158,186,88,98,103,47,56,32,13,19,3,1,2,0,0,0,61,57,13,23,12,7,1,1,0,44,40,4,1,38,0,10,16
54406469,0,,,3421,1722,1699,399,207,192,2959,1488,1471,2025,1056,969,2846,1432,1414,2797,1409,1388,934,432,502,474,200,274,138,48,90,13,4,9,25,15,10,1534,1532,560,427,272,216,44,10,3,956,866,90,120,629,72,186,177
54406470,0,,,99,47,52,3,2,1,96,45,51,35,15,20,96,45,51,96,45,51,61,30,31,34,15,19,12,6,6,1,0,1,0,0,0,46,46,12,22,7,3,2,0,0,34,29,5,1,38,0,8,14
54406471,0,,,93,43,50,13,7,6,80,36,44,50,22,28,76,35,41,76,35,41,30,14,16,16,6,10,8,4,4,0,0,0,0,0,0,35,35,5,16,5,5,3,1,0,30,25,5,2,19,0,2,8
54406472,0,,,357,170,187,42,16,26,315,154,161,168,88,80,301,148,153,296,145,151,147,66,81,83,33,50,24,5,19,3,0,3,1,1,0,136,135,34,43,26,21,8,3,0,99,83,16,6,93,0,27,27
54406473,1,,54406474,334,160,174,23,13,10,321,150,171,112,55,57,317,148,169,315,147,168,209,95,114,138,54,84,83,27,56,10,0,10,1,0,1,104,103,19,52,17,14,2,1,1,86,74,12,5,75,0,15,34
54406474,2,54406473,,10,3,7,*,*,*,*,*,*,*,*,*,*,*,*,*,*,*,*,*,*,*,*,*,*,*,*,*,*,*,*,*,*,3,3,*,*,*,*,*,*,*,*,*,*,*,*,*,*,*
54406475,2,54406464,,2,1,1,*,*,*,*,*,*,*,*,*,*,*,*,*,*,*,*,*,*,*,*,*,*,*,*,*,*,*,*,*,*,1,1,*,*,*,*,*,*,*,*,*,*,*,*,*,*,*
54406478,0,,,577,277,300,32,16,16,542,260,282,279,131,148,530,254,276,521,248,273,263,129,134,107,52,55,21,10,11,2,0,2,1,0,1,242,242,40,120,47,24,7,3,1,202,179,23,6,166,1,28,78
54406479,0,,,3203,1558,1645,403,225,178,2789,1330,1459,1825,906,919,2667,1269,1398,2609,1243,1366,964,424,540,534,219,315,148,42,106,20,0,20,20,11,9,1283,1278,308,462,253,184,55,11,5,960,887,73,91,573,18,143,213
54406480,0,,,82,43,39,2,1,1,80,42,38,45,21,24,78,41,37,77,41,36,35,21,14,21,12,9,8,5,3,0,0,0,0,0,0,35,35,9,10,12,3,1,0,0,26,23,3,1,26,0,9,7
54406482,0,,,418,197,221,35,14,21,382,182,200,176,81,95,371,177,194,366,174,192,206,101,105,96,55,41,15,4,11,2,0,2,0,0,0,161,161,30,69,28,15,11,5,3,131,111,20,7,124,0,21,51
54406483,0,,,463,237,226,22,11,11,441,226,215,252,132,120,431,221,210,425,218,207,189,94,95,95,49,46,36,13,23,6,1,5,2,0,2,182,182,36,65,49,17,9,5,1,146,118,28,3,126,0,22,34
54406484,0,,,51,27,24,5,4,1,46,23,23,26,14,12,45,23,22,45,23,22,20,9,11,15,7,8,8,4,4,0,0,0,0,0,0,20,20,2,12,1,3,2,0,0,18,15,3,0,11,0,1,6
54406488,0,,,329,160,169,21,10,11,308,150,158,219,108,111,301,147,154,299,146,153,89,42,47,17,10,7,3,2,1,0,0,0,1,0,1,133,133,18,58,39,13,4,1,0,115,110,5,6,57,0,13,18
54406489,0,,,1625,779,846,168,89,79,1452,688,764,814,412,402,1407,663,744,1371,644,727,638,276,362,364,166,198,101,44,57,10,4,6,9,5,4,680,679,172,256,125,84,32,10,0,504,448,56,37,409,5,107,146
54406490,0,,,61,29,32,5,4,1,56,25,31,34,16,18,56,25,31,55,24,31,22,9,13,13,5,8,9,3,6,0,0,0,0,0,0,23,23,4,10,3,3,2,1,0,19,16,3,1,14,0,4,5
54406491,0,,,27,15,12,0,0,0,27,15,12,13,10,3,27,15,12,27,15,12,14,5,9,5,1,4,4,1,3,0,0,0,0,0,0,10,10,1,3,5,0,1,0,0,9,8,1,0,9,0,1,1
54406492,0,,,42,20,22,0,0,0,42,20,22,21,10,11,42,20,22,42,20,22,21,10,11,10,4,6,6,2,4,0,0,0,0,0,0,17,17,3,8,2,3,1,0,0,13,11,2,0,13,0,3,5
54406493,0,,,229,120,109,11,8,3,218,112,106,121,65,56,215,110,105,212,107,105,97,47,50,60,27,33,21,9,12,1,0,1,0,0,0,95,95,19,44,12,16,2,2,0,74,66,8,2,64,1,13,24
54406494,0,,,21,9,12,2,0,2,19,9,10,13,6,7,19,9,10,18,9,9,6,3,3,3,1,2,1,0,1,0,0,0,0,0,0,7,7,0,2,3,2,0,0,0,7,7,0,1,4,0,0,1
54406498,0,,,23,14,9,0,0,0,23,14,9,9,6,3,23,14,9,22,13,9,14,8,6,9,5,4,2,2,0,0,0,0,0,0,0,15,15,8,6,1,0,0,0,0,7,7,0,0,10,0,4,4
54406499,0,,,1377,667,710,64,32,32,1311,634,677,549,283,266,1288,620,668,1276,614,662,762,351,411,473,239,234,60,28,32,3,0,3,4,0,4,609,609,121,309,111,44,20,1,3,488,445,43,13,461,2,86,223
54406500,0,,,309,176,133,27,12,15,271,158,113,198,123,75,266,155,111,256,150,106,73,35,38,36,14,22,6,2,4,1,1,0,6,4,2,159,159,80,38,14,24,3,0,0,79,68,11,8,48,15,9,17
54406510,0,,,2373,1263,1110,229,118,111,2097,1124,973,1574,906,668,2037,1093,944,1987,1070,917,523,218,305,271,102,169,93,29,64,5,1,4,36,16,20,1187,1186,571,281,171,118,37,5,3,604,544,60,55,359,114,112,84
54406520,0,,,2390,1213,1177,275,126,149,2063,1060,1003,1374,760,614,2000,1025,975,1956,1002,954,689,300,389,365,148,217,116,43,73,14,3,11,14,5,9,1059,1057,398,286,185,132,39,16,1,658,577,81,70,438,70,124,136
54406530,0,,,3686,1810,1876,422,223,199,3231,1573,1658,2046,1038,1008,3127,1538,1589,3064,1509,1555,1185,535,650,708,314,394,170,68,102,6,1,5,29,18,11,1555,1554,448,522,295,200,57,24,8,1090,953,137,109,775,51,196,258
54406540,0,,,4467,2150,2317,576,291,285,3844,1842,2002,2537,1295,1242,3722,1779,1943,3650,1741,1909,1307,547,760,721,285,436,220,66,154,30,5,25,55,21,34,1852,1851,555,567,365,265,75,19,5,1287,1173,114,178,820,36,275,242
54406541,0,,,131,67,64,8,4,4,122,63,59,87,44,43,119,61,58,114,60,54,35,19,16,28,16,12,9,5,4,0,0,0,2,0,2,61,61,25,15,12,6,2,1,0,35,28,7,4,26,1,14,4
54406550,0,,,4276,2217,2059,469,240,229,3734,1948,1786,2543,1400,1143,3602,1884,1718,3547,1855,1692,1191,548,643,635,287,348,167,56,111,10,0,10,75,37,38,2040,2040,858,544,326,232,64,13,3,1168,1066,102,118,833,119,288,229
54406551,0,,,1707,844,863,139,74,65,1532,755,777,901,478,423,1500,737,763,1474,728,746,631,277,354,360,158,202,129,45,84,11,1,10,23,15,8,824,824,320,271,130,76,17,6,4,504,451,53,33,429,32,126,140
54406560,1,,54406561,3229,1652,1577,279,134,145,2875,1489,1386,1850,1027,823,2798,1445,1353,2759,1419,1340,1025,462,563,580,234,346,204,68,136,21,7,14,45,20,25,1589,1586,738,437,225,119,53,14,2,835,747,88,77,640,118,221,180
54406561,2,54406560,,5,3,2,*,*,*,*,*,*,*,*,*,*,*,*,*,*,*,*,*,*,*,*,*,*,*,*,*,*,*,*,*,*,2,2,*,*,*,*,*,*,*,*,*,*,*,*,*,*,*
54406570,0,,,4436,2269,2167,455,246,209,3835,1955,1880,2616,1414,1202,3710,1885,1825,3611,1832,1779,1219,541,678,656,265,391,197,68,129,23,4,19,51,23,28,2204,2200,1032,560,325,205,56,9,13,1152,1043,109,108,836,195,305,217
54406571,0,,,1120,597,523,124,57,67,930,509,421,713,416,297,910,499,411,882,480,402,217,93,124,110,41,69,35,11,24,0,0,0,21,4,17,586,586,309,113,90,57,16,0,1,274,243,31,32,149,109,41,43
54406580,0,,,4197,2286,1911,401,191,210,3688,2043,1645,2503,1488,1015,3610,2007,1603,3510,1951,1559,1185,555,630,625,274,351,187,58,129,14,3,11,81,51,30,2120,2115,1019,560,290,164,58,17,7,1092,976,116,110,803,317,237,253
54406581,0,,,3879,2144,1735,263,140,123,3381,1893,1488,2275,1427,848,3312,1855,1457,3231,1797,1434,1106,466,640,675,250,425,245,74,171,29,2,27,72,41,31,2245,2242,1409,431,224,132,40,5,1,819,748,71,78,658,659,202,213
54406582,0,,,348,174,174,19,10,9,310,156,154,164,102,62,306,154,152,300,151,149,146,54,92,88,27,61,39,9,30,5,1,4,5,3,2,174,172,90,46,19,12,3,0,2,82,73,9,9,75,31,19,23
54406590,0,,,2874,1500,1374,193,93,100,2668,1402,1266,1509,877,632,2484,1258,1226,2393,1190,1203,1159,525,634,810,368,442,160,79,81,14,5,9,19,11,8,1275,1272,427,475,206,116,30,13,5,842,771,71,33,743,111,197,309
54406591,0,,,3716,2021,1695,453,226,227,3146,1740,1406,2391,1379,1012,3021,1683,1338,2915,1617,1298,755,361,394,427,203,224,123,56,67,9,2,7,46,26,20,1879,1877,972,361,273,203,52,13,3,897,839,58,108,480,405,138,153
54406592,0,,,1833,930,903,162,78,84,1645,840,805,1015,569,446,1593,811,782,1553,791,762,630,271,359,342,135,207,114,30,84,5,0,5,13,5,8,854,854,338,248,134,89,33,9,3,513,456,57,33,421,50,129,131
54407000,0,,,107,61,46,6,4,2,101,57,44,54,31,23,96,54,42,95,53,42,47,26,21,20,9,11,5,0,5,1,0,1,0,0,0,39,39,4,15,9,10,0,1,0,35,26,9,1,31,0,4,8
54407001,0,,,44,22,22,0,0,0,44,22,22,25,12,13,43,22,21,42,22,20,19,10,9,8,5,3,2,1,1,1,1,0,0,0,0,16,16,3,5,3,3,2,0,0,13,8,5,0,10,0,1,3
54407002,0,,,188,89,99,19,8,11,169,81,88,101,50,51,165,80,85,162,78,84,68,31,37,35,12,23,15,3,12,1,0,1,7,2,5,63,63,8,19,15,14,3,2,2,54,39,15,4,41,1,2,10
54407003,0,,,154,80,74,11,4,7,143,76,67,78,43,35,139,74,65,136,74,62,65,33,32,28,12,16,19,6,13,0,0,0,0,0,0,52,52,9,14,13,9,4,1,2,43,30,13,3,38,0,6,6
54407004,0,,,113,48,65,9,2,7,104,46,58,67,32,35,101,45,56,101,45,56,37,14,23,16,5,11,8,1,7,0,0,0,0,0,0,37,37,5,11,9,4,7,0,1,32,19,13,3,26,0,3,3
54407005,0,,,102,52,50,11,8,3,91,44,47,56,25,31,90,43,47,88,43,45,35,19,16,16,8,8,7,4,3,0,0,0,0,0,0,35,35,3,15,8,4,3,0,2,32,22,10,4,24,0,3,5
54407006,0,,,86,42,44,9,4,5,77,38,39,42,23,19,76,37,39,74,35,39,35,15,20,18,7,11,9,3,6,1,1,0,0,0,0,23,23,3,4,4,3,7,1,1,20,9,11,4,19,0,1,2
54407007,0,,,12,6,6,0,0,0,11,6,5,6,4,2,10,6,4,10,6,4,5,2,3,3,1,2,1,0,1,0,0,0,1,0,1,7,7,3,3,1,0,0,0,0,4,4,0,0,3,0,1,2
54407008,0,,,93,50,43,6,5,1,84,45,39,41,23,18,80,41,39,79,41,38,43,22,21,23,11,12,5,1,4,0,0,0,2,0,2,38,38,12,9,8,7,1,1,0,26,17,9,1,28,0,7,7
54407009,0,,,109,56,53,10,3,7,99,53,46,50,28,22,98,52,46,97,51,46,49,25,24,25,13,12,7,3,4,1,1,0,0,0,0,47,47,13,19,8,3,2,2,0,34,26,8,1,31,0,7,11
54407010,2,54407021,,3,1,2,*,*,*,*,*,*,*,*,*,*,*,*,*,*,*,*,*,*,*,*,*,*,*,*,*,*,*,*,*,*,1,1,*,*,*,*,*,*,*,*,*,*,*,*,*,*,*
54407011,0,,,130,67,63,13,8,5,116,58,58,63,33,30,115,58,57,114,57,57,53,25,28,23,9,14,9,2,7,2,0,2,1,0,1,46,46,5,16,15,5,4,0,1,41,30,11,5,35,0,4,10
54407012,0,,,237,121,116,15,9,6,222,112,110,132,73,59,220,111,109,217,109,108,90,39,51,46,14,32,19,4,15,1,0,1,1,0,1,88,88,14,31,21,12,10,0,0,72,48,24,9,59,0,11,15
54407013,0,,,295,159,136,30,19,11,265,140,125,138,81,57,262,138,124,260,138,122,127,59,68,49,16,33,27,7,20,3,2,1,6,3,3,96,96,16,24,22,16,9,7,2,78,44,34,12,74,0,7,12
54407014,0,,,192,93,99,19,7,12,173,86,87,112,62,50,167,82,85,166,82,84,61,24,37,35,11,24,13,3,10,0,0,0,3,1,2,51,51,6,10,7,11,6,6,5,45,20,25,6,40,0,3,5
54407015,0,,,389,178,211,114,44,70,275,134,141,233,113,120,264,126,138,258,125,133,42,21,21,10,5,5,2,1,1,1,0,1,7,5,2,114,114,4,28,30,34,10,4,4,109,101,8,29,25,0,1,8
54407016,0,,,156,86,70,13,8,5,143,78,65,88,54,34,141,76,65,139,74,65,55,24,31,30,11,19,12,4,8,3,1,2,0,0,0,57,57,15,14,11,11,2,2,2,41,30,11,3,38,0,11,4
54407017,0,,,44,23,21,2,1,1,42,22,20,16,8,8,42,22,20,42,22,20,26,14,12,15,8,7,8,4,4,0,0,0,1,0,1,18,18,4,6,4,4,0,0,0,14,11,3,0,16,0,4,5
54407018,0,,,72,40,32,4,2,2,68,38,30,36,22,14,66,38,28,65,37,28,32,16,16,14,6,8,5,1,4,0,0,0,0,0,0,28,28,3,14,6,3,1,1,0,25,19,6,1,19,0,1,6
54407019,0,,,88,47,41,7,5,2,81,42,39,37,18,19,78,40,38,77,40,37,44,24,20,19,8,11,4,1,3,2,1,1,4,0,4,40,40,14,14,7,3,1,0,1,26,20,6,0,27,3,8,7
54407020,0,,,53,27,26,6,3,3,47,24,23,31,18,13,47,24,23,47,24,23,16,6,10,9,3,6,2,0,2,0,0,0,0,0,0,27,27,15,4,4,2,2,0,0,12,9,3,1,11,4,3,1
54407021,1,,54407010,182,84,98,26,11,15,159,74,85,95,47,48,157,73,84,157,73,84,64,27,37,31,9,22,13,3,10,0,0,0,0,0,0,60,60,13,11,17,8,8,1,3,48,33,15,5,43,0,6,5
54407022,0,,,132,68,64,10,6,4,122,62,60,66,35,31,120,61,59,119,61,58,56,27,29,21,6,15,7,1,6,1,0,1,2,0,2,45,45,8,13,13,5,1,2,3,37,24,13,1,36,0,7,5
54407023,0,,,84,42,42,6,3,3,78,39,39,47,24,23,72,36,36,71,36,35,31,15,16,15,6,9,4,1,3,0,0,0,3,3,0,32,32,8,10,5,5,3,1,0,24,12,12,1,20,1,2,3
54407024,0,,,294,148,146,60,28,32,234,120,114,181,93,88,223,117,106,218,115,103,53,27,26,25,12,13,8,3,5,0,0,0,9,1,8,100,100,26,13,19,30,7,5,0,74,56,18,21,36,3,7,4
54407025,0,,,436,238,198,131,77,54,305,161,144,281,152,129,297,155,142,292,151,141,24,9,15,8,1,7,4,0,4,0,0,0,1,0,1,151,151,28,35,36,32,18,2,0,121,115,6,53,18,8,2,2
54407026,0,,,117,63,54,6,2,4,111,61,50,53,29,24,111,61,50,109,60,49,58,32,26,29,15,14,12,4,8,0,0,0,0,0,0,45,45,9,15,10,7,4,0,0,36,26,10,1,36,0,6,7
54407027,0,,,52,30,22,8,5,3,44,25,19,24,14,10,44,25,19,44,25,19,20,11,9,10,5,5,4,2,2,0,0,0,1,0,1,18,18,2,6,6,2,1,0,1,16,10,6,3,12,0,1,4
54407028,2,54407039,,5,3,2,*,*,*,*,*,*,*,*,*,*,*,*,*,*,*,*,*,*,*,*,*,*,*,*,*,*,*,*,*,*,1,1,*,*,*,*,*,*,*,*,*,*,*,*,*,*,*
54407029,0,,,11,7,4,0,0,0,11,7,4,4,3,1,11,7,4,11,7,4,7,4,3,2,1,1,2,1,1,0,0,0,0,0,0,5,5,1,2,2,0,0,0,0,4,4,0,0,4,0,1,1
54407030,0,,,210,101,109,24,15,9,186,86,100,109,49,60,181,84,97,179,83,96,77,37,40,31,11,20,14,5,9,2,0,2,1,0,1,65,65,4,14,24,15,3,4,1,59,37,22,7,49,0,4,7
54407031,0,,,147,79,68,10,4,6,137,75,62,77,44,33,135,74,61,131,72,59,60,31,29,25,11,14,9,3,6,1,0,1,0,0,0,48,48,5,13,10,16,2,2,0,43,30,13,1,36,0,3,4
54407032,0,,,122,60,62,3,3,0,119,57,62,70,34,36,115,56,59,113,55,58,49,23,26,23,7,16,11,2,9,0,0,0,0,0,0,46,46,9,13,12,9,3,0,0,37,22,15,1,32,0,6,6
54407033,0,,,120,59,61,11,5,6,109,54,55,57,28,29,105,52,53,105,52,53,52,26,26,27,11,16,11,5,6,0,0,0,0,0,0,40,40,5,15,6,9,2,1,2,35,23,12,2,30,1,2,10
54407034,0,,,160,81,79,13,9,4,147,72,75,93,46,47,143,70,73,142,70,72,54,26,28,26,10,16,10,3,7,2,0,2,9,0,9,51,51,5,18,14,6,3,1,4,45,29,16,3,35,0,2,6
54407035,0,,,28,12,16,1,0,1,27,12,15,18,8,10,26,12,14,25,11,14,9,4,5,3,1,2,1,0,1,0,0,0,0,0,0,7,7,0,1,2,2,0,2,0,7,3,4,0,7,0,0,0
54407036,0,,,135,69,66,12,6,6,123,63,60,72,41,31,119,60,59,118,60,58,51,22,29,24,8,16,8,2,6,1,0,1,3,1,2,41,41,2,12,13,6,5,1,2,39,23,16,4,32,0,1,6
54407037,0,,,157,80,77,7,4,3,150,76,74,97,51,46,148,74,74,144,71,73,53,25,28,18,8,10,7,1,6,1,0,1,0,0,0,66,66,17,24,14,8,1,1,1,49,40,9,2,34,0,8,9
54407038,0,,,56,28,28,4,3,1,52,25,27,27,15,12,51,25,26,49,25,24,25,10,15,7,2,5,2,0,2,0,0,0,1,0,1,23,23,4,7,10,2,0,0,0,19,16,3,1,15,0,3,5
54407039,1,,54407028,70,38,32,1,1,0,74,40,34,34,22,12,72,38,34,72,38,34,40,18,22,22,10,12,5,1,4,1,0,1,0,0,0,31,31,9,12,6,2,2,1,0,23,17,6,0,24,0,5,7
54407040,0,,,238,116,122,15,9,6,223,107,116,121,59,62,220,105,115,215,103,112,102,48,54,47,19,28,18,7,11,1,0,1,1,0,1,82,82,9,32,21,8,6,2,4,73,52,21,4,62,0,8,18
54407041,0,,,156,77,79,10,5,5,146,72,74,88,44,44,144,71,73,141,70,71,58,28,30,32,11,21,14,2,12,2,0,2,0,0,0,50,50,7,10,14,12,5,0,2,43,26,17,4,38,0,6,2
54407042,0,,,276,136,140,23,12,11,253,124,129,150,77,73,243,116,127,242,115,127,103,47,56,52,22,30,20,5,15,1,1,0,6,0,6,102,102,25,26,25,16,4,3,3,76,53,23,4,65,2,15,10
54407043,0,,,94,46,48,9,3,6,85,43,42,38,17,21,85,43,42,85,43,42,47,26,21,18,8,10,8,4,4,0,0,0,1,0,1,39,39,10,13,10,3,2,1,0,29,22,7,3,30,0,7,8
54407044,0,,,127,63,64,8,8,0,119,55,64,63,30,33,117,55,62,117,55,62,56,25,31,31,12,19,12,2,10,1,1,0,6,0,6,50,50,13,16,7,11,1,2,0,37,26,11,3,35,3,7,8
54407045,0,,,130,61,69,21,7,14,109,54,55,68,38,30,109,54,55,109,54,55,41,16,25,22,7,15,7,2,5,0,0,0,0,0,0,38,38,1,13,8,10,1,2,3,37,22,15,6,26,0,1,5
54407046,1,,54407047,135,71,64,14,9,5,130,65,65,67,32,35,128,64,64,125,62,63,63,33,30,24,8,16,10,2,8,1,0,1,0,0,0,47,47,10,17,10,4,7,2,1,41,25,16,3,41,0,7,8
54407047,2,54407046,,9,3,6,*,*,*,*,*,*,*,*,*,*,*,*,*,*,*,*,*,*,*,*,*,*,*,*,*,*,*,*,*,*,4,4,*,*,*,*,*,*,*,*,*,*,*,*,*,*,*
54407048,1,,54407049,43,22,21,2,1,1,49,25,24,19,11,8,47,23,24,46,23,23,30,14,16,14,5,9,8,2,6,1,0,1,1,1,0,17,17,3,7,6,3,1,0,0,17,12,5,1,16,0,2,6
54407049,2,54407048,,9,5,4,*,*,*,*,*,*,*,*,*,*,*,*,*,*,*,*,*,*,*,*,*,*,*,*,*,*,*,*,*,*,3,3,*,*,*,*,*,*,*,*,*,*,*,*,*,*,*
54407050,0,,,179,90,89,16,10,6,163,80,83,98,47,51,154,76,78,149,75,74,65,33,32,27,14,13,10,5,5,0,0,0,1,0,1,52,52,5,15,7,8,11,6,0,47,22,25,6,45,0,4,7
54407051,0,,,128,57,71,20,8,12,108,49,59,64,33,31,104,48,56,102,47,55,44,16,28,21,6,15,8,1,7,0,0,0,0,0,0,40,40,9,7,7,10,2,1,4,31,17,14,2,29,0,6,3
54407052,0,,,203,105,98,23,12,11,180,93,87,115,62,53,171,87,84,166,83,83,65,31,34,28,11,17,11,2,9,0,0,0,0,0,0,63,63,12,15,9,14,4,5,4,51,33,18,1,41,0,6,7
54407053,0,,,149,72,77,19,10,9,130,62,68,78,40,38,126,59,67,121,57,64,52,22,30,19,7,12,9,2,7,1,0,1,2,1,1,47,47,6,16,6,8,7,2,2,41,28,13,4,35,0,5,11
54407054,0,,,38,16,22,2,1,1,36,15,21,21,9,12,33,14,19,33,14,19,15,6,9,7,3,4,1,0,1,0,0,0,5,0,5,15,15,8,1,2,1,1,1,1,7,5,2,0,9,4,3,1
54407055,0,,,117,60,57,18,10,8,99,50,49,55,30,25,99,50,49,99,50,49,44,20,24,15,7,8,3,2,1,0,0,0,0,0,0,43,43,5,15,14,6,2,1,0,38,35,3,4,30,0,5,8
54407056,1,,54407057,91,45,46,8,2,6,91,48,43,48,27,21,89,47,42,88,47,41,43,21,22,15,5,10,7,3,4,0,0,0,5,4,1,39,39,12,17,6,6,1,1,0,29,23,6,1,26,1,3,9
54407057,2,54407056,,8,5,3,*,*,*,*,*,*,*,*,*,*,*,*,*,*,*,*,*,*,*,*,*,*,*,*,*,*,*,*,*,*,4,4,*,*,*,*,*,*,*,*,*,*,*,*,*,*,*
54407058,0,,,45,21,24,1,0,1,44,21,23,17,7,10,44,21,23,44,21,23,27,14,13,12,5,7,6,2,4,1,0,1,0,0,0,18,18,2,8,7,0,0,1,0,16,14,2,1,15,0,2,5
54407059,2,54407069,,8,3,5,*,*,*,*,*,*,*,*,*,*,*,*,*,*,*,*,*,*,*,*,*,*,*,*,*,*,*,*,*,*,1,1,*,*,*,*,*,*,*,*,*,*,*,*,*,*,*
54407060,0,,,347,118,229,24,12,12,323,106,217,98,50,48,319,106,213,316,104,212,225,56,169,184,38,146,125,17,108,33,1,32,0,0,0,64,61,4,23,16,10,6,2,0,57,43,14,8,35,0,4,10
54407061,0,,,190,93,97,24,11,13,166,82,84,97,50,47,162,81,81,160,81,79,69,32,37,31,13,18,14,5,9,2,0,2,1,0,1,60,60,6,17,16,10,5,5,1,54,39,15,6,41,0,3,9
54407062,0,,,286,149,137,36,20,16,249,129,120,158,85,73,241,124,117,238,122,116,91,44,47,33,13,20,16,7,9,1,0,1,0,0,0,90,90,10,20,23,26,5,4,2,80,49,31,11,59,0,7,12
54407063,0,,,61,30,31,4,0,4,57,30,27,37,20,17,56,29,27,55,29,26,20,10,10,11,5,6,5,3,2,0,0,0,0,0,0,24,24,7,5,8,2,0,2,0,17,14,3,0,14,0,2,2
54407064,0,,,254,110,144,11,7,4,243,103,140,108,54,54,237,98,139,236,97,139,135,49,86,84,24,60,47,10,37,5,2,3,2,0,2,71,69,9,19,19,13,1,6,2,59,35,24,5,53,1,6,14
54407065,0,,,81,40,41,4,1,3,77,39,38,48,26,22,73,35,38,71,34,37,29,13,16,15,6,9,7,2,5,0,0,0,0,0,0,30,30,4,12,6,6,1,1,0,26,20,6,0,19,0,2,3
54407066,0,,,26,13,13,0,0,0,26,13,13,15,7,8,26,13,13,26,13,13,11,6,5,6,3,3,2,1,1,1,0,1,2,0,2,14,14,7,4,1,2,0,0,0,7,6,1,0,8,0,3,2
54407067,0,,,35,21,14,2,2,0,33,19,14,20,13,7,33,19,14,33,19,14,13,6,7,7,3,4,4,1,3,0,0,0,2,2,0,14,14,4,3,5,0,2,0,0,10,7,3,1,9,0,2,0
54407068,0,,,53,28,25,9,5,4,44,23,21,23,14,9,44,23,21,43,22,21,21,9,12,8,3,5,4,0,4,1,0,1,0,0,0,20,20,5,7,1,5,1,1,0,15,10,5,2,15,0,4,3
54407069,1,,54407059,94,44,50,8,4,4,94,43,51,59,31,28,92,43,49,89,40,49,35,12,23,23,8,15,7,1,6,0,0,0,1,0,1,35,35,7,12,8,4,2,1,2,28,20,8,2,26,0,5,4
54407070,0,,,282,136,146,32,17,15,250,119,131,145,70,75,249,119,130,244,119,125,105,49,56,38,13,25,15,3,12,1,0,1,0,0,0,93,93,11,31,22,11,12,3,3,80,55,25,8,66,0,5,13
54407071,0,,,225,118,107,20,11,9,205,107,98,126,67,59,197,100,97,193,99,94,79,40,39,44,20,24,16,8,8,0,0,0,0,0,0,79,79,16,26,9,18,4,4,2,62,42,20,4,50,0,8,17
54407072,0,,,326,166,160,31,19,12,294,146,148,212,107,105,284,142,142,272,135,137,82,39,43,29,13,16,9,1,8,1,0,1,0,0,0,126,124,38,27,31,20,4,2,2,85,67,18,7,56,3,13,8
54407073,0,,,37,18,19,0,0,0,37,18,19,21,9,12,36,17,19,36,17,19,16,9,7,7,4,3,3,2,1,0,0,0,0,0,0,15,15,2,6,5,2,0,0,0,13,11,2,0,8,0,0,5
54407074,0,,,141,66,75,10,4,6,131,62,69,74,37,37,126,60,66,123,60,63,57,25,32,29,11,18,9,1,8,2,0,2,1,0,1,48,48,8,11,13,11,3,1,1,39,31,8,0,33,0,6,5
54407075,0,,,115,61,54,15,7,8,100,54,46,63,37,26,95,50,45,94,49,45,37,17,20,20,7,13,9,3,6,0,0,0,0,0,0,41,41,10,12,7,3,8,0,1,30,20,10,5,24,0,5,7
54407076,0,,,38,20,18,5,3,2,33,17,16,25,13,12,33,17,16,33,17,16,8,4,4,3,2,1,0,0,0,0,0,0,0,0,0,15,15,4,3,5,2,1,0,0,11,11,0,2,5,0,0,1
54407078,0,,,169,86,83,12,11,1,157,75,82,85,45,40,153,73,80,152,72,80,72,30,42,24,7,17,13,4,9,1,0,1,0,0,0,59,59,8,19,19,7,1,3,2,51,36,15,4,46,0,5,8
54407079,0,,,276,134,142,27,11,16,249,123,126,157,79,78,241,119,122,235,115,120,92,44,48,46,22,24,14,9,5,1,0,1,5,4,1,100,100,16,33,24,19,4,2,2,82,64,18,7,61,0,11,13
54407080,0,,,271,108,163,19,8,11,252,100,152,108,56,52,248,97,151,246,97,149,144,44,100,106,23,83,78,10,68,13,1,12,0,0,0,51,50,4,11,10,11,7,4,3,46,27,19,5,36,0,1,5
54407081,0,,,230,116,114,23,16,7,207,100,107,123,63,60,201,98,103,197,96,101,84,37,47,36,12,24,12,3,9,0,0,0,1,0,1,77,76,8,31,15,10,6,4,2,68,47,21,5,55,0,5,17
54407082,0,,,1630,839,791,186,94,92,1427,739,688,975,537,438,1374,705,669,1346,693,653,452,202,250,213,85,128,63,16,47,7,1,6,13,8,5,694,694,236,195,131,77,33,18,4,454,379,75,54,290,63,67,78
54407083,0,,,269,129,140,27,11,16,241,117,124,136,71,65,223,106,117,219,105,114,105,46,59,56,26,30,15,5,10,4,1,3,1,0,1,84,84,14,22,21,10,5,4,8,70,41,29,2,64,0,9,12
54407084,0,,,130,65,65,11,4,7,119,61,58,87,45,42,112,58,54,107,56,51,32,16,16,13,5,8,1,0,1,1,0,1,0,0,0,51,51,11,18,12,6,2,1,1,38,34,4,3,23,1,6,6
54407085,0,,,274,136,138,21,11,10,253,125,128,172,87,85,243,122,121,237,119,118,81,38,43,38,15,23,5,2,3,1,0,1,0,0,0,98,98,24,25,20,13,10,4,2,74,60,14,7,53,0,10,9
54407086,0,,,169,93,76,12,5,7,157,88,69,110,63,47,149,83,66,147,83,64,47,25,22,14,6,8,4,2,2,0,0,0,3,0,3,60,60,14,16,12,10,4,1,3,46,34,12,2,35,0,6,3
54407087,0,,,705,331,374,54,33,21,651,298,353,396,190,206,636,289,347,620,280,340,255,108,147,139,59,80,48,19,29,3,0,3,19,1,18,271,271,69,78,58,43,12,7,4,199,148,51,11,168,10,28,33
54407088,0,,,406,212,194,45,24,21,361,188,173,212,117,95,348,180,168,344,176,168,149,71,78,78,38,40,20,6,14,0,0,0,1,0,1,138,138,21,41,31,27,11,3,4,117,91,26,14,94,1,12,25
54407089,0,,,46,25,21,6,3,3,40,22,18,23,14,9,37,20,17,36,20,16,17,8,9,6,3,3,1,0,1,0,0,0,0,0,0,13,13,0,4,3,3,2,0,1,13,8,5,2,9,0,0,1
54407090,0,,,122,56,66,15,8,7,107,48,59,66,28,38,106,48,58,106,48,58,41,20,21,20,8,12,6,1,5,1,0,1,0,0,0,37,37,2,10,9,12,0,3,1,35,22,13,3,25,0,2,3
54407091,0,,,198,92,106,21,9,12,177,83,94,99,41,58,170,82,88,169,81,88,78,42,36,34,18,16,10,7,3,0,0,0,0,0,0,73,73,19,21,12,10,8,0,3,54,40,14,5,51,0,11,15
54407092,0,,,183,76,107,21,7,14,162,69,93,112,47,65,150,65,85,142,59,83,50,22,28,21,8,13,4,2,2,0,0,0,0,0,0,70,70,14,24,17,8,5,1,1,55,50,5,4,35,0,10,6
54407093,0,,,189,93,96,19,8,11,170,85,85,100,53,47,162,80,82,159,78,81,70,32,38,29,11,18,13,6,7,1,0,1,0,0,0,69,69,16,19,17,9,3,3,2,52,38,14,2,47,0,12,7
54407094,0,,,612,310,302,66,33,33,546,277,269,413,214,199,531,267,264,517,262,255,133,63,70,46,18,28,12,2,10,1,0,1,19,18,1,240,240,52,78,57,39,8,5,1,188,167,21,17,94,17,21,23
54407095,0,,,89,49,40,16,8,8,73,41,32,55,31,24,72,41,31,72,41,31,18,10,8,5,3,2,1,1,0,0,0,0,1,1,0,31,31,7,7,8,5,2,0,2,24,16,8,8,12,0,1,2
54407096,0,,,88,42,46,11,4,7,77,38,39,39,22,17,76,37,39,76,37,39,38,16,22,14,6,8,7,2,5,0,0,0,0,0,0,30,30,6,8,8,2,3,2,1,24,18,6,2,20,0,3,6
54407097,0,,,281,138,143,28,11,17,253,127,126,153,79,74,249,126,123,239,120,119,100,48,52,41,16,25,7,3,4,2,1,1,7,2,5,114,114,31,39,22,13,4,1,4,82,63,19,6,65,4,10,20
54407098,0,,,187,99,88,25,16,9,162,83,79,104,55,49,154,77,77,151,76,75,58,28,30,22,8,14,9,2,7,0,0,0,0,0,0,65,65,15,15,13,13,6,1,2,50,34,16,3,40,0,11,7
54407099,0,,,174,87,87,9,4,5,165,83,82,93,47,46,160,82,78,156,79,77,72,36,36,38,21,17,11,3,8,2,0,2,0,0,0,84,84,30,32,12,7,2,1,0,53,46,7,3,48,0,16,17
54407100,0,,,66,32,34,5,1,4,61,31,30,44,20,24,60,31,29,60,31,29,17,11,6,9,6,3,2,2,0,0,0,0,27,14,13,40,40,25,9,3,2,0,1,0,15,13,2,2,11,9,3,5
54407101,0,,,62,30,32,6,1,5,56,29,27,24,15,9,56,29,27,56,29,27,32,14,18,17,8,9,4,2,2,1,0,1,0,0,0,23,23,5,6,8,1,2,0,1,18,13,5,2,19,0,3,5
54407102,0,,,49,26,23,3,1,2,46,25,21,19,12,7,45,24,21,44,23,21,27,13,14,12,4,8,5,1,4,0,0,0,0,0,0,23,23,6,12,2,2,1,0,0,17,14,3,1,17,0,6,6
54407103,0,,,51,25,26,2,0,2,49,25,24,24,15,9,48,25,23,46,24,22,25,10,15,15,4,11,6,2,4,0,0,0,0,0,0,21,21,4,9,4,3,1,0,0,17,15,2,1,17,0,4,4
54407104,0,,,81,42,39,11,7,4,70,35,35,34,17,17,69,34,35,68,34,34,36,18,18,18,8,10,5,1,4,0,0,0,0,0,0,31,31,7,10,6,5,2,1,0,24,19,5,0,24,0,6,6
54407105,0,,,38,24,14,9,9,0,29,15,14,18,10,8,28,15,13,28,15,13,11,5,6,8,4,4,1,0,1,0,0,0,0,0,0,15,15,5,4,2,2,1,1,0,10,8,2,1,8,0,3,2
54407106,2,54407107,,7,4,3,*,*,*,*,*,*,*,*,*,*,*,*,*,*,*,*,*,*,*,*,*,*,*,*,*,*,*,*,*,*,4,4,*,*,*,*,*,*,*,*,*,*,*,*,*,*,*
54407107,1,,54407106,30,16,14,1,1,0,36,19,17,16,10,6,34,18,16,34,18,16,20,9,11,8,3,5,1,0,1,0,0,0,0,0,0,13,13,6,6,4,0,0,0,1,11,9,2,1,15,0,6,2
54407108,0,,,89,47,42,7,3,4,82,44,38,44,25,19,80,43,37,80,43,37,38,19,19,18,10,8,7,4,3,0,0,0,1,0,1,31,31,7,9,6,4,2,2,1,24,14,10,1,25,0,5,8
54407109,0,,,114,57,57,4,2,2,110,55,55,36,20,16,109,54,55,109,54,55,74,35,39,39,19,20,13,7,6,1,0,1,0,0,0,48,47,12,19,11,2,2,1,0,35,25,10,1,40,0,6,13
54407110,0,,,162,71,91,5,2,3,157,69,88,56,34,22,157,69,88,156,68,88,101,35,66,60,15,45,42,6,36,9,0,9,0,0,0,50,49,10,22,7,6,2,1,1,39,27,12,2,38,0,7,10
54407111,0,,,37,20,17,1,0,1,36,20,16,15,9,6,36,20,16,36,20,16,21,11,10,10,4,6,3,1,2,1,1,0,0,0,0,18,18,6,7,3,2,0,0,0,12,11,1,0,16,0,5,4
54407112,2,54407122,,7,3,4,*,*,*,*,*,*,*,*,*,*,*,*,*,*,*,*,*,*,*,*,*,*,*,*,*,*,*,*,*,*,4,4,*,*,*,*,*,*,*,*,*,*,*,*,*,*,*
54407113,0,,,49,21,28,5,2,3,44,19,25,30,11,19,43,19,24,43,19,24,14,8,6,3,1,2,1,0,1,0,0,0,0,0,0,15,15,2,4,2,3,3,1,0,13,7,6,2,11,0,1,2
54407114,0,,,53,28,25,2,1,1,51,27,24,27,14,13,51,27,24,50,26,24,24,13,11,12,5,7,7,1,6,1,0,1,0,0,0,19,19,2,9,4,1,1,2,0,17,13,4,0,17,0,2,6
54407115,0,,,31,15,16,4,3,1,27,12,15,13,6,7,27,12,15,26,12,14,14,6,8,9,2,7,4,0,4,0,0,0,0,0,0,10,10,1,6,0,1,0,1,1,9,7,2,1,9,0,1,1
54407116,0,,,47,21,26,4,1,3,43,20,23,16,8,8,43,20,23,43,20,23,27,12,15,16,6,10,5,1,4,0,0,0,0,0,0,19,19,4,8,3,3,0,1,0,15,11,4,1,17,0,4,3
54407117,2,54407127,,9,4,5,*,*,*,*,*,*,*,*,*,*,*,*,*,*,*,*,*,*,*,*,*,*,*,*,*,*,*,*,*,*,3,3,*,*,*,*,*,*,*,*,*,*,*,*,*,*,*
54407118,2,54407128,,8,5,3,*,*,*,*,*,*,*,*,*,*,*,*,*,*,*,*,*,*,*,*,*,*,*,*,*,*,*,*,*,*,5,5,*,*,*,*,*,*,*,*,*,*,*,*,*,*,*
54407119,0,,,68,32,36,6,3,3,62,29,33,28,15,13,59,27,32,58,27,31,34,14,20,15,6,9,6,1,5,1,0,1,0,0,0,22,22,5,7,1,3,3,2,1,17,8,9,1,19,0,4,4
54407120,0,,,29,15,14,2,1,1,27,14,13,15,9,6,27,14,13,27,14,13,12,5,7,4,1,3,3,1,2,0,0,0,0,0,0,9,9,1,2,1,4,1,0,0,8,5,3,0,7,0,1,1
54407121,0,,,47,26,21,0,0,0,47,26,21,23,15,8,47,26,21,46,26,20,24,11,13,14,6,8,2,1,1,0,0,0,0,0,0,16,16,0,9,0,6,1,0,0,16,11,5,0,14,0,0,6
54407122,1,,54407112;54407132,64,32,32,5,4,1,69,33,36,40,17,23,68,33,35,66,32,34,29,16,13,15,8,7,4,2,2,0,0,0,8,0,8,29,29,17,7,7,3,2,0,0,19,17,2,1,19,2,6,5
54407123,1,,54407124,79,41,38,8,4,4,75,39,36,32,18,14,75,39,36,74,39,35,43,21,22,23,11,12,9,3,6,3,2,1,0,0,0,33,33,12,9,8,3,2,0,1,23,18,5,2,28,0,10,6
54407124,2,54407123,,4,2,2,*,*,*,*,*,*,*,*,*,*,*,*,*,*,*,*,*,*,*,*,*,*,*,*,*,*,*,*,*,*,2,2,*,*,*,*,*,*,*,*,*,*,*,*,*,*,*
54407125,0,,,23,11,12,0,0,0,23,11,12,11,4,7,23,11,12,22,11,11,12,7,5,8,3,5,4,1,3,0,0,0,0,0,0,11,11,5,3,1,1,1,0,0,6,4,2,0,8,0,3,3
54407126,0,,,37,19,18,4,2,2,33,17,16,19,11,8,30,16,14,30,16,14,14,6,8,5,2,3,1,0,1,1,0,1,0,0,0,13,13,3,3,3,2,1,1,0,10,7,3,0,9,0,3,3
54407127,1,,54407117,18,10,8,1,0,1,26,14,12,12,7,5,26,14,12,26,14,12,14,7,7,6,4,2,2,1,1,0,0,0,0,0,0,9,9,3,5,2,2,0,0,0,9,7,2,0,10,0,2,3
54407128,1,,54407118,65,31,34,1,1,0,72,35,37,26,12,14,71,34,37,70,33,37,46,23,23,24,11,13,10,2,8,1,0,1,0,0,0,27,27,7,14,6,5,0,0,0,25,17,8,0,28,0,4,9
54407129,0,,,13,7,6,0,0,0,13,7,6,6,4,2,13,7,6,13,7,6,7,3,4,5,2,3,2,1,1,0,0,0,0,0,0,7,7,3,2,2,0,0,0,0,4,3,1,0,6,0,2,1
54407130,0,,,15,6,9,0,0,0,15,6,9,9,4,5,14,5,9,14,5,9,6,2,4,3,1,2,1,0,1,0,0,0,0,0,0,6,6,2,1,2,0,1,0,0,4,3,1,0,4,0,2,0
54407132,2,54407122,,3,2,1,*,*,*,*,*,*,*,*,*,*,*,*,*,*,*,*,*,*,*,*,*,*,*,*,*,*,*,*,*,*,3,3,*,*,*,*,*,*,*,*,*,*,*,*,*,*,*
54407133,0,,,19,9,10,3,1,2,16,8,8,6,3,3,16,8,8,16,8,8,10,5,5,8,4,4,3,2,1,0,0,0,0,0,0,7,7,1,4,1,0,0,0,1,6,4,2,1,6,0,1,3
54407135,0,,,23,11,12,0,0,0,23,11,12,14,6,8,23,11,12,23,11,12,9,5,4,5,2,3,1,0,1,0,0,0,0,0,0,8,8,1,4,0,2,0,1,0,7,3,4,0,6,0,1,1
54407136,0,,,69,35,34,0,0,0,69,35,34,43,22,21,66,34,32,65,34,31,26,13,13,13,4,9,6,2,4,0,0,0,0,0,0,28,28,10,4,9,2,2,1,0,18,12,6,0,19,0,6,3
54407137,0,,,39,19,20,1,1,0,38,18,20,20,11,9,35,15,20,35,15,20,18,7,11,11,3,8,1,0,1,1,0,1,0,0,0,14,14,5,1,2,4,2,0,0,9,4,5,0,13,0,5,1
54407138,1,,54407149,35,19,16,2,1,1,34,19,15,16,10,6,34,19,15,34,19,15,18,9,9,11,5,6,7,5,2,0,0,0,0,0,0,15,15,5,5,3,3,0,0,0,11,7,4,1,12,0,3,3
54407139,0,,,16,8,8,1,0,1,15,8,7,7,5,2,15,8,7,15,8,7,8,3,5,4,0,4,4,0,4,0,0,0,0,0,0,7,7,2,2,2,1,0,0,0,5,3,2,0,5,0,1,1
54407140,0,,,72,39,33,5,5,0,67,34,33,42,26,16,65,33,32,63,31,32,25,8,17,12,4,8,5,1,4,0,0,0,0,0,0,24,24,4,6,5,5,3,1,0,20,10,10,1,20,0,3,2
54407141,0,,,249,112,137,16,8,8,233,104,129,110,56,54,226,101,125,224,99,125,123,48,75,84,32,52,46,12,34,10,2,8,1,0,1,77,76,14,25,19,8,7,3,0,61,50,11,3,53,0,9,13
54407142,0,,,214,113,101,14,8,6,200,105,95,109,60,49,192,98,94,189,95,94,91,45,46,37,16,21,17,6,11,1,0,1,10,4,6,76,76,17,25,10,14,4,3,3,59,36,23,3,61,0,13,11
54407143,0,,,216,118,98,11,7,4,205,111,94,115,68,47,200,109,91,198,108,90,90,43,47,42,20,22,16,9,7,0,0,0,0,0,0,81,81,17,24,21,12,3,3,1,62,47,15,3,57,0,11,11
54407144,0,,,64,37,27,5,2,3,59,35,24,30,23,7,57,33,24,56,32,24,29,12,17,15,6,9,7,2,5,1,0,1,0,0,0,25,25,6,9,6,1,1,1,1,19,13,6,1,19,0,3,5
54407145,0,,,29,15,14,2,1,1,27,14,13,18,9,9,27,14,13,27,14,13,9,5,4,4,1,3,3,1,2,0,0,0,0,0,0,10,10,1,3,2,4,0,0,0,9,6,3,1,6,0,0,1
54407146,0,,,75,41,34,11,9,2,64,32,32,32,18,14,62,30,32,62,30,32,32,14,18,21,7,14,11,3,8,3,3,0,0,0,0,25,24,6,6,3,5,3,1,0,18,11,7,1,18,0,4,2
54407147,0,,,51,26,25,3,3,0,48,23,25,26,15,11,48,23,25,45,21,24,22,8,14,16,4,12,9,2,7,0,0,0,0,0,0,18,18,4,4,6,2,1,0,1,14,8,6,0,16,0,3,1
54407149,2,54407138,,1,1,0,*,*,*,*,*,*,*,*,*,*,*,*,*,*,*,*,*,*,*,*,*,*,*,*,*,*,*,*,*,*,1,1,*,*,*,*,*,*,*,*,*,*,*,*,*,*,*
54407150,0,,,83,37,46,4,0,4,79,37,42,44,19,25,77,37,40,76,37,39,35,18,17,16,5,11,6,2,4,1,0,1,0,0,0,32,32,9,9,6,4,2,2,0,23,16,7,0,24,0,6,3
54407151,0,,,121,69,52,19,13,6,102,56,46,53,29,24,100,54,46,97,51,46,49,27,22,25,11,14,12,5,7,2,1,1,0,0,0,41,40,8,13,8,3,5,1,2,32,21,11,5,32,0,7,8
54407152,0,,,114,60,54,8,6,2,106,54,52,64,33,31,103,52,51,98,49,49,42,21,21,19,8,11,7,2,5,1,1,0,0,0,0,47,47,13,16,6,10,1,1,0,34,27,7,3,30,0,9,9
54407153,0,,,219,107,112,26,11,15,193,96,97,115,62,53,187,93,94,182,91,91,78,34,44,42,18,24,20,4,16,7,1,6,0,0,0,76,76,9,29,14,14,7,2,1,67,49,18,7,46,0,6,10
54407155,0,,,12,6,6,0,0,0,12,6,6,5,3,2,12,6,6,12,6,6,7,3,4,5,3,2,2,1,1,0,0,0,0,0,0,5,5,1,2,1,1,0,0,0,4,4,0,0,5,0,1,1
54407156,0,,,77,33,44,2,0,2,75,33,42,18,11,7,74,32,42,73,31,42,57,22,35,50,16,34,32,9,23,6,1,5,2,0,2,13,12,3,5,2,0,1,1,0,9,6,3,0,8,0,1,2
54407157,0,,,56,34,22,4,4,0,52,30,22,24,14,10,52,30,22,52,30,22,28,16,12,11,5,6,7,3,4,1,0,1,0,0,0,22,22,4,9,6,0,2,1,0,18,14,4,0,17,0,1,6
54407159,0,,,31,18,13,0,0,0,31,18,13,11,8,3,31,18,13,31,18,13,20,10,10,14,7,7,6,4,2,1,0,1,1,0,1,10,9,2,4,1,1,1,0,0,7,6,1,0,7,0,1,2
54407160,0,,,82,41,41,7,3,4,75,38,37,43,23,20,74,38,36,73,37,36,32,15,17,9,5,4,4,1,3,0,0,0,0,0,0,29,29,6,9,5,4,3,2,0,23,13,10,4,23,0,4,2
54407161,0,,,546,269,277,67,31,36,479,238,241,327,173,154,459,230,229,447,223,224,152,65,87,94,37,57,24,9,15,4,1,3,6,2,4,199,199,34,63,44,42,11,4,1,164,130,34,17,100,5,14,29
54407162,0,,,890,411,479,98,43,55,792,368,424,481,227,254,766,357,409,750,352,398,311,141,170,161,71,90,44,20,24,5,3,2,11,2,9,345,345,83,120,59,48,20,10,5,261,214,47,26,211,7,55,58
54407163,0,,,229,116,113,22,11,11,207,105,102,117,62,55,205,103,102,203,102,101,90,43,47,44,18,26,18,8,10,2,0,2,0,0,0,91,91,25,28,17,11,7,3,0,65,51,14,3,58,2,15,14
54407164,0,,,8,4,4,0,0,0,8,4,4,0,0,0,8,4,4,8,4,4,8,4,4,1,1,0,0,0,0,0,0,0,0,0,0,4,4,0,4,0,0,0,0,0,4,4,0,0,4,0,0,4
54407166,0,,,54,30,24,12,8,4,42,22,20,20,10,10,42,22,20,42,22,20,22,12,10,11,7,4,5,3,2,0,0,0,0,0,0,17,17,1,4,5,5,2,0,0,16,12,4,3,11,0,0,4
54407167,0,,,60,31,29,2,0,2,58,31,27,21,12,9,58,31,27,58,31,27,37,19,18,25,12,13,14,6,8,0,0,0,0,0,0,25,25,7,9,6,1,0,1,1,18,14,4,1,22,0,6,5
54407168,0,,,8,4,4,0,0,0,8,4,4,7,3,4,8,4,4,8,4,4,1,1,0,0,0,0,0,0,0,0,0,0,0,0,0,4,4,1,2,1,0,0,0,0,3,3,0,0,1,0,0,1
54407169,0,,,10,5,5,1,0,1,9,5,4,8,5,3,8,5,3,8,5,3,1,0,1,0,0,0,0,0,0,0,0,0,0,0,0,4,4,2,0,0,2,0,0,0,2,2,0,0,1,0,1,0
54407170,0,,,67,29,38,4,1,3,63,28,35,35,15,20,60,28,32,57,27,30,28,13,15,15,8,7,5,2,3,0,0,0,0,0,0,28,28,7,8,10,1,2,0,0,21,19,2,1,20,0,5,3
54407171,0,,,692,336,356,124,63,61,568,273,295,426,214,212,529,255,274,515,248,267,142,59,83,81,26,55,35,5,30,1,0,1,3,0,3,217,215,38,47,47,52,22,5,4,176,148,28,32,68,1,16,13
54407172,0,,,748,352,396,58,27,31,690,325,365,396,194,202,674,319,355,661,315,346,294,131,163,178,73,105,63,22,41,7,2,5,6,0,6,328,328,114,99,55,36,17,7,0,211,161,50,11,207,1,66,45
54407173,0,,,451,240,211,42,26,16,409,214,195,232,138,94,400,206,194,393,202,191,177,76,101,104,41,63,44,11,33,9,0,9,14,13,1,161,160,43,36,43,20,12,4,2,116,84,32,10,99,8,20,16
54407174,0,,,164,88,76,23,13,10,141,75,66,78,43,35,136,75,61,135,74,61,63,32,31,30,14,16,8,2,6,1,1,0,0,0,0,59,59,14,18,7,11,6,2,1,45,32,13,4,40,0,10,10
54407175,0,,,12,6,6,1,0,1,11,6,5,6,4,2,11,6,5,10,5,5,5,2,3,1,0,1,1,0,1,0,0,0,0,0,0,4,4,1,1,1,0,0,1,0,3,2,1,0,3,0,0,0
54407176,0,,,74,36,38,6,0,6,68,36,32,40,24,16,67,36,31,65,34,31,28,12,16,7,2,5,5,1,4,0,0,0,0,0,0,23,22,3,9,1,5,1,2,1,19,13,6,0,16,0,3,5
54407177,0,,,18,10,8,0,0,0,18,10,8,8,6,2,18,10,8,18,10,8,10,4,6,5,2,3,0,0,0,0,0,0,0,0,0,8,8,2,4,1,0,1,0,0,6,5,1,0,7,0,2,1
54407179,0,,,11,7,4,0,0,0,11,7,4,6,4,2,11,7,4,10,6,4,5,3,2,2,2,0,1,1,0,0,0,0,0,0,0,6,6,4,0,1,1,0,0,0,2,1,1,0,2,0,0,0
54407180,0,,,257,125,132,22,14,8,235,111,124,149,74,75,223,106,117,222,105,117,86,37,49,37,14,23,10,3,7,2,1,1,5,5,0,114,112,39,37,21,7,6,2,0,71,58,13,2,63,5,20,13
54407181,0,,,255,131,124,23,12,11,232,119,113,110,64,46,228,117,111,224,115,109,122,55,67,62,28,34,19,8,11,0,0,0,5,4,1,118,118,40,41,21,11,4,1,0,78,73,5,4,82,3,25,27
54407182,0,,,2055,995,1060,163,75,88,1892,920,972,1030,547,483,1841,895,946,1821,886,935,862,373,489,478,185,293,179,68,111,19,9,10,13,6,7,876,872,277,280,162,92,35,18,8,591,456,135,36,582,21,162,141
54407183,1,,54407184,949,483,466,93,51,42,864,437,427,563,297,266,836,425,411,820,419,401,301,140,161,144,61,83,37,12,25,4,0,4,17,7,10,364,363,97,113,63,58,17,10,7,266,210,56,25,210,8,52,45
54407184,2,54407183,,8,5,3,*,*,*,*,*,*,*,*,*,*,*,*,*,*,*,*,*,*,*,*,*,*,*,*,*,*,*,*,*,*,2,2,*,*,*,*,*,*,*,*,*,*,*,*,*,*,*
54407187,1,,54407188;54407197,26,11,15,3,1,2,36,16,20,17,8,9,36,16,20,36,16,20,19,8,11,11,5,6,5,2,3,1,1,0,0,0,0,11,11,5,4,2,2,1,0,1,10,7,3,1,12,0,5,4
54407188,2,54407187,,8,3,5,*,*,*,*,*,*,*,*,*,*,*,*,*,*,*,*,*,*,*,*,*,*,*,*,*,*,*,*,*,*,2,2,*,*,*,*,*,*,*,*,*,*,*,*,*,*,*
54407190,0,,,288,134,154,33,12,21,255,122,133,152,82,70,248,117,131,247,116,131,103,40,63,52,20,32,26,9,17,1,0,1,0,0,0,104,103,22,31,30,11,2,6,1,80,65,15,8,57,1,8,10
54407191,0,,,23,12,11,7,4,3,16,8,8,14,7,7,16,8,8,16,8,8,2,1,1,1,0,1,1,0,1,0,0,0,0,0,0,9,9,3,2,2,1,0,1,0,6,6,0,1,2,0,1,0
54407192,0,,,762,342,420,65,28,37,697,314,383,396,192,204,675,305,370,665,303,362,301,122,179,160,57,103,66,17,49,5,0,5,10,6,4,329,328,102,118,51,44,5,7,1,223,193,30,16,193,9,54,56
54407193,0,,,239,115,124,22,13,9,217,102,115,119,52,67,214,102,112,210,100,110,98,50,48,36,15,21,12,3,9,1,0,1,0,0,0,90,90,13,35,21,14,5,2,0,77,61,16,6,62,0,9,18
54407194,0,,,88,46,42,5,4,1,83,42,41,39,21,18,83,42,41,82,41,41,44,21,23,23,11,12,11,5,6,1,0,1,1,1,0,37,37,10,13,6,7,0,1,0,27,22,5,1,26,1,5,7
54407197,2,54407187,,5,3,2,*,*,*,*,*,*,*,*,*,*,*,*,*,*,*,*,*,*,*,*,*,*,*,*,*,*,*,*,*,*,2,2,*,*,*,*,*,*,*,*,*,*,*,*,*,*,*
54407199,0,,,182,80,102,11,5,6,171,75,96,77,44,33,170,75,95,167,73,94,94,31,63,75,22,53,54,12,42,13,2,11,0,0,0,50,49,9,14,16,2,7,1,0,39,27,12,3,35,0,5,3
54407200,0,,,39,19,20,5,3,2,34,16,18,22,11,11,34,16,18,34,16,18,12,5,7,6,2,4,1,0,1,0,0,0,0,0,0,12,12,2,2,2,4,1,1,0,10,7,3,0,8,0,2,1
54407201,0,,,36,19,17,0,0,0,36,19,17,15,9,6,36,19,17,35,19,16,21,10,11,6,2,4,3,1,2,0,0,0,0,0,0,17,17,5,7,3,2,0,0,0,12,12,0,0,15,0,5,4
54407202,0,,,29,13,16,2,0,2,27,13,14,13,6,7,27,13,14,27,13,14,14,7,7,5,3,2,4,2,2,2,1,1,0,0,0,13,13,4,5,3,0,0,1,0,9,6,3,1,9,0,3,3
54407203,0,,,27,15,12,0,0,0,27,15,12,16,8,8,27,15,12,27,15,12,11,7,4,8,4,4,3,2,1,0,0,0,0,0,0,11,11,0,9,0,1,1,0,0,11,7,4,0,8,0,0,4
54407204,1,,54407214,28,15,13,1,0,1,31,16,15,11,6,5,31,16,15,30,15,15,20,10,10,10,4,6,4,0,4,0,0,0,0,0,0,13,13,4,5,6,0,0,0,0,11,9,2,1,13,0,4,4
54407205,1,,54407206,160,77,83,16,9,7,149,70,79,83,40,43,146,69,77,144,68,76,66,30,36,36,15,21,18,8,10,3,0,3,0,0,0,65,65,21,17,13,11,3,2,0,46,34,12,2,43,0,14,7
54407206,2,54407205,,5,2,3,*,*,*,*,*,*,*,*,*,*,*,*,*,*,*,*,*,*,*,*,*,*,*,*,*,*,*,*,*,*,2,2,*,*,*,*,*,*,*,*,*,*,*,*,*,*,*
54407207,1,,54407217,88,48,40,7,4,3,88,48,40,42,25,17,87,48,39,85,46,39,46,23,23,24,11,13,14,6,8,0,0,0,0,0,0,41,41,14,14,10,2,3,0,0,28,23,5,2,31,0,10,8
54407208,0,,,198,100,98,11,8,3,187,92,95,98,50,48,179,86,93,177,85,92,89,42,47,42,19,23,19,7,12,3,0,3,1,0,1,80,80,22,24,16,13,2,3,0,57,43,14,2,59,0,16,15
54407209,0,,,270,127,143,34,15,19,236,112,124,158,74,84,226,108,118,219,104,115,78,38,40,48,17,31,14,5,9,1,1,0,0,0,0,101,101,21,29,27,13,10,0,1,80,68,12,8,57,0,15,13
54407210,0,,,24,13,11,0,0,0,24,13,11,11,7,4,23,12,11,23,12,11,13,6,7,7,2,5,4,0,4,1,0,1,0,0,0,9,9,2,1,4,2,0,0,0,7,5,2,0,8,0,2,1
54407211,0,,,68,37,31,0,0,0,68,37,31,30,16,14,67,37,30,67,37,30,38,21,17,19,11,8,5,2,3,3,1,2,0,0,0,27,27,5,12,4,5,0,0,1,22,16,6,0,25,0,4,9
54407212,0,,,59,34,25,1,0,1,58,34,24,29,19,10,57,33,24,57,33,24,29,15,14,17,10,7,7,4,3,0,0,0,1,1,0,25,25,7,8,6,3,0,1,0,18,16,2,0,19,0,4,3
54407213,0,,,37,21,16,1,0,1,36,21,15,20,14,6,35,20,15,35,20,15,16,7,9,13,5,8,6,3,3,0,0,0,0,0,0,15,15,1,11,0,2,0,1,0,14,13,1,0,11,0,1,3
54407214,2,54407204,,4,1,3,*,*,*,*,*,*,*,*,*,*,*,*,*,*,*,*,*,*,*,*,*,*,*,*,*,*,*,*,*,*,2,2,*,*,*,*,*,*,*,*,*,*,*,*,*,*,*
54407215,0,,,188,93,95,19,11,8,169,82,87,86,47,39,164,81,83,162,80,82,83,35,48,48,21,27,17,6,11,5,0,5,0,0,0,77,77,20,28,15,6,5,3,0,57,45,12,3,52,0,16,14
54407217,2,54407207,,7,4,3,*,*,*,*,*,*,*,*,*,*,*,*,*,*,*,*,*,*,*,*,*,*,*,*,*,*,*,*,*,*,2,2,*,*,*,*,*,*,*,*,*,*,*,*,*,*,*
54407218,1,,54407227;54407228,39,17,22,3,0,3,46,19,27,20,9,11,45,19,26,45,19,26,26,10,16,12,3,9,6,2,4,2,0,2,1,0,1,16,16,6,8,7,0,0,1,0,16,13,3,0,19,0,6,4
54407219,0,,,105,55,50,10,5,5,95,50,45,51,29,22,93,49,44,91,47,44,44,21,23,24,11,13,8,3,5,1,0,1,0,0,0,43,43,11,15,8,5,4,0,0,32,30,2,1,29,0,9,7
54407220,0,,,58,30,28,3,1,2,55,29,26,36,22,14,51,26,25,48,24,24,19,7,12,12,4,8,7,1,6,1,0,1,0,0,0,18,18,2,7,1,3,4,0,1,16,8,8,1,13,0,0,3
54407221,0,,,13,5,8,0,0,0,13,5,8,7,3,4,13,5,8,13,5,8,6,2,4,4,1,3,2,0,2,0,0,0,0,0,0,5,5,2,1,0,1,1,0,0,3,1,2,0,5,0,2,0
54407222,0,,,20,13,7,0,0,0,20,13,7,9,8,1,20,13,7,20,13,7,11,5,6,10,4,6,3,1,2,0,0,0,0,0,0,12,12,7,2,3,0,0,0,0,5,4,1,0,8,0,3,1
54407223,0,,,43,24,19,0,0,0,43,24,19,15,8,7,43,24,19,43,24,19,28,16,12,12,4,8,6,2,4,1,0,1,0,0,0,21,21,11,4,3,2,0,0,1,10,7,3,0,19,0,10,3
54407224,0,,,77,41,36,5,3,2,72,38,34,37,18,19,71,37,34,71,37,34,35,20,15,15,6,9,9,3,6,0,0,0,0,0,0,33,33,13,7,7,3,2,0,1,20,13,7,3,25,0,11,3
54407225,0,,,409,197,212,55,24,31,354,173,181,227,112,115,340,166,174,333,162,171,127,61,66,82,35,47,38,17,21,2,0,2,3,3,0,151,151,37,48,21,26,11,3,5,114,90,24,13,87,3,29,16
54407226,0,,,106,50,56,14,6,8,92,44,48,52,23,29,92,44,48,90,44,46,40,21,19,25,11,14,7,3,4,1,0,1,1,0,1,40,40,8,15,9,4,1,2,1,32,27,5,4,24,0,6,10
54407227,2,54407218,,1,0,1,*,*,*,*,*,*,*,*,*,*,*,*,*,*,*,*,*,*,*,*,*,*,*,*,*,*,*,*,*,*,1,1,*,*,*,*,*,*,*,*,*,*,*,*,*,*,*
54407228,2,54407218,,9,2,7,*,*,*,*,*,*,*,*,*,*,*,*,*,*,*,*,*,*,*,*,*,*,*,*,*,*,*,*,*,*,5,5,*,*,*,*,*,*,*,*,*,*,*,*,*,*,*
54407229,0,,,124,58,66,8,2,6,116,56,60,54,30,24,112,54,58,109,53,56,62,26,36,30,8,22,15,4,11,1,0,1,0,0,0,55,55,13,28,6,5,1,2,0,42,32,10,1,41,0,11,10
54407230,1,,54407240,19,9,10,3,1,2,19,8,11,9,4,5,19,8,11,19,8,11,10,4,6,6,2,4,3,0,3,1,0,1,0,0,0,9,9,6,2,1,1,1,0,0,5,4,1,0,8,0,4,1
54407231,0,,,26,16,10,0,0,0,26,16,10,7,6,1,26,16,10,26,16,10,19,10,9,10,4,6,4,2,2,0,0,0,0,0,0,13,13,5,5,1,2,0,0,0,8,8,0,0,13,0,5,4
54407235,0,,,223,83,140,13,6,7,210,77,133,94,37,57,203,74,129,201,73,128,116,40,76,80,17,63,54,9,45,12,2,10,1,1,0,72,71,19,22,16,12,0,2,0,52,43,9,2,49,0,16,9
54407236,0,,,68,31,37,9,4,5,59,27,32,46,23,23,56,25,31,55,24,31,13,4,9,8,2,6,3,1,2,0,0,0,0,0,0,22,22,4,5,5,3,3,2,0,18,11,7,3,9,0,2,1
54407237,0,,,8,4,4,0,0,0,8,4,4,2,1,1,8,4,4,8,4,4,6,3,3,5,3,2,2,1,1,0,0,0,0,0,0,4,4,1,2,1,0,0,0,0,3,3,0,0,3,0,0,2
54407238,0,,,75,36,39,3,1,2,72,35,37,45,21,24,70,35,35,70,35,35,27,14,13,13,6,7,8,3,5,1,1,0,0,0,0,25,25,5,6,3,7,3,1,0,20,13,7,1,17,0,4,4
54407239,0,,,96,42,54,3,2,1,93,40,53,44,21,23,91,40,51,88,37,51,49,19,30,31,10,21,12,4,8,0,0,0,0,0,0,42,42,12,19,3,4,3,1,0,30,25,5,0,35,0,12,11
54407240,2,54407230,,3,0,3,*,*,*,*,*,*,*,*,*,*,*,*,*,*,*,*,*,*,*,*,*,*,*,*,*,*,*,*,*,*,2,2,*,*,*,*,*,*,*,*,*,*,*,*,*,*,*
54407241,0,,,39,18,21,3,0,3,36,18,18,19,12,7,35,18,17,35,18,17,17,6,11,12,4,8,2,0,2,0,0,0,0,0,0,18,18,6,6,4,1,1,0,0,12,10,2,0,12,0,4,4
54407242,0,,,26,12,14,0,0,0,26,12,14,11,4,7,25,11,14,24,11,13,15,8,7,6,2,4,3,1,2,0,0,0,0,0,0,13,13,5,4,3,1,0,0,0,8,6,2,0,11,0,4,3
54407243,0,,,35,18,17,1,1,0,34,17,17,20,11,9,34,17,17,32,17,15,14,6,8,8,2,6,6,1,5,0,0,0,0,0,0,14,14,1,7,4,2,0,0,0,13,10,3,0,9,0,0,3
54407244,0,,,62,30,32,1,0,1,61,30,31,35,17,18,60,30,30,60,30,30,26,13,13,17,8,9,7,4,3,0,0,0,0,0,0,28,28,9,9,6,3,1,0,0,19,17,2,0,18,0,7,3
54407245,0,,,84,53,31,7,7,0,77,46,31,46,28,18,75,44,31,74,43,31,31,18,13,18,8,10,10,3,7,0,0,0,0,0,0,34,34,11,13,3,2,2,1,2,23,13,10,0,22,0,5,4
54407246,0,,,51,28,23,5,3,2,46,25,21,22,13,9,46,25,21,46,25,21,24,12,12,16,8,8,8,4,4,1,0,1,0,0,0,23,23,8,8,4,1,1,1,0,15,11,4,0,18,0,5,4
54407247,2,54407257,,1,1,0,*,*,*,*,*,*,*,*,*,*,*,*,*,*,*,*,*,*,*,*,*,*,*,*,*,*,*,*,*,*,1,1,*,*,*,*,*,*,*,*,*,*,*,*,*,*,*
54407248,0,,,59,31,28,4,2,2,55,29,26,25,14,11,54,29,25,53,29,24,30,15,15,15,7,8,4,2,2,2,1,1,0,0,0,26,26,9,9,4,2,1,0,1,17,14,3,1,22,0,8,5
54407249,0,,,24,12,12,5,4,1,19,8,11,15,6,9,18,8,10,18,8,10,4,2,2,2,1,1,0,0,0,0,0,0,0,0,0,9,9,2,2,2,3,0,0,0,7,7,0,0,3,0,2,1
54407250,0,,,88,39,49,7,2,5,81,37,44,36,20,16,80,37,43,79,37,42,45,17,28,21,6,15,8,2,6,0,0,0,0,0,0,39,39,10,19,4,4,1,0,1,29,21,8,2,33,0,9,9
54407251,0,,,94,44,50,9,3,6,85,41,44,43,19,24,83,40,43,82,40,42,42,22,20,22,11,11,11,4,7,0,0,0,0,0,0,34,34,8,10,8,4,0,2,2,26,20,6,2,26,0,7,5
54407252,0,,,157,84,73,13,11,2,142,72,70,86,48,38,138,69,69,136,68,68,56,24,32,27,10,17,10,2,8,2,0,2,0,0,0,58,58,8,21,14,11,3,1,0,49,36,13,1,35,0,5,12
54407253,0,,,26,14,12,1,0,1,25,14,11,15,10,5,24,13,11,24,13,11,10,4,6,9,4,5,1,0,1,0,0,0,0,0,0,10,10,2,4,2,1,0,1,0,8,8,0,0,6,0,0,2
54407255,0,,,12,8,4,0,0,0,12,8,4,9,7,2,12,8,4,11,7,4,3,1,2,1,0,1,1,0,1,0,0,0,0,0,0,6,6,2,2,2,0,0,0,0,4,3,1,0,2,0,1,1
54407256,0,,,55,29,26,0,0,0,55,29,26,16,11,5,55,29,26,55,29,26,39,18,21,26,10,16,11,3,8,0,0,0,0,0,0,30,30,14,10,3,3,0,0,0,16,11,5,0,27,0,12,6
54407257,1,,54407247,55,31,24,2,2,0,54,30,24,18,13,5,52,29,23,52,29,23,36,17,19,23,11,12,10,5,5,0,0,0,0,0,0,25,25,9,11,3,1,0,2,0,17,14,3,0,23,0,6,10
54407258,0,,,16,9,7,0,0,0,16,9,7,7,5,2,16,9,7,16,9,7,9,4,5,7,3,4,4,1,3,0,0,0,0,0,0,7,7,4,1,1,0,0,0,1,3,2,1,0,6,0,3,1
54407259,0,,,16,9,7,0,0,0,16,9,7,12,8,4,16,9,7,15,8,7,4,1,3,3,1,2,1,0,1,0,0,0,0,0,0,8,8,2,4,2,0,0,0,0,6,6,0,0,3,0,0,1
54407260,1,,54407270,33,17,16,3,3,0,33,16,17,9,4,5,33,16,17,33,16,17,24,12,12,8,3,5,4,0,4,1,0,1,0,0,0,14,14,3,8,4,1,1,0,0,13,9,4,0,14,0,2,6
54407261,0,,,29,13,16,3,2,1,26,11,15,19,10,9,26,11,15,25,11,14,7,1,6,6,1,5,2,0,2,0,0,0,0,0,0,10,10,1,2,5,1,1,0,0,9,6,3,1,6,0,1,0
54407263,0,,,41,18,23,3,2,1,38,16,22,18,7,11,36,15,21,36,15,21,20,9,11,16,6,10,6,1,5,0,0,0,0,0,0,16,16,4,6,2,1,3,0,0,12,10,2,1,12,0,2,4
54407264,0,,,14,9,5,0,0,0,14,9,5,6,5,1,14,9,5,13,8,5,8,4,4,4,2,2,3,1,2,0,0,0,0,0,0,5,5,0,2,2,1,0,0,0,5,2,3,0,5,0,0,0
54407265,0,,,28,16,12,2,2,0,26,14,12,13,8,5,23,13,10,23,13,10,13,6,7,9,4,5,5,3,2,0,0,0,0,0,0,14,14,7,4,1,0,2,0,0,7,5,2,0,9,0,4,3
54407266,2,54407276,,7,2,5,*,*,*,*,*,*,*,*,*,*,*,*,*,*,*,*,*,*,*,*,*,*,*,*,*,*,*,*,*,*,4,4,*,*,*,*,*,*,*,*,*,*,*,*,*,*,*
54407267,0,,,59,29,30,0,0,0,59,29,30,18,9,9,59,29,30,59,29,30,41,20,21,30,13,17,13,4,9,2,1,1,0,0,0,30,29,13,10,6,0,0,0,0,16,15,1,0,24,0,10,8
54407268,0,,,11,4,7,0,0,0,11,4,7,4,1,3,11,4,7,10,4,6,7,3,4,4,2,2,0,0,0,0,0,0,0,0,0,4,4,0,3,0,0,1,0,0,4,3,1,0,4,0,0,3
54407269,1,,54407278;54407279;54407289,13,7,6,0,0,0,25,14,11,10,5,5,24,14,10,24,14,10,15,9,6,2,1,1,0,0,0,0,0,0,0,0,0,4,4,2,6,1,2,0,0,0,9,8,1,0,10,0,2,5
54407270,2,54407260,,7,3,4,*,*,*,*,*,*,*,*,*,*,*,*,*,*,*,*,*,*,*,*,*,*,*,*,*,*,*,*,*,*,3,3,*,*,*,*,*,*,*,*,*,*,*,*,*,*,*
54407273,0,,,51,29,22,2,1,1,49,28,21,32,19,13,47,27,20,46,26,20,17,9,8,8,5,3,2,0,2,0,0,0,0,0,0,17,17,5,3,1,6,0,1,1,12,7,5,0,13,0,4,1
54407274,0,,,16,8,8,0,0,0,16,8,8,6,3,3,15,8,7,15,8,7,10,5,5,4,1,3,2,1,1,0,0,0,0,0,0,8,8,4,1,2,1,0,0,0,4,3,1,0,7,0,3,1
54407275,2,54407276,,6,4,2,*,*,*,*,*,*,*,*,*,*,*,*,*,*,*,*,*,*,*,*,*,*,*,*,*,*,*,*,*,*,4,4,*,*,*,*,*,*,*,*,*,*,*,*,*,*,*
54407276,1,,54407266;54407275;54407285,27,17,10,1,0,1,47,25,22,24,15,9,47,25,22,47,25,22,23,10,13,13,5,8,5,1,4,0,0,0,0,0,0,14,14,12,9,2,3,0,0,0,14,11,3,0,17,0,8,2
54407277,0,,,162,80,82,17,8,9,144,71,73,64,30,34,141,69,72,138,67,71,80,41,39,40,19,21,17,9,8,1,0,1,4,3,1,70,70,23,23,10,10,2,1,1,47,39,8,2,52,0,18,13
54407278,2,54407269,,2,1,1,*,*,*,*,*,*,*,*,*,*,*,*,*,*,*,*,*,*,*,*,*,*,*,*,*,*,*,*,*,*,1,1,*,*,*,*,*,*,*,*,*,*,*,*,*,*,*
54407279,2,54407269,,6,4,2,*,*,*,*,*,*,*,*,*,*,*,*,*,*,*,*,*,*,*,*,*,*,*,*,*,*,*,*,*,*,3,3,*,*,*,*,*,*,*,*,*,*,*,*,*,*,*
54407280,1,,54407290,88,35,53,7,2,5,89,38,51,47,23,24,87,37,50,86,37,49,42,15,27,28,6,22,11,1,10,3,1,2,0,0,0,24,23,3,6,8,2,3,3,1,23,10,13,1,22,0,2,3
54407281,0,,,86,48,38,4,4,0,82,44,38,41,25,16,81,43,38,80,43,37,41,19,22,27,13,14,10,4,6,0,0,0,0,0,0,31,31,6,14,1,5,4,0,1,25,15,10,1,26,0,3,4
54407282,0,,,96,51,45,10,7,3,86,44,42,53,27,26,82,43,39,80,42,38,33,17,16,14,5,9,4,0,4,0,0,0,1,0,1,25,25,2,4,8,3,2,2,4,23,12,11,1,21,0,2,2
54407283,0,,,101,49,52,6,3,3,95,46,49,41,22,19,94,45,49,94,45,49,54,24,30,31,13,18,9,4,5,1,0,1,0,0,0,40,40,9,18,3,5,3,2,0,31,23,8,1,33,0,7,12
54407285,2,54407276,,8,2,6,*,*,*,*,*,*,*,*,*,*,*,*,*,*,*,*,*,*,*,*,*,*,*,*,*,*,*,*,*,*,4,4,*,*,*,*,*,*,*,*,*,*,*,*,*,*,*
54407286,0,,,105,52,53,5,5,0,100,47,53,43,22,21,99,47,52,99,47,52,57,25,32,28,11,17,14,4,10,1,0,1,0,0,0,44,44,11,17,9,3,3,1,0,33,21,12,0,38,0,9,12
54407287,0,,,59,28,31,9,6,3,50,22,28,24,9,15,49,22,27,49,22,27,26,13,13,14,8,6,5,4,1,1,1,0,0,0,0,19,19,3,5,2,5,4,0,0,15,9,6,3,14,0,3,5
54407289,2,54407269,,4,2,2,*,*,*,*,*,*,*,*,*,*,*,*,*,*,*,*,*,*,*,*,*,*,*,*,*,*,*,*,*,*,3,3,*,*,*,*,*,*,*,*,*,*,*,*,*,*,*
54407290,2,54407280,,8,5,3,*,*,*,*,*,*,*,*,*,*,*,*,*,*,*,*,*,*,*,*,*,*,*,*,*,*,*,*,*,*,3,3,*,*,*,*,*,*,*,*,*,*,*,*,*,*,*
54407292,0,,,137,69,68,25,16,9,112,53,59,74,37,37,111,52,59,107,51,56,38,16,22,20,9,11,7,4,3,0,0,0,0,0,0,44,44,4,14,11,6,7,1,1,40,29,11,5,26,0,2,6
54407293,0,,,117,58,59,7,4,3,109,53,56,46,24,22,107,53,54,107,53,54,63,29,34,29,11,18,7,1,6,0,0,0,1,1,0,48,48,9,24,7,5,0,2,1,39,31,8,1,42,0,8,17
54407294,0,,,223,120,103,13,10,3,210,110,100,96,59,37,207,107,100,201,102,99,114,51,63,58,25,33,20,7,13,0,0,0,1,0,1,89,89,20,36,15,11,3,2,2,69,48,21,5,73,0,14,22
54407295,0,,,12,6,6,0,0,0,12,6,6,6,4,2,12,6,6,12,6,6,6,2,4,4,1,3,1,1,0,0,0,0,0,0,0,8,8,4,4,0,0,0,0,0,4,4,0,0,5,0,3,1
54407296,0,,,164,84,80,14,7,7,150,77,73,86,46,40,147,75,72,146,74,72,64,31,33,30,9,21,10,2,8,1,1,0,1,0,1,64,64,16,20,13,11,1,2,1,48,36,12,2,44,0,12,12
54407297,0,,,15,9,6,0,0,0,15,9,6,9,6,3,15,9,6,15,9,6,6,3,3,5,2,3,2,1,1,0,0,0,0,0,0,7,7,3,2,0,2,0,0,0,4,3,1,0,4,0,0,0
54407300,2,54407310,,8,5,3,*,*,*,*,*,*,*,*,*,*,*,*,*,*,*,*,*,*,*,*,*,*,*,*,*,*,*,*,*,*,2,2,*,*,*,*,*,*,*,*,*,*,*,*,*,*,*
54407301,0,,,195,104,91,19,9,10,172,92,80,98,54,44,166,90,76,164,89,75,74,38,36,36,15,21,14,5,9,1,0,1,1,0,1,81,81,25,27,11,11,4,2,1,56,47,9,4,46,0,11,19
54407302,0,,,247,124,123,25,16,9,222,108,114,117,59,58,216,106,110,213,105,108,105,49,56,51,23,28,17,5,12,1,0,1,0,0,0,102,102,28,36,17,15,2,2,2,74,63,11,2,74,0,23,18
54407303,0,,,102,55,47,3,2,1,99,53,46,51,32,19,97,53,44,96,52,44,48,21,27,24,11,13,8,5,3,0,0,0,0,0,0,43,43,9,15,13,6,0,0,0,34,30,4,1,34,0,9,8
54407305,0,,,130,66,64,12,6,6,118,60,58,58,28,30,115,58,57,112,58,54,60,32,28,28,14,14,11,4,7,0,0,0,0,0,0,51,51,14,18,7,4,5,3,0,36,22,14,2,43,0,11,9
54407306,0,,,16,6,10,0,0,0,16,6,10,7,2,5,16,6,10,16,6,10,9,4,5,3,0,3,2,0,2,0,0,0,0,0,0,9,9,5,2,1,1,0,0,0,4,2,2,0,8,0,4,2
54407307,2,54407308,,2,0,2,*,*,*,*,*,*,*,*,*,*,*,*,*,*,*,*,*,*,*,*,*,*,*,*,*,*,*,*,*,*,2,2,*,*,*,*,*,*,*,*,*,*,*,*,*,*,*
54407308,1,,54407307,263,131,132,11,5,6,254,126,128,138,69,69,249,124,125,247,122,125,116,57,59,59,29,30,26,8,18,4,1,3,0,0,0,96,93,19,38,17,12,5,3,1,76,57,19,2,67,1,13,22
54407309,0,,,202,97,105,16,9,7,186,88,98,107,51,56,184,86,98,180,84,96,79,37,42,28,9,19,14,3,11,2,0,2,0,0,0,87,87,22,31,22,10,1,0,1,65,55,10,3,51,0,15,18
54407310,1,,54407300,114,59,55,5,1,4,117,63,54,64,37,27,115,62,53,113,61,52,53,26,27,12,7,5,5,2,3,0,0,0,0,0,0,43,43,7,17,10,6,3,2,0,38,27,11,1,38,1,5,6
54407311,0,,,227,122,105,40,23,17,184,96,88,141,72,69,175,92,83,168,87,81,43,24,19,21,13,8,7,3,4,2,0,2,0,0,0,82,82,19,22,15,15,9,0,2,62,56,6,6,31,0,9,8
54407312,0,,,293,138,155,15,9,6,278,129,149,142,70,72,271,124,147,268,124,144,136,59,77,71,23,48,34,8,26,3,1,2,1,0,1,121,121,24,51,26,12,7,1,0,97,72,25,3,89,0,17,31
54407313,0,,,97,44,53,9,4,5,88,40,48,54,26,28,84,38,46,82,38,44,34,14,20,21,8,13,10,3,7,0,0,0,1,1,0,37,37,5,13,13,3,3,0,0,32,28,4,2,22,0,3,6
54407314,0,,,39,20,19,3,2,1,36,18,18,13,6,7,36,18,18,36,18,18,23,12,11,10,5,5,4,2,2,1,0,1,0,0,0,16,16,2,9,4,0,0,0,1,14,11,3,1,13,0,2,7
54407315,0,,,87,46,41,13,9,4,74,37,37,34,14,20,70,35,35,70,35,35,40,23,17,15,7,8,4,2,2,0,0,0,1,0,1,32,32,7,12,4,3,5,0,1,25,20,5,4,24,0,5,11
54407316,0,,,18,7,11,0,0,0,18,7,11,9,4,5,18,7,11,18,7,11,9,3,6,4,1,3,1,0,1,0,0,0,0,0,0,10,10,5,2,3,0,0,0,0,5,4,1,0,8,0,4,1
54407317,0,,,48,24,24,1,0,1,47,24,23,21,12,9,47,24,23,47,24,23,26,12,14,14,4,10,7,2,5,0,0,0,0,0,0,24,24,9,10,2,2,1,0,0,15,11,4,0,19,0,5,7
54407318,0,,,95,56,39,4,3,1,91,53,38,49,34,15,87,50,37,87,50,37,42,19,23,17,6,11,5,1,4,1,0,1,0,0,0,36,34,8,16,3,4,2,1,0,26,22,4,0,26,0,7,10
54407319,0,,,243,112,131,14,7,7,229,105,124,123,62,61,222,100,122,218,98,120,106,43,63,67,23,44,38,10,28,3,1,2,0,0,0,87,85,21,27,19,13,3,2,0,64,54,10,1,52,0,15,17
54407320,0,,,293,165,128,6,2,4,286,162,124,207,119,88,282,161,121,279,160,119,79,43,36,32,16,16,15,6,9,1,1,0,0,0,0,72,67,19,22,14,9,2,1,0,48,45,3,1,40,0,13,10
54407321,0,,,443,203,240,31,14,17,411,188,223,230,117,113,401,180,221,391,176,215,181,71,110,109,38,71,44,14,30,2,0,2,1,0,1,178,178,44,58,40,25,4,6,1,134,106,28,8,123,0,31,33
54407322,0,,,61,31,30,7,2,5,54,29,25,41,22,19,51,28,23,49,27,22,13,7,6,7,2,5,3,1,2,1,0,1,0,0,0,21,21,5,5,4,3,3,0,1,16,13,3,2,11,0,4,2
54407323,0,,,57,28,29,1,0,1,56,28,28,29,16,13,55,27,28,53,27,26,27,12,15,24,11,13,12,6,6,1,1,0,0,0,0,20,20,3,7,6,1,0,3,0,17,11,6,0,18,0,2,4
54407324,0,,,65,31,34,7,3,4,58,28,30,26,13,13,58,28,30,58,28,30,32,15,17,18,8,10,11,5,6,1,1,0,0,0,0,26,26,6,11,4,3,1,0,1,20,19,1,2,20,0,4,9
54407325,0,,,68,35,33,3,1,2,65,34,31,29,15,14,65,34,31,65,34,31,36,19,17,16,8,8,8,5,3,0,0,0,0,0,0,30,30,9,10,6,4,1,0,0,21,15,6,1,27,0,9,6
54407326,1,,54407327,23,12,11,0,0,0,25,13,12,6,4,2,25,13,12,25,13,12,19,9,10,8,2,6,4,1,3,0,0,0,0,0,0,15,15,10,4,1,1,0,0,0,6,6,0,0,15,0,9,3
54407327,2,54407326,,2,1,1,*,*,*,*,*,*,*,*,*,*,*,*,*,*,*,*,*,*,*,*,*,*,*,*,*,*,*,*,*,*,1,1,*,*,*,*,*,*,*,*,*,*,*,*,*,*,*
54407328,0,,,86,40,46,6,3,3,80,37,43,40,19,21,78,35,43,78,35,43,40,18,22,18,7,11,7,4,3,0,0,0,0,0,0,38,38,8,17,10,2,0,1,0,30,27,3,1,30,0,7,9
54407329,0,,,93,47,46,7,3,4,86,44,42,39,19,20,84,43,41,83,42,41,47,25,22,27,12,15,7,4,3,3,1,2,0,0,0,39,39,10,18,3,4,2,2,0,29,23,6,1,30,0,8,14
54407330,0,,,327,158,169,35,20,15,290,137,153,178,82,96,269,130,139,263,128,135,112,55,57,43,20,23,18,9,9,0,0,0,1,1,0,129,129,33,34,31,24,5,2,0,95,82,13,4,76,0,27,19
54407331,0,,,296,144,152,27,17,10,269,127,142,180,86,94,264,126,138,257,122,135,89,41,48,32,9,23,16,3,13,3,1,2,0,0,0,115,115,25,32,37,15,3,0,3,90,73,17,8,62,0,13,10
54407332,0,,,244,126,118,8,6,2,236,120,116,122,65,57,232,117,115,229,117,112,114,55,59,69,30,39,28,8,20,0,0,0,0,0,0,99,99,20,41,17,16,4,0,1,79,61,18,1,74,0,12,24
54407333,0,,,39,21,18,1,0,1,38,21,17,19,12,7,37,20,17,37,20,17,19,9,10,8,3,5,2,0,2,0,0,0,0,0,0,16,16,4,7,1,3,0,1,0,12,9,3,0,12,0,2,3
54407334,0,,,25,12,13,0,0,0,25,12,13,8,2,6,25,12,13,25,12,13,17,10,7,9,5,4,2,1,1,0,0,0,0,0,0,13,13,2,10,1,0,0,0,0,11,11,0,0,11,0,2,6
54407335,0,,,126,52,74,7,2,5,119,50,69,66,32,34,117,49,68,116,48,68,53,18,35,34,10,24,21,7,14,0,0,0,0,0,0,55,55,16,18,12,8,0,1,0,39,33,6,3,37,0,13,10
54407336,0,,,17,10,7,0,0,0,17,10,7,9,6,3,17,10,7,16,9,7,8,4,4,7,4,3,5,3,2,0,0,0,0,0,0,6,6,1,2,1,1,1,0,0,4,2,2,0,5,0,1,1
54407338,1,,54407339,266,105,161,14,7,7,253,99,154,77,36,41,249,96,153,247,95,152,176,63,113,123,34,89,78,16,62,14,4,10,0,0,0,84,83,23,34,12,12,2,1,0,60,49,11,2,66,0,20,18
54407339,2,54407338,,1,1,0,*,*,*,*,*,*,*,*,*,*,*,*,*,*,*,*,*,*,*,*,*,*,*,*,*,*,*,*,*,*,1,1,*,*,*,*,*,*,*,*,*,*,*,*,*,*,*
54407340,2,54407341,,1,0,1,*,*,*,*,*,*,*,*,*,*,*,*,*,*,*,*,*,*,*,*,*,*,*,*,*,*,*,*,*,*,1,1,*,*,*,*,*,*,*,*,*,*,*,*,*,*,*
54407341,1,,54407340,372,184,188,41,21,20,332,163,169,187,87,100,323,159,164,321,158,163,145,76,69,71,34,37,29,15,14,1,0,1,0,0,0,142,142,32,54,22,20,8,3,4,111,85,26,7,96,0,20,33
54407342,0,,,176,83,93,9,6,3,167,77,90,84,42,42,160,74,86,159,73,86,83,35,48,41,16,25,17,5,12,3,1,2,2,0,2,69,69,14,27,12,10,4,2,0,55,46,9,0,52,0,8,14
54407343,0,,,12,4,8,0,0,0,12,4,8,2,0,2,12,4,8,12,4,8,10,4,6,6,2,4,1,0,1,0,0,0,0,0,0,6,6,2,2,2,0,0,0,0,4,3,1,0,6,0,2,2
54407344,0,,,91,46,45,4,1,3,87,45,42,44,26,18,83,44,39,81,42,39,43,19,24,23,10,13,8,2,6,0,0,0,0,0,0,38,38,10,13,10,2,2,0,1,28,20,8,1,31,0,8,8
54407345,0,,,86,42,44,4,1,3,82,41,41,37,18,19,82,41,41,82,41,41,45,23,22,27,11,16,18,6,12,1,0,1,0,0,0,40,40,11,16,9,4,0,0,0,29,24,5,1,30,0,8,8
54407346,0,,,57,31,26,0,0,0,57,31,26,16,11,5,56,30,26,56,30,26,41,20,21,26,11,15,14,5,9,1,0,1,0,0,0,29,29,9,15,2,3,0,0,0,20,19,1,0,26,0,7,11
54407348,0,,,204,106,98,10,8,2,194,98,96,99,55,44,192,96,96,189,94,95,95,43,52,60,25,35,26,13,13,1,0,1,1,0,1,86,86,21,34,17,7,6,1,0,63,51,12,4,63,0,15,19
54407349,0,,,24,13,11,4,3,1,20,10,10,10,5,5,18,8,10,17,8,9,10,5,5,5,2,3,0,0,0,0,0,0,0,0,0,8,8,2,3,1,0,1,0,1,6,5,1,0,6,0,1,3
54407350,0,,,38,18,20,4,2,2,34,16,18,18,10,8,34,16,18,33,16,17,16,6,10,5,2,3,2,1,1,0,0,0,2,0,2,17,17,6,5,3,2,1,0,0,11,7,4,2,12,0,4,2
54407351,0,,,547,271,276,33,18,15,513,252,261,249,127,122,497,245,252,487,240,247,264,125,139,140,59,81,44,12,32,6,2,4,1,0,1,230,230,52,95,48,22,8,2,3,178,145,33,8,165,0,36,57
54407352,0,,,109,49,60,6,3,3,103,46,57,58,28,30,101,45,56,99,45,54,45,18,27,24,9,15,8,3,5,3,2,1,1,0,1,48,48,15,14,13,4,1,1,0,33,27,6,2,29,0,9,9
54407353,0,,,33,16,17,2,1,1,31,15,16,11,5,6,31,15,16,31,15,16,20,10,10,11,4,7,4,1,3,0,0,0,1,0,1,15,15,4,8,1,1,0,1,0,11,8,3,0,13,0,3,5
54407354,1,,54407365,54,25,29,0,0,0,59,27,32,22,11,11,58,27,31,58,27,31,37,16,21,20,6,14,11,3,8,3,0,3,0,0,0,23,23,6,11,6,2,1,0,0,20,14,6,0,23,0,5,5
54407355,0,,,19,10,9,1,1,0,18,9,9,10,6,4,17,9,8,17,9,8,8,3,5,4,2,2,1,1,0,0,0,0,0,0,0,8,8,0,6,1,1,0,0,0,8,8,0,0,5,0,0,2
54407356,0,,,36,19,17,4,2,2,32,17,15,17,9,8,31,17,14,31,17,14,15,8,7,11,5,6,6,3,3,0,0,0,0,0,0,14,14,3,5,2,3,1,0,0,11,9,2,1,10,0,2,3
54407358,0,,,210,107,103,13,7,6,197,100,97,86,48,38,189,97,92,187,95,92,111,52,59,54,19,35,28,7,21,1,0,1,0,0,0,85,85,23,31,14,7,6,3,1,62,45,17,0,71,1,20,20
54407359,0,,,55,30,25,3,0,3,52,30,22,29,17,12,51,29,22,48,26,22,23,13,10,13,6,7,5,1,4,0,0,0,0,0,0,18,18,4,5,1,4,3,0,1,14,11,3,1,15,0,4,4
54407360,0,,,47,24,23,4,3,1,43,21,22,24,12,12,42,21,21,42,21,21,19,9,10,10,4,6,2,0,2,0,0,0,0,0,0,19,19,8,6,2,0,0,0,3,11,7,4,1,13,0,4,2
54407361,0,,,278,149,129,27,15,12,249,132,117,122,71,51,238,124,114,235,123,112,127,61,66,55,21,34,24,9,15,1,0,1,2,0,2,110,110,26,40,21,11,9,2,1,84,67,17,3,81,0,19,21
54407362,0,,,110,57,53,6,5,1,104,52,52,51,24,27,104,52,52,103,52,51,53,28,25,23,10,13,12,5,7,1,0,1,0,0,0,47,47,12,18,8,7,2,0,0,35,29,6,0,34,0,9,11
54407363,0,,,39,17,22,7,3,4,32,14,18,16,7,9,31,13,18,31,13,18,16,7,9,9,2,7,4,0,4,0,0,0,0,0,0,15,15,5,4,2,2,1,0,1,10,6,4,1,11,0,4,3
54407364,0,,,46,22,24,1,1,0,45,21,24,23,14,9,44,20,24,44,20,24,22,7,15,13,4,9,6,0,6,1,0,1,0,0,0,21,21,6,8,4,3,0,0,0,15,12,3,0,14,0,4,3
54407365,2,54407354,,5,2,3,*,*,*,*,*,*,*,*,*,*,*,*,*,*,*,*,*,*,*,*,*,*,*,*,*,*,*,*,*,*,3,3,*,*,*,*,*,*,*,*,*,*,*,*,*,*,*
54407366,1,,54407376,19,10,9,0,0,0,25,13,12,6,4,2,25,13,12,25,13,12,19,9,10,11,4,7,5,2,3,1,0,1,0,0,0,11,11,6,3,3,1,0,0,0,7,5,2,0,13,0,6,3
54407368,0,,,157,85,72,9,4,5,148,81,67,65,36,29,146,80,66,145,79,66,83,45,38,49,26,23,17,10,7,0,0,0,0,0,0,74,74,24,30,12,5,1,2,0,50,45,5,1,54,0,16,17
54407369,0,,,50,24,26,1,1,0,49,23,26,24,12,12,48,23,25,48,23,25,25,11,14,13,6,7,6,3,3,1,0,1,0,0,0,23,23,8,5,8,2,0,0,0,15,13,2,1,18,0,7,3
54407370,0,,,21,8,13,2,1,1,19,7,12,10,3,7,18,7,11,18,7,11,9,4,5,3,1,2,2,0,2,0,0,0,1,0,1,7,7,0,4,1,0,2,0,0,7,4,3,0,6,0,0,3
54407371,0,,,166,86,80,8,6,2,156,79,77,70,40,30,155,78,77,155,78,77,86,39,47,44,18,26,20,7,13,0,0,0,1,0,1,78,78,23,34,14,3,3,1,0,54,45,9,2,57,0,14,19
54407372,0,,,115,42,73,0,0,0,115,42,73,13,7,6,115,42,73,115,42,73,102,35,67,83,27,56,59,15,44,21,5,16,0,0,0,25,22,8,9,2,2,1,0,0,14,11,3,0,20,0,7,6
54407373,0,,,41,18,23,0,0,0,41,18,23,15,8,7,41,18,23,41,18,23,26,10,16,17,6,11,4,1,3,0,0,0,0,0,0,20,20,5,10,4,1,0,0,0,15,13,2,0,19,0,4,5
54407374,0,,,66,34,32,1,1,0,65,33,32,40,21,19,63,32,31,60,31,29,25,12,13,12,4,8,9,3,6,2,0,2,0,0,0,27,27,9,6,5,6,0,1,0,18,17,1,0,19,0,8,3
54407375,0,,,12,5,7,0,0,0,12,5,7,4,2,2,12,5,7,12,5,7,8,3,5,7,3,4,5,3,2,0,0,0,0,0,0,6,6,3,2,0,0,1,0,0,3,2,1,0,5,0,2,2
54407376,2,54407366,,6,3,3,*,*,*,*,*,*,*,*,*,*,*,*,*,*,*,*,*,*,*,*,*,*,*,*,*,*,*,*,*,*,2,2,*,*,*,*,*,*,*,*,*,*,*,*,*,*,*
54407377,2,54407378,,5,2,3,*,*,*,*,*,*,*,*,*,*,*,*,*,*,*,*,*,*,*,*,*,*,*,*,*,*,*,*,*,*,3,3,*,*,*,*,*,*,*,*,*,*,*,*,*,*,*
54407378,1,,54407377,144,70,74,6,3,3,143,69,74,69,34,35,143,69,74,141,68,73,74,35,39,43,18,25,22,6,16,3,1,2,0,0,0,64,64,16,29,15,5,2,0,0,51,41,10,1,49,0,15,16
54407379,1,,54407389,91,50,41,0,0,0,95,51,44,36,20,16,93,50,43,92,50,42,59,31,28,32,13,19,15,2,13,0,0,0,1,0,1,46,46,18,22,6,1,1,1,0,30,26,4,0,40,0,14,12
54407380,0,,,21,8,13,1,0,1,20,8,12,9,4,5,20,8,12,20,8,12,11,4,7,4,1,3,1,0,1,0,0,0,0,0,0,10,10,3,4,2,1,0,0,0,7,6,1,1,7,0,2,4
54407381,0,,,166,80,86,16,11,5,150,69,81,93,46,47,145,65,80,142,65,77,57,23,34,25,9,16,8,1,7,1,0,1,1,0,1,71,71,22,26,8,9,4,2,0,49,44,5,3,43,0,16,11
54407383,0,,,52,22,30,2,0,2,50,22,28,28,14,14,49,21,28,49,21,28,22,8,14,12,3,9,7,2,5,1,1,0,1,0,1,26,26,10,7,8,1,0,0,0,16,14,2,2,20,0,7,1
54407384,0,,,26,14,12,1,0,1,25,14,11,6,5,1,25,14,11,25,14,11,19,9,10,14,7,7,3,2,1,0,0,0,0,0,0,12,12,2,7,2,1,0,0,0,10,10,0,0,12,0,2,5
54407385,1,,54407386,13,7,6,2,2,0,14,6,8,6,2,4,14,6,8,14,6,8,8,4,4,2,0,2,0,0,0,0,0,0,0,0,0,6,6,2,2,2,1,0,0,0,5,5,0,1,6,0,2,1
54407386,2,54407385,,3,1,2,*,*,*,*,*,*,*,*,*,*,*,*,*,*,*,*,*,*,*,*,*,*,*,*,*,*,*,*,*,*,1,1,*,*,*,*,*,*,*,*,*,*,*,*,*,*,*
54407388,0,,,110,52,58,5,2,3,105,50,55,49,22,27,104,50,54,103,50,53,56,28,28,32,14,18,18,5,13,2,1,1,1,0,1,50,50,18,15,13,2,0,0,2,32,22,10,1,36,0,10,8
54407389,2,54407379,,4,1,3,*,*,*,*,*,*,*,*,*,*,*,*,*,*,*,*,*,*,*,*,*,*,*,*,*,*,*,*,*,*,3,3,*,*,*,*,*,*,*,*,*,*,*,*,*,*,*
54407390,0,,,42,20,22,1,1,0,41,19,22,12,6,6,41,19,22,40,18,22,29,13,16,10,3,7,4,1,3,0,0,0,0,0,0,21,21,4,14,2,1,0,0,0,17,15,2,0,19,0,4,10
54407391,0,,,110,57,53,6,3,3,104,54,50,48,26,22,100,53,47,98,51,47,56,28,28,30,13,17,13,6,7,1,1,0,0,0,0,48,48,15,18,5,8,1,0,1,33,27,6,0,38,0,9,13
54407393,0,,,66,36,30,3,1,2,62,34,28,27,16,11,62,34,28,62,34,28,35,18,17,21,8,13,10,4,6,0,0,0,0,0,0,31,31,8,14,8,0,0,1,0,23,20,3,2,24,0,6,7
54407394,0,,,9,5,4,0,0,0,9,5,4,6,3,3,9,5,4,9,5,4,3,2,1,2,1,1,2,1,1,0,0,0,0,0,0,6,6,4,1,1,0,0,0,0,2,1,1,0,3,0,3,0
54407395,0,,,8,4,4,0,0,0,8,4,4,5,3,2,8,4,4,7,3,4,3,1,2,3,1,2,2,1,1,1,0,1,0,0,0,4,4,2,1,0,1,0,0,0,2,2,0,0,2,0,1,1
54407397,0,,,97,46,51,2,2,0,95,44,51,35,20,15,95,44,51,95,44,51,60,24,36,35,13,22,20,7,13,1,0,1,1,0,1,53,53,24,18,7,4,0,0,0,29,23,6,1,43,0,19,11
54407398,0,,,103,54,49,1,0,1,102,54,48,38,20,18,101,53,48,101,53,48,64,34,30,39,17,22,11,4,7,1,1,0,0,0,0,53,53,18,24,7,4,0,0,0,35,28,7,0,42,0,14,16
54407400,0,,,74,38,36,13,7,6,61,31,30,36,21,15,60,30,30,58,29,29,25,10,15,10,3,7,6,1,5,2,0,2,0,0,0,29,29,11,8,2,3,2,2,1,18,14,4,1,19,0,9,7
54407401,0,,,10,5,5,1,1,0,9,4,5,3,1,2,8,4,4,8,4,4,6,3,3,3,1,2,2,1,1,0,0,0,0,0,0,4,4,1,1,1,1,0,0,0,3,2,1,0,3,0,1,1
54407402,0,,,64,33,31,2,2,0,62,31,31,24,14,10,62,31,31,61,30,31,38,17,21,17,8,9,5,3,2,1,0,1,1,0,1,28,28,5,14,6,2,1,0,0,23,20,3,0,25,0,5,10
54407403,0,,,108,50,58,3,1,2,105,49,56,57,27,30,103,49,54,100,46,54,48,22,26,26,9,17,10,2,8,0,0,0,0,0,0,43,43,14,11,5,9,3,1,0,29,20,9,1,35,0,11,6
54407408,1,,54407409,19,8,11,1,0,1,19,8,11,12,4,8,18,8,10,17,8,9,7,4,3,2,1,1,0,0,0,0,0,0,0,0,0,7,7,1,3,3,1,0,0,0,7,7,0,0,5,0,0,1
54407409,2,54407408,,1,0,1,*,*,*,*,*,*,*,*,*,*,*,*,*,*,*,*,*,*,*,*,*,*,*,*,*,*,*,*,*,*,1,1,*,*,*,*,*,*,*,*,*,*,*,*,*,*,*
54407410,0,,,25,13,12,0,0,0,25,13,12,12,9,3,24,12,12,23,11,12,13,4,9,5,1,4,2,1,1,1,1,0,0,0,0,13,13,5,5,2,1,0,0,0,8,8,0,0,10,0,4,3
54407412,0,,,21,10,11,1,1,0,20,9,11,13,6,7,20,9,11,20,9,11,7,3,4,6,2,4,5,1,4,0,0,0,0,0,0,10,10,5,2,1,1,1,0,0,4,2,2,0,5,2,3,0
54407413,0,,,429,221,208,29,16,13,400,205,195,226,118,108,384,194,190,381,192,189,174,87,87,94,45,49,33,13,20,1,0,1,1,0,1,165,165,24,69,35,26,9,1,1,141,115,26,1,113,0,20,38
54407414,0,,,12,6,6,0,0,0,12,6,6,5,2,3,12,6,6,12,6,6,7,4,3,5,2,3,2,1,1,0,0,0,0,0,0,8,8,5,2,1,0,0,0,0,3,3,0,0,7,0,4,1
54407415,2,54407416,,3,2,1,*,*,*,*,*,*,*,*,*,*,*,*,*,*,*,*,*,*,*,*,*,*,*,*,*,*,*,*,*,*,1,1,*,*,*,*,*,*,*,*,*,*,*,*,*,*,*
54407416,1,,54407415,13,6,7,0,0,0,16,8,8,10,5,5,16,8,8,15,8,7,6,3,3,3,1,2,0,0,0,0,0,0,0,0,0,5,5,1,1,3,1,0,0,0,5,4,1,0,4,0,1,0
54407418,1,,54407429,8,4,4,0,0,0,10,5,5,4,2,2,10,5,5,10,5,5,6,3,3,2,1,1,2,1,1,0,0,0,0,0,0,5,5,2,4,0,0,0,0,0,4,4,0,0,5,0,2,2
54407420,0,,,49,26,23,4,2,2,45,24,21,19,12,7,44,24,20,43,23,20,26,12,14,12,5,7,4,1,3,1,0,1,0,0,0,20,20,3,10,3,3,1,0,0,17,15,2,1,16,0,3,6
54407422,0,,,26,13,13,0,0,0,26,13,13,12,5,7,26,13,13,26,13,13,14,8,6,5,4,1,1,1,0,0,0,0,0,0,0,12,12,4,2,6,0,0,0,0,8,8,0,0,8,0,1,1
54407423,1,,54407424,296,140,156,10,5,5,287,135,152,132,66,66,285,134,151,285,134,151,155,69,86,92,37,55,48,16,32,2,1,1,1,0,1,119,118,27,53,25,11,2,0,1,91,79,12,3,86,0,18,32
54407424,2,54407423,,1,0,1,*,*,*,*,*,*,*,*,*,*,*,*,*,*,*,*,*,*,*,*,*,*,*,*,*,*,*,*,*,*,1,1,*,*,*,*,*,*,*,*,*,*,*,*,*,*,*
54407429,2,54407418,,2,1,1,*,*,*,*,*,*,*,*,*,*,*,*,*,*,*,*,*,*,*,*,*,*,*,*,*,*,*,*,*,*,1,1,*,*,*,*,*,*,*,*,*,*,*,*,*,*,*
54407430,1,,54407440,60,27,33,0,0,0,65,30,35,21,9,12,65,30,35,65,30,35,44,21,23,21,10,11,13,4,9,2,0,2,0,0,0,26,26,5,13,7,2,1,0,0,23,16,7,0,25,0,5,9
54407432,0,,,20,8,12,0,0,0,20,8,12,6,3,3,20,8,12,20,8,12,14,5,9,8,2,6,2,1,1,0,0,0,0,0,0,11,11,5,4,1,1,0,0,0,5,4,1,0,10,0,5,1
54407433,0,,,207,99,108,7,2,5,200,97,103,83,42,41,200,97,103,199,96,103,117,55,62,64,25,39,24,8,16,2,1,1,0,0,0,90,90,19,41,19,8,1,2,0,71,60,11,1,76,0,15,27
54407434,1,,54407435,23,12,11,2,1,1,25,13,12,9,6,3,25,13,12,25,13,12,16,7,9,7,3,4,6,2,4,1,0,1,0,0,0,10,10,5,4,2,2,0,0,0,8,6,2,1,10,0,4,1
54407435,2,54407434,,4,2,2,*,*,*,*,*,*,*,*,*,*,*,*,*,*,*,*,*,*,*,*,*,*,*,*,*,*,*,*,*,*,3,3,*,*,*,*,*,*,*,*,*,*,*,*,*,*,*
54407440,2,54407430,,5,3,2,*,*,*,*,*,*,*,*,*,*,*,*,*,*,*,*,*,*,*,*,*,*,*,*,*,*,*,*,*,*,2,2,*,*,*,*,*,*,*,*,*,*,*,*,*,*,*
54407442,0,,,81,41,40,1,0,1,80,41,39,24,13,11,80,41,39,79,40,39,56,28,28,29,13,16,13,6,7,1,0,1,1,0,1,43,43,16,19,5,3,0,0,0,27,25,2,0,39,0,15,14
54407443,0,,,116,58,58,0,0,0,116,58,58,48,29,19,116,58,58,115,58,57,68,29,39,36,15,21,12,5,7,1,1,0,0,0,0,52,52,10,28,9,4,0,0,1,42,37,5,0,43,0,9,15
54407444,0,,,14,6,8,5,2,3,9,4,5,6,3,3,9,4,5,9,4,5,3,1,2,1,0,1,1,0,1,0,0,0,0,0,0,5,5,1,2,0,1,1,0,0,4,4,0,1,2,0,1,1
54407450,0,,,23,10,13,1,0,1,22,10,12,11,6,5,22,10,12,21,9,12,11,4,7,5,1,4,4,1,3,0,0,0,0,0,0,10,10,3,3,3,0,1,0,0,7,7,0,0,7,0,2,3
54407451,1,,54407460,67,33,34,1,0,1,70,34,36,32,21,11,68,32,36,68,32,36,38,13,25,26,8,18,11,2,9,2,1,1,0,0,0,29,29,13,11,5,2,0,1,1,20,13,7,0,28,0,10,6
54407452,0,,,28,14,14,0,0,0,28,14,14,18,10,8,27,14,13,26,13,13,10,4,6,6,2,4,2,0,2,1,0,1,0,0,0,13,13,3,8,0,1,1,0,0,9,8,1,0,7,0,2,3
54407453,0,,,137,41,96,0,0,0,137,41,96,29,17,12,136,41,95,135,41,94,108,24,84,94,18,76,77,15,62,16,2,14,0,0,0,26,25,10,7,5,1,1,1,0,15,12,3,0,20,0,8,2
54407454,0,,,58,29,29,2,1,1,56,28,28,21,10,11,56,28,28,54,27,27,35,18,17,8,3,5,3,0,3,0,0,0,1,0,1,28,28,8,13,5,1,1,0,0,20,19,1,0,22,0,8,9
54407458,2,54407467,,7,2,5,*,*,*,*,*,*,*,*,*,*,*,*,*,*,*,*,*,*,*,*,*,*,*,*,*,*,*,*,*,*,4,4,*,*,*,*,*,*,*,*,*,*,*,*,*,*,*
54407460,2,54407451,,4,1,3,*,*,*,*,*,*,*,*,*,*,*,*,*,*,*,*,*,*,*,*,*,*,*,*,*,*,*,*,*,*,4,4,*,*,*,*,*,*,*,*,*,*,*,*,*,*,*
54407461,1,,54407470,20,12,8,0,0,0,22,13,9,11,7,4,22,13,9,22,13,9,11,6,5,5,2,3,2,1,1,0,0,0,0,0,0,10,10,4,4,2,1,0,0,0,7,5,2,0,6,0,0,3
54407462,0,,,48,25,23,0,0,0,48,25,23,20,11,9,47,24,23,47,24,23,28,14,14,15,8,7,5,2,3,1,1,0,0,0,0,20,20,3,8,7,2,0,0,0,17,14,3,0,17,0,3,4
54407463,0,,,214,102,112,13,6,7,201,96,105,87,40,47,197,95,102,195,93,102,114,56,58,52,26,26,26,13,13,3,2,1,0,0,0,95,95,25,43,13,9,3,1,1,70,54,16,2,73,0,18,29
54407464,0,,,15,5,10,0,0,0,15,5,10,2,1,1,15,5,10,15,5,10,13,4,9,9,3,6,4,0,4,1,0,1,0,0,0,10,10,6,3,1,0,0,0,0,4,3,1,0,10,0,6,3
54407465,0,,,9,4,5,0,0,0,9,4,5,4,2,2,9,4,5,9,4,5,5,2,3,2,1,1,1,1,0,0,0,0,0,0,0,4,4,0,3,1,0,0,0,0,4,4,0,0,3,0,0,2
54407466,0,,,53,31,22,1,1,0,52,30,22,24,15,9,52,30,22,52,30,22,28,15,13,14,6,8,2,0,2,0,0,0,0,0,0,28,28,12,9,5,2,0,0,0,16,15,1,1,22,0,11,4
54407467,1,,54407458,4,3,1,0,0,0,11,5,6,5,3,2,11,5,6,11,5,6,6,2,4,3,1,2,0,0,0,0,0,0,0,0,0,2,2,2,3,1,0,0,0,0,4,4,0,0,5,0,2,1
54407470,2,54407461,,2,1,1,*,*,*,*,*,*,*,*,*,*,*,*,*,*,*,*,*,*,*,*,*,*,*,*,*,*,*,*,*,*,1,1,*,*,*,*,*,*,*,*,*,*,*,*,*,*,*
54407472,0,,,108,58,50,1,0,1,107,58,49,44,27,17,107,58,49,106,57,49,63,31,32,33,14,19,22,9,13,2,1,1,0,0,0,50,50,10,27,9,3,1,0,0,39,35,4,0,39,0,9,12
54407473,0,,,16,8,8,0,0,0,16,8,8,8,5,3,16,8,8,16,8,8,8,3,5,5,1,4,5,1,4,1,0,1,0,0,0,5,5,0,2,1,1,1,0,0,4,2,2,0,5,0,0,0
54407474,0,,,43,20,23,0,0,0,43,20,23,16,8,8,43,20,23,43,20,23,27,12,15,14,4,10,8,0,8,1,0,1,0,0,0,20,20,7,7,4,1,0,1,0,13,8,5,0,18,0,5,5
54407475,0,,,64,33,31,3,2,1,61,31,30,30,18,12,59,29,30,58,29,29,31,13,18,23,9,14,7,3,4,0,0,0,0,0,0,25,25,5,8,7,4,0,1,0,20,17,3,0,20,0,5,7
54407476,0,,,40,20,20,3,2,1,37,18,19,17,9,8,37,18,19,37,18,19,20,9,11,11,3,8,4,1,3,0,0,0,0,0,0,20,20,8,9,0,1,2,0,0,12,10,2,0,13,1,5,7
54407479,0,,,24,12,12,4,1,3,20,11,9,11,6,5,18,9,9,17,9,8,9,5,4,5,3,2,3,2,1,0,0,0,0,0,0,8,8,3,1,0,2,1,1,0,5,4,1,1,5,0,3,0
54407480,0,,,31,16,15,2,2,0,29,14,15,10,5,5,29,14,15,29,14,15,19,9,10,6,2,4,5,1,4,0,0,0,0,0,0,13,13,3,4,4,2,0,0,0,10,9,1,1,11,0,3,3
54407481,0,,,13,7,6,0,0,0,13,7,6,6,4,2,13,7,6,13,7,6,7,3,4,3,0,3,2,0,2,0,0,0,0,0,0,7,7,3,2,2,0,0,0,0,4,3,1,0,5,0,2,0
54407482,1,,54407492;54407493,52,24,28,5,3,2,59,29,30,29,14,15,59,29,30,59,29,30,30,15,15,13,4,9,10,3,7,2,1,1,0,0,0,21,21,8,8,3,4,3,0,0,18,13,5,1,21,0,7,5
54407483,0,,,41,20,21,0,0,0,41,20,21,12,6,6,41,20,21,41,20,21,29,14,15,11,5,6,7,2,5,1,1,0,0,0,0,16,16,0,9,5,2,0,0,0,15,11,4,0,14,0,0,7
54407484,1,,54407485,9,5,4,0,0,0,13,7,6,4,2,2,13,7,6,12,7,5,9,5,4,5,2,3,2,1,1,0,0,0,0,0,0,5,5,4,1,1,1,0,0,0,3,1,2,0,6,0,3,0
54407485,2,54407484,,4,2,2,*,*,*,*,*,*,*,*,*,*,*,*,*,*,*,*,*,*,*,*,*,*,*,*,*,*,*,*,*,*,2,2,*,*,*,*,*,*,*,*,*,*,*,*,*,*,*
54407487,1,,54407498,19,9,10,0,0,0,20,9,11,7,5,2,20,9,11,20,9,11,13,4,9,8,2,6,3,0,3,1,0,1,0,0,0,9,9,3,4,3,0,0,0,0,7,6,1,0,9,0,3,1
54407490,0,,,60,32,28,3,2,1,57,30,27,39,24,15,55,28,27,52,26,26,18,6,12,10,2,8,4,0,4,0,0,0,0,0,0,18,18,5,3,2,3,1,3,1,13,7,6,1,14,0,4,1
54407491,0,,,69,30,39,1,1,0,68,29,39,29,12,17,67,28,39,67,28,39,39,17,22,20,5,15,11,2,9,2,0,2,0,0,0,31,31,10,11,5,4,0,1,0,21,16,5,1,27,0,8,7
54407492,2,54407482,,6,4,2,*,*,*,*,*,*,*,*,*,*,*,*,*,*,*,*,*,*,*,*,*,*,*,*,*,*,*,*,*,*,2,2,*,*,*,*,*,*,*,*,*,*,*,*,*,*,*
54407493,2,54407482,,6,4,2,*,*,*,*,*,*,*,*,*,*,*,*,*,*,*,*,*,*,*,*,*,*,*,*,*,*,*,*,*,*,3,3,*,*,*,*,*,*,*,*,*,*,*,*,*,*,*
54407498,2,54407487,,1,0,1,*,*,*,*,*,*,*,*,*,*,*,*,*,*,*,*,*,*,*,*,*,*,*,*,*,*,*,*,*,*,1,1,*,*,*,*,*,*,*,*,*,*,*,*,*,*,*
54407500,0,,,259,124,135,11,4,7,248,120,128,110,54,56,245,117,128,242,116,126,138,66,72,80,38,42,20,12,8,0,0,0,2,0,2,122,122,26,68,16,11,1,0,0,96,91,5,2,88,0,17,43
54407501,0,,,2377,1149,1228,216,100,116,2070,1008,1062,1339,696,643,2003,975,1028,1980,963,1017,731,312,419,396,153,243,140,46,94,10,0,10,14,3,11,1207,1205,585,323,162,108,22,4,1,617,572,45,51,468,129,176,131
54407502,0,,,1912,1021,891,180,94,86,1720,924,796,1148,654,494,1682,903,779,1652,886,766,572,270,302,284,120,164,83,30,53,8,1,7,22,14,8,1000,1000,486,272,134,69,32,5,2,507,463,44,39,409,64,150,101
54407503,0,,,83,45,38,1,1,0,77,42,35,39,25,14,74,42,32,72,41,31,38,17,21,21,9,12,7,3,4,1,0,1,0,0,0,49,49,30,8,9,1,0,1,0,18,15,3,0,26,5,10,4
54407510,2,54407511,,9,7,2,*,*,*,*,*,*,*,*,*,*,*,*,*,*,*,*,*,*,*,*,*,*,*,*,*,*,*,*,*,*,5,5,*,*,*,*,*,*,*,*,*,*,*,*,*,*,*
54407511,1,,54407510;54407520,2606,1265,1341,298,151,147,2270,1100,1170,1395,739,656,2197,1065,1132,2152,1043,1109,875,361,514,468,171,297,158,47,111,16,6,10,19,10,9,1261,1259,561,346,176,135,34,10,3,698,630,68,86,602,102,245,165
54407512,0,,,3929,1979,1950,401,194,207,3396,1727,1669,2268,1218,1050,3295,1675,1620,3237,1644,1593,1128,509,619,596,245,351,196,62,134,11,3,8,64,27,37,2005,2002,958,517,296,167,47,11,6,1030,921,109,109,780,86,298,206
54407513,0,,,1308,701,607,99,46,53,1157,632,525,719,442,277,1128,613,515,1115,607,508,438,190,248,234,98,136,60,20,40,7,1,6,9,6,3,702,702,372,166,87,53,16,6,2,327,292,35,21,308,74,116,76
54407520,2,54407511,,1,0,1,*,*,*,*,*,*,*,*,*,*,*,*,*,*,*,*,*,*,*,*,*,*,*,*,*,*,*,*,*,*,1,1,*,*,*,*,*,*,*,*,*,*,*,*,*,*,*
54407521,0,,,2100,1025,1075,198,106,92,1900,919,981,1177,580,597,1830,885,945,1784,857,927,723,339,384,339,148,191,86,34,52,5,2,3,11,6,5,883,883,210,330,194,109,30,8,2,672,610,62,44,476,15,114,176
54407522,0,,,3214,1566,1648,362,176,186,2813,1373,1440,1723,918,805,2729,1335,1394,2681,1307,1374,1090,455,635,633,237,396,251,78,173,16,5,11,27,10,17,1476,1471,579,433,240,151,52,15,1,879,786,93,116,712,54,257,190
54407523,1,,54407524,2784,1376,1408,312,160,152,2427,1197,1230,1680,885,795,2328,1140,1188,2266,1109,1157,747,312,435,418,167,251,117,45,72,4,1,3,13,3,10,1299,1296,534,336,220,146,50,10,1,753,682,71,83,538,80,213,137
54407524,2,54407523,,3,2,1,*,*,*,*,*,*,*,*,*,*,*,*,*,*,*,*,*,*,*,*,*,*,*,*,*,*,*,*,*,*,1,1,*,*,*,*,*,*,*,*,*,*,*,*,*,*,*
54407531,0,,,448,222,226,13,7,6,435,215,220,194,102,92,424,212,212,419,208,211,241,113,128,115,51,64,35,10,25,3,0,3,3,1,2,211,211,59,90,45,14,1,1,1,151,131,20,2,162,4,43,56
54407532,0,,,1256,612,644,117,57,60,1122,545,577,598,312,286,1101,535,566,1087,529,558,524,233,291,274,105,169,88,29,59,7,2,5,9,5,4,619,619,258,192,96,49,18,3,3,357,324,33,29,383,14,168,96
54407533,0,,,3027,1481,1546,400,221,179,2588,1242,1346,1749,865,884,2477,1195,1282,2399,1158,1241,839,377,462,462,199,263,115,39,76,13,7,6,28,3,25,1318,1317,451,388,221,183,52,13,9,857,767,90,119,572,62,176,184
54407534,0,,,398,190,208,41,15,26,355,174,181,186,101,85,339,164,175,333,160,173,169,73,96,105,39,66,44,14,30,7,4,3,0,0,0,141,139,33,55,24,17,6,2,2,106,96,10,10,77,3,19,30
54407542,0,,,633,318,315,67,38,29,563,280,283,341,180,161,549,272,277,536,262,274,222,100,122,118,53,65,27,11,16,3,1,2,2,1,1,293,293,109,88,52,32,8,4,0,182,164,18,17,159,1,73,46
54407543,0,,,2777,1339,1438,227,120,107,2534,1215,1319,1405,716,689,2469,1182,1287,2423,1161,1262,1129,499,630,688,299,389,174,60,114,11,3,8,11,6,5,1202,1201,350,435,214,135,50,15,2,848,739,109,57,746,17,223,232
54407544,0,,,2652,1293,1359,289,154,135,2314,1119,1195,1604,807,797,2224,1073,1151,2163,1039,1124,710,312,398,330,123,207,108,29,79,17,3,14,24,10,14,1215,1213,462,365,197,126,53,9,1,737,677,60,78,479,46,182,126
54407545,0,,,124,63,61,11,6,5,109,55,54,79,42,37,108,55,53,106,54,52,30,13,17,7,2,5,2,1,1,0,0,0,0,0,0,62,62,26,19,10,5,2,0,0,35,33,2,3,20,1,4,5
54407552,0,,,1607,797,810,60,31,29,1546,766,780,1064,521,543,1511,748,763,1489,741,748,482,245,237,177,79,98,45,20,25,1,0,1,3,0,3,651,651,90,306,156,71,19,5,4,559,508,51,11,328,1,51,129
54407553,0,,,3801,1790,2011,429,223,206,3342,1556,1786,2096,1017,1079,3221,1494,1727,3153,1464,1689,1246,539,707,722,304,418,214,74,140,28,2,26,21,10,11,1499,1492,365,527,312,203,65,14,6,1120,1001,119,87,738,22,195,242
54407554,0,,,4574,2203,2371,432,207,225,4087,1975,2112,2631,1302,1329,3953,1898,2055,3863,1861,2002,1456,673,783,755,341,414,155,64,91,13,2,11,31,8,23,1960,1958,557,687,373,240,70,24,7,1392,1243,149,121,958,58,224,328
54407555,0,,,802,403,399,95,47,48,698,352,346,473,245,228,672,337,335,658,330,328,225,107,118,138,72,66,17,6,11,1,1,0,2,2,0,350,350,105,112,70,54,8,0,1,241,224,17,26,138,18,28,63
54407563,0,,,2438,1178,1260,275,133,142,2147,1040,1107,1389,710,679,2086,1008,1078,2055,988,1067,758,330,428,438,182,256,125,34,91,19,4,15,16,5,11,1005,1002,304,320,201,120,44,8,5,690,610,80,78,436,41,110,150
54407564,0,,,2340,1157,1183,304,159,145,1991,986,1005,1427,737,690,1910,944,966,1857,916,941,564,249,315,310,120,190,87,25,62,6,0,6,9,3,6,962,959,279,284,189,157,42,7,1,677,623,54,73,380,40,109,124
54407565,0,,,1047,544,503,131,72,59,898,461,437,571,319,252,877,455,422,863,447,416,327,142,185,210,95,115,53,24,29,8,1,7,8,4,4,485,484,206,129,68,55,22,4,0,273,238,35,29,197,55,48,70
54407572,2,54407573,,9,6,3,*,*,*,*,*,*,*,*,*,*,*,*,*,*,*,*,*,*,*,*,*,*,*,*,*,*,*,*,*,*,3,3,*,*,*,*,*,*,*,*,*,*,*,*,*,*,*
54407573,1,,54407572,1280,621,659,118,66,52,1163,558,605,668,348,320,1131,538,593,1107,523,584,495,210,285,287,114,173,82,22,60,9,2,7,9,0,9,470,467,138,155,95,48,26,5,3,323,284,39,34,238,20,63,81
54407574,0,,,1405,690,715,125,61,64,1279,629,650,767,397,370,1227,597,630,1196,579,617,512,232,280,295,137,158,51,22,29,2,0,2,2,0,2,569,569,137,210,97,87,26,8,4,429,373,56,30,339,11,84,116
54407575,0,,,419,206,213,27,13,14,390,192,198,211,105,106,376,184,192,368,179,189,179,87,92,91,39,52,29,12,17,3,0,3,1,0,1,170,170,33,78,28,17,10,2,2,136,108,28,6,115,2,20,48
54407580,2,54407590,,6,1,5,*,*,*,*,*,*,*,*,*,*,*,*,*,*,*,*,*,*,*,*,*,*,*,*,*,*,*,*,*,*,3,3,*,*,*,*,*,*,*,*,*,*,*,*,*,*,*
54407583,0,,,382,170,212,20,10,10,362,160,202,161,81,80,352,157,195,350,157,193,201,79,122,146,51,95,70,14,56,11,0,11,2,1,1,117,113,23,36,32,14,5,3,0,89,75,14,6,69,0,11,20
54407584,0,,,840,417,423,112,66,46,726,350,376,550,267,283,691,339,352,669,327,342,176,83,93,85,33,52,17,6,11,0,0,0,15,2,13,339,339,84,107,73,58,13,3,1,255,243,12,24,120,14,30,39
54407585,0,,,1844,896,948,255,128,127,1584,766,818,1066,520,546,1519,738,781,1486,729,757,518,246,272,285,124,161,86,32,54,6,2,4,4,2,2,698,697,156,209,160,120,40,10,2,535,455,80,57,351,12,88,93
54407586,0,,,388,204,184,40,28,12,348,176,172,195,106,89,341,170,171,337,169,168,153,70,83,82,32,50,29,11,18,2,0,2,0,0,0,155,155,38,50,34,21,9,2,1,117,92,25,6,101,0,22,26
54407590,1,,54407580,14,7,7,0,0,0,20,8,12,9,5,4,20,8,12,20,8,12,11,3,8,8,1,7,3,1,2,0,0,0,0,0,0,7,7,4,3,2,1,0,0,0,6,5,1,0,8,0,4,2
54407593,0,,,188,94,94,42,20,22,144,73,71,103,56,47,137,66,71,135,65,70,41,17,24,23,9,14,7,0,7,0,0,0,1,0,1,66,66,16,15,8,19,7,0,1,49,43,6,12,29,0,11,7
54407594,0,,,2672,1334,1338,460,247,213,2204,1086,1118,1492,742,750,2107,1033,1074,2066,1012,1054,712,344,368,303,148,155,72,23,49,3,1,2,22,6,16,982,980,148,349,210,197,63,13,0,832,767,65,100,447,14,72,200
54407595,0,,,2242,1080,1162,312,171,141,1911,901,1010,1263,612,651,1846,873,973,1804,851,953,648,289,359,362,145,217,124,36,88,18,4,14,12,3,9,858,856,231,274,148,131,52,16,4,615,538,77,90,355,35,67,132
54407596,0,,,1036,508,528,78,41,37,958,467,491,396,205,191,947,461,486,935,456,479,562,262,300,266,140,126,52,16,36,4,1,3,7,0,7,421,420,76,192,85,49,16,2,0,342,303,39,22,323,1,61,137
