KEY_CODE,HTKSYORI,HTKSAKI,GASSAN,T001140001,T001140002,T001140003,T001140004,T001140005,T001140006,T001140007,T001140008,T001140009,T001140010,T001140011,T001140012,T001140013,T001140014,T001140015,T001140016,T001140017,T001140018,T001140019,T001140020,T001140021,T001140022,T001140023,T001140024,T001140025,T001140026,T001140027,T001140028,T001140029,T001140030,T001140031,T001140032,T001140033,T001140034,T001140035,T001140036,T001140037,T001140038,T001140039,T001140040,T001140041,T001140042,T001140043,T001140044,T001140045,T001140046,T001140047,T001140048,T001140049,T001140050
,,,,Å@êlå˚ÅiëçêîÅj,Å@êlå˚ÅiëçêîÅjÅ@íj,Å@êlå˚ÅiëçêîÅjÅ@èó,Å@ÇOÅ`ÇPÇSçŒêlå˚Å@ëçêî,Å@ÇOÅ`ÇPÇSçŒêlå˚Å@íj,Å@ÇOÅ`ÇPÇSçŒêlå˚Å@èó,Å@ÇPÇTçŒà»è„êlå˚Å@ëçêî,Å@ÇPÇTçŒà»è„êlå˚Å@íj,Å@ÇPÇTçŒà»è„êlå˚Å@èó,Å@ÇPÇTÅ`ÇUÇSçŒêlå˚Å@ëçêî,Å@ÇPÇTÅ`ÇUÇSçŒêlå˚Å@íj,Å@ÇPÇTÅ`ÇUÇSçŒêlå˚Å@èó,Å@ÇPÇWçŒà»è„êlå˚Å@ëçêî,Å@ÇPÇWçŒà»è„êlå˚Å@íj,Å@ÇPÇWçŒà»è„êlå˚Å@èó,Å@ÇQÇOçŒà»è„êlå˚Å@ëçêî,Å@ÇQÇOçŒà»è„êlå˚Å@íj,Å@ÇQÇOçŒà»è„êlå˚Å@èó,Å@ÇUÇTçŒà»è„êlå˚Å@ëçêî,Å@ÇUÇTçŒà»è„êlå˚Å@íj,Å@ÇUÇTçŒà»è„êlå˚Å@èó,Å@ÇVÇTçŒà»è„êlå˚Å@ëçêî,Å@ÇVÇTçŒà»è„êlå˚Å@íj,Å@ÇVÇTçŒà»è„êlå˚Å@èó,Å@ÇWÇTçŒà»è„êlå˚Å@ëçêî,Å@ÇWÇTçŒà»è„êlå˚Å@íj,Å@ÇWÇTçŒà»è„êlå˚Å@èó,Å@ÇXÇTçŒà»è„êlå˚Å@ëçêî,Å@ÇXÇTçŒà»è„êlå˚Å@íj,Å@ÇXÇTçŒà»è„êlå˚Å@èó,Å@äOçëêlêlå˚Å@ëçêî,Å@äOçëêlêlå˚Å@íj,Å@äOçëêlêlå˚Å@èó,Å@ê¢ë—ëçêî,Å@àÍî ê¢ë—êî,Å@ÇPêlê¢ë—êîÅ@àÍî ê¢ë—êî,Å@ÇQêlê¢ë—êîÅ@àÍî ê¢ë—êî,Å@ÇRêlê¢ë—êîÅ@àÍî ê¢ë—êî,Å@ÇSêlê¢ë—êîÅ@àÍî ê¢ë—êî,Å@ÇTêlê¢ë—êîÅ@àÍî ê¢ë—êî,Å@ÇUêlê¢ë—êîÅ@àÍî ê¢ë—êî,Å@ÇVêlà»è„ê¢ë—êîÅ@àÍî ê¢ë—êî,Å@êeë∞ÇÃÇ›ÇÃê¢ë—êîÅ@àÍî ê¢ë—êî,Å@äjâ∆ë∞ê¢ë—êîÅ@àÍî ê¢ë—êî,Å@äjâ∆ë∞à»äOÇÃê¢ë—êîÅ@àÍî ê¢ë—êî,Å@ÇUçŒñ¢ñûê¢ë—àıÇÃÇ¢ÇÈê¢ë—êîÅ@àÍî ê¢ë—êî,Å@ÇUÇTçŒà»è„ê¢ë—àıÇÃÇ¢ÇÈê¢ë—êîÅ@àÍî ê¢ë—êî,Å@ê¢ë—éÂÇÃîNóÓÇ™ÇQÇOÅ`ÇQÇXçŒÇÃÇPêlê¢ë—êîÅ@àÍî ê¢ë—êî,Å@çÇóÓíPêgê¢ë—êîÅ@àÍî ê¢ë—êî,Å@çÇóÓïvïwê¢ë—êîÅ@àÍî ê¢ë—êî
52350000,0,,,5804,2854,2950,866,426,440,4603,2267,2336,3564,1793,1771,4393,2156,2237,4251,2089,2162,1039,474,565,517,226,291,135,43,92,12,3,9,52,30,22,2350,2346,769,574,441,424,111,22,5,1524,1450,74,194,626,80,160,213
52350001,0,,,7169,3716,3453,957,511,446,5474,2833,2641,4402,2339,2063,5294,2747,2547,5143,2668,2475,1072,494,578,446,187,259,138,37,101,8,1,7,131,82,49,3562,3559,1825,684,485,407,133,17,8,1639,1552,87,272,706,244,224,221
52350002,0,,,8950,4543,4407,670,338,332,6852,3540,3312,5412,2858,2554,6663,3442,3221,6360,3279,3081,1440,682,758,600,245,355,196,60,136,18,2,16,121,70,51,5055,5050,3089,918,543,377,106,15,2,1873,1780,93,195,926,650,300,287
52350003,0,,,5428,2705,2723,1954,1027,927,3333,1609,1724,2905,1416,1489,3216,1546,1670,3162,1515,1647,428,193,235,200,87,113,52,21,31,1,0,1,52,23,29,1647,1644,168,291,350,602,204,24,5,1448,1417,31,619,280,8,52,118
52350004,0,,,3786,1803,1983,1067,549,518,2571,1181,1390,1865,883,982,2483,1142,1341,2447,1122,1325,706,298,408,385,154,231,161,47,114,28,8,20,14,8,6,1315,1310,290,329,238,328,110,15,0,1003,974,29,373,348,47,85,176
52350005,0,,,6579,3129,3450,1132,595,537,5310,2471,2839,3463,1624,1839,5149,2387,2762,5033,2327,2706,1847,847,1000,903,406,497,241,83,158,18,0,18,37,19,18,2509,2508,513,872,470,487,132,29,5,1965,1866,99,259,1143,29,261,471
52350006,0,,,5325,2410,2915,458,229,229,4606,2052,2554,2363,1120,1243,4494,1989,2505,4411,1950,2461,2243,932,1311,1330,546,784,348,128,220,19,4,15,58,25,33,2779,2778,1270,874,355,198,64,13,4,1443,1369,74,115,1600,48,722,471
52350007,0,,,6938,3215,3723,663,358,305,6125,2778,3347,3165,1485,1680,5970,2695,3275,5859,2632,3227,2960,1293,1667,1786,783,1003,478,205,273,25,8,17,19,7,12,3067,3067,819,1233,545,362,83,20,5,2194,2077,117,181,1934,14,562,776
52350008,0,,,9611,4386,5225,833,446,387,8515,3803,4712,5192,2376,2816,8309,3695,4614,8137,3602,4535,3323,1427,1896,1597,649,948,463,159,304,33,8,25,110,53,57,4463,4454,1464,1723,751,412,90,12,2,2922,2829,93,232,2111,204,615,829
52350009,0,,,3518,1637,1881,277,138,139,3115,1422,1693,1519,703,816,3045,1384,1661,2996,1364,1632,1596,719,877,802,356,446,240,80,160,22,3,19,50,17,33,1599,1598,498,644,250,153,36,13,4,1055,986,69,63,977,16,271,406
52350010,0,,,2744,1368,1376,454,248,206,2123,1045,1078,1591,808,783,2009,984,1025,1955,954,1001,532,237,295,212,81,131,64,15,49,3,1,2,33,13,20,944,937,183,269,189,210,66,15,5,727,675,52,77,304,8,50,123
52350011,0,,,1539,766,773,207,105,102,1218,601,617,950,477,473,1180,582,598,1157,572,585,268,124,144,103,42,61,29,10,19,2,0,2,29,17,12,711,711,307,164,120,78,29,7,6,390,362,28,62,182,27,49,50
52350012,0,,,863,456,407,75,42,33,687,359,328,472,254,218,664,347,317,647,336,311,215,105,110,92,35,57,21,7,14,2,1,1,10,7,3,457,457,248,94,57,43,9,4,2,207,179,28,26,139,30,27,50
52350013,0,,,143,68,75,33,13,20,108,54,54,76,39,37,105,54,51,104,54,50,32,15,17,12,5,7,5,1,4,0,0,0,0,0,0,47,47,7,10,13,10,5,2,0,40,33,7,9,21,1,3,5
52350014,0,,,6818,3142,3676,902,483,419,5722,2557,3165,3994,1807,2187,5556,2468,3088,5426,2400,3026,1728,750,978,834,306,528,326,90,236,28,5,23,109,71,38,3042,3041,1023,955,588,385,77,13,0,1972,1890,82,285,1129,111,367,377
52350015,0,,,4083,1959,2124,646,339,307,3329,1570,1759,2203,1015,1188,3203,1500,1703,3097,1446,1651,1126,555,571,399,203,196,81,31,50,5,2,3,24,14,10,1666,1666,430,539,317,294,70,14,2,1221,1152,69,161,683,112,100,333
52350016,0,,,2743,1297,1446,286,162,124,2320,1070,1250,1566,749,817,2256,1038,1218,2200,1013,1187,754,321,433,368,150,218,100,30,70,6,0,6,20,11,9,1295,1293,505,405,212,133,31,4,3,768,741,27,78,471,105,130,176
52350017,0,,,10964,4898,6066,1208,612,596,9571,4190,5381,5521,2484,3037,9313,4057,5256,9154,3995,5159,4050,1706,2344,2022,843,1179,511,174,337,29,8,21,84,37,47,5159,5159,1702,1917,873,543,109,14,1,3397,3277,120,356,2811,24,1068,953
52350018,0,,,10106,4641,5465,993,529,464,8764,3925,4839,5933,2727,3206,8503,3789,4714,8316,3694,4622,2831,1198,1633,1407,540,867,473,157,316,50,6,44,136,58,78,4645,4641,1657,1555,780,510,119,16,4,2890,2796,94,238,1879,146,728,588
52350019,0,,,6001,2927,3074,1124,575,549,4580,2189,2391,3179,1617,1562,4485,2142,2343,4413,2112,2301,1401,572,829,795,295,500,290,85,205,18,5,13,97,45,52,2521,2518,864,624,501,413,87,23,6,1617,1526,91,486,886,117,294,279
52350020,2,52350030,,2,0,2,*,*,*,*,*,*,*,*,*,*,*,*,*,*,*,*,*,*,*,*,*,*,*,*,*,*,*,*,*,*,2,2,*,*,*,*,*,*,*,*,*,*,*,*,*,*,*
52350021,0,,,1429,658,771,176,85,91,1242,567,675,1044,483,561,1132,512,620,1051,473,578,198,84,114,87,33,54,29,13,16,1,0,1,4,1,3,447,447,26,122,105,141,42,8,3,415,381,34,27,130,0,18,48
52350022,0,,,90,43,47,9,5,4,81,38,43,49,24,25,80,38,42,79,37,42,32,14,18,13,5,8,6,2,4,1,0,1,1,0,1,27,27,3,8,5,5,3,2,1,23,16,7,1,19,0,1,6
52350023,0,,,2390,1144,1246,182,104,78,1879,863,1016,1449,723,726,1821,831,990,1706,781,925,430,140,290,300,83,217,173,38,135,29,2,27,35,14,21,1477,1474,1118,133,92,89,34,4,4,341,304,37,34,202,349,90,40
52350024,0,,,4917,2340,2577,739,377,362,4121,1930,2191,2948,1370,1578,3887,1807,2080,3742,1743,1999,1173,560,613,417,196,221,98,40,58,4,0,4,63,32,31,1788,1787,255,619,442,376,88,4,3,1510,1460,50,150,745,7,136,340
52350025,0,,,2888,1533,1355,463,249,214,2411,1277,1134,1957,1044,913,2259,1199,1060,2042,1022,1020,454,233,221,161,78,83,45,24,21,3,2,1,12,8,4,855,851,62,265,197,237,80,8,2,783,747,36,55,291,1,42,142
52350026,0,,,4906,2191,2715,406,205,201,4410,1938,2472,2259,1027,1232,4288,1871,2417,4218,1836,2382,2151,911,1240,999,434,565,245,74,171,28,4,24,40,19,21,2159,2158,549,928,396,208,67,10,0,1573,1497,76,93,1330,35,360,561
52350027,0,,,10339,4829,5510,842,448,394,9209,4239,4970,5271,2517,2754,8931,4091,4840,8769,4009,4760,3938,1722,2216,1950,815,1135,476,154,322,24,2,22,144,68,76,4997,4994,1814,1801,810,433,121,12,3,3110,2978,132,250,2703,91,977,918
52350028,0,,,7462,3563,3899,829,427,402,6349,2992,3357,4519,2170,2349,6103,2866,3237,5921,2784,3137,1830,822,1008,869,359,510,250,92,158,19,6,13,118,49,69,3335,3334,1136,1025,620,418,114,14,7,2120,2030,90,219,1237,103,392,430
52350029,0,,,2792,1336,1456,632,302,330,2114,1008,1106,1527,748,779,2011,954,1057,1954,928,1026,587,260,327,353,149,204,105,45,60,9,4,5,32,14,18,996,996,180,296,185,230,88,15,2,807,760,47,129,376,2,89,145
52350030,1,,52350020,264,129,135,27,16,11,233,111,122,135,64,71,228,110,118,225,109,116,98,47,51,42,18,24,11,5,6,1,0,1,0,0,0,91,91,18,23,28,11,7,3,3,74,58,16,7,63,0,12,12
52350031,0,,,4092,1946,2146,559,289,270,3467,1624,1843,2669,1249,1420,3314,1548,1766,3174,1466,1708,798,375,423,384,151,233,124,40,84,0,0,0,27,13,14,1567,1567,317,476,375,311,76,10,2,1232,1186,46,179,559,2,183,204
52350032,0,,,8445,3870,4575,1103,558,545,7227,3249,3978,5207,2393,2814,7016,3136,3880,6851,3051,3800,2020,856,1164,926,339,587,314,102,212,24,6,18,135,65,70,3505,3505,853,1202,774,544,107,21,4,2597,2488,109,384,1420,20,491,459
52350033,0,,,214,102,112,19,12,7,191,88,103,107,46,61,184,85,99,182,85,97,84,42,42,41,18,23,13,6,7,0,0,0,0,0,0,73,73,9,27,17,10,5,2,3,64,47,17,3,51,0,2,18
52350034,0,,,312,146,166,29,11,18,280,134,146,169,81,88,268,127,141,263,125,138,111,53,58,47,21,26,14,6,8,2,1,1,8,0,8,118,118,32,27,32,10,14,1,2,85,65,20,3,74,8,16,18
52350035,0,,,110,64,46,6,4,2,104,60,44,57,35,22,101,58,43,100,58,42,47,25,22,24,15,9,11,6,5,2,1,1,0,0,0,43,43,9,15,11,4,2,2,0,34,27,7,2,28,0,5,9
52350036,0,,,188,92,96,20,11,9,166,81,85,96,49,47,159,77,82,154,73,81,70,32,38,28,9,19,14,4,10,0,0,0,0,0,0,63,63,10,18,15,9,8,2,1,53,35,18,3,41,0,5,10
52350037,0,,,5242,2497,2745,535,281,254,4555,2137,2418,2999,1455,1544,4433,2074,2359,4336,2023,2313,1556,682,874,671,266,405,205,61,144,22,2,20,58,30,28,2271,2268,663,793,435,302,64,8,3,1557,1471,86,124,984,42,276,362
52350038,0,,,4388,2048,2340,490,221,269,3768,1755,2013,2183,1038,1145,3692,1724,1968,3633,1694,1939,1585,717,868,667,267,400,185,51,134,13,1,12,49,26,23,1808,1806,424,688,382,235,61,14,2,1350,1271,79,158,944,30,195,418
52350039,0,,,3371,1601,1770,253,133,120,3043,1427,1616,1471,732,739,2985,1397,1588,2949,1379,1570,1572,695,877,923,403,520,271,97,174,18,3,15,43,26,17,1791,1791,813,591,232,113,31,5,6,941,889,52,72,1127,24,517,327
52350040,0,,,2274,1087,1187,205,103,102,2028,960,1068,1217,566,651,1961,928,1033,1913,903,1010,811,394,417,306,138,168,95,30,65,7,2,5,7,2,5,891,891,143,363,193,149,31,11,1,736,693,43,45,515,3,89,218
52350041,0,,,630,252,378,33,16,17,593,235,358,183,90,93,582,229,353,575,227,348,410,145,265,308,88,220,195,49,146,28,3,25,1,1,0,156,153,39,51,31,20,10,2,0,110,88,22,8,106,1,26,28
52350042,0,,,11615,5565,6050,2318,1216,1102,9086,4232,4854,7112,3281,3831,8543,3949,4594,8292,3832,4460,1974,951,1023,693,312,381,209,71,138,16,2,14,51,19,32,4087,4087,542,1230,955,1084,251,20,5,3489,3402,87,390,1277,5,240,583
52350043,0,,,3572,1709,1863,745,372,373,2806,1324,1482,2251,1065,1186,2678,1261,1417,2611,1224,1387,555,259,296,212,91,121,63,19,44,6,4,2,30,17,13,1243,1243,133,408,307,293,90,7,5,1099,1063,36,210,355,6,66,166
52350044,0,,,30,17,13,1,1,0,29,16,13,15,8,7,29,16,13,29,16,13,14,8,6,7,4,3,1,1,0,0,0,0,0,0,0,12,12,1,6,3,2,0,0,0,11,10,1,0,10,0,1,4
52350048,0,,,208,126,82,7,3,4,199,122,77,159,99,60,197,121,76,192,117,75,40,23,17,11,7,4,2,2,0,1,1,0,2,0,2,26,24,5,6,10,2,0,1,0,18,10,8,1,16,0,1,3
52350049,0,,,2191,1043,1148,102,52,50,2070,976,1094,814,479,335,2045,964,1081,2028,955,1073,1256,497,759,843,305,538,316,91,225,47,5,42,29,18,11,894,883,410,314,98,42,15,4,0,463,441,22,24,627,8,299,197
52350050,0,,,8630,4042,4588,777,417,360,7655,3518,4137,4491,1979,2512,7482,3427,4055,7344,3356,3988,3164,1539,1625,1205,566,639,336,124,212,28,9,19,96,21,75,3644,3644,758,1535,773,446,104,20,8,2834,2657,177,200,2000,82,384,924
52350051,0,,,2882,1362,1520,270,146,124,2570,1193,1377,1480,659,821,2488,1154,1334,2438,1131,1307,1090,534,556,429,196,233,128,45,83,8,4,4,19,10,9,1163,1163,197,517,225,156,56,12,0,950,894,56,67,691,3,121,342
52350052,0,,,815,370,445,199,79,120,608,286,322,411,196,215,583,274,309,576,268,308,197,90,107,86,36,50,23,8,15,0,0,0,1,1,0,268,268,33,72,63,63,29,4,4,233,213,20,44,125,0,23,49
52350053,0,,,1980,1007,973,756,389,367,1215,614,601,1151,587,564,1151,571,580,1118,551,567,64,27,37,20,4,16,7,1,6,1,1,0,9,4,5,544,542,32,62,123,255,63,5,2,508,495,13,256,32,5,6,12
52350054,1,,52350064,92,39,53,5,3,2,95,40,55,53,20,33,91,39,52,90,39,51,42,20,22,21,11,10,4,3,1,0,0,0,0,0,0,34,34,8,12,6,8,0,2,1,28,20,8,3,26,1,3,7
52350059,0,,,68,21,47,2,2,0,66,19,47,9,3,6,66,19,47,65,19,46,57,16,41,47,12,35,33,8,25,9,0,9,0,0,0,17,16,5,7,2,2,0,0,0,11,11,0,1,13,0,4,7
52350060,0,,,5112,2422,2690,426,231,195,4527,2099,2428,2861,1279,1582,4398,2021,2377,4308,1975,2333,1666,820,846,591,271,320,185,66,119,16,5,11,13,7,6,2091,2091,408,849,444,301,71,13,5,1664,1549,115,93,1072,5,189,477
52350061,0,,,11643,5362,6281,1458,739,719,9864,4440,5424,6925,3149,3776,9504,4270,5234,9284,4160,5124,2939,1291,1648,1253,492,761,419,132,287,29,10,19,43,25,18,5029,5026,1454,1663,1013,750,133,12,1,3524,3425,99,419,1958,184,585,821
52350062,0,,,6095,2871,3224,606,312,294,5435,2534,2901,2828,1263,1565,5286,2464,2822,5198,2420,2778,2607,1271,1336,951,483,468,210,88,122,13,1,12,30,22,8,2479,2479,397,1127,508,339,90,13,5,2059,1959,100,158,1604,10,278,777
52350063,0,,,88,37,51,2,1,1,86,36,50,49,19,30,84,36,48,83,35,48,37,17,20,11,3,8,5,1,4,0,0,0,0,0,0,37,37,11,11,9,4,1,0,1,26,21,5,1,26,0,7,6
52350064,2,52350054,,9,5,4,*,*,*,*,*,*,*,*,*,*,*,*,*,*,*,*,*,*,*,*,*,*,*,*,*,*,*,*,*,*,3,3,*,*,*,*,*,*,*,*,*,*,*,*,*,*,*
52350069,0,,,2777,1254,1523,285,143,142,2458,1089,1369,1141,511,630,2400,1068,1332,2362,1051,1311,1317,578,739,799,377,422,180,82,98,12,5,7,35,16,19,1178,1178,257,517,215,130,40,13,6,908,838,70,67,823,0,194,356
52350070,0,,,348,177,171,51,28,23,288,143,145,168,90,78,283,140,143,282,140,142,120,53,67,58,23,35,22,5,17,1,0,1,0,0,0,135,135,36,42,26,16,10,3,2,97,83,14,12,79,0,16,18
52350072,0,,,789,337,452,52,30,22,732,303,429,369,151,218,707,291,416,692,284,408,363,152,211,155,46,109,75,16,59,16,2,14,16,1,15,279,278,37,125,57,48,8,3,0,237,224,13,20,178,10,21,84
52350073,0,,,15,8,7,0,0,0,15,8,7,10,5,5,15,8,7,15,8,7,5,3,2,4,2,2,1,0,1,1,0,1,0,0,0,4,4,0,1,1,1,0,1,0,4,3,1,0,3,0,0,0
52350074,0,,,126,62,64,9,4,5,115,56,59,67,34,33,112,54,58,111,53,58,48,22,26,23,9,14,8,3,5,1,0,1,0,0,0,39,39,8,8,8,7,2,3,3,31,18,13,1,31,0,3,5
52350076,0,,,23,14,9,5,4,1,18,10,8,12,7,5,18,10,8,18,10,8,6,3,3,1,0,1,0,0,0,0,0,0,0,0,0,6,6,0,2,1,2,0,0,1,6,4,2,2,4,0,0,2
52350079,0,,,510,215,295,15,5,10,481,205,276,160,76,84,470,200,270,466,198,268,321,129,192,206,76,130,74,21,53,5,1,4,1,1,0,178,175,41,80,27,18,7,2,0,127,107,20,4,127,1,27,60
52350080,0,,,198,99,99,14,10,4,176,85,91,95,49,46,174,83,91,173,83,90,81,36,45,49,22,27,21,11,10,2,0,2,0,0,0,62,62,8,14,18,9,8,3,2,53,27,26,5,52,0,6,12
52350081,0,,,240,112,128,31,15,16,209,97,112,118,55,63,205,94,111,202,93,109,91,42,49,33,14,19,11,4,7,3,1,2,6,0,6,88,88,15,32,16,15,8,1,1,72,63,9,7,55,4,5,21
52350084,0,,,932,460,472,82,42,40,837,410,427,548,270,278,813,395,418,788,378,410,289,140,149,103,46,57,29,11,18,0,0,0,13,11,2,344,344,39,137,83,62,17,5,1,295,266,29,16,180,8,22,81
52350085,0,,,1157,557,600,118,66,52,1034,489,545,686,328,358,994,474,520,967,463,504,348,161,187,159,74,85,42,14,28,2,0,2,6,3,3,439,439,64,167,108,70,27,2,1,373,343,30,29,221,0,46,78
52350086,0,,,40,18,22,5,2,3,35,16,19,19,9,10,35,16,19,35,16,19,16,7,9,7,2,5,3,1,2,1,1,0,0,0,0,13,13,2,3,3,3,1,1,0,11,6,5,1,11,0,1,2
52350089,0,,,39,22,17,0,0,0,39,22,17,15,11,4,38,21,17,38,21,17,24,11,13,14,6,8,5,1,4,0,0,0,0,0,0,19,19,7,5,6,1,0,0,0,12,12,0,0,16,0,6,3
52350090,0,,,40,19,21,0,0,0,39,19,20,17,8,9,39,19,20,39,19,20,22,11,11,10,6,4,1,0,1,0,0,0,0,0,0,17,17,3,8,4,1,1,0,0,14,12,2,0,12,1,0,6
52350091,0,,,253,121,132,17,8,9,232,111,121,121,62,59,224,106,118,216,104,112,111,49,62,64,23,41,22,7,15,3,1,2,0,0,0,83,83,13,22,21,13,7,4,3,69,42,27,3,66,0,11,11
52350092,1,,52350093,32,13,19,4,1,3,30,12,18,16,5,11,29,12,17,29,12,17,14,7,7,10,5,5,1,0,1,0,0,0,2,0,2,9,9,3,1,3,1,2,1,0,8,4,4,1,7,1,1,1
52350093,2,52350092,,2,0,2,*,*,*,*,*,*,*,*,*,*,*,*,*,*,*,*,*,*,*,*,*,*,*,*,*,*,*,*,*,*,2,2,*,*,*,*,*,*,*,*,*,*,*,*,*,*,*
52350094,0,,,4556,2126,2430,511,257,254,4004,1843,2161,2116,1004,1112,3893,1794,2099,3823,1757,2066,1888,839,1049,990,467,523,214,84,130,19,6,13,32,19,13,1945,1945,457,813,359,212,81,20,3,1460,1363,97,119,1217,13,329,509
52350095,0,,,4039,1893,2146,335,172,163,3651,1693,1958,1892,887,1005,3541,1634,1907,3470,1597,1873,1759,806,953,813,387,426,172,75,97,11,2,9,39,19,20,1723,1723,393,736,308,200,72,9,5,1302,1204,98,66,1105,17,261,474
52350096,0,,,136,65,71,10,9,1,126,56,70,62,26,36,122,54,68,121,54,67,64,30,34,37,16,21,8,5,3,0,0,0,1,0,1,53,53,10,18,15,7,2,0,1,42,36,6,2,41,0,8,12
52350097,1,,52350098,128,61,67,4,0,4,125,62,63,64,34,30,124,62,62,122,61,61,61,28,33,28,12,16,10,2,8,0,0,0,0,0,0,53,53,13,19,13,6,3,0,0,41,31,10,1,42,0,9,10
52350098,2,52350097,,1,1,0,*,*,*,*,*,*,*,*,*,*,*,*,*,*,*,*,*,*,*,*,*,*,*,*,*,*,*,*,*,*,1,1,*,*,*,*,*,*,*,*,*,*,*,*,*,*,*
52350100,0,,,5407,2689,2718,444,227,217,4573,2244,2329,2754,1463,1291,4457,2177,2280,4370,2138,2232,1819,781,1038,988,381,607,287,93,194,22,3,19,148,77,71,2806,2804,1324,792,400,210,65,11,2,1390,1306,84,137,1299,179,525,315
52350101,0,,,11882,5581,6301,1136,573,563,10002,4638,5364,6273,3064,3209,9736,4513,5223,9540,4413,5127,3729,1574,2155,1989,752,1237,652,214,438,52,12,40,381,193,188,5928,5924,2612,1728,822,561,163,31,7,3138,2954,184,294,2657,242,1069,740
52350102,0,,,17400,8055,9345,1647,855,792,14194,6453,7741,9463,4565,4898,13817,6268,7549,13570,6143,7427,4731,1888,2843,2539,880,1659,808,220,588,59,17,42,994,477,517,9710,9702,5307,2436,1062,668,182,33,14,4106,3855,251,490,3611,625,1835,782
52350103,0,,,20212,9895,10317,1618,867,751,16818,8012,8806,12432,6156,6276,16429,7803,8626,16072,7617,8455,4386,1856,2530,2281,828,1453,744,201,543,81,16,65,742,375,367,11779,11772,7073,2542,1181,754,174,36,12,4394,4114,280,533,3115,1459,1455,687
52350104,0,,,5025,2586,2439,409,199,210,3779,1906,1873,2743,1386,1357,3711,1867,1844,3650,1840,1810,1036,520,516,514,220,294,155,55,100,12,4,8,251,130,121,3250,3230,2234,537,238,147,54,15,5,921,859,62,141,819,447,461,152
52350106,0,,,8039,3718,4321,640,342,298,6785,3090,3695,4194,1958,2236,6649,3028,3621,6459,2943,3516,2591,1132,1459,1260,524,736,409,144,265,23,5,18,265,136,129,4296,4294,2143,1186,582,305,63,15,0,2070,1958,112,205,1689,394,613,567
52350107,0,,,4604,2167,2437,561,281,280,3829,1759,2070,2532,1209,1323,3729,1715,2014,3667,1689,1978,1297,550,747,570,219,351,166,49,117,14,2,12,223,107,116,2268,2268,912,724,364,202,54,10,2,1299,1253,46,168,947,95,369,279
52350110,0,,,1213,572,641,63,30,33,1093,503,590,530,271,259,1075,496,579,1057,486,571,563,232,331,359,130,229,131,30,101,20,1,19,20,9,11,538,536,207,175,91,47,13,1,2,312,283,29,10,310,6,106,95
52350111,0,,,9042,4314,4728,689,361,328,7839,3678,4161,4533,2260,2273,7648,3588,4060,7535,3532,4003,3306,1418,1888,1807,687,1120,562,176,386,41,7,34,282,124,158,4644,4635,2164,1392,604,346,103,21,5,2347,2171,176,189,2285,135,1011,620
52350112,0,,,13294,6274,7020,1226,640,586,11213,5170,6043,6663,3372,3291,10909,5008,5901,10720,4900,5820,4550,1798,2752,2786,952,1834,1020,286,734,135,25,110,232,118,114,6822,6809,3423,1801,837,542,152,43,11,3208,3005,203,321,3012,403,1380,747
52350113,0,,,22270,10975,11295,1600,780,820,17583,8517,9066,12773,6398,6375,17286,8356,8930,16973,8197,8776,4810,2119,2691,2448,927,1521,742,226,516,50,9,41,1174,587,587,14406,14400,9823,2603,1114,648,173,31,8,4198,3915,283,542,3641,1963,1952,697
52350114,1,,52350115,12209,5725,6484,1280,626,654,9493,4377,5116,7542,3510,4032,9356,4311,5045,9235,4255,4980,1951,867,1084,986,370,616,333,107,226,27,7,20,526,245,281,7240,7209,4319,1541,834,455,71,4,2,2747,2630,117,611,1409,837,632,349
52350115,2,52350114,,20,8,12,*,*,*,*,*,*,*,*,*,*,*,*,*,*,*,*,*,*,*,*,*,*,*,*,*,*,*,*,*,*,17,17,*,*,*,*,*,*,*,*,*,*,*,*,*,*,*
52350116,2,52350125,,5,2,3,*,*,*,*,*,*,*,*,*,*,*,*,*,*,*,*,*,*,*,*,*,*,*,*,*,*,*,*,*,*,5,2,*,*,*,*,*,*,*,*,*,*,*,*,*,*,*
52350120,0,,,4211,2035,2176,307,189,118,3761,1765,1996,1979,1028,951,3672,1714,1958,3620,1682,1938,1782,737,1045,1112,398,714,442,123,319,41,5,36,67,34,33,1874,1865,760,602,266,171,52,13,1,1067,988,79,82,973,32,371,289
52350121,0,,,4873,2370,2503,360,186,174,4282,2063,2219,2346,1172,1174,4193,2021,2172,4127,1981,2146,1936,891,1045,1023,409,614,292,110,182,18,4,14,114,56,58,2490,2487,1110,780,358,172,52,14,1,1330,1242,88,93,1366,30,591,376
52350122,0,,,7936,3739,4197,671,332,339,6792,3122,3670,3850,1931,1919,6648,3048,3600,6521,2997,3524,2942,1191,1751,1730,648,1082,605,183,422,43,8,35,115,50,65,3875,3866,1730,1180,551,287,88,24,6,2027,1890,137,190,1944,80,807,485
52350123,0,,,13239,6202,7037,1318,652,666,10714,4942,5772,6493,3176,3317,10444,4812,5632,10287,4730,5557,4221,1766,2455,2370,863,1507,806,248,558,63,11,52,341,159,182,7099,7091,3697,1847,814,551,147,26,9,3205,2973,232,384,3106,308,1452,719
52350124,0,,,21931,10160,11771,1696,829,867,16868,7623,9245,12982,6068,6914,16603,7483,9120,16324,7364,8960,3886,1555,2331,1972,651,1321,654,152,502,54,9,45,1198,568,630,14761,14754,10615,2298,1065,622,133,15,6,3836,3621,215,631,2883,2032,1568,603
52350125,1,,52350116,6287,2857,3430,504,245,259,4773,2105,2668,3732,1674,2058,4736,2090,2646,4701,2078,2623,1041,431,610,450,150,300,150,27,123,18,2,16,316,142,174,3933,3928,2445,926,368,162,24,5,0,1401,1362,39,250,692,341,258,238
52350126,0,,,1398,627,771,57,37,20,1138,488,650,838,396,442,1135,485,650,1121,479,642,300,92,208,231,62,169,153,37,116,22,2,20,40,17,23,892,891,674,142,55,19,1,0,0,198,190,8,42,80,221,42,16
52350130,0,,,1247,581,666,75,40,35,1136,521,615,545,279,266,1118,508,610,1109,502,607,591,242,349,352,143,209,95,27,68,13,1,12,13,9,4,581,580,178,253,101,41,7,0,0,386,368,18,22,348,1,108,147
52350131,0,,,792,349,443,41,20,21,705,303,402,308,168,140,697,300,397,694,298,396,397,135,262,286,80,206,151,31,120,41,6,35,11,6,5,340,338,168,91,48,23,6,1,1,159,142,17,11,175,6,82,39
52350132,0,,,190,97,93,17,5,12,155,78,77,75,39,36,154,77,77,153,76,77,80,39,41,44,23,21,12,6,6,1,1,0,14,7,7,108,108,56,33,11,6,1,1,0,51,48,3,6,55,1,25,21
52350133,0,,,2472,1177,1295,257,120,137,2057,967,1090,1315,653,662,2015,943,1072,1988,929,1059,742,314,428,388,145,243,130,31,99,8,1,7,69,28,41,1260,1260,570,374,165,113,30,7,1,660,630,30,85,548,49,224,152
52350134,0,,,9932,4544,5388,1190,624,566,7504,3301,4203,5550,2535,3015,7280,3187,4093,7118,3096,4022,1954,766,1188,971,337,634,319,91,228,27,6,21,878,414,464,5383,5383,2885,1238,647,468,116,25,4,2344,2208,136,345,1427,313,546,397
52350135,0,,,15742,7337,8405,850,432,418,11160,5105,6055,8667,4085,4582,11002,5035,5967,10823,4941,5882,2493,1020,1473,1207,430,777,363,100,263,24,4,20,1138,490,648,11274,11263,8484,1697,678,314,66,15,9,2526,2389,137,338,1915,1269,1004,408
52350136,0,,,16674,7920,8754,1265,654,611,13569,6383,7186,9570,4732,4838,13219,6213,7006,12923,6072,6851,3999,1651,2348,2325,857,1468,723,251,472,38,7,31,1024,444,580,10713,10706,7259,1919,843,527,133,21,4,3260,3115,145,383,3124,1372,1842,638
52350137,0,,,1368,594,774,200,109,91,1154,479,675,735,325,410,1089,454,635,1043,438,605,419,154,265,297,101,196,163,48,115,20,6,14,31,17,14,428,427,48,142,107,110,18,2,0,372,364,8,30,146,0,27,78
52350140,0,,,120,57,63,8,4,4,112,53,59,45,21,24,108,52,56,107,51,56,67,32,35,36,19,17,9,4,5,0,0,0,1,0,1,51,51,6,27,13,4,1,0,0,45,43,2,2,39,0,6,23
52350142,0,,,37,22,15,0,0,0,32,20,12,9,9,0,32,20,12,32,20,12,23,11,12,15,6,9,6,2,4,0,0,0,0,0,0,28,28,22,4,1,1,0,0,0,6,6,0,0,17,0,11,3
52350143,0,,,25,13,12,2,0,2,20,11,9,8,2,6,20,11,9,20,11,9,12,9,3,5,4,1,1,1,0,0,0,0,0,0,0,15,15,7,7,0,1,0,0,0,8,7,1,1,8,0,2,4
52350144,0,,,41,19,22,2,1,1,35,16,19,15,7,8,35,16,19,35,16,19,20,9,11,9,5,4,5,3,2,0,0,0,9,4,5,22,22,10,9,1,1,0,1,0,11,8,3,0,11,1,2,6
52350145,0,,,11832,5383,6449,917,445,472,9061,4034,5027,7008,3284,3724,8913,3971,4942,8721,3861,4860,2053,750,1303,1094,338,756,456,115,341,52,9,43,717,347,370,7852,7847,5564,1317,561,321,75,7,2,2132,2009,123,331,1393,967,681,325
52350146,0,,,21122,9862,11260,1826,901,925,16850,7764,9086,12013,5747,6266,16520,7596,8924,16203,7434,8769,4837,2017,2820,2630,971,1659,842,266,576,66,13,53,1236,566,670,12970,12966,8306,2455,1198,796,180,25,6,4380,4082,298,552,3684,1638,1866,748
52350147,0,,,20779,9931,10848,2496,1243,1253,17061,8069,8992,12487,6168,6319,16541,7782,8759,16109,7532,8577,4574,1901,2673,2427,879,1548,763,223,540,62,11,51,728,324,404,11023,11017,5781,2509,1449,1018,219,33,8,5045,4806,239,837,3385,1065,1640,817
52350148,0,,,7783,3792,3991,1017,535,482,6294,2995,3299,4294,2157,2137,6145,2915,3230,6005,2851,3154,2000,838,1162,1131,427,704,480,140,340,56,12,44,156,73,83,3750,3743,1817,888,507,391,116,20,4,1862,1741,121,291,1174,283,451,302
52350149,0,,,1664,738,926,202,95,107,1386,609,777,849,391,458,1355,595,760,1327,586,741,537,218,319,302,111,191,95,24,71,2,0,2,48,21,27,822,822,360,241,111,79,22,2,7,442,407,35,63,419,7,207,65
52350150,0,,,2107,990,1117,150,84,66,1933,897,1036,1097,507,590,1886,875,1011,1858,865,993,836,390,446,367,155,212,82,30,52,9,4,5,16,10,6,873,871,196,361,177,100,33,3,1,662,616,46,34,535,2,126,209
52350151,0,,,837,442,395,51,26,25,777,410,367,402,228,174,768,402,366,760,396,364,375,182,193,204,88,116,48,14,34,1,1,0,12,5,7,493,493,260,162,41,22,7,0,1,230,215,15,10,276,7,132,82
52350152,0,,,1360,643,717,100,51,49,1219,569,650,918,418,500,1171,553,618,1141,537,604,301,151,150,107,51,56,21,9,12,1,1,0,24,13,11,559,559,102,231,134,70,18,4,0,449,430,19,20,202,1,26,83
52350153,0,,,41,19,22,22,10,12,19,9,10,17,7,10,11,3,8,4,2,2,2,2,0,1,1,0,0,0,0,0,0,0,1,1,0,5,4,4,0,0,0,0,0,0,0,0,0,0,2,0,2,0
52350154,2,52350164,,8,4,4,*,*,*,*,*,*,*,*,*,*,*,*,*,*,*,*,*,*,*,*,*,*,*,*,*,*,*,*,*,*,5,5,*,*,*,*,*,*,*,*,*,*,*,*,*,*,*
52350155,0,,,733,362,371,45,21,24,610,307,303,373,200,173,592,296,296,576,286,290,237,107,130,125,52,73,42,15,27,1,1,0,46,25,21,400,400,207,111,38,32,10,2,0,179,163,16,8,166,11,67,50
52350156,1,,52350165,9955,4517,5438,1112,585,527,8190,3613,4577,5264,2445,2819,7941,3479,4462,7801,3420,4381,2926,1168,1758,1561,557,1004,614,169,445,73,21,52,299,156,143,4884,4878,2175,1325,736,498,114,25,6,2615,2476,139,298,1954,199,768,569
52350157,0,,,16280,7424,8856,1705,869,836,13303,5954,7349,9145,4266,4879,12966,5790,7176,12700,5650,7050,4158,1688,2470,2249,833,1416,734,227,507,65,18,47,329,166,163,8781,8776,4640,2059,1138,746,163,23,7,3995,3755,240,564,2943,726,1230,743
52350158,0,,,19047,8968,10079,2099,1086,1013,15608,7218,8390,11158,5390,5768,15190,7023,8167,14766,6801,7965,4450,1828,2622,2347,841,1506,797,244,553,53,13,40,443,230,213,10117,10114,5307,2312,1310,917,216,40,12,4648,4383,265,710,3198,1001,1368,792
52350159,0,,,20433,9575,10858,2464,1234,1230,16405,7538,8867,12369,5913,6456,15858,7253,8605,15400,7003,8397,4036,1625,2411,2129,754,1375,785,226,559,70,13,57,379,160,219,10659,10653,5578,2292,1404,1094,249,31,5,4924,4686,238,697,2779,1076,1093,778
52350160,0,,,8143,3779,4364,871,409,462,7133,3292,3841,3938,1893,2045,6915,3179,3736,6793,3116,3677,3195,1399,1796,1711,743,968,452,157,295,39,7,32,103,48,55,3772,3770,1306,1317,645,377,98,19,8,2414,2271,143,237,2090,72,722,764
52350161,0,,,7199,3320,3879,551,287,264,6195,2791,3404,3432,1620,1812,6058,2725,3333,5932,2682,3250,2763,1171,1592,1561,636,925,451,162,289,30,5,25,63,28,35,3552,3546,1473,1166,484,316,88,16,3,2008,1868,140,149,1806,121,619,636
52350162,0,,,3970,1905,2065,382,198,184,3320,1550,1770,2020,975,1045,3208,1488,1720,3140,1455,1685,1300,575,725,672,292,380,158,55,103,9,2,7,29,12,17,1854,1853,669,611,296,210,59,4,4,1141,1087,54,92,891,30,292,297
52350164,1,,52350154,2,1,1,0,0,0,8,4,4,3,2,1,8,4,4,8,4,4,5,2,3,3,1,2,2,1,1,0,0,0,0,0,0,1,1,3,2,1,0,0,0,0,3,3,0,0,3,0,1,1
52350165,2,52350156,,3,1,2,*,*,*,*,*,*,*,*,*,*,*,*,*,*,*,*,*,*,*,*,*,*,*,*,*,*,*,*,*,*,1,1,*,*,*,*,*,*,*,*,*,*,*,*,*,*,*
52350166,0,,,349,165,184,43,23,20,285,132,153,166,80,86,280,129,151,279,128,151,119,52,67,54,23,31,15,5,10,0,0,0,4,1,3,178,178,71,67,24,13,0,2,1,106,100,6,10,84,1,27,25
52350167,0,,,8342,3788,4554,1127,581,546,6772,3003,3769,4470,2104,2366,6521,2877,3644,6365,2802,3563,2302,899,1403,1317,467,850,542,153,389,30,5,25,175,91,84,3665,3660,1313,1064,615,499,142,22,5,2258,2132,126,270,1494,109,539,477
52350168,0,,,14402,6537,7865,1539,801,738,11530,5080,6450,8216,3746,4470,11236,4942,6294,10858,4766,6092,3314,1334,1980,1846,687,1159,673,229,444,63,17,46,468,206,262,8021,8015,4546,1759,865,669,145,28,3,3373,3189,184,461,2249,1234,881,689
52350169,0,,,17964,8420,9544,2215,1147,1068,14452,6623,7829,10516,5025,5491,13979,6369,7610,13533,6140,7393,3936,1598,2338,2101,767,1334,714,227,487,75,13,62,328,162,166,9038,9024,4294,2184,1332,988,196,24,6,4601,4382,219,642,2749,944,1042,792
52350170,0,,,5145,2362,2783,482,259,223,4532,2028,2504,2646,1238,1408,4389,1955,2434,4302,1907,2395,1886,790,1096,1066,419,647,381,129,252,48,7,41,24,12,12,2326,2323,803,795,396,242,79,5,3,1480,1409,71,132,1207,37,453,411
52350171,0,,,9109,4214,4895,790,410,380,7850,3558,4292,4834,2291,2543,7628,3453,4175,7464,3372,4092,3016,1267,1749,1603,632,971,484,155,329,46,6,40,121,49,72,4362,4359,1692,1408,677,447,114,14,7,2580,2440,140,218,2079,127,776,649
52350172,1,,52350173,5760,2608,3152,473,248,225,4860,2138,2722,2968,1325,1643,4712,2084,2628,4575,2042,2533,1892,813,1079,985,384,601,345,105,240,37,5,32,61,30,31,2605,2588,991,828,420,266,69,18,1,1541,1449,92,111,1152,113,324,420
52350173,2,52350172,,9,4,5,*,*,*,*,*,*,*,*,*,*,*,*,*,*,*,*,*,*,*,*,*,*,*,*,*,*,*,*,*,*,5,5,*,*,*,*,*,*,*,*,*,*,*,*,*,*,*
52350177,1,,52350186,442,184,258,49,24,25,370,151,219,204,95,109,354,145,209,348,144,204,166,56,110,128,41,87,84,23,61,13,2,11,10,8,2,148,147,35,58,31,18,4,1,1,105,102,3,8,50,0,17,24
52350178,0,,,7014,3312,3702,762,397,365,5807,2698,3109,3900,1910,1990,5669,2637,3032,5504,2534,2970,1907,788,1119,966,360,606,329,95,234,27,2,25,167,81,86,3347,3342,1406,998,536,332,60,9,1,1893,1821,72,224,1154,207,376,447
52350179,0,,,9988,4658,5330,1605,823,782,8002,3647,4355,5583,2652,2931,7645,3445,4200,7435,3338,4097,2419,995,1424,1343,506,837,585,194,391,49,15,34,108,56,52,4039,4030,1180,1182,788,698,157,23,2,2817,2721,96,331,1441,117,460,552
52350180,0,,,3424,1632,1792,328,164,164,3012,1425,1587,1696,830,866,2920,1377,1543,2867,1346,1521,1316,595,721,649,296,353,138,46,92,14,0,14,22,11,11,1477,1477,368,606,257,176,56,11,3,1085,1026,59,84,841,14,210,359
52350181,0,,,7603,3598,4005,1189,631,558,6324,2923,3401,4377,2086,2291,5920,2701,3219,5685,2581,3104,1947,837,1110,1095,469,626,284,109,175,24,3,21,30,13,17,2907,2902,651,924,542,544,206,31,4,2223,2113,110,227,1281,9,403,475
52350182,0,,,5454,2468,2986,468,229,239,4877,2178,2699,2681,1219,1462,4765,2119,2646,4672,2076,2596,2196,959,1237,1105,447,658,353,113,240,34,2,32,34,14,20,2328,2322,627,942,401,267,71,12,2,1668,1567,101,132,1310,52,325,563
52350183,0,,,543,252,291,65,30,35,478,222,256,244,137,107,444,195,249,429,183,246,234,85,149,101,23,78,59,3,56,23,2,21,4,2,2,137,132,19,69,27,17,0,0,0,112,106,6,4,95,0,13,50
52350186,2,52350177,,2,1,1,*,*,*,*,*,*,*,*,*,*,*,*,*,*,*,*,*,*,*,*,*,*,*,*,*,*,*,*,*,*,1,1,*,*,*,*,*,*,*,*,*,*,*,*,*,*,*
52350188,1,,52350196;52350197,2975,1279,1696,268,135,133,2557,1076,1481,1349,610,739,2504,1053,1451,2460,1029,1431,1208,466,742,762,263,499,329,102,227,45,7,38,59,23,36,1385,1380,567,451,210,119,27,4,4,795,763,32,71,692,34,278,236
52350189,0,,,3341,1512,1829,298,152,146,2843,1232,1611,1592,724,868,2779,1204,1575,2731,1182,1549,1251,508,743,750,286,464,289,113,176,18,3,15,37,18,19,1650,1649,693,523,252,140,29,9,3,942,897,45,72,825,30,319,294
52350190,0,,,361,178,183,132,67,65,225,109,116,211,104,107,210,101,109,205,100,105,14,5,9,7,2,5,1,0,1,0,0,0,2,1,1,102,102,11,11,16,42,20,2,0,88,85,3,25,11,0,4,1
52350191,0,,,6798,3170,3628,684,353,331,5957,2733,3224,4031,1895,2136,5768,2630,3138,5622,2574,3048,1926,838,1088,891,356,535,208,69,139,11,2,9,44,21,23,2799,2799,675,992,559,433,120,12,8,2079,1954,125,170,1296,6,365,474
52350192,0,,,6017,2774,3243,525,258,267,5343,2430,2913,3020,1450,1570,5204,2358,2846,5099,2304,2795,2323,980,1343,1218,503,715,339,124,215,38,12,26,35,22,13,2620,2616,770,950,502,311,70,10,3,1805,1693,112,132,1441,16,449,515
52350193,0,,,5803,2773,3030,748,367,381,4989,2364,2625,2763,1303,1460,4879,2306,2573,4790,2263,2527,2226,1061,1165,965,506,459,196,92,104,8,1,7,20,9,11,2277,2275,352,945,514,332,111,17,4,1894,1785,109,238,1367,2,248,650
52350194,0,,,58,34,24,27,18,9,29,15,14,28,14,14,29,15,14,29,15,14,1,1,0,0,0,0,0,0,0,0,0,0,0,0,0,15,15,0,2,1,9,3,0,0,14,13,1,8,1,0,0,0
52350196,2,52350188,,2,1,1,*,*,*,*,*,*,*,*,*,*,*,*,*,*,*,*,*,*,*,*,*,*,*,*,*,*,*,*,*,*,1,1,*,*,*,*,*,*,*,*,*,*,*,*,*,*,*
52350197,2,52350188,,1,1,0,*,*,*,*,*,*,*,*,*,*,*,*,*,*,*,*,*,*,*,*,*,*,*,*,*,*,*,*,*,*,1,1,*,*,*,*,*,*,*,*,*,*,*,*,*,*,*
52350199,0,,,79,36,43,12,7,5,62,26,36,39,16,23,59,25,34,58,25,33,23,10,13,16,6,10,7,2,5,0,0,0,0,0,0,31,31,6,13,5,4,2,1,0,24,21,3,3,16,0,3,8
52350211,0,,,691,350,341,177,101,76,496,240,256,475,226,249,486,236,250,484,235,249,21,14,7,4,3,1,1,1,0,0,0,0,18,7,11,267,267,45,79,88,52,2,1,0,218,216,2,108,16,2,5,3
52350221,0,,,13261,5857,7404,1962,995,967,10392,4474,5918,7716,3329,4387,10068,4297,5771,9664,4198,5466,2676,1145,1531,1384,499,885,551,173,378,55,16,39,654,295,359,6126,6123,2402,1660,1064,818,152,22,5,3617,3520,97,629,1775,402,628,686
52350222,0,,,520,244,276,69,36,33,423,190,233,375,168,207,401,180,221,384,173,211,48,22,26,19,6,13,5,1,4,1,0,1,46,24,22,210,210,55,60,45,41,8,1,0,152,151,1,10,32,1,6,14
52350231,0,,,4787,2258,2529,691,361,330,3900,1790,2110,2758,1243,1515,3765,1720,2045,3676,1668,2008,1142,547,595,481,214,267,137,59,78,9,0,9,128,63,65,2038,2038,550,698,405,306,73,5,1,1460,1414,46,130,786,11,227,329
52350232,0,,,23,23,0,0,0,0,16,16,0,15,15,0,16,16,0,15,15,0,1,1,0,0,0,0,0,0,0,0,0,0,1,1,0,22,22,21,1,0,0,0,0,0,1,1,0,0,1,3,1,0
52350238,2,52350239,,1,1,0,*,*,*,*,*,*,*,*,*,*,*,*,*,*,*,*,*,*,*,*,*,*,*,*,*,*,*,*,*,*,1,0,*,*,*,*,*,*,*,*,*,*,*,*,*,*,*
52350239,1,,52350238,1168,513,655,89,50,39,1078,463,615,552,245,307,1053,447,606,1015,427,588,526,218,308,292,115,177,77,23,54,4,1,3,43,18,25,670,670,355,201,64,37,9,2,2,310,296,14,17,418,17,251,87
52350241,0,,,1732,825,907,204,101,103,1444,683,761,1086,531,555,1369,640,729,1322,617,705,358,152,206,158,66,92,46,16,30,8,3,5,25,14,11,719,718,212,223,129,128,24,2,0,497,480,17,52,242,28,72,86
52350242,0,,,62,54,8,0,0,0,54,50,4,50,47,3,54,50,4,53,49,4,4,3,1,3,2,1,0,0,0,0,0,0,2,1,1,14,13,11,2,0,0,0,0,0,2,2,0,0,3,1,2,1
52350245,0,,,1230,607,623,392,196,196,820,404,416,744,368,376,793,387,406,774,378,396,76,36,40,27,14,13,3,1,2,0,0,0,68,30,38,400,400,58,73,106,120,33,7,3,341,327,14,129,52,2,11,16
52350249,0,,,18064,8599,9465,1767,876,891,16062,7619,8443,10092,4898,5194,15672,7427,8245,15383,7281,8102,5970,2721,3249,2749,1134,1615,771,257,514,51,7,44,544,218,326,8418,8417,2926,2938,1483,783,226,47,14,5395,5071,324,508,4099,203,1351,1304
52350250,0,,,14389,6980,7409,1647,836,811,11704,5550,6154,8411,4177,4234,11393,5388,6005,11112,5232,5880,3293,1373,1920,1778,649,1129,713,211,502,77,12,65,267,147,120,7521,7513,3987,1657,981,681,177,26,4,3456,3272,184,534,2100,744,827,610
52350251,0,,,15793,7607,8186,1786,942,844,13126,6179,6947,9121,4562,4559,12697,5977,6720,12377,5800,6577,4005,1617,2388,2115,763,1352,716,207,509,81,14,67,370,210,160,7566,7557,3271,2048,1142,843,218,29,6,4171,3941,230,507,2689,455,980,804
52350252,0,,,9132,4383,4749,1040,539,501,7603,3591,4012,5073,2499,2574,7408,3498,3910,7267,3424,3843,2530,1092,1438,1233,474,759,365,108,257,27,4,23,260,117,143,4388,4386,1853,1255,654,476,123,21,4,2469,2334,135,261,1770,211,669,488
52350253,0,,,376,202,174,26,18,8,279,137,142,171,89,82,278,136,142,275,135,140,108,48,60,59,26,33,13,5,8,1,0,1,8,0,8,230,230,138,55,23,11,3,0,0,88,83,5,7,75,4,26,24
52350254,0,,,1380,673,707,145,83,62,1197,571,626,772,389,383,1115,525,590,1080,505,575,425,182,243,231,87,144,101,27,74,20,2,18,49,20,29,546,545,185,144,95,83,30,6,2,359,333,26,21,230,27,67,82
52350255,0,,,4178,1709,2469,549,274,275,3562,1404,2158,1809,816,993,3433,1332,2101,3354,1303,2051,1753,588,1165,1235,374,861,575,144,431,76,11,65,78,31,47,1935,1928,884,544,220,201,60,17,2,1039,1003,36,90,1120,2,681,283
52350256,0,,,6899,3125,3774,647,334,313,6187,2762,3425,4150,1944,2206,5932,2632,3300,5750,2533,3217,2037,818,1219,1203,423,780,458,114,344,46,10,36,89,33,56,2925,2920,920,954,559,381,83,18,5,1967,1871,96,142,1277,14,559,376
52350258,0,,,7867,3660,4207,1132,575,557,6653,3042,3611,4625,2233,2392,6362,2909,3453,6183,2827,3356,2028,809,1219,1198,423,775,405,115,290,48,6,42,85,32,53,3331,3328,1194,883,549,520,153,23,6,2116,1989,127,282,1295,197,488,371
52350259,0,,,12563,5621,6942,1492,764,728,10836,4776,6060,6858,3170,3688,10520,4616,5904,10234,4530,5704,3978,1606,2372,2308,834,1474,738,241,497,40,8,32,145,67,78,6037,6031,2624,1654,871,662,187,28,5,3367,3162,205,460,2813,312,1250,726
52350260,0,,,16908,7679,9229,1891,973,918,13931,6120,7811,9939,4523,5416,13540,5907,7633,13223,5740,7483,3992,1597,2395,2086,745,1341,749,221,528,73,11,62,280,134,146,8721,8717,4184,2274,1239,840,158,20,2,4455,4279,176,619,2678,649,1004,901
52350261,0,,,20595,9575,11020,2649,1364,1285,16625,7490,9135,12050,5590,6460,16054,7202,8852,15593,6960,8633,4575,1900,2675,2248,858,1390,668,205,463,45,8,37,313,149,164,10024,10020,4299,2702,1562,1182,243,28,4,5599,5389,210,775,3182,559,1159,1065
52350262,0,,,24432,11380,13052,3204,1618,1586,20138,9172,10966,14228,6726,7502,19413,8824,10589,18874,8570,10304,5910,2446,3464,3035,1158,1877,937,288,649,71,17,54,389,176,213,11494,11490,4707,3095,1938,1430,276,41,3,6666,6415,251,965,4032,511,1635,1205
52350263,0,,,12457,6000,6457,1269,664,605,10264,4789,5475,7191,3494,3697,9965,4642,5323,9753,4539,5214,3073,1295,1778,1537,579,958,439,139,300,28,5,23,347,171,176,6306,6304,2979,1652,898,616,133,19,7,3236,3045,191,377,2205,422,862,616
52350264,0,,,11581,5385,6196,1315,702,613,9962,4543,5419,6566,3046,3520,9632,4365,5267,9442,4272,5170,3396,1497,1899,1597,690,907,437,168,269,28,9,19,118,63,55,5170,5166,1606,1816,917,662,148,17,0,3530,3389,141,337,2248,260,647,901
52350265,0,,,10814,4876,5938,1057,539,518,9660,4299,5361,5767,2666,3101,9366,4148,5218,9173,4043,5130,3893,1633,2260,2033,807,1226,560,186,374,53,6,47,327,182,145,4861,4854,1487,1840,859,508,132,25,3,3358,3189,169,277,2590,50,866,903
52350266,0,,,525,205,320,39,19,20,482,185,297,220,115,105,467,175,292,461,172,289,262,70,192,193,41,152,104,20,84,18,0,18,8,3,5,182,181,74,50,31,14,11,1,0,107,99,8,7,89,5,37,22
52350267,0,,,4445,2069,2376,546,293,253,3887,1771,2116,2641,1244,1397,3777,1705,2072,3677,1661,2016,1246,527,719,557,230,327,138,44,94,8,1,7,74,34,40,1785,1784,423,603,379,283,77,15,4,1348,1273,75,131,829,16,242,258
52350268,0,,,16016,7564,8452,1924,971,953,13728,6428,7300,9972,4805,5167,13198,6162,7036,12657,5813,6844,3756,1623,2133,1797,727,1070,512,176,336,32,2,30,166,80,86,7267,7267,2725,1981,1278,979,259,36,9,4481,4223,258,546,2573,430,798,804
52350269,0,,,12920,5924,6996,1201,619,582,11044,5041,6003,7971,3689,4282,10746,4890,5856,10448,4803,5645,3073,1352,1721,1584,636,948,443,148,295,34,5,29,137,65,72,6968,6962,3716,1565,892,610,149,24,6,3179,2984,195,361,2220,762,893,548
52350270,0,,,7941,3663,4278,1037,552,485,6558,2904,3654,4418,2000,2418,6302,2777,3525,6147,2701,3446,2140,904,1236,1134,431,703,430,132,298,55,4,51,125,66,59,3461,3456,1101,1121,631,490,99,11,3,2321,2222,99,254,1364,30,429,530
52350271,0,,,11258,5131,6127,1650,849,801,8901,3901,5000,6656,2947,3709,8536,3727,4809,8244,3593,4651,2245,954,1291,1099,434,665,366,126,240,26,4,22,166,95,71,5281,5281,2196,1303,881,719,158,22,2,3041,2927,114,433,1563,278,535,549
52350272,0,,,15268,6839,8429,1978,982,996,12280,5311,6969,9068,3979,5089,11883,5117,6766,11552,4992,6560,3212,1332,1880,1626,631,995,545,177,368,38,10,28,176,91,85,7541,7539,3437,1912,1136,822,196,26,10,4035,3846,189,567,2227,514,811,721
52350273,0,,,19107,8679,10428,2446,1226,1220,15748,7026,8722,11615,5316,6299,15238,6760,8478,14825,6572,8253,4133,1710,2423,2091,792,1299,683,207,476,57,14,43,239,94,145,9083,9078,3705,2525,1500,1083,229,32,4,5262,5043,219,780,2830,549,984,915
52350274,0,,,11318,5045,6273,1276,656,620,9656,4213,5443,6620,2986,3634,9385,4073,5312,9213,3987,5226,3036,1227,1809,1589,578,1011,579,179,400,64,16,48,139,68,71,5602,5598,2466,1566,860,547,138,15,6,3103,2924,179,394,2069,232,747,630
52350275,0,,,16548,7608,8940,2345,1165,1180,13987,6357,7630,9852,4677,5175,13481,6096,7385,13141,5916,7225,4135,1680,2455,2115,780,1335,688,210,478,51,11,40,169,78,91,7198,7196,2357,2154,1332,1089,228,27,9,4804,4571,233,634,2792,249,1005,870
52350276,0,,,14885,7028,7857,2362,1154,1208,12381,5809,6572,9158,4427,4731,11823,5526,6297,11444,5311,6133,3223,1382,1841,1589,623,966,527,170,357,39,10,29,133,62,71,5960,5957,1604,1733,1162,1130,291,31,6,4316,4100,216,562,2129,166,671,708
52350277,0,,,11924,5655,6269,1561,842,719,10109,4688,5421,7088,3484,3604,9718,4512,5206,9461,4385,5076,3021,1204,1817,1692,594,1098,612,163,449,71,9,62,175,89,86,5256,5251,1997,1418,828,770,194,35,9,3205,2990,215,364,1992,343,735,534
52350278,0,,,14505,6831,7674,1671,847,824,12360,5762,6598,8720,4255,4465,12012,5587,6425,11770,5463,6307,3640,1507,2133,1940,719,1221,616,177,439,43,13,30,209,102,107,7220,7210,3436,1766,1022,747,199,35,5,3682,3456,226,494,2497,530,1052,611
52350279,0,,,17279,7982,9297,2632,1345,1287,14425,6520,7905,10746,4998,5748,13844,6219,7625,13449,6032,7417,3679,1522,2157,1865,720,1145,599,188,411,54,9,45,92,34,58,7132,7129,1968,2147,1514,1189,264,37,10,5103,4889,214,766,2477,192,799,814
52350280,0,,,6595,3034,3561,575,287,288,5479,2418,3061,2979,1381,1598,5308,2334,2974,5190,2279,2911,2500,1037,1463,1452,560,892,511,167,344,45,11,34,89,45,44,3249,3246,1405,1010,456,289,71,14,1,1823,1750,73,123,1642,19,654,561
52350281,0,,,437,203,234,63,37,26,299,144,155,230,118,112,286,136,150,280,131,149,69,26,43,33,11,22,12,2,10,1,0,1,10,6,4,165,164,56,41,34,29,4,0,0,108,105,3,20,48,3,17,16
52350282,0,,,449,200,249,89,43,46,349,154,195,270,119,151,329,144,185,321,140,181,79,35,44,41,14,27,12,2,10,2,0,2,6,3,3,172,172,40,46,38,39,8,0,1,132,127,5,18,61,0,19,19
52350283,0,,,7457,3346,4111,1037,529,508,6229,2741,3488,4310,1958,2352,5978,2614,3364,5818,2540,3278,1919,783,1136,1044,389,655,420,130,290,56,8,48,89,56,33,3146,3142,990,959,564,473,133,22,1,2134,2031,103,240,1200,48,370,431
52350284,0,,,10191,4404,5787,1126,551,575,8639,3662,4977,5680,2436,3244,8414,3542,4872,8265,3467,4798,2959,1226,1733,1604,610,994,574,194,380,45,9,36,175,83,92,4989,4978,2017,1536,795,513,94,18,5,2940,2774,166,352,2072,99,762,640
52350285,0,,,17210,7820,9390,2688,1380,1308,14255,6326,7929,10069,4625,5444,13854,6123,7731,13581,5979,7602,4186,1701,2485,2133,788,1345,723,223,500,70,12,58,140,64,76,7410,7402,2210,2393,1455,1086,235,21,2,5164,4929,235,886,2848,154,994,954
52350286,0,,,14316,6524,7792,1830,956,874,11978,5334,6644,8905,4092,4813,11649,5164,6485,11403,5049,6354,3073,1242,1831,1561,589,972,498,185,313,25,6,19,162,84,78,7068,7066,3102,1901,1105,753,177,26,2,3891,3710,181,590,2166,483,816,631
52350287,0,,,15818,7342,8476,1566,793,773,13586,6241,7345,10259,4907,5352,13305,6095,7210,13096,5986,7110,3327,1334,1993,1601,591,1010,444,132,312,32,8,24,367,175,192,9067,9060,5217,2005,994,685,132,19,8,3754,3524,230,537,2421,1198,1038,614
52350288,0,,,13455,6435,7020,2193,1103,1090,10911,5160,5751,8177,4045,4132,10659,5031,5628,10409,4910,5499,2734,1115,1619,1453,543,910,494,143,351,42,3,39,196,88,108,6119,6112,2407,1664,993,819,190,27,12,3643,3472,171,776,1771,434,611,527
52350289,0,,,15600,7234,8366,2080,1017,1063,13068,6017,7051,9549,4531,5018,12666,5826,6840,12412,5704,6708,3519,1486,2033,1680,661,1019,434,129,305,32,3,29,159,77,82,7434,7431,3028,2066,1192,922,184,35,4,4332,4119,213,628,2510,377,936,734
52350290,0,,,71,27,44,7,1,6,62,25,37,25,10,15,62,25,37,62,25,37,37,15,22,22,11,11,6,3,3,1,1,0,3,1,2,30,30,8,11,7,2,0,2,0,21,17,4,1,24,0,5,7
52350293,0,,,1698,765,933,219,106,113,1452,649,803,970,440,530,1398,618,780,1369,606,763,482,209,273,233,97,136,57,24,33,5,1,4,26,12,14,727,727,189,248,169,103,15,2,1,535,504,31,53,315,2,92,105
52350294,0,,,8815,3881,4934,936,479,457,7766,3354,4412,5050,2248,2802,7506,3224,4282,7323,3132,4191,2716,1106,1610,1415,520,895,512,160,352,55,9,46,115,59,56,3878,3872,1164,1353,755,486,100,9,5,2690,2564,126,212,1786,23,600,619
52350295,0,,,8199,3680,4519,1262,608,654,6790,3013,3777,4841,2177,2664,6517,2866,3651,6354,2784,3570,1949,836,1113,1011,406,605,343,111,232,43,8,35,115,42,73,3294,3290,806,1040,727,555,134,21,7,2462,2336,126,335,1294,33,369,443
52350296,0,,,11200,5004,6196,1555,775,780,9341,4101,5240,6813,3058,3755,8992,3926,5066,8779,3828,4951,2528,1043,1485,1258,498,760,388,124,264,27,8,19,105,48,57,5034,5033,1697,1558,908,712,140,15,3,3281,3136,145,451,1751,159,596,613
52350297,0,,,15413,7301,8112,2035,1040,995,12910,6028,6882,9673,4666,5007,12524,5823,6701,12198,5652,6546,3237,1362,1875,1668,634,1034,564,164,400,58,8,50,374,167,207,7308,7297,3122,1863,1231,836,203,28,14,4093,3855,238,678,2157,568,777,587
52350298,0,,,14919,6744,8175,1624,815,809,12523,5555,6968,9474,4301,5173,12245,5416,6829,11971,5292,6679,3049,1254,1795,1603,614,989,508,180,328,27,7,20,368,169,199,8312,8311,4565,1877,1072,650,123,16,8,3684,3493,191,607,2212,983,908,598
52350299,0,,,16637,7945,8692,2600,1343,1257,13741,6474,7267,10627,5154,5473,13180,6180,7000,12802,5988,6814,3114,1320,1794,1495,605,890,443,147,296,33,9,24,113,49,64,7252,7247,2526,1936,1350,1174,222,30,9,4660,4471,189,728,2029,507,602,679
52350302,2,52350314,,47,46,1,*,*,*,*,*,*,*,*,*,*,*,*,*,*,*,*,*,*,*,*,*,*,*,*,*,*,*,*,*,*,47,47,*,*,*,*,*,*,*,*,*,*,*,*,*,*,*
52350305,0,,,5287,2540,2747,1314,676,638,3862,1817,2045,3364,1615,1749,3726,1752,1974,3681,1734,1947,498,202,296,227,70,157,83,12,71,12,0,12,123,48,75,2041,2040,513,584,402,423,99,17,2,1507,1461,46,357,280,16,50,82
52350306,0,,,14062,6831,7231,1360,695,665,12137,5816,6321,8534,4239,4295,11838,5670,6168,11581,5546,6035,3603,1577,2026,1996,777,1219,687,206,481,57,15,42,280,133,147,7133,7123,3587,1708,955,644,187,31,11,3466,3228,238,409,2323,555,919,567
52350307,0,,,18345,8905,9440,1887,950,937,15315,7363,7952,11948,5889,6059,14993,7215,7778,14685,7060,7625,3367,1474,1893,1734,679,1055,516,154,362,38,4,34,545,257,288,10748,10742,6727,1922,1080,759,198,47,9,3899,3640,259,582,2408,1916,1014,525
52350308,0,,,20928,9675,11253,2425,1222,1203,17601,8037,9564,14126,6570,7556,17268,7870,9398,16915,7689,9226,3475,1467,2008,1728,659,1069,530,176,354,47,9,38,783,370,413,12401,12395,7766,2249,1307,847,178,37,11,4482,4240,242,832,2441,2113,1057,655
52350309,0,,,21474,10051,11423,2102,1108,994,18394,8477,9917,15797,7453,8344,18161,8357,9804,17937,8241,9696,2597,1024,1573,1238,421,817,396,98,298,37,8,29,1150,552,598,14051,14048,9665,2421,1195,650,100,13,4,4177,3987,190,923,1906,2552,938,399
52350314,1,,52350302,1602,785,817,158,87,71,1464,735,729,976,515,461,1399,703,696,1354,678,676,488,220,268,224,97,127,56,20,36,5,1,4,16,7,9,670,670,240,221,123,85,37,5,6,473,440,33,36,331,19,98,104
52350315,0,,,8089,3977,4112,1011,531,480,6816,3335,3481,4805,2448,2357,6545,3203,3342,6371,3098,3273,2011,887,1124,1050,404,646,306,100,206,13,2,11,175,100,75,3687,3684,1492,954,586,442,162,35,13,2161,2005,156,246,1415,228,505,386
52350316,0,,,9205,4579,4626,888,471,417,8130,4034,4096,5481,2846,2635,7891,3912,3979,7719,3836,3883,2649,1188,1461,1308,518,790,335,102,233,18,5,13,224,99,125,4814,4809,2424,1181,646,378,131,43,6,2338,2134,204,266,1949,460,832,440
52350317,0,,,15561,7550,8011,1614,790,824,13354,6490,6864,9658,4903,4755,13083,6337,6746,12793,6186,6607,3696,1587,2109,1898,721,1177,599,175,424,54,11,43,686,340,346,8430,8425,4646,1828,1011,697,194,34,15,3704,3409,295,522,2577,1286,989,597
52350318,0,,,21885,10337,11548,2401,1200,1201,18685,8763,9922,15142,7260,7882,18328,8573,9755,18019,8421,9598,3543,1503,2040,1676,603,1073,499,121,378,50,5,45,957,462,495,13161,13154,8417,2301,1362,838,199,27,10,4629,4392,237,905,2554,2411,1207,577
52350319,0,,,20555,9540,11015,2620,1364,1256,16711,7586,9125,14599,6718,7881,16469,7469,9000,16272,7385,8887,2112,868,1244,934,308,626,321,74,247,29,8,21,778,355,423,12699,12694,8369,2113,1228,817,142,22,3,4189,4044,145,1052,1496,2066,659,375
52350324,0,,,76,32,44,6,3,3,69,29,40,40,15,25,68,29,39,67,28,39,29,14,15,12,4,8,3,2,1,0,0,0,1,1,0,35,35,10,15,6,2,2,0,0,25,23,2,2,25,0,8,5
52350325,0,,,8849,4350,4499,849,433,416,7818,3819,3999,4931,2607,2324,7651,3726,3925,7506,3653,3853,2887,1212,1675,1540,566,974,421,115,306,26,4,22,271,118,153,4703,4701,2346,1282,602,341,100,22,8,2302,2158,144,289,2132,315,1014,493
52350326,0,,,18500,8855,9645,1732,862,870,16294,7802,8492,10863,5475,5388,15852,7577,8275,15508,7402,8106,5431,2327,3104,2894,1109,1785,847,248,599,62,16,46,493,249,244,9255,9247,4277,2523,1333,834,215,47,18,4873,4536,337,570,3819,483,1621,909
52350327,0,,,19181,9039,10142,2078,1043,1035,16599,7727,8872,12062,5914,6148,16118,7487,8631,15805,7328,8477,4537,1813,2724,2555,896,1659,880,241,639,87,11,76,284,140,144,9941,9931,5233,2276,1215,881,271,43,12,4563,4282,281,578,2955,1272,1175,721
52350328,0,,,20058,9252,10806,2600,1359,1241,17018,7667,9351,13429,6206,7223,16670,7511,9159,16431,7398,9033,3589,1461,2128,1775,645,1130,560,159,401,44,4,40,482,242,240,10794,10784,5779,2413,1402,924,227,30,9,4830,4574,256,964,2500,1442,1030,599
52350329,0,,,13174,6264,6910,1338,661,677,11012,5200,5812,9406,4519,4887,10874,5126,5748,10765,5074,5691,1606,681,925,692,258,434,199,54,145,14,2,12,358,165,193,8736,8733,6111,1443,683,408,71,15,2,2539,2450,89,487,1170,1481,495,318
52350332,2,52350343,,2,2,0,*,*,*,*,*,*,*,*,*,*,*,*,*,*,*,*,*,*,*,*,*,*,*,*,*,*,*,*,*,*,2,2,*,*,*,*,*,*,*,*,*,*,*,*,*,*,*
52350333,2,52350343,,2,2,0,*,*,*,*,*,*,*,*,*,*,*,*,*,*,*,*,*,*,*,*,*,*,*,*,*,*,*,*,*,*,2,2,*,*,*,*,*,*,*,*,*,*,*,*,*,*,*
52350334,0,,,44,40,4,0,0,0,44,40,4,42,39,3,44,40,4,44,40,4,2,1,1,1,0,1,1,0,1,0,0,0,34,34,0,42,42,41,0,1,0,0,0,0,1,1,0,0,2,24,2,0
52350335,0,,,4976,2469,2507,498,244,254,4401,2173,2228,2948,1559,1389,4244,2085,2159,4130,2024,2106,1453,614,839,845,311,534,326,107,219,31,6,25,257,139,118,2251,2244,1016,575,324,237,69,18,5,1196,1100,96,139,780,237,311,181
52350336,0,,,5992,2860,3132,643,319,324,5257,2503,2754,3726,1845,1881,5123,2436,2687,5031,2384,2647,1531,658,873,737,280,457,215,64,151,12,0,12,202,106,96,2965,2965,1242,919,430,275,79,15,5,1675,1569,106,215,1148,99,452,281
52350337,0,,,13794,6561,7233,1472,766,706,11763,5511,6252,8867,4323,4544,11507,5394,6113,11311,5296,6015,2896,1188,1708,1589,579,1010,499,133,366,41,7,34,241,96,145,7509,7504,4173,1612,905,630,143,31,10,3224,2955,269,503,2033,994,799,430
52350338,0,,,27706,13166,14540,3728,1897,1831,23353,10924,12429,19160,9191,9969,22938,10708,12230,22496,10540,11956,4193,1733,2460,2108,791,1317,680,214,466,46,12,34,562,259,303,14973,14969,7915,3421,2059,1271,244,44,15,6839,6460,379,1579,3042,2036,1157,763
52350339,0,,,4487,2227,2260,364,181,183,3699,1826,1873,2974,1517,1457,3665,1809,1856,3641,1795,1846,725,309,416,359,151,208,107,41,66,7,2,5,101,52,49,2975,2967,2000,610,210,119,24,4,0,926,878,48,147,521,411,196,165
52350340,0,,,1136,527,609,115,60,55,993,448,545,619,293,326,960,433,527,941,425,516,374,155,219,198,82,116,62,22,40,1,0,1,44,26,18,522,522,187,162,90,67,11,3,2,326,307,19,25,267,23,99,73
52350343,1,,52350332;52350333,843,503,340,199,104,95,464,252,212,389,207,182,456,246,210,451,243,208,75,45,30,39,22,17,10,3,7,2,1,1,46,24,22,369,367,198,41,55,58,15,3,1,171,164,7,77,61,8,33,6
52350344,0,,,7708,3826,3882,1085,516,569,6529,3255,3274,4659,2401,2258,6340,3158,3182,6202,3090,3112,1870,854,1016,897,371,526,232,72,160,18,5,13,787,389,398,3519,3516,1410,953,562,402,138,43,8,2063,1928,135,272,1288,216,461,339
52350345,0,,,11696,5627,6069,1195,605,590,10292,4894,5398,6744,3404,3340,9943,4718,5225,9683,4586,5097,3548,1490,2058,2076,741,1335,776,218,558,78,7,71,497,249,248,5331,5317,2293,1408,801,572,174,56,13,2967,2759,208,323,2206,303,942,500
52350346,0,,,14878,7437,7441,1621,877,744,13064,6448,6616,9609,4897,4712,12734,6278,6456,12472,6150,6322,3455,1551,1904,1801,692,1109,553,159,394,39,5,34,394,197,197,7859,7853,4339,1557,937,744,220,43,13,3418,3134,284,475,2449,1153,1079,563
52350347,0,,,3823,1887,1936,439,232,207,3356,1637,1719,2480,1265,1215,3258,1578,1680,3178,1532,1646,876,372,504,485,175,310,161,53,108,10,2,8,102,50,52,1891,1890,913,469,249,182,63,13,1,950,897,53,120,570,283,225,139
52350348,0,,,14886,7264,7622,1802,910,892,12339,5954,6385,9997,4970,5027,12094,5834,6260,11895,5744,6151,2342,984,1358,1081,397,684,335,98,237,26,3,23,338,167,171,8210,8205,4625,1732,986,663,162,30,7,3425,3241,184,679,1612,1176,577,407
52350349,0,,,4957,2430,2527,444,232,212,4144,1995,2149,3336,1672,1664,4090,1964,2126,4050,1946,2104,808,323,485,456,155,301,195,44,151,38,6,32,123,51,72,3106,3090,2087,586,264,121,30,1,1,926,885,41,186,451,520,173,133
52350350,0,,,10089,4774,5315,940,479,461,8523,3941,4582,5614,2685,2929,8280,3818,4462,8003,3737,4266,2909,1256,1653,1564,635,929,435,142,293,35,4,31,194,110,84,4866,4859,2164,1306,703,493,145,37,11,2550,2347,203,249,1999,379,745,531
52350351,0,,,4202,2205,1997,347,170,177,3393,1713,1680,2250,1207,1043,3299,1664,1635,3230,1626,1604,1143,506,637,608,244,364,168,57,111,20,2,18,118,58,60,2105,2101,1001,549,289,189,56,10,7,1016,936,80,89,773,140,289,183
52350352,0,,,687,347,340,27,13,14,548,266,282,300,149,151,537,260,277,531,258,273,248,117,131,112,42,70,27,6,21,1,0,1,44,21,23,392,392,211,113,37,18,11,2,0,166,150,16,8,188,2,89,41
52350353,0,,,5492,2805,2687,460,251,209,4077,2014,2063,2673,1397,1276,3983,1957,2026,3916,1926,1990,1404,617,787,726,276,450,192,59,133,12,1,11,195,102,93,2939,2934,1622,704,292,198,81,28,9,1184,1070,114,118,1015,116,419,220
52350354,0,,,3133,1533,1600,291,148,143,2613,1267,1346,1885,946,939,2549,1234,1315,2499,1200,1299,728,321,407,333,136,197,83,23,60,8,0,8,116,47,69,1473,1471,594,442,222,153,50,9,1,830,760,70,92,520,60,174,122
52350355,0,,,10868,5325,5543,907,440,467,9793,4811,4982,6166,3188,2978,9541,4686,4855,9319,4563,4756,3627,1623,2004,1798,744,1054,481,173,308,29,7,22,304,160,144,5389,5384,2389,1535,781,512,131,30,6,2939,2721,218,266,2572,319,1004,675
52350356,0,,,17873,8739,9134,2331,1179,1152,15219,7383,7836,11509,5717,5792,14682,7113,7569,14306,6917,7389,3710,1666,2044,1755,721,1034,442,135,307,37,7,30,432,202,230,8460,8455,3566,2228,1321,1006,265,52,17,4787,4535,252,671,2598,653,978,731
52350357,0,,,21237,10378,10859,1896,976,920,18620,8981,9639,13875,6917,6958,18208,8772,9436,17868,8601,9267,4745,2064,2681,2454,917,1537,719,221,498,62,14,48,770,385,385,12335,12331,7378,2548,1301,812,222,54,16,4792,4489,303,607,3542,1570,1701,745
52350358,0,,,4569,2243,2326,327,165,162,4085,1992,2093,2776,1452,1324,4023,1959,2064,3947,1927,2020,1309,540,769,690,260,430,199,56,143,12,1,11,204,92,112,2803,2801,1713,645,253,149,37,4,0,1054,986,68,110,963,367,457,249
52350359,0,,,14368,6904,7464,1286,665,621,12193,5786,6407,9494,4732,4762,11958,5660,6298,11677,5519,6158,2699,1054,1645,1390,494,896,402,128,274,20,4,16,511,240,271,8984,8978,5747,1863,840,428,91,8,1,3083,2898,185,525,2035,1302,963,450
52350360,0,,,11607,5491,6116,1188,608,580,9924,4620,5304,6518,3136,3382,9645,4497,5148,9435,4390,5045,3406,1484,1922,1786,742,1044,519,172,347,36,5,31,108,49,59,5422,5411,2189,1569,858,592,161,30,12,3119,2876,243,345,2318,337,787,650
52350361,0,,,11307,5621,5686,1049,543,506,9379,4569,4810,5823,3015,2808,9145,4440,4705,8980,4346,4634,3556,1554,2002,2010,807,1203,572,179,393,47,9,38,286,139,147,5534,5523,2447,1589,787,473,177,38,12,2910,2684,226,325,2453,153,967,601
52350362,0,,,16480,8246,8234,1285,654,631,12837,6189,6648,8377,4246,4131,12527,6032,6495,12283,5925,6358,4460,1943,2517,2297,884,1413,684,208,476,50,12,38,437,192,245,8878,8869,4805,2093,1073,648,172,56,22,3803,3460,343,352,3113,318,1257,695
52350363,0,,,11830,5786,6044,931,490,441,9209,4415,4794,6212,3146,3066,9008,4315,4693,8881,4249,4632,2997,1269,1728,1500,578,922,506,142,364,39,8,31,375,168,207,6508,6501,3578,1669,690,406,129,18,11,2719,2509,210,282,1987,328,744,517
52350364,0,,,14534,7034,7500,1305,682,623,11508,5456,6052,7290,3653,3637,11232,5309,5923,11007,5192,5815,4218,1803,2415,2240,835,1405,702,201,501,72,8,64,232,107,125,6886,6879,2987,1882,1027,685,237,49,12,3553,3196,357,380,2765,238,936,713
52350365,0,,,10109,4914,5195,838,374,464,8104,3887,4217,5060,2539,2521,7888,3784,4104,7767,3732,4035,3044,1348,1696,1609,640,969,481,162,319,25,6,19,146,68,78,5233,5229,2516,1432,660,440,150,25,6,2522,2322,200,222,2246,151,923,521
52350366,0,,,8027,3817,4210,1052,544,508,6877,3209,3668,4639,2288,2351,6554,3042,3512,6364,2936,3428,2238,921,1317,1175,446,729,323,93,230,30,3,27,187,94,93,3433,3432,1098,1076,588,504,141,18,7,2300,2165,135,216,1516,75,558,423
52350367,0,,,13058,6522,6536,1507,795,712,11135,5508,5627,8016,4154,3862,10832,5358,5474,10596,5242,5354,3119,1354,1765,1703,667,1036,533,165,368,41,11,30,429,227,202,6534,6530,3226,1514,881,637,214,44,14,3197,2947,250,440,2161,558,864,487
52350368,0,,,14050,7157,6893,890,475,415,12463,6341,6122,9543,5099,4444,12267,6234,6033,12032,6134,5898,2920,1242,1678,1605,564,1041,574,154,420,73,10,63,720,305,415,9472,9460,6869,1545,622,327,78,13,6,2399,2227,172,301,2047,1855,1027,376
52350369,0,,,8580,4439,4141,689,353,336,7515,3859,3656,5775,3090,2685,7377,3786,3591,7241,3720,3521,1740,769,971,880,341,539,270,92,178,27,4,23,320,160,160,5208,5199,3264,1074,478,289,77,12,5,1832,1700,132,226,1249,868,555,267
52350370,0,,,10696,5177,5519,1319,688,631,8654,4081,4573,6142,2998,3144,8282,3891,4391,8060,3781,4279,2512,1083,1429,1355,546,809,404,142,262,23,5,18,166,74,92,4653,4650,1586,1299,893,665,173,28,6,2926,2746,180,369,1689,154,560,485
52350371,0,,,11903,5785,6118,1094,571,523,9508,4475,5033,5694,2821,2873,9285,4376,4909,9109,4279,4830,3814,1654,2160,2141,865,1276,653,199,454,55,7,48,202,100,102,5537,5529,2160,1701,853,566,198,39,12,3084,2843,241,315,2576,113,934,720
52350372,0,,,14274,6929,7345,1557,792,765,11650,5547,6103,7478,3773,3705,11289,5368,5921,11043,5239,5804,4172,1774,2398,2290,883,1407,734,207,527,58,5,53,227,111,116,6502,6492,2566,1795,1040,797,235,48,11,3740,3364,376,428,2866,211,1007,713
52350373,0,,,5556,2718,2838,377,191,186,4768,2269,2499,2593,1389,1204,4666,2211,2455,4532,2125,2407,2175,880,1295,1270,470,800,457,108,349,56,4,52,74,31,43,2754,2747,1374,739,364,210,48,7,5,1291,1211,80,93,1265,195,541,344
52350374,0,,,11208,5291,5917,1274,667,607,8651,3973,4678,6249,3021,3228,8395,3839,4556,8236,3768,4468,2402,952,1450,1263,435,828,410,113,297,38,8,30,182,86,96,5393,5388,2383,1422,780,629,135,27,12,2792,2593,199,375,1608,199,571,408
52350375,0,,,5036,2350,2686,531,267,264,4085,1879,2206,2537,1259,1278,3982,1834,2148,3913,1799,2114,1548,620,928,854,315,539,214,65,149,17,3,14,85,34,51,2506,2505,1086,772,336,223,63,18,7,1315,1238,77,132,1117,66,471,282
52350376,0,,,11218,5542,5676,1171,616,555,9697,4758,4939,7018,3615,3403,9363,4587,4776,9116,4458,4658,2679,1143,1536,1458,561,897,496,151,345,60,18,42,364,203,161,5575,5565,2765,1299,743,555,169,26,8,2757,2578,179,327,1768,543,748,407
52350377,0,,,12246,6148,6098,1563,786,777,9922,4963,4959,7214,3687,3527,9707,4855,4852,9559,4785,4774,2708,1276,1432,1370,557,813,393,122,271,30,7,23,454,231,223,6396,6391,3242,1513,898,548,147,34,9,3047,2840,207,611,1944,401,867,410
52350378,0,,,19153,9665,9488,2270,1158,1112,16266,8169,8097,12054,6308,5746,15810,7917,7893,15433,7700,7733,4212,1861,2351,2098,813,1285,618,174,444,57,9,48,496,237,259,9436,9430,4523,2221,1390,988,244,53,11,4773,4481,292,695,2847,1088,1079,743
52350379,0,,,17061,8538,8523,1254,639,615,15546,7765,7781,11766,6202,5564,15271,7629,7642,14992,7507,7485,3780,1563,2217,1952,730,1222,468,141,327,22,7,15,713,323,390,10865,10858,6984,2390,883,463,111,20,7,3688,3464,224,438,2898,1821,1465,656
52350380,0,,,10263,4784,5479,1038,521,517,8736,3998,4738,5601,2678,2923,8488,3871,4617,8324,3796,4528,3135,1320,1815,1705,670,1035,532,168,364,42,8,34,324,153,171,4888,4878,2053,1434,717,486,155,25,8,2713,2530,183,301,2139,168,897,562
52350381,0,,,16786,8064,8722,1510,763,747,13648,6396,7252,8792,4296,4496,13328,6240,7088,13111,6125,6986,4856,2100,2756,2588,1022,1566,754,221,533,69,11,58,640,292,348,8491,8459,4130,2142,1160,760,210,44,13,4143,3835,308,444,3200,401,1200,796
52350382,0,,,16033,7760,8273,1513,796,717,12919,6045,6874,8613,4212,4401,12589,5884,6705,12357,5773,6584,4306,1833,2473,2307,942,1365,648,209,439,44,7,37,247,98,149,8186,8182,3887,2184,1104,745,209,41,12,4015,3700,315,473,3001,437,1090,789
52350383,0,,,12339,5918,6421,1125,584,541,10487,4925,5562,6562,3236,3326,10199,4772,5427,9998,4670,5328,3925,1689,2236,1882,771,1111,434,151,283,22,5,17,256,129,127,5608,5605,1912,1886,970,582,190,53,12,3504,3244,260,296,2688,100,823,853
52350384,0,,,15342,7437,7905,1815,936,879,12232,5760,6472,8382,4161,4221,11974,5618,6356,11785,5519,6266,3850,1599,2251,2127,816,1311,677,219,458,60,13,47,200,95,105,7200,7194,2946,2063,1156,746,228,37,18,4048,3760,288,644,2475,217,816,685
52350385,0,,,8169,4012,4157,805,426,379,6588,3153,3435,4340,2200,2140,6383,3039,3344,6229,2958,3271,2248,953,1295,1282,487,795,405,119,286,34,5,29,140,64,76,3634,3627,1372,1079,575,421,123,39,18,2076,1890,186,254,1431,78,477,378
52350386,0,,,3467,1769,1698,304,159,145,2858,1412,1446,1650,888,762,2806,1383,1423,2760,1361,1399,1208,524,684,677,263,414,233,74,159,23,4,19,55,24,31,1615,1613,649,517,233,130,56,19,9,878,792,86,92,782,26,278,200
52350387,0,,,10965,5323,5642,973,499,474,9974,4811,5163,6053,3140,2913,9739,4686,5053,9567,4598,4969,3921,1671,2250,2292,866,1426,637,212,425,33,4,29,194,113,81,5194,5189,2033,1653,838,477,140,32,16,3100,2834,266,285,2692,193,1041,689
52350388,0,,,14754,7007,7747,1717,884,833,12602,5900,6702,9185,4482,4703,12251,5719,6532,11979,5597,6382,3417,1418,1999,1751,663,1088,526,147,379,55,7,48,256,111,145,7511,7505,3683,1846,1007,751,182,30,6,3743,3486,257,556,2365,621,1025,552
52350389,0,,,24458,12126,12332,2389,1261,1128,21857,10726,11131,16184,8286,7898,21439,10512,10927,21104,10353,10751,5673,2440,3233,2555,984,1571,747,235,512,54,10,44,887,390,497,14003,13998,8045,3172,1546,978,222,28,7,5707,5372,335,785,4073,1881,1768,1025
52350390,0,,,12003,5778,6225,1451,778,673,9441,4397,5044,6691,3218,3473,9209,4280,4929,9040,4209,4831,2750,1179,1571,1375,553,822,378,113,265,38,4,34,462,214,248,5746,5739,2372,1684,904,585,166,24,4,3186,3017,169,494,1812,119,587,548
52350391,0,,,15607,7451,8156,1513,743,770,12411,5813,6598,8844,4276,4568,12040,5596,6444,11785,5470,6315,3567,1537,2030,1788,683,1105,514,169,345,43,7,36,330,171,159,8140,8136,4080,2003,1116,723,177,29,8,3887,3665,222,490,2450,324,912,674
52350392,0,,,14245,6712,7533,1514,755,759,11339,5204,6135,7483,3555,3928,11030,5062,5968,10759,4958,5801,3856,1649,2207,2067,814,1253,596,191,405,49,6,43,179,81,98,6595,6590,2612,1879,1082,715,241,53,8,3716,3443,273,461,2599,189,853,728
52350393,0,,,8791,4348,4443,939,487,452,6750,3256,3494,5088,2511,2577,6578,3168,3410,6440,3101,3339,1662,745,917,746,318,428,171,62,109,14,0,14,121,68,53,4578,4577,2255,1174,609,436,91,8,4,2219,2110,109,381,1177,290,417,348
52350394,0,,,13826,6650,7176,1566,782,784,11291,5330,5961,7872,3866,4006,10928,5143,5785,10653,5004,5649,3419,1464,1955,1869,745,1124,553,174,379,38,10,28,139,70,69,5836,5829,1847,1783,1072,802,255,54,16,3737,3453,284,539,2173,143,613,645
52350395,0,,,8573,4250,4323,1188,614,574,6371,3056,3315,4453,2264,2189,6217,2976,3241,6109,2918,3191,1918,792,1126,1030,384,646,338,100,238,39,4,35,202,112,90,3796,3790,1441,1073,613,483,142,26,12,2102,1963,139,360,1204,130,399,341
52350396,0,,,6826,3379,3447,630,307,323,5529,2657,2872,3452,1759,1693,5408,2588,2820,5331,2550,2781,2077,898,1179,1139,461,678,325,110,215,25,5,20,138,78,60,3309,3299,1411,992,523,264,74,27,8,1727,1613,114,206,1346,103,455,376
52350397,0,,,13114,6255,6859,1060,542,518,12028,5694,6334,7219,3677,3542,11772,5563,6209,11581,5473,6108,4809,2017,2792,2716,1041,1675,837,276,561,49,8,41,252,127,125,6720,6711,3119,1951,936,510,151,32,12,3520,3227,293,312,3404,321,1523,768
52350398,0,,,11880,5809,6071,1464,760,704,10378,5027,5351,7095,3581,3514,10128,4903,5225,9940,4821,5119,3283,1446,1837,1801,687,1114,503,152,351,25,5,20,200,86,114,5642,5636,2306,1616,881,612,170,39,12,3265,3038,227,495,2382,279,1033,534
52350399,0,,,20370,10102,10268,2273,1182,1091,17702,8701,9001,13819,7042,6777,17387,8549,8838,17071,8393,8678,3883,1659,2224,1930,754,1176,491,179,312,14,9,5,680,330,350,11444,11443,6496,2462,1320,900,218,36,11,4780,4480,300,793,2907,1574,1293,640
52350400,0,,,13616,6691,6925,828,416,412,12175,5940,6235,10031,5014,5017,12029,5860,6169,11824,5758,6066,2144,926,1218,1051,373,678,322,73,249,34,6,28,2867,1155,1712,9881,9871,7572,1458,511,261,52,13,4,2123,1963,160,316,1607,2034,939,261
52350401,0,,,22878,10415,12463,2617,1286,1331,19343,8646,10697,15087,6889,8198,18899,8411,10488,18595,8253,10342,4256,1757,2499,2125,781,1344,696,227,469,44,14,30,1073,421,652,12809,12805,7221,2872,1498,926,226,44,18,5231,4931,300,848,3138,1309,1402,707
52350402,0,,,21449,9993,11456,2482,1285,1197,18071,8232,9839,14045,6561,7484,17610,7992,9618,17242,7831,9411,4026,1671,2355,1981,722,1259,657,189,468,64,11,53,1552,705,847,11536,11529,6325,2473,1401,1026,233,56,15,4931,4594,337,770,2814,1514,1150,652
52350403,0,,,20518,9577,10941,2090,1054,1036,17722,8114,9608,12323,5844,6479,17296,7911,9385,16983,7743,9240,5399,2270,3129,2980,1073,1907,1037,319,718,89,20,69,1432,655,777,10628,10615,5417,2524,1448,924,252,37,13,5067,4696,371,714,3665,1078,1533,855
52350404,0,,,16430,7928,8502,1785,937,848,13909,6604,7305,9760,4814,4946,13509,6391,7118,13210,6251,6959,4149,1790,2359,2234,861,1373,719,237,482,44,8,36,817,379,438,8356,8345,4224,1950,1070,786,243,59,13,4048,3730,318,468,2918,723,1208,681
52350405,0,,,9464,4629,4835,984,532,452,8068,3865,4203,5444,2774,2670,7858,3771,4087,7695,3687,4008,2624,1091,1533,1465,545,920,460,137,323,41,4,37,514,252,262,4669,4659,2261,1114,676,435,129,36,8,2333,2110,223,270,1695,336,678,396
52350406,0,,,13186,6344,6842,1347,699,648,11301,5334,5967,7561,3683,3878,10935,5153,5782,10635,4991,5644,3740,1651,2089,1751,735,1016,398,131,267,29,3,26,273,140,133,6134,6130,2443,1720,988,745,179,39,16,3614,3329,285,341,2536,322,817,741
52350407,0,,,8886,4234,4652,845,426,419,7768,3655,4113,4929,2466,2463,7526,3527,3999,7356,3440,3916,2839,1189,1650,1506,582,924,472,118,354,60,4,56,189,81,108,3893,3878,1399,1248,617,429,132,37,16,2429,2233,196,205,1706,163,501,522
52350408,0,,,11326,5516,5810,1336,692,644,9648,4636,5012,6589,3262,3327,9314,4466,4848,9070,4344,4726,3059,1374,1685,1481,644,837,315,118,197,14,3,11,185,101,84,5118,5111,1888,1463,875,640,203,34,8,3165,2932,233,381,2175,117,818,570
52350409,0,,,8805,4357,4448,1074,554,520,7495,3668,3827,5278,2681,2597,7212,3551,3661,6998,3431,3567,2217,987,1230,1204,507,697,253,98,155,9,5,4,146,84,62,3742,3737,1246,1029,691,554,176,30,11,2455,2277,178,282,1510,93,474,436
52350410,0,,,13940,6602,7338,771,379,392,12443,5881,6562,11425,5421,6004,12362,5834,6528,12265,5796,6469,1018,460,558,452,171,281,154,45,109,9,2,7,829,373,456,10552,10546,8261,1521,502,218,37,7,0,2012,1918,94,390,773,2487,358,163
52350411,0,,,21154,9511,11643,2562,1330,1232,18225,8012,10213,14891,6673,8218,17897,7849,10048,17561,7699,9862,3334,1339,1995,1720,594,1126,590,144,446,49,4,45,745,336,409,12161,12148,7195,2484,1344,928,175,16,6,4783,4577,206,993,2335,1827,1039,578
52350412,0,,,15341,7222,8119,1760,902,858,13152,6092,7060,9843,4684,5159,12872,5941,6931,12680,5842,6838,3309,1408,1901,1733,686,1047,522,198,324,36,8,28,774,364,410,8457,8449,4625,1945,1037,643,169,30,0,3716,3514,202,612,2357,908,1016,618
52350413,0,,,21890,10348,11542,2184,1097,1087,18969,8838,10131,13165,6442,6723,18562,8637,9925,18209,8449,9760,5804,2396,3408,3189,1156,2033,1102,301,801,103,16,87,1596,762,834,11618,11606,6174,2721,1454,949,241,53,14,5298,4902,396,773,3900,1341,1627,922
52350414,0,,,17184,8520,8664,1977,1028,949,14507,7143,7364,10868,5507,5361,14110,6931,7179,13799,6763,7036,3639,1636,2003,1867,720,1147,598,175,423,58,8,50,780,386,394,9087,9078,4937,1956,1139,769,230,38,9,4023,3782,241,613,2490,948,1121,553
52350415,0,,,11469,5851,5618,1235,577,658,9616,4941,4675,7495,3974,3521,9361,4823,4538,9182,4719,4463,2121,967,1154,1073,460,613,279,94,185,8,3,5,382,197,185,6247,6245,3477,1324,697,552,153,35,7,2693,2513,180,379,1561,786,627,343
52350416,0,,,6967,3516,3451,720,371,349,5850,2929,2921,4293,2225,2068,5671,2843,2828,5510,2783,2727,1557,704,853,788,341,447,186,74,112,6,0,6,214,88,126,3484,3479,1699,844,486,310,103,27,10,1740,1578,162,221,1042,344,344,266
52350417,0,,,7526,3660,3866,612,291,321,6408,3093,3315,4453,2313,2140,6275,3025,3250,6153,2955,3198,1955,780,1175,1199,446,753,387,142,245,31,9,22,289,136,153,4292,4285,2490,992,458,264,63,9,9,1759,1607,152,217,1329,417,588,313
52350418,0,,,8626,4413,4213,935,476,459,7208,3673,3535,5686,3008,2678,7001,3564,3437,6839,3476,3363,1522,665,857,738,281,457,221,50,171,21,2,19,220,108,112,4546,4541,2457,973,556,421,106,24,4,2025,1862,163,265,981,404,345,238
52350419,0,,,10690,5235,5455,1472,756,716,8901,4305,4596,6745,3436,3309,8554,4115,4439,8307,3997,4310,2156,869,1287,1121,432,689,275,73,202,23,2,21,331,181,150,4826,4811,1880,1278,799,605,198,40,11,2883,2661,222,390,1504,206,553,400
52350420,0,,,12001,5669,6332,1115,562,553,10766,5048,5718,9541,4507,5034,10679,5003,5676,10607,4973,5634,1225,541,684,480,168,312,180,53,127,16,4,12,502,231,271,8082,8079,5644,1424,627,330,47,5,2,2344,2265,79,504,919,1542,423,238
52350421,0,,,9908,4450,5458,905,453,452,8928,3955,4973,7528,3385,4143,8822,3909,4913,8713,3856,4857,1400,570,830,597,221,376,174,48,126,4,1,3,365,167,198,6523,6515,4487,1138,525,292,58,13,2,1936,1849,87,317,1062,1218,518,251
52350422,0,,,1207,615,592,84,43,41,1118,568,550,762,431,331,1101,560,541,1084,550,534,356,137,219,208,65,143,85,15,70,11,0,11,158,78,80,660,655,396,149,65,33,10,1,1,257,243,14,33,177,91,87,48
52350423,0,,,17399,8324,9075,1891,960,931,15374,7304,8070,10641,5258,5383,14968,7080,7888,14683,6920,7763,4733,2046,2687,2451,949,1502,752,235,517,44,5,39,676,335,341,8505,8501,3675,2371,1255,919,226,42,13,4746,4445,301,583,3445,447,1479,847
52350424,0,,,18229,8649,9580,2641,1318,1323,15255,7188,8067,11215,5429,5786,14694,6925,7769,14349,6756,7593,4040,1759,2281,2139,864,1275,598,222,376,31,8,23,438,186,252,8506,8502,3409,2300,1422,1021,299,40,11,4993,4726,267,740,2918,436,1168,754
52350425,0,,,17344,8345,8999,2021,1064,957,14849,7055,7794,10418,5156,5262,14408,6832,7576,14095,6670,7425,4431,1899,2532,2396,945,1451,672,212,460,60,10,50,375,193,182,8127,8119,3385,2173,1271,972,270,39,9,4620,4316,304,601,3010,488,1134,775
52350426,0,,,12815,6153,6662,1383,670,713,11080,5277,5803,7476,3800,3676,10730,5091,5639,10494,4978,5516,3604,1477,2127,2081,820,1261,503,161,342,40,5,35,235,123,112,5844,5841,2207,1665,1032,676,214,35,12,3566,3251,315,386,2470,213,861,628
52350427,0,,,3520,1745,1775,451,235,216,2965,1451,1514,2153,1090,1063,2841,1388,1453,2758,1350,1408,812,361,451,372,145,227,98,28,70,6,1,5,124,67,57,1484,1481,497,411,264,225,70,13,1,969,914,55,111,520,65,154,151
52350428,0,,,5276,2619,2657,711,358,353,4449,2191,2258,3107,1603,1504,4273,2090,2183,4174,2037,2137,1342,588,754,634,255,379,167,49,118,13,0,13,96,57,39,2125,2122,619,582,432,344,113,25,7,1477,1351,126,181,873,57,246,245
52350429,0,,,8819,4383,4436,1094,563,531,7406,3648,3758,5391,2752,2639,7129,3518,3611,6943,3430,3513,2015,896,1119,1032,415,617,216,63,153,29,5,24,191,115,76,3730,3727,1263,1042,665,529,176,35,17,2410,2195,215,323,1311,145,378,408
52350430,0,,,12388,6109,6279,1019,524,495,10506,5132,5374,8925,4449,4476,10386,5079,5307,10270,5044,5226,1581,683,898,783,303,480,322,98,224,35,7,28,392,182,210,8356,8344,5943,1446,559,325,51,17,3,2169,2051,118,416,1037,1401,466,257
52350431,0,,,15983,7675,8308,1444,744,700,13668,6502,7166,11715,5635,6080,13475,6404,7071,13280,6323,6957,1953,867,1086,878,345,533,269,88,181,15,2,13,482,248,234,10593,10581,7480,1642,815,527,100,12,5,2896,2732,164,561,1470,1819,692,327
52350432,0,,,12456,6276,6180,812,451,361,10540,5284,5256,8178,4253,3925,10398,5210,5188,10276,5146,5130,2362,1031,1331,1151,426,725,404,107,297,31,8,23,531,259,272,8076,8069,5594,1420,642,322,71,14,6,2367,2222,145,333,1540,1173,679,362
52350433,0,,,20601,9622,10979,1873,963,910,18101,8364,9737,12243,5970,6273,17728,8186,9542,17440,8061,9379,5858,2394,3464,3139,1128,2011,1119,288,831,122,18,104,572,265,307,10545,10534,5184,2756,1433,878,222,48,13,5211,4850,361,648,3788,888,1420,990
52350434,0,,,18444,8567,9877,2148,1101,1047,16175,7419,8756,10961,5244,5717,15649,7172,8477,15275,6999,8276,5214,2175,3039,2796,1053,1743,727,235,492,46,5,41,409,181,228,8349,8340,3018,2518,1427,1046,278,41,12,5248,4967,281,627,3657,223,1513,1007
52350435,0,,,18255,8649,9606,3114,1581,1533,14982,7006,7976,11361,5532,5829,14246,6658,7588,13810,6450,7360,3621,1474,2147,1996,753,1243,673,224,449,54,12,42,274,125,149,7077,7072,1897,1897,1413,1424,361,63,17,5097,4837,260,733,2323,183,781,668
52350436,0,,,13944,6653,7291,1720,924,796,11997,5618,6379,8585,4202,4383,11597,5431,6166,11316,5287,6029,3412,1416,1996,1849,714,1135,508,153,355,33,3,30,235,124,111,6283,6279,2311,1849,1061,778,211,50,19,3914,3666,248,517,2364,226,890,641
52350437,0,,,8882,4362,4520,1252,659,593,7379,3562,3817,5469,2725,2744,7095,3420,3675,6925,3337,3588,1910,837,1073,936,367,569,239,67,172,16,4,12,121,53,68,3735,3733,1179,1083,675,595,160,33,8,2492,2312,180,287,1291,115,380,361
52350438,0,,,15285,7270,8015,1877,961,916,13107,6143,6964,9031,4427,4604,12645,5900,6745,12299,5725,6574,4076,1716,2360,2223,882,1341,586,205,381,26,4,22,462,198,264,6675,6673,2253,2017,1119,948,264,52,20,4354,4018,336,506,2869,188,1020,774
52350439,0,,,10932,5145,5787,1291,651,640,9474,4397,5077,6318,3081,3237,9196,4257,4939,8976,4150,4826,3156,1316,1840,1693,633,1060,480,129,351,41,3,38,417,196,221,4603,4593,1414,1495,835,623,175,42,9,3136,2925,211,355,2009,70,674,588
52350440,0,,,15427,7627,7800,1216,607,609,12766,6286,6480,10113,5173,4940,12596,6196,6400,12419,6107,6312,2653,1113,1540,1363,497,866,467,121,346,38,5,33,624,300,324,9976,9950,6805,1836,788,409,90,13,9,2906,2709,197,484,1817,1391,849,391
52350441,0,,,25090,11874,13216,2571,1310,1261,21000,9823,11177,15592,7570,8022,20659,9636,11023,20239,9464,10775,5408,2253,3155,2678,999,1679,815,229,586,65,12,53,914,444,470,14758,14750,8825,3255,1498,933,206,24,9,5639,5355,284,920,3837,1584,1742,982
52350442,0,,,25052,12098,12954,2321,1181,1140,21653,10398,11255,15346,7731,7615,21191,10162,11029,20840,9966,10874,6307,2667,3640,3368,1224,2144,1170,326,844,100,19,81,723,371,352,14041,14030,8213,2959,1503,992,306,46,11,5616,5203,413,782,4318,1618,1988,988
52350443,0,,,28730,13704,15026,3790,1985,1805,24623,11564,13059,18918,9108,9810,23928,11208,12720,23452,10969,12483,5705,2456,3249,2841,1096,1745,824,280,544,41,9,32,787,369,418,14684,14677,7114,3560,2121,1460,344,56,22,7390,7042,348,1273,4206,1316,1881,1007
52350444,0,,,23147,10817,12330,3838,1979,1859,19098,8748,10350,14043,6707,7336,18366,8397,9969,17946,8184,9762,5055,2041,3014,2671,937,1734,835,223,612,79,9,70,402,180,222,10135,10109,3718,2705,1735,1501,389,50,11,6309,6026,283,1092,3424,456,1446,914
52350445,0,,,17757,8265,9492,2227,1104,1123,15246,7046,8200,10828,5184,5644,14772,6810,7962,14428,6632,7796,4418,1862,2556,2329,910,1419,659,212,447,52,13,39,275,121,154,8102,8097,2999,2390,1401,1023,229,47,8,5021,4752,269,673,3002,431,1054,899
52350446,0,,,15681,7368,8313,2345,1183,1162,13180,6131,7049,9643,4666,4977,12713,5879,6834,12397,5718,6679,3537,1465,2072,1916,725,1191,562,176,386,31,5,26,274,127,147,6557,6549,1983,1990,1278,964,264,53,17,4495,4275,220,770,2353,143,867,662
52350447,0,,,7435,3654,3781,1050,514,536,6206,3058,3148,4474,2295,2179,6033,2971,3062,5899,2898,3001,1732,763,969,892,361,531,213,68,145,24,4,20,166,75,91,3348,3344,1305,907,553,431,111,27,10,1981,1843,138,303,1170,168,440,305
52350448,0,,,11573,5726,5847,1497,746,751,9868,4855,5013,6994,3583,3411,9520,4692,4828,9267,4564,4703,2874,1272,1602,1461,623,838,319,112,207,15,1,14,263,143,120,4959,4959,1668,1403,875,684,249,67,13,3216,2915,301,392,1971,217,550,573
52350449,0,,,14299,6747,7552,1512,764,748,12364,5816,6548,8725,4259,4466,12014,5655,6359,11722,5496,6226,3639,1557,2082,1754,689,1065,481,165,316,31,8,23,251,126,125,6682,6672,2715,1875,1103,750,181,36,12,3891,3636,255,470,2447,413,825,724
52350450,0,,,26532,13086,13446,2017,1018,999,22354,10951,11403,17883,9062,8821,22038,10812,11226,21606,10578,11028,4471,1889,2582,2245,827,1418,740,234,506,79,16,63,1002,475,527,17048,17040,11465,3265,1364,734,163,37,12,5140,4812,328,819,3254,2282,1557,698
52350451,0,,,22435,11200,11235,2630,1427,1203,18831,9285,9546,14339,7363,6976,18406,9063,9343,18056,8878,9178,4492,1922,2570,2168,812,1356,629,175,454,45,4,41,922,436,486,11077,11062,5296,2852,1589,1025,256,38,6,5439,5097,342,864,3214,775,1251,753
52350452,0,,,29033,13622,15411,3471,1775,1696,24460,11330,13130,18120,8541,9579,23864,11019,12845,23424,10796,12628,6340,2789,3551,3031,1156,1875,982,321,661,63,16,47,620,325,295,15350,15343,8030,3463,1971,1475,344,48,12,7129,6770,359,1054,4538,1517,1886,1212
52350453,0,,,20793,10008,10785,2126,1109,1017,18533,8841,9692,13124,6503,6621,18083,8602,9481,17680,8409,9271,5409,2338,3071,2786,1070,1716,839,268,571,51,12,39,442,225,217,10836,10834,5343,2735,1460,1003,231,50,12,5380,5022,358,673,3950,906,1705,958
52350454,0,,,25187,11726,13461,3249,1690,1559,21756,9952,11804,14569,6900,7669,21128,9640,11488,20696,9424,11272,7187,3052,4135,3826,1479,2347,1135,369,766,78,13,65,391,182,209,11590,11583,4306,3496,2014,1327,377,56,7,7173,6798,375,954,5034,395,2039,1414
52350455,0,,,4936,2338,2598,863,424,439,3988,1878,2110,3115,1536,1579,3829,1799,2030,3716,1741,1975,873,342,531,559,194,365,185,47,138,20,2,18,93,36,57,1916,1912,530,508,403,352,98,17,4,1354,1303,51,253,511,30,162,140
52350456,0,,,7490,3585,3905,1379,704,675,6004,2836,3168,4801,2369,2432,5754,2717,3037,5607,2643,2964,1203,467,736,682,230,452,260,64,196,30,4,26,117,65,52,2887,2880,787,770,613,526,138,35,11,2052,1936,116,438,690,106,174,178
52350457,0,,,9412,4408,5004,1210,631,579,8125,3747,4378,5397,2651,2746,7865,3609,4256,7659,3512,4147,2728,1096,1632,1636,610,1026,398,136,262,17,6,11,162,79,83,4252,4248,1569,1285,672,527,138,47,10,2652,2483,169,317,1947,120,799,519
52350458,0,,,4188,2085,2103,735,369,366,3402,1694,1708,2723,1380,1343,3196,1605,1591,3065,1537,1528,679,314,365,313,142,171,51,15,36,6,0,6,84,52,32,1571,1571,427,348,304,347,112,27,6,1119,1042,77,149,469,69,127,116
52350459,0,,,12282,5950,6332,1280,662,618,10787,5192,5595,7809,3926,3883,10346,4973,5373,10016,4798,5218,2978,1266,1712,1597,657,940,339,111,228,20,4,16,304,170,134,5548,5544,2128,1492,939,754,178,42,11,3357,3126,231,317,2007,432,633,572
52350460,0,,,2634,1346,1288,186,98,88,2239,1142,1097,1688,900,788,2201,1125,1076,2167,1106,1061,551,242,309,284,109,175,78,20,58,4,2,2,113,51,62,1689,1687,1074,395,130,69,15,3,1,574,536,38,79,419,184,203,98
52350461,0,,,13082,6157,6925,1392,691,701,11289,5269,6020,7697,3711,3986,10945,5099,5846,10692,4978,5714,3592,1558,2034,1733,680,1053,452,146,306,17,3,14,368,152,216,6404,6401,2693,1862,1020,623,163,32,8,3616,3379,237,399,2550,290,898,729
52350462,0,,,23846,11168,12678,3066,1541,1525,20319,9403,10916,14009,6738,7271,19696,9070,10626,19272,8856,10416,6310,2665,3645,3104,1131,1973,1015,272,743,92,13,79,410,184,226,10639,10628,3884,3043,1926,1337,360,67,11,6632,6262,370,855,4257,317,1616,1200
52350463,0,,,16996,8007,8989,1528,787,741,15089,7052,8037,9502,4696,4806,14752,6891,7861,14485,6759,7726,5587,2356,3231,3165,1155,2010,1126,339,787,115,16,99,384,175,209,8878,8862,4531,2247,1134,733,175,34,8,4235,3965,270,466,3922,575,1898,892
52350464,0,,,17347,8161,9186,1783,895,888,15443,7199,8244,10394,5076,5318,15064,7007,8057,14775,6849,7926,5049,2123,2926,2888,1057,1831,1055,318,737,113,24,89,353,180,173,8660,8648,4177,2177,1159,818,247,50,20,4368,4002,366,521,3403,685,1416,810
52350465,0,,,14090,6916,7174,1889,973,916,12044,5851,6193,8277,4233,4044,11665,5664,6001,11398,5526,5872,3767,1618,2149,2185,851,1334,693,220,473,63,15,48,435,212,223,6165,6149,2374,1668,1012,749,267,59,20,3698,3446,252,603,2366,316,915,615
52350466,0,,,7095,3449,3646,1040,545,495,5910,2817,3093,4226,2109,2117,5699,2704,2995,5540,2613,2927,1684,708,976,859,325,534,197,72,125,10,0,10,147,72,75,3033,3029,990,883,565,430,121,33,7,2009,1893,116,314,1155,73,397,323
52350467,0,,,6968,3474,3494,737,368,369,6158,3060,3098,4239,2234,2005,5965,2953,3012,5837,2888,2949,1919,826,1093,1015,415,600,265,85,180,14,1,13,169,98,71,3017,3009,1122,822,534,357,136,30,8,1853,1691,162,214,1182,187,351,330
52350468,0,,,7223,3480,3743,670,341,329,6493,3101,3392,3893,2011,1882,6282,2986,3296,6138,2910,3228,2600,1090,1510,1392,565,827,263,107,156,6,1,5,306,152,154,3375,3374,1237,1127,512,354,105,26,13,2098,1938,160,147,1821,77,674,545
52350469,0,,,10290,5143,5147,1358,729,629,8804,4364,4440,6342,3242,3100,8492,4209,4283,8253,4061,4192,2462,1122,1340,1183,503,680,209,70,139,15,1,14,281,143,138,4311,4308,1314,1314,781,637,207,40,15,2944,2757,187,348,1686,107,531,533
52350470,0,,,13281,7066,6215,501,254,247,11835,6357,5478,9766,5463,4303,11750,6307,5443,11468,6215,5253,2069,894,1175,1059,364,695,357,88,269,46,5,41,1074,529,545,10234,10227,8442,1177,367,173,44,19,5,1598,1454,144,200,1489,2895,926,215
52350471,0,,,3125,1525,1600,289,153,136,2654,1285,1369,1839,938,901,2588,1252,1336,2528,1225,1303,815,347,468,437,163,274,142,34,108,17,3,14,86,36,50,1700,1697,962,377,180,120,47,7,4,723,659,64,72,536,188,201,146
52350472,0,,,9264,4556,4708,999,521,478,8184,3989,4195,5232,2704,2528,8005,3905,4100,7827,3810,4017,2952,1285,1667,1697,635,1062,579,185,394,49,12,37,333,164,169,4580,4568,2127,1266,610,381,130,39,15,2376,2193,183,328,2034,205,935,470
52350473,0,,,12131,5807,6324,1209,623,586,10571,4994,5577,7013,3492,3521,10334,4894,5440,10080,4776,5304,3558,1502,2056,1946,719,1227,657,223,434,49,11,38,336,131,205,6632,6625,3626,1559,734,506,154,35,11,2938,2719,219,346,2570,729,1208,645
52350474,0,,,18384,8837,9547,1686,860,826,15998,7583,8415,11158,5503,5655,15631,7396,8235,15328,7242,8086,4840,2080,2760,2589,939,1650,837,235,602,67,12,55,350,181,169,10466,10455,6203,2127,1109,763,189,57,7,4145,3826,319,521,3530,1227,1668,793
52350475,0,,,13451,6434,7017,1260,624,636,11894,5618,6276,7280,3654,3626,11635,5489,6146,11413,5382,6031,4614,1964,2650,2723,1073,1650,832,289,543,57,16,41,271,113,158,6532,6521,2788,1894,1030,581,184,29,15,3669,3401,268,418,3138,266,1260,818
52350476,0,,,6824,3366,3458,742,390,352,5980,2909,3071,4076,2110,1966,5787,2804,2983,5650,2738,2912,1904,799,1105,1112,425,687,327,105,222,32,4,28,135,83,52,3178,3173,1303,858,522,379,91,14,6,1850,1738,112,228,1291,132,532,317
52350477,0,,,7491,3616,3875,916,445,471,6404,3110,3294,4496,2307,2189,6164,3007,3157,5977,2909,3068,1908,803,1105,1047,426,621,261,92,169,21,3,18,137,87,50,3098,3092,1009,901,560,419,156,33,14,2048,1893,155,249,1242,112,410,338
52350478,0,,,7919,3807,4112,739,401,338,7139,3382,3757,4412,2240,2172,6919,3276,3643,6755,3208,3547,2727,1142,1585,1588,632,956,390,137,253,27,4,23,405,200,205,3458,3453,1184,1096,577,415,138,27,16,2234,2073,161,175,1815,49,680,513
52350479,0,,,8878,4437,4441,1106,589,517,7720,3816,3904,5201,2698,2503,7444,3663,3781,7253,3571,3682,2519,1118,1401,1264,527,737,302,89,213,25,5,20,244,138,106,3770,3767,1219,1146,662,504,182,39,15,2514,2344,170,297,1693,108,571,519
52350480,0,,,17534,8915,8619,1049,530,519,15581,7958,7623,11731,6267,5464,15377,7857,7520,15135,7747,7388,3850,1691,2159,2042,765,1277,638,178,460,51,7,44,796,371,425,11633,11624,8054,2145,856,427,114,18,10,3416,3193,223,379,2897,1968,1488,558
52350481,0,,,17638,8418,9220,1217,627,590,15420,7360,8060,10285,5229,5056,15169,7222,7947,14940,7100,7840,5135,2131,3004,2864,1048,1816,907,242,665,94,7,87,532,258,274,10246,10236,6177,2259,1070,550,142,31,7,3909,3637,272,413,3529,1232,1654,813
52350482,0,,,11642,5832,5810,1413,701,712,9655,4850,4805,7301,3769,3532,9378,4723,4655,9164,4615,4549,2354,1081,1273,1133,466,667,342,104,238,34,6,28,294,139,155,5915,5909,3016,1344,791,528,185,30,15,2791,2637,154,416,1568,497,621,384
52350483,0,,,10840,5306,5534,1306,676,630,9200,4488,4712,6333,3191,3142,8949,4351,4598,8781,4260,4521,2867,1297,1570,1431,576,855,377,111,266,28,3,25,278,147,131,5635,5627,2847,1364,790,441,149,28,8,2711,2550,161,387,2024,321,953,478
52350484,0,,,10602,5032,5570,1332,670,662,8982,4199,4783,6056,2925,3131,8783,4093,4690,8627,4022,4605,2926,1274,1652,1470,604,866,427,145,282,23,3,20,110,45,65,5110,5108,2084,1467,839,572,126,18,2,2982,2822,160,462,2058,234,773,618
52350485,0,,,12230,5953,6277,1094,579,515,10577,5050,5527,7502,3742,3760,10353,4934,5419,10131,4817,5314,3075,1308,1767,1666,610,1056,537,154,383,37,8,29,174,88,86,6711,6709,3710,1508,815,521,127,20,8,2942,2763,179,378,2171,622,959,497
52350486,0,,,14742,7329,7413,1265,654,611,13085,6448,6637,8841,4537,4304,12778,6295,6483,12545,6185,6360,4244,1911,2333,2248,900,1348,570,213,357,16,5,11,347,168,179,8041,8037,4189,2069,991,607,136,30,15,3755,3504,251,367,3202,467,1497,683
52350487,0,,,11577,5639,5938,1157,602,555,10243,4930,5313,6943,3515,3428,9995,4803,5192,9805,4704,5101,3300,1415,1885,1854,732,1122,506,172,334,30,3,27,272,115,157,5740,5731,2705,1514,879,463,123,35,12,2953,2733,220,354,2158,336,916,464
52350488,0,,,14313,7065,7248,1356,668,688,12792,6299,6493,8405,4341,4064,12447,6130,6317,12147,5980,6167,4387,1958,2429,2347,998,1349,477,194,283,33,7,26,205,118,87,6704,6700,2728,1902,1040,729,231,57,13,3909,3581,328,377,3010,246,1104,786
52350489,0,,,9424,4523,4901,1228,603,625,8127,3878,4249,5699,2838,2861,7812,3714,4098,7586,3604,3982,2428,1040,1388,1207,497,710,258,67,191,27,3,24,248,121,127,4001,3991,1283,1241,657,568,189,36,17,2661,2488,173,303,1643,76,596,489
52350490,0,,,10517,4957,5560,1124,606,518,9117,4203,4914,6115,3001,3114,8914,4093,4821,8745,4016,4729,3002,1202,1800,1666,590,1076,537,171,366,31,5,26,380,178,202,5491,5485,2652,1525,734,439,106,22,7,2769,2642,127,403,2127,386,963,538
52350491,0,,,15842,7686,8156,1333,709,624,13728,6620,7108,9791,4920,4871,13461,6480,6981,13169,6344,6825,3937,1700,2237,2064,773,1291,597,166,431,37,5,32,563,300,263,9032,9026,5250,1978,989,605,148,43,13,3629,3381,248,423,2821,1119,1231,650
52350492,0,,,20704,10160,10544,1911,976,935,17908,8779,9129,13757,6965,6792,17533,8599,8934,17136,8404,8732,4151,1814,2337,2157,786,1371,759,210,549,71,7,64,754,370,384,12219,12208,7708,2298,1198,760,194,39,11,4320,4007,313,634,2807,1891,1343,577
52350493,0,,,18294,8963,9331,2024,1063,961,15518,7540,7978,11411,5778,5633,15091,7342,7749,14673,7148,7525,4107,1762,2345,2261,853,1408,632,187,445,44,8,36,529,281,248,9906,9900,5446,2196,1173,755,252,66,12,4339,4044,295,648,2926,1069,1298,703
52350494,0,,,8766,4285,4481,1436,726,710,7182,3490,3692,5376,2683,2693,6929,3369,3560,6769,3288,3481,1806,807,999,869,328,541,285,75,210,25,3,22,141,74,67,3472,3465,984,1020,666,582,179,29,5,2441,2321,120,347,1140,108,345,354
52350495,0,,,9226,4472,4754,1042,557,485,7967,3781,4186,5444,2767,2677,7786,3693,4093,7647,3607,4040,2523,1014,1509,1406,487,919,439,123,316,41,10,31,159,67,92,4312,4291,1897,1195,632,429,110,21,7,2349,2205,144,371,1495,238,600,382
52350496,0,,,16806,8179,8627,1947,985,962,14348,6921,7427,10044,4988,5056,13951,6718,7233,13680,6566,7114,4304,1933,2371,2194,907,1287,473,173,300,20,3,17,251,113,138,8028,8020,3368,2211,1275,894,222,36,14,4561,4290,271,502,3050,380,1170,822
52350497,0,,,19665,9667,9998,1865,1012,853,17421,8430,8991,11080,5655,5425,16953,8185,8768,16586,8009,8577,6341,2775,3566,3469,1381,2088,738,262,476,39,11,28,259,132,127,9999,9996,4673,2753,1381,840,263,69,17,5197,4826,371,545,4638,382,2083,1092
52350498,0,,,15961,7752,8209,1262,643,619,14117,6780,7337,9303,4693,4610,13777,6625,7152,13478,6481,6997,4814,2087,2727,2664,1062,1602,645,228,417,27,3,24,279,150,129,8580,8578,4356,2266,1118,604,172,44,18,4077,3771,306,379,3474,636,1483,842
52350499,0,,,12813,6482,6331,1238,652,586,11094,5571,5523,7256,3857,3399,10782,5395,5387,10543,5267,5276,3838,1714,2124,2009,861,1148,389,139,250,16,1,15,260,144,116,6310,6307,2741,1828,924,591,167,43,13,3426,3176,250,375,2696,288,1022,695
52350500,0,,,6555,3255,3300,685,370,315,5741,2817,2924,3655,1883,1772,5543,2717,2826,5417,2639,2778,2086,934,1152,1001,446,555,195,77,118,15,1,14,110,63,47,2776,2772,778,947,543,371,102,22,9,1974,1823,151,169,1395,65,376,465
52350501,0,,,14996,7084,7912,1824,905,919,12825,5968,6857,8425,4139,4286,12412,5767,6645,12118,5625,6493,4400,1829,2571,2401,899,1502,726,227,499,75,13,62,211,105,106,6306,6292,2085,1837,1132,901,264,52,21,4136,3783,353,441,2801,86,951,749
52350502,0,,,1530,735,795,152,75,77,1344,640,704,899,444,455,1305,618,687,1267,595,672,445,196,249,217,94,123,49,15,34,6,2,4,22,10,12,652,652,199,199,134,77,38,2,3,446,417,29,36,304,20,89,94
52350503,2,52350504,,9,5,4,*,*,*,*,*,*,*,*,*,*,*,*,*,*,*,*,*,*,*,*,*,*,*,*,*,*,*,*,*,*,3,3,*,*,*,*,*,*,*,*,*,*,*,*,*,*,*
52350504,1,,52350503,60,25,35,1,0,1,68,30,38,34,14,20,67,30,37,66,29,37,34,16,18,15,7,8,5,2,3,0,0,0,0,0,0,20,20,3,6,6,5,2,1,0,20,13,7,0,21,0,3,4
52350505,0,,,581,291,290,54,32,22,527,259,268,346,182,164,509,250,259,490,241,249,181,77,104,90,34,56,21,4,17,0,0,0,11,5,6,221,221,44,79,43,35,13,4,3,177,158,19,10,116,0,25,44
52350506,0,,,6274,3000,3274,712,355,357,5532,2628,2904,3785,1822,1963,5323,2514,2809,5161,2438,2723,1747,806,941,852,380,472,214,79,135,11,3,8,43,26,17,2617,2616,672,880,567,390,77,20,10,1929,1822,107,191,1169,50,347,420
52350507,0,,,3486,1669,1817,805,383,422,2677,1285,1392,2147,1052,1095,2525,1202,1323,2424,1159,1265,530,233,297,274,118,156,81,24,57,8,1,7,15,4,11,1112,1109,121,276,240,364,96,12,0,986,942,44,232,301,13,58,139
52350508,0,,,152,69,83,23,9,14,129,60,69,78,38,40,126,59,67,123,58,65,51,22,29,30,13,17,8,4,4,0,0,0,0,0,0,60,60,9,27,11,10,2,1,0,51,47,4,9,33,0,7,13
52350509,0,,,931,401,530,56,21,35,875,380,495,358,171,187,857,372,485,847,365,482,517,209,308,308,104,204,153,40,113,22,4,18,1,0,1,308,306,49,122,72,40,13,6,4,256,211,45,13,233,0,39,85
52350510,0,,,4714,2427,2287,478,258,220,4077,2075,2002,3170,1638,1532,3916,1990,1926,3777,1927,1850,907,437,470,413,179,234,109,39,70,6,2,4,98,72,26,2078,2073,760,557,371,290,78,14,3,1283,1190,93,133,590,108,171,176
52350511,0,,,11184,5419,5765,1329,670,659,9534,4561,4973,6799,3407,3392,9159,4357,4802,8852,4190,4662,2735,1154,1581,1482,571,911,410,137,273,43,4,39,130,69,61,4809,4807,1663,1318,872,705,197,41,11,3087,2870,217,348,1809,190,611,528
52350512,1,,52350523,4639,2219,2420,452,220,232,4068,1924,2144,2722,1335,1387,3941,1861,2080,3841,1811,2030,1346,589,757,709,290,419,182,64,118,8,3,5,46,25,21,2066,2064,711,645,345,269,69,21,6,1344,1242,102,100,933,30,307,282
52350514,2,52350515,,7,6,1,*,*,*,*,*,*,*,*,*,*,*,*,*,*,*,*,*,*,*,*,*,*,*,*,*,*,*,*,*,*,5,5,*,*,*,*,*,*,*,*,*,*,*,*,*,*,*
52350515,1,,52350514,173,72,101,17,9,8,162,68,94,98,42,56,159,68,91,153,67,86,64,26,38,28,10,18,2,0,2,0,0,0,5,3,2,73,73,25,26,15,5,5,1,1,52,50,2,4,43,0,16,13
52350516,0,,,5514,2662,2852,698,351,347,4777,2292,2485,3189,1608,1581,4616,2210,2406,4471,2129,2342,1588,684,904,797,325,472,220,69,151,22,4,18,37,22,15,2305,2301,678,739,420,354,92,15,3,1605,1501,104,165,1049,48,337,349
52350517,0,,,2943,1333,1610,324,157,167,2609,1170,1439,1523,696,827,2514,1131,1383,2449,1099,1350,1086,474,612,555,252,303,140,51,89,13,2,11,16,3,13,1158,1158,212,447,235,199,55,9,1,943,885,58,71,679,3,151,298
52350518,0,,,4453,2036,2417,506,250,256,3929,1778,2151,2337,1068,1269,3774,1703,2071,3666,1651,2015,1592,710,882,948,450,498,205,100,105,12,4,8,24,13,11,1747,1746,306,686,368,290,78,13,5,1433,1318,115,96,998,8,216,436
52350519,0,,,3405,1580,1825,322,158,164,3064,1410,1654,1624,766,858,2979,1361,1618,2922,1332,1590,1440,644,796,745,328,417,209,83,126,16,3,13,12,5,7,1348,1344,260,548,273,196,49,13,5,1081,987,94,81,858,1,178,376
52350520,0,,,1295,703,592,171,97,74,1068,567,501,849,464,385,1025,541,484,990,525,465,219,103,116,119,47,72,35,9,26,3,1,2,52,39,13,539,537,199,119,100,80,34,3,2,331,294,37,60,133,22,38,34
52350521,0,,,11768,5700,6068,1562,818,744,9929,4717,5212,6899,3379,3520,9576,4535,5041,9309,4399,4910,3030,1338,1692,1525,637,888,366,128,238,23,5,18,79,37,42,4843,4838,1400,1504,908,746,209,53,18,3388,3144,244,364,2017,112,563,645
52350522,0,,,6005,2866,3139,697,339,358,5131,2427,2704,3539,1704,1835,4960,2333,2627,4827,2273,2554,1592,723,869,726,305,421,185,62,123,13,2,11,75,41,34,2560,2557,775,819,490,339,98,30,6,1757,1636,121,184,1080,28,315,351
52350523,2,52350512,,5,3,2,*,*,*,*,*,*,*,*,*,*,*,*,*,*,*,*,*,*,*,*,*,*,*,*,*,*,*,*,*,*,2,2,*,*,*,*,*,*,*,*,*,*,*,*,*,*,*
52350524,0,,,43,23,20,2,2,0,41,21,20,15,10,5,39,19,20,39,19,20,26,11,15,16,7,9,5,1,4,1,0,1,0,0,0,22,22,6,13,2,0,1,0,0,16,16,0,0,17,1,3,6
52350525,0,,,5991,2786,3205,747,384,363,5192,2376,2816,3447,1654,1793,5045,2312,2733,4939,2254,2685,1745,722,1023,999,369,630,367,116,251,33,7,26,117,51,66,2788,2780,1123,793,478,294,72,14,6,1643,1548,95,249,1154,126,464,350
52350526,0,,,8035,3707,4328,1033,527,506,6914,3132,3782,4911,2290,2621,6703,3024,3679,6545,2940,3605,2003,842,1161,1022,398,624,311,99,212,14,2,12,33,16,17,3524,3518,1150,1041,709,479,119,13,7,2350,2208,142,314,1397,106,519,431
52350527,0,,,3402,1581,1821,409,209,200,2958,1356,1602,1988,926,1062,2843,1301,1542,2760,1258,1502,970,430,540,455,188,267,144,45,99,7,1,6,17,9,8,1407,1405,380,485,268,206,50,14,2,1020,962,58,86,617,31,183,224
52350528,0,,,5756,2700,3056,619,319,300,5031,2322,2709,3189,1508,1681,4847,2231,2616,4707,2155,2552,1842,814,1028,1011,462,549,275,121,154,21,5,16,24,12,12,2448,2447,712,835,451,334,93,19,3,1729,1618,111,129,1140,91,293,453
52350529,0,,,7643,3545,4098,1050,528,522,6500,2961,3539,4505,2096,2409,6264,2844,3420,6096,2754,3342,1995,865,1130,1025,409,616,388,131,257,19,6,13,33,17,16,3041,3037,688,1013,672,526,108,24,6,2330,2202,128,311,1291,36,338,505
52350530,0,,,3591,1725,1866,574,279,295,2977,1423,1554,2206,1071,1135,2858,1360,1498,2784,1328,1456,771,352,419,325,142,183,58,20,38,1,1,0,140,69,71,1419,1414,360,431,264,253,92,7,7,1037,968,69,132,532,66,133,171
52350531,0,,,11468,5602,5866,1246,641,605,9882,4780,5102,6726,3392,3334,9527,4599,4928,9253,4439,4814,3156,1388,1768,1602,643,959,423,120,303,43,5,38,148,85,63,4469,4452,1193,1366,869,723,243,42,16,3198,2935,263,320,1899,65,499,620
52350532,0,,,1829,937,892,253,143,110,1541,773,768,1096,575,521,1464,731,733,1420,700,720,445,198,247,209,83,126,60,14,46,10,1,9,14,7,7,691,689,169,205,137,118,45,10,5,516,466,50,62,265,12,54,85
52350534,0,,,81,40,41,4,3,1,77,37,40,30,15,15,73,36,37,73,36,37,47,22,25,30,15,15,6,4,2,0,0,0,0,0,0,36,36,5,24,2,3,2,0,0,31,29,2,0,28,0,5,16
52350535,0,,,5713,2610,3103,724,352,372,4928,2224,2704,3332,1563,1769,4797,2158,2639,4698,2114,2584,1596,661,935,843,331,512,259,88,171,14,4,10,85,40,45,2691,2689,1025,824,454,305,70,7,4,1652,1570,82,255,1102,93,420,362
52350536,0,,,8529,4009,4520,1157,567,590,7209,3358,3851,5125,2463,2662,6935,3204,3731,6772,3116,3656,2084,895,1189,1026,429,597,275,90,185,22,7,15,102,55,47,3872,3870,1433,1127,635,529,124,17,5,2418,2313,105,319,1391,198,479,494
52350537,0,,,3390,1599,1791,439,219,220,2869,1334,1535,1743,837,906,2787,1292,1495,2742,1270,1472,1126,497,629,620,257,363,138,49,89,5,2,3,15,7,8,1646,1646,674,509,212,203,40,6,2,962,926,36,123,818,19,359,248
52350538,0,,,9938,4675,5263,1210,595,615,8461,3911,4550,6227,2919,3308,8125,3758,4367,7821,3609,4212,2234,992,1242,1046,421,625,299,104,195,22,4,18,70,35,35,4329,4329,1455,1196,821,688,143,21,5,2852,2690,162,278,1521,289,448,539
52350539,0,,,7318,3429,3889,899,462,437,6250,2865,3385,4485,2095,2390,6026,2752,3274,5843,2660,3183,1765,770,995,851,346,505,229,74,155,23,7,16,40,16,24,3109,3106,896,974,650,470,93,17,6,2192,2082,110,247,1178,114,333,425
52350540,0,,,11137,5471,5666,1257,654,603,9678,4720,4958,6635,3334,3301,9381,4578,4803,9117,4452,4665,3043,1386,1657,1437,642,795,297,114,183,10,2,8,178,97,81,4842,4841,1515,1554,909,636,171,40,16,3254,3059,195,389,2048,185,572,690
52350541,0,,,4471,2372,2099,455,227,228,3674,1920,1754,2444,1359,1085,3579,1871,1708,3454,1787,1667,1230,561,669,604,274,330,111,40,71,6,1,5,73,46,27,2179,2179,1015,537,279,230,91,20,7,1143,1015,128,114,836,162,231,262
52350542,1,,52350543,728,331,397,94,48,46,541,259,282,345,176,169,525,253,272,510,246,264,196,83,113,77,28,49,26,6,20,2,0,2,7,5,2,245,243,70,74,42,33,23,3,1,175,160,15,25,105,3,25,39
52350543,2,52350542,,10,4,6,*,*,*,*,*,*,*,*,*,*,*,*,*,*,*,*,*,*,*,*,*,*,*,*,*,*,*,*,*,*,3,3,*,*,*,*,*,*,*,*,*,*,*,*,*,*,*
52350544,0,,,46,18,28,7,1,6,38,17,21,21,10,11,35,15,20,34,14,20,17,7,10,9,4,5,4,1,3,0,0,0,1,1,0,18,18,3,8,3,3,0,1,0,15,15,0,1,10,0,2,6
52350545,0,,,6112,2952,3160,778,432,346,5288,2497,2791,3722,1791,1931,5106,2415,2691,4965,2339,2626,1566,706,860,718,325,393,162,61,101,12,4,8,49,33,16,2585,2584,723,851,523,362,103,18,4,1851,1776,75,222,1054,83,309,390
52350546,0,,,5286,2457,2829,746,380,366,4514,2065,2449,3044,1429,1615,4348,1974,2374,4226,1921,2305,1470,636,834,742,297,445,260,86,174,27,4,23,28,15,13,2043,2041,449,668,418,393,91,19,3,1583,1504,79,193,931,17,269,346
52350547,0,,,789,359,430,82,40,42,703,318,385,358,163,195,681,306,375,669,302,367,345,155,190,225,108,117,52,28,24,0,0,0,1,1,0,322,322,60,149,49,42,17,4,1,261,240,21,17,217,0,48,98
52350548,0,,,5014,2271,2743,695,347,348,4289,1909,2380,3003,1412,1591,4106,1819,2287,3982,1754,2228,1286,497,789,751,245,506,346,75,271,57,6,51,22,10,12,1790,1783,341,573,397,344,107,16,5,1427,1352,75,158,675,16,180,240
52350549,0,,,8755,4051,4704,1324,644,680,7312,3336,3976,5279,2464,2815,7056,3211,3845,6857,3113,3744,2033,872,1161,1075,427,648,351,128,223,30,8,22,57,29,28,3623,3613,1018,1139,713,594,132,14,3,2571,2472,99,390,1291,101,424,454
52350550,0,,,10840,5220,5620,1290,667,623,9457,4515,4942,6535,3226,3309,9107,4332,4775,8851,4203,4648,2922,1289,1633,1374,585,789,254,99,155,15,3,12,124,59,65,4372,4370,1101,1409,891,710,204,47,8,3224,3001,223,326,1976,112,529,642
52350551,0,,,7156,3458,3698,796,409,387,5804,2815,2989,3897,1979,1918,5634,2727,2907,5451,2615,2836,1907,836,1071,911,389,522,186,65,121,12,1,11,162,80,82,3272,3267,1385,887,495,353,103,28,16,1830,1686,144,243,1309,236,442,379
52350552,1,,52350562,656,278,378,19,11,8,265,128,137,150,77,73,258,126,132,251,124,127,115,51,64,61,25,36,19,10,9,1,0,1,0,0,0,108,105,22,35,25,16,4,2,3,83,67,16,4,79,0,20,22
52350553,0,,,158,106,52,11,7,4,90,42,48,60,30,30,88,40,48,87,39,48,30,12,18,15,6,9,4,2,2,0,0,0,0,0,0,43,41,9,17,7,5,2,0,1,31,30,1,2,20,0,4,7
52350554,0,,,576,281,295,86,42,44,490,239,251,426,213,213,438,209,229,403,191,212,64,26,38,22,9,13,5,1,4,0,0,0,4,2,2,178,178,11,46,38,58,23,2,0,167,159,8,7,43,0,4,18
52350555,0,,,4981,2347,2634,650,325,325,4299,2004,2295,2811,1314,1497,4143,1928,2215,4024,1874,2150,1488,690,798,723,322,401,171,58,113,14,4,10,51,22,29,1979,1979,433,715,380,326,88,27,10,1540,1450,90,158,987,15,262,396
52350556,0,,,3081,1466,1615,412,217,195,2637,1232,1405,1607,763,844,2555,1188,1367,2493,1164,1329,1030,469,561,465,215,250,118,46,72,7,4,3,36,23,13,1330,1329,401,450,223,179,63,12,1,924,877,47,104,700,17,229,262
52350557,0,,,4502,2129,2373,634,336,298,3841,1778,2063,2135,1008,1127,3721,1724,1997,3649,1693,1956,1706,770,936,968,478,490,176,77,99,13,3,10,30,8,22,1812,1812,380,717,309,297,86,19,4,1430,1328,102,157,1061,10,246,489
52350558,0,,,3932,1820,2112,464,240,224,3449,1569,1880,1926,888,1038,3345,1514,1831,3280,1485,1795,1523,681,842,880,399,481,241,110,131,17,5,12,14,6,8,1586,1585,312,639,330,233,57,11,3,1267,1181,86,142,934,6,214,413
52350559,0,,,5307,2405,2902,448,231,217,4801,2136,2665,2554,1190,1364,4686,2068,2618,4602,2024,2578,2247,946,1301,1335,555,780,377,150,227,13,2,11,29,12,17,2473,2472,790,960,396,251,56,17,2,1669,1565,104,111,1494,42,488,561
52350560,0,,,10178,4910,5268,1184,600,584,8772,4221,4551,5833,2948,2885,8530,4094,4436,8285,3954,4331,2939,1273,1666,1527,635,892,321,107,214,16,4,12,177,86,91,4491,4487,1543,1391,798,519,180,35,21,2872,2656,216,315,1993,188,633,588
52350561,1,,52350572,7768,3810,3958,705,350,355,6941,3410,3531,4603,2375,2228,6770,3325,3445,6594,3220,3374,2338,1035,1303,1160,465,695,255,86,169,6,1,5,171,77,94,3760,3757,1592,1066,574,374,113,33,6,2111,1953,158,189,1658,224,598,453
52350562,2,52350552,,7,3,4,*,*,*,*,*,*,*,*,*,*,*,*,*,*,*,*,*,*,*,*,*,*,*,*,*,*,*,*,*,*,2,2,*,*,*,*,*,*,*,*,*,*,*,*,*,*,*
52350564,0,,,1648,829,819,226,121,105,1420,707,713,1117,567,550,1322,653,669,1258,618,640,303,140,163,125,57,68,25,9,16,1,0,1,14,9,5,563,563,85,152,127,130,58,9,2,474,445,29,38,201,2,46,67
52350565,0,,,3328,1504,1824,448,227,221,2876,1273,1603,1920,874,1046,2769,1226,1543,2683,1183,1500,956,399,557,560,217,343,187,51,136,26,4,22,81,17,64,1057,1048,154,358,233,201,88,11,3,889,819,70,120,430,22,79,166
52350566,0,,,1358,656,702,197,100,97,1155,553,602,781,387,394,1094,520,574,1059,494,565,374,166,208,165,66,99,53,14,39,3,0,3,6,3,3,490,490,89,147,108,107,24,8,7,400,346,54,28,239,1,53,86
52350567,0,,,4976,2366,2610,1162,623,539,3802,1737,2065,2977,1368,1609,3608,1647,1961,3514,1597,1917,825,369,456,359,151,208,114,36,78,14,5,9,19,8,11,1724,1723,253,487,396,467,93,19,8,1461,1410,51,273,503,11,118,228
52350568,0,,,4897,2286,2611,475,239,236,4395,2034,2361,2390,1088,1302,4284,1971,2313,4197,1924,2273,2005,946,1059,946,460,486,185,77,108,14,4,10,28,11,17,2016,2016,382,852,416,280,76,8,2,1627,1521,106,122,1246,7,252,587
52350569,0,,,7389,3367,4022,1182,597,585,6112,2712,3400,4308,1980,2328,5890,2597,3293,5744,2529,3215,1804,732,1072,1016,390,626,310,99,211,38,6,32,85,42,43,3058,3056,862,925,658,495,104,12,0,2183,2097,86,386,1174,55,427,394
52350570,0,,,9226,4393,4833,882,444,438,8189,3864,4325,5043,2549,2494,7972,3736,4236,7779,3643,4136,3146,1315,1831,1879,754,1125,573,191,382,47,11,36,107,64,43,4003,3998,1370,1264,688,484,134,40,18,2584,2337,247,233,1991,117,626,603
52350571,0,,,8276,3925,4351,747,377,370,7391,3481,3910,4702,2349,2353,7225,3399,3826,7075,3321,3754,2689,1132,1557,1400,542,858,361,107,254,30,2,28,98,45,53,3944,3942,1586,1205,621,366,135,25,4,2312,2132,180,231,1860,155,661,493
52350572,2,52350561,,35,21,14,*,*,*,*,*,*,*,*,*,*,*,*,*,*,*,*,*,*,*,*,*,*,*,*,*,*,*,*,*,*,2,1,*,*,*,*,*,*,*,*,*,*,*,*,*,*,*
52350575,0,,,2764,1345,1419,377,180,197,2375,1158,1217,1681,820,861,2253,1090,1163,2182,1049,1133,694,338,356,280,134,146,61,21,40,6,2,4,29,20,9,1014,1014,181,344,209,178,72,19,11,826,743,83,91,448,20,84,177
52350576,0,,,3340,1618,1722,752,396,356,2585,1220,1365,2022,990,1032,2409,1135,1274,2312,1083,1229,563,230,333,282,98,184,124,27,97,29,5,24,32,19,13,1056,1053,123,256,238,334,87,12,3,930,876,54,111,281,24,55,104
52350577,0,,,1801,884,917,429,238,191,1369,644,725,993,463,530,1301,608,693,1277,595,682,376,181,195,151,65,86,43,12,31,1,0,1,18,9,9,609,608,91,160,123,171,47,12,4,512,462,50,71,246,11,44,90
52350578,0,,,2547,1289,1258,297,161,136,2187,1082,1105,1550,784,766,2098,1032,1066,2055,1009,1046,637,298,339,236,92,144,102,19,83,29,3,26,260,148,112,1141,1139,457,301,184,153,36,7,1,681,650,31,72,338,269,39,165
52350579,0,,,2709,1319,1390,676,332,344,2026,984,1042,1543,752,791,1908,925,983,1852,898,954,483,232,251,240,129,111,52,28,24,2,0,2,21,8,13,873,872,99,213,209,258,73,15,5,769,724,45,157,292,0,63,123
52350580,0,,,10388,4989,5399,1208,606,602,9108,4332,4776,5727,2882,2845,8845,4209,4636,8631,4088,4543,3381,1450,1931,1905,774,1131,510,151,359,46,6,40,95,43,52,4311,4304,1363,1364,771,546,190,56,14,2903,2681,222,337,2050,127,638,619
52350581,0,,,11129,5431,5698,1272,650,622,9738,4702,5036,6552,3325,3227,9443,4535,4908,9200,4394,4806,3186,1377,1809,1605,659,946,390,135,255,25,5,20,79,41,38,4781,4778,1493,1495,898,638,208,35,11,3239,3006,233,391,2148,132,662,626
52350582,0,,,2723,1289,1434,295,164,131,2423,1120,1303,1363,661,702,2347,1087,1260,2291,1060,1231,1060,459,601,641,267,374,152,53,99,20,1,19,19,13,6,1163,1161,378,387,189,133,54,15,5,779,714,65,69,692,17,264,207
52350583,0,,,23,9,14,0,0,0,23,9,14,6,3,3,23,9,14,23,9,14,17,6,11,12,5,7,2,0,2,0,0,0,0,0,0,17,17,11,6,0,0,0,0,0,6,6,0,0,12,0,6,5
52350585,0,,,271,139,132,27,17,10,244,122,122,153,79,74,237,118,119,232,118,114,91,43,48,41,17,24,15,6,9,0,0,0,0,0,0,88,88,14,24,19,17,6,4,4,74,52,22,5,59,0,8,16
52350586,0,,,253,129,124,23,16,7,230,113,117,137,69,68,224,111,113,219,107,112,93,44,49,52,24,28,10,3,7,1,0,1,5,3,2,101,101,30,32,16,11,8,2,2,71,58,13,3,62,2,18,20
52350587,0,,,1326,635,691,126,72,54,1197,561,636,707,318,389,1166,547,619,1132,530,602,490,243,247,138,68,70,28,11,17,3,1,2,9,6,3,507,507,84,203,109,65,34,7,5,422,386,36,27,308,5,54,137
52350588,0,,,348,223,125,15,11,4,317,198,119,226,161,65,311,193,118,309,191,118,91,37,54,41,14,27,18,3,15,0,0,0,32,29,3,217,217,145,37,16,15,3,1,0,72,56,16,4,56,88,12,19
52350589,0,,,3745,1750,1995,422,215,207,3313,1529,1784,1783,824,959,3214,1482,1732,3146,1454,1692,1530,705,825,783,391,392,156,63,93,11,4,7,14,7,7,1545,1545,313,653,295,204,62,13,5,1226,1137,89,113,957,3,208,441
52350590,0,,,4727,2333,2394,759,384,375,3909,1912,1997,2951,1482,1469,3694,1790,1904,3562,1718,1844,958,430,528,467,211,256,79,28,51,6,2,4,29,14,15,1825,1823,428,538,384,362,94,16,1,1380,1310,70,171,604,33,142,219
52350591,0,,,11626,5744,5882,1442,755,687,10016,4882,5134,7048,3589,3459,9697,4710,4987,9412,4556,4856,2968,1293,1675,1539,659,880,355,122,233,26,4,22,110,64,46,5084,5077,1794,1408,980,654,187,43,11,3234,3032,202,459,1930,297,634,584
52350592,0,,,4775,2287,2488,775,395,380,3934,1864,2070,2955,1423,1532,3752,1763,1989,3630,1704,1926,979,441,538,488,216,272,115,39,76,5,0,5,30,14,16,1701,1697,289,518,348,397,118,24,3,1388,1307,81,212,620,6,159,230
52350593,0,,,29,14,15,0,0,0,29,14,15,21,9,12,28,13,15,27,12,15,8,5,3,0,0,0,0,0,0,0,0,0,0,0,0,12,12,1,6,4,1,0,0,0,11,11,0,0,7,0,1,4
52350596,0,,,14,7,7,0,0,0,14,7,7,7,4,3,13,6,7,13,6,7,7,3,4,4,1,3,3,0,3,0,0,0,0,0,0,6,6,2,2,0,2,0,0,0,4,2,2,0,5,0,2,1
52350597,0,,,1024,515,509,86,47,39,938,468,470,552,287,265,910,451,459,896,443,453,386,181,205,164,76,88,44,14,30,5,0,5,19,17,2,391,391,74,139,84,62,21,10,1,315,273,42,21,236,7,41,87
52350598,0,,,158,78,80,13,7,6,145,71,74,76,39,37,142,70,72,140,70,70,69,32,37,38,19,19,10,6,4,0,0,0,0,0,0,61,61,14,19,16,5,4,3,0,46,38,8,4,43,0,11,12
52350599,0,,,501,236,265,78,33,45,423,203,220,309,147,162,405,193,212,399,189,210,114,56,58,48,23,25,7,4,3,0,0,0,0,0,0,176,176,18,64,43,33,15,2,1,157,145,12,15,69,0,7,35
52350600,0,,,1733,811,922,215,116,99,1505,687,818,953,441,512,1446,663,783,1408,645,763,552,246,306,306,138,168,90,30,60,4,1,3,6,3,3,693,693,149,245,149,109,36,4,1,540,496,44,45,350,11,80,134
52350601,0,,,6911,3190,3721,810,430,380,6028,2712,3316,3665,1701,1964,5816,2611,3205,5679,2541,3138,2363,1011,1352,1191,514,677,301,116,185,23,6,17,31,15,16,2892,2887,755,1028,574,370,125,30,5,2106,1972,134,190,1553,29,460,582
52350602,0,,,3346,1549,1797,303,142,161,3005,1382,1623,1853,892,961,2902,1333,1569,2839,1300,1539,1152,490,662,599,250,349,163,70,93,9,3,6,16,7,9,1522,1522,490,540,266,167,46,11,2,1017,950,67,94,774,54,231,254
52350603,0,,,1807,850,957,225,113,112,1563,723,840,906,435,471,1523,705,818,1491,685,806,657,288,369,339,138,201,88,21,67,10,0,10,7,3,4,680,679,170,213,125,108,46,13,4,507,443,64,53,365,13,78,134
52350604,0,,,4621,2148,2473,683,342,341,3854,1760,2094,2613,1249,1364,3726,1699,2027,3634,1653,1981,1241,511,730,625,238,387,165,36,129,21,2,19,35,13,22,1895,1893,539,618,365,250,94,16,11,1323,1221,102,173,758,46,196,251
52350605,0,,,7395,3502,3893,676,335,341,6504,3041,3463,4243,2042,2201,6337,2949,3388,6198,2882,3316,2261,999,1262,1074,416,658,228,78,150,22,5,17,109,34,75,3700,3698,1625,1099,524,336,91,16,7,2030,1876,154,191,1595,161,653,428
52350606,0,,,9734,4512,5222,969,465,504,8477,3884,4593,5498,2629,2869,8227,3760,4467,8040,3672,4368,2979,1255,1724,1604,628,976,536,164,372,53,7,46,102,48,54,4493,4483,1751,1357,719,467,143,35,11,2683,2492,191,271,1936,202,708,570
52350607,0,,,4653,2146,2507,520,284,236,4034,1807,2227,2634,1242,1392,3903,1737,2166,3795,1699,2096,1400,565,835,807,295,512,284,86,198,25,4,21,38,15,23,2170,2164,928,565,335,244,80,9,3,1223,1121,102,124,913,148,358,244
52350608,0,,,97,47,50,13,6,7,84,41,43,51,26,25,84,41,43,83,41,42,33,15,18,17,8,9,3,1,2,0,0,0,1,0,1,40,40,10,14,10,3,1,2,0,29,26,3,3,23,1,6,5
52350610,0,,,5791,2667,3124,765,395,370,4984,2243,2741,3048,1430,1618,4789,2132,2657,4680,2076,2604,1936,813,1123,1097,429,668,389,115,274,56,10,46,28,11,17,2168,2160,513,769,408,338,106,25,1,1634,1516,118,161,1059,18,300,395
52350611,0,,,3782,1785,1997,523,268,255,3222,1494,1728,2099,1003,1096,3117,1443,1674,3034,1393,1641,1123,491,632,579,242,337,163,55,108,9,0,9,14,3,11,1505,1501,348,526,287,240,76,16,8,1132,1044,88,138,714,26,176,265
52350612,0,,,5078,2405,2673,596,320,276,4374,2020,2354,2879,1371,1508,4272,1974,2298,4203,1939,2264,1495,649,846,801,336,465,238,89,149,12,2,10,28,11,17,2314,2314,799,743,411,274,65,19,3,1489,1365,124,211,993,103,283,349
52350613,0,,,3851,1851,2000,551,261,290,3219,1540,1679,2428,1187,1241,3098,1479,1619,3004,1435,1569,791,353,438,398,173,225,111,39,72,10,4,6,11,6,5,1561,1560,432,469,289,277,73,11,9,1105,1012,93,165,509,54,118,170
52350614,0,,,9882,4699,5183,1147,592,555,8501,3967,4534,5690,2759,2931,8257,3839,4418,8095,3757,4338,2811,1208,1603,1506,619,887,424,140,284,30,4,26,112,62,50,4512,4507,1625,1431,777,534,113,24,3,2830,2692,138,353,1809,169,616,616
52350615,0,,,13389,6202,7187,1449,740,709,11428,5171,6257,8086,3750,4336,11112,5024,6088,10899,4925,5974,3342,1421,1921,1579,624,955,474,158,316,35,5,30,181,72,109,6942,6934,3292,1923,926,618,146,22,7,3575,3410,165,477,2366,518,941,724
52350616,0,,,5651,2469,3182,517,268,249,4930,2086,2844,3173,1348,1825,4820,2036,2784,4668,1992,2676,1757,738,1019,959,364,595,336,110,226,21,6,15,52,23,29,2838,2837,1288,767,409,290,65,15,3,1525,1371,154,161,1202,226,402,351
52350617,0,,,1520,672,848,150,75,75,1344,582,762,814,362,452,1308,562,746,1276,545,731,530,220,310,297,123,174,100,27,73,10,0,10,22,6,16,699,698,260,213,121,70,24,6,4,428,384,44,36,347,46,107,118
52350618,0,,,45,22,23,10,4,6,34,17,17,26,14,12,34,17,17,32,16,16,8,3,5,4,2,2,1,0,1,0,0,0,1,1,0,18,18,5,6,2,3,2,0,0,13,13,0,2,5,3,0,3
52350620,0,,,3154,1422,1732,377,190,187,2752,1216,1536,1836,821,1015,2645,1169,1476,2577,1132,1445,916,395,521,412,159,253,155,42,113,15,2,13,13,6,7,1309,1305,345,435,273,204,38,8,2,953,893,60,111,581,17,186,218
52350621,0,,,4810,2331,2479,701,357,344,4032,1931,2101,2742,1327,1415,3896,1869,2027,3804,1814,1990,1290,604,686,599,273,326,183,86,97,16,4,12,26,13,13,1977,1976,522,628,402,322,83,15,4,1432,1331,101,220,834,72,194,315
52350622,0,,,7796,3722,4074,1070,549,521,6481,3030,3451,4805,2320,2485,6316,2948,3368,6166,2867,3299,1676,710,966,875,344,531,255,88,167,20,4,16,62,32,30,3705,3701,1558,971,604,461,87,15,5,2116,1995,121,384,1120,294,364,367
52350623,0,,,1030,496,534,92,48,44,907,434,473,608,295,313,890,425,465,872,419,453,299,139,160,177,75,102,59,26,33,4,1,3,11,7,4,493,493,202,138,80,56,14,3,0,285,254,31,17,204,37,60,57
52350624,0,,,6493,3037,3456,649,334,315,5494,2516,2978,4152,1957,2195,5351,2435,2916,5223,2371,2852,1342,559,783,629,239,390,213,65,148,18,5,13,105,41,64,3311,3308,1615,810,495,303,67,14,4,1652,1547,105,233,891,252,326,240
52350625,0,,,10017,4675,5342,1009,508,501,8545,3905,4640,5881,2784,3097,8335,3782,4553,8158,3705,4453,2664,1121,1543,1316,493,823,447,126,321,41,6,35,157,75,82,5202,5196,2605,1282,714,480,93,18,4,2541,2364,177,312,1763,496,647,515
52350626,0,,,4969,1851,3118,311,152,159,4432,1596,2836,3040,1003,2037,4363,1564,2799,4150,1534,2616,1392,593,799,800,326,474,272,103,169,27,5,22,87,23,64,2964,2960,1873,570,278,180,40,12,7,1071,962,109,92,917,745,324,276
52350627,0,,,253,122,131,50,25,25,199,95,104,123,57,66,190,89,101,181,85,96,76,38,38,41,20,21,19,10,9,5,2,3,0,0,0,63,62,8,26,10,9,4,4,1,52,36,16,5,43,0,6,16
52350630,0,,,5049,2232,2817,569,289,280,4370,1878,2492,2733,1196,1537,4245,1813,2432,4153,1765,2388,1637,682,955,837,333,504,288,94,194,37,6,31,22,11,11,2295,2293,764,808,377,268,59,12,5,1507,1404,103,151,1074,58,347,391
52350631,0,,,7927,3690,4237,902,478,424,6855,3113,3742,4295,2022,2273,6658,3030,3628,6484,2935,3549,2560,1091,1469,1393,555,838,454,152,302,49,12,37,52,21,31,3506,3501,1233,1129,577,417,117,22,6,2244,2104,140,249,1571,140,458,577
52350632,0,,,9935,4556,5379,1021,521,500,8574,3849,4725,5939,2791,3148,8313,3708,4605,8078,3582,4496,2635,1058,1577,1433,527,906,455,130,325,50,7,43,65,30,35,5083,5081,2463,1297,710,476,111,22,2,2584,2427,157,308,1754,448,686,521
52350633,0,,,1883,896,987,147,80,67,1719,809,910,987,495,492,1676,788,888,1631,766,865,732,314,418,392,160,232,131,39,92,10,2,8,22,13,9,831,830,280,270,152,80,30,15,3,546,460,86,32,476,53,122,147
52350634,0,,,1922,1044,878,162,78,84,1745,954,791,1190,711,479,1711,939,772,1688,927,761,555,243,312,308,133,175,77,25,52,6,2,4,17,6,11,690,685,225,226,112,86,32,3,1,454,410,44,55,358,19,100,114
52350635,0,,,2654,1201,1453,344,180,164,2269,1001,1268,1414,630,784,2218,972,1246,2170,952,1218,855,371,484,468,184,284,160,56,104,12,3,9,48,17,31,1154,1154,369,357,213,162,42,6,5,774,703,71,96,574,52,169,188
52350636,0,,,2884,1305,1579,263,128,135,2578,1154,1424,1394,665,729,2529,1130,1399,2485,1110,1375,1184,489,695,636,233,403,243,67,176,24,4,20,24,9,15,1320,1318,483,438,215,121,44,15,2,825,719,106,70,781,30,272,213
52350637,0,,,698,322,376,86,44,42,602,271,331,336,157,179,583,261,322,576,259,317,266,114,152,140,56,84,34,11,23,1,0,1,3,2,1,301,301,90,97,65,31,14,3,1,208,190,18,15,186,0,66,42
52350639,2,52350648,,4,2,2,*,*,*,*,*,*,*,*,*,*,*,*,*,*,*,*,*,*,*,*,*,*,*,*,*,*,*,*,*,*,2,2,*,*,*,*,*,*,*,*,*,*,*,*,*,*,*
52350640,0,,,7753,3472,4281,904,446,458,6639,2927,3712,4094,1911,2183,6439,2818,3621,6305,2742,3563,2545,1016,1529,1441,534,907,462,153,309,35,9,26,50,20,30,3451,3443,1163,1139,578,450,96,11,6,2263,2124,139,267,1673,73,601,583
52350641,0,,,5215,2484,2731,593,320,273,4569,2131,2438,2813,1342,1471,4418,2061,2357,4288,1982,2306,1756,789,967,921,410,511,241,100,141,17,1,16,16,8,8,2139,2138,512,786,412,316,86,20,6,1618,1501,117,146,1129,45,257,477
52350642,0,,,2823,1307,1516,276,134,142,2489,1140,1349,1501,716,785,2431,1111,1320,2372,1074,1298,988,424,564,572,222,350,217,69,148,19,6,13,15,6,9,1190,1188,388,385,232,130,36,15,2,791,722,69,89,554,71,147,180
52350643,0,,,1138,538,600,60,35,25,1068,494,574,501,238,263,1051,487,564,1036,479,557,567,256,311,274,122,152,66,25,41,4,1,3,8,5,3,533,533,168,209,102,34,14,3,3,363,322,41,14,359,7,94,132
52350644,0,,,701,345,356,188,93,95,499,245,254,398,191,207,489,242,247,479,238,241,101,54,47,38,18,20,9,4,5,1,0,1,8,3,5,268,268,79,50,54,69,13,2,1,187,177,10,73,68,8,21,25
52350645,0,,,1035,493,542,69,41,28,960,448,512,506,234,272,945,439,506,931,432,499,454,214,240,223,106,117,46,17,29,6,0,6,6,4,2,443,443,78,218,87,43,14,3,0,362,345,17,15,283,1,53,139
52350646,0,,,2073,986,1087,153,86,67,1909,890,1019,1151,556,595,1853,865,988,1817,849,968,758,334,424,382,147,235,126,34,92,13,4,9,16,3,13,817,813,202,292,181,89,36,9,4,606,539,67,41,460,6,109,153
52350647,0,,,2366,1079,1287,106,66,40,2255,1010,1245,1036,469,567,2214,984,1230,2182,967,1215,1219,541,678,546,239,307,172,45,127,30,3,27,8,2,6,977,975,182,461,208,101,18,5,0,792,740,52,22,685,1,137,320
52350648,1,,52350639,204,102,102,7,5,2,196,97,99,98,50,48,193,96,97,189,94,95,98,47,51,43,19,24,7,3,4,0,0,0,3,2,1,90,90,21,44,16,8,1,0,2,68,56,12,2,67,0,15,23
52350649,0,,,40,19,21,0,0,0,40,19,21,20,9,11,39,19,20,38,18,20,20,10,10,9,6,3,2,1,1,1,0,1,0,0,0,19,19,9,6,1,0,2,1,0,10,7,3,0,14,0,6,3
52350650,0,,,4662,2132,2530,558,282,276,4086,1835,2251,2398,1112,1286,3944,1766,2178,3852,1713,2139,1688,723,965,938,389,549,305,115,190,30,10,20,21,11,10,1885,1884,421,697,385,278,85,16,2,1456,1346,110,130,1061,13,281,399
52350651,0,,,4964,2400,2564,663,340,323,4196,1996,2200,2802,1388,1414,4058,1920,2138,3941,1852,2089,1394,608,786,738,306,432,250,82,168,35,5,30,19,9,10,1984,1976,538,617,411,287,91,25,7,1423,1320,103,157,814,70,179,295
52350652,0,,,3299,1506,1793,506,272,234,2744,1208,1536,1897,919,978,2607,1125,1482,2475,1055,1420,847,289,558,533,155,378,272,67,205,42,2,40,26,13,13,1241,1236,407,314,181,245,77,10,2,823,773,50,83,391,86,127,132
52350653,0,,,2447,1136,1311,294,152,142,2113,959,1154,1350,620,730,2036,922,1114,1987,899,1088,763,339,424,410,182,228,114,43,71,8,0,8,10,4,6,1028,1025,262,374,205,141,33,9,1,755,710,45,80,484,14,133,202
52350654,0,,,5767,2711,3056,771,404,367,4923,2262,2661,3537,1610,1927,4773,2178,2595,4651,2126,2525,1386,652,734,484,213,271,110,29,81,9,0,9,38,12,26,2349,2347,549,821,518,346,87,21,5,1784,1696,88,224,892,37,202,350
52350655,0,,,3768,1816,1952,771,376,395,2953,1423,1530,2356,1152,1204,2791,1346,1445,2694,1289,1405,597,271,326,252,115,137,62,22,40,8,3,5,57,21,36,1369,1368,289,352,293,326,87,14,7,1072,1021,51,197,368,32,72,156
52350656,0,,,1438,683,755,95,51,44,1330,624,706,749,369,380,1297,611,686,1279,601,678,581,255,326,300,124,176,125,32,93,18,2,16,23,8,15,550,537,114,226,119,59,16,2,1,420,396,24,28,285,4,60,127
52350657,0,,,4757,2317,2440,1324,669,655,3349,1606,1743,2955,1441,1514,3130,1488,1642,3018,1428,1590,394,165,229,193,80,113,96,24,72,20,2,18,47,21,26,1671,1670,424,321,331,395,152,36,11,1232,1181,51,299,233,61,70,72
52350658,0,,,21,9,12,10,4,6,11,5,6,10,4,6,11,5,6,11,5,6,1,1,0,0,0,0,0,0,0,0,0,0,0,0,0,6,6,0,1,3,0,2,0,0,6,6,0,2,1,0,0,1
52350659,0,,,15,8,7,0,0,0,15,8,7,5,2,3,15,8,7,15,8,7,10,6,4,5,2,3,4,1,3,0,0,0,0,0,0,7,7,3,1,2,1,0,0,0,4,3,1,0,7,0,3,0
52350660,0,,,5191,2337,2854,665,328,337,4497,1991,2506,2748,1228,1520,4307,1900,2407,4173,1839,2334,1749,763,986,930,405,525,285,109,176,23,2,21,43,15,28,2039,2038,410,774,398,350,90,13,3,1618,1527,91,141,1066,8,264,460
52350661,0,,,4614,2230,2384,689,361,328,3846,1822,2024,2907,1383,1524,3695,1746,1949,3537,1657,1880,939,439,500,428,197,231,126,45,81,15,4,11,16,9,7,1774,1773,391,529,418,328,85,17,5,1367,1300,67,191,589,41,124,233
52350662,0,,,6799,3188,3611,651,343,308,6077,2799,3278,3657,1685,1972,5912,2716,3196,5772,2632,3140,2420,1114,1306,1176,530,646,339,153,186,23,6,17,42,23,19,3017,3016,872,1122,560,357,80,19,6,2135,2000,135,165,1569,99,414,664
52350663,0,,,7309,3315,3994,734,394,340,6482,2863,3619,3917,1786,2131,6297,2757,3540,6172,2697,3475,2565,1077,1488,1323,550,773,395,129,266,39,7,32,68,37,31,3295,3292,1019,1261,584,330,85,11,2,2256,2145,111,196,1634,61,529,614
52350664,0,,,2705,1254,1451,357,177,180,2331,1068,1263,1466,688,778,2252,1026,1226,2198,1001,1197,865,380,485,440,190,250,169,53,116,28,5,23,12,6,6,1030,1027,184,395,226,171,45,5,1,841,799,42,124,464,9,71,223
52350665,0,,,2039,1039,1000,423,232,191,1578,790,788,1298,658,640,1448,723,725,1372,675,697,280,132,148,120,53,67,32,10,22,2,0,2,7,1,6,756,756,208,150,144,181,64,8,1,546,510,36,62,179,30,36,63
52350666,0,,,3139,1508,1631,550,287,263,2577,1219,1358,2094,1009,1085,2404,1128,1276,2313,1079,1234,483,210,273,204,81,123,60,21,39,9,1,8,9,5,4,1105,1103,180,326,240,254,78,21,4,914,852,62,126,299,14,61,117
52350667,0,,,1869,899,970,500,253,247,1347,637,710,1185,571,614,1219,581,638,1162,551,611,162,66,96,59,25,34,15,5,10,1,0,1,1,0,1,606,606,95,127,120,182,65,13,4,507,475,32,81,109,12,23,37
52350669,0,,,72,36,36,1,0,1,71,36,35,37,22,15,69,34,35,68,33,35,34,14,20,20,8,12,7,2,5,0,0,0,0,0,0,26,26,2,10,9,3,1,1,0,24,16,8,0,21,0,2,8
52350670,0,,,1829,846,983,236,114,122,1589,730,859,940,436,504,1539,704,835,1510,693,817,649,294,355,318,149,169,79,24,55,3,1,2,16,6,10,705,705,102,297,149,112,36,6,3,600,551,49,70,398,0,68,186
52350671,0,,,1984,926,1058,244,119,125,1731,803,928,1283,587,696,1650,756,894,1600,727,873,448,216,232,181,84,97,31,10,21,1,0,1,14,6,8,753,753,122,272,168,148,37,5,1,628,589,39,53,290,5,47,117
52350672,0,,,7068,3317,3751,885,456,429,6120,2837,3283,4281,1945,2336,5908,2737,3171,5741,2653,3088,1839,892,947,665,315,350,170,68,102,16,5,11,79,35,44,2833,2833,557,1045,651,458,101,17,4,2260,2176,84,233,1189,29,249,535
52350673,0,,,4243,1989,2254,543,266,277,3658,1708,1950,2535,1175,1360,3518,1631,1887,3437,1594,1843,1123,533,590,494,227,267,107,45,62,12,5,7,27,12,15,1711,1711,352,632,368,290,55,11,3,1354,1275,79,158,719,28,150,321
52350674,0,,,87,46,41,4,2,2,83,44,39,38,21,17,82,43,39,81,42,39,45,23,22,28,12,16,17,7,10,2,1,1,0,0,0,50,50,33,5,5,6,1,0,0,17,13,4,1,39,0,31,4
52350675,0,,,2369,1163,1206,417,217,200,1898,921,977,1512,752,760,1810,876,934,1755,850,905,386,169,217,177,71,106,47,10,37,2,1,1,12,7,5,927,927,278,210,177,192,55,11,4,644,591,53,97,261,42,60,76
52350676,0,,,4922,2392,2530,1846,899,947,3046,1479,1567,2793,1375,1418,2983,1450,1533,2962,1436,1526,253,104,149,96,37,59,33,12,21,1,0,1,10,4,6,1518,1518,134,270,421,519,147,18,9,1372,1328,44,771,170,14,30,55
52350677,0,,,1808,876,932,673,348,325,1125,524,601,1000,482,518,1106,512,594,1098,511,587,125,42,83,62,13,49,46,6,40,11,0,11,5,4,1,547,546,59,92,144,188,50,9,4,482,470,12,272,49,7,10,18
52350678,0,,,63,28,35,3,1,2,60,27,33,29,14,15,59,26,33,58,26,32,31,13,18,19,6,13,9,2,7,1,0,1,3,0,3,22,22,2,6,9,4,0,1,0,20,11,9,1,18,0,1,4
52350679,0,,,679,332,347,35,20,15,642,311,331,338,160,178,623,301,322,612,297,315,304,151,153,81,40,41,16,4,12,1,0,1,1,0,1,282,282,39,141,64,24,14,0,0,243,228,15,5,185,0,27,95
52350680,0,,,4855,2284,2571,641,301,340,4200,1977,2223,2747,1310,1437,4028,1888,2140,3910,1829,2081,1453,667,786,710,342,368,153,65,88,13,3,10,47,33,14,1847,1846,314,670,393,351,96,18,4,1526,1418,108,129,901,33,159,408
52350681,0,,,419,201,218,34,15,19,385,186,199,226,112,114,373,181,192,364,178,186,159,74,85,86,34,52,28,10,18,1,1,0,1,0,1,174,174,45,66,27,23,10,2,1,129,112,17,8,105,3,25,40
52350682,0,,,2837,1378,1459,395,217,178,2426,1156,1270,1904,906,998,2284,1088,1196,2179,1036,1143,522,250,272,224,109,115,44,16,28,3,0,3,15,7,8,1023,1023,151,328,233,238,61,10,2,868,815,53,55,338,2,74,138
52350683,0,,,2820,1397,1423,378,184,194,2355,1168,1187,1675,850,825,2295,1136,1159,2213,1088,1125,680,318,362,321,138,183,86,32,54,7,2,5,29,14,15,1271,1270,487,341,213,165,46,14,4,770,707,63,125,454,66,136,145
52350684,0,,,3906,1824,2082,613,285,328,3252,1523,1729,2159,1036,1123,3122,1455,1667,3024,1405,1619,1093,487,606,563,254,309,112,33,79,11,3,8,22,8,14,1556,1555,360,539,289,275,71,19,2,1183,1115,68,143,707,29,171,292
52350685,0,,,3990,1885,2105,538,264,274,3380,1591,1789,2157,1066,1091,3279,1543,1736,3221,1508,1713,1223,525,698,657,265,392,200,53,147,20,0,20,36,16,20,1708,1706,578,505,300,227,64,23,9,1112,995,117,127,780,73,221,227
52350686,0,,,2141,1050,1091,517,279,238,1602,765,837,1265,625,640,1570,748,822,1556,740,816,337,140,197,192,79,113,70,29,41,7,1,6,15,4,11,830,828,210,213,192,172,35,5,1,610,584,26,247,236,20,102,57
52350687,0,,,97,48,49,12,4,8,85,44,41,49,28,21,80,41,39,75,37,38,36,16,20,21,11,10,2,1,1,0,0,0,2,1,1,34,34,7,11,4,6,4,2,0,27,23,4,3,24,0,6,8
52350688,0,,,167,84,83,13,8,5,154,76,78,77,43,34,153,75,78,150,72,78,77,33,44,42,14,28,12,2,10,1,0,1,0,0,0,57,57,11,17,14,4,6,3,2,46,29,17,2,46,0,7,10
52350689,0,,,3955,1884,2071,248,128,120,3691,1750,1941,1659,755,904,3614,1717,1897,3559,1687,1872,2032,995,1037,667,373,294,110,44,66,13,4,9,10,2,8,1644,1644,264,781,356,172,57,11,3,1374,1273,101,48,1225,2,193,591
52350690,0,,,3642,1738,1904,531,264,267,3089,1464,1625,2340,1114,1226,2935,1383,1552,2834,1334,1500,749,350,399,339,150,189,91,21,70,13,1,12,44,19,25,1337,1336,253,397,317,260,93,8,8,1076,982,94,110,462,56,64,196
52350691,0,,,339,163,176,81,39,42,258,124,134,209,99,110,250,120,130,245,117,128,49,25,24,23,12,11,4,3,1,0,0,0,5,3,2,125,125,28,27,30,33,7,0,0,97,92,5,27,29,6,4,13
52350692,0,,,4456,2063,2393,618,320,298,3821,1734,2087,3073,1425,1648,3533,1588,1945,3353,1507,1846,748,309,439,371,145,226,130,31,99,17,0,17,24,12,12,1499,1497,185,433,375,392,103,9,0,1305,1253,52,81,394,10,70,170
52350693,0,,,2233,1093,1140,165,95,70,1996,960,1036,1218,609,609,1940,931,1009,1900,915,985,778,351,427,395,164,231,120,39,81,23,3,20,19,12,7,966,965,298,353,148,113,40,8,5,664,599,65,36,456,80,75,215
52350694,0,,,51,25,26,7,5,2,43,19,24,27,14,13,43,19,24,43,19,24,16,5,11,8,2,6,3,0,3,0,0,0,0,0,0,25,25,14,3,5,1,1,0,1,10,7,3,1,11,1,5,1
52350695,0,,,1289,613,676,121,57,64,1165,556,609,640,325,315,1140,541,599,1125,534,591,525,231,294,265,103,162,66,19,47,4,0,4,3,3,0,529,529,137,183,112,52,33,7,5,391,326,65,33,348,6,81,112
52350696,0,,,1046,516,530,115,67,48,911,440,471,553,269,284,873,423,450,857,416,441,358,171,187,175,91,84,42,21,21,2,0,2,12,5,7,436,436,106,169,69,69,20,2,1,322,303,19,32,233,5,56,94
52350697,0,,,212,97,115,17,7,10,194,90,104,85,37,48,186,88,98,183,87,96,109,53,56,57,26,31,24,9,15,2,0,2,1,1,0,84,84,23,27,15,10,5,3,1,61,45,16,5,67,0,19,20
52350698,0,,,165,75,90,3,1,2,161,74,87,82,38,44,156,72,84,155,71,84,79,36,43,36,13,23,16,4,12,3,0,3,0,0,0,70,70,18,26,16,6,1,3,0,52,41,11,1,49,0,10,18
52350699,0,,,1335,634,701,123,68,55,1201,562,639,735,346,389,1158,539,619,1124,525,599,466,216,250,191,82,109,49,16,33,1,0,1,15,7,8,528,527,117,185,110,80,24,10,1,405,361,44,25,295,6,64,119
52350702,0,,,11,7,4,0,0,0,11,7,4,6,4,2,11,7,4,11,7,4,5,3,2,2,1,1,0,0,0,0,0,0,0,0,0,4,4,0,1,3,0,0,0,0,4,4,0,0,3,0,0,0
52350703,0,,,67,35,32,10,6,4,57,29,28,36,18,18,56,28,28,55,28,27,21,11,10,12,6,6,4,3,1,0,0,0,0,0,0,25,25,3,10,5,6,1,0,0,22,20,2,1,14,0,2,4
52350705,0,,,137,65,72,12,8,4,125,57,68,64,31,33,123,55,68,122,54,68,61,26,35,23,9,14,11,2,9,1,0,1,0,0,0,43,42,3,11,16,6,3,2,1,39,24,15,4,33,0,3,6
52350706,0,,,10,6,4,0,0,0,10,6,4,2,2,0,10,6,4,10,6,4,8,4,4,7,3,4,3,2,1,0,0,0,0,0,0,4,4,0,3,0,1,0,0,0,4,4,0,0,4,0,0,3
52350707,0,,,53,28,25,2,2,0,51,26,25,20,12,8,51,26,25,51,26,25,31,14,17,14,4,10,7,1,6,1,0,1,2,2,0,22,21,6,8,3,2,2,0,0,15,11,4,0,18,0,6,7
52350708,2,52350719,,2,1,1,*,*,*,*,*,*,*,*,*,*,*,*,*,*,*,*,*,*,*,*,*,*,*,*,*,*,*,*,*,*,1,1,*,*,*,*,*,*,*,*,*,*,*,*,*,*,*
52350710,0,,,22,12,10,0,0,0,22,12,10,12,6,6,22,12,10,22,12,10,10,6,4,6,3,3,1,1,0,0,0,0,0,0,0,9,9,2,3,2,2,0,0,0,7,5,2,0,7,0,2,3
52350711,0,,,9,5,4,0,0,0,9,5,4,1,1,0,9,5,4,9,5,4,8,4,4,1,0,1,0,0,0,0,0,0,0,0,0,4,4,0,3,1,0,0,0,0,4,3,1,0,4,0,0,2
52350713,0,,,66,33,33,7,5,2,59,28,31,32,16,16,59,28,31,59,28,31,27,12,15,13,5,8,6,3,3,0,0,0,0,0,0,20,20,3,6,4,3,1,1,2,17,10,7,2,18,0,3,4
52350714,0,,,17,9,8,0,0,0,17,9,8,6,3,3,17,9,8,17,9,8,11,6,5,6,2,4,2,0,2,0,0,0,0,0,0,9,9,4,2,3,0,0,0,0,5,4,1,0,8,0,3,1
52350715,0,,,45,20,25,5,1,4,40,19,21,19,11,8,38,18,20,37,17,20,21,8,13,7,2,5,3,0,3,1,0,1,0,0,0,17,17,5,6,1,3,0,1,1,12,7,5,1,15,0,5,2
52350716,0,,,55,28,27,5,4,1,50,24,26,27,15,12,48,23,25,46,22,24,23,9,14,16,6,10,9,4,5,0,0,0,0,0,0,16,16,2,4,2,3,3,2,0,14,7,7,0,13,0,1,3
52350717,1,,52350727,109,50,59,12,3,9,108,48,60,55,26,29,105,47,58,103,46,57,53,22,31,27,9,18,9,2,7,0,0,0,0,0,0,43,43,16,16,7,4,0,1,3,31,21,10,0,36,0,11,10
52350718,0,,,105,53,52,12,5,7,93,48,45,39,23,16,91,46,45,91,46,45,54,25,29,25,10,15,14,5,9,2,0,2,0,0,0,38,37,8,12,7,4,5,1,0,27,16,11,5,30,0,6,10
52350719,1,,52350708;52350729,137,61,76,10,5,5,130,57,73,79,33,46,128,56,72,125,56,69,51,24,27,27,13,14,8,2,6,1,0,1,12,3,9,56,56,21,17,9,5,4,2,1,37,23,14,2,30,12,1,10
52350720,0,,,50,27,23,3,2,1,47,25,22,27,15,12,46,24,22,45,24,21,20,10,10,8,3,5,6,3,3,0,0,0,2,0,2,20,20,7,4,5,1,2,1,0,13,7,6,1,15,0,6,4
52350721,0,,,36,17,19,0,0,0,36,17,19,19,7,12,36,17,19,36,17,19,17,10,7,6,2,4,6,2,4,0,0,0,0,0,0,15,15,5,4,2,3,1,0,0,10,5,5,0,11,0,4,2
52350722,0,,,25,12,13,1,1,0,24,11,13,8,6,2,24,11,13,24,11,13,16,5,11,8,2,6,2,0,2,0,0,0,0,0,0,12,12,3,7,1,0,1,0,0,9,8,1,1,12,0,3,4
52350724,0,,,33,17,16,1,1,0,32,16,16,11,6,5,31,15,16,30,14,16,21,10,11,7,3,4,6,3,3,1,0,1,0,0,0,12,12,2,3,4,2,1,0,0,10,4,6,0,11,0,2,2
52350725,0,,,12,5,7,0,0,0,12,5,7,2,2,0,12,5,7,12,5,7,10,3,7,9,3,6,2,0,2,1,0,1,0,0,0,5,5,0,3,2,0,0,0,0,5,4,1,0,5,0,0,2
52350727,2,52350717,,12,2,10,*,*,*,*,*,*,*,*,*,*,*,*,*,*,*,*,*,*,*,*,*,*,*,*,*,*,*,*,*,*,5,4,*,*,*,*,*,*,*,*,*,*,*,*,*,*,*
52350728,0,,,25,14,11,4,4,0,21,10,11,9,5,4,21,10,11,21,10,11,12,5,7,5,1,4,4,1,3,1,0,1,0,0,0,7,7,1,1,2,1,0,2,0,6,1,5,0,6,0,0,0
52350729,2,52350719,,2,0,2,*,*,*,*,*,*,*,*,*,*,*,*,*,*,*,*,*,*,*,*,*,*,*,*,*,*,*,*,*,*,2,2,*,*,*,*,*,*,*,*,*,*,*,*,*,*,*
52350730,2,52350731,,3,1,2,*,*,*,*,*,*,*,*,*,*,*,*,*,*,*,*,*,*,*,*,*,*,*,*,*,*,*,*,*,*,2,2,*,*,*,*,*,*,*,*,*,*,*,*,*,*,*
52350731,1,,52350730,44,20,24,4,2,2,43,19,24,22,8,14,41,18,23,41,18,23,21,11,10,12,5,7,3,1,2,0,0,0,0,0,0,18,18,5,8,3,3,1,0,0,15,12,3,1,14,0,5,6
52350732,0,,,20,9,11,0,0,0,20,9,11,11,6,5,20,9,11,20,9,11,9,3,6,6,2,4,1,0,1,0,0,0,0,0,0,8,8,2,3,2,0,0,1,0,6,4,2,0,7,0,1,2
52350733,1,,52350743,92,43,49,4,2,2,89,41,48,30,14,16,88,40,48,87,40,47,59,27,32,30,14,16,9,3,6,2,0,2,0,0,0,38,38,12,14,7,1,2,3,0,25,21,4,0,36,0,11,10
52350734,0,,,71,34,37,6,5,1,65,29,36,27,12,15,62,27,35,62,27,35,38,17,21,16,6,10,5,1,4,1,0,1,0,0,0,22,22,1,9,4,3,3,1,1,21,12,9,2,20,0,1,8
52350735,2,52350736,,6,2,4,*,*,*,*,*,*,*,*,*,*,*,*,*,*,*,*,*,*,*,*,*,*,*,*,*,*,*,*,*,*,2,2,*,*,*,*,*,*,*,*,*,*,*,*,*,*,*
52350736,1,,52350735,38,19,19,5,2,3,39,19,20,17,8,9,39,19,20,39,19,20,22,11,11,10,3,7,3,0,3,0,0,0,0,0,0,15,15,4,6,2,3,2,0,0,13,10,3,0,15,0,4,6
52350737,0,,,144,77,67,11,8,3,133,69,64,68,36,32,130,66,64,129,66,63,65,33,32,32,15,17,18,10,8,0,0,0,1,1,0,55,55,10,18,17,5,4,0,1,45,27,18,2,43,0,7,8
52350738,0,,,31,14,17,2,1,1,29,13,16,14,7,7,27,12,15,26,12,14,15,6,9,9,3,6,5,1,4,0,0,0,0,0,0,11,11,3,1,4,2,0,1,0,8,5,3,0,10,0,3,1
52350741,0,,,45,30,15,3,3,0,42,27,15,25,17,8,41,27,14,41,27,14,17,10,7,10,4,6,2,1,1,0,0,0,1,0,1,22,22,11,5,2,2,2,0,0,11,8,3,1,13,3,5,3
52350742,2,52350752,,5,2,3,*,*,*,*,*,*,*,*,*,*,*,*,*,*,*,*,*,*,*,*,*,*,*,*,*,*,*,*,*,*,2,2,*,*,*,*,*,*,*,*,*,*,*,*,*,*,*
52350743,2,52350733,,1,0,1,*,*,*,*,*,*,*,*,*,*,*,*,*,*,*,*,*,*,*,*,*,*,*,*,*,*,*,*,*,*,1,1,*,*,*,*,*,*,*,*,*,*,*,*,*,*,*
52350744,0,,,163,68,95,9,4,5,154,64,90,58,24,34,153,64,89,153,64,89,96,40,56,38,11,27,20,4,16,1,0,1,1,0,1,63,63,11,25,14,9,2,1,1,50,35,15,4,58,0,11,18
52350745,2,52350746,,2,1,1,*,*,*,*,*,*,*,*,*,*,*,*,*,*,*,*,*,*,*,*,*,*,*,*,*,*,*,*,*,*,1,1,*,*,*,*,*,*,*,*,*,*,*,*,*,*,*
52350746,1,,52350745;52350756,34,14,20,6,1,5,40,18,22,17,8,9,38,18,20,36,16,20,23,10,13,9,3,6,5,1,4,0,0,0,0,0,0,12,12,3,7,2,1,0,2,1,13,9,4,0,13,0,3,3
52350750,0,,,26,12,14,0,0,0,26,12,14,7,3,4,26,12,14,26,12,14,19,9,10,7,3,4,4,2,2,0,0,0,0,0,0,10,10,1,6,2,0,0,0,1,9,6,3,0,9,0,0,4
52350751,0,,,78,35,43,4,1,3,74,34,40,27,13,14,74,34,40,74,34,40,47,21,26,22,8,14,8,3,5,0,0,0,0,0,0,33,33,6,18,3,3,3,0,0,27,22,5,1,29,0,6,15
52350752,1,,52350742,126,60,66,9,7,2,122,55,67,66,33,33,119,54,65,116,52,64,56,22,34,31,8,23,10,3,7,0,0,0,0,0,0,51,51,16,19,7,5,3,0,3,36,27,9,2,40,0,14,13
52350753,0,,,26,12,14,0,0,0,26,12,14,12,5,7,26,12,14,26,12,14,14,7,7,6,2,4,3,1,2,1,0,1,1,1,0,9,9,1,4,0,3,1,0,0,8,5,3,0,8,0,1,3
52350754,0,,,91,40,51,2,0,2,89,40,49,46,21,25,88,40,48,88,40,48,43,19,24,27,9,18,13,6,7,2,0,2,0,0,0,33,33,5,13,5,5,5,0,0,28,14,14,1,28,0,5,5
52350755,0,,,72,32,40,6,4,2,66,28,38,27,10,17,64,27,37,64,27,37,39,18,21,21,8,13,12,4,8,1,0,1,0,0,0,23,23,4,5,3,7,3,1,0,19,5,14,2,21,0,2,4
52350756,2,52350746,,10,4,6,*,*,*,*,*,*,*,*,*,*,*,*,*,*,*,*,*,*,*,*,*,*,*,*,*,*,*,*,*,*,3,3,*,*,*,*,*,*,*,*,*,*,*,*,*,*,*
52350758,0,,,47,23,24,5,5,0,42,18,24,15,6,9,42,18,24,42,18,24,27,12,15,13,5,8,3,3,0,0,0,0,0,0,0,20,20,4,10,4,1,0,0,1,16,14,2,1,17,0,3,7
52350760,0,,,101,51,50,3,0,3,98,51,47,44,27,17,98,51,47,98,51,47,54,24,30,30,13,17,8,4,4,0,0,0,0,0,0,38,38,7,13,8,7,2,1,0,31,22,9,1,35,0,7,10
52350761,0,,,42,20,22,2,2,0,39,18,21,21,12,9,39,18,21,39,18,21,18,6,12,13,4,9,5,1,4,0,0,0,0,0,0,19,19,5,9,2,2,1,0,0,14,10,4,0,14,0,4,4
52350762,0,,,93,43,50,4,3,1,89,40,49,47,25,22,87,40,47,85,39,46,42,15,27,20,5,15,14,3,11,1,0,1,0,0,0,35,35,9,14,2,3,5,1,1,26,14,12,1,31,0,9,4
52350763,0,,,52,27,25,6,6,0,46,21,25,22,10,12,43,19,24,43,19,24,24,11,13,12,6,6,4,1,3,0,0,0,0,0,0,16,16,2,5,3,1,3,2,0,14,8,6,1,13,0,2,3
52350764,2,52350765,,3,1,2,*,*,*,*,*,*,*,*,*,*,*,*,*,*,*,*,*,*,*,*,*,*,*,*,*,*,*,*,*,*,1,1,*,*,*,*,*,*,*,*,*,*,*,*,*,*,*
52350765,1,,52350764,126,54,72,4,1,3,125,54,71,47,22,25,125,54,71,124,53,71,78,32,46,38,12,26,12,3,9,2,1,1,1,1,0,54,54,12,23,14,2,3,1,0,42,33,9,1,49,0,11,14
52350766,0,,,65,28,37,5,3,2,60,25,35,29,13,16,59,24,35,59,24,35,31,12,19,19,5,14,7,2,5,0,0,0,0,0,0,23,23,3,9,5,3,2,0,1,20,14,6,1,19,0,3,6
52350768,0,,,90,44,46,4,2,2,86,42,44,31,15,16,83,41,42,82,40,42,55,27,28,35,19,16,7,5,2,0,0,0,0,0,0,35,35,5,19,4,3,3,0,1,30,22,8,0,34,0,4,16
52350769,0,,,37,17,20,2,1,1,35,16,19,13,6,7,35,16,19,35,16,19,22,10,12,14,5,9,5,1,4,0,0,0,0,0,0,17,17,4,8,3,2,0,0,0,13,12,1,0,14,0,4,4
52350770,0,,,68,31,37,5,2,3,63,29,34,40,18,22,63,29,34,62,28,34,23,11,12,15,6,9,7,4,3,0,0,0,0,0,0,20,20,3,4,5,4,2,1,1,17,9,8,1,17,0,3,2
52350771,0,,,19,6,13,2,0,2,17,6,11,7,2,5,17,6,11,17,6,11,10,4,6,6,2,4,2,1,1,0,0,0,0,0,0,10,10,4,4,1,1,0,0,0,6,5,1,1,6,0,2,2
52350772,0,,,109,51,58,6,2,4,103,49,54,41,21,20,102,49,53,101,48,53,62,28,34,30,15,15,10,5,5,1,1,0,3,2,1,43,43,10,18,6,4,2,2,1,33,22,11,3,37,0,8,12
52350773,0,,,41,17,24,2,1,1,39,16,23,23,9,14,39,16,23,37,15,22,16,7,9,3,3,0,0,0,0,0,0,0,0,0,0,14,14,3,3,4,2,0,2,0,11,9,2,0,11,0,2,2
52350775,0,,,29,13,16,0,0,0,29,13,16,10,4,6,28,13,15,28,13,15,19,9,10,10,4,6,3,1,2,0,0,0,0,0,0,15,15,3,10,2,0,0,0,0,12,11,1,0,12,0,2,9
52350776,0,,,112,48,64,13,6,7,99,42,57,44,21,23,95,41,54,92,39,53,55,21,34,33,11,22,9,5,4,1,0,1,0,0,0,40,40,9,14,7,3,2,3,2,31,18,13,2,36,0,8,8
52350778,0,,,69,29,40,5,2,3,64,27,37,33,18,15,64,27,37,63,26,37,31,9,22,25,7,18,15,4,11,0,0,0,0,0,0,25,25,6,4,10,2,1,2,0,19,9,10,0,21,0,5,2
52350779,0,,,68,28,40,0,0,0,68,28,40,32,14,18,67,28,39,67,28,39,36,14,22,24,8,16,10,3,7,1,0,1,0,0,0,27,27,3,13,7,2,2,0,0,24,16,8,0,19,0,1,8
52350780,0,,,317,145,172,19,5,14,298,140,158,130,68,62,292,137,155,289,134,155,168,72,96,64,26,38,16,2,14,1,0,1,2,1,1,124,124,17,64,17,17,4,3,2,107,87,20,3,99,1,12,48
52350781,0,,,30,14,16,0,0,0,30,14,16,11,6,5,30,14,16,30,14,16,19,8,11,11,5,6,5,2,3,0,0,0,0,0,0,14,14,2,9,2,1,0,0,0,12,9,3,0,12,0,2,4
52350782,0,,,31,16,15,2,1,1,29,15,14,18,10,8,26,12,14,26,12,14,11,5,6,6,2,4,3,2,1,0,0,0,0,0,0,11,11,2,4,2,1,1,1,0,9,6,3,1,8,0,2,3
52350783,0,,,118,62,56,4,2,2,114,60,54,42,25,17,113,59,54,113,59,54,72,35,37,27,12,15,9,2,7,0,0,0,0,0,0,52,52,12,25,9,2,3,1,0,40,30,10,1,49,0,11,17
52350785,2,52350786,,8,2,6,*,*,*,*,*,*,*,*,*,*,*,*,*,*,*,*,*,*,*,*,*,*,*,*,*,*,*,*,*,*,4,4,*,*,*,*,*,*,*,*,*,*,*,*,*,*,*
52350786,1,,52350785,134,72,62,7,3,4,135,71,64,74,48,26,134,71,63,132,70,62,61,23,38,32,11,21,10,2,8,2,1,1,0,0,0,43,42,13,18,6,2,5,2,0,33,22,11,3,37,0,9,9
52350787,0,,,98,51,47,12,6,6,86,45,41,42,23,19,84,44,40,83,43,40,44,22,22,20,8,12,6,2,4,0,0,0,0,0,0,35,35,7,10,9,5,0,4,0,27,13,14,1,27,0,4,3
52350789,0,,,37,18,19,4,3,1,33,15,18,13,7,6,33,15,18,33,15,18,20,8,12,17,6,11,10,3,7,0,0,0,0,0,0,17,17,6,7,1,1,2,0,0,11,9,2,1,13,0,4,5
52350790,0,,,20,10,10,1,1,0,19,9,10,8,4,4,17,8,9,17,8,9,11,5,6,1,0,1,1,0,1,1,0,1,0,0,0,6,6,0,3,0,1,2,0,0,6,4,2,0,5,0,0,3
52350793,1,,52350794,49,24,25,3,1,2,50,26,24,29,15,14,49,25,24,49,25,24,21,11,10,10,5,5,4,2,2,1,0,1,0,0,0,19,19,4,6,6,2,1,1,0,16,12,4,0,14,0,2,5
52350794,2,52350793,,4,3,1,*,*,*,*,*,*,*,*,*,*,*,*,*,*,*,*,*,*,*,*,*,*,*,*,*,*,*,*,*,*,1,1,*,*,*,*,*,*,*,*,*,*,*,*,*,*,*
52351000,0,,,27,11,16,4,3,1,23,8,15,14,4,10,23,8,15,23,8,15,9,4,5,4,2,2,1,0,1,0,0,0,0,0,0,9,9,0,5,1,2,0,1,0,8,6,2,1,6,0,0,2
52351001,0,,,270,87,183,10,5,5,260,82,178,55,26,29,257,81,176,256,81,175,205,56,149,166,36,130,107,16,91,13,1,12,1,0,1,44,42,6,16,7,7,3,2,1,35,24,11,2,32,0,3,12
52351002,0,,,510,248,262,39,25,14,443,210,233,260,136,124,433,203,230,426,198,228,183,74,109,107,40,67,35,14,21,3,1,2,2,1,1,226,226,74,75,40,25,8,2,2,143,121,22,7,127,5,34,33
52351003,0,,,1146,544,602,103,53,50,1004,466,538,584,284,300,963,444,519,948,434,514,420,182,238,224,87,137,70,22,48,9,3,6,17,9,8,504,502,186,157,71,59,20,7,2,311,278,33,16,254,13,73,92
52351004,0,,,1661,763,898,172,91,81,1462,652,810,790,378,412,1418,633,785,1393,622,771,672,274,398,419,162,257,177,47,130,20,3,17,22,13,9,640,636,179,215,116,93,26,7,0,449,400,49,37,330,17,83,120
52351005,0,,,104,51,53,14,7,7,87,43,44,53,28,25,86,43,43,83,40,43,34,15,19,16,8,8,4,0,4,0,0,0,3,3,0,45,45,13,16,8,5,3,0,0,30,29,1,5,24,3,8,10
52351010,0,,,81,42,39,6,4,2,69,35,34,34,17,17,68,34,34,68,34,34,35,18,17,20,10,10,7,2,5,2,0,2,0,0,0,38,38,13,14,6,4,0,1,0,23,20,3,2,22,0,7,8
52351011,0,,,741,348,393,64,33,31,669,309,360,388,183,205,652,303,349,640,299,341,281,126,155,152,65,87,24,11,13,0,0,0,9,3,6,311,310,83,125,52,31,13,3,3,224,207,17,14,185,2,58,67
52351012,0,,,5716,2641,3075,577,291,286,4997,2303,2694,2749,1322,1427,4836,2220,2616,4729,2166,2563,2248,981,1267,1241,543,698,370,133,237,35,7,28,38,14,24,2378,2375,653,904,429,282,78,24,5,1695,1588,107,120,1323,64,350,536
52351013,0,,,2347,1095,1252,103,54,49,2197,1019,1178,1096,538,558,2165,1003,1162,2126,975,1151,1101,481,620,600,250,350,150,56,94,10,2,8,9,4,5,1108,1106,367,434,196,82,26,1,0,714,665,49,28,710,12,245,255
52351014,0,,,2553,1235,1318,210,113,97,2322,1108,1214,1492,683,809,2271,1081,1190,2223,1057,1166,830,425,405,264,120,144,91,27,64,5,1,4,4,1,3,1057,1057,201,442,247,124,30,12,1,845,790,55,45,557,2,102,227
52351018,0,,,93,39,54,4,1,3,89,38,51,41,19,22,86,37,49,84,37,47,48,19,29,21,8,13,5,1,4,0,0,0,0,0,0,35,35,4,16,7,5,2,1,0,31,25,6,1,30,0,4,12
52351019,0,,,375,148,227,7,4,3,360,140,220,110,63,47,358,140,218,357,140,217,250,77,173,166,44,122,97,19,78,19,0,19,0,0,0,125,124,39,45,23,9,6,1,1,83,61,22,4,100,0,26,28
52351020,0,,,432,223,209,36,22,14,333,164,169,225,112,113,319,154,165,305,148,157,108,52,56,59,26,33,14,7,7,1,0,1,5,1,4,146,145,31,46,34,21,8,2,3,111,97,14,14,75,0,23,20
52351021,0,,,1064,498,566,106,61,45,956,436,520,545,268,277,923,422,501,904,411,493,411,168,243,254,94,160,85,20,65,10,3,7,40,18,22,432,430,127,151,69,57,19,3,4,298,261,37,22,238,11,68,77
52351022,0,,,5606,2683,2923,580,288,292,5003,2382,2621,2628,1317,1311,4882,2320,2562,4794,2283,2511,2375,1065,1310,1457,685,772,320,149,171,21,4,17,68,32,36,2430,2421,648,965,428,275,82,17,6,1767,1621,146,157,1474,107,339,640
52351023,0,,,1884,903,981,205,95,110,1672,804,868,960,454,506,1619,783,836,1583,768,815,712,350,362,342,169,173,70,25,45,6,1,5,15,11,4,664,663,106,262,141,114,31,5,4,552,509,43,49,394,0,69,165
52351028,0,,,47,20,27,5,4,1,42,16,26,23,9,14,38,14,24,38,14,24,19,7,12,6,2,4,2,1,1,0,0,0,0,0,0,21,21,9,4,4,2,2,0,0,12,11,1,0,16,0,7,2
52351029,0,,,43,20,23,2,0,2,41,20,21,15,8,7,41,20,21,41,20,21,26,12,14,13,5,8,9,3,6,1,0,1,0,0,0,15,15,1,3,8,3,0,0,0,14,6,8,0,11,0,1,1
52351030,0,,,2569,1269,1300,233,120,113,2300,1126,1174,1452,747,705,2234,1089,1145,2191,1073,1118,848,379,469,435,186,249,98,39,59,10,4,6,98,68,30,1169,1168,388,394,219,126,30,8,3,772,707,65,78,555,61,154,204
52351031,0,,,6928,3262,3666,805,413,392,6100,2834,3266,3595,1722,1873,5887,2717,3170,5746,2647,3099,2505,1112,1393,1236,545,691,284,89,195,33,4,29,65,40,25,2771,2769,605,1056,558,365,138,37,10,2150,1987,163,198,1547,48,364,627
52351032,0,,,3006,1505,1501,332,179,153,2666,1320,1346,1782,894,888,2580,1268,1312,2442,1174,1268,884,426,458,400,194,206,86,31,55,3,0,3,28,18,10,1239,1239,328,406,255,169,66,11,4,906,832,74,75,561,72,95,225
52351033,0,,,1854,911,943,234,133,101,1593,760,833,1123,522,601,1534,728,806,1479,704,775,470,238,232,156,69,87,38,12,26,2,0,2,16,8,8,739,739,184,236,147,122,36,10,4,555,503,52,54,304,48,48,133
52351034,0,,,11,4,7,0,0,0,11,4,7,5,2,3,11,4,7,11,4,7,6,2,4,4,1,3,1,0,1,0,0,0,0,0,0,7,7,3,4,0,0,0,0,0,4,4,0,0,5,0,3,0
52351035,0,,,123,61,62,7,2,5,116,59,57,63,34,29,112,56,56,111,56,55,53,25,28,30,16,14,9,5,4,1,1,0,0,0,0,40,40,8,11,8,5,2,4,2,32,18,14,2,35,0,7,5
52351040,0,,,5179,2536,2643,683,348,335,4477,2175,2302,2733,1358,1375,4333,2099,2234,4234,2049,2185,1744,817,927,768,372,396,153,57,96,10,2,8,130,102,28,2148,2147,542,797,378,295,97,28,10,1592,1480,112,158,1128,72,255,459
52351041,0,,,3913,1841,2072,415,198,217,3485,1636,1849,2078,982,1096,3396,1594,1802,3322,1556,1766,1407,654,753,642,295,347,157,46,111,21,4,17,227,83,144,1673,1670,489,594,311,201,61,9,5,1169,1084,85,111,842,50,206,327
52351042,0,,,748,351,397,94,43,51,652,307,345,453,213,240,619,292,327,602,285,317,199,94,105,80,34,46,28,11,17,3,0,3,1,1,0,265,265,36,86,66,50,22,3,2,228,199,29,24,123,3,15,45
52351043,0,,,307,152,155,57,30,27,250,122,128,172,84,88,240,114,126,233,113,120,78,38,40,24,11,13,9,4,5,0,0,0,0,0,0,102,102,5,37,23,27,9,1,0,97,87,10,12,51,0,2,20
52351044,0,,,174,88,86,10,5,5,164,83,81,103,56,47,161,82,79,156,80,76,61,27,34,34,12,22,10,3,7,0,0,0,0,0,0,56,56,8,18,9,10,6,3,2,48,30,18,1,42,0,6,10
52351045,0,,,84,42,42,1,0,1,83,42,41,50,30,20,81,40,41,79,39,40,33,12,21,21,7,14,9,2,7,1,0,1,0,0,0,35,35,7,15,9,1,2,1,0,28,23,5,1,24,0,6,8
52351046,0,,,14,6,8,1,0,1,13,6,7,6,3,3,13,6,7,13,6,7,7,3,4,4,2,2,1,1,0,0,0,0,0,0,0,6,6,0,4,2,0,0,0,0,6,5,1,1,5,0,0,2
52351050,0,,,1925,955,970,173,87,86,1749,866,883,1065,546,519,1688,842,846,1646,816,830,684,320,364,340,164,176,91,44,47,6,2,4,20,7,13,781,781,186,285,153,108,30,11,8,593,531,62,34,444,15,109,152
52351051,0,,,421,204,217,41,23,18,380,181,199,239,116,123,368,172,196,356,166,190,141,65,76,72,35,37,17,5,12,2,0,2,13,4,9,154,154,31,50,30,24,12,5,2,123,92,31,10,87,1,16,31
52351052,0,,,242,123,119,12,9,3,230,114,116,133,70,63,225,113,112,219,110,109,97,44,53,52,19,33,18,6,12,1,1,0,0,0,0,83,83,12,28,19,11,8,2,3,71,45,26,2,67,0,11,14
52351053,0,,,332,159,173,26,13,13,306,146,160,169,78,91,300,142,158,293,139,154,137,68,69,70,33,37,33,15,18,1,1,0,0,0,0,116,116,21,33,30,18,6,5,3,94,65,29,6,86,0,13,20
52351054,0,,,44,16,28,1,0,1,43,16,27,10,7,3,42,15,27,42,15,27,33,9,24,27,6,21,17,3,14,6,0,6,0,0,0,12,11,4,3,4,0,0,0,0,6,6,0,1,7,0,3,1
52351055,0,,,122,58,64,8,3,5,114,55,59,67,36,31,110,53,57,107,52,55,47,19,28,26,9,17,14,3,11,1,0,1,0,0,0,34,34,1,10,7,9,1,3,3,32,15,17,1,27,0,1,5
52351056,0,,,86,45,41,5,2,3,81,43,38,43,25,18,81,43,38,81,43,38,38,18,20,24,9,15,7,3,4,0,0,0,0,0,0,30,30,6,10,5,4,1,4,0,24,16,8,2,25,0,6,4
52351060,0,,,707,297,410,77,39,38,630,258,372,258,134,124,619,252,367,611,248,363,372,124,248,238,68,170,139,27,112,30,3,27,5,1,4,211,208,46,78,37,26,10,6,5,162,136,26,24,135,1,30,49
52351061,0,,,67,36,31,7,6,1,60,30,30,39,19,20,57,28,29,57,28,29,21,11,10,13,5,8,3,1,2,0,0,0,1,0,1,23,23,3,10,2,4,3,0,1,20,16,4,2,14,0,2,5
52351062,0,,,14,5,9,0,0,0,14,5,9,8,3,5,14,5,9,14,5,9,6,2,4,4,1,3,1,0,1,0,0,0,0,0,0,5,5,1,2,1,0,0,1,0,4,2,2,0,4,0,1,0
52351063,0,,,57,27,30,7,4,3,50,23,27,28,14,14,47,22,25,47,22,25,22,9,13,6,1,5,5,1,4,1,0,1,1,0,1,16,16,0,3,7,2,3,0,1,16,9,7,2,11,0,0,3
52351064,0,,,46,29,17,6,4,2,38,24,14,28,17,11,38,24,14,38,24,14,10,7,3,5,4,1,2,2,0,0,0,0,0,0,0,21,21,11,3,1,4,2,0,0,9,8,1,3,7,0,3,2
52351066,0,,,89,44,45,8,2,6,80,41,39,40,20,20,78,40,38,78,40,38,40,21,19,22,12,10,8,3,5,0,0,0,0,0,0,33,33,9,9,6,5,1,2,1,23,14,9,1,27,0,8,3
52351067,0,,,54,26,28,6,4,2,48,22,26,28,12,16,47,21,26,47,21,26,20,10,10,10,4,6,4,2,2,1,0,1,0,0,0,17,17,3,4,6,1,0,1,2,13,10,3,2,11,0,0,1
52351070,0,,,251,121,130,24,8,16,227,113,114,138,75,63,221,108,113,219,107,112,89,38,51,52,22,30,18,8,10,1,0,1,0,0,0,73,73,7,14,24,12,7,4,5,66,38,28,5,56,0,4,6
52351074,0,,,24,11,13,1,0,1,21,10,11,21,10,11,20,10,10,20,10,10,0,0,0,0,0,0,0,0,0,0,0,0,0,0,0,20,20,18,0,2,0,0,0,0,2,2,0,1,0,13,0,0
52351076,0,,,59,33,26,5,4,1,54,29,25,26,15,11,53,28,25,53,28,25,28,14,14,17,8,9,7,2,5,0,0,0,0,0,0,19,19,2,6,3,5,2,1,0,17,9,8,0,15,0,1,3
52351077,0,,,319,154,165,22,12,10,294,141,153,161,80,81,287,138,149,283,136,147,133,61,72,67,28,39,29,12,17,3,1,2,2,0,2,126,126,26,48,27,16,6,2,1,98,70,28,7,90,0,17,19
52351078,0,,,205,80,125,9,3,6,196,77,119,60,34,26,195,76,119,193,75,118,136,43,93,110,27,83,71,11,60,17,2,15,0,0,0,45,44,10,15,6,5,5,1,2,34,20,14,2,33,0,7,9
52351079,0,,,117,67,50,2,1,1,115,66,49,68,46,22,113,65,48,112,65,47,47,20,27,30,11,19,9,2,7,1,0,1,0,0,0,34,33,9,10,6,4,1,3,0,24,16,8,0,30,0,9,8
52351080,0,,,76,40,36,5,4,1,71,36,35,36,21,15,70,35,35,69,35,34,35,15,20,18,9,9,4,1,3,1,1,0,0,0,0,28,28,2,13,10,0,1,1,1,26,20,6,1,20,0,2,7
52351081,0,,,259,129,130,11,8,3,248,121,127,135,72,63,244,120,124,237,116,121,113,49,64,57,22,35,17,4,13,2,0,2,4,4,0,110,110,37,26,27,13,6,0,1,73,57,16,4,76,5,23,15
52351082,0,,,40,20,20,1,1,0,39,19,20,19,9,10,38,19,19,37,19,18,20,10,10,9,5,4,3,1,2,1,1,0,1,0,1,13,13,0,5,3,4,1,0,0,13,9,4,0,10,0,0,2
52351083,0,,,12,6,6,0,0,0,12,6,6,9,6,3,12,6,6,12,6,6,3,0,3,3,0,3,1,0,1,0,0,0,0,0,0,5,5,1,1,3,0,0,0,0,4,2,2,0,3,0,0,0
52351086,2,52351087,,11,4,7,*,*,*,*,*,*,*,*,*,*,*,*,*,*,*,*,*,*,*,*,*,*,*,*,*,*,*,*,*,*,2,2,*,*,*,*,*,*,*,*,*,*,*,*,*,*,*
52351087,1,,52351086,51,23,28,10,5,5,52,22,30,29,12,17,52,22,30,52,22,30,23,10,13,15,6,9,3,1,2,1,0,1,0,0,0,15,15,0,5,4,4,2,1,1,17,9,8,3,14,0,0,4
52351088,0,,,114,51,63,6,1,5,106,49,57,54,26,28,104,49,55,103,48,55,52,23,29,22,8,14,10,3,7,1,0,1,0,0,0,42,42,9,13,9,6,3,1,1,32,20,12,2,33,0,6,6
52351089,0,,,123,63,60,6,3,3,116,60,56,57,33,24,116,60,56,115,59,56,59,27,32,33,13,20,11,3,8,1,0,1,0,0,0,50,50,11,15,15,8,1,0,0,39,33,6,4,36,1,7,12
52351091,0,,,27,14,13,1,1,0,26,13,13,10,4,6,25,13,12,25,13,12,16,9,7,9,4,5,4,2,2,0,0,0,1,1,0,12,12,4,4,3,0,0,1,0,8,6,2,0,11,0,3,4
52351092,0,,,214,99,115,19,7,12,195,92,103,106,52,54,191,92,99,189,91,98,89,40,49,41,17,24,19,6,13,3,2,1,0,0,0,80,80,18,28,15,6,8,4,1,61,44,17,3,57,0,11,12
52351093,0,,,116,61,55,7,6,1,109,55,54,56,32,24,107,54,53,107,54,53,53,23,30,29,12,17,13,5,8,0,0,0,0,0,0,41,41,4,12,17,3,5,0,0,36,25,11,1,30,0,3,5
52351094,0,,,129,66,63,2,2,0,127,64,63,74,42,32,127,64,63,126,63,63,53,22,31,31,12,19,18,6,12,6,3,3,0,0,0,47,47,7,14,12,12,2,0,0,38,24,14,0,31,0,4,7
52351095,0,,,67,32,35,6,2,4,61,30,31,30,16,14,58,29,29,58,29,29,31,14,17,18,6,12,7,2,5,1,0,1,0,0,0,24,24,3,8,8,2,2,1,0,21,14,7,0,20,0,3,6
52351096,0,,,112,54,58,14,9,5,98,45,53,42,20,22,97,44,53,96,44,52,56,25,31,22,8,14,11,3,8,1,0,1,0,0,0,36,36,5,8,11,7,2,2,1,31,17,14,3,32,0,5,5
52351098,0,,,104,51,53,6,2,4,98,49,49,51,30,21,95,47,48,94,47,47,47,19,28,29,11,18,7,3,4,1,0,1,0,0,0,40,40,12,12,6,4,3,2,1,28,20,8,2,32,0,10,6
52351099,0,,,42,21,21,7,2,5,35,19,16,16,9,7,34,19,15,34,19,15,19,10,9,9,6,3,3,2,1,1,0,1,0,0,0,19,19,7,8,1,1,1,0,1,11,9,2,2,13,2,4,6
52351101,0,,,5348,2517,2831,693,347,346,4549,2116,2433,3015,1388,1627,4361,2021,2340,4260,1973,2287,1534,728,806,647,273,374,183,53,130,20,5,15,43,17,26,2227,2227,576,767,429,347,91,11,6,1632,1543,89,110,1059,6,343,386
52351102,0,,,4021,1861,2160,429,212,217,3525,1609,1916,2287,1074,1213,3409,1550,1859,3341,1518,1823,1238,535,703,692,275,417,229,76,153,25,2,23,32,15,17,1663,1660,441,598,311,225,70,10,5,1197,1115,82,107,760,15,218,285
52351103,0,,,3752,1787,1965,515,246,269,3177,1509,1668,2272,1073,1199,2974,1395,1579,2872,1339,1533,905,436,469,339,143,196,110,30,80,9,3,6,18,10,8,1331,1329,172,472,296,280,82,23,4,1138,1079,59,78,565,2,106,261
52351106,2,52351115,,1,1,0,*,*,*,*,*,*,*,*,*,*,*,*,*,*,*,*,*,*,*,*,*,*,*,*,*,*,*,*,*,*,1,1,*,*,*,*,*,*,*,*,*,*,*,*,*,*,*
52351107,0,,,25,11,14,4,0,4,21,11,10,10,5,5,21,11,10,20,10,10,11,6,5,2,1,1,1,1,0,0,0,0,1,1,0,13,13,6,4,1,2,0,0,0,7,7,0,2,9,0,6,3
52351108,1,,52351118,67,37,30,7,5,2,61,32,29,31,17,14,60,31,29,59,30,29,30,15,15,7,4,3,1,1,0,0,0,0,4,3,1,37,37,20,11,5,3,2,0,0,17,15,2,3,20,0,8,6
52351109,0,,,31,18,13,4,3,1,25,14,11,16,8,8,24,13,11,24,13,11,9,6,3,1,1,0,1,1,0,0,0,0,4,4,0,20,20,13,5,0,2,0,0,0,7,7,0,0,7,2,3,3
52351110,0,,,280,140,140,9,5,4,260,131,129,109,58,51,256,130,126,255,129,126,151,73,78,80,37,43,27,11,16,3,3,0,1,1,0,123,123,35,44,26,11,7,0,0,83,64,19,2,93,0,26,31
52351111,0,,,3666,1705,1961,369,198,171,3266,1490,1776,2060,924,1136,3158,1438,1720,3090,1405,1685,1206,566,640,451,196,255,128,43,85,10,0,10,27,9,18,1481,1481,270,617,318,199,57,15,5,1197,1124,73,92,763,1,154,332
52351112,0,,,2232,1065,1167,240,137,103,1924,893,1031,1144,553,591,1890,872,1018,1849,854,995,780,340,440,442,194,248,111,45,66,5,0,5,20,13,7,973,972,263,373,190,104,36,4,2,689,634,55,92,502,19,137,202
52351113,0,,,2073,983,1090,330,151,179,1678,798,880,1327,638,689,1633,775,858,1610,761,849,351,160,191,167,70,97,51,18,33,2,1,1,22,7,15,948,941,343,302,134,124,33,4,1,583,558,25,112,238,62,67,81
52351114,0,,,2537,1254,1283,359,186,173,2081,1006,1075,1469,755,714,2014,970,1044,1979,954,1025,612,251,361,305,112,193,123,32,91,14,3,11,43,20,23,1210,1208,559,298,164,140,36,7,4,626,594,32,97,385,45,168,88
52351115,1,,52351106,1922,944,978,226,117,109,1656,808,848,1075,544,531,1579,765,814,1540,738,802,581,264,317,271,125,146,54,16,38,6,0,6,45,22,23,865,865,293,286,134,120,24,7,2,556,519,37,48,399,21,141,133
52351118,2,52351108,,12,5,7,*,*,*,*,*,*,*,*,*,*,*,*,*,*,*,*,*,*,*,*,*,*,*,*,*,*,*,*,*,*,4,4,*,*,*,*,*,*,*,*,*,*,*,*,*,*,*
52351119,1,,52351128,21,9,12,3,1,2,21,10,11,12,5,7,19,9,10,19,9,10,9,5,4,2,1,1,0,0,0,0,0,0,0,0,0,8,8,2,5,2,0,0,1,0,8,7,1,1,6,0,1,3
52351120,0,,,106,44,62,4,2,2,102,42,60,48,19,29,102,42,60,102,42,60,54,23,31,27,9,18,10,5,5,0,0,0,0,0,0,47,47,17,15,6,6,2,0,1,30,23,7,1,40,0,16,11
52351121,1,,52351150,355,166,189,17,8,9,324,151,173,176,83,93,316,145,171,314,145,169,148,68,80,66,30,36,16,5,11,3,2,1,12,5,7,141,141,19,69,30,16,4,3,1,116,103,13,7,90,0,8,39
52351122,0,,,321,147,174,29,16,13,286,128,158,167,76,91,279,124,155,267,120,147,119,52,67,64,27,37,12,7,5,0,0,0,5,2,3,136,136,24,68,24,13,6,0,1,110,100,10,6,74,0,14,35
52351124,0,,,1268,618,650,105,55,50,1115,538,577,673,335,338,1082,521,561,1068,517,551,442,203,239,231,99,132,77,30,47,6,2,4,7,3,4,621,621,243,215,91,51,13,4,4,373,343,30,28,309,11,107,109
52351125,0,,,4705,2178,2527,863,425,438,3796,1730,2066,2531,1197,1334,3637,1649,1988,3565,1614,1951,1265,533,732,712,296,416,230,74,156,35,3,32,38,16,22,1768,1764,432,536,326,347,103,16,4,1314,1246,68,204,748,9,262,257
52351126,0,,,273,137,136,38,18,20,223,110,113,138,72,66,214,104,110,211,102,109,85,38,47,48,20,28,9,3,6,2,1,1,2,1,1,112,112,30,36,26,14,3,1,2,79,72,7,12,55,0,16,20
52351128,2,52351119,,3,2,1,*,*,*,*,*,*,*,*,*,*,*,*,*,*,*,*,*,*,*,*,*,*,*,*,*,*,*,*,*,*,2,2,*,*,*,*,*,*,*,*,*,*,*,*,*,*,*
52351135,0,,,3433,1526,1907,231,117,114,3089,1350,1739,1584,752,832,3035,1325,1710,2987,1311,1676,1505,598,907,867,320,547,314,92,222,25,2,23,19,11,8,1442,1433,448,549,244,130,46,14,2,953,888,65,58,831,16,257,285
52351136,0,,,3452,1632,1820,338,169,169,3034,1409,1625,1872,910,962,2927,1364,1563,2851,1327,1524,1162,499,663,655,266,389,160,69,91,11,4,7,38,16,22,1483,1480,393,576,259,193,45,8,6,1058,990,68,87,751,15,205,278
52351145,0,,,161,81,80,8,4,4,143,71,72,72,39,33,143,71,72,143,71,72,71,32,39,36,18,18,9,3,6,1,0,1,5,1,4,81,81,28,35,11,5,2,0,0,51,49,2,3,49,1,16,17
52351146,0,,,1377,630,747,110,60,50,1187,529,658,736,340,396,1136,501,635,1105,480,625,451,189,262,253,97,156,90,25,65,11,1,10,14,5,9,603,602,230,186,92,63,23,6,2,358,332,26,26,253,28,85,77
52351147,0,,,2659,1235,1424,241,122,119,2373,1093,1280,1424,702,722,2273,1039,1234,2228,1013,1215,949,391,558,497,191,306,110,35,75,3,1,2,14,5,9,1169,1169,342,430,208,135,40,8,6,810,771,39,51,665,4,228,213
52351149,0,,,50,24,26,1,0,1,38,18,20,17,9,8,37,18,19,37,18,19,21,9,12,13,6,7,2,1,1,0,0,0,3,0,3,37,37,28,8,0,0,0,1,0,9,8,1,0,15,0,8,5
52351150,2,52351121,,2,1,1,*,*,*,*,*,*,*,*,*,*,*,*,*,*,*,*,*,*,*,*,*,*,*,*,*,*,*,*,*,*,1,1,*,*,*,*,*,*,*,*,*,*,*,*,*,*,*
52351156,2,52351157,,8,4,4,*,*,*,*,*,*,*,*,*,*,*,*,*,*,*,*,*,*,*,*,*,*,*,*,*,*,*,*,*,*,2,2,*,*,*,*,*,*,*,*,*,*,*,*,*,*,*
52351157,1,,52351156,1944,917,1027,146,81,65,1759,813,946,1061,511,550,1721,793,928,1693,781,912,698,302,396,396,167,229,101,30,71,9,1,8,37,16,21,923,922,366,293,150,73,28,10,4,546,486,60,32,455,109,129,144
52351158,0,,,61,30,31,3,3,0,57,26,31,27,9,18,54,26,28,54,26,28,30,17,13,11,8,3,3,1,2,0,0,0,1,0,1,24,24,3,12,6,1,0,2,0,20,18,2,0,18,0,2,8
52351159,0,,,638,276,362,9,5,4,501,208,293,373,154,219,496,205,291,473,196,277,128,54,74,70,25,45,19,4,15,1,1,0,29,10,19,505,505,436,37,17,10,2,2,1,61,46,15,1,92,173,41,21
52351166,0,,,238,129,109,31,17,14,188,102,86,127,72,55,186,101,85,184,99,85,61,30,31,24,13,11,7,3,4,1,0,1,1,1,0,120,120,54,34,18,8,6,0,0,62,57,5,12,32,13,2,18
52351167,0,,,686,342,344,71,37,34,588,292,296,349,186,163,572,282,290,560,275,285,239,106,133,119,54,65,24,9,15,1,0,1,3,0,3,326,326,130,97,55,27,14,2,1,190,178,12,17,153,18,43,55
52351168,0,,,404,183,221,26,12,14,376,170,206,202,90,112,366,166,200,357,161,196,174,80,94,68,32,36,10,4,6,0,0,0,1,0,1,162,162,30,63,42,16,9,1,1,131,122,9,8,109,0,20,41
52351169,0,,,1116,486,630,76,38,38,1006,431,575,358,186,172,985,419,566,974,412,562,648,245,403,426,161,265,164,54,110,14,7,7,18,8,10,547,545,250,200,48,25,14,6,2,288,256,32,24,364,16,144,136
52351170,0,,,107,80,27,8,7,1,99,73,26,86,66,20,92,67,25,89,65,24,13,7,6,7,4,3,2,1,1,0,0,0,2,1,1,13,6,2,3,1,0,0,0,0,4,4,0,0,5,0,1,3
52351171,0,,,130,65,65,9,5,4,121,60,61,62,37,25,118,59,59,116,57,59,59,23,36,35,12,23,15,3,12,0,0,0,0,0,0,42,42,2,16,10,7,5,1,1,39,24,15,2,36,0,1,10
52351172,0,,,39,18,21,0,0,0,39,18,21,12,5,7,39,18,21,39,18,21,27,13,14,13,5,8,6,0,6,1,0,1,1,0,1,16,16,3,6,5,1,1,0,0,13,8,5,0,15,0,3,1
52351173,0,,,84,38,46,2,1,1,82,37,45,42,22,20,81,37,44,81,37,44,40,15,25,22,8,14,9,1,8,1,0,1,0,0,0,26,26,0,10,6,6,2,2,0,26,13,13,0,23,0,0,4
52351174,0,,,95,43,52,1,1,0,94,42,52,43,20,23,93,41,52,91,41,50,51,22,29,29,12,17,11,3,8,2,0,2,0,0,0,38,38,7,13,10,8,0,0,0,31,23,8,0,30,0,5,8
52351175,0,,,92,40,52,6,4,2,86,36,50,53,24,29,86,36,50,86,36,50,33,12,21,15,5,10,7,1,6,0,0,0,4,4,0,34,34,11,5,9,3,4,2,0,23,13,10,3,24,4,5,2
52351176,0,,,5526,2674,2852,1102,564,538,4322,2047,2275,3463,1656,1807,4107,1937,2170,3982,1872,2110,859,391,468,369,151,218,118,30,88,11,0,11,20,8,12,1947,1946,351,537,420,434,159,36,9,1566,1467,99,266,543,28,99,204
52351177,0,,,4031,1924,2107,531,264,267,3380,1600,1780,2248,1097,1151,3256,1539,1717,3199,1504,1695,1132,503,629,578,247,331,161,52,109,15,1,14,38,16,22,1614,1609,620,437,240,209,84,17,2,959,906,53,124,614,89,201,216
52351178,0,,,6956,3288,3668,518,274,244,6178,2871,3307,3310,1673,1637,6051,2806,3245,5959,2758,3201,2868,1198,1670,1623,692,931,326,123,203,19,4,15,69,30,39,3588,3586,1547,1205,514,229,68,17,6,1982,1863,119,138,1949,61,781,647
52351179,0,,,357,168,189,22,12,10,322,150,172,216,102,114,314,146,168,308,143,165,106,48,58,45,18,27,10,3,7,0,0,0,4,2,2,163,163,49,58,36,17,2,1,0,110,99,11,9,72,4,14,27
52351180,0,,,87,40,47,4,3,1,83,37,46,45,21,24,82,37,45,82,37,45,38,16,22,14,4,10,7,1,6,1,1,0,0,0,0,38,38,11,14,6,6,0,1,0,27,22,5,1,27,0,9,9
52351181,0,,,148,68,80,19,9,10,129,59,70,73,37,36,124,56,68,122,55,67,56,22,34,29,11,18,12,6,6,2,2,0,1,1,0,47,47,6,13,12,7,6,1,2,41,27,14,4,33,0,5,6
52351182,0,,,115,54,61,5,5,0,110,49,61,59,28,31,108,48,60,107,47,60,51,21,30,29,10,19,7,3,4,0,0,0,1,0,1,46,46,16,10,8,6,5,1,0,29,18,11,1,38,0,12,8
52351183,0,,,154,77,77,10,7,3,140,67,73,74,38,36,137,65,72,135,65,70,66,29,37,36,12,24,16,5,11,1,0,1,1,0,1,55,55,17,9,13,7,4,3,2,37,22,15,5,39,0,12,6
52351184,1,,52351194,83,40,43,5,2,3,86,43,43,44,21,23,86,43,43,83,41,42,42,22,20,19,6,13,9,1,8,0,0,0,4,4,0,31,31,11,12,7,2,3,2,0,26,19,7,1,28,4,4,9
52351185,0,,,245,128,117,15,10,5,214,106,108,137,70,67,207,103,104,205,103,102,77,36,41,40,19,21,15,5,10,0,0,0,1,1,0,98,98,35,23,17,9,9,3,2,61,48,13,2,51,3,13,12
52351186,0,,,319,154,165,86,44,42,229,108,121,186,87,99,226,105,121,225,105,120,43,21,22,13,7,6,2,0,2,0,0,0,3,1,2,109,109,7,36,33,26,5,2,0,100,96,4,39,26,0,4,11
52351187,0,,,4231,1967,2264,546,278,268,3590,1639,1951,2664,1248,1416,3464,1572,1892,3368,1529,1839,926,391,535,473,168,305,177,48,129,19,2,17,38,16,22,1744,1739,524,525,341,270,65,11,3,1196,1115,81,160,525,129,106,213
52351188,0,,,1730,808,922,158,90,68,1539,701,838,923,442,481,1497,678,819,1471,661,810,616,259,357,321,111,210,126,25,101,17,1,16,16,9,7,682,679,183,250,138,72,30,6,0,492,453,39,42,336,33,79,124
52351189,0,,,2568,1217,1351,348,189,159,2159,999,1160,1459,707,752,2094,966,1128,2058,952,1106,700,292,408,346,113,233,164,35,129,19,2,17,54,23,31,995,992,282,319,178,143,50,17,3,695,623,72,94,354,46,62,118
52351190,0,,,13,6,7,2,0,2,11,6,5,6,3,3,10,5,5,10,5,5,5,3,2,2,0,2,2,0,2,0,0,0,0,0,0,6,6,3,0,2,1,0,0,0,3,3,0,1,5,0,3,0
52351191,0,,,111,66,45,27,19,8,84,47,37,48,26,22,75,41,34,75,41,34,36,21,15,14,7,7,7,4,3,0,0,0,0,0,0,34,33,10,13,3,3,2,2,0,23,19,4,1,23,3,5,5
52351192,0,,,128,70,58,0,0,0,128,70,58,88,54,34,124,69,55,120,65,55,40,16,24,21,7,14,7,3,4,1,0,1,1,1,0,30,28,5,4,9,5,2,3,0,23,13,10,0,25,0,5,3
52351193,0,,,40,21,19,3,2,1,37,19,18,24,14,10,35,18,17,34,18,16,13,5,8,9,3,6,4,2,2,0,0,0,2,1,1,13,13,2,3,4,1,2,1,0,11,6,5,0,9,1,0,1
52351194,2,52351184,,8,5,3,*,*,*,*,*,*,*,*,*,*,*,*,*,*,*,*,*,*,*,*,*,*,*,*,*,*,*,*,*,*,6,6,*,*,*,*,*,*,*,*,*,*,*,*,*,*,*
52351195,0,,,28,13,15,1,1,0,27,12,15,14,7,7,26,11,15,26,11,15,13,5,8,8,3,5,3,0,3,1,0,1,0,0,0,8,8,1,2,1,3,0,0,1,7,3,4,0,7,0,1,1
52351196,0,,,287,148,139,21,11,10,260,133,127,163,88,75,251,126,125,243,121,122,97,45,52,49,16,33,24,9,15,1,0,1,4,2,2,109,108,28,29,25,15,7,3,1,78,63,15,6,63,0,15,16
52351197,0,,,5477,2615,2862,571,284,287,4798,2259,2539,3335,1554,1781,4645,2173,2472,4524,2113,2411,1463,705,758,558,254,304,154,55,99,18,5,13,42,14,28,2228,2226,481,844,501,289,88,18,5,1718,1653,65,139,913,35,177,395
52351198,0,,,1481,735,746,157,84,73,1277,624,653,940,489,451,1236,599,637,1210,586,624,337,135,202,198,67,131,90,20,70,15,3,12,21,15,6,617,612,275,131,99,90,13,2,2,327,303,24,55,144,59,53,36
52351199,0,,,5074,2464,2610,671,352,319,4306,2068,2238,3161,1542,1619,4124,1968,2156,3987,1897,2090,1145,526,619,547,220,327,189,69,120,13,6,7,68,24,44,2077,2075,664,579,341,349,102,32,8,1395,1262,133,151,700,102,154,261
52351202,2,52351212,,6,3,3,*,*,*,*,*,*,*,*,*,*,*,*,*,*,*,*,*,*,*,*,*,*,*,*,*,*,*,*,*,*,1,1,*,*,*,*,*,*,*,*,*,*,*,*,*,*,*
52351204,0,,,1308,654,654,180,86,94,1099,556,543,798,417,381,1047,519,528,904,420,484,301,139,162,155,68,87,50,20,30,4,2,2,21,11,10,597,597,232,159,98,79,26,3,0,362,342,20,38,195,38,41,93
52351205,0,,,11963,5414,6549,1857,947,910,9948,4407,5541,7062,3180,3882,9541,4195,5346,9293,4071,5222,2886,1227,1659,1495,615,880,429,164,265,23,6,17,110,53,57,4864,4861,1174,1587,1067,828,172,29,4,3649,3479,170,483,1958,29,605,695
52351206,0,,,9438,4283,5155,1300,645,655,7960,3558,4402,5656,2596,3060,7666,3427,4239,7457,3311,4146,2304,962,1342,1200,460,740,355,117,238,23,5,18,95,40,55,4238,4238,1479,1232,785,598,124,14,6,2723,2583,140,389,1648,103,630,486
52351207,0,,,13673,6473,7200,1964,1035,929,11509,5336,6173,8091,3902,4189,11071,5106,5965,10743,4931,5812,3418,1434,1984,1725,700,1025,479,166,313,23,5,18,113,52,61,5683,5682,1574,1778,1139,913,236,32,10,4067,3852,215,488,2309,163,699,775
52351208,0,,,17532,8118,9414,2893,1496,1397,14155,6417,7738,11054,5105,5949,13567,6102,7465,13086,5871,7215,3101,1312,1789,1504,570,934,491,165,326,39,13,26,153,64,89,7419,7416,2453,1889,1455,1346,231,37,5,4904,4705,199,868,2051,443,657,673
52351209,0,,,12711,6068,6643,2262,1128,1134,10195,4822,5373,8067,3885,4182,9712,4565,5147,9351,4367,4984,2128,937,1191,1036,436,600,305,107,198,25,4,21,150,49,101,4960,4957,1304,1287,1034,1041,242,37,12,3609,3433,176,652,1374,261,321,496
52351212,1,,52351202,59,25,34,10,6,4,50,19,31,23,9,14,48,18,30,48,18,30,27,10,17,12,3,9,4,0,4,0,0,0,0,0,0,29,29,12,10,2,4,1,1,0,17,15,2,0,18,0,6,5
52351213,0,,,127,61,66,13,8,5,107,51,56,62,30,32,103,49,54,102,48,54,45,21,24,26,13,13,11,7,4,0,0,0,8,3,5,59,59,18,26,8,2,5,0,0,41,39,2,3,28,0,7,14
52351214,0,,,1783,842,941,240,135,105,1510,694,816,1039,496,543,1435,654,781,1383,628,755,471,198,273,237,99,138,66,23,43,6,1,5,19,13,6,688,687,148,220,145,124,37,13,0,531,490,41,50,318,2,91,108
52351215,0,,,2677,1251,1426,435,218,217,2213,1016,1197,1613,756,857,2110,962,1148,2044,933,1111,600,260,340,292,128,164,66,28,38,6,2,4,22,11,11,1035,1035,209,359,199,201,54,12,1,818,770,48,95,410,3,107,138
52351216,0,,,10560,4828,5732,1508,747,761,8907,4014,4893,6253,2877,3376,8578,3832,4746,8357,3709,4648,2654,1137,1517,1349,544,805,433,147,286,34,9,25,95,55,40,4426,4425,1169,1509,846,727,142,27,5,3228,3063,165,380,1796,96,522,668
52351217,0,,,10628,5132,5496,1166,614,552,8894,4234,4660,5983,3001,2982,8607,4099,4508,8138,3834,4304,2911,1233,1678,1626,636,990,519,170,349,48,10,38,129,64,65,5112,5102,2328,1296,729,571,151,22,5,2745,2587,158,294,1925,455,717,587
52351218,0,,,12597,5688,6909,1613,826,787,10482,4629,5853,8042,3593,4449,10042,4401,5641,9535,4218,5317,2440,1036,1404,1230,482,748,435,150,285,47,15,32,126,65,61,5551,5546,2148,1392,939,855,178,29,5,3363,3193,170,416,1644,413,496,544
52351219,0,,,11347,5324,6023,1837,967,870,9316,4275,5041,7006,3320,3686,8930,4079,4851,8615,3906,4709,2310,955,1355,1200,454,746,372,105,267,39,7,32,95,49,46,4613,4608,1334,1264,943,832,201,20,14,3239,3084,155,538,1541,177,511,477
52351222,0,,,596,271,325,49,31,18,526,232,294,269,119,150,511,225,286,499,218,281,257,113,144,112,46,66,47,18,29,6,1,5,31,16,15,264,264,78,96,54,23,7,5,1,185,161,24,12,161,0,43,60
52351223,0,,,397,180,217,38,23,15,352,154,198,176,71,105,345,150,195,341,148,193,176,83,93,94,41,53,31,14,17,1,0,1,15,7,8,193,193,61,86,25,17,3,1,0,132,127,5,10,119,0,41,52
52351224,0,,,295,121,174,24,12,12,271,109,162,128,52,76,262,106,156,258,102,156,143,57,86,72,29,43,24,7,17,3,1,2,32,9,23,115,114,24,55,15,16,1,3,0,88,78,10,5,78,0,19,36
52351225,0,,,802,362,440,89,41,48,709,318,391,444,202,242,683,304,379,669,293,376,265,116,149,146,63,83,29,11,18,3,2,1,15,10,5,307,306,52,120,62,55,13,3,1,250,227,23,13,173,1,39,61
52351226,0,,,1886,874,1012,281,150,131,1589,716,873,1083,491,592,1540,690,850,1506,666,840,506,225,281,223,103,120,61,25,36,7,3,4,46,29,17,756,756,159,274,160,126,29,6,2,589,550,39,96,336,1,83,129
52351227,0,,,3521,1634,1887,507,245,262,2921,1340,1581,2121,1010,1111,2783,1273,1510,2670,1210,1460,800,330,470,426,166,260,154,59,95,9,2,7,52,26,26,1424,1422,424,390,267,261,61,12,7,987,927,60,140,506,106,127,186
52351228,0,,,11273,5103,6170,1644,793,851,9212,4113,5099,6725,3052,3673,8796,3903,4893,8432,3729,4703,2487,1061,1426,1304,521,783,435,153,282,35,12,23,97,53,44,4835,4833,1604,1305,890,885,138,10,1,3193,3083,110,407,1641,263,546,588
52351229,0,,,9933,4748,5185,1618,859,759,8191,3838,4353,6101,2941,3160,7845,3653,4192,7581,3519,4062,2090,897,1193,1083,440,643,306,96,210,30,8,22,79,40,39,3895,3891,958,1156,808,774,168,20,7,2908,2775,133,434,1317,180,352,487
52351232,0,,,13,6,7,1,0,1,12,6,6,8,4,4,11,5,6,10,5,5,4,2,2,1,1,0,0,0,0,0,0,0,1,1,0,6,6,1,3,2,0,0,0,0,5,5,0,1,3,0,1,1
52351234,0,,,51,23,28,2,1,1,49,22,27,25,13,12,49,22,27,48,21,27,24,9,15,17,7,10,2,0,2,0,0,0,1,1,0,22,22,5,9,5,2,1,0,0,16,13,3,2,16,0,4,4
52351235,0,,,596,196,400,11,7,4,584,189,395,140,68,72,580,186,394,578,185,393,444,121,323,362,81,281,218,41,177,45,3,42,7,3,4,51,47,11,17,10,4,3,2,0,35,29,6,4,26,0,5,7
52351236,0,,,16,7,9,2,1,1,14,6,8,14,6,8,13,6,7,13,6,7,0,0,0,0,0,0,0,0,0,0,0,0,0,0,0,5,5,0,1,2,2,0,0,0,5,5,0,0,0,0,0,0
52351237,0,,,3174,1471,1703,390,199,191,2639,1202,1437,1760,834,926,2508,1124,1384,2420,1087,1333,879,368,511,523,206,317,170,68,102,4,0,4,35,17,18,1272,1269,306,409,256,235,53,6,4,920,868,52,93,596,7,207,205
52351238,0,,,8274,3740,4534,906,428,478,7022,3145,3877,4691,2184,2507,6813,3062,3751,6655,2986,3669,2331,961,1370,1271,481,790,426,140,286,46,13,33,121,66,55,3741,3738,1315,1176,695,438,93,15,6,2346,2228,118,253,1500,223,496,508
52351239,0,,,4224,2080,2144,570,301,269,3613,1747,1866,2454,1241,1213,3465,1667,1798,3383,1619,1764,1159,506,653,560,230,330,159,50,109,17,3,14,61,33,28,1671,1665,470,542,336,236,69,7,5,1188,1135,53,167,728,54,214,259
52351245,0,,,125,53,72,16,10,6,105,42,63,68,28,40,102,42,60,99,41,58,37,14,23,17,6,11,5,1,4,0,0,0,2,1,1,47,47,9,14,9,14,1,0,0,37,34,3,4,24,0,6,8
52351246,0,,,3591,1581,2010,270,143,127,3309,1432,1877,1660,726,934,3239,1397,1842,3183,1370,1813,1649,706,943,878,380,498,234,95,139,15,7,8,20,8,12,1664,1664,455,718,316,130,38,7,0,1203,1145,58,68,1088,1,312,421
52351247,0,,,2958,1353,1605,429,223,206,2501,1114,1387,1539,732,807,2409,1072,1337,2360,1047,1313,962,382,580,559,212,347,180,73,107,15,3,12,20,10,10,1313,1313,433,416,221,194,43,5,1,868,835,33,129,666,13,264,233
52351248,0,,,11988,5479,6509,1224,596,628,10238,4626,5612,6838,3201,3637,9951,4479,5472,9727,4380,5347,3400,1425,1975,1675,676,999,463,151,312,27,5,22,360,140,220,5671,5666,2195,1759,913,598,161,31,9,3319,3095,224,350,2340,312,823,717
52351249,0,,,8187,3909,4278,899,448,451,7147,3386,3761,4627,2231,2396,6942,3281,3661,6809,3211,3598,2520,1155,1365,1174,524,650,232,76,156,13,1,12,240,110,130,3562,3560,1098,1179,691,412,135,33,12,2416,2258,158,242,1711,91,533,539
52351250,0,,,616,269,347,12,7,5,478,197,281,151,76,75,474,196,278,468,190,278,327,121,206,241,79,162,135,27,108,28,2,26,3,0,3,281,280,214,38,19,4,4,1,0,64,51,13,3,89,15,45,12
52351252,0,,,10,5,5,0,0,0,10,5,5,2,1,1,10,5,5,10,5,5,8,4,4,6,3,3,0,0,0,0,0,0,0,0,0,5,5,0,5,0,0,0,0,0,5,5,0,0,4,0,0,4
52351255,0,,,599,160,439,9,5,4,590,155,435,71,32,39,586,154,432,579,150,429,519,123,396,448,100,348,269,57,212,37,5,32,8,5,3,101,99,12,60,16,11,0,0,0,87,79,8,2,82,0,10,54
52351256,0,,,4204,1932,2272,434,224,210,3755,1702,2053,2137,997,1140,3613,1622,1991,3528,1587,1941,1618,705,913,990,442,548,261,125,136,13,3,10,21,12,9,1795,1795,419,730,345,222,73,5,1,1363,1277,86,94,1049,9,302,435
52351257,0,,,10378,4666,5712,1469,745,724,8776,3862,4914,5844,2601,3243,8392,3671,4721,8154,3565,4589,2932,1261,1671,1639,680,959,568,203,365,57,16,41,50,27,23,4083,4082,899,1384,857,762,164,14,2,3138,2995,143,339,1819,47,503,735
52351258,0,,,12023,5427,6596,1286,658,628,10440,4630,5810,6571,3091,3480,10195,4505,5690,9991,4395,5596,3869,1539,2330,2082,795,1287,659,192,467,49,6,43,236,104,132,5493,5489,1972,1722,960,676,137,20,2,3436,3209,227,419,2524,209,859,763
52351259,0,,,8618,4009,4609,1061,565,496,7265,3297,3968,4309,2156,2153,7086,3207,3879,6962,3146,3816,2956,1141,1815,1746,589,1157,643,150,493,127,14,113,207,90,117,3516,3505,1173,1089,618,464,125,31,5,2242,2090,152,311,1706,60,669,469
52351260,0,,,89,48,41,2,1,1,51,30,21,33,22,11,51,30,21,50,29,21,18,8,10,12,7,5,2,2,0,0,0,0,2,1,1,72,72,60,7,5,0,0,0,0,10,10,0,2,14,8,7,2
52351261,2,52351262,,5,2,3,*,*,*,*,*,*,*,*,*,*,*,*,*,*,*,*,*,*,*,*,*,*,*,*,*,*,*,*,*,*,1,1,*,*,*,*,*,*,*,*,*,*,*,*,*,*,*
52351262,1,,52351261;52351263,466,225,241,62,40,22,411,187,224,179,95,84,403,184,219,400,183,217,232,92,140,159,57,102,81,23,58,15,0,15,5,4,1,147,141,43,46,28,19,5,2,0,99,88,11,3,95,3,25,25
52351263,2,52351262,,3,1,2,*,*,*,*,*,*,*,*,*,*,*,*,*,*,*,*,*,*,*,*,*,*,*,*,*,*,*,*,*,*,1,1,*,*,*,*,*,*,*,*,*,*,*,*,*,*,*
52351266,0,,,1511,718,793,179,99,80,1328,617,711,817,384,433,1289,596,693,1260,576,684,511,233,278,222,100,122,59,23,36,4,2,2,17,8,9,624,624,132,243,146,75,19,5,4,490,468,22,48,333,1,84,135
52351267,0,,,12435,5214,7221,1636,821,815,10475,4265,6210,7422,3036,4386,10111,4107,6004,9794,3997,5797,3053,1229,1824,1518,601,917,464,144,320,38,10,28,84,50,34,5602,5599,1916,1704,1064,758,138,18,1,3610,3407,203,472,2109,277,724,729
52351268,0,,,8323,3617,4706,1143,557,586,7043,2992,4051,4730,2066,2664,6853,2905,3948,6709,2847,3862,2313,926,1387,1264,481,783,444,145,299,37,5,32,110,48,62,3611,3603,1124,1183,666,498,113,14,5,2435,2324,111,281,1501,128,506,509
52351269,0,,,5163,2402,2761,586,295,291,4513,2075,2438,2815,1333,1482,4400,2014,2386,4313,1975,2338,1698,742,956,812,340,472,238,76,162,16,3,13,81,38,43,2203,2199,619,766,427,296,65,22,4,1554,1449,105,165,1105,49,306,387
52351270,0,,,239,120,119,19,10,9,212,106,106,129,66,63,207,103,104,207,103,104,83,40,43,46,23,23,4,1,3,0,0,0,9,5,4,106,106,37,30,20,14,4,1,0,66,56,10,5,55,8,10,20
52351271,1,,52351281,100,49,51,1,0,1,102,51,51,60,36,24,102,51,51,101,50,51,42,15,27,18,4,14,2,0,2,2,0,2,0,0,0,31,30,14,10,7,1,1,0,0,18,13,5,1,24,0,8,7
52351272,0,,,22,10,12,4,2,2,18,8,10,11,5,6,18,8,10,17,7,10,7,3,4,3,2,1,0,0,0,0,0,0,0,0,0,10,10,3,5,1,0,0,1,0,7,7,0,0,4,1,1,3
52351275,0,,,758,350,408,103,43,60,655,307,348,366,183,183,634,296,338,619,288,331,289,124,165,178,75,103,45,20,25,0,0,0,20,12,8,315,315,68,133,55,38,19,2,0,246,232,14,27,191,0,54,78
52351276,0,,,7447,3381,4066,1008,484,524,6351,2858,3493,4632,2116,2516,6069,2718,3351,5895,2637,3258,1719,742,977,762,315,447,210,65,145,17,4,13,55,28,27,3076,3075,757,1038,651,519,96,11,3,2289,2191,98,293,1132,50,292,430
52351277,0,,,9356,4191,5165,1196,641,555,8001,3486,4515,5415,2425,2990,7744,3360,4384,7533,3272,4261,2586,1061,1525,1465,570,895,471,149,322,45,9,36,53,29,24,4153,4147,1409,1314,672,620,117,13,2,2699,2543,156,328,1679,185,571,557
52351278,0,,,9855,4480,5375,1079,576,503,8729,3879,4850,5911,2734,3177,8442,3738,4704,8239,3638,4601,2818,1145,1673,1568,591,977,523,171,352,45,7,38,92,51,41,4411,4406,1501,1311,873,565,134,17,5,2875,2695,180,316,1927,234,654,609
52351279,0,,,9469,4407,5062,1163,589,574,8189,3762,4427,5490,2629,2861,7949,3635,4314,7760,3545,4215,2699,1133,1566,1419,568,851,413,143,270,38,11,27,100,44,56,4195,4192,1392,1315,749,559,150,26,1,2757,2562,195,345,1860,118,625,549
52351280,0,,,371,185,186,50,21,29,313,159,154,254,136,118,290,146,144,284,144,140,59,23,36,27,11,16,8,4,4,0,0,0,1,0,1,155,155,52,40,25,27,10,1,0,102,99,3,11,41,4,14,14
52351281,2,52351271,,3,2,1,*,*,*,*,*,*,*,*,*,*,*,*,*,*,*,*,*,*,*,*,*,*,*,*,*,*,*,*,*,*,3,3,*,*,*,*,*,*,*,*,*,*,*,*,*,*,*
52351283,0,,,311,149,162,62,34,28,249,115,134,172,81,91,238,110,128,231,109,122,77,34,43,26,10,16,6,2,4,1,0,1,3,2,1,106,106,13,38,17,22,13,3,0,93,83,10,6,47,0,6,24
52351284,0,,,1009,479,530,95,49,46,913,430,483,578,267,311,877,412,465,850,398,452,335,163,172,141,72,69,34,16,18,1,0,1,11,2,9,397,397,65,167,83,56,20,5,1,332,317,15,18,213,0,45,99
52351285,0,,,1629,776,853,184,110,74,1443,666,777,845,404,441,1404,643,761,1379,627,752,598,262,336,313,125,188,97,33,64,3,0,3,19,5,14,685,684,153,292,126,80,31,1,1,526,491,35,57,381,1,98,151
52351286,0,,,3484,1600,1884,328,173,155,3147,1423,1724,1910,931,979,3026,1360,1666,2951,1327,1624,1237,492,745,754,278,476,301,89,212,45,6,39,53,24,29,1279,1274,296,452,265,198,49,11,3,973,907,66,71,616,11,179,212
52351287,0,,,8168,3764,4404,909,472,437,7054,3201,3853,5036,2254,2782,6779,3061,3718,6610,2977,3633,2018,947,1071,789,319,470,233,63,170,28,2,26,55,23,32,3290,3287,639,1297,724,495,108,19,5,2589,2498,91,204,1308,19,314,560
52351288,0,,,4109,1901,2208,752,381,371,3349,1518,1831,2390,1125,1265,3228,1454,1774,3136,1409,1727,959,393,566,525,212,313,189,54,135,22,6,16,14,9,5,1591,1588,335,505,352,308,73,13,2,1245,1194,51,225,645,19,212,239
52351289,0,,,6462,2944,3518,867,439,428,5545,2483,3062,3939,1822,2117,5337,2373,2964,5199,2311,2888,1606,661,945,855,326,529,258,91,167,16,7,9,33,14,19,2825,2825,892,878,516,445,81,10,3,1920,1804,116,259,1113,93,365,368
52351290,0,,,1280,548,732,104,54,50,1171,492,679,632,304,328,1147,480,667,1126,470,656,539,188,351,315,83,232,164,28,136,30,3,27,18,8,10,336,327,69,130,52,47,21,7,1,256,241,15,25,143,1,32,62
52351291,0,,,266,130,136,0,0,0,266,130,136,53,43,10,266,130,136,266,130,136,213,87,126,153,47,106,72,13,59,8,0,8,4,2,2,8,6,4,2,0,0,0,0,0,2,2,0,0,2,1,0,2
52351292,0,,,1349,648,701,248,115,133,1094,530,564,834,412,422,1030,500,530,998,482,516,260,118,142,129,65,64,13,4,9,2,0,2,6,2,4,487,487,76,161,97,111,37,4,1,406,385,21,39,167,2,34,67
52351293,0,,,2252,1042,1210,154,72,82,2095,969,1126,1213,573,640,2049,944,1105,2013,924,1089,882,396,486,410,177,233,115,41,74,10,3,7,13,5,8,929,928,183,391,196,108,38,9,3,736,666,70,24,571,0,122,208
52351294,0,,,3394,1588,1806,364,186,178,3012,1396,1616,2164,1006,1158,2877,1323,1554,2784,1279,1505,848,390,458,359,150,209,106,42,64,5,1,4,18,5,13,1337,1337,246,475,329,226,59,2,0,1085,1037,48,87,555,2,130,211
52351295,0,,,3481,1650,1831,355,195,160,3112,1449,1663,2035,936,1099,3009,1393,1616,2920,1342,1578,1077,513,564,467,212,255,128,45,83,4,2,2,19,10,9,1360,1359,223,528,318,231,51,6,2,1132,1065,67,72,679,1,145,285
52351297,0,,,925,423,502,85,45,40,840,378,462,708,317,391,818,365,453,792,352,440,132,61,71,42,16,26,9,2,7,1,0,1,4,1,3,374,374,69,136,104,53,12,0,0,304,295,9,22,94,2,21,30
52351298,0,,,313,154,159,52,34,18,259,119,140,136,62,74,249,114,135,246,113,133,123,57,66,77,38,39,17,9,8,2,2,0,1,1,0,116,116,14,50,22,20,7,3,0,101,92,9,17,72,0,11,36
52351299,0,,,4031,1806,2225,519,246,273,3485,1550,1935,2038,956,1082,3346,1473,1873,3268,1427,1841,1447,594,853,920,363,557,362,121,241,64,7,57,14,8,6,1551,1550,297,622,308,234,79,10,0,1249,1177,72,132,827,1,211,354
52351300,0,,,14434,6946,7488,1750,892,858,11640,5481,6159,8062,3958,4104,11296,5297,5999,11065,5170,5895,3578,1523,2055,1937,790,1147,522,199,323,40,8,32,171,79,92,6766,6760,2641,2004,1109,746,191,53,16,4003,3766,237,620,2412,180,787,737
52351301,0,,,16398,7571,8827,1535,776,759,13014,5813,7201,9350,4270,5080,12727,5651,7076,12489,5525,6964,3664,1543,2121,1845,735,1110,500,160,340,42,5,37,155,88,67,8529,8517,4034,2394,1188,724,140,28,9,4215,3979,236,552,2489,322,864,756
52351302,0,,,15803,7494,8309,1697,861,836,12641,5841,6800,8769,4189,4580,12274,5660,6614,12010,5522,6488,3872,1652,2220,1930,780,1150,540,195,345,49,13,36,148,71,77,7678,7675,3286,2137,1164,795,243,38,12,4150,3854,296,503,2662,305,829,799
52351303,0,,,18039,8540,9499,1673,841,832,14089,6475,7614,10411,4940,5471,13759,6312,7447,13506,6197,7309,3678,1535,2143,1805,689,1116,501,142,359,39,7,32,224,109,115,10180,10175,5820,2208,1185,712,212,29,9,4130,3863,267,595,2578,775,977,659
52351304,0,,,15380,7532,7848,2573,1321,1252,11853,5639,6214,8954,4382,4572,11540,5480,6060,11322,5360,5962,2899,1257,1642,1507,614,893,380,127,253,22,4,18,251,120,131,6571,6568,2074,1884,1336,963,248,51,12,4322,4106,216,981,2001,123,649,587
52351305,0,,,12646,6071,6575,1282,648,634,9943,4641,5302,6902,3348,3554,9688,4503,5185,9504,4416,5088,3041,1293,1748,1607,630,977,518,142,376,49,8,41,218,105,113,6289,6276,3005,1589,875,564,187,45,11,3026,2837,189,419,1986,294,720,505
52351306,0,,,11350,5631,5719,1294,664,630,9040,4367,4673,6333,3185,3148,8765,4223,4542,8556,4116,4440,2707,1182,1525,1350,526,824,387,126,261,44,6,38,225,141,84,5471,5464,2404,1436,873,535,164,42,10,2858,2646,212,374,1795,293,610,475
52351307,0,,,8625,4220,4405,707,387,320,7906,3825,4081,4964,2588,2376,7755,3743,4012,7599,3666,3933,2942,1237,1705,1698,617,1081,552,154,398,33,2,31,170,68,102,4520,4513,2324,1172,575,316,86,30,10,2148,1978,170,226,2008,308,969,421
52351308,0,,,11917,5758,6159,1160,590,570,10732,5152,5580,7006,3621,3385,10535,5043,5492,10329,4947,5382,3726,1531,2195,2231,812,1419,713,204,509,60,8,52,242,116,126,5335,5320,2314,1506,828,484,161,22,5,2942,2741,201,414,2076,442,792,517
52351309,0,,,13128,6651,6477,1173,606,567,10676,5365,5311,8964,4653,4311,10479,5278,5201,10241,5218,5023,1712,712,1000,761,294,467,235,75,160,13,1,12,147,53,94,8332,8328,5676,1404,694,459,82,10,3,2575,2475,100,477,1126,1416,426,319
52351310,0,,,13814,6570,7244,1971,1008,963,11127,5206,5921,7528,3654,3874,10757,5011,5746,10519,4893,5626,3599,1552,2047,1797,752,1045,405,133,272,29,7,22,186,89,97,5791,5786,1683,1828,1142,834,235,50,14,3990,3759,231,550,2358,55,660,809
52351311,0,,,14768,7052,7716,2040,1081,959,11773,5487,6286,8651,4129,4522,11333,5246,6087,11022,5081,5941,3122,1358,1764,1598,665,933,422,135,287,33,5,28,144,65,79,6095,6088,1776,1770,1223,1025,232,55,7,4089,3855,234,571,2095,90,611,644
52351312,0,,,14078,6696,7382,1845,974,871,11919,5544,6375,7719,3857,3862,11566,5367,6199,11278,5232,6046,4200,1687,2513,2527,959,1568,929,300,629,84,22,62,124,64,60,5715,5705,1666,1813,1058,867,236,52,13,3934,3665,269,570,2410,288,656,871
52351313,0,,,10319,5044,5275,1290,690,600,8676,4151,4525,6095,3064,3031,8420,4024,4396,8243,3938,4305,2581,1087,1494,1424,566,858,442,157,285,39,10,29,118,59,59,4814,4813,1944,1312,785,606,135,21,10,2777,2620,157,330,1728,300,583,499
52351314,0,,,8535,4190,4345,909,483,426,6920,3304,3616,4730,2348,2382,6727,3203,3524,6588,3126,3462,2190,956,1234,1067,442,625,250,76,174,20,4,16,196,104,92,3763,3761,1232,1220,663,476,135,28,7,2359,2217,142,266,1443,84,389,482
52351315,0,,,9825,4685,5140,1057,544,513,7852,3613,4239,5134,2478,2656,7587,3480,4107,7428,3417,4011,2718,1135,1583,1474,592,882,382,108,274,44,5,39,95,48,47,4305,4303,1459,1350,771,514,158,37,14,2621,2429,192,328,1724,78,485,528
52351316,0,,,5350,2606,2744,657,338,319,4643,2243,2400,3214,1600,1614,4509,2172,2337,4396,2109,2287,1429,643,786,708,294,414,205,66,139,11,1,10,121,79,42,2292,2287,692,785,442,252,81,28,7,1549,1442,107,204,898,83,270,278
52351317,0,,,14300,6965,7335,1637,871,766,12646,6084,6562,8645,4335,4310,12342,5946,6396,12103,5827,6276,4001,1749,2252,2141,834,1307,573,186,387,49,9,40,169,77,92,7064,7055,3234,1875,991,704,212,34,5,3749,3518,231,516,2827,436,1310,657
52351318,0,,,14011,6718,7293,1531,786,745,12473,5928,6545,8560,4259,4301,12170,5774,6396,11911,5643,6268,3913,1669,2244,2114,842,1272,609,202,407,50,13,37,197,90,107,6566,6560,2558,1936,1095,737,192,36,6,3950,3650,300,491,2706,346,1009,702
52351319,0,,,17426,9080,8346,1804,922,882,14127,7324,6803,11266,6105,5161,13787,7159,6628,13338,6894,6444,2861,1219,1642,1352,513,839,393,123,270,37,8,29,218,107,111,10270,10263,6479,1876,994,683,185,41,5,3695,3501,194,629,1918,1574,686,555
52351320,0,,,9266,4427,4839,1049,559,490,7835,3675,4160,4995,2435,2560,7590,3543,4047,7390,3436,3954,2840,1240,1600,1350,563,787,313,104,209,17,3,14,84,32,52,4064,4064,1299,1347,675,539,153,36,15,2703,2526,177,274,1943,31,626,653
52351321,0,,,12271,5890,6381,1636,845,791,10461,4957,5504,6908,3468,3440,10102,4777,5325,9858,4637,5221,3553,1489,2064,1912,756,1156,504,163,341,34,5,29,167,81,86,5121,5115,1477,1628,969,761,221,43,16,3562,3337,225,397,2388,82,788,740
52351322,0,,,11966,5733,6233,1503,799,704,10463,4934,5529,7029,3470,3559,10111,4758,5353,9873,4640,5233,3434,1464,1970,1857,766,1091,542,180,362,54,11,43,107,55,52,4924,4923,1314,1518,1065,775,219,21,11,3584,3338,246,447,2303,64,730,715
52351323,0,,,12498,6004,6494,1777,928,849,10633,5025,5608,7556,3694,3862,10302,4853,5449,10068,4740,5328,3077,1331,1746,1525,626,899,423,149,274,24,4,20,164,71,93,5566,5566,1964,1576,1009,781,200,27,9,3542,3359,183,499,2149,243,756,622
52351324,0,,,2986,1440,1546,293,151,142,2556,1208,1348,1580,824,756,2497,1171,1326,2453,1148,1305,976,384,592,617,210,407,241,58,183,32,4,28,40,25,15,1216,1208,410,370,213,150,52,11,2,746,678,68,89,496,41,156,140
52351325,0,,,646,335,311,104,55,49,498,247,251,401,202,199,479,238,241,463,232,231,97,45,52,42,18,24,7,1,6,0,0,0,9,6,3,270,270,89,73,44,46,14,3,1,170,162,8,34,65,10,16,16
52351326,0,,,4065,1948,2117,533,268,265,3525,1675,1850,2230,1162,1068,3459,1639,1820,3408,1611,1797,1295,513,782,785,273,512,303,71,232,42,5,37,76,38,38,1758,1752,647,521,300,203,62,15,4,1095,1013,82,180,772,96,290,214
52351327,0,,,17070,7876,9194,2294,1182,1112,14759,6683,8076,10676,4961,5715,14386,6506,7880,14089,6359,7730,4083,1722,2361,2028,772,1256,653,211,442,49,10,39,213,97,116,8019,8013,3209,2178,1425,950,207,35,9,4745,4501,244,813,2847,587,1049,772
52351328,0,,,12319,5844,6475,1962,1003,959,10348,4837,5511,7269,3531,3738,10024,4672,5352,9817,4562,5255,3079,1306,1773,1602,634,968,478,148,330,53,9,44,127,68,59,5010,5003,1451,1499,997,797,215,35,9,3506,3343,163,573,2023,125,741,610
52351329,0,,,15424,7321,8103,2322,1174,1148,12798,5978,6820,9820,4725,5095,12443,5803,6640,12137,5673,6464,2978,1253,1725,1397,538,859,381,126,255,30,9,21,192,94,98,7024,7022,2756,1930,1206,908,186,32,4,4202,4041,161,783,1936,424,656,604
52351330,0,,,9658,4513,5145,1020,517,503,8537,3964,4573,5435,2652,2783,8292,3844,4448,8098,3747,4351,3102,1312,1790,1746,682,1064,456,143,313,33,8,25,88,42,46,4124,4121,1239,1383,747,561,151,31,9,2853,2686,167,293,2011,133,614,663
52351331,0,,,10069,4910,5159,1388,719,669,8681,4191,4490,5921,2952,2969,8410,4050,4360,8224,3953,4271,2760,1239,1521,1437,633,804,362,141,221,32,10,22,93,45,48,4212,4210,1199,1342,820,625,175,40,9,2967,2782,185,390,1864,59,569,588
52351332,0,,,13651,6531,7120,2038,1032,1006,11612,5499,6113,8257,4076,4181,11289,5347,5942,11086,5238,5848,3355,1423,1932,1823,735,1088,580,205,375,59,13,46,103,47,56,5874,5870,1867,1717,1191,872,188,27,8,3953,3757,196,744,2214,300,713,703
52351333,0,,,17337,8117,9220,2534,1275,1259,14802,6842,7960,10889,5184,5705,14389,6635,7754,14123,6512,7611,3913,1658,2255,1863,709,1154,599,180,419,61,13,48,230,111,119,7772,7769,2802,2226,1361,1122,214,35,9,4900,4709,191,744,2647,333,934,822
52351334,0,,,4454,2170,2284,514,250,264,3940,1920,2020,2602,1377,1225,3840,1874,1966,3773,1835,1938,1338,543,795,799,289,510,272,74,198,20,2,18,240,142,98,1948,1945,679,611,350,216,66,17,6,1238,1149,89,179,819,80,252,237
52351335,0,,,217,117,100,22,14,8,194,102,92,145,77,68,191,101,90,183,98,85,49,25,24,20,8,12,8,5,3,0,0,0,9,1,8,104,104,49,25,15,8,4,0,3,53,46,7,8,34,13,9,9
52351336,0,,,9149,4343,4806,1062,556,506,8068,3775,4293,5286,2633,2653,7835,3658,4177,7662,3566,4096,2782,1142,1640,1566,572,994,541,159,382,61,8,53,131,65,66,4042,4032,1503,1228,658,469,137,31,6,2483,2296,187,299,1674,241,559,496
52351337,0,,,15378,7010,8368,2060,1041,1019,13287,5952,7335,9474,4369,5105,12810,5732,7078,12528,5595,6933,3813,1583,2230,2028,762,1266,656,199,457,44,7,37,173,81,92,7124,7115,2788,1972,1151,939,227,34,4,4284,4074,210,560,2719,365,1100,744
52351338,0,,,10875,5229,5646,1741,928,813,9133,4300,4833,6706,3226,3480,8752,4103,4649,8495,3981,4514,2427,1074,1353,1229,531,698,297,103,194,14,2,12,88,40,48,4391,4387,1155,1346,857,789,200,36,4,3203,3054,149,428,1622,85,489,560
52351339,0,,,13386,6384,7002,2061,1038,1023,11164,5239,5925,8588,4192,4396,10784,5040,5744,10511,4907,5604,2576,1047,1529,1329,449,880,565,126,439,84,14,70,124,60,64,5706,5699,1911,1649,1062,882,173,19,3,3745,3641,104,668,1461,336,458,534
52351340,0,,,9220,4426,4794,1464,744,720,7755,3682,4073,5398,2636,2762,7493,3563,3930,7342,3482,3860,2357,1046,1311,1081,434,647,293,89,204,29,7,22,126,66,60,3677,3673,947,1152,747,597,194,32,4,2677,2544,133,368,1520,59,441,509
52351341,0,,,4300,2117,2183,494,271,223,3806,1846,1960,2330,1240,1090,3716,1799,1917,3589,1700,1889,1476,606,870,823,305,518,320,86,234,40,3,37,42,20,22,1818,1809,615,562,331,220,67,10,4,1182,1104,78,159,802,157,220,274
52351342,0,,,11531,5594,5937,1450,691,759,10081,4903,5178,7212,3650,3562,9770,4763,5007,9475,4613,4862,2869,1253,1616,1484,614,870,440,150,290,37,8,29,90,39,51,4534,4526,1236,1366,939,768,186,24,7,3262,3078,184,394,1906,137,584,597
52351343,0,,,9864,4777,5087,1572,790,782,8292,3987,4305,6089,3035,3054,8026,3853,4173,7856,3762,4094,2203,952,1251,1103,440,663,314,99,215,17,2,15,134,72,62,4112,4110,1135,1279,866,663,131,28,8,2930,2809,121,527,1494,120,439,475
52351344,0,,,1027,499,528,125,64,61,902,435,467,571,302,269,888,427,461,872,418,454,331,133,198,197,74,123,46,15,31,1,0,1,189,89,100,500,500,226,138,58,52,18,5,3,265,239,26,39,252,20,121,61
52351345,0,,,1865,933,932,192,101,91,1673,832,841,1175,618,557,1632,810,822,1576,779,797,498,214,284,263,99,164,84,23,61,5,1,4,25,18,7,916,911,435,245,117,88,23,2,1,469,443,26,65,285,157,96,95
52351346,0,,,14584,6902,7682,1712,851,861,12835,6027,6808,9208,4489,4719,12525,5876,6649,12217,5727,6490,3627,1538,2089,1865,705,1160,563,169,394,51,5,46,160,84,76,6863,6855,2715,1966,1181,788,169,32,4,4083,3856,227,622,2464,567,923,680
52351347,0,,,14793,6819,7974,2183,1106,1077,12576,5690,6886,9095,4231,4864,12150,5469,6681,11868,5316,6552,3481,1459,2022,1735,677,1058,521,170,351,42,10,32,117,60,57,6362,6357,1988,1931,1186,974,245,28,5,4339,4118,221,648,2366,220,798,786
52351348,0,,,14314,6704,7610,2196,1130,1066,12108,5566,6542,8588,4084,4504,11620,5321,6299,11302,5163,6139,3520,1482,2038,1821,705,1116,550,180,370,31,6,25,101,45,56,5702,5696,1397,1791,1189,1012,246,51,10,4260,4057,203,643,2344,65,765,757
52351349,0,,,14236,6716,7520,2577,1303,1274,11544,5345,6199,8601,4125,4476,11152,5145,6007,10904,5015,5889,2943,1220,1723,1476,552,924,577,139,438,82,10,72,125,61,64,5441,5434,1170,1736,1230,1073,201,19,5,4240,4118,122,901,1681,106,471,685
52351350,0,,,9454,4598,4856,1396,708,688,8025,3870,4155,5850,2917,2933,7692,3706,3986,7472,3600,3872,2175,953,1222,1055,428,627,305,99,206,26,5,21,213,97,116,3705,3700,986,1038,754,675,206,30,11,2678,2513,165,358,1383,134,378,452
52351351,0,,,8008,3946,4062,1135,583,552,6873,3363,3510,5037,2534,2503,6592,3223,3369,6417,3132,3285,1836,829,1007,900,387,513,206,82,124,11,3,8,101,52,49,3321,3316,1008,954,614,564,141,26,9,2274,2168,106,323,1261,66,441,416
52351352,0,,,7205,3887,3318,943,464,479,6262,3423,2839,4799,2767,2032,6053,3315,2738,5802,3161,2641,1463,656,807,776,349,427,225,90,135,16,2,14,86,45,41,2677,2664,771,781,553,433,104,17,5,1870,1783,87,269,956,58,268,327
52351353,0,,,3997,1941,2056,749,389,360,3248,1552,1696,2558,1260,1298,3112,1488,1624,3027,1449,1578,690,292,398,334,146,188,99,28,71,11,2,9,115,26,89,1608,1607,491,410,282,324,76,22,2,1100,1036,64,164,461,89,141,136
52351354,0,,,698,376,322,53,27,26,615,335,280,430,255,175,606,333,273,593,324,269,185,80,105,96,42,54,24,9,15,0,0,0,69,38,31,359,358,171,92,57,29,6,3,0,185,169,16,20,128,28,43,36
52351355,0,,,8805,4266,4539,786,402,384,7925,3816,4109,5698,2854,2844,7790,3752,4038,7590,3646,3944,2227,962,1265,1185,495,690,283,110,173,19,3,16,249,129,120,5008,5007,2865,1118,562,343,88,22,9,2090,1933,157,247,1599,1071,616,423
52351356,0,,,13275,6276,6999,1851,958,893,11404,5306,6098,8236,3979,4257,11014,5095,5919,10645,4894,5751,3168,1327,1841,1730,671,1059,600,182,418,52,9,43,250,119,131,5695,5689,1930,1599,1051,857,213,32,7,3717,3516,201,497,2062,523,669,654
52351357,0,,,14200,6693,7507,2067,1063,1004,12119,5622,6497,8810,4194,4616,11682,5403,6279,11352,5231,6121,3309,1428,1881,1692,679,1013,470,165,305,34,6,28,156,74,82,5969,5967,1740,1801,1166,1012,211,28,9,4185,3973,212,571,2261,301,684,748
52351358,0,,,15155,6966,8189,2484,1230,1254,12665,5732,6933,8806,4114,4692,12201,5500,6701,11906,5352,6554,3859,1618,2241,2107,845,1262,617,220,397,43,8,35,231,75,156,6208,6206,1740,1849,1233,1094,251,33,6,4434,4253,181,612,2576,119,956,825
52351359,0,,,17060,7880,9180,2624,1415,1209,14340,6393,7947,10001,4665,5336,13897,6175,7722,13644,6060,7584,4339,1728,2611,2562,959,1603,750,275,475,45,13,32,159,62,97,7538,7534,2424,2420,1412,1039,208,25,6,5081,4914,167,870,2952,203,1121,958
52351360,0,,,6577,3198,3379,879,440,439,5698,2758,2940,4019,2057,1962,5510,2659,2851,5356,2582,2774,1679,701,978,915,357,558,264,83,181,14,2,12,83,40,43,2710,2703,854,763,515,415,123,25,8,1819,1701,118,262,1108,97,389,309
52351361,0,,,12588,6105,6483,1781,893,888,10782,5198,5584,7574,3781,3793,10395,5011,5384,10134,4870,5264,3208,1417,1791,1607,684,923,356,131,225,23,4,19,123,59,64,5013,5008,1327,1565,1019,770,260,52,15,3627,3413,214,487,2056,102,574,667
52351362,0,,,7070,3447,3623,1088,549,539,5954,2889,3065,4244,2154,2090,5747,2788,2959,5597,2714,2883,1710,735,975,984,402,582,337,126,211,35,7,28,82,49,33,2757,2749,743,803,555,482,124,34,8,1985,1860,125,308,1015,110,276,326
52351363,0,,,4692,2332,2360,472,240,232,4190,2067,2123,2913,1556,1357,4031,1970,2061,3933,1917,2016,1277,511,766,811,286,525,341,80,261,58,8,50,72,45,27,1857,1854,615,512,317,314,79,16,1,1224,1147,77,108,645,95,180,194
52351364,0,,,6099,3050,3049,643,341,302,5270,2619,2651,3482,1853,1629,5154,2560,2594,5011,2484,2527,1788,766,1022,985,416,569,302,104,198,38,5,33,191,115,76,2826,2822,1149,798,445,324,85,14,7,1639,1516,123,214,1106,218,340,344
52351365,0,,,12414,6115,6299,1121,561,560,10587,5215,5372,7657,3964,3693,10327,5077,5250,9934,4841,5093,2930,1251,1679,1527,626,901,424,151,273,26,7,19,306,138,168,6921,6920,3892,1520,780,566,133,23,6,2978,2792,186,331,2018,1383,646,617
52351366,0,,,6796,3360,3436,808,434,374,5975,2920,3055,4295,2180,2115,5779,2815,2964,5531,2667,2864,1680,740,940,889,389,500,238,99,139,14,3,11,231,130,101,3171,3166,1284,868,484,407,100,18,5,1862,1749,113,226,1127,539,318,401
52351367,0,,,11653,5513,6140,2003,1035,968,9648,4478,5170,7278,3463,3815,9252,4285,4967,8995,4146,4849,2370,1015,1355,1235,494,741,385,132,253,25,5,20,115,51,64,4685,4677,1306,1338,947,834,213,33,6,3337,3200,137,601,1500,214,457,516
52351368,0,,,9585,4519,5066,1904,996,908,7677,3522,4155,5861,2707,3154,7338,3353,3985,7131,3245,3886,1816,815,1001,868,364,504,255,94,161,14,6,8,118,53,65,3565,3563,667,1065,814,792,195,25,5,2886,2792,94,486,1214,32,327,463
52351369,0,,,14505,6702,7803,2724,1383,1341,11767,5312,6455,8651,4021,4630,11358,5125,6233,11095,4992,6103,3116,1291,1825,1616,669,947,419,154,265,26,9,17,103,48,55,5904,5901,1507,1812,1249,1099,209,22,3,4368,4233,135,880,2126,139,726,776
52351370,0,,,8232,3790,4442,1113,541,572,7114,3247,3867,5309,2497,2812,6840,3126,3714,6622,3027,3595,1805,750,1055,1001,387,614,369,116,253,44,7,37,100,42,58,3213,3207,750,1038,691,539,149,34,6,2416,2278,138,344,1095,84,315,368
52351371,0,,,10879,5236,5643,1722,889,833,9043,4276,4767,6637,3252,3385,8711,4099,4612,8502,3992,4510,2406,1024,1382,1266,509,757,369,128,241,37,7,30,126,56,70,4325,4314,1186,1342,860,647,223,38,18,3079,2927,152,511,1459,94,416,475
52351372,0,,,4291,1992,2299,520,277,243,3769,1713,2056,2396,1174,1222,3662,1666,1996,3567,1620,1947,1373,539,834,831,305,526,307,87,220,37,1,36,37,20,17,1705,1699,489,555,316,240,76,19,4,1205,1101,104,146,813,30,259,240
52351373,0,,,4418,2138,2280,636,309,327,3717,1800,1917,2617,1348,1269,3591,1738,1853,3522,1701,1821,1100,452,648,634,242,392,210,70,140,18,6,12,116,66,50,1977,1974,767,507,347,267,68,14,4,1198,1141,57,214,723,111,282,204
52351374,0,,,10964,5433,5531,1301,650,651,9415,4672,4743,6507,3427,3080,9158,4539,4619,8911,4392,4519,2908,1245,1663,1558,622,936,456,160,296,31,5,26,368,249,119,5249,5244,2181,1461,880,549,136,33,4,3012,2842,170,452,1917,516,627,624
52351375,0,,,13787,6589,7198,1647,842,805,11635,5512,6123,8386,4173,4213,11305,5359,5946,10888,5117,5771,3249,1339,1910,1796,670,1126,654,194,460,90,18,72,327,154,173,6762,6755,3232,1582,972,759,172,32,6,3468,3278,190,487,2052,1002,707,595
52351376,0,,,12468,5917,6551,1609,828,781,10726,5019,5707,7311,3550,3761,10356,4814,5542,10033,4638,5395,3415,1469,1946,1772,734,1038,501,159,342,44,9,35,170,83,87,5537,5530,1944,1607,977,778,176,39,9,3542,3356,186,430,2285,448,716,756
52351377,0,,,14244,6572,7672,2069,1058,1011,12162,5507,6655,8649,4020,4629,11712,5303,6409,11373,5133,6240,3513,1487,2026,1752,703,1049,438,149,289,23,5,18,112,50,62,5859,5849,1535,1854,1222,941,245,40,12,4280,4056,224,608,2414,212,745,803
52351378,0,,,11512,5341,6171,1857,937,920,9653,4403,5250,7048,3271,3777,9161,4157,5004,8878,4013,4865,2605,1132,1473,1352,547,805,454,142,312,43,7,36,135,72,63,4206,4203,700,1345,1020,865,228,39,6,3484,3360,124,408,1601,36,406,669
52351379,0,,,13827,6185,7642,2121,1138,983,11703,5045,6658,7416,3368,4048,11350,4864,6486,11161,4769,6392,4287,1677,2610,2768,1032,1736,1078,398,680,98,27,71,168,77,91,5706,5701,1661,1994,992,888,146,18,2,4020,3911,109,582,2468,56,970,887
52351380,0,,,9254,4361,4893,1584,814,770,7627,3526,4101,5842,2785,3057,7238,3322,3916,7003,3195,3808,1785,741,1044,929,354,575,272,83,189,28,6,22,58,24,34,3532,3529,844,944,762,777,172,24,6,2666,2520,146,375,1167,96,355,360
52351381,0,,,9941,4680,5261,1510,781,729,8351,3864,4487,6298,2962,3336,8070,3717,4353,7865,3622,4243,2053,902,1151,980,410,570,289,116,173,13,3,10,47,27,20,3999,3996,930,1303,881,723,131,21,7,3027,2897,130,488,1374,100,375,481
52351382,0,,,10246,4941,5305,1172,599,573,9063,4335,4728,5975,3011,2964,8847,4224,4623,8664,4132,4532,3088,1324,1764,1774,740,1034,496,177,319,42,9,33,135,69,66,4633,4630,1619,1463,832,546,142,23,5,2978,2801,177,368,2044,263,689,626
52351383,0,,,9121,4186,4935,1170,590,580,7766,3517,4249,5397,2542,2855,7551,3415,4136,7377,3329,4048,2369,975,1394,1300,503,797,427,146,281,35,6,29,116,57,59,4442,4437,1970,1150,657,529,108,18,5,2421,2281,140,337,1619,359,631,460
52351384,0,,,14189,6508,7681,2098,1060,1038,11772,5310,6462,8638,4002,4636,11341,5108,6233,11007,4912,6095,3134,1308,1826,1671,657,1014,554,207,347,42,10,32,124,66,58,6393,6383,2437,1716,1068,913,220,23,6,3909,3741,168,529,2095,373,725,676
52351385,0,,,11003,5162,5841,1587,813,774,9316,4317,4999,6095,2948,3147,8964,4135,4829,8725,4012,4713,3221,1369,1852,1772,705,1067,542,178,364,60,13,47,95,48,47,4533,4523,1264,1424,906,701,182,36,10,3231,3070,161,388,2108,61,727,719
52351386,0,,,8903,4109,4794,1293,680,613,7572,3416,4156,4911,2260,2651,7287,3262,4025,7106,3187,3919,2661,1156,1505,1458,593,865,485,175,310,46,13,33,51,24,27,3594,3592,884,1211,701,596,162,33,5,2692,2548,144,303,1753,55,532,649
52351387,0,,,10834,5007,5827,1387,703,684,9397,4282,5115,6080,2874,3206,9122,4150,4972,8895,4029,4866,3317,1408,1909,1733,692,1041,547,171,376,42,8,34,80,42,38,4372,4358,1231,1397,837,696,171,21,5,3108,2926,182,352,1989,123,589,683
52351388,0,,,10417,4747,5670,1459,714,745,8935,4023,4912,5756,2756,3000,8618,3853,4765,8438,3770,4668,3179,1267,1912,1754,651,1103,629,156,473,102,9,93,74,31,43,4143,4131,1141,1355,757,682,166,27,3,2970,2827,143,381,1770,95,530,663
52351389,0,,,8213,3745,4468,1242,621,621,6958,3119,3839,4701,2197,2504,6727,2999,3728,6606,2929,3677,2257,922,1335,1213,484,729,357,150,207,17,6,11,80,28,52,3592,3591,1066,1214,677,502,118,11,3,2506,2412,94,406,1553,104,524,568
52351390,0,,,3219,1507,1712,368,188,180,2845,1317,1528,2037,953,1084,2683,1233,1450,2572,1173,1399,808,364,444,372,155,217,93,38,55,4,0,4,10,2,8,1222,1222,206,439,263,236,67,10,1,1012,949,63,50,537,3,128,202
52351391,0,,,3350,1546,1804,523,251,272,2803,1285,1518,1988,917,1071,2702,1226,1476,2628,1190,1438,815,368,447,411,175,236,127,48,79,4,0,4,26,13,13,1330,1330,285,479,261,223,66,12,4,1040,991,49,129,548,16,133,213
52351392,0,,,9552,4359,5193,1003,509,494,8516,3832,4684,5639,2603,3036,8277,3716,4561,8100,3628,4472,2877,1229,1648,1496,608,888,395,141,254,25,6,19,84,43,41,4467,4467,1524,1546,782,500,102,11,2,2914,2760,154,311,2007,178,692,655
52351393,0,,,11856,5353,6503,1264,639,625,10499,4672,5827,6965,3224,3741,10226,4533,5693,10043,4445,5598,3534,1448,2086,2124,811,1313,750,247,503,65,15,50,159,84,75,5843,5834,2785,1499,796,584,134,25,11,3025,2835,190,394,2259,536,934,606
52351394,0,,,7174,3305,3869,871,419,452,6192,2838,3354,4366,2072,2294,5959,2718,3241,5806,2657,3149,1826,766,1060,1011,377,634,365,113,252,35,6,29,157,79,78,3225,3218,1183,927,571,420,94,16,7,2006,1902,104,246,1207,143,447,365
52351395,0,,,8420,4029,4391,1259,654,605,7038,3326,3712,5127,2494,2633,6681,3141,3540,6469,3014,3455,1911,832,1079,1024,430,594,286,117,169,16,1,15,36,18,18,3380,3380,913,966,696,586,179,32,8,2444,2305,139,331,1296,37,389,451
52351396,0,,,7451,3525,3926,1194,635,559,6198,2865,3333,4263,2023,2240,5947,2733,3214,5738,2638,3100,1935,842,1093,1050,443,607,290,89,201,34,5,29,65,34,31,2888,2885,671,906,593,524,155,29,7,2194,2076,118,304,1222,93,318,469
52351397,0,,,9813,4541,5272,1221,624,597,8493,3869,4624,5666,2675,2991,8251,3751,4500,8056,3658,4398,2827,1194,1633,1494,613,881,421,141,280,31,4,27,108,53,55,4486,4477,1638,1320,802,543,141,24,9,2807,2656,151,338,1941,228,660,622
52351398,0,,,7434,3486,3948,927,466,461,6473,3004,3469,4266,2078,2188,6266,2895,3371,6141,2833,3308,2207,926,1281,1229,492,737,360,125,235,29,8,21,82,36,46,3206,3203,1078,957,575,427,134,27,5,2111,1944,167,258,1430,147,438,439
52351399,0,,,4260,2023,2237,504,258,246,3703,1751,1952,2548,1242,1306,3588,1689,1899,3498,1636,1862,1155,509,646,604,254,350,179,67,112,10,1,9,52,22,30,1735,1729,568,508,315,256,69,12,1,1148,1061,87,141,625,119,155,219
52351400,0,,,15415,7947,7468,2044,1025,1019,12481,6438,6043,10342,5509,4833,12137,6255,5882,11879,6126,5753,2139,929,1210,1017,414,603,227,70,157,15,3,12,228,117,111,8119,8113,4341,1659,1060,815,200,32,6,3705,3585,120,711,1453,1029,492,429
52351401,0,,,10369,5057,5312,1006,506,500,8904,4290,4614,6066,3068,2998,8712,4189,4523,8498,4098,4400,2838,1222,1616,1603,650,953,523,174,349,46,6,40,169,72,97,5419,5412,2890,1191,684,469,144,26,8,2479,2271,208,301,1875,589,723,465
52351402,0,,,12858,6262,6596,1006,504,502,11423,5546,5877,8447,4247,4200,11217,5438,5779,10934,5295,5639,2976,1299,1677,1514,569,945,473,140,333,32,5,27,431,215,216,7477,7474,4438,1574,799,515,117,23,8,2928,2731,197,330,2146,1171,878,551
52351403,0,,,18695,9037,9658,2022,982,1040,16024,7747,8277,11619,5831,5788,15568,7512,8056,15147,7297,7850,4405,1916,2489,2114,810,1304,615,180,435,53,12,41,581,281,300,9570,9557,4706,2371,1277,914,230,53,6,4737,4490,247,603,3063,902,1255,806
52351404,0,,,5723,2744,2979,656,334,322,4871,2316,2555,3151,1631,1520,4752,2259,2493,4647,2200,2447,1720,685,1035,935,368,567,203,57,146,13,2,11,138,67,71,2943,2943,1388,816,376,267,75,15,6,1522,1433,89,225,1270,155,574,333
52351405,0,,,4889,2374,2515,512,255,257,4339,2094,2245,2713,1350,1363,4235,2036,2199,4157,2000,2157,1626,744,882,785,347,438,177,58,119,15,1,14,47,23,24,2157,2145,664,762,380,247,74,15,3,1464,1389,75,156,1054,49,318,381
52351406,0,,,10395,5036,5359,1271,645,626,8900,4263,4637,6365,3186,3179,8663,4141,4522,8478,4060,4418,2535,1077,1458,1439,561,878,369,127,242,18,2,16,182,63,119,4929,4923,2063,1383,744,557,141,29,6,2779,2596,183,474,1703,289,660,460
52351407,0,,,17544,8452,9092,2085,1034,1051,15198,7263,7935,10057,5102,4955,14662,7002,7660,14268,6814,7454,5141,2161,2980,3007,1225,1782,694,246,448,40,6,34,153,73,80,7346,7334,2323,2235,1286,1056,335,74,25,4932,4604,328,507,3407,95,1217,954
52351408,0,,,16577,8027,8550,1932,1008,924,14137,6712,7425,9445,4653,4792,13677,6473,7204,13346,6296,7050,4692,2059,2633,2469,1044,1425,520,194,326,38,10,28,145,71,74,7276,7270,2358,2356,1323,906,232,75,20,4733,4428,305,499,3184,180,1046,904
52351409,0,,,8148,3866,4282,836,417,419,7113,3346,3767,4792,2404,2388,6906,3231,3675,6703,3125,3578,2321,942,1379,1306,491,815,372,121,251,39,6,33,97,54,43,3572,3564,1283,1072,611,423,137,28,10,2226,2079,147,239,1449,141,500,404
52351410,0,,,21800,11098,10702,2167,1130,1037,17732,8982,8750,14125,7435,6690,17305,8773,8532,16768,8513,8255,3607,1547,2060,1750,689,1061,489,162,327,20,5,15,301,149,152,13051,13046,8423,2141,1266,943,229,33,11,4525,4286,239,692,2504,2232,921,728
52351411,0,,,10725,5015,5710,1135,571,564,9198,4221,4977,6550,3104,3446,8913,4079,4834,8716,3979,4737,2648,1117,1531,1416,557,859,438,156,282,23,6,17,88,39,49,5558,5553,2783,1329,712,582,121,21,5,2718,2562,156,368,1875,519,763,508
52351412,0,,,14650,6923,7727,1428,719,709,12625,5865,6760,8668,4221,4447,12293,5706,6587,11991,5558,6433,3957,1644,2313,2162,835,1327,612,195,417,35,5,30,128,63,65,7590,7588,3774,1893,987,692,196,34,12,3737,3485,252,441,2737,669,1051,750
52351413,0,,,15776,7214,8562,1647,830,817,13903,6276,7627,8709,4177,4532,13494,6055,7439,13152,5868,7284,5194,2099,3095,3049,1148,1901,948,268,680,71,13,58,398,181,217,7478,7471,3047,2309,1058,757,251,39,10,4373,4122,251,407,3633,184,1647,970
52351414,0,,,6187,3129,3058,744,387,357,5275,2665,2610,3534,1890,1644,5117,2586,2531,4978,2506,2472,1741,775,966,924,406,518,152,52,100,3,0,3,155,77,78,2940,2939,1265,774,439,313,119,19,10,1659,1560,99,218,1213,152,454,348
52351415,0,,,5049,2670,2379,635,330,305,4278,2266,2012,3239,1812,1427,4140,2199,1941,4005,2117,1888,1039,454,585,531,231,300,113,36,77,11,2,9,59,37,22,2400,2397,1093,548,352,299,81,20,4,1289,1200,89,182,695,299,226,192
52351416,0,,,2071,1036,1035,241,122,119,1798,899,899,1215,648,567,1726,862,864,1684,841,843,583,251,332,287,123,164,46,12,34,3,1,2,26,16,10,896,896,298,266,163,110,45,12,2,586,541,45,75,406,18,146,114
52351417,0,,,11834,5742,6092,1409,748,661,10195,4855,5340,6518,3286,3232,9832,4662,5170,9592,4533,5059,3677,1569,2108,2119,851,1268,602,202,400,48,11,37,151,72,79,4851,4839,1416,1578,871,694,216,39,25,3346,3122,224,367,2271,67,727,681
52351418,0,,,14615,7059,7556,1381,677,704,12927,6197,6730,8137,4126,4011,12526,5987,6539,12206,5824,6382,4790,2071,2719,2615,1074,1541,620,236,384,39,5,34,165,82,83,6432,6423,2063,2149,1172,740,226,54,19,4236,3933,303,368,3232,132,1058,918
52351419,0,,,13970,6639,7331,1238,631,607,12324,5767,6557,7905,3954,3951,11987,5593,6394,11683,5434,6249,4419,1813,2606,2536,973,1563,715,241,474,39,5,34,153,74,79,6708,6703,2714,2071,1021,653,194,40,10,3852,3563,289,356,3056,253,1176,837
52351420,0,,,10072,4901,5171,1274,655,619,7931,3772,4159,6024,2948,3076,7684,3641,4043,7295,3461,3834,1907,824,1083,911,373,538,269,96,173,26,5,21,266,122,144,5409,5406,3057,991,657,535,142,20,4,2312,2188,124,358,1299,981,446,412
52351421,0,,,12747,6242,6505,1745,879,866,10359,4983,5376,7618,3831,3787,10044,4823,5221,9665,4596,5069,2741,1152,1589,1517,594,923,561,167,394,63,7,56,180,89,91,5940,5933,2623,1399,906,768,201,26,10,3264,3094,170,555,1627,779,435,590
52351422,0,,,7199,3486,3713,915,462,453,6080,2907,3173,4030,2034,1996,5883,2797,3086,5736,2722,3014,2050,873,1177,1167,458,709,355,104,251,32,4,28,70,35,35,3212,3207,1218,872,513,456,125,21,2,1961,1800,161,245,1351,194,449,368
52351423,0,,,8083,3892,4191,657,330,327,7039,3361,3678,4431,2282,2149,6888,3297,3591,6701,3193,3508,2608,1079,1529,1554,611,943,429,137,292,23,0,23,100,34,66,4154,4149,2036,1092,565,335,106,14,1,2071,1935,136,198,1730,387,659,466
52351424,0,,,7919,3853,4066,858,451,407,6923,3342,3581,4369,2223,2146,6720,3245,3475,6558,3162,3396,2554,1119,1435,1396,589,807,353,129,224,27,5,22,108,48,60,3548,3546,1279,1081,612,400,143,20,11,2245,2098,147,230,1625,189,475,575
52351425,0,,,5404,2727,2677,631,311,320,4660,2365,2295,3339,1789,1550,4502,2286,2216,4365,2213,2152,1321,576,745,670,280,390,177,56,121,18,3,15,89,48,41,2333,2329,827,674,417,278,98,25,10,1476,1379,97,203,782,103,190,246
52351426,0,,,8036,3989,4047,1068,545,523,6882,3413,3469,4809,2471,2338,6584,3270,3314,6420,3180,3240,2073,942,1131,968,434,534,169,59,110,7,1,6,180,104,76,3398,3396,1131,944,611,480,168,42,20,2234,2059,175,276,1423,122,444,397
52351427,0,,,2316,1125,1191,240,127,113,2023,963,1060,1142,565,577,1959,929,1030,1910,900,1010,881,398,483,464,212,252,70,23,47,0,0,0,48,33,15,1056,1051,374,362,162,106,39,6,2,660,606,54,53,617,10,236,180
52351428,0,,,9225,4396,4829,923,492,431,8136,3819,4317,5216,2586,2630,7855,3671,4184,7624,3551,4073,2920,1233,1687,1574,623,951,407,132,275,44,5,39,120,71,49,3905,3895,1204,1322,675,504,135,49,6,2626,2446,180,207,1832,107,572,544
52351429,0,,,15632,7799,7833,1509,781,728,13557,6676,6881,8868,4612,4256,13138,6466,6672,12778,6260,6518,4689,2064,2625,2503,1026,1477,625,225,400,45,12,33,181,94,87,7091,7082,2614,2151,1189,821,239,56,12,4291,3990,301,390,3106,268,1047,879
52351430,0,,,14104,6590,7514,1922,970,952,11594,5287,6307,8438,3955,4483,11142,5063,6079,10727,4856,5871,3156,1332,1824,1580,621,959,460,155,305,42,9,33,188,92,96,6595,6595,2725,1677,1049,886,221,34,3,3833,3652,181,520,2175,538,747,736
52351431,0,,,15473,7582,7891,2613,1343,1270,12274,5896,6378,9968,4901,5067,11738,5604,6134,11181,5300,5881,2306,995,1311,1053,441,612,259,89,170,20,2,18,90,45,45,6469,6465,2202,1516,1202,1212,294,31,8,4219,4053,166,736,1519,603,408,537
52351432,0,,,13001,6210,6791,1700,890,810,10926,5110,5816,7293,3629,3664,10577,4925,5652,10345,4805,5540,3633,1481,2152,2094,786,1308,633,191,442,78,12,66,192,84,108,5882,5875,2423,1547,912,743,210,33,7,3411,3223,188,488,2282,364,910,656
52351433,0,,,8368,4080,4288,966,493,473,7015,3394,3621,5299,2686,2613,6885,3337,3548,6756,3273,3483,1716,708,1008,965,346,619,364,95,269,50,9,41,101,48,53,4249,4240,2129,1016,624,369,80,16,6,2079,1968,111,487,1011,533,345,286
52351434,0,,,9428,4557,4871,1396,717,679,7789,3736,4053,5879,2921,2958,7518,3600,3918,7327,3503,3824,1910,815,1095,1019,396,623,263,85,178,15,2,13,89,47,42,4198,4196,1558,1136,743,567,148,35,9,2586,2447,139,483,1307,194,478,325
52351435,0,,,3125,1545,1580,362,171,191,2705,1349,1356,1970,996,974,2615,1300,1315,2552,1263,1289,735,353,382,287,137,150,43,18,25,0,0,0,66,35,31,1358,1358,443,422,244,164,67,13,5,906,849,57,97,489,76,101,180
52351436,0,,,3376,1725,1651,401,210,191,2880,1475,1405,1915,1019,896,2777,1423,1354,2693,1376,1317,965,456,509,476,227,249,71,23,48,10,1,9,92,60,32,1507,1504,563,429,258,172,62,14,6,929,858,71,92,605,103,144,210
52351437,0,,,2690,1299,1391,237,129,108,2431,1162,1269,1324,672,652,2381,1137,1244,2337,1111,1226,1107,490,617,595,239,356,174,50,124,20,2,18,69,40,29,1085,1081,336,367,199,118,45,12,4,742,674,68,62,587,35,151,195
52351438,0,,,3655,1822,1833,466,240,226,3085,1526,1559,2073,1082,991,3000,1481,1519,2929,1446,1483,1012,444,568,520,217,303,128,33,95,17,3,14,51,30,21,1545,1542,532,425,282,209,74,17,3,974,890,84,128,638,56,192,178
52351439,0,,,12225,5895,6330,1271,623,648,10553,5052,5501,6998,3518,3480,10198,4860,5338,9944,4721,5223,3555,1534,2021,1665,672,993,371,116,255,34,6,28,119,61,58,5256,5252,1548,1769,1028,696,164,40,7,3598,3388,210,298,2290,96,624,764
52351440,0,,,15806,7497,8309,2981,1538,1443,12574,5808,6766,9420,4496,4924,12140,5585,6555,11854,5435,6419,3154,1312,1842,1682,672,1010,467,182,285,31,10,21,223,99,124,6459,6456,1797,1865,1335,1206,221,22,10,4613,4456,157,943,2170,171,768,738
52351441,0,,,12338,5907,6431,1902,1021,881,10308,4810,5498,7636,3619,4017,9823,4577,5246,9512,4398,5114,2672,1191,1481,1289,557,732,335,130,205,21,3,18,106,47,59,4864,4862,1141,1509,1046,890,234,30,12,3680,3553,127,453,1815,80,529,635
52351442,0,,,15472,7152,8320,1631,828,803,13642,6202,7440,8679,4024,4655,13182,5967,7215,12878,5806,7072,4963,2178,2785,2258,923,1335,606,202,404,67,13,54,126,65,61,6600,6594,1722,2447,1347,807,237,29,5,4818,4608,210,419,3207,73,912,1207
52351443,0,,,12478,6213,6265,1556,819,737,10430,5102,5328,7561,3851,3710,10042,4890,5152,9788,4780,5008,2869,1251,1618,1492,604,888,373,126,247,28,6,22,114,67,47,5949,5943,2567,1542,888,758,159,21,8,3328,3162,166,461,1965,369,715,576
52351444,0,,,14641,7079,7562,2096,1055,1041,12084,5819,6265,8820,4394,4426,11789,5673,6116,11488,5482,6006,3264,1425,1839,1702,678,1024,433,129,304,34,3,31,173,91,82,6913,6908,2936,1807,1077,838,210,31,9,3914,3744,170,693,2265,400,885,621
52351445,0,,,2246,1194,1052,398,208,190,1769,938,831,1462,805,657,1698,896,802,1670,877,793,307,133,174,139,49,90,57,14,43,8,1,7,52,21,31,974,972,402,227,141,138,44,18,2,547,514,33,120,188,75,40,65
52351446,0,,,515,270,245,67,33,34,446,236,210,317,170,147,433,226,207,428,221,207,129,66,63,51,21,30,18,6,12,1,0,1,10,5,5,211,211,64,55,43,36,10,3,0,142,124,18,19,87,8,23,24
52351447,0,,,3900,1997,1903,422,227,195,3425,1746,1679,2249,1190,1059,3315,1689,1626,3224,1643,1581,1176,556,620,499,234,265,93,28,65,8,1,7,80,44,36,1642,1641,536,472,298,217,86,25,7,1098,1021,77,78,768,52,209,244
52351448,0,,,387,200,187,36,21,15,351,179,172,214,112,102,342,173,169,328,166,162,137,67,70,57,30,27,6,2,4,0,0,0,3,2,1,151,151,30,58,34,17,4,5,3,120,111,9,9,87,1,21,31
52351449,0,,,7058,3355,3703,936,482,454,5964,2782,3182,4003,1963,2040,5791,2686,3105,5665,2626,3039,1961,819,1142,970,356,614,275,83,192,22,3,19,46,22,24,2991,2985,903,991,561,380,111,26,13,2028,1908,120,259,1260,54,400,395
52351450,0,,,14655,6464,8191,1933,988,945,12548,5374,7174,7840,3562,4278,12251,5228,7023,12064,5127,6937,4708,1812,2896,2782,992,1790,778,264,514,31,3,28,229,94,135,7262,7258,2980,2285,1092,748,132,17,4,4234,4089,145,612,3492,79,1679,984
52351451,0,,,9436,4190,5246,1017,525,492,8321,3606,4715,5114,2316,2798,8073,3487,4586,7882,3395,4487,3207,1290,1917,1784,679,1105,597,199,398,48,8,40,88,43,45,4046,4042,1073,1548,761,499,127,31,3,2945,2807,138,257,2147,10,757,720
52351452,0,,,12405,5916,6489,1592,821,771,10694,5017,5677,7218,3464,3754,10304,4813,5491,10041,4680,5361,3476,1553,1923,1633,761,872,341,138,203,25,4,21,77,34,43,5064,5061,1219,1713,1100,782,201,36,10,3815,3633,182,508,2252,110,590,864
52351453,0,,,16988,8074,8914,2816,1395,1421,13998,6571,7427,10589,5071,5518,13266,6192,7074,12831,5981,6850,3409,1500,1909,1685,692,993,531,169,362,52,10,42,101,58,43,6432,6427,1477,1799,1386,1427,304,31,3,4915,4727,188,675,2082,153,576,814
52351454,0,,,11987,5805,6182,1674,846,828,9983,4776,5207,7513,3728,3785,9640,4591,5049,9417,4474,4943,2470,1048,1422,1245,486,759,421,104,317,44,7,37,94,48,46,5273,5267,1965,1393,939,778,172,19,1,3243,3114,129,514,1489,284,506,451
52351455,0,,,12133,5952,6181,1651,871,780,10158,4900,5258,7621,3808,3813,9852,4737,5115,9602,4602,5000,2537,1092,1445,1300,505,795,369,105,264,32,5,27,262,106,156,5576,5571,2226,1496,894,719,190,41,5,3286,3081,205,516,1691,468,540,534
52351456,0,,,7932,3839,4093,1390,726,664,6413,3028,3385,5214,2554,2660,6149,2881,3268,5980,2802,3178,1199,474,725,600,193,407,264,55,209,46,6,40,138,48,90,3046,3039,798,830,669,548,156,30,8,2188,2086,102,473,652,135,145,203
52351457,0,,,2187,1052,1135,197,105,92,1970,935,1035,1138,581,557,1902,900,1002,1868,880,988,832,354,478,425,187,238,64,22,42,4,0,4,61,28,33,1027,1027,350,374,168,98,29,8,0,665,628,37,50,572,15,192,191
52351458,0,,,2983,1343,1640,225,110,115,2732,1216,1516,1304,672,632,2673,1186,1487,2634,1161,1473,1428,544,884,897,333,564,271,71,200,36,1,35,93,48,45,1326,1321,478,513,192,86,35,13,4,824,768,56,54,812,19,287,248
52351459,0,,,1571,753,818,196,99,97,1249,588,661,841,403,438,1209,569,640,1182,551,631,408,185,223,213,89,124,57,23,34,6,3,3,11,5,6,627,627,131,241,115,100,30,8,2,446,403,43,54,268,5,57,87
52351460,0,,,9177,4227,4950,1232,643,589,7891,3552,4339,5182,2432,2750,7650,3432,4218,7492,3354,4138,2709,1120,1589,1498,548,950,574,175,399,57,8,49,89,47,42,3766,3760,1115,1213,745,534,136,13,4,2629,2513,116,370,1525,143,479,552
52351461,0,,,12889,6097,6792,1897,981,916,10750,4972,5778,7485,3521,3964,10403,4797,5606,10182,4689,5493,3265,1451,1814,1521,643,878,405,148,257,32,12,20,104,54,50,5474,5469,1622,1736,1082,838,169,18,4,3824,3668,156,571,2079,198,580,817
52351462,0,,,3581,1753,1828,533,284,249,2967,1420,1547,2222,1091,1131,2869,1368,1501,2785,1329,1456,745,329,416,351,138,213,135,40,95,24,4,20,27,13,14,1446,1444,404,416,322,236,59,4,3,1030,987,43,178,425,101,90,168
52351463,0,,,9105,4474,4631,2512,1306,1206,6535,3127,3408,5180,2499,2681,6328,3005,3323,6191,2928,3263,1355,628,727,506,255,251,75,36,39,3,1,2,135,57,78,3144,3143,400,874,784,892,173,16,4,2723,2659,64,916,858,10,171,395
52351464,0,,,9266,4417,4849,1268,622,646,7774,3666,4108,5586,2670,2916,7475,3510,3965,7216,3377,3839,2188,996,1192,957,418,539,251,87,164,24,5,19,52,23,29,3875,3872,1177,1145,756,633,139,18,4,2671,2580,91,299,1336,198,336,556
52351465,0,,,16163,7702,8461,1792,950,842,13874,6474,7400,9689,4756,4933,13473,6263,7210,13059,6049,7010,4185,1718,2467,2212,844,1368,671,222,449,51,15,36,145,79,66,7773,7760,3292,2158,1203,844,222,30,11,4408,4166,242,575,2813,521,987,863
52351466,0,,,13756,6618,7138,1862,949,913,11644,5525,6119,8378,4054,4324,11233,5320,5913,10950,5182,5768,3266,1471,1795,1614,685,929,384,144,240,32,6,26,92,47,45,5748,5746,1585,1820,1221,848,217,40,15,4104,3890,214,579,2177,169,574,755
52351467,0,,,4140,2028,2112,624,319,305,3432,1660,1772,2497,1239,1258,3295,1586,1709,3202,1532,1670,935,421,514,435,188,247,94,30,64,10,2,8,38,21,17,1619,1618,389,490,362,260,93,19,5,1204,1129,75,200,604,26,144,211
52351468,0,,,1024,499,525,71,32,39,940,458,482,569,299,270,916,447,469,896,434,462,371,159,212,179,72,107,47,17,30,1,0,1,9,3,6,419,419,116,137,80,52,24,5,5,301,258,43,18,246,5,53,68
52351469,0,,,4273,1989,2284,447,214,233,3673,1697,1976,2310,1117,1193,3554,1627,1927,3474,1582,1892,1363,580,783,770,286,484,350,90,260,46,4,42,9,4,5,1508,1505,282,576,323,240,73,10,1,1149,1085,64,126,615,9,151,240
52351470,0,,,8821,3987,4834,1384,714,670,7392,3243,4149,4694,2175,2519,7154,3129,4025,7006,3044,3962,2698,1068,1630,1652,613,1039,463,194,269,12,2,10,140,62,78,3888,3887,1208,1292,688,556,125,15,3,2664,2578,86,377,1932,23,791,626
52351471,0,,,6154,2800,3354,949,502,447,5078,2224,2854,3630,1706,1924,4858,2130,2728,4734,2068,2666,1448,518,930,926,291,635,422,122,300,46,15,31,78,41,37,2410,2402,785,649,457,414,87,9,1,1608,1557,51,296,753,120,279,238
52351472,0,,,880,417,463,82,35,47,767,365,402,535,261,274,745,353,392,727,344,383,232,104,128,122,44,78,64,15,49,8,0,8,27,17,10,381,380,157,93,58,49,17,4,2,220,204,16,15,128,49,31,40
52351473,0,,,7945,3839,4106,1103,550,553,6699,3206,3493,4701,2288,2413,6451,3076,3375,6268,2968,3300,1998,918,1080,884,404,480,209,79,130,12,3,9,77,36,41,3220,3218,870,977,654,534,155,22,6,2330,2216,114,279,1272,153,300,513
52351474,0,,,12621,5934,6687,1681,821,860,10522,4879,5643,7622,3672,3950,10180,4693,5487,9893,4549,5344,2900,1207,1693,1414,557,857,426,138,288,33,11,22,92,50,42,5762,5756,2280,1534,948,783,176,25,10,3426,3277,149,452,1906,383,640,613
52351475,0,,,18211,8684,9527,2491,1250,1241,14862,6990,7872,11691,5611,6080,14300,6687,7613,13804,6447,7357,3171,1379,1792,1581,650,931,432,163,269,30,9,21,215,106,109,8782,8778,3996,1971,1372,1187,214,29,9,4715,4533,182,723,2186,898,758,676
52351476,0,,,16167,7718,8449,2219,1135,1084,13447,6297,7150,9753,4696,5057,13029,6092,6937,12750,5960,6790,3694,1601,2093,1953,781,1172,596,216,380,29,5,24,151,65,86,7583,7582,3150,1941,1207,1007,230,37,10,4388,4114,274,673,2521,562,875,771
52351477,0,,,7724,3813,3911,955,517,438,6650,3222,3428,4749,2378,2371,6432,3114,3318,6262,3028,3234,1901,844,1057,988,420,568,249,88,161,17,2,15,97,48,49,3229,3226,952,951,653,509,140,18,3,2244,2100,144,286,1277,78,373,395
52351478,0,,,5099,2426,2673,481,227,254,4572,2167,2405,2691,1341,1350,4458,2106,2352,4378,2066,2312,1881,826,1055,939,390,549,226,76,150,18,1,17,77,46,31,2220,2217,654,834,391,241,82,9,6,1540,1456,84,134,1173,50,352,404
52351479,0,,,1200,564,636,112,48,64,1081,510,571,568,297,271,1059,498,561,1037,485,552,513,213,300,327,117,210,162,46,116,19,1,18,6,5,1,411,409,97,129,90,51,34,5,3,305,253,52,30,242,5,57,71
52351480,0,,,10500,4684,5816,1031,555,476,9339,4048,5291,5622,2572,3050,9116,3931,5185,8936,3838,5098,3717,1476,2241,2233,836,1397,646,252,394,23,10,13,307,160,147,5113,5113,1887,1812,802,500,95,11,6,3195,3054,141,323,2679,77,1128,865
52351481,0,,,4842,2213,2629,838,440,398,3955,1741,2214,2582,1197,1385,3853,1683,2170,3783,1644,2139,1373,544,829,780,291,489,247,86,161,13,5,8,117,55,62,2050,2050,578,652,421,312,75,10,2,1461,1400,61,279,963,15,388,316
52351482,0,,,7171,3285,3886,812,414,398,6206,2791,3415,4273,1960,2313,5985,2671,3314,5817,2573,3244,1933,831,1102,1024,430,594,294,100,194,43,4,39,113,57,56,3049,3044,1067,881,511,454,107,22,2,1956,1845,111,195,1077,379,232,452
52351483,0,,,4747,2268,2479,622,333,289,4047,1884,2163,2562,1240,1322,3907,1805,2102,3807,1757,2050,1485,644,841,808,347,461,246,89,157,18,3,15,49,22,27,1962,1959,567,643,347,292,84,20,6,1382,1282,100,131,937,86,227,364
52351484,0,,,10683,5077,5606,1558,792,766,8794,4095,4699,6392,3079,3313,8450,3914,4536,8231,3817,4414,2402,1016,1386,1228,492,736,411,119,292,44,5,39,63,35,28,4694,4680,1753,1234,830,691,142,24,6,2887,2767,120,413,1462,310,442,496
52351485,0,,,15487,7588,7899,1957,994,963,12959,6267,6692,9660,4810,4850,12586,6088,6498,12298,5946,6352,3299,1457,1842,1722,702,1020,509,168,341,29,6,23,158,72,86,7482,7476,3411,1804,1096,884,237,36,8,3977,3737,240,556,2268,658,824,608
52351486,0,,,15497,7463,8034,1653,849,804,13214,6255,6959,9549,4663,4886,12881,6083,6798,12615,5953,6662,3665,1592,2073,1917,755,1162,553,198,355,34,6,28,160,74,86,8023,8018,3983,1959,1093,773,172,30,8,3940,3709,231,530,2605,639,1094,638
52351487,0,,,13435,6438,6997,1680,872,808,11570,5455,6115,7775,3773,4002,11157,5254,5903,10823,5085,5738,3795,1682,2113,1982,858,1124,549,218,331,42,12,30,90,33,57,5662,5656,1682,1727,1130,829,240,38,10,3921,3693,228,471,2489,105,768,848
52351488,0,,,11200,5369,5831,987,496,491,10047,4760,5287,5806,2911,2895,9805,4626,5179,9608,4532,5076,4241,1849,2392,2030,927,1103,383,152,231,24,2,22,103,51,52,5365,5365,1915,1929,865,485,141,23,7,3373,3231,142,269,2864,81,997,1009
52351489,0,,,2131,1025,1106,321,154,167,1769,843,926,1095,555,540,1700,807,893,1657,781,876,674,288,386,404,177,227,122,41,81,15,3,12,32,17,15,826,822,231,270,135,122,53,4,7,579,540,39,79,381,14,117,123
52351490,0,,,4235,2020,2215,627,326,301,3583,1680,1903,2556,1224,1332,3380,1573,1807,3252,1511,1741,1027,456,571,577,263,314,194,84,110,16,7,9,79,35,44,1568,1566,344,474,322,289,107,22,8,1213,1135,78,135,628,71,153,240
52351491,0,,,11253,5528,5725,1564,805,759,9535,4644,4891,7628,3803,3825,9205,4452,4753,8906,4295,4611,1907,841,1066,938,372,566,385,104,281,56,12,44,599,298,301,5143,5139,2249,1115,868,703,166,29,9,2862,2732,130,446,1063,1237,217,449
52351492,0,,,1943,944,999,127,62,65,1692,818,874,987,542,445,1660,804,856,1623,786,837,705,276,429,448,141,307,225,54,171,33,6,27,37,21,16,958,953,589,188,95,63,13,2,3,352,323,29,34,292,201,119,74
52351493,0,,,4444,2106,2338,662,347,315,3742,1731,2011,2107,1031,1076,3663,1692,1971,3615,1665,1950,1635,700,935,942,403,539,178,75,103,7,2,5,248,117,131,2040,2039,760,640,323,230,60,21,5,1272,1188,84,195,1134,40,484,331
52351494,0,,,5343,2652,2691,696,383,313,4586,2230,2356,3257,1654,1603,4425,2140,2285,4247,2030,2217,1329,576,753,685,304,381,140,49,91,12,0,12,44,23,21,2165,2162,596,676,415,351,101,16,7,1543,1437,106,189,854,83,197,298
52351495,0,,,5287,2609,2678,1086,555,531,4106,1995,2111,3238,1610,1628,3964,1916,2048,3876,1875,2001,868,385,483,421,161,260,134,28,106,12,0,12,56,27,29,2050,2046,598,512,404,395,122,9,6,1427,1359,68,380,481,108,130,151
52351496,0,,,15117,7219,7898,2036,1042,994,12665,5948,6717,9032,4416,4616,12304,5759,6545,12014,5630,6384,3633,1532,2101,1888,744,1144,517,176,341,29,5,24,129,59,70,7018,7015,2924,1828,1153,865,196,33,16,4034,3789,245,650,2471,415,896,686
52351497,0,,,12579,6015,6564,1367,682,685,10899,5137,5762,7072,3488,3584,10652,5018,5634,10440,4906,5534,3827,1649,2178,2043,839,1204,591,210,381,47,5,42,107,49,58,6024,6014,2493,1730,967,595,186,35,8,3422,3178,244,439,2600,224,970,731
52351498,0,,,15187,7158,8029,1815,904,911,13151,6116,7035,8641,4219,4422,12675,5862,6813,12350,5701,6649,4510,1897,2613,2605,1092,1513,613,237,376,33,7,26,133,57,76,6432,6424,1845,2111,1203,944,262,50,9,4490,4248,242,462,3026,85,933,963
52351499,0,,,9657,4505,5152,1282,639,643,8243,3787,4456,5165,2524,2641,7970,3655,4315,7789,3563,4226,3078,1263,1815,1720,684,1036,351,117,234,19,3,16,92,39,53,4242,4240,1383,1414,699,544,156,37,7,2794,2673,121,376,2091,59,745,626
52351500,0,,,7294,3619,3675,824,418,406,6226,3070,3156,4173,2174,1999,6048,2977,3071,5908,2897,3011,2053,896,1157,975,416,559,181,59,122,10,3,7,117,70,47,3265,3259,1128,1047,540,380,126,34,4,2045,1919,126,223,1353,145,401,439
52351501,0,,,5911,2818,3093,608,320,288,5155,2415,2740,3185,1607,1578,5007,2333,2674,4911,2283,2628,1970,808,1162,1101,402,699,345,96,249,38,5,33,53,26,27,2468,2462,685,929,456,279,89,19,5,1710,1596,114,186,1180,17,381,384
52351502,0,,,8811,4124,4687,954,488,466,7743,3566,4177,4914,2329,2585,7511,3465,4046,7344,3367,3977,2829,1237,1592,1215,536,679,223,77,146,11,2,9,57,21,36,3848,3847,1090,1390,733,478,135,18,3,2712,2585,127,254,1925,31,625,663
52351503,0,,,2686,1262,1424,292,155,137,2390,1105,1285,1211,572,639,2310,1065,1245,2251,1036,1215,1179,533,646,727,353,374,141,55,86,16,4,12,11,4,7,1023,1021,161,441,215,136,53,12,3,856,815,41,62,647,1,123,313
52351504,1,,52351505,1046,502,544,75,36,39,972,467,505,454,216,238,951,456,495,931,446,485,518,251,267,260,137,123,36,16,20,3,2,1,6,1,5,434,434,68,210,90,47,18,1,1,364,344,20,24,312,2,52,160
52351505,2,52351504,,4,2,2,*,*,*,*,*,*,*,*,*,*,*,*,*,*,*,*,*,*,*,*,*,*,*,*,*,*,*,*,*,*,1,1,*,*,*,*,*,*,*,*,*,*,*,*,*,*,*
52351507,0,,,463,211,252,25,17,8,438,194,244,213,105,108,433,192,241,429,190,239,225,89,136,112,36,76,29,5,24,2,0,2,2,1,1,191,191,45,74,34,25,10,3,0,146,112,34,7,147,0,35,43
52351508,1,,52351518,167,73,94,5,3,2,172,75,97,95,48,47,169,73,96,166,71,95,77,27,50,41,12,29,20,5,15,1,0,1,1,0,1,71,71,23,26,12,12,1,1,1,53,43,10,1,53,0,16,12
52351509,0,,,625,309,316,41,24,17,584,285,299,312,158,154,569,278,291,557,271,286,272,127,145,150,67,83,49,22,27,4,2,2,1,0,1,224,224,38,72,53,29,25,6,1,186,132,54,9,175,0,30,45
52351510,0,,,8186,4057,4129,952,499,453,6969,3386,3583,4756,2432,2324,6761,3274,3487,6582,3175,3407,2213,954,1259,1183,492,691,286,98,188,15,2,13,72,33,39,3561,3558,1135,1117,694,437,144,25,6,2341,2185,156,282,1466,141,427,457
52351511,0,,,4219,2046,2173,564,295,269,3588,1714,1874,2321,1144,1177,3486,1659,1827,3406,1615,1791,1267,570,697,667,290,377,194,70,124,14,3,11,35,18,17,1612,1606,312,594,326,272,78,19,5,1270,1184,86,141,782,16,168,286
52351512,0,,,1634,767,867,163,83,80,1468,683,785,930,483,447,1425,660,765,1396,643,753,538,200,338,388,122,266,184,50,134,32,6,26,39,36,3,513,507,150,150,96,85,25,1,0,355,329,26,47,150,41,41,46
52351513,0,,,6860,3254,3606,1008,523,485,5836,2724,3112,4064,1962,2102,5588,2594,2994,5408,2490,2918,1772,762,1010,930,370,560,242,67,175,29,4,25,31,19,12,2606,2599,573,798,580,487,125,26,10,2014,1882,132,280,1098,35,300,366
52351514,0,,,3067,1496,1571,447,224,223,2618,1271,1347,1732,869,863,2499,1198,1301,2428,1158,1270,886,402,484,480,226,254,74,31,43,3,0,3,18,13,5,1140,1139,172,413,257,211,73,11,2,964,905,59,105,540,23,97,250
52351515,0,,,299,141,158,35,24,11,264,117,147,152,71,81,258,115,143,252,111,141,112,46,66,61,26,35,15,5,10,3,0,3,5,3,2,119,119,27,39,29,13,11,0,0,92,87,5,11,73,0,19,25
52351516,0,,,35,17,18,7,3,4,28,14,14,11,5,6,28,14,14,28,14,14,17,9,8,9,6,3,2,1,1,0,0,0,1,1,0,16,16,4,9,0,2,1,0,0,12,11,1,3,11,0,3,7
52351517,0,,,58,26,32,2,1,1,56,25,31,22,10,12,55,25,30,54,24,30,34,15,19,14,6,8,4,1,3,0,0,0,0,0,0,25,25,1,18,4,1,1,0,0,24,23,1,1,20,0,1,11
52351518,2,52351508,,11,6,5,*,*,*,*,*,*,*,*,*,*,*,*,*,*,*,*,*,*,*,*,*,*,*,*,*,*,*,*,*,*,5,5,*,*,*,*,*,*,*,*,*,*,*,*,*,*,*
52351519,0,,,20,9,11,0,0,0,20,9,11,14,7,7,20,9,11,20,9,11,6,2,4,5,1,4,3,0,3,0,0,0,0,0,0,7,7,2,1,2,1,0,1,0,5,2,3,0,5,0,1,1
52351520,0,,,11766,5771,5995,1693,839,854,9782,4767,5015,6927,3522,3405,9504,4629,4875,9278,4508,4770,2855,1245,1610,1370,554,816,358,117,241,34,8,26,95,49,46,4948,4944,1407,1608,996,694,182,36,21,3437,3278,159,653,1867,217,516,613
52351521,0,,,11932,5552,6380,969,519,450,10822,4952,5870,5973,2879,3094,10556,4823,5733,10355,4713,5642,4849,2073,2776,2615,1052,1563,554,203,351,30,5,25,124,57,67,5785,5781,2142,2080,906,505,123,17,8,3586,3448,138,248,3367,38,1380,1026
52351522,0,,,4795,2300,2495,723,382,341,4018,1886,2132,2862,1394,1468,3839,1798,2041,3740,1740,2000,1156,492,664,481,184,297,99,30,69,5,1,4,28,12,16,1812,1810,372,621,354,329,109,17,8,1419,1340,79,132,741,16,165,286
52351523,0,,,4858,2355,2503,659,343,316,4192,2007,2185,2912,1441,1471,4021,1929,2092,3922,1880,2042,1280,566,714,660,278,382,212,71,141,28,9,19,25,10,15,1908,1901,495,568,400,343,79,12,4,1391,1315,76,190,737,47,188,256
52351524,0,,,7756,3655,4101,1045,521,524,6638,3105,3533,4544,2189,2355,6353,2977,3376,6178,2882,3296,2094,916,1178,1114,485,629,239,87,152,23,3,20,38,19,19,3090,3086,783,987,646,501,138,27,4,2282,2175,107,278,1370,51,419,473
52351525,0,,,1533,727,806,155,85,70,1376,641,735,791,382,409,1335,623,712,1317,613,704,585,259,326,355,160,195,92,43,49,2,0,2,7,7,0,636,636,143,244,135,80,27,7,0,491,462,29,46,379,1,103,139
52351526,0,,,137,58,79,11,6,5,126,52,74,57,28,29,123,50,73,123,50,73,69,24,45,49,15,34,29,6,23,6,3,3,1,1,0,54,53,18,21,7,5,2,0,0,35,35,0,4,29,0,12,14
52351527,0,,,307,147,160,11,6,5,296,141,155,143,71,72,291,137,154,288,135,153,153,70,83,84,38,46,20,9,11,3,1,2,6,2,4,139,139,36,67,24,3,6,2,1,103,90,13,1,96,0,23,45
52351528,0,,,103,42,61,8,1,7,95,41,54,62,27,35,93,41,52,91,40,51,33,14,19,17,6,11,8,4,4,0,0,0,2,1,1,34,34,5,11,6,7,2,2,1,29,20,9,1,23,0,4,3
52351530,0,,,14583,6986,7597,1665,851,814,12329,5812,6517,8259,4079,4180,12009,5649,6360,11758,5518,6240,4070,1733,2337,2133,844,1289,550,176,374,49,7,42,150,70,80,6623,6617,2309,2180,1096,797,179,44,12,4077,3810,267,482,2774,215,963,770
52351531,0,,,10132,4726,5406,1255,654,601,8751,4000,4751,5435,2592,2843,8410,3824,4586,8231,3743,4488,3316,1408,1908,1771,720,1051,569,193,376,57,16,41,59,33,26,4058,4053,936,1459,812,627,175,33,11,3065,2897,168,295,2103,38,586,759
52351532,0,,,7679,3555,4124,879,441,438,6587,2993,3594,3962,1867,2095,6390,2887,3503,6255,2818,3437,2625,1126,1499,1420,575,845,456,140,316,43,7,36,63,28,35,3100,3095,818,1060,616,448,124,20,9,2223,2071,152,242,1580,11,455,547
52351533,0,,,4306,2036,2270,664,319,345,3547,1673,1874,2442,1195,1247,3363,1577,1786,3256,1521,1735,1105,478,627,543,226,317,150,40,110,22,1,21,24,8,16,1562,1560,284,521,290,341,100,20,4,1241,1162,79,122,660,17,147,249
52351534,0,,,5907,2783,3124,765,390,375,5137,2391,2746,3325,1601,1724,4961,2300,2661,4831,2245,2586,1812,790,1022,1075,467,608,297,113,184,26,6,20,17,7,10,2374,2367,534,865,508,354,89,15,2,1819,1728,91,242,1064,53,258,447
52351535,0,,,1636,786,850,232,115,117,1403,670,733,912,447,465,1347,645,702,1318,625,693,491,223,268,249,118,131,61,28,33,4,1,3,9,6,3,634,634,123,220,147,99,36,7,2,509,478,31,61,313,3,69,122
52351536,0,,,9,5,4,0,0,0,9,5,4,3,2,1,9,5,4,9,5,4,6,3,3,3,1,2,2,1,1,0,0,0,0,0,0,5,5,1,4,0,0,0,0,0,4,4,0,0,4,0,1,2
52351537,2,52351547,,6,3,3,*,*,*,*,*,*,*,*,*,*,*,*,*,*,*,*,*,*,*,*,*,*,*,*,*,*,*,*,*,*,3,3,*,*,*,*,*,*,*,*,*,*,*,*,*,*,*
52351538,0,,,85,32,53,2,2,0,83,30,53,50,17,33,79,29,50,78,28,50,33,13,20,13,5,8,7,1,6,0,0,0,0,0,0,27,27,0,11,7,3,6,0,0,27,18,9,0,20,0,0,5
52351539,1,,52351549,135,66,69,12,5,7,125,62,63,62,32,30,122,61,61,122,61,61,63,30,33,26,12,14,10,3,7,1,0,1,0,0,0,52,52,12,15,12,11,3,0,0,41,28,13,5,37,1,9,8
52351540,0,,,19158,9004,10154,2352,1224,1128,15830,7234,8596,11305,5395,5910,15352,6999,8353,15048,6859,8189,4525,1839,2686,2284,822,1462,746,209,537,67,11,56,208,81,127,9058,9049,3551,2808,1391,1033,227,36,3,5229,4973,256,736,3049,347,1140,855
52351541,0,,,10020,4795,5225,1517,787,730,8206,3854,4352,5672,2755,2917,7908,3709,4199,7652,3582,4070,2534,1099,1435,1313,546,767,368,131,237,35,9,26,53,24,29,4181,4181,1170,1328,793,669,195,19,7,2888,2757,131,384,1735,114,579,586
52351542,0,,,11528,5331,6197,1304,644,660,9795,4470,5325,6145,2872,3273,9466,4300,5166,9253,4191,5062,3650,1598,2052,1978,818,1160,591,239,352,42,10,32,36,14,22,4690,4687,1060,1764,951,673,190,43,6,3446,3228,218,313,2335,27,640,865
52351543,0,,,9644,4528,5116,1012,512,500,8434,3914,4520,5441,2600,2841,8142,3774,4368,7910,3664,4246,2993,1314,1679,1515,660,855,328,132,196,18,2,16,88,40,48,4116,4112,1139,1461,756,568,157,25,6,2895,2715,180,234,2032,60,641,686
52351544,0,,,9223,4351,4872,1048,511,537,8151,3828,4323,5521,2691,2830,7907,3708,4199,7715,3611,4104,2630,1137,1493,1411,562,849,451,157,294,40,4,36,63,36,27,3700,3696,931,1179,807,601,134,39,5,2744,2550,194,325,1668,71,484,532
52351545,0,,,2095,1046,1049,285,156,129,1810,890,920,1180,636,544,1615,738,877,1539,691,848,630,254,376,365,133,232,148,36,112,23,3,20,9,2,7,641,634,107,221,133,115,44,9,5,526,485,41,79,318,2,75,117
52351546,0,,,119,53,66,22,11,11,97,42,55,75,28,47,90,41,49,88,41,47,22,14,8,9,6,3,2,2,0,1,1,0,1,0,1,43,43,7,14,10,8,2,2,0,36,35,1,4,14,0,3,6
52351547,1,,52351537,6,3,3,0,0,0,12,6,6,5,3,2,12,6,6,12,6,6,7,3,4,2,0,2,1,0,1,0,0,0,0,0,0,2,2,0,4,0,1,0,0,0,5,4,1,0,5,0,0,3
52351548,0,,,105,51,54,10,5,5,93,45,48,48,23,25,91,44,47,90,44,46,45,22,23,18,9,9,6,2,4,1,0,1,0,0,0,43,43,9,18,6,8,2,0,0,33,27,6,2,26,0,6,12
52351549,2,52351539,,2,1,1,*,*,*,*,*,*,*,*,*,*,*,*,*,*,*,*,*,*,*,*,*,*,*,*,*,*,*,*,*,*,1,1,*,*,*,*,*,*,*,*,*,*,*,*,*,*,*
52351550,0,,,9591,4547,5044,1185,616,569,7819,3639,4180,5387,2608,2779,7558,3506,4052,7355,3401,3954,2432,1031,1401,1260,511,749,345,116,229,25,5,20,42,15,27,4169,4167,1343,1305,764,577,143,28,7,2673,2492,181,339,1605,100,498,489
52351551,0,,,11380,5333,6047,1520,797,723,9560,4381,5179,6270,2967,3303,9235,4207,5028,8978,4087,4891,3290,1414,1876,1582,650,932,423,108,315,33,3,30,56,27,29,4479,4470,940,1608,932,775,175,35,5,3448,3303,145,329,2022,27,509,802
52351552,0,,,10625,4889,5736,1485,768,717,8690,3893,4797,5968,2782,3186,8289,3706,4583,8030,3587,4443,2722,1111,1611,1455,553,902,456,127,329,38,5,33,54,27,27,4216,4215,953,1479,814,740,190,31,8,3083,2910,173,370,1760,25,500,608
52351553,0,,,8340,3880,4460,774,395,379,7369,3391,3978,4232,2069,2163,7167,3280,3887,7034,3212,3822,3137,1322,1815,1713,706,1007,381,146,235,15,5,10,119,63,56,3975,3971,1392,1476,602,376,108,12,5,2506,2396,110,194,2194,54,803,711
52351554,0,,,8814,4237,4577,1203,610,593,7585,3614,3971,5367,2607,2760,7325,3486,3839,7110,3393,3717,2218,1007,1211,1093,487,606,226,73,153,27,4,23,82,38,44,3358,3354,695,1080,743,626,175,31,4,2634,2472,162,329,1397,46,321,496
52351555,0,,,5510,2700,2810,799,403,396,4681,2284,2397,3202,1598,1604,4501,2192,2309,4386,2136,2250,1479,686,793,709,325,384,136,52,84,10,4,6,33,20,13,2152,2150,488,695,435,391,105,26,10,1651,1545,106,229,955,35,222,358
52351556,0,,,2124,1062,1062,362,192,170,1742,860,882,1271,649,622,1667,812,855,1622,789,833,471,211,260,247,110,137,69,21,48,8,1,7,23,7,16,783,781,147,262,149,163,52,6,2,618,586,32,85,276,13,52,117
52351558,0,,,1620,812,808,163,88,75,1374,678,696,738,364,374,1328,654,674,1308,643,665,636,314,322,246,126,120,43,19,24,3,0,3,3,1,2,657,657,123,279,134,83,27,8,3,514,476,38,41,390,2,66,171
52351559,0,,,269,140,129,24,13,11,178,94,84,145,78,67,165,88,77,162,87,75,33,16,17,8,3,5,2,1,1,0,0,0,11,7,4,114,114,37,37,14,17,7,1,1,59,52,7,7,25,4,4,6
52351560,0,,,14354,6922,7432,1815,944,871,11774,5584,6190,8053,3950,4103,11333,5331,6002,11027,5180,5847,3721,1634,2087,1829,788,1041,445,150,295,38,8,30,80,40,40,5897,5892,1542,1991,1150,924,231,47,7,4110,3866,244,499,2379,102,663,809
52351561,0,,,10088,4672,5416,1593,761,832,8228,3781,4447,6043,2825,3218,7904,3616,4288,7673,3498,4175,2185,956,1229,1056,428,628,321,116,205,16,4,12,65,27,38,3938,3937,855,1280,847,738,184,28,5,2989,2865,124,409,1427,73,371,543
52351562,0,,,7118,3303,3815,748,343,405,5827,2673,3154,3716,1761,1955,5655,2579,3076,5527,2516,3011,2111,912,1199,1066,445,621,313,103,210,27,5,22,55,27,28,3141,3138,1060,1017,534,385,117,20,5,1954,1832,122,205,1316,56,367,440
52351563,0,,,9002,4272,4730,878,446,432,7168,3348,3820,4585,2209,2376,6941,3231,3710,6778,3154,3624,2583,1139,1444,1333,574,759,371,121,250,40,7,33,72,42,30,3985,3976,1347,1323,675,453,141,31,6,2374,2241,133,254,1615,44,532,530
52351564,0,,,740,377,363,63,29,34,626,321,305,409,226,183,596,306,290,587,301,286,217,95,122,105,45,60,26,6,20,5,1,4,19,11,8,312,311,114,73,62,37,22,3,0,192,170,22,13,133,11,25,40
52351565,0,,,8312,3947,4365,855,430,425,6856,3209,3647,4657,2295,2362,6601,3080,3521,6389,2972,3417,2199,914,1285,1175,441,734,356,89,267,36,7,29,66,45,21,3610,3602,1207,1149,640,452,121,25,8,2245,2119,126,208,1304,161,333,443
52351566,0,,,5094,2441,2653,911,452,459,3915,1853,2062,2884,1392,1492,3721,1750,1971,3609,1691,1918,1031,461,570,455,197,258,118,36,82,9,2,7,22,9,13,1814,1812,307,547,389,411,115,32,11,1407,1296,111,179,657,17,141,222
52351567,0,,,178,80,98,23,11,12,139,62,77,73,29,44,138,61,77,137,61,76,66,33,33,28,14,14,4,2,2,0,0,0,0,0,0,81,81,22,37,13,6,0,2,1,55,52,3,7,43,2,8,21
52351568,0,,,2356,1170,1186,237,125,112,1932,949,983,1147,600,547,1864,921,943,1827,898,929,785,349,436,347,151,196,109,28,81,18,2,16,39,24,15,975,973,288,327,168,128,49,12,1,652,599,53,50,462,17,103,168
52351570,0,,,4724,2332,2392,528,278,250,3841,1873,1968,2993,1488,1505,3633,1766,1867,3507,1698,1809,848,385,463,384,164,220,100,30,70,6,2,4,44,21,23,2047,2046,670,600,374,320,70,8,4,1271,1217,54,134,566,78,170,189
52351571,0,,,10365,4779,5586,1251,612,639,7993,3571,4422,5797,2672,3125,7768,3449,4319,7614,3386,4228,2196,899,1297,1186,445,741,431,127,304,49,13,36,93,38,55,5073,5065,2307,1317,743,546,112,30,10,2545,2399,146,414,1403,373,501,403
52351572,0,,,9361,4527,4834,838,437,401,7308,3447,3861,4998,2438,2560,7173,3378,3795,7035,3314,3721,2310,1009,1301,1196,494,702,285,115,170,21,6,15,87,43,44,4832,4827,2362,1317,641,399,92,12,4,2257,2132,125,285,1533,380,512,473
52351573,0,,,8992,4376,4616,851,431,420,7198,3454,3744,4692,2341,2351,7003,3344,3659,6810,3243,3567,2506,1113,1393,1177,503,674,271,87,184,21,4,17,84,44,40,4061,4056,1434,1275,686,518,119,18,6,2433,2270,163,251,1588,144,410,573
52351574,0,,,2358,1179,1179,151,68,83,1919,963,956,1263,658,605,1885,940,945,1851,925,926,656,305,351,274,115,159,54,18,36,2,0,2,67,32,35,1139,1139,472,338,178,103,30,13,5,617,559,58,41,448,33,122,141
52351575,0,,,2981,1417,1564,336,167,169,2363,1111,1252,1414,699,715,2288,1074,1214,2242,1055,1187,949,412,537,451,195,256,127,45,82,14,1,13,26,13,13,1287,1283,447,396,207,177,43,10,3,760,711,49,59,565,27,175,183
52351576,0,,,4965,2365,2600,711,338,373,3932,1872,2060,2842,1431,1411,3758,1781,1977,3660,1728,1932,1090,441,649,566,204,362,222,60,162,38,3,35,22,9,13,1586,1577,375,428,284,347,116,25,2,1121,1042,79,125,487,29,121,158
52351577,0,,,3487,1686,1801,379,192,187,2820,1349,1471,1751,865,886,2719,1306,1413,2643,1270,1373,1069,484,585,525,241,284,138,56,82,11,1,10,24,14,10,1407,1403,355,487,250,220,68,17,6,988,919,69,83,649,22,121,273
52351578,0,,,1305,623,682,86,44,42,1130,534,596,540,257,283,1112,522,590,1097,514,583,590,277,313,295,148,147,46,20,26,1,0,1,4,1,3,541,538,113,243,106,51,17,8,0,398,371,27,18,329,1,55,149
52351580,0,,,7555,3626,3929,1038,524,514,6435,3055,3380,4340,2184,2156,6171,2905,3266,5999,2816,3183,2095,871,1224,1154,444,710,351,94,257,36,2,34,55,20,35,2844,2837,661,896,575,515,142,38,10,2150,2005,145,268,1171,78,265,414
52351581,0,,,3458,1680,1778,523,268,255,2507,1195,1312,1878,917,961,2417,1148,1269,2368,1124,1244,629,278,351,288,117,171,65,15,50,7,0,7,33,15,18,1696,1694,780,412,231,213,52,4,2,847,802,45,109,416,115,128,141
52351582,0,,,10895,5331,5564,1185,605,580,8740,4171,4569,6162,3079,3083,8486,4036,4450,8260,3926,4334,2578,1092,1486,1448,595,853,384,140,244,20,7,13,82,38,44,5414,5413,2447,1423,802,563,154,21,3,2855,2692,163,382,1767,350,564,570
52351583,0,,,10854,5141,5713,911,438,473,8361,3881,4480,5336,2531,2805,8141,3777,4364,7864,3674,4190,3025,1350,1675,1547,657,890,407,137,270,28,5,23,146,76,70,5471,5459,2729,1272,754,543,114,33,14,2590,2407,183,245,1871,382,529,584
52351584,0,,,2819,1376,1443,221,108,113,2241,1095,1146,1417,726,691,2175,1065,1110,2123,1045,1078,824,369,455,378,159,219,88,32,56,9,1,8,12,9,3,1276,1273,484,380,238,129,36,4,2,746,698,48,71,506,28,129,168
52351585,0,,,4843,2310,2533,556,276,280,4005,1882,2123,2572,1234,1338,3837,1801,2036,3725,1745,1980,1433,648,785,764,350,414,168,71,97,9,2,7,28,11,17,2000,1999,514,706,369,311,82,17,0,1388,1322,66,115,920,25,256,348
52351586,0,,,11614,5525,6089,1568,789,779,9343,4379,4964,6420,3054,3366,9030,4229,4801,8814,4116,4698,2923,1325,1598,1350,590,760,347,122,225,35,4,31,60,20,40,4678,4667,1145,1540,999,756,192,28,7,3333,3155,178,488,1788,62,425,688
52351587,0,,,6705,3209,3496,827,415,412,5581,2642,2939,3337,1658,1679,5360,2523,2837,5238,2447,2791,2244,984,1260,1232,525,707,356,127,229,23,5,18,26,13,13,2586,2582,532,959,529,377,151,30,4,1968,1852,116,202,1310,17,280,562
52351588,0,,,34,16,18,0,0,0,30,15,15,16,9,7,29,14,15,29,14,15,14,6,8,9,4,5,1,0,1,0,0,0,0,0,0,15,15,5,5,2,2,1,0,0,9,7,2,0,8,0,2,4
52351589,0,,,473,215,258,77,37,40,395,177,218,322,144,178,361,162,199,337,153,184,73,33,40,19,9,10,3,0,3,2,0,2,1,0,1,154,154,18,37,31,54,12,2,0,136,129,7,8,46,1,8,18
52351590,0,,,11660,5578,6082,1630,831,799,9916,4677,5239,6305,3139,3166,9571,4491,5080,9327,4370,4957,3611,1538,2073,2045,869,1176,476,166,310,31,6,25,88,42,46,4652,4645,1198,1506,851,796,241,39,14,3401,3152,249,409,2331,57,684,781
52351591,0,,,1560,749,811,156,88,68,1371,643,728,849,420,429,1316,607,709,1288,590,698,522,223,299,311,132,179,69,28,41,3,0,3,15,12,3,644,644,162,234,126,73,39,6,4,471,440,31,36,345,6,90,131
52351592,0,,,11899,5686,6213,1199,608,591,9488,4438,5050,6198,3072,3126,9263,4315,4948,9058,4209,4849,3290,1366,1924,1829,706,1123,596,185,411,65,8,57,96,44,52,5928,5921,2777,1599,809,568,137,25,6,2949,2812,137,367,2064,445,734,615
52351593,0,,,4866,2300,2566,470,245,225,3791,1751,2040,2408,1153,1255,3719,1712,2007,3612,1673,1939,1383,598,785,743,317,426,210,66,144,17,1,16,43,14,29,2326,2322,1016,625,352,257,55,11,6,1230,1146,84,137,858,136,229,280
52351594,0,,,7224,3364,3860,635,320,315,5688,2570,3118,3183,1532,1651,5566,2500,3066,5455,2443,3012,2505,1038,1467,1286,524,762,304,97,207,25,6,19,148,70,78,3516,3509,1450,1148,517,288,82,17,7,1865,1773,92,164,1649,67,612,499
52351595,0,,,8400,3965,4435,884,432,452,6846,3185,3661,4602,2175,2427,6596,3054,3542,6385,2945,3440,2244,1010,1234,1046,443,603,276,72,204,32,4,28,76,30,46,3340,3336,864,1101,673,521,135,38,4,2294,2187,107,180,1312,47,336,486
52351596,0,,,10991,5331,5660,1322,673,649,8844,4244,4600,6306,3072,3234,8489,4061,4428,8244,3935,4309,2538,1172,1366,1119,520,599,246,78,168,22,2,20,57,27,30,4376,4375,992,1455,952,740,200,29,7,3143,2955,188,387,1594,84,326,633
52351597,0,,,4147,1991,2156,665,337,328,3402,1604,1798,2615,1249,1366,3210,1521,1689,3106,1464,1642,787,355,432,438,193,245,101,41,60,9,2,7,21,12,9,1556,1555,312,466,354,324,86,10,3,1222,1173,49,165,489,53,114,200
52351598,0,,,4605,2161,2444,464,257,207,4114,1887,2227,2698,1221,1477,3958,1814,2144,3839,1750,2089,1416,666,750,641,296,345,151,67,84,10,2,8,13,5,8,1781,1781,264,729,383,306,86,11,2,1504,1416,88,98,904,5,180,422
52351599,0,,,7945,3830,4115,1108,538,570,6813,3277,3536,4023,1984,2039,6541,3141,3400,6359,3050,3309,2790,1293,1497,1277,668,609,209,85,124,11,2,9,50,33,17,2995,2994,507,1145,631,512,166,29,4,2471,2341,130,233,1620,27,312,780
52351600,0,,,38,19,19,5,3,2,33,16,17,17,9,8,30,15,15,30,15,15,16,7,9,9,3,6,1,0,1,0,0,0,1,0,1,13,13,3,2,4,2,1,1,0,10,7,3,0,9,0,3,1
52351601,0,,,1076,530,546,451,220,231,625,310,315,599,295,304,609,298,311,601,291,310,26,15,11,6,4,2,2,1,1,0,0,0,13,6,7,297,297,8,28,77,144,35,5,0,289,286,3,137,18,0,2,8
52351602,0,,,4146,1982,2164,462,241,221,3684,1741,1943,3044,1442,1602,3463,1631,1832,3287,1538,1749,640,299,341,284,130,154,74,31,43,5,1,4,31,14,17,1399,1398,142,387,385,365,103,13,3,1249,1180,69,76,409,7,74,161
52351603,0,,,2891,1368,1523,441,217,224,2429,1142,1287,1610,778,832,2350,1107,1243,2300,1084,1216,819,364,455,435,185,250,109,32,77,12,1,11,18,7,11,1136,1136,266,382,211,197,58,12,10,865,774,91,132,518,38,101,203
52351604,0,,,348,163,185,32,17,15,312,144,168,182,89,93,298,136,162,293,133,160,130,55,75,57,21,36,11,4,7,1,0,1,8,6,2,143,143,28,65,24,14,11,0,1,110,101,9,5,82,1,16,35
52351605,0,,,1260,562,698,103,56,47,1148,500,648,617,295,322,1124,484,640,1101,474,627,531,205,326,345,128,217,146,39,107,17,2,15,8,3,5,448,444,97,150,90,63,27,14,3,344,268,76,15,285,6,50,88
52351607,1,,52351617,36,15,21,3,1,2,41,19,22,22,13,9,41,19,22,41,19,22,19,6,13,10,3,7,5,1,4,0,0,0,0,0,0,13,13,1,8,2,0,3,1,0,13,7,6,1,12,0,1,2
52351608,0,,,265,143,122,19,13,6,242,127,115,157,88,69,236,123,113,232,121,111,85,39,46,45,21,24,15,7,8,0,0,0,21,21,0,119,119,44,34,18,17,5,1,0,75,62,13,5,56,7,13,18
52351609,0,,,3455,1629,1826,456,268,188,2932,1329,1603,1992,954,1038,2795,1267,1528,2707,1216,1491,940,375,565,515,182,333,194,49,145,24,0,24,31,22,9,1403,1399,438,406,249,206,71,22,7,953,885,68,105,584,17,199,183
52351612,0,,,1130,521,609,211,131,80,912,388,524,501,236,265,872,367,505,862,363,499,411,152,259,245,79,166,112,18,94,20,1,19,4,2,2,387,384,102,122,68,68,15,7,2,282,250,32,32,194,9,51,78
52351613,0,,,3171,1535,1636,416,228,188,2706,1284,1422,1837,902,935,2620,1239,1381,2562,1211,1351,869,382,487,449,208,241,111,40,71,16,2,14,29,16,13,1394,1392,496,402,236,188,51,13,6,887,804,83,120,549,100,144,184
52351614,0,,,593,291,302,53,31,22,540,260,280,348,185,163,523,250,273,509,242,267,192,75,117,110,39,71,28,8,20,1,0,1,0,0,0,243,243,72,73,45,30,18,5,0,170,139,31,13,137,0,45,33
52351615,0,,,609,265,344,82,39,43,525,225,300,318,137,181,501,211,290,491,210,281,207,88,119,89,32,57,34,6,28,3,0,3,3,2,1,215,215,41,71,45,23,22,6,7,174,133,41,15,129,2,24,34
52351616,0,,,70,26,44,6,1,5,64,25,39,30,12,18,62,25,37,60,25,35,34,13,21,15,3,12,7,3,4,0,0,0,0,0,0,29,29,7,11,7,3,0,0,1,22,19,3,0,23,0,5,6
52351617,2,52351607,,8,5,3,*,*,*,*,*,*,*,*,*,*,*,*,*,*,*,*,*,*,*,*,*,*,*,*,*,*,*,*,*,*,2,2,*,*,*,*,*,*,*,*,*,*,*,*,*,*,*
52351618,0,,,314,145,169,23,13,10,290,132,158,135,65,70,284,129,155,282,129,153,155,67,88,77,30,47,34,12,22,2,0,2,0,0,0,127,127,27,52,24,13,9,1,1,100,75,25,4,98,0,19,32
52351619,0,,,365,171,194,20,12,8,344,159,185,179,83,96,340,156,184,338,156,182,165,76,89,86,33,53,33,8,25,5,1,4,4,2,2,152,152,37,60,20,28,6,1,0,113,84,29,3,111,0,31,34
52351620,2,52351621,,5,1,4,*,*,*,*,*,*,*,*,*,*,*,*,*,*,*,*,*,*,*,*,*,*,*,*,*,*,*,*,*,*,1,1,*,*,*,*,*,*,*,*,*,*,*,*,*,*,*
52351621,1,,52351620,58,36,22,0,0,0,63,37,26,41,28,13,62,37,25,59,34,25,22,9,13,12,5,7,3,2,1,0,0,0,11,4,7,15,13,2,6,2,2,1,1,0,12,8,4,0,14,0,2,4
52351622,0,,,373,158,215,35,13,22,338,145,193,156,70,86,327,144,183,321,140,181,182,75,107,119,47,72,56,17,39,6,0,6,5,3,2,121,120,25,38,21,20,9,5,2,94,68,26,7,92,0,22,23
52351623,0,,,284,134,150,20,13,7,264,121,143,154,74,80,256,117,139,249,115,134,110,47,63,58,24,34,19,8,11,2,0,2,0,0,0,106,106,19,41,18,16,9,1,2,86,69,17,8,71,0,14,19
52351624,0,,,804,399,405,95,46,49,707,352,355,446,227,219,683,341,342,661,327,334,261,125,136,126,58,68,41,20,21,2,1,1,3,3,0,296,296,51,108,53,53,21,9,1,245,212,33,16,169,3,28,60
52351625,0,,,1461,704,757,213,122,91,1237,579,658,838,407,431,1179,553,626,1138,535,603,399,172,227,203,84,119,45,12,33,8,1,7,11,8,3,542,541,108,184,109,79,41,15,5,428,380,48,38,258,8,51,83
52351626,0,,,31,16,15,1,1,0,30,15,15,15,7,8,29,14,15,28,13,15,15,8,7,9,5,4,4,1,3,0,0,0,0,0,0,15,15,6,6,0,2,1,0,0,9,7,2,0,10,0,5,4
52351628,0,,,112,55,57,15,10,5,95,44,51,33,14,19,94,43,51,94,43,51,62,30,32,37,17,20,10,3,7,0,0,0,0,0,0,51,51,16,20,7,5,3,0,0,35,31,4,4,39,0,13,13
52351629,0,,,366,166,200,25,11,14,340,155,185,172,77,95,333,153,180,325,151,174,168,78,90,88,39,49,39,17,22,4,0,4,1,1,0,136,136,21,58,24,18,10,2,3,115,89,26,4,105,1,15,36
52351630,0,,,64,33,31,10,6,4,52,26,26,34,18,16,50,25,25,49,25,24,18,8,10,8,3,5,2,1,1,0,0,0,1,0,1,23,23,6,6,3,5,1,2,0,16,13,3,3,14,0,3,3
52351631,0,,,15,6,9,0,0,0,15,6,9,8,2,6,15,6,9,14,6,8,7,4,3,3,0,3,2,0,2,0,0,0,9,2,7,7,7,2,3,1,1,0,0,0,5,5,0,0,5,0,1,1
52351632,0,,,848,429,419,103,54,49,727,366,361,484,248,236,703,354,349,686,345,341,243,118,125,110,58,52,26,12,14,1,0,1,6,3,3,369,368,108,124,71,51,12,2,0,251,237,14,27,166,17,46,59
52351633,0,,,3360,1648,1712,489,257,232,2859,1384,1475,1862,934,928,2749,1328,1421,2692,1295,1397,997,450,547,434,191,243,109,34,75,7,1,6,13,7,6,1327,1327,323,426,256,229,67,20,6,996,912,84,149,662,21,182,217
52351634,0,,,345,172,173,36,18,18,309,154,155,205,111,94,297,147,150,287,140,147,104,43,61,61,22,39,26,9,17,2,0,2,15,13,2,127,127,30,41,19,17,14,5,1,95,76,19,8,69,3,12,19
52351635,0,,,1356,675,681,156,80,76,1188,591,597,784,419,365,1150,567,583,1112,551,561,404,172,232,193,78,115,43,15,28,5,1,4,4,3,1,495,490,101,155,96,98,23,11,6,385,329,56,33,271,0,63,76
52351639,1,,52351658,54,26,28,4,1,3,57,28,29,26,14,12,57,28,29,57,28,29,31,14,17,21,9,12,7,2,5,0,0,0,1,1,0,22,22,3,9,9,3,1,0,0,21,16,5,2,20,0,1,5
52351640,0,,,293,143,150,27,10,17,266,133,133,153,84,69,256,126,130,251,121,130,113,49,64,63,22,41,29,11,18,0,0,0,0,0,0,103,103,10,39,21,26,5,1,1,93,75,18,7,74,0,8,22
52351641,0,,,2046,1016,1030,785,399,386,1254,612,642,1180,578,602,1223,598,625,1210,591,619,74,34,40,23,11,12,3,1,2,1,0,1,30,19,11,596,596,36,91,146,239,73,10,1,557,542,15,287,50,4,8,17
52351642,0,,,876,399,477,74,45,29,789,348,441,387,185,202,772,342,430,758,336,422,402,163,239,299,111,188,162,51,111,27,3,24,8,5,3,252,249,54,85,49,34,15,8,4,186,151,35,18,121,6,19,31
52351643,0,,,1219,585,634,191,98,93,1028,487,541,740,341,399,991,471,520,954,453,501,288,146,142,87,43,44,11,4,7,0,0,0,22,4,18,441,441,61,156,90,100,29,4,1,379,361,18,52,187,7,29,87
52351644,0,,,428,209,219,91,49,42,337,160,177,207,101,106,329,158,171,320,154,166,130,59,71,64,31,33,21,8,13,1,0,1,0,0,0,154,154,31,48,26,32,11,3,3,122,110,12,20,80,2,20,27
52351645,0,,,408,201,207,43,21,22,365,180,185,213,113,100,341,166,175,334,161,173,152,67,85,62,27,35,17,5,12,2,0,2,4,4,0,142,142,28,41,32,18,15,3,5,114,94,20,9,89,3,17,32
52351650,0,,,160,75,85,18,8,10,142,67,75,95,46,49,139,64,75,132,61,71,47,21,26,25,9,16,5,2,3,0,0,0,0,0,0,50,50,9,12,7,10,8,3,1,41,30,11,6,33,0,8,9
52351651,0,,,1871,956,915,624,338,286,1245,616,629,1079,543,536,1200,597,603,1165,572,593,166,73,93,71,29,42,22,5,17,2,1,1,11,3,8,557,556,45,109,137,189,60,13,3,509,480,29,161,106,3,16,36
52351652,0,,,5122,2778,2344,654,348,306,3960,2153,1807,3237,1834,1403,3868,2094,1774,3597,1916,1681,723,319,404,349,137,212,109,31,78,8,2,6,133,77,56,2918,2915,1863,424,277,254,72,19,6,1032,943,89,220,497,708,165,131
52351653,0,,,1228,638,590,155,76,79,899,470,429,716,388,328,877,458,419,835,429,406,183,82,101,87,32,55,31,10,21,1,0,1,31,18,13,698,698,449,90,67,70,16,4,2,246,218,28,42,127,145,33,38
52351654,0,,,3225,1572,1653,288,149,139,2929,1419,1510,1818,945,873,2845,1372,1473,2781,1337,1444,1111,474,637,568,221,347,175,61,114,7,1,6,54,24,30,1414,1414,494,418,233,190,52,18,9,910,767,143,72,764,58,252,208
52351655,1,,52351667;52351668,361,150,211,34,15,19,335,141,194,159,83,76,326,136,190,321,136,185,176,58,118,129,38,91,65,8,57,18,2,16,2,0,2,107,106,31,36,19,16,3,5,1,79,70,9,6,55,1,15,18
52351658,2,52351639,,11,5,6,*,*,*,*,*,*,*,*,*,*,*,*,*,*,*,*,*,*,*,*,*,*,*,*,*,*,*,*,*,*,3,3,*,*,*,*,*,*,*,*,*,*,*,*,*,*,*
52351661,0,,,1332,666,666,252,126,126,1057,525,532,847,433,414,939,467,472,885,430,455,210,92,118,113,41,72,44,14,30,7,0,7,3,3,0,470,465,140,98,97,87,38,5,0,323,312,11,48,110,46,23,46
52351662,0,,,3613,1756,1857,395,205,190,2806,1332,1474,2212,1090,1122,2733,1297,1436,2461,1199,1262,594,242,352,331,123,208,115,28,87,19,3,16,111,45,66,1964,1961,1277,238,213,178,43,8,4,671,615,56,112,349,529,86,100
52351663,0,,,803,330,473,55,27,28,736,296,440,279,135,144,724,292,432,712,288,424,457,161,296,354,118,236,185,43,142,29,5,24,1,0,1,212,210,75,46,43,26,14,4,2,134,106,28,13,111,15,20,29
52351664,0,,,1237,596,641,146,80,66,1071,502,569,743,358,385,1042,487,555,1028,480,548,328,144,184,137,59,78,55,19,36,3,0,3,39,13,26,541,541,178,166,101,65,23,7,1,352,316,36,39,210,40,42,67
52351665,0,,,319,164,155,14,9,5,305,155,150,169,90,79,295,147,148,290,142,148,136,65,71,77,31,46,21,5,16,0,0,0,1,1,0,124,124,24,47,25,21,3,2,2,100,85,15,4,90,0,18,29
52351667,2,52351655,,5,4,1,*,*,*,*,*,*,*,*,*,*,*,*,*,*,*,*,*,*,*,*,*,*,*,*,*,*,*,*,*,*,2,2,*,*,*,*,*,*,*,*,*,*,*,*,*,*,*
52351668,2,52351655,,5,3,2,*,*,*,*,*,*,*,*,*,*,*,*,*,*,*,*,*,*,*,*,*,*,*,*,*,*,*,*,*,*,3,3,*,*,*,*,*,*,*,*,*,*,*,*,*,*,*
52351670,0,,,2111,1020,1091,281,151,130,1799,848,951,1233,596,637,1695,795,900,1635,768,867,566,252,314,309,141,168,89,36,53,6,1,5,23,19,4,830,830,196,270,156,146,52,9,1,627,581,46,71,358,17,81,135
52351671,0,,,2492,1287,1205,240,117,123,2007,1030,977,1634,874,760,1934,999,935,1781,917,864,373,156,217,174,70,104,48,9,39,5,0,5,32,18,14,1440,1438,939,184,148,119,38,6,4,487,443,44,81,240,381,67,66
52351672,0,,,5565,2791,2774,720,372,348,4651,2304,2347,3366,1734,1632,4488,2221,2267,4347,2148,2199,1285,570,715,606,259,347,156,53,103,10,3,7,67,36,31,2458,2456,952,597,422,351,98,30,6,1483,1358,125,220,838,241,214,266
52351673,0,,,39,18,21,6,2,4,33,16,17,29,15,14,33,16,17,32,16,16,4,1,3,2,0,2,0,0,0,0,0,0,0,0,0,21,21,9,7,4,1,0,0,0,12,12,0,4,4,1,2,0
52351674,0,,,569,291,278,71,43,28,496,247,249,308,165,143,483,237,246,471,231,240,188,82,106,111,45,66,30,9,21,3,0,3,16,13,3,231,231,71,69,35,31,19,6,0,159,139,20,16,135,3,44,39
52351680,0,,,3670,1780,1890,840,420,420,2816,1350,1466,2254,1107,1147,2669,1272,1397,2580,1224,1356,562,243,319,274,114,160,98,31,67,9,2,7,31,17,14,1226,1225,165,316,271,345,110,11,7,1052,993,59,236,366,10,83,134
52351681,0,,,7187,3501,3686,887,454,433,5735,2747,2988,4442,2182,2260,5522,2640,2882,5239,2505,2734,1293,565,728,674,276,398,201,78,123,20,3,17,113,44,69,3751,3749,2096,638,443,440,101,21,10,1632,1488,144,239,864,764,234,281
52351682,0,,,6939,3323,3616,698,367,331,5991,2815,3176,3961,1956,2005,5791,2719,3072,5636,2644,2992,2030,859,1171,978,406,572,199,61,138,8,1,7,148,82,66,3374,3374,1438,947,514,339,113,19,4,1904,1790,114,183,1431,202,570,432
52351683,0,,,924,446,478,86,44,42,831,397,434,593,289,304,810,389,421,795,382,413,238,108,130,83,35,48,31,13,18,3,1,2,9,3,6,402,402,122,130,81,55,8,4,2,280,252,28,24,170,3,54,50
52351684,0,,,2201,1057,1144,185,98,87,2006,951,1055,1263,632,631,1938,920,1018,1897,902,995,743,319,424,373,149,224,118,38,80,11,1,10,94,49,45,920,920,280,282,175,117,43,16,7,631,524,107,40,486,73,113,133
52351685,0,,,91,43,48,5,1,4,86,42,44,41,22,19,85,41,44,83,41,42,45,20,25,23,11,12,3,2,1,0,0,0,0,0,0,43,43,14,17,8,1,3,0,0,29,27,2,1,30,0,9,13
52351690,0,,,3836,1918,1918,556,284,272,3238,1607,1631,2255,1152,1103,3107,1540,1567,3023,1493,1530,983,455,528,466,233,233,102,39,63,3,1,2,25,19,6,1547,1547,394,484,301,286,67,13,2,1145,1075,70,146,622,56,121,252
52351691,0,,,812,411,401,145,78,67,651,320,331,456,235,221,634,307,327,617,293,324,195,85,110,111,46,65,33,15,18,3,0,3,5,3,2,303,302,71,92,59,57,15,7,1,231,215,16,48,112,8,23,41
52351692,0,,,889,394,495,84,45,39,785,337,448,458,202,256,750,320,430,721,307,414,327,135,192,201,93,108,28,13,15,0,0,0,14,5,9,404,403,134,136,80,38,10,4,1,267,257,10,16,222,20,60,75
52351693,0,,,1065,486,579,120,72,48,928,404,524,561,269,292,875,383,492,837,366,471,367,135,232,222,67,155,98,18,80,18,1,17,9,4,5,339,338,52,97,73,83,22,10,1,281,243,38,24,173,0,32,56
52351694,0,,,2441,1208,1233,217,119,98,2200,1071,1129,1317,669,648,2107,1028,1079,2058,1000,1058,883,402,481,424,187,237,102,40,62,8,0,8,25,16,9,947,944,206,313,209,147,56,11,2,731,641,90,41,564,9,130,186
52351695,0,,,670,246,424,19,11,8,645,232,413,259,130,129,637,229,408,631,227,404,386,102,284,308,63,245,201,20,181,47,1,46,3,1,2,60,52,36,10,1,2,2,1,0,16,12,4,0,19,15,4,9
52351700,0,,,123,52,71,2,1,1,121,51,70,41,18,23,118,50,68,118,50,68,80,33,47,49,19,30,15,4,11,0,0,0,0,0,0,59,59,17,29,6,6,0,1,0,41,37,4,1,51,0,16,18
52351701,0,,,44,24,20,4,4,0,40,20,20,24,13,11,40,20,20,40,20,20,16,7,9,11,4,7,7,3,4,0,0,0,0,0,0,14,14,3,5,2,0,2,1,1,11,6,5,2,11,0,2,3
52351702,0,,,26,13,13,0,0,0,26,13,13,14,6,8,26,13,13,26,13,13,12,7,5,4,3,1,2,2,0,0,0,0,0,0,0,10,10,2,4,2,1,0,1,0,8,7,1,0,8,0,2,2
52351704,0,,,488,228,260,23,11,12,443,205,238,203,98,105,441,205,236,438,204,234,240,107,133,136,58,78,51,17,34,5,2,3,0,0,0,220,220,67,79,47,16,9,1,1,147,121,26,4,159,2,48,48
52351705,0,,,40,17,23,4,2,2,36,15,21,17,8,9,36,15,21,35,14,21,19,7,12,14,4,10,8,1,7,1,0,1,0,0,0,18,18,5,9,0,3,1,0,0,13,10,3,2,12,0,2,5
52351710,0,,,338,148,190,12,7,5,325,141,184,172,75,97,316,136,180,311,134,177,153,66,87,77,32,45,26,9,17,3,0,3,2,1,1,150,150,54,42,28,17,6,3,0,93,74,19,3,107,0,37,21
52351711,1,,52351721,70,32,38,10,4,6,62,29,33,33,16,17,60,29,31,60,29,31,29,13,16,15,7,8,5,1,4,1,0,1,0,0,0,24,24,3,7,9,3,2,1,0,22,19,3,2,16,0,3,5
52351712,0,,,35,19,16,0,0,0,35,19,16,9,5,4,35,19,16,35,19,16,26,14,12,14,8,6,4,2,2,1,0,1,0,0,0,19,19,8,7,3,1,0,0,0,11,9,2,0,17,0,7,5
52351713,0,,,15,9,6,0,0,0,15,9,6,3,2,1,14,8,6,14,8,6,12,7,5,8,4,4,1,1,0,0,0,0,0,0,0,8,8,3,4,0,1,0,0,0,5,4,1,0,8,0,3,4
52351714,0,,,121,55,66,1,0,1,118,54,64,49,28,21,116,53,63,115,53,62,69,26,43,42,16,26,12,3,9,1,1,0,0,0,0,60,60,25,17,13,3,1,1,0,35,26,9,1,46,0,17,11
52351715,0,,,181,85,96,5,2,3,172,81,91,74,37,37,172,81,91,172,81,91,98,44,54,55,20,35,19,8,11,1,0,1,0,0,0,87,87,29,34,15,6,3,0,0,57,52,5,1,64,2,18,23
52351716,0,,,181,88,93,5,4,1,163,78,85,74,41,33,162,78,84,158,74,84,89,37,52,49,19,30,12,4,8,0,0,0,3,1,2,82,82,21,35,17,7,1,1,0,57,49,8,1,57,0,12,18
52351717,0,,,34,19,15,1,1,0,31,17,14,13,9,4,31,17,14,30,16,14,18,8,10,7,2,5,4,1,3,1,0,1,0,0,0,13,13,4,2,4,2,0,1,0,7,3,4,0,9,0,3,0
52351720,0,,,87,43,44,6,3,3,81,40,41,39,22,17,81,40,41,81,40,41,42,18,24,21,10,11,8,3,5,0,0,0,0,0,0,39,39,14,10,10,3,1,1,0,25,18,7,1,29,0,10,4
52351721,2,52351711,,2,1,1,*,*,*,*,*,*,*,*,*,*,*,*,*,*,*,*,*,*,*,*,*,*,*,*,*,*,*,*,*,*,1,1,*,*,*,*,*,*,*,*,*,*,*,*,*,*,*
52351722,0,,,9,4,5,0,0,0,9,4,5,2,1,1,9,4,5,9,4,5,7,3,4,1,0,1,1,0,1,1,0,1,0,0,0,5,5,3,1,0,1,0,0,0,2,1,1,0,4,0,2,1
52351724,0,,,18,9,9,1,1,0,17,8,9,10,5,5,17,8,9,17,8,9,7,3,4,5,2,3,2,0,2,0,0,0,0,0,0,9,9,4,3,1,0,1,0,0,5,5,0,0,5,0,3,2
52351726,0,,,48,23,25,4,2,2,44,21,23,19,9,10,44,21,23,44,21,23,25,12,13,9,3,6,4,0,4,1,0,1,0,0,0,16,16,1,6,4,3,1,1,0,15,10,5,1,13,0,1,3
52351727,0,,,42,20,22,4,1,3,37,18,19,16,9,7,37,18,19,37,18,19,21,9,12,12,4,8,3,0,3,0,0,0,0,0,0,19,19,4,10,3,1,1,0,0,15,13,2,1,12,0,1,6
52351728,0,,,94,38,56,3,2,1,91,36,55,40,17,23,90,36,54,88,34,54,51,19,32,31,13,18,14,3,11,2,0,2,0,0,0,43,43,16,14,6,4,2,1,0,27,23,4,1,36,0,16,9
52351729,0,,,224,100,124,2,2,0,222,98,124,100,51,49,220,96,124,219,96,123,122,47,75,69,23,46,29,11,18,2,0,2,4,3,1,110,110,38,44,17,9,1,1,0,72,54,18,1,81,3,21,31
52351730,0,,,190,83,107,16,5,11,174,78,96,97,47,50,169,76,93,164,73,91,77,31,46,46,19,27,13,4,9,0,0,0,1,1,0,78,78,18,30,14,10,6,0,0,59,48,11,3,52,0,15,19
52351731,0,,,95,42,53,3,3,0,92,39,53,50,24,26,89,37,52,87,36,51,42,15,27,16,5,11,3,0,3,0,0,0,0,0,0,36,36,8,13,6,4,3,2,0,28,18,10,0,29,0,6,7
52351732,2,52351742,,3,1,2,*,*,*,*,*,*,*,*,*,*,*,*,*,*,*,*,*,*,*,*,*,*,*,*,*,*,*,*,*,*,2,2,*,*,*,*,*,*,*,*,*,*,*,*,*,*,*
52351740,0,,,177,80,97,3,1,2,174,79,95,89,39,50,168,75,93,162,72,90,85,40,45,39,19,20,5,1,4,0,0,0,2,2,0,68,68,9,31,16,6,2,4,0,58,44,14,0,51,1,5,24
52351741,0,,,89,41,48,3,1,2,86,40,46,48,23,25,85,39,46,85,39,46,38,17,21,12,3,9,3,1,2,0,0,0,0,0,0,36,36,9,10,10,5,2,0,0,27,20,7,1,26,0,6,6
52351742,1,,52351732,224,108,116,14,8,6,213,101,112,95,50,45,209,99,110,206,97,109,118,51,67,49,19,30,17,5,12,2,0,2,1,0,1,88,88,22,31,21,7,4,3,2,68,46,22,2,75,0,18,18
52351747,1,,52351748,66,34,32,11,6,5,64,30,34,31,15,16,63,29,34,62,29,33,33,15,18,19,8,11,4,2,2,1,1,0,0,0,0,23,23,7,10,6,1,4,1,0,22,18,4,3,22,0,4,8
52351748,2,52351747,,9,2,7,*,*,*,*,*,*,*,*,*,*,*,*,*,*,*,*,*,*,*,*,*,*,*,*,*,*,*,*,*,*,6,6,*,*,*,*,*,*,*,*,*,*,*,*,*,*,*
52351750,0,,,130,63,67,6,5,1,124,58,66,59,27,32,121,57,64,120,57,63,65,31,34,33,15,18,7,0,7,0,0,0,0,0,0,48,48,7,20,9,7,2,3,0,41,31,10,1,45,0,7,13
52351751,0,,,105,49,56,7,3,4,98,46,52,57,23,34,96,46,50,94,45,49,41,23,18,20,11,9,4,1,3,1,0,1,0,0,0,46,46,13,18,10,2,1,1,1,33,27,6,2,26,2,5,12
52351752,0,,,843,380,463,72,34,38,770,345,425,387,198,189,751,336,415,738,330,408,383,147,236,226,81,145,91,24,67,14,3,11,5,1,4,324,323,98,97,66,35,9,9,9,223,161,62,15,226,2,65,54
52351753,0,,,34,19,15,5,5,0,29,14,15,16,8,8,29,14,15,29,14,15,13,6,7,9,4,5,2,0,2,0,0,0,0,0,0,12,12,2,4,3,1,1,1,0,10,7,3,0,7,0,1,3
52351757,0,,,13,6,7,3,1,2,10,5,5,5,3,2,10,5,5,10,5,5,5,2,3,3,2,1,0,0,0,0,0,0,0,0,0,6,6,2,3,0,0,1,0,0,4,4,0,1,3,0,1,2
52351758,0,,,12,7,5,2,1,1,10,6,4,5,3,2,10,6,4,10,6,4,5,3,2,2,1,1,2,1,1,0,0,0,0,0,0,4,4,1,0,1,2,0,0,0,3,1,2,1,2,0,0,0
52351759,0,,,40,19,21,3,1,2,37,18,19,12,7,5,37,18,19,37,18,19,25,11,14,12,5,7,5,2,3,0,0,0,0,0,0,18,18,6,7,3,0,1,1,0,12,10,2,1,15,0,4,6
52351760,0,,,24,11,13,1,0,1,23,11,12,8,4,4,23,11,12,23,11,12,15,7,8,6,2,4,3,2,1,1,0,1,0,0,0,10,10,2,4,2,2,0,0,0,7,4,3,1,9,0,2,2
52351761,0,,,123,67,56,6,4,2,117,63,54,58,35,23,110,60,50,109,60,49,59,28,31,30,14,16,13,6,7,0,0,0,0,0,0,47,47,8,20,8,5,5,1,0,39,31,8,1,37,1,5,14
52351762,1,,52351771,485,231,254,36,21,15,450,210,240,217,108,109,444,206,238,441,204,237,233,102,131,96,43,53,29,7,22,2,0,2,3,1,2,206,206,52,86,33,21,12,2,1,153,125,28,7,150,1,38,51
52351763,0,,,302,140,162,34,15,19,267,124,143,135,65,70,256,118,138,252,117,135,132,59,73,70,27,43,22,8,14,2,0,2,3,2,1,98,98,17,28,19,14,11,3,6,81,49,32,9,84,0,13,12
52351766,0,,,11,6,5,0,0,0,11,6,5,5,3,2,11,6,5,11,6,5,6,3,3,4,2,2,2,1,1,0,0,0,0,0,0,5,5,1,2,2,0,0,0,0,4,3,1,0,4,0,1,1
52351767,0,,,30,13,17,1,0,1,29,13,16,9,4,5,27,13,14,27,13,14,20,9,11,16,8,8,5,4,1,0,0,0,0,0,0,15,15,6,7,0,1,0,1,0,9,8,1,0,13,0,5,6
52351771,2,52351762,,1,0,1,*,*,*,*,*,*,*,*,*,*,*,*,*,*,*,*,*,*,*,*,*,*,*,*,*,*,*,*,*,*,1,1,*,*,*,*,*,*,*,*,*,*,*,*,*,*,*
52351772,0,,,72,33,39,7,2,5,65,31,34,37,18,19,63,30,33,62,29,33,28,13,15,16,7,9,2,0,2,0,0,0,1,0,1,27,27,6,9,4,5,2,1,0,21,15,6,2,18,0,4,6
52351773,0,,,225,103,122,15,7,8,210,96,114,107,53,54,205,93,112,202,91,111,103,43,60,44,17,27,14,2,12,1,0,1,1,1,0,84,83,17,29,15,15,2,3,2,66,49,17,5,60,0,13,19
52351779,0,,,16,8,8,0,0,0,16,8,8,6,2,4,16,8,8,16,8,8,10,6,4,6,3,3,0,0,0,0,0,0,0,0,0,7,7,1,3,3,0,0,0,0,6,6,0,0,6,0,1,3
52351783,0,,,64,29,35,5,3,2,59,26,33,29,14,15,58,25,33,56,24,32,30,12,18,19,7,12,6,1,5,0,0,0,0,0,0,27,27,6,12,4,3,2,0,0,21,18,3,1,20,0,6,8
52351795,0,,,144,65,79,3,1,2,141,64,77,47,21,26,139,62,77,136,62,74,94,43,51,48,23,25,14,6,8,0,0,0,0,0,0,67,67,22,28,9,3,3,2,0,44,32,12,0,62,0,20,22
52351796,0,,,89,42,47,4,1,3,85,41,44,36,21,15,84,40,44,83,39,44,49,20,29,32,11,21,9,2,7,0,0,0,0,0,0,41,41,14,15,6,4,1,1,0,27,20,7,1,33,0,9,7
52352000,0,,,43,26,17,2,1,1,41,25,16,28,18,10,41,25,16,41,25,16,13,7,6,7,4,3,5,2,3,1,0,1,0,0,0,16,16,4,5,2,3,1,1,0,12,7,5,1,10,0,1,1
52352002,0,,,179,88,91,21,12,9,158,76,82,77,41,36,157,76,81,156,76,80,81,35,46,33,12,21,17,5,12,2,0,2,1,1,0,58,58,9,16,15,8,5,2,3,47,30,17,6,49,0,7,9
52352003,0,,,18,9,9,0,0,0,18,9,9,7,3,4,18,9,9,18,9,9,11,6,5,4,2,2,1,0,1,0,0,0,0,0,0,7,7,1,2,3,1,0,0,0,6,5,1,0,6,0,1,2
52352004,2,52352005,,6,2,4,*,*,*,*,*,*,*,*,*,*,*,*,*,*,*,*,*,*,*,*,*,*,*,*,*,*,*,*,*,*,3,3,*,*,*,*,*,*,*,*,*,*,*,*,*,*,*
52352005,1,,52352004,104,57,47,9,5,4,101,54,47,48,29,19,100,53,47,100,53,47,53,25,28,29,14,15,12,5,7,2,0,2,0,0,0,41,41,11,16,7,6,3,0,1,33,25,8,2,31,0,5,11
52352006,1,,52352017,56,27,29,5,3,2,56,27,29,35,18,17,56,27,29,54,26,28,21,9,12,11,3,8,4,2,2,0,0,0,0,0,0,19,19,3,6,6,3,2,1,0,18,12,6,2,15,0,1,2
52352007,0,,,41,22,19,1,0,1,40,22,18,19,11,8,40,22,18,40,22,18,21,11,10,12,6,6,4,2,2,0,0,0,0,0,0,17,17,7,5,2,0,1,1,1,10,5,5,1,13,0,4,3
52352008,0,,,80,39,41,6,4,2,74,35,39,34,17,17,72,35,37,70,34,36,40,18,22,16,8,8,5,2,3,1,0,1,0,0,0,33,33,9,11,7,3,2,1,0,24,17,7,2,24,0,6,9
52352009,0,,,72,33,39,7,3,4,65,30,35,35,16,19,64,29,35,64,29,35,30,14,16,16,8,8,3,0,3,0,0,0,0,0,0,23,23,1,10,3,4,4,1,0,22,13,9,3,21,0,1,6
52352010,0,,,38,22,16,1,1,0,36,20,16,21,13,8,34,18,16,34,18,16,15,7,8,8,3,5,4,2,2,0,0,0,1,1,0,14,14,2,4,4,4,0,0,0,12,9,3,0,10,0,1,3
52352012,0,,,241,121,120,13,11,2,228,110,118,127,61,66,220,107,113,214,106,108,101,49,52,54,24,30,18,7,11,1,0,1,2,1,1,79,79,7,27,19,15,8,1,2,71,50,21,3,61,0,4,19
52352013,0,,,101,53,48,7,2,5,94,51,43,53,29,24,93,50,43,92,50,42,41,22,19,18,8,10,10,3,7,0,0,0,0,0,0,33,33,4,9,9,7,2,1,1,29,17,12,0,28,0,3,4
52352014,0,,,42,20,22,3,1,2,39,19,20,20,10,10,38,18,20,37,18,19,19,9,10,7,3,4,6,2,4,1,1,0,0,0,0,14,14,1,5,2,5,1,0,0,13,8,5,0,11,0,1,3
52352017,2,52352006,,5,3,2,*,*,*,*,*,*,*,*,*,*,*,*,*,*,*,*,*,*,*,*,*,*,*,*,*,*,*,*,*,*,2,2,*,*,*,*,*,*,*,*,*,*,*,*,*,*,*
52352018,0,,,74,34,40,2,1,1,72,33,39,35,18,17,72,33,39,71,33,38,37,15,22,21,8,13,6,2,4,0,0,0,0,0,0,29,29,6,7,11,4,1,0,0,23,14,9,2,23,0,5,3
52352019,0,,,36,15,21,0,0,0,36,15,21,11,5,6,35,14,21,34,13,21,25,10,15,10,4,6,5,0,5,0,0,0,2,1,1,12,12,0,5,5,1,0,0,1,12,7,5,0,12,0,0,4
52352020,0,,,164,80,84,11,7,4,152,72,80,100,47,53,151,71,80,147,71,76,52,25,27,29,11,18,8,3,5,0,0,0,0,0,0,59,59,13,15,16,7,4,3,1,45,31,14,5,35,0,9,6
52352021,1,,52352022,135,70,65,5,4,1,131,67,64,86,46,40,125,62,63,120,57,63,45,21,24,21,7,14,10,3,7,2,0,2,0,0,0,47,47,10,14,10,8,1,4,1,36,19,17,1,34,0,9,3
52352022,2,52352021,,1,1,0,*,*,*,*,*,*,*,*,*,*,*,*,*,*,*,*,*,*,*,*,*,*,*,*,*,*,*,*,*,*,1,1,*,*,*,*,*,*,*,*,*,*,*,*,*,*,*
52352023,0,,,136,64,72,11,7,4,125,57,68,64,32,32,121,54,67,118,52,66,61,25,36,30,15,15,10,5,5,0,0,0,2,1,1,53,53,8,26,8,6,3,1,1,45,37,8,2,39,0,7,13
52352024,0,,,229,103,126,16,8,8,213,95,118,132,60,72,206,90,116,204,89,115,81,35,46,51,21,30,14,3,11,1,0,1,0,0,0,70,70,10,17,15,13,7,4,4,60,36,24,2,50,0,7,10
52352025,0,,,103,49,54,8,2,6,95,47,48,40,21,19,93,46,47,92,45,47,55,26,29,28,12,16,13,6,7,0,0,0,0,0,0,37,37,10,10,8,3,2,2,2,27,16,11,1,30,0,6,8
52352026,0,,,37,21,16,3,2,1,34,19,15,21,14,7,31,16,15,30,15,15,13,5,8,6,2,4,2,0,2,0,0,0,0,0,0,12,12,2,4,3,1,0,1,1,10,7,3,1,9,0,2,3
52352027,0,,,19,7,12,2,1,1,17,6,11,8,3,5,16,6,10,16,6,10,9,3,6,4,1,3,2,0,2,0,0,0,0,0,0,8,8,1,4,2,1,0,0,0,7,6,1,0,6,0,1,1
52352028,2,52352038,,5,3,2,*,*,*,*,*,*,*,*,*,*,*,*,*,*,*,*,*,*,*,*,*,*,*,*,*,*,*,*,*,*,2,2,*,*,*,*,*,*,*,*,*,*,*,*,*,*,*
52352029,0,,,104,53,51,4,2,2,100,51,49,53,30,23,97,49,48,96,49,47,47,21,26,23,9,14,4,1,3,0,0,0,1,0,1,31,31,3,8,8,4,6,0,2,28,14,14,1,27,0,2,5
52352030,0,,,104,55,49,7,4,3,97,51,46,56,32,24,91,46,45,90,46,44,41,19,22,25,11,14,7,2,5,3,1,2,1,0,1,39,39,9,14,9,3,1,1,2,30,22,8,1,27,0,6,8
52352032,0,,,63,31,32,2,1,1,61,30,31,35,20,15,61,30,31,61,30,31,26,10,16,18,8,10,7,3,4,0,0,0,0,0,0,20,20,4,1,7,4,4,0,0,16,6,10,0,17,0,2,1
52352034,0,,,70,35,35,12,9,3,58,26,32,32,14,18,57,26,31,57,26,31,26,12,14,11,5,6,4,0,4,0,0,0,0,0,0,21,21,4,6,3,2,2,2,2,17,8,9,4,15,0,3,4
52352035,0,,,267,117,150,18,7,11,249,110,139,139,61,78,249,110,139,238,109,129,110,49,61,61,26,35,17,7,10,0,0,0,6,4,2,124,124,46,43,18,11,2,2,2,75,61,14,3,72,19,12,23
52352036,0,,,119,67,52,14,10,4,105,57,48,60,33,27,103,56,47,103,56,47,45,24,21,24,12,12,11,7,4,1,1,0,1,1,0,43,43,10,13,7,7,4,1,1,32,24,8,3,29,0,5,9
52352037,0,,,75,31,44,4,2,2,71,29,42,42,16,26,69,28,41,67,28,39,29,13,16,18,9,9,5,3,2,0,0,0,0,0,0,24,24,5,6,5,1,3,4,0,19,11,8,0,17,0,2,2
52352038,1,,52352028,138,71,67,14,11,3,129,63,66,108,54,54,124,60,64,119,57,62,21,9,12,12,5,7,3,0,3,0,0,0,0,0,0,45,45,5,8,19,10,5,0,0,41,35,6,3,15,0,3,2
52352039,0,,,54,30,24,3,2,1,51,28,23,30,17,13,51,28,23,50,28,22,21,11,10,12,6,6,3,1,2,0,0,0,0,0,0,17,17,5,2,4,1,3,0,2,12,5,7,0,14,0,4,1
52352040,1,,52352041,125,57,68,13,7,6,115,52,63,83,38,45,111,51,60,110,51,59,32,14,18,16,6,10,5,3,2,1,1,0,1,0,1,40,40,6,7,14,9,2,1,2,35,23,12,2,23,0,3,4
52352041,2,52352040,,3,2,1,*,*,*,*,*,*,*,*,*,*,*,*,*,*,*,*,*,*,*,*,*,*,*,*,*,*,*,*,*,*,1,1,*,*,*,*,*,*,*,*,*,*,*,*,*,*,*
52352042,0,,,80,26,54,8,1,7,72,25,47,34,13,21,69,25,44,68,25,43,38,12,26,22,6,16,7,1,6,1,0,1,0,0,0,27,27,2,9,9,5,0,1,1,25,14,11,2,24,0,2,3
52352043,0,,,17,7,10,1,1,0,16,6,10,9,4,5,16,6,10,15,6,9,7,2,5,3,1,2,1,0,1,0,0,0,0,0,0,7,7,1,3,2,1,0,0,0,6,5,1,0,4,0,1,1
52352044,0,,,35,17,18,0,0,0,35,17,18,19,11,8,35,17,18,35,17,18,16,6,10,5,2,3,3,0,3,0,0,0,0,0,0,14,13,1,5,5,2,0,0,0,12,9,3,0,9,0,1,3
52352045,0,,,62,30,32,8,6,2,54,24,30,28,12,16,53,23,30,53,23,30,26,12,14,13,5,8,3,0,3,0,0,0,0,0,0,24,24,7,7,4,3,2,0,1,17,14,3,3,19,0,7,6
52352046,1,,52352055,226,111,115,25,12,13,205,100,105,110,62,48,201,99,102,198,97,101,95,38,57,44,17,27,15,2,13,2,0,2,8,8,0,82,82,24,20,15,13,2,4,5,58,34,24,5,60,9,11,10
52352047,0,,,65,30,35,11,2,9,54,28,26,31,16,15,53,27,26,52,26,26,23,12,11,10,8,2,1,1,0,0,0,0,0,0,0,15,15,1,2,2,2,3,4,1,14,6,8,4,13,0,1,1
52352048,0,,,1261,600,661,117,52,65,1139,543,596,958,455,503,1091,520,571,1057,506,551,181,88,93,68,28,40,25,10,15,1,1,0,14,9,5,452,452,47,164,122,82,30,7,0,400,365,35,27,125,1,13,45
52352049,0,,,27,14,13,0,0,0,27,14,13,14,8,6,25,13,12,25,13,12,13,6,7,8,3,5,4,2,2,0,0,0,0,0,0,10,10,4,2,1,0,2,1,0,6,2,4,0,8,0,3,1
52352050,0,,,317,153,164,31,21,10,286,132,154,187,84,103,277,130,147,267,127,140,99,48,51,51,23,28,14,6,8,1,1,0,2,1,1,125,125,22,53,28,11,6,4,1,102,92,10,6,66,0,13,29
52352051,0,,,255,129,126,24,14,10,231,115,116,143,73,70,224,110,114,221,108,113,88,42,46,42,19,23,12,3,9,2,0,2,1,0,1,78,78,11,20,17,13,9,2,6,66,37,29,4,56,0,5,11
52352052,0,,,98,51,47,7,5,2,91,46,45,54,28,26,91,46,45,88,46,42,37,18,19,22,10,12,8,5,3,1,1,0,1,0,1,35,35,9,7,9,5,2,3,0,25,15,10,2,29,0,8,1
52352053,0,,,63,32,31,6,4,2,57,28,29,25,16,9,56,27,29,55,27,28,32,12,20,15,5,10,7,2,5,0,0,0,0,0,0,25,25,7,11,1,1,3,2,0,18,13,5,2,21,1,4,8
52352055,2,52352046,,4,1,3,*,*,*,*,*,*,*,*,*,*,*,*,*,*,*,*,*,*,*,*,*,*,*,*,*,*,*,*,*,*,1,1,*,*,*,*,*,*,*,*,*,*,*,*,*,*,*
52352056,0,,,136,69,67,22,11,11,114,58,56,63,30,33,110,56,54,109,56,53,51,28,23,24,12,12,8,4,4,1,1,0,0,0,0,40,40,6,10,9,4,2,7,2,34,19,15,2,33,0,5,6
52352057,0,,,468,220,248,36,17,19,430,201,229,241,114,127,415,193,222,413,193,220,189,87,102,91,34,57,32,9,23,1,1,0,12,0,12,195,195,61,57,36,25,11,5,0,133,96,37,9,123,16,26,30
52352058,0,,,735,359,376,42,19,23,692,339,353,484,242,242,680,334,346,671,332,339,208,97,111,103,41,62,46,18,28,5,1,4,6,5,1,293,293,59,112,65,38,9,10,0,233,199,34,11,136,3,24,35
52352059,0,,,39,21,18,1,0,1,38,21,17,19,12,7,35,18,17,34,18,16,19,9,10,9,5,4,3,1,2,0,0,0,0,0,0,11,11,0,3,4,0,3,1,0,11,4,7,0,10,0,0,2
52352060,0,,,285,141,144,18,13,5,267,128,139,141,76,65,264,127,137,258,124,134,126,52,74,71,26,45,28,9,19,2,0,2,0,0,0,99,99,12,31,30,16,4,5,1,87,55,32,3,83,0,10,17
52352061,0,,,347,177,170,26,20,6,321,157,164,180,90,90,313,155,158,309,153,156,141,67,74,76,33,43,29,15,14,3,1,2,0,0,0,120,120,26,33,28,12,10,5,6,93,53,40,8,86,1,17,13
52352062,0,,,347,164,183,32,12,20,315,152,163,191,96,95,299,143,156,295,143,152,124,56,68,65,28,37,21,8,13,0,0,0,3,2,1,130,129,19,47,37,18,5,1,2,107,90,17,8,85,0,16,22
52352063,0,,,197,92,105,9,2,7,188,90,98,100,53,47,184,90,94,182,89,93,88,37,51,48,18,30,20,4,16,3,0,3,4,4,0,81,81,20,32,14,6,8,0,1,61,44,17,2,60,4,11,12
52352064,0,,,259,127,132,71,36,35,178,84,94,166,80,86,174,83,91,169,81,88,12,4,8,6,1,5,1,0,1,0,0,0,1,0,1,93,93,18,26,19,22,5,2,1,71,65,6,32,9,4,1,2
52352065,0,,,56,25,31,5,3,2,46,20,26,45,20,25,44,19,25,43,19,24,1,0,1,0,0,0,0,0,0,0,0,0,0,0,0,36,36,23,10,0,2,1,0,0,12,12,0,0,1,4,0,0
52352067,0,,,177,81,96,13,10,3,164,71,93,80,38,42,161,69,92,161,69,92,84,33,51,54,20,34,25,8,17,0,0,0,1,0,1,67,67,12,30,8,8,8,0,1,55,39,16,2,51,1,6,16
52352068,0,,,156,80,76,14,8,6,142,72,70,85,48,37,136,70,66,133,69,64,57,24,33,25,7,18,15,2,13,2,1,1,4,3,1,58,57,17,20,7,5,3,2,3,39,31,8,2,27,5,1,9
52352069,0,,,587,232,355,25,15,10,556,212,344,159,78,81,547,205,342,542,203,339,397,134,263,311,91,220,211,44,167,65,11,54,33,12,21,140,135,66,35,13,9,6,4,2,67,50,17,6,64,27,21,14
52352070,0,,,90,41,49,6,3,3,84,38,46,48,21,27,84,38,46,83,38,45,36,17,19,18,8,10,6,2,4,1,0,1,0,0,0,43,43,13,17,9,4,0,0,0,29,27,2,2,25,1,8,10
52352071,0,,,217,95,122,19,12,7,196,83,113,119,54,65,186,78,108,182,77,105,77,29,48,43,16,27,16,4,12,1,0,1,1,0,1,76,76,14,24,13,13,9,2,1,62,41,21,6,54,0,8,11
52352072,0,,,60,29,31,7,4,3,53,25,28,29,14,15,52,24,28,50,23,27,24,11,13,11,5,6,4,2,2,0,0,0,0,0,0,18,18,2,5,4,4,0,1,2,16,11,5,3,14,0,2,4
52352073,0,,,254,127,127,20,12,8,218,107,111,152,81,71,214,106,108,212,104,108,66,26,40,32,12,20,17,7,10,2,0,2,10,9,1,134,134,79,21,12,13,9,0,0,54,31,23,12,43,10,15,5
52352074,0,,,362,179,183,40,21,19,315,154,161,171,85,86,306,150,156,302,147,155,144,69,75,68,28,40,31,13,18,5,0,5,4,2,2,133,133,34,34,26,21,12,4,2,99,65,34,9,86,4,16,20
52352075,0,,,1656,844,812,376,181,195,1183,617,566,1037,554,483,1151,599,552,1132,588,544,146,63,83,67,21,46,22,5,17,5,0,5,52,37,15,752,751,339,148,107,109,38,10,0,404,382,22,120,93,60,27,29
52352076,0,,,78,39,39,20,12,8,58,27,31,36,16,20,57,26,31,57,26,31,22,11,11,14,6,8,5,3,2,0,0,0,0,0,0,27,27,7,8,1,7,2,0,2,20,14,6,7,15,1,3,5
52352077,0,,,127,62,65,7,4,3,120,58,62,71,36,35,113,55,58,112,54,58,49,22,27,23,9,14,8,4,4,0,0,0,0,0,0,55,55,16,21,7,8,2,1,0,37,34,3,1,33,0,10,12
52352078,0,,,134,69,65,5,5,0,129,64,65,65,32,33,126,64,62,124,63,61,64,32,32,39,22,17,11,6,5,1,0,1,0,0,0,45,45,5,14,14,6,2,3,1,40,25,15,0,36,0,4,9
52352079,0,,,32,14,18,2,1,1,30,13,17,19,7,12,29,13,16,29,13,16,11,6,5,5,2,3,0,0,0,0,0,0,0,0,0,9,9,1,0,6,0,0,1,1,8,6,2,1,6,0,0,0
52352080,0,,,179,95,84,5,2,3,147,79,68,99,52,47,147,79,68,147,79,68,48,27,21,19,10,9,14,7,7,1,0,1,10,5,5,116,116,82,15,10,8,1,0,0,33,25,8,1,36,19,15,6
52352081,0,,,120,61,59,13,6,7,88,45,43,63,33,30,87,45,42,85,43,42,25,12,13,8,3,5,2,0,2,0,0,0,2,1,1,73,73,50,12,4,3,2,2,0,22,19,3,2,15,19,2,8
52352082,1,,52352083,22,8,14,1,0,1,23,10,13,11,4,7,22,10,12,22,10,12,12,6,6,6,2,4,3,1,2,0,0,0,0,0,0,8,8,4,2,0,3,1,0,0,6,3,3,1,8,0,3,2
52352083,2,52352082,,3,2,1,*,*,*,*,*,*,*,*,*,*,*,*,*,*,*,*,*,*,*,*,*,*,*,*,*,*,*,*,*,*,2,2,*,*,*,*,*,*,*,*,*,*,*,*,*,*,*
52352084,0,,,317,169,148,38,16,22,276,151,125,182,106,76,265,147,118,262,145,117,94,45,49,50,23,27,18,8,10,2,1,1,16,15,1,123,123,40,25,28,13,12,4,1,83,59,24,5,61,16,10,15
52352085,0,,,494,248,246,38,21,17,453,226,227,287,154,133,439,221,218,429,214,215,166,72,94,92,38,54,34,10,24,1,1,0,33,31,2,211,211,76,58,30,32,9,3,3,135,105,30,13,110,25,30,26
52352086,0,,,103,50,53,6,2,4,97,48,49,53,27,26,95,48,47,90,44,46,44,21,23,23,9,14,8,3,5,0,0,0,1,0,1,41,41,8,18,7,4,2,2,0,31,26,5,1,29,1,4,9
52352087,0,,,81,45,36,4,3,1,77,42,35,46,26,20,75,40,35,73,40,33,31,16,15,14,7,7,5,3,2,0,0,0,9,8,1,33,33,13,8,4,3,3,1,1,20,13,7,1,18,8,1,7
52352088,0,,,139,67,72,20,12,8,119,55,64,66,30,36,116,53,63,116,53,63,53,25,28,22,10,12,9,4,5,2,1,1,0,0,0,46,46,6,15,8,10,4,2,1,40,27,13,6,34,0,4,8
52352089,2,52352099,,9,3,6,*,*,*,*,*,*,*,*,*,*,*,*,*,*,*,*,*,*,*,*,*,*,*,*,*,*,*,*,*,*,5,5,*,*,*,*,*,*,*,*,*,*,*,*,*,*,*
52352090,0,,,251,123,128,18,12,6,231,110,121,144,71,73,226,110,116,218,106,112,87,39,48,40,17,23,20,8,12,2,1,1,4,1,3,90,90,20,24,20,15,6,3,2,70,49,21,5,58,1,13,10
52352091,0,,,343,120,223,4,3,1,333,117,216,333,117,216,333,117,216,231,92,139,0,0,0,0,0,0,0,0,0,0,0,0,18,10,8,327,324,319,3,0,2,0,0,0,5,5,0,2,0,200,0,0
52352092,2,52352093,,8,5,3,*,*,*,*,*,*,*,*,*,*,*,*,*,*,*,*,*,*,*,*,*,*,*,*,*,*,*,*,*,*,3,3,*,*,*,*,*,*,*,*,*,*,*,*,*,*,*
52352093,1,,52352092,71,35,36,2,0,2,77,40,37,38,20,18,75,39,36,75,39,36,39,20,19,20,11,9,5,2,3,0,0,0,0,0,0,22,22,1,8,10,2,2,1,1,24,18,6,1,23,0,1,6
52352094,0,,,225,95,130,15,7,8,195,79,116,72,39,33,193,77,116,193,77,116,123,40,83,96,24,72,70,14,56,13,2,11,3,2,1,79,77,42,13,10,5,6,0,1,35,28,7,3,35,8,9,8
52352095,0,,,572,284,288,66,39,27,501,243,258,294,144,150,486,233,253,484,232,252,207,99,108,125,57,68,54,21,33,1,0,1,3,0,3,203,203,51,59,30,26,21,9,7,151,100,51,19,131,6,28,25
52352096,0,,,53,30,23,9,6,3,44,24,20,23,15,8,41,22,19,41,22,19,21,9,12,10,4,6,6,2,4,0,0,0,0,0,0,15,15,3,3,3,1,1,2,2,12,6,6,3,11,1,0,2
52352097,0,,,31,18,13,0,0,0,30,17,13,18,11,7,28,15,13,28,15,13,12,6,6,6,2,4,3,2,1,0,0,0,0,0,0,12,11,3,2,2,3,1,0,0,8,3,5,0,8,0,1,2
52352098,0,,,85,40,45,10,6,4,75,34,41,40,19,21,70,30,40,70,30,40,35,15,20,15,6,9,5,1,4,0,0,0,1,1,0,28,28,2,13,2,7,2,1,1,25,19,6,1,24,0,2,6
52352099,1,,52352089,215,108,107,15,9,6,209,102,107,93,48,45,205,98,107,201,96,105,116,54,62,53,20,33,24,6,18,1,0,1,0,0,0,72,72,11,26,18,13,3,3,3,64,43,21,7,66,0,9,14
52352100,2,52352101,,11,8,3,*,*,*,*,*,*,*,*,*,*,*,*,*,*,*,*,*,*,*,*,*,*,*,*,*,*,*,*,*,*,4,4,*,*,*,*,*,*,*,*,*,*,*,*,*,*,*
52352101,1,,52352100,33,14,19,5,2,3,39,20,19,18,10,8,38,19,19,37,19,18,21,10,11,8,4,4,4,2,2,0,0,0,0,0,0,11,11,2,6,2,3,0,2,0,13,8,5,3,13,0,2,4
52352102,0,,,18,12,6,0,0,0,18,12,6,7,4,3,17,11,6,17,11,6,11,8,3,4,2,2,2,1,1,0,0,0,0,0,0,8,8,3,3,1,0,0,1,0,5,4,1,0,8,0,3,3
52352103,2,52352104,,7,3,4,*,*,*,*,*,*,*,*,*,*,*,*,*,*,*,*,*,*,*,*,*,*,*,*,*,*,*,*,*,*,3,3,*,*,*,*,*,*,*,*,*,*,*,*,*,*,*
52352104,1,,52352103,40,19,21,1,1,0,46,21,25,21,8,13,43,20,23,40,19,21,25,13,12,12,5,7,7,3,4,0,0,0,0,0,0,14,14,4,6,3,2,1,0,1,12,6,6,0,16,0,4,5
52352105,0,,,44,21,23,4,2,2,40,19,21,23,11,12,38,18,20,38,18,20,17,8,9,12,5,7,2,0,2,0,0,0,1,0,1,16,16,3,4,4,4,1,0,0,13,9,4,0,12,0,3,3
52352106,0,,,1651,821,830,444,229,215,1198,588,610,1051,519,532,1083,528,555,1030,505,525,147,69,78,69,28,41,16,4,12,0,0,0,9,3,6,479,479,25,86,116,185,46,15,6,447,420,27,77,93,1,8,37
52352107,0,,,5224,2511,2713,570,296,274,4617,2194,2423,3265,1522,1743,4436,2107,2329,4310,2053,2257,1352,672,680,485,205,280,157,52,105,11,4,7,21,9,12,1923,1921,274,714,453,346,105,23,6,1626,1503,123,95,825,17,123,339
52352108,0,,,2166,1082,1084,260,145,115,1806,888,918,1335,684,651,1753,868,885,1722,856,866,471,204,267,229,72,157,100,22,78,15,1,14,21,8,13,992,988,443,250,163,86,37,5,4,526,485,41,90,255,76,79,70
52352109,0,,,2543,1200,1343,255,143,112,2258,1038,1220,1376,637,739,2184,1004,1180,2129,977,1152,882,401,481,334,148,186,84,24,60,7,1,6,39,18,21,1037,1035,258,371,214,135,48,6,3,764,692,72,62,549,13,118,212
52352110,0,,,44,19,25,6,3,3,38,16,22,21,9,12,38,16,22,38,16,22,17,7,10,10,3,7,6,3,3,0,0,0,1,0,1,14,14,3,4,2,1,2,1,1,11,4,7,2,11,1,2,1
52352111,0,,,64,33,31,5,4,1,59,29,30,30,15,15,59,29,30,59,29,30,29,14,15,16,8,8,5,1,4,0,0,0,0,0,0,23,23,6,7,4,1,2,3,0,17,11,6,2,19,0,5,4
52352112,0,,,36,15,21,4,2,2,32,13,19,17,10,7,30,12,18,30,12,18,15,3,12,8,1,7,4,0,4,1,0,1,0,0,0,13,13,4,2,3,3,0,0,1,9,6,3,3,11,0,4,1
52352113,0,,,83,41,42,5,2,3,78,39,39,33,19,14,78,39,39,78,39,39,45,20,25,19,7,12,7,2,5,0,0,0,0,0,0,31,31,4,12,9,4,0,2,0,26,21,5,2,25,0,4,8
52352114,0,,,83,41,42,6,2,4,77,39,38,48,27,21,74,38,36,70,34,36,29,12,17,15,4,11,6,3,3,1,0,1,1,0,1,28,28,5,9,3,7,1,3,0,23,15,8,3,20,0,2,3
52352116,0,,,184,87,97,13,8,5,169,78,91,126,58,68,163,76,87,157,71,86,43,20,23,19,8,11,5,2,3,0,0,0,0,0,0,71,71,15,25,16,6,7,2,0,56,49,7,6,27,1,6,11
52352117,0,,,1075,546,529,162,87,75,870,436,434,725,376,349,829,413,416,791,393,398,145,60,85,76,27,49,32,5,27,4,0,4,32,18,14,424,423,134,93,90,73,25,7,1,281,263,18,23,84,21,21,24
52352118,0,,,1532,789,743,123,54,69,1357,708,649,915,503,412,1328,696,632,1300,680,620,442,205,237,186,74,112,67,18,49,9,3,6,22,15,7,693,691,283,196,117,69,18,5,3,393,358,35,38,257,46,70,86
52352119,0,,,35,17,18,1,0,1,33,16,17,22,12,10,30,16,14,29,15,14,11,4,7,6,3,3,2,1,1,0,0,0,0,0,0,16,16,8,2,2,3,1,0,0,8,7,1,0,7,2,3,2
52352120,0,,,49,28,21,2,2,0,47,26,21,20,12,8,46,25,21,45,24,21,27,14,13,10,5,5,3,1,2,0,0,0,0,0,0,21,21,9,3,6,1,0,2,0,12,5,7,1,19,0,7,3
52352121,0,,,186,85,101,25,12,13,161,73,88,89,45,44,156,70,86,154,70,84,72,28,44,32,10,22,12,1,11,2,0,2,0,0,0,62,62,9,15,18,11,6,2,1,53,36,17,4,43,0,6,9
52352122,0,,,41,23,18,1,1,0,40,22,18,28,17,11,39,22,17,38,21,17,12,5,7,7,3,4,1,0,1,0,0,0,0,0,0,14,14,3,3,3,3,1,1,0,11,7,4,0,9,0,3,0
52352123,0,,,225,79,146,24,14,10,201,65,136,63,31,32,198,65,133,197,64,133,138,34,104,104,18,86,82,11,71,17,1,16,1,1,0,46,45,7,13,9,4,7,3,2,38,20,18,6,35,0,3,11
52352124,0,,,67,32,35,0,0,0,67,32,35,43,21,22,66,31,35,66,31,35,24,11,13,15,6,9,6,2,4,0,0,0,0,0,0,22,22,3,4,7,5,3,0,0,19,13,6,0,17,0,3,2
52352125,0,,,33,16,17,2,2,0,31,14,17,20,8,12,31,14,17,30,14,16,11,6,5,2,0,2,1,0,1,0,0,0,0,0,0,12,12,2,4,2,3,1,0,0,10,9,1,1,8,0,2,1
52352126,0,,,2470,1149,1321,311,139,172,2077,967,1110,1656,774,882,2003,934,1069,1925,892,1033,421,193,228,203,85,118,53,18,35,2,1,1,13,9,4,974,973,196,331,242,148,48,7,1,742,694,48,113,294,12,85,96
52352127,0,,,4072,1941,2131,837,434,403,3098,1430,1668,2389,1160,1229,3003,1381,1622,2949,1355,1594,709,270,439,408,131,277,223,52,171,38,4,34,31,16,15,1697,1693,638,366,311,274,86,9,9,1024,972,52,310,416,114,178,115
52352128,0,,,371,181,190,46,20,26,308,150,158,224,115,109,304,148,156,301,147,154,84,35,49,40,16,24,18,5,13,2,0,2,2,1,1,195,195,103,47,20,16,5,3,1,89,76,13,16,55,22,13,18
52352129,0,,,15,6,9,1,0,1,13,5,8,6,2,4,13,5,8,12,5,7,7,3,4,4,2,2,0,0,0,0,0,0,0,0,0,6,6,1,3,1,0,1,0,0,4,4,0,0,4,0,0,2
52352130,0,,,45,25,20,2,1,1,43,24,19,21,14,7,42,24,18,42,24,18,22,10,12,9,4,5,4,3,1,0,0,0,0,0,0,16,16,2,3,8,2,1,0,0,14,10,4,0,14,0,2,2
52352131,0,,,163,73,90,10,4,6,153,69,84,83,40,43,151,68,83,151,68,83,70,29,41,44,15,29,17,4,13,3,1,2,0,0,0,52,52,8,13,11,11,4,3,2,44,23,21,1,45,0,7,6
52352132,0,,,40,20,20,0,0,0,40,20,20,17,10,7,40,20,20,40,20,20,23,10,13,9,3,6,6,1,5,0,0,0,0,0,0,16,16,1,8,5,2,0,0,0,15,11,4,0,14,0,1,3
52352133,0,,,97,47,50,5,4,1,92,43,49,48,23,25,90,41,49,90,41,49,44,20,24,24,11,13,10,4,6,0,0,0,0,0,0,38,38,5,21,6,3,2,0,1,33,28,5,2,25,0,3,13
52352134,0,,,60,32,28,4,1,3,56,31,25,25,13,12,56,31,25,54,29,25,31,18,13,14,8,6,3,0,3,0,0,0,0,0,0,23,23,5,9,4,2,2,0,1,18,13,5,1,20,0,4,7
52352135,0,,,3577,1795,1782,1113,577,536,2413,1192,1221,2221,1104,1117,2235,1101,1134,2150,1054,1096,192,88,104,72,28,44,14,4,10,0,0,0,42,20,22,1103,1103,149,205,207,360,145,31,6,939,900,39,208,136,32,28,34
52352136,0,,,857,437,420,271,151,120,578,281,297,528,260,268,541,266,275,511,247,264,50,21,29,23,10,13,4,2,2,0,0,0,4,4,0,247,247,12,44,62,85,34,9,1,231,218,13,47,34,0,2,12
52352137,0,,,5151,2472,2679,682,338,344,4358,2079,2279,3368,1592,1776,4175,1983,2192,4057,1931,2126,990,487,503,390,166,224,110,33,77,10,1,9,38,19,19,2050,2050,446,714,437,325,109,14,5,1568,1504,64,188,640,70,115,264
52352138,0,,,1500,731,769,189,111,78,1252,593,659,849,430,419,1219,577,642,1193,563,630,403,163,240,228,86,142,66,17,49,7,2,5,15,9,6,645,644,212,194,111,87,28,6,6,416,374,42,50,275,21,77,78
52352139,0,,,56,24,32,2,2,0,54,22,32,32,11,21,53,22,31,53,22,31,22,11,11,11,5,6,5,1,4,0,0,0,0,0,0,21,21,4,7,5,3,1,1,0,17,9,8,0,14,0,3,3
52352140,0,,,44,20,24,2,1,1,42,19,23,17,7,10,41,19,22,41,19,22,25,12,13,9,4,5,5,2,3,0,0,0,0,0,0,17,17,3,7,3,3,0,1,0,14,10,4,0,15,0,3,6
52352141,0,,,118,49,69,15,4,11,103,45,58,57,25,32,99,45,54,98,45,53,46,20,26,24,9,15,10,4,6,1,0,1,0,0,0,38,38,7,9,8,6,5,2,1,31,21,10,2,29,0,6,4
52352142,0,,,99,44,55,5,3,2,94,41,53,56,25,31,92,40,52,88,39,49,38,16,22,26,10,16,8,3,5,1,0,1,0,0,0,36,36,9,13,3,5,2,3,1,27,17,10,2,30,0,7,7
52352143,0,,,90,40,50,5,3,2,85,37,48,49,21,28,83,37,46,81,37,44,36,16,20,23,9,14,8,3,5,0,0,0,0,0,0,30,30,6,9,3,6,4,1,1,23,11,12,2,26,0,4,5
52352144,0,,,155,66,89,13,8,5,137,55,82,64,36,28,132,52,80,131,51,80,73,19,54,57,12,45,35,5,30,9,1,8,2,1,1,40,39,5,16,8,6,4,0,0,33,28,5,7,16,1,1,6
52352145,0,,,3492,1765,1727,967,517,450,2442,1205,1237,2207,1108,1099,2218,1082,1136,2100,1013,1087,235,97,138,86,33,53,11,4,7,0,0,0,21,11,10,1061,1061,117,206,205,358,138,33,4,926,880,46,214,158,10,22,62
52352146,0,,,370,173,197,29,15,14,337,155,182,179,90,89,328,147,181,324,147,177,158,65,93,85,34,51,28,5,23,3,0,3,0,0,0,139,139,27,47,36,14,7,7,1,109,83,26,7,98,0,16,24
52352147,0,,,1097,526,571,109,53,56,976,464,512,738,355,383,932,442,490,900,428,472,238,109,129,107,46,61,30,8,22,1,0,1,4,3,1,400,400,58,139,90,82,26,2,3,336,313,23,22,151,4,27,58
52352148,0,,,339,165,174,35,22,13,300,141,159,182,87,95,293,135,158,288,133,155,118,54,64,55,27,28,22,7,15,4,1,3,7,5,2,138,138,35,47,32,13,6,3,2,101,81,20,13,71,4,6,29
52352149,0,,,282,131,151,20,16,4,262,115,147,98,65,33,247,105,142,240,99,141,164,50,114,127,31,96,78,19,59,14,1,13,0,0,0,69,67,33,14,8,5,4,2,1,34,24,10,1,38,8,9,8
52352150,0,,,38,16,22,1,1,0,37,15,22,18,7,11,37,15,22,36,15,21,19,8,11,8,4,4,2,0,2,0,0,0,0,0,0,16,16,1,11,1,3,0,0,0,15,13,2,0,11,0,1,6
52352151,0,,,184,86,98,11,6,5,173,80,93,94,42,52,170,79,91,169,79,90,79,38,41,42,19,23,17,6,11,2,0,2,0,0,0,64,64,10,22,13,9,6,3,1,54,35,19,2,51,0,8,16
52352152,1,,52352153,74,37,37,4,3,1,72,35,37,34,19,15,68,31,37,68,31,37,38,16,22,15,6,9,2,0,2,1,0,1,0,0,0,31,31,4,19,5,3,0,0,1,28,24,4,1,23,0,2,12
52352153,2,52352152,,2,1,1,*,*,*,*,*,*,*,*,*,*,*,*,*,*,*,*,*,*,*,*,*,*,*,*,*,*,*,*,*,*,1,1,*,*,*,*,*,*,*,*,*,*,*,*,*,*,*
52352154,0,,,76,38,38,10,5,5,66,33,33,42,23,19,66,33,33,66,33,33,24,10,14,13,3,10,3,0,3,1,0,1,0,0,0,28,28,4,11,7,4,1,0,1,24,20,4,2,18,0,2,4
52352155,0,,,2539,1193,1346,188,97,91,2351,1096,1255,1409,626,783,2281,1061,1220,2248,1045,1203,942,470,472,331,153,178,94,33,61,4,0,4,11,6,5,1049,1049,162,500,219,132,27,7,2,884,829,55,41,610,3,104,282
52352156,0,,,5212,2429,2783,474,238,236,4738,2191,2547,3135,1407,1728,4613,2129,2484,4533,2094,2439,1603,784,819,624,298,326,147,62,85,10,4,6,26,10,16,2150,2150,400,890,509,267,70,11,3,1736,1652,84,121,1061,8,240,428
52352157,0,,,5506,2724,2782,534,282,252,4869,2387,2482,3482,1812,1670,4751,2326,2425,4573,2228,2345,1387,575,812,792,296,496,276,80,196,29,7,22,67,34,33,2567,2563,1336,573,340,223,69,17,5,1212,1118,94,178,711,457,268,190
52352158,0,,,1372,680,692,109,55,54,1231,608,623,878,443,435,1202,592,610,1156,572,584,353,165,188,174,69,105,62,24,38,3,0,3,28,18,10,669,669,302,170,97,73,17,9,1,367,321,46,36,234,75,57,72
52352159,0,,,392,181,211,25,9,16,363,170,193,221,113,108,353,167,186,351,165,186,142,57,85,85,28,57,29,6,23,3,1,2,4,3,1,189,186,86,51,24,14,6,3,2,95,70,25,7,94,16,30,20
52352160,0,,,323,155,168,12,8,4,311,147,164,154,73,81,306,145,161,304,143,161,157,74,83,74,29,45,31,14,17,0,0,0,5,0,5,125,125,28,37,30,23,5,0,2,97,63,34,3,100,4,15,22
52352161,0,,,130,61,69,12,6,6,118,55,63,66,32,34,118,55,63,118,55,63,52,23,29,26,9,17,5,2,3,0,0,0,0,0,0,43,43,4,16,10,8,0,3,2,39,28,11,2,35,0,4,9
52352162,0,,,28,13,15,3,1,2,25,12,13,16,7,9,22,10,12,22,10,12,9,5,4,5,2,3,2,1,1,0,0,0,0,0,0,5,5,0,1,0,0,2,0,2,5,2,3,1,5,0,0,1
52352163,0,,,436,192,244,8,3,5,428,189,239,139,79,60,426,188,238,422,185,237,289,110,179,195,69,126,92,32,60,12,2,10,3,0,3,31,25,4,6,6,3,5,1,0,21,18,3,1,14,0,3,4
52352164,0,,,643,315,328,86,43,43,557,272,285,429,215,214,534,260,274,517,253,264,128,57,71,59,24,35,20,7,13,1,0,1,2,1,1,213,213,18,69,53,48,19,3,3,195,173,22,10,84,0,9,26
52352165,0,,,5443,2594,2849,629,339,290,4814,2255,2559,3175,1443,1732,4651,2159,2492,4564,2119,2445,1639,812,827,527,235,292,142,48,94,10,4,6,9,3,6,2091,2091,277,897,464,324,101,21,7,1811,1679,132,137,1044,4,167,475
52352166,0,,,7487,3523,3964,1232,630,602,6255,2893,3362,4746,2187,2559,5943,2725,3218,5770,2646,3124,1509,706,803,568,239,329,179,68,111,6,2,4,54,25,29,2779,2778,433,948,647,565,155,29,1,2330,2242,88,261,1005,7,246,409
52352167,0,,,4728,2307,2421,887,454,433,3802,1833,1969,2970,1502,1468,3657,1765,1892,3541,1703,1838,832,331,501,445,160,285,198,55,143,19,2,17,24,15,9,1914,1912,684,420,334,336,110,24,4,1212,1140,72,232,490,187,145,140
52352168,0,,,7195,3375,3820,799,396,403,6278,2917,3361,4634,2264,2370,6107,2839,3268,5858,2689,3169,1644,653,991,895,323,572,293,86,207,24,3,21,97,35,62,3536,3533,1636,911,527,342,100,11,6,1874,1745,129,281,1092,471,382,332
52352169,0,,,379,193,186,14,8,6,365,185,180,244,129,115,357,182,175,348,177,171,121,56,65,52,20,32,15,4,11,4,1,3,4,2,2,151,151,39,45,36,21,6,1,3,112,84,28,6,75,11,6,21
52352170,0,,,110,56,54,3,1,2,107,55,52,58,32,26,104,53,51,102,53,49,49,23,26,30,14,16,11,4,7,1,0,1,0,0,0,39,39,6,15,9,3,2,3,1,33,22,11,0,27,0,3,9
52352171,0,,,17,10,7,0,0,0,17,10,7,11,8,3,17,10,7,17,10,7,6,2,4,4,1,3,3,1,2,0,0,0,3,3,0,5,5,1,2,0,0,1,0,1,3,2,1,0,3,0,1,0
52352172,0,,,58,26,32,5,2,3,53,24,29,32,13,19,52,24,28,50,23,27,21,11,10,8,4,4,2,1,1,1,1,0,0,0,0,15,15,1,3,3,3,2,2,1,14,7,7,1,13,0,0,2
52352173,0,,,71,39,32,8,4,4,63,35,28,35,23,12,61,33,28,60,32,28,28,12,16,13,3,10,3,0,3,1,0,1,0,0,0,25,25,3,10,5,5,1,0,1,22,16,6,0,19,0,1,6
52352174,0,,,1857,885,972,228,114,114,1629,771,858,1012,453,559,1573,741,832,1533,719,814,617,318,299,185,82,103,48,15,33,2,0,2,10,4,6,674,673,73,271,163,102,47,14,3,597,542,55,51,389,4,48,180
52352175,0,,,1952,1014,938,218,126,92,1716,875,841,1193,622,571,1658,840,818,1612,812,800,523,253,270,208,89,119,75,25,50,6,2,4,15,15,0,817,817,223,269,161,132,21,6,5,593,551,42,73,335,57,72,154
52352176,0,,,422,184,238,33,17,16,386,165,221,196,98,98,374,157,217,363,154,209,190,67,123,129,36,93,81,18,63,13,2,11,3,2,1,123,122,37,24,17,24,13,5,2,84,61,23,5,69,1,16,13
52352177,0,,,1000,471,529,96,45,51,904,426,478,553,280,273,887,418,469,870,409,461,351,146,205,180,73,107,48,12,36,6,0,6,25,6,19,452,451,156,154,75,46,15,3,2,293,261,32,35,225,38,57,77
52352178,0,,,1511,734,777,156,71,85,1304,637,667,1001,502,499,1265,614,651,1217,583,634,303,135,168,155,69,86,36,12,24,1,0,1,28,8,20,745,745,342,177,121,78,22,5,0,399,373,26,46,198,96,54,66
52352179,2,52352189,,6,4,2,*,*,*,*,*,*,*,*,*,*,*,*,*,*,*,*,*,*,*,*,*,*,*,*,*,*,*,*,*,*,2,2,*,*,*,*,*,*,*,*,*,*,*,*,*,*,*
52352180,1,,52352181,11,6,5,1,1,0,14,7,7,10,5,5,13,6,7,13,6,7,4,2,2,2,0,2,1,0,1,0,0,0,2,1,1,4,4,4,2,1,0,1,0,0,4,3,1,0,4,0,2,0
52352181,2,52352180,,5,3,2,*,*,*,*,*,*,*,*,*,*,*,*,*,*,*,*,*,*,*,*,*,*,*,*,*,*,*,*,*,*,4,4,*,*,*,*,*,*,*,*,*,*,*,*,*,*,*
52352182,0,,,570,285,285,107,64,43,462,220,242,351,166,185,437,209,228,424,203,221,111,54,57,34,12,22,14,6,8,1,0,1,5,3,2,206,206,41,60,45,36,16,6,2,165,148,17,18,73,0,17,28
52352183,0,,,1154,560,594,254,131,123,900,429,471,649,306,343,884,424,460,874,421,453,251,123,128,96,44,52,27,15,12,1,0,1,10,7,3,384,383,37,135,84,84,40,0,3,344,316,28,91,153,2,18,66
52352184,0,,,6984,3362,3622,1096,577,519,5883,2781,3102,4345,2010,2335,5680,2681,2999,5558,2629,2929,1538,771,767,550,247,303,159,61,98,6,2,4,56,27,29,2629,2629,437,895,636,497,132,25,7,2183,2060,123,326,1007,123,176,441
52352185,0,,,6463,3057,3406,869,448,421,5591,2607,2984,4273,1982,2291,5374,2494,2880,5228,2422,2806,1318,625,693,515,231,284,139,52,87,7,0,7,41,21,20,2487,2487,398,895,632,450,96,13,3,2078,2001,77,206,859,30,188,366
52352186,0,,,1313,629,684,95,49,46,1201,571,630,1004,480,524,1173,559,614,1139,537,602,197,91,106,83,31,52,23,4,19,1,0,1,17,8,9,590,589,209,163,119,76,17,5,0,379,360,19,30,131,52,41,39
52352187,0,,,1069,519,550,75,44,31,994,475,519,521,241,280,975,463,512,957,450,507,473,234,239,177,78,99,43,18,25,2,0,2,4,2,2,452,452,88,205,91,47,17,3,1,363,330,33,13,300,11,45,134
52352188,0,,,1668,787,881,112,53,59,1556,734,822,709,321,388,1543,731,812,1531,725,806,847,413,434,344,162,182,112,41,71,10,2,8,8,4,4,593,592,119,284,112,59,12,4,2,473,433,40,30,420,26,76,201
52352189,1,,52352179,63,32,31,3,2,1,66,34,32,38,22,16,65,33,32,65,33,32,28,12,16,13,5,8,5,1,4,0,0,0,0,0,0,22,22,4,7,6,4,2,0,1,20,14,6,1,17,0,3,3
52352190,0,,,59,26,33,4,1,3,55,25,30,26,11,15,53,25,28,51,24,27,29,14,15,12,5,7,8,3,5,2,0,2,0,0,0,20,20,3,9,1,3,2,1,1,17,10,7,0,16,0,1,5
52352191,0,,,74,38,36,3,2,1,71,36,35,32,17,15,70,36,34,68,34,34,39,19,20,13,4,9,3,0,3,0,0,0,0,0,0,27,27,4,12,3,6,0,1,1,23,16,7,0,24,0,2,8
52352192,0,,,93,41,52,4,1,3,89,40,49,46,21,25,88,39,49,87,39,48,43,19,24,11,3,8,4,1,3,0,0,0,0,0,0,31,31,1,12,9,6,2,0,1,29,19,10,1,26,0,1,6
52352193,0,,,2076,973,1103,282,143,139,1793,829,964,1448,656,792,1745,800,945,1694,771,923,345,173,172,140,58,82,45,14,31,1,0,1,15,9,6,791,791,155,241,203,144,36,11,1,627,580,47,113,247,26,61,75
52352194,0,,,6371,3069,3302,1741,890,851,4630,2179,2451,3965,1844,2121,4471,2104,2367,4375,2052,2323,665,335,330,214,84,130,58,15,43,4,0,4,26,13,13,2011,2011,122,528,504,648,174,27,8,1884,1809,75,484,451,2,58,190
52352195,0,,,6996,3340,3656,1138,587,551,5858,2753,3105,4460,2064,2396,5514,2567,2947,5346,2493,2853,1398,689,709,503,226,277,139,45,94,5,2,3,21,7,14,2332,2332,192,734,580,594,189,32,11,2137,1977,160,219,865,4,98,387
52352196,0,,,430,240,190,43,34,9,378,202,176,237,140,97,366,194,172,352,183,169,141,62,79,65,24,41,24,7,17,1,1,0,8,6,2,197,197,98,35,27,19,12,1,5,98,74,24,13,92,15,28,25
52352197,0,,,21,14,7,4,4,0,17,10,7,12,9,3,16,9,7,14,7,7,5,1,4,1,0,1,0,0,0,0,0,0,0,0,0,9,9,5,1,1,1,0,0,1,4,2,2,0,3,3,1,0
52352198,0,,,497,248,249,30,18,12,467,230,237,292,151,141,428,208,220,411,198,213,175,79,96,95,40,55,29,15,14,3,1,2,0,0,0,193,192,54,58,43,25,9,2,1,137,114,23,7,112,12,20,33
52352199,0,,,458,221,237,33,19,14,425,202,223,212,101,111,416,199,217,410,198,212,213,101,112,115,49,66,31,14,17,4,2,2,0,0,0,189,189,40,80,33,26,7,1,2,149,127,22,9,135,1,29,52
52352200,0,,,891,423,468,91,48,43,795,374,421,466,226,240,759,351,408,743,342,401,329,148,181,129,51,78,28,10,18,4,0,4,4,2,2,351,351,66,138,72,50,21,1,3,283,252,31,14,208,1,43,87
52352201,0,,,1208,598,610,108,51,57,1097,546,551,737,378,359,1042,512,530,1015,497,518,360,168,192,163,72,91,38,13,25,2,1,1,5,4,1,461,460,82,188,92,73,21,3,1,375,347,28,16,231,3,48,79
52352202,0,,,2478,1195,1283,437,229,208,2032,962,1070,1500,742,758,1911,900,1011,1850,865,985,532,220,312,264,94,170,86,23,63,21,0,21,18,7,11,842,841,108,267,188,194,65,14,5,721,654,67,68,313,1,50,115
52352203,0,,,129,65,64,51,27,24,78,38,40,73,36,37,74,36,38,74,36,38,5,2,3,1,1,0,0,0,0,0,0,0,0,0,0,35,35,0,4,8,19,3,1,0,35,33,2,16,3,0,0,0
52352204,0,,,1316,633,683,335,165,170,981,468,513,828,399,429,928,444,484,892,419,473,153,69,84,61,26,35,14,6,8,0,0,0,6,2,4,409,409,25,102,103,127,42,10,0,383,359,24,93,94,0,15,39
52352205,0,,,316,138,178,24,11,13,292,127,165,187,76,111,284,125,159,275,121,154,105,51,54,29,14,15,5,0,5,0,0,0,6,3,3,120,120,9,55,32,19,5,0,0,110,105,5,5,61,0,5,32
52352208,0,,,2241,1054,1187,169,89,80,2064,962,1102,1110,506,604,2011,937,1074,1978,919,1059,954,456,498,405,197,208,78,32,46,6,0,6,5,3,2,993,993,224,468,177,82,33,7,2,758,724,34,32,602,5,140,290
52352209,0,,,7901,3631,4270,1154,585,569,6709,3028,3681,4006,1788,2218,6524,2941,3583,6415,2891,3524,2703,1240,1463,1319,597,722,264,112,152,12,2,10,88,29,59,3341,3341,824,1283,609,472,125,25,3,2500,2391,109,275,1804,22,537,738
52352211,0,,,254,139,115,7,4,3,240,131,109,107,59,48,232,125,107,229,124,105,133,72,61,53,30,23,8,7,1,0,0,0,4,2,2,120,120,33,59,15,8,4,1,0,84,78,6,0,84,0,20,42
52352212,0,,,52,21,31,0,0,0,51,21,30,28,11,17,50,21,29,50,21,29,23,10,13,3,2,1,1,0,1,0,0,0,0,0,0,27,27,9,12,5,1,0,0,0,18,17,1,0,14,0,4,7
52352219,0,,,491,234,257,94,51,43,397,183,214,274,124,150,387,179,208,378,177,201,123,59,64,56,31,25,5,4,1,1,0,1,1,1,0,191,191,44,61,37,35,12,1,1,145,140,5,32,86,1,30,31
52352221,0,,,351,167,184,10,7,3,333,156,177,162,79,83,328,154,174,322,150,172,171,77,94,79,35,44,20,6,14,1,0,1,4,2,2,158,158,43,68,26,13,6,2,0,110,98,12,2,117,0,35,40
52352222,0,,,105,48,57,2,0,2,102,47,55,54,25,29,97,44,53,94,44,50,48,22,26,21,7,14,4,0,4,2,0,2,1,1,0,45,45,7,22,11,4,1,0,0,37,33,4,0,28,0,4,13
52352224,0,,,15,6,9,0,0,0,15,6,9,5,1,4,15,6,9,15,6,9,10,5,5,4,3,1,1,1,0,0,0,0,0,0,0,8,8,3,4,0,1,0,0,0,5,5,0,0,6,0,2,3
52352229,2,52352239,,11,3,8,*,*,*,*,*,*,*,*,*,*,*,*,*,*,*,*,*,*,*,*,*,*,*,*,*,*,*,*,*,*,4,4,*,*,*,*,*,*,*,*,*,*,*,*,*,*,*
52352230,0,,,71,26,45,3,1,2,68,25,43,43,19,24,67,24,43,67,24,43,25,6,19,16,1,15,7,0,7,1,0,1,0,0,0,30,30,11,6,7,3,3,0,0,19,14,5,1,19,0,9,1
52352234,1,,52352235,19,9,10,1,1,0,23,10,13,8,3,5,23,10,13,23,10,13,15,7,8,9,5,4,4,2,2,0,0,0,0,0,0,10,10,4,7,2,0,0,0,0,9,9,0,0,10,1,3,6
52352235,2,52352234,,5,2,3,*,*,*,*,*,*,*,*,*,*,*,*,*,*,*,*,*,*,*,*,*,*,*,*,*,*,*,*,*,*,3,3,*,*,*,*,*,*,*,*,*,*,*,*,*,*,*
52352238,0,,,16,8,8,0,0,0,16,8,8,10,4,6,16,8,8,15,8,7,6,4,2,5,3,2,2,1,1,0,0,0,0,0,0,8,8,2,4,2,0,0,0,0,6,5,1,0,5,0,2,2
52352239,1,,52352229,233,119,114,33,19,14,211,103,108,151,73,78,201,97,104,198,97,101,60,30,30,26,12,14,7,4,3,0,0,0,1,1,0,85,85,12,32,19,21,3,2,0,76,68,8,7,40,0,6,16
52352240,0,,,60,31,29,2,1,1,58,30,28,25,16,9,56,28,28,56,28,28,33,14,19,18,8,10,7,3,4,1,0,1,0,0,0,24,24,3,12,4,4,1,0,0,21,16,5,2,18,0,1,8
52352241,0,,,12,6,6,1,1,0,11,5,6,6,3,3,11,5,6,10,5,5,5,2,3,3,1,2,2,1,1,0,0,0,0,0,0,4,4,1,2,0,0,0,0,1,3,2,1,0,4,0,1,1
52352244,0,,,12,6,6,0,0,0,12,6,6,6,1,5,12,6,6,11,6,5,6,5,1,3,2,1,3,2,1,0,0,0,0,0,0,5,5,1,3,0,0,1,0,0,4,4,0,0,4,0,1,2
52352246,2,52352256,,8,2,6,*,*,*,*,*,*,*,*,*,*,*,*,*,*,*,*,*,*,*,*,*,*,*,*,*,*,*,*,*,*,4,4,*,*,*,*,*,*,*,*,*,*,*,*,*,*,*
52352247,2,52352256,,4,2,2,*,*,*,*,*,*,*,*,*,*,*,*,*,*,*,*,*,*,*,*,*,*,*,*,*,*,*,*,*,*,2,2,*,*,*,*,*,*,*,*,*,*,*,*,*,*,*
52352248,0,,,12,6,6,0,0,0,12,6,6,3,2,1,12,6,6,12,6,6,9,4,5,3,1,2,2,0,2,1,0,1,0,0,0,6,6,1,4,1,0,0,0,0,5,4,1,0,5,0,1,2
52352254,1,,52352255,249,109,140,16,7,9,237,104,133,128,59,69,235,103,132,233,102,131,109,45,64,46,13,33,12,4,8,1,0,1,4,1,3,63,62,13,27,14,9,1,0,0,51,48,3,4,40,0,10,10
52352255,2,52352254,,4,2,2,*,*,*,*,*,*,*,*,*,*,*,*,*,*,*,*,*,*,*,*,*,*,*,*,*,*,*,*,*,*,2,2,*,*,*,*,*,*,*,*,*,*,*,*,*,*,*
52352256,1,,52352246;52352247,160,72,88,8,5,3,163,70,93,94,43,51,155,66,89,152,65,87,69,27,42,33,7,26,13,5,8,0,0,0,3,2,1,58,58,11,22,16,9,3,3,0,53,43,10,1,47,0,10,17
52352258,0,,,499,245,254,146,67,79,353,178,175,324,167,157,313,152,161,296,144,152,29,11,18,16,6,10,1,1,0,0,0,0,0,0,0,137,137,7,22,28,50,21,7,2,130,121,9,23,20,0,1,3
52352259,0,,,1040,530,510,212,108,104,828,422,406,724,375,349,730,367,363,689,345,344,104,47,57,50,27,23,7,2,5,0,0,0,9,3,6,310,310,25,65,57,113,42,6,2,284,262,22,19,72,0,16,22
52352260,1,,52352270,50,21,29,9,4,5,47,20,27,23,11,12,47,20,27,47,20,27,24,9,15,11,4,7,4,1,3,1,0,1,0,0,0,14,14,1,3,4,5,1,2,0,15,8,7,2,14,0,1,1
52352264,0,,,169,83,86,21,8,13,148,75,73,88,45,43,142,73,69,141,73,68,60,30,30,34,16,18,10,4,6,1,0,1,0,0,0,63,63,13,21,9,15,4,0,1,50,44,6,3,39,0,8,12
52352268,0,,,1103,530,573,272,130,142,831,400,431,744,362,382,745,355,390,696,340,356,87,38,49,24,9,15,10,1,9,0,0,0,12,3,9,322,322,19,58,83,111,35,12,4,302,277,25,29,54,0,5,17
52352269,0,,,3216,1471,1745,503,239,264,2713,1232,1481,1942,927,1015,2549,1151,1398,2459,1107,1352,771,305,466,414,126,288,226,43,183,46,3,43,11,5,6,991,987,83,300,261,242,75,20,6,901,835,66,120,344,0,39,134
52352270,2,52352260,,6,3,3,*,*,*,*,*,*,*,*,*,*,*,*,*,*,*,*,*,*,*,*,*,*,*,*,*,*,*,*,*,*,2,2,*,*,*,*,*,*,*,*,*,*,*,*,*,*,*
52352273,2,52352274,,9,4,5,*,*,*,*,*,*,*,*,*,*,*,*,*,*,*,*,*,*,*,*,*,*,*,*,*,*,*,*,*,*,2,2,*,*,*,*,*,*,*,*,*,*,*,*,*,*,*
52352274,1,,52352273,213,97,116,8,4,4,214,97,117,112,52,60,204,92,112,199,90,109,102,45,57,58,26,32,19,6,13,1,1,0,6,0,6,90,90,23,34,18,10,6,0,1,69,52,17,1,64,4,15,22
52352277,2,52352278,,9,3,6,*,*,*,*,*,*,*,*,*,*,*,*,*,*,*,*,*,*,*,*,*,*,*,*,*,*,*,*,*,*,5,5,*,*,*,*,*,*,*,*,*,*,*,*,*,*,*
52352278,1,,52352277,2447,1196,1251,367,204,163,2089,995,1094,1399,646,753,1996,940,1056,1950,917,1033,690,349,341,241,117,124,52,14,38,2,0,2,8,5,3,890,890,103,365,197,152,59,10,9,790,722,68,71,438,1,60,211
52352279,0,,,4570,2176,2394,658,345,313,3912,1831,2081,2493,1160,1333,3797,1767,2030,3721,1722,1999,1419,671,748,589,251,338,190,53,137,15,1,14,29,13,16,1746,1743,306,686,378,269,82,15,7,1428,1350,78,183,878,12,183,381
52352282,0,,,32,15,17,4,2,2,28,13,15,15,7,8,27,12,15,25,11,14,13,6,7,4,2,2,2,1,1,1,1,0,0,0,0,11,11,1,6,1,1,1,0,1,10,8,2,0,9,0,0,3
52352284,0,,,260,101,159,7,4,3,253,97,156,88,38,50,248,96,152,243,93,150,165,59,106,123,37,86,67,17,50,16,2,14,0,0,0,64,63,11,25,13,8,3,2,1,52,40,12,1,47,0,7,17
52352287,2,52352288,,3,2,1,*,*,*,*,*,*,*,*,*,*,*,*,*,*,*,*,*,*,*,*,*,*,*,*,*,*,*,*,*,*,1,1,*,*,*,*,*,*,*,*,*,*,*,*,*,*,*
52352288,1,,52352287,2728,1327,1401,455,237,218,2276,1092,1184,1951,936,1015,2068,982,1086,1962,941,1021,325,156,169,146,69,77,44,19,25,2,1,1,5,3,2,870,870,64,234,210,270,75,14,4,805,760,45,52,213,1,29,84
52352289,0,,,1434,689,745,353,183,170,1081,506,575,789,371,418,1029,484,545,1007,468,539,292,135,157,121,56,65,31,15,16,3,0,3,9,2,7,480,480,61,133,103,130,42,9,2,418,388,30,100,188,2,41,72
52352290,0,,,82,39,43,7,3,4,75,36,39,38,20,18,74,35,39,74,35,39,37,16,21,12,3,9,8,1,7,2,0,2,0,0,0,28,28,5,7,8,4,2,1,1,23,15,8,3,21,0,3,5
52352291,0,,,15,7,8,3,2,1,12,5,7,7,3,4,11,4,7,10,3,7,5,2,3,2,0,2,0,0,0,0,0,0,0,0,0,5,5,1,3,0,0,0,0,1,4,3,1,1,4,0,1,1
52352292,0,,,41,21,20,3,1,2,38,20,18,17,10,7,38,20,18,36,19,17,21,10,11,12,5,7,4,0,4,1,0,1,0,0,0,21,21,10,6,1,4,0,0,0,11,9,2,1,15,0,6,5
52352293,0,,,120,56,64,7,6,1,113,50,63,65,31,34,108,48,60,106,48,58,48,19,29,21,8,13,7,4,3,0,0,0,0,0,0,41,41,4,13,13,5,5,1,0,37,28,9,0,31,0,3,7
52352294,0,,,373,159,214,21,11,10,352,148,204,139,64,75,346,144,202,343,143,200,213,84,129,156,57,99,78,23,55,10,2,8,3,1,2,107,106,19,39,19,17,7,5,0,87,66,21,3,81,0,13,26
52352295,1,,52352296,110,58,52,7,4,3,112,59,53,48,28,20,110,57,53,108,55,53,64,31,33,26,10,16,9,2,7,0,0,0,0,0,0,48,48,10,28,5,4,3,0,1,41,37,4,1,39,1,6,22
52352296,2,52352295,,9,5,4,*,*,*,*,*,*,*,*,*,*,*,*,*,*,*,*,*,*,*,*,*,*,*,*,*,*,*,*,*,*,3,3,*,*,*,*,*,*,*,*,*,*,*,*,*,*,*
52352298,0,,,62,30,32,4,2,2,58,28,30,32,17,15,57,28,29,57,28,29,26,11,15,13,5,8,5,1,4,0,0,0,0,0,0,19,19,2,3,7,4,1,2,0,16,9,7,0,15,0,2,1
52352299,0,,,200,85,115,8,4,4,192,81,111,96,45,51,189,81,108,187,80,107,96,36,60,58,15,43,26,4,22,2,0,2,2,0,2,71,70,15,23,18,7,3,4,0,54,39,15,2,53,0,10,9
52352300,0,,,1303,643,660,471,242,229,832,401,431,796,386,410,777,373,404,758,365,393,36,15,21,7,2,5,3,0,3,0,0,0,9,5,4,377,377,17,46,115,152,41,6,0,358,351,7,161,27,0,6,6
52352301,0,,,1960,881,1079,159,81,78,1791,794,997,1004,479,525,1734,760,974,1688,739,949,787,315,472,490,184,306,193,50,143,21,2,19,15,9,6,727,725,160,273,158,95,35,2,2,557,525,32,27,377,11,77,141
52352302,0,,,4294,1964,2330,468,245,223,3795,1702,2093,2198,1052,1146,3685,1644,2041,3619,1610,2009,1597,650,947,992,404,588,353,118,235,36,12,24,29,12,17,1816,1814,486,687,347,225,61,8,0,1318,1236,82,122,965,9,289,366
52352303,0,,,6811,3239,3572,890,472,418,5890,2751,3139,4133,2019,2114,5751,2678,3073,5637,2621,3016,1757,732,1025,990,388,602,254,93,161,8,2,6,132,64,68,3065,3063,1103,889,583,355,104,24,5,1929,1782,147,317,1204,215,417,312
52352304,0,,,617,284,333,46,22,24,563,256,307,336,154,182,553,252,301,541,248,293,227,102,125,116,57,59,37,19,18,1,0,1,13,8,5,280,279,101,87,47,31,10,1,2,177,157,20,15,150,11,41,46
52352306,0,,,745,364,381,102,51,51,637,310,327,433,216,217,616,297,319,604,290,314,204,94,110,92,39,53,24,6,18,3,0,3,10,9,1,293,293,74,86,63,48,15,6,1,219,199,20,18,131,10,28,46
52352307,0,,,4760,2092,2668,566,278,288,4158,1804,2354,2647,1204,1443,4032,1738,2294,3950,1701,2249,1511,600,911,859,325,534,286,84,202,27,6,21,66,32,34,2138,2137,764,645,382,253,75,15,3,1355,1238,117,140,1014,76,365,296
52352308,1,,52352317,8039,3793,4246,934,455,479,7056,3318,3738,4695,2286,2409,6814,3187,3627,6643,3098,3545,2361,1032,1329,1169,499,670,273,98,175,19,1,18,91,40,51,3732,3730,1381,1135,656,427,103,26,6,2333,2216,117,251,1620,142,559,551
52352309,0,,,4317,1977,2340,666,346,320,3631,1624,2007,2513,1199,1314,3500,1557,1943,3423,1516,1907,1118,425,693,677,211,466,321,70,251,52,6,46,78,38,40,1714,1708,598,430,326,260,77,12,5,1096,1034,62,204,519,108,143,174
52352310,0,,,73,39,34,31,19,12,42,20,22,39,20,19,41,19,22,40,19,21,3,0,3,2,0,2,1,0,1,0,0,0,1,0,1,18,18,0,1,4,7,5,1,0,17,15,2,11,3,0,0,0
52352311,0,,,1500,694,806,178,104,74,1322,590,732,747,336,411,1259,558,701,1220,537,683,575,254,321,374,176,198,68,25,43,4,2,2,8,5,3,582,581,106,235,109,95,35,0,1,475,448,27,42,336,1,85,155
52352312,0,,,5064,2364,2700,643,331,312,4420,2033,2387,2775,1285,1490,4221,1936,2285,4095,1876,2219,1645,748,897,956,451,505,205,92,113,11,2,9,39,20,19,1917,1916,312,714,404,355,107,15,9,1599,1509,90,137,1047,2,235,429
52352313,0,,,5914,2807,3107,775,429,346,5108,2362,2746,3247,1552,1695,4939,2266,2673,4833,2209,2624,1861,810,1051,1022,460,562,261,115,146,20,7,13,36,20,16,2379,2375,565,836,464,378,105,15,12,1801,1676,125,210,1200,40,340,432
52352314,0,,,816,325,491,45,24,21,768,300,468,317,153,164,751,291,460,737,283,454,451,147,304,347,106,241,197,45,152,39,3,36,18,3,15,256,250,66,84,48,30,17,4,1,180,144,36,11,164,8,33,40
52352315,0,,,129,60,69,0,0,0,129,60,69,71,36,35,128,59,69,126,58,68,58,24,34,33,12,21,10,3,7,0,0,0,0,0,0,54,54,17,13,14,7,2,1,0,37,29,8,0,38,0,13,8
52352317,2,52352308,,8,4,4,*,*,*,*,*,*,*,*,*,*,*,*,*,*,*,*,*,*,*,*,*,*,*,*,*,*,*,*,*,*,4,4,*,*,*,*,*,*,*,*,*,*,*,*,*,*,*
52352318,0,,,25,15,10,3,2,1,22,13,9,13,7,6,22,13,9,22,13,9,9,6,3,2,2,0,0,0,0,0,0,0,0,0,0,13,13,4,7,1,1,0,0,0,8,7,1,2,7,0,2,4
52352319,1,,52352328,1825,864,961,276,146,130,1544,715,829,977,457,520,1484,678,806,1449,662,787,567,258,309,310,150,160,46,24,22,2,2,0,24,14,10,736,736,159,271,143,125,33,6,0,570,538,32,78,365,17,89,158
52352320,0,,,1174,570,604,76,39,37,1098,531,567,553,263,290,1071,522,549,1059,514,545,545,268,277,227,113,114,48,18,30,1,0,1,6,4,2,495,495,94,230,99,52,10,7,3,400,372,28,15,341,0,63,155
52352321,0,,,272,100,172,6,5,1,266,95,171,64,34,30,261,91,170,257,90,167,202,61,141,171,49,122,87,16,71,20,0,20,0,0,0,73,71,20,33,10,5,1,0,2,51,47,4,1,56,0,16,23
52352322,0,,,5624,2691,2933,708,357,351,4915,2333,2582,3257,1601,1656,4714,2236,2478,4592,2170,2422,1658,732,926,910,376,534,241,83,158,21,3,18,45,23,22,2182,2181,465,761,456,362,107,24,6,1706,1598,108,175,1029,20,262,394
52352323,0,,,6461,3018,3443,800,404,396,5660,2613,3047,3723,1754,1969,5471,2513,2958,5343,2460,2883,1937,859,1078,1048,464,584,231,95,136,15,6,9,63,34,29,2674,2671,647,932,584,388,91,23,6,2006,1887,119,230,1290,46,356,439
52352324,0,,,1641,753,888,173,82,91,1464,670,794,828,411,417,1421,646,775,1402,640,762,636,259,377,333,115,218,123,26,97,17,1,16,18,8,10,611,609,131,220,141,76,27,10,4,474,423,51,37,349,3,81,105
52352325,0,,,835,393,442,63,34,29,752,351,401,443,208,235,737,342,395,721,334,387,309,143,166,125,54,71,32,11,21,4,0,4,16,9,7,365,365,98,147,62,43,8,4,3,265,241,24,18,204,4,44,84
52352328,2,52352319,,6,3,3,*,*,*,*,*,*,*,*,*,*,*,*,*,*,*,*,*,*,*,*,*,*,*,*,*,*,*,*,*,*,1,1,*,*,*,*,*,*,*,*,*,*,*,*,*,*,*
52352330,0,,,4610,2213,2397,1166,587,579,3441,1624,1817,2674,1269,1405,3271,1531,1740,3179,1482,1697,767,355,412,358,158,200,114,42,72,7,0,7,35,16,19,1571,1570,240,426,326,392,151,31,4,1327,1256,71,266,528,0,147,185
52352331,0,,,807,386,421,68,28,40,739,358,381,490,236,254,718,346,372,699,337,362,249,122,127,98,44,54,37,10,27,2,1,1,5,2,3,339,339,69,136,79,46,9,0,0,269,256,13,11,164,1,40,68
52352332,0,,,6733,3196,3537,854,430,424,5877,2765,3112,3918,1884,2034,5669,2661,3008,5519,2576,2943,1959,881,1078,993,440,553,263,89,174,22,4,18,26,15,11,2567,2564,488,864,603,445,135,22,7,2065,1940,125,225,1235,16,303,462
52352333,0,,,6616,3149,3467,835,430,405,5780,2718,3062,3977,1893,2084,5587,2608,2979,5455,2538,2917,1803,825,978,852,379,473,189,69,120,18,2,16,32,10,22,2759,2758,733,921,535,448,104,11,6,2015,1902,113,239,1203,67,349,421
52352334,0,,,2111,995,1116,182,93,89,1914,898,1016,926,448,478,1878,877,1001,1849,863,986,988,450,538,479,225,254,108,47,61,6,3,3,6,2,4,904,902,203,393,171,90,34,6,5,698,640,58,40,623,0,142,270
52352335,0,,,3207,1451,1756,200,99,101,2985,1346,1639,1575,733,842,2909,1314,1595,2859,1287,1572,1410,613,797,653,254,399,213,56,157,40,4,36,20,10,10,1377,1372,336,588,277,126,35,7,3,1028,974,54,51,829,2,195,351
52352340,0,,,3264,1513,1751,286,136,150,2978,1377,1601,1520,694,826,2890,1337,1553,2826,1306,1520,1458,683,775,742,368,374,145,57,88,8,1,7,5,1,4,1352,1352,264,598,243,178,57,8,4,1088,1024,64,54,904,2,198,420
52352341,0,,,5521,2573,2948,544,302,242,4977,2271,2706,2910,1360,1550,4763,2158,2605,4626,2092,2534,2067,911,1156,1142,487,655,399,135,264,45,8,37,49,22,27,2147,2144,443,843,407,337,89,19,6,1692,1618,74,93,1193,20,301,526
52352342,0,,,5754,2634,3120,609,334,275,5145,2300,2845,2806,1324,1482,5002,2230,2772,4894,2172,2722,2339,976,1363,1480,617,863,507,223,284,15,6,9,22,11,11,2404,2403,559,935,454,344,88,22,1,1840,1686,154,166,1528,10,432,578
52352343,0,,,1425,620,805,115,58,57,1310,562,748,607,278,329,1282,544,738,1253,529,724,703,284,419,508,193,315,271,82,189,38,5,33,6,4,2,461,460,124,161,86,65,18,6,0,335,311,24,23,259,2,93,94
52352346,2,52352356,,2,2,0,*,*,*,*,*,*,*,*,*,*,*,*,*,*,*,*,*,*,*,*,*,*,*,*,*,*,*,*,*,*,2,2,*,*,*,*,*,*,*,*,*,*,*,*,*,*,*
52352350,0,,,3338,1538,1800,352,183,169,2986,1355,1631,1750,805,945,2875,1309,1566,2806,1270,1536,1236,550,686,732,327,405,183,77,106,10,1,9,11,4,7,1339,1338,302,508,268,198,39,15,8,1032,980,52,79,762,6,210,300
52352351,0,,,3615,1609,2006,387,188,199,3228,1421,1807,1567,726,841,3138,1383,1755,3087,1357,1730,1661,695,966,1122,462,660,331,124,207,47,10,37,21,8,13,1453,1450,327,586,289,168,62,15,3,1121,1048,73,89,955,4,260,411
52352352,0,,,2117,979,1138,228,117,111,1888,862,1026,979,461,518,1838,835,1003,1803,818,985,909,401,508,589,260,329,162,77,85,10,3,7,12,4,8,917,917,234,360,173,118,22,8,2,680,635,45,50,595,1,176,239
52352353,0,,,2461,1185,1276,244,133,111,2217,1052,1165,1300,636,664,2142,1009,1133,2089,981,1108,917,416,501,496,221,275,114,50,64,8,1,7,13,5,8,1057,1057,277,397,207,122,45,7,2,774,720,54,59,625,4,181,214
52352356,1,,52352346;52352357,165,73,92,15,5,10,154,69,85,77,36,41,151,68,83,148,66,82,77,33,44,37,12,25,9,1,8,2,0,2,1,0,1,65,65,14,25,16,8,3,2,0,53,45,8,1,47,0,10,21
52352357,2,52352356,,4,1,3,*,*,*,*,*,*,*,*,*,*,*,*,*,*,*,*,*,*,*,*,*,*,*,*,*,*,*,*,*,*,1,1,*,*,*,*,*,*,*,*,*,*,*,*,*,*,*
52352358,2,52352368,,3,2,1,*,*,*,*,*,*,*,*,*,*,*,*,*,*,*,*,*,*,*,*,*,*,*,*,*,*,*,*,*,*,2,2,*,*,*,*,*,*,*,*,*,*,*,*,*,*,*
52352359,2,52352368,,2,1,1,*,*,*,*,*,*,*,*,*,*,*,*,*,*,*,*,*,*,*,*,*,*,*,*,*,*,*,*,*,*,1,1,*,*,*,*,*,*,*,*,*,*,*,*,*,*,*
52352360,0,,,141,63,78,18,10,8,123,53,70,67,30,37,119,50,69,116,50,66,56,23,33,25,9,16,7,0,7,1,0,1,0,0,0,61,61,20,16,13,10,2,0,0,40,34,6,4,39,1,16,11
52352361,0,,,85,39,46,8,4,4,77,35,42,42,17,25,76,35,41,75,34,41,35,18,17,20,8,12,6,1,5,1,0,1,1,1,0,35,35,6,15,9,3,2,0,0,29,25,4,1,23,0,6,8
52352362,0,,,5203,2508,2695,608,326,282,4589,2180,2409,3157,1549,1608,4395,2075,2320,4267,2012,2255,1432,631,801,676,286,390,153,45,108,6,0,6,25,9,16,2100,2097,489,707,455,347,85,10,4,1599,1505,94,164,935,42,233,336
52352363,0,,,6324,2899,3425,708,357,351,5616,2542,3074,3066,1436,1630,5474,2476,2998,5388,2437,2951,2550,1106,1444,1616,704,912,496,206,290,25,6,19,23,8,15,2674,2673,619,1058,532,361,81,18,4,2048,1912,136,191,1647,13,446,673
52352364,0,,,1179,533,646,159,74,85,1020,459,561,528,252,276,1000,446,554,986,440,546,492,207,285,307,129,178,74,30,44,4,1,3,0,0,0,485,485,103,203,79,75,18,6,1,381,351,30,45,312,0,79,137
52352366,0,,,1888,921,967,698,338,360,1190,583,607,1127,555,572,1163,568,595,1141,558,583,63,28,35,17,8,9,2,0,2,0,0,0,24,8,16,568,568,36,114,159,162,84,12,1,529,510,19,272,43,1,3,14
52352367,0,,,1255,576,679,327,174,153,927,401,526,611,295,316,873,375,498,851,363,488,316,106,210,263,82,181,159,38,121,28,3,25,4,1,3,310,308,25,63,71,106,35,7,1,283,276,7,69,52,0,11,24
52352368,1,,52352358;52352359,60,29,31,3,0,3,61,31,30,31,17,14,61,31,30,61,31,30,30,14,16,17,6,11,5,1,4,0,0,0,0,0,0,26,26,8,10,8,2,1,0,0,21,18,3,1,19,0,5,6
52352369,1,,52352379,60,33,27,0,0,0,63,34,29,25,17,8,63,34,29,63,34,29,38,17,21,16,7,9,5,1,4,0,0,0,0,0,0,25,25,5,15,3,2,1,1,0,22,20,2,0,23,1,2,10
52352370,0,,,825,382,443,62,31,31,763,351,412,427,206,221,748,342,406,736,336,400,336,145,191,188,77,111,39,13,26,1,0,1,3,2,1,332,332,60,140,75,39,10,4,4,271,244,27,10,221,0,41,76
52352371,0,,,58,31,27,6,4,2,52,27,25,31,16,15,50,25,25,48,24,24,21,11,10,8,4,4,3,2,1,0,0,0,0,0,0,21,21,2,10,4,3,0,2,0,18,15,3,1,14,0,2,6
52352372,0,,,3625,1714,1911,489,257,232,3134,1456,1678,2076,987,1089,3031,1398,1633,2947,1359,1588,1058,469,589,511,224,287,115,40,75,14,2,12,13,7,6,1507,1507,412,471,330,212,63,16,3,1087,1004,83,117,718,37,199,250
52352373,0,,,2187,1022,1165,247,130,117,1940,892,1048,1129,532,597,1873,853,1020,1828,832,996,811,360,451,460,199,261,129,46,83,11,2,9,10,5,5,877,875,166,354,185,130,30,6,4,708,669,39,53,511,5,115,215
52352374,0,,,3200,1505,1695,267,141,126,2933,1364,1569,1498,710,788,2864,1330,1534,2809,1306,1503,1435,654,781,780,368,412,176,74,102,7,1,6,11,5,6,1347,1346,263,603,261,161,49,6,3,1077,1006,71,59,894,1,185,403
52352375,0,,,2277,1079,1198,120,65,55,2156,1014,1142,948,455,493,2111,986,1125,2084,970,1114,1208,559,649,589,299,290,138,61,77,7,4,3,7,2,5,966,965,166,480,191,91,33,4,0,798,731,67,29,721,2,131,361
52352376,0,,,1656,810,846,460,232,228,1184,573,611,944,451,493,1130,546,584,1111,535,576,240,122,118,73,37,36,14,5,9,2,1,1,6,3,3,549,549,63,159,121,134,59,10,3,484,465,19,139,155,0,23,75
52352377,0,,,544,264,280,198,101,97,346,163,183,307,145,162,332,158,174,326,157,169,39,18,21,16,6,10,1,0,1,0,0,0,5,3,2,166,166,18,27,36,64,18,3,0,146,139,7,69,27,1,7,10
52352379,2,52352369,,3,1,2,*,*,*,*,*,*,*,*,*,*,*,*,*,*,*,*,*,*,*,*,*,*,*,*,*,*,*,*,*,*,2,2,*,*,*,*,*,*,*,*,*,*,*,*,*,*,*
52352380,0,,,696,322,374,81,40,41,611,280,331,343,166,177,599,276,323,591,271,320,268,114,154,141,63,78,28,11,17,1,0,1,5,3,2,279,279,53,114,55,41,12,2,2,224,200,24,17,173,0,32,64
52352381,0,,,4853,2202,2651,628,310,318,4225,1892,2333,2850,1297,1553,4078,1813,2265,3972,1759,2213,1375,595,780,699,269,430,253,79,174,24,3,21,31,17,14,1959,1956,436,719,403,312,78,7,1,1511,1439,72,130,877,14,259,353
52352382,0,,,1684,798,886,214,105,109,1470,693,777,892,437,455,1415,662,753,1389,645,744,578,256,322,281,111,170,119,28,91,20,5,15,2,1,1,625,624,111,246,124,109,25,9,0,511,482,29,46,315,5,69,137
52352384,0,,,3217,1510,1707,243,122,121,2971,1387,1584,1646,745,901,2911,1362,1549,2862,1331,1531,1325,642,683,502,232,270,115,49,66,10,2,8,18,9,9,1341,1341,220,639,274,156,41,10,1,1117,1041,76,48,841,5,154,401
52352385,0,,,4486,2087,2399,296,138,158,4188,1948,2240,1811,881,930,4105,1902,2203,4044,1870,2174,2377,1067,1310,1363,640,723,336,129,207,26,10,16,16,5,11,1955,1954,399,943,369,178,57,7,1,1551,1460,91,71,1442,2,326,661
52352386,0,,,606,293,313,47,29,18,559,264,295,277,125,152,535,250,285,529,249,280,282,139,143,108,55,53,20,6,14,3,0,3,1,1,0,244,244,38,112,46,35,12,1,0,205,191,14,1,170,1,29,85
52352388,2,52352398,,57,42,15,*,*,*,*,*,*,*,*,*,*,*,*,*,*,*,*,*,*,*,*,*,*,*,*,*,*,*,*,*,*,4,3,*,*,*,*,*,*,*,*,*,*,*,*,*,*,*
52352390,0,,,139,68,71,6,3,3,133,65,68,75,40,35,130,63,67,128,62,66,58,25,33,23,9,14,3,1,2,0,0,0,2,1,1,57,57,12,20,18,2,5,0,0,44,39,5,1,37,0,8,12
52352391,0,,,1993,856,1137,146,72,74,1847,784,1063,872,374,498,1804,763,1041,1772,747,1025,975,410,565,538,216,322,202,57,145,27,3,24,4,2,2,809,807,175,343,154,104,22,6,3,630,570,60,30,562,0,146,234
52352392,0,,,4478,2088,2390,507,244,263,3970,1843,2127,2374,1088,1286,3806,1763,2043,3688,1706,1982,1596,755,841,759,358,401,195,58,137,27,5,22,11,6,5,1709,1708,241,737,349,285,81,12,3,1463,1374,89,92,941,2,153,491
52352394,0,,,1190,584,606,89,49,40,1101,535,566,613,296,317,1075,519,556,1061,513,548,488,239,249,176,74,102,48,15,33,4,1,3,12,6,6,471,471,59,220,112,52,23,3,2,412,366,46,19,299,2,34,146
52352395,1,,52352396,261,97,164,6,5,1,262,96,166,81,43,38,258,94,164,255,93,162,181,53,128,143,32,111,85,11,74,35,3,32,1,0,1,76,75,20,33,20,5,0,0,1,58,51,7,1,58,0,12,17
52352396,2,52352395,,7,4,3,*,*,*,*,*,*,*,*,*,*,*,*,*,*,*,*,*,*,*,*,*,*,*,*,*,*,*,*,*,*,4,4,*,*,*,*,*,*,*,*,*,*,*,*,*,*,*
52352398,1,,52352388,107,53,54,5,2,3,159,93,66,95,59,36,158,93,65,156,91,65,64,34,30,30,13,17,8,5,3,0,0,0,1,1,0,38,38,6,17,7,7,1,2,1,35,25,10,2,32,0,2,10
52352399,0,,,69,35,34,6,4,2,63,31,32,31,16,15,61,30,31,60,29,31,32,15,17,16,7,9,2,1,1,1,0,1,0,0,0,22,22,0,9,7,3,1,1,1,22,17,5,1,17,0,0,7
52352400,0,,,6149,3006,3143,641,336,305,5398,2619,2779,3625,1814,1811,5197,2517,2680,5035,2433,2602,1773,805,968,924,422,502,234,97,137,17,4,13,105,60,45,2714,2714,933,807,460,380,109,18,7,1765,1640,125,138,1136,297,279,472
52352401,0,,,3758,2032,1726,338,150,188,3349,1846,1503,2524,1460,1064,3260,1797,1463,3155,1747,1408,825,386,439,364,186,178,81,30,51,5,1,4,134,77,57,2023,2023,1128,389,244,203,46,13,0,886,829,57,91,518,696,103,213
52352402,0,,,1466,689,777,103,55,48,1285,590,695,662,376,286,1260,577,683,1242,566,676,623,214,409,440,136,304,220,40,180,39,1,38,44,25,19,621,615,316,136,79,61,17,3,3,299,264,35,29,233,81,57,71
52352403,0,,,5269,2540,2729,689,363,326,4431,2106,2325,2947,1447,1500,4284,2031,2253,4189,1982,2207,1484,659,825,713,300,413,140,56,84,9,3,6,83,44,39,2233,2232,724,670,390,330,87,28,3,1485,1385,100,156,1006,89,304,328
52352404,0,,,5965,2979,2986,952,488,464,4920,2432,2488,3733,1876,1857,4725,2342,2383,4590,2272,2318,1187,556,631,547,248,299,97,37,60,0,0,0,70,54,16,2364,2363,651,673,446,409,147,29,8,1673,1574,99,273,778,83,184,253
52352405,0,,,6516,3227,3289,915,480,435,5474,2672,2802,3820,1915,1905,5288,2574,2714,5160,2512,2648,1654,757,897,754,366,388,139,53,86,9,2,7,47,30,17,2672,2672,734,803,566,419,108,32,10,1904,1728,176,289,1074,84,235,376
52352406,0,,,14449,6973,7476,1790,917,873,12544,5977,6567,8765,4265,4500,11942,5676,6266,11583,5505,6078,3779,1712,2067,1786,797,989,375,148,227,10,2,8,97,46,51,5805,5804,1302,1995,1211,1020,240,28,8,4460,4247,213,454,2500,84,647,920
52352407,0,,,12270,5929,6341,1269,660,609,10406,4929,5477,7550,3704,3846,10165,4810,5355,9942,4699,5243,2856,1225,1631,1347,532,815,407,143,264,26,6,20,74,36,38,6631,6628,3492,1580,818,579,134,23,2,3068,2906,162,377,2018,861,732,593
52352408,0,,,12837,6242,6595,1479,738,741,11081,5333,5748,7294,3664,3630,10740,5172,5568,10491,5060,5431,3787,1669,2118,1998,882,1116,433,162,271,34,3,31,59,29,30,5645,5641,1817,1771,1076,721,201,43,12,3736,3492,244,456,2579,139,774,800
52352409,0,,,14012,6744,7268,1871,957,914,11866,5622,6244,8102,4020,4082,11554,5471,6083,11309,5339,5970,3764,1602,2162,2061,854,1207,526,186,340,37,8,29,116,55,61,6016,6012,1905,1825,1151,849,227,41,14,4025,3741,284,620,2482,183,735,753
52352410,0,,,6578,3158,3420,682,343,339,5841,2788,3053,3855,1913,1942,5663,2697,2966,5516,2629,2887,1986,875,1111,1023,445,578,227,91,136,9,2,7,159,80,79,3205,3205,1336,957,473,315,99,21,4,1853,1772,81,178,1364,219,491,474
52352411,0,,,5133,2532,2601,640,338,302,4344,2140,2204,3004,1548,1456,4216,2070,2146,4120,2026,2094,1340,592,748,667,290,377,192,72,120,20,4,16,153,65,88,2416,2411,1095,624,331,255,94,10,2,1301,1231,70,186,782,315,209,321
52352412,0,,,1451,716,735,307,169,138,1139,543,596,920,471,449,997,459,538,949,433,516,219,72,147,144,36,108,81,14,67,15,1,14,13,6,7,401,398,36,96,90,128,40,6,2,359,347,12,54,77,1,10,27
52352413,0,,,947,449,498,107,61,46,832,383,449,475,224,251,803,365,438,785,360,425,357,159,198,214,90,124,77,25,52,8,0,8,6,3,3,356,355,75,124,70,63,14,7,2,280,245,35,27,204,0,51,75
52352414,0,,,3995,1852,2143,472,236,236,3475,1587,1888,2025,1001,1024,3347,1520,1827,3266,1469,1797,1450,586,864,815,310,505,209,65,144,25,1,24,97,53,44,1688,1686,540,558,285,204,74,20,5,1139,1056,83,107,899,53,274,292
52352415,0,,,3009,1444,1565,440,214,226,2549,1217,1332,1664,818,846,2446,1169,1277,2370,1130,1240,885,399,486,456,207,249,99,43,56,2,1,1,30,16,14,1167,1165,270,374,241,197,67,13,3,890,825,65,111,578,17,142,191
52352416,0,,,8104,3867,4237,909,473,436,6446,3107,3339,4042,2096,1946,6244,3002,3242,6057,2908,3149,2404,1011,1393,1379,550,829,526,160,366,72,14,58,93,62,31,2860,2853,971,807,469,445,130,26,5,1855,1744,111,258,1207,198,354,412
52352417,0,,,11172,5397,5775,1687,881,806,9280,4396,4884,6751,3279,3472,8919,4218,4701,8686,4089,4597,2529,1117,1412,1314,553,761,332,118,214,22,5,17,66,29,37,4662,4655,1400,1345,915,764,192,33,6,3203,3038,165,476,1665,190,467,544
52352418,0,,,10059,4859,5200,1253,648,605,8641,4112,4529,5850,2892,2958,8342,3968,4374,8165,3875,4290,2791,1220,1571,1434,621,813,330,124,206,15,1,14,85,42,43,4314,4310,1353,1326,795,624,164,38,10,2914,2738,176,333,1855,140,551,590
52352419,0,,,10535,4972,5563,1324,700,624,8598,3939,4659,6500,3123,3377,8428,3843,4585,8308,3778,4530,2098,816,1282,1222,413,809,412,109,303,40,7,33,133,64,69,5523,5514,2895,1214,760,513,118,11,3,2549,2398,151,486,1372,662,524,362
52352420,0,,,2836,1357,1479,883,455,428,1945,899,1046,1464,699,765,1891,872,1019,1862,860,1002,481,200,281,299,123,176,98,26,72,19,2,17,50,22,28,869,866,98,180,208,267,91,19,3,767,734,33,273,237,14,47,96
52352421,0,,,9716,4681,5035,2691,1337,1354,6987,3320,3667,5801,2798,3003,6524,3081,3443,6238,2921,3317,1186,522,664,575,250,325,182,64,118,20,3,17,165,92,73,3137,3131,435,660,737,967,280,47,5,2692,2614,78,628,696,50,165,302
52352422,0,,,2807,1326,1481,494,250,244,2265,1048,1217,1954,903,1051,2085,969,1116,1964,909,1055,311,145,166,130,57,73,27,10,17,1,1,0,21,10,11,1022,1020,275,190,210,260,77,6,2,744,713,31,106,181,63,45,68
52352423,0,,,197,93,104,19,10,9,176,82,94,101,50,51,171,80,91,168,79,89,75,32,43,43,19,24,12,7,5,2,2,0,0,0,0,70,70,16,15,20,8,8,2,1,54,37,17,6,47,0,10,7
52352424,0,,,1158,530,628,117,51,66,1035,474,561,459,222,237,1010,459,551,998,454,544,576,252,324,291,128,163,104,28,76,22,2,20,6,2,4,435,434,81,202,79,43,21,7,1,351,332,19,23,269,2,42,146
52352425,0,,,6878,3284,3594,879,454,425,5959,2804,3155,4181,2002,2179,5587,2617,2970,5368,2517,2851,1778,802,976,847,373,474,183,63,120,12,3,9,32,17,15,2445,2434,452,753,533,498,169,24,5,1968,1832,136,128,1019,28,224,418
52352426,0,,,8787,4227,4560,979,503,476,7744,3681,4063,5707,2699,3008,7421,3524,3897,7170,3392,3778,2037,982,1055,815,381,434,189,64,125,9,3,6,34,16,18,3434,3431,696,1145,782,622,159,26,1,2707,2596,111,207,1342,76,319,534
52352427,0,,,5642,2652,2990,722,348,374,4818,2237,2581,3121,1542,1579,4660,2163,2497,4533,2099,2434,1697,695,1002,1021,388,633,366,88,278,36,5,31,36,18,18,2268,2257,702,664,421,342,102,21,5,1531,1440,91,187,951,63,280,334
52352428,0,,,10489,5102,5387,1392,727,665,8824,4216,4608,6314,3099,3215,8545,4094,4451,8358,3990,4368,2510,1117,1393,1311,539,772,357,133,224,24,5,19,73,39,34,4682,4679,1688,1328,812,675,152,19,5,2924,2776,148,434,1655,260,510,541
52352429,0,,,16085,7637,8448,1911,951,960,13135,6092,7043,9785,4710,5075,12850,5947,6903,12614,5832,6782,3350,1382,1968,1702,650,1052,526,171,355,29,8,21,150,69,81,8654,8645,4520,2080,1125,751,155,9,5,4029,3858,171,662,2288,1002,802,743
52352430,1,,52352440,169,87,82,64,36,28,107,53,54,105,52,53,105,52,53,104,52,52,2,1,1,0,0,0,0,0,0,0,0,0,3,0,3,52,52,3,10,17,18,5,0,0,50,50,0,35,2,0,0,0
52352431,0,,,1092,536,556,347,167,180,732,361,371,667,331,336,693,335,358,673,327,346,65,30,35,20,10,10,5,2,3,0,0,0,15,7,8,359,359,66,65,73,106,41,8,0,288,280,8,86,42,4,10,17
52352432,0,,,213,104,109,7,3,4,206,101,105,99,55,44,203,99,104,203,99,104,107,46,61,57,24,33,19,8,11,1,0,1,1,0,1,84,84,18,32,14,14,3,3,0,66,48,18,2,63,0,9,17
52352433,0,,,251,115,136,22,12,10,226,100,126,93,40,53,224,100,124,222,99,123,133,60,73,82,39,43,17,6,11,2,1,1,2,1,1,108,108,17,59,19,8,3,2,0,91,86,5,4,81,0,12,42
52352434,0,,,4758,2295,2463,1004,486,518,3721,1788,1933,2338,1134,1204,3591,1721,1870,3533,1697,1836,1383,654,729,657,330,327,99,43,56,6,1,5,49,21,28,1763,1762,306,634,341,301,145,21,14,1449,1371,78,262,860,2,167,395
52352435,0,,,1665,791,874,185,98,87,1464,684,780,901,451,450,1409,659,750,1380,644,736,563,233,330,368,150,218,104,41,63,7,2,5,14,8,6,606,603,146,190,132,96,31,5,3,454,416,38,42,299,20,67,124
52352436,1,,52352445,6982,3306,3676,918,463,455,5954,2785,3169,4237,2042,2195,5654,2621,3033,5462,2531,2931,1717,743,974,950,379,571,329,104,225,38,7,31,28,16,12,2656,2635,694,775,566,456,109,27,8,1911,1814,97,220,931,116,229,346
52352437,0,,,7258,3438,3820,940,498,442,6211,2878,3333,3887,1835,2052,6039,2792,3247,5913,2728,3185,2324,1043,1281,1296,560,736,398,132,266,38,4,34,37,20,17,3000,2996,809,994,591,433,138,20,11,2161,1988,173,287,1487,115,371,540
52352438,0,,,9413,4458,4955,1432,739,693,7900,3667,4233,5541,2664,2877,7574,3492,4082,7350,3396,3954,2359,1003,1356,1302,527,775,411,131,280,33,7,26,53,21,32,3617,3606,828,1128,729,709,171,35,6,2748,2570,178,368,1440,64,380,511
52352439,0,,,8403,3997,4406,1373,685,688,6941,3257,3684,4862,2339,2523,6707,3135,3572,6527,3037,3490,2079,918,1161,1095,459,636,360,133,227,32,8,24,56,23,33,3220,3218,655,1028,699,656,158,17,5,2532,2397,135,420,1331,65,332,486
52352440,2,52352430,,2,2,0,*,*,*,*,*,*,*,*,*,*,*,*,*,*,*,*,*,*,*,*,*,*,*,*,*,*,*,*,*,*,1,1,*,*,*,*,*,*,*,*,*,*,*,*,*,*,*
52352441,0,,,49,26,23,2,2,0,47,24,23,24,14,10,47,24,23,47,24,23,23,10,13,12,4,8,9,2,7,0,0,0,0,0,0,18,18,5,3,5,3,1,1,0,13,7,6,0,14,0,3,3
52352442,0,,,141,71,70,4,3,1,137,68,69,65,35,30,134,66,68,133,65,68,72,33,39,40,15,25,17,5,12,0,0,0,0,0,0,57,56,15,17,14,9,1,0,0,41,31,10,2,41,0,10,11
52352443,0,,,1608,762,846,209,97,112,1394,660,734,738,346,392,1356,640,716,1326,630,696,656,314,342,294,150,144,48,20,28,0,0,0,4,1,3,621,621,96,267,117,93,35,12,1,523,490,33,50,401,0,64,192
52352444,0,,,1001,493,508,215,110,105,781,378,403,548,270,278,766,370,396,755,366,389,233,108,125,104,47,57,27,8,19,1,0,1,12,8,4,353,353,51,101,98,74,18,9,2,302,273,29,95,145,1,28,62
52352445,2,52352436,,41,25,16,*,*,*,*,*,*,*,*,*,*,*,*,*,*,*,*,*,*,*,*,*,*,*,*,*,*,*,*,*,*,1,0,*,*,*,*,*,*,*,*,*,*,*,*,*,*,*
52352446,0,,,418,203,215,46,29,17,371,173,198,169,84,85,357,164,193,356,163,193,202,89,113,122,47,75,43,13,30,2,0,2,1,0,1,91,86,19,30,16,13,7,1,0,67,60,7,10,43,2,8,22
52352447,0,,,4923,2239,2684,555,284,271,4326,1930,2396,2592,1213,1379,4179,1854,2325,4053,1803,2250,1734,717,1017,1024,403,621,350,105,245,47,5,42,31,18,13,1870,1863,403,654,398,305,79,16,8,1447,1321,126,137,983,17,232,371
52352448,0,,,7680,3619,4061,895,437,458,6722,3143,3579,3873,1853,2020,6506,3019,3487,6354,2944,3410,2849,1290,1559,1534,693,841,430,170,260,32,6,26,45,23,22,3108,3101,683,1209,602,452,124,26,5,2388,2240,148,209,1797,18,440,780
52352449,0,,,8835,4200,4635,1301,671,630,7479,3494,3985,5078,2414,2664,7141,3313,3828,6899,3205,3694,2401,1080,1321,1206,515,691,354,136,218,22,6,16,55,33,22,3266,3265,586,1059,667,697,215,28,13,2654,2483,171,329,1570,11,379,579
52352450,2,52352451,,1,0,1,*,*,*,*,*,*,*,*,*,*,*,*,*,*,*,*,*,*,*,*,*,*,*,*,*,*,*,*,*,*,1,1,*,*,*,*,*,*,*,*,*,*,*,*,*,*,*
52352451,1,,52352450,76,41,35,7,3,4,70,38,32,42,24,18,68,36,32,66,35,31,28,14,14,14,8,6,4,3,1,1,1,0,1,1,0,30,30,10,6,7,6,2,0,0,21,17,4,2,15,2,3,4
52352452,0,,,16,7,9,1,1,0,15,6,9,9,4,5,14,6,8,14,6,8,6,2,4,2,2,0,0,0,0,0,0,0,0,0,0,7,7,3,1,1,2,0,0,0,4,3,1,0,4,0,2,0
52352453,0,,,121,58,63,6,5,1,114,53,61,57,29,28,112,53,59,109,52,57,57,24,33,26,12,14,8,4,4,1,1,0,0,0,0,45,44,12,9,13,5,4,0,1,32,23,9,0,32,0,7,6
52352456,0,,,284,135,149,26,12,14,257,122,135,128,65,63,250,119,131,246,117,129,129,57,72,88,37,51,16,7,9,2,1,1,1,1,0,121,121,29,47,30,8,5,0,2,88,78,10,7,83,1,20,32
52352457,0,,,3515,1660,1855,407,222,185,3096,1430,1666,1689,809,880,3021,1396,1625,2961,1366,1595,1407,621,786,833,363,470,216,99,117,10,4,6,9,2,7,1433,1433,288,579,291,198,64,9,4,1134,1065,69,100,910,10,219,362
52352458,0,,,7867,3636,4231,845,445,400,6985,3164,3821,3864,1819,2045,6790,3051,3739,6642,2973,3669,3121,1345,1776,1904,834,1070,519,190,329,40,5,35,40,24,16,3201,3199,691,1256,633,470,120,21,8,2498,2311,187,224,1940,6,470,772
52352459,1,,52352469,3020,1432,1588,429,213,216,2577,1207,1370,1623,778,845,2484,1150,1334,2425,1120,1305,954,429,525,495,214,281,181,62,119,13,4,9,35,15,20,1158,1157,225,398,236,235,52,9,3,928,869,59,111,606,4,154,228
52352461,0,,,254,119,135,13,5,8,240,113,127,120,60,60,235,110,125,231,107,124,120,53,67,54,17,37,21,4,17,4,0,4,0,0,0,92,92,16,31,25,9,4,5,2,75,50,25,2,74,0,12,14
52352462,0,,,394,230,164,5,2,3,388,228,160,183,155,28,388,228,160,386,226,160,205,73,132,164,44,120,96,18,78,15,2,13,2,1,1,36,31,14,10,4,2,1,0,0,17,13,4,2,16,5,4,6
52352463,0,,,215,109,106,3,3,0,212,106,106,101,54,47,212,106,106,211,105,106,111,52,59,41,16,25,14,3,11,1,0,1,2,0,2,53,51,9,19,17,4,2,0,0,42,36,6,0,45,0,5,14
52352464,0,,,129,65,64,9,5,4,120,60,60,52,27,25,119,60,59,116,59,57,68,33,35,27,11,16,4,1,3,0,0,0,1,0,1,53,53,11,24,11,3,0,3,1,42,31,11,2,42,0,9,16
52352465,2,52352466,,53,39,14,*,*,*,*,*,*,*,*,*,*,*,*,*,*,*,*,*,*,*,*,*,*,*,*,*,*,*,*,*,*,3,2,*,*,*,*,*,*,*,*,*,*,*,*,*,*,*
52352466,1,,52352465,53,24,29,4,2,2,102,61,41,73,49,24,102,61,41,102,61,41,29,12,17,12,4,8,7,3,4,0,0,0,0,0,0,21,21,6,10,4,1,0,0,2,17,13,4,1,20,0,5,7
52352467,0,,,648,292,356,44,18,26,600,270,330,300,148,152,588,264,324,577,256,321,300,122,178,202,79,123,73,19,54,4,0,4,0,0,0,241,239,49,95,50,29,13,2,1,188,165,23,8,157,0,36,53
52352468,0,,,926,449,477,97,53,44,826,393,433,420,210,210,811,386,425,795,375,420,406,183,223,248,111,137,57,23,34,4,2,2,3,2,1,383,383,75,165,75,49,14,5,0,304,284,20,30,255,0,61,115
52352469,2,52352459,,1,0,1,*,*,*,*,*,*,*,*,*,*,*,*,*,*,*,*,*,*,*,*,*,*,*,*,*,*,*,*,*,*,1,1,*,*,*,*,*,*,*,*,*,*,*,*,*,*,*
52352473,0,,,107,50,57,7,2,5,100,48,52,43,22,21,99,48,51,98,47,51,57,26,31,29,13,16,11,3,8,0,0,0,1,1,0,43,43,7,19,10,4,2,1,0,36,27,9,3,37,0,7,11
52352474,0,,,67,32,35,6,2,4,61,30,31,32,17,15,60,29,31,59,28,31,29,13,16,15,6,9,5,1,4,1,0,1,0,0,0,21,21,2,5,8,2,2,1,1,19,12,7,0,17,0,1,3
52352476,1,,52352486,56,31,25,0,0,0,60,32,28,27,16,11,59,31,28,58,31,27,33,16,17,15,7,8,6,3,3,1,1,0,0,0,0,27,27,5,17,3,3,0,0,0,23,23,0,0,21,1,2,8
52352477,1,,52352487,267,128,139,20,10,10,249,120,129,136,68,68,240,115,125,236,112,124,113,52,61,60,27,33,23,7,16,0,0,0,0,0,0,106,106,25,40,21,14,4,2,2,82,63,19,4,79,0,22,25
52352478,0,,,284,140,144,16,9,7,268,131,137,133,69,64,263,129,134,259,127,132,135,62,73,66,29,37,16,5,11,1,0,1,0,0,0,114,113,29,39,21,16,6,2,0,83,69,14,1,80,0,22,25
52352480,2,52352490,,9,4,5,*,*,*,*,*,*,*,*,*,*,*,*,*,*,*,*,*,*,*,*,*,*,*,*,*,*,*,*,*,*,2,2,*,*,*,*,*,*,*,*,*,*,*,*,*,*,*
52352481,0,,,73,38,35,9,6,3,64,32,32,41,21,20,64,32,32,64,32,32,23,11,12,10,5,5,5,2,3,0,0,0,2,1,1,22,22,2,2,9,6,2,1,0,20,13,7,3,15,0,2,1
52352482,0,,,81,39,42,8,6,2,73,33,40,41,22,19,72,32,40,71,32,39,32,11,21,16,5,11,6,1,5,1,1,0,0,0,0,31,31,9,8,6,5,2,0,1,22,13,9,1,24,0,6,2
52352483,0,,,116,62,54,4,4,0,112,58,54,61,34,27,110,57,53,108,56,52,51,24,27,31,13,18,7,4,3,1,1,0,0,0,0,46,46,13,14,7,8,3,0,1,33,25,8,2,37,0,13,7
52352486,2,52352476,,4,1,3,*,*,*,*,*,*,*,*,*,*,*,*,*,*,*,*,*,*,*,*,*,*,*,*,*,*,*,*,*,*,1,1,*,*,*,*,*,*,*,*,*,*,*,*,*,*,*
52352487,2,52352477,,3,2,1,*,*,*,*,*,*,*,*,*,*,*,*,*,*,*,*,*,*,*,*,*,*,*,*,*,*,*,*,*,*,2,2,*,*,*,*,*,*,*,*,*,*,*,*,*,*,*
52352488,0,,,92,51,41,0,0,0,92,51,41,79,47,32,92,51,41,92,51,41,13,4,9,5,2,3,1,0,1,0,0,0,1,0,1,1,0,0,0,0,0,0,0,0,0,0,0,0,0,0,0,0
52352489,0,,,53,22,31,0,0,0,53,22,31,21,11,10,53,22,31,52,21,31,32,11,21,15,3,12,6,1,5,0,0,0,0,0,0,27,27,8,14,3,2,0,0,0,19,17,2,0,22,0,7,7
52352490,1,,52352480,1305,649,656,100,55,45,1204,590,614,672,327,345,1162,566,596,1142,552,590,532,263,269,182,87,95,50,20,30,2,0,2,12,5,7,532,532,97,245,93,62,26,8,3,430,390,40,17,335,2,62,142
52352491,0,,,594,293,301,51,35,16,542,257,285,329,158,171,525,249,276,510,241,269,213,99,114,82,37,45,24,9,15,0,0,0,3,2,1,253,253,50,123,40,23,16,1,0,199,186,13,8,143,2,32,60
52352492,0,,,66,27,39,0,0,0,65,26,39,17,7,10,65,26,39,65,26,39,48,19,29,26,6,20,9,2,7,1,0,1,0,0,0,33,33,11,15,4,2,1,0,0,22,14,8,0,28,0,9,9
52352493,0,,,35,17,18,0,0,0,35,17,18,18,9,9,35,17,18,33,17,16,17,8,9,13,6,7,2,1,1,0,0,0,0,0,0,12,12,2,2,4,3,1,0,0,10,6,4,0,9,0,0,2
52352494,0,,,28,15,13,2,0,2,25,14,11,14,9,5,24,13,11,24,13,11,11,5,6,8,3,5,2,1,1,0,0,0,0,0,0,10,10,1,4,1,4,0,0,0,9,8,1,0,8,0,0,2
52352500,0,,,11002,5309,5693,1441,752,689,9361,4444,4917,6435,3161,3274,9100,4306,4794,8898,4204,4694,2926,1283,1643,1541,653,888,385,133,252,23,3,20,140,52,88,4598,4589,1372,1397,890,692,193,34,11,3129,2916,213,409,1919,167,556,565
52352501,0,,,792,383,409,87,48,39,692,327,365,441,223,218,668,315,353,649,305,344,251,104,147,135,54,81,40,12,28,3,2,1,3,0,3,302,301,69,89,66,52,22,1,2,229,200,29,18,164,2,33,52
52352502,0,,,4575,2076,2499,412,204,208,3769,1661,2108,2212,1020,1192,3658,1599,2059,3586,1558,2028,1557,641,916,910,364,546,257,92,165,12,1,11,58,27,31,2260,2255,942,723,333,182,58,10,7,1252,1184,68,100,1052,62,392,334
52352503,0,,,9495,4580,4915,1126,578,548,7237,3446,3791,4930,2393,2537,7037,3349,3688,6819,3242,3577,2307,1053,1254,1140,486,654,282,109,173,18,1,17,58,32,26,4400,4396,1722,1216,706,578,151,14,9,2474,2337,137,303,1556,157,447,524
52352504,0,,,10042,4765,5277,1411,727,684,7624,3528,4096,4866,2373,2493,7385,3411,3974,7182,3291,3891,2758,1155,1603,1478,583,895,377,113,264,22,2,20,83,30,53,4226,4224,1286,1340,740,620,187,43,8,2658,2489,169,381,1800,41,557,589
52352505,0,,,2185,1065,1120,220,126,94,1788,851,937,1099,537,562,1745,830,915,1706,802,904,689,314,375,302,130,172,86,24,62,10,2,8,21,8,13,849,848,173,318,183,119,38,11,6,628,586,42,51,395,2,72,155
52352506,0,,,7563,3646,3917,671,346,325,6502,3091,3411,4116,2045,2071,6289,2985,3304,6070,2876,3194,2386,1046,1340,1202,500,702,335,87,248,46,9,37,69,33,36,3131,3123,967,1021,562,412,130,22,9,2070,1928,142,128,1313,166,278,513
52352507,0,,,6300,3052,3248,1370,704,666,4920,2341,2579,4142,1964,2178,4566,2161,2405,4387,2073,2314,778,377,401,297,144,153,66,24,42,5,1,4,50,22,28,2070,2067,207,556,536,602,142,17,7,1850,1787,63,265,477,5,71,213
52352508,0,,,3916,1851,2065,510,274,236,3370,1557,1813,2185,1003,1182,3228,1490,1738,3155,1464,1691,1185,554,631,604,286,318,128,59,69,5,2,3,22,12,10,1503,1503,284,509,335,288,70,13,4,1216,1131,85,118,739,24,146,329
52352509,0,,,589,252,337,36,19,17,552,232,320,249,115,134,541,227,314,532,224,308,303,117,186,192,59,133,101,24,77,15,1,14,1,0,1,183,182,34,58,40,25,14,7,4,148,108,40,11,141,0,27,39
52352510,0,,,14550,6887,7663,1773,902,871,12449,5791,6658,8452,4156,4296,12043,5575,6468,11778,5435,6343,3997,1635,2362,2246,852,1394,702,222,480,51,12,39,145,74,71,6786,6776,2693,1902,1100,831,213,26,11,4015,3777,238,471,2804,339,1080,748
52352511,0,,,3424,1676,1748,350,202,148,3045,1452,1593,1771,922,849,2960,1401,1559,2895,1360,1535,1274,530,744,691,264,427,225,66,159,30,3,27,51,37,14,1333,1330,327,458,270,189,65,15,6,986,902,84,84,750,27,190,238
52352512,0,,,1632,767,865,182,103,79,1315,597,718,734,358,376,1288,586,702,1266,575,691,581,239,342,331,127,204,125,31,94,20,4,16,9,4,5,690,687,230,221,114,89,28,3,2,425,397,28,60,322,18,86,114
52352513,0,,,12681,5914,6767,1301,667,634,10392,4746,5646,6659,3165,3494,10087,4603,5484,9846,4484,5362,3733,1581,2152,1967,827,1140,456,164,292,29,5,24,135,56,79,5992,5990,2319,1851,912,686,185,27,10,3475,3280,195,346,2578,231,895,808
52352514,0,,,8141,3764,4377,1005,536,469,6478,2889,3589,3859,1853,2006,6298,2799,3499,6154,2730,3424,2619,1036,1583,1579,579,1000,554,159,395,66,6,60,42,17,25,3128,3114,875,998,576,469,156,33,7,2092,1952,140,264,1386,30,376,486
52352515,0,,,5439,2548,2891,507,254,253,4626,2130,2496,2819,1362,1457,4505,2060,2445,4397,2008,2389,1807,768,1039,860,358,502,272,70,202,33,2,31,30,19,11,2210,2206,561,787,468,300,72,15,3,1555,1475,80,124,1019,47,234,408
52352516,0,,,4105,2015,2090,429,222,207,3326,1607,1719,2188,1099,1089,3204,1540,1664,3105,1477,1628,1138,508,630,501,210,291,154,47,107,18,5,13,30,11,19,1804,1801,694,499,277,236,74,14,7,1031,953,78,75,680,146,185,210
52352517,0,,,1050,530,520,253,140,113,796,390,406,639,311,328,757,364,393,740,358,382,157,79,78,54,25,29,15,6,9,1,0,1,3,2,1,344,344,35,92,84,93,34,5,1,309,287,22,59,100,2,11,35
52352518,0,,,592,286,306,37,17,20,551,266,285,305,157,148,537,259,278,524,249,275,246,109,137,123,51,72,44,17,27,5,1,4,1,1,0,204,204,38,56,46,34,16,10,4,165,118,47,6,153,0,27,37
52352519,0,,,166,82,84,9,5,4,157,77,80,83,43,40,153,74,79,151,72,79,74,34,40,42,20,22,11,6,5,0,0,0,4,2,2,61,61,11,22,15,4,4,5,0,50,36,14,2,45,0,9,14
52352520,0,,,8929,4188,4741,967,500,467,7698,3534,4164,5169,2502,2667,7469,3425,4044,7336,3351,3985,2529,1032,1497,1413,546,867,507,157,350,56,12,44,93,44,49,4225,4218,1727,1209,696,454,118,9,5,2434,2284,150,315,1616,308,516,497
52352521,0,,,4976,2355,2621,598,297,301,4273,1990,2283,2902,1436,1466,4145,1930,2215,4027,1864,2163,1371,554,817,764,274,490,227,59,168,24,1,23,128,36,92,2239,2236,847,641,395,279,56,13,5,1355,1286,69,201,856,101,305,247
52352522,0,,,895,428,467,65,30,35,826,395,431,556,268,288,798,380,418,777,371,406,270,127,143,111,50,61,21,10,11,2,0,2,2,0,2,349,349,53,141,81,58,13,2,1,293,277,16,12,170,0,24,70
52352523,0,,,5466,2454,3012,445,226,219,4668,2045,2623,2668,1264,1404,4534,1966,2568,4425,1914,2511,2000,781,1219,1012,385,627,232,66,166,13,3,10,139,67,72,2710,2709,1064,953,388,247,41,10,6,1572,1491,81,127,1437,26,589,414
52352524,0,,,11117,5159,5958,1077,537,540,9211,4188,5023,5892,2744,3148,8937,4046,4891,8764,3959,4805,3319,1444,1875,1709,729,980,476,165,311,42,11,31,81,31,50,5030,5025,1701,1672,878,593,144,31,6,3129,2966,163,298,2178,126,650,777
52352525,0,,,11689,5638,6051,1217,639,578,10149,4834,5315,6601,3242,3359,9875,4705,5170,9668,4601,5067,3548,1592,1956,1700,758,942,421,159,262,33,8,25,358,179,179,5469,5462,1992,1812,873,587,156,36,6,3377,3215,162,359,2389,245,793,802
52352526,0,,,6003,2925,3078,704,361,343,5222,2524,2698,3374,1669,1705,5037,2426,2611,4907,2352,2555,1848,855,993,768,370,398,143,58,85,6,0,6,55,32,23,2441,2440,566,893,488,329,128,27,9,1849,1720,129,152,1211,34,273,462
52352527,0,,,980,481,499,155,78,77,820,400,420,541,269,272,791,386,405,770,374,396,279,131,148,136,63,73,22,6,16,2,0,2,8,6,2,344,343,42,121,75,67,28,8,2,298,264,34,40,171,2,24,68
52352528,0,,,79,41,38,6,5,1,73,36,37,34,18,16,71,35,36,69,33,36,39,18,21,19,10,9,1,0,1,0,0,0,0,0,0,30,30,4,13,7,2,4,0,0,26,23,3,2,24,0,3,11
52352529,0,,,529,272,257,42,26,16,482,243,239,260,140,120,475,239,236,470,238,232,222,103,119,108,49,59,38,17,21,4,2,2,22,19,3,211,211,57,70,44,18,10,6,6,152,114,38,5,144,4,27,32
52352530,0,,,7771,3676,4095,858,418,440,6852,3217,3635,4583,2208,2375,6637,3096,3541,6479,3021,3458,2269,1009,1260,1067,480,587,264,95,169,23,3,20,75,35,40,3235,3233,821,1105,692,493,94,21,7,2381,2268,113,249,1472,96,383,538
52352531,0,,,2132,1020,1112,292,132,160,1828,878,950,1179,594,585,1783,848,935,1754,834,920,649,284,365,332,153,179,68,21,47,7,2,5,15,6,9,894,894,249,281,180,147,31,4,2,637,596,41,76,427,45,106,144
52352532,0,,,1522,724,798,200,103,97,1294,605,689,910,442,468,1252,581,671,1212,564,648,384,163,221,176,68,108,43,18,25,5,1,4,11,3,8,637,637,177,215,120,85,29,9,2,448,417,31,46,268,19,63,88
52352533,0,,,1624,717,907,210,110,100,1401,602,799,833,375,458,1352,577,775,1327,564,763,568,227,341,382,145,237,140,45,95,11,1,10,7,4,3,656,655,154,236,136,101,25,3,0,499,479,20,53,346,0,98,129
52352534,0,,,12487,5836,6651,1585,799,786,10140,4641,5499,7571,3526,4045,9802,4464,5338,9554,4345,5209,2569,1115,1454,1277,493,784,401,138,263,38,11,27,95,52,43,5697,5693,2128,1603,1008,787,142,22,3,3426,3297,129,490,1677,331,509,596
52352535,0,,,11162,5237,5925,1188,597,591,9734,4517,5217,6129,2953,3176,9465,4396,5069,9256,4300,4956,3605,1564,2041,1877,800,1077,430,154,276,30,3,27,377,218,159,5445,5442,2225,1715,811,514,139,30,8,3126,2951,175,352,2470,273,956,784
52352536,0,,,6531,3185,3346,743,370,373,5722,2788,2934,3872,1940,1932,5535,2688,2847,5405,2629,2776,1850,848,1002,801,348,453,217,75,142,15,4,11,178,96,82,2766,2764,842,904,486,366,123,32,11,1888,1742,146,181,1230,55,351,360
52352537,0,,,271,138,133,15,8,7,256,130,126,140,78,62,246,124,122,241,120,121,116,52,64,60,23,37,19,8,11,2,0,2,6,3,3,111,111,28,45,13,16,5,3,1,83,65,18,2,77,2,17,28
52352538,0,,,823,391,432,86,46,40,725,335,390,398,210,188,711,331,380,702,327,375,327,125,202,201,65,136,100,23,77,8,0,8,26,23,3,304,303,98,74,64,41,14,6,6,203,160,43,15,171,15,41,31
52352539,0,,,402,189,213,43,17,26,359,172,187,207,104,103,351,168,183,343,165,178,152,68,84,80,31,49,20,4,16,3,0,3,5,5,0,141,141,31,34,38,17,9,8,4,110,77,33,10,94,1,15,23
52352540,0,,,644,250,394,24,13,11,619,236,383,190,95,95,610,232,378,608,230,378,429,141,288,344,98,246,182,34,148,40,5,35,3,2,1,147,145,31,55,33,17,7,2,0,113,102,11,4,95,0,20,35
52352542,0,,,4527,2208,2319,626,324,302,3787,1818,1969,2896,1424,1472,3669,1751,1918,3600,1719,1881,891,394,497,432,194,238,114,49,65,3,1,2,28,13,15,2059,2059,727,629,354,278,61,7,3,1293,1238,55,197,586,106,175,208
52352543,0,,,5363,2577,2786,516,275,241,4788,2267,2521,2782,1400,1382,4686,2216,2470,4622,2183,2439,2006,867,1139,1151,508,643,260,102,158,13,3,10,66,53,13,2367,2367,701,833,465,273,71,16,8,1640,1519,121,146,1315,64,384,454
52352544,0,,,8389,4067,4322,1080,551,529,7098,3402,3696,4713,2343,2370,6807,3258,3549,6617,3145,3472,2385,1059,1326,1190,521,669,281,119,162,15,5,10,38,19,19,3417,3417,824,1205,648,534,167,33,6,2525,2369,156,291,1566,94,390,605
52352545,0,,,7477,3532,3945,754,375,379,6670,3134,3536,3840,1856,1984,6481,3041,3440,6352,2975,3377,2830,1278,1552,1372,656,716,292,129,163,19,2,17,65,42,23,3309,3309,969,1217,597,384,113,23,6,2317,2182,135,189,1836,43,529,724
52352546,0,,,4782,2264,2518,455,226,229,4266,2016,2250,2576,1306,1270,4154,1952,2202,4070,1913,2157,1690,710,980,939,351,588,327,98,229,47,9,38,131,64,67,2096,2092,786,624,353,233,74,15,7,1289,1169,120,130,1015,97,341,274
52352547,0,,,622,262,360,29,14,15,593,248,345,232,111,121,586,245,341,583,244,339,361,137,224,254,83,171,134,31,103,22,6,16,4,2,2,199,197,59,71,33,21,9,4,0,135,107,28,5,125,2,27,41
52352548,0,,,677,351,326,82,47,35,595,304,291,399,214,185,578,297,281,573,295,278,196,90,106,102,42,60,38,16,22,1,0,1,14,7,7,300,300,122,72,48,36,11,9,2,175,136,39,25,134,15,43,30
52352549,0,,,374,187,187,34,19,15,336,165,171,201,105,96,328,163,165,319,158,161,135,60,75,74,33,41,23,9,14,2,1,1,4,2,2,152,150,54,42,27,14,8,3,2,96,73,23,6,83,5,23,16
52352550,0,,,87,41,46,12,10,2,75,31,44,38,14,24,72,29,43,71,29,42,37,17,20,23,12,11,2,1,1,0,0,0,0,0,0,34,34,10,8,8,6,0,1,1,24,22,2,1,25,0,8,4
52352552,0,,,2382,1098,1284,282,141,141,2092,950,1142,1271,599,672,2036,918,1118,2006,906,1100,821,351,470,462,190,272,144,52,92,11,2,9,14,5,9,1056,1055,307,386,204,118,38,2,0,743,705,38,91,540,21,166,209
52352553,0,,,11163,5165,5998,1755,863,892,9382,4284,5098,6527,3102,3425,9144,4164,4980,8967,4071,4896,2855,1182,1673,1370,517,853,413,124,289,44,10,34,76,29,47,4696,4690,1285,1572,923,690,190,26,4,3369,3233,136,542,1932,90,667,663
52352554,0,,,3947,1858,2089,552,286,266,3370,1558,1812,2157,1046,1111,3277,1507,1770,3216,1473,1743,1213,512,701,643,255,388,214,57,157,36,1,35,27,19,8,1581,1578,370,562,326,229,77,10,4,1188,1109,79,175,755,16,223,268
52352555,0,,,3514,1691,1823,342,165,177,3157,1517,1640,1980,970,1010,3034,1455,1579,2954,1413,1541,1177,547,630,520,241,279,138,53,85,7,3,4,26,17,9,1430,1429,307,562,271,197,74,15,3,1116,1032,84,86,746,17,160,335
52352556,0,,,4992,2453,2539,462,236,226,4503,2206,2297,2728,1416,1312,4385,2142,2243,4304,2099,2205,1775,790,985,910,405,505,206,80,126,9,2,7,126,81,45,2307,2306,782,798,388,259,64,12,3,1493,1401,92,132,1197,95,364,384
52352557,0,,,2838,1406,1432,329,170,159,2507,1235,1272,1462,754,708,2440,1200,1240,2405,1182,1223,1045,481,564,476,235,241,93,36,57,4,1,3,36,22,14,1134,1134,248,407,252,149,57,12,9,877,800,77,69,661,15,135,250
52352558,0,,,1387,701,686,180,89,91,1198,607,591,801,439,362,1152,575,577,1130,561,569,397,168,229,181,70,111,43,11,32,2,0,2,45,16,29,585,584,199,151,111,81,33,4,5,377,334,43,42,264,38,65,65
52352559,0,,,1037,462,575,131,73,58,893,384,509,542,237,305,863,370,493,836,356,480,351,147,204,144,55,89,27,11,16,1,0,1,39,17,22,443,443,116,162,102,34,22,5,2,321,300,21,34,244,3,72,79
52352562,0,,,2297,1102,1195,293,148,145,1993,948,1045,1179,574,605,1923,913,1010,1890,894,996,814,374,440,347,163,184,68,21,47,6,0,6,10,4,6,946,944,210,372,188,131,38,5,0,728,706,22,71,501,6,108,216
52352563,0,,,10146,4937,5209,1596,811,785,8512,4097,4415,6231,3073,3158,8192,3935,4257,7971,3825,4146,2281,1024,1257,1038,443,595,263,87,176,13,3,10,58,21,37,3982,3981,891,1230,901,741,189,26,3,3067,2918,149,489,1515,78,407,536
52352564,0,,,1849,887,962,210,110,100,1621,767,854,1081,529,552,1569,742,827,1534,724,810,540,238,302,252,109,143,50,19,31,2,0,2,19,10,9,828,828,267,269,154,111,25,1,1,555,519,36,59,372,12,121,122
52352565,0,,,1167,598,569,86,38,48,1062,552,510,680,374,306,1037,541,496,1018,527,491,382,178,204,206,86,120,63,24,39,5,0,5,26,19,7,566,566,243,155,89,56,18,3,2,317,288,29,29,259,23,87,66
52352566,0,,,1353,686,667,97,44,53,1229,629,600,841,447,394,1202,622,580,1176,611,565,388,182,206,193,79,114,34,10,24,6,2,4,66,34,32,752,751,407,197,79,46,16,5,1,335,301,34,25,286,51,124,74
52352567,0,,,2446,1190,1256,265,128,137,2151,1046,1105,1341,680,661,2080,1007,1073,2028,982,1046,810,366,444,344,154,190,85,29,56,5,1,4,21,14,7,1019,1019,285,343,185,137,50,12,7,726,652,74,62,548,16,150,163
52352568,0,,,807,393,414,65,32,33,726,353,373,397,220,177,708,341,367,695,330,365,329,133,196,195,70,125,88,18,70,23,3,20,23,13,10,295,293,105,78,51,28,20,8,3,186,151,35,12,138,34,24,46
52352569,0,,,481,254,227,39,25,14,422,220,202,246,136,110,409,213,196,402,207,195,176,84,92,87,43,44,27,8,19,3,2,1,8,2,6,222,222,86,66,35,22,9,3,1,136,119,17,9,111,6,28,42
52352572,0,,,832,394,438,30,14,16,799,378,421,367,179,188,788,373,415,778,370,408,432,199,233,210,97,113,40,16,24,5,0,5,17,10,7,411,411,137,172,69,24,7,1,1,271,250,21,3,283,3,88,104
52352573,0,,,606,287,319,115,56,59,491,231,260,354,165,189,470,224,246,464,221,243,137,66,71,57,29,28,10,4,6,1,0,1,5,2,3,223,223,39,67,54,46,16,0,1,183,177,6,32,91,3,22,33
52352574,0,,,3779,1831,1948,586,297,289,3164,1513,1651,2117,1063,1054,3030,1449,1581,2965,1413,1552,1047,450,597,575,243,332,168,48,120,20,3,17,25,8,17,1509,1504,445,450,310,230,53,13,3,1051,970,81,144,634,66,148,231
52352575,0,,,765,364,401,128,62,66,637,302,335,413,202,211,616,293,323,605,285,320,224,100,124,127,56,71,29,14,15,2,1,1,8,2,6,299,299,67,104,47,60,17,4,0,232,217,15,30,148,0,39,55
52352576,0,,,786,313,473,33,14,19,742,293,449,299,148,151,736,289,447,727,283,444,443,145,298,324,80,244,198,38,160,36,3,33,14,5,9,230,227,82,82,34,21,4,3,1,144,127,17,8,93,1,24,30
52352577,0,,,3672,1800,1872,448,241,207,3162,1523,1639,2110,1058,1052,3072,1478,1594,3012,1450,1562,1052,465,587,543,231,312,145,48,97,12,3,9,94,44,50,1573,1572,520,476,286,185,83,14,8,1042,945,97,118,701,37,229,203
52352578,0,,,417,188,229,39,12,27,376,175,201,228,108,120,366,167,199,359,166,193,148,67,81,71,28,43,30,10,20,2,1,1,5,2,3,137,137,20,42,27,22,18,5,3,116,84,32,8,93,0,13,19
52352579,0,,,366,189,177,50,25,25,312,162,150,206,109,97,298,158,140,288,151,137,106,53,53,44,23,21,9,4,5,0,0,0,5,4,1,133,133,41,26,26,24,6,6,4,91,73,18,12,69,2,19,14
52352584,0,,,1847,864,983,300,149,151,1538,712,826,993,487,506,1495,691,804,1460,675,785,545,225,320,326,124,202,121,29,92,17,3,14,7,3,4,672,668,129,225,157,117,28,9,3,532,509,23,89,277,2,79,104
52352585,0,,,3299,1611,1688,608,303,305,2677,1300,1377,1972,985,987,2574,1240,1334,2514,1209,1305,705,315,390,312,128,184,93,34,59,7,0,7,35,18,17,1260,1260,256,397,281,248,60,14,4,991,937,54,179,462,27,114,174
52352586,0,,,391,201,190,77,46,31,308,151,157,245,123,122,297,143,154,286,141,145,63,28,35,26,11,15,5,1,4,0,0,0,11,6,5,156,156,43,43,32,27,8,3,0,108,98,10,23,46,0,9,12
52352587,0,,,7353,3553,3800,844,444,400,6317,3000,3317,4253,2119,2134,6185,2935,3250,6064,2883,3181,2064,881,1183,1118,444,674,337,114,223,19,2,17,106,52,54,3420,3419,1376,960,547,365,131,30,10,2016,1853,163,270,1417,172,506,386
52352588,0,,,191,101,90,16,12,4,174,88,86,95,51,44,168,86,82,163,85,78,79,37,42,41,21,20,13,4,9,1,0,1,3,1,2,63,63,14,15,16,5,2,8,3,49,33,16,1,49,0,10,9
52352589,0,,,481,233,248,54,32,22,421,199,222,256,131,125,407,191,216,395,185,210,165,68,97,81,28,53,21,6,15,2,0,2,0,0,0,159,159,26,41,35,29,20,5,3,132,95,37,10,108,0,19,23
52352591,0,,,10,5,5,0,0,0,10,5,5,0,0,0,10,5,5,10,5,5,10,5,5,10,5,5,3,2,1,0,0,0,0,0,0,6,6,2,4,0,0,0,0,0,4,4,0,0,6,0,2,4
52352592,0,,,32,17,15,0,0,0,32,17,15,15,10,5,30,15,15,30,15,15,17,7,10,12,4,8,4,1,3,1,0,1,0,0,0,13,13,4,4,3,0,1,1,0,9,6,3,0,11,1,3,4
52352593,0,,,369,173,196,62,31,31,307,142,165,203,90,113,302,139,163,298,136,162,104,52,52,49,24,25,11,6,5,0,0,0,0,0,0,135,135,10,52,44,23,5,1,0,125,119,6,30,62,0,3,27
52352594,0,,,7020,3318,3702,1035,521,514,5951,2778,3173,3925,1881,2044,5775,2692,3083,5652,2632,3020,2026,897,1129,1169,512,657,339,148,191,21,9,12,27,15,12,2883,2880,673,1036,600,432,114,23,2,2175,2079,96,380,1353,13,400,491
52352595,0,,,8955,4459,4496,1178,613,565,7694,3802,3892,5416,2817,2599,7464,3680,3784,7258,3560,3698,2278,985,1293,1176,455,721,378,122,256,50,11,39,103,73,30,3770,3762,1384,1007,648,561,132,24,6,2352,2221,131,342,1270,273,401,410
52352596,0,,,3802,1872,1930,669,359,310,3128,1510,1618,2474,1217,1257,2929,1402,1527,2806,1340,1466,654,293,361,293,128,165,73,20,53,5,0,5,30,9,21,1319,1319,217,347,272,360,106,15,2,1094,1026,68,163,424,15,92,155
52352597,0,,,4239,2075,2164,445,249,196,3763,1810,1953,2365,1180,1185,3623,1733,1890,3534,1685,1849,1398,630,768,676,304,372,150,55,95,17,3,14,73,36,37,1794,1793,509,604,351,227,76,22,4,1276,1159,117,107,922,30,251,278
52352598,0,,,1042,496,546,131,70,61,898,418,480,602,289,313,873,404,469,854,394,460,296,129,167,124,49,75,30,7,23,2,0,2,22,10,12,457,457,149,146,77,65,13,5,2,305,267,38,44,210,3,67,54
52352600,0,,,644,288,356,76,42,34,560,245,315,374,165,209,529,232,297,516,227,289,186,80,106,86,33,53,20,6,14,0,0,0,10,3,7,262,262,68,92,47,36,12,4,3,190,169,21,23,133,1,40,37
52352601,0,,,5801,2899,2902,596,314,282,5075,2498,2577,3136,1611,1525,4959,2447,2512,4860,2398,2462,1939,887,1052,920,398,522,220,74,146,20,4,16,62,36,26,2669,2668,956,855,466,288,72,22,9,1690,1543,147,175,1282,115,378,410
52352602,0,,,5990,2913,3077,719,372,347,5209,2498,2711,3146,1536,1610,5054,2421,2633,4932,2365,2567,2063,962,1101,969,471,498,213,75,138,15,2,13,26,8,18,2427,2425,621,826,466,347,118,33,14,1784,1638,146,173,1334,34,319,465
52352603,1,,52352614,2337,1172,1165,265,146,119,2301,1127,1174,1476,763,713,2229,1093,1136,2187,1072,1115,825,364,461,384,149,235,121,34,87,13,1,12,31,15,16,932,927,235,325,186,133,28,19,4,679,620,59,71,429,26,98,171
52352604,0,,,212,104,108,8,2,6,203,101,102,113,58,55,197,97,100,192,94,98,90,43,47,51,24,27,14,9,5,0,0,0,1,0,1,85,84,15,38,15,10,5,1,0,68,61,7,0,57,0,10,22
52352605,0,,,25,6,19,0,0,0,23,5,18,17,3,14,23,5,18,22,5,17,6,2,4,3,2,1,1,0,1,0,0,0,1,1,0,15,14,10,2,2,0,0,0,0,4,4,0,0,4,5,1,2
52352608,0,,,419,224,195,34,19,15,385,205,180,259,146,113,380,204,176,374,202,172,126,59,67,69,30,39,18,5,13,2,0,2,45,32,13,171,171,47,57,35,19,5,6,2,123,99,24,13,83,1,16,20
52352609,0,,,79,40,39,2,2,0,77,38,39,55,27,28,74,38,36,70,36,34,22,11,11,10,5,5,1,0,1,0,0,0,2,2,0,30,30,7,11,5,3,1,3,0,23,19,4,0,15,0,3,5
52352610,0,,,77,35,42,19,7,12,56,27,29,52,26,26,54,26,28,54,26,28,4,1,3,1,0,1,1,0,1,0,0,0,2,1,1,28,28,5,8,8,3,4,0,0,21,20,1,9,4,0,1,1
52352611,0,,,2969,1419,1550,289,161,128,2663,1247,1416,1447,685,762,2587,1211,1376,2544,1193,1351,1216,562,654,584,283,301,111,52,59,7,2,5,14,12,2,1228,1228,268,482,253,166,43,13,3,947,886,61,73,765,10,173,310
52352612,0,,,1465,722,743,353,189,164,1105,530,575,805,401,404,1053,505,548,1026,490,536,300,129,171,140,60,80,33,15,18,1,0,1,16,6,10,478,478,50,139,90,139,51,8,1,424,393,31,92,192,2,33,76
52352613,0,,,1719,833,886,228,113,115,1474,709,765,1038,508,530,1416,687,729,1365,667,698,436,201,235,191,86,105,35,10,25,1,0,1,11,6,5,676,674,161,212,129,126,40,5,1,506,469,37,52,286,9,84,99
52352614,2,52352603,,269,129,140,*,*,*,*,*,*,*,*,*,*,*,*,*,*,*,*,*,*,*,*,*,*,*,*,*,*,*,*,*,*,8,3,*,*,*,*,*,*,*,*,*,*,*,*,*,*,*
52352617,0,,,1274,655,619,150,79,71,1124,576,548,834,448,386,1083,555,528,1046,535,511,290,128,162,140,60,80,29,8,21,0,0,0,15,15,0,450,449,89,129,81,88,46,11,5,359,301,58,27,181,24,21,68
52352618,0,,,1055,508,547,128,63,65,925,443,482,542,271,271,901,427,474,886,421,465,383,172,211,159,66,93,48,15,33,1,0,1,8,6,2,377,376,71,124,79,51,27,15,9,305,231,74,29,244,3,45,72
52352619,0,,,118,63,55,13,9,4,105,54,51,57,33,24,100,51,49,99,50,49,48,21,27,22,11,11,4,2,2,0,0,0,0,0,0,46,46,12,13,11,6,2,1,1,34,28,6,5,33,0,11,10
52352620,0,,,18,9,9,0,0,0,18,9,9,11,5,6,17,8,9,17,8,9,7,4,3,3,2,1,1,1,0,0,0,0,0,0,0,7,7,1,3,2,0,1,0,0,6,5,1,0,5,0,1,2
52352621,0,,,7182,3366,3816,766,372,394,6310,2926,3384,3741,1805,1936,6153,2842,3311,6052,2801,3251,2569,1121,1448,1391,606,785,299,106,193,14,3,11,56,22,34,3141,3138,921,1113,607,344,115,32,6,2194,2002,192,249,1681,76,459,608
52352622,0,,,9559,4612,4947,1047,523,524,8334,3986,4348,5398,2668,2730,8106,3861,4245,7927,3768,4159,2936,1318,1618,1464,662,802,328,128,200,19,3,16,83,45,38,4094,4091,1240,1284,816,539,161,37,14,2818,2596,222,300,1933,131,512,634
52352623,0,,,4551,2221,2330,538,277,261,3995,1934,2061,2469,1233,1236,3855,1861,1994,3761,1820,1941,1526,701,825,648,292,356,125,43,82,6,1,5,23,15,8,1822,1822,385,680,357,304,70,17,9,1422,1331,91,121,988,15,241,387
52352627,0,,,241,113,128,21,8,13,217,102,115,130,64,66,210,97,113,206,96,110,87,38,49,45,16,29,12,3,9,1,0,1,9,4,5,100,100,33,29,17,10,7,4,0,65,56,9,6,61,3,21,17
52352628,0,,,1449,756,693,158,88,70,1277,656,621,833,441,392,1241,639,602,1211,626,585,444,215,229,206,91,115,55,21,34,2,0,2,91,59,32,634,633,235,171,102,83,31,8,3,395,330,65,35,298,77,71,84
52352629,0,,,629,326,303,57,32,25,571,293,278,389,204,185,555,286,269,532,275,257,182,89,93,85,44,41,24,12,12,3,2,1,24,18,6,232,232,52,66,43,45,21,4,1,180,149,31,13,114,10,22,41
52352630,0,,,372,179,193,30,14,16,339,164,175,183,90,93,328,156,172,321,153,168,156,74,82,80,34,46,19,6,13,2,1,1,2,1,1,121,119,16,40,32,13,13,4,1,102,80,22,5,80,2,12,25
52352631,0,,,8634,4076,4558,870,439,431,7636,3571,4065,4652,2272,2380,7422,3465,3957,7246,3373,3873,2984,1299,1685,1506,648,858,395,124,271,48,5,43,100,38,62,3598,3596,944,1308,688,458,157,31,10,2595,2406,189,252,1870,104,465,655
52352632,0,,,8793,4264,4529,1277,684,593,7418,3519,3899,4840,2353,2487,7130,3362,3768,6967,3275,3692,2578,1166,1412,1260,567,693,319,133,186,15,4,11,56,30,26,3524,3521,888,1123,680,616,172,32,10,2596,2399,197,315,1685,81,422,625
52352633,0,,,4302,2061,2241,483,266,217,3812,1790,2022,1947,957,990,3711,1728,1983,3646,1698,1948,1865,833,1032,1021,474,547,239,84,155,28,3,25,17,11,6,1697,1696,294,728,354,225,73,17,5,1393,1301,92,125,1096,3,217,496
52352634,2,52352635,,4,1,3,*,*,*,*,*,*,*,*,*,*,*,*,*,*,*,*,*,*,*,*,*,*,*,*,*,*,*,*,*,*,1,1,*,*,*,*,*,*,*,*,*,*,*,*,*,*,*
52352635,1,,52352634,526,142,384,0,0,0,530,143,387,12,2,10,530,143,387,530,143,387,518,141,377,452,123,329,245,65,180,29,5,24,1,0,1,78,68,5,63,0,1,0,0,0,64,64,0,0,62,5,0,62
52352637,0,,,22,10,12,0,0,0,22,10,12,12,6,6,21,9,12,20,9,11,10,4,6,6,2,4,3,0,3,1,0,1,0,0,0,9,9,3,2,2,1,1,0,0,6,4,2,0,5,0,1,2
52352639,0,,,344,173,171,19,10,9,325,163,162,192,98,94,317,162,155,310,157,153,133,65,68,56,25,31,15,4,11,2,0,2,42,25,17,165,165,73,40,30,13,6,2,1,91,71,20,5,90,10,26,27
52352640,0,,,1190,584,606,140,72,68,1018,496,522,644,329,315,983,479,504,962,466,496,374,167,207,168,73,95,46,15,31,3,1,2,33,14,19,506,504,163,157,77,71,25,8,3,332,298,34,38,245,11,78,72
52352641,0,,,11249,5237,6012,1164,604,560,10069,4625,5444,5941,2872,3069,9840,4506,5334,9658,4403,5255,4128,1753,2375,2148,885,1263,600,193,407,57,18,39,388,183,205,5124,5119,1750,1801,878,501,145,36,8,3336,3136,200,333,2738,160,1014,819
52352642,0,,,9333,4464,4869,1329,670,659,7910,3755,4155,5578,2741,2837,7642,3626,4016,7457,3533,3924,2332,1014,1318,1225,503,722,400,136,264,20,5,15,145,78,67,4028,4025,1326,1171,723,603,168,25,9,2667,2480,187,359,1561,260,432,521
52352643,0,,,6529,3142,3387,905,474,431,5623,2668,2955,3908,1881,2027,5368,2539,2829,5180,2446,2734,1715,787,928,786,366,420,175,65,110,13,1,12,39,23,16,2345,2344,326,788,542,504,132,44,8,2001,1853,148,184,1095,9,203,441
52352644,0,,,49,25,24,6,4,2,43,21,22,25,12,13,43,21,22,43,21,22,18,9,9,8,3,5,2,1,1,1,1,0,0,0,0,23,23,7,9,4,3,0,0,0,16,15,1,2,14,0,6,5
52352649,0,,,309,166,143,11,2,9,298,164,134,186,114,72,289,160,129,281,155,126,112,50,62,65,25,40,16,5,11,2,1,1,35,35,0,129,129,56,25,16,14,10,7,1,73,43,30,3,72,6,15,13
52352650,0,,,6415,3133,3282,670,339,331,5605,2708,2897,3548,1780,1768,5417,2614,2803,5291,2544,2747,2057,928,1129,995,450,545,273,101,172,23,4,19,347,151,196,2865,2861,1059,838,472,346,104,31,11,1751,1596,155,168,1314,253,406,409
52352651,0,,,4464,2143,2321,463,237,226,4001,1906,2095,2456,1228,1228,3854,1824,2030,3754,1770,1984,1545,678,867,743,332,411,188,76,112,17,6,11,202,98,104,1834,1833,455,647,358,259,91,20,3,1362,1248,114,93,1009,39,260,368
52352652,0,,,10040,5184,4856,1189,619,570,8851,4565,4286,6424,3510,2914,8533,4398,4135,8184,4182,4002,2427,1055,1372,1284,520,764,414,146,268,20,2,18,100,52,48,4092,4082,1436,1107,747,562,177,40,13,2606,2430,176,327,1659,248,521,499
52352653,0,,,9594,4593,5001,1136,617,519,8454,3974,4480,5322,2580,2742,8170,3817,4353,7977,3733,4244,3132,1394,1738,1536,688,848,364,154,210,23,8,15,86,47,39,3847,3845,840,1354,822,627,158,37,7,2979,2738,241,291,2046,49,507,724
52352654,0,,,2402,1153,1249,297,168,129,2105,985,1120,1249,592,657,2037,946,1091,1989,924,1065,856,393,463,355,170,185,76,31,45,6,1,5,16,6,10,900,900,141,327,207,157,53,12,3,756,680,76,84,533,3,92,215
52352655,0,,,199,101,98,2,1,1,197,100,97,112,71,41,196,99,97,194,98,96,85,29,56,59,18,41,25,6,19,6,0,6,1,1,0,16,12,1,2,4,3,1,1,0,11,8,3,1,7,0,1,0
52352659,0,,,41,22,19,6,3,3,35,19,16,21,11,10,35,19,16,34,19,15,14,8,6,5,4,1,3,2,1,0,0,0,3,3,0,15,15,3,7,0,2,2,1,0,10,6,4,2,8,2,0,4
52352660,0,,,955,483,472,124,66,58,820,412,408,540,284,256,801,404,397,784,395,389,280,128,152,135,61,74,35,15,20,3,1,2,11,7,4,378,378,102,111,79,49,27,8,2,271,237,34,36,187,9,44,55
52352661,0,,,7124,3461,3663,889,470,419,6235,2991,3244,4113,2009,2104,6013,2880,3133,5880,2813,3067,2122,982,1140,1018,469,549,195,71,124,14,4,10,127,71,56,2797,2797,596,967,586,462,145,27,14,2184,2028,156,249,1371,75,286,513
52352662,0,,,11997,5716,6281,1410,709,701,10582,5003,5579,6933,3431,3502,10233,4828,5405,10001,4707,5294,3649,1572,2077,1949,808,1141,524,195,329,30,6,24,129,66,63,5042,5041,1408,1644,1021,713,196,45,14,3602,3343,259,408,2421,169,673,815
52352663,0,,,10881,5181,5700,1494,787,707,9384,4394,4990,6233,2999,3234,9028,4229,4799,8794,4116,4678,3151,1395,1756,1545,644,901,429,152,277,30,4,26,104,48,56,4370,4367,1080,1444,862,698,235,41,7,3262,3043,219,389,2082,75,606,715
52352664,0,,,3569,1630,1939,392,204,188,3168,1422,1746,2007,929,1078,3089,1379,1710,3013,1335,1678,1161,493,668,589,233,356,158,46,112,12,1,11,54,17,37,1622,1565,539,486,279,182,51,19,9,1011,908,103,93,797,63,268,222
52352665,0,,,194,68,126,4,1,3,190,67,123,32,14,18,189,67,122,187,66,121,158,53,105,138,41,97,79,17,62,24,6,18,0,0,0,23,22,6,5,4,3,3,0,1,16,11,5,0,17,0,3,4
52352666,0,,,123,60,63,8,6,2,114,53,61,54,23,31,112,52,60,111,51,60,60,30,30,24,9,15,6,1,5,1,0,1,0,0,0,52,52,14,20,10,4,2,1,1,38,35,3,1,42,0,10,14
52352671,0,,,1542,729,813,142,67,75,1400,662,738,758,388,370,1347,635,712,1314,617,697,642,274,368,342,157,185,57,18,39,5,1,4,17,8,9,647,645,154,253,123,86,22,6,1,490,454,36,36,410,4,101,162
52352672,0,,,11470,5480,5990,1055,540,515,10406,4934,5472,6307,3167,3140,10131,4789,5342,9872,4655,5217,4099,1767,2332,2243,946,1297,537,189,348,42,6,36,143,79,64,5193,5192,1877,1618,869,603,175,41,9,3283,2991,292,256,2692,339,845,835
52352673,0,,,5887,2821,3066,835,432,403,5052,2389,2663,3572,1734,1838,4833,2285,2548,4699,2223,2476,1480,655,825,654,280,374,138,54,84,10,5,5,42,23,19,2300,2300,522,735,476,412,126,19,10,1759,1641,118,199,995,35,270,326
52352674,0,,,5569,2682,2887,601,320,281,4967,2361,2606,3228,1656,1572,4800,2260,2540,4644,2159,2485,1739,705,1034,1017,402,615,343,114,229,31,7,24,51,25,26,2459,2452,907,715,424,295,79,22,10,1536,1406,130,142,1094,207,367,322
52352675,0,,,3265,1581,1684,465,251,214,2800,1330,1470,1673,833,840,2701,1277,1424,2638,1243,1395,1127,497,630,631,272,359,181,66,115,20,1,19,11,5,6,1195,1193,207,423,254,216,80,12,1,983,911,72,107,649,2,149,261
52352676,0,,,28,16,12,0,0,0,28,16,12,8,6,2,28,16,12,27,16,11,20,10,10,12,6,6,3,1,2,0,0,0,0,0,0,16,16,8,4,4,0,0,0,0,8,7,1,0,13,0,6,3
52352678,2,52352689,,2,1,1,*,*,*,*,*,*,*,*,*,*,*,*,*,*,*,*,*,*,*,*,*,*,*,*,*,*,*,*,*,*,1,1,*,*,*,*,*,*,*,*,*,*,*,*,*,*,*
52352681,0,,,16,5,11,6,1,5,10,4,6,9,4,5,9,4,5,9,4,5,1,0,1,0,0,0,0,0,0,0,0,0,1,0,1,4,4,0,0,2,1,0,1,0,4,3,1,0,1,0,0,0
52352682,0,,,5657,2738,2919,678,361,317,4970,2372,2598,3263,1633,1630,4826,2302,2524,4693,2229,2464,1707,739,968,901,377,524,302,99,203,33,5,28,121,63,58,2398,2394,823,711,419,304,107,22,8,1545,1425,120,163,993,198,273,339
52352683,0,,,1554,700,854,195,98,97,1358,601,757,831,399,432,1320,582,738,1290,563,727,527,202,325,304,105,199,124,28,96,14,2,12,32,16,16,584,582,148,202,114,70,35,10,3,430,390,40,52,278,19,70,82
52352684,0,,,8783,4166,4617,1055,540,515,7726,3625,4101,4943,2427,2516,7336,3425,3911,7138,3317,3821,2783,1198,1585,1450,580,870,442,139,303,46,4,42,84,41,43,3390,3385,753,1155,701,560,173,35,8,2612,2408,204,259,1730,35,457,610
52352685,0,,,613,286,327,51,25,26,562,261,301,303,130,173,553,258,295,539,249,290,259,131,128,86,43,43,23,10,13,3,0,3,1,1,0,253,253,41,121,49,33,6,1,2,212,196,16,17,166,0,28,80
52352688,2,52352698,,6,2,4,*,*,*,*,*,*,*,*,*,*,*,*,*,*,*,*,*,*,*,*,*,*,*,*,*,*,*,*,*,*,3,3,*,*,*,*,*,*,*,*,*,*,*,*,*,*,*
52352689,1,,52352678;52352699,14,8,6,0,0,0,19,10,9,10,6,4,19,10,9,19,10,9,9,4,5,7,3,4,2,0,2,0,0,0,0,0,0,4,4,1,3,0,3,0,0,0,6,4,2,0,7,0,1,1
52352691,0,,,3649,1645,2004,364,186,178,3270,1447,1823,2036,949,1087,3181,1406,1775,3099,1378,1721,1234,498,736,599,228,371,154,42,112,18,0,18,162,83,79,1738,1736,673,588,267,158,39,9,2,1050,980,70,110,809,95,297,237
52352692,0,,,4272,2193,2079,492,253,239,3760,1931,1829,2912,1532,1380,3671,1875,1796,3544,1818,1726,848,399,449,333,140,193,91,28,63,5,0,5,212,92,120,2057,2056,908,502,351,215,63,13,4,1115,1033,82,164,569,367,143,159
52352693,0,,,2223,1141,1082,258,129,129,1938,999,939,1480,788,692,1863,960,903,1798,931,867,458,211,247,224,99,125,42,14,28,4,1,3,35,18,17,932,931,336,243,164,125,48,10,5,582,530,52,67,320,54,88,86
52352694,0,,,4819,2288,2531,543,270,273,4212,1984,2228,2707,1354,1353,4085,1913,2172,4009,1878,2131,1505,630,875,806,308,498,228,65,163,19,2,17,151,83,68,2026,2009,707,586,381,229,94,11,1,1291,1203,88,161,912,103,317,278
52352695,0,,,287,137,150,12,6,6,275,131,144,130,61,69,271,129,142,271,129,142,145,70,75,47,21,26,8,2,6,1,0,1,0,0,0,120,118,16,62,28,10,2,0,0,102,97,5,3,88,0,10,45
52352696,1,,52352697,54,28,26,7,3,4,49,26,23,29,16,13,48,25,23,46,23,23,20,10,10,10,6,4,3,1,2,1,0,1,0,0,0,20,20,3,9,4,3,1,1,0,18,17,1,2,13,0,1,7
52352697,2,52352696,,2,1,1,*,*,*,*,*,*,*,*,*,*,*,*,*,*,*,*,*,*,*,*,*,*,*,*,*,*,*,*,*,*,1,1,*,*,*,*,*,*,*,*,*,*,*,*,*,*,*
52352698,1,,52352688,26,11,15,0,0,0,31,13,18,17,7,10,29,11,18,29,11,18,14,6,8,7,2,5,3,1,2,0,0,0,0,0,0,9,9,2,5,2,1,2,0,0,10,8,2,0,9,0,1,3
52352699,2,52352689,,3,1,2,*,*,*,*,*,*,*,*,*,*,*,*,*,*,*,*,*,*,*,*,*,*,*,*,*,*,*,*,*,*,2,2,*,*,*,*,*,*,*,*,*,*,*,*,*,*,*
52352706,0,,,30,12,18,0,0,0,30,12,18,13,5,8,30,12,18,30,12,18,17,7,10,6,2,4,3,1,2,0,0,0,0,0,0,12,12,3,3,4,1,1,0,0,9,6,3,0,9,0,1,2
52352710,0,,,150,69,81,17,9,8,133,60,73,81,37,44,125,59,66,121,58,63,52,23,29,24,9,15,9,1,8,2,0,2,1,1,0,54,54,13,15,8,11,5,0,2,41,28,13,4,35,1,10,6
52352711,0,,,120,58,62,7,3,4,113,55,58,54,27,27,112,55,57,111,54,57,59,28,31,24,11,13,5,3,2,0,0,0,5,1,4,53,53,12,25,10,4,1,0,1,41,36,5,2,38,5,5,15
52352712,0,,,56,25,31,3,1,2,53,24,29,28,13,15,52,23,29,51,23,28,25,11,14,12,4,8,7,2,5,0,0,0,0,0,0,19,19,5,3,4,3,3,1,0,14,7,7,0,16,0,3,2
52352713,0,,,18,6,12,0,0,0,18,6,12,8,3,5,18,6,12,18,6,12,10,3,7,3,0,3,0,0,0,0,0,0,0,0,0,9,9,3,4,1,1,0,0,0,6,5,1,0,7,0,3,3
52352720,0,,,81,37,44,5,2,3,76,35,41,41,21,20,74,33,41,73,33,40,35,14,21,16,5,11,5,1,4,0,0,0,16,10,6,42,42,21,13,3,3,0,1,1,21,17,4,1,21,14,4,8
52352721,1,,52352732,142,71,71,13,7,6,136,67,69,81,44,37,131,65,66,129,65,64,55,23,32,26,10,16,6,1,5,0,0,0,0,0,0,48,48,13,16,9,4,5,6,0,40,28,12,4,37,0,12,11
52352722,0,,,55,31,24,2,1,1,53,30,23,29,19,10,52,30,22,52,30,22,24,11,13,11,6,5,6,3,3,0,0,0,2,2,0,19,19,3,8,3,2,1,0,2,16,11,5,0,15,0,1,4
52352723,0,,,117,55,62,5,0,5,112,55,57,48,28,20,111,55,56,109,53,56,64,27,37,27,13,14,7,3,4,0,0,0,0,0,0,50,50,9,22,15,1,3,0,0,41,31,10,0,37,0,4,16
52352724,0,,,56,26,30,0,0,0,56,26,30,17,7,10,56,26,30,56,26,30,39,19,20,20,10,10,5,3,2,0,0,0,0,0,0,27,27,5,17,3,2,0,0,0,22,19,3,0,23,0,2,13
52352727,0,,,112,59,53,7,4,3,105,55,50,64,38,26,104,55,49,102,53,49,41,17,24,22,6,16,7,0,7,0,0,0,2,2,0,38,38,6,13,7,6,2,3,1,32,19,13,2,29,0,5,5
52352728,0,,,183,88,95,12,6,6,171,82,89,86,40,46,166,81,85,163,79,84,85,42,43,49,25,24,19,9,10,2,0,2,0,0,0,60,60,5,25,13,8,3,3,3,53,37,16,1,51,0,3,18
52352729,0,,,154,68,86,13,7,6,141,61,80,66,27,39,140,61,79,138,61,77,75,34,41,35,12,23,12,2,10,0,0,0,1,1,0,58,58,14,16,15,8,2,1,2,44,31,13,2,47,0,11,13
52352730,0,,,693,339,354,34,23,11,655,314,341,367,196,171,639,307,332,633,303,330,288,118,170,134,42,92,67,15,52,10,1,9,51,38,13,282,280,86,102,51,26,9,5,1,191,162,29,6,141,21,17,60
52352731,0,,,1368,689,679,329,169,160,1039,520,519,893,451,442,981,493,488,941,470,471,146,69,77,61,30,31,12,4,8,0,0,0,9,4,5,428,428,37,108,101,118,48,12,4,386,360,26,90,91,3,10,32
52352732,2,52352721,,7,3,4,*,*,*,*,*,*,*,*,*,*,*,*,*,*,*,*,*,*,*,*,*,*,*,*,*,*,*,*,*,*,5,5,*,*,*,*,*,*,*,*,*,*,*,*,*,*,*
52352733,0,,,62,33,29,1,0,1,61,33,28,28,14,14,61,33,28,61,33,28,33,19,14,25,13,12,10,6,4,0,0,0,0,0,0,25,25,6,7,8,3,0,1,0,19,12,7,0,20,0,4,5
52352737,0,,,39,22,17,3,2,1,36,20,16,23,13,10,33,20,13,32,20,12,13,7,6,6,4,2,2,2,0,0,0,0,9,9,0,20,20,12,3,2,2,0,0,1,8,6,2,1,8,7,2,3
52352746,2,52352747,,4,2,2,*,*,*,*,*,*,*,*,*,*,*,*,*,*,*,*,*,*,*,*,*,*,*,*,*,*,*,*,*,*,1,1,*,*,*,*,*,*,*,*,*,*,*,*,*,*,*
52352747,1,,52352746;52352757,63,28,35,5,0,5,63,31,32,33,15,18,61,30,31,59,28,31,30,16,14,11,6,5,4,1,3,0,0,0,0,0,0,25,25,8,9,5,3,2,1,0,20,15,5,1,20,0,5,5
52352750,2,52352751,,6,3,3,*,*,*,*,*,*,*,*,*,*,*,*,*,*,*,*,*,*,*,*,*,*,*,*,*,*,*,*,*,*,2,2,*,*,*,*,*,*,*,*,*,*,*,*,*,*,*
52352751,1,,52352750,45,23,22,3,1,2,48,25,23,18,8,10,47,24,23,47,24,23,30,17,13,14,9,5,5,3,2,0,0,0,0,0,0,22,22,8,9,4,2,1,0,0,16,14,2,1,20,0,7,7
52352756,0,,,39,19,20,3,3,0,36,16,20,21,8,13,34,16,18,34,16,18,15,8,7,12,6,6,4,3,1,0,0,0,0,0,0,12,12,3,1,3,4,0,0,1,9,4,5,0,10,0,2,0
52352757,2,52352747,,2,1,1,*,*,*,*,*,*,*,*,*,*,*,*,*,*,*,*,*,*,*,*,*,*,*,*,*,*,*,*,*,*,2,2,*,*,*,*,*,*,*,*,*,*,*,*,*,*,*
52352761,0,,,19,8,11,0,0,0,19,8,11,13,7,6,19,8,11,19,8,11,6,1,5,4,0,4,2,0,2,0,0,0,0,0,0,6,6,0,1,3,2,0,0,0,5,2,3,0,5,0,0,0
52352762,0,,,38,20,18,0,0,0,38,20,18,26,16,10,38,20,18,37,19,18,12,4,8,7,2,5,2,0,2,0,0,0,0,0,0,14,14,1,6,3,4,0,0,0,13,12,1,0,7,0,0,1
52352766,0,,,18,10,8,1,1,0,17,9,8,9,6,3,17,9,8,17,9,8,8,3,5,4,2,2,3,2,1,0,0,0,1,1,0,8,8,0,7,0,1,0,0,0,8,7,1,0,5,0,0,2
52352772,0,,,25,10,15,0,0,0,25,10,15,15,6,9,25,10,15,25,10,15,10,4,6,4,1,3,1,0,1,1,0,1,0,0,0,10,10,2,5,0,2,1,0,0,8,6,2,0,6,0,1,3
52352773,0,,,41,24,17,0,0,0,39,22,17,25,15,10,38,22,16,36,20,16,14,7,7,5,2,3,1,0,1,0,0,0,0,0,0,19,19,8,5,4,1,0,0,1,11,9,2,0,9,1,1,4
52352775,0,,,20,12,8,5,4,1,15,8,7,6,3,3,15,8,7,15,8,7,9,5,4,5,3,2,1,1,0,0,0,0,0,0,0,7,7,1,2,2,1,1,0,0,6,6,0,2,5,0,1,2
52352780,0,,,88,46,42,5,4,1,83,42,41,38,17,21,81,42,39,81,42,39,45,25,20,17,8,9,4,2,2,0,0,0,0,0,0,33,33,7,11,8,2,3,2,0,26,19,7,1,30,0,7,10
52352782,0,,,239,110,129,11,6,5,227,103,124,111,57,54,222,101,121,216,97,119,116,46,70,71,24,47,23,6,17,3,1,2,1,0,1,91,88,18,36,18,10,4,2,0,70,55,15,2,62,0,9,22
52352783,0,,,1317,653,664,202,101,101,1110,548,562,959,482,477,1007,500,507,945,465,480,151,66,85,74,30,44,19,6,13,1,0,1,22,14,8,416,415,49,101,91,105,49,13,7,355,321,34,38,95,7,8,27
52352785,0,,,48,25,23,10,5,5,38,20,18,24,13,11,38,20,18,38,20,18,14,7,7,9,4,5,4,2,2,0,0,0,0,0,0,16,16,3,3,5,3,1,0,1,13,9,4,3,10,0,2,2
52352786,0,,,22,9,13,2,1,1,20,8,12,15,6,9,19,7,12,18,7,11,5,2,3,5,2,3,2,0,2,0,0,0,0,0,0,10,10,2,5,2,1,0,0,0,8,7,1,1,4,0,0,1
52352787,0,,,13,6,7,2,1,1,11,5,6,8,4,4,9,4,5,9,4,5,3,1,2,3,1,2,1,1,0,0,0,0,0,0,0,5,5,1,1,2,1,0,0,0,4,4,0,1,2,0,0,1
52352791,0,,,20,11,9,0,0,0,20,11,9,11,7,4,20,11,9,19,10,9,9,4,5,6,2,4,1,0,1,0,0,0,0,0,0,8,8,1,4,1,2,0,0,0,7,6,1,0,6,0,1,4
52352792,0,,,269,113,156,18,11,7,174,81,93,88,47,41,166,78,88,164,77,87,86,34,52,53,19,34,26,5,21,2,0,2,0,0,0,61,59,11,18,13,8,5,3,1,48,40,8,4,39,0,7,11
52352793,0,,,2333,1145,1188,236,124,112,2075,1007,1068,1340,653,687,1987,964,1023,1935,939,996,735,354,381,260,113,147,91,30,61,9,2,7,15,10,5,896,894,174,325,189,138,49,15,4,710,635,75,54,450,7,82,172
52352794,0,,,74,32,42,7,3,4,67,29,38,44,16,28,67,29,38,66,28,38,23,13,10,10,4,6,3,1,2,0,0,0,0,0,0,33,33,8,14,8,1,2,0,0,25,22,3,3,15,0,1,7
52353000,0,,,87,40,47,8,4,4,79,36,43,34,19,15,78,35,43,75,33,42,45,17,28,24,8,16,8,1,7,1,0,1,1,0,1,34,34,8,14,5,2,3,1,1,26,22,4,2,31,0,8,7
52353001,0,,,351,167,184,51,23,28,300,144,156,163,81,82,294,142,152,292,141,151,137,63,74,66,26,40,25,8,17,1,0,1,1,1,0,114,114,21,33,23,11,11,9,6,93,60,33,6,95,0,18,23
52353002,0,,,196,96,100,18,6,12,178,90,88,91,49,42,174,88,86,172,86,86,87,41,46,47,21,26,17,9,8,1,0,1,1,1,0,65,65,9,21,15,10,5,2,3,56,41,15,4,57,0,9,13
52353003,0,,,55,29,26,0,0,0,55,29,26,28,16,12,55,29,26,55,29,26,27,13,14,13,5,8,7,3,4,1,1,0,2,0,2,21,21,3,7,7,3,1,0,0,18,13,5,0,17,0,2,4
52353004,0,,,46,21,25,4,2,2,42,19,23,21,10,11,40,18,22,39,18,21,21,9,12,11,4,7,2,0,2,0,0,0,0,0,0,17,17,2,6,5,3,1,0,0,15,14,1,0,14,0,2,5
52353005,0,,,143,70,73,18,6,12,125,64,61,63,35,28,121,61,60,118,58,60,62,29,33,32,14,18,11,6,5,1,0,1,0,0,0,42,42,6,11,8,7,1,7,2,35,18,17,2,36,0,5,7
52353006,0,,,310,157,153,27,11,16,283,146,137,166,88,78,274,142,132,267,139,128,117,58,59,52,23,29,22,8,14,3,1,2,1,0,1,102,102,15,32,26,11,6,7,5,87,61,26,3,76,0,12,17
52353007,0,,,19,8,11,2,1,1,17,7,10,8,4,4,17,7,10,17,7,10,9,3,6,5,2,3,1,0,1,1,0,1,0,0,0,6,6,0,1,4,0,1,0,0,6,4,2,1,5,0,0,1
52353008,2,52353009,,5,3,2,*,*,*,*,*,*,*,*,*,*,*,*,*,*,*,*,*,*,*,*,*,*,*,*,*,*,*,*,*,*,2,2,*,*,*,*,*,*,*,*,*,*,*,*,*,*,*
52353009,1,,52353008,71,36,35,10,8,2,66,31,35,44,21,23,64,29,35,63,29,34,22,10,12,4,0,4,4,0,4,1,0,1,0,0,0,20,20,3,6,3,5,2,1,2,18,9,9,2,17,0,1,2
52353010,2,52353011,,1,1,0,*,*,*,*,*,*,*,*,*,*,*,*,*,*,*,*,*,*,*,*,*,*,*,*,*,*,*,*,*,*,1,1,*,*,*,*,*,*,*,*,*,*,*,*,*,*,*
52353011,1,,52353010,49,24,25,4,2,2,46,23,23,25,14,11,45,22,23,45,22,23,21,9,12,7,2,5,4,1,3,0,0,0,0,0,0,16,16,4,4,2,6,0,0,1,13,9,4,1,11,0,2,4
52353013,0,,,84,43,41,5,3,2,79,40,39,49,27,22,78,40,38,78,40,38,30,13,17,14,7,7,2,1,1,0,0,0,1,1,0,44,44,20,11,11,1,1,0,0,23,21,2,1,24,1,11,4
52353014,0,,,135,64,71,10,6,4,121,56,65,75,35,40,119,55,64,112,51,61,46,21,25,25,10,15,10,3,7,1,1,0,3,1,2,64,64,33,14,7,5,1,1,3,29,21,8,3,31,12,8,8
52353015,0,,,28,13,15,4,3,1,24,10,14,12,5,7,23,10,13,23,10,13,12,5,7,4,1,3,3,1,2,0,0,0,0,0,0,8,8,0,3,1,2,1,1,0,8,4,4,1,7,0,0,3
52353016,0,,,171,87,84,23,15,8,148,72,76,90,48,42,142,67,75,140,66,74,58,24,34,27,13,14,10,3,7,3,0,3,1,1,0,65,65,20,18,11,7,4,2,3,44,30,14,5,40,0,11,9
52353017,0,,,153,69,84,15,3,12,137,66,71,77,37,40,129,62,67,124,60,64,60,29,31,26,12,14,10,3,7,2,0,2,1,0,1,48,48,11,11,9,4,5,5,3,37,20,17,3,36,0,7,6
52353020,1,,52353021,89,45,44,9,4,5,88,46,42,52,31,21,85,44,41,83,43,40,36,15,21,16,7,9,5,1,4,0,0,0,0,0,0,34,34,4,18,7,6,1,0,1,33,28,5,1,24,0,4,8
52353021,2,52353020,,8,5,3,*,*,*,*,*,*,*,*,*,*,*,*,*,*,*,*,*,*,*,*,*,*,*,*,*,*,*,*,*,*,3,3,*,*,*,*,*,*,*,*,*,*,*,*,*,*,*
52353023,0,,,21,9,12,2,1,1,19,8,11,12,5,7,18,8,10,17,7,10,7,3,4,4,1,3,1,0,1,0,0,0,0,0,0,7,7,1,1,2,3,0,0,0,6,5,1,1,4,0,1,0
52353024,0,,,57,28,29,3,2,1,54,26,28,32,15,17,53,26,27,53,26,27,22,11,11,12,5,7,6,2,4,1,0,1,1,1,0,19,19,5,4,2,5,1,1,1,14,9,5,2,16,0,5,2
52353025,0,,,59,30,29,6,4,2,53,26,27,31,16,15,52,25,27,52,25,27,22,10,12,8,6,2,1,0,1,0,0,0,0,0,0,34,34,17,13,2,1,0,1,0,17,16,1,1,17,0,9,5
52353026,0,,,37,21,16,1,1,0,34,19,15,13,7,6,34,19,15,34,19,15,21,12,9,8,6,2,0,0,0,0,0,0,0,0,0,20,20,6,11,3,0,0,0,0,13,13,0,0,14,0,4,7
52353027,0,,,29,13,16,0,0,0,25,11,14,12,5,7,25,11,14,25,11,14,13,6,7,6,2,4,1,0,1,0,0,0,0,0,0,20,20,11,9,0,0,0,0,0,7,7,0,0,10,0,6,4
52353028,0,,,11,6,5,0,0,0,11,6,5,6,2,4,11,6,5,11,6,5,5,4,1,3,2,1,0,0,0,0,0,0,0,0,0,5,5,1,2,2,0,0,0,0,4,4,0,0,4,0,1,1
52353029,0,,,126,60,66,4,3,1,122,57,65,66,35,31,117,56,61,113,54,59,56,22,34,29,11,18,11,5,6,0,0,0,0,0,0,47,47,9,19,8,7,0,2,2,38,26,12,0,37,0,5,12
52353030,0,,,31,13,18,2,1,1,29,12,17,14,5,9,27,10,17,27,10,17,15,7,8,10,5,5,1,1,0,0,0,0,0,0,0,17,17,5,10,2,0,0,0,0,12,12,0,0,9,0,2,7
52353031,0,,,84,45,39,5,2,3,79,43,36,41,24,17,76,41,35,76,41,35,38,19,19,24,12,12,4,3,1,0,0,0,4,4,0,41,41,17,13,5,4,2,0,0,24,22,2,2,25,4,8,10
52353032,2,52353042,,2,1,1,*,*,*,*,*,*,*,*,*,*,*,*,*,*,*,*,*,*,*,*,*,*,*,*,*,*,*,*,*,*,1,1,*,*,*,*,*,*,*,*,*,*,*,*,*,*,*
52353033,2,52353042,,2,1,1,*,*,*,*,*,*,*,*,*,*,*,*,*,*,*,*,*,*,*,*,*,*,*,*,*,*,*,*,*,*,1,1,*,*,*,*,*,*,*,*,*,*,*,*,*,*,*
52353035,0,,,27,11,16,0,0,0,27,11,16,13,5,8,27,11,16,27,11,16,14,6,8,4,0,4,1,0,1,0,0,0,0,0,0,20,20,14,5,1,0,0,0,0,6,5,1,0,11,1,5,2
52353036,1,,52353046,19,11,8,1,0,1,26,17,9,13,8,5,26,17,9,26,17,9,13,9,4,5,3,2,1,0,1,0,0,0,0,0,0,11,11,9,6,2,0,0,0,0,8,8,0,0,10,0,6,3
52353038,2,52353048,,8,3,5,*,*,*,*,*,*,*,*,*,*,*,*,*,*,*,*,*,*,*,*,*,*,*,*,*,*,*,*,*,*,5,5,*,*,*,*,*,*,*,*,*,*,*,*,*,*,*
52353039,0,,,394,183,211,21,10,11,373,173,200,225,101,124,357,163,194,352,162,190,148,72,76,50,20,30,15,6,9,1,1,0,1,1,0,157,157,26,68,38,13,7,4,1,131,118,13,3,95,0,20,36
52353042,1,,52353032;52353033;52353043;52353052,53,25,28,0,0,0,67,32,35,35,16,19,66,31,35,64,30,34,32,16,16,22,11,11,3,1,2,0,0,0,0,0,0,16,16,2,11,6,1,3,1,0,21,16,5,0,20,0,2,6
52353043,2,52353042,,4,2,2,*,*,*,*,*,*,*,*,*,*,*,*,*,*,*,*,*,*,*,*,*,*,*,*,*,*,*,*,*,*,2,2,*,*,*,*,*,*,*,*,*,*,*,*,*,*,*
52353045,0,,,48,25,23,6,3,3,42,22,20,29,18,11,40,20,20,40,20,20,13,4,9,6,1,5,3,1,2,0,0,0,0,0,0,14,14,0,4,3,5,1,1,0,14,8,6,0,10,0,0,2
52353046,2,52353036,,8,6,2,*,*,*,*,*,*,*,*,*,*,*,*,*,*,*,*,*,*,*,*,*,*,*,*,*,*,*,*,*,*,6,6,*,*,*,*,*,*,*,*,*,*,*,*,*,*,*
52353047,0,,,9,5,4,0,0,0,9,5,4,2,1,1,9,5,4,9,5,4,7,4,3,2,1,1,1,1,0,0,0,0,0,0,0,5,5,2,2,1,0,0,0,0,3,3,0,0,4,0,1,2
52353048,1,,52353038,42,23,19,3,2,1,47,24,23,20,13,7,46,23,23,46,23,23,27,11,16,17,8,9,1,1,0,0,0,0,0,0,0,19,19,6,12,5,0,1,0,0,18,17,1,2,18,0,5,6
52353049,0,,,114,53,61,7,5,2,107,48,59,53,22,31,103,46,57,102,46,56,54,26,28,22,11,11,3,2,1,0,0,0,3,2,1,49,49,10,25,8,2,2,2,0,38,32,6,1,35,0,7,16
52353052,2,52353042,,6,3,3,*,*,*,*,*,*,*,*,*,*,*,*,*,*,*,*,*,*,*,*,*,*,*,*,*,*,*,*,*,*,4,4,*,*,*,*,*,*,*,*,*,*,*,*,*,*,*
52353054,0,,,45,19,26,5,2,3,40,17,23,21,10,11,39,17,22,39,17,22,19,7,12,14,6,8,4,2,2,0,0,0,0,0,0,12,12,1,4,1,4,0,0,2,11,5,6,2,11,0,1,2
52353055,0,,,34,17,17,5,3,2,29,14,15,15,7,8,28,13,15,28,13,15,14,7,7,7,1,6,5,1,4,0,0,0,0,0,0,15,15,6,3,3,2,1,0,0,9,7,2,2,12,0,6,0
52353056,0,,,29,15,14,7,4,3,22,11,11,19,10,9,22,11,11,21,10,11,3,1,2,2,1,1,2,1,1,0,0,0,0,0,0,10,10,2,4,0,2,1,1,0,8,6,2,3,2,0,0,0
52353059,0,,,78,40,38,6,3,3,72,37,35,45,24,21,69,36,33,69,36,33,27,13,14,17,9,8,11,5,6,0,0,0,0,0,0,26,26,2,8,7,7,1,1,0,24,17,7,1,17,0,0,3
52353064,0,,,21,11,10,2,1,1,19,10,9,11,7,4,19,10,9,19,10,9,8,3,5,3,1,2,0,0,0,0,0,0,0,0,0,7,7,2,1,1,2,0,1,0,5,3,2,0,6,0,2,1
52353065,0,,,12,8,4,3,3,0,9,5,4,3,2,1,9,5,4,9,5,4,6,3,3,1,0,1,0,0,0,0,0,0,0,0,0,5,5,2,1,1,0,1,0,0,3,3,0,1,4,0,2,1
52353066,2,52353067,,13,6,7,*,*,*,*,*,*,*,*,*,*,*,*,*,*,*,*,*,*,*,*,*,*,*,*,*,*,*,*,*,*,3,3,*,*,*,*,*,*,*,*,*,*,*,*,*,*,*
52353067,1,,52353066,165,82,83,22,8,14,156,80,76,83,43,40,154,79,75,150,76,74,73,37,36,35,16,19,15,7,8,2,1,1,0,0,0,58,58,15,17,10,9,4,1,5,45,29,16,5,50,0,12,9
52353068,0,,,29,14,15,3,2,1,26,12,14,15,7,8,26,12,14,25,12,13,11,5,6,4,1,3,2,0,2,1,0,1,0,0,0,11,11,2,4,3,1,0,1,0,9,7,2,1,7,0,1,2
52353069,0,,,86,46,40,17,10,7,69,36,33,42,23,19,67,34,33,66,34,32,27,13,14,15,7,8,6,4,2,0,0,0,0,0,0,24,24,3,7,3,3,5,1,2,21,14,7,6,18,0,2,6
52353074,1,,52353084,181,85,96,20,11,9,165,75,90,96,46,50,161,74,87,158,74,84,69,29,40,32,11,21,11,4,7,1,0,1,0,0,0,59,59,6,18,18,7,7,2,2,54,38,16,3,47,0,5,12
52353075,0,,,10,5,5,0,0,0,10,5,5,6,3,3,10,5,5,10,5,5,4,2,2,1,0,1,0,0,0,0,0,0,0,0,0,6,6,3,2,1,0,0,0,0,3,2,1,0,3,0,1,0
52353077,0,,,16,9,7,0,0,0,16,9,7,6,4,2,16,9,7,16,9,7,10,5,5,3,1,2,2,0,2,0,0,0,0,0,0,7,7,1,3,3,0,0,0,0,6,4,2,0,6,0,0,1
52353078,0,,,93,44,49,5,1,4,88,43,45,45,23,22,86,42,44,85,42,43,43,20,23,22,9,13,4,3,1,0,0,0,0,0,0,34,34,6,12,8,4,1,3,0,28,22,6,0,28,0,5,8
52353079,0,,,21,11,10,0,0,0,20,10,10,4,2,2,20,10,10,20,10,10,16,8,8,12,5,7,4,2,2,1,1,0,0,0,0,11,11,6,2,2,0,1,0,0,4,2,2,0,9,0,4,1
52353080,0,,,377,182,195,51,31,20,326,151,175,208,102,106,317,147,170,309,143,166,118,49,69,57,20,37,17,3,14,2,0,2,0,0,0,136,136,22,43,37,22,9,1,2,114,96,18,5,78,0,15,20
52353081,0,,,78,34,44,5,1,4,73,33,40,41,18,23,70,31,39,70,31,39,32,15,17,13,7,6,2,0,2,0,0,0,0,0,0,28,28,5,8,7,5,2,1,0,23,14,9,1,21,0,2,7
52353084,2,52353074,,4,1,3,*,*,*,*,*,*,*,*,*,*,*,*,*,*,*,*,*,*,*,*,*,*,*,*,*,*,*,*,*,*,1,1,*,*,*,*,*,*,*,*,*,*,*,*,*,*,*
52353087,0,,,60,31,29,6,5,1,54,26,28,33,17,16,51,24,27,50,24,26,21,9,12,13,6,7,4,3,1,0,0,0,0,0,0,17,17,1,6,2,3,3,0,2,16,11,5,2,11,0,0,4
52353088,1,,52353099,14,7,7,0,0,0,15,7,8,13,7,6,15,7,8,14,6,8,2,0,2,1,0,1,0,0,0,0,0,0,0,0,0,10,10,6,4,0,0,1,0,0,5,4,1,0,2,0,0,0
52353090,0,,,379,177,202,50,24,26,329,153,176,191,89,102,318,150,168,310,147,163,138,64,74,71,28,43,28,7,21,3,1,2,1,0,1,126,126,22,43,20,18,8,8,7,104,69,35,13,90,0,19,19
52353091,0,,,43,22,21,4,3,1,39,19,20,21,10,11,37,18,19,35,18,17,18,9,9,10,5,5,3,2,1,0,0,0,0,0,0,12,12,1,1,4,4,0,2,0,11,6,5,1,10,0,1,1
52353094,2,52353095,,6,2,4,*,*,*,*,*,*,*,*,*,*,*,*,*,*,*,*,*,*,*,*,*,*,*,*,*,*,*,*,*,*,2,2,*,*,*,*,*,*,*,*,*,*,*,*,*,*,*
52353095,1,,52353094,31,12,19,0,0,0,37,14,23,20,7,13,33,13,20,33,13,20,17,7,10,9,3,6,0,0,0,0,0,0,0,0,0,12,12,4,5,0,3,1,1,0,10,6,4,0,11,0,2,3
52353097,0,,,124,62,62,13,9,4,111,53,58,66,35,31,106,50,56,105,49,56,45,18,27,14,5,9,5,1,4,0,0,0,0,0,0,43,43,10,11,8,7,4,1,2,33,22,11,6,31,0,7,6
52353099,2,52353088,,5,2,3,*,*,*,*,*,*,*,*,*,*,*,*,*,*,*,*,*,*,*,*,*,*,*,*,*,*,*,*,*,*,1,1,*,*,*,*,*,*,*,*,*,*,*,*,*,*,*
52353100,0,,,64,29,35,3,1,2,61,28,33,33,15,18,60,28,32,59,28,31,28,13,15,18,7,11,8,3,5,0,0,0,0,0,0,22,22,3,9,4,2,1,3,0,19,12,7,0,17,0,1,2
52353101,0,,,25,11,14,2,1,1,23,10,13,17,6,11,21,9,12,21,9,12,6,4,2,4,3,1,1,1,0,0,0,0,0,0,0,8,8,2,3,0,1,0,1,1,6,4,2,1,4,0,2,0
52353102,0,,,93,37,56,8,3,5,85,34,51,44,19,25,84,34,50,83,33,50,41,15,26,23,7,16,9,0,9,2,0,2,0,0,0,34,34,9,8,7,6,1,3,0,25,14,11,3,29,0,9,5
52353103,0,,,90,55,35,7,6,1,83,49,34,48,30,18,82,48,34,81,47,34,35,19,16,12,6,6,5,4,1,0,0,0,0,0,0,40,40,13,15,5,5,0,2,0,25,22,3,4,20,5,4,8
52353104,0,,,2560,1275,1285,678,355,323,1882,920,962,1613,793,820,1775,860,915,1713,822,891,269,127,142,117,53,64,35,16,19,0,0,0,5,2,3,785,785,50,180,200,255,76,20,4,732,691,41,192,171,7,20,60
52353105,0,,,1220,616,604,202,102,100,1007,508,499,771,402,369,953,478,475,923,455,468,236,106,130,103,45,58,22,7,15,0,0,0,13,7,6,497,497,164,126,76,97,23,7,4,331,308,23,46,160,56,39,57
52353106,0,,,89,42,47,5,2,3,84,40,44,46,24,22,79,38,41,79,38,41,38,16,22,15,7,8,4,1,3,0,0,0,0,0,0,28,28,2,11,6,5,1,1,2,26,17,9,0,23,0,2,5
52353108,0,,,318,152,166,28,17,11,290,135,155,168,77,91,282,131,151,277,128,149,122,58,64,59,30,29,13,2,11,0,0,0,0,0,0,126,126,21,51,33,13,6,0,2,105,94,11,6,84,0,18,25
52353109,0,,,283,148,135,23,11,12,260,137,123,161,88,73,254,134,120,248,129,119,99,49,50,41,20,21,15,6,9,0,0,0,0,0,0,101,101,15,33,29,14,6,1,3,85,65,20,3,67,0,11,17
52353110,0,,,16,9,7,0,0,0,16,9,7,10,6,4,16,9,7,16,9,7,6,3,3,4,2,2,2,2,0,0,0,0,0,0,0,8,8,1,6,1,0,0,0,0,7,6,1,0,5,0,1,1
52353111,2,52353121,,6,3,3,*,*,*,*,*,*,*,*,*,*,*,*,*,*,*,*,*,*,*,*,*,*,*,*,*,*,*,*,*,*,3,3,*,*,*,*,*,*,*,*,*,*,*,*,*,*,*
52353113,0,,,81,37,44,7,4,3,74,33,41,38,16,22,72,33,39,71,33,38,36,17,19,17,6,11,6,3,3,0,0,0,0,0,0,24,24,4,7,4,2,2,2,3,20,11,9,2,21,0,4,2
52353114,0,,,572,237,335,30,12,18,542,225,317,156,81,75,537,222,315,534,220,314,386,144,242,298,95,203,172,40,132,23,3,20,10,3,7,105,104,25,33,24,12,7,1,2,79,67,12,6,68,2,19,16
52353115,0,,,2275,1162,1113,176,101,75,1998,1006,992,1449,747,702,1955,988,967,1889,944,945,549,259,290,275,123,152,73,23,50,6,0,6,35,11,24,1156,1156,571,257,171,122,25,7,3,582,500,82,48,368,195,75,108
52353118,0,,,185,99,86,8,6,2,177,93,84,93,50,43,174,91,83,169,88,81,84,43,41,45,21,24,8,3,5,2,0,2,0,0,0,76,76,15,35,11,11,2,1,1,60,54,6,2,53,0,9,18
52353119,0,,,16,8,8,3,2,1,13,6,7,6,3,3,12,5,7,12,5,7,7,3,4,2,0,2,1,0,1,0,0,0,0,0,0,6,6,2,2,1,0,0,0,1,4,3,1,0,5,0,2,2
52353120,0,,,46,26,20,3,2,1,43,24,19,25,15,10,42,23,19,41,22,19,18,9,9,12,6,6,5,2,3,0,0,0,0,0,0,15,15,0,7,3,2,3,0,0,15,12,3,1,9,0,0,2
52353121,1,,52353111,25,12,13,4,2,2,27,13,14,19,10,9,27,13,14,27,13,14,8,3,5,4,2,2,1,0,1,0,0,0,3,2,1,9,9,2,4,4,1,1,0,0,10,8,2,2,5,0,1,2
52353122,0,,,29,18,11,1,1,0,28,17,11,15,10,5,28,17,11,28,17,11,13,7,6,4,2,2,1,0,1,0,0,0,0,0,0,11,11,2,2,6,0,1,0,0,9,7,2,0,9,0,2,2
52353123,0,,,248,80,168,7,5,2,241,75,166,51,25,26,239,75,164,237,74,163,190,50,140,142,26,116,109,13,96,23,2,21,1,1,0,48,47,8,23,8,6,1,0,1,38,33,5,1,36,1,7,14
52353124,0,,,122,62,60,5,4,1,117,58,59,56,28,28,116,57,59,115,57,58,61,30,31,36,14,22,9,4,5,0,0,0,1,0,1,46,46,11,13,8,9,5,0,0,35,22,13,0,36,0,5,10
52353125,0,,,537,207,330,20,9,11,517,198,319,152,78,74,504,194,310,501,192,309,365,120,245,296,80,216,212,49,163,49,8,41,3,1,2,90,87,15,26,19,14,6,4,3,71,52,19,7,57,1,5,10
52353126,0,,,160,80,80,15,6,9,145,74,71,84,47,37,140,71,69,139,70,69,61,27,34,26,7,19,10,0,10,0,0,0,0,0,0,58,58,9,16,20,8,4,0,1,49,37,12,5,39,0,6,9
52353127,0,,,18,8,10,2,0,2,16,8,8,9,5,4,15,7,8,14,7,7,7,3,4,4,2,2,1,0,1,0,0,0,0,0,0,4,4,0,1,1,0,0,1,1,4,2,2,0,4,0,0,1
52353128,1,,52353129,205,92,113,11,6,5,197,87,110,112,52,60,193,84,109,187,81,106,85,35,50,45,15,30,12,3,9,0,0,0,4,1,3,74,74,12,27,19,10,4,2,1,62,50,12,2,56,0,11,17
52353129,2,52353128,,3,1,2,*,*,*,*,*,*,*,*,*,*,*,*,*,*,*,*,*,*,*,*,*,*,*,*,*,*,*,*,*,*,1,1,*,*,*,*,*,*,*,*,*,*,*,*,*,*,*
52353130,0,,,5184,2441,2743,378,185,193,4806,2256,2550,3195,1410,1785,4705,2198,2507,4628,2165,2463,1611,846,765,475,194,281,145,40,105,8,2,6,13,7,6,2015,2015,253,865,522,268,85,16,6,1753,1587,166,86,1070,2,143,453
52353131,0,,,302,144,158,23,9,14,279,135,144,168,78,90,274,132,142,273,131,142,111,57,54,28,11,17,10,3,7,0,0,0,1,0,1,122,122,25,43,35,12,4,3,0,97,86,11,6,74,0,15,27
52353132,0,,,616,260,356,26,16,10,590,244,346,355,143,212,580,236,344,507,231,276,235,101,134,127,47,80,49,13,36,1,1,0,9,7,2,197,196,40,70,33,35,6,6,6,154,111,43,4,153,4,29,43
52353133,0,,,194,102,92,23,11,12,171,91,80,112,65,47,162,87,75,157,83,74,59,26,33,21,10,11,6,2,4,0,0,0,15,13,2,70,70,23,11,13,15,3,2,3,47,36,11,6,38,6,9,8
52353134,0,,,161,80,81,16,9,7,145,71,74,89,44,45,144,71,73,142,70,72,56,27,29,24,9,15,12,4,8,1,0,1,1,0,1,58,58,13,14,14,10,5,1,1,44,29,15,5,39,0,8,6
52353135,0,,,202,106,96,12,9,3,190,97,93,118,64,54,187,97,90,186,96,90,72,33,39,32,12,20,13,4,9,0,0,0,4,1,3,63,62,16,22,11,8,3,1,1,46,38,8,3,46,0,12,10
52353136,0,,,62,26,36,5,2,3,57,24,33,37,14,23,57,24,33,57,24,33,20,10,10,10,5,5,5,2,3,0,0,0,0,0,0,23,23,5,6,6,4,1,1,0,18,13,5,2,17,0,4,2
52353137,0,,,41,19,22,0,0,0,41,19,22,15,7,8,41,19,22,41,19,22,26,12,14,9,6,3,5,3,2,1,0,1,0,0,0,19,19,5,8,4,2,0,0,0,14,11,3,0,17,0,4,5
52353138,0,,,95,47,48,4,2,2,91,45,46,48,26,22,88,44,44,88,44,44,43,19,24,20,11,9,5,2,3,1,1,0,0,0,0,43,43,10,20,10,2,0,0,1,32,29,3,1,25,0,5,8
52353139,0,,,20,12,8,2,1,1,18,11,7,12,8,4,17,10,7,15,8,7,6,3,3,1,1,0,0,0,0,0,0,0,0,0,0,7,7,0,4,1,1,1,0,0,7,7,0,0,3,0,0,3
52353140,2,52353141,,8,3,5,*,*,*,*,*,*,*,*,*,*,*,*,*,*,*,*,*,*,*,*,*,*,*,*,*,*,*,*,*,*,5,5,*,*,*,*,*,*,*,*,*,*,*,*,*,*,*
52353141,1,,52353140,323,168,155,16,8,8,315,163,152,186,102,84,305,157,148,302,155,147,129,61,68,51,20,31,18,3,15,0,0,0,3,1,2,125,124,25,52,20,23,6,2,1,104,79,25,2,86,0,15,25
52353142,0,,,267,85,182,2,2,0,265,83,182,11,6,5,265,83,182,265,83,182,254,77,177,224,60,164,120,26,94,18,1,17,2,1,1,11,10,4,4,1,0,0,0,1,6,5,1,0,7,0,2,3
52353143,0,,,866,431,435,34,17,17,817,406,411,491,273,218,809,402,407,800,401,399,326,133,193,214,68,146,124,26,98,19,2,17,7,3,4,112,107,58,18,14,10,3,3,1,49,37,12,5,47,19,8,13
52353144,0,,,94,42,52,6,2,4,88,40,48,49,20,29,87,40,47,86,40,46,39,20,19,16,5,11,4,1,3,1,0,1,0,0,0,36,36,8,10,10,5,2,1,0,28,23,5,2,26,0,4,4
52353146,0,,,95,45,50,7,3,4,88,42,46,40,21,19,88,42,46,88,42,46,48,21,27,17,6,11,7,3,4,0,0,0,0,0,0,39,39,8,16,9,4,1,0,1,31,26,5,2,31,0,5,11
52353147,0,,,57,28,29,4,2,2,53,26,27,30,15,15,52,25,27,50,24,26,23,11,12,8,4,4,2,0,2,0,0,0,0,0,0,23,23,4,10,7,0,0,2,0,19,15,4,1,15,0,4,3
52353148,0,,,503,225,278,23,12,11,480,213,267,280,136,144,468,207,261,461,204,257,200,77,123,120,32,88,69,14,55,6,0,6,1,0,1,188,187,44,76,40,16,8,3,0,141,125,16,7,93,2,24,34
52353149,0,,,124,53,71,5,2,3,119,51,68,91,41,50,115,50,65,111,48,63,28,10,18,10,2,8,2,0,2,0,0,0,3,0,3,51,51,14,15,12,7,2,1,0,36,30,6,0,24,1,7,2
52353150,0,,,132,48,84,8,6,2,124,42,82,38,21,17,123,41,82,122,40,82,86,21,65,75,17,58,47,9,38,13,1,12,0,0,0,34,33,12,13,4,3,0,0,1,21,21,0,1,16,0,6,6
52353151,0,,,711,363,348,52,36,16,659,327,332,429,220,209,645,319,326,636,312,324,230,107,123,108,45,63,19,4,15,1,0,1,6,3,3,274,274,43,105,74,36,9,5,2,230,209,21,10,154,0,25,45
52353152,0,,,129,65,64,7,5,2,122,60,62,70,34,36,120,59,61,119,59,60,52,26,26,22,11,11,8,1,7,2,0,2,3,1,2,51,51,11,18,12,6,2,2,0,40,32,8,3,34,1,7,11
52353153,0,,,177,71,106,0,0,0,177,71,106,22,15,7,177,71,106,177,71,106,155,56,99,113,34,79,50,9,41,4,0,4,5,3,2,1,0,0,0,0,0,0,0,0,0,0,0,0,0,0,0,0
52353154,1,,52353164,123,56,67,2,1,1,123,55,68,72,34,38,119,53,66,116,53,63,51,21,30,26,9,17,10,2,8,0,0,0,0,0,0,44,44,6,16,9,10,4,0,0,39,26,13,0,33,0,4,8
52353155,0,,,115,55,60,10,3,7,105,52,53,60,32,28,104,52,52,101,50,51,45,20,25,19,9,10,3,0,3,0,0,0,0,0,0,45,45,11,17,5,6,5,1,0,34,28,6,2,30,0,8,13
52353156,0,,,46,20,26,3,0,3,43,20,23,22,11,11,42,19,23,40,18,22,21,9,12,9,3,6,3,1,2,0,0,0,0,0,0,17,17,5,3,5,1,2,1,0,12,9,3,0,14,0,5,2
52353157,0,,,48,24,24,5,2,3,43,22,21,29,16,13,41,21,20,41,21,20,14,6,8,13,6,7,2,1,1,0,0,0,0,0,0,15,15,2,6,2,1,1,2,1,13,10,3,1,9,0,2,3
52353158,0,,,286,138,148,24,15,9,262,123,139,176,85,91,257,120,137,253,119,134,86,38,48,38,13,25,13,3,10,0,0,0,1,0,1,113,113,22,40,27,19,3,2,0,90,74,16,5,57,1,12,20
52353159,0,,,187,89,98,11,4,7,176,85,91,99,47,52,171,82,89,167,81,86,77,38,39,28,13,15,3,0,3,0,0,0,5,2,3,82,82,25,28,15,9,5,0,0,57,53,4,2,55,0,22,16
52353160,0,,,206,96,110,16,11,5,190,85,105,117,55,62,184,82,102,180,82,98,73,30,43,40,16,24,15,5,10,1,0,1,0,0,0,80,80,11,37,15,11,5,0,1,69,58,11,3,45,0,6,14
52353161,0,,,12,5,7,3,0,3,9,5,4,7,4,3,8,5,3,8,5,3,2,1,1,1,1,0,1,1,0,0,0,0,0,0,0,5,5,2,0,2,1,0,0,0,3,3,0,1,2,0,2,0
52353162,0,,,204,100,104,10,5,5,194,95,99,110,53,57,191,94,97,190,94,96,84,42,42,42,21,21,17,6,11,1,0,1,0,0,0,82,82,18,27,23,9,3,2,0,63,55,8,2,54,0,13,12
52353163,0,,,104,44,60,13,6,7,91,38,53,69,28,41,87,38,49,84,37,47,22,10,12,9,5,4,0,0,0,0,0,0,0,0,0,42,42,10,14,9,7,1,1,0,32,31,1,2,15,0,4,8
52353164,2,52353154,,2,0,2,*,*,*,*,*,*,*,*,*,*,*,*,*,*,*,*,*,*,*,*,*,*,*,*,*,*,*,*,*,*,1,1,*,*,*,*,*,*,*,*,*,*,*,*,*,*,*
52353165,0,,,73,39,34,2,0,2,71,39,32,40,21,19,70,39,31,67,37,30,31,18,13,19,12,7,13,7,6,0,0,0,0,0,0,26,26,6,6,7,3,2,2,0,20,13,7,1,20,0,4,4
52353166,0,,,34,15,19,1,1,0,33,14,19,15,4,11,31,13,18,31,13,18,18,10,8,9,3,6,2,1,1,0,0,0,0,0,0,13,13,4,4,2,1,1,0,1,9,5,4,0,13,0,4,3
52353167,0,,,40,20,20,4,1,3,36,19,17,21,11,10,34,18,16,34,18,16,15,8,7,7,3,4,2,1,1,0,0,0,0,0,0,15,15,3,4,5,2,0,1,0,12,11,1,0,10,0,2,4
52353168,0,,,74,33,41,10,3,7,64,30,34,32,15,17,64,30,34,64,30,34,32,15,17,15,7,8,7,3,4,0,0,0,0,0,0,30,30,9,12,2,5,0,0,2,21,17,4,3,21,0,6,7
52353169,0,,,113,54,59,8,4,4,105,50,55,59,29,30,104,50,54,103,50,53,46,21,25,21,7,14,11,4,7,2,0,2,0,0,0,44,44,7,19,8,7,2,1,0,37,29,8,1,29,0,5,7
52353170,0,,,242,118,124,21,12,9,220,106,114,137,69,68,218,105,113,213,102,111,83,37,46,51,18,33,30,13,17,2,0,2,0,0,0,75,74,14,16,13,16,7,5,3,60,34,26,5,50,0,11,5
52353172,0,,,72,31,41,7,2,5,65,29,36,37,16,21,62,27,35,61,26,35,28,13,15,18,9,9,8,4,4,2,1,1,0,0,0,27,27,6,7,7,5,1,1,0,21,16,5,1,20,0,6,4
52353173,0,,,67,38,29,6,4,2,61,34,27,44,26,18,61,34,27,60,34,26,17,8,9,8,4,4,2,1,1,0,0,0,0,0,0,24,24,5,2,12,4,0,1,0,19,13,6,2,12,0,3,2
52353174,0,,,50,24,26,0,0,0,50,24,26,16,9,7,50,24,26,50,24,26,34,15,19,18,6,12,7,1,6,2,1,1,0,0,0,21,21,5,9,2,4,1,0,0,16,13,3,0,18,0,4,7
52353175,0,,,47,27,20,2,2,0,45,25,20,23,16,7,45,25,20,44,25,19,22,9,13,8,2,6,3,0,3,0,0,0,0,0,0,17,17,4,4,5,2,0,2,0,13,9,4,0,13,1,2,3
52353176,0,,,29,15,14,4,3,1,25,12,13,11,6,5,25,12,13,24,11,13,14,6,8,5,2,3,0,0,0,0,0,0,0,0,0,12,12,3,5,2,0,2,0,0,9,6,3,2,10,0,2,3
52353177,0,,,64,33,31,6,1,5,58,32,26,31,16,15,58,32,26,57,31,26,27,16,11,10,7,3,4,3,1,1,1,0,0,0,0,24,24,5,7,8,2,1,0,1,17,12,5,2,15,0,1,4
52353178,0,,,9,4,5,0,0,0,9,4,5,6,3,3,9,4,5,9,4,5,3,1,2,3,1,2,0,0,0,0,0,0,0,0,0,5,5,2,2,1,0,0,0,0,3,3,0,0,2,0,1,1
52353179,0,,,146,75,71,14,8,6,132,67,65,76,39,37,131,67,64,129,65,64,56,28,28,27,12,15,10,5,5,0,0,0,1,1,0,63,63,14,24,17,7,1,0,0,48,45,3,3,36,0,10,13
52353180,0,,,301,143,158,31,12,19,269,130,139,173,80,93,259,126,133,251,122,129,96,50,46,38,18,20,8,5,3,1,0,1,1,0,1,102,102,18,33,15,20,9,3,4,83,63,20,3,64,0,12,13
52353182,1,,52353183,67,32,35,7,4,3,67,31,36,38,20,18,67,31,36,67,31,36,29,11,18,19,7,12,5,0,5,0,0,0,0,0,0,22,22,1,9,6,5,1,2,0,23,15,8,1,19,0,0,5
52353183,2,52353182,,7,3,4,*,*,*,*,*,*,*,*,*,*,*,*,*,*,*,*,*,*,*,*,*,*,*,*,*,*,*,*,*,*,2,2,*,*,*,*,*,*,*,*,*,*,*,*,*,*,*
52353184,0,,,24,10,14,1,1,0,23,9,14,11,3,8,23,9,14,23,9,14,12,6,6,3,1,2,1,0,1,0,0,0,0,0,0,9,9,1,5,1,1,0,1,0,8,5,3,0,7,0,1,2
52353185,0,,,75,42,33,4,1,3,71,41,30,41,25,16,69,40,29,68,39,29,30,16,14,15,6,9,4,1,3,1,0,1,0,0,0,28,28,7,9,5,3,3,0,1,20,13,7,0,20,0,3,6
52353186,0,,,79,40,39,2,1,1,77,39,38,28,16,12,77,39,38,77,39,38,49,23,26,21,10,11,7,2,5,0,0,0,0,0,0,39,39,14,15,5,5,0,0,0,24,16,8,1,29,2,9,11
52353189,0,,,39,20,19,2,1,1,37,19,18,18,8,10,36,18,18,35,18,17,19,11,8,8,6,2,0,0,0,0,0,0,2,1,1,19,19,9,5,1,3,1,0,0,9,7,2,0,13,0,5,5
52353190,0,,,141,69,72,20,12,8,121,57,64,79,39,40,120,56,64,118,55,63,42,18,24,24,8,16,5,1,4,0,0,0,0,0,0,51,51,7,18,12,8,6,0,0,44,36,8,7,27,0,2,10
52353191,0,,,16,7,9,0,0,0,16,7,9,12,5,7,16,7,9,15,6,9,4,2,2,3,1,2,0,0,0,0,0,0,0,0,0,6,6,2,3,0,0,0,0,1,4,4,0,0,3,0,1,1
52353192,0,,,163,74,89,14,3,11,144,67,77,85,43,42,138,63,75,134,61,73,59,24,35,33,13,20,12,3,9,0,0,0,0,0,0,58,58,11,19,9,12,3,4,0,46,33,13,2,39,0,8,12
52353199,0,,,54,24,30,2,1,1,52,23,29,33,14,19,49,22,27,49,22,27,19,9,10,13,7,6,3,1,2,0,0,0,0,0,0,23,23,7,7,6,2,0,0,1,16,15,1,1,11,0,1,5
52353200,0,,,17,9,8,0,0,0,17,9,8,6,3,3,17,9,8,16,9,7,11,6,5,5,2,3,3,1,2,0,0,0,0,0,0,6,6,1,2,1,1,1,0,0,5,3,2,0,6,0,1,0
52353202,2,52353212,,9,6,3,*,*,*,*,*,*,*,*,*,*,*,*,*,*,*,*,*,*,*,*,*,*,*,*,*,*,*,*,*,*,4,4,*,*,*,*,*,*,*,*,*,*,*,*,*,*,*
52353203,2,52353204,,10,5,5,*,*,*,*,*,*,*,*,*,*,*,*,*,*,*,*,*,*,*,*,*,*,*,*,*,*,*,*,*,*,3,3,*,*,*,*,*,*,*,*,*,*,*,*,*,*,*
52353204,1,,52353203,96,45,51,13,5,8,93,45,48,53,28,25,92,44,48,90,43,47,40,17,23,24,9,15,5,1,4,1,0,1,0,0,0,35,35,8,12,6,6,4,2,0,30,20,10,3,26,0,6,5
52353205,1,,52353206;52353216,197,100,97,20,10,10,186,93,93,84,39,45,181,91,90,181,91,90,102,54,48,54,29,25,11,5,6,1,0,1,0,0,0,85,85,16,49,14,6,4,1,0,74,65,9,2,62,0,12,34
52353206,2,52353205,,6,2,4,*,*,*,*,*,*,*,*,*,*,*,*,*,*,*,*,*,*,*,*,*,*,*,*,*,*,*,*,*,*,3,3,*,*,*,*,*,*,*,*,*,*,*,*,*,*,*
52353207,2,52353208,,4,3,1,*,*,*,*,*,*,*,*,*,*,*,*,*,*,*,*,*,*,*,*,*,*,*,*,*,*,*,*,*,*,2,2,*,*,*,*,*,*,*,*,*,*,*,*,*,*,*
52353208,1,,52353207,314,131,183,5,3,2,313,131,182,83,45,38,311,129,182,311,129,182,230,86,144,176,57,119,103,31,72,16,3,13,3,3,0,81,77,26,35,14,2,0,1,1,50,47,3,1,50,2,17,15
52353209,1,,52353219,31,14,17,1,0,1,33,16,17,10,4,6,33,16,17,32,16,16,23,12,11,13,7,6,1,0,1,0,0,0,0,0,0,15,15,3,11,3,0,0,0,0,14,13,1,1,14,0,2,9
52353210,0,,,19,10,9,1,0,1,18,10,8,10,5,5,17,10,7,17,10,7,8,5,3,5,3,2,4,2,2,0,0,0,0,0,0,8,8,1,3,4,0,0,0,0,7,5,2,1,5,0,0,2
52353211,0,,,573,283,290,38,22,16,535,261,274,344,172,172,520,256,264,507,248,259,191,89,102,74,34,40,21,7,14,0,0,0,1,0,1,236,236,48,94,53,28,12,1,0,184,163,21,10,121,0,25,45
52353212,1,,52353202,138,59,79,15,6,9,132,59,73,67,32,35,130,59,71,128,58,70,65,27,38,33,12,21,14,3,11,3,0,3,0,0,0,50,50,9,18,13,9,4,0,1,43,28,15,2,36,0,5,7
52353213,2,52353214,,14,6,8,*,*,*,*,*,*,*,*,*,*,*,*,*,*,*,*,*,*,*,*,*,*,*,*,*,*,*,*,*,*,3,3,*,*,*,*,*,*,*,*,*,*,*,*,*,*,*
52353214,1,,52353213,26,13,13,7,2,5,33,17,16,22,12,10,32,17,15,32,17,15,11,5,6,3,0,3,2,0,2,0,0,0,0,0,0,10,10,3,2,3,2,2,1,0,10,7,3,1,7,0,2,0
52353215,0,,,50,20,30,4,1,3,46,19,27,28,12,16,44,18,26,42,18,24,18,7,11,9,3,6,1,0,1,0,0,0,0,0,0,16,16,2,4,5,2,2,0,1,14,11,3,0,10,0,2,4
52353216,2,52353205,,3,1,2,*,*,*,*,*,*,*,*,*,*,*,*,*,*,*,*,*,*,*,*,*,*,*,*,*,*,*,*,*,*,2,2,*,*,*,*,*,*,*,*,*,*,*,*,*,*,*
52353217,0,,,159,74,85,13,6,7,146,68,78,66,33,33,141,66,75,140,65,75,80,35,45,49,21,28,12,3,9,0,0,0,0,0,0,63,63,10,29,11,8,4,1,0,53,40,13,2,51,0,8,15
52353218,0,,,51,24,27,1,0,1,50,24,26,24,14,10,46,23,23,46,23,23,26,10,16,12,3,9,3,0,3,0,0,0,1,1,0,20,20,4,7,4,4,1,0,0,16,14,2,0,16,0,4,5
52353219,2,52353209,,3,2,1,*,*,*,*,*,*,*,*,*,*,*,*,*,*,*,*,*,*,*,*,*,*,*,*,*,*,*,*,*,*,2,2,*,*,*,*,*,*,*,*,*,*,*,*,*,*,*
52353220,0,,,22,8,14,2,1,1,20,7,13,9,4,5,20,7,13,20,7,13,11,3,8,5,1,4,4,0,4,0,0,0,0,0,0,8,8,1,2,3,2,0,0,0,7,3,4,1,7,0,1,0
52353221,0,,,105,50,55,9,4,5,96,46,50,55,28,27,95,45,50,93,44,49,41,18,23,25,11,14,8,3,5,0,0,0,0,0,0,41,41,12,11,10,4,1,2,1,29,21,8,2,28,0,5,6
52353222,0,,,194,93,101,8,3,5,186,90,96,93,49,44,184,89,95,179,84,95,93,41,52,43,17,26,14,3,11,2,0,2,1,0,1,78,78,16,30,18,8,4,2,0,61,46,15,2,58,0,11,20
52353223,0,,,70,33,37,9,2,7,61,31,30,32,15,17,57,30,27,56,30,26,29,16,13,15,8,7,4,3,1,1,1,0,0,0,0,25,25,5,10,5,2,0,0,3,20,15,5,1,20,0,4,7
52353224,0,,,50,22,28,4,0,4,46,22,24,21,10,11,43,21,22,42,21,21,25,12,13,5,2,3,3,1,2,1,0,1,0,0,0,15,15,0,6,3,4,1,0,1,15,10,5,0,13,0,0,5
52353225,0,,,106,58,48,7,6,1,99,52,47,45,24,21,99,52,47,99,52,47,54,28,26,23,13,10,6,4,2,0,0,0,0,0,0,39,39,7,14,7,6,4,1,0,30,25,5,1,32,0,6,13
52353227,0,,,341,164,177,53,27,26,288,137,151,172,81,91,283,134,149,277,130,147,116,56,60,55,23,32,19,7,12,1,1,0,4,3,1,127,127,20,48,30,16,8,4,1,107,94,13,12,76,0,14,27
52353228,0,,,88,41,47,8,5,3,80,36,44,43,22,21,79,35,44,76,33,43,37,14,23,16,4,12,2,0,2,0,0,0,0,0,0,39,39,11,18,4,3,1,2,0,28,27,1,1,26,0,8,7
52353231,0,,,159,86,73,15,11,4,144,75,69,80,46,34,137,69,68,134,67,67,64,29,35,38,15,23,18,8,10,2,1,1,0,0,0,55,55,11,15,15,4,5,4,1,44,27,17,4,41,0,8,7
52353232,1,,52353242,22,8,14,4,1,3,25,10,15,11,6,5,25,10,15,25,10,15,14,4,10,6,2,4,3,1,2,0,0,0,0,0,0,9,9,2,3,4,1,1,0,0,9,5,4,1,9,0,2,2
52353233,1,,52353243,37,18,19,0,0,0,38,19,19,17,12,5,37,18,19,37,18,19,21,7,14,11,3,8,6,2,4,1,1,0,0,0,0,15,15,4,8,1,0,3,0,0,12,8,4,0,13,0,2,4
52353234,0,,,18,9,9,0,0,0,18,9,9,11,6,5,18,9,9,18,9,9,7,3,4,4,1,3,1,0,1,0,0,0,0,0,0,6,6,1,2,1,0,2,0,0,5,2,3,0,6,0,1,2
52353235,0,,,47,25,22,5,3,2,42,22,20,24,15,9,41,21,20,41,21,20,18,7,11,9,5,4,1,0,1,0,0,0,0,0,0,18,18,3,7,5,2,0,0,1,15,11,4,1,11,0,1,5
52353236,0,,,274,136,138,13,8,5,261,128,133,134,63,71,257,125,132,254,122,132,127,65,62,67,37,30,21,10,11,1,0,1,1,0,1,105,105,22,44,18,10,4,3,4,83,64,19,1,79,0,18,30
52353237,0,,,73,33,40,2,1,1,71,32,39,32,13,19,71,32,39,71,32,39,39,19,20,22,9,13,9,4,5,0,0,0,0,0,0,29,29,7,10,6,4,0,2,0,22,15,7,0,26,0,7,7
52353239,1,,52353249,15,9,6,0,0,0,17,10,7,4,3,1,17,10,7,17,10,7,13,7,6,5,3,2,2,1,1,1,1,0,0,0,0,8,8,3,5,0,1,0,0,0,6,5,1,0,9,0,3,2
52353241,0,,,239,112,127,22,9,13,217,103,114,115,59,56,209,99,110,202,96,106,102,44,58,54,21,33,20,9,11,1,0,1,2,0,2,95,95,21,34,27,5,4,2,2,74,59,15,6,67,0,17,19
52353242,2,52353232,,7,3,4,*,*,*,*,*,*,*,*,*,*,*,*,*,*,*,*,*,*,*,*,*,*,*,*,*,*,*,*,*,*,2,2,*,*,*,*,*,*,*,*,*,*,*,*,*,*,*
52353243,2,52353233,,1,1,0,*,*,*,*,*,*,*,*,*,*,*,*,*,*,*,*,*,*,*,*,*,*,*,*,*,*,*,*,*,*,1,1,*,*,*,*,*,*,*,*,*,*,*,*,*,*,*
52353244,0,,,15,5,10,0,0,0,15,5,10,5,2,3,15,5,10,15,5,10,10,3,7,4,0,4,2,0,2,0,0,0,0,0,0,6,6,1,2,2,1,0,0,0,5,2,3,0,5,0,0,1
52353245,0,,,175,76,99,10,5,5,165,71,94,123,58,65,157,66,91,150,62,88,42,13,29,22,5,17,5,1,4,0,0,0,0,0,0,67,67,13,25,13,9,5,2,0,54,43,11,4,32,1,4,7
52353246,0,,,101,50,51,5,4,1,96,46,50,54,27,27,94,45,49,93,44,49,42,19,23,16,8,8,7,2,5,1,0,1,0,0,0,44,44,11,19,7,4,3,0,0,32,27,5,1,25,1,5,11
52353249,2,52353239,,2,1,1,*,*,*,*,*,*,*,*,*,*,*,*,*,*,*,*,*,*,*,*,*,*,*,*,*,*,*,*,*,*,1,1,*,*,*,*,*,*,*,*,*,*,*,*,*,*,*
52353250,2,52353251,,4,1,3,*,*,*,*,*,*,*,*,*,*,*,*,*,*,*,*,*,*,*,*,*,*,*,*,*,*,*,*,*,*,1,1,*,*,*,*,*,*,*,*,*,*,*,*,*,*,*
52353251,1,,52353250;52353252,233,114,119,22,11,11,221,107,114,123,63,60,213,103,110,211,101,110,98,44,54,50,21,29,17,4,13,2,1,1,0,0,0,71,71,7,21,20,13,4,4,5,67,41,26,5,60,0,5,13
52353252,2,52353251,,6,3,3,*,*,*,*,*,*,*,*,*,*,*,*,*,*,*,*,*,*,*,*,*,*,*,*,*,*,*,*,*,*,2,2,*,*,*,*,*,*,*,*,*,*,*,*,*,*,*
52353253,0,,,37,19,18,2,2,0,35,17,18,22,11,11,34,17,17,33,17,16,13,6,7,4,2,2,0,0,0,0,0,0,0,0,0,10,10,0,3,1,3,2,1,0,10,5,5,1,9,0,0,1
52353255,0,,,197,99,98,14,10,4,183,89,94,111,52,59,182,88,94,176,86,90,72,37,35,33,19,14,11,7,4,1,1,0,2,2,0,82,82,17,33,21,7,2,1,1,64,58,6,7,47,0,11,16
52353256,0,,,45,21,24,5,2,3,40,19,21,23,12,11,40,19,21,40,19,21,17,7,10,6,2,4,2,0,2,0,0,0,0,0,0,17,17,0,9,5,3,0,0,0,17,13,4,2,9,0,0,5
52353257,0,,,97,50,47,3,1,2,94,49,45,62,32,30,89,46,43,87,45,42,32,17,15,7,4,3,0,0,0,0,0,0,0,0,0,37,37,2,19,10,4,1,1,0,34,31,3,1,19,0,1,8
52353259,0,,,68,34,34,9,5,4,59,29,30,29,16,13,57,28,29,56,28,28,30,13,17,11,3,8,2,0,2,0,0,0,0,0,0,24,24,4,12,2,1,3,0,2,20,15,5,1,19,0,2,8
52353260,0,,,133,68,65,4,4,0,129,64,65,91,50,41,125,62,63,122,61,61,38,14,24,19,6,13,5,1,4,0,0,0,0,0,0,57,57,14,21,13,7,2,0,0,43,38,5,0,28,0,7,7
52353261,0,,,92,47,45,8,6,2,84,41,43,42,23,19,82,40,42,82,40,42,42,18,24,19,8,11,11,5,6,0,0,0,1,1,0,33,33,9,8,5,7,2,0,2,24,10,14,1,26,0,5,5
52353262,0,,,99,40,59,12,6,6,87,34,53,49,21,28,86,33,53,85,33,52,38,13,25,18,3,15,8,0,8,0,0,0,0,0,0,32,32,5,10,5,5,4,2,1,27,18,9,3,26,0,5,7
52353265,0,,,161,71,90,2,0,2,157,70,87,84,31,53,154,70,84,149,69,80,73,39,34,39,19,20,12,7,5,0,0,0,13,0,13,90,90,44,28,13,4,0,1,0,45,42,3,1,52,12,21,15
52353266,0,,,734,366,368,32,13,19,701,352,349,406,200,206,685,343,342,674,339,335,295,152,143,94,44,50,15,4,11,1,0,1,6,6,0,315,315,63,151,53,36,8,2,2,249,224,25,6,193,4,34,87
52353267,0,,,9,4,5,0,0,0,9,4,5,5,2,3,9,4,5,9,4,5,4,2,2,2,1,1,0,0,0,0,0,0,0,0,0,6,6,3,3,0,0,0,0,0,3,3,0,0,4,0,2,1
52353269,0,,,69,37,32,6,2,4,63,35,28,33,23,10,62,34,28,60,32,28,30,12,18,14,3,11,4,1,3,0,0,0,0,0,0,22,22,2,6,8,2,2,1,1,19,11,8,3,19,0,2,4
52353271,0,,,183,86,97,17,8,9,166,78,88,85,41,44,161,75,86,159,74,85,81,37,44,46,19,27,20,8,12,0,0,0,0,0,0,73,73,21,23,14,9,2,3,1,52,36,16,3,55,0,17,16
52353272,0,,,74,37,37,2,1,1,72,36,36,35,20,15,72,36,36,69,34,35,37,16,21,19,6,13,12,3,9,0,0,0,1,0,1,26,26,4,8,6,5,2,1,0,22,12,10,1,24,0,3,5
52353275,0,,,39,15,24,4,3,1,35,12,23,23,7,16,35,12,23,34,12,22,12,5,7,6,3,3,1,1,0,0,0,0,0,0,0,16,16,5,5,1,4,1,0,0,11,10,1,1,9,0,2,3
52353276,0,,,348,152,196,14,5,9,334,147,187,173,83,90,323,143,180,319,140,179,161,64,97,96,32,64,48,11,37,10,2,8,3,0,3,123,122,20,43,28,21,6,4,0,101,77,24,4,86,0,12,25
52353278,0,,,9,5,4,0,0,0,9,5,4,5,3,2,9,5,4,9,5,4,4,2,2,4,2,2,2,2,0,0,0,0,0,0,0,4,4,2,0,1,1,0,0,0,2,0,2,0,3,0,1,0
52353279,0,,,77,39,38,3,1,2,73,37,36,26,13,13,72,37,35,71,36,35,47,24,23,14,5,9,6,1,5,1,0,1,0,0,0,33,33,7,15,8,1,0,2,0,26,18,8,1,27,0,4,10
52353280,0,,,15,7,8,3,0,3,12,7,5,5,3,2,12,7,5,12,7,5,7,4,3,3,2,1,1,1,0,0,0,0,0,0,0,5,5,1,3,0,0,0,0,1,4,3,1,1,4,0,0,3
52353281,0,,,114,58,56,13,10,3,101,48,53,53,30,23,98,46,52,97,45,52,48,18,30,19,4,15,6,1,5,0,0,0,0,0,0,44,44,9,16,11,4,2,0,2,35,26,9,2,33,0,6,9
52353282,1,,52353283,23,9,14,2,1,1,22,9,13,8,4,4,22,9,13,22,9,13,14,5,9,10,3,7,3,0,3,0,0,0,0,0,0,10,10,3,5,2,0,1,0,0,8,5,3,1,10,0,2,2
52353283,2,52353282,,1,1,0,*,*,*,*,*,*,*,*,*,*,*,*,*,*,*,*,*,*,*,*,*,*,*,*,*,*,*,*,*,*,1,1,*,*,*,*,*,*,*,*,*,*,*,*,*,*,*
52353285,0,,,73,32,41,9,4,5,64,28,36,40,15,25,62,28,34,61,28,33,24,13,11,13,6,7,3,0,3,1,0,1,0,0,0,27,27,4,12,4,3,3,1,0,23,19,4,2,16,0,3,6
52353286,0,,,175,82,93,10,7,3,165,75,90,94,42,52,162,73,89,158,72,86,71,33,38,35,14,21,16,5,11,2,1,1,24,5,19,98,98,55,26,8,6,0,1,2,42,35,7,3,49,24,18,13
52353289,0,,,21,9,12,3,1,2,18,8,10,8,3,5,18,8,10,18,8,10,10,5,5,7,3,4,2,0,2,1,0,1,0,0,0,7,7,1,3,1,1,0,0,1,6,4,2,0,5,0,0,2
52353290,0,,,55,26,29,3,1,2,52,25,27,29,15,14,52,25,27,51,24,27,23,10,13,13,5,8,2,0,2,0,0,0,0,0,0,24,24,9,7,2,5,0,1,0,15,11,4,2,18,0,8,3
52353291,0,,,35,11,24,6,2,4,29,9,20,15,3,12,28,9,19,28,9,19,14,6,8,10,4,6,1,0,1,0,0,0,0,0,0,13,13,3,3,3,3,1,0,0,10,7,3,0,11,0,2,1
52353294,0,,,72,32,40,5,2,3,67,30,37,35,16,19,67,30,37,66,29,37,32,14,18,14,5,9,5,3,2,1,1,0,1,1,0,32,32,9,12,6,4,1,0,0,23,20,3,3,20,0,4,9
52353295,0,,,24,11,13,3,0,3,21,11,10,14,8,6,19,9,10,18,9,9,7,3,4,2,1,1,0,0,0,0,0,0,0,0,0,7,7,1,2,1,0,2,1,0,6,4,2,0,5,0,0,2
52353296,0,,,10,5,5,0,0,0,10,5,5,6,3,3,10,5,5,10,5,5,4,2,2,1,1,0,0,0,0,0,0,0,1,0,1,6,6,2,4,0,0,0,0,0,4,4,0,0,2,1,0,2
52353300,0,,,463,221,242,31,20,11,432,201,231,247,118,129,420,197,223,405,188,217,185,83,102,87,36,51,22,7,15,2,1,1,3,2,1,197,197,46,81,36,26,6,1,1,151,138,13,10,124,0,34,46
52353301,1,,52353312,1437,680,757,75,37,38,1367,645,722,635,289,346,1341,633,708,1324,626,698,732,356,376,280,142,138,38,14,24,1,0,1,7,3,4,630,630,116,328,114,50,22,3,0,513,482,31,15,453,1,88,230
52353302,0,,,80,40,40,6,3,3,74,37,37,27,12,15,73,36,37,73,36,37,47,25,22,20,11,9,1,0,1,1,0,1,0,0,0,34,34,4,18,9,2,1,0,0,30,28,2,0,27,0,3,13
52353304,2,52353315,,4,2,2,*,*,*,*,*,*,*,*,*,*,*,*,*,*,*,*,*,*,*,*,*,*,*,*,*,*,*,*,*,*,2,2,*,*,*,*,*,*,*,*,*,*,*,*,*,*,*
52353305,0,,,92,44,48,0,0,0,92,44,48,43,23,20,92,44,48,92,44,48,49,21,28,29,8,21,7,1,6,0,0,0,2,2,0,38,38,11,11,9,4,2,1,0,27,19,8,0,30,1,6,8
52353306,0,,,12,7,5,0,0,0,12,7,5,3,2,1,12,7,5,12,7,5,9,5,4,4,2,2,0,0,0,0,0,0,0,0,0,8,8,5,2,1,0,0,0,0,3,3,0,0,7,0,5,2
52353308,0,,,23,11,12,0,0,0,23,11,12,8,5,3,23,11,12,23,11,12,15,6,9,7,2,5,2,0,2,0,0,0,0,0,0,11,11,3,4,4,0,0,0,0,8,8,0,0,9,0,2,3
52353309,0,,,360,159,201,15,9,6,345,150,195,128,66,62,339,147,192,337,147,190,217,84,133,142,49,93,72,19,53,13,1,12,3,0,3,112,111,27,38,22,12,8,3,1,84,67,17,3,82,3,16,33
52353310,0,,,46,22,24,1,1,0,45,21,24,26,12,14,45,21,24,45,21,24,19,9,10,9,6,3,3,1,2,0,0,0,0,0,0,16,16,2,3,8,1,2,0,0,14,8,6,0,12,0,1,2
52353311,0,,,21,10,11,1,0,1,20,10,10,12,7,5,19,9,10,19,9,10,8,3,5,4,2,2,1,0,1,0,0,0,0,0,0,7,7,1,3,0,1,2,0,0,6,4,2,1,5,0,1,2
52353312,2,52353301,,5,2,3,*,*,*,*,*,*,*,*,*,*,*,*,*,*,*,*,*,*,*,*,*,*,*,*,*,*,*,*,*,*,3,3,*,*,*,*,*,*,*,*,*,*,*,*,*,*,*
52353314,2,52353315,,5,2,3,*,*,*,*,*,*,*,*,*,*,*,*,*,*,*,*,*,*,*,*,*,*,*,*,*,*,*,*,*,*,4,4,*,*,*,*,*,*,*,*,*,*,*,*,*,*,*
52353315,1,,52353304;52353314,25,9,16,1,0,1,33,13,20,13,5,8,33,13,20,33,13,20,20,8,12,12,4,8,5,1,4,0,0,0,0,0,0,10,10,4,8,3,0,1,0,0,12,10,2,0,14,0,4,5
52353317,2,52353318,,7,3,4,*,*,*,*,*,*,*,*,*,*,*,*,*,*,*,*,*,*,*,*,*,*,*,*,*,*,*,*,*,*,4,4,*,*,*,*,*,*,*,*,*,*,*,*,*,*,*
52353318,1,,52353317,97,43,54,1,0,1,103,46,57,45,20,25,101,45,56,100,45,55,58,26,32,33,15,18,11,4,7,1,0,1,0,0,0,41,41,8,24,8,3,1,0,1,37,30,7,0,39,0,6,15
52353319,0,,,103,46,57,9,6,3,94,40,54,45,19,26,90,39,51,89,38,51,49,21,28,27,12,15,11,4,7,1,1,0,0,0,0,42,42,12,15,5,6,2,2,0,30,22,8,2,31,0,8,10
52353320,1,,52353330,112,48,64,6,2,4,108,47,61,50,23,27,107,46,61,107,46,61,58,24,34,33,13,20,11,5,6,1,0,1,1,0,1,42,42,5,18,11,6,2,1,0,38,27,11,3,36,0,5,8
52353321,0,,,20,11,9,0,0,0,20,11,9,9,7,2,20,11,9,19,10,9,11,4,7,3,0,3,2,0,2,0,0,0,0,0,0,9,9,2,4,2,1,0,0,0,7,7,0,0,8,0,2,2
52353326,2,52353336,,2,1,1,*,*,*,*,*,*,*,*,*,*,*,*,*,*,*,*,*,*,*,*,*,*,*,*,*,*,*,*,*,*,1,1,*,*,*,*,*,*,*,*,*,*,*,*,*,*,*
52353328,0,,,26,10,16,4,1,3,22,9,13,12,4,8,22,9,13,22,9,13,10,5,5,5,1,4,1,0,1,0,0,0,0,0,0,10,10,2,4,2,0,2,0,0,8,5,3,2,7,0,2,1
52353329,0,,,83,39,44,4,2,2,79,37,42,33,18,15,79,37,42,79,37,42,46,19,27,24,7,17,11,1,10,0,0,0,0,0,0,36,36,10,13,7,4,2,0,0,26,19,7,1,30,0,9,8
52353330,2,52353320,,2,1,1,*,*,*,*,*,*,*,*,*,*,*,*,*,*,*,*,*,*,*,*,*,*,*,*,*,*,*,*,*,*,1,1,*,*,*,*,*,*,*,*,*,*,*,*,*,*,*
52353331,0,,,47,30,17,0,0,0,46,29,17,26,19,7,46,29,17,46,29,17,20,10,10,5,2,3,1,1,0,0,0,0,0,0,0,22,21,7,13,1,0,0,0,0,14,14,0,0,13,0,3,7
52353332,0,,,721,350,371,38,18,20,632,304,328,388,186,202,623,301,322,607,293,314,244,118,126,105,48,57,23,10,13,3,1,2,21,16,5,323,322,95,124,63,23,12,3,2,216,189,27,8,171,4,45,60
52353333,0,,,31,12,19,2,0,2,29,12,17,15,7,8,27,11,16,27,11,16,14,5,9,7,3,4,5,2,3,0,0,0,0,0,0,12,12,2,5,3,1,0,1,0,10,8,2,0,9,0,1,4
52353334,0,,,44,22,22,1,1,0,43,21,22,18,9,9,42,20,22,41,19,22,25,12,13,11,5,6,1,0,1,0,0,0,0,0,0,19,19,5,7,6,0,0,0,1,14,12,2,0,17,0,4,5
52353335,0,,,114,56,58,8,5,3,106,51,55,53,28,25,105,51,54,105,51,54,53,23,30,28,10,18,8,3,5,1,0,1,0,0,0,49,49,16,15,12,2,1,2,1,33,28,5,1,38,1,13,11
52353336,1,,52353326,374,185,189,39,20,19,336,165,171,181,90,91,327,162,165,323,160,163,155,75,80,68,30,38,23,8,15,0,0,0,1,0,1,144,144,30,54,33,12,11,3,2,115,97,18,11,99,0,20,33
52353337,0,,,74,34,40,1,1,0,72,33,39,36,17,19,71,32,39,70,32,38,36,16,20,19,8,11,5,1,4,0,0,0,0,0,0,30,30,7,10,8,3,1,1,0,23,18,5,0,25,0,5,4
52353339,0,,,68,28,40,3,1,2,65,27,38,31,13,18,65,27,38,65,27,38,34,14,20,22,9,13,8,3,5,0,0,0,0,0,0,30,30,8,12,5,4,1,0,0,22,16,6,2,21,0,6,7
52353341,0,,,118,43,75,6,2,4,112,41,71,28,14,14,110,39,71,109,38,71,84,27,57,59,16,43,35,3,32,6,0,6,0,0,0,33,32,7,16,4,2,2,1,0,25,21,4,2,26,0,6,13
52353342,0,,,508,246,262,33,17,16,468,223,245,271,129,142,460,219,241,454,215,239,197,94,103,103,43,60,30,9,21,2,0,2,4,0,4,203,200,37,83,45,20,10,4,1,159,131,28,10,129,0,24,36
52353343,0,,,387,182,205,35,14,21,343,164,179,192,89,103,335,162,173,330,161,169,151,75,76,62,29,33,18,9,9,1,0,1,0,0,0,163,163,36,72,27,19,4,5,0,123,110,13,7,96,0,22,39
52353344,0,,,126,75,51,6,5,1,119,69,50,83,49,34,118,69,49,118,69,49,36,20,16,15,4,11,10,2,8,0,0,0,1,0,1,33,32,9,11,5,4,2,1,0,23,16,7,2,22,0,7,6
52353345,0,,,50,20,30,6,2,4,44,18,26,23,10,13,44,18,26,42,17,25,21,8,13,12,5,7,6,3,3,1,1,0,0,0,0,14,14,1,3,3,3,2,2,0,13,6,7,2,12,0,1,3
52353346,0,,,253,115,138,12,4,8,240,110,130,129,61,68,235,108,127,233,107,126,111,49,62,50,19,31,24,6,18,2,0,2,2,0,2,102,102,29,30,22,13,2,6,0,73,54,19,2,73,1,20,17
52353347,0,,,11,5,6,0,0,0,11,5,6,0,0,0,11,5,6,11,5,6,11,5,6,7,4,3,0,0,0,0,0,0,0,0,0,6,6,1,5,0,0,0,0,0,5,5,0,0,6,0,1,5
52353350,0,,,95,49,46,4,3,1,91,46,45,50,28,22,87,43,44,85,41,44,41,18,23,21,9,12,2,0,2,0,0,0,0,0,0,35,35,7,15,3,4,4,1,1,27,22,5,1,26,0,4,10
52353351,0,,,285,133,152,23,10,13,257,120,137,144,67,77,251,117,134,244,112,132,113,53,60,50,19,31,16,4,12,1,0,1,0,0,0,109,109,24,39,22,14,3,6,1,83,68,15,5,73,0,16,27
52353352,0,,,298,135,163,14,5,9,284,130,154,146,68,78,277,125,152,274,123,151,138,62,76,73,27,46,18,6,12,4,1,3,3,2,1,121,121,26,49,27,7,7,5,0,94,71,23,6,89,0,18,26
52353353,0,,,181,84,97,17,10,7,164,74,90,104,51,53,163,73,90,160,71,89,60,23,37,17,6,11,0,0,0,0,0,0,0,0,0,76,76,17,33,15,7,2,1,1,59,51,8,5,39,0,12,14
52353354,0,,,406,196,210,42,19,23,354,170,184,167,78,89,348,168,180,344,166,178,187,92,95,81,38,43,25,11,14,2,0,2,16,3,13,173,172,56,71,20,14,6,4,1,112,96,16,7,102,15,25,45
52353355,0,,,97,45,52,7,3,4,90,42,48,43,22,21,87,40,47,86,40,46,47,20,27,28,11,17,9,5,4,2,1,1,0,0,0,39,39,9,13,9,6,1,1,0,30,24,6,0,31,0,8,10
52353356,1,,52353357,69,34,35,2,0,2,75,37,38,31,16,15,72,36,36,71,36,35,44,21,23,22,8,14,6,1,5,1,0,1,1,1,0,35,35,14,15,7,3,0,0,0,25,21,4,1,30,0,9,9
52353357,2,52353356,,8,3,5,*,*,*,*,*,*,*,*,*,*,*,*,*,*,*,*,*,*,*,*,*,*,*,*,*,*,*,*,*,*,4,4,*,*,*,*,*,*,*,*,*,*,*,*,*,*,*
52353360,0,,,154,67,87,22,10,12,132,57,75,78,34,44,128,55,73,125,54,71,54,23,31,28,13,15,9,4,5,0,0,0,0,0,0,58,58,14,21,7,8,5,1,2,44,34,10,5,35,0,10,10
52353361,0,,,392,180,212,37,17,20,355,163,192,212,96,116,350,160,190,343,156,187,143,67,76,72,32,40,23,10,13,1,0,1,0,0,0,149,148,25,57,37,15,9,2,3,123,102,21,10,95,1,16,32
52353362,0,,,520,247,273,31,19,12,487,227,260,276,124,152,473,218,255,463,214,249,211,103,108,85,39,46,24,4,20,3,0,3,3,1,2,192,184,29,76,41,22,12,2,2,155,129,26,7,114,3,18,38
52353363,0,,,113,53,60,2,1,1,111,52,59,61,31,30,106,49,57,101,48,53,50,21,29,23,8,15,8,0,8,1,0,1,0,0,0,47,47,7,25,6,7,2,0,0,40,32,8,0,32,0,3,14
52353364,0,,,19,9,10,0,0,0,19,9,10,8,4,4,19,9,10,18,8,10,11,5,6,5,1,4,0,0,0,0,0,0,1,0,1,8,8,2,3,1,2,0,0,0,6,4,2,0,7,0,2,3
52353365,0,,,65,27,38,6,2,4,59,25,34,23,11,12,58,24,34,58,24,34,36,14,22,18,5,13,7,1,6,0,0,0,0,0,0,29,29,8,11,6,3,1,0,0,21,18,3,1,23,0,7,7
52353366,0,,,113,53,60,3,2,1,110,51,59,55,27,28,107,49,58,106,49,57,55,24,31,34,14,20,13,3,10,1,0,1,1,1,0,40,40,5,18,6,5,3,2,1,35,23,12,0,33,0,5,11
52353367,0,,,125,54,71,5,2,3,120,52,68,62,29,33,118,51,67,115,50,65,58,23,35,27,11,16,7,1,6,0,0,0,0,0,0,50,50,12,15,14,5,3,1,0,38,30,8,1,38,0,8,9
52353368,0,,,71,36,35,7,2,5,64,34,30,30,16,14,63,33,30,62,33,29,34,18,16,14,6,8,5,2,3,0,0,0,0,0,0,27,27,7,10,4,3,0,1,2,20,13,7,2,22,0,5,7
52353370,0,,,145,74,71,10,3,7,135,71,64,71,42,29,134,71,63,134,71,63,64,29,35,30,12,18,11,3,8,2,0,2,0,0,0,60,60,18,18,12,8,2,1,1,42,33,9,3,43,0,13,10
52353371,0,,,210,99,111,18,6,12,192,93,99,101,53,48,189,91,98,185,88,97,91,40,51,45,18,27,13,4,9,0,0,0,2,1,1,80,79,15,34,12,12,1,2,3,64,46,18,3,59,0,8,19
52353372,0,,,250,90,160,9,4,5,239,84,155,131,46,85,237,83,154,235,82,153,108,38,70,41,12,29,9,3,6,0,0,0,6,2,4,61,58,13,25,9,8,2,0,1,45,36,9,3,37,0,5,12
52353373,0,,,194,104,90,12,7,5,172,90,82,113,65,48,166,88,78,159,84,75,59,25,34,27,9,18,4,1,3,1,0,1,17,17,0,89,89,37,27,11,3,9,1,1,49,38,11,2,43,16,13,10
52353374,0,,,172,81,91,6,5,1,163,75,88,79,36,43,158,73,85,154,70,84,84,39,45,34,13,21,7,1,6,2,0,2,0,0,0,73,73,17,32,10,9,5,0,0,55,44,11,1,54,0,11,22
52353375,0,,,85,38,47,7,2,5,77,36,41,29,11,18,77,36,41,76,36,40,48,25,23,18,8,10,9,5,4,1,1,0,0,0,0,34,33,9,13,4,3,3,0,1,24,17,7,2,28,0,6,11
52353376,1,,52353386,151,66,85,4,3,1,151,64,87,93,39,54,151,64,87,148,63,85,58,25,33,23,8,15,10,3,7,2,0,2,1,0,1,40,39,11,17,7,6,1,0,2,31,24,7,0,35,0,9,8
52353377,0,,,184,89,95,14,10,4,168,78,90,94,46,48,161,72,89,159,71,88,74,32,42,32,11,21,10,4,6,0,0,0,1,0,1,60,60,10,19,11,7,7,3,3,49,31,18,2,47,0,8,14
52353380,0,,,176,96,80,9,4,5,166,91,75,102,57,45,163,88,75,159,85,74,64,34,30,30,15,15,9,4,5,0,0,0,2,0,2,74,74,18,30,15,4,5,2,0,56,49,7,1,44,0,10,16
52353381,0,,,49,27,22,0,0,0,49,27,22,17,11,6,49,27,22,49,27,22,32,16,16,15,6,9,6,1,5,1,0,1,0,0,0,20,20,5,8,3,2,1,1,0,15,10,5,0,17,0,3,7
52353382,0,,,73,43,30,10,8,2,62,34,28,45,25,20,57,32,25,57,32,25,17,9,8,7,4,3,2,1,1,0,0,0,0,0,0,34,34,17,8,5,1,0,1,2,17,15,2,2,12,3,2,4
52353384,0,,,61,29,32,4,3,1,57,26,31,25,11,14,56,26,30,55,26,29,32,15,17,18,9,9,1,0,1,0,0,0,0,0,0,30,30,9,15,3,2,1,0,0,21,20,1,1,20,0,7,12
52353385,0,,,303,161,142,20,8,12,281,151,130,181,100,81,278,150,128,276,148,128,100,51,49,40,21,19,6,2,4,0,0,0,7,3,4,138,136,39,55,26,12,4,0,0,93,89,4,6,65,1,17,23
52353386,2,52353376,,8,4,4,*,*,*,*,*,*,*,*,*,*,*,*,*,*,*,*,*,*,*,*,*,*,*,*,*,*,*,*,*,*,5,5,*,*,*,*,*,*,*,*,*,*,*,*,*,*,*
52353387,0,,,100,47,53,9,7,2,89,38,51,54,26,28,83,35,48,79,33,46,35,12,23,16,6,10,7,2,5,2,1,1,1,0,1,37,37,6,13,9,5,3,1,0,30,25,5,3,23,1,4,4
52353388,0,,,63,33,30,7,5,2,56,28,28,24,11,13,55,27,28,55,27,28,32,17,15,15,8,7,8,3,5,0,0,0,0,0,0,25,25,3,13,6,0,2,1,0,22,20,2,1,19,0,3,7
52353390,1,,52353391,54,28,26,4,1,3,52,28,24,20,10,10,52,28,24,52,28,24,32,18,14,11,8,3,1,0,1,0,0,0,0,0,0,24,24,5,15,1,3,0,1,0,19,16,3,0,20,0,3,10
52353391,2,52353390,,2,1,1,*,*,*,*,*,*,*,*,*,*,*,*,*,*,*,*,*,*,*,*,*,*,*,*,*,*,*,*,*,*,1,1,*,*,*,*,*,*,*,*,*,*,*,*,*,*,*
52353394,0,,,240,123,117,10,4,6,228,118,110,136,73,63,225,115,110,223,115,108,92,45,47,39,16,23,8,3,5,0,0,0,2,1,1,112,112,30,49,22,9,2,0,0,81,73,8,1,61,2,11,23
52353395,0,,,152,75,77,7,4,3,145,71,74,82,38,44,143,70,73,143,70,73,63,33,30,30,14,16,5,2,3,0,0,0,0,0,0,66,66,16,29,9,9,3,0,0,50,45,5,0,41,0,10,17
52353398,0,,,43,23,20,1,0,1,42,23,19,22,13,9,42,23,19,39,21,18,20,10,10,10,5,5,4,2,2,0,0,0,0,0,0,17,17,4,6,3,2,2,0,0,13,11,2,1,13,0,2,3
52353400,0,,,898,443,455,53,27,26,838,412,426,519,252,267,815,396,419,798,390,408,319,160,159,115,49,66,23,7,16,1,0,1,9,6,3,365,365,65,152,96,29,16,4,3,299,275,24,14,210,1,34,83
52353401,0,,,62,31,31,2,0,2,60,31,29,25,11,14,60,31,29,59,30,29,35,20,15,14,5,9,7,2,5,0,0,0,0,0,0,23,23,3,9,6,3,1,1,0,20,9,11,1,20,0,3,5
52353402,0,,,175,84,91,5,2,3,168,80,88,77,35,42,167,79,88,166,78,88,91,45,46,37,18,19,11,2,9,2,0,2,3,2,1,80,80,24,34,12,7,2,0,1,54,47,7,1,59,0,16,19
52353403,0,,,267,136,131,10,5,5,253,128,125,127,64,63,252,127,125,251,127,124,126,64,62,38,16,22,7,1,6,1,0,1,2,2,0,124,124,38,51,19,12,2,2,0,84,72,12,3,84,0,20,25
52353404,0,,,37,17,20,0,0,0,37,17,20,17,7,10,37,17,20,36,17,19,20,10,10,14,7,7,6,3,3,0,0,0,0,0,0,14,14,3,5,2,3,0,1,0,11,4,7,0,12,0,2,2
52353410,0,,,146,73,73,18,12,6,128,61,67,69,34,35,124,58,66,122,56,66,59,27,32,24,10,14,6,1,5,0,0,0,0,0,0,51,51,10,17,8,9,3,1,3,41,25,16,1,37,0,7,11
52353411,0,,,80,35,45,3,0,3,76,34,42,41,17,24,72,33,39,71,33,38,35,17,18,15,6,9,4,1,3,0,0,0,1,0,1,33,33,7,13,9,2,1,0,1,26,20,6,1,22,0,4,7
52353412,0,,,29,13,16,0,0,0,29,13,16,16,7,9,29,13,16,28,13,15,13,6,7,4,0,4,1,0,1,0,0,0,0,0,0,13,13,3,6,3,0,1,0,0,10,9,1,0,9,0,1,2
52353413,0,,,49,26,23,3,3,0,46,23,23,27,14,13,44,22,22,44,22,22,19,9,10,12,5,7,3,3,0,0,0,0,0,0,0,18,18,3,7,4,1,2,1,0,15,11,4,1,13,0,2,4
52353414,1,,52353415,49,23,26,5,2,3,52,24,28,20,7,13,52,24,28,51,24,27,32,17,15,16,8,8,4,2,2,0,0,0,0,0,0,23,23,6,15,3,3,0,0,0,21,19,2,0,22,0,5,9
52353415,2,52353414,,8,3,5,*,*,*,*,*,*,*,*,*,*,*,*,*,*,*,*,*,*,*,*,*,*,*,*,*,*,*,*,*,*,4,4,*,*,*,*,*,*,*,*,*,*,*,*,*,*,*
52353417,2,52353428,,10,4,6,*,*,*,*,*,*,*,*,*,*,*,*,*,*,*,*,*,*,*,*,*,*,*,*,*,*,*,*,*,*,2,2,*,*,*,*,*,*,*,*,*,*,*,*,*,*,*
52353420,0,,,58,30,28,6,4,2,52,26,26,17,9,8,52,26,26,52,26,26,35,17,18,18,9,9,5,2,3,0,0,0,0,0,0,27,27,6,15,4,0,2,0,0,21,19,2,1,22,0,5,8
52353421,0,,,143,74,69,10,6,4,132,67,65,79,37,42,130,67,63,128,66,62,53,30,23,19,10,9,3,2,1,0,0,0,1,1,0,71,71,25,31,7,6,1,1,0,44,38,6,3,37,0,12,17
52353422,0,,,33,16,17,6,3,3,27,13,14,13,6,7,27,13,14,27,13,14,14,7,7,5,2,3,4,2,2,1,1,0,0,0,0,13,13,3,4,4,0,2,0,0,9,7,2,1,9,0,3,1
52353423,0,,,61,32,29,4,2,2,57,30,27,25,16,9,57,30,27,57,30,27,32,14,18,15,5,10,3,1,2,1,1,0,0,0,0,25,25,4,12,6,1,1,1,0,21,16,5,1,21,0,3,7
52353424,0,,,27,12,15,1,0,1,25,11,14,13,6,7,23,11,12,22,11,11,12,5,7,8,2,6,2,0,2,0,0,0,0,0,0,13,13,6,4,1,0,2,0,0,7,5,2,0,8,0,3,3
52353428,1,,52353417,34,18,16,4,2,2,40,20,20,24,15,9,40,20,20,40,20,20,16,5,11,10,2,8,2,0,2,0,0,0,0,0,0,18,18,8,7,2,2,0,0,1,11,10,1,2,13,0,6,2
52353431,2,52353432,,2,1,1,*,*,*,*,*,*,*,*,*,*,*,*,*,*,*,*,*,*,*,*,*,*,*,*,*,*,*,*,*,*,1,1,*,*,*,*,*,*,*,*,*,*,*,*,*,*,*
52353432,1,,52353431,38,22,16,0,0,0,40,23,17,20,13,7,40,23,17,38,21,17,20,10,10,13,7,6,4,4,0,0,0,0,0,0,0,20,20,9,8,1,3,0,0,0,12,10,2,0,16,0,6,4
52353433,2,52353434,,5,3,2,*,*,*,*,*,*,*,*,*,*,*,*,*,*,*,*,*,*,*,*,*,*,*,*,*,*,*,*,*,*,3,3,*,*,*,*,*,*,*,*,*,*,*,*,*,*,*
52353434,1,,52353433,72,31,41,3,2,1,74,32,42,38,18,20,74,32,42,74,32,42,36,14,22,21,8,13,8,4,4,0,0,0,0,0,0,30,30,9,11,9,2,1,1,0,24,17,7,1,25,0,8,6
52353435,0,,,25,13,12,0,0,0,25,13,12,5,2,3,25,13,12,25,13,12,20,11,9,7,3,4,1,1,0,0,0,0,0,0,0,13,13,3,8,2,0,0,0,0,10,10,0,0,13,0,3,6
52353436,0,,,33,17,16,5,3,2,28,14,14,16,8,8,28,14,14,27,14,13,12,6,6,5,3,2,0,0,0,0,0,0,0,0,0,12,12,3,2,2,5,0,0,0,9,9,0,0,7,0,2,2
52353438,0,,,24,12,12,2,1,1,20,10,10,7,5,2,20,10,10,20,10,10,13,5,8,8,4,4,3,1,2,0,0,0,0,0,0,12,12,4,5,2,1,0,0,0,8,6,2,0,7,0,0,3
52353440,0,,,142,72,70,2,1,1,140,71,69,82,45,37,136,70,66,135,69,66,58,26,32,29,17,12,8,2,6,1,0,1,0,0,0,56,56,5,30,12,6,1,2,0,51,46,5,1,33,0,3,15
52353441,0,,,16,9,7,0,0,0,16,9,7,14,8,6,14,8,6,14,8,6,2,1,1,0,0,0,0,0,0,0,0,0,1,1,0,9,9,4,3,2,0,0,0,0,5,5,0,0,1,0,0,1
52353442,0,,,31,13,18,5,3,2,26,10,16,11,4,7,26,10,16,26,10,16,15,6,9,12,4,8,4,1,3,0,0,0,0,0,0,13,13,2,7,2,1,1,0,0,10,9,1,2,10,0,2,4
52353443,0,,,23,11,12,0,0,0,23,11,12,11,5,6,23,11,12,23,11,12,12,6,6,5,2,3,3,0,3,0,0,0,0,0,0,9,9,2,2,3,2,0,0,0,7,4,3,0,7,0,1,2
52353444,0,,,5,5,0,0,0,0,5,5,0,5,5,0,5,5,0,5,5,0,0,0,0,0,0,0,0,0,0,0,0,0,5,5,0,5,5,5,0,0,0,0,0,0,0,0,0,0,0,4,0,0
52353446,0,,,25,13,12,2,2,0,23,11,12,12,7,5,23,11,12,23,11,12,11,4,7,7,3,4,0,0,0,0,0,0,1,0,1,12,12,4,4,3,1,0,0,0,8,6,2,0,6,0,1,3
52353447,0,,,190,74,116,8,2,6,181,72,109,52,28,24,178,70,108,175,68,107,129,44,85,106,30,76,61,16,45,10,1,9,0,0,0,50,49,20,15,7,5,1,1,0,29,28,1,0,29,0,12,10
52353450,0,,,107,51,56,7,4,3,100,47,53,54,29,25,99,47,52,99,47,52,46,18,28,22,6,16,7,1,6,1,0,1,2,0,2,48,48,13,17,13,4,1,0,0,34,31,3,2,31,2,8,7
52353451,0,,,28,9,19,0,0,0,22,6,16,22,6,16,22,6,16,21,6,15,0,0,0,0,0,0,0,0,0,0,0,0,20,5,15,22,22,20,1,0,0,0,1,0,1,1,0,0,0,12,0,0
52353452,0,,,32,17,15,0,0,0,32,17,15,11,7,4,32,17,15,32,17,15,21,10,11,10,4,6,4,1,3,0,0,0,0,0,0,12,12,1,5,4,1,1,0,0,11,8,3,0,11,0,1,4
52353454,0,,,99,48,51,14,8,6,85,40,45,44,20,24,85,40,45,84,40,44,41,20,21,14,7,7,5,2,3,0,0,0,3,1,2,40,40,6,21,6,3,3,1,0,33,27,6,3,23,0,2,6
52353455,0,,,23,10,13,1,1,0,22,9,13,12,6,6,22,9,13,21,9,12,10,3,7,5,2,3,3,1,2,0,0,0,0,0,0,8,8,1,3,2,0,2,0,0,7,5,2,0,7,0,1,2
52353457,0,,,21,13,8,1,1,0,20,12,8,12,8,4,20,12,8,20,12,8,8,4,4,4,2,2,0,0,0,0,0,0,5,5,0,15,15,9,6,0,0,0,0,0,6,6,0,0,6,0,3,2
52353458,0,,,50,19,31,3,2,1,47,17,30,12,3,9,47,17,30,46,17,29,35,14,21,18,3,15,6,2,4,0,0,0,0,0,0,25,25,10,9,3,2,1,0,0,15,10,5,0,23,0,10,5
52353459,0,,,10,4,6,0,0,0,10,4,6,3,2,1,10,4,6,10,4,6,7,2,5,4,1,3,1,0,1,0,0,0,0,0,0,5,5,2,1,2,0,0,0,0,3,3,0,0,5,0,2,1
52353460,0,,,108,54,54,6,4,2,102,50,52,57,29,28,99,48,51,98,48,50,45,21,24,24,13,11,8,4,4,0,0,0,0,0,0,42,42,10,17,6,5,2,1,1,32,27,5,0,31,0,8,7
52353461,0,,,18,9,9,1,0,1,17,9,8,8,5,3,16,8,8,15,7,8,9,4,5,3,0,3,3,0,3,0,0,0,0,0,0,7,7,1,3,2,0,1,0,0,6,5,1,0,6,0,1,2
52353463,2,52353473,,12,7,5,*,*,*,*,*,*,*,*,*,*,*,*,*,*,*,*,*,*,*,*,*,*,*,*,*,*,*,*,*,*,3,3,*,*,*,*,*,*,*,*,*,*,*,*,*,*,*
52353464,0,,,20,9,11,0,0,0,20,9,11,13,6,7,19,9,10,18,9,9,7,3,4,5,2,3,2,1,1,1,0,1,0,0,0,7,7,1,1,3,2,0,0,0,6,6,0,0,4,0,1,1
52353466,0,,,29,16,13,2,2,0,27,14,13,8,5,3,27,14,13,27,14,13,19,9,10,11,5,6,9,4,5,1,1,0,0,0,0,12,12,2,5,3,2,0,0,0,10,8,2,0,10,0,1,3
52353469,0,,,17,10,7,0,0,0,15,9,6,9,6,3,15,9,6,15,9,6,6,3,3,3,2,1,1,0,1,0,0,0,0,0,0,10,10,6,2,1,1,0,0,0,4,3,1,0,3,2,0,0
52353470,0,,,14,6,8,0,0,0,14,6,8,12,5,7,14,6,8,13,6,7,2,1,1,0,0,0,0,0,0,0,0,0,0,0,0,5,5,0,2,2,1,0,0,0,5,5,0,0,1,0,0,0
52353471,0,,,39,14,25,1,1,0,38,13,25,20,7,13,37,13,24,37,13,24,18,6,12,11,5,6,6,2,4,1,0,1,0,0,0,18,18,7,6,2,2,0,1,0,11,7,4,0,11,3,2,3
52353472,2,52353482,,1,0,1,*,*,*,*,*,*,*,*,*,*,*,*,*,*,*,*,*,*,*,*,*,*,*,*,*,*,*,*,*,*,1,1,*,*,*,*,*,*,*,*,*,*,*,*,*,*,*
52353473,1,,52353463,119,56,63,12,2,10,117,59,58,73,38,35,115,57,58,109,54,55,44,21,23,18,8,10,7,2,5,0,0,0,2,0,2,39,39,6,9,11,9,4,3,0,36,25,11,3,25,0,1,6
52353474,0,,,10,5,5,1,1,0,9,4,5,4,2,2,9,4,5,9,4,5,5,2,3,1,1,0,0,0,0,0,0,0,0,0,0,6,6,3,2,1,0,0,0,0,3,3,0,1,3,0,1,2
52353476,1,,52353477,81,38,43,12,5,7,73,34,39,47,22,25,73,34,39,72,34,38,26,12,14,10,4,6,0,0,0,0,0,0,0,0,0,29,29,2,16,4,4,2,1,1,28,24,4,3,18,0,2,9
52353477,2,52353476,,4,1,3,*,*,*,*,*,*,*,*,*,*,*,*,*,*,*,*,*,*,*,*,*,*,*,*,*,*,*,*,*,*,1,1,*,*,*,*,*,*,*,*,*,*,*,*,*,*,*
52353482,1,,52353472,179,84,95,9,6,3,171,78,93,82,39,43,166,76,90,159,73,86,89,39,50,44,20,24,17,6,11,2,1,1,0,0,0,62,62,11,24,9,7,8,2,2,52,37,15,2,55,1,10,21
52353483,0,,,440,224,216,44,21,23,392,200,192,238,126,112,383,196,187,378,191,187,154,74,80,83,37,46,24,8,16,2,0,2,5,2,3,173,173,36,66,29,28,11,3,0,136,108,28,16,99,5,14,36
52353484,0,,,63,30,33,5,3,2,57,27,30,33,13,20,55,26,29,53,26,27,24,14,10,10,5,5,0,0,0,0,0,0,0,0,0,25,25,3,12,6,2,2,0,0,22,19,3,0,16,0,1,7
52353486,0,,,2449,1201,1248,309,170,139,2131,1029,1102,1487,694,793,2038,980,1058,1983,956,1027,644,335,309,182,76,106,47,17,30,0,0,0,13,7,6,914,914,133,348,196,170,52,13,2,778,718,60,50,429,1,64,178
52353487,0,,,1993,988,1005,234,111,123,1750,875,875,1298,653,645,1673,829,844,1623,801,822,452,222,230,138,54,84,47,15,32,1,0,1,13,3,10,710,710,79,249,184,139,48,9,2,625,571,54,51,302,2,36,112
52353488,2,52353498,,4,3,1,*,*,*,*,*,*,*,*,*,*,*,*,*,*,*,*,*,*,*,*,*,*,*,*,*,*,*,*,*,*,2,2,*,*,*,*,*,*,*,*,*,*,*,*,*,*,*
52353492,0,,,161,75,86,11,5,6,149,69,80,78,35,43,144,68,76,141,66,75,71,34,37,40,14,26,12,4,8,0,0,0,0,0,0,63,63,11,24,14,12,0,2,0,52,47,5,2,44,0,7,16
52353493,0,,,555,275,280,68,39,29,470,229,241,319,155,164,451,220,231,445,217,228,151,74,77,83,39,44,17,8,9,1,0,1,5,3,2,223,222,68,59,42,31,16,4,2,153,135,18,20,99,8,26,33
52353494,0,,,928,523,405,86,44,42,768,428,340,574,339,235,743,413,330,708,385,323,194,89,105,87,37,50,37,14,23,6,1,5,19,13,6,487,486,265,99,59,43,15,3,2,221,195,26,24,124,69,25,42
52353496,0,,,1781,845,936,195,78,117,1579,765,814,1051,513,538,1514,727,787,1471,708,763,528,252,276,246,119,127,50,19,31,5,0,5,17,8,9,666,666,112,227,152,129,33,13,0,553,503,50,41,338,1,59,136
52353497,0,,,6527,3144,3383,821,431,390,5667,2694,2973,3715,1787,1928,5426,2573,2853,5291,2506,2785,1952,907,1045,840,392,448,174,68,106,11,4,7,41,20,21,2484,2483,456,870,560,403,145,40,9,2003,1828,175,185,1263,13,281,458
52353498,1,,52353488,3969,1953,2016,1088,561,527,2863,1383,1480,2209,1087,1122,2738,1319,1419,2684,1296,1388,654,296,358,270,110,160,89,19,70,15,1,14,36,20,16,1250,1248,143,289,290,370,124,28,6,1097,1040,57,286,379,1,80,147
52353499,0,,,226,109,117,24,9,15,194,97,97,106,53,53,187,94,93,184,92,92,88,44,44,44,23,21,16,7,9,1,0,1,0,0,0,81,81,24,20,14,8,9,2,4,56,39,17,6,57,0,14,11
52353503,0,,,2437,1155,1282,355,165,190,2070,983,1087,1404,690,714,1982,942,1040,1929,916,1013,666,293,373,347,140,207,105,31,74,18,4,14,11,5,6,922,919,193,315,179,171,50,10,1,718,694,24,85,391,8,93,157
52353504,0,,,7404,3564,3840,1273,643,630,6102,2901,3201,4411,2160,2251,5806,2745,3061,5656,2677,2979,1691,741,950,879,372,507,260,91,169,33,5,28,31,19,12,2755,2752,537,822,618,597,148,28,2,2199,2070,129,340,1070,64,266,396
52353505,0,,,10210,4924,5286,1231,615,616,8829,4222,4607,6155,3090,3065,8554,4088,4466,8376,4006,4370,2674,1132,1542,1427,564,863,467,170,297,42,12,30,75,31,44,4769,4764,1875,1367,782,605,119,13,3,2859,2719,140,376,1785,254,639,562
52353506,0,,,5862,2875,2987,852,421,431,4966,2424,2542,3424,1767,1657,4844,2365,2479,4751,2318,2433,1542,657,885,775,307,468,232,70,162,25,4,21,59,30,29,2467,2464,774,679,542,364,83,16,6,1677,1567,110,314,958,164,252,307
52353507,0,,,1438,736,702,149,79,70,1271,645,626,792,419,373,1233,621,612,1216,611,605,479,226,253,183,90,93,40,18,22,2,0,2,16,7,9,602,602,160,215,119,66,26,15,1,437,403,34,49,313,5,75,105
52353508,0,,,969,495,474,150,83,67,792,398,394,646,327,319,757,381,376,731,368,363,146,71,75,60,23,37,11,2,9,0,0,0,16,10,6,406,406,145,93,80,55,22,9,2,252,241,11,36,101,15,27,24
52353509,0,,,251,128,123,13,6,7,227,115,112,138,90,48,225,113,112,215,110,105,89,25,64,70,16,54,42,6,36,9,1,8,22,17,5,112,110,74,18,9,7,1,1,0,35,28,7,8,10,29,2,2
52353513,0,,,897,438,459,83,49,34,813,388,425,382,186,196,794,379,415,782,372,410,431,202,229,258,136,122,46,25,21,2,0,2,1,1,0,387,387,75,179,81,39,13,0,0,312,297,15,17,265,0,62,131
52353514,0,,,6009,2848,3161,805,420,385,5174,2409,2765,3299,1632,1667,4992,2320,2672,4871,2258,2613,1875,777,1098,1080,420,660,368,112,256,45,10,35,38,17,21,2367,2363,585,783,479,395,100,15,6,1767,1667,100,213,1098,76,286,418
52353515,0,,,12844,6129,6715,1686,846,840,11072,5226,5846,7633,3737,3896,10774,5083,5691,10574,4978,5596,3439,1489,1950,1778,760,1018,486,175,311,37,3,34,109,51,58,5965,5963,2265,1708,1070,727,153,32,8,3662,3453,209,498,2357,380,810,739
52353516,0,,,7991,3877,4114,1053,561,492,6854,3268,3586,4692,2298,2394,6607,3144,3463,6459,3067,3392,2162,970,1192,964,430,534,185,67,118,10,2,8,77,39,38,3473,3473,1074,1077,690,500,105,21,6,2371,2251,120,291,1437,112,414,511
52353517,0,,,3857,1895,1962,530,272,258,3255,1583,1672,2282,1172,1110,3136,1517,1619,3053,1476,1577,973,411,562,497,189,308,203,51,152,24,4,20,54,23,31,1449,1441,377,416,310,233,84,17,4,1045,951,94,188,503,16,120,137
52353518,0,,,6456,3226,3230,899,456,443,5382,2671,2711,3991,2016,1975,5138,2554,2584,4979,2461,2518,1391,655,736,601,277,324,123,45,78,9,3,6,106,54,52,2663,2663,803,763,490,430,138,29,10,1832,1704,128,252,934,84,225,316
52353519,0,,,4240,2142,2098,460,232,228,3638,1833,1805,2522,1373,1149,3553,1792,1761,3470,1747,1723,1116,460,656,616,214,402,272,64,208,44,6,38,212,140,72,1910,1904,826,516,301,193,49,15,4,1057,963,94,117,563,122,180,159
52353521,0,,,18,7,11,4,0,4,14,7,7,11,5,6,14,7,7,13,7,6,3,2,1,0,0,0,0,0,0,0,0,0,0,0,0,6,6,0,3,1,1,1,0,0,6,6,0,1,2,0,0,2
52353522,2,52353532,,2,1,1,*,*,*,*,*,*,*,*,*,*,*,*,*,*,*,*,*,*,*,*,*,*,*,*,*,*,*,*,*,*,1,1,*,*,*,*,*,*,*,*,*,*,*,*,*,*,*
52353524,0,,,3548,1687,1861,373,193,180,3159,1481,1678,1875,908,967,3071,1435,1636,3020,1411,1609,1284,573,711,721,312,409,207,66,141,19,2,17,18,6,12,1445,1440,384,511,282,195,55,10,3,1044,971,73,116,771,21,219,279
52353525,0,,,9584,4474,5110,1281,635,646,8269,3813,4456,5340,2536,2804,8017,3703,4314,7824,3621,4203,2929,1277,1652,1525,662,863,369,134,235,18,3,15,55,29,26,3719,3714,841,1264,743,655,170,31,10,2855,2669,186,323,1779,54,439,649
52353526,0,,,8257,3925,4332,1053,547,506,7110,3328,3782,4759,2298,2461,6873,3194,3679,6715,3139,3576,2351,1030,1321,1212,495,717,381,125,256,42,7,35,62,22,40,3337,3333,860,1066,722,515,132,25,13,2432,2266,166,319,1479,61,404,483
52353527,0,,,5190,2653,2537,951,494,457,4180,2127,2053,3578,1857,1721,3928,1985,1943,3758,1893,1865,602,270,332,223,93,130,46,17,29,0,0,0,50,34,16,1792,1790,347,410,389,440,160,35,9,1435,1343,92,209,426,23,103,131
52353528,0,,,9876,4870,5006,1484,750,734,8263,4040,4223,5986,3032,2954,7887,3849,4038,7652,3736,3916,2277,1008,1269,1160,482,678,390,138,252,30,7,23,164,85,79,3685,3681,899,1005,811,679,211,62,14,2753,2568,185,351,1342,73,345,420
52353529,0,,,3186,1630,1556,324,145,179,2679,1386,1293,1898,1041,857,2617,1362,1255,2572,1335,1237,781,345,436,365,161,204,73,34,39,3,0,3,232,185,47,1643,1643,816,422,193,143,48,14,7,804,711,93,91,546,162,186,158
52353531,0,,,22,11,11,1,0,1,21,11,10,10,6,4,21,11,10,20,11,9,11,5,6,3,1,2,1,0,1,0,0,0,0,0,0,9,9,2,4,2,0,0,1,0,7,6,1,1,7,0,1,3
52353532,1,,52353522,256,137,119,20,10,10,235,126,109,124,69,55,228,121,107,223,117,106,111,57,54,57,29,28,16,8,8,1,1,0,2,1,1,94,94,25,26,17,15,7,1,4,70,54,16,3,69,0,16,19
52353533,0,,,237,119,118,23,12,11,211,106,105,137,72,65,204,102,102,199,97,102,74,34,40,29,8,21,6,1,5,1,0,1,2,1,1,88,88,15,31,19,17,3,2,1,73,65,8,3,49,0,8,21
52353534,0,,,1082,520,562,135,74,61,926,434,492,508,251,257,911,432,479,899,427,472,418,183,235,235,98,137,107,38,69,7,2,5,17,6,11,471,467,175,129,79,52,17,9,6,284,244,40,34,293,8,120,70
52353535,0,,,7959,3716,4243,1008,502,506,6844,3155,3689,4347,2100,2247,6630,3046,3584,6458,2956,3502,2497,1055,1442,1406,577,829,416,175,241,29,12,17,57,21,36,3333,3333,927,1107,616,491,156,29,7,2363,2179,184,270,1693,49,526,544
52353536,0,,,9590,4597,4993,1169,593,576,8208,3903,4305,5395,2666,2729,7973,3773,4200,7795,3691,4104,2813,1237,1576,1459,626,833,349,134,215,16,5,11,74,40,34,4097,4096,1253,1262,794,576,163,36,12,2762,2517,245,362,1914,110,577,570
52353537,0,,,3073,1577,1496,350,191,159,2645,1340,1305,1743,913,830,2598,1315,1283,2552,1292,1260,902,427,475,377,180,197,87,34,53,9,2,7,77,49,28,1393,1392,461,475,258,137,38,19,4,913,848,65,140,607,35,158,207
52353538,0,,,5151,2550,2601,701,357,344,4352,2137,2215,3305,1663,1642,4160,2062,2098,4048,1989,2059,1047,474,573,425,165,260,104,30,74,8,0,8,104,54,50,2069,2068,558,635,391,339,105,30,10,1489,1358,131,194,707,38,164,219
52353539,0,,,3213,1587,1626,315,169,146,2794,1363,1431,1956,994,962,2714,1328,1386,2652,1293,1359,838,369,469,412,167,245,135,39,96,14,2,12,111,60,51,1381,1379,473,419,252,177,40,11,7,886,815,71,88,511,53,146,151
52353541,0,,,43,20,23,0,0,0,42,20,22,15,7,8,42,20,22,42,20,22,27,13,14,13,7,6,3,2,1,0,0,0,1,1,0,21,21,6,12,1,1,0,1,0,15,13,2,0,16,0,4,9
52353542,0,,,612,260,352,36,14,22,565,241,324,248,121,127,554,236,318,546,232,314,317,120,197,206,64,142,105,21,84,22,1,21,7,2,5,206,204,57,61,50,22,9,5,0,144,118,26,9,132,1,30,39
52353543,0,,,2604,1196,1408,283,142,141,2299,1044,1255,1211,575,636,2236,1014,1222,2195,992,1203,1088,469,619,542,224,318,162,41,121,16,0,16,12,4,8,997,995,203,415,178,137,47,13,2,787,704,83,49,637,1,130,259
52353544,0,,,4194,1926,2268,496,242,254,3675,1674,2001,2069,978,1091,3571,1617,1954,3507,1587,1920,1606,696,910,753,323,430,145,57,88,9,1,8,56,24,32,1764,1763,456,675,326,211,68,14,13,1298,1193,105,127,1054,6,301,379
52353545,0,,,7703,3701,4002,1157,590,567,6405,3034,3371,4478,2164,2314,6117,2889,3228,5945,2806,3139,1927,870,1057,993,439,554,243,102,141,16,1,15,61,38,23,2988,2988,664,918,634,604,131,30,7,2287,2143,144,281,1266,38,317,453
52353546,0,,,13277,6390,6887,1530,800,730,11461,5434,6027,7770,3868,3902,11099,5257,5842,10842,5130,5712,3691,1566,2125,1995,813,1182,576,199,377,46,12,34,132,67,65,5988,5985,2095,1828,1076,790,154,28,14,3795,3549,246,509,2504,245,871,751
52353547,0,,,6398,3251,3147,855,443,412,5400,2716,2684,3965,2089,1876,5228,2634,2594,5096,2557,2539,1435,627,808,660,287,373,161,58,103,16,3,13,166,87,79,2876,2875,1062,810,511,361,99,27,5,1762,1682,80,279,947,278,298,271
52353548,0,,,580,292,288,82,39,43,492,250,242,397,207,190,463,241,222,447,232,215,95,43,52,46,22,24,10,4,6,0,0,0,36,19,17,235,235,75,64,42,29,16,8,1,157,145,12,22,65,13,10,19
52353549,0,,,1538,824,714,182,102,80,1325,701,624,980,545,435,1287,682,605,1251,660,591,345,156,189,161,64,97,47,16,31,3,2,1,65,38,27,688,688,281,165,101,100,28,7,6,396,345,51,49,240,49,74,50
52353552,0,,,777,378,399,83,38,45,689,338,351,368,186,182,675,330,345,664,323,341,321,152,169,156,71,85,33,10,23,3,0,3,11,7,4,296,296,59,108,56,44,20,5,4,236,200,36,25,201,0,37,72
52353553,0,,,7462,3392,4070,603,302,301,6843,3082,3761,3486,1586,1900,6692,3009,3683,6589,2964,3625,3357,1496,1861,1564,721,843,343,137,206,21,3,18,115,58,57,3426,3426,923,1492,623,283,86,12,7,2460,2319,141,168,2222,10,646,891
52353554,0,,,6468,2939,3529,696,380,316,5769,2557,3212,3308,1524,1784,5609,2478,3131,5508,2427,3081,2461,1033,1428,1111,454,657,305,106,199,18,1,17,129,52,77,2820,2818,727,1137,559,274,92,22,7,2070,1915,155,206,1643,15,464,562
52353555,0,,,6267,2916,3351,917,433,484,5228,2417,2811,3590,1755,1835,5063,2325,2738,4948,2272,2676,1638,662,976,848,305,543,335,74,261,50,2,48,55,30,25,2398,2392,624,709,505,420,104,21,9,1719,1610,109,270,880,82,234,295
52353556,0,,,11520,5593,5927,2021,1019,1002,9300,4452,4848,7174,3511,3663,9070,4330,4740,8918,4257,4661,2126,941,1185,952,405,547,249,92,157,23,8,15,165,78,87,4953,4951,1517,1524,945,801,148,14,2,3365,3254,111,825,1388,274,395,501
52353557,0,,,8173,4012,4161,1130,533,597,6913,3403,3510,5178,2648,2530,6728,3315,3413,6592,3245,3347,1735,755,980,827,338,489,189,64,125,11,3,8,204,115,89,3685,3685,1378,1022,629,484,124,32,16,2248,2081,167,400,1217,218,399,322
52353558,0,,,3380,1737,1643,428,215,213,2900,1496,1404,2063,1095,968,2782,1435,1347,2715,1405,1310,837,401,436,343,149,194,80,31,49,6,1,5,152,88,64,1565,1565,654,385,250,193,67,14,2,881,804,77,114,594,102,226,155
52353559,0,,,3000,1495,1505,315,161,154,2620,1291,1329,1848,940,908,2558,1252,1306,2507,1228,1279,772,351,421,401,172,229,103,44,59,5,2,3,121,64,57,1394,1394,556,396,215,147,65,12,3,818,723,95,78,528,130,139,148
52353561,2,52353571,,6,3,3,*,*,*,*,*,*,*,*,*,*,*,*,*,*,*,*,*,*,*,*,*,*,*,*,*,*,*,*,*,*,4,4,*,*,*,*,*,*,*,*,*,*,*,*,*,*,*
52353562,0,,,457,239,218,51,28,23,393,204,189,266,142,124,380,194,186,372,191,181,127,62,65,51,21,30,12,4,8,3,0,3,3,0,3,205,205,92,37,31,31,10,4,0,113,92,21,13,84,16,29,22
52353563,0,,,6522,3065,3457,633,329,304,5788,2683,3105,3409,1650,1759,5603,2582,3021,5465,2508,2957,2379,1033,1346,1295,571,724,336,123,213,34,4,30,142,70,72,3027,3024,1151,1018,438,295,87,27,8,1834,1696,138,172,1524,167,489,522
52353564,0,,,2965,1497,1468,332,178,154,2519,1262,1257,1962,1032,930,2415,1204,1211,2317,1158,1159,557,230,327,272,100,172,117,30,87,24,2,22,60,31,29,1363,1361,644,273,194,194,44,6,6,697,636,61,93,311,187,82,81
52353565,0,,,10108,4931,5177,1513,786,727,8347,4018,4329,5810,2879,2931,8071,3876,4195,7902,3792,4110,2537,1139,1398,1226,517,709,324,107,217,26,2,24,146,72,74,4347,4341,1533,1147,762,674,175,38,12,2766,2565,201,428,1768,238,615,515
52353566,0,,,7995,3958,4037,1117,587,530,6528,3194,3334,4984,2530,2454,6287,3074,3213,6102,2984,3118,1544,664,880,798,315,483,260,92,168,15,1,14,202,100,102,3374,3372,1215,840,627,509,149,20,12,2085,1940,145,348,1081,164,354,305
52353567,0,,,7812,3794,4018,1045,527,518,6521,3143,3378,4820,2396,2424,6308,3043,3265,6148,2957,3191,1701,747,954,766,297,469,220,54,166,21,1,20,222,102,120,3324,3322,1080,974,656,442,124,33,13,2187,2049,138,351,1082,135,310,325
52353568,0,,,10147,5126,5021,1339,695,644,8604,4305,4299,6308,3261,3047,8337,4157,4180,8171,4073,4098,2296,1044,1252,1062,437,625,257,106,151,14,5,9,387,218,169,4734,4734,1927,1274,732,585,165,46,5,2738,2552,186,411,1659,290,627,433
52353569,0,,,6458,3165,3293,780,394,386,5488,2674,2814,3694,1928,1766,5339,2601,2738,5244,2554,2690,1794,746,1048,973,337,636,393,86,307,50,4,46,249,108,141,2899,2888,1209,786,419,348,99,19,8,1619,1481,138,242,1127,211,450,256
52353571,1,,52353561,92,42,50,6,2,4,84,39,45,43,15,28,83,38,45,82,37,45,41,24,17,10,5,5,2,1,1,0,0,0,1,1,0,43,43,18,16,6,5,2,0,0,28,27,1,2,27,0,5,11
52353572,0,,,1561,733,828,155,78,77,1363,634,729,878,404,474,1327,610,717,1285,598,687,485,230,255,210,96,114,48,19,29,4,1,3,25,7,18,681,681,206,235,118,86,30,5,1,468,431,37,38,319,26,65,127
52353573,0,,,4237,2004,2233,572,279,293,3509,1646,1863,2531,1205,1326,3380,1575,1805,3273,1531,1742,978,441,537,459,202,257,172,60,112,12,0,12,91,48,43,1741,1739,564,458,321,292,82,18,4,1159,1077,82,137,590,77,143,233
52353574,0,,,1632,678,954,161,82,79,1414,568,846,875,389,486,1360,542,818,1308,522,786,539,179,360,371,97,274,233,48,185,37,4,33,15,9,6,550,546,162,149,105,106,18,5,1,369,354,15,30,169,76,23,82
52353575,0,,,12474,5948,6526,1300,647,653,10679,5053,5626,7375,3673,3702,10381,4910,5471,10126,4787,5339,3304,1380,1924,1867,739,1128,595,183,412,43,8,35,219,122,97,5694,5689,2245,1560,942,720,176,39,7,3317,3086,231,392,2114,577,652,644
52353576,0,,,12938,6097,6841,1366,722,644,10978,5081,5897,7883,3786,4097,10681,4932,5749,10468,4816,5652,3095,1295,1800,1724,674,1050,562,191,371,36,12,24,223,117,106,6437,6433,3023,1572,965,676,160,29,8,3343,3090,253,441,2047,677,636,635
52353577,0,,,4804,2339,2465,697,347,350,3981,1912,2069,3061,1500,1561,3801,1818,1983,3699,1775,1924,920,412,508,454,177,277,150,53,97,16,2,14,194,87,107,2060,2056,737,555,361,311,77,13,2,1279,1195,84,213,569,106,174,154
52353578,0,,,10073,4975,5098,1090,570,520,8591,4157,4434,6476,3227,3249,8377,4061,4316,8233,3992,4241,2115,930,1185,1089,419,670,322,103,219,24,3,21,319,148,171,5443,5441,2916,1240,693,442,114,28,8,2450,2282,168,353,1520,676,645,377
52353579,0,,,13133,6338,6795,1589,855,734,11335,5367,5968,7667,3809,3858,11016,5210,5806,10794,5086,5708,3668,1558,2110,1928,724,1204,621,194,427,44,6,38,494,210,284,6179,6176,2564,1664,955,710,228,42,13,3560,3265,295,440,2648,337,1075,635
52353580,2,52353590,,2,1,1,*,*,*,*,*,*,*,*,*,*,*,*,*,*,*,*,*,*,*,*,*,*,*,*,*,*,*,*,*,*,1,1,*,*,*,*,*,*,*,*,*,*,*,*,*,*,*
52353581,2,52353590,,5,3,2,*,*,*,*,*,*,*,*,*,*,*,*,*,*,*,*,*,*,*,*,*,*,*,*,*,*,*,*,*,*,3,3,*,*,*,*,*,*,*,*,*,*,*,*,*,*,*
52353582,0,,,3874,1809,2065,436,236,200,3392,1551,1841,2070,966,1104,3271,1485,1786,3217,1458,1759,1322,585,737,563,212,351,229,65,164,26,2,24,56,26,30,1383,1374,224,548,282,214,80,21,5,1136,1066,70,80,725,2,123,322
52353583,0,,,3034,1448,1586,361,194,167,2641,1239,1402,1956,906,1050,2476,1146,1330,2383,1094,1289,685,333,352,266,119,147,65,27,38,5,2,3,24,12,12,1048,1048,121,335,260,223,89,17,3,918,848,70,59,435,1,59,183
52353584,0,,,2296,1134,1162,360,189,171,1889,921,968,1412,695,717,1787,859,928,1733,827,906,477,226,251,216,105,111,42,13,29,3,0,3,23,7,16,860,860,192,241,174,182,58,10,3,655,604,51,88,313,12,68,111
52353585,0,,,13125,6251,6874,1426,755,671,10869,5081,5788,7386,3596,3790,10538,4915,5623,10300,4794,5506,3483,1485,1998,1955,792,1163,521,183,338,35,11,24,199,104,95,6015,6012,2269,1752,951,800,184,46,10,3500,3196,304,435,2392,377,776,677
52353586,0,,,10133,4978,5155,1596,839,757,7936,3838,4098,6229,3069,3160,7638,3677,3961,7453,3589,3864,1707,769,938,786,344,442,204,80,124,10,1,9,178,101,77,4465,4461,1584,1257,710,707,160,38,5,2567,2423,144,490,1182,361,409,345
52353587,0,,,12502,6025,6477,1417,748,669,10656,5072,5584,7592,3762,3830,10318,4890,5428,10077,4764,5313,3064,1310,1754,1532,604,928,448,142,306,30,5,25,391,172,219,5794,5792,2294,1616,992,660,185,35,10,3411,3175,236,440,2087,334,708,553
52353588,0,,,17372,8271,9101,1945,973,972,14830,7005,7825,10324,5092,5232,14448,6809,7639,14174,6680,7494,4506,1913,2593,2500,971,1529,829,256,573,79,13,66,530,250,280,8565,8557,4043,2152,1210,862,225,48,17,4380,4074,306,651,3030,808,1183,728
52353589,0,,,9185,4452,4733,1230,697,533,7695,3623,4072,5496,2651,2845,7445,3501,3944,7267,3415,3852,2199,972,1227,1140,465,675,327,118,209,21,8,13,267,114,153,4398,4397,2015,1002,634,530,176,32,8,2326,2130,196,314,1582,377,617,382
52353590,1,,52353580;52353581,255,126,129,22,7,15,238,121,117,117,61,56,235,120,115,233,119,114,121,60,61,60,32,28,14,9,5,2,2,0,4,2,2,122,122,35,63,17,8,1,1,1,88,83,5,3,83,1,25,31
52353594,0,,,1121,542,579,136,77,59,928,436,492,614,306,308,892,419,473,873,404,469,314,130,184,175,63,112,50,19,31,7,2,5,27,13,14,469,469,143,150,75,67,22,9,3,306,264,42,36,212,14,56,65
52353595,0,,,11029,5278,5751,1540,796,744,9081,4283,4798,6859,3317,3542,8697,4077,4620,8418,3956,4462,2222,966,1256,1181,496,685,310,102,208,31,5,26,147,80,67,4543,4542,1337,1304,876,775,197,35,18,3087,2879,208,444,1499,127,472,464
52353596,0,,,6917,3353,3564,966,478,488,5589,2696,2893,4368,2164,2204,5359,2579,2780,5198,2503,2695,1221,532,689,614,241,373,182,58,124,10,3,7,186,83,103,3214,3213,1415,702,523,421,125,24,3,1746,1642,104,305,840,232,290,228
52353597,0,,,13468,6290,7178,1496,739,757,10752,4971,5781,8309,3933,4376,10497,4833,5664,10163,4707,5456,2443,1038,1405,1210,444,766,345,110,235,25,0,25,412,192,220,7793,7789,4726,1500,799,608,131,23,2,2959,2791,168,515,1813,993,838,425
52353598,0,,,13217,6146,7071,1600,828,772,10952,5008,5944,8200,3899,4301,10646,4849,5797,10392,4743,5649,2752,1109,1643,1434,514,920,508,152,356,47,12,35,429,202,227,6884,6879,3605,1511,871,687,164,33,8,3181,2951,230,496,1939,705,803,444
52353599,0,,,13877,6492,7385,1519,763,756,11616,5389,6227,8296,4036,4260,11249,5167,6082,11012,5044,5968,3320,1353,1967,1744,617,1127,577,176,401,35,7,28,333,157,176,6954,6950,3412,1647,941,702,199,38,11,3434,3133,301,506,2411,564,980,556
52353600,0,,,336,155,181,38,18,20,294,135,159,196,88,108,282,131,151,272,125,147,98,47,51,43,18,25,7,2,5,0,0,0,2,1,1,137,137,37,42,35,13,3,6,1,99,89,10,8,64,2,16,19
52353601,0,,,13975,6724,7251,1240,616,624,12398,5922,6476,7557,3812,3745,12100,5778,6322,11878,5677,6201,4841,2110,2731,2363,1018,1345,596,219,377,34,8,26,397,187,210,6754,6750,2776,2067,1042,617,184,47,17,3904,3597,307,323,3282,222,1161,969
52353602,0,,,6837,3004,3833,576,330,246,6159,2609,3550,3290,1548,1742,6026,2537,3489,5924,2497,3427,2869,1061,1808,1618,533,1085,571,150,421,75,6,69,545,267,278,3326,3321,1457,1141,447,205,54,14,3,1834,1712,122,166,1742,134,752,433
52353603,0,,,10848,5110,5738,1247,642,605,9556,4439,5117,6439,3081,3358,9275,4298,4977,9051,4196,4855,3117,1358,1759,1395,574,821,390,136,254,30,8,22,110,39,71,4730,4728,1411,1589,906,633,144,35,10,3283,3077,206,354,2136,134,664,689
52353604,0,,,9361,4538,4823,1277,690,587,8083,3847,4236,5494,2675,2819,7754,3688,4066,7549,3576,3973,2589,1172,1417,1304,524,780,439,150,289,30,3,27,61,27,34,3419,3413,622,1102,773,692,174,40,10,2768,2579,189,325,1542,27,366,533
52353605,0,,,591,284,307,77,39,38,514,245,269,346,163,183,502,236,266,490,230,260,168,82,86,61,31,30,12,4,8,0,0,0,3,0,3,221,221,32,88,42,39,19,1,0,187,172,15,14,110,2,17,45
52353606,0,,,109,54,55,25,12,13,84,42,42,57,30,27,81,39,42,79,38,41,27,12,15,9,4,5,0,0,0,0,0,0,0,0,0,36,36,4,10,10,8,2,1,1,32,30,2,5,15,0,2,6
52353608,0,,,22,11,11,1,0,1,21,11,10,15,10,5,20,10,10,20,10,10,6,1,5,4,0,4,3,0,3,0,0,0,0,0,0,7,7,3,0,0,1,3,0,0,4,1,3,0,5,0,2,0
52353610,0,,,9142,4358,4784,951,458,493,7987,3777,4210,5598,2744,2854,7792,3677,4115,7615,3584,4031,2389,1033,1356,1159,439,720,371,103,268,42,9,33,176,86,90,4496,4494,2070,1156,662,458,106,29,13,2384,2166,218,279,1621,359,619,410
52353611,0,,,10586,4901,5685,1128,541,587,9065,4134,4931,6301,3063,3238,8844,4025,4819,8669,3934,4735,2764,1071,1693,1558,526,1032,590,172,418,55,8,47,168,84,84,5453,5446,2788,1336,661,496,116,33,16,2609,2392,217,366,1907,391,875,393
52353612,0,,,6502,3052,3450,743,356,387,5604,2605,2999,3564,1726,1838,5439,2523,2916,5324,2460,2864,2040,879,1161,1080,425,655,396,148,248,25,5,20,67,34,33,2890,2888,1021,870,484,376,108,22,7,1843,1699,144,227,1374,88,445,413
52353613,0,,,8399,3919,4480,1010,519,491,7360,3382,3978,4824,2320,2504,7166,3289,3877,7029,3221,3808,2536,1062,1474,1253,483,770,388,112,276,35,2,33,113,53,60,3623,3620,1162,1119,696,496,115,27,5,2429,2261,168,280,1643,148,495,530
52353614,0,,,8442,4135,4307,1226,651,575,7213,3484,3729,4788,2416,2372,6923,3322,3601,6729,3207,3522,2425,1068,1357,1303,559,744,384,141,243,26,9,17,74,35,39,3220,3218,695,1028,649,610,184,43,9,2514,2328,186,279,1590,32,425,527
52353615,0,,,4220,2041,2179,641,324,317,3534,1694,1840,2571,1280,1291,3360,1604,1756,3245,1544,1701,963,414,549,452,180,272,164,42,122,28,2,26,34,18,16,1488,1486,297,425,309,314,109,24,8,1180,1088,92,119,541,21,107,197
52353616,0,,,118,64,54,8,7,1,110,57,53,73,39,34,109,56,53,107,54,53,37,18,19,7,1,6,3,0,3,0,0,0,4,2,2,50,50,9,26,5,8,2,0,0,40,38,2,0,28,1,6,8
52353618,0,,,118,40,78,3,1,2,115,39,76,25,14,11,112,39,73,112,39,73,90,25,65,77,17,60,57,12,45,16,2,14,0,0,0,12,10,0,4,1,4,1,0,0,10,8,2,0,7,0,0,3
52353619,2,52353629,,2,2,0,*,*,*,*,*,*,*,*,*,*,*,*,*,*,*,*,*,*,*,*,*,*,*,*,*,*,*,*,*,*,1,1,*,*,*,*,*,*,*,*,*,*,*,*,*,*,*
52353620,0,,,11004,5384,5620,1344,691,653,9376,4532,4844,7005,3485,3520,9101,4392,4709,8885,4277,4608,2371,1047,1324,1108,433,675,310,96,214,23,5,18,206,105,101,5520,5514,2656,1297,785,582,153,28,13,2801,2573,228,366,1706,473,675,416
52353621,0,,,7843,3667,4176,798,387,411,6800,3145,3655,4949,2332,2617,6595,3044,3551,6409,2966,3443,1851,813,1038,943,364,579,305,96,209,26,3,23,134,56,78,4028,4026,2055,867,559,406,107,29,3,1946,1789,157,223,1335,447,515,341
52353622,0,,,1377,669,708,202,104,98,1152,552,600,782,388,394,1110,532,578,1077,514,563,370,164,206,159,69,90,48,12,36,6,2,4,23,12,11,528,528,114,168,124,74,31,15,2,406,369,37,42,242,3,50,84
52353623,0,,,8549,4041,4508,1141,586,555,7314,3399,3915,4705,2305,2400,7111,3291,3820,6994,3229,3765,2609,1094,1515,1384,543,841,407,137,270,33,7,26,231,100,131,3957,3949,1589,1162,588,434,137,32,7,2334,2169,165,332,1827,101,805,453
52353624,0,,,13013,6085,6928,1589,804,785,11193,5152,6041,7268,3482,3786,10796,4950,5846,10547,4837,5710,3925,1670,2255,1919,759,1160,457,174,283,24,3,21,262,101,161,5873,5867,2357,1592,927,722,218,38,13,3465,3206,259,374,2728,141,1188,671
52353625,0,,,5239,2378,2861,493,256,237,4651,2067,2584,2630,1333,1297,4492,1977,2515,4394,1924,2470,2021,734,1287,1210,360,850,513,111,402,89,11,78,60,26,34,1986,1982,685,604,316,261,94,16,6,1277,1174,103,104,944,26,342,247
52353628,1,,52353637,27,11,16,2,0,2,31,13,18,15,5,10,31,13,18,31,13,18,16,8,8,8,3,5,4,2,2,0,0,0,0,0,0,9,9,0,5,3,1,2,0,0,11,8,3,1,9,0,0,4
52353629,1,,52353619,23,12,11,0,0,0,25,14,11,7,2,5,25,14,11,25,14,11,18,12,6,9,6,3,4,1,3,1,0,1,0,0,0,12,12,6,4,1,2,0,0,0,7,6,1,0,13,0,6,2
52353630,0,,,10722,5241,5481,1132,608,524,9242,4436,4806,6696,3352,3344,8975,4309,4666,8784,4204,4580,2546,1084,1462,1288,455,833,422,117,305,34,5,29,384,223,161,5367,5362,2553,1344,773,516,141,25,10,2749,2526,223,352,1758,452,707,421
52353631,0,,,12657,5892,6765,1214,626,588,10997,5021,5976,7394,3538,3856,10712,4888,5824,10438,4751,5687,3603,1483,2120,1997,732,1265,805,264,541,88,20,68,229,116,113,6258,6251,2988,1552,901,612,149,44,5,3212,2959,253,389,2324,637,825,656
52353632,0,,,6480,3170,3310,934,496,438,5355,2559,2796,3789,1897,1892,5170,2456,2714,5074,2392,2682,1566,662,904,795,297,498,274,77,197,28,5,23,96,50,46,2708,2706,833,795,532,392,120,29,5,1851,1713,138,283,1013,75,274,334
52353633,0,,,3532,1616,1916,431,233,198,3043,1349,1694,1672,819,853,2935,1283,1652,2865,1244,1621,1371,530,841,787,268,519,264,55,209,31,0,31,140,64,76,1498,1495,563,465,226,144,68,22,7,924,851,73,120,805,12,342,218
52353634,0,,,12014,5507,6507,1261,666,595,10503,4690,5813,6466,3040,3426,10190,4548,5642,9973,4443,5530,4037,1650,2387,2129,857,1272,549,198,351,37,12,25,321,141,180,5655,5648,2171,1857,864,526,175,37,18,3418,3174,244,345,2783,98,1138,755
52353635,0,,,6511,3013,3498,759,374,385,5635,2563,3072,3544,1693,1851,5443,2461,2982,5295,2384,2911,2091,870,1221,1187,473,714,307,90,217,20,2,18,108,47,61,2641,2635,722,849,534,352,137,35,6,1883,1709,174,190,1309,30,366,414
52353637,2,52353628,,6,2,4,*,*,*,*,*,*,*,*,*,*,*,*,*,*,*,*,*,*,*,*,*,*,*,*,*,*,*,*,*,*,2,2,*,*,*,*,*,*,*,*,*,*,*,*,*,*,*
52353638,0,,,21,10,11,1,1,0,20,9,11,13,5,8,20,9,11,19,8,11,7,4,3,4,3,1,3,2,1,0,0,0,0,0,0,7,7,2,0,3,1,0,1,0,5,3,2,0,4,0,2,0
52353639,1,,52353649,8,4,4,0,0,0,10,5,5,1,0,1,10,5,5,10,5,5,9,5,4,3,1,2,1,0,1,0,0,0,0,0,0,4,4,1,3,1,0,0,0,0,4,3,1,0,5,0,1,3
52353640,0,,,9426,4817,4609,840,426,414,8090,4131,3959,6167,3315,2852,7902,4034,3868,7726,3942,3784,1923,816,1107,990,378,612,301,84,217,33,6,27,406,217,189,5213,5209,2992,1110,573,363,118,33,20,2159,1939,220,279,1321,741,489,301
52353641,0,,,11240,5319,5921,1089,558,531,9456,4380,5076,6457,3102,3355,9230,4267,4963,8929,4125,4804,2999,1278,1721,1520,583,937,488,162,326,49,8,41,408,209,199,6045,6042,3258,1372,744,486,143,27,12,2736,2479,257,351,2102,693,806,520
52353642,0,,,5631,2797,2834,635,336,299,4764,2332,2432,3271,1646,1625,4614,2247,2367,4498,2187,2311,1493,686,807,756,332,424,196,72,124,8,0,8,118,64,54,2658,2658,1124,709,391,305,91,29,9,1516,1385,131,183,1028,203,319,330
52353643,0,,,111,57,54,4,3,1,101,50,51,50,25,25,98,47,51,97,47,50,51,25,26,23,12,11,8,2,6,1,0,1,1,1,0,48,48,18,16,5,2,5,1,1,28,20,8,0,34,0,10,7
52353644,0,,,2360,964,1396,195,99,96,2106,838,1268,1165,537,628,2054,811,1243,2006,778,1228,941,301,640,630,169,461,254,59,195,35,6,29,54,20,34,1160,1156,555,363,136,77,12,8,5,590,534,56,45,547,54,242,128
52353645,0,,,6587,2906,3681,702,368,334,5763,2464,3299,3346,1533,1813,5571,2364,3207,5444,2301,3143,2417,931,1486,1479,539,940,520,150,370,45,5,40,124,59,65,2785,2779,893,978,478,294,103,25,8,1862,1713,149,179,1402,62,443,435
52353649,2,52353639,,2,1,1,*,*,*,*,*,*,*,*,*,*,*,*,*,*,*,*,*,*,*,*,*,*,*,*,*,*,*,*,*,*,1,1,*,*,*,*,*,*,*,*,*,*,*,*,*,*,*
52353650,0,,,4463,2412,2051,357,182,175,3772,2053,1719,2922,1679,1243,3701,2015,1686,3548,1953,1595,850,374,476,480,181,299,196,51,145,25,4,21,314,182,132,2485,2481,1649,390,226,164,45,6,1,809,737,72,108,452,532,155,98
52353651,0,,,12577,6309,6268,997,495,502,10604,5287,5317,7563,3974,3589,10382,5165,5217,9729,4819,4910,3041,1313,1728,1605,614,991,464,134,330,41,4,37,865,476,389,7550,7528,4820,1356,686,475,137,45,9,2639,2352,287,312,2208,1545,920,543
52353652,0,,,980,491,489,128,62,66,832,416,416,543,286,257,811,406,405,788,392,396,289,130,159,154,59,95,61,17,44,9,1,8,14,8,6,422,421,157,122,67,46,23,4,2,260,238,22,34,170,20,48,55
52353653,0,,,50,25,25,6,4,2,41,19,22,23,10,13,41,19,22,40,19,21,18,9,9,11,6,5,3,1,2,0,0,0,0,0,0,20,20,6,5,4,3,2,0,0,13,12,1,1,10,1,1,2
52353654,0,,,4389,2113,2276,477,262,215,3748,1784,1964,2564,1274,1290,3628,1724,1904,3531,1688,1843,1184,510,674,654,273,381,199,66,133,22,3,19,92,61,31,1984,1981,815,503,337,215,83,20,8,1133,1013,120,144,747,128,239,211
52353655,0,,,6502,2970,3532,643,312,331,5731,2596,3135,3597,1722,1875,5566,2512,3054,5427,2444,2983,2134,874,1260,1233,467,766,456,127,329,64,6,58,83,36,47,2779,2773,962,827,518,356,90,16,4,1774,1620,154,197,1235,123,364,371
52353656,2,52353666,,6,3,3,*,*,*,*,*,*,*,*,*,*,*,*,*,*,*,*,*,*,*,*,*,*,*,*,*,*,*,*,*,*,2,2,*,*,*,*,*,*,*,*,*,*,*,*,*,*,*
52353659,0,,,39,15,24,4,2,2,35,13,22,25,9,16,34,13,21,33,12,21,10,4,6,4,2,2,2,0,2,0,0,0,0,0,0,16,16,7,1,4,2,2,0,0,9,8,1,0,8,0,5,0
52353660,0,,,5656,2947,2709,516,268,248,4805,2500,2305,3497,1874,1623,4690,2443,2247,4585,2383,2202,1308,626,682,616,252,364,175,51,124,13,1,12,506,259,247,3240,3240,1935,643,350,214,70,21,7,1250,1143,107,147,981,404,431,208
52353661,0,,,9576,4407,5169,759,386,373,8297,3737,4560,4877,2390,2487,8119,3643,4476,7925,3548,4377,3420,1347,2073,1958,658,1300,776,198,578,95,17,78,503,242,261,4992,4987,2625,1230,615,378,114,17,8,2317,2100,217,207,2214,445,940,549
52353662,0,,,652,318,334,62,40,22,585,274,311,303,147,156,568,264,304,560,259,301,282,127,155,168,72,96,56,24,32,6,2,4,15,5,10,265,265,48,120,49,31,11,5,1,215,191,24,12,179,1,34,72
52353663,0,,,3234,1561,1673,410,217,193,2706,1292,1414,1764,858,906,2604,1242,1362,2534,1213,1321,942,434,508,451,210,241,83,33,50,3,0,3,43,22,21,1451,1450,537,427,227,179,61,15,4,894,829,65,110,631,32,203,202
52353664,0,,,9620,4423,5197,993,508,485,8305,3773,4532,5348,2540,2808,8017,3633,4384,7791,3526,4265,2957,1233,1724,1653,656,997,438,150,288,26,4,22,128,57,71,4551,4548,1828,1359,689,489,131,37,15,2667,2460,207,288,2045,154,775,585
52353665,0,,,13200,6106,7094,1232,660,572,11114,5051,6063,7630,3600,4030,10816,4910,5906,10374,4736,5638,3484,1451,2033,1729,655,1074,495,137,358,54,7,47,170,80,90,6916,6914,3629,1625,856,575,180,34,15,3198,2941,257,371,2345,635,907,614
52353666,1,,52353656,1168,538,630,89,43,46,1030,474,556,678,343,335,1005,463,542,985,454,531,352,131,221,202,58,144,112,23,89,16,4,12,14,7,7,473,471,181,127,83,57,15,8,2,290,259,31,15,159,9,41,47
52353670,0,,,11653,5575,6078,854,447,407,10215,4817,5398,6887,3430,3457,10005,4707,5298,9800,4607,5193,3328,1387,1941,1776,659,1117,545,168,377,34,8,26,783,357,426,6702,6700,3878,1512,712,437,115,35,11,2746,2473,273,234,2444,754,1037,566
52353671,0,,,8929,4309,4620,681,363,318,7929,3777,4152,4809,2453,2356,7803,3715,4088,7682,3657,4025,3120,1324,1796,1755,633,1122,637,167,470,67,12,55,1089,508,581,5042,5033,2983,1147,497,270,101,28,7,1997,1757,240,207,2155,492,1072,427
52353672,0,,,2396,1191,1205,262,141,121,2084,1027,1057,1302,690,612,1992,948,1044,1942,922,1020,782,337,445,411,160,251,150,46,104,8,3,5,32,15,17,1042,1039,379,293,189,123,37,12,6,652,584,68,74,515,48,146,140
52353673,0,,,6070,2869,3201,571,271,300,5278,2506,2772,3234,1631,1603,5109,2415,2694,4993,2355,2638,2044,875,1169,1009,395,614,303,77,226,43,6,37,110,55,55,2804,2799,1169,760,423,320,91,25,11,1595,1430,165,140,1326,90,494,351
52353674,0,,,12125,5773,6352,1624,819,805,10234,4848,5386,6909,3376,3533,9917,4686,5231,9690,4580,5110,3325,1472,1853,1744,744,1000,359,121,238,23,6,17,189,90,99,5309,5308,1765,1608,950,715,214,39,17,3453,3176,277,443,2303,127,724,657
52353675,0,,,14066,7100,6966,1271,663,608,12169,6163,6006,8176,4371,3805,11891,6018,5873,11672,5914,5758,3993,1792,2201,2029,860,1169,569,197,372,45,8,37,261,159,102,6576,6542,2943,1827,1003,565,163,28,13,3509,3238,271,418,2691,305,1046,731
52353676,0,,,4675,2255,2420,530,283,247,3980,1901,2079,2675,1323,1352,3842,1833,2009,3729,1774,1955,1305,578,727,625,257,368,187,65,122,17,7,10,64,24,40,2054,2052,762,558,339,268,103,18,4,1263,1135,128,136,861,104,245,259
52353677,0,,,224,122,102,28,21,7,195,101,94,110,58,52,193,100,93,190,97,93,85,43,42,29,16,13,9,3,6,0,0,0,0,0,0,94,94,29,33,11,13,4,4,0,65,57,8,7,57,0,17,23
52353680,0,,,6079,2849,3230,342,175,167,4968,2289,2679,3505,1699,1806,4878,2245,2633,4785,2206,2579,1463,590,873,877,306,571,324,110,214,27,3,24,188,90,98,3974,3969,2794,661,292,157,50,9,6,1145,1030,115,114,974,586,389,239
52353681,0,,,8200,3677,4523,520,281,239,6903,3012,3891,4615,2102,2513,6766,2933,3833,6609,2880,3729,2288,910,1378,1286,456,830,453,148,305,29,8,21,293,129,164,5184,5181,3426,998,398,271,64,17,7,1692,1468,224,134,1677,783,772,372
52353682,0,,,4080,1730,2350,375,192,183,3504,1448,2056,2296,945,1351,3421,1411,2010,3219,1374,1845,1208,503,705,644,244,400,197,66,131,23,5,18,85,38,47,1973,1966,908,553,264,185,43,8,5,1045,956,89,106,853,162,294,261
52353683,0,,,3513,1719,1794,488,272,216,2950,1415,1535,2057,1028,1029,2827,1362,1465,2766,1333,1433,893,387,506,483,192,291,123,34,89,10,2,8,55,24,31,1517,1516,536,416,247,216,78,20,3,957,870,87,113,626,22,212,177
52353684,0,,,15149,7031,8118,1474,713,761,12987,6003,6984,7952,3898,4054,12673,5858,6815,12417,5729,6688,5035,2105,2930,2818,1117,1701,748,252,496,72,12,60,285,113,172,7716,7711,3641,2139,998,681,197,35,20,3976,3669,307,412,3528,399,1451,936
52353685,0,,,16976,7696,9280,1757,883,874,14289,6400,7889,10049,4622,5427,13953,6219,7734,13684,6093,7591,4240,1778,2462,2181,866,1315,644,226,418,35,9,26,250,115,135,8930,8927,4453,2281,1186,766,175,53,13,4374,4058,316,567,3004,800,1144,843
52353686,0,,,8236,3974,4262,886,484,402,7014,3345,3669,4437,2239,2198,6821,3253,3568,6664,3172,3492,2577,1106,1471,1360,536,824,429,140,289,45,10,35,87,48,39,3811,3804,1657,1007,546,441,123,25,5,2079,1932,147,240,1551,239,545,476
52353687,0,,,469,229,240,36,13,23,400,199,201,236,123,113,392,193,199,387,189,198,164,76,88,91,39,52,30,15,15,2,2,0,17,9,8,226,225,108,59,33,17,5,2,1,114,101,13,11,93,11,28,26
52353689,0,,,1441,701,740,214,103,111,1219,591,628,1071,522,549,1094,525,569,1029,491,538,148,69,79,62,27,35,17,7,10,2,0,2,12,4,8,468,468,35,129,123,135,37,9,0,431,410,21,21,98,1,12,43
52353690,0,,,16653,7357,9296,1361,696,665,13776,5943,7833,10474,4635,5839,13508,5799,7709,13222,5683,7539,3302,1308,1994,1802,649,1153,694,210,484,78,17,61,482,263,219,10256,10250,6708,1873,921,582,126,27,13,3400,3134,266,421,2213,1453,838,574
52353691,0,,,13763,5922,7841,958,479,479,11410,4820,6590,8175,3518,4657,11216,4724,6492,10891,4634,6257,3235,1302,1933,1784,646,1138,649,200,449,63,9,54,372,172,200,8704,8694,5784,1617,720,417,122,24,10,2782,2497,285,306,2293,1332,953,534
52353692,0,,,4248,1857,2391,341,180,161,3652,1541,2111,2314,1011,1303,3571,1501,2070,3463,1468,1995,1338,530,808,761,272,489,252,74,178,18,2,16,90,38,52,2402,2400,1361,552,265,151,51,17,3,977,857,120,92,989,247,433,198
52353693,0,,,2185,1006,1179,195,100,95,1908,870,1038,1049,532,517,1845,832,1013,1813,816,997,859,338,521,552,189,363,264,65,199,33,6,27,51,24,27,930,925,426,225,132,100,27,13,2,483,433,50,49,408,40,160,110
52353694,0,,,6357,2983,3374,550,281,269,5511,2569,2942,3641,1777,1864,5371,2501,2870,5266,2460,2806,1870,792,1078,1050,405,645,337,108,229,37,8,29,95,41,54,3374,3372,1735,815,454,276,69,17,6,1611,1471,140,172,1363,267,608,332
52353695,0,,,3692,1676,2016,330,175,155,3194,1426,1768,2146,1002,1144,3086,1374,1712,3003,1333,1670,1048,424,624,572,215,357,177,61,116,10,3,7,41,19,22,1818,1813,811,476,272,180,60,11,3,988,890,98,82,738,140,249,210
52353696,0,,,4412,2131,2281,376,198,178,3839,1827,2012,2397,1178,1219,3745,1781,1964,3663,1742,1921,1442,649,793,714,298,416,226,74,152,25,3,22,71,32,39,2113,2107,875,617,341,195,64,12,3,1214,1129,85,110,945,71,327,281
52353697,0,,,803,380,423,61,34,27,720,335,385,405,195,210,703,324,379,690,316,374,315,140,175,158,66,92,55,16,39,2,1,1,10,5,5,351,351,90,148,60,33,17,1,2,258,231,27,20,202,0,43,79
52353698,0,,,442,213,229,15,5,10,423,205,218,205,108,97,415,200,215,407,196,211,218,97,121,113,48,65,42,16,26,6,2,4,6,3,3,214,214,71,90,32,14,4,2,1,142,122,20,3,146,0,45,48
52353699,0,,,2561,1169,1392,310,156,154,2217,997,1220,1283,600,683,2142,965,1177,2108,947,1161,934,397,537,494,185,309,178,54,124,18,3,15,17,7,10,998,996,263,351,181,146,48,4,3,722,671,51,69,505,13,138,201
52353700,2,52353710,,11,5,6,*,*,*,*,*,*,*,*,*,*,*,*,*,*,*,*,*,*,*,*,*,*,*,*,*,*,*,*,*,*,3,3,*,*,*,*,*,*,*,*,*,*,*,*,*,*,*
52353703,0,,,187,90,97,16,8,8,170,81,89,86,43,43,165,79,86,163,77,86,84,38,46,47,20,27,16,6,10,1,1,0,0,0,0,70,70,12,26,18,8,2,2,2,57,46,11,4,52,0,8,18
52353704,0,,,27,13,14,2,2,0,25,11,14,17,7,10,25,11,14,24,11,13,8,4,4,5,3,2,2,1,1,0,0,0,0,0,0,9,9,0,2,5,2,0,0,0,9,7,2,0,5,0,0,1
52353710,1,,52353700,13,7,6,1,0,1,23,12,11,13,7,6,23,12,11,23,12,11,10,5,5,3,1,2,2,0,2,0,0,0,0,0,0,6,6,2,1,4,2,0,0,0,7,5,2,1,6,0,1,0
52353712,0,,,319,157,162,34,24,10,284,132,152,145,67,78,277,130,147,275,129,146,139,65,74,67,29,38,23,7,16,3,1,2,4,2,2,126,126,21,56,26,13,6,3,1,103,87,16,4,81,0,17,35
52353713,0,,,743,353,390,73,35,38,668,316,352,360,173,187,648,306,342,637,300,337,308,143,165,130,61,69,36,10,26,2,0,2,2,1,1,281,281,49,111,49,46,17,7,2,231,189,42,15,189,0,32,72
52353714,0,,,1014,509,505,118,70,48,888,431,457,576,268,308,866,423,443,857,422,435,312,163,149,79,38,41,18,8,10,3,0,3,7,4,3,382,382,55,145,93,63,20,4,2,324,292,32,33,201,1,23,93
52353715,0,,,39,15,24,4,1,3,35,14,21,20,7,13,34,14,20,32,13,19,15,7,8,7,3,4,3,2,1,0,0,0,0,0,0,12,12,0,2,6,3,1,0,0,12,9,3,2,9,0,0,2
52353721,0,,,196,100,96,18,11,7,178,89,89,93,52,41,176,87,89,173,86,87,85,37,48,38,17,21,12,4,8,0,0,0,1,1,0,80,80,18,28,21,9,2,1,1,62,55,7,4,54,1,15,19
52353722,0,,,3724,1810,1914,543,279,264,3151,1511,1640,1962,980,982,3035,1443,1592,2972,1412,1560,1189,531,658,655,300,355,149,62,87,9,1,8,27,14,13,1493,1493,342,548,267,230,79,21,6,1142,1056,86,139,761,13,194,317
52353723,0,,,294,137,157,19,9,10,267,124,143,141,63,78,261,122,139,254,117,137,126,61,65,65,30,35,23,10,13,2,0,2,0,0,0,131,131,44,40,27,13,6,0,1,87,72,15,3,84,0,25,29
52353724,0,,,3675,1774,1901,416,212,204,3228,1542,1686,2094,1001,1093,3127,1495,1632,3044,1461,1583,1134,541,593,401,149,252,127,29,98,10,2,8,34,11,23,1379,1378,233,502,300,233,78,25,7,1132,1003,129,92,729,13,121,266
52353725,0,,,287,144,143,15,10,5,270,132,138,162,85,77,263,131,132,257,127,130,108,47,61,43,19,24,9,4,5,1,0,1,2,2,0,110,110,20,43,21,14,10,2,0,89,75,14,3,69,2,8,27
52353730,0,,,144,51,93,2,2,0,142,49,93,51,33,18,141,48,93,141,48,93,91,16,75,83,12,71,52,6,46,13,0,13,2,0,2,6,4,2,1,0,0,1,0,0,2,2,0,0,2,0,1,1
52353731,1,,52353740,1222,588,634,136,72,64,1067,502,565,677,334,343,1043,493,550,1019,483,536,390,168,222,180,81,99,32,11,21,1,0,1,20,9,11,521,519,147,181,102,61,23,4,2,369,335,34,43,264,12,66,83
52353732,0,,,5322,2555,2767,672,333,339,4515,2147,2368,2922,1433,1489,4338,2049,2289,4210,1983,2227,1593,714,879,791,350,441,201,76,125,16,3,13,22,13,9,2275,2273,732,684,397,319,114,25,2,1518,1401,117,152,1007,106,257,382
52353733,0,,,2679,1316,1363,218,121,97,2393,1151,1242,1375,694,681,2334,1123,1211,2290,1097,1193,1018,457,561,515,233,282,143,53,90,10,1,9,36,16,20,1199,1198,369,447,217,104,43,12,6,811,723,88,57,667,16,173,233
52353734,0,,,219,107,112,21,12,9,198,95,103,122,63,59,193,92,101,191,92,99,76,32,44,33,11,22,11,4,7,0,0,0,0,0,0,83,83,20,21,21,12,8,1,0,63,51,12,3,52,0,12,11
52353735,0,,,418,201,217,35,22,13,383,179,204,233,113,120,378,177,201,373,175,198,150,66,84,74,33,41,26,10,16,4,0,4,1,1,0,151,151,29,43,35,28,13,1,2,122,90,32,8,98,0,22,20
52353736,0,,,97,48,49,5,1,4,91,47,44,47,25,22,89,46,43,88,45,43,44,22,22,26,13,13,6,2,4,0,0,0,0,0,0,32,32,4,13,5,6,1,1,2,27,20,7,1,25,0,2,8
52353740,2,52353731,,1,1,0,*,*,*,*,*,*,*,*,*,*,*,*,*,*,*,*,*,*,*,*,*,*,*,*,*,*,*,*,*,*,1,1,*,*,*,*,*,*,*,*,*,*,*,*,*,*,*
52353741,0,,,3927,2161,1766,327,173,154,3547,1954,1593,2121,1288,833,3476,1923,1553,3415,1890,1525,1426,666,760,774,363,411,179,80,99,6,0,6,100,50,50,1756,1744,759,570,215,145,38,14,3,975,910,65,91,961,32,410,296
52353742,0,,,4990,2390,2600,625,316,309,4174,1965,2209,3016,1431,1585,4010,1887,2123,3858,1829,2029,1158,534,624,546,238,308,145,52,93,8,1,7,51,22,29,2153,2149,756,597,398,286,82,22,8,1372,1274,98,180,795,92,235,250
52353743,0,,,137,65,72,6,1,5,127,61,66,74,38,36,123,60,63,121,58,63,53,23,30,27,9,18,13,5,8,0,0,0,0,0,0,64,64,27,20,4,8,4,1,0,37,31,6,0,37,1,14,11
52353744,0,,,334,168,166,17,9,8,313,157,156,173,90,83,305,154,151,295,147,148,140,67,73,51,23,28,10,3,7,0,0,0,4,4,0,139,139,31,61,22,15,7,1,2,103,97,6,3,95,0,21,35
52353745,0,,,199,93,106,18,11,7,181,82,99,119,56,63,174,80,94,169,77,92,62,26,36,34,13,21,11,4,7,1,0,1,1,0,1,67,67,11,20,12,12,8,4,0,56,38,18,4,42,0,5,9
52353746,0,,,211,99,112,18,7,11,187,89,98,100,50,50,182,88,94,178,86,92,87,39,48,37,12,25,19,5,14,1,0,1,1,1,0,80,80,19,25,18,8,6,3,1,56,41,15,3,57,0,11,14
52353747,1,,52353748,160,73,87,14,6,8,148,69,79,82,37,45,142,64,78,139,63,76,66,32,34,35,14,21,16,4,12,3,0,3,0,0,0,57,57,9,22,14,6,7,0,1,50,39,11,2,44,0,9,14
52353748,2,52353747,,2,2,0,*,*,*,*,*,*,*,*,*,*,*,*,*,*,*,*,*,*,*,*,*,*,*,*,*,*,*,*,*,*,2,2,*,*,*,*,*,*,*,*,*,*,*,*,*,*,*
52353750,0,,,434,205,229,27,11,16,405,192,213,212,97,115,397,190,207,389,186,203,193,95,98,98,51,47,28,16,12,2,1,1,2,1,1,174,174,29,77,35,22,8,3,0,145,126,19,5,126,0,23,50
52353751,0,,,1984,1009,975,298,157,141,1655,831,824,1194,628,566,1593,807,786,1559,793,766,461,203,258,252,110,142,60,23,37,5,1,4,14,7,7,834,834,278,215,155,130,47,7,2,548,500,48,85,299,40,70,107
52353752,0,,,1923,893,1030,168,89,79,1720,784,936,983,476,507,1678,754,924,1643,733,910,737,308,429,405,166,239,140,48,92,21,6,15,16,8,8,799,797,207,312,149,105,19,2,3,580,528,52,45,406,16,80,166
52353753,0,,,2621,1284,1337,370,202,168,2239,1073,1166,1529,747,782,2094,1002,1092,2029,969,1060,710,326,384,341,154,187,92,36,56,3,1,2,16,5,11,978,978,192,310,211,171,78,11,5,777,731,46,66,450,5,99,185
52353754,0,,,56,35,21,6,2,4,43,27,16,38,24,14,41,25,16,41,25,16,5,3,2,2,1,1,0,0,0,0,0,0,9,2,7,41,41,35,0,5,0,0,1,0,6,6,0,1,4,5,3,0
52353755,0,,,157,86,71,5,2,3,146,80,66,85,52,33,145,80,65,143,79,64,61,28,33,29,12,17,21,7,14,1,0,1,0,0,0,78,78,44,15,5,7,3,3,1,34,20,14,2,36,3,9,9
52353756,0,,,598,294,304,43,27,16,549,262,287,291,146,145,537,253,284,525,246,279,258,116,142,136,59,77,47,17,30,7,1,6,2,2,0,224,224,46,79,46,26,13,12,2,175,138,37,8,161,1,34,48
52353757,0,,,177,81,96,11,6,5,166,75,91,85,42,43,163,73,90,160,71,89,81,33,48,45,17,28,16,4,12,1,0,1,3,2,1,65,65,10,23,13,15,2,2,0,55,40,15,5,49,0,7,16
52353760,0,,,2185,1069,1116,237,120,117,1897,918,979,1211,587,624,1852,893,959,1805,874,931,686,331,355,351,183,168,53,27,26,1,0,1,28,13,15,923,922,239,330,195,112,30,13,3,678,629,49,56,430,10,76,184
52353761,0,,,5717,2757,2960,623,299,324,5008,2407,2601,3445,1725,1720,4829,2323,2506,4725,2267,2458,1563,682,881,773,310,463,258,89,169,17,2,15,48,21,27,2394,2393,703,725,494,330,112,19,10,1674,1518,156,179,1042,73,280,305
52353762,0,,,5627,2687,2940,611,303,308,4869,2298,2571,3203,1586,1617,4725,2225,2500,4619,2177,2442,1666,712,954,884,360,524,283,91,192,20,4,16,48,24,24,2552,2551,917,756,471,307,83,15,2,1612,1477,135,188,1111,67,343,343
52353763,0,,,6644,3176,3468,976,498,478,5538,2603,2935,3865,1887,1978,5336,2506,2830,5189,2425,2764,1673,716,957,841,335,506,211,72,139,12,4,8,106,56,50,2794,2794,863,820,523,418,133,26,11,1891,1755,136,233,1174,59,381,330
52353764,0,,,3067,1594,1473,534,263,271,2382,1249,1133,2094,1118,976,2249,1178,1071,2091,1066,1025,288,131,157,90,39,51,14,4,10,1,1,0,51,17,34,1313,1312,554,230,220,234,63,10,1,747,713,34,97,202,160,43,61
52353766,0,,,439,224,215,139,73,66,297,149,148,252,134,118,290,145,145,285,142,143,45,15,30,36,11,25,20,6,14,4,2,2,23,11,12,125,121,23,13,25,53,7,0,0,97,95,2,48,10,5,2,1
52353767,0,,,4297,2138,2159,1314,706,608,2972,1423,1549,2717,1314,1403,2702,1281,1421,2584,1218,1366,255,109,146,127,45,82,46,12,34,10,1,9,27,16,11,1192,1190,49,173,262,518,151,29,8,1134,1088,46,273,130,1,15,46
52353768,0,,,394,200,194,42,20,22,350,178,172,218,109,109,338,173,165,328,166,162,132,69,63,57,26,31,22,8,14,4,1,3,1,1,0,134,134,19,37,34,28,12,2,2,113,89,24,7,84,1,11,21
52353769,0,,,257,85,172,10,4,6,245,80,165,51,30,21,242,77,165,242,77,165,194,50,144,153,32,121,99,12,87,16,2,14,1,1,0,44,42,4,20,9,4,3,2,0,37,30,7,4,32,0,4,13
52353770,0,,,3211,1606,1605,591,306,285,2573,1270,1303,2060,1040,1020,2503,1238,1265,2444,1209,1235,513,230,283,244,101,143,54,13,41,2,0,2,42,19,23,1275,1271,340,337,300,211,69,9,5,915,855,60,253,347,70,84,103
52353771,0,,,2738,1468,1270,362,181,181,2293,1234,1059,1823,1030,793,2221,1195,1026,2155,1151,1004,470,204,266,246,93,153,95,27,68,4,0,4,32,18,14,1397,1395,734,268,170,172,41,7,3,648,606,42,121,338,244,132,86
52353772,0,,,6648,3201,3447,1089,556,533,5325,2505,2820,3989,1928,2061,5190,2437,2753,5073,2384,2689,1336,577,759,703,278,425,239,75,164,17,2,15,90,39,51,2981,2980,1180,735,484,455,99,20,7,1774,1651,123,303,890,199,277,270
52353773,0,,,6982,3457,3525,1106,591,515,5741,2780,2961,4098,2059,2039,5554,2687,2867,5396,2596,2800,1643,721,922,864,354,510,238,76,162,19,6,13,97,49,48,2884,2883,914,770,519,501,133,38,8,1929,1766,163,349,1089,145,303,340
52353774,0,,,8648,4299,4349,987,490,497,7261,3584,3677,5293,2675,2618,7055,3490,3565,6814,3366,3448,1968,909,1059,946,450,496,215,93,122,12,3,9,178,96,82,4109,4108,1764,1039,650,489,126,33,7,2294,2128,166,331,1248,489,285,510
52353775,0,,,4340,2207,2133,450,218,232,3600,1835,1765,2469,1291,1178,3486,1771,1715,3315,1652,1663,1131,544,587,440,196,244,117,34,83,12,1,11,55,31,24,2006,2004,800,569,299,248,73,7,8,1196,1124,72,119,698,209,113,326
52353776,0,,,1750,913,837,81,50,31,1365,721,644,1243,665,578,1334,701,633,1230,625,605,122,56,66,45,17,28,10,3,7,1,0,1,53,32,21,1147,1146,888,106,74,68,9,1,0,252,246,6,24,87,328,33,26
52353777,0,,,4660,2265,2395,516,273,243,4126,1979,2147,3121,1467,1654,3919,1862,2057,3747,1769,1978,1005,512,493,385,184,201,116,47,69,10,3,7,60,41,19,1636,1635,158,613,375,370,93,24,2,1471,1372,99,94,645,5,90,296
52353778,0,,,482,237,245,61,27,34,417,207,210,310,160,150,376,186,190,355,172,183,107,47,60,50,21,29,14,6,8,1,0,1,1,1,0,162,162,27,36,41,35,20,2,1,135,120,15,6,62,0,12,21
52353779,0,,,113,55,58,13,8,5,100,47,53,58,26,32,94,44,50,90,42,48,42,21,21,16,8,8,3,2,1,0,0,0,0,0,0,39,39,5,15,6,8,2,3,0,33,26,7,3,26,0,4,8
52353780,0,,,4326,2094,2232,570,304,266,3696,1758,1938,2625,1296,1329,3537,1679,1858,3422,1625,1797,1071,462,609,568,234,334,161,63,98,14,1,13,106,59,47,1725,1722,458,512,351,283,93,21,4,1251,1165,86,143,684,57,182,227
52353781,0,,,6515,3053,3462,860,450,410,5418,2463,2955,3597,1722,1875,5264,2386,2878,5156,2334,2822,1821,741,1080,997,358,639,332,97,235,20,3,17,91,37,54,2951,2945,1136,809,485,381,97,32,5,1786,1633,153,264,1247,81,436,359
52353782,0,,,3070,1490,1580,522,261,261,2416,1154,1262,1834,901,933,2335,1114,1221,2283,1088,1195,582,253,329,307,119,188,112,37,75,14,3,11,66,30,36,1218,1216,403,329,220,213,41,7,3,800,763,37,163,264,65,69,94
52353783,0,,,9827,4807,5020,1670,861,809,7783,3732,4051,6105,2991,3114,7543,3612,3931,7353,3514,3839,1678,741,937,839,331,508,307,103,204,39,7,32,117,57,60,4258,4255,1683,991,667,651,198,48,17,2516,2311,205,476,1036,413,256,314
52353784,0,,,6544,3255,3289,709,370,339,5406,2651,2755,3956,2001,1955,5259,2582,2677,5092,2515,2577,1450,650,800,673,289,384,207,75,132,18,1,17,169,93,76,3404,3403,1782,718,484,297,90,25,7,1579,1448,131,220,965,420,308,293
52353785,0,,,6821,3721,3100,1005,521,484,5091,2837,2254,4375,2513,1862,4921,2749,2172,4688,2588,2100,716,324,392,340,152,188,116,39,77,5,3,2,252,172,80,3704,3701,2269,516,389,390,113,18,6,1406,1304,102,308,434,808,93,139
52353786,0,,,2781,1537,1244,171,97,74,2173,1219,954,1377,854,523,2141,1199,942,2000,1102,898,796,365,431,359,178,181,97,31,66,22,2,20,59,39,20,1718,1717,1159,300,118,104,26,7,3,556,519,37,47,437,468,76,215
52353787,0,,,3875,1975,1900,566,299,267,3151,1598,1553,2054,1046,1008,3025,1534,1491,2926,1471,1455,1097,552,545,367,189,178,102,44,58,6,2,4,61,46,15,1661,1660,557,467,288,247,82,15,4,1098,1012,86,133,691,156,115,316
52353788,0,,,307,159,148,44,26,18,260,132,128,194,102,92,251,128,123,247,127,120,66,30,36,26,10,16,6,1,5,0,0,0,15,14,1,128,128,49,27,18,23,8,3,0,78,69,9,6,48,14,17,10
52353789,0,,,94,45,49,6,2,4,88,43,45,53,24,29,88,43,45,87,43,44,35,19,16,19,10,9,9,5,4,2,2,0,1,0,1,31,31,4,11,8,4,1,1,2,27,20,7,1,22,0,3,2
52353790,0,,,7497,3544,3953,926,476,450,6361,2978,3383,4255,2065,2190,6108,2853,3255,5967,2786,3181,2106,913,1193,1026,427,599,314,112,202,13,4,9,91,48,43,3183,3181,973,1026,545,465,148,19,5,2182,2028,154,220,1438,96,441,481
52353791,0,,,4963,2305,2658,414,207,207,4439,2029,2410,2780,1356,1424,4310,1967,2343,4227,1926,2301,1659,673,986,931,344,587,268,106,162,14,5,9,85,36,49,2548,2545,1178,722,354,216,60,12,3,1337,1238,99,115,1230,116,547,322
52353792,0,,,519,267,252,146,76,70,357,181,176,305,152,153,346,177,169,338,171,167,52,29,23,19,11,8,5,3,2,0,0,0,4,3,1,200,200,55,45,43,42,13,2,0,143,137,6,42,40,6,15,9
52353793,0,,,6310,3040,3270,1069,532,537,5076,2417,2659,4267,2115,2152,4763,2251,2512,4587,2153,2434,809,302,507,495,155,340,226,52,174,22,1,21,83,43,40,2433,2426,777,546,461,492,129,13,8,1612,1537,75,290,347,159,95,106
52353794,0,,,2933,1447,1486,454,236,218,2402,1170,1232,1845,940,905,2320,1121,1199,2277,1096,1181,557,230,327,300,111,189,141,38,103,30,5,25,44,30,14,1226,1223,473,279,207,199,53,9,3,740,694,46,121,288,138,64,79
52353795,0,,,5397,2908,2489,515,273,242,4137,2284,1853,3224,1887,1337,4020,2215,1805,3819,2103,1716,913,397,516,414,181,233,116,37,79,14,4,10,162,101,61,3236,3234,2205,406,287,254,62,15,5,1011,918,93,144,581,825,144,171
52353796,0,,,8865,5025,3840,1022,526,496,6599,3882,2717,5664,3453,2211,6406,3797,2609,5909,3460,2449,935,429,506,452,210,242,104,43,61,8,2,6,305,218,87,5479,5479,3922,545,407,444,121,32,8,1527,1423,104,266,621,1590,144,213
52353797,0,,,1886,922,964,517,275,242,1347,639,708,1123,547,576,1284,609,675,1242,592,650,224,92,132,117,36,81,54,10,44,10,1,9,5,2,3,594,593,92,124,110,197,57,11,2,494,467,27,111,104,12,13,33
52353798,0,,,873,508,365,150,74,76,677,406,271,513,329,184,660,402,258,648,394,254,164,77,87,70,34,36,25,10,15,2,1,1,8,7,1,422,422,239,44,47,65,20,5,2,182,156,26,34,104,147,28,23
52353799,0,,,313,118,195,6,3,3,307,115,192,111,60,51,306,115,191,306,115,191,196,55,141,151,31,120,87,15,72,15,1,14,0,0,0,72,71,16,22,17,9,4,2,1,55,43,12,1,45,0,7,8
52354000,0,,,285,142,143,30,11,19,255,131,124,127,68,59,243,127,116,237,124,113,128,63,65,64,34,30,9,4,5,1,0,1,0,0,0,101,101,24,34,16,7,6,11,3,77,52,25,7,79,0,19,24
52354001,0,,,186,68,118,12,6,6,174,62,112,78,36,42,170,61,109,169,60,109,96,26,70,77,18,59,48,9,39,6,2,4,0,0,0,51,50,10,16,13,7,1,0,3,39,27,12,2,32,0,6,9
52354002,0,,,34,18,16,2,1,1,32,17,15,20,11,9,31,16,15,30,15,15,12,6,6,6,3,3,0,0,0,0,0,0,0,0,0,14,14,3,4,5,2,0,0,0,11,10,1,1,8,0,2,3
52354006,0,,,74,33,41,2,1,1,72,32,40,31,14,17,72,32,40,72,32,40,41,18,23,17,7,10,5,2,3,1,0,1,0,0,0,29,29,5,11,7,4,2,0,0,24,16,8,1,25,0,4,7
52354007,0,,,277,125,152,20,9,11,249,111,138,151,64,87,241,106,135,236,104,132,98,47,51,54,24,30,20,7,13,1,1,0,25,1,24,114,114,42,29,17,13,9,1,3,70,45,25,3,69,20,14,16
52354008,0,,,203,97,106,18,9,9,184,87,97,94,45,49,181,86,95,177,83,94,90,42,48,47,20,27,22,11,11,2,1,1,1,1,0,88,87,26,31,18,9,2,1,0,61,52,9,7,56,0,16,17
52354009,1,,52354019,83,44,39,6,3,3,78,40,38,46,25,21,77,39,38,76,39,37,32,15,17,13,6,7,3,1,2,3,1,2,0,0,0,36,36,9,16,10,3,1,0,0,29,27,2,2,19,0,4,6
52354010,0,,,14,5,9,3,0,3,11,5,6,6,2,4,11,5,6,11,5,6,5,3,2,2,1,1,1,1,0,0,0,0,0,0,0,7,7,2,4,0,1,0,0,0,5,5,0,2,3,0,1,2
52354012,0,,,195,98,97,15,8,7,180,90,90,106,53,53,178,89,89,172,86,86,74,37,37,40,17,23,13,6,7,0,0,0,2,1,1,73,73,16,23,16,11,3,3,1,57,44,13,5,50,0,11,13
52354013,0,,,39,19,20,9,4,5,30,15,15,18,9,9,30,15,15,30,15,15,12,6,6,5,3,2,3,2,1,0,0,0,0,0,0,10,10,0,3,1,1,4,1,0,10,4,6,2,8,0,0,2
52354016,0,,,47,25,22,4,3,1,43,22,21,26,14,12,42,21,21,41,20,21,17,8,9,10,3,7,2,0,2,1,0,1,0,0,0,13,13,0,3,4,3,2,0,1,13,7,6,1,10,0,0,0
52354017,0,,,25,13,12,4,3,1,21,10,11,11,5,6,21,10,11,20,9,11,10,5,5,3,1,2,0,0,0,0,0,0,0,0,0,8,8,1,2,3,1,0,0,1,7,6,1,0,6,0,1,2
52354018,0,,,89,49,40,11,6,5,78,43,35,56,31,25,75,40,35,75,40,35,22,12,10,11,7,4,1,1,0,0,0,0,3,2,1,37,37,9,13,10,3,1,0,1,27,21,6,3,16,0,5,3
52354019,2,52354009,,5,1,4,*,*,*,*,*,*,*,*,*,*,*,*,*,*,*,*,*,*,*,*,*,*,*,*,*,*,*,*,*,*,3,3,*,*,*,*,*,*,*,*,*,*,*,*,*,*,*
52354020,0,,,13,5,8,2,0,2,11,5,6,6,4,2,10,4,6,10,4,6,5,1,4,2,0,2,0,0,0,0,0,0,0,0,0,6,6,2,2,1,1,0,0,0,4,3,1,0,4,0,2,1
52354023,0,,,103,52,51,6,3,3,97,49,48,49,27,22,94,48,46,93,48,45,48,22,26,22,8,14,7,3,4,0,0,0,0,0,0,31,31,6,7,6,4,2,3,3,25,12,13,3,28,0,6,4
52354024,2,52354034,,1,1,0,*,*,*,*,*,*,*,*,*,*,*,*,*,*,*,*,*,*,*,*,*,*,*,*,*,*,*,*,*,*,1,1,*,*,*,*,*,*,*,*,*,*,*,*,*,*,*
52354026,0,,,30,13,17,0,0,0,30,13,17,16,8,8,29,13,16,29,13,16,14,5,9,6,1,5,2,0,2,0,0,0,0,0,0,13,13,3,5,3,2,0,0,0,10,8,2,0,9,0,2,3
52354027,0,,,30,16,14,2,2,0,28,14,14,9,5,4,27,14,13,27,14,13,19,9,10,4,3,1,1,1,0,0,0,0,0,0,0,13,13,2,7,3,0,1,0,0,11,10,1,0,11,0,1,6
52354029,0,,,54,23,31,5,2,3,49,21,28,23,8,15,48,21,27,46,21,25,26,13,13,9,2,7,6,1,5,0,0,0,0,0,0,17,17,1,7,3,4,0,1,1,16,8,8,2,16,0,1,4
52354030,0,,,225,110,115,29,16,13,195,94,101,117,59,58,190,92,98,187,91,96,78,35,43,39,19,20,18,7,11,2,1,1,1,0,1,78,78,19,19,12,14,9,4,1,59,44,15,3,52,0,14,12
52354031,0,,,57,23,34,7,2,5,50,21,29,27,12,15,49,21,28,47,20,27,23,9,14,11,5,6,1,0,1,0,0,0,0,0,0,19,19,4,4,5,1,4,1,0,15,9,6,2,15,0,3,3
52354034,1,,52354024,31,13,18,1,0,1,31,14,17,16,7,9,29,14,15,29,14,15,15,7,8,8,3,5,2,0,2,0,0,0,0,0,0,14,14,4,6,4,1,0,0,0,11,11,0,0,11,0,3,2
52354035,0,,,26,14,12,0,0,0,24,13,11,12,8,4,24,13,11,24,13,11,12,5,7,7,4,3,0,0,0,0,0,0,0,0,0,13,13,3,8,1,1,0,0,0,9,7,2,0,7,0,0,3
52354037,1,,52354048;52354058,48,21,27,4,2,2,56,24,32,28,14,14,55,24,31,55,24,31,28,10,18,15,5,10,4,2,2,0,0,0,0,0,0,18,18,3,12,2,1,2,1,1,18,14,4,2,19,0,2,4
52354041,0,,,48,23,25,4,2,2,44,21,23,22,11,11,42,20,22,41,19,22,22,10,12,9,2,7,5,2,3,0,0,0,0,0,0,19,19,3,9,1,6,0,0,0,16,13,3,1,14,0,3,6
52354042,0,,,92,44,48,5,4,1,84,37,47,41,20,21,83,36,47,83,36,47,43,17,26,27,12,15,7,4,3,0,0,0,1,0,1,37,37,11,13,3,5,4,1,0,26,17,9,1,26,0,6,7
52354045,0,,,23,13,10,3,3,0,20,10,10,7,4,3,20,10,10,20,10,10,13,6,7,7,4,3,2,0,2,0,0,0,0,0,0,11,11,5,3,1,1,1,0,0,6,4,2,2,9,0,3,2
52354046,0,,,34,16,18,3,2,1,31,14,17,16,7,9,31,14,17,30,14,16,15,7,8,6,2,4,5,2,3,1,0,1,0,0,0,13,13,2,6,2,1,2,0,0,11,9,2,0,10,0,1,5
52354048,2,52354037,,3,1,2,*,*,*,*,*,*,*,*,*,*,*,*,*,*,*,*,*,*,*,*,*,*,*,*,*,*,*,*,*,*,1,1,*,*,*,*,*,*,*,*,*,*,*,*,*,*,*
52354050,0,,,174,84,90,11,8,3,163,76,87,96,48,48,160,74,86,160,74,86,67,28,39,40,13,27,12,4,8,0,0,0,0,0,0,57,57,10,13,14,9,7,3,1,47,25,22,2,45,0,8,7
52354052,0,,,34,18,16,6,3,3,28,15,13,18,10,8,27,14,13,27,14,13,10,5,5,3,1,2,2,0,2,0,0,0,0,0,0,9,9,1,1,3,1,1,1,1,8,4,4,1,6,0,1,1
52354056,1,,52354057,23,12,11,0,0,0,24,13,11,10,7,3,24,13,11,24,13,11,14,6,8,7,2,5,3,0,3,0,0,0,0,0,0,15,15,11,3,1,1,0,0,0,5,4,1,0,12,0,7,1
52354057,2,52354056,,1,1,0,*,*,*,*,*,*,*,*,*,*,*,*,*,*,*,*,*,*,*,*,*,*,*,*,*,*,*,*,*,*,1,1,*,*,*,*,*,*,*,*,*,*,*,*,*,*,*
52354058,2,52354037,,9,4,5,*,*,*,*,*,*,*,*,*,*,*,*,*,*,*,*,*,*,*,*,*,*,*,*,*,*,*,*,*,*,3,3,*,*,*,*,*,*,*,*,*,*,*,*,*,*,*
52354060,0,,,314,135,179,39,25,14,270,107,163,131,58,73,258,106,152,253,104,149,139,49,90,104,33,71,56,14,42,9,1,8,0,0,0,85,84,13,26,17,16,5,5,2,70,48,22,8,48,1,6,16
52354070,0,,,331,162,169,28,13,15,302,148,154,169,86,83,293,143,150,289,143,146,133,62,71,62,26,36,14,8,6,0,0,0,0,0,0,118,118,31,24,30,13,12,6,2,87,55,32,6,85,9,17,15
52354071,2,52354081,,2,1,1,*,*,*,*,*,*,*,*,*,*,*,*,*,*,*,*,*,*,*,*,*,*,*,*,*,*,*,*,*,*,1,1,*,*,*,*,*,*,*,*,*,*,*,*,*,*,*
52354073,0,,,15,10,5,0,0,0,15,10,5,10,7,3,15,10,5,13,8,5,5,3,2,3,2,1,2,1,1,0,0,0,0,0,0,5,5,0,2,1,2,0,0,0,5,4,1,0,4,0,0,1
52354074,0,,,43,19,24,8,4,4,35,15,20,18,8,10,35,15,20,35,15,20,17,7,10,7,3,4,1,0,1,0,0,0,0,0,0,16,16,6,2,3,3,1,0,1,10,7,3,1,11,0,5,1
52354075,0,,,24,12,12,4,2,2,20,10,10,13,7,6,19,9,10,18,8,10,7,3,4,3,1,2,1,0,1,0,0,0,0,0,0,8,8,2,2,1,1,1,1,0,6,2,4,1,6,0,2,0
52354077,2,52354088,,4,2,2,*,*,*,*,*,*,*,*,*,*,*,*,*,*,*,*,*,*,*,*,*,*,*,*,*,*,*,*,*,*,2,2,*,*,*,*,*,*,*,*,*,*,*,*,*,*,*
52354080,0,,,36,19,17,5,4,1,31,15,16,17,8,9,30,15,15,30,15,15,14,7,7,7,2,5,3,1,2,1,0,1,0,0,0,13,13,3,4,2,2,1,1,0,10,5,5,1,11,0,3,2
52354081,1,,52354071,195,97,98,15,10,5,182,88,94,93,47,46,174,85,89,170,83,87,89,41,48,47,18,29,13,5,8,1,0,1,0,0,0,67,67,12,22,15,10,2,4,3,56,39,17,2,53,0,8,16
52354082,0,,,101,52,49,14,8,6,86,43,43,55,29,26,83,43,40,83,43,40,31,14,17,19,8,11,3,1,2,1,0,1,0,0,0,41,41,13,11,6,7,4,0,0,28,25,3,6,16,2,3,7
52354083,1,,52354084,329,153,176,38,16,22,298,139,159,185,88,97,290,135,155,284,129,155,113,51,62,58,27,31,23,8,15,2,0,2,7,4,3,115,115,16,45,17,25,11,4,0,102,81,21,7,72,0,11,25
52354084,2,52354083,,7,2,5,*,*,*,*,*,*,*,*,*,*,*,*,*,*,*,*,*,*,*,*,*,*,*,*,*,*,*,*,*,*,3,3,*,*,*,*,*,*,*,*,*,*,*,*,*,*,*
52354088,1,,52354077,85,41,44,7,7,0,82,36,46,36,16,20,82,36,46,82,36,46,46,20,26,25,10,15,14,4,10,0,0,0,0,0,0,30,30,5,12,6,4,4,1,0,27,19,8,2,29,0,5,9
52354090,0,,,715,338,377,64,36,28,650,301,349,373,174,199,622,288,334,611,282,329,277,127,150,141,59,82,41,13,28,4,0,4,6,2,4,262,262,50,93,49,37,18,11,4,209,159,50,13,179,5,34,51
52354091,0,,,443,217,226,49,27,22,394,190,204,228,115,113,386,186,200,382,184,198,166,75,91,82,28,54,26,9,17,0,0,0,3,2,1,128,124,21,36,27,22,9,5,4,103,73,30,13,85,0,14,22
52354092,0,,,500,239,261,42,22,20,458,217,241,251,130,121,445,208,237,436,203,233,207,87,120,123,47,76,58,21,37,7,3,4,1,0,1,192,192,41,70,36,24,11,10,0,150,117,33,11,131,0,30,38
52354093,0,,,909,410,499,85,45,40,824,365,459,485,232,253,798,351,447,788,348,440,339,133,206,192,68,124,65,18,47,6,2,4,15,0,15,338,338,79,92,84,43,24,13,3,259,187,72,19,228,5,56,48
52354094,0,,,229,109,120,13,5,8,216,104,112,102,53,49,213,103,110,210,101,109,114,51,63,61,25,36,22,8,14,1,0,1,2,1,1,89,89,22,33,13,12,4,2,3,67,48,19,3,73,0,19,24
52354095,1,,52354096,249,116,133,23,11,12,231,107,124,125,62,63,221,101,120,219,99,120,106,45,61,51,20,31,22,7,15,3,1,2,3,1,2,77,77,11,25,12,12,13,5,2,69,40,29,5,65,0,9,15
52354096,2,52354095,,5,2,3,*,*,*,*,*,*,*,*,*,*,*,*,*,*,*,*,*,*,*,*,*,*,*,*,*,*,*,*,*,*,3,3,*,*,*,*,*,*,*,*,*,*,*,*,*,*,*
52354098,0,,,34,18,16,1,0,1,33,18,15,13,9,4,32,17,15,32,17,15,20,9,11,9,3,6,4,1,3,0,0,0,0,0,0,16,16,6,7,1,0,1,1,0,10,8,2,0,14,0,4,4
52354100,0,,,253,117,136,40,17,23,213,100,113,133,69,64,202,93,109,200,93,107,80,31,49,40,17,23,12,4,8,1,0,1,1,1,0,86,86,13,27,20,14,6,3,3,72,54,18,6,52,0,10,12
52354101,0,,,39,17,22,8,4,4,29,12,17,14,5,9,29,12,17,29,12,17,15,7,8,5,2,3,1,1,0,0,0,0,0,0,0,17,17,6,6,2,0,3,0,0,10,8,2,2,12,0,5,4
52354102,0,,,170,75,95,11,4,7,153,69,84,87,42,45,149,67,82,145,65,80,66,27,39,36,13,23,17,5,12,1,0,1,0,0,0,58,58,6,19,20,6,2,3,2,51,34,17,2,40,0,3,9
52354104,1,,52354114,31,16,15,2,1,1,31,16,15,19,10,9,31,16,15,31,16,15,12,6,6,8,3,5,1,1,0,0,0,0,0,0,0,14,14,6,6,1,3,0,0,0,10,9,1,0,9,0,5,2
52354110,0,,,240,117,123,23,10,13,217,107,110,132,67,65,211,104,107,207,102,105,85,40,45,33,14,19,9,2,7,0,0,0,0,0,0,92,92,21,31,18,13,6,1,2,70,57,13,3,57,1,13,16
52354111,0,,,23,11,12,3,2,1,20,9,11,16,8,8,20,9,11,19,9,10,4,1,3,3,1,2,1,1,0,0,0,0,0,0,0,7,7,1,2,1,1,1,1,0,6,4,2,0,3,0,0,0
52354112,0,,,59,32,27,3,2,1,53,28,25,30,19,11,53,28,25,53,28,25,23,9,14,13,5,8,3,1,2,1,0,1,0,0,0,24,24,7,7,5,2,3,0,0,14,11,3,1,15,0,4,3
52354114,2,52354104,,2,1,1,*,*,*,*,*,*,*,*,*,*,*,*,*,*,*,*,*,*,*,*,*,*,*,*,*,*,*,*,*,*,2,2,*,*,*,*,*,*,*,*,*,*,*,*,*,*,*
52354118,2,52354128,,4,3,1,*,*,*,*,*,*,*,*,*,*,*,*,*,*,*,*,*,*,*,*,*,*,*,*,*,*,*,*,*,*,2,2,*,*,*,*,*,*,*,*,*,*,*,*,*,*,*
52354119,0,,,16,8,8,1,1,0,15,7,8,6,3,3,15,7,8,15,7,8,9,4,5,8,4,4,0,0,0,0,0,0,0,0,0,6,6,0,3,2,1,0,0,0,6,6,0,0,5,0,0,2
52354120,0,,,63,32,31,0,0,0,62,31,31,27,12,15,60,30,30,60,30,30,35,19,16,15,9,6,1,1,0,0,0,0,1,1,0,33,33,9,19,4,1,0,0,0,24,22,2,0,21,1,3,13
52354121,0,,,70,36,34,10,7,3,60,29,31,29,12,17,60,29,31,60,29,31,31,17,14,17,10,7,4,2,2,1,0,1,0,0,0,25,25,5,9,6,2,1,0,2,20,16,4,2,21,0,4,5
52354122,0,,,324,143,181,30,17,13,293,125,168,167,75,92,285,123,162,278,119,159,126,50,76,79,30,49,30,9,21,1,0,1,0,0,0,128,128,33,39,27,21,4,1,3,93,73,20,4,89,0,28,19
52354123,1,,52354124,148,65,83,10,4,6,144,65,79,86,36,50,142,65,77,140,65,75,58,29,29,43,19,24,17,9,8,0,0,0,0,0,0,48,48,4,18,10,9,7,1,1,45,29,16,4,38,0,3,11
52354124,2,52354123,,6,4,2,*,*,*,*,*,*,*,*,*,*,*,*,*,*,*,*,*,*,*,*,*,*,*,*,*,*,*,*,*,*,2,2,*,*,*,*,*,*,*,*,*,*,*,*,*,*,*
52354127,0,,,17,9,8,2,1,1,15,8,7,6,4,2,15,8,7,15,8,7,9,4,5,3,1,2,2,1,1,0,0,0,0,0,0,5,5,0,1,2,1,1,0,0,5,3,2,0,4,0,0,1
52354128,1,,52354118;52354138,120,56,64,12,6,6,121,58,63,58,34,24,119,57,62,119,57,62,63,24,39,29,8,21,13,2,11,1,0,1,0,0,0,47,47,9,18,15,5,2,1,1,41,31,10,2,40,0,8,8
52354129,0,,,17,10,7,1,0,1,16,10,6,8,5,3,15,9,6,15,9,6,8,5,3,3,2,1,0,0,0,0,0,0,0,0,0,7,7,3,1,2,0,0,1,0,4,3,1,0,5,0,2,1
52354130,2,52354131,,6,3,3,*,*,*,*,*,*,*,*,*,*,*,*,*,*,*,*,*,*,*,*,*,*,*,*,*,*,*,*,*,*,2,2,*,*,*,*,*,*,*,*,*,*,*,*,*,*,*
52354131,1,,52354130,113,57,56,9,6,3,110,54,56,64,34,30,105,52,53,103,51,52,46,20,26,23,10,13,9,4,5,3,1,2,0,0,0,35,34,6,11,3,10,2,2,2,29,17,12,2,26,0,4,5
52354132,0,,,94,38,56,12,4,8,82,34,48,45,18,27,81,34,47,81,34,47,37,16,21,15,8,7,7,3,4,0,0,0,1,1,0,36,36,7,13,7,7,1,0,1,29,21,8,2,24,0,6,7
52354133,0,,,262,63,199,14,6,8,247,56,191,196,36,160,244,55,189,240,54,186,51,20,31,27,9,18,8,1,7,2,0,2,120,3,117,59,57,16,18,5,11,6,1,0,39,27,12,4,33,0,6,11
52354134,0,,,60,28,32,6,4,2,54,24,30,25,10,15,54,24,30,54,24,30,29,14,15,17,6,11,6,2,4,0,0,0,0,0,0,21,21,1,9,6,2,3,0,0,19,14,5,2,18,0,1,4
52354137,0,,,24,13,11,3,2,1,21,11,10,14,8,6,21,11,10,21,11,10,7,3,4,3,1,2,2,1,1,0,0,0,0,0,0,9,9,1,4,2,1,1,0,0,8,8,0,1,5,0,0,2
52354138,2,52354128,,9,5,4,*,*,*,*,*,*,*,*,*,*,*,*,*,*,*,*,*,*,*,*,*,*,*,*,*,*,*,*,*,*,2,2,*,*,*,*,*,*,*,*,*,*,*,*,*,*,*
52354141,0,,,19,10,9,3,1,2,16,9,7,10,6,4,15,8,7,15,8,7,6,3,3,3,1,2,2,1,1,0,0,0,0,0,0,5,5,0,2,1,1,0,0,1,4,3,1,1,3,0,0,0
52354143,0,,,230,109,121,32,16,16,198,93,105,105,50,55,194,90,104,191,89,102,93,43,50,46,21,25,10,4,6,0,0,0,1,0,1,87,87,15,31,21,14,4,0,2,72,61,11,5,56,0,11,23
52354144,0,,,153,74,79,24,10,14,129,64,65,79,40,39,125,63,62,122,61,61,50,24,26,27,9,18,8,2,6,0,0,0,1,1,0,53,53,8,14,15,11,3,1,1,45,35,10,6,33,0,7,7
52354145,0,,,132,65,67,19,12,7,113,53,60,53,27,26,113,53,60,111,53,58,60,26,34,27,10,17,10,3,7,0,0,0,1,1,0,56,56,18,20,8,3,4,3,0,38,29,9,4,39,2,9,14
52354153,0,,,91,38,53,12,3,9,79,35,44,42,18,24,77,35,42,76,35,41,37,17,20,12,4,8,7,3,4,1,0,1,0,0,0,32,32,6,10,5,7,2,2,0,26,17,9,3,26,0,6,7
52354154,0,,,167,83,84,7,2,5,160,81,79,84,45,39,157,78,79,156,78,78,76,36,40,41,20,21,16,9,7,1,0,1,2,0,2,73,73,20,28,14,8,2,0,1,53,41,12,2,51,0,12,16
52354155,0,,,171,84,87,18,13,5,152,70,82,77,36,41,150,68,82,145,66,79,75,34,41,41,15,26,13,2,11,2,0,2,1,0,1,67,67,13,25,14,11,3,0,1,54,41,13,4,48,0,10,16
52354156,0,,,49,15,34,5,1,4,44,14,30,33,10,23,44,14,30,42,14,28,11,4,7,8,3,5,3,1,2,1,0,1,12,0,12,27,27,15,5,4,3,0,0,0,11,9,2,3,7,9,2,2
52354157,0,,,10,4,6,0,0,0,10,4,6,6,4,2,10,4,6,10,4,6,4,0,4,4,0,4,2,0,2,0,0,0,0,0,0,7,7,5,1,1,0,0,0,0,2,2,0,0,4,0,3,0
52354158,0,,,65,30,35,4,3,1,60,26,34,28,10,18,60,26,34,58,26,32,32,16,16,18,9,9,5,2,3,0,0,0,0,0,0,22,22,3,9,2,5,2,0,1,19,12,7,1,20,0,2,9
52354159,0,,,19,8,11,0,0,0,19,8,11,9,3,6,18,8,10,18,8,10,10,5,5,6,2,4,2,0,2,0,0,0,0,0,0,7,7,0,4,1,2,0,0,0,7,4,3,0,7,0,0,4
52354163,0,,,144,69,75,18,8,10,123,59,64,68,34,34,118,57,61,115,56,59,55,25,30,27,12,15,13,4,9,2,0,2,0,0,0,47,47,8,10,10,12,5,1,1,38,27,11,5,31,0,6,7
52354164,0,,,795,360,435,81,42,39,639,284,355,441,196,245,627,277,350,618,273,345,198,88,110,94,38,56,30,10,20,4,1,3,90,14,76,439,439,233,114,49,31,9,3,0,189,168,21,36,132,76,39,45
52354166,0,,,20,7,13,0,0,0,20,7,13,8,3,5,20,7,13,20,7,13,12,4,8,8,2,6,6,2,4,0,0,0,0,0,0,8,8,2,2,2,2,0,0,0,6,4,2,0,8,0,2,1
52354167,0,,,194,100,94,19,14,5,175,86,89,93,47,46,174,86,88,172,86,86,82,39,43,44,20,24,21,9,12,2,0,2,1,0,1,68,68,8,24,20,9,3,2,2,60,40,20,3,50,0,5,14
52354168,0,,,90,41,49,5,3,2,84,37,47,33,13,20,83,37,46,82,37,45,51,24,27,25,7,18,8,3,5,0,0,0,0,0,0,38,38,8,17,6,5,2,0,0,29,22,7,1,32,0,6,13
52354169,0,,,35,19,16,2,1,1,33,18,15,22,13,9,29,16,13,28,15,13,11,5,6,6,3,3,3,1,2,0,0,0,0,0,0,13,13,2,3,6,1,1,0,0,11,10,1,0,7,0,0,2
52354170,0,,,61,31,30,14,7,7,46,23,23,23,12,11,46,23,23,45,22,23,23,11,12,9,4,5,4,1,3,1,0,1,1,0,1,22,22,7,7,2,3,0,0,3,15,11,4,5,15,0,5,4
52354171,0,,,229,83,146,17,8,9,195,66,129,72,36,36,193,65,128,191,63,128,123,30,93,93,16,77,67,5,62,13,0,13,1,0,1,59,57,9,18,18,8,1,2,1,41,35,6,3,35,0,8,9
52354172,0,,,610,298,312,75,44,31,507,240,267,326,157,169,491,233,258,482,229,253,181,83,98,77,30,47,23,10,13,2,0,2,2,1,1,231,231,46,85,37,41,16,4,2,176,147,29,17,122,1,28,37
52354173,0,,,2186,1020,1166,260,131,129,1831,841,990,1155,530,625,1772,814,958,1746,805,941,676,311,365,277,115,162,74,20,54,6,0,6,14,5,9,832,829,162,325,156,117,42,20,7,638,559,79,69,411,12,84,159
52354174,0,,,2034,1030,1004,429,227,202,1520,753,767,1270,638,632,1464,721,743,1440,707,733,250,115,135,110,49,61,28,8,20,5,1,4,39,24,15,870,870,325,197,147,140,53,7,1,529,491,38,142,165,72,46,54
52354175,0,,,727,364,363,120,65,55,590,288,302,417,211,206,572,277,295,565,272,293,173,77,96,86,35,51,28,10,18,2,1,1,3,1,2,304,304,95,87,59,39,19,5,0,204,179,25,40,110,14,24,34
52354176,0,,,86,50,36,6,2,4,80,48,32,53,36,17,75,45,30,74,45,29,27,12,15,15,7,8,5,4,1,0,0,0,12,11,1,43,43,22,8,6,5,2,0,0,21,16,5,1,16,8,2,4
52354177,0,,,1226,593,633,215,109,106,998,476,522,777,378,399,950,454,496,916,437,479,221,98,123,104,39,65,35,12,23,2,1,1,11,3,8,448,448,95,116,107,83,37,9,1,351,310,41,51,141,11,23,39
52354178,0,,,197,90,107,22,12,10,174,78,96,108,47,61,170,76,94,166,75,91,66,31,35,27,9,18,7,1,6,0,0,0,3,1,2,79,79,14,33,17,10,4,1,0,65,57,8,5,45,0,6,15
52354179,0,,,155,76,79,23,14,9,131,62,69,87,43,44,131,62,69,128,61,67,44,19,25,31,13,18,10,5,5,0,0,0,5,2,3,57,57,12,17,13,7,6,2,0,45,35,10,4,32,0,8,7
52354182,0,,,136,61,75,16,7,9,120,54,66,71,35,36,117,51,66,115,51,64,49,19,30,26,7,19,8,1,7,2,0,2,0,0,0,52,52,12,15,10,11,4,0,0,40,30,10,1,34,0,10,9
52354183,0,,,1610,773,837,191,105,86,1327,626,701,783,370,413,1285,609,676,1265,596,669,544,256,288,233,103,130,70,23,47,9,1,8,17,9,8,593,590,82,249,112,90,40,13,4,482,425,57,44,330,1,50,146
52354184,0,,,570,284,286,129,69,60,429,207,222,319,157,162,419,202,217,418,201,217,110,50,60,50,20,30,15,7,8,1,0,1,0,0,0,206,206,39,61,37,50,16,3,0,164,144,20,45,75,6,14,27
52354185,0,,,827,364,463,84,42,42,733,315,418,416,200,216,712,304,408,696,292,404,317,115,202,228,70,158,134,34,100,28,5,23,38,15,23,271,269,78,77,46,47,17,2,2,189,156,33,33,103,11,21,30
52354186,0,,,841,427,414,116,62,54,706,353,353,486,251,235,678,338,340,665,329,336,220,102,118,121,50,71,46,21,25,2,1,1,29,11,18,357,357,106,124,60,38,21,6,2,242,219,23,29,153,6,42,53
52354187,0,,,1694,824,870,172,96,76,1494,712,782,948,466,482,1447,690,757,1429,676,753,546,246,300,274,99,175,117,35,82,9,1,8,28,0,28,772,771,291,228,127,82,32,8,3,475,409,66,45,368,40,132,102
52354188,0,,,1467,675,792,150,66,84,1296,600,696,772,381,391,1259,578,681,1239,570,669,524,219,305,301,103,198,106,34,72,10,1,9,22,6,16,667,666,249,202,110,61,33,7,4,409,354,55,48,381,20,151,87
52354189,0,,,300,147,153,32,15,17,268,132,136,158,79,79,253,123,130,249,120,129,110,53,57,55,19,36,19,6,13,1,0,1,2,2,0,113,113,24,37,24,15,11,0,2,88,70,18,7,75,0,18,22
52354192,0,,,197,101,96,20,13,7,177,88,89,99,56,43,171,83,88,166,80,86,78,32,46,46,17,29,19,4,15,1,0,1,0,0,0,77,77,21,22,16,10,6,0,2,56,43,13,3,53,0,18,12
52354193,0,,,411,224,187,41,24,17,343,184,159,211,118,93,337,182,155,335,181,154,132,66,66,61,29,32,16,8,8,2,1,1,11,8,3,132,130,35,46,20,18,6,4,1,87,73,14,11,70,3,18,21
52354194,0,,,271,123,148,32,12,20,222,101,121,134,65,69,217,97,120,214,96,118,88,36,52,49,15,34,22,5,17,1,0,1,1,1,0,89,88,13,24,22,14,11,4,0,68,45,23,11,51,0,10,9
52354195,0,,,220,112,108,19,12,7,199,99,100,117,62,55,197,97,100,192,93,99,82,37,45,38,18,20,13,3,10,3,1,2,5,2,3,90,90,13,41,21,13,2,0,0,76,65,11,6,51,0,8,20
52354196,0,,,1850,871,979,187,92,95,1630,762,868,1053,514,539,1581,738,843,1535,716,819,577,248,329,322,124,198,115,43,72,14,4,10,25,11,14,776,773,242,244,131,117,21,14,4,519,458,61,35,368,15,109,106
52354197,0,,,1881,835,1046,210,99,111,1622,709,913,915,434,481,1572,680,892,1543,665,878,707,275,432,433,148,285,191,58,133,19,2,17,21,8,13,830,828,335,234,116,95,34,7,7,486,418,68,52,431,40,151,122
52354198,0,,,305,156,149,29,15,14,270,139,131,149,83,66,262,134,128,259,133,126,121,56,65,47,23,24,13,5,8,2,1,1,1,0,1,121,121,29,40,26,17,6,2,1,91,80,11,6,80,2,17,23
52354199,0,,,84,41,43,16,10,6,67,30,37,40,18,22,67,30,37,67,30,37,27,12,15,10,4,6,6,2,4,1,0,1,0,0,0,29,29,8,6,5,3,6,0,1,21,14,7,4,19,0,6,2
52354200,2,52354222,,4,3,1,*,*,*,*,*,*,*,*,*,*,*,*,*,*,*,*,*,*,*,*,*,*,*,*,*,*,*,*,*,*,2,2,*,*,*,*,*,*,*,*,*,*,*,*,*,*,*
52354203,0,,,47,22,25,5,1,4,42,21,21,16,8,8,42,21,21,42,21,21,26,13,13,9,3,6,3,1,2,0,0,0,0,0,0,21,21,3,14,2,1,0,1,0,18,15,3,1,16,0,2,10
52354204,0,,,74,41,33,8,6,2,66,35,31,34,21,13,63,33,30,63,33,30,32,14,18,23,9,14,9,3,6,1,0,1,0,0,0,26,26,4,8,9,1,1,3,0,21,16,5,0,20,0,3,4
52354206,1,,52354215,37,17,20,0,0,0,39,19,20,19,9,10,39,19,20,39,19,20,20,10,10,10,4,6,1,0,1,0,0,0,0,0,0,16,16,6,7,3,1,0,1,0,12,9,3,0,12,0,2,4
52354209,0,,,12,5,7,0,0,0,12,5,7,9,4,5,12,5,7,12,5,7,3,1,2,1,0,1,0,0,0,0,0,0,0,0,0,6,6,1,4,1,0,0,0,0,4,4,0,0,2,0,1,1
52354211,2,52354222,,1,0,1,*,*,*,*,*,*,*,*,*,*,*,*,*,*,*,*,*,*,*,*,*,*,*,*,*,*,*,*,*,*,1,1,*,*,*,*,*,*,*,*,*,*,*,*,*,*,*
52354215,2,52354206,,2,2,0,*,*,*,*,*,*,*,*,*,*,*,*,*,*,*,*,*,*,*,*,*,*,*,*,*,*,*,*,*,*,2,2,*,*,*,*,*,*,*,*,*,*,*,*,*,*,*
52354216,1,,52354226,11,6,5,0,0,0,14,8,6,2,1,1,14,8,6,14,8,6,12,7,5,5,4,1,2,2,0,0,0,0,0,0,0,6,6,2,6,0,0,0,0,0,5,5,0,0,7,0,2,4
52354220,2,52354221,,5,3,2,*,*,*,*,*,*,*,*,*,*,*,*,*,*,*,*,*,*,*,*,*,*,*,*,*,*,*,*,*,*,1,1,*,*,*,*,*,*,*,*,*,*,*,*,*,*,*
52354221,1,,52354220,16,10,6,2,2,0,19,11,8,10,7,3,18,10,8,17,10,7,9,4,5,5,2,3,1,0,1,0,0,0,0,0,0,7,7,3,0,3,1,1,0,0,5,4,1,1,5,0,2,0
52354222,1,,52354200;52354211,74,37,37,7,5,2,72,35,37,35,16,19,72,35,37,71,35,36,37,19,18,18,8,10,7,3,4,1,0,1,0,0,0,27,27,7,10,5,5,1,2,0,22,17,5,2,23,0,5,7
52354223,0,,,56,28,28,0,0,0,55,27,28,22,11,11,55,27,28,55,27,28,33,16,17,20,8,12,12,5,7,0,0,0,0,0,0,26,26,6,14,4,1,0,1,0,20,16,4,0,23,0,4,7
52354224,0,,,17,10,7,3,1,2,13,8,5,9,6,3,13,8,5,13,8,5,4,2,2,2,1,1,1,1,0,0,0,0,0,0,0,6,6,2,1,0,2,1,0,0,4,3,1,1,2,0,0,0
52354226,2,52354216,,3,2,1,*,*,*,*,*,*,*,*,*,*,*,*,*,*,*,*,*,*,*,*,*,*,*,*,*,*,*,*,*,*,2,2,*,*,*,*,*,*,*,*,*,*,*,*,*,*,*
52354227,0,,,12,5,7,2,1,1,10,4,6,5,2,3,10,4,6,10,4,6,5,2,3,3,1,2,3,1,2,0,0,0,0,0,0,4,4,0,1,2,1,0,0,0,4,3,1,0,2,0,0,1
52354233,0,,,89,40,49,8,3,5,80,36,44,45,21,24,79,36,43,78,36,42,35,15,20,23,9,14,9,4,5,0,0,0,0,0,0,34,34,8,12,7,3,1,2,1,26,19,7,5,22,0,5,9
52354234,0,,,82,37,45,8,5,3,74,32,42,40,20,20,71,31,40,70,31,39,34,12,22,21,6,15,12,2,10,0,0,0,0,0,0,30,30,8,7,7,5,1,0,2,22,15,7,0,23,0,8,3
52354236,0,,,17,9,8,0,0,0,17,9,8,5,3,2,17,9,8,17,9,8,12,6,6,9,5,4,4,1,3,0,0,0,0,0,0,10,10,7,1,1,0,1,0,0,3,1,2,0,10,0,7,1
52354239,2,52354248,,5,3,2,*,*,*,*,*,*,*,*,*,*,*,*,*,*,*,*,*,*,*,*,*,*,*,*,*,*,*,*,*,*,2,2,*,*,*,*,*,*,*,*,*,*,*,*,*,*,*
52354241,0,,,68,32,36,3,1,2,65,31,34,27,13,14,65,31,34,65,31,34,38,18,20,21,10,11,6,4,2,0,0,0,0,0,0,28,28,6,14,3,3,1,0,1,22,18,4,2,23,0,4,9
52354248,1,,52354239;52354249,100,45,55,6,3,3,100,45,55,43,20,23,98,44,54,96,43,53,57,25,32,27,12,15,13,4,9,0,0,0,1,1,0,42,42,11,19,8,3,3,1,0,33,24,9,1,36,0,9,11
52354249,2,52354248,,1,0,1,*,*,*,*,*,*,*,*,*,*,*,*,*,*,*,*,*,*,*,*,*,*,*,*,*,*,*,*,*,*,1,1,*,*,*,*,*,*,*,*,*,*,*,*,*,*,*
52354251,0,,,39,16,23,4,0,4,35,16,19,25,11,14,32,15,17,32,15,17,10,5,5,7,3,4,2,0,2,0,0,0,0,0,0,16,16,6,3,3,2,2,0,0,10,8,2,1,9,0,5,2
52354252,0,,,19,9,10,3,1,2,16,8,8,8,5,3,15,7,8,15,7,8,8,3,5,4,1,3,2,1,1,0,0,0,0,0,0,8,8,4,1,1,1,0,1,0,4,3,1,1,6,0,4,1
52354253,0,,,11,5,6,1,0,1,10,5,5,6,3,3,9,4,5,9,4,5,4,2,2,3,1,2,0,0,0,0,0,0,0,0,0,4,4,2,0,1,0,0,1,0,2,1,1,0,3,0,2,0
52354256,0,,,11,6,5,0,0,0,11,6,5,5,2,3,11,6,5,11,6,5,6,4,2,1,1,0,1,1,0,1,1,0,0,0,0,6,6,3,2,0,1,0,0,0,3,2,1,0,5,0,2,1
52354260,1,,52354270,79,38,41,10,6,4,74,36,38,43,21,22,72,35,37,70,35,35,31,15,16,12,6,6,5,3,2,0,0,0,0,0,0,28,28,9,11,6,7,1,1,0,25,21,4,1,20,0,3,8
52354261,0,,,29,15,14,3,1,2,26,14,12,20,11,9,26,14,12,24,14,10,6,3,3,2,2,0,1,1,0,0,0,0,0,0,0,10,10,1,3,3,2,1,0,0,8,7,1,1,5,0,1,0
52354262,1,,52354263,120,66,54,11,6,5,116,62,54,57,33,24,112,60,52,111,60,51,59,29,30,38,19,19,18,10,8,2,0,2,0,0,0,40,40,4,16,9,5,5,2,1,38,27,11,1,36,0,4,10
52354263,2,52354262,,7,2,5,*,*,*,*,*,*,*,*,*,*,*,*,*,*,*,*,*,*,*,*,*,*,*,*,*,*,*,*,*,*,2,2,*,*,*,*,*,*,*,*,*,*,*,*,*,*,*
52354270,2,52354260,,9,6,3,*,*,*,*,*,*,*,*,*,*,*,*,*,*,*,*,*,*,*,*,*,*,*,*,*,*,*,*,*,*,7,7,*,*,*,*,*,*,*,*,*,*,*,*,*,*,*
52354271,0,,,117,55,62,6,4,2,111,51,60,60,31,29,110,50,60,109,50,59,51,20,31,22,8,14,8,2,6,1,0,1,0,0,0,52,52,16,17,12,5,1,1,0,36,29,7,4,35,1,11,7
52354272,0,,,201,102,99,10,5,5,191,97,94,109,58,51,189,96,93,186,96,90,82,39,43,43,16,27,11,4,7,1,0,1,0,0,0,80,80,23,25,15,7,7,1,2,57,42,15,4,54,1,13,14
52354273,0,,,58,31,27,9,5,4,49,26,23,30,19,11,49,26,23,49,26,23,19,7,12,12,4,8,4,0,4,0,0,0,0,0,0,23,23,4,9,6,2,2,0,0,19,16,3,2,12,0,3,3
52354276,2,52354287,,2,1,1,*,*,*,*,*,*,*,*,*,*,*,*,*,*,*,*,*,*,*,*,*,*,*,*,*,*,*,*,*,*,1,1,*,*,*,*,*,*,*,*,*,*,*,*,*,*,*
52354277,2,52354287,,86,21,65,*,*,*,*,*,*,*,*,*,*,*,*,*,*,*,*,*,*,*,*,*,*,*,*,*,*,*,*,*,*,5,3,*,*,*,*,*,*,*,*,*,*,*,*,*,*,*
52354280,0,,,205,108,97,22,11,11,182,96,86,92,51,41,177,94,83,176,93,83,90,45,45,42,21,21,10,6,4,0,0,0,0,0,0,74,74,14,27,12,12,4,3,2,60,43,17,5,56,1,9,19
52354281,0,,,241,116,125,22,10,12,219,106,113,116,61,55,218,105,113,218,105,113,103,45,58,57,24,33,24,11,13,2,0,2,1,1,0,96,96,24,36,14,13,5,2,2,72,53,19,6,67,0,13,21
52354282,0,,,328,159,169,42,22,20,285,136,149,171,86,85,277,129,148,275,129,146,114,50,64,52,22,30,17,5,12,0,0,0,27,12,15,154,154,62,44,26,16,3,1,2,91,78,13,12,78,11,25,22
52354283,0,,,276,120,156,24,14,10,251,106,145,114,52,62,244,101,143,241,101,140,137,54,83,81,28,53,44,14,30,4,0,4,0,0,0,100,99,25,27,20,16,5,3,3,73,43,30,8,78,0,22,15
52354284,0,,,184,81,103,21,9,12,163,72,91,71,33,38,158,70,88,158,70,88,92,39,53,46,19,27,18,8,10,1,0,1,1,0,1,69,69,15,23,18,6,1,2,4,54,39,15,3,59,1,12,15
52354285,0,,,21,13,8,0,0,0,21,13,8,7,5,2,21,13,8,21,13,8,14,8,6,2,1,1,1,0,1,0,0,0,0,0,0,10,10,4,3,1,2,0,0,0,6,5,1,0,8,0,2,3
52354286,0,,,78,38,40,4,2,2,74,36,38,34,14,20,72,35,37,72,35,37,40,22,18,20,10,10,10,4,6,0,0,0,0,0,0,34,34,8,13,8,5,0,0,0,26,21,5,0,27,0,6,10
52354287,1,,52354276;52354277,357,162,195,29,18,11,408,160,248,163,81,82,397,156,241,390,154,236,245,79,166,184,53,131,111,25,86,15,1,14,0,0,0,159,158,59,53,28,12,7,2,1,101,85,16,7,107,3,45,30
52354288,0,,,138,62,76,9,1,8,123,59,64,59,33,26,122,58,64,120,57,63,64,26,38,43,14,29,13,2,11,1,0,1,0,0,0,65,65,24,22,10,5,4,0,0,39,30,9,1,44,2,16,13
52354289,1,,52354299,142,71,71,7,3,4,133,67,66,58,30,28,131,66,65,130,65,65,75,37,38,35,17,18,11,4,7,1,0,1,0,0,0,54,54,11,23,11,5,1,4,1,44,30,14,1,45,0,7,16
52354290,0,,,169,81,88,7,2,5,162,79,83,83,42,41,158,77,81,157,77,80,79,37,42,43,19,24,18,7,11,0,0,0,2,0,2,60,60,13,18,12,7,7,2,1,47,28,19,3,50,0,9,11
52354291,0,,,79,35,44,3,0,3,76,35,41,39,19,20,75,34,41,75,34,41,37,16,21,21,7,14,7,2,5,0,0,0,1,1,0,35,35,13,11,5,3,2,0,1,22,16,6,1,24,0,9,6
52354292,0,,,83,29,54,17,5,12,66,24,42,38,15,23,66,24,42,66,24,42,28,9,19,16,3,13,12,2,10,1,0,1,8,0,8,34,34,13,7,5,6,2,0,1,21,15,6,6,17,0,3,4
52354293,0,,,69,36,33,3,3,0,66,33,33,38,23,15,65,33,32,63,31,32,28,10,18,17,7,10,5,2,3,0,0,0,1,0,1,23,23,5,6,3,4,3,2,0,18,10,8,1,20,0,5,3
52354294,0,,,45,19,26,6,4,2,39,15,24,17,6,11,38,15,23,38,15,23,22,9,13,11,3,8,5,1,4,0,0,0,0,0,0,18,18,4,7,3,2,2,0,0,14,12,2,2,15,0,4,5
52354295,0,,,113,55,58,7,4,3,94,44,50,40,22,18,93,44,49,93,44,49,54,22,32,25,10,15,12,2,10,2,1,1,0,0,0,44,44,7,17,12,5,2,1,0,34,25,9,3,31,0,4,10
52354296,0,,,140,68,72,9,2,7,130,65,65,61,34,27,130,65,65,129,64,65,69,31,38,42,16,26,16,7,9,0,0,0,0,0,0,58,58,17,21,8,8,2,1,1,41,30,11,2,44,2,12,8
52354297,0,,,11,5,6,0,0,0,11,5,6,3,1,2,11,5,6,11,5,6,8,4,4,1,0,1,1,0,1,0,0,0,0,0,0,6,6,2,3,1,0,0,0,0,4,4,0,0,5,0,2,2
52354298,0,,,17,10,7,0,0,0,17,10,7,11,7,4,17,10,7,17,10,7,6,3,3,5,2,3,2,1,1,0,0,0,0,0,0,11,11,8,2,0,0,1,0,0,3,2,1,0,4,3,1,1
52354299,2,52354289,,4,2,2,*,*,*,*,*,*,*,*,*,*,*,*,*,*,*,*,*,*,*,*,*,*,*,*,*,*,*,*,*,*,2,2,*,*,*,*,*,*,*,*,*,*,*,*,*,*,*
52354303,0,,,8,4,4,0,0,0,8,4,4,2,1,1,8,4,4,8,4,4,6,3,3,0,0,0,0,0,0,0,0,0,2,0,2,4,4,1,2,1,0,0,0,0,3,3,0,0,4,0,1,2
52354304,0,,,180,99,81,10,5,5,163,88,75,97,55,42,160,86,74,159,86,73,66,33,33,26,13,13,3,0,3,1,0,1,1,0,1,98,98,42,40,9,4,3,0,0,55,52,3,3,41,2,7,19
52354307,0,,,30,17,13,1,1,0,29,16,13,18,12,6,27,14,13,27,14,13,11,4,7,2,0,2,2,0,2,1,0,1,0,0,0,14,14,5,4,4,0,1,0,0,9,7,2,0,6,0,0,2
52354308,0,,,238,119,119,15,8,7,222,111,111,128,66,62,215,108,107,211,108,103,94,45,49,50,22,28,13,5,8,2,1,1,1,0,1,87,86,23,27,16,7,6,4,3,63,50,13,4,56,0,17,13
52354313,0,,,157,78,79,7,2,5,150,76,74,70,34,36,147,74,73,147,74,73,80,42,38,27,14,13,5,2,3,1,0,1,1,1,0,77,77,20,41,11,3,2,0,0,56,51,5,2,51,0,12,21
52354314,0,,,686,337,349,47,19,28,631,315,316,357,179,178,622,309,313,614,306,308,274,136,138,107,50,57,29,10,19,1,0,1,4,0,4,315,315,91,135,54,22,7,3,3,220,197,23,7,185,0,48,72
52354315,0,,,60,31,29,1,1,0,59,30,29,33,17,16,58,30,28,57,30,27,26,13,13,13,5,8,6,1,5,0,0,0,0,0,0,28,28,8,12,5,2,1,0,0,20,16,4,0,17,0,5,5
52354316,0,,,53,27,26,0,0,0,53,27,26,22,10,12,53,27,26,53,27,26,31,17,14,18,9,9,10,6,4,3,1,2,0,0,0,24,24,5,11,6,2,0,0,0,19,17,2,0,23,0,5,6
52354317,2,52354318,,8,6,2,*,*,*,*,*,*,*,*,*,*,*,*,*,*,*,*,*,*,*,*,*,*,*,*,*,*,*,*,*,*,3,3,*,*,*,*,*,*,*,*,*,*,*,*,*,*,*
52354318,1,,52354317,271,135,136,21,10,11,256,130,126,140,76,64,249,127,122,243,123,120,116,54,62,59,27,32,14,6,8,1,0,1,0,0,0,100,100,16,36,25,17,6,3,0,86,69,17,5,71,0,9,19
52354319,0,,,15,7,8,0,0,0,15,7,8,5,3,2,15,7,8,15,7,8,10,4,6,6,2,4,1,0,1,0,0,0,0,0,0,11,11,7,4,0,0,0,0,0,3,3,0,0,8,0,4,2
52354320,0,,,26,11,15,3,1,2,23,10,13,18,8,10,23,10,13,22,10,12,5,2,3,4,1,3,2,1,1,1,1,0,0,0,0,13,13,6,3,3,0,1,0,0,7,5,2,1,5,0,2,0
52354321,0,,,93,47,46,6,4,2,84,40,44,58,27,31,84,40,44,83,39,44,26,13,13,8,2,6,4,1,3,0,0,0,0,0,0,40,40,6,23,5,5,0,1,0,32,28,4,3,18,0,1,9
52354322,0,,,148,76,72,4,2,2,143,73,70,84,44,40,140,72,68,137,70,67,59,29,30,26,11,15,11,4,7,1,0,1,4,1,3,68,68,19,28,12,8,1,0,0,49,40,9,2,39,0,12,13
52354323,0,,,263,131,132,9,7,2,252,122,130,145,70,75,247,120,127,241,115,126,107,52,55,36,18,18,8,3,5,0,0,0,2,0,2,128,128,36,62,21,7,1,0,1,91,86,5,2,77,1,23,27
52354324,0,,,205,94,111,3,3,0,198,89,109,111,48,63,194,88,106,193,87,106,87,41,46,27,8,19,8,0,8,0,0,0,5,3,2,98,98,25,45,22,6,0,0,0,69,63,6,2,60,0,15,22
52354328,0,,,136,70,66,1,0,1,135,70,65,64,38,26,133,68,65,130,66,64,71,32,39,37,15,22,12,4,8,0,0,0,0,0,0,61,61,14,27,15,4,0,0,1,47,37,10,0,48,0,12,12
52354329,0,,,593,270,323,56,32,24,533,237,296,280,146,134,522,232,290,506,223,283,253,91,162,157,45,112,80,17,63,15,1,14,4,2,2,185,183,31,73,33,29,11,6,0,149,134,15,14,95,0,17,37
52354330,0,,,12,5,7,0,0,0,12,5,7,7,2,5,12,5,7,12,5,7,5,3,2,0,0,0,0,0,0,0,0,0,0,0,0,5,5,0,3,2,0,0,0,0,5,5,0,0,3,0,0,1
52354333,1,,52354343,61,28,33,5,1,4,64,30,34,27,13,14,63,30,33,61,29,32,37,17,20,17,10,7,6,2,4,0,0,0,3,1,2,28,28,30,11,3,4,1,0,0,18,13,5,1,21,5,5,8
52354334,0,,,8,4,4,0,0,0,0,0,0,0,0,0,0,0,0,0,0,0,0,0,0,0,0,0,0,0,0,0,0,0,0,0,0,8,8,8,0,0,0,0,0,0,0,0,0,0,0,0,0,0
52354338,0,,,101,49,52,8,6,2,91,42,49,58,29,29,88,40,48,83,38,45,33,13,20,19,6,13,12,4,8,1,0,1,0,0,0,40,40,12,14,5,3,3,2,1,28,20,8,3,24,0,7,6
52354339,0,,,112,56,56,5,4,1,106,52,54,47,25,22,105,52,53,104,52,52,59,27,32,36,16,20,10,3,7,1,0,1,0,0,0,49,48,11,25,7,2,1,2,0,37,32,5,1,38,0,9,15
52354343,2,52354333,,21,9,12,*,*,*,*,*,*,*,*,*,*,*,*,*,*,*,*,*,*,*,*,*,*,*,*,*,*,*,*,*,*,21,21,*,*,*,*,*,*,*,*,*,*,*,*,*,*,*
52354347,2,52354348,,5,2,3,*,*,*,*,*,*,*,*,*,*,*,*,*,*,*,*,*,*,*,*,*,*,*,*,*,*,*,*,*,*,1,1,*,*,*,*,*,*,*,*,*,*,*,*,*,*,*
52354348,1,,52354347,247,125,122,17,8,9,235,119,116,122,62,60,231,116,115,228,114,114,113,57,56,58,26,32,20,8,12,1,0,1,1,1,0,101,101,21,41,23,8,6,3,0,79,63,16,4,73,0,12,24
52354349,0,,,39,20,19,3,2,1,36,18,18,20,10,10,35,18,17,34,17,17,16,8,8,10,5,5,5,3,2,1,1,0,0,0,0,12,12,1,5,2,1,1,1,1,11,7,4,0,11,0,1,1
52354352,1,,52354353;52354363,34,16,18,1,0,1,34,17,17,14,6,8,34,17,17,34,17,17,20,11,9,8,3,5,4,2,2,0,0,0,0,0,0,18,17,11,3,2,3,0,0,0,8,5,3,0,15,0,9,2
52354353,2,52354352,,1,1,0,*,*,*,*,*,*,*,*,*,*,*,*,*,*,*,*,*,*,*,*,*,*,*,*,*,*,*,*,*,*,1,1,*,*,*,*,*,*,*,*,*,*,*,*,*,*,*
52354357,0,,,163,72,91,11,6,5,152,66,86,81,40,41,148,65,83,145,63,82,71,26,45,36,10,26,14,3,11,1,0,1,1,1,0,65,65,18,19,13,10,4,0,1,47,34,13,1,47,0,15,14
52354358,0,,,42,20,22,5,2,3,37,18,19,22,11,11,37,18,19,37,18,19,15,7,8,7,2,5,5,1,4,0,0,0,0,0,0,16,16,5,5,1,2,2,1,0,11,7,4,2,12,0,3,4
52354359,0,,,43,18,25,4,2,2,39,16,23,24,9,15,38,16,22,37,16,21,15,7,8,12,5,7,7,3,4,0,0,0,0,0,0,13,13,1,4,3,3,1,0,1,12,7,5,1,10,0,1,3
52354361,0,,,22,11,11,3,1,2,19,10,9,8,4,4,19,10,9,19,10,9,11,6,5,5,2,3,5,2,3,0,0,0,3,1,2,11,11,5,2,3,1,0,0,0,6,6,0,2,8,0,5,1
52354362,0,,,22,11,11,0,0,0,22,11,11,9,6,3,22,11,11,22,11,11,13,5,8,4,1,3,3,1,2,0,0,0,0,0,0,12,12,4,6,2,0,0,0,0,8,8,0,0,8,0,1,4
52354363,2,52354352,,1,1,0,*,*,*,*,*,*,*,*,*,*,*,*,*,*,*,*,*,*,*,*,*,*,*,*,*,*,*,*,*,*,1,1,*,*,*,*,*,*,*,*,*,*,*,*,*,*,*
52354365,0,,,69,35,34,2,2,0,67,33,34,32,15,17,66,33,33,66,33,33,35,18,17,16,6,10,4,3,1,0,0,0,0,0,0,31,31,7,15,5,3,1,0,0,24,21,3,0,22,0,4,9
52354366,0,,,232,177,55,4,1,3,228,176,52,193,160,33,112,61,51,92,44,48,35,16,19,19,8,11,7,6,1,1,1,0,1,1,0,33,31,7,7,6,2,2,3,4,24,13,11,0,24,0,5,2
52354367,0,,,174,77,97,24,10,14,150,67,83,93,44,49,144,65,79,141,64,77,57,23,34,16,5,11,6,1,5,1,0,1,1,0,1,58,58,9,19,12,7,6,3,2,48,41,7,8,37,0,9,9
52354368,0,,,107,52,55,11,6,5,96,46,50,53,29,24,93,43,50,92,42,50,43,17,26,20,9,11,2,1,1,0,0,0,0,0,0,43,43,11,15,8,4,4,1,0,31,26,5,2,29,0,8,9
52354369,0,,,12,8,4,1,1,0,11,7,4,9,5,4,11,7,4,11,7,4,2,2,0,0,0,0,0,0,0,0,0,0,1,1,0,4,4,1,0,2,0,1,0,0,3,2,1,0,2,1,0,0
52354372,2,52354382,,1,0,1,*,*,*,*,*,*,*,*,*,*,*,*,*,*,*,*,*,*,*,*,*,*,*,*,*,*,*,*,*,*,1,1,*,*,*,*,*,*,*,*,*,*,*,*,*,*,*
52354373,0,,,23,10,13,0,0,0,23,10,13,11,4,7,23,10,13,23,10,13,12,6,6,6,2,4,3,1,2,0,0,0,1,1,0,10,10,4,3,2,0,0,0,1,6,4,2,0,8,0,3,2
52354374,1,,52354384,234,117,117,10,3,7,229,117,112,143,77,66,227,117,110,223,115,108,86,40,46,40,19,21,16,6,10,0,0,0,1,1,0,53,47,7,11,21,5,3,1,2,42,28,14,3,42,1,5,6
52354375,0,,,92,48,44,14,8,6,78,40,38,51,25,26,76,38,38,74,36,38,27,15,12,11,5,6,3,0,3,0,0,0,0,0,0,32,32,4,14,5,2,5,2,0,28,24,4,5,19,0,4,8
52354376,0,,,68,35,33,10,7,3,58,28,30,32,17,15,56,27,29,53,25,28,26,11,15,14,5,9,5,1,4,0,0,0,1,0,1,18,18,1,2,6,4,1,4,0,17,9,8,2,13,0,0,2
52354377,0,,,34,18,16,7,6,1,27,12,15,18,8,10,27,12,15,27,12,15,9,4,5,4,2,2,0,0,0,0,0,0,0,0,0,8,8,0,2,2,0,2,0,2,8,3,5,2,7,0,0,1
52354378,1,,52354379,101,44,57,4,1,3,99,45,54,44,20,24,99,45,54,97,45,52,55,25,30,26,11,15,9,5,4,0,0,0,0,0,0,48,48,14,23,8,2,1,0,1,34,28,6,0,35,0,10,15
52354379,2,52354378,,3,2,1,*,*,*,*,*,*,*,*,*,*,*,*,*,*,*,*,*,*,*,*,*,*,*,*,*,*,*,*,*,*,1,1,*,*,*,*,*,*,*,*,*,*,*,*,*,*,*
52354380,2,52354390,,3,1,2,*,*,*,*,*,*,*,*,*,*,*,*,*,*,*,*,*,*,*,*,*,*,*,*,*,*,*,*,*,*,2,2,*,*,*,*,*,*,*,*,*,*,*,*,*,*,*
52354381,0,,,24,12,12,0,0,0,24,12,12,12,7,5,23,11,12,22,11,11,12,5,7,7,2,5,3,0,3,2,0,2,0,0,0,10,10,4,0,4,2,0,0,0,6,4,2,0,8,0,3,0
52354382,1,,52354372,91,49,42,1,1,0,90,47,43,46,26,20,86,45,41,85,44,41,44,21,23,24,8,16,13,3,10,2,1,1,0,0,0,36,36,16,6,7,2,2,3,1,21,13,8,0,27,0,10,4
52354384,2,52354374,,5,3,2,*,*,*,*,*,*,*,*,*,*,*,*,*,*,*,*,*,*,*,*,*,*,*,*,*,*,*,*,*,*,3,3,*,*,*,*,*,*,*,*,*,*,*,*,*,*,*
52354385,0,,,39,19,20,3,1,2,36,18,18,12,7,5,35,18,17,35,18,17,24,11,13,14,6,8,5,2,3,0,0,0,0,0,0,20,20,7,9,2,2,0,0,0,13,11,2,1,17,0,6,6
52354387,0,,,50,25,25,2,0,2,48,25,23,24,13,11,47,25,22,47,25,22,24,12,12,13,7,6,5,2,3,0,0,0,0,0,0,20,20,5,7,4,2,1,1,0,15,10,5,0,14,0,2,4
52354390,1,,52354380,81,39,42,13,4,9,69,35,34,32,18,14,67,33,34,66,33,33,37,17,20,25,13,12,7,4,3,0,0,0,0,0,0,33,33,10,17,4,1,1,0,2,24,22,2,2,24,0,5,11
52354391,1,,52354393,49,27,22,9,4,5,48,27,21,22,13,9,48,27,21,48,27,21,26,14,12,7,3,4,2,0,2,0,0,0,0,0,0,20,20,4,8,8,2,1,0,0,19,16,3,3,16,0,2,5
52354393,2,52354391,,8,4,4,*,*,*,*,*,*,*,*,*,*,*,*,*,*,*,*,*,*,*,*,*,*,*,*,*,*,*,*,*,*,3,3,*,*,*,*,*,*,*,*,*,*,*,*,*,*,*
52354394,1,,52354395,19,8,11,1,1,0,22,9,13,8,3,5,22,9,13,22,9,13,14,6,8,5,2,3,3,1,2,0,0,0,0,0,0,8,8,1,7,1,0,1,0,0,9,7,2,0,7,0,1,4
52354395,2,52354394,,4,2,2,*,*,*,*,*,*,*,*,*,*,*,*,*,*,*,*,*,*,*,*,*,*,*,*,*,*,*,*,*,*,2,2,*,*,*,*,*,*,*,*,*,*,*,*,*,*,*
52354397,2,52354398,,2,1,1,*,*,*,*,*,*,*,*,*,*,*,*,*,*,*,*,*,*,*,*,*,*,*,*,*,*,*,*,*,*,2,2,*,*,*,*,*,*,*,*,*,*,*,*,*,*,*
52354398,1,,52354397,60,29,31,2,0,2,60,30,30,31,20,11,57,30,27,57,30,27,29,10,19,12,3,9,4,0,4,0,0,0,1,0,1,26,26,12,7,4,3,0,2,0,16,11,5,0,20,0,6,4
52354402,0,,,132,67,65,4,3,1,128,64,64,68,35,33,126,63,63,125,62,63,60,29,31,26,14,12,7,3,4,0,0,0,0,0,0,59,59,14,26,15,0,3,1,0,45,41,4,3,39,0,8,13
52354403,0,,,274,133,141,31,13,18,242,119,123,141,71,70,237,117,120,234,116,118,101,48,53,47,20,27,13,5,8,2,0,2,2,1,1,101,101,18,37,22,11,9,2,2,82,66,16,5,68,0,9,19
52354404,0,,,619,311,308,80,45,35,534,263,271,332,167,165,511,253,258,502,247,255,202,96,106,99,51,48,23,10,13,2,1,1,1,1,0,231,231,43,84,38,42,20,2,2,187,161,26,18,126,3,23,50
52354405,0,,,306,126,180,22,10,12,279,114,165,166,66,100,272,113,159,266,109,157,113,48,65,57,20,37,15,1,14,1,0,1,5,3,2,129,129,32,51,23,14,7,2,0,95,81,14,5,79,2,19,22
52354406,0,,,5541,2665,2876,757,397,360,4732,2241,2491,2976,1479,1497,4565,2170,2395,4456,2108,2348,1756,762,994,889,387,502,246,80,166,26,5,21,29,17,12,2205,2203,544,758,394,358,117,24,8,1642,1518,124,171,1102,54,275,410
52354407,0,,,5320,2558,2762,675,366,309,4553,2142,2411,2801,1350,1451,4423,2076,2347,4321,2024,2297,1752,792,960,864,366,498,219,75,144,25,3,22,38,25,13,2138,2135,546,747,394,328,96,16,8,1564,1422,142,187,1058,35,255,406
52354408,0,,,4492,2181,2311,616,332,284,3831,1828,2003,2584,1260,1324,3676,1752,1924,3577,1698,1879,1247,568,679,545,232,313,122,33,89,10,0,10,44,26,18,1720,1718,403,533,312,316,122,26,6,1297,1163,134,149,802,37,172,285
52354409,0,,,139,69,70,19,10,9,120,59,61,73,40,33,119,58,61,118,58,60,47,19,28,25,9,16,6,0,6,0,0,0,0,0,0,50,50,8,15,13,10,2,2,0,42,34,8,4,30,0,5,11
52354411,0,,,169,84,85,6,2,4,160,81,79,72,42,30,158,80,78,156,79,77,88,39,49,48,22,26,5,2,3,1,0,1,1,1,0,88,88,37,31,11,8,1,0,0,50,46,4,0,60,2,22,19
52354412,0,,,252,127,125,10,6,4,241,120,121,115,59,56,232,114,118,227,112,115,126,61,65,60,27,33,16,5,11,1,0,1,6,5,1,106,106,27,39,21,13,5,0,1,79,62,17,3,78,5,16,27
52354413,0,,,568,276,292,38,21,17,530,255,275,300,152,148,521,252,269,514,250,264,230,103,127,106,39,67,33,8,25,1,0,1,4,3,1,227,227,65,67,42,30,17,5,1,162,128,34,9,152,1,41,36
52354414,0,,,184,88,96,21,12,9,159,74,85,110,54,56,150,70,80,146,67,79,49,20,29,25,8,17,12,2,10,0,0,0,3,1,2,69,69,18,14,16,16,4,1,0,51,37,14,5,35,0,10,8
52354415,0,,,2231,1051,1180,300,155,145,1868,866,1002,1219,616,603,1824,840,984,1789,823,966,649,250,399,378,121,257,160,33,127,24,6,18,30,24,6,941,933,341,255,168,129,32,5,3,589,545,44,95,366,58,118,100
52354416,0,,,5334,2593,2741,649,329,320,4413,2129,2284,3012,1514,1498,4278,2051,2227,4154,1983,2171,1401,615,786,731,280,451,272,88,184,21,1,20,51,28,23,2460,2455,1084,571,366,307,90,27,10,1353,1213,140,175,891,226,268,265
52354417,0,,,2315,1103,1212,284,145,139,1986,937,1049,1315,647,668,1900,893,1007,1841,863,978,671,290,381,315,125,190,86,25,61,5,1,4,13,8,5,969,967,302,304,156,147,43,11,4,658,607,51,64,422,42,107,161
52354418,1,,52354419,2986,1407,1579,340,175,165,2623,1221,1402,1532,722,810,2531,1171,1360,2466,1143,1323,1091,499,592,471,226,245,96,29,67,12,3,9,12,5,7,1234,1234,293,491,207,178,44,16,9,938,857,81,94,674,24,140,294
52354419,2,52354418,,4,3,1,*,*,*,*,*,*,*,*,*,*,*,*,*,*,*,*,*,*,*,*,*,*,*,*,*,*,*,*,*,*,4,4,*,*,*,*,*,*,*,*,*,*,*,*,*,*,*
52354420,0,,,457,212,245,37,21,16,398,183,215,247,117,130,389,179,210,379,174,205,151,66,85,65,28,37,12,3,9,3,0,3,22,1,21,219,219,91,64,38,14,7,2,3,126,109,17,8,96,26,22,35
52354421,0,,,157,83,74,12,8,4,140,73,67,81,47,34,136,69,67,134,69,65,59,26,33,21,11,10,7,2,5,0,0,0,8,6,2,58,56,14,18,11,6,5,0,2,41,33,8,1,39,2,6,11
52354422,0,,,482,224,258,30,9,21,446,212,234,247,124,123,437,208,229,430,205,225,199,88,111,116,48,68,32,11,21,1,0,1,8,7,1,202,202,52,73,40,27,6,2,2,146,115,31,6,132,4,32,39
52354423,0,,,455,226,229,30,14,16,421,211,210,230,118,112,411,206,205,402,201,201,191,93,98,104,47,57,38,18,20,4,1,3,3,1,2,177,177,44,60,34,15,17,5,2,132,96,36,7,126,1,31,38
52354424,0,,,770,340,430,122,59,63,640,278,362,411,195,216,612,261,351,598,256,342,229,83,146,127,49,78,35,13,22,1,0,1,7,2,5,323,323,84,110,73,40,11,4,1,239,222,17,36,161,1,47,41
52354425,0,,,4990,2436,2554,590,329,261,4270,2048,2222,3034,1494,1540,4104,1953,2151,3990,1903,2087,1236,554,682,597,251,346,173,61,112,12,4,8,53,25,28,2094,2091,673,576,424,277,101,30,10,1390,1269,121,152,853,73,270,234
52354426,0,,,345,156,189,20,11,9,303,138,165,168,87,81,293,132,161,287,130,157,135,51,84,103,35,68,54,17,37,7,1,6,10,2,8,228,228,161,36,14,15,2,0,0,65,61,4,7,118,28,87,15
52354427,1,,52354459,857,425,432,48,25,23,818,403,415,434,232,202,805,392,413,794,390,404,384,171,213,216,88,128,69,23,46,3,0,3,9,7,2,343,343,86,123,72,45,13,9,3,263,208,55,14,252,6,52,71
52354430,0,,,188,63,125,12,5,7,176,58,118,49,23,26,175,58,117,174,58,116,127,35,92,109,28,81,72,16,56,22,2,20,1,0,1,41,39,9,18,5,2,4,1,0,28,24,4,2,24,2,6,7
52354431,0,,,95,43,52,6,2,4,89,41,48,40,20,20,89,41,48,88,40,48,49,21,28,19,6,13,8,2,6,1,0,1,0,0,0,37,37,5,14,12,5,0,1,0,32,25,7,1,28,0,5,8
52354432,1,,52354441,149,72,77,14,9,5,138,65,73,80,40,40,136,65,71,134,64,70,58,25,33,29,9,20,13,2,11,0,0,0,0,0,0,60,60,15,21,11,13,2,0,0,47,37,10,1,36,0,7,9
52354433,0,,,235,112,123,35,19,16,200,93,107,110,54,56,182,83,99,178,81,97,90,39,51,54,21,33,20,7,13,1,0,1,3,1,2,87,82,18,33,11,16,2,2,0,64,47,17,4,61,0,13,17
52354434,0,,,3682,1803,1879,398,208,190,3187,1561,1626,2270,1137,1133,3089,1504,1585,3003,1453,1550,917,424,493,373,169,204,82,29,53,8,1,7,103,32,71,1668,1667,652,444,277,202,67,16,9,993,901,92,115,603,163,150,188
52354435,0,,,163,70,93,14,6,8,149,64,85,74,33,41,143,63,80,141,62,79,75,31,44,36,13,23,16,6,10,2,0,2,0,0,0,55,55,10,16,12,9,3,2,3,45,26,19,4,44,0,8,8
52354436,0,,,141,69,72,12,7,5,128,62,66,84,45,39,121,58,63,119,56,63,44,17,27,23,11,12,5,2,3,0,0,0,5,4,1,55,55,14,18,9,9,3,1,1,41,35,6,4,31,0,9,7
52354437,0,,,411,192,219,37,14,23,372,177,195,205,110,95,364,172,192,355,167,188,167,67,100,98,40,58,27,7,20,0,0,0,3,1,2,153,153,36,48,30,20,9,7,3,115,78,37,10,109,0,23,27
52354441,2,52354432,,3,2,1,*,*,*,*,*,*,*,*,*,*,*,*,*,*,*,*,*,*,*,*,*,*,*,*,*,*,*,*,*,*,2,2,*,*,*,*,*,*,*,*,*,*,*,*,*,*,*
52354443,0,,,3252,1610,1642,516,266,250,2716,1334,1382,2019,1002,1017,2590,1261,1329,2514,1228,1286,697,332,365,276,133,143,69,25,44,4,1,3,34,10,24,1169,1161,273,337,218,240,72,16,5,877,796,81,124,429,50,88,158
52354444,0,,,2129,1042,1087,239,120,119,1856,908,948,1413,708,705,1809,883,926,1745,841,904,443,200,243,211,97,114,58,26,32,3,2,1,37,8,29,916,916,307,253,178,126,40,8,4,592,537,55,64,298,59,81,95
52354445,0,,,162,79,83,23,13,10,139,66,73,88,40,48,135,65,70,133,64,69,51,26,25,24,13,11,10,4,6,1,0,1,1,0,1,57,57,8,19,12,10,8,0,0,48,33,15,6,37,0,5,8
52354446,1,,52354447,292,145,147,25,15,10,269,131,138,137,70,67,267,130,137,264,127,137,132,61,71,58,25,33,18,7,11,2,1,1,1,1,0,119,118,29,41,29,13,4,2,1,89,76,13,8,82,1,21,31
52354447,2,52354446,,2,1,1,*,*,*,*,*,*,*,*,*,*,*,*,*,*,*,*,*,*,*,*,*,*,*,*,*,*,*,*,*,*,1,1,*,*,*,*,*,*,*,*,*,*,*,*,*,*,*
52354450,0,,,15,6,9,0,0,0,15,6,9,7,2,5,15,6,9,15,6,9,8,4,4,4,1,3,2,0,2,1,0,1,0,0,0,5,5,0,1,3,1,0,0,0,5,3,2,0,5,0,0,1
52354451,0,,,135,64,71,14,9,5,121,55,66,66,32,34,117,54,63,115,53,62,55,23,32,29,11,18,9,2,7,0,0,0,0,0,0,52,52,9,25,8,4,4,1,1,43,39,4,3,36,0,6,13
52354452,0,,,55,28,27,3,2,1,52,26,26,31,14,17,51,25,26,47,23,24,21,12,9,13,8,5,3,2,1,0,0,0,0,0,0,17,17,2,2,6,4,3,0,0,15,11,4,1,13,0,2,1
52354453,0,,,4086,1949,2137,674,325,349,3361,1603,1758,2398,1155,1243,3222,1530,1692,3133,1486,1647,963,448,515,392,165,227,91,27,64,7,0,7,34,14,20,1616,1615,446,462,298,284,85,31,9,1154,1052,102,189,626,49,149,226
52354454,0,,,896,428,468,164,79,85,728,347,381,554,272,282,699,333,366,678,325,353,174,75,99,61,27,34,16,6,10,1,0,1,8,5,3,333,333,61,105,70,70,27,0,0,270,249,21,53,115,12,24,40
52354455,0,,,549,222,327,54,21,33,495,201,294,201,98,103,489,197,292,485,196,289,294,103,191,202,53,149,100,22,78,19,1,18,3,2,1,152,150,21,59,33,16,11,5,5,127,97,30,13,109,0,14,26
52354456,0,,,264,131,133,20,9,11,244,122,122,137,73,64,238,119,119,236,118,118,107,49,58,54,24,30,26,8,18,2,0,2,1,1,0,70,67,12,22,11,9,9,3,1,55,38,17,6,51,0,10,10
52354459,2,52354427,,12,3,9,*,*,*,*,*,*,*,*,*,*,*,*,*,*,*,*,*,*,*,*,*,*,*,*,*,*,*,*,*,*,8,8,*,*,*,*,*,*,*,*,*,*,*,*,*,*,*
52354460,0,,,248,122,126,19,11,8,229,111,118,115,54,61,224,108,116,222,108,114,114,57,57,59,27,32,21,10,11,0,0,0,0,0,0,99,99,17,46,14,16,3,3,0,82,71,11,5,72,0,12,29
52354461,0,,,15,8,7,0,0,0,15,8,7,11,6,5,15,8,7,15,8,7,4,2,2,3,1,2,2,1,1,0,0,0,0,0,0,5,5,0,2,1,2,0,0,0,5,3,2,0,3,0,0,1
52354462,0,,,398,174,224,33,20,13,363,153,210,162,85,77,353,147,206,349,146,203,201,68,133,132,38,94,80,12,68,16,1,15,1,1,0,104,103,15,27,27,19,9,4,2,87,67,20,7,75,0,14,18
52354463,0,,,854,417,437,117,65,52,713,340,373,525,262,263,688,327,361,667,318,349,188,78,110,80,32,48,22,7,15,2,1,1,14,5,9,353,353,112,85,78,57,17,3,1,237,214,23,20,130,13,33,37
52354464,0,,,556,276,280,45,22,23,506,251,255,302,155,147,494,243,251,482,237,245,204,96,108,89,40,49,16,8,8,1,1,0,2,0,2,200,200,47,56,33,37,17,6,4,153,115,38,15,132,0,27,27
52354465,0,,,625,295,330,76,32,44,549,263,286,293,148,145,530,250,280,522,246,276,256,115,141,121,51,70,39,12,27,5,1,4,1,0,1,221,221,41,78,35,34,16,13,4,180,142,38,14,163,0,33,50
52354466,0,,,210,100,110,19,11,8,191,89,102,111,56,55,188,87,101,186,85,101,80,33,47,47,19,28,23,10,13,3,2,1,0,0,0,65,64,7,14,17,16,9,1,0,57,36,21,3,45,0,4,10
52354472,0,,,413,189,224,48,20,28,362,167,195,224,104,120,346,158,188,338,156,182,138,63,75,69,27,42,14,4,10,0,0,0,2,1,1,163,163,34,57,38,23,8,2,1,123,109,14,13,90,7,15,27
52354473,0,,,86,38,48,12,3,9,74,35,39,35,17,18,73,34,39,72,33,39,39,18,21,22,10,12,9,5,4,0,0,0,0,0,0,32,32,6,10,10,3,1,1,1,26,22,4,3,23,0,6,7
52354474,0,,,133,70,63,10,5,5,121,64,57,72,38,34,117,63,54,115,62,53,49,26,23,24,13,11,9,5,4,0,0,0,0,0,0,50,50,9,15,14,8,4,0,0,41,32,9,3,32,0,6,10
52354475,0,,,244,107,137,25,10,15,218,96,122,121,54,67,215,95,120,215,95,120,97,42,55,38,16,22,11,3,8,1,0,1,0,0,0,94,94,21,27,24,17,2,2,1,73,61,12,6,59,0,12,18
52354476,0,,,180,84,96,22,8,14,158,76,82,83,39,44,156,75,81,154,74,80,75,37,38,33,14,19,7,3,4,2,0,2,0,0,0,71,71,17,26,12,7,7,2,0,54,43,11,4,52,0,15,15
52354481,0,,,162,86,76,7,5,2,155,81,74,104,57,47,141,76,65,134,72,62,51,24,27,31,14,17,10,6,4,0,0,0,0,0,0,33,31,2,14,8,2,4,0,1,29,23,6,0,26,0,1,13
52354482,0,,,1805,842,963,189,89,100,1594,745,849,909,427,482,1556,723,833,1527,706,821,685,318,367,384,166,218,156,64,92,19,3,16,19,9,10,803,799,325,232,115,73,32,12,10,471,405,66,45,423,62,145,132
52354483,0,,,510,229,281,61,27,34,447,202,245,264,123,141,430,195,235,419,189,230,183,79,104,90,29,61,33,10,23,3,0,3,7,3,4,192,192,51,55,30,34,10,11,1,140,100,40,18,120,10,24,37
52354484,0,,,623,299,324,76,36,40,547,263,284,302,160,142,536,255,281,527,250,277,245,103,142,123,45,78,43,14,29,5,1,4,0,0,0,232,232,45,82,47,27,23,7,1,185,152,33,13,158,1,28,45
52354485,0,,,109,55,54,6,3,3,103,52,51,56,29,27,101,51,50,98,48,50,47,23,24,26,11,15,8,3,5,1,0,1,0,0,0,41,41,9,14,7,5,5,1,0,32,22,10,1,33,0,8,8
52354488,1,,52354497,77,34,43,3,2,1,77,33,44,24,11,13,76,32,44,75,32,43,53,22,31,45,18,27,16,5,11,2,0,2,1,1,0,18,16,3,9,2,2,1,0,0,14,11,3,1,8,0,3,2
52354491,0,,,148,70,78,16,7,9,132,63,69,60,32,28,128,61,67,126,60,66,72,31,41,32,14,18,13,7,6,1,0,1,0,0,0,64,64,16,30,8,4,5,0,1,47,41,6,2,45,0,11,19
52354492,0,,,476,222,254,68,35,33,406,187,219,234,115,119,396,182,214,388,179,209,172,72,100,88,37,51,26,11,15,1,0,1,1,0,1,188,187,48,59,38,25,13,3,1,138,117,21,22,112,4,28,34
52354493,0,,,556,210,346,24,13,11,532,197,335,137,66,71,525,195,330,519,193,326,395,131,264,317,100,217,206,49,157,42,6,36,1,0,1,110,107,14,40,26,20,6,0,1,92,79,13,4,78,0,12,32
52354494,0,,,225,111,114,26,18,8,195,93,102,119,62,57,189,90,99,185,87,98,76,31,45,36,16,20,10,3,7,1,0,1,9,3,6,84,84,24,20,16,12,9,1,2,59,46,13,8,47,1,14,13
52354495,0,,,121,56,65,23,11,12,98,45,53,56,26,30,94,43,51,92,41,51,42,19,23,23,10,13,5,0,5,1,0,1,0,0,0,40,40,6,11,10,4,7,2,0,34,26,8,2,27,0,4,9
52354497,2,52354488,,3,1,2,*,*,*,*,*,*,*,*,*,*,*,*,*,*,*,*,*,*,*,*,*,*,*,*,*,*,*,*,*,*,1,1,*,*,*,*,*,*,*,*,*,*,*,*,*,*,*
52354498,0,,,38,15,23,0,0,0,38,15,23,0,0,0,38,15,23,38,15,23,38,15,23,28,11,17,14,3,11,1,0,1,0,0,0,2,0,0,0,0,0,0,0,0,0,0,0,0,0,0,0,0
52354504,0,,,4916,2341,2575,526,268,258,4070,1913,2157,2597,1269,1328,3933,1839,2094,3848,1794,2054,1473,644,829,798,346,452,206,79,127,15,2,13,88,39,49,2091,2090,519,827,378,262,84,15,5,1392,1290,102,138,975,43,273,331
52354505,0,,,11005,5140,5865,1229,610,619,9205,4310,4895,5716,2803,2913,8927,4175,4752,8706,4065,4641,3489,1507,1982,1862,780,1082,483,147,336,40,4,36,298,129,169,4929,4923,1819,1502,801,575,174,38,14,3053,2812,241,334,2326,67,797,729
52354506,0,,,10544,5136,5408,1375,709,666,8681,4208,4473,6032,3054,2978,8433,4079,4354,8221,3988,4233,2649,1154,1495,1413,595,818,343,132,211,17,4,13,358,177,181,4799,4797,1876,1275,823,586,194,30,13,2865,2671,194,405,1856,176,656,483
52354507,0,,,13352,6106,7246,1452,747,705,10917,4889,6028,7950,3689,4261,10680,4775,5905,10359,4640,5719,2967,1200,1767,1518,557,961,444,140,304,38,8,30,458,216,242,7308,7305,4006,1642,849,649,131,23,5,3212,3033,179,467,2119,825,864,535
52354508,0,,,18032,8431,9601,1470,745,725,15298,7065,8233,11126,5311,5815,14993,6923,8070,14662,6779,7883,4172,1754,2418,2289,851,1438,806,245,561,64,9,55,630,294,336,10602,10590,6520,2070,1107,688,162,33,10,3923,3585,338,491,2898,1650,1141,690
52354509,0,,,20852,9625,11227,1881,978,903,18020,8138,9882,12747,6009,6738,17653,7945,9708,17347,7805,9542,5273,2129,3144,2915,1054,1861,1001,281,720,94,21,73,618,292,326,11748,11736,6843,2517,1212,848,248,50,18,4697,4265,432,599,3714,1438,1613,855
52354513,2,52354514,,6,3,3,*,*,*,*,*,*,*,*,*,*,*,*,*,*,*,*,*,*,*,*,*,*,*,*,*,*,*,*,*,*,3,3,*,*,*,*,*,*,*,*,*,*,*,*,*,*,*
52354514,1,,52354513,5589,2591,2998,524,265,259,4768,2184,2584,3007,1435,1572,4628,2117,2511,4494,2055,2439,1761,749,1012,945,364,581,300,97,203,33,5,28,77,41,36,2512,2509,916,804,371,300,90,22,9,1495,1347,148,131,1144,91,360,347
52354515,0,,,13370,6256,7114,1448,734,714,11357,5256,6101,7325,3538,3787,10954,5058,5896,10652,4904,5748,4032,1718,2314,2131,831,1300,675,232,443,68,10,58,195,90,105,5951,5947,2188,1697,1005,767,225,48,17,3710,3374,336,371,2696,176,838,822
52354516,0,,,14421,6823,7598,1524,778,746,12415,5825,6590,8331,4095,4236,12001,5611,6390,11733,5478,6255,4084,1730,2354,2128,842,1286,623,189,434,47,9,38,178,84,94,6770,6769,2757,1860,1123,742,215,57,15,3953,3650,303,446,2817,340,984,807
52354517,0,,,15366,7260,8106,1947,1040,907,12781,5903,6878,9045,4314,4731,12415,5708,6707,12098,5522,6576,3736,1589,2147,1958,759,1199,567,194,373,47,5,42,269,133,136,7241,7234,2997,1955,1125,887,224,39,7,4151,3837,314,589,2558,489,814,762
52354518,0,,,12744,5864,6880,1319,653,666,10680,4848,5832,7576,3587,3989,10425,4722,5703,10159,4575,5584,3104,1261,1843,1650,578,1072,585,150,435,81,12,69,304,159,145,6662,6653,3491,1579,846,556,144,25,12,3072,2819,253,410,2058,696,814,493
52354519,0,,,12145,5573,6572,1079,541,538,10423,4718,5705,7108,3302,3806,10176,4595,5581,9882,4424,5458,3315,1416,1899,1830,724,1106,608,207,401,48,6,42,216,106,110,6435,6434,3426,1431,835,538,145,46,13,2952,2639,313,332,2303,678,784,600
52354523,0,,,1802,856,946,205,104,101,1559,734,825,877,445,432,1511,709,802,1489,697,792,682,289,393,355,142,213,111,41,70,9,1,8,38,23,15,735,733,225,248,126,88,34,9,3,505,452,53,47,399,5,116,125
52354524,0,,,9978,4526,5452,1093,568,525,8483,3764,4719,5318,2462,2856,8259,3653,4606,8049,3558,4491,3165,1302,1863,1827,716,1111,593,206,387,48,10,38,117,55,62,4687,4684,1844,1412,727,515,145,33,8,2814,2583,231,330,2165,150,775,652
52354525,0,,,14882,6969,7913,1584,832,752,12581,5789,6792,8218,3963,4255,12213,5590,6623,11893,5428,6465,4363,1826,2537,2449,998,1451,639,227,412,44,5,39,222,88,134,6919,6915,2675,2029,1143,791,219,43,15,4164,3848,316,476,3025,238,1007,926
52354526,0,,,12079,5592,6487,1270,651,619,10101,4618,5483,6764,3263,3501,9799,4466,5333,9575,4355,5220,3337,1355,1982,1944,721,1223,678,206,472,87,10,77,182,84,98,5547,5539,2282,1496,893,673,154,33,8,3154,2950,204,394,2109,291,780,576
52354527,0,,,9475,4512,4963,989,537,452,7975,3719,4256,5163,2528,2635,7778,3617,4161,7500,3468,4032,2812,1191,1621,1540,595,945,531,163,368,42,7,35,222,102,120,4567,4561,2073,1133,688,497,136,21,13,2455,2228,227,321,1893,344,667,470
52354528,0,,,13797,6447,7350,1301,685,616,11860,5427,6433,7951,3856,4095,11586,5296,6290,11200,5101,6099,3909,1571,2338,2169,779,1390,775,233,542,60,11,49,320,162,158,7152,7147,3554,1798,928,629,191,36,11,3459,3131,328,386,2682,829,970,710
52354529,0,,,18981,8621,10360,1886,956,930,16410,7430,8980,11064,5249,5815,16067,7259,8808,15698,7067,8631,5346,2181,3165,3093,1123,1970,1150,348,802,128,26,102,465,242,223,10194,10184,5621,2184,1210,865,211,65,28,4393,3889,504,554,3699,1212,1561,825
52354532,2,52354533,,4,2,2,*,*,*,*,*,*,*,*,*,*,*,*,*,*,*,*,*,*,*,*,*,*,*,*,*,*,*,*,*,*,1,1,*,*,*,*,*,*,*,*,*,*,*,*,*,*,*
52354533,1,,52354532,829,386,443,92,49,43,726,332,394,433,204,229,705,324,381,692,317,375,293,128,165,138,50,88,42,16,26,4,2,2,16,6,10,356,356,98,141,51,42,20,4,1,256,227,29,22,194,1,49,69
52354534,0,,,1143,548,595,122,66,56,992,468,524,613,311,302,959,452,507,931,439,492,379,157,222,215,83,132,66,19,47,5,0,5,12,5,7,478,477,176,127,67,75,21,9,2,299,257,42,32,227,9,71,65
52354535,0,,,292,141,151,57,28,29,225,110,115,139,71,68,222,109,113,220,108,112,86,39,47,43,15,28,18,7,11,3,0,3,1,0,1,117,116,37,34,16,23,5,0,1,78,72,6,14,46,2,14,18
52354536,0,,,6101,2791,3310,662,338,324,4960,2276,2684,3076,1496,1580,4783,2182,2601,4664,2115,2549,1884,780,1104,1077,426,651,335,104,231,26,7,19,115,59,56,2512,2503,865,772,403,308,124,26,5,1615,1473,142,148,1226,102,361,394
52354537,0,,,7523,3572,3951,657,337,320,6275,2941,3334,3959,1944,2015,6111,2858,3253,5900,2745,3155,2316,997,1319,1262,503,759,415,136,279,36,4,32,186,82,104,3911,3910,1965,936,539,333,101,26,10,1920,1753,167,162,1590,440,525,497
52354538,0,,,10291,4738,5553,706,378,328,8859,4032,4827,5989,2869,3120,8665,3937,4728,8242,3716,4526,2870,1163,1707,1588,568,1020,643,174,469,62,12,50,351,180,171,5727,5720,3361,1160,628,421,121,22,7,2290,2055,235,194,1934,976,732,490
52354539,0,,,17362,7992,9370,1226,627,599,15494,7055,8439,10679,5092,5587,15138,6867,8271,14447,6521,7926,4815,1963,2852,2708,959,1749,963,290,673,114,13,101,676,369,307,10288,10280,6518,1933,959,616,177,62,15,3665,3223,442,331,3380,1847,1448,763
52354542,1,,52354561,44,23,21,3,2,1,43,22,21,22,14,8,42,22,20,42,22,20,21,8,13,9,4,5,1,0,1,0,0,0,0,0,0,15,15,1,6,5,3,0,1,0,15,11,4,2,11,0,1,3
52354544,0,,,421,197,224,47,17,30,365,177,188,206,113,93,360,174,186,353,171,182,159,64,95,74,27,47,26,7,19,1,0,1,5,4,1,166,166,45,50,38,16,9,4,4,119,94,25,13,105,3,26,23
52354545,0,,,1484,713,771,178,92,86,1277,609,668,803,416,387,1226,582,644,1200,568,632,474,193,281,268,100,168,102,25,77,15,2,13,22,9,13,570,566,158,179,116,75,31,5,2,398,368,30,42,247,8,72,73
52354546,0,,,468,239,229,65,40,25,385,191,194,252,128,124,369,182,187,356,178,178,133,63,70,62,25,37,17,3,14,2,0,2,6,4,2,203,203,72,58,31,26,13,3,0,124,108,16,17,89,5,28,24
52354547,0,,,679,343,336,97,49,48,555,273,282,385,203,182,533,263,270,518,255,263,170,70,100,95,30,65,43,14,29,3,0,3,23,14,9,284,282,113,65,43,40,15,2,4,168,155,13,24,100,27,29,23
52354548,0,,,9637,4533,5104,831,403,428,8266,3872,4394,5494,2741,2753,8060,3766,4294,7643,3548,4095,2772,1131,1641,1527,572,955,524,173,351,39,9,30,311,162,149,5176,5171,2720,1257,614,417,120,33,10,2371,2131,240,197,1955,808,698,549
52354549,0,,,13825,6507,7318,1222,614,608,12093,5613,6480,7726,3828,3898,11841,5483,6358,11418,5261,6157,4367,1785,2582,2551,940,1611,880,289,591,90,24,66,377,199,178,7276,7272,3798,1712,899,603,193,51,16,3414,3001,413,329,3010,887,1111,757
52354550,0,,,26,13,13,0,0,0,26,13,13,9,5,4,26,13,13,26,13,13,17,8,9,8,2,6,3,0,3,0,0,0,0,0,0,14,14,5,7,1,1,0,0,0,9,8,1,0,11,0,2,6
52354554,0,,,211,105,106,22,7,15,179,93,86,107,55,52,175,92,83,171,90,81,72,38,34,31,16,15,10,6,4,1,0,1,3,1,2,94,94,37,25,13,12,5,2,0,56,49,7,3,46,1,9,14
52354556,0,,,399,205,194,22,12,10,356,181,175,225,121,104,350,178,172,339,173,166,131,60,71,58,26,32,9,4,5,0,0,0,6,4,2,184,184,62,64,32,20,4,1,1,113,106,7,2,90,2,31,29
52354557,0,,,3592,1779,1813,285,146,139,2986,1475,1511,1922,1022,900,2910,1445,1465,2818,1384,1434,1064,453,611,606,199,407,299,78,221,62,13,49,54,30,24,1478,1474,505,495,228,171,53,13,9,821,738,83,57,516,78,135,164
52354558,0,,,3394,1686,1708,278,146,132,2874,1407,1467,1895,1000,895,2791,1359,1432,2656,1287,1369,979,407,572,517,220,297,124,47,77,4,2,2,94,54,40,1756,1753,838,503,224,120,58,10,0,834,744,90,56,689,187,258,171
52354559,0,,,10577,4991,5586,973,514,459,8895,4085,4810,5682,2777,2905,8676,3982,4694,8350,3815,4535,3213,1308,1905,1820,673,1147,599,200,399,66,11,55,196,94,102,5306,5301,2554,1303,724,506,163,38,13,2650,2370,280,260,2207,465,791,562
52354561,2,52354542,,2,1,1,*,*,*,*,*,*,*,*,*,*,*,*,*,*,*,*,*,*,*,*,*,*,*,*,*,*,*,*,*,*,1,1,*,*,*,*,*,*,*,*,*,*,*,*,*,*,*
52354563,0,,,19,9,10,1,0,1,18,9,9,7,4,3,17,8,9,17,8,9,11,5,6,3,1,2,1,1,0,0,0,0,1,0,1,8,8,3,3,0,1,0,1,0,4,4,0,0,6,0,2,3
52354564,1,,52354574,126,57,69,3,0,3,123,57,66,51,26,25,121,57,64,121,57,64,72,31,41,31,11,20,10,2,8,1,0,1,0,0,0,50,50,13,16,14,3,3,1,1,38,29,9,2,46,0,11,12
52354567,0,,,120,66,54,8,5,3,112,61,51,76,44,32,112,61,51,110,61,49,36,17,19,17,8,9,3,2,1,0,0,0,6,3,3,63,63,30,18,9,5,0,0,1,33,32,1,1,25,9,8,8
52354568,1,,52354577,4314,2048,2266,505,246,259,3709,1743,1966,2388,1173,1215,3576,1670,1906,3496,1626,1870,1321,570,751,683,269,414,237,69,168,37,5,32,83,35,48,1823,1820,584,607,310,224,71,19,8,1184,1089,95,130,833,64,255,258
52354569,0,,,14212,6884,7328,1470,776,694,11823,5643,6180,8352,4170,4182,11497,5480,6017,10879,5135,5744,3471,1473,1998,1809,702,1107,630,230,400,44,11,33,211,107,104,7191,7184,3531,1710,953,718,232,35,5,3485,3193,292,443,2380,977,837,671
52354574,2,52354564,,1,0,1,*,*,*,*,*,*,*,*,*,*,*,*,*,*,*,*,*,*,*,*,*,*,*,*,*,*,*,*,*,*,1,1,*,*,*,*,*,*,*,*,*,*,*,*,*,*,*
52354577,2,52354568,,5,2,3,*,*,*,*,*,*,*,*,*,*,*,*,*,*,*,*,*,*,*,*,*,*,*,*,*,*,*,*,*,*,3,3,*,*,*,*,*,*,*,*,*,*,*,*,*,*,*
52354578,0,,,66,32,34,4,0,4,54,28,26,35,20,15,54,28,26,54,28,26,19,8,11,8,5,3,2,1,1,0,0,0,0,0,0,33,33,12,14,3,3,1,0,0,21,18,3,2,12,0,1,5
52354579,0,,,8683,4243,4440,938,481,457,7284,3479,3805,4941,2522,2419,7085,3386,3699,6760,3186,3574,2343,957,1386,1256,452,804,458,105,353,74,10,64,152,73,79,3932,3925,1512,1179,634,421,132,38,9,2232,2023,209,272,1439,399,440,448
52354587,1,,52354595;52354597,11,6,5,0,0,0,20,10,10,6,2,4,20,10,10,20,10,10,14,8,6,7,4,3,6,3,3,0,0,0,0,0,0,5,5,2,6,2,0,0,0,0,8,6,2,0,9,0,2,4
52354589,0,,,5298,2731,2567,731,363,368,4311,2202,2109,3331,1766,1565,4127,2103,2024,3924,1967,1957,980,436,544,490,197,293,134,35,99,9,0,9,61,35,26,2184,2180,694,618,361,368,106,23,10,1351,1255,96,195,620,214,179,192
52354595,2,52354587,,7,3,4,*,*,*,*,*,*,*,*,*,*,*,*,*,*,*,*,*,*,*,*,*,*,*,*,*,*,*,*,*,*,4,4,*,*,*,*,*,*,*,*,*,*,*,*,*,*,*
52354597,2,52354587,,2,1,1,*,*,*,*,*,*,*,*,*,*,*,*,*,*,*,*,*,*,*,*,*,*,*,*,*,*,*,*,*,*,1,1,*,*,*,*,*,*,*,*,*,*,*,*,*,*,*
52354599,0,,,744,458,286,120,64,56,575,359,216,500,325,175,535,337,198,475,284,191,75,34,41,32,12,20,8,4,4,0,0,0,3,2,1,210,208,45,43,32,59,23,6,0,149,131,18,32,56,4,15,12
52354600,0,,,19943,8914,11029,1913,956,957,16159,6992,9167,12515,5525,6990,15810,6816,8994,15531,6672,8859,3644,1467,2177,1829,645,1184,627,179,448,56,7,49,375,169,206,12084,12078,7679,2299,1153,715,188,34,10,4249,3951,298,594,2628,1432,1054,666
52354601,0,,,9379,4220,5159,643,339,304,7552,3260,4292,5294,2376,2918,7435,3205,4230,7309,3157,4152,2258,884,1374,1193,422,771,406,120,286,37,6,31,211,92,119,6093,6090,4182,1073,461,255,82,27,10,1824,1632,192,227,1672,703,744,383
52354602,0,,,3452,1560,1892,222,121,101,3013,1316,1697,1972,928,1044,2945,1282,1663,2889,1256,1633,1041,388,653,561,190,371,162,54,108,18,2,16,125,55,70,2066,2062,1276,476,159,115,29,6,1,732,624,108,60,774,234,350,156
52354603,1,,52354604,1456,464,992,23,14,9,1303,407,896,212,110,102,1298,403,895,1293,401,892,1091,297,794,901,198,703,558,85,473,94,11,83,33,16,17,217,196,95,65,20,13,5,0,1,102,89,13,8,97,13,31,28
52354604,2,52354603,,6,3,3,*,*,*,*,*,*,*,*,*,*,*,*,*,*,*,*,*,*,*,*,*,*,*,*,*,*,*,*,*,*,3,3,*,*,*,*,*,*,*,*,*,*,*,*,*,*,*
52354605,0,,,65,32,33,2,2,0,61,30,31,46,24,22,59,29,30,51,25,26,15,6,9,7,3,4,3,1,2,0,0,0,0,0,0,27,27,8,7,6,5,1,0,0,19,18,1,0,11,0,3,2
52354606,1,,52354607,2407,1201,1206,160,88,72,2132,1074,1058,1078,568,510,2102,1055,1047,2064,1039,1025,1054,506,548,456,219,237,105,40,65,10,2,8,39,24,15,1111,1105,387,393,201,79,37,8,3,708,639,69,39,691,8,196,228
52354607,2,52354606,,5,3,2,*,*,*,*,*,*,*,*,*,*,*,*,*,*,*,*,*,*,*,*,*,*,*,*,*,*,*,*,*,*,3,3,*,*,*,*,*,*,*,*,*,*,*,*,*,*,*
52354608,0,,,2133,950,1183,194,105,89,1833,784,1049,1071,506,565,1797,766,1031,1766,748,1018,762,278,484,468,159,309,197,46,151,24,3,21,43,15,28,1028,1023,463,299,136,91,24,9,1,549,498,51,66,479,57,190,121
52354609,0,,,10072,4782,5290,1499,748,751,8221,3834,4387,5924,2847,3077,8000,3719,4281,7861,3649,4212,2297,987,1310,1164,453,711,380,136,244,21,5,16,80,27,53,4722,4722,1936,1212,789,616,139,25,5,2756,2584,172,501,1603,250,556,478
52354610,0,,,17311,7711,9600,1865,940,925,14144,6092,8052,10918,4796,6122,13777,5914,7863,13418,5758,7660,3226,1296,1930,1656,600,1056,599,182,417,66,9,57,328,152,176,10148,10143,6317,1865,1029,690,185,43,14,3749,3472,277,559,2270,1330,892,617
52354611,0,,,15210,6989,8221,1813,915,898,12045,5360,6685,8885,4044,4841,11701,5202,6499,11452,5066,6386,3160,1316,1844,1551,580,971,501,172,329,43,3,40,286,138,148,8499,8497,4964,1643,936,699,193,47,15,3477,3218,259,510,2262,905,910,602
52354612,0,,,8507,3909,4598,676,354,322,7239,3230,4009,4896,2273,2623,7120,3168,3952,6988,3097,3891,2343,957,1386,1261,463,798,405,143,262,30,6,24,304,132,172,5093,5089,3119,1090,502,271,77,21,9,1913,1711,202,239,1715,715,744,406
52354613,0,,,1592,783,809,148,79,69,1369,656,713,794,420,374,1342,641,701,1314,624,690,575,236,339,336,121,215,120,34,86,15,5,10,31,15,16,831,829,418,223,100,60,20,5,3,399,360,39,34,390,86,147,106
52354618,0,,,4549,2154,2395,447,222,225,3935,1838,2097,2562,1279,1283,3851,1799,2052,3784,1760,2024,1373,559,814,766,278,488,268,77,191,24,3,21,33,18,15,2302,2301,1091,607,299,218,66,13,7,1187,1091,96,127,979,138,393,251
52354619,0,,,2615,1241,1374,330,165,165,2111,984,1127,1470,707,763,2065,957,1108,2031,937,1094,641,277,364,350,136,214,118,35,83,5,0,5,18,8,10,1398,1398,711,344,190,125,23,4,1,682,644,38,128,475,82,219,134
52354620,0,,,9689,4481,5208,819,424,395,8436,3855,4581,5998,2846,3152,8257,3779,4478,7972,3603,4369,2438,1009,1429,1304,483,821,452,140,312,49,12,37,291,148,143,5569,5562,3388,1085,591,388,85,18,7,2074,1888,186,242,1720,831,738,416
52354621,0,,,5842,2663,3179,631,332,299,4942,2180,2762,3642,1643,1999,4823,2122,2701,4694,2066,2628,1300,537,763,632,232,400,225,64,161,18,3,15,213,103,110,3278,3273,1988,600,304,285,69,21,6,1240,1124,116,176,943,650,400,223
52354622,0,,,8826,4431,4395,790,399,391,7464,3662,3802,5099,2677,2422,7306,3574,3732,7081,3417,3664,2365,985,1380,1281,492,789,449,141,308,50,7,43,360,199,161,4930,4920,2885,1023,547,334,98,26,7,2003,1807,196,216,1633,908,621,441
52354623,1,,52354624,5268,2469,2799,431,219,212,4585,2068,2517,2778,1360,1418,4498,2035,2463,4394,1972,2422,1807,708,1099,1009,343,666,383,90,293,42,1,41,207,102,105,2648,2646,1328,677,343,191,82,19,7,1286,1154,132,125,1142,255,440,299
52354624,2,52354623,,2,1,1,*,*,*,*,*,*,*,*,*,*,*,*,*,*,*,*,*,*,*,*,*,*,*,*,*,*,*,*,*,*,1,1,*,*,*,*,*,*,*,*,*,*,*,*,*,*,*
52354625,2,52354636,,4,1,3,*,*,*,*,*,*,*,*,*,*,*,*,*,*,*,*,*,*,*,*,*,*,*,*,*,*,*,*,*,*,2,2,*,*,*,*,*,*,*,*,*,*,*,*,*,*,*
52354626,0,,,147,75,72,19,10,9,124,63,61,68,36,32,117,59,58,115,57,58,56,27,29,21,10,11,6,2,4,1,0,1,1,0,1,62,62,18,24,7,9,0,4,0,43,38,5,3,38,0,14,13
52354627,0,,,48,25,23,11,6,5,37,19,18,35,18,17,36,18,18,35,18,17,2,1,1,1,0,1,0,0,0,0,0,0,0,0,0,17,17,4,2,5,5,1,0,0,12,12,0,3,2,0,0,0
52354628,0,,,5988,2841,3147,727,377,350,5089,2369,2720,3728,1786,1942,4888,2261,2627,4761,2185,2576,1361,583,778,624,229,395,189,56,133,11,4,7,67,30,37,2758,2757,1037,814,439,366,87,12,2,1689,1582,107,198,947,132,324,299
52354629,0,,,1544,737,807,199,96,103,1242,583,659,873,403,470,1224,576,648,1210,570,640,369,180,189,130,63,67,31,13,18,2,0,2,29,13,16,759,759,274,288,112,69,14,2,0,481,470,11,67,246,1,77,120
52354630,0,,,13935,6423,7512,1169,596,573,11832,5416,6416,8596,4062,4534,11556,5267,6289,10936,4967,5969,3236,1354,1882,1762,645,1117,633,184,449,79,13,66,490,234,256,8327,8321,5449,1376,763,545,153,27,8,2814,2550,264,306,2215,1520,981,539
52354631,0,,,7721,3603,4118,538,289,249,6197,2832,3365,4637,2162,2475,6096,2783,3313,5706,2632,3074,1560,670,890,850,334,516,289,90,199,28,7,21,289,144,145,4868,4862,3376,715,433,245,70,19,4,1398,1222,176,150,1076,1214,405,271
52354632,0,,,7810,4145,3665,481,220,261,6408,3398,3010,4819,2768,2051,6256,3305,2951,5905,3050,2855,1589,630,959,885,315,570,300,84,216,31,6,25,641,331,310,5021,5012,3640,702,355,223,69,17,6,1341,1194,147,157,1077,1604,387,279
52354633,0,,,8818,4522,4296,662,330,332,7496,3770,3726,5117,2779,2338,7346,3689,3657,7016,3484,3532,2379,991,1388,1244,489,755,420,140,280,42,11,31,360,192,168,5334,5333,3426,964,486,333,101,19,4,1879,1697,182,180,1664,1305,590,479
52354634,0,,,152,77,75,19,10,9,128,64,64,86,42,44,124,62,62,121,60,61,42,22,20,17,10,7,1,0,1,0,0,0,7,1,6,73,73,27,27,6,12,1,0,0,44,38,6,6,34,0,17,7
52354636,1,,52354625,2037,974,1063,195,89,106,1778,838,940,948,436,512,1718,810,908,1690,799,891,830,402,428,332,163,169,66,24,42,5,0,5,38,17,21,898,897,238,385,136,100,27,8,5,653,607,46,40,524,2,112,247
52354637,0,,,541,245,296,42,23,19,477,209,268,244,109,135,467,207,260,459,201,258,233,100,133,134,55,79,27,8,19,0,0,0,4,2,2,254,253,97,87,41,20,6,1,1,151,143,8,12,155,0,61,42
52354638,0,,,8130,3907,4223,1015,546,469,6886,3228,3658,4818,2313,2505,6626,3091,3535,6467,3004,3463,2068,915,1153,1065,433,632,337,113,224,17,2,15,98,41,57,3613,3612,1273,1042,675,464,130,23,5,2310,2138,172,272,1445,126,506,443
52354639,0,,,2852,1330,1522,428,215,213,2320,1058,1262,1657,787,870,2258,1024,1234,2232,1011,1221,663,271,392,344,135,209,112,45,67,8,1,7,39,19,20,1323,1323,493,409,204,167,40,9,1,812,784,28,144,483,19,199,147
52354640,0,,,11026,5001,6025,947,489,458,9610,4257,5353,6528,2977,3551,9412,4173,5239,9071,4014,5057,3082,1280,1802,1667,630,1037,536,188,348,51,12,39,270,134,136,6212,6208,3570,1324,695,472,107,28,12,2569,2305,264,280,2202,926,877,551
52354641,0,,,9419,4314,5105,984,494,490,7982,3603,4379,5138,2434,2704,7769,3503,4266,7538,3380,4158,2844,1169,1675,1478,546,932,506,138,368,42,5,37,260,140,120,4698,4693,2188,1194,688,443,148,25,7,2467,2236,231,248,1943,466,651,567
52354642,0,,,17320,8853,8467,1450,744,706,14757,7422,7335,10656,5714,4942,14506,7294,7212,13886,6928,6958,4101,1708,2393,1942,729,1213,619,208,411,48,6,42,1257,667,590,10538,10534,6740,2005,934,634,171,40,10,3692,3400,292,447,2930,2626,1167,792
52354643,0,,,6280,3060,3220,620,330,290,5224,2450,2774,3580,1793,1787,5114,2391,2723,4914,2295,2619,1644,657,987,913,332,581,319,86,233,44,3,41,347,174,173,3444,3441,1987,674,410,275,76,16,3,1425,1318,107,183,1075,630,387,287
52354644,0,,,38,17,21,7,3,4,30,14,16,22,10,12,29,14,15,29,14,15,8,4,4,6,3,3,0,0,0,0,0,0,1,0,1,16,16,5,5,2,3,1,0,0,11,10,1,1,7,0,2,1
52354645,1,,52354655,115,50,65,4,1,3,115,51,64,49,22,27,112,50,62,110,49,61,66,29,37,38,18,20,11,2,9,1,0,1,1,1,0,49,49,14,17,12,5,3,0,0,37,26,11,0,40,0,9,12
52354646,0,,,386,190,196,25,16,9,354,169,185,168,72,96,343,165,178,336,161,175,186,97,89,76,40,36,16,6,10,1,0,1,5,3,2,177,177,43,84,29,17,4,0,0,132,122,10,3,120,0,24,55
52354648,0,,,4915,2307,2608,700,350,350,4121,1898,2223,2934,1414,1520,3969,1816,2153,3867,1768,2099,1187,484,703,676,235,441,279,70,209,32,6,26,56,21,35,1983,1975,581,587,390,318,77,17,5,1369,1276,93,222,684,53,201,222
52354649,0,,,2602,1330,1272,232,116,116,2301,1172,1129,1572,845,727,2231,1142,1089,2158,1103,1055,729,327,402,340,145,195,84,27,57,6,2,4,42,23,19,1069,1063,373,330,175,130,42,12,1,678,620,58,62,511,16,158,161
52354650,0,,,9601,4338,5263,969,498,471,8234,3636,4598,5365,2432,2933,8022,3537,4485,7798,3435,4363,2869,1204,1665,1577,611,966,578,195,383,58,19,39,136,66,70,4706,4704,2023,1352,696,463,131,31,8,2587,2320,267,252,1984,434,665,583
52354651,0,,,7880,3514,4366,890,464,426,6679,2883,3796,4422,1949,2473,6504,2792,3712,6182,2696,3486,2257,934,1323,1243,486,757,460,146,314,36,5,31,179,88,91,3738,3736,1661,947,540,434,113,38,3,2056,1847,209,221,1544,420,477,467
52354652,0,,,11972,5800,6172,1134,544,590,10114,4782,5332,7098,3511,3587,9906,4677,5229,9413,4447,4966,3016,1271,1745,1511,588,923,466,153,313,27,5,22,520,267,253,6715,6713,3869,1372,759,536,139,28,10,2793,2549,244,335,2130,1263,761,587
52354653,0,,,8686,4112,4574,892,425,467,7302,3392,3910,4913,2356,2557,7126,3301,3825,6920,3201,3719,2389,1036,1353,1266,517,749,403,153,250,35,10,25,304,148,156,4428,4425,2148,1078,638,407,116,32,6,2241,2040,201,279,1645,481,571,477
52354654,0,,,18,10,8,3,1,2,14,8,6,10,5,5,13,8,5,13,8,5,4,3,1,1,1,0,0,0,0,0,0,0,0,0,0,8,8,4,1,1,1,1,0,0,4,4,0,0,3,0,1,1
52354655,2,52354645,,4,2,2,*,*,*,*,*,*,*,*,*,*,*,*,*,*,*,*,*,*,*,*,*,*,*,*,*,*,*,*,*,*,2,2,*,*,*,*,*,*,*,*,*,*,*,*,*,*,*
52354658,0,,,4111,1944,2167,564,277,287,3466,1616,1850,2341,1125,1216,3357,1560,1797,3295,1521,1774,1125,491,634,587,234,353,196,61,135,22,5,17,53,35,18,1634,1631,520,451,323,219,87,23,8,1097,1000,97,158,672,37,200,179
52354659,0,,,5752,2729,3023,708,347,361,4911,2302,2609,3342,1638,1704,4733,2213,2520,4625,2155,2470,1569,664,905,839,333,506,287,86,201,22,1,21,95,54,41,2441,2432,840,698,422,324,113,31,4,1564,1448,116,186,989,74,311,295
52354660,0,,,9009,4263,4746,1086,575,511,7367,3425,3942,5013,2431,2582,7167,3320,3847,6905,3173,3732,2354,994,1360,1249,497,752,412,126,286,19,4,15,135,70,65,4169,4169,1542,1319,668,447,141,38,14,2348,2111,237,301,1639,427,500,459
52354661,0,,,7157,3308,3849,912,463,449,5868,2649,3219,4346,1987,2359,5691,2564,3127,5473,2476,2997,1522,662,860,730,301,429,227,76,151,13,1,12,115,55,60,3449,3448,1500,946,494,365,106,28,9,1823,1697,126,264,1044,438,329,351
52354662,0,,,3375,1635,1740,379,191,188,2840,1340,1500,2153,1031,1122,2771,1301,1470,2678,1265,1413,687,309,378,330,138,192,118,40,78,4,1,3,69,32,37,1767,1765,906,405,237,159,53,3,2,846,788,58,122,474,307,154,163
52354663,0,,,8646,4035,4611,975,466,509,7281,3331,3950,4975,2351,2624,7086,3236,3850,6896,3152,3744,2306,980,1326,1242,493,749,393,141,252,24,4,20,282,155,127,4259,4258,1897,1133,660,412,112,29,15,2326,2160,166,276,1598,418,529,470
52354664,0,,,137,69,68,13,7,6,115,57,58,68,33,35,113,56,57,110,56,54,47,24,23,25,12,13,10,7,3,0,0,0,0,0,0,64,64,24,21,10,5,3,1,0,39,35,4,2,35,0,8,12
52354668,0,,,431,215,216,76,41,35,345,167,178,242,122,120,336,162,174,327,158,169,103,45,58,57,26,31,13,5,8,1,0,1,6,4,2,171,171,49,43,33,37,5,4,0,121,113,8,29,72,1,28,22
52354669,0,,,5058,2475,2583,713,385,328,4235,2020,2215,2984,1447,1537,4070,1951,2119,3978,1899,2079,1251,573,678,587,257,330,142,58,84,7,2,5,43,26,17,2195,2195,749,634,362,323,104,19,4,1422,1309,113,235,868,71,291,251
52354670,0,,,2142,1061,1081,211,111,100,1723,834,889,1172,596,576,1675,809,866,1614,772,842,551,238,313,280,109,171,86,28,58,8,2,6,36,18,18,1015,1014,369,363,134,112,30,5,1,544,481,63,51,378,86,119,117
52354671,0,,,2961,1334,1627,374,199,175,2423,1049,1374,1465,704,761,2348,1006,1342,2280,970,1310,958,345,613,586,171,415,305,54,251,61,7,54,66,36,30,1056,1048,314,310,172,193,44,12,3,682,617,65,91,379,56,95,131
52354672,0,,,3106,1434,1672,408,189,219,2539,1166,1373,1934,897,1037,2421,1111,1310,2332,1074,1258,605,269,336,308,133,175,95,36,59,10,3,7,94,44,50,1465,1464,628,354,223,203,49,6,1,828,787,41,110,418,162,140,141
52354673,0,,,6169,2944,3225,749,380,369,5204,2447,2757,3552,1714,1838,5055,2365,2690,4923,2294,2629,1652,733,919,852,362,490,263,93,170,22,7,15,155,82,73,2824,2824,1065,808,468,361,101,12,9,1734,1580,154,225,1110,166,307,374
52354674,0,,,966,446,520,90,50,40,837,371,466,558,255,303,811,356,455,796,350,446,279,116,163,170,60,110,88,26,62,13,3,10,21,10,11,450,449,202,117,59,59,12,0,0,243,219,24,27,157,51,42,43
52354677,0,,,8,8,0,0,0,0,7,7,0,6,6,0,7,7,0,7,7,0,1,1,0,0,0,0,0,0,0,0,0,0,0,0,0,8,8,8,0,0,0,0,0,0,0,0,0,0,1,2,1,0
52354679,0,,,4749,2275,2474,857,437,420,3842,1806,2036,2818,1365,1453,3693,1734,1959,3589,1679,1910,1024,441,583,559,222,337,200,65,135,19,5,14,35,17,18,1714,1709,353,502,366,343,110,30,5,1341,1242,99,251,599,29,130,192
52354680,0,,,1391,730,661,175,76,99,1105,573,532,730,400,330,1083,561,522,1020,515,505,375,173,202,197,97,100,54,19,35,11,4,7,35,24,11,737,736,400,156,81,67,26,5,1,327,300,27,62,247,106,84,89
52354681,0,,,2392,1164,1228,535,306,229,1758,808,950,1393,666,727,1689,778,911,1608,749,859,365,142,223,209,67,142,85,20,65,14,0,14,84,40,44,896,892,300,156,178,183,64,10,1,586,557,29,143,188,85,44,60
52354682,0,,,5145,2486,2659,886,452,434,4049,1926,2123,3276,1572,1704,3861,1832,2029,3688,1757,1931,773,354,419,351,158,193,87,33,54,4,0,4,157,66,91,2193,2191,826,497,374,360,108,24,2,1345,1278,67,250,509,219,130,178
52354683,0,,,5359,2488,2871,818,395,423,4380,2001,2379,3116,1467,1649,4208,1911,2297,4082,1852,2230,1264,534,730,653,245,408,244,76,168,16,3,13,110,53,57,2259,2257,751,626,392,344,111,26,7,1475,1347,128,227,814,122,219,272
52354684,0,,,510,243,267,33,21,12,445,204,241,263,122,141,434,202,232,431,199,232,182,82,100,90,33,57,25,9,16,4,1,3,15,7,8,290,290,151,83,37,13,6,0,0,137,126,11,5,137,14,57,38
52354685,0,,,128,78,50,11,5,6,117,73,44,84,56,28,114,72,42,111,71,40,33,17,16,18,6,12,9,5,4,0,0,0,1,0,1,69,69,43,6,10,7,3,0,0,26,20,6,3,24,32,6,1
52354689,0,,,2336,1144,1192,276,130,146,2018,990,1028,1264,668,596,1942,929,1013,1906,906,1000,754,322,432,410,165,245,135,53,82,12,1,11,18,5,13,942,937,286,265,182,140,40,18,6,641,546,95,106,496,22,133,151
52354690,0,,,604,358,246,51,26,25,533,322,211,412,267,145,510,310,200,396,204,192,121,55,66,54,24,30,11,4,7,2,0,2,13,9,4,211,210,84,53,28,30,9,4,2,125,108,17,11,82,23,20,25
52354691,0,,,1562,792,770,107,47,60,1294,663,631,807,456,351,1269,646,623,1206,602,604,487,207,280,304,128,176,128,42,86,21,3,18,105,56,49,808,804,495,157,78,56,12,3,3,303,269,34,34,246,149,74,80
52354692,0,,,3251,1477,1774,262,142,120,2793,1268,1525,1323,670,653,2730,1236,1494,2691,1214,1477,1470,598,872,929,364,565,338,111,227,25,3,22,39,21,18,1125,1116,562,248,135,118,40,8,5,545,487,58,55,538,56,263,111
52354693,0,,,4390,2086,2304,657,353,304,3605,1667,1938,2486,1197,1289,3459,1597,1862,3350,1547,1803,1119,470,649,630,242,388,233,78,155,33,6,27,83,31,52,1750,1744,531,474,311,318,85,20,5,1200,1096,104,174,658,53,182,210
52354695,0,,,538,267,271,56,36,20,465,222,243,279,132,147,453,217,236,447,215,232,186,90,96,98,46,52,25,9,16,0,0,0,7,4,3,226,226,70,77,37,22,9,8,3,155,131,24,11,122,1,30,37
52354699,0,,,2039,935,1104,220,107,113,1778,803,975,989,494,495,1733,777,956,1701,762,939,789,309,480,445,144,301,182,33,149,35,1,34,18,7,11,824,820,263,275,137,93,37,13,2,540,486,54,50,422,14,117,134
52354700,0,,,9874,4622,5252,1649,808,841,8015,3682,4333,5788,2750,3038,7743,3530,4213,7587,3451,4136,2227,932,1295,1100,435,665,302,95,207,22,2,20,126,62,64,4245,4241,1309,1286,825,656,144,18,3,2902,2775,127,523,1531,109,528,523
52354701,0,,,702,333,369,88,45,43,608,284,324,442,208,234,576,273,303,558,263,295,166,76,90,91,37,54,35,11,24,2,0,2,35,17,18,267,267,55,89,57,36,26,4,0,207,187,20,24,117,4,32,36
52354703,0,,,1212,558,654,169,76,93,1028,475,553,671,316,355,988,460,528,958,448,510,357,159,198,184,73,111,49,12,37,2,0,2,9,7,2,428,428,88,122,81,82,30,18,7,338,276,62,42,241,8,43,69
52354704,0,,,3869,1821,2048,755,380,375,3105,1439,1666,2029,1011,1018,2969,1359,1610,2908,1329,1579,1076,428,648,637,237,400,221,55,166,26,6,20,21,10,11,1284,1280,196,350,278,329,105,17,5,1079,975,104,166,591,3,126,205
52354705,0,,,11413,5637,5776,1873,961,912,8759,4303,4456,7369,3664,3705,8486,4167,4319,8261,4055,4206,1390,639,751,604,268,336,118,46,72,8,2,6,154,85,69,5660,5659,2825,1110,804,732,149,30,9,2808,2662,146,591,928,738,229,331
52354706,0,,,7889,3898,3991,964,513,451,6394,3129,3265,4645,2348,2297,6168,3010,3158,5970,2908,3062,1749,781,968,933,404,529,232,78,154,20,2,18,91,45,46,3799,3797,1813,827,530,452,134,30,11,1948,1781,167,262,1076,523,241,388
52354707,0,,,5280,2709,2571,780,402,378,4207,2168,2039,3394,1797,1597,4050,2075,1975,3910,2004,1906,813,371,442,408,181,227,97,34,63,6,2,4,47,23,24,2300,2299,964,441,373,361,120,30,10,1321,1199,122,259,529,173,111,155
52354708,0,,,2613,1316,1297,753,378,375,1835,926,909,1454,778,676,1788,899,889,1740,866,874,381,148,233,227,75,152,99,18,81,24,0,24,74,42,32,874,872,221,137,145,278,74,15,2,646,595,51,218,193,54,36,58
52354709,0,,,1833,910,923,399,194,205,1434,716,718,1153,591,562,1394,694,700,1363,680,683,281,125,156,117,45,72,26,8,18,3,0,3,24,17,7,609,609,79,159,155,135,62,12,7,524,466,58,121,183,15,21,53
52354713,0,,,619,301,318,77,35,42,534,263,271,416,203,213,497,246,251,482,238,244,118,60,58,55,23,32,16,7,9,2,0,2,6,2,4,261,261,88,67,43,49,12,2,0,169,156,13,22,79,1,29,21
52354714,0,,,3088,1533,1555,384,192,192,2576,1280,1296,1700,863,837,2517,1253,1264,2469,1223,1246,876,417,459,447,194,253,171,52,119,23,2,21,61,31,30,1402,1401,691,272,188,184,45,18,3,701,623,78,135,466,175,145,141
52354715,0,,,1900,913,987,285,133,152,1584,768,816,1005,504,501,1541,749,792,1503,727,776,579,264,315,287,133,154,68,24,44,4,0,4,19,8,11,758,758,199,226,150,138,29,13,3,555,487,68,81,363,29,70,139
52354716,0,,,5298,2631,2667,809,420,389,4269,2112,2157,3237,1666,1571,4165,2063,2102,4059,2003,2056,1032,446,586,558,231,327,156,48,108,10,3,7,111,58,53,2458,2457,1060,544,415,321,92,20,5,1369,1239,130,252,695,256,190,180
52354717,0,,,5624,2899,2725,758,423,335,4658,2380,2278,3581,1878,1703,4484,2283,2201,4372,2229,2143,1077,502,575,536,245,291,134,52,82,12,2,10,139,59,80,2512,2510,992,601,423,350,112,25,7,1480,1353,127,261,714,188,173,223
52354718,0,,,2918,1501,1417,419,207,212,2380,1235,1145,1859,1007,852,2283,1186,1097,2221,1151,1070,521,228,293,265,117,148,70,19,51,1,0,1,47,26,21,1343,1342,600,308,183,163,64,16,8,725,659,66,133,331,100,82,105
52354719,0,,,1939,947,992,308,167,141,1631,780,851,1197,587,610,1527,729,798,1473,698,775,434,193,241,175,79,96,30,8,22,4,0,4,42,17,25,705,705,143,202,147,135,59,17,2,556,498,58,63,293,5,76,86
52354723,0,,,159,79,80,18,7,11,141,72,69,88,45,43,141,72,69,137,69,68,53,27,26,25,13,12,10,6,4,0,0,0,1,0,1,55,55,9,15,11,15,3,2,0,44,34,10,8,35,0,7,7
52354724,0,,,1747,823,924,219,112,107,1515,704,811,896,451,445,1472,683,789,1442,664,778,619,253,366,364,132,232,158,43,115,21,2,19,4,1,3,547,517,74,143,105,118,35,25,17,439,332,107,53,315,1,53,77
52354725,0,,,2875,1448,1427,320,167,153,2436,1225,1211,1771,932,839,2362,1187,1175,2320,1162,1158,665,293,372,353,151,202,92,35,57,9,2,7,36,24,12,1304,1304,520,345,203,158,53,18,7,765,676,89,92,450,79,121,130
52354726,0,,,10970,5303,5667,1267,650,617,9281,4458,4823,6920,3418,3502,8976,4287,4689,8769,4186,4583,2361,1040,1321,1132,475,657,311,122,189,19,2,17,108,51,57,5138,5136,2041,1428,837,671,119,22,18,3064,2891,173,436,1609,275,508,544
52354727,0,,,10910,5395,5515,1603,836,767,9035,4426,4609,7201,3585,3616,8688,4256,4432,8448,4139,4309,1834,841,993,862,392,470,235,93,142,15,3,12,163,71,92,4878,4876,1827,1261,849,736,159,37,7,3006,2846,160,471,1235,342,355,410
52354728,0,,,4456,2182,2274,857,429,428,3595,1751,1844,2989,1490,1499,3448,1666,1782,3341,1618,1723,606,261,345,303,118,185,87,25,62,11,3,8,66,30,36,1681,1678,407,433,389,319,97,29,4,1244,1149,95,322,390,83,89,97
52354729,0,,,5572,2755,2817,969,491,478,4562,2245,2317,3460,1735,1725,4405,2170,2235,4300,2117,2183,1102,510,592,512,230,282,120,43,77,7,1,6,131,70,61,2196,2195,599,589,469,373,124,31,10,1564,1427,137,352,720,87,160,233
52354733,0,,,1001,477,524,67,35,32,919,436,483,558,276,282,898,427,471,878,417,461,361,160,201,192,80,112,69,25,44,4,0,4,0,0,0,350,350,69,98,75,58,27,18,5,279,201,78,9,238,0,44,49
52354734,0,,,1399,663,736,206,92,114,1185,568,617,784,376,408,1144,545,599,1122,535,587,401,192,209,202,93,109,53,20,33,1,0,1,12,3,9,487,487,73,138,125,102,39,3,7,412,353,59,54,249,2,39,81
52354735,0,,,6982,3364,3618,795,402,393,6007,2884,3123,3723,1886,1837,5826,2786,3040,5711,2732,2979,2284,998,1286,1201,535,666,260,95,165,19,6,13,94,44,50,3118,3115,1128,893,542,397,108,35,12,1956,1768,188,234,1527,81,464,480
52354736,0,,,8696,4365,4331,973,520,453,7387,3692,3695,5174,2720,2454,7176,3581,3595,7026,3516,3510,2213,972,1241,1173,491,682,389,107,282,58,5,53,131,57,74,4253,4249,1969,1099,601,417,123,31,9,2241,2078,163,301,1357,392,426,484
52354737,0,,,8972,4546,4426,1414,715,699,7360,3738,3622,5712,2963,2749,7036,3568,3468,6854,3475,3379,1648,775,873,750,353,397,158,63,95,9,2,7,87,41,46,3898,3898,1411,973,672,654,152,31,5,2451,2302,149,416,1091,353,263,398
52354738,0,,,4084,2071,2013,635,314,321,3405,1737,1668,2814,1469,1345,3271,1656,1615,3171,1605,1566,591,268,323,267,111,156,82,25,57,9,2,7,178,117,61,1741,1740,610,462,305,251,83,21,8,1099,1005,94,223,371,199,87,113
52354739,0,,,1876,952,924,318,160,158,1530,778,752,1244,645,599,1493,761,732,1458,742,716,286,133,153,140,61,79,44,18,26,6,1,5,29,13,16,781,781,249,214,157,109,35,7,10,509,459,50,133,187,46,45,45
52354743,0,,,29,14,15,3,0,3,25,13,12,17,9,8,25,13,12,25,13,12,8,4,4,5,2,3,4,2,2,2,1,1,0,0,0,9,9,3,1,1,2,0,1,1,6,3,3,2,4,0,0,0
52354744,0,,,1670,799,871,251,129,122,1409,666,743,901,433,468,1371,652,719,1343,640,703,508,233,275,219,84,135,74,18,56,5,0,5,8,5,3,558,558,86,143,135,121,39,24,10,467,348,119,60,328,3,49,84
52354745,0,,,1624,777,847,410,191,219,1177,570,607,887,444,443,1129,546,583,1089,520,569,290,126,164,148,60,88,51,13,38,4,1,3,16,10,6,543,542,110,118,102,134,58,12,8,428,378,50,90,179,13,35,59
52354746,0,,,2658,1320,1338,611,324,287,2025,986,1039,1564,769,795,1912,928,984,1852,897,955,461,217,244,188,84,104,60,20,40,8,0,8,12,5,7,904,903,162,204,202,228,91,15,1,737,668,69,149,291,11,69,94
52354747,0,,,7099,3477,3622,1163,588,575,5925,2886,3039,4285,2111,2174,5687,2772,2915,5514,2681,2833,1640,775,865,661,324,337,148,52,96,6,2,4,106,48,58,2711,2711,567,861,554,542,148,34,5,2116,1982,134,331,1042,124,204,419
52354748,0,,,10944,5228,5716,1782,886,896,9054,4296,4758,7620,3654,3966,8565,4058,4507,8255,3912,4343,1434,642,792,679,280,399,166,50,116,12,2,10,105,41,64,4243,4240,969,1220,997,842,177,28,7,3207,3069,138,505,948,119,225,308
52354749,0,,,1739,877,862,399,217,182,1313,648,665,1033,520,513,1271,624,647,1241,612,629,280,128,152,154,60,94,70,26,44,3,1,2,49,34,15,646,646,168,148,123,150,39,15,3,474,423,51,100,194,27,73,48
52354754,0,,,194,90,104,25,12,13,169,78,91,108,53,55,166,75,91,157,72,85,61,25,36,32,12,20,11,2,9,2,0,2,0,0,0,51,51,0,11,15,11,8,2,4,51,28,23,7,36,0,0,9
52354755,0,,,767,371,396,95,53,42,671,318,353,417,205,212,660,314,346,647,309,338,254,113,141,125,55,70,29,12,17,1,0,1,2,0,2,261,261,49,74,48,54,18,10,8,212,160,52,22,170,0,34,37
52354756,0,,,1427,686,741,241,116,125,1181,567,614,724,359,365,1154,555,599,1131,544,587,457,208,249,200,90,110,67,19,48,10,0,10,10,4,6,492,490,80,152,95,112,32,14,5,403,339,64,73,272,2,49,94
52354757,0,,,1527,769,758,257,128,129,1255,630,625,932,480,452,1202,603,599,1173,590,583,323,150,173,121,55,66,32,14,18,2,0,2,45,37,8,592,592,161,151,130,99,38,6,7,426,380,46,76,212,34,41,76
52354758,0,,,8302,4117,4185,1224,632,592,6933,3404,3529,5467,2706,2761,6631,3256,3375,6406,3161,3245,1466,698,768,646,326,320,139,68,71,4,2,2,73,29,44,3332,3332,981,855,676,592,171,43,14,2314,2138,176,333,944,205,175,334
52354759,0,,,5453,2739,2714,985,512,473,4314,2137,2177,3567,1793,1774,4112,2051,2061,4010,2005,2005,747,344,403,357,150,207,98,30,68,13,2,11,141,60,81,2365,2363,911,529,380,415,100,21,7,1435,1357,78,285,511,214,157,165
52354760,0,,,451,217,234,42,25,17,406,191,215,237,114,123,398,188,210,394,187,207,169,77,92,82,32,50,22,6,16,3,0,3,0,0,0,169,169,33,60,29,29,15,2,1,136,108,28,10,107,0,21,35
52354763,0,,,54,25,29,11,6,5,43,19,24,27,13,14,42,18,24,41,18,23,16,6,10,4,1,3,1,0,1,0,0,0,0,0,0,18,18,1,6,6,2,3,0,0,17,11,6,4,11,0,0,3
52354764,0,,,425,212,213,50,29,21,374,183,191,226,113,113,361,175,186,356,172,184,148,70,78,67,28,39,20,9,11,1,0,1,2,1,1,144,144,22,39,39,24,13,4,3,122,93,29,13,91,0,13,25
52354765,0,,,1162,578,584,143,75,68,1014,501,513,591,297,294,987,489,498,975,481,494,423,204,219,168,77,91,54,22,32,1,0,1,2,0,2,398,397,55,138,78,67,37,14,8,340,263,77,34,268,0,39,84
52354766,0,,,1131,543,588,241,115,126,879,421,458,638,312,326,838,401,437,825,395,430,241,109,132,98,40,58,33,10,23,5,2,3,6,4,2,360,359,40,101,71,87,41,13,6,313,261,52,45,153,4,19,43
52354767,0,,,2013,971,1042,246,121,125,1745,839,906,1051,510,541,1686,805,881,1647,786,861,694,329,365,316,153,163,94,26,68,10,0,10,8,5,3,751,750,146,267,155,106,54,13,9,593,518,75,57,413,16,62,164
52354768,0,,,6243,3039,3204,1083,537,546,5002,2406,2596,3728,1822,1906,4741,2262,2479,4579,2191,2388,1274,584,690,642,297,345,177,67,110,14,4,10,122,26,96,2379,2378,651,569,454,511,144,36,13,1698,1554,144,264,829,125,175,288
52354769,0,,,9924,4692,5232,1501,763,738,8322,3872,4450,6213,2952,3261,8031,3730,4301,7818,3636,4182,2109,920,1189,1059,433,626,307,104,203,15,6,9,97,46,51,4109,4108,1218,1191,795,664,186,35,19,2864,2628,236,424,1450,151,430,457
52354770,1,,52354771,2578,1289,1289,447,231,216,2071,1018,1053,1514,759,755,1996,978,1018,1935,944,991,557,259,298,259,95,164,101,31,70,8,3,5,31,11,20,999,997,266,268,197,185,66,14,2,716,630,86,145,361,33,80,111
52354771,2,52354770,,2,1,1,*,*,*,*,*,*,*,*,*,*,*,*,*,*,*,*,*,*,*,*,*,*,*,*,*,*,*,*,*,*,1,1,*,*,*,*,*,*,*,*,*,*,*,*,*,*,*
52354774,0,,,115,57,58,6,5,1,109,52,57,72,36,36,107,51,56,104,49,55,37,16,21,21,9,12,10,5,5,0,0,0,0,0,0,39,39,8,9,9,6,4,3,0,30,19,11,3,25,0,4,6
52354775,0,,,732,352,380,66,31,35,665,321,344,396,198,198,644,312,332,635,307,328,269,123,146,124,53,71,35,12,23,5,2,3,2,1,1,241,241,38,64,53,52,17,8,9,203,148,55,17,160,1,22,36
52354776,0,,,1455,735,720,278,154,124,1176,580,596,880,432,448,1128,558,570,1097,543,554,296,148,148,134,66,68,37,14,23,0,0,0,5,5,0,457,457,51,117,97,116,49,20,7,403,336,67,82,198,3,30,49
52354777,0,,,312,143,169,52,22,30,258,120,138,168,84,84,242,112,130,235,110,125,90,36,54,48,17,31,19,5,14,3,0,3,2,1,1,100,99,20,23,21,19,9,4,3,79,64,15,7,50,0,13,9
52354778,0,,,1288,621,667,194,105,89,1067,501,566,837,398,439,1044,489,555,1026,480,546,230,103,127,101,40,61,42,8,34,9,0,9,6,1,5,573,570,239,136,95,80,16,3,1,324,302,22,70,122,111,21,51
52354779,0,,,5567,2772,2795,885,435,450,4579,2278,2301,3515,1792,1723,4376,2167,2209,4243,2109,2134,1064,486,578,592,262,330,168,68,100,13,5,8,63,30,33,2257,2251,728,586,386,381,143,21,6,1505,1403,102,243,663,107,201,201
52354780,0,,,6444,3082,3362,1057,513,544,5251,2487,2764,3950,1924,2026,5079,2401,2678,4947,2338,2609,1301,563,738,611,249,362,163,60,103,11,0,11,76,38,38,2722,2718,878,751,503,432,130,19,5,1804,1676,128,332,899,125,288,255
52354781,0,,,31,13,18,0,0,0,31,13,18,16,7,9,31,13,18,31,13,18,15,6,9,5,1,4,1,0,1,0,0,0,0,0,0,13,13,4,3,3,3,0,0,0,8,6,2,0,11,0,4,3
52354786,0,,,732,358,374,67,42,25,665,316,349,397,190,207,640,304,336,626,297,329,268,126,142,140,64,76,56,23,33,3,1,2,0,0,0,254,254,33,86,54,48,27,4,2,219,173,46,20,161,0,23,51
52354787,0,,,456,223,233,74,38,36,382,185,197,232,106,126,372,179,193,368,178,190,150,79,71,65,34,31,12,6,6,1,1,0,0,0,0,148,147,12,53,32,29,13,4,4,135,113,22,21,91,0,8,39
52354788,0,,,3389,1680,1709,646,320,326,2724,1347,1377,1955,972,983,2612,1275,1337,2537,1238,1299,769,375,394,356,186,170,68,32,36,6,1,5,44,13,31,1195,1194,196,348,257,281,83,21,8,994,907,87,216,481,18,82,184
52354789,0,,,6350,3138,3212,947,486,461,5332,2609,2723,3803,1900,1903,5117,2491,2626,4974,2419,2555,1529,709,820,739,340,399,176,61,115,9,1,8,127,27,100,2503,2502,701,683,471,433,156,49,9,1778,1582,196,248,968,126,165,360
52354790,0,,,3857,1821,2036,342,185,157,3432,1585,1847,1816,867,949,3326,1526,1800,3265,1492,1773,1616,718,898,783,353,430,202,75,127,11,3,8,17,7,10,1679,1679,458,654,297,181,67,14,8,1207,1105,102,90,1040,4,273,415
52354791,0,,,192,98,94,21,8,13,147,77,70,104,55,49,141,74,67,135,69,66,43,22,21,19,10,9,4,3,1,0,0,0,0,0,0,91,91,47,15,15,4,7,2,1,44,35,9,6,31,2,10,6
52354796,0,,,124,65,59,8,4,4,116,61,55,75,45,30,113,60,53,110,58,52,41,16,25,23,8,15,6,2,4,1,0,1,0,0,0,47,47,11,13,10,8,5,0,0,36,30,6,2,28,0,7,8
52354797,0,,,1397,714,683,186,102,84,1211,612,599,739,383,356,1185,599,586,1160,586,574,472,229,243,206,98,108,66,25,41,7,3,4,1,0,1,457,457,60,144,89,93,34,23,14,396,299,97,50,297,0,37,83
52354798,0,,,1979,949,1030,292,154,138,1667,784,883,1044,525,519,1616,766,850,1587,749,838,623,259,364,313,137,176,83,31,52,8,2,6,58,26,32,796,795,230,245,146,114,34,17,9,560,480,80,112,399,10,112,118
52354799,0,,,2730,1366,1364,525,276,249,2157,1066,1091,1593,810,783,2039,1012,1027,1978,980,998,564,256,308,273,124,149,60,23,37,3,1,2,13,7,6,936,936,192,208,185,233,84,27,7,735,641,94,122,361,18,73,109
52355000,1,,52355010,600,274,326,61,23,38,541,247,294,303,159,144,533,241,292,526,237,289,238,88,150,165,51,114,94,19,75,19,2,17,73,39,34,245,242,129,49,23,26,11,7,1,116,94,22,19,83,49,18,31
52355001,0,,,232,105,127,35,18,17,197,87,110,108,49,59,194,85,109,194,85,109,89,38,51,44,19,25,19,3,16,1,0,1,4,2,2,86,84,20,28,15,9,7,5,0,64,45,19,8,55,1,14,15
52355002,0,,,255,132,123,18,14,4,237,118,119,132,67,65,231,114,117,224,109,115,105,51,54,57,27,30,25,12,13,3,0,3,1,0,1,88,88,14,34,14,11,7,5,3,74,51,23,5,68,0,9,20
52355003,0,,,201,94,107,21,11,10,180,83,97,109,55,54,176,81,95,174,80,94,71,28,43,44,14,30,21,7,14,1,0,1,2,1,1,83,83,23,27,20,6,4,1,2,60,48,12,5,49,0,17,10
52355004,0,,,51,28,23,3,2,1,48,26,22,23,14,9,46,25,21,46,25,21,25,12,13,16,8,8,3,1,2,2,1,1,0,0,0,22,22,4,11,4,2,1,0,0,18,14,4,0,15,0,2,5
52355005,0,,,154,71,83,28,15,13,126,56,70,67,29,38,125,55,70,123,55,68,59,27,32,30,12,18,10,2,8,0,0,0,1,0,1,52,52,11,18,4,6,9,2,2,41,29,12,4,39,0,10,11
52355006,0,,,140,67,73,13,6,7,127,61,66,62,32,30,125,59,66,124,59,65,65,29,36,30,11,19,17,4,13,4,1,3,0,0,0,55,55,9,25,11,5,3,1,1,46,35,11,1,41,0,9,13
52355007,0,,,268,134,134,24,16,8,244,118,126,145,75,70,233,111,122,228,110,118,99,43,56,56,24,32,27,12,15,2,0,2,0,0,0,112,112,37,31,22,12,8,0,2,75,62,13,7,69,0,28,16
52355008,1,,52355009,170,74,96,20,7,13,158,71,87,72,32,40,154,71,83,154,71,83,86,39,47,45,17,28,20,8,12,2,0,2,10,3,7,74,74,30,27,6,4,5,3,2,47,35,12,3,56,8,19,16
52355009,2,52355008,,8,4,4,*,*,*,*,*,*,*,*,*,*,*,*,*,*,*,*,*,*,*,*,*,*,*,*,*,*,*,*,*,*,3,3,*,*,*,*,*,*,*,*,*,*,*,*,*,*,*
52355010,2,52355000,,9,2,7,*,*,*,*,*,*,*,*,*,*,*,*,*,*,*,*,*,*,*,*,*,*,*,*,*,*,*,*,*,*,4,4,*,*,*,*,*,*,*,*,*,*,*,*,*,*,*
52355011,0,,,12,4,8,2,0,2,10,4,6,6,2,4,10,4,6,10,4,6,4,2,2,2,1,1,0,0,0,0,0,0,2,0,2,6,6,3,1,1,1,0,0,0,3,2,1,1,2,1,0,1
52355013,0,,,26,11,15,4,1,3,22,10,12,15,6,9,22,10,12,22,10,12,7,4,3,5,2,3,2,1,1,0,0,0,0,0,0,8,8,1,3,3,0,0,0,1,7,5,2,1,5,0,0,1
52355014,0,,,73,39,34,3,2,1,69,36,33,32,18,14,66,35,31,65,35,30,37,18,19,21,11,10,4,2,2,1,0,1,0,0,0,36,36,11,16,6,3,0,0,0,25,23,2,1,23,0,5,11
52355015,0,,,50,20,30,9,4,5,41,16,25,32,12,20,40,15,25,40,15,25,9,4,5,5,2,3,1,0,1,0,0,0,8,0,8,21,21,10,3,3,2,2,0,1,11,9,2,2,6,2,2,2
52355018,0,,,83,39,44,4,1,3,79,38,41,43,24,19,77,38,39,75,37,38,36,14,22,22,7,15,12,3,9,1,0,1,1,0,1,29,29,5,6,11,4,2,0,1,24,16,8,0,24,0,5,4
52355020,0,,,46,22,24,5,1,4,41,21,20,28,16,12,38,20,18,38,20,18,13,5,8,8,3,5,4,1,3,1,0,1,0,0,0,15,15,1,4,5,3,2,0,0,14,12,2,0,8,0,1,2
52355024,1,,52355034,78,38,40,7,3,4,84,41,43,53,28,25,82,40,42,80,39,41,31,13,18,15,6,9,8,3,5,0,0,0,1,0,1,30,30,7,9,9,4,2,1,1,26,18,8,1,23,0,6,3
52355029,0,,,16,7,9,2,1,1,14,6,8,10,6,4,14,6,8,14,6,8,4,0,4,2,0,2,2,0,2,0,0,0,0,0,0,6,6,2,1,1,1,1,0,0,4,2,2,1,4,1,1,0
52355030,0,,,21,10,11,1,1,0,20,9,11,11,4,7,20,9,11,20,9,11,9,5,4,5,2,3,1,1,0,0,0,0,1,1,0,8,8,1,3,3,0,1,0,0,7,5,2,1,6,0,1,2
52355031,0,,,14,6,8,0,0,0,14,6,8,9,5,4,14,6,8,14,6,8,5,1,4,5,1,4,2,0,2,0,0,0,0,0,0,8,8,4,3,0,1,0,0,0,3,3,0,0,4,0,2,1
52355034,2,52355024,,13,6,7,*,*,*,*,*,*,*,*,*,*,*,*,*,*,*,*,*,*,*,*,*,*,*,*,*,*,*,*,*,*,3,3,*,*,*,*,*,*,*,*,*,*,*,*,*,*,*
52355036,0,,,96,46,50,20,12,8,76,34,42,49,24,25,72,32,40,71,31,40,27,10,17,18,7,11,10,4,6,1,0,1,0,0,0,31,31,4,10,8,4,1,2,2,26,19,7,5,18,0,3,3
52355037,0,,,234,115,119,17,7,10,216,107,109,107,58,49,210,102,108,206,100,106,109,49,60,58,24,34,17,6,11,0,0,0,0,0,0,93,93,24,32,15,13,6,2,1,68,53,15,2,72,0,19,21
52355039,0,,,49,25,24,4,3,1,45,22,23,24,10,14,44,22,22,43,22,21,21,12,9,12,6,6,4,1,3,1,1,0,0,0,0,20,20,6,7,2,2,3,0,0,13,8,5,1,15,0,5,2
52355040,0,,,130,60,70,18,8,10,112,52,60,57,28,29,110,52,58,108,50,58,55,24,31,27,14,13,5,2,3,2,1,1,0,0,0,43,43,8,13,9,4,5,2,2,35,25,10,4,35,0,7,9
52355041,0,,,11,6,5,0,0,0,11,6,5,5,3,2,11,6,5,11,6,5,6,3,3,3,1,2,0,0,0,0,0,0,0,0,0,4,4,1,1,1,0,1,0,0,3,1,2,0,4,0,1,1
52355045,0,,,190,93,97,13,8,5,177,85,92,111,61,50,173,84,89,171,84,87,66,24,42,36,12,24,14,4,10,0,0,0,2,0,2,75,75,23,23,10,10,6,2,1,52,36,16,6,46,1,15,7
52355046,0,,,730,342,388,92,44,48,638,298,340,370,186,184,614,287,327,604,282,322,268,112,156,118,49,69,44,10,34,3,0,3,0,0,0,288,288,65,105,54,38,17,7,2,223,187,36,23,173,2,39,52
52355047,0,,,159,80,79,20,11,9,139,69,70,81,44,37,133,66,67,131,65,66,58,25,33,28,13,15,9,3,6,0,0,0,0,0,0,53,53,9,14,10,13,3,3,1,44,29,15,4,34,2,4,10
52355048,0,,,19,12,7,0,0,0,19,12,7,10,8,2,19,12,7,19,12,7,9,4,5,3,2,1,0,0,0,0,0,0,0,0,0,11,11,6,3,1,1,0,0,0,5,5,0,0,6,3,1,2
52355050,0,,,220,100,120,26,15,11,194,85,109,101,45,56,189,84,105,188,84,104,93,40,53,53,22,31,16,5,11,1,0,1,1,0,1,81,81,14,32,17,7,5,4,2,67,46,21,6,62,0,10,20
52355051,0,,,32,14,18,2,2,0,30,12,18,18,7,11,28,12,16,28,12,16,12,5,7,5,1,4,2,1,1,0,0,0,0,0,0,11,11,1,4,2,3,1,0,0,10,8,2,0,9,0,1,1
52355053,0,,,236,106,130,30,9,21,206,97,109,130,63,67,196,89,107,191,87,104,76,34,42,38,14,24,18,5,13,2,1,1,0,0,0,76,76,14,14,19,17,7,1,4,62,39,23,7,44,1,7,9
52355054,0,,,491,239,252,87,39,48,404,200,204,296,151,145,382,190,192,373,185,188,108,49,59,48,17,31,14,5,9,0,0,0,4,1,3,185,185,43,57,37,29,11,6,2,141,122,19,17,71,8,11,23
52355055,0,,,572,300,272,56,29,27,498,258,240,355,198,157,483,249,234,477,245,232,143,60,83,88,32,56,38,12,26,5,2,3,5,2,3,264,260,133,58,32,25,7,3,2,125,108,17,19,77,43,24,22
52355056,0,,,1775,806,969,219,102,117,1544,698,846,931,448,483,1486,673,813,1460,664,796,613,250,363,342,131,211,135,51,84,7,2,5,14,6,8,766,765,276,223,117,83,36,24,6,489,388,101,53,416,34,128,118
52355057,0,,,16,7,9,2,0,2,14,7,7,14,7,7,12,5,7,11,5,6,0,0,0,0,0,0,0,0,0,0,0,0,0,0,0,7,7,4,0,1,1,1,0,0,3,3,0,0,0,0,0,0
52355060,0,,,12,6,6,0,0,0,12,6,6,4,3,1,12,6,6,12,6,6,8,3,5,3,1,2,1,1,0,0,0,0,0,0,0,5,5,0,4,0,1,0,0,0,5,5,0,0,5,0,0,2
52355061,0,,,128,67,61,8,7,1,120,60,60,66,36,30,112,54,58,110,54,56,54,24,30,18,7,11,8,2,6,1,0,1,0,0,0,45,45,9,17,5,7,2,3,2,36,19,17,2,35,0,7,11
52355062,0,,,144,70,74,20,10,10,124,60,64,65,35,30,118,57,61,116,56,60,59,25,34,25,7,18,10,3,7,2,0,2,0,0,0,50,50,10,17,8,5,6,2,2,40,29,11,4,37,0,8,12
52355063,0,,,566,247,319,73,39,34,492,207,285,261,133,128,476,198,278,466,192,274,231,74,157,158,38,120,104,16,88,24,2,22,0,0,0,176,175,36,56,33,28,16,2,4,137,109,28,21,97,5,16,29
52355064,0,,,1376,699,677,208,111,97,1148,578,570,921,469,452,1090,546,544,1065,536,529,227,109,118,78,34,44,14,5,9,2,0,2,46,27,19,602,595,211,164,106,79,29,5,1,374,354,20,71,162,28,54,41
52355065,0,,,2167,1060,1107,346,191,155,1797,852,945,1352,651,701,1720,813,907,1679,789,890,445,201,244,198,87,111,49,19,30,3,1,2,68,27,41,911,911,277,292,146,128,55,10,3,625,571,54,101,306,45,95,111
52355066,0,,,359,168,191,46,23,23,310,143,167,203,99,104,304,140,164,298,138,160,107,44,63,66,23,43,28,9,19,4,1,3,1,1,0,148,147,51,44,22,20,7,2,1,94,84,10,10,61,3,21,21
52355071,0,,,751,355,396,92,48,44,658,306,352,366,186,180,640,293,347,627,289,338,292,120,172,193,71,122,96,21,75,22,2,20,8,7,1,218,215,44,60,44,28,20,11,8,171,121,50,25,116,8,18,30
52355072,0,,,265,147,118,40,29,11,225,118,107,139,76,63,215,111,104,209,105,104,86,42,44,46,21,25,15,5,10,1,0,1,0,0,0,95,95,18,36,13,14,7,6,1,77,59,18,8,58,0,11,24
52355073,0,,,315,150,165,41,21,20,274,129,145,158,76,82,266,125,141,260,123,137,116,53,63,52,21,31,26,9,17,3,0,3,1,0,1,125,125,32,36,29,21,4,2,1,92,73,19,11,77,1,21,19
52355074,0,,,1280,617,663,195,102,93,1049,490,559,843,414,429,1007,467,540,989,460,529,206,76,130,111,30,81,50,9,41,5,0,5,33,14,19,589,584,272,114,95,70,23,9,1,302,267,35,67,131,70,47,22
52355075,0,,,633,286,347,90,50,40,535,233,302,353,157,196,517,228,289,504,221,283,182,76,106,89,28,61,33,11,22,6,1,5,9,5,4,248,248,86,55,38,38,20,6,5,160,114,46,28,122,22,29,33
52355079,0,,,275,136,139,31,13,18,244,123,121,157,80,77,242,122,120,239,122,117,87,43,44,43,19,24,24,11,13,0,0,0,0,0,0,93,93,14,29,18,20,7,2,3,79,58,21,8,57,1,9,14
52355081,0,,,192,112,80,11,6,5,181,106,75,124,82,42,177,103,74,173,100,73,57,24,33,29,11,18,10,3,7,2,1,1,32,32,0,90,90,49,12,15,7,2,1,4,41,25,16,2,38,18,6,8
52355082,0,,,317,155,162,53,31,22,264,124,140,205,100,105,256,120,136,248,115,133,59,24,35,28,14,14,5,3,2,0,0,0,2,0,2,108,108,16,36,25,13,11,4,3,92,76,16,15,40,0,8,10
52355083,0,,,378,170,208,37,19,18,336,148,188,189,89,100,326,144,182,321,143,178,147,59,88,95,31,64,42,8,34,11,1,10,3,1,2,172,172,76,43,20,17,9,6,1,95,68,27,6,105,7,41,23
52355084,0,,,1329,666,663,243,134,109,1052,512,540,826,416,410,1011,488,523,991,479,512,226,96,130,113,48,65,35,10,25,0,0,0,7,2,5,521,520,158,128,101,85,30,13,5,354,308,46,74,151,24,39,32
52355085,0,,,677,322,355,116,67,49,558,253,305,367,165,202,539,244,295,514,234,280,191,88,103,97,41,56,32,9,23,3,1,2,9,1,8,288,287,109,68,51,36,14,5,4,175,155,20,32,127,16,44,35
52355088,0,,,236,118,118,29,16,13,207,102,105,112,58,54,197,98,99,194,96,98,95,44,51,43,20,23,14,6,8,0,0,0,1,0,1,79,79,9,31,13,11,9,5,1,70,51,19,4,56,0,6,22
52355089,0,,,593,313,280,73,37,36,519,275,244,304,172,132,504,266,238,495,260,235,215,103,112,114,52,62,43,13,30,5,0,5,2,1,1,168,159,29,48,33,18,12,8,11,129,85,44,13,125,0,21,29
52355092,0,,,298,160,138,48,28,20,249,131,118,197,104,93,243,128,115,241,126,115,52,27,25,21,12,9,5,2,3,1,0,1,3,1,2,124,124,42,34,20,18,5,4,1,80,66,14,15,36,12,7,9
52355093,0,,,382,205,177,51,29,22,328,175,153,203,114,89,315,165,150,310,161,149,125,61,64,60,28,32,25,9,16,0,0,0,0,0,0,130,130,26,33,29,22,11,4,5,103,71,32,10,70,5,5,16
52355094,0,,,319,171,148,33,17,16,283,151,132,191,111,80,274,146,128,268,144,124,92,40,52,49,20,29,18,6,12,0,0,0,21,15,6,128,127,39,40,20,15,8,5,0,88,66,22,9,55,11,4,15
52355095,0,,,112,56,56,14,7,7,98,49,49,55,28,27,94,47,47,92,46,46,43,21,22,23,11,12,8,2,6,0,0,0,4,3,1,39,39,11,10,8,2,3,2,3,28,20,8,2,29,3,7,6
52355096,2,52355097,,4,2,2,*,*,*,*,*,*,*,*,*,*,*,*,*,*,*,*,*,*,*,*,*,*,*,*,*,*,*,*,*,*,2,2,*,*,*,*,*,*,*,*,*,*,*,*,*,*,*
52355097,1,,52355096,346,173,173,59,30,29,291,145,146,187,98,89,277,136,141,275,134,141,104,47,57,53,24,29,14,6,8,0,0,0,3,2,1,114,114,18,33,22,25,11,4,3,98,77,21,17,65,0,12,15
52355098,0,,,577,274,303,68,30,38,508,243,265,321,159,162,493,235,258,487,231,256,187,84,103,90,31,59,39,13,26,5,1,4,32,7,25,235,232,89,58,42,18,14,6,5,142,110,32,17,116,30,33,28
52355099,0,,,175,84,91,40,15,25,135,69,66,100,54,46,130,66,64,126,64,62,35,15,20,16,7,9,7,2,5,2,0,2,1,1,0,51,51,5,10,12,12,7,4,1,45,36,9,7,21,1,1,1
52355100,0,,,23,10,13,3,1,2,20,9,11,11,5,6,20,9,11,20,9,11,9,4,5,6,2,4,2,1,1,1,0,1,0,0,0,6,6,0,1,1,3,0,1,0,6,2,4,1,5,0,0,1
52355102,0,,,227,105,122,36,16,20,189,88,101,108,49,59,180,83,97,178,83,95,81,39,42,35,17,18,11,5,6,1,0,1,4,1,3,73,73,11,22,18,8,5,5,4,61,39,22,8,46,4,4,11
52355103,0,,,294,151,143,32,20,12,253,126,127,178,92,86,246,121,125,239,118,121,75,34,41,27,11,16,14,4,10,2,0,2,85,44,41,127,127,42,42,19,14,5,5,0,82,71,11,8,43,1,8,17
52355104,0,,,633,286,347,61,30,31,536,238,298,276,145,131,516,225,291,501,216,285,260,93,167,170,47,123,104,24,80,26,5,21,1,0,1,180,176,37,54,30,30,15,7,3,130,110,20,9,81,4,19,25
52355105,0,,,337,151,186,29,16,13,308,135,173,167,78,89,290,125,165,284,123,161,141,57,84,77,29,48,33,11,22,4,2,2,0,0,0,125,125,19,48,29,13,13,3,0,106,78,28,8,88,0,13,29
52355106,0,,,264,136,128,39,22,17,225,114,111,143,76,67,218,110,108,216,110,106,82,38,44,36,16,20,15,5,10,1,0,1,21,8,13,101,99,19,41,16,11,7,2,3,80,68,12,10,46,0,5,21
52355107,0,,,361,165,196,41,22,19,320,143,177,208,101,107,308,140,168,300,137,163,112,42,70,62,18,44,19,5,14,3,0,3,0,0,0,138,138,31,41,32,23,7,3,1,106,82,24,15,68,4,12,23
52355108,0,,,135,64,71,12,7,5,121,55,66,76,40,36,117,52,65,116,51,65,45,15,30,25,7,18,10,1,9,0,0,0,1,0,1,49,49,11,14,14,4,0,5,1,37,25,12,3,31,0,7,3
52355109,0,,,193,84,109,21,6,15,170,77,93,92,43,49,164,74,90,162,73,89,78,34,44,38,14,24,8,4,4,0,0,0,4,1,3,75,75,18,23,18,7,7,2,0,54,39,15,4,56,0,17,12
52355110,0,,,100,48,52,5,2,3,95,46,49,51,26,25,93,45,48,93,45,48,44,20,24,17,6,11,10,2,8,0,0,0,0,0,0,47,47,15,16,13,1,2,0,0,32,22,10,2,32,0,11,4
52355111,0,,,293,139,154,34,15,19,259,124,135,153,78,75,253,120,133,248,120,128,106,46,60,60,23,37,27,11,16,3,0,3,6,3,3,110,110,26,31,25,18,4,4,2,83,66,17,4,67,2,13,13
52355112,0,,,137,58,79,10,5,5,123,51,72,72,28,44,120,51,69,117,51,66,51,23,28,24,10,14,10,3,7,1,1,0,6,0,6,55,55,15,18,8,9,4,1,0,38,27,11,3,36,6,8,7
52355113,0,,,298,145,153,36,15,21,258,127,131,137,72,65,249,122,127,243,121,122,121,55,66,57,22,35,28,6,22,4,0,4,1,1,0,108,108,22,35,22,13,9,6,1,84,63,21,7,76,0,17,20
52355114,0,,,241,120,121,25,14,11,205,99,106,118,63,55,197,95,102,194,93,101,87,36,51,38,13,25,15,5,10,2,0,2,12,4,8,91,91,18,32,17,14,9,0,1,71,61,10,5,56,0,11,18
52355115,0,,,53,27,26,2,0,2,51,27,24,31,17,14,49,27,22,48,26,22,20,10,10,8,6,2,4,2,2,0,0,0,0,0,0,17,17,1,5,6,2,2,1,0,16,11,5,1,11,0,1,3
52355117,0,,,43,19,24,2,0,2,41,19,22,17,8,9,40,19,21,39,19,20,24,11,13,6,4,2,1,0,1,0,0,0,0,0,0,18,18,3,9,3,2,1,0,0,15,13,2,0,14,0,3,7
52355118,0,,,90,44,46,9,7,2,80,36,44,45,21,24,77,35,42,75,33,42,35,15,20,17,8,9,8,4,4,0,0,0,0,0,0,32,32,4,12,7,5,3,1,0,28,22,6,3,23,0,3,7
52355120,0,,,108,53,55,4,2,2,103,50,53,53,28,25,100,48,52,99,48,51,50,22,28,24,9,15,3,0,3,1,0,1,0,0,0,41,41,11,12,5,11,0,1,1,30,21,9,0,30,0,7,7
52355121,0,,,83,41,42,6,4,2,77,37,40,39,19,20,75,37,38,73,37,36,38,18,20,24,11,13,7,2,5,2,1,1,1,1,0,33,33,6,17,1,7,0,2,0,26,23,3,1,23,0,4,11
52355123,0,,,90,37,53,5,1,4,85,36,49,43,20,23,83,35,48,83,35,48,42,16,26,24,7,17,10,2,8,1,0,1,0,0,0,32,32,6,11,5,7,1,0,2,26,15,11,1,26,0,5,6
52355124,0,,,259,127,132,38,17,21,217,108,109,159,78,81,205,103,102,199,101,98,58,30,28,27,15,12,5,2,3,0,0,0,1,1,0,84,84,13,25,11,20,8,6,1,70,56,14,7,38,0,8,13
52355127,0,,,85,43,42,8,5,3,77,38,39,43,19,24,76,37,39,75,37,38,34,19,15,18,10,8,9,5,4,2,2,0,1,0,1,30,30,9,7,4,5,2,1,2,21,14,7,1,22,1,6,4
52355128,0,,,23,12,11,1,0,1,22,12,10,8,5,3,22,12,10,22,12,10,14,7,7,8,3,5,6,3,3,0,0,0,0,0,0,9,9,2,3,1,3,0,0,0,7,3,4,0,9,0,2,1
52355129,0,,,28,14,14,0,0,0,28,14,14,15,7,8,27,13,14,27,13,14,13,7,6,4,2,2,2,0,2,0,0,0,0,0,0,11,11,3,3,3,1,0,1,0,8,6,2,0,9,0,2,2
52355130,2,52355131,,10,7,3,*,*,*,*,*,*,*,*,*,*,*,*,*,*,*,*,*,*,*,*,*,*,*,*,*,*,*,*,*,*,4,4,*,*,*,*,*,*,*,*,*,*,*,*,*,*,*
52355131,1,,52355130,37,15,22,7,4,3,40,18,22,25,11,14,39,17,22,39,17,22,15,7,8,11,4,7,3,2,1,0,0,0,0,0,0,11,11,1,5,4,3,1,0,1,14,10,4,1,11,0,1,3
52355133,0,,,125,64,61,8,5,3,117,59,58,57,30,27,111,55,56,109,55,54,60,29,31,24,9,15,15,5,10,2,0,2,0,0,0,38,38,4,10,10,6,4,2,2,33,18,15,2,32,0,4,5
52355134,0,,,79,40,39,13,9,4,66,31,35,41,20,21,62,29,33,60,28,32,25,11,14,11,5,6,3,1,2,1,1,0,0,0,0,23,23,4,5,5,3,4,0,2,19,12,7,3,16,0,2,0
52355135,0,,,67,29,38,12,3,9,55,26,29,31,16,15,54,25,29,53,24,29,24,10,14,10,4,6,7,2,5,1,0,1,0,0,0,21,21,2,7,4,3,3,2,0,19,14,5,3,13,0,2,4
52355145,0,,,73,36,37,11,8,3,62,28,34,36,19,17,60,26,34,58,26,32,26,9,17,14,4,10,3,0,3,1,0,1,0,0,0,21,21,1,8,2,2,6,2,0,20,11,9,3,17,0,1,4
52355146,0,,,82,43,39,0,0,0,82,43,39,24,12,12,81,43,38,81,43,38,58,31,27,26,14,12,12,7,5,3,1,2,0,0,0,37,37,7,19,8,2,1,0,0,29,22,7,0,35,0,7,15
52355157,0,,,46,22,24,3,2,1,40,19,21,18,9,9,39,19,20,39,19,20,22,10,12,14,5,9,6,2,4,0,0,0,0,0,0,20,20,5,8,4,2,1,0,0,14,10,4,1,15,0,4,4
52355160,0,,,113,53,60,14,5,9,99,48,51,55,30,25,96,46,50,95,46,49,44,18,26,22,8,14,9,3,6,3,1,2,1,0,1,40,40,8,11,10,5,4,1,1,32,25,7,4,24,0,6,7
52355161,0,,,33,17,16,4,3,1,29,14,15,18,10,8,28,14,14,27,13,14,11,4,7,6,2,4,3,0,3,0,0,0,1,0,1,10,10,1,2,4,0,2,1,0,9,6,3,0,8,0,1,0
52355162,0,,,96,46,50,12,6,6,84,40,44,44,22,22,83,40,43,83,40,43,40,18,22,23,11,12,10,5,5,0,0,0,2,2,0,38,38,12,11,7,4,1,1,2,26,16,10,4,29,2,9,7
52355163,0,,,221,116,105,17,6,11,204,110,94,104,65,39,200,108,92,199,108,91,100,45,55,48,18,30,20,5,15,4,0,4,22,22,0,96,96,37,26,15,10,3,3,2,59,39,20,4,63,14,15,19
52355164,0,,,83,42,41,6,4,2,77,38,39,35,17,18,73,38,35,72,38,34,42,21,21,25,11,14,9,3,6,2,0,2,0,0,0,30,30,3,15,5,3,1,3,0,27,22,5,2,25,0,3,9
52355165,0,,,101,46,55,4,3,1,97,43,54,45,20,25,93,41,52,92,41,51,52,23,29,32,12,20,15,5,10,2,0,2,0,0,0,51,51,19,23,5,2,1,0,1,32,28,4,1,39,0,14,13
52355166,0,,,40,17,23,2,0,2,38,17,21,18,7,11,38,17,21,38,17,21,20,10,10,14,5,9,7,2,5,0,0,0,0,0,0,16,16,8,2,3,1,0,0,2,8,3,5,1,15,0,7,1
52355167,0,,,24,12,12,1,0,1,23,12,11,9,7,2,23,12,11,23,12,11,14,5,9,7,2,5,4,0,4,0,0,0,0,0,0,10,10,3,2,4,0,1,0,0,7,5,2,1,9,0,3,2
52355168,1,,52355169,119,56,63,11,4,7,112,54,58,57,27,30,107,51,56,104,49,55,55,27,28,19,8,11,12,4,8,0,0,0,0,0,0,46,46,11,18,8,8,0,2,1,37,29,8,2,36,0,9,14
52355169,2,52355168,,4,2,2,*,*,*,*,*,*,*,*,*,*,*,*,*,*,*,*,*,*,*,*,*,*,*,*,*,*,*,*,*,*,2,2,*,*,*,*,*,*,*,*,*,*,*,*,*,*,*
52355170,0,,,629,296,333,101,48,53,528,248,280,312,149,163,509,241,268,505,239,266,216,99,117,97,41,56,25,9,16,0,0,0,2,1,1,220,220,39,76,37,37,18,7,6,180,141,39,21,137,1,24,42
52355171,0,,,307,151,156,32,16,16,275,135,140,148,75,73,268,132,136,264,128,136,127,60,67,58,24,34,19,6,13,2,0,2,0,0,0,107,107,26,27,21,20,4,3,6,81,55,26,4,78,0,18,18
52355172,0,,,286,135,151,34,9,25,251,125,126,125,68,57,245,120,125,244,119,125,126,57,69,73,35,38,23,10,13,2,0,2,4,2,2,108,108,25,39,15,14,9,5,1,82,61,21,11,81,1,20,26
52355173,1,,52355174,275,131,144,43,20,23,235,112,123,138,69,69,231,110,121,230,109,121,97,43,54,52,20,32,23,8,15,4,2,2,12,10,2,111,111,32,36,19,18,4,3,1,80,63,17,8,60,8,15,17
52355174,2,52355173,,3,1,2,*,*,*,*,*,*,*,*,*,*,*,*,*,*,*,*,*,*,*,*,*,*,*,*,*,*,*,*,*,*,2,2,*,*,*,*,*,*,*,*,*,*,*,*,*,*,*
52355176,0,,,57,29,28,5,2,3,52,27,25,31,16,15,51,26,25,51,26,25,21,11,10,11,6,5,4,3,1,0,0,0,2,0,2,23,23,6,10,2,2,1,2,0,17,14,3,1,14,1,3,2
52355177,0,,,15,8,7,3,2,1,12,6,6,6,3,3,12,6,6,12,6,6,6,3,3,4,1,3,1,0,1,0,0,0,0,0,0,6,6,2,1,2,0,1,0,0,4,3,1,0,5,0,2,1
52355180,0,,,43,20,23,7,5,2,36,15,21,22,9,13,34,15,19,34,15,19,14,6,8,7,3,4,4,2,2,0,0,0,0,0,0,12,12,1,4,1,2,1,3,0,11,4,7,2,8,0,1,1
52355181,0,,,60,28,32,0,0,0,60,28,32,25,11,14,57,27,30,56,27,29,35,17,18,16,7,9,9,4,5,2,1,1,0,0,0,23,23,3,10,7,0,2,1,0,19,13,6,0,23,0,3,5
52355182,0,,,119,54,65,20,11,9,99,43,56,50,25,25,97,41,56,95,41,54,49,18,31,27,7,20,11,2,9,1,0,1,1,1,0,40,40,9,10,6,9,3,0,3,31,18,13,5,31,0,8,8
52355183,1,,52355193,121,60,61,20,11,9,107,52,55,63,30,33,102,49,53,100,48,52,44,22,22,24,10,14,9,4,5,1,0,1,4,3,1,42,42,8,13,11,5,8,0,0,37,26,11,3,29,0,5,8
52355184,0,,,239,112,127,25,10,15,214,102,112,113,57,56,205,98,107,203,96,107,101,45,56,50,16,34,19,3,16,2,0,2,1,0,1,84,84,14,27,20,13,5,1,4,70,48,22,4,65,0,12,16
52355185,0,,,36,16,20,4,2,2,32,14,18,18,9,9,31,14,17,31,14,17,14,5,9,11,4,7,5,2,3,1,0,1,0,0,0,14,14,4,4,2,3,0,1,0,10,8,2,1,9,0,3,2
52355187,0,,,11,5,6,0,0,0,11,5,6,5,3,2,10,5,5,10,5,5,6,2,4,4,1,3,2,0,2,1,0,1,0,0,0,4,4,2,1,0,0,0,0,1,2,1,1,0,4,0,2,1
52355190,0,,,129,64,65,13,4,9,116,60,56,66,37,29,115,59,56,115,59,56,50,23,27,25,10,15,16,5,11,2,1,1,30,17,13,46,46,6,20,6,7,5,2,0,40,26,14,2,32,0,4,10
52355191,0,,,27,12,15,8,4,4,19,8,11,11,4,7,19,8,11,19,8,11,8,4,4,3,0,3,2,0,2,0,0,0,0,0,0,8,8,2,2,0,1,2,0,1,6,5,1,2,6,0,2,2
52355192,0,,,56,26,30,5,2,3,51,24,27,25,13,12,51,24,27,51,24,27,26,11,15,13,6,7,5,1,4,1,0,1,1,0,1,19,19,4,3,7,2,1,2,0,15,4,11,1,17,0,3,2
52355193,2,52355183,,6,3,3,*,*,*,*,*,*,*,*,*,*,*,*,*,*,*,*,*,*,*,*,*,*,*,*,*,*,*,*,*,*,3,3,*,*,*,*,*,*,*,*,*,*,*,*,*,*,*
52355195,0,,,45,21,24,2,1,1,43,20,23,25,11,14,42,20,22,41,19,22,18,9,9,13,7,6,4,3,1,0,0,0,0,0,0,16,16,2,6,4,2,1,1,0,14,10,4,0,10,0,0,4
52355200,0,,,161,75,86,23,10,13,138,65,73,67,33,34,134,63,71,133,62,71,71,32,39,27,13,14,10,3,7,3,0,3,0,0,0,62,62,15,20,11,12,1,1,2,47,37,10,4,41,1,11,15
52355201,0,,,120,59,61,13,5,8,107,54,53,57,31,26,106,53,53,104,52,52,50,23,27,30,14,16,11,5,6,1,1,0,0,0,0,44,44,8,17,8,5,4,1,1,36,26,10,1,33,0,8,8
52355202,0,,,52,29,23,5,4,1,47,25,22,22,14,8,44,24,20,44,24,20,25,11,14,13,4,9,5,2,3,0,0,0,0,0,0,20,20,6,5,4,3,0,2,0,14,9,5,1,14,0,3,2
52355203,0,,,184,88,96,9,6,3,175,82,93,85,43,42,171,80,91,169,79,90,90,39,51,58,22,36,26,11,15,1,0,1,0,0,0,73,73,19,25,14,5,7,3,0,54,39,15,0,61,0,17,14
52355204,0,,,142,67,75,19,10,9,123,57,66,58,30,28,122,57,65,120,55,65,65,27,38,35,14,21,16,6,10,2,1,1,2,1,1,54,54,12,21,8,7,3,0,3,42,29,13,5,40,0,10,13
52355205,0,,,119,62,57,21,13,8,88,44,44,55,27,28,86,42,44,85,42,43,33,17,16,13,7,6,4,2,2,0,0,0,1,1,0,47,47,9,18,10,7,2,1,0,35,32,3,4,22,0,5,12
52355206,0,,,28,14,14,3,2,1,25,12,13,12,7,5,24,12,12,23,11,12,13,5,8,5,1,4,3,0,3,0,0,0,0,0,0,10,10,3,4,0,0,2,0,1,7,4,3,1,9,0,2,2
52355209,2,52355229,,4,2,2,*,*,*,*,*,*,*,*,*,*,*,*,*,*,*,*,*,*,*,*,*,*,*,*,*,*,*,*,*,*,2,2,*,*,*,*,*,*,*,*,*,*,*,*,*,*,*
52355210,0,,,157,80,77,5,4,1,152,76,76,69,35,34,152,76,76,150,75,75,83,41,42,46,19,27,19,8,11,4,1,3,1,0,1,69,69,17,31,8,11,2,0,0,52,44,8,2,56,0,14,18
52355211,0,,,20,8,12,2,1,1,18,7,11,9,4,5,18,7,11,16,7,9,9,3,6,6,2,4,1,0,1,1,0,1,1,1,0,8,8,1,5,0,1,1,0,0,7,7,0,0,5,0,1,3
52355213,0,,,75,37,38,1,1,0,74,36,38,34,18,16,71,35,36,69,35,34,40,18,22,18,8,10,3,1,2,1,0,1,0,0,0,31,31,7,13,5,4,1,1,0,24,20,4,0,26,0,7,9
52355214,0,,,93,43,50,8,3,5,85,40,45,44,23,21,84,39,45,83,39,44,41,17,24,25,12,13,8,2,6,0,0,0,0,0,0,33,33,3,14,7,7,1,0,1,30,22,8,3,26,0,3,8
52355215,1,,52355216,112,57,55,7,2,5,114,59,55,50,27,23,110,56,54,109,56,53,64,32,32,39,18,21,15,8,7,3,1,2,2,0,2,48,48,9,24,10,7,0,1,0,42,35,7,3,38,0,8,15
52355216,2,52355215,,9,4,5,*,*,*,*,*,*,*,*,*,*,*,*,*,*,*,*,*,*,*,*,*,*,*,*,*,*,*,*,*,*,3,3,*,*,*,*,*,*,*,*,*,*,*,*,*,*,*
52355220,0,,,33,17,16,8,6,2,25,11,14,14,7,7,25,11,14,25,11,14,11,4,7,5,1,4,2,0,2,0,0,0,0,0,0,13,13,5,3,1,1,3,0,0,8,5,3,3,8,0,3,1
52355221,0,,,69,32,37,0,0,0,69,32,37,36,18,18,68,31,37,66,30,36,33,14,19,16,4,12,10,2,8,0,0,0,0,0,0,33,33,9,16,5,2,1,0,0,24,20,4,0,26,0,7,6
52355224,0,,,33,15,18,8,3,5,25,12,13,14,7,7,25,12,13,25,12,13,11,5,6,5,1,4,3,0,3,0,0,0,0,0,0,9,9,0,4,1,1,1,1,1,9,6,3,3,8,0,0,0
52355225,0,,,184,86,98,20,10,10,155,76,79,72,38,34,151,74,77,150,73,77,83,38,45,43,20,23,17,6,11,2,0,2,1,0,1,69,68,12,33,10,6,3,1,3,56,44,12,5,50,0,10,21
52355227,2,52355237,,6,3,3,*,*,*,*,*,*,*,*,*,*,*,*,*,*,*,*,*,*,*,*,*,*,*,*,*,*,*,*,*,*,2,2,*,*,*,*,*,*,*,*,*,*,*,*,*,*,*
52355229,1,,52355209,35,19,16,1,1,0,38,20,18,15,8,7,38,20,18,38,20,18,23,12,11,14,5,9,8,3,5,1,1,0,1,1,0,18,18,8,7,3,2,0,0,0,12,9,3,1,16,1,6,5
52355230,0,,,26,11,15,2,1,1,22,10,12,10,4,6,22,10,12,21,10,11,12,6,6,6,2,4,1,0,1,1,0,1,0,0,0,11,11,2,5,3,0,1,0,0,8,5,3,1,8,0,2,3
52355235,0,,,73,38,35,10,9,1,62,28,34,29,14,15,62,28,34,60,27,33,33,14,19,13,4,9,8,2,6,0,0,0,1,1,0,24,24,7,2,9,2,0,2,2,17,8,9,3,19,0,6,1
52355236,0,,,146,72,74,12,3,9,134,69,65,70,37,33,131,66,65,131,66,65,64,32,32,25,11,14,8,4,4,0,0,0,3,0,3,61,61,14,27,7,9,3,1,0,47,39,8,4,42,1,7,13
52355237,1,,52355227,76,40,36,8,3,5,73,39,34,35,18,17,72,38,34,71,38,33,38,21,17,20,10,10,5,1,4,1,0,1,0,0,0,29,29,7,10,5,6,2,1,0,24,19,5,0,23,0,5,9
52355238,1,,52355239,43,21,22,0,0,0,49,24,25,13,7,6,49,24,25,49,24,25,36,17,19,16,3,13,4,0,4,1,0,1,0,0,0,20,20,9,7,6,2,0,0,0,15,11,4,0,22,0,7,7
52355239,2,52355238,,6,3,3,*,*,*,*,*,*,*,*,*,*,*,*,*,*,*,*,*,*,*,*,*,*,*,*,*,*,*,*,*,*,4,4,*,*,*,*,*,*,*,*,*,*,*,*,*,*,*
52355243,2,52355244,,4,2,2,*,*,*,*,*,*,*,*,*,*,*,*,*,*,*,*,*,*,*,*,*,*,*,*,*,*,*,*,*,*,3,3,*,*,*,*,*,*,*,*,*,*,*,*,*,*,*
52355244,1,,52355243,66,32,34,11,5,6,59,29,30,29,16,13,59,29,30,59,29,30,30,13,17,17,7,10,8,5,3,1,1,0,0,0,0,27,27,11,12,1,1,3,1,1,19,14,5,1,22,0,8,5
52355245,0,,,35,15,20,2,1,1,33,14,19,15,7,8,33,14,19,31,14,17,18,7,11,10,3,7,2,0,2,0,0,0,1,0,1,15,15,4,3,7,1,0,0,0,11,7,4,0,13,0,3,1
52355246,0,,,63,29,34,6,1,5,57,28,29,27,15,12,52,24,28,52,24,28,30,13,17,17,7,10,4,0,4,0,0,0,0,0,0,26,26,6,12,3,2,2,1,0,20,17,3,1,19,0,6,9
52355247,0,,,64,32,32,1,1,0,63,31,32,31,16,15,62,31,31,61,30,31,32,15,17,16,6,10,7,0,7,0,0,0,0,0,0,31,31,10,14,4,2,0,1,0,21,16,5,0,20,0,6,7
52355248,0,,,16,8,8,2,1,1,14,7,7,5,3,2,14,7,7,14,7,7,9,4,5,3,1,2,1,0,1,0,0,0,0,0,0,9,9,5,2,1,1,0,0,0,4,4,0,0,7,0,4,2
52355256,0,,,36,13,23,0,0,0,36,13,23,17,4,13,36,13,23,36,13,23,19,9,10,11,3,8,6,1,5,1,0,1,0,0,0,17,17,5,5,7,0,0,0,0,12,9,3,0,12,0,4,5
52355257,0,,,25,11,14,2,0,2,23,11,12,11,6,5,23,11,12,23,11,12,12,5,7,7,3,4,4,1,3,0,0,0,0,0,0,12,12,3,7,0,2,0,0,0,9,8,1,0,8,0,2,4
52355258,0,,,41,18,23,6,3,3,35,15,20,20,11,9,35,15,20,33,13,20,15,4,11,10,3,7,5,2,3,2,1,1,0,0,0,13,13,1,5,1,4,1,1,0,12,6,6,1,11,0,1,3
52355262,1,,52355272,32,19,13,0,0,0,38,21,17,15,8,7,38,21,17,38,21,17,23,13,10,11,5,6,6,2,4,1,0,1,1,0,1,16,16,7,7,1,1,2,0,0,9,5,4,0,15,0,6,1
52355264,2,52355275,,2,2,0,*,*,*,*,*,*,*,*,*,*,*,*,*,*,*,*,*,*,*,*,*,*,*,*,*,*,*,*,*,*,2,2,*,*,*,*,*,*,*,*,*,*,*,*,*,*,*
52355265,2,52355275,,5,3,2,*,*,*,*,*,*,*,*,*,*,*,*,*,*,*,*,*,*,*,*,*,*,*,*,*,*,*,*,*,*,1,1,*,*,*,*,*,*,*,*,*,*,*,*,*,*,*
52355266,0,,,23,11,12,0,0,0,23,11,12,8,4,4,23,11,12,23,11,12,15,7,8,4,2,2,2,1,1,0,0,0,0,0,0,9,9,1,4,2,2,0,0,0,8,7,1,0,8,0,1,4
52355269,2,52355278,,8,3,5,*,*,*,*,*,*,*,*,*,*,*,*,*,*,*,*,*,*,*,*,*,*,*,*,*,*,*,*,*,*,3,3,*,*,*,*,*,*,*,*,*,*,*,*,*,*,*
52355271,0,,,30,18,12,5,5,0,25,13,12,13,7,6,24,13,11,24,13,11,12,6,6,9,4,5,5,3,2,0,0,0,0,0,0,15,15,8,3,2,1,0,1,0,7,5,2,1,10,0,6,2
52355272,2,52355262,,6,2,4,*,*,*,*,*,*,*,*,*,*,*,*,*,*,*,*,*,*,*,*,*,*,*,*,*,*,*,*,*,*,2,2,*,*,*,*,*,*,*,*,*,*,*,*,*,*,*
52355273,2,52355283,,6,4,2,*,*,*,*,*,*,*,*,*,*,*,*,*,*,*,*,*,*,*,*,*,*,*,*,*,*,*,*,*,*,3,3,*,*,*,*,*,*,*,*,*,*,*,*,*,*,*
52355274,2,52355275,,3,2,1,*,*,*,*,*,*,*,*,*,*,*,*,*,*,*,*,*,*,*,*,*,*,*,*,*,*,*,*,*,*,3,3,*,*,*,*,*,*,*,*,*,*,*,*,*,*,*
52355275,1,,52355264;52355265;52355274,42,15,27,4,2,2,48,20,28,24,12,12,47,19,28,47,19,28,24,8,16,17,5,12,6,1,5,1,0,1,1,1,0,22,22,12,11,3,1,1,0,0,16,12,4,1,18,0,7,6
52355276,0,,,24,12,12,0,0,0,24,12,12,6,3,3,24,12,12,23,12,11,18,9,9,13,7,6,10,6,4,2,1,1,0,0,0,11,11,3,5,2,0,1,0,0,8,6,2,0,10,0,3,4
52355278,1,,52355269;52355279,29,13,16,1,1,0,37,15,22,17,7,10,36,15,21,35,15,20,20,8,12,11,4,7,3,1,2,0,0,0,0,0,0,11,11,4,4,2,5,0,0,0,11,8,3,0,14,0,4,3
52355279,2,52355278,,1,0,1,*,*,*,*,*,*,*,*,*,*,*,*,*,*,*,*,*,*,*,*,*,*,*,*,*,*,*,*,*,*,1,1,*,*,*,*,*,*,*,*,*,*,*,*,*,*,*
52355280,0,,,70,35,35,5,3,2,65,32,33,37,19,18,63,31,32,61,30,31,28,13,15,17,7,10,10,4,6,1,0,1,0,0,0,34,34,15,9,7,1,1,0,1,19,16,3,2,22,1,8,5
52355281,0,,,88,46,42,17,10,7,71,36,35,38,19,19,62,30,32,60,29,31,33,17,16,17,7,10,9,4,5,1,0,1,0,0,0,31,31,10,6,6,4,2,2,1,21,16,5,1,23,0,10,4
52355283,1,,52355273;52355284,4,1,3,0,0,0,13,6,7,3,2,1,13,6,7,13,6,7,10,4,6,5,1,4,2,0,2,0,0,0,0,0,0,3,3,4,3,1,0,0,0,0,4,4,0,0,8,0,4,1
52355284,2,52355283,,3,1,2,*,*,*,*,*,*,*,*,*,*,*,*,*,*,*,*,*,*,*,*,*,*,*,*,*,*,*,*,*,*,2,2,*,*,*,*,*,*,*,*,*,*,*,*,*,*,*
52355286,2,52355298,,7,3,4,*,*,*,*,*,*,*,*,*,*,*,*,*,*,*,*,*,*,*,*,*,*,*,*,*,*,*,*,*,*,2,2,*,*,*,*,*,*,*,*,*,*,*,*,*,*,*
52355288,0,,,37,20,17,2,1,1,35,19,16,18,11,7,34,19,15,33,18,15,17,8,9,5,3,2,2,1,1,0,0,0,0,0,0,16,16,3,8,2,3,0,0,0,13,12,1,0,10,0,1,6
52355290,0,,,42,21,21,9,4,5,33,17,16,20,10,10,33,17,16,33,17,16,13,7,6,5,3,2,1,0,1,0,0,0,2,1,1,16,16,3,5,4,3,1,0,0,13,12,1,5,8,0,3,2
52355291,0,,,158,72,86,30,14,16,119,54,65,70,33,37,113,52,61,111,51,60,49,21,28,23,9,14,9,2,7,0,0,0,0,0,0,54,53,11,17,8,10,4,1,2,42,37,5,10,33,0,10,7
52355293,0,,,13,6,7,2,1,1,11,5,6,4,1,3,11,5,6,11,5,6,7,4,3,4,2,2,4,2,2,0,0,0,0,0,0,4,4,1,0,0,3,0,0,0,3,1,2,0,3,0,1,0
52355294,1,,52355295,43,20,23,2,0,2,46,23,23,23,12,11,46,23,23,45,22,23,23,11,12,13,5,8,5,1,4,0,0,0,0,0,0,19,19,6,8,3,3,1,0,0,15,10,5,0,17,0,5,5
52355295,2,52355294,,5,3,2,*,*,*,*,*,*,*,*,*,*,*,*,*,*,*,*,*,*,*,*,*,*,*,*,*,*,*,*,*,*,2,2,*,*,*,*,*,*,*,*,*,*,*,*,*,*,*
52355296,2,52355297,,10,7,3,*,*,*,*,*,*,*,*,*,*,*,*,*,*,*,*,*,*,*,*,*,*,*,*,*,*,*,*,*,*,4,4,*,*,*,*,*,*,*,*,*,*,*,*,*,*,*
52355297,1,,52355296,2,1,1,1,1,0,11,7,4,6,4,2,11,7,4,11,7,4,5,3,2,3,2,1,0,0,0,0,0,0,0,0,0,1,1,1,1,3,0,0,0,0,3,3,0,0,3,0,1,1
52355298,1,,52355286,39,16,23,3,1,2,43,18,25,18,6,12,42,18,24,42,18,24,25,12,13,14,4,10,5,2,3,0,0,0,0,0,0,21,21,9,8,3,3,0,0,0,14,11,3,0,18,0,8,3
52355301,1,,52355302,23,13,10,5,3,2,27,15,12,14,7,7,27,15,12,27,15,12,13,8,5,5,2,3,3,2,1,0,0,0,0,0,0,8,8,3,2,2,0,1,1,1,7,3,4,2,8,0,3,2
52355302,2,52355301,,9,5,4,*,*,*,*,*,*,*,*,*,*,*,*,*,*,*,*,*,*,*,*,*,*,*,*,*,*,*,*,*,*,2,2,*,*,*,*,*,*,*,*,*,*,*,*,*,*,*
52355303,0,,,120,60,60,12,6,6,108,54,54,52,27,25,108,54,54,106,54,52,56,27,29,26,12,14,7,3,4,2,0,2,0,0,0,44,44,5,18,13,5,1,1,1,39,34,5,2,32,0,3,10
52355304,0,,,17,8,9,1,1,0,16,7,9,8,4,4,16,7,9,16,7,9,8,3,5,4,1,3,0,0,0,0,0,0,0,0,0,9,9,4,2,3,0,0,0,0,5,4,1,0,6,0,3,0
52355305,0,,,139,67,72,6,3,3,133,64,69,57,30,27,129,62,67,126,60,66,76,34,42,39,14,25,15,3,12,2,0,2,1,0,1,46,46,9,16,7,4,4,2,4,37,23,14,3,43,0,8,10
52355306,0,,,90,40,50,6,2,4,84,38,46,41,17,24,80,35,45,79,34,45,43,21,22,28,13,15,9,4,5,0,0,0,0,0,0,33,33,4,16,4,5,2,2,0,29,22,7,1,26,0,3,11
52355307,0,,,51,25,26,4,3,1,45,21,24,21,10,11,45,21,24,45,21,24,24,11,13,10,3,7,4,1,3,0,0,0,0,0,0,21,21,6,5,5,5,0,0,0,14,13,1,2,15,0,4,4
52355308,0,,,417,199,218,52,26,26,365,173,192,304,145,159,346,165,181,335,162,173,61,28,33,24,12,12,7,2,5,1,0,1,1,0,1,137,137,17,35,33,35,12,4,1,120,107,13,16,39,0,4,7
52355309,0,,,76,38,38,3,1,2,73,37,36,31,19,12,73,37,36,73,37,36,42,18,24,24,12,12,12,6,6,2,1,1,0,0,0,31,31,8,8,9,5,1,0,0,23,18,5,1,23,0,6,6
52355313,0,,,111,56,55,13,11,2,98,45,53,55,26,29,95,43,52,93,43,50,43,19,24,27,11,16,7,3,4,0,0,0,0,0,0,35,35,5,13,3,6,3,4,1,30,19,11,3,26,0,2,8
52355314,0,,,135,66,69,7,5,2,128,61,67,66,32,34,126,59,67,126,59,67,62,29,33,34,15,19,15,6,9,2,1,1,0,0,0,51,51,8,24,6,7,4,1,1,43,30,13,2,39,0,6,13
52355315,0,,,134,68,66,11,10,1,123,58,65,57,30,27,122,57,65,122,57,65,66,28,38,27,9,18,9,1,8,3,0,3,9,5,4,51,51,7,23,12,4,3,1,1,44,35,9,4,40,4,3,13
52355316,0,,,97,51,46,2,2,0,95,49,46,54,28,26,93,47,46,92,46,46,41,21,20,23,11,12,8,4,4,0,0,0,0,0,0,41,41,13,13,9,3,0,2,1,28,23,5,0,29,0,8,6
52355317,0,,,599,317,282,91,51,40,481,247,234,379,203,176,450,230,220,420,208,212,102,44,58,45,14,31,10,4,6,0,0,0,8,1,7,297,293,153,68,26,26,16,3,1,135,119,16,10,68,58,18,20
52355318,0,,,1969,1002,967,295,173,122,1645,813,832,1308,648,660,1585,787,798,1511,754,757,337,165,172,131,58,73,28,8,20,2,0,2,8,3,5,770,770,194,227,146,150,39,10,4,567,527,40,84,224,42,42,81
52355319,0,,,128,59,69,15,9,6,110,50,60,69,30,39,109,49,60,104,47,57,41,20,21,13,5,8,5,2,3,1,0,1,0,0,0,49,48,14,11,12,8,1,0,2,33,25,8,3,27,0,7,6
52355320,0,,,19,8,11,1,1,0,18,7,11,7,3,4,18,7,11,18,7,11,11,4,7,6,2,4,2,1,1,0,0,0,0,0,0,8,8,2,3,1,2,0,0,0,6,3,3,1,7,0,1,3
52355324,0,,,122,59,63,12,8,4,110,51,59,66,34,32,105,49,56,103,48,55,44,17,27,16,4,12,5,0,5,1,0,1,0,0,0,45,45,9,15,9,7,2,3,0,35,25,10,3,29,0,5,9
52355325,0,,,167,91,76,20,15,5,147,76,71,91,48,43,146,75,71,142,72,70,56,28,28,26,14,12,6,5,1,0,0,0,4,4,0,64,64,14,22,15,7,4,1,1,50,40,10,7,41,4,7,11
52355326,0,,,1089,597,492,175,101,74,889,476,413,742,404,338,843,449,394,799,425,374,147,72,75,68,33,35,19,9,10,2,1,1,15,13,2,406,403,148,81,70,67,31,4,2,248,228,20,41,76,35,19,19
52355327,0,,,2073,1027,1046,242,132,110,1764,859,905,1158,595,563,1712,833,879,1611,786,825,606,264,342,328,131,197,116,45,71,7,3,4,20,10,10,990,986,473,236,112,98,44,14,9,504,443,61,49,386,143,110,124
52355328,0,,,1473,740,733,96,44,52,1307,656,651,1033,541,492,1274,638,636,1064,517,547,274,115,159,126,50,76,33,13,20,2,1,1,43,21,22,1001,1001,755,113,71,38,18,5,1,243,213,30,29,200,317,82,45
52355329,0,,,87,45,42,4,1,3,82,43,39,56,33,23,80,43,37,66,31,35,26,10,16,10,3,7,5,1,4,0,0,0,1,1,0,43,42,23,12,3,1,2,1,0,19,14,5,1,16,8,3,6
52355332,0,,,33,15,18,2,1,1,31,14,17,18,9,9,31,14,17,31,14,17,13,5,8,7,1,6,2,0,2,0,0,0,0,0,0,12,12,2,3,4,2,1,0,0,10,6,4,0,10,0,2,3
52355335,0,,,51,23,28,5,3,2,45,19,26,25,12,13,42,18,24,41,17,24,20,7,13,11,3,8,4,1,3,0,0,0,0,0,0,18,18,4,5,3,3,2,1,0,14,8,6,0,13,0,3,4
52355336,0,,,528,245,283,72,33,39,454,211,243,287,149,138,439,202,237,425,194,231,167,62,105,93,25,68,56,8,48,7,1,6,9,8,1,203,202,67,52,40,25,11,4,3,133,112,21,22,81,19,21,23
52355337,0,,,2262,1052,1210,171,92,79,2031,918,1113,1088,572,516,1996,895,1101,1917,856,1061,943,346,597,681,216,465,345,82,263,50,4,46,36,24,12,942,933,451,211,150,73,36,7,5,477,399,78,60,386,112,108,100
52355338,0,,,1426,730,696,112,54,58,1178,604,574,871,473,398,1152,590,562,1076,548,528,307,131,176,145,54,91,46,13,33,5,0,5,23,19,4,799,799,492,130,86,60,16,11,4,305,254,51,29,212,134,64,42
52355339,0,,,26,10,16,1,0,1,25,10,15,7,2,5,25,10,15,25,10,15,18,8,10,5,2,3,3,0,3,0,0,0,0,0,0,11,11,1,5,5,0,0,0,0,10,9,1,1,10,0,1,3
52355340,0,,,23,9,14,3,3,0,20,6,14,7,2,5,19,6,13,19,6,13,13,4,9,7,1,6,3,1,2,0,0,0,1,0,1,9,9,4,1,1,1,2,0,0,5,1,4,1,9,0,4,1
52355342,0,,,75,33,42,5,3,2,70,30,40,35,15,20,67,28,39,65,27,38,35,15,20,23,9,14,11,5,6,0,0,0,0,0,0,28,28,7,8,7,1,3,2,0,21,14,7,2,23,0,6,3
52355343,0,,,23,10,13,2,1,1,21,9,12,14,7,7,21,9,12,20,8,12,7,2,5,3,0,3,3,0,3,1,0,1,0,0,0,8,8,1,2,3,1,1,0,0,7,5,2,1,4,0,1,1
52355344,1,,52355345,12,6,6,0,0,0,16,8,8,8,4,4,16,8,8,16,8,8,8,4,4,2,1,1,0,0,0,0,0,0,0,0,0,6,6,3,4,0,0,1,0,0,5,5,0,0,6,0,3,1
52355345,2,52355344,,4,2,2,*,*,*,*,*,*,*,*,*,*,*,*,*,*,*,*,*,*,*,*,*,*,*,*,*,*,*,*,*,*,2,2,*,*,*,*,*,*,*,*,*,*,*,*,*,*,*
52355347,0,,,271,136,135,74,39,35,196,96,100,158,76,82,189,93,96,184,91,93,38,20,18,15,9,6,4,2,2,0,0,0,0,0,0,93,93,16,21,21,25,10,0,0,76,73,3,18,25,0,9,7
52355348,0,,,903,449,454,255,130,125,621,305,316,550,278,272,605,296,309,594,289,305,71,27,44,41,15,26,9,3,6,1,0,1,5,4,1,339,339,91,76,66,72,30,4,0,245,235,10,80,48,16,15,10
52355349,2,52355359,,4,2,2,*,*,*,*,*,*,*,*,*,*,*,*,*,*,*,*,*,*,*,*,*,*,*,*,*,*,*,*,*,*,1,1,*,*,*,*,*,*,*,*,*,*,*,*,*,*,*
52355351,2,52355352,,9,3,6,*,*,*,*,*,*,*,*,*,*,*,*,*,*,*,*,*,*,*,*,*,*,*,*,*,*,*,*,*,*,4,4,*,*,*,*,*,*,*,*,*,*,*,*,*,*,*
52355352,1,,52355351,222,108,114,16,8,8,215,103,112,120,58,62,211,101,110,209,99,110,95,45,50,48,22,26,17,8,9,2,0,2,0,0,0,86,86,14,33,31,5,4,3,0,76,61,15,2,61,0,11,19
52355353,0,,,46,24,22,9,6,3,37,18,19,20,10,10,35,18,17,35,18,17,17,8,9,11,5,6,4,2,2,0,0,0,0,0,0,16,16,6,1,2,4,2,1,0,10,6,4,1,12,0,5,1
52355354,0,,,111,51,60,7,6,1,104,45,59,61,26,35,102,45,57,101,45,56,43,19,24,22,7,15,9,2,7,0,0,0,0,0,0,41,41,5,16,9,9,1,1,0,36,23,13,3,29,0,4,8
52355356,2,52355357,,7,3,4,*,*,*,*,*,*,*,*,*,*,*,*,*,*,*,*,*,*,*,*,*,*,*,*,*,*,*,*,*,*,4,4,*,*,*,*,*,*,*,*,*,*,*,*,*,*,*
52355357,1,,52355356,141,67,74,6,3,3,142,67,75,66,29,37,136,65,71,133,65,68,76,38,38,39,19,20,14,7,7,0,0,0,0,0,0,56,56,16,24,9,3,5,2,1,44,38,6,2,47,0,11,19
52355358,0,,,135,69,66,10,6,4,125,63,62,60,31,29,121,63,58,120,62,58,65,32,33,32,17,15,11,4,7,0,0,0,0,0,0,52,52,6,22,15,7,1,0,1,46,39,7,3,41,0,6,15
52355359,1,,52355349,142,75,67,9,3,6,137,74,63,73,40,33,136,73,63,134,72,62,64,34,30,25,13,12,8,2,6,1,0,1,5,2,3,56,56,17,19,8,5,5,0,3,39,29,10,1,45,0,11,11
52355360,0,,,27,13,14,5,3,2,22,10,12,10,3,7,22,10,12,22,10,12,12,7,5,5,2,3,0,0,0,0,0,0,0,0,0,9,9,1,4,0,3,0,1,0,8,6,2,0,7,0,0,4
52355363,0,,,32,14,18,5,3,2,27,11,16,13,5,8,26,11,15,25,11,14,14,6,8,7,4,3,2,1,1,0,0,0,1,0,1,12,12,6,1,1,1,2,0,1,6,3,3,2,8,0,3,1
52355364,0,,,92,45,47,10,5,5,82,40,42,47,25,22,78,38,40,76,38,38,35,15,20,22,11,11,3,2,1,0,0,0,0,0,0,29,29,3,9,9,0,5,2,1,25,18,7,0,22,0,3,5
52355368,0,,,45,20,25,4,1,3,41,19,22,27,13,14,40,19,21,38,17,21,14,6,8,8,5,3,2,1,1,0,0,0,0,0,0,17,17,5,4,4,1,2,1,0,12,11,1,1,10,0,5,3
52355369,0,,,203,100,103,18,6,12,185,94,91,105,58,47,179,90,89,172,84,88,80,36,44,39,16,23,22,11,11,0,0,0,2,1,1,66,66,11,20,14,8,6,2,5,55,37,18,6,49,0,6,12
52355370,0,,,41,19,22,6,2,4,35,17,18,11,6,5,35,17,18,35,17,18,24,11,13,14,6,8,2,0,2,1,0,1,0,0,0,14,14,2,5,3,2,1,0,1,12,9,3,2,13,0,2,5
52355371,0,,,79,36,43,7,2,5,72,34,38,41,19,22,70,34,36,69,34,35,31,15,16,14,7,7,5,2,3,0,0,0,1,1,0,31,31,8,9,5,8,0,1,0,23,20,3,2,22,0,7,6
52355372,0,,,26,15,11,5,2,3,21,13,8,8,6,2,21,13,8,21,13,8,13,7,6,5,2,3,0,0,0,0,0,0,0,0,0,11,11,4,3,2,1,0,1,0,7,6,1,2,8,0,2,3
52355373,0,,,63,26,37,2,1,1,61,25,36,35,16,19,58,23,35,54,21,33,26,9,17,21,8,13,7,1,6,0,0,0,0,0,0,26,26,6,8,7,5,0,0,0,20,16,4,1,18,0,5,8
52355374,0,,,120,61,59,11,4,7,109,57,52,56,33,23,106,54,52,103,53,50,53,24,29,34,16,18,14,7,7,3,1,2,0,0,0,50,50,12,20,10,4,2,2,0,38,30,8,1,37,0,11,7
52355375,0,,,36,15,21,0,0,0,36,15,21,17,6,11,36,15,21,34,15,19,19,9,10,14,5,9,8,2,6,0,0,0,0,0,0,14,14,3,5,4,0,1,1,0,11,5,6,0,13,0,3,2
52355377,2,52355387,,1,1,0,*,*,*,*,*,*,*,*,*,*,*,*,*,*,*,*,*,*,*,*,*,*,*,*,*,*,*,*,*,*,1,1,*,*,*,*,*,*,*,*,*,*,*,*,*,*,*
52355381,0,,,39,16,23,5,2,3,34,14,20,16,7,9,34,14,20,34,14,20,18,7,11,6,2,4,3,0,3,1,0,1,0,0,0,14,14,1,6,2,5,0,0,0,13,8,5,2,12,0,1,3
52355382,0,,,48,27,21,6,1,5,42,26,16,17,10,7,42,26,16,42,26,16,25,16,9,11,8,3,4,4,0,0,0,0,0,0,0,21,21,4,11,3,2,1,0,0,17,16,1,1,15,0,3,8
52355383,0,,,69,33,36,11,6,5,58,27,31,25,14,11,56,27,29,55,26,29,33,13,20,13,6,7,4,2,2,0,0,0,0,0,0,30,30,10,10,5,4,0,0,1,20,17,3,3,23,0,8,8
52355384,0,,,484,222,262,44,16,28,437,203,234,227,125,102,427,197,230,421,194,227,210,78,132,141,49,92,68,17,51,13,2,11,0,0,0,166,165,35,55,39,18,10,6,2,130,98,32,9,109,1,20,24
52355386,0,,,19,8,11,1,1,0,18,7,11,7,3,4,18,7,11,18,7,11,11,4,7,4,1,3,2,0,2,0,0,0,0,0,0,8,8,2,2,3,1,0,0,0,6,3,3,0,7,0,2,2
52355387,1,,52355377,123,53,70,9,2,7,115,52,63,53,27,26,111,48,63,109,46,63,62,25,37,43,15,28,18,6,12,1,1,0,0,0,0,48,48,8,23,10,3,4,0,1,41,29,12,2,39,0,7,9
52355388,0,,,23,15,8,0,0,0,23,15,8,6,5,1,23,15,8,23,15,8,17,10,7,7,5,2,3,1,2,0,0,0,0,0,0,12,12,5,4,2,1,0,0,0,7,6,1,0,11,0,5,2
52355390,0,,,107,62,45,8,4,4,93,57,36,64,45,19,90,55,35,89,54,35,29,12,17,12,4,8,2,0,2,0,0,0,0,0,0,25,24,4,11,4,2,1,0,2,17,13,4,1,16,0,4,4
52355391,0,,,195,94,101,5,2,3,190,92,98,110,57,53,183,88,95,182,87,95,80,35,45,44,15,29,17,3,14,1,0,1,1,1,0,75,75,15,23,22,10,3,1,1,59,38,21,2,53,1,10,10
52355392,0,,,311,150,161,38,18,20,269,130,139,167,83,84,256,123,133,254,123,131,102,47,55,50,24,26,17,5,12,3,1,2,4,1,3,118,118,23,42,26,15,7,4,1,93,76,17,8,62,0,12,20
52355393,0,,,211,101,110,31,17,14,180,84,96,108,54,54,176,83,93,170,81,89,72,30,42,37,13,24,12,4,8,0,0,0,4,3,1,80,80,18,29,15,6,9,1,2,62,46,16,9,45,2,7,19
52355394,1,,52355395,273,133,140,34,16,18,248,122,126,147,79,68,240,118,122,233,115,118,101,43,58,57,25,32,20,8,12,2,1,1,5,2,3,109,109,33,33,24,12,6,3,2,79,62,17,6,69,0,20,17
52355395,2,52355394,,9,5,4,*,*,*,*,*,*,*,*,*,*,*,*,*,*,*,*,*,*,*,*,*,*,*,*,*,*,*,*,*,*,4,4,*,*,*,*,*,*,*,*,*,*,*,*,*,*,*
52355397,0,,,43,21,22,3,2,1,40,19,21,17,8,9,40,19,21,39,19,20,23,11,12,7,3,4,3,1,2,0,0,0,0,0,0,14,14,0,5,5,3,0,1,0,14,7,7,0,14,0,0,3
52355398,0,,,39,19,20,3,1,2,36,18,18,18,9,9,35,18,17,34,18,16,18,9,9,8,4,4,5,3,2,0,0,0,0,0,0,16,16,3,7,3,2,1,0,0,13,10,3,0,11,0,3,3
52355399,0,,,63,27,36,8,3,5,55,24,31,38,18,20,53,23,30,51,22,29,17,6,11,6,1,5,2,0,2,0,0,0,1,1,0,25,25,6,8,5,4,2,0,0,19,17,2,2,13,0,5,3
52355400,0,,,140,63,77,11,3,8,129,60,69,65,31,34,123,57,66,121,55,66,64,29,35,28,14,14,11,6,5,2,1,1,0,0,0,52,52,11,16,11,9,2,3,0,41,31,10,2,39,0,9,10
52355401,0,,,68,31,37,3,1,2,65,30,35,27,13,14,65,30,35,64,30,34,38,17,21,19,9,10,4,2,2,0,0,0,0,0,0,29,29,7,11,6,4,1,0,0,21,16,5,2,24,0,6,7
52355402,0,,,146,74,72,18,11,7,128,63,65,80,39,41,126,62,64,125,62,63,48,24,24,18,7,11,5,1,4,0,0,0,1,0,1,50,50,9,12,11,14,1,2,1,41,33,8,2,31,0,6,10
52355403,2,52355404,,3,1,2,*,*,*,*,*,*,*,*,*,*,*,*,*,*,*,*,*,*,*,*,*,*,*,*,*,*,*,*,*,*,1,1,*,*,*,*,*,*,*,*,*,*,*,*,*,*,*
52355404,1,,52355403,335,161,174,19,8,11,319,154,165,159,81,78,313,150,163,308,148,160,160,73,87,92,40,52,27,11,16,1,0,1,3,1,2,132,132,21,58,25,20,8,1,0,112,93,19,7,101,0,14,40
52355405,0,,,86,42,44,7,4,3,79,38,41,44,21,23,79,38,41,78,38,40,35,17,18,16,8,8,7,2,5,2,0,2,1,0,1,32,32,4,12,9,5,1,1,0,28,21,7,2,21,1,2,6
52355408,0,,,54,22,32,8,4,4,46,18,28,21,9,12,44,18,26,44,18,26,25,9,16,14,3,11,9,2,7,0,0,0,0,0,0,24,23,5,12,5,1,0,0,0,18,14,4,1,17,0,4,3
52355409,0,,,14,6,8,0,0,0,14,6,8,9,5,4,14,6,8,14,6,8,5,1,4,5,1,4,3,0,3,0,0,0,0,0,0,8,8,5,0,3,0,0,0,0,3,2,1,0,4,0,2,0
52355410,0,,,179,94,85,14,8,6,165,86,79,92,51,41,162,83,79,157,80,77,73,35,38,40,16,24,22,10,12,1,0,1,0,0,0,62,62,10,20,17,4,6,3,2,51,32,19,2,51,0,9,13
52355411,0,,,69,35,34,12,6,6,57,29,28,30,16,14,55,28,27,54,28,26,27,13,14,14,8,6,5,3,2,0,0,0,1,0,1,24,24,4,9,4,3,1,3,0,20,18,2,4,16,0,4,8
52355412,0,,,153,68,85,13,6,7,140,62,78,79,36,43,134,59,75,130,58,72,61,26,35,35,15,20,11,5,6,2,1,1,0,0,0,45,45,2,11,12,13,2,4,1,43,27,16,3,35,0,1,6
52355413,0,,,150,70,80,8,4,4,142,66,76,66,34,32,141,65,76,141,65,76,76,32,44,48,17,31,19,8,11,0,0,0,0,0,0,62,62,15,23,12,9,2,0,1,46,32,14,2,48,0,9,15
52355414,0,,,106,48,58,4,2,2,102,46,56,54,24,30,101,45,56,99,44,55,48,22,26,29,12,17,4,1,3,0,0,0,1,0,1,39,39,9,11,11,3,1,3,1,29,20,9,0,31,0,6,5
52355420,0,,,17,6,11,2,2,0,15,4,11,5,1,4,15,4,11,15,4,11,10,3,7,5,1,4,2,0,2,0,0,0,0,0,0,6,6,2,1,1,1,0,1,0,4,2,2,0,6,0,2,1
52355421,0,,,62,30,32,5,3,2,57,27,30,38,19,19,54,25,29,52,23,29,19,8,11,14,5,9,4,1,3,1,1,0,0,0,0,23,23,5,8,2,5,3,0,0,18,13,5,2,13,0,4,4
52355422,1,,52355432,355,152,203,25,10,15,335,144,191,137,66,71,332,143,189,329,143,186,198,78,120,117,41,76,60,17,43,2,0,2,0,0,0,107,105,18,32,22,25,6,2,2,89,62,27,7,80,0,11,20
52355423,0,,,40,21,19,2,2,0,38,19,19,23,12,11,37,18,19,36,17,19,15,7,8,9,4,5,3,0,3,0,0,0,0,0,0,13,13,3,3,3,2,0,1,1,10,5,5,1,11,0,2,3
52355426,0,,,56,25,31,4,1,3,52,24,28,30,13,17,50,23,27,50,23,27,22,11,11,17,8,9,6,3,3,0,0,0,0,0,0,19,19,3,5,5,3,2,1,0,16,12,4,2,13,0,2,4
52355427,1,,52355428,92,44,48,11,7,4,85,39,46,33,17,16,85,39,46,85,39,46,52,22,30,31,11,20,8,2,6,2,0,2,0,0,0,39,39,7,21,9,2,0,2,0,34,31,3,3,34,0,7,12
52355428,2,52355427,,4,2,2,*,*,*,*,*,*,*,*,*,*,*,*,*,*,*,*,*,*,*,*,*,*,*,*,*,*,*,*,*,*,2,2,*,*,*,*,*,*,*,*,*,*,*,*,*,*,*
52355430,0,,,21,8,13,2,0,2,19,8,11,12,6,6,19,8,11,19,8,11,7,2,5,3,0,3,2,0,2,0,0,0,0,0,0,7,7,2,2,1,0,1,0,1,5,2,3,0,5,0,1,1
52355431,0,,,155,72,83,9,6,3,146,66,80,84,40,44,138,64,74,134,62,72,62,26,36,42,17,25,13,7,6,2,1,1,0,0,0,54,54,8,21,7,9,6,3,0,46,29,17,4,40,0,6,13
52355432,2,52355422,,5,2,3,*,*,*,*,*,*,*,*,*,*,*,*,*,*,*,*,*,*,*,*,*,*,*,*,*,*,*,*,*,*,2,2,*,*,*,*,*,*,*,*,*,*,*,*,*,*,*
52355435,0,,,21,9,12,0,0,0,21,9,12,8,4,4,21,9,12,21,9,12,13,5,8,4,0,4,2,0,2,0,0,0,0,0,0,10,10,2,5,3,0,0,0,0,8,6,2,0,9,0,2,3
52355436,0,,,167,80,87,14,8,6,153,72,81,72,37,35,148,70,78,144,67,77,81,35,46,56,22,34,17,7,10,0,0,0,0,0,0,68,68,15,31,11,3,4,3,1,51,41,10,2,54,0,12,20
52355440,0,,,171,86,85,7,5,2,164,81,83,99,52,47,157,75,82,152,73,79,65,29,36,39,16,23,10,2,8,1,0,1,1,1,0,67,67,17,23,11,9,5,1,1,50,40,10,0,43,1,11,14
52355441,0,,,24,11,13,2,2,0,22,9,13,10,5,5,22,9,13,22,9,13,12,4,8,5,2,3,2,0,2,0,0,0,0,0,0,8,8,0,3,2,3,0,0,0,8,5,3,0,7,0,0,3
52355447,0,,,19,8,11,0,0,0,19,8,11,14,5,9,19,8,11,17,8,9,5,3,2,3,2,1,1,0,1,0,0,0,0,0,0,7,7,0,4,1,2,0,0,0,7,5,2,0,4,0,0,1
52355448,1,,52355449,37,12,25,5,2,3,31,10,21,15,5,10,29,10,19,29,10,19,16,5,11,9,3,6,5,0,5,0,0,0,0,0,0,14,14,5,6,1,1,0,0,2,9,5,4,0,13,0,5,2
52355449,2,52355448,,1,1,0,*,*,*,*,*,*,*,*,*,*,*,*,*,*,*,*,*,*,*,*,*,*,*,*,*,*,*,*,*,*,1,1,*,*,*,*,*,*,*,*,*,*,*,*,*,*,*
52355450,0,,,27,13,14,1,0,1,26,13,13,11,5,6,26,13,13,26,13,13,15,8,7,5,2,3,5,2,3,0,0,0,1,1,0,15,15,7,5,2,1,0,0,0,8,6,2,1,11,0,5,3
52355458,2,52355468,,3,2,1,*,*,*,*,*,*,*,*,*,*,*,*,*,*,*,*,*,*,*,*,*,*,*,*,*,*,*,*,*,*,2,2,*,*,*,*,*,*,*,*,*,*,*,*,*,*,*
52355459,0,,,37,21,16,0,0,0,37,21,16,13,9,4,37,21,16,37,21,16,24,12,12,13,6,7,4,1,3,0,0,0,1,0,1,19,19,9,5,2,3,0,0,0,9,6,3,0,17,0,7,3
52355466,2,52355467,,2,1,1,*,*,*,*,*,*,*,*,*,*,*,*,*,*,*,*,*,*,*,*,*,*,*,*,*,*,*,*,*,*,1,1,*,*,*,*,*,*,*,*,*,*,*,*,*,*,*
52355467,1,,52355466,49,26,23,3,2,1,48,25,23,30,17,13,48,25,23,46,23,23,18,8,10,11,4,7,4,2,2,0,0,0,0,0,0,20,20,5,8,3,4,1,0,0,16,12,4,1,14,0,3,3
52355468,1,,52355458,88,43,45,11,5,6,78,39,39,37,18,19,71,37,34,71,37,34,41,21,20,17,9,8,6,3,3,0,0,0,0,0,0,32,32,8,14,3,3,4,0,2,25,20,5,1,25,0,6,9
52355469,2,52355479,,5,2,3,*,*,*,*,*,*,*,*,*,*,*,*,*,*,*,*,*,*,*,*,*,*,*,*,*,*,*,*,*,*,3,3,*,*,*,*,*,*,*,*,*,*,*,*,*,*,*
52355475,0,,,48,25,23,6,3,3,42,22,20,23,14,9,40,21,19,40,21,19,19,8,11,13,6,7,7,3,4,0,0,0,0,0,0,18,18,5,4,5,2,1,0,1,13,7,6,1,14,0,3,3
52355476,0,,,87,43,44,9,7,2,78,36,42,32,18,14,77,36,41,76,35,41,46,18,28,24,8,16,13,5,8,1,0,1,0,0,0,38,38,8,20,6,2,1,0,1,30,27,3,2,31,0,7,9
52355477,0,,,17,8,9,0,0,0,17,8,9,5,4,1,17,8,9,17,8,9,12,4,8,9,2,7,5,1,4,0,0,0,0,0,0,10,10,4,5,1,0,0,0,0,6,6,0,0,10,0,4,1
52355478,2,52355479,,2,0,2,*,*,*,*,*,*,*,*,*,*,*,*,*,*,*,*,*,*,*,*,*,*,*,*,*,*,*,*,*,*,2,2,*,*,*,*,*,*,*,*,*,*,*,*,*,*,*
52355479,1,,52355469;52355478,21,11,10,0,0,0,27,13,14,7,2,5,27,13,14,27,13,14,20,11,9,9,4,5,4,3,1,1,1,0,0,0,0,12,12,8,7,2,0,0,0,0,9,7,2,0,15,0,6,5
52355480,0,,,254,124,130,21,11,10,233,113,120,125,63,62,227,109,118,225,108,117,108,50,58,45,19,26,20,5,15,1,0,1,1,0,1,106,106,30,35,24,8,6,1,2,75,61,14,5,73,0,20,20
52355482,0,,,44,19,25,0,0,0,44,19,25,21,8,13,44,19,25,43,19,24,23,11,12,13,4,9,10,3,7,2,2,0,0,0,0,15,15,2,3,6,3,0,1,0,13,4,9,0,14,0,2,2
52355483,1,,52355495,51,25,26,3,1,2,50,25,25,24,13,11,50,25,25,50,25,25,26,12,14,16,7,9,7,4,3,0,0,0,0,0,0,22,22,5,11,3,3,1,0,0,18,13,5,1,18,1,4,5
52355487,0,,,22,8,14,3,1,2,18,7,11,9,4,5,17,7,10,17,7,10,9,3,6,5,1,4,1,0,1,1,0,1,0,0,0,10,10,4,2,2,2,0,0,0,6,6,0,0,6,0,3,2
52355490,0,,,227,121,106,9,2,7,201,106,95,131,76,55,197,104,93,194,102,92,70,30,40,34,11,23,12,3,9,0,0,0,3,1,2,134,134,85,24,14,6,3,1,1,48,38,10,2,55,24,24,9
52355491,0,,,56,28,28,4,2,2,52,26,26,24,13,11,51,25,26,51,25,26,28,13,15,16,6,10,7,2,5,1,0,1,1,0,1,20,20,5,4,6,2,1,2,0,15,9,6,1,17,0,4,2
52355495,2,52355483,,2,1,1,*,*,*,*,*,*,*,*,*,*,*,*,*,*,*,*,*,*,*,*,*,*,*,*,*,*,*,*,*,*,1,1,*,*,*,*,*,*,*,*,*,*,*,*,*,*,*
52355496,2,52355497,,7,4,3,*,*,*,*,*,*,*,*,*,*,*,*,*,*,*,*,*,*,*,*,*,*,*,*,*,*,*,*,*,*,3,3,*,*,*,*,*,*,*,*,*,*,*,*,*,*,*
52355497,1,,52355496,31,18,13,1,0,1,36,22,14,19,13,6,36,22,14,35,21,14,17,9,8,8,5,3,6,3,3,1,0,1,0,0,0,14,14,5,5,5,2,0,0,0,12,12,0,1,11,0,4,4
52355498,0,,,62,29,33,10,5,5,52,24,28,29,13,16,52,24,28,52,24,28,23,11,12,12,6,6,4,2,2,0,0,0,0,0,0,24,24,5,10,5,2,0,1,1,19,15,4,2,16,0,2,6
52355499,0,,,24,14,10,1,1,0,22,13,9,9,5,4,22,13,9,21,12,9,13,8,5,2,1,1,0,0,0,0,0,0,1,1,0,10,10,1,7,1,0,0,1,0,9,8,1,0,8,0,0,5
52355504,2,52355505,,2,1,1,*,*,*,*,*,*,*,*,*,*,*,*,*,*,*,*,*,*,*,*,*,*,*,*,*,*,*,*,*,*,2,2,*,*,*,*,*,*,*,*,*,*,*,*,*,*,*
52355505,1,,52355504,147,68,79,2,1,1,146,67,79,50,21,29,145,67,78,145,67,78,96,46,50,52,18,34,21,8,13,0,0,0,0,0,0,76,76,28,33,14,2,1,0,0,50,41,9,0,64,1,21,24
52355506,1,,52355516,10,6,4,0,0,0,18,11,7,5,4,1,17,10,7,17,10,7,13,7,6,4,2,2,0,0,0,0,0,0,0,0,0,5,5,2,5,2,0,0,0,0,7,7,0,0,8,0,2,4
52355507,0,,,15,7,8,1,1,0,14,6,8,7,3,4,13,5,8,13,5,8,7,3,4,2,1,1,1,1,0,0,0,0,0,0,0,5,5,1,1,1,1,1,0,0,4,2,2,0,4,0,1,1
52355515,0,,,38,21,17,0,0,0,36,20,16,13,8,5,36,20,16,36,20,16,23,12,11,14,7,7,2,0,2,0,0,0,0,0,0,20,20,6,10,4,0,0,0,0,13,11,2,0,14,0,3,7
52355516,2,52355506,,8,5,3,*,*,*,*,*,*,*,*,*,*,*,*,*,*,*,*,*,*,*,*,*,*,*,*,*,*,*,*,*,*,4,4,*,*,*,*,*,*,*,*,*,*,*,*,*,*,*
52355528,1,,52355529,14,8,6,0,0,0,17,11,6,6,5,1,17,11,6,17,11,6,11,6,5,3,1,2,2,0,2,0,0,0,3,3,0,8,8,4,2,3,0,0,0,0,5,5,0,0,8,0,3,2
52355529,2,52355528,,3,3,0,*,*,*,*,*,*,*,*,*,*,*,*,*,*,*,*,*,*,*,*,*,*,*,*,*,*,*,*,*,*,1,1,*,*,*,*,*,*,*,*,*,*,*,*,*,*,*
52355530,2,52355541,,5,1,4,*,*,*,*,*,*,*,*,*,*,*,*,*,*,*,*,*,*,*,*,*,*,*,*,*,*,*,*,*,*,1,1,*,*,*,*,*,*,*,*,*,*,*,*,*,*,*
52355533,1,,52355543,72,32,40,2,1,1,72,32,40,21,8,13,72,32,40,72,32,40,51,24,27,27,11,16,9,5,4,1,0,1,0,0,0,38,38,15,16,5,3,0,0,0,23,20,3,1,33,0,13,10
52355534,0,,,30,16,14,0,0,0,30,16,14,10,6,4,29,15,14,29,15,14,20,10,10,13,7,6,2,1,1,0,0,0,0,0,0,16,16,5,8,3,0,0,0,0,11,11,0,0,13,0,4,6
52355536,2,52355546,,3,1,2,*,*,*,*,*,*,*,*,*,*,*,*,*,*,*,*,*,*,*,*,*,*,*,*,*,*,*,*,*,*,2,2,*,*,*,*,*,*,*,*,*,*,*,*,*,*,*
52355537,0,,,70,35,35,0,0,0,68,34,34,31,20,11,68,34,34,67,33,34,37,14,23,24,9,15,8,3,5,2,1,1,0,0,0,33,33,9,14,8,1,1,0,0,23,16,7,0,26,0,7,5
52355538,0,,,24,12,12,3,2,1,21,10,11,11,6,5,21,10,11,21,10,11,10,4,6,5,2,3,3,1,2,0,0,0,0,0,0,8,8,0,2,4,2,0,0,0,8,6,2,3,6,0,0,2
52355540,2,52355550,,2,1,1,*,*,*,*,*,*,*,*,*,*,*,*,*,*,*,*,*,*,*,*,*,*,*,*,*,*,*,*,*,*,1,1,*,*,*,*,*,*,*,*,*,*,*,*,*,*,*
52355541,1,,52355530,67,33,34,2,1,1,68,32,36,44,23,21,68,32,36,66,31,35,24,9,15,18,8,10,7,2,5,0,0,0,0,0,0,29,29,9,9,5,5,2,0,0,21,16,5,1,17,0,6,4
52355542,0,,,33,21,12,7,6,1,26,15,11,14,8,6,25,14,11,25,14,11,12,7,5,4,3,1,3,2,1,0,0,0,0,0,0,10,10,1,4,2,0,1,1,1,9,8,1,1,7,0,1,3
52355543,2,52355533,,2,1,1,*,*,*,*,*,*,*,*,*,*,*,*,*,*,*,*,*,*,*,*,*,*,*,*,*,*,*,*,*,*,1,1,*,*,*,*,*,*,*,*,*,*,*,*,*,*,*
52355546,1,,52355536,22,11,11,0,0,0,25,12,13,10,6,4,25,12,13,25,12,13,15,6,9,4,2,2,2,1,1,0,0,0,0,0,0,11,11,5,6,1,0,1,0,0,8,8,0,0,10,0,3,4
52355547,1,,52355589,19,8,11,0,0,0,21,8,13,6,1,5,21,8,13,21,8,13,15,7,8,10,4,6,4,2,2,0,0,0,1,0,1,9,9,2,6,1,1,0,0,0,8,7,1,0,9,0,2,4
52355550,1,,52355540,55,28,27,3,2,1,53,27,26,27,14,13,52,26,26,52,26,26,26,13,13,15,6,9,10,5,5,0,0,0,0,0,0,20,20,4,7,4,3,3,0,0,17,11,6,2,17,0,3,5
52355551,0,,,22,8,14,3,2,1,18,6,12,14,5,9,17,6,11,16,5,11,4,1,3,4,1,3,1,0,1,0,0,0,0,0,0,9,9,3,2,1,3,0,0,0,6,5,1,1,3,0,1,1
52355553,0,,,11,6,5,1,1,0,10,5,5,3,1,2,10,5,5,10,5,5,7,4,3,3,2,1,0,0,0,0,0,0,0,0,0,5,5,0,4,1,0,0,0,0,5,5,0,1,4,0,0,4
52355554,2,52355563,,2,0,2,*,*,*,*,*,*,*,*,*,*,*,*,*,*,*,*,*,*,*,*,*,*,*,*,*,*,*,*,*,*,1,1,*,*,*,*,*,*,*,*,*,*,*,*,*,*,*
52355560,2,52355571,,6,2,4,*,*,*,*,*,*,*,*,*,*,*,*,*,*,*,*,*,*,*,*,*,*,*,*,*,*,*,*,*,*,5,5,*,*,*,*,*,*,*,*,*,*,*,*,*,*,*
52355563,1,,52355554,41,21,20,3,0,3,40,21,19,26,12,14,38,20,18,37,19,18,14,9,5,9,5,4,3,2,1,0,0,0,0,0,0,15,15,3,5,4,3,0,1,0,13,8,5,1,10,0,2,1
52355564,0,,,20,9,11,0,0,0,20,9,11,4,2,2,20,9,11,20,9,11,16,7,9,7,2,5,5,2,3,0,0,0,0,0,0,13,13,8,3,2,0,0,0,0,5,3,2,0,12,0,7,1
52355570,0,,,35,19,16,0,0,0,33,18,15,18,12,6,31,16,15,30,16,14,15,6,9,8,2,6,2,0,2,0,0,0,1,1,0,20,20,11,4,4,1,0,0,0,9,8,1,0,11,0,7,2
52355571,1,,52355560,6,3,3,0,0,0,10,4,6,2,1,1,10,4,6,10,4,6,8,3,5,8,3,5,2,0,2,0,0,0,3,2,1,3,3,5,2,1,0,0,0,0,3,3,0,0,5,0,2,2
52355573,2,52355574,,7,4,3,*,*,*,*,*,*,*,*,*,*,*,*,*,*,*,*,*,*,*,*,*,*,*,*,*,*,*,*,*,*,3,3,*,*,*,*,*,*,*,*,*,*,*,*,*,*,*
52355574,1,,52355573,16,6,10,2,1,1,21,9,12,5,3,2,20,8,12,20,8,12,16,6,10,10,3,7,3,1,2,1,0,1,0,0,0,8,8,5,2,3,0,1,0,0,6,4,2,0,9,0,4,2
52355575,0,,,44,26,18,0,0,0,40,24,16,14,9,5,40,24,16,40,24,16,26,15,11,14,8,6,7,6,1,1,1,0,0,0,0,23,23,7,12,3,1,0,0,0,14,12,2,0,18,0,6,5
52355580,0,,,363,176,187,27,18,9,331,156,175,172,94,78,320,151,169,315,149,166,159,62,97,100,32,68,38,4,34,11,1,10,2,1,1,144,143,34,62,22,15,9,1,0,109,98,11,4,83,2,18,35
52355589,2,52355547,,2,0,2,*,*,*,*,*,*,*,*,*,*,*,*,*,*,*,*,*,*,*,*,*,*,*,*,*,*,*,*,*,*,1,1,*,*,*,*,*,*,*,*,*,*,*,*,*,*,*
52355590,0,,,140,69,71,19,10,9,116,57,59,76,39,37,115,56,59,112,54,58,40,18,22,19,7,12,4,1,3,0,0,0,2,2,0,63,63,21,22,13,2,3,1,1,42,33,9,4,28,2,7,9
52355591,0,,,111,58,53,21,14,7,86,42,44,49,24,25,83,40,43,81,40,41,37,18,19,17,6,11,10,4,6,1,1,0,1,0,1,43,43,11,13,8,6,4,1,0,28,23,5,5,24,0,9,6
52355600,0,,,2353,1044,1309,206,103,103,2062,895,1167,1208,606,602,1986,857,1129,1913,819,1094,854,289,565,581,156,425,326,59,267,72,2,70,56,24,32,910,899,361,226,127,120,53,6,6,534,476,58,37,365,87,114,108
52355601,0,,,751,370,381,98,46,52,610,300,310,404,206,198,588,292,296,568,281,287,206,94,112,107,50,57,26,11,15,2,0,2,34,19,15,339,339,142,83,48,39,21,4,2,197,176,21,11,131,30,29,45
52355602,0,,,1918,885,1033,239,111,128,1654,753,901,920,451,469,1609,733,876,1582,715,867,734,302,432,451,183,268,116,35,81,14,1,13,33,18,15,762,761,172,277,172,93,32,10,5,585,544,41,63,445,2,101,156
52355603,0,,,1617,755,862,207,110,97,1389,634,755,782,360,422,1352,619,733,1326,609,717,607,274,333,307,130,177,88,32,56,5,3,2,28,15,13,693,693,180,271,125,78,28,9,2,507,463,44,48,403,6,109,151
52355605,0,,,201,100,101,19,8,11,182,92,90,109,58,51,177,90,87,175,89,86,73,34,39,35,17,18,11,5,6,2,1,1,1,1,0,73,73,14,25,17,7,4,4,2,57,46,11,4,50,0,9,13
52355609,1,,52355619,93,46,47,0,0,0,96,48,48,35,17,18,96,48,48,95,47,48,61,31,30,22,11,11,5,1,4,2,0,2,1,1,0,43,43,8,25,8,4,0,0,0,37,32,5,0,37,0,4,19
52355610,0,,,20,9,11,5,2,3,15,7,8,5,2,3,15,7,8,15,7,8,10,5,5,6,4,2,2,1,1,0,0,0,3,0,3,8,8,3,1,2,1,1,0,0,5,4,1,1,6,0,3,1
52355611,0,,,327,164,163,25,8,17,298,154,144,194,107,87,291,150,141,285,148,137,104,47,57,50,21,29,11,3,8,0,0,0,2,2,0,118,117,33,36,22,14,8,3,1,83,66,17,5,66,1,16,17
52355612,2,52355622,,7,3,4,*,*,*,*,*,*,*,*,*,*,*,*,*,*,*,*,*,*,*,*,*,*,*,*,*,*,*,*,*,*,4,4,*,*,*,*,*,*,*,*,*,*,*,*,*,*,*
52355615,0,,,32,19,13,4,3,1,28,16,12,11,7,4,28,16,12,28,16,12,17,9,8,6,4,2,2,1,1,0,0,0,0,0,0,17,17,8,6,1,1,1,0,0,9,9,0,1,11,0,5,5
52355619,2,52355609,,5,3,2,*,*,*,*,*,*,*,*,*,*,*,*,*,*,*,*,*,*,*,*,*,*,*,*,*,*,*,*,*,*,2,2,*,*,*,*,*,*,*,*,*,*,*,*,*,*,*
52355620,0,,,14,6,8,1,0,1,13,6,7,0,0,0,13,6,7,13,6,7,13,6,7,7,3,4,3,1,2,0,0,0,0,0,0,6,6,0,4,2,0,0,0,0,6,4,2,0,6,0,0,4
52355621,0,,,11,5,6,0,0,0,11,5,6,3,1,2,11,5,6,11,5,6,8,4,4,1,0,1,1,0,1,0,0,0,0,0,0,4,4,0,2,1,1,0,0,0,4,3,1,0,4,0,0,1
52355622,1,,52355612,119,32,87,3,3,0,123,32,91,17,10,7,123,32,91,121,31,90,106,22,84,97,16,81,72,11,61,18,1,17,2,2,0,10,9,3,5,2,2,1,0,0,10,8,2,1,9,0,3,1
52355625,0,,,672,239,433,28,12,16,640,225,415,162,84,78,637,222,415,635,221,414,478,141,337,368,85,283,243,28,215,67,3,64,3,2,1,144,140,37,52,30,16,4,1,0,101,87,14,11,98,0,25,29
52355626,0,,,15,9,6,1,1,0,14,8,6,2,1,1,14,8,6,14,8,6,12,7,5,6,3,3,1,0,1,0,0,0,0,0,0,7,7,1,5,0,1,0,0,0,6,4,2,0,7,0,1,4
52355629,1,,52355639,191,92,99,16,7,9,179,88,91,98,50,48,176,88,88,171,85,86,81,38,43,42,20,22,7,2,5,1,0,1,0,0,0,67,67,9,28,14,7,4,4,2,59,49,10,3,50,0,6,15
52355631,0,,,266,122,144,23,13,10,239,105,134,123,57,66,234,103,131,233,102,131,116,48,68,56,26,30,17,5,12,2,0,2,0,0,0,106,106,27,34,22,13,7,3,0,78,62,16,5,77,0,18,18
52355632,0,,,102,45,57,4,2,2,98,43,55,55,24,31,94,41,53,92,39,53,43,19,24,21,6,15,5,1,4,1,1,0,0,0,0,36,36,8,9,7,7,3,2,0,28,16,12,1,32,0,7,3
52355633,0,,,350,159,191,14,8,6,335,150,185,131,66,65,331,147,184,328,146,182,204,84,120,144,54,90,80,21,59,19,4,15,1,0,1,101,100,25,34,16,14,6,4,1,75,55,20,2,76,0,16,20
52355635,0,,,449,155,294,19,9,10,428,145,283,88,49,39,420,139,281,416,136,280,340,96,244,276,68,208,188,34,154,43,4,39,4,2,2,99,97,31,36,14,10,4,1,1,65,55,10,5,68,0,16,28
52355636,0,,,304,139,165,22,10,12,279,127,152,126,62,64,276,126,150,271,123,148,153,65,88,70,25,45,16,4,12,1,0,1,3,1,2,121,121,26,51,22,11,5,2,4,94,73,21,5,98,0,20,31
52355639,2,52355629,,4,3,1,*,*,*,*,*,*,*,*,*,*,*,*,*,*,*,*,*,*,*,*,*,*,*,*,*,*,*,*,*,*,2,1,*,*,*,*,*,*,*,*,*,*,*,*,*,*,*
52355640,2,52355641,,8,6,2,*,*,*,*,*,*,*,*,*,*,*,*,*,*,*,*,*,*,*,*,*,*,*,*,*,*,*,*,*,*,4,4,*,*,*,*,*,*,*,*,*,*,*,*,*,*,*
52355641,1,,52355640,32,13,19,1,0,1,38,18,20,20,11,9,36,17,19,36,17,19,18,7,11,10,2,8,4,1,3,1,0,1,0,0,0,14,14,6,7,2,2,0,1,0,10,9,1,0,11,0,2,3
52355642,0,,,59,28,31,3,2,1,56,26,30,29,12,17,55,26,29,55,26,29,27,14,13,13,5,8,6,3,3,0,0,0,0,0,0,24,24,6,10,3,2,2,1,0,18,16,2,1,20,0,5,6
52355645,0,,,127,61,66,9,6,3,118,55,63,54,26,28,117,54,63,115,53,62,64,29,35,28,14,14,5,2,3,0,0,0,0,0,0,50,50,10,21,10,5,2,1,1,40,31,9,1,42,0,9,14
52355646,0,,,334,151,183,25,8,17,309,143,166,155,70,85,303,140,163,300,139,161,154,73,81,76,33,43,23,10,13,2,1,1,0,0,0,135,135,30,53,27,15,7,1,2,104,88,16,4,102,0,26,38
52355656,0,,,60,34,26,3,2,1,55,31,24,25,16,9,54,30,24,54,30,24,30,15,15,15,7,8,3,0,3,0,0,0,0,0,0,26,26,9,7,6,2,1,1,0,17,13,4,2,19,0,6,3
52355666,0,,,44,19,25,2,1,1,42,18,24,15,6,9,42,18,24,42,18,24,27,12,15,12,4,8,6,1,5,2,1,1,0,0,0,17,17,2,6,7,1,1,0,0,15,9,6,0,16,0,2,5
52355669,0,,,314,157,157,31,13,18,283,144,139,153,84,69,276,140,136,271,137,134,130,60,70,64,21,43,31,9,22,3,1,2,1,1,0,107,107,20,31,20,19,8,7,2,86,51,35,7,78,0,12,18
52355676,2,52355677,,5,2,3,*,*,*,*,*,*,*,*,*,*,*,*,*,*,*,*,*,*,*,*,*,*,*,*,*,*,*,*,*,*,2,2,*,*,*,*,*,*,*,*,*,*,*,*,*,*,*
52355677,1,,52355676;52355687,97,47,50,13,7,6,92,44,48,49,23,26,89,42,47,89,42,47,43,21,22,18,7,11,8,5,3,2,1,1,0,0,0,37,37,9,12,9,7,1,2,0,31,23,8,4,27,0,8,8
52355679,0,,,245,111,134,15,4,11,230,107,123,116,62,54,222,101,121,218,98,120,114,45,69,58,19,39,21,8,13,0,0,0,2,1,1,91,90,20,34,15,10,10,1,0,67,52,15,5,65,2,15,16
52355687,2,52355677,,3,2,1,*,*,*,*,*,*,*,*,*,*,*,*,*,*,*,*,*,*,*,*,*,*,*,*,*,*,*,*,*,*,1,1,*,*,*,*,*,*,*,*,*,*,*,*,*,*,*
52355692,0,,,30,13,17,6,2,4,24,11,13,7,4,3,24,11,13,24,11,13,17,7,10,12,4,8,3,0,3,1,0,1,0,0,0,12,12,1,9,0,0,1,1,0,11,10,1,0,11,0,1,5
52355694,1,,52355695,23,11,12,3,2,1,24,11,13,11,4,7,24,11,13,24,11,13,13,7,6,8,4,4,1,1,0,0,0,0,1,0,1,11,11,4,6,2,0,1,0,0,9,8,1,2,10,0,3,5
52355695,2,52355694,,4,2,2,*,*,*,*,*,*,*,*,*,*,*,*,*,*,*,*,*,*,*,*,*,*,*,*,*,*,*,*,*,*,2,2,*,*,*,*,*,*,*,*,*,*,*,*,*,*,*
52355698,0,,,12,6,6,0,0,0,12,6,6,5,2,3,12,6,6,12,6,6,7,4,3,2,1,1,0,0,0,0,0,0,0,0,0,5,5,0,4,0,1,0,0,0,5,4,1,0,5,0,0,1
52355699,0,,,10,4,6,0,0,0,10,4,6,4,3,1,9,3,6,8,2,6,6,1,5,3,0,3,2,0,2,0,0,0,0,0,0,6,6,4,1,0,1,0,0,0,2,1,1,0,5,0,4,1
52355700,0,,,1237,575,662,86,39,47,1150,536,614,553,271,282,1125,522,603,1107,507,600,597,265,332,286,133,153,64,16,48,5,1,4,6,2,4,516,516,97,239,99,53,20,5,3,414,366,48,17,376,2,80,166
52355701,0,,,2747,1269,1478,326,169,157,2248,1004,1244,1448,716,732,2172,967,1205,2103,937,1166,800,288,512,504,143,361,272,60,212,41,10,31,51,24,27,1200,1194,567,278,142,135,52,17,3,615,544,71,65,383,76,122,105
52355702,0,,,107,54,53,10,4,6,96,49,47,23,13,10,93,48,45,92,48,44,73,36,37,65,33,32,38,20,18,2,2,0,1,1,0,54,54,13,37,0,1,2,1,0,41,40,1,2,37,4,1,36
52355707,0,,,694,347,347,78,36,42,614,310,304,342,181,161,601,302,299,591,297,294,272,129,143,137,68,69,46,19,27,1,0,1,3,3,0,220,220,26,69,50,38,10,16,11,191,131,60,14,164,2,14,42
52355708,0,,,348,154,194,47,21,26,301,133,168,147,78,69,295,129,166,293,128,165,154,55,99,110,33,77,57,9,48,14,1,13,0,0,0,92,91,13,23,25,20,5,4,1,77,63,14,15,48,0,6,13
52355709,0,,,770,382,388,155,82,73,615,300,315,398,203,195,597,292,305,586,284,302,217,97,120,100,44,56,29,9,20,3,1,2,0,0,0,241,241,24,69,48,54,32,10,4,213,164,49,47,136,1,16,35
52355710,0,,,17,8,9,5,2,3,12,6,6,7,3,4,12,6,6,12,6,6,5,3,2,2,1,1,0,0,0,0,0,0,0,0,0,6,6,1,2,1,1,1,0,0,5,5,0,0,4,0,1,1
52355711,0,,,2154,1053,1101,385,207,178,1721,817,904,1402,671,731,1629,760,869,1573,737,836,319,146,173,144,56,88,43,14,29,1,0,1,23,9,14,856,856,272,190,159,166,59,7,3,581,535,46,103,221,64,60,63
52355712,0,,,1702,838,864,296,151,145,1368,664,704,1051,515,536,1329,649,680,1306,637,669,317,149,168,134,56,78,42,17,25,3,1,2,38,19,19,703,703,221,174,160,104,29,13,2,476,439,37,98,218,32,62,61
52355716,0,,,269,98,171,19,11,8,250,87,163,108,51,57,243,85,158,236,81,155,142,36,106,115,27,88,67,10,57,12,0,12,3,1,2,56,55,5,17,13,13,6,1,0,50,45,5,5,24,0,5,6
52355717,0,,,1033,501,532,126,57,69,907,444,463,554,288,266,883,427,456,871,419,452,353,156,197,169,66,103,64,23,41,5,0,5,4,3,1,336,336,39,93,94,60,27,13,10,296,210,86,27,220,0,30,55
52355718,0,,,666,301,365,81,36,45,584,264,320,328,171,157,569,255,314,559,251,308,256,93,163,149,44,105,80,12,68,10,1,9,3,3,0,184,179,30,42,43,34,22,6,2,149,111,38,19,117,0,20,29
52355719,0,,,686,289,397,97,41,56,588,247,341,301,149,152,567,235,332,557,229,328,287,98,189,181,50,131,92,19,73,15,3,12,0,0,0,194,191,30,49,48,31,15,15,3,161,119,42,30,122,0,25,27
52355720,0,,,1479,710,769,124,65,59,1345,638,707,815,396,419,1298,613,685,1268,594,674,530,242,288,259,107,152,90,36,54,9,4,5,7,1,6,553,552,94,209,125,71,37,9,7,452,377,75,34,325,2,50,128
52355721,0,,,5531,2696,2835,861,436,425,4640,2240,2400,3434,1637,1797,4406,2107,2299,4269,2036,2233,1206,603,603,497,231,266,117,46,71,5,1,4,25,10,15,2034,2034,348,622,480,441,127,13,3,1682,1591,91,191,796,22,168,319
52355722,0,,,3048,1521,1527,576,299,277,2421,1193,1228,1976,967,1009,2139,1039,1100,2036,992,1044,445,226,219,174,86,88,38,14,24,5,1,4,50,28,22,1052,1051,280,264,231,189,66,16,5,760,704,56,144,300,55,71,100
52355723,0,,,203,130,73,13,7,6,190,123,67,152,105,47,188,121,67,184,118,66,38,18,20,23,11,12,7,4,3,0,0,0,2,2,0,143,143,108,20,6,8,1,0,0,35,33,2,2,26,60,11,10
52355725,0,,,1503,746,757,325,167,158,1177,578,599,1056,516,540,1050,510,540,981,479,502,121,62,59,41,19,22,10,5,5,0,0,0,4,2,2,456,456,31,99,97,172,48,8,1,421,393,28,54,83,0,10,22
52355726,0,,,2048,1022,1026,269,135,134,1755,875,880,1098,564,534,1698,851,847,1663,827,836,657,311,346,289,130,159,87,34,53,5,2,3,13,5,8,754,754,142,242,170,117,61,15,7,608,514,94,59,427,9,69,134
52355727,0,,,572,265,307,59,29,30,513,236,277,309,150,159,491,228,263,482,224,258,204,86,118,93,33,60,34,9,25,2,0,2,5,1,4,184,184,18,56,45,37,13,11,4,164,110,54,15,129,0,12,29
52355728,0,,,568,280,288,71,41,30,496,238,258,322,165,157,477,227,250,455,218,237,174,73,101,91,35,56,33,10,23,4,0,4,0,0,0,181,181,22,48,41,40,15,14,1,158,112,46,14,113,0,17,23
52355729,0,,,299,136,163,28,14,14,271,122,149,144,66,78,262,120,142,259,118,141,127,56,71,62,24,38,23,4,19,3,1,2,0,0,0,104,104,16,35,24,15,7,4,3,86,63,23,4,79,1,14,20
52355730,0,,,687,340,347,66,41,25,620,298,322,356,180,176,607,289,318,594,282,312,264,118,146,143,62,81,52,25,27,6,2,4,0,0,0,249,249,41,91,48,38,21,8,2,207,160,47,12,171,2,28,48
52355731,0,,,3101,1457,1644,326,160,166,2753,1283,1470,1711,792,919,2666,1243,1423,2611,1218,1393,1042,491,551,417,160,257,135,27,108,17,1,16,9,4,5,1205,1204,222,464,258,187,56,13,4,978,888,90,88,651,16,117,285
52355732,0,,,4239,2020,2219,498,253,245,3605,1688,1917,2492,1185,1307,3487,1636,1851,3346,1581,1765,1113,503,610,476,204,272,145,41,104,14,3,11,59,37,22,1833,1832,609,545,329,258,75,15,1,1205,1134,71,148,688,126,141,278
52355733,0,,,4040,1942,2098,412,202,210,3495,1668,1827,2319,1155,1164,3395,1620,1775,3292,1563,1729,1176,513,663,583,241,342,169,58,111,19,7,12,34,15,19,1803,1802,671,514,291,225,67,26,8,1116,974,142,103,784,110,206,227
52355735,0,,,2958,1492,1466,446,233,213,2434,1223,1211,1935,977,958,2331,1164,1167,2278,1139,1139,499,246,253,186,78,108,42,13,29,2,1,1,32,10,22,1146,1145,279,354,220,213,60,16,3,856,803,53,112,357,32,90,121
52355736,0,,,2529,1257,1272,523,277,246,1991,970,1021,1580,779,801,1885,915,970,1836,894,942,411,191,220,141,61,80,40,16,24,2,0,2,13,4,9,877,877,153,233,185,203,83,12,8,719,659,60,141,269,9,46,91
52355737,0,,,59,30,29,19,9,10,40,21,19,34,19,15,38,19,19,37,18,19,6,2,4,3,1,2,1,0,1,0,0,0,0,0,0,16,16,0,4,4,2,5,1,0,15,14,1,4,4,0,0,1
52355738,0,,,353,175,178,62,34,28,291,141,150,191,98,93,284,136,148,278,133,145,100,43,57,48,16,32,21,6,15,0,0,0,2,0,2,104,104,10,24,22,22,16,9,1,94,65,29,19,64,0,6,14
52355739,0,,,417,208,209,39,22,17,378,186,192,235,124,111,368,180,188,365,180,185,143,62,81,80,28,52,26,10,16,2,1,1,1,0,1,132,132,22,29,31,24,13,8,5,110,65,45,16,96,0,14,11
52355742,0,,,2582,1267,1315,611,302,309,1896,917,979,1580,772,808,1848,894,954,1812,880,932,316,145,171,146,62,84,45,13,32,5,1,4,16,10,6,982,980,244,260,188,221,61,4,2,729,692,37,223,203,45,38,63
52355743,0,,,7319,3526,3793,842,435,407,6103,2868,3235,4649,2259,2390,5904,2763,3141,5706,2667,3039,1454,609,845,636,214,422,231,55,176,34,8,26,80,33,47,3473,3468,1479,916,558,386,103,17,9,1958,1832,126,240,953,260,290,301
52355744,0,,,651,317,334,69,40,29,548,259,289,405,195,210,535,254,281,522,248,274,143,64,79,80,32,48,31,10,21,4,2,2,4,1,3,298,298,130,68,41,37,19,2,1,164,134,30,28,98,21,24,25
52355745,0,,,485,244,241,86,50,36,365,176,189,249,137,112,355,170,185,350,166,184,116,39,77,78,25,53,40,8,32,4,0,4,2,1,1,184,183,67,44,27,22,14,8,1,115,99,16,13,53,2,9,13
52355746,0,,,77,39,38,7,4,3,70,35,35,46,23,23,66,34,32,65,34,31,24,12,12,14,6,8,8,4,4,2,1,1,0,0,0,24,24,5,3,8,3,1,3,1,18,9,9,1,17,1,4,1
52355748,0,,,222,105,117,31,14,17,191,91,100,129,64,65,182,86,96,176,83,93,62,27,35,25,6,19,11,1,10,0,0,0,0,0,0,56,56,6,7,9,15,10,4,5,50,23,27,7,40,0,4,4
52355749,0,,,1055,513,542,129,67,62,925,446,479,580,287,293,897,435,462,872,420,452,345,159,186,188,80,108,72,27,45,6,1,5,11,9,2,320,320,56,68,64,54,41,20,17,263,152,111,28,227,7,36,39
52355750,0,,,343,173,170,26,17,9,317,156,161,175,87,88,311,153,158,306,150,156,142,69,73,66,28,38,31,13,18,4,1,3,7,7,0,120,120,18,40,31,16,7,5,3,102,73,29,6,87,7,10,24
52355751,0,,,88,40,48,1,0,1,87,40,47,48,24,24,87,40,47,86,39,47,39,16,23,23,9,14,9,2,7,0,0,0,2,2,0,35,35,8,11,10,4,0,2,0,27,17,10,1,25,2,3,5
52355752,0,,,574,259,315,54,24,30,508,228,280,292,140,152,497,221,276,483,216,267,216,88,128,112,45,67,38,14,24,4,1,3,2,1,1,217,217,55,67,39,32,12,7,5,160,123,37,12,140,0,33,42
52355753,0,,,3112,1499,1613,394,203,191,2650,1252,1398,1764,871,893,2561,1204,1357,2510,1182,1328,886,381,505,466,164,302,197,53,144,18,6,12,36,18,18,1200,1194,345,356,232,180,62,16,3,837,756,81,98,472,16,125,148
52355754,0,,,723,375,348,79,42,37,615,317,298,408,220,188,590,302,288,573,293,280,207,97,110,87,39,48,18,8,10,2,0,2,12,7,5,338,338,138,88,52,48,11,1,0,196,185,11,18,144,12,45,40
52355755,0,,,484,225,259,18,5,13,406,198,208,258,127,131,402,196,206,398,195,203,148,71,77,51,24,27,9,3,6,1,0,1,13,5,8,361,361,263,82,9,5,2,0,0,93,91,2,6,119,8,79,30
52355756,0,,,21,10,11,1,0,1,20,10,10,18,10,8,20,10,10,20,10,10,2,0,2,1,0,1,0,0,0,0,0,0,0,0,0,15,15,12,0,3,0,0,0,0,3,3,0,0,2,0,1,0
52355758,1,,52355768,18,10,8,5,3,2,16,9,7,14,8,6,15,8,7,14,7,7,2,1,1,2,1,1,0,0,0,0,0,0,0,0,0,5,5,1,0,2,2,0,1,0,5,5,0,1,1,0,0,0
52355759,0,,,240,109,131,26,14,12,214,95,119,104,57,47,211,93,118,211,93,118,110,38,72,76,19,57,55,14,41,12,0,12,0,0,0,65,64,10,19,13,13,4,4,1,52,37,15,4,40,0,6,11
52355760,0,,,421,209,212,107,55,52,314,154,160,214,116,98,310,151,159,308,151,157,100,38,62,69,22,47,48,16,32,9,3,6,1,1,0,112,110,15,27,24,23,14,5,2,94,84,10,41,37,0,10,8
52355761,0,,,1145,566,579,235,109,126,899,451,448,627,309,318,885,439,446,870,431,439,272,142,130,95,51,44,29,14,15,2,0,2,6,1,5,403,402,61,119,97,92,23,6,4,339,308,31,92,175,0,31,57
52355762,0,,,1404,683,721,140,81,59,1260,599,661,705,341,364,1230,582,648,1214,574,640,555,258,297,223,95,128,58,15,43,5,2,3,4,0,4,542,542,96,208,116,81,30,7,4,442,389,53,38,349,0,69,131
52355763,1,,52355764,4438,2095,2343,474,247,227,3887,1805,2082,2273,1066,1207,3764,1743,2021,3690,1708,1982,1614,739,875,826,364,462,245,89,156,27,12,15,43,20,23,1962,1961,594,710,319,273,51,12,3,1358,1264,94,129,1058,15,323,393
52355764,2,52355763,,2,1,1,*,*,*,*,*,*,*,*,*,*,*,*,*,*,*,*,*,*,*,*,*,*,*,*,*,*,*,*,*,*,1,1,*,*,*,*,*,*,*,*,*,*,*,*,*,*,*
52355768,2,52355758,,3,2,1,*,*,*,*,*,*,*,*,*,*,*,*,*,*,*,*,*,*,*,*,*,*,*,*,*,*,*,*,*,*,1,1,*,*,*,*,*,*,*,*,*,*,*,*,*,*,*
52355769,0,,,121,52,69,15,4,11,106,48,58,64,31,33,102,47,55,99,46,53,42,17,25,17,5,12,4,0,4,1,0,1,0,0,0,32,32,2,10,3,8,2,4,3,29,17,12,4,28,0,2,6
52355770,1,,52355780,132,61,71,11,3,8,130,61,69,60,29,31,128,61,67,127,60,67,70,32,38,32,13,19,13,5,8,3,2,1,1,1,0,48,48,9,21,12,2,7,1,1,43,32,11,3,40,1,6,14
52355771,0,,,83,40,43,8,5,3,75,35,40,42,19,23,73,34,39,72,34,38,33,16,17,19,8,11,7,4,3,3,1,2,0,0,0,29,29,5,10,5,4,3,2,0,24,19,5,3,19,0,5,5
52355772,0,,,2933,1356,1577,216,116,100,2704,1229,1475,1536,693,843,2646,1200,1446,2602,1177,1425,1168,536,632,429,143,286,204,48,156,31,5,26,4,1,3,1161,1160,201,502,259,151,39,7,1,956,876,80,65,687,4,118,289
52355773,0,,,3057,1436,1621,213,107,106,2814,1309,1505,1295,608,687,2755,1276,1479,2722,1264,1458,1519,701,818,745,358,387,172,66,106,16,6,10,21,13,8,1331,1331,280,621,261,112,42,11,4,1046,961,85,43,950,5,198,407
52355774,0,,,46,26,20,3,3,0,40,22,18,22,13,9,40,22,18,39,21,18,18,9,9,7,5,2,2,2,0,0,0,0,0,0,0,24,24,9,10,3,2,0,0,0,14,12,2,0,14,0,3,5
52355780,2,52355770,,11,5,6,*,*,*,*,*,*,*,*,*,*,*,*,*,*,*,*,*,*,*,*,*,*,*,*,*,*,*,*,*,*,5,5,*,*,*,*,*,*,*,*,*,*,*,*,*,*,*
52355781,0,,,304,159,145,14,8,6,289,150,139,161,90,71,284,147,137,282,146,136,128,60,68,54,19,35,19,7,12,2,1,1,0,0,0,131,131,38,46,27,8,11,1,0,91,70,21,3,97,1,26,19
52355782,0,,,263,143,120,42,27,15,221,116,105,177,94,83,205,108,97,195,103,92,44,22,22,19,10,9,4,1,3,0,0,0,4,3,1,84,84,3,27,21,25,6,1,1,81,76,5,7,28,0,2,12
52355783,0,,,1896,905,991,324,170,154,1518,704,814,1102,521,581,1470,688,782,1422,663,759,416,183,233,206,83,123,67,22,45,7,0,7,18,9,9,717,716,204,169,140,132,55,9,7,503,437,66,95,267,29,58,70
52355784,0,,,380,194,186,44,25,19,331,165,166,199,104,95,323,161,162,313,157,156,132,61,71,71,30,41,22,9,13,2,0,2,1,0,1,157,157,39,56,32,17,13,0,0,115,101,14,11,86,2,21,28
52355790,0,,,98,45,53,7,2,5,91,43,48,51,24,27,87,42,45,86,42,44,40,19,21,14,5,9,4,2,2,0,0,0,0,0,0,35,35,3,21,1,2,6,2,0,32,24,8,0,25,0,1,11
52355791,0,,,255,126,129,26,12,14,229,114,115,126,68,58,222,108,114,215,103,112,103,46,57,54,21,33,17,5,12,1,1,0,0,0,0,89,89,15,34,14,12,7,4,3,74,56,18,7,71,0,14,18
52355792,0,,,765,387,378,90,54,36,674,332,342,543,271,272,648,315,333,616,299,317,131,61,70,55,22,33,12,3,9,1,0,1,3,2,1,263,263,27,78,75,65,12,5,1,234,210,24,12,87,0,10,30
52355793,0,,,3033,1421,1612,338,165,173,2623,1215,1408,1701,805,896,2518,1157,1361,2454,1128,1326,922,410,512,451,185,266,132,40,92,11,2,9,20,3,17,1266,1265,372,389,248,180,57,15,4,878,811,67,81,599,33,155,216
52355794,0,,,226,107,119,25,11,14,200,95,105,125,60,65,193,92,101,186,91,95,75,35,40,42,17,25,12,6,6,0,0,0,1,0,1,81,81,14,28,17,10,9,1,2,67,55,12,6,50,0,8,16
52356000,0,,,56,25,31,9,4,5,47,21,26,26,11,15,43,20,23,43,20,23,21,10,11,11,5,6,4,1,3,0,0,0,0,0,0,16,16,1,3,7,2,0,1,2,15,7,8,2,12,0,1,1
52356001,0,,,121,56,65,9,4,5,112,52,60,65,34,31,111,52,59,111,52,59,47,18,29,22,6,16,8,1,7,0,0,0,0,0,0,41,41,5,12,11,9,1,3,0,36,24,12,2,33,0,5,5
52356002,0,,,1917,927,990,291,149,142,1617,770,847,1041,519,522,1569,744,825,1541,733,808,576,251,325,310,118,192,118,37,81,8,0,8,20,9,11,715,714,186,211,129,94,62,17,15,524,401,123,92,373,23,83,93
52356003,0,,,634,294,340,58,25,33,576,269,307,322,155,167,559,264,295,553,260,293,254,114,140,148,63,85,64,25,39,7,1,6,3,1,2,229,228,47,75,40,39,16,8,3,181,129,52,17,155,4,31,47
52356004,0,,,13,6,7,0,0,0,13,6,7,11,6,5,13,6,7,13,6,7,2,0,2,2,0,2,0,0,0,0,0,0,2,2,0,7,7,3,2,2,0,0,0,0,4,4,0,0,2,0,1,0
52356005,0,,,152,83,69,24,17,7,126,65,61,68,35,33,122,63,59,120,62,58,58,30,28,25,14,11,8,3,5,1,0,1,0,0,0,66,66,28,18,6,6,4,2,2,38,28,10,4,38,2,11,13
52356006,0,,,350,173,177,51,26,25,299,147,152,166,90,76,291,141,150,288,140,148,133,57,76,75,34,41,32,14,18,5,2,3,2,2,0,139,139,42,40,25,18,8,3,3,96,73,23,10,88,1,27,21
52356007,0,,,1034,480,554,130,65,65,901,412,489,619,296,323,852,396,456,830,387,443,282,116,166,166,60,106,70,17,53,1,0,1,34,14,20,418,417,127,125,70,64,18,11,2,288,246,42,30,195,29,59,53
52356008,0,,,785,392,393,100,54,46,667,333,334,435,231,204,642,320,322,633,314,319,232,102,130,135,52,83,50,16,34,5,2,3,49,33,16,336,335,120,86,68,34,20,6,1,212,177,35,33,147,46,35,47
52356009,0,,,276,130,146,27,12,15,249,118,131,141,69,72,245,114,131,242,113,129,108,49,59,48,19,29,16,4,12,3,1,2,0,0,0,103,103,22,31,25,15,5,3,2,81,60,21,12,71,2,13,18
52356010,0,,,302,160,142,40,22,18,262,138,124,160,85,75,248,126,122,242,124,118,102,53,49,52,26,26,20,11,9,3,0,3,0,0,0,103,103,18,28,23,18,10,5,1,84,63,21,6,65,0,12,17
52356011,0,,,379,180,199,43,20,23,336,160,176,198,105,93,325,157,168,322,155,167,138,55,83,66,23,43,30,10,20,3,0,3,7,6,1,135,135,25,38,34,21,12,3,2,110,79,31,12,90,2,20,19
52356012,0,,,1485,741,744,192,107,85,1290,631,659,883,446,437,1244,599,645,1218,585,633,407,185,222,224,88,136,76,29,47,5,1,4,28,10,18,587,587,161,167,121,90,29,13,6,421,338,83,45,283,16,70,72
52356013,0,,,86,42,44,15,10,5,71,32,39,42,19,23,66,31,35,65,30,35,29,13,16,7,1,6,3,1,2,0,0,0,0,0,0,27,27,3,9,4,4,6,0,1,24,17,7,3,20,0,2,6
52356014,0,,,41,21,20,2,0,2,39,21,18,29,15,14,36,18,18,35,17,18,10,6,4,4,3,1,2,2,0,0,0,0,0,0,0,14,14,3,2,5,3,0,0,1,11,9,2,2,7,0,1,1
52356015,0,,,136,68,68,10,5,5,126,63,63,72,38,34,122,61,61,120,61,59,54,25,29,27,11,16,11,3,8,2,0,2,0,0,0,53,53,6,23,13,10,1,0,0,47,39,8,2,34,0,4,11
52356016,0,,,314,143,171,38,17,21,276,126,150,159,78,81,265,118,147,260,118,142,117,48,69,67,22,45,24,7,17,5,2,3,2,1,1,112,112,16,42,21,21,7,3,2,96,67,29,8,79,0,14,18
52356017,0,,,189,91,98,26,12,14,162,78,84,106,53,53,155,73,82,154,72,82,56,25,31,27,13,14,9,2,7,0,0,0,3,0,3,71,71,19,18,14,13,5,1,1,51,38,13,7,38,5,10,11
52356018,0,,,25,12,13,4,2,2,21,10,11,9,4,5,21,10,11,21,10,11,12,6,6,8,4,4,2,1,1,0,0,0,0,0,0,11,11,2,6,1,2,0,0,0,9,8,1,1,8,0,2,4
52356019,0,,,289,138,151,36,17,19,253,121,132,161,83,78,242,117,125,237,115,122,92,38,54,44,14,30,20,4,16,2,1,1,13,9,4,101,101,25,22,23,18,6,4,3,75,54,21,12,64,4,14,12
52356020,1,,52356030,209,95,114,20,13,7,193,85,108,89,43,46,188,84,104,188,84,104,104,42,62,58,17,41,30,7,23,4,1,3,0,0,0,69,68,7,26,17,10,7,1,1,62,40,22,4,56,0,4,16
52356021,0,,,32,17,15,4,3,1,28,14,14,16,8,8,27,14,13,27,14,13,12,6,6,7,3,4,0,0,0,0,0,0,0,0,0,13,13,2,6,2,3,0,0,0,11,11,0,1,7,0,1,3
52356022,0,,,164,79,85,18,9,9,146,70,76,77,38,39,142,68,74,141,67,74,69,32,37,33,16,17,8,4,4,0,0,0,3,1,2,58,58,10,20,12,10,2,1,3,48,36,12,2,41,1,7,13
52356023,0,,,224,106,118,20,12,8,204,94,110,105,48,57,197,94,103,193,92,101,99,46,53,62,29,33,22,11,11,5,2,3,0,0,0,85,85,21,28,16,8,6,5,1,64,47,17,5,61,0,17,15
52356024,0,,,127,67,60,12,9,3,115,58,57,63,33,30,109,54,55,108,53,55,52,25,27,30,12,18,12,4,8,2,0,2,0,0,0,45,45,8,15,10,6,3,2,1,37,27,10,0,35,0,7,10
52356025,0,,,39,13,26,8,3,5,31,10,21,27,9,18,27,9,18,21,7,14,4,1,3,3,1,2,1,1,0,0,0,0,0,0,0,11,11,2,0,4,1,3,1,0,9,8,1,2,3,0,2,0
52356026,0,,,239,70,169,8,4,4,231,66,165,31,12,19,231,66,165,230,66,164,200,54,146,164,35,129,120,19,101,22,4,18,0,0,0,32,29,7,8,5,5,3,0,1,22,13,9,3,23,0,4,7
52356027,0,,,36,15,21,5,1,4,31,14,17,15,7,8,31,14,17,30,13,17,16,7,9,13,5,8,4,1,3,0,0,0,0,0,0,15,15,3,7,3,0,2,0,0,12,10,2,2,10,0,3,6
52356029,0,,,88,49,39,13,10,3,75,39,36,46,27,19,72,37,35,71,36,35,29,12,17,14,6,8,7,3,4,3,2,1,1,1,0,29,29,6,8,5,3,6,0,1,22,15,7,4,18,0,4,4
52356030,2,52356020,,4,3,1,*,*,*,*,*,*,*,*,*,*,*,*,*,*,*,*,*,*,*,*,*,*,*,*,*,*,*,*,*,*,1,1,*,*,*,*,*,*,*,*,*,*,*,*,*,*,*
52356032,0,,,229,113,116,11,7,4,218,106,112,118,61,57,211,101,110,210,100,110,100,45,55,50,21,29,12,4,8,0,0,0,0,0,0,80,80,9,30,19,13,5,2,2,71,48,23,1,65,0,8,14
52356033,0,,,487,166,321,22,12,10,465,154,311,95,49,46,460,150,310,456,148,308,370,105,265,323,78,245,221,43,178,55,5,50,0,0,0,53,49,12,12,8,7,4,6,0,37,29,8,3,29,0,8,7
52356034,0,,,119,49,70,16,6,10,103,43,60,55,25,30,100,43,57,99,43,56,48,18,30,27,9,18,10,4,6,0,0,0,0,0,0,42,42,9,14,8,5,2,1,3,33,22,11,3,32,0,7,11
52356037,0,,,57,26,31,6,1,5,51,25,26,30,14,16,50,24,26,49,23,26,21,11,10,11,5,6,5,1,4,0,0,0,0,0,0,22,22,7,4,5,4,1,1,0,14,8,6,1,17,0,6,0
52356038,0,,,421,195,226,42,24,18,379,171,208,203,93,110,362,163,199,358,162,196,176,78,98,81,25,56,41,5,36,4,0,4,4,1,3,145,145,28,44,29,18,17,5,4,116,70,46,10,112,0,20,26
52356039,0,,,679,326,353,109,58,51,570,268,302,366,175,191,550,257,293,544,255,289,204,93,111,97,35,62,32,11,21,5,0,5,9,1,8,249,249,52,73,51,48,14,11,0,197,153,44,32,135,0,24,38
52356041,1,,52356051,111,53,58,8,4,4,105,50,55,44,21,23,104,49,55,103,49,54,61,29,32,34,17,17,7,2,5,0,0,0,1,0,1,44,44,8,20,10,3,2,1,1,37,27,10,1,38,0,7,14
52356042,0,,,231,122,109,22,12,10,209,110,99,119,66,53,198,106,92,195,103,92,90,44,46,37,16,21,11,4,7,0,0,0,0,0,0,85,85,16,31,18,7,8,4,1,69,52,17,5,57,0,9,15
52356043,0,,,268,142,126,34,17,17,231,122,109,165,90,75,217,116,101,214,114,100,66,32,34,37,16,21,9,4,5,1,0,1,2,1,1,110,110,46,21,13,17,9,1,3,64,45,19,12,42,19,6,11
52356044,0,,,120,56,64,16,4,12,104,52,52,71,37,34,97,49,48,96,48,48,33,15,18,21,11,10,5,3,2,0,0,0,0,0,0,42,42,8,9,14,6,3,1,1,34,24,10,2,22,0,4,4
52356047,2,52356048,,3,1,2,*,*,*,*,*,*,*,*,*,*,*,*,*,*,*,*,*,*,*,*,*,*,*,*,*,*,*,*,*,*,2,2,*,*,*,*,*,*,*,*,*,*,*,*,*,*,*
52356048,1,,52356047,142,64,78,14,4,10,131,61,70,68,33,35,128,59,69,123,58,65,63,28,35,42,17,25,18,7,11,2,1,1,0,0,0,47,47,12,12,7,7,7,3,1,37,22,15,3,40,0,11,11
52356049,0,,,30,18,12,1,1,0,29,17,12,10,8,2,28,16,12,28,16,12,19,9,10,11,5,6,1,1,0,0,0,0,0,0,0,15,15,7,5,2,0,0,0,1,8,6,2,0,13,0,5,3
52356051,2,52356041,,2,1,1,*,*,*,*,*,*,*,*,*,*,*,*,*,*,*,*,*,*,*,*,*,*,*,*,*,*,*,*,*,*,1,1,*,*,*,*,*,*,*,*,*,*,*,*,*,*,*
52356052,0,,,204,96,108,14,6,8,190,90,100,108,57,51,183,87,96,179,85,94,82,33,49,46,20,26,18,7,11,1,1,0,0,0,0,80,80,16,35,13,10,1,2,3,64,49,15,4,56,0,14,15
52356053,0,,,195,95,100,15,9,6,180,86,94,95,48,47,174,84,90,171,82,89,85,38,47,51,20,31,17,5,12,2,1,1,2,0,2,73,73,13,24,19,11,4,1,1,60,45,15,3,58,0,12,12
52356054,1,,52356055,478,225,253,50,33,17,431,193,238,224,120,104,418,187,231,411,183,228,207,73,134,116,35,81,51,11,40,4,1,3,0,0,0,101,96,20,34,10,13,13,4,3,77,58,19,11,49,0,6,21
52356055,2,52356054,,4,2,2,*,*,*,*,*,*,*,*,*,*,*,*,*,*,*,*,*,*,*,*,*,*,*,*,*,*,*,*,*,*,1,1,*,*,*,*,*,*,*,*,*,*,*,*,*,*,*
52356057,1,,52356058,86,40,46,9,4,5,81,39,42,38,20,18,80,38,42,80,38,42,43,19,24,24,9,15,11,4,7,0,0,0,0,0,0,34,34,12,10,8,4,1,1,1,25,18,7,3,29,0,7,7
52356058,2,52356057,,4,3,1,*,*,*,*,*,*,*,*,*,*,*,*,*,*,*,*,*,*,*,*,*,*,*,*,*,*,*,*,*,*,3,3,*,*,*,*,*,*,*,*,*,*,*,*,*,*,*
52356061,0,,,18,9,9,2,2,0,16,7,9,9,5,4,15,6,9,15,6,9,7,2,5,4,1,3,2,0,2,0,0,0,0,0,0,7,7,2,0,4,1,0,0,0,5,3,2,1,5,0,2,0
52356062,0,,,221,103,118,28,10,18,193,93,100,112,55,57,186,90,96,183,89,94,81,38,43,41,22,19,10,7,3,1,1,0,0,0,0,76,76,11,22,24,6,8,5,0,65,49,16,7,50,0,7,16
52356063,1,,52356064,378,183,195,34,18,16,347,167,180,191,96,95,335,162,173,326,158,168,156,71,85,74,31,43,25,12,13,1,1,0,1,1,0,141,141,36,42,33,11,7,8,5,105,68,37,8,105,2,24,23
52356064,2,52356063,,3,2,1,*,*,*,*,*,*,*,*,*,*,*,*,*,*,*,*,*,*,*,*,*,*,*,*,*,*,*,*,*,*,1,1,*,*,*,*,*,*,*,*,*,*,*,*,*,*,*
52356068,0,,,60,30,30,4,2,2,56,28,28,23,11,12,56,28,28,54,27,27,33,17,16,10,3,7,6,0,6,2,0,2,1,0,1,27,27,9,11,4,1,0,1,1,18,15,3,1,20,0,7,8
52356069,0,,,75,32,43,8,4,4,67,28,39,38,17,21,65,28,37,64,28,36,29,11,18,14,5,9,7,3,4,0,0,0,0,0,0,27,27,3,11,5,6,1,1,0,24,19,5,0,19,0,3,4
52356070,0,,,24,11,13,0,0,0,24,11,13,10,4,6,24,11,13,24,11,13,14,7,7,10,5,5,4,2,2,1,0,1,0,0,0,9,9,2,3,2,1,0,1,0,7,5,2,0,9,0,2,3
52356071,0,,,293,146,147,35,20,15,258,126,132,124,65,59,252,123,129,252,123,129,134,61,73,69,27,42,22,7,15,0,0,0,0,0,0,98,97,21,34,9,14,7,8,4,75,49,26,7,75,1,15,25
52356072,0,,,159,84,75,20,11,9,139,73,66,73,39,34,134,69,65,132,67,65,66,34,32,26,14,12,5,2,3,0,0,0,1,0,1,56,56,8,24,11,4,4,3,2,48,35,13,5,42,0,5,13
52356073,0,,,47,22,25,7,3,4,40,19,21,19,9,10,38,18,20,38,18,20,21,10,11,9,4,5,2,0,2,1,0,1,0,0,0,17,17,2,6,5,3,0,1,0,15,12,3,1,12,0,2,3
52356077,0,,,131,59,72,20,8,12,111,51,60,51,24,27,109,51,58,108,50,58,60,27,33,27,11,16,7,2,5,0,0,0,0,0,0,46,46,8,20,4,5,5,2,2,38,31,7,4,37,0,7,14
52356078,0,,,89,42,47,7,6,1,82,36,46,37,16,21,81,36,45,81,36,45,45,20,25,23,9,14,15,6,9,1,0,1,1,0,1,40,40,12,16,8,1,1,2,0,28,20,8,2,31,0,8,10
52356079,0,,,177,84,93,34,17,17,143,67,76,85,41,44,137,65,72,137,65,72,58,26,32,30,13,17,11,3,8,1,0,1,0,0,0,60,59,10,17,12,11,6,1,2,49,35,14,8,36,0,9,10
52356080,0,,,150,71,79,6,1,5,143,69,74,79,40,39,142,69,73,139,68,71,64,29,35,33,10,23,11,3,8,0,0,0,1,0,1,60,60,15,18,15,9,2,0,1,44,32,12,2,43,0,7,10
52356081,0,,,84,43,41,20,12,8,64,31,33,40,21,19,64,31,33,64,31,33,24,10,14,9,3,6,5,1,4,0,0,0,0,0,0,34,34,10,13,4,4,1,1,1,24,21,3,4,18,0,5,5
52356082,0,,,269,96,173,16,6,10,253,90,163,85,43,42,249,88,161,248,88,160,168,47,121,119,24,95,88,15,73,15,3,12,1,0,1,72,71,25,15,12,9,5,5,0,46,29,17,4,57,0,17,9
52356083,0,,,220,113,107,26,14,12,194,99,95,115,63,52,190,96,94,187,95,92,79,36,43,43,22,21,15,6,9,0,0,0,0,0,0,76,76,16,20,15,15,4,4,2,60,38,22,7,51,0,10,12
52356086,2,52356087,,6,3,3,*,*,*,*,*,*,*,*,*,*,*,*,*,*,*,*,*,*,*,*,*,*,*,*,*,*,*,*,*,*,3,3,*,*,*,*,*,*,*,*,*,*,*,*,*,*,*
52356087,1,,52356086,99,44,55,6,2,4,99,45,54,47,21,26,97,43,54,97,43,54,52,24,28,28,11,17,10,4,6,1,0,1,0,0,0,39,39,12,12,9,5,3,0,1,30,19,11,0,35,0,8,6
52356088,0,,,52,26,26,4,4,0,48,22,26,25,11,14,47,22,25,46,21,25,23,11,12,12,6,6,3,1,2,1,0,1,0,0,0,14,14,0,6,1,2,2,2,1,14,7,7,0,13,0,0,3
52356089,0,,,81,42,39,7,1,6,74,41,33,38,23,15,73,41,32,72,41,31,36,18,18,18,11,7,6,2,4,0,0,0,0,0,0,31,31,5,15,5,2,2,1,1,25,19,6,2,23,0,4,6
52356090,0,,,720,352,368,93,48,45,627,304,323,373,192,181,613,296,317,598,287,311,254,112,142,133,49,84,52,15,37,7,2,5,14,13,1,289,289,88,91,41,32,25,10,2,200,150,50,23,180,13,52,38
52356091,1,,52356092,123,63,60,14,7,7,116,59,57,65,34,31,115,58,57,114,57,57,51,25,26,21,7,14,12,2,10,1,0,1,2,1,1,48,48,18,8,14,5,3,2,1,33,23,10,2,35,1,12,1
52356092,2,52356091,,7,3,4,*,*,*,*,*,*,*,*,*,*,*,*,*,*,*,*,*,*,*,*,*,*,*,*,*,*,*,*,*,*,3,3,*,*,*,*,*,*,*,*,*,*,*,*,*,*,*
52356093,0,,,148,77,71,17,13,4,131,64,67,79,37,42,123,61,62,123,61,62,52,27,25,24,11,13,4,2,2,0,0,0,0,0,0,54,54,12,14,12,10,4,2,0,42,31,11,2,38,0,10,8
52356097,0,,,46,23,23,4,2,2,42,21,21,25,15,10,39,18,21,38,17,21,17,6,11,14,5,9,4,1,3,0,0,0,0,0,0,18,18,3,9,2,2,1,1,0,15,11,4,1,13,0,1,4
52356099,0,,,27,10,17,2,2,0,25,8,17,14,5,9,25,8,17,24,8,16,11,3,8,6,1,5,6,1,5,1,0,1,1,0,1,9,9,1,3,3,1,0,0,1,8,5,3,0,6,0,1,1
52356100,0,,,329,154,175,44,18,26,285,136,149,157,78,79,276,131,145,270,130,140,128,58,70,53,23,30,13,4,9,5,1,4,7,5,2,118,118,20,43,21,19,10,3,2,98,76,22,13,78,4,12,25
52356101,0,,,11,5,6,2,1,1,9,4,5,6,3,3,9,4,5,9,4,5,3,1,2,1,0,1,1,0,1,0,0,0,0,0,0,4,4,0,2,1,1,0,0,0,4,3,1,1,2,0,0,1
52356108,0,,,22,10,12,1,0,1,21,10,11,10,5,5,20,9,11,19,8,11,11,5,6,7,3,4,2,1,1,0,0,0,0,0,0,6,6,0,2,1,0,3,0,0,6,3,3,1,6,0,0,2
52356109,1,,52356119,29,13,16,3,1,2,34,16,18,17,9,8,32,16,16,32,16,16,17,7,10,5,1,4,3,1,2,0,0,0,0,0,0,14,14,4,9,2,1,1,0,0,13,12,1,1,11,0,2,6
52356110,0,,,386,187,199,44,20,24,342,167,175,172,90,82,330,158,172,325,158,167,170,77,93,94,37,57,29,12,17,2,1,1,8,3,5,142,142,30,46,26,23,12,2,3,112,87,25,8,104,1,22,34
52356111,2,52356121,,2,1,1,*,*,*,*,*,*,*,*,*,*,*,*,*,*,*,*,*,*,*,*,*,*,*,*,*,*,*,*,*,*,1,1,*,*,*,*,*,*,*,*,*,*,*,*,*,*,*
52356115,2,52356126,,2,0,2,*,*,*,*,*,*,*,*,*,*,*,*,*,*,*,*,*,*,*,*,*,*,*,*,*,*,*,*,*,*,2,2,*,*,*,*,*,*,*,*,*,*,*,*,*,*,*
52356116,2,52356117,,8,4,4,*,*,*,*,*,*,*,*,*,*,*,*,*,*,*,*,*,*,*,*,*,*,*,*,*,*,*,*,*,*,3,3,*,*,*,*,*,*,*,*,*,*,*,*,*,*,*
52356117,1,,52356116,2,1,1,0,0,0,10,5,5,4,2,2,10,5,5,10,5,5,6,3,3,3,1,2,1,0,1,0,0,0,0,0,0,1,1,0,2,2,0,0,0,0,4,3,1,0,4,0,0,2
52356119,2,52356109,,8,4,4,*,*,*,*,*,*,*,*,*,*,*,*,*,*,*,*,*,*,*,*,*,*,*,*,*,*,*,*,*,*,3,3,*,*,*,*,*,*,*,*,*,*,*,*,*,*,*
52356120,0,,,375,178,197,70,31,39,305,147,158,166,88,78,292,140,152,288,139,149,139,59,80,75,27,48,36,6,30,5,0,5,24,11,13,125,124,22,41,25,20,6,5,5,102,84,18,17,76,0,17,25
52356121,1,,52356111,14,7,7,2,1,1,14,7,7,7,3,4,14,7,7,14,7,7,7,4,3,6,3,3,4,2,2,0,0,0,0,0,0,4,4,0,3,1,0,0,0,1,5,3,2,0,4,0,0,2
52356123,0,,,29,10,19,3,1,2,26,9,17,13,5,8,25,8,17,25,8,17,13,4,9,8,2,6,5,2,3,1,0,1,0,0,0,13,13,4,4,4,0,1,0,0,9,6,3,0,9,0,2,3
52356124,0,,,30,16,14,2,1,1,28,15,13,16,9,7,27,14,13,27,14,13,12,6,6,4,2,2,2,1,1,0,0,0,0,0,0,13,13,3,6,2,1,1,0,0,10,10,0,0,9,0,2,3
52356125,2,52356126,,7,3,4,*,*,*,*,*,*,*,*,*,*,*,*,*,*,*,*,*,*,*,*,*,*,*,*,*,*,*,*,*,*,4,4,*,*,*,*,*,*,*,*,*,*,*,*,*,*,*
52356126,1,,52356115;52356125,12,6,6,0,0,0,21,9,12,7,4,3,21,9,12,21,9,12,14,5,9,7,1,6,6,1,5,0,0,0,0,0,0,8,8,9,3,2,0,0,0,0,5,4,1,0,11,0,6,2
52356127,0,,,11,5,6,0,0,0,11,5,6,6,3,3,11,5,6,11,5,6,5,2,3,2,0,2,2,0,2,0,0,0,0,0,0,5,5,1,2,2,0,0,0,0,4,2,2,0,3,0,0,1
52356129,0,,,15,8,7,0,0,0,15,8,7,8,3,5,15,8,7,15,8,7,7,5,2,2,1,1,1,0,1,0,0,0,0,0,0,10,10,5,5,0,0,0,0,0,5,3,2,0,6,0,3,0
52356130,0,,,106,47,59,16,7,9,90,40,50,50,24,26,89,39,50,88,39,49,40,16,24,20,7,13,9,3,6,3,0,3,0,0,0,40,40,7,12,11,8,2,0,0,33,27,6,6,23,0,4,6
52356131,0,,,208,100,108,21,12,9,187,88,99,107,54,53,181,86,95,178,85,93,80,34,46,35,14,21,13,3,10,0,0,0,2,0,2,70,70,9,23,18,11,4,2,3,61,43,18,2,50,0,6,12
52356132,0,,,212,104,108,32,19,13,180,85,95,119,57,62,169,81,88,165,79,86,61,28,33,31,14,17,15,6,9,1,1,0,0,0,0,72,72,12,27,8,12,8,2,3,60,48,12,7,39,0,6,11
52356133,0,,,175,82,93,12,7,5,163,75,88,77,38,39,160,74,86,159,73,86,86,37,49,44,18,26,18,4,14,2,0,2,0,0,0,72,72,18,28,11,9,4,2,0,54,39,15,4,59,0,14,20
52356134,0,,,12,5,7,0,0,0,12,5,7,5,2,3,12,5,7,12,5,7,7,3,4,5,2,3,3,2,1,0,0,0,0,0,0,5,5,2,1,1,0,1,0,0,3,1,2,0,5,0,2,1
52356137,0,,,76,33,43,7,4,3,69,29,40,30,14,16,69,29,40,69,29,40,39,15,24,23,8,15,11,1,10,0,0,0,0,0,0,35,35,12,13,5,3,1,1,0,22,17,5,4,28,0,10,7
52356138,2,52356147,,3,2,1,*,*,*,*,*,*,*,*,*,*,*,*,*,*,*,*,*,*,*,*,*,*,*,*,*,*,*,*,*,*,2,2,*,*,*,*,*,*,*,*,*,*,*,*,*,*,*
52356139,0,,,91,43,48,0,0,0,91,43,48,54,28,26,90,43,47,90,43,47,37,15,22,17,7,10,2,0,2,0,0,0,11,0,11,61,61,38,17,5,1,0,0,0,23,21,2,0,28,10,14,8
52356140,0,,,795,402,393,88,47,41,706,355,351,415,219,196,688,343,345,679,338,341,291,136,155,148,68,80,40,13,27,3,1,2,5,4,1,306,306,68,103,62,47,16,6,4,238,193,45,23,185,11,35,61
52356141,0,,,136,68,68,22,11,11,114,57,57,65,32,33,111,56,55,109,55,54,49,25,24,31,16,15,9,5,4,0,0,0,1,0,1,48,48,9,18,8,6,2,2,3,39,29,10,4,32,0,8,9
52356142,0,,,247,126,121,29,17,12,218,109,109,141,75,66,208,102,106,203,98,105,77,34,43,33,15,18,13,4,9,0,0,0,0,0,0,88,88,18,26,23,7,7,6,1,70,52,18,10,49,0,10,11
52356143,0,,,137,69,68,8,3,5,129,66,63,70,37,33,122,63,59,121,62,59,59,29,30,37,17,20,11,5,6,0,0,0,0,0,0,52,52,10,19,12,4,5,2,0,42,30,12,1,40,0,9,11
52356144,2,52356145,,9,3,6,*,*,*,*,*,*,*,*,*,*,*,*,*,*,*,*,*,*,*,*,*,*,*,*,*,*,*,*,*,*,3,3,*,*,*,*,*,*,*,*,*,*,*,*,*,*,*
52356145,1,,52356144,30,14,16,0,0,0,39,17,22,20,10,10,39,17,22,39,17,22,19,7,12,14,6,8,4,1,3,0,0,0,0,0,0,16,16,8,7,1,2,0,1,0,11,8,3,0,15,0,5,3
52356147,1,,52356138,42,20,22,1,0,1,44,22,22,22,10,12,44,22,22,43,21,22,22,12,10,8,3,5,5,1,4,0,0,0,0,0,0,21,21,11,7,3,0,1,1,0,11,10,1,0,16,0,8,4
52356148,0,,,29,13,16,3,3,0,26,10,16,12,4,8,24,10,14,24,10,14,14,6,8,6,2,4,2,0,2,0,0,0,0,0,0,15,15,6,7,0,1,1,0,0,9,8,1,0,12,0,6,3
52356149,0,,,61,30,31,0,0,0,61,30,31,25,13,12,60,29,31,60,29,31,36,17,19,17,9,8,2,1,1,0,0,0,0,0,0,32,32,12,13,5,2,0,0,0,20,18,2,0,25,0,9,6
52356150,0,,,452,209,243,46,24,22,401,180,221,277,129,148,387,175,212,380,171,209,124,51,73,81,30,51,32,12,20,1,1,0,17,14,3,188,188,53,63,31,28,10,3,0,130,104,26,15,83,11,21,22
52356151,0,,,308,146,162,39,22,17,267,124,143,167,74,93,256,118,138,251,117,134,100,50,50,50,24,26,11,4,7,1,1,0,4,1,3,114,114,21,41,25,16,5,3,3,91,68,23,10,68,0,13,18
52356152,1,,52356162,64,32,32,5,3,2,68,33,35,40,20,20,67,33,34,66,32,34,28,13,15,15,6,9,5,2,3,0,0,0,0,0,0,24,24,6,8,5,5,2,1,0,21,13,8,0,19,0,4,4
52356156,0,,,59,27,32,2,1,1,57,26,31,18,10,8,57,26,31,57,26,31,39,16,23,23,7,16,8,1,7,1,0,1,0,0,0,32,32,15,10,6,0,0,1,0,17,12,5,0,27,0,11,6
52356158,0,,,162,85,77,17,10,7,145,75,70,90,46,44,143,75,68,142,74,68,55,29,26,32,16,16,14,7,7,0,0,0,2,1,1,55,55,9,18,10,9,6,1,2,46,31,15,3,36,1,6,7
52356159,0,,,112,60,52,8,4,4,104,56,48,74,40,34,101,53,48,99,52,47,30,16,14,14,5,9,8,1,7,1,0,1,1,1,0,49,49,19,9,11,8,2,0,0,30,24,6,3,21,3,9,3
52356160,0,,,233,99,134,25,13,12,208,86,122,129,49,80,193,85,108,185,82,103,79,37,42,38,17,21,12,4,8,1,1,0,1,1,0,86,85,20,24,23,10,8,0,0,64,47,17,7,60,1,15,14
52356161,0,,,64,29,35,7,3,4,57,26,31,23,11,12,54,25,29,54,25,29,34,15,19,12,4,8,10,4,6,0,0,0,0,0,0,22,22,5,7,3,2,2,3,0,17,7,10,2,21,0,5,4
52356162,2,52356152,,9,4,5,*,*,*,*,*,*,*,*,*,*,*,*,*,*,*,*,*,*,*,*,*,*,*,*,*,*,*,*,*,*,3,3,*,*,*,*,*,*,*,*,*,*,*,*,*,*,*
52356166,1,,52356176,28,13,15,6,2,4,28,13,15,17,9,8,25,12,13,25,12,13,11,4,7,4,1,3,2,1,1,0,0,0,0,0,0,12,12,4,5,2,1,2,0,0,10,10,0,2,8,0,3,3
52356167,0,,,79,41,38,9,5,4,70,36,34,21,11,10,68,34,34,68,34,34,49,25,24,26,11,15,8,2,6,0,0,0,1,0,1,37,37,15,12,6,2,0,0,2,22,17,5,1,31,0,12,9
52356168,0,,,466,231,235,25,10,15,441,221,220,275,159,116,434,219,215,430,216,214,166,62,104,108,39,69,48,15,33,8,0,8,1,0,1,113,108,26,42,18,13,4,3,2,82,62,20,7,66,3,12,22
52356169,0,,,55,28,27,4,4,0,51,24,27,28,15,13,51,24,27,51,24,27,23,9,14,12,4,8,3,0,3,0,0,0,0,0,0,25,25,6,12,3,4,0,0,0,19,16,3,1,16,0,4,6
52356170,0,,,296,124,172,38,14,24,258,110,148,145,69,76,250,107,143,245,104,141,113,41,72,74,27,47,31,8,23,4,0,4,0,0,0,95,94,19,24,23,18,4,3,3,75,52,23,7,61,0,11,12
52356173,0,,,13,7,6,0,0,0,13,7,6,6,3,3,13,7,6,13,7,6,7,4,3,2,0,2,1,0,1,1,0,1,0,0,0,6,6,1,3,2,0,0,0,0,5,5,0,0,6,0,1,2
52356174,2,52356184,,9,5,4,*,*,*,*,*,*,*,*,*,*,*,*,*,*,*,*,*,*,*,*,*,*,*,*,*,*,*,*,*,*,3,3,*,*,*,*,*,*,*,*,*,*,*,*,*,*,*
52356176,2,52356166,,6,2,4,*,*,*,*,*,*,*,*,*,*,*,*,*,*,*,*,*,*,*,*,*,*,*,*,*,*,*,*,*,*,2,2,*,*,*,*,*,*,*,*,*,*,*,*,*,*,*
52356177,0,,,152,77,75,10,5,5,142,72,70,85,45,40,139,70,69,139,70,69,57,27,30,26,12,14,10,5,5,2,0,2,8,8,0,67,67,16,29,14,6,1,0,1,50,45,5,1,35,8,4,15
52356178,0,,,104,54,50,6,5,1,98,49,49,55,30,25,95,48,47,95,48,47,43,19,24,30,11,19,14,7,7,0,0,0,0,0,0,48,48,15,19,8,4,1,1,0,33,28,5,1,31,0,9,9
52356179,0,,,79,41,38,1,1,0,78,40,38,27,17,10,78,40,38,78,40,38,51,23,28,30,12,18,11,2,9,0,0,0,3,3,0,48,48,23,19,6,0,0,0,0,25,22,3,1,35,0,13,13
52356180,0,,,501,209,292,63,32,31,433,175,258,238,112,126,414,167,247,409,165,244,195,63,132,148,40,108,101,23,78,23,2,21,7,5,2,150,149,37,40,29,20,14,6,3,109,83,26,14,71,3,16,19
52356181,0,,,138,63,75,10,7,3,128,56,72,68,29,39,124,53,71,123,53,70,60,27,33,33,11,22,9,3,6,1,0,1,0,0,0,50,50,8,15,16,6,2,3,0,40,26,14,2,40,0,6,14
52356183,0,,,35,16,19,2,0,2,33,16,17,16,9,7,33,16,17,32,16,16,17,7,10,13,6,7,3,2,1,0,0,0,0,0,0,13,13,1,5,4,3,0,0,0,12,10,2,1,10,0,1,5
52356184,1,,52356174,42,19,23,5,1,4,46,23,23,22,11,11,43,22,21,43,22,21,24,12,12,14,6,8,4,0,4,0,0,0,0,0,0,19,19,7,10,1,2,1,0,1,15,13,2,0,16,0,6,7
52356187,0,,,176,85,91,14,7,7,162,78,84,86,44,42,159,78,81,156,75,81,76,34,42,35,12,23,8,3,5,0,0,0,1,0,1,72,72,15,27,17,9,4,0,0,57,47,10,6,52,0,11,20
52356188,0,,,42,21,21,0,0,0,42,21,21,17,7,10,42,21,21,42,21,21,25,14,11,11,5,6,4,1,3,0,0,0,0,0,0,22,22,8,9,4,1,0,0,0,14,12,2,0,16,0,7,7
52356190,0,,,498,248,250,58,31,27,436,214,222,239,126,113,416,199,217,411,194,217,197,88,109,116,50,66,34,12,22,3,1,2,4,4,0,204,204,63,70,23,27,14,3,4,139,104,35,10,129,7,40,38
52356191,0,,,549,262,287,54,21,33,492,238,254,322,168,154,480,233,247,474,229,245,170,70,100,82,30,52,23,7,16,6,2,4,14,10,4,214,214,50,75,43,23,15,5,3,164,132,32,14,118,7,21,32
52356192,0,,,186,93,93,10,5,5,176,88,88,91,49,42,171,85,86,170,85,85,85,39,46,48,17,31,16,3,13,0,0,0,13,12,1,88,88,35,26,12,13,1,1,0,53,42,11,3,55,5,15,20
52356193,0,,,47,21,26,1,0,1,46,21,25,20,8,12,46,21,25,46,21,25,26,13,13,7,3,4,1,0,1,0,0,0,0,0,0,18,18,2,7,6,2,1,0,0,16,14,2,0,15,0,2,7
52356194,0,,,32,16,16,0,0,0,32,16,16,11,6,5,32,16,16,32,16,16,21,10,11,8,4,4,1,0,1,1,0,1,0,0,0,15,15,7,3,2,2,1,0,0,8,5,3,0,14,0,6,2
52356196,0,,,76,33,43,3,2,1,73,31,42,33,15,18,73,31,42,73,31,42,40,16,24,23,6,17,12,4,8,1,1,0,0,0,0,32,32,8,11,6,7,0,0,0,24,15,9,0,29,0,8,5
52356197,0,,,219,103,116,21,15,6,198,88,110,84,38,46,192,85,107,191,85,106,114,50,64,53,21,32,14,2,12,2,0,2,0,0,0,92,92,16,48,15,5,6,2,0,76,66,10,4,69,0,11,33
52356200,0,,,83,39,44,4,3,1,79,36,43,44,18,26,79,36,43,78,35,43,35,18,17,17,7,10,4,1,3,1,0,1,3,1,2,34,34,7,14,7,4,1,1,0,27,20,7,1,25,0,7,4
52356201,0,,,42,18,24,0,0,0,41,18,23,24,11,13,40,18,22,39,18,21,17,7,10,5,1,4,3,0,3,1,0,1,2,0,2,24,24,10,10,4,0,0,0,0,14,12,2,0,10,0,3,3
52356202,0,,,49,23,26,5,3,2,44,20,24,17,7,10,44,20,24,44,20,24,27,13,14,10,2,8,5,0,5,0,0,0,0,0,0,23,23,8,12,1,0,0,1,1,15,12,3,1,20,0,8,7
52356204,0,,,9,5,4,0,0,0,9,5,4,5,2,3,9,5,4,9,5,4,4,3,1,1,1,0,0,0,0,0,0,0,0,0,0,4,4,2,0,1,1,0,0,0,2,2,0,0,3,0,2,0
52356205,0,,,77,40,37,4,3,1,68,34,34,24,15,9,66,33,33,65,33,32,44,19,25,30,14,16,16,8,8,0,0,0,0,0,0,36,36,11,16,5,2,1,1,0,24,20,4,1,28,0,8,13
52356206,0,,,37,18,19,0,0,0,37,18,19,12,7,5,37,18,19,37,18,19,25,11,14,15,6,9,7,3,4,0,0,0,0,0,0,18,18,4,9,5,0,0,0,0,14,12,2,0,15,0,3,6
52356207,2,52356217,,11,8,3,*,*,*,*,*,*,*,*,*,*,*,*,*,*,*,*,*,*,*,*,*,*,*,*,*,*,*,*,*,*,6,6,*,*,*,*,*,*,*,*,*,*,*,*,*,*,*
52356208,1,,52356209,21,10,11,2,0,2,23,12,11,12,7,5,22,12,10,21,11,10,11,5,6,7,3,4,3,2,1,0,0,0,0,0,0,8,8,2,3,3,2,0,0,0,8,7,1,0,7,0,1,1
52356209,2,52356208,,4,2,2,*,*,*,*,*,*,*,*,*,*,*,*,*,*,*,*,*,*,*,*,*,*,*,*,*,*,*,*,*,*,2,2,*,*,*,*,*,*,*,*,*,*,*,*,*,*,*
52356211,0,,,50,12,38,0,0,0,50,12,38,0,0,0,50,12,38,50,12,38,50,12,38,50,12,38,39,9,30,10,4,6,0,0,0,1,0,0,0,0,0,0,0,0,0,0,0,0,0,0,0,0
52356212,1,,52356222,86,40,46,1,0,1,90,42,48,30,15,15,90,42,48,90,42,48,60,27,33,28,12,16,8,3,5,0,0,0,0,0,0,44,44,16,20,9,2,0,0,0,31,23,8,0,38,0,12,13
52356214,0,,,19,8,11,3,1,2,16,7,9,6,2,4,16,7,9,16,7,9,10,5,5,5,3,2,2,1,1,1,0,1,0,0,0,6,6,0,3,2,0,0,0,1,6,3,3,0,6,0,0,1
52356215,0,,,55,26,29,4,2,2,51,24,27,27,13,14,46,21,25,46,21,25,24,11,13,12,5,7,7,3,4,2,0,2,1,0,1,22,22,5,8,3,5,1,0,0,17,13,4,1,15,0,4,5
52356216,0,,,24,11,13,0,0,0,24,11,13,12,8,4,24,11,13,24,11,13,12,3,9,8,1,7,3,1,2,1,0,1,0,0,0,9,9,1,4,2,1,1,0,0,8,7,1,0,8,0,1,0
52356217,1,,52356207,57,24,33,7,4,3,61,28,33,25,12,13,61,28,33,61,28,33,36,16,20,16,8,8,6,2,4,0,0,0,0,0,0,26,26,10,13,5,3,1,0,0,22,21,1,3,23,0,7,10
52356218,0,,,223,111,112,26,16,10,197,95,102,129,64,65,192,94,98,190,93,97,68,31,37,38,15,23,15,3,12,1,0,1,0,0,0,88,88,17,35,12,21,2,1,0,70,59,11,8,42,1,8,16
52356219,0,,,395,188,207,43,23,20,342,158,184,169,77,92,333,153,180,327,151,176,173,81,92,85,37,48,27,10,17,2,0,2,13,7,6,156,154,35,65,22,16,9,3,4,115,89,26,10,106,4,21,45
52356221,0,,,57,30,27,0,0,0,57,30,27,31,20,11,56,30,26,56,30,26,26,10,16,15,7,8,6,1,5,1,0,1,0,0,0,25,25,8,10,1,4,2,0,0,17,12,5,0,16,0,3,4
52356222,2,52356212,,5,2,3,*,*,*,*,*,*,*,*,*,*,*,*,*,*,*,*,*,*,*,*,*,*,*,*,*,*,*,*,*,*,3,3,*,*,*,*,*,*,*,*,*,*,*,*,*,*,*
52356223,0,,,141,72,69,11,5,6,130,67,63,71,38,33,125,65,60,123,64,59,59,29,30,26,11,15,7,2,5,2,1,1,0,0,0,58,58,13,23,11,7,3,1,0,45,36,9,2,37,0,9,11
52356224,0,,,132,58,74,11,3,8,121,55,66,66,31,35,119,55,64,118,55,63,55,24,31,35,15,20,13,5,8,0,0,0,0,0,0,50,50,5,19,18,6,1,1,0,45,31,14,3,37,0,5,10
52356225,0,,,170,82,88,12,8,4,158,74,84,73,38,35,153,72,81,150,70,80,85,36,49,41,14,27,15,6,9,1,1,0,0,0,0,71,71,21,28,7,6,7,1,1,50,33,17,3,57,0,16,17
52356226,0,,,31,14,17,0,0,0,31,14,17,15,6,9,31,14,17,31,14,17,16,8,8,6,3,3,0,0,0,0,0,0,1,0,1,13,13,1,7,4,1,0,0,0,11,11,0,0,9,0,1,4
52356227,0,,,29,15,14,0,0,0,29,15,14,11,6,5,29,15,14,29,15,14,18,9,9,6,3,3,4,1,3,0,0,0,0,0,0,14,14,2,9,3,0,0,0,0,12,10,2,0,12,0,2,5
52356228,0,,,44,21,23,0,0,0,44,21,23,10,4,6,44,21,23,44,21,23,34,17,17,13,5,8,8,2,6,2,0,2,0,0,0,22,22,7,10,3,2,0,0,0,15,11,4,0,20,0,6,8
52356229,0,,,47,25,22,6,5,1,41,20,21,29,15,14,40,20,20,39,19,20,12,5,7,5,0,5,2,0,2,0,0,0,0,0,0,16,16,1,6,3,5,1,0,0,15,12,3,1,9,0,0,2
52356230,0,,,230,112,118,22,12,10,208,100,108,83,43,40,207,100,107,207,100,107,125,57,68,53,25,28,14,6,8,1,0,1,4,0,4,104,104,32,43,15,9,1,2,2,72,61,11,4,78,4,23,31
52356231,0,,,53,26,27,5,1,4,48,25,23,31,17,14,46,24,22,44,23,21,17,8,9,9,3,6,3,1,2,0,0,0,0,0,0,18,18,1,9,2,4,1,0,1,16,14,2,0,11,0,1,5
52356234,0,,,31,17,14,3,3,0,28,14,14,14,8,6,28,14,14,28,14,14,14,6,8,6,2,4,4,2,2,0,0,0,0,0,0,16,16,9,3,0,4,0,0,0,7,4,3,1,12,0,6,2
52356235,0,,,19,12,7,3,3,0,16,9,7,9,5,4,16,9,7,16,9,7,7,4,3,5,2,3,3,1,2,1,0,1,0,0,0,8,8,3,1,3,0,1,0,0,5,4,1,1,5,0,2,1
52356238,0,,,119,57,62,12,7,5,107,50,57,54,27,27,102,48,54,101,48,53,53,23,30,30,14,16,15,6,9,2,0,2,0,0,0,37,37,6,10,7,5,4,3,2,31,17,14,3,29,0,5,7
52356239,0,,,15,4,11,0,0,0,15,4,11,9,2,7,14,4,10,13,4,9,6,2,4,3,1,2,3,1,2,0,0,0,3,0,3,8,8,5,1,0,2,0,0,0,3,2,1,0,3,3,1,1
52356240,0,,,129,62,67,15,9,6,114,53,61,63,30,33,110,51,59,109,50,59,51,23,28,30,13,17,8,5,3,0,0,0,3,2,1,49,49,15,12,10,6,2,2,2,34,20,14,2,36,0,10,5
52356241,2,52356251,,4,2,2,*,*,*,*,*,*,*,*,*,*,*,*,*,*,*,*,*,*,*,*,*,*,*,*,*,*,*,*,*,*,3,3,*,*,*,*,*,*,*,*,*,*,*,*,*,*,*
52356242,0,,,53,23,30,5,2,3,48,21,27,18,8,10,46,20,26,45,20,25,30,13,17,15,8,7,3,1,2,2,1,1,0,0,0,21,21,6,6,6,1,1,0,1,15,12,3,0,18,0,6,5
52356243,0,,,9,5,4,0,0,0,9,5,4,3,2,1,9,5,4,9,5,4,6,3,3,2,1,1,0,0,0,0,0,0,1,1,0,8,8,7,1,0,0,0,0,0,1,1,0,0,5,1,4,1
52356248,0,,,115,56,59,2,1,1,113,55,58,50,28,22,112,55,57,112,55,57,63,27,36,35,15,20,13,5,8,2,1,1,0,0,0,49,49,10,23,7,8,0,1,0,39,27,12,0,38,0,6,11
52356251,1,,52356241,28,14,14,6,4,2,26,12,14,14,3,11,26,12,14,26,12,14,12,9,3,7,5,2,3,3,0,0,0,0,4,0,4,14,14,9,5,1,0,2,0,0,8,8,0,2,9,2,3,4
52356252,0,,,108,54,54,6,1,5,102,53,49,50,30,20,100,51,49,98,50,48,52,23,29,27,10,17,4,2,2,0,0,0,4,4,0,47,47,13,18,9,4,2,1,0,34,28,6,1,33,2,7,12
52356253,0,,,26,16,10,1,1,0,25,15,10,8,6,2,24,14,10,24,14,10,17,9,8,8,4,4,2,1,1,1,0,1,0,0,0,11,11,2,4,4,1,0,0,0,9,6,3,0,10,0,2,2
52356257,0,,,79,41,38,1,1,0,78,40,38,40,23,17,77,39,38,77,39,38,38,17,21,21,8,13,10,4,6,1,1,0,0,0,0,37,37,10,18,4,4,1,0,0,27,22,5,0,26,1,6,8
52356258,0,,,20,7,13,4,1,3,16,6,10,10,4,6,16,6,10,16,6,10,6,2,4,2,0,2,0,0,0,0,0,0,0,0,0,6,6,1,1,3,0,0,0,1,5,3,2,1,5,0,1,1
52356259,0,,,11,5,6,0,0,0,11,5,6,2,1,1,11,5,6,11,5,6,9,4,5,3,1,2,0,0,0,0,0,0,2,2,0,7,7,3,4,0,0,0,0,0,4,4,0,0,6,0,2,3
52356262,2,52356273,,2,1,1,*,*,*,*,*,*,*,*,*,*,*,*,*,*,*,*,*,*,*,*,*,*,*,*,*,*,*,*,*,*,1,1,*,*,*,*,*,*,*,*,*,*,*,*,*,*,*
52356263,0,,,16,8,8,0,0,0,16,8,8,6,3,3,16,8,8,16,8,8,10,5,5,5,4,1,0,0,0,0,0,0,0,0,0,8,8,0,8,0,0,0,0,0,8,8,0,0,5,0,0,5
52356264,0,,,19,10,9,0,0,0,19,10,9,8,4,4,18,10,8,18,10,8,11,6,5,7,3,4,2,0,2,1,0,1,0,0,0,8,8,1,5,0,2,0,0,0,7,6,1,0,7,0,1,3
52356266,0,,,139,50,89,10,3,7,129,47,82,40,20,20,124,43,81,123,42,81,89,27,62,74,23,51,48,9,39,10,4,6,0,0,0,36,35,7,14,5,6,3,0,0,28,21,7,0,23,0,4,6
52356267,0,,,82,33,49,3,3,0,79,30,49,29,15,14,79,30,49,79,30,49,50,15,35,38,9,29,33,7,26,9,1,8,11,4,7,29,28,13,6,8,1,0,0,0,15,12,3,2,12,11,1,5
52356268,0,,,31,14,17,3,1,2,28,13,15,13,6,7,28,13,15,27,13,14,15,7,8,7,3,4,1,0,1,0,0,0,0,0,0,12,12,2,5,3,1,0,1,0,10,8,2,1,10,0,2,3
52356269,0,,,52,19,33,0,0,0,52,19,33,28,12,16,52,19,33,52,19,33,24,7,17,8,0,8,5,0,5,2,0,2,0,0,0,24,23,8,11,2,2,0,0,0,15,12,3,0,16,0,6,4
52356270,0,,,16,10,6,0,0,0,16,10,6,16,10,6,15,9,6,14,8,6,0,0,0,0,0,0,0,0,0,0,0,0,7,4,3,13,13,12,0,0,1,0,0,0,1,1,0,0,0,7,0,0
52356272,2,52356273,,2,1,1,*,*,*,*,*,*,*,*,*,*,*,*,*,*,*,*,*,*,*,*,*,*,*,*,*,*,*,*,*,*,1,1,*,*,*,*,*,*,*,*,*,*,*,*,*,*,*
52356273,1,,52356262;52356272,34,16,18,2,1,1,36,17,19,20,11,9,35,17,18,34,16,18,16,6,10,10,3,7,3,0,3,1,0,1,0,0,0,11,11,1,6,2,3,0,0,1,12,6,6,0,12,0,1,2
52356274,0,,,16,8,8,0,0,0,16,8,8,7,4,3,16,8,8,16,8,8,9,4,5,5,2,3,2,1,1,0,0,0,0,0,0,7,7,1,4,1,1,0,0,0,6,6,0,0,5,0,1,3
52356276,0,,,23,11,12,0,0,0,23,11,12,11,7,4,22,10,12,22,10,12,12,4,8,8,1,7,4,0,4,0,0,0,0,0,0,12,12,6,2,3,1,0,0,0,6,4,2,0,10,0,5,1
52356277,1,,52356287,17,7,10,0,0,0,21,9,12,7,4,3,21,9,12,20,9,11,14,5,9,5,2,3,1,0,1,0,0,0,2,0,2,10,10,5,5,2,0,0,0,0,7,7,0,0,9,1,2,2
52356278,1,,52356279,46,24,22,3,1,2,44,23,21,16,9,7,43,22,21,43,22,21,28,14,14,9,4,5,3,2,1,0,0,0,0,0,0,21,21,6,12,2,0,1,1,0,16,13,3,0,18,0,4,9
52356279,2,52356278,,1,0,1,*,*,*,*,*,*,*,*,*,*,*,*,*,*,*,*,*,*,*,*,*,*,*,*,*,*,*,*,*,*,1,1,*,*,*,*,*,*,*,*,*,*,*,*,*,*,*
52356280,1,,52356281,84,44,40,2,1,1,85,44,41,36,19,17,84,44,40,84,44,40,49,25,24,21,9,12,6,1,5,1,0,1,3,3,0,43,43,17,18,6,4,0,0,0,28,22,6,0,32,2,9,12
52356281,2,52356280,,3,1,2,*,*,*,*,*,*,*,*,*,*,*,*,*,*,*,*,*,*,*,*,*,*,*,*,*,*,*,*,*,*,2,2,*,*,*,*,*,*,*,*,*,*,*,*,*,*,*
52356286,0,,,8,4,4,0,0,0,8,4,4,1,1,0,8,4,4,8,4,4,7,3,4,4,2,2,3,2,1,0,0,0,0,0,0,5,5,4,0,0,1,0,0,0,1,1,0,0,5,0,4,0
52356287,2,52356277,,4,2,2,*,*,*,*,*,*,*,*,*,*,*,*,*,*,*,*,*,*,*,*,*,*,*,*,*,*,*,*,*,*,2,2,*,*,*,*,*,*,*,*,*,*,*,*,*,*,*
52356290,0,,,47,17,30,2,1,1,45,16,29,28,9,19,45,16,29,43,15,28,17,7,10,10,4,6,6,4,2,0,0,0,14,0,14,31,31,20,9,1,0,0,1,0,11,11,0,0,12,7,5,5
52356291,0,,,86,41,45,6,3,3,80,38,42,39,22,17,77,38,39,76,37,39,41,16,25,19,4,15,5,1,4,0,0,0,1,1,0,43,43,15,18,6,3,1,0,0,27,22,5,3,30,0,10,10
52356292,0,,,29,18,11,1,1,0,28,17,11,12,7,5,27,16,11,27,16,11,16,10,6,7,4,3,1,1,0,0,0,0,0,0,0,12,12,2,5,3,2,0,0,0,9,7,2,1,11,0,2,5
52356293,0,,,56,20,36,2,1,1,54,19,35,22,7,15,54,19,35,54,19,35,32,12,20,16,3,13,6,1,5,1,0,1,0,0,0,24,24,7,9,4,2,1,1,0,17,10,7,1,23,0,6,5
52356294,0,,,25,12,13,0,0,0,25,12,13,13,5,8,25,12,13,25,12,13,12,7,5,7,3,4,4,2,2,0,0,0,0,0,0,11,11,1,6,4,0,0,0,0,10,10,0,0,8,0,1,2
52356300,0,,,165,90,75,20,13,7,145,77,68,80,45,35,141,73,68,137,70,67,65,32,33,28,10,18,6,3,3,2,0,2,6,3,3,69,69,20,24,10,11,2,1,1,49,43,6,4,49,0,20,11
52356301,0,,,226,111,115,14,9,5,208,100,108,99,44,55,206,99,107,204,98,106,109,56,53,42,21,21,4,1,3,0,0,0,11,0,11,123,123,51,54,8,7,3,0,0,69,65,4,2,72,22,21,29
52356302,0,,,149,78,71,4,3,1,144,74,70,96,55,41,141,72,69,133,68,65,48,19,29,21,7,14,5,1,4,1,0,1,5,5,0,68,68,25,21,12,6,2,2,0,43,31,12,0,33,7,7,9
52356303,0,,,473,202,271,39,17,22,425,178,247,222,105,117,415,170,245,410,167,243,203,73,130,137,36,101,89,19,70,25,3,22,1,0,1,162,161,51,59,25,15,7,2,2,106,91,15,11,73,6,16,26
52356304,0,,,453,200,253,58,29,29,389,168,221,275,122,153,368,163,205,357,159,198,114,46,68,57,22,35,12,3,9,0,0,0,0,0,0,161,161,30,48,33,30,14,5,1,130,105,25,15,77,0,18,23
52356305,1,,52356306,208,100,108,18,9,9,194,91,103,141,70,71,183,85,98,179,84,95,53,21,32,21,6,15,5,0,5,0,0,0,3,0,3,77,77,12,32,16,13,2,1,3,65,54,11,6,38,0,7,10
52356306,2,52356305,,5,1,4,*,*,*,*,*,*,*,*,*,*,*,*,*,*,*,*,*,*,*,*,*,*,*,*,*,*,*,*,*,*,2,2,*,*,*,*,*,*,*,*,*,*,*,*,*,*,*
52356309,0,,,93,48,45,5,3,2,87,44,43,35,24,11,83,41,42,83,41,42,52,20,32,20,7,13,7,1,6,0,0,0,0,0,0,46,45,18,17,6,4,0,0,0,27,23,4,1,29,3,9,14
52356310,1,,52356320,261,126,135,20,15,5,246,114,132,108,56,52,239,110,129,237,109,128,138,58,80,88,31,57,38,10,28,1,0,1,6,1,5,109,108,45,30,21,6,4,2,2,65,50,15,4,76,7,28,21
52356311,0,,,176,78,98,24,7,17,152,71,81,78,38,40,149,70,79,149,70,79,74,33,41,35,15,20,9,2,7,1,0,1,2,1,1,67,67,13,28,11,5,6,4,0,53,39,14,4,46,0,7,15
52356312,0,,,179,84,95,8,0,8,171,84,87,82,42,40,167,81,86,163,78,85,89,42,47,56,24,32,20,9,11,0,0,0,1,1,0,77,77,18,34,12,9,3,1,0,59,48,11,2,62,0,16,22
52356313,0,,,36,17,19,1,0,1,35,17,18,23,11,12,34,17,17,34,17,17,12,6,6,5,3,2,1,0,1,0,0,0,6,2,4,14,14,3,5,2,3,1,0,0,11,9,2,0,7,0,1,2
52356314,1,,52356324,108,51,57,17,3,14,93,49,44,61,33,28,90,46,44,87,44,43,32,16,16,18,8,10,4,1,3,0,0,0,0,0,0,41,41,10,16,6,6,3,2,0,33,29,4,4,19,3,3,8
52356315,0,,,275,130,145,37,23,14,237,106,131,139,65,74,231,106,125,228,104,124,98,41,57,59,24,35,20,6,14,2,0,2,2,1,1,101,101,19,38,13,22,5,2,2,81,62,19,11,67,0,13,24
52356317,0,,,19,11,8,2,1,1,17,10,7,14,8,6,16,10,6,15,10,5,3,2,1,3,2,1,0,0,0,0,0,0,0,0,0,10,10,6,1,1,2,0,0,0,4,3,1,1,2,4,0,1
52356318,0,,,45,22,23,3,2,1,42,20,22,19,11,8,41,20,21,41,20,21,23,9,14,16,6,10,8,3,5,1,0,1,0,0,0,16,16,1,7,4,2,2,0,0,15,8,7,0,13,0,0,4
52356319,0,,,177,38,139,0,0,0,176,37,139,138,20,118,176,37,139,128,37,91,38,17,21,21,8,13,7,3,4,1,0,1,0,0,0,37,34,12,9,7,4,2,0,0,22,17,5,0,24,0,8,3
52356320,2,52356310,,5,3,2,*,*,*,*,*,*,*,*,*,*,*,*,*,*,*,*,*,*,*,*,*,*,*,*,*,*,*,*,*,*,2,2,*,*,*,*,*,*,*,*,*,*,*,*,*,*,*
52356322,0,,,72,29,43,12,4,8,60,25,35,34,15,19,56,23,33,56,23,33,26,10,16,17,6,11,8,2,6,0,0,0,0,0,0,24,24,5,6,5,3,3,1,1,19,11,8,3,18,0,3,4
52356323,0,,,278,129,149,32,16,16,246,113,133,131,63,68,237,109,128,236,108,128,115,50,65,57,18,39,25,8,17,2,1,1,5,2,3,106,106,25,37,18,13,8,3,2,81,58,23,8,78,0,20,23
52356324,2,52356314,,3,2,1,*,*,*,*,*,*,*,*,*,*,*,*,*,*,*,*,*,*,*,*,*,*,*,*,*,*,*,*,*,*,2,2,*,*,*,*,*,*,*,*,*,*,*,*,*,*,*
52356326,0,,,57,27,30,3,3,0,54,24,30,25,11,14,54,24,30,52,22,30,29,13,16,8,5,3,1,0,1,0,0,0,0,0,0,24,24,3,12,7,1,1,0,0,21,18,3,0,17,0,1,6
52356327,0,,,144,71,73,14,6,8,130,65,65,68,36,32,126,64,62,123,63,60,62,29,33,23,11,12,8,3,5,1,0,1,0,0,0,58,56,12,25,10,3,4,0,2,44,37,7,2,41,2,6,16
52356328,0,,,211,55,156,1,1,0,207,53,154,12,7,5,207,53,154,207,53,154,195,46,149,188,42,146,146,31,115,40,10,30,0,0,0,17,16,3,7,5,1,0,0,0,12,11,1,1,12,0,2,6
52356333,0,,,19,11,8,0,0,0,19,11,8,7,5,2,19,11,8,19,11,8,12,6,6,3,2,1,1,1,0,0,0,0,0,0,0,9,9,1,6,2,0,0,0,0,8,8,0,0,6,0,0,5
52356335,0,,,11,5,6,1,1,0,10,4,6,4,2,2,10,4,6,9,3,6,6,2,4,5,2,3,1,0,1,0,0,0,2,1,1,4,4,1,0,2,1,0,0,0,3,2,1,0,3,0,1,0
52356336,0,,,178,82,96,24,18,6,149,61,88,75,28,47,148,61,87,147,61,86,74,33,41,32,13,19,10,5,5,1,0,1,6,4,2,79,79,29,24,9,11,6,0,0,48,37,11,7,51,0,20,15
52356337,0,,,527,260,267,59,29,30,459,227,232,252,125,127,450,224,226,444,219,225,207,102,105,98,46,52,34,17,17,2,0,2,12,6,6,225,224,66,77,36,32,13,0,0,157,136,21,9,132,2,30,43
52356338,0,,,165,95,70,6,6,0,154,85,69,85,53,32,152,84,68,149,82,67,69,32,37,36,17,19,13,6,7,1,0,1,2,2,0,83,83,40,23,9,7,1,2,1,43,33,10,2,42,14,10,16
52356341,0,,,69,33,36,5,2,3,64,31,33,28,17,11,63,30,33,63,30,33,36,14,22,20,7,13,8,1,7,0,0,0,0,0,0,31,31,9,12,6,2,2,0,0,22,19,3,1,24,0,8,9
52356344,0,,,956,474,482,76,41,35,864,423,441,459,236,223,840,408,432,823,398,425,405,187,218,167,74,93,33,14,19,2,1,1,26,11,15,447,447,155,167,65,37,17,4,2,284,256,28,20,274,3,86,99
52356345,0,,,36,18,18,3,2,1,33,16,17,20,10,10,32,16,16,31,15,16,13,6,7,7,3,4,1,1,0,0,0,0,0,0,0,12,12,2,5,0,2,2,1,0,10,9,1,1,9,0,2,4
52356346,0,,,323,161,162,40,23,17,283,138,145,167,86,81,270,128,142,262,124,138,116,52,64,63,27,36,27,13,14,2,1,1,0,0,0,122,122,27,44,19,16,11,3,2,95,81,14,9,73,0,19,28
52356347,0,,,528,266,262,92,53,39,429,209,220,303,149,154,417,203,214,409,198,211,126,60,66,38,14,24,12,4,8,1,0,1,4,2,2,197,197,33,75,38,32,14,3,2,160,150,10,19,84,1,17,34
52356350,1,,52356360,121,59,62,14,8,6,114,54,60,49,26,23,111,53,58,111,53,58,65,28,37,35,14,21,14,2,12,4,0,4,0,0,0,46,46,14,16,10,3,4,1,2,35,23,12,3,41,0,14,10
52356351,0,,,57,28,29,5,3,2,52,25,27,23,11,12,52,25,27,51,25,26,29,14,15,17,8,9,6,2,4,0,0,0,0,0,0,27,27,9,10,4,4,0,0,0,18,17,1,2,19,0,7,8
52356352,0,,,32,13,19,4,1,3,28,12,16,12,5,7,28,12,16,28,12,16,16,7,9,11,4,7,5,1,4,0,0,0,0,0,0,15,15,5,6,3,0,0,1,0,10,8,2,1,12,0,5,4
52356353,1,,52356364,167,74,93,12,2,10,157,72,85,64,33,31,151,69,82,147,65,82,93,39,54,50,19,31,19,5,14,3,0,3,0,0,0,70,70,19,30,11,5,2,2,2,52,42,10,3,56,0,18,21
52356354,0,,,104,53,51,6,3,3,98,50,48,40,24,16,96,49,47,95,49,46,58,26,32,27,10,17,9,3,6,0,0,0,0,0,0,50,50,16,21,8,4,0,1,0,34,30,4,1,38,0,14,14
52356356,0,,,16,8,8,0,0,0,16,8,8,0,0,0,16,8,8,16,8,8,16,8,8,5,3,2,2,2,0,0,0,0,0,0,0,9,9,2,7,0,0,0,0,0,7,7,0,0,9,0,2,7
52356357,0,,,10,5,5,0,0,0,10,5,5,2,1,1,10,5,5,10,5,5,8,4,4,2,2,0,0,0,0,0,0,0,0,0,0,7,7,4,3,0,0,0,0,0,3,3,0,0,5,0,2,3
52356358,0,,,14,8,6,0,0,0,14,8,6,4,1,3,14,8,6,13,8,5,10,7,3,2,2,0,1,1,0,0,0,0,0,0,0,8,8,4,2,2,0,0,0,0,4,4,0,0,7,0,4,2
52356360,2,52356350,,7,3,4,*,*,*,*,*,*,*,*,*,*,*,*,*,*,*,*,*,*,*,*,*,*,*,*,*,*,*,*,*,*,4,4,*,*,*,*,*,*,*,*,*,*,*,*,*,*,*
52356362,0,,,34,16,18,3,1,2,31,15,16,18,9,9,30,15,15,30,15,15,13,6,7,9,4,5,4,2,2,0,0,0,0,0,0,11,11,0,5,3,1,1,1,0,11,8,3,2,7,0,0,3
52356363,0,,,135,72,63,12,8,4,123,64,59,68,38,30,119,62,57,116,59,57,55,26,29,29,15,14,13,7,6,1,1,0,1,0,1,47,47,6,15,11,11,2,2,0,41,27,14,4,31,0,5,8
52356364,2,52356353,,2,0,2,*,*,*,*,*,*,*,*,*,*,*,*,*,*,*,*,*,*,*,*,*,*,*,*,*,*,*,*,*,*,1,1,*,*,*,*,*,*,*,*,*,*,*,*,*,*,*
52356367,0,,,54,25,29,0,0,0,54,25,29,18,8,10,54,25,29,54,25,29,36,17,19,16,7,9,9,4,5,0,0,0,0,0,0,28,28,8,15,4,1,0,0,0,20,17,3,0,23,0,5,8
52356368,1,,52356369,28,12,16,0,0,0,34,15,19,14,6,8,34,15,19,34,15,19,20,9,11,10,3,7,4,1,3,0,0,0,0,0,0,13,13,3,8,5,0,0,0,0,13,10,3,0,13,0,2,4
52356369,2,52356368,,6,3,3,*,*,*,*,*,*,*,*,*,*,*,*,*,*,*,*,*,*,*,*,*,*,*,*,*,*,*,*,*,*,3,3,*,*,*,*,*,*,*,*,*,*,*,*,*,*,*
52356373,0,,,88,43,45,6,3,3,82,40,42,32,17,15,81,40,41,79,39,40,50,23,27,29,11,18,11,4,7,0,0,0,0,0,0,39,39,11,16,5,5,2,0,0,28,22,6,0,30,0,9,11
52356383,0,,,32,15,17,5,1,4,27,14,13,8,5,3,26,13,13,26,13,13,19,9,10,9,5,4,4,2,2,2,1,1,0,0,0,13,13,3,6,2,1,0,0,1,10,9,1,2,11,0,3,6
52356393,0,,,87,39,48,2,0,2,85,39,46,42,22,20,85,39,46,84,38,46,43,17,26,26,9,17,9,3,6,0,0,0,1,0,1,40,40,12,14,10,3,1,0,0,28,21,7,2,28,0,7,6
52356394,0,,,10,4,6,0,0,0,10,4,6,2,1,1,10,4,6,10,4,6,8,3,5,3,1,2,1,0,1,0,0,0,0,0,0,5,5,1,3,1,0,0,0,0,4,4,0,0,5,0,1,3
52356400,2,52356401,,9,5,4,*,*,*,*,*,*,*,*,*,*,*,*,*,*,*,*,*,*,*,*,*,*,*,*,*,*,*,*,*,*,2,2,*,*,*,*,*,*,*,*,*,*,*,*,*,*,*
52356401,1,,52356400,31,18,13,3,3,0,37,20,17,19,10,9,35,19,16,35,19,16,18,10,8,12,6,6,1,1,0,0,0,0,1,0,1,15,15,6,6,2,2,0,0,1,11,9,2,0,11,0,2,4
52356402,0,,,22,10,12,0,0,0,22,10,12,8,4,4,22,10,12,22,10,12,14,6,8,5,1,4,3,0,3,0,0,0,0,0,0,9,9,2,3,3,0,1,0,0,7,4,3,0,6,0,0,2
52356406,0,,,29,16,13,7,5,2,21,10,11,11,5,6,20,10,10,20,10,10,10,5,5,4,2,2,2,1,1,0,0,0,0,0,0,11,11,3,3,3,0,1,1,0,8,7,1,1,7,0,2,2
52356407,0,,,36,14,22,2,0,2,33,14,19,15,6,9,32,14,18,32,14,18,18,8,10,9,3,6,3,1,2,1,0,1,0,0,0,16,16,2,9,4,1,0,0,0,14,13,1,0,10,0,1,5
52356408,0,,,31,15,16,0,0,0,31,15,16,11,7,4,31,15,16,31,15,16,20,8,12,14,4,10,5,1,4,0,0,0,1,1,0,16,16,5,7,4,0,0,0,0,11,9,2,0,14,0,3,3
52356409,0,,,50,24,26,11,5,6,39,19,20,21,10,11,37,17,20,37,17,20,18,9,9,7,3,4,4,2,2,0,0,0,0,0,0,17,17,4,5,3,1,2,1,1,13,9,4,3,12,0,4,4
52356410,2,52356411,,4,3,1,*,*,*,*,*,*,*,*,*,*,*,*,*,*,*,*,*,*,*,*,*,*,*,*,*,*,*,*,*,*,1,1,*,*,*,*,*,*,*,*,*,*,*,*,*,*,*
52356411,1,,52356410,133,66,67,11,5,6,126,64,62,61,31,30,124,63,61,122,62,60,65,33,32,37,19,18,16,8,8,0,0,0,2,0,2,56,56,14,20,14,6,2,0,1,43,35,8,3,43,0,11,11
52356412,0,,,26,15,11,3,3,0,23,12,11,15,7,8,22,11,11,22,11,11,8,5,3,4,2,2,0,0,0,0,0,0,0,0,0,8,8,2,2,1,1,0,1,1,6,4,2,0,6,0,1,1
52356417,0,,,14,6,8,0,0,0,14,6,8,4,2,2,14,6,8,14,6,8,10,4,6,8,3,5,4,1,3,0,0,0,0,0,0,8,8,3,4,1,0,0,0,0,5,4,1,0,6,0,2,3
52356418,0,,,34,18,16,2,1,1,32,17,15,17,10,7,32,17,15,32,17,15,15,7,8,8,4,4,2,1,1,0,0,0,0,0,0,14,14,2,7,2,3,0,0,0,12,9,3,0,10,0,2,4
52356419,0,,,33,18,15,1,0,1,32,18,14,13,9,4,31,17,14,31,17,14,19,9,10,6,4,2,1,1,0,0,0,0,0,0,0,14,14,0,11,1,2,0,0,0,14,14,0,0,11,0,0,8
52356421,0,,,169,79,90,10,6,4,159,73,86,97,46,51,155,73,82,147,68,79,62,27,35,30,14,16,11,4,7,0,0,0,1,0,1,63,63,12,20,18,6,5,1,1,51,36,15,1,41,0,7,12
52356423,0,,,33,17,16,3,1,2,30,16,14,16,9,7,29,15,14,28,14,14,14,7,7,7,3,4,4,2,2,0,0,0,0,0,0,12,12,1,7,1,1,1,1,0,11,8,3,0,9,0,1,5
52356424,0,,,29,15,14,4,3,1,25,12,13,11,6,5,25,12,13,25,12,13,14,6,8,9,4,5,5,3,2,1,1,0,0,0,0,10,10,3,2,2,1,0,2,0,7,5,2,3,9,0,3,0
52356425,0,,,16,8,8,2,1,1,14,7,7,6,3,3,14,7,7,14,7,7,8,4,4,3,2,1,2,1,1,0,0,0,0,0,0,6,6,1,3,1,0,0,1,0,5,4,1,0,5,0,1,2
52356427,1,,52356437,38,20,18,2,1,1,36,18,18,9,4,5,36,18,18,36,18,18,27,14,13,15,5,10,9,3,6,0,0,0,0,0,0,20,20,10,7,2,1,1,0,0,11,8,3,0,19,0,9,4
52356431,0,,,196,100,96,22,11,11,174,89,85,101,55,46,164,83,81,160,81,79,73,34,39,40,17,23,16,10,6,0,0,0,0,0,0,74,74,18,23,14,10,5,3,1,56,41,15,4,47,0,9,13
52356433,2,52356434,,5,3,2,*,*,*,*,*,*,*,*,*,*,*,*,*,*,*,*,*,*,*,*,*,*,*,*,*,*,*,*,*,*,3,3,*,*,*,*,*,*,*,*,*,*,*,*,*,*,*
52356434,1,,52356433,20,9,11,2,1,1,23,11,12,8,3,5,23,11,12,23,11,12,15,8,7,9,4,5,0,0,0,0,0,0,0,0,0,8,8,1,8,0,2,0,0,0,10,10,0,0,9,0,1,6
52356436,2,52356446,,11,4,7,*,*,*,*,*,*,*,*,*,*,*,*,*,*,*,*,*,*,*,*,*,*,*,*,*,*,*,*,*,*,4,4,*,*,*,*,*,*,*,*,*,*,*,*,*,*,*
52356437,2,52356427,,1,0,1,*,*,*,*,*,*,*,*,*,*,*,*,*,*,*,*,*,*,*,*,*,*,*,*,*,*,*,*,*,*,1,1,*,*,*,*,*,*,*,*,*,*,*,*,*,*,*
52356442,0,,,50,24,26,3,2,1,47,22,25,23,11,12,47,22,25,45,21,24,24,11,13,19,9,10,10,6,4,0,0,0,2,0,2,24,24,9,7,6,1,1,0,0,15,9,6,0,17,0,4,4
52356443,0,,,28,14,14,0,0,0,28,14,14,12,7,5,27,13,14,27,13,14,16,7,9,10,3,7,4,1,3,0,0,0,0,0,0,11,11,1,5,3,2,0,0,0,10,8,2,0,10,0,1,2
52356445,2,52356446,,4,3,1,*,*,*,*,*,*,*,*,*,*,*,*,*,*,*,*,*,*,*,*,*,*,*,*,*,*,*,*,*,*,2,2,*,*,*,*,*,*,*,*,*,*,*,*,*,*,*
52356446,1,,52356436;52356445,61,31,30,4,1,3,72,37,35,28,17,11,72,37,35,72,37,35,44,20,24,33,14,19,12,6,6,0,0,0,1,0,1,32,32,14,14,8,1,0,1,0,24,23,1,1,30,0,13,5
52356447,0,,,41,20,21,3,2,1,38,18,20,11,7,4,37,17,20,37,17,20,27,11,16,15,6,9,10,4,6,1,0,1,0,0,0,19,19,6,8,3,1,0,1,0,13,12,1,1,16,0,5,7
52356448,1,,52356457;52356458,74,33,41,2,0,2,80,38,42,30,15,15,78,36,42,77,36,41,50,23,27,23,7,16,7,2,5,1,0,1,0,0,0,36,36,17,17,3,3,2,0,0,23,17,6,0,35,0,15,10
52356449,2,52356459,,9,6,3,*,*,*,*,*,*,*,*,*,*,*,*,*,*,*,*,*,*,*,*,*,*,*,*,*,*,*,*,*,*,4,4,*,*,*,*,*,*,*,*,*,*,*,*,*,*,*
52356453,0,,,73,38,35,3,1,2,70,37,33,32,19,13,70,37,33,70,37,33,38,18,20,19,8,11,7,3,4,1,0,1,1,1,0,41,41,24,7,6,3,1,0,0,16,11,5,2,27,0,13,3
52356454,0,,,53,27,26,4,2,2,49,25,24,23,14,9,48,25,23,48,25,23,26,11,15,21,10,11,8,5,3,0,0,0,0,0,0,23,23,9,6,2,4,2,0,0,14,12,2,1,18,0,7,4
52356455,0,,,20,9,11,1,0,1,19,9,10,11,6,5,19,9,10,19,9,10,8,3,5,4,1,3,1,0,1,1,0,1,0,0,0,11,11,5,4,1,1,0,0,0,5,5,0,0,5,0,3,1
52356456,0,,,12,6,6,2,1,1,10,5,5,3,1,2,10,5,5,10,5,5,7,4,3,3,2,1,2,2,0,0,0,0,0,0,0,6,6,2,3,0,1,0,0,0,4,4,0,1,4,0,1,3
52356457,2,52356448,,5,3,2,*,*,*,*,*,*,*,*,*,*,*,*,*,*,*,*,*,*,*,*,*,*,*,*,*,*,*,*,*,*,4,4,*,*,*,*,*,*,*,*,*,*,*,*,*,*,*
52356458,2,52356448,,3,2,1,*,*,*,*,*,*,*,*,*,*,*,*,*,*,*,*,*,*,*,*,*,*,*,*,*,*,*,*,*,*,2,2,*,*,*,*,*,*,*,*,*,*,*,*,*,*,*
52356459,1,,52356449,2,1,1,0,0,0,11,7,4,4,4,0,11,7,4,11,7,4,7,3,4,6,2,4,1,1,0,0,0,0,1,0,1,1,1,1,2,2,0,0,0,0,4,4,0,0,4,0,0,1
52356463,0,,,17,6,11,0,0,0,17,6,11,10,3,7,17,6,11,16,6,10,7,3,4,5,1,4,1,0,1,0,0,0,0,0,0,8,8,1,5,2,0,0,0,0,6,5,1,0,6,0,1,1
52356475,0,,,56,29,27,6,2,4,50,27,23,20,13,7,50,27,23,49,26,23,30,14,16,22,9,13,8,3,5,0,0,0,0,0,0,20,20,5,7,3,2,0,1,2,15,8,7,2,20,0,5,7
52356476,0,,,15,7,8,0,0,0,15,7,8,7,3,4,14,7,7,13,7,6,8,4,4,6,3,3,2,1,1,0,0,0,0,0,0,4,4,0,1,1,1,0,1,0,4,1,3,0,4,0,0,1
52356484,0,,,33,16,17,2,2,0,31,14,17,18,9,9,29,13,16,28,13,15,13,5,8,11,4,7,3,1,2,0,0,0,0,0,0,10,10,2,1,3,3,0,0,1,8,3,5,1,9,0,2,1
52356485,0,,,48,23,25,7,1,6,41,22,19,23,14,9,40,22,18,39,22,17,18,8,10,8,5,3,2,0,2,0,0,0,4,2,2,14,14,3,4,0,4,1,0,2,11,8,3,2,10,1,1,4
52356494,1,,52356495,57,27,30,12,6,6,47,22,25,23,11,12,45,21,24,45,21,24,24,11,13,10,6,4,3,1,2,0,0,0,1,0,1,23,23,8,10,2,1,1,0,2,16,13,3,2,15,0,5,6
52356495,2,52356494,,2,1,1,*,*,*,*,*,*,*,*,*,*,*,*,*,*,*,*,*,*,*,*,*,*,*,*,*,*,*,*,*,*,1,1,*,*,*,*,*,*,*,*,*,*,*,*,*,*,*
52356500,0,,,151,68,83,12,6,6,135,61,74,66,31,35,132,59,73,130,58,72,69,30,39,41,17,24,9,2,7,1,0,1,4,2,2,66,66,20,24,10,9,2,0,1,46,38,8,3,43,0,13,16
52356501,0,,,57,28,29,3,1,2,53,27,26,25,14,11,51,25,26,51,25,26,28,13,15,17,7,10,7,2,5,0,0,0,0,0,0,27,27,8,12,5,1,0,1,0,19,15,4,1,19,0,5,7
52356502,0,,,64,33,31,16,7,9,48,26,22,23,14,9,47,25,22,47,25,22,25,12,13,11,6,5,3,1,2,0,0,0,3,1,2,22,22,3,7,6,3,2,0,1,18,15,3,5,14,1,1,4
52356503,0,,,38,19,19,6,3,3,32,16,16,16,10,6,30,15,15,30,15,15,16,6,10,7,1,6,1,0,1,1,0,1,0,0,0,16,16,7,3,3,1,1,0,1,9,5,4,1,10,0,5,2
52356510,0,,,142,70,72,7,5,2,132,63,69,62,33,29,127,62,65,122,58,64,70,30,40,37,17,20,20,9,11,2,1,1,0,0,0,58,58,18,21,7,5,3,3,1,40,26,14,0,46,0,14,13
52356512,0,,,290,133,157,30,14,16,245,112,133,106,59,47,237,110,127,234,108,126,139,53,86,85,31,54,50,16,34,6,1,5,0,0,0,120,119,52,34,8,8,12,4,1,67,48,19,7,74,4,24,25
52356513,0,,,202,116,86,14,6,8,184,108,76,124,84,40,176,102,74,175,101,74,60,24,36,40,17,23,11,6,5,1,1,0,2,2,0,64,63,19,20,11,5,6,0,2,43,32,11,2,40,1,11,11
52356520,0,,,238,119,119,21,15,6,208,101,107,119,62,57,199,95,104,194,93,101,89,39,50,44,16,28,10,4,6,1,0,1,2,1,1,98,98,25,37,18,10,5,2,1,71,58,13,6,60,0,17,20
52356522,2,52356523,,6,3,3,*,*,*,*,*,*,*,*,*,*,*,*,*,*,*,*,*,*,*,*,*,*,*,*,*,*,*,*,*,*,5,5,*,*,*,*,*,*,*,*,*,*,*,*,*,*,*
52356523,1,,52356522,64,31,33,5,2,3,61,30,31,29,16,13,59,30,29,59,30,29,32,14,18,23,8,15,7,2,5,0,0,0,0,0,0,30,30,13,16,2,2,1,1,0,22,19,3,2,19,0,5,9
52356524,0,,,56,26,30,3,2,1,53,24,29,25,12,13,52,24,28,51,23,28,28,12,16,16,8,8,5,3,2,1,1,0,1,0,1,23,23,5,9,6,2,0,0,1,18,12,6,0,18,0,3,6
52356528,1,,52356539,8,4,4,2,0,2,13,6,7,3,1,2,13,6,7,13,6,7,10,5,5,2,0,2,1,0,1,0,0,0,0,0,0,6,6,6,3,1,0,0,0,0,4,4,0,1,7,0,4,3
52356530,0,,,159,61,98,14,4,10,141,55,86,64,27,37,137,54,83,136,53,83,77,28,49,45,15,30,22,4,18,5,0,5,5,2,3,74,73,29,26,13,1,3,1,0,44,40,4,4,43,0,18,15
52356531,0,,,107,52,55,7,5,2,99,46,53,53,29,24,97,44,53,94,41,53,46,17,29,28,9,19,9,1,8,1,0,1,1,0,1,42,42,11,12,11,5,1,1,1,31,23,8,1,30,0,8,4
52356534,0,,,77,39,38,4,2,2,72,37,35,27,13,14,71,37,34,71,37,34,45,24,21,28,15,13,10,6,4,0,0,0,0,0,0,36,36,6,23,4,2,1,0,0,30,28,2,1,27,0,4,14
52356535,0,,,64,35,29,4,4,0,60,31,29,25,14,11,60,31,29,60,31,29,35,17,18,20,9,11,7,4,3,0,0,0,0,0,0,27,27,5,13,5,3,0,1,0,22,19,3,1,21,0,3,10
52356536,0,,,13,7,6,0,0,0,13,7,6,2,2,0,13,7,6,13,7,6,11,5,6,4,1,3,2,1,1,0,0,0,0,0,0,6,6,1,3,2,0,0,0,0,5,4,1,0,5,0,0,3
52356537,2,52356547,,6,3,3,*,*,*,*,*,*,*,*,*,*,*,*,*,*,*,*,*,*,*,*,*,*,*,*,*,*,*,*,*,*,3,3,*,*,*,*,*,*,*,*,*,*,*,*,*,*,*
52356539,2,52356528,,7,2,5,*,*,*,*,*,*,*,*,*,*,*,*,*,*,*,*,*,*,*,*,*,*,*,*,*,*,*,*,*,*,4,4,*,*,*,*,*,*,*,*,*,*,*,*,*,*,*
52356540,0,,,152,42,110,7,3,4,145,39,106,29,14,15,143,38,105,142,38,104,116,25,91,106,22,84,79,14,65,17,1,16,3,0,3,20,19,1,8,7,1,1,0,1,18,16,2,0,12,0,1,6
52356541,0,,,106,53,53,6,2,4,99,51,48,48,30,18,97,50,47,95,48,47,51,21,30,29,10,19,10,2,8,1,0,1,1,0,1,53,53,24,17,7,2,1,0,2,29,25,4,2,36,2,12,11
52356542,0,,,11,6,5,0,0,0,11,6,5,5,3,2,11,6,5,10,5,5,6,3,3,3,1,2,0,0,0,0,0,0,0,0,0,6,6,3,2,0,1,0,0,0,3,3,0,0,4,0,2,2
52356544,2,52356545,,11,5,6,*,*,*,*,*,*,*,*,*,*,*,*,*,*,*,*,*,*,*,*,*,*,*,*,*,*,*,*,*,*,5,5,*,*,*,*,*,*,*,*,*,*,*,*,*,*,*
52356545,1,,52356544,20,11,9,1,1,0,26,13,13,15,8,7,26,13,13,25,13,12,11,5,6,7,4,3,5,3,2,0,0,0,0,0,0,11,11,8,4,3,0,0,1,0,8,7,1,1,8,0,3,2
52356546,0,,,13,9,4,0,0,0,13,9,4,7,6,1,13,9,4,13,9,4,6,3,3,3,1,2,2,1,1,0,0,0,0,0,0,8,8,4,3,1,0,0,0,0,4,3,1,0,5,0,3,1
52356547,1,,52356537;52356557,100,47,53,6,3,3,104,49,55,45,21,24,101,49,52,101,49,52,59,28,31,31,11,20,10,3,7,2,1,1,1,0,1,45,45,15,22,6,6,2,0,0,36,29,7,1,40,0,12,12
52356548,0,,,55,29,26,3,2,1,52,27,25,25,13,12,51,27,24,50,27,23,27,14,13,14,6,8,5,3,2,2,1,1,0,0,0,23,23,6,7,6,3,1,0,0,17,8,9,1,20,2,4,4
52356549,1,,52356559;52356569,22,11,11,2,1,1,25,11,14,11,5,6,25,11,14,25,11,14,14,6,8,4,0,4,0,0,0,0,0,0,0,0,0,12,12,8,4,1,2,0,0,0,7,6,1,1,11,0,6,3
52356551,0,,,172,84,88,12,6,6,156,76,80,74,40,34,152,74,78,152,74,78,82,36,46,38,17,21,14,4,10,1,0,1,1,0,1,68,68,9,36,12,6,2,1,2,58,44,14,2,50,0,4,22
52356555,2,52356566,,2,1,1,*,*,*,*,*,*,*,*,*,*,*,*,*,*,*,*,*,*,*,*,*,*,*,*,*,*,*,*,*,*,1,1,*,*,*,*,*,*,*,*,*,*,*,*,*,*,*
52356556,0,,,10,5,5,0,0,0,10,5,5,3,1,2,10,5,5,10,5,5,7,4,3,2,1,1,0,0,0,0,0,0,0,0,0,6,6,2,4,0,0,0,0,0,4,4,0,0,4,0,1,3
52356557,2,52356547,,5,2,3,*,*,*,*,*,*,*,*,*,*,*,*,*,*,*,*,*,*,*,*,*,*,*,*,*,*,*,*,*,*,3,3,*,*,*,*,*,*,*,*,*,*,*,*,*,*,*
52356559,2,52356549,,4,1,3,*,*,*,*,*,*,*,*,*,*,*,*,*,*,*,*,*,*,*,*,*,*,*,*,*,*,*,*,*,*,2,2,*,*,*,*,*,*,*,*,*,*,*,*,*,*,*
52356561,1,,52356570,117,50,67,4,2,2,115,50,65,54,22,32,107,47,60,106,46,60,61,28,33,34,13,21,8,1,7,1,0,1,0,0,0,53,53,22,17,7,4,3,2,0,33,20,13,0,44,0,16,12
52356562,0,,,26,13,13,0,0,0,26,13,13,11,9,2,26,13,13,26,13,13,15,4,11,8,2,6,4,1,3,0,0,0,0,0,0,13,13,3,7,3,0,0,0,0,10,8,2,0,10,0,1,3
52356566,1,,52356555,46,21,25,0,0,0,46,21,25,20,7,13,46,21,25,46,21,25,26,14,12,15,8,7,6,3,3,0,0,0,0,0,0,23,23,7,11,5,1,0,0,0,17,16,1,0,17,0,2,5
52356569,2,52356549,,1,0,1,*,*,*,*,*,*,*,*,*,*,*,*,*,*,*,*,*,*,*,*,*,*,*,*,*,*,*,*,*,*,1,1,*,*,*,*,*,*,*,*,*,*,*,*,*,*,*
52356570,2,52356561,,3,2,1,*,*,*,*,*,*,*,*,*,*,*,*,*,*,*,*,*,*,*,*,*,*,*,*,*,*,*,*,*,*,2,2,*,*,*,*,*,*,*,*,*,*,*,*,*,*,*
52356572,0,,,31,15,16,0,0,0,31,15,16,13,8,5,31,15,16,31,15,16,18,7,11,11,4,7,6,3,3,0,0,0,0,0,0,18,18,7,9,2,0,0,0,0,11,10,1,0,14,0,5,5
52356602,0,,,25,12,13,1,0,1,24,12,12,9,5,4,24,12,12,24,12,12,15,7,8,11,4,7,2,1,1,0,0,0,0,0,0,13,13,3,8,2,0,0,0,0,10,9,1,1,11,0,3,4
52356608,0,,,104,47,57,4,1,3,100,46,54,49,23,26,98,46,52,98,46,52,51,23,28,34,13,21,19,10,9,0,0,0,0,0,0,43,43,11,18,5,6,1,1,1,32,21,11,1,34,1,7,9
52356612,1,,52356634,53,18,35,2,0,2,53,20,33,15,9,6,52,20,32,51,19,32,38,11,27,24,3,21,18,2,16,3,0,3,0,0,0,16,15,4,10,2,0,1,0,0,13,13,0,1,10,0,2,7
52356634,2,52356612,,2,2,0,*,*,*,*,*,*,*,*,*,*,*,*,*,*,*,*,*,*,*,*,*,*,*,*,*,*,*,*,*,*,2,2,*,*,*,*,*,*,*,*,*,*,*,*,*,*,*
52356638,0,,,23,11,12,2,0,2,21,11,10,13,7,6,20,11,9,20,11,9,8,4,4,7,4,3,4,2,2,0,0,0,0,0,0,8,8,1,4,0,1,2,0,0,7,5,2,1,6,0,1,1
52356640,2,52356641,,9,3,6,*,*,*,*,*,*,*,*,*,*,*,*,*,*,*,*,*,*,*,*,*,*,*,*,*,*,*,*,*,*,7,7,*,*,*,*,*,*,*,*,*,*,*,*,*,*,*
52356641,1,,52356640,19,9,10,6,2,4,22,10,12,10,6,4,22,10,12,22,10,12,12,4,8,8,3,5,2,1,1,0,0,0,0,0,0,8,8,8,5,0,1,0,1,0,7,7,0,1,10,0,7,2
52356642,0,,,20,11,9,0,0,0,20,11,9,8,5,3,20,11,9,19,11,8,12,6,6,9,4,5,2,0,2,0,0,0,0,0,0,10,10,4,4,1,0,1,0,0,6,5,1,0,9,0,3,3
52356652,0,,,12,5,7,0,0,0,12,5,7,5,2,3,12,5,7,12,5,7,7,3,4,3,2,1,1,0,1,0,0,0,0,0,0,6,6,0,6,0,0,0,0,0,6,6,0,0,4,0,0,3
52356658,0,,,22,12,10,4,3,1,18,9,9,10,5,5,18,9,9,18,9,9,8,4,4,4,1,3,1,0,1,0,0,0,0,0,0,10,10,4,2,2,2,0,0,0,6,5,1,1,6,0,4,1
52356662,0,,,17,8,9,1,0,1,16,8,8,7,3,4,15,8,7,15,8,7,9,5,4,9,5,4,4,2,2,0,0,0,0,0,0,11,11,7,3,0,1,0,0,0,4,4,0,1,7,0,4,2
52356672,0,,,9,4,5,0,0,0,9,4,5,2,1,1,9,4,5,9,4,5,7,3,4,5,2,3,0,0,0,0,0,0,0,0,0,5,5,1,4,0,0,0,0,0,4,4,0,0,4,0,1,3
52356673,2,52356683,,6,2,4,*,*,*,*,*,*,*,*,*,*,*,*,*,*,*,*,*,*,*,*,*,*,*,*,*,*,*,*,*,*,4,4,*,*,*,*,*,*,*,*,*,*,*,*,*,*,*
52356678,1,,52356679,27,11,16,3,1,2,27,11,16,8,4,4,27,11,16,27,11,16,19,7,12,10,3,7,3,0,3,0,0,0,0,0,0,14,14,7,6,2,0,1,0,0,9,9,0,0,14,0,7,4
52356679,2,52356678,,3,1,2,*,*,*,*,*,*,*,*,*,*,*,*,*,*,*,*,*,*,*,*,*,*,*,*,*,*,*,*,*,*,2,2,*,*,*,*,*,*,*,*,*,*,*,*,*,*,*
52356681,0,,,13,7,6,0,0,0,13,7,6,4,2,2,13,7,6,13,7,6,9,5,4,8,4,4,1,1,0,0,0,0,0,0,0,7,7,1,6,0,0,0,0,0,6,6,0,0,6,0,1,4
52356682,0,,,12,6,6,3,1,2,9,5,4,6,4,2,9,5,4,9,5,4,3,1,2,0,0,0,0,0,0,0,0,0,2,2,0,6,6,3,1,1,1,0,0,0,3,3,0,0,3,0,2,0
52356683,1,,52356673,4,2,2,0,0,0,10,4,6,5,2,3,10,4,6,10,4,6,5,2,3,2,0,2,1,0,1,0,0,0,0,0,0,2,2,3,2,1,0,0,0,0,3,2,1,0,4,1,1,2
52356689,0,,,15,8,7,0,0,0,15,8,7,5,4,1,15,8,7,15,8,7,10,4,6,9,4,5,3,1,2,0,0,0,0,0,0,7,7,1,5,0,1,0,0,0,6,5,1,0,6,0,1,3
52356691,0,,,76,39,37,28,15,13,48,24,24,40,21,19,43,21,22,40,19,21,8,3,5,5,2,3,3,2,1,0,0,0,0,0,0,16,16,2,4,2,0,0,1,7,14,12,2,5,5,1,1,2
52356699,0,,,40,21,19,3,1,2,36,19,17,17,10,7,36,19,17,36,19,17,19,9,10,13,5,8,5,3,2,0,0,0,0,0,0,22,22,9,10,1,2,0,0,0,13,13,0,1,14,3,4,6
52356700,1,,52356701,21,9,12,1,0,1,24,11,13,17,8,9,23,10,13,23,10,13,7,3,4,5,3,2,2,0,2,0,0,0,0,0,0,7,7,3,3,2,0,2,0,0,7,5,2,0,5,0,1,2
52356701,2,52356700,,4,2,2,*,*,*,*,*,*,*,*,*,*,*,*,*,*,*,*,*,*,*,*,*,*,*,*,*,*,*,*,*,*,3,3,*,*,*,*,*,*,*,*,*,*,*,*,*,*,*
52356702,0,,,267,130,137,18,10,8,247,118,129,169,82,87,237,112,125,230,110,120,78,36,42,38,16,22,9,3,6,0,0,0,1,0,1,103,103,16,44,18,19,4,1,1,86,75,11,5,50,0,6,20
52356703,0,,,887,431,456,65,38,27,796,378,418,498,246,252,768,367,401,748,354,394,298,132,166,139,54,85,35,12,23,4,1,3,5,3,2,350,350,89,107,78,45,18,11,2,259,213,46,15,194,1,36,58
52356711,1,,52356721,19,9,10,0,0,0,20,10,10,7,4,3,20,10,10,19,10,9,13,6,7,1,1,0,0,0,0,0,0,0,3,3,0,11,11,5,6,1,0,0,0,0,7,6,1,0,9,0,3,4
52356712,0,,,164,81,83,20,10,10,144,71,73,88,43,45,136,68,68,133,65,68,56,28,28,27,13,14,4,3,1,0,0,0,2,2,0,61,61,16,16,11,10,6,1,1,44,36,8,5,36,1,11,11
52356713,0,,,279,142,137,31,19,12,242,119,123,146,77,69,235,114,121,230,113,117,96,42,54,44,17,27,10,3,7,1,1,0,2,0,2,104,104,24,33,19,18,5,2,3,79,65,14,7,61,2,11,18
52356721,2,52356711,,1,1,0,*,*,*,*,*,*,*,*,*,*,*,*,*,*,*,*,*,*,*,*,*,*,*,*,*,*,*,*,*,*,1,1,*,*,*,*,*,*,*,*,*,*,*,*,*,*,*
52356722,0,,,496,228,268,52,27,25,438,196,242,268,117,151,425,189,236,416,186,230,170,79,91,81,35,46,27,8,19,3,0,3,1,1,0,175,175,25,61,37,29,17,5,1,146,115,31,11,106,0,20,37
52356723,0,,,297,143,154,28,17,11,261,121,140,177,83,94,250,117,133,241,112,129,84,38,46,37,18,19,10,3,7,1,0,1,1,0,1,115,115,27,35,26,19,4,2,2,87,73,14,8,54,0,15,14
52356732,0,,,131,69,62,10,6,4,121,63,58,63,32,31,119,61,58,116,61,55,58,31,27,23,11,12,9,3,6,1,1,0,2,2,0,67,67,24,29,9,3,2,0,0,43,42,1,1,40,0,16,16
52356733,0,,,295,143,152,31,12,19,255,125,130,167,84,83,248,124,124,244,122,122,88,41,47,39,19,20,10,5,5,0,0,0,2,1,1,117,117,32,37,19,17,9,2,1,84,74,10,9,56,0,8,25
52356743,0,,,710,353,357,92,53,39,600,291,309,400,200,200,573,279,294,554,267,287,200,91,109,93,40,53,31,11,20,2,1,1,5,2,3,269,269,72,69,50,50,19,8,1,193,157,36,20,130,7,29,42
52356744,0,,,366,182,184,52,27,25,287,141,146,208,100,108,279,137,142,273,134,139,79,41,38,44,20,24,10,6,4,0,0,0,6,4,2,186,186,93,45,21,19,4,4,0,90,81,9,15,57,4,24,17
52356753,0,,,58,31,27,11,9,2,45,20,25,17,7,10,44,19,25,44,19,25,28,13,15,12,5,7,4,1,3,1,0,1,0,0,0,26,26,9,9,3,3,2,0,0,17,15,2,2,18,0,7,8
52356754,0,,,1027,492,535,118,62,56,888,418,470,558,286,272,859,403,456,808,365,443,330,132,198,205,65,140,92,20,72,16,1,15,5,4,1,350,347,108,93,56,58,25,4,3,236,210,26,25,150,2,42,51
52356755,0,,,114,57,57,11,5,6,103,52,51,59,33,26,99,48,51,94,44,50,44,19,25,24,11,13,7,3,4,1,0,1,0,0,0,42,42,10,14,5,8,3,1,1,32,27,5,1,28,0,8,11
52356763,0,,,71,31,40,1,1,0,68,29,39,48,20,28,64,27,37,61,26,35,20,9,11,7,3,4,2,0,2,0,0,0,1,1,0,33,33,10,12,8,2,1,0,0,23,22,1,0,13,1,4,5
52356764,0,,,298,142,156,34,20,14,263,121,142,145,69,76,254,117,137,249,114,135,118,52,66,50,23,27,13,4,9,2,1,1,2,1,1,108,108,19,42,14,17,12,3,1,89,66,23,8,76,0,15,28
52356765,0,,,457,214,243,50,21,29,398,188,210,221,108,113,392,185,207,386,183,203,177,80,97,97,43,54,41,16,25,2,0,2,8,2,6,169,166,27,66,34,26,8,4,1,137,111,26,11,109,0,17,41
52356766,0,,,210,105,105,24,15,9,185,90,95,108,48,60,183,90,93,178,88,90,77,42,35,26,15,11,7,4,3,1,0,1,1,1,0,88,88,27,24,18,15,3,1,0,60,52,8,4,51,8,11,16
52356774,0,,,38,16,22,9,4,5,27,10,17,16,5,11,26,10,16,26,10,16,11,5,6,9,5,4,3,1,2,0,0,0,1,0,1,15,15,5,3,4,1,1,1,0,9,9,0,4,6,0,1,3
52356775,0,,,997,500,497,114,60,54,859,421,438,532,259,273,839,412,427,830,407,423,327,162,165,129,60,69,28,11,17,3,0,3,11,5,6,424,422,106,175,69,48,15,5,4,309,279,30,24,217,4,49,95
52356776,0,,,117,68,49,7,3,4,108,63,45,76,47,29,108,63,45,104,59,45,32,16,16,14,6,8,1,1,0,0,0,0,0,0,0,51,47,23,10,8,6,0,0,0,24,24,0,1,18,3,5,6
52356785,0,,,338,161,177,36,15,21,296,143,153,184,91,93,287,137,150,284,136,148,112,52,60,44,18,26,13,3,10,0,0,0,3,0,3,146,145,40,52,26,22,4,1,0,100,89,11,5,76,2,22,27
52356786,0,,,1168,539,629,142,61,81,993,461,532,607,309,298,951,434,517,928,418,510,386,152,234,226,80,146,89,21,68,17,1,16,11,6,5,430,427,120,130,61,75,31,7,3,299,258,41,31,201,15,43,66
52356795,0,,,55,31,24,6,3,3,46,26,20,31,18,13,43,24,19,42,23,19,15,8,7,5,2,3,2,1,1,0,0,0,1,0,1,25,25,8,9,5,1,2,0,0,16,14,2,1,10,0,3,3
52356796,0,,,162,78,84,10,6,4,143,66,77,88,43,45,138,65,73,132,63,69,55,23,32,24,9,15,3,1,2,0,0,0,1,1,0,77,77,28,27,10,10,2,0,0,47,42,5,1,36,0,9,13
52356797,0,,,26,14,12,0,0,0,22,12,10,5,2,3,21,12,9,21,12,9,17,10,7,7,4,3,2,0,2,0,0,0,0,0,0,15,15,8,5,1,0,1,0,0,7,5,2,0,10,0,3,3
52357000,0,,,233,109,124,29,16,13,204,93,111,120,58,62,194,87,107,190,86,104,84,35,49,43,14,29,16,3,13,2,0,2,3,2,1,87,87,22,23,19,12,7,3,1,65,45,20,6,56,4,14,12
52357001,0,,,47,26,21,3,1,2,43,24,19,17,12,5,42,23,19,42,23,19,26,12,14,8,3,5,4,1,3,0,0,0,0,0,0,21,21,6,8,4,2,1,0,0,15,12,3,1,17,0,4,7
52357002,0,,,64,35,29,10,4,6,53,30,23,35,18,17,52,30,22,49,28,21,18,12,6,8,5,3,1,1,0,0,0,0,2,2,0,27,27,9,10,3,1,2,2,0,18,16,2,4,12,1,2,5
52357003,0,,,87,46,41,5,4,1,82,42,40,49,30,19,82,42,40,80,41,39,33,12,21,24,9,15,10,3,7,1,0,1,0,0,0,30,30,3,9,12,3,1,1,1,27,20,7,1,23,0,3,5
52357008,2,52357009,,6,2,4,*,*,*,*,*,*,*,*,*,*,*,*,*,*,*,*,*,*,*,*,*,*,*,*,*,*,*,*,*,*,1,1,*,*,*,*,*,*,*,*,*,*,*,*,*,*,*
52357009,1,,52357008,69,35,34,2,0,2,73,37,36,39,20,19,70,34,36,67,33,34,34,17,17,16,8,8,4,2,2,0,0,0,0,0,0,29,29,5,14,6,2,2,1,0,25,21,4,0,23,0,5,8
52357010,0,,,76,33,43,14,4,10,62,29,33,37,18,19,61,29,32,60,29,31,25,11,14,10,4,6,5,1,4,1,0,1,0,0,0,28,28,5,7,8,7,1,0,0,23,19,4,5,15,0,3,5
52357015,0,,,42,25,17,0,0,0,42,25,17,15,10,5,42,25,17,42,25,17,27,15,12,13,6,7,4,0,4,1,0,1,0,0,0,23,23,10,9,3,0,1,0,0,13,10,3,0,18,0,7,6
52357018,0,,,39,20,19,1,1,0,38,19,19,17,9,8,36,17,19,36,17,19,21,10,11,10,4,6,1,0,1,1,0,1,0,0,0,18,18,5,9,2,1,0,1,0,13,10,3,0,12,0,2,5
52357021,0,,,23,11,12,0,0,0,23,11,12,3,1,2,23,11,12,23,11,12,20,10,10,14,6,8,7,2,5,2,1,1,0,0,0,12,11,7,4,0,0,0,0,0,4,4,0,0,9,0,5,1
52357022,0,,,11,5,6,0,0,0,11,5,6,4,2,2,11,5,6,11,5,6,7,3,4,3,1,2,2,1,1,1,1,0,0,0,0,4,4,0,2,1,1,0,0,0,4,3,1,0,4,0,0,1
52357023,0,,,82,40,42,7,6,1,75,34,41,37,19,18,72,33,39,71,32,39,38,15,23,25,8,17,10,4,6,1,0,1,0,0,0,31,31,7,11,6,3,2,1,1,24,16,8,1,24,0,7,7
52357025,0,,,109,48,61,5,2,3,104,46,58,44,19,25,100,46,54,99,45,54,60,27,33,35,15,20,14,5,9,2,0,2,0,0,0,48,48,13,21,5,6,3,0,0,35,29,6,1,37,0,8,14
52357029,0,,,453,209,244,14,7,7,345,179,166,149,78,71,342,178,164,342,178,164,196,101,95,98,47,51,40,16,24,1,1,0,0,0,0,15,12,0,2,4,4,2,0,0,12,12,0,3,3,0,0,2
52357031,0,,,12,7,5,0,0,0,12,7,5,10,6,4,12,7,5,12,7,5,2,1,1,1,0,1,1,0,1,0,0,0,0,0,0,5,5,2,1,0,2,0,0,0,3,3,0,0,2,0,2,0
52357032,0,,,102,47,55,13,8,5,89,39,50,38,16,22,89,39,50,88,39,49,51,23,28,26,11,15,11,2,9,0,0,0,0,0,0,41,41,7,23,4,3,2,1,1,34,29,5,2,31,0,6,16
52357033,0,,,108,48,60,8,3,5,100,45,55,46,25,21,99,45,54,98,44,54,54,20,34,25,6,19,14,5,9,1,1,0,0,0,0,40,40,6,18,6,5,4,0,1,34,24,10,0,32,0,6,8
52357034,0,,,459,235,224,119,62,57,340,173,167,312,164,148,314,160,154,303,153,150,28,9,19,15,5,10,2,0,2,0,0,0,1,1,0,147,147,11,46,39,27,16,5,3,134,125,9,25,20,0,2,6
52357035,0,,,32,16,16,0,0,0,32,16,16,18,10,8,31,16,15,30,16,14,14,6,8,10,4,6,8,3,5,1,0,1,1,0,1,17,17,7,7,1,2,0,0,0,10,8,2,0,8,1,1,4
52357037,0,,,114,53,61,5,3,2,109,50,59,49,23,26,106,49,57,105,49,56,60,27,33,25,8,17,8,1,7,3,0,3,1,0,1,45,45,8,15,15,5,1,1,0,37,24,13,2,37,0,7,10
52357038,0,,,201,96,105,15,8,7,186,88,98,108,55,53,179,85,94,174,83,91,78,33,45,44,18,26,18,5,13,0,0,0,2,1,1,72,72,10,29,13,9,8,3,0,62,42,20,4,50,0,8,17
52357039,0,,,208,101,107,36,16,20,170,83,87,90,45,45,169,82,87,167,81,86,80,38,42,47,23,24,14,5,9,0,0,0,2,2,0,92,92,29,34,10,14,5,0,0,61,54,7,10,56,0,19,20
52357041,0,,,13,6,7,0,0,0,13,6,7,7,4,3,13,6,7,13,6,7,6,2,4,2,0,2,1,0,1,0,0,0,0,0,0,5,5,1,1,2,1,0,0,0,4,3,1,0,4,0,0,0
52357042,1,,52357052,32,15,17,2,1,1,34,16,18,16,9,7,31,13,18,31,13,18,18,7,11,8,3,5,1,0,1,0,0,0,0,0,0,14,14,4,7,1,1,1,1,0,11,8,3,1,12,0,2,5
52357043,0,,,220,114,106,20,13,7,200,101,99,127,68,59,191,95,96,188,92,96,73,33,40,42,14,28,22,9,13,2,0,2,0,0,0,84,84,22,21,16,17,8,0,0,62,41,21,4,53,0,12,13
52357044,0,,,180,70,110,9,4,5,171,66,105,62,31,31,166,64,102,164,62,102,109,35,74,82,21,61,55,16,39,10,1,9,0,0,0,49,48,7,16,15,6,3,0,1,40,36,4,2,35,0,7,9
52357045,0,,,224,102,122,11,7,4,213,95,118,110,55,55,207,92,115,206,91,115,103,40,63,61,18,43,34,8,26,1,1,0,7,0,7,93,92,28,29,18,14,1,2,0,62,46,16,1,61,3,17,16
52357046,0,,,221,105,116,27,12,15,194,93,101,99,49,50,191,90,101,188,90,98,95,44,51,51,21,30,22,7,15,1,0,1,0,0,0,86,86,18,35,15,8,5,4,1,68,54,14,6,61,0,14,22
52357047,0,,,30,16,14,1,1,0,29,15,14,17,9,8,28,14,14,28,14,14,12,6,6,2,1,1,0,0,0,0,0,0,0,0,0,11,11,1,3,5,2,0,0,0,10,10,0,0,7,0,1,1
52357048,0,,,1640,814,826,321,171,150,1307,637,670,981,486,495,1260,625,635,1236,613,623,326,151,175,168,77,91,47,19,28,1,1,0,18,3,15,686,685,206,218,122,98,30,7,4,475,449,26,118,219,44,60,85
52357049,0,,,4615,2514,2101,787,411,376,3715,2038,1677,2988,1766,1222,3536,1916,1620,3399,1812,1587,727,272,455,416,135,281,164,45,119,21,3,18,41,18,23,1840,1832,778,405,282,254,78,30,5,1032,963,69,248,469,166,173,116
52357050,0,,,20,9,11,0,0,0,20,9,11,11,5,6,20,9,11,20,9,11,9,4,5,6,2,4,4,2,2,0,0,0,0,0,0,10,10,4,3,2,1,0,0,0,6,6,0,0,7,0,3,1
52357051,0,,,22,12,10,1,1,0,21,11,10,6,4,2,21,11,10,21,11,10,15,7,8,9,4,5,3,1,2,0,0,0,0,0,0,12,12,4,6,2,0,0,0,0,8,8,0,0,10,0,3,4
52357052,2,52357042,,4,2,2,*,*,*,*,*,*,*,*,*,*,*,*,*,*,*,*,*,*,*,*,*,*,*,*,*,*,*,*,*,*,1,1,*,*,*,*,*,*,*,*,*,*,*,*,*,*,*
52357053,0,,,12,6,6,1,1,0,11,5,6,7,3,4,10,5,5,10,5,5,4,2,2,4,2,2,0,0,0,0,0,0,0,0,0,5,5,2,1,0,2,0,0,0,3,2,1,0,2,0,0,1
52357054,0,,,23,14,9,1,0,1,22,14,8,15,10,5,22,14,8,21,13,8,7,4,3,2,1,1,0,0,0,0,0,0,0,0,0,11,11,3,4,4,0,0,0,0,8,8,0,1,5,0,1,2
52357055,0,,,21,12,9,0,0,0,21,12,9,10,7,3,21,12,9,21,12,9,11,5,6,4,2,2,1,0,1,1,0,1,1,0,1,9,9,1,5,2,1,0,0,0,8,7,1,0,6,0,0,2
52357056,0,,,262,128,134,23,13,10,239,115,124,149,74,75,234,113,121,229,110,119,90,41,49,46,20,26,16,3,13,3,1,2,0,0,0,91,90,13,27,29,9,8,1,3,76,53,23,8,56,0,7,13
52357057,0,,,273,134,139,37,17,20,236,117,119,143,74,69,229,115,114,226,112,114,93,43,50,56,23,33,17,6,11,1,1,0,2,1,1,99,99,17,32,24,12,12,2,0,82,66,16,11,65,0,14,21
52357058,0,,,2406,1207,1199,366,178,188,1990,991,999,1393,744,649,1919,958,961,1887,938,949,597,247,350,320,125,195,106,37,69,9,3,6,56,43,13,1146,1146,492,308,149,145,41,11,0,647,584,63,113,420,70,143,131
52357059,0,,,3413,1716,1697,467,238,229,2787,1386,1401,1898,997,901,2713,1352,1361,2676,1332,1344,889,389,500,480,183,297,178,58,120,8,2,6,39,18,21,1698,1697,787,446,223,181,42,16,2,891,803,88,128,624,92,232,184
52357060,0,,,16,8,8,0,0,0,16,8,8,7,4,3,16,8,8,16,8,8,9,4,5,5,3,2,2,1,1,0,0,0,0,0,0,6,6,1,1,3,1,0,0,0,5,3,2,0,6,0,1,1
52357065,0,,,175,93,82,15,9,6,160,84,76,88,49,39,157,83,74,155,83,72,72,35,37,38,17,21,11,6,5,0,0,0,0,0,0,78,78,20,34,13,7,4,0,0,58,51,7,3,51,0,12,15
52357066,0,,,198,75,123,11,5,6,187,70,117,50,28,22,182,67,115,181,67,114,137,42,95,111,30,81,74,18,56,11,0,11,0,0,0,52,47,9,21,5,9,2,1,0,38,31,7,2,36,0,8,14
52357067,0,,,462,228,234,55,30,25,406,197,209,218,112,106,396,191,205,390,187,203,188,85,103,97,40,57,44,18,26,1,1,0,1,0,1,189,189,48,74,25,23,16,2,1,140,115,25,13,123,3,34,44
52357068,0,,,2149,1084,1065,311,155,156,1782,889,893,1233,652,581,1709,848,861,1681,831,850,549,237,312,299,113,186,105,34,71,22,6,16,25,10,15,1011,1008,448,266,142,111,30,7,4,551,517,34,92,332,62,123,103
52357069,0,,,4645,2310,2335,676,351,325,3849,1885,1964,2730,1406,1324,3695,1796,1899,3609,1749,1860,1119,479,640,580,219,361,208,67,141,28,8,20,61,26,35,2194,2192,951,579,331,232,66,22,11,1219,1123,96,196,745,138,271,228
52357070,0,,,85,43,42,4,2,2,81,41,40,31,20,11,80,40,40,80,40,40,50,21,29,27,8,19,16,5,11,2,1,1,0,0,0,44,44,19,15,7,2,0,0,1,25,20,5,2,36,0,14,9
52357074,0,,,15,8,7,0,0,0,15,8,7,9,5,4,15,8,7,14,7,7,6,3,3,2,2,0,0,0,0,0,0,0,0,0,0,7,7,1,4,2,0,0,0,0,6,6,0,0,3,0,0,2
52357076,0,,,22,12,10,1,1,0,21,11,10,11,7,4,20,10,10,19,9,10,10,4,6,7,3,4,2,0,2,0,0,0,0,0,0,8,8,2,2,2,0,2,0,0,6,3,3,0,7,0,2,1
52357077,0,,,129,55,74,18,9,9,111,46,65,65,28,37,106,45,61,105,44,61,46,18,28,25,6,19,12,2,10,1,0,1,1,0,1,50,50,13,16,10,5,4,1,1,37,32,5,6,33,0,10,9
52357078,0,,,980,491,489,126,69,57,813,395,418,610,307,303,773,378,395,757,374,383,203,88,115,106,44,62,35,11,24,3,0,3,14,4,10,476,476,209,126,69,51,18,3,0,263,231,32,43,133,40,36,40
52357079,0,,,644,344,300,101,53,48,506,270,236,434,234,200,494,264,230,481,260,221,72,36,36,30,13,17,9,4,5,1,0,1,16,9,7,350,350,185,80,47,34,2,2,0,158,155,3,47,47,54,14,17
52357080,0,,,187,85,102,18,8,10,169,77,92,78,39,39,166,77,89,161,75,86,91,38,53,49,17,32,21,5,16,4,1,3,0,0,0,85,85,26,35,13,6,3,1,1,59,52,7,2,63,0,22,21
52357081,0,,,48,26,22,5,2,3,43,24,19,22,15,7,43,24,19,43,24,19,21,9,12,14,5,9,5,1,4,1,0,1,0,0,0,23,23,9,7,4,2,1,0,0,14,12,2,1,16,0,6,3
52357082,0,,,56,28,28,2,2,0,54,26,28,25,12,13,54,26,28,54,26,28,29,14,15,10,5,5,3,1,2,0,0,0,0,0,0,24,24,4,13,2,5,0,0,0,20,19,1,1,16,0,2,9
52357083,0,,,152,71,81,5,2,3,147,69,78,54,25,29,146,69,77,146,69,77,93,44,49,42,21,21,11,3,8,1,0,1,0,0,0,74,74,22,34,12,4,2,0,0,52,44,8,2,59,0,19,23
52357084,0,,,84,43,41,11,5,6,72,38,34,38,24,14,72,38,34,72,38,34,34,14,20,17,6,11,2,0,2,1,0,1,0,0,0,37,37,13,10,8,4,1,1,0,24,22,2,2,23,0,9,4
52357087,0,,,522,266,256,50,28,22,467,235,232,315,158,157,446,224,222,441,221,220,152,77,75,60,31,29,15,6,9,1,0,1,3,0,3,232,232,61,100,35,25,10,1,0,171,159,12,7,98,8,14,53
52357088,0,,,1746,843,903,262,122,140,1482,719,763,964,467,497,1420,686,734,1394,673,721,518,252,266,202,89,113,50,20,30,3,2,1,8,3,5,663,663,115,265,124,95,42,17,5,543,487,56,54,340,3,71,143
52357089,0,,,166,91,75,7,5,2,159,86,73,76,51,25,152,81,71,152,81,71,83,35,48,43,15,28,21,6,15,1,0,1,12,12,0,78,78,26,28,14,9,0,1,0,52,39,13,2,54,11,11,17
52357090,0,,,70,32,38,5,1,4,65,31,34,22,12,10,64,30,34,63,29,34,43,19,24,25,11,14,10,4,6,2,0,2,0,0,0,30,30,7,13,5,4,0,1,0,23,16,7,2,26,0,6,7
52357092,2,52357093,,6,2,4,*,*,*,*,*,*,*,*,*,*,*,*,*,*,*,*,*,*,*,*,*,*,*,*,*,*,*,*,*,*,5,5,*,*,*,*,*,*,*,*,*,*,*,*,*,*,*
52357093,1,,52357092,533,223,310,28,17,11,511,208,303,201,95,106,502,204,298,494,201,293,310,113,197,224,72,152,138,32,106,22,2,20,4,0,4,171,169,41,73,33,20,4,2,1,132,115,17,7,111,0,26,52
52357094,0,,,67,30,37,2,2,0,65,28,37,28,16,12,64,27,37,64,27,37,37,12,25,22,5,17,12,2,10,0,0,0,0,0,0,31,31,8,16,3,2,2,0,0,23,16,7,1,27,0,8,5
52357095,0,,,242,126,116,18,10,8,224,116,108,116,64,52,220,113,107,216,110,106,108,52,56,47,23,24,16,4,12,0,0,0,11,4,7,94,94,17,37,17,17,4,2,0,77,60,17,7,61,2,11,23
52357096,0,,,134,65,69,14,6,8,118,58,60,78,38,40,117,58,59,115,57,58,40,20,20,18,8,10,5,2,3,0,0,0,2,0,2,56,56,16,15,14,9,2,0,0,40,34,6,4,28,1,10,6
52357097,0,,,126,47,79,1,1,0,125,46,79,12,7,5,124,45,79,123,44,79,113,39,74,102,32,70,70,14,56,9,0,9,0,0,0,8,5,0,2,2,0,1,0,0,5,3,2,0,5,0,0,2
52357098,0,,,76,39,37,3,2,1,72,36,36,37,19,18,69,34,35,69,34,35,35,17,18,21,7,14,10,1,9,1,0,1,0,0,0,33,33,14,8,6,2,0,2,1,19,14,5,2,24,0,8,5
52357099,0,,,82,48,34,0,0,0,82,48,34,36,25,11,81,47,34,81,47,34,46,23,23,24,13,11,13,7,6,0,0,0,1,0,1,42,42,13,20,7,2,0,0,0,28,25,3,0,33,0,10,7
52357100,2,52357101,,7,3,4,*,*,*,*,*,*,*,*,*,*,*,*,*,*,*,*,*,*,*,*,*,*,*,*,*,*,*,*,*,*,3,3,*,*,*,*,*,*,*,*,*,*,*,*,*,*,*
52357101,1,,52357100,213,102,111,32,12,20,188,93,95,124,64,60,180,88,92,177,85,92,64,29,35,41,17,24,17,7,10,2,1,1,2,2,0,80,80,21,20,19,13,10,0,0,62,47,15,12,41,1,13,9
52357102,0,,,77,41,36,6,5,1,71,36,35,40,23,17,69,34,35,66,31,35,31,13,18,15,6,9,3,1,2,1,0,1,0,0,0,26,26,4,10,4,3,2,2,1,22,16,6,1,19,0,2,6
52357103,0,,,185,71,114,10,7,3,175,64,111,65,32,33,171,62,109,170,62,108,110,32,78,79,17,62,49,6,43,9,1,8,2,0,2,62,59,10,32,7,9,1,0,0,49,44,5,1,41,0,8,17
52357104,0,,,239,111,128,16,5,11,223,106,117,112,59,53,217,102,115,216,101,115,111,47,64,48,19,29,18,5,13,6,1,5,0,0,0,101,101,24,40,18,16,1,2,0,76,61,15,3,73,0,19,22
52357105,2,52357115,,5,1,4,*,*,*,*,*,*,*,*,*,*,*,*,*,*,*,*,*,*,*,*,*,*,*,*,*,*,*,*,*,*,3,3,*,*,*,*,*,*,*,*,*,*,*,*,*,*,*
52357106,0,,,274,131,143,28,18,10,246,113,133,130,63,67,237,108,129,232,105,127,116,50,66,57,21,36,18,5,13,4,0,4,2,0,2,106,106,29,33,20,9,8,6,1,77,56,21,10,78,0,23,19
52357107,1,,52357116,12,6,6,0,0,0,13,6,7,9,4,5,11,6,5,11,6,5,4,2,2,4,2,2,1,0,1,0,0,0,0,0,0,4,4,1,1,2,1,0,0,0,4,3,1,0,3,0,1,1
52357114,0,,,211,103,108,17,9,8,194,94,100,89,47,42,189,92,97,188,91,97,105,47,58,54,22,32,16,7,9,0,0,0,0,0,0,94,94,30,34,15,10,2,3,0,64,53,11,1,72,1,26,22
52357115,1,,52357105,148,74,74,12,5,7,141,70,71,73,38,35,140,70,70,137,67,70,68,32,36,41,17,24,13,4,9,0,0,0,0,0,0,59,59,15,21,16,3,6,1,0,47,36,11,3,47,1,11,14
52357116,2,52357107,,1,0,1,*,*,*,*,*,*,*,*,*,*,*,*,*,*,*,*,*,*,*,*,*,*,*,*,*,*,*,*,*,*,1,1,*,*,*,*,*,*,*,*,*,*,*,*,*,*,*
52357117,0,,,14,8,6,1,1,0,13,7,6,6,4,2,13,7,6,13,7,6,7,3,4,5,3,2,2,1,1,1,1,0,0,0,0,5,5,1,1,1,2,0,0,0,4,1,3,0,3,0,0,0
52357119,0,,,6,0,6,0,0,0,6,0,6,6,0,6,6,0,6,6,0,6,0,0,0,0,0,0,0,0,0,0,0,0,6,0,6,6,6,6,0,0,0,0,0,0,0,0,0,0,0,4,0,0
52357120,1,,52357121,31,15,16,0,0,0,39,19,20,26,14,12,39,19,20,38,18,20,13,5,8,8,2,6,2,0,2,0,0,0,0,0,0,12,12,3,4,5,2,1,0,0,12,9,3,0,9,0,1,3
52357121,2,52357120,,8,4,4,*,*,*,*,*,*,*,*,*,*,*,*,*,*,*,*,*,*,*,*,*,*,*,*,*,*,*,*,*,*,3,3,*,*,*,*,*,*,*,*,*,*,*,*,*,*,*
52357122,0,,,265,127,138,25,8,17,240,119,121,146,78,68,233,113,120,230,112,118,94,41,53,41,15,26,12,4,8,2,0,2,0,0,0,108,108,24,45,19,11,5,3,1,84,70,14,7,63,0,15,23
52357123,0,,,1362,701,661,271,134,137,1076,556,520,814,438,376,1018,529,489,1003,521,482,262,118,144,129,53,76,37,8,29,4,2,2,18,9,9,512,508,148,153,80,79,31,9,8,355,318,37,75,170,29,40,60
52357124,0,,,548,278,270,61,34,27,474,237,237,312,164,148,457,227,230,455,226,229,162,73,89,79,32,47,27,11,16,1,0,1,15,4,11,262,262,107,79,42,20,9,3,2,153,132,21,22,116,16,38,32
52357127,0,,,9,4,5,0,0,0,9,4,5,3,1,2,9,4,5,9,4,5,6,3,3,4,1,3,1,0,1,0,0,0,0,0,0,5,5,2,2,1,0,0,0,0,3,2,1,0,5,0,2,2
52357129,2,52357139,,1,0,1,*,*,*,*,*,*,*,*,*,*,*,*,*,*,*,*,*,*,*,*,*,*,*,*,*,*,*,*,*,*,1,1,*,*,*,*,*,*,*,*,*,*,*,*,*,*,*
52357130,0,,,367,165,202,12,5,7,355,160,195,159,76,83,349,157,192,345,155,190,196,84,112,94,35,59,22,7,15,0,0,0,7,2,5,184,172,86,60,13,9,2,2,0,82,75,7,2,129,0,65,32
52357131,0,,,163,84,79,20,8,12,143,76,67,79,44,35,142,75,67,141,74,67,64,32,32,34,17,17,11,7,4,1,1,0,0,0,0,70,69,19,28,11,7,4,0,0,49,44,5,7,39,0,10,16
52357132,0,,,128,82,46,4,3,1,124,79,45,94,61,33,123,78,45,123,78,45,30,18,12,13,7,6,1,0,1,0,0,0,2,0,2,26,25,12,8,2,3,0,0,0,13,13,0,1,10,0,3,7
52357133,0,,,1542,757,785,262,116,146,1244,618,626,965,492,473,1181,581,600,1156,570,586,279,126,153,112,45,67,24,9,15,3,2,1,23,8,15,633,633,195,177,107,113,31,7,3,427,388,39,69,197,22,54,60
52357134,0,,,177,86,91,28,12,16,149,74,75,126,62,64,143,71,72,140,69,71,23,12,11,9,5,4,2,1,1,0,0,0,3,1,2,65,65,9,26,12,12,5,0,1,56,53,3,6,16,0,5,6
52357135,0,,,974,504,470,144,87,57,821,410,411,727,370,357,771,387,384,741,374,367,94,40,54,23,10,13,6,1,5,0,0,0,4,1,3,392,392,96,133,76,59,21,6,1,291,274,17,44,62,14,17,21
52357138,2,52357139,,3,1,2,*,*,*,*,*,*,*,*,*,*,*,*,*,*,*,*,*,*,*,*,*,*,*,*,*,*,*,*,*,*,2,2,*,*,*,*,*,*,*,*,*,*,*,*,*,*,*
52357139,1,,52357129;52357138,94,44,50,6,4,2,92,41,51,45,23,22,89,39,50,86,38,48,47,18,29,31,11,20,11,3,8,2,0,2,0,0,0,39,39,12,14,10,4,1,0,1,30,22,8,2,31,0,10,7
52357140,0,,,4173,2300,1873,544,291,253,3509,1935,1574,2678,1579,1099,3183,1729,1454,2986,1603,1383,831,356,475,448,179,269,158,59,99,11,3,8,41,13,28,1871,1862,912,423,236,192,71,25,3,931,849,82,139,582,218,205,191
52357141,0,,,2897,1499,1398,414,207,207,2308,1179,1129,1837,974,863,2212,1133,1079,2168,1109,1059,471,205,266,194,81,113,56,15,41,2,0,2,53,22,31,1457,1457,708,329,223,142,39,14,2,721,679,42,134,332,132,112,101
52357142,0,,,321,158,163,62,26,36,254,128,126,185,96,89,239,120,119,235,117,118,69,32,37,26,11,15,11,5,6,1,0,1,2,0,2,123,123,31,32,23,31,4,1,1,91,84,7,14,45,4,5,20
52357143,0,,,1568,821,747,370,190,180,1157,593,564,1051,542,509,1065,548,517,1019,523,496,106,51,55,32,14,18,9,3,6,0,0,0,9,6,3,576,576,157,104,121,141,43,9,1,415,398,17,86,73,16,19,25
52357144,0,,,136,80,56,15,10,5,112,64,48,92,54,38,111,64,47,109,62,47,20,10,10,6,2,4,0,0,0,0,0,0,3,3,0,73,73,35,22,9,5,2,0,0,34,33,1,4,14,9,2,5
52357148,2,52357149,,1,0,1,*,*,*,*,*,*,*,*,*,*,*,*,*,*,*,*,*,*,*,*,*,*,*,*,*,*,*,*,*,*,1,1,*,*,*,*,*,*,*,*,*,*,*,*,*,*,*
52357149,1,,52357148,421,176,245,40,20,20,382,156,226,152,83,69,372,149,223,371,149,222,230,73,157,167,44,123,102,17,85,26,5,21,5,2,3,126,123,26,46,23,23,3,1,2,98,84,14,13,78,0,18,27
52357150,0,,,3219,1630,1589,380,194,186,2664,1327,1337,1819,969,850,2606,1295,1311,2529,1258,1271,845,358,487,468,176,292,158,54,104,12,3,9,73,32,41,1760,1759,955,414,205,127,43,9,6,782,702,80,125,604,186,256,160
52357151,0,,,1821,893,928,251,121,130,1506,737,769,999,530,469,1460,709,751,1437,697,740,507,207,300,296,100,196,120,28,92,22,1,21,25,12,13,798,796,329,210,113,92,37,13,2,459,401,58,78,296,34,104,79
52357152,1,,52357162,3976,1902,2074,603,319,284,3303,1533,1770,2291,1098,1193,3165,1464,1701,3101,1431,1670,1012,435,577,496,201,295,150,48,102,13,2,11,98,30,68,1864,1864,728,556,302,197,67,13,5,1118,1031,87,173,707,95,242,215
52357153,0,,,3298,1676,1622,509,234,275,2706,1374,1332,1971,1028,943,2606,1317,1289,2561,1295,1266,735,346,389,318,141,177,89,34,55,7,1,6,13,6,7,1375,1361,415,405,265,190,71,11,4,937,869,68,146,473,72,115,183
52357154,0,,,1135,545,590,189,88,101,945,456,489,629,313,316,910,437,473,895,428,467,316,143,173,137,62,75,34,11,23,1,1,0,10,1,9,456,455,115,137,108,64,25,5,1,339,310,29,69,196,21,44,75
52357155,2,52357165,,5,2,3,*,*,*,*,*,*,*,*,*,*,*,*,*,*,*,*,*,*,*,*,*,*,*,*,*,*,*,*,*,*,3,3,*,*,*,*,*,*,*,*,*,*,*,*,*,*,*
52357156,0,,,85,38,47,5,3,2,80,35,45,34,16,18,79,35,44,79,35,44,46,19,27,29,10,19,8,2,6,0,0,0,0,0,0,32,32,6,13,3,7,2,1,0,26,16,10,1,27,0,4,9
52357158,0,,,1014,502,512,158,79,79,844,413,431,611,300,311,801,392,409,786,383,403,233,113,120,111,55,56,36,15,21,1,1,0,7,5,2,422,422,120,136,78,58,25,4,1,299,277,22,40,147,14,32,55
52357159,0,,,929,452,477,45,22,23,875,424,451,439,231,208,849,409,440,828,399,429,436,193,243,215,89,126,70,22,48,9,2,7,13,6,7,446,445,152,175,68,37,11,0,2,289,262,27,6,284,10,88,108
52357160,0,,,1183,561,622,123,65,58,1055,492,563,618,306,312,1029,477,552,1013,469,544,437,186,251,247,95,152,81,27,54,8,2,6,6,2,4,539,539,186,185,86,51,22,8,1,348,308,40,27,295,24,93,91
52357161,0,,,185,74,111,18,8,10,167,66,101,84,43,41,159,63,96,158,62,96,83,23,60,66,17,49,45,8,37,8,1,7,3,1,2,56,55,17,14,14,6,1,1,2,38,34,4,3,20,6,3,6
52357162,2,52357152,,11,7,4,*,*,*,*,*,*,*,*,*,*,*,*,*,*,*,*,*,*,*,*,*,*,*,*,*,*,*,*,*,*,4,4,*,*,*,*,*,*,*,*,*,*,*,*,*,*,*
52357163,0,,,776,374,402,175,93,82,584,271,313,426,214,212,555,257,298,549,254,295,158,57,101,91,25,66,45,10,35,4,1,3,11,7,4,291,286,82,70,58,49,19,6,2,200,185,15,46,78,13,15,33
52357164,0,,,1261,616,645,228,114,114,1000,479,521,746,369,377,970,464,506,956,459,497,254,110,144,131,53,78,54,16,38,2,1,1,19,3,16,566,566,220,148,95,69,24,7,3,333,297,36,71,160,50,41,55
52357165,1,,52357155,620,308,312,70,36,34,550,269,281,337,167,170,528,258,270,518,252,266,213,102,111,101,41,60,32,11,21,0,0,0,10,0,10,263,263,76,101,43,25,13,4,4,188,160,28,15,132,17,25,48
52357166,0,,,537,263,274,59,32,27,478,231,247,260,142,118,461,218,243,457,216,241,218,89,129,119,51,68,51,16,35,7,1,6,7,3,4,204,203,51,62,39,26,19,4,2,152,115,37,12,139,3,40,37
52357167,0,,,1271,542,729,136,73,63,1121,460,661,519,272,247,1099,448,651,1076,439,637,602,188,414,428,112,316,282,49,233,57,6,51,16,3,13,412,407,121,143,57,47,29,8,2,282,251,31,31,195,22,38,80
52357168,0,,,1745,851,894,258,122,136,1463,713,750,979,504,475,1403,683,720,1371,664,707,484,209,275,267,111,156,77,27,50,9,2,7,24,5,19,731,730,237,230,123,90,29,20,1,487,436,51,79,299,33,72,101
52357169,0,,,1544,774,770,152,89,63,1341,655,686,857,448,409,1314,638,676,1296,630,666,484,207,277,266,109,157,98,37,61,12,2,10,73,25,48,832,831,413,239,99,55,17,6,2,411,379,32,53,330,106,107,104
52357170,0,,,521,247,274,54,32,22,461,210,251,249,122,127,445,206,239,437,203,234,212,88,124,111,47,64,27,10,17,2,0,2,5,3,2,236,236,81,77,40,28,6,4,0,154,127,27,14,146,3,48,41
52357171,2,52357172,,147,51,96,*,*,*,*,*,*,*,*,*,*,*,*,*,*,*,*,*,*,*,*,*,*,*,*,*,*,*,*,*,*,6,3,*,*,*,*,*,*,*,*,*,*,*,*,*,*,*
52357172,1,,52357171;52357181,230,112,118,15,9,6,368,156,212,114,54,60,359,154,205,357,153,204,254,102,152,177,56,121,85,19,66,13,2,11,2,0,2,103,103,33,46,22,6,1,0,3,78,66,12,3,81,0,23,28
52357173,0,,,90,42,48,9,4,5,81,38,43,33,16,17,78,37,41,78,37,41,48,22,26,26,12,14,7,3,4,1,1,0,0,0,0,41,41,8,24,2,7,0,0,0,33,31,2,4,31,0,7,16
52357174,0,,,70,35,35,4,2,2,66,33,33,30,14,16,64,32,32,63,31,32,36,19,17,23,12,11,8,5,3,2,0,2,0,0,0,30,30,10,11,3,3,2,0,1,19,15,4,0,23,0,9,7
52357175,0,,,205,105,100,17,13,4,188,92,96,89,45,44,182,86,96,180,85,95,99,47,52,56,24,32,18,5,13,1,0,1,2,0,2,80,80,17,28,17,12,4,1,1,63,45,18,4,66,0,16,14
52357176,0,,,143,67,76,17,7,10,126,60,66,63,34,29,123,59,64,118,56,62,63,26,37,33,15,18,17,6,11,1,0,1,0,0,0,58,58,18,17,12,6,2,1,2,40,32,8,3,42,0,14,12
52357177,0,,,543,273,270,45,21,24,498,252,246,284,154,130,482,244,238,470,236,234,214,98,116,105,45,60,36,13,23,3,0,3,4,2,2,217,217,51,89,29,24,15,8,1,164,133,31,11,141,3,32,47
52357178,0,,,551,253,298,62,31,31,489,222,267,244,121,123,478,216,262,468,212,256,245,101,144,148,58,90,53,16,37,7,2,5,0,0,0,212,211,45,82,39,30,8,5,2,166,134,32,20,143,0,28,47
52357179,0,,,251,124,127,26,15,11,225,109,116,104,55,49,222,107,115,220,105,115,121,54,67,74,32,42,17,5,12,1,0,1,4,4,0,116,116,43,38,17,14,2,0,2,72,60,12,7,82,3,29,28
52357181,2,52357172,,7,3,4,*,*,*,*,*,*,*,*,*,*,*,*,*,*,*,*,*,*,*,*,*,*,*,*,*,*,*,*,*,*,5,5,*,*,*,*,*,*,*,*,*,*,*,*,*,*,*
52357184,0,,,167,79,88,11,7,4,156,72,84,77,37,40,151,69,82,150,68,82,79,35,44,38,14,24,14,5,9,0,0,0,0,0,0,63,63,10,27,13,6,3,3,1,53,38,15,2,51,0,9,17
52357185,0,,,18,7,11,0,0,0,18,7,11,7,3,4,16,6,10,16,6,10,11,4,7,3,1,2,2,0,2,0,0,0,0,0,0,8,8,5,1,0,0,1,1,0,3,1,2,0,8,0,5,1
52357186,0,,,88,45,43,15,7,8,73,38,35,50,25,25,67,36,31,66,36,30,23,13,10,16,10,6,5,3,2,1,0,1,0,0,0,30,30,7,6,6,7,3,0,1,23,16,7,3,15,0,5,3
52357187,0,,,340,162,178,49,20,29,291,142,149,167,90,77,278,134,144,275,131,144,124,52,72,84,31,53,29,11,18,5,1,4,1,0,1,115,114,21,37,22,21,6,3,4,92,73,19,12,72,0,15,22
52357188,0,,,38,20,18,6,4,2,32,16,16,18,9,9,32,16,16,32,16,16,14,7,7,9,5,4,1,0,1,0,0,0,0,0,0,17,17,5,7,3,0,2,0,0,12,11,1,1,9,2,1,5
52357189,2,52357198,,5,2,3,*,*,*,*,*,*,*,*,*,*,*,*,*,*,*,*,*,*,*,*,*,*,*,*,*,*,*,*,*,*,2,2,*,*,*,*,*,*,*,*,*,*,*,*,*,*,*
52357192,0,,,48,19,29,5,2,3,43,17,26,19,10,9,41,17,24,41,17,24,24,7,17,17,7,10,5,1,4,0,0,0,0,0,0,24,24,10,10,1,1,1,1,0,14,11,3,0,19,0,8,5
52357193,0,,,64,30,34,5,2,3,59,28,31,26,13,13,58,27,31,56,25,31,33,15,18,17,6,11,6,1,5,1,0,1,0,0,0,27,27,6,12,5,1,3,0,0,21,17,4,1,22,0,5,6
52357194,0,,,198,90,108,17,7,10,181,83,98,85,44,41,179,82,97,177,81,96,96,39,57,52,18,34,18,6,12,2,0,2,0,0,0,83,83,19,35,19,3,2,5,0,63,49,14,2,63,0,15,19
52357195,0,,,38,20,18,1,0,1,37,20,17,20,12,8,37,20,17,36,19,17,17,8,9,8,3,5,7,3,4,1,0,1,2,0,2,16,16,3,7,4,1,1,0,0,13,11,2,1,11,0,1,3
52357196,0,,,167,86,81,13,7,6,153,78,75,70,38,32,153,78,75,151,76,75,83,40,43,39,19,20,14,5,9,1,0,1,2,1,1,68,68,16,23,14,12,3,0,0,52,42,10,4,52,0,12,16
52357197,0,,,331,168,163,49,26,23,280,140,140,192,99,93,272,135,137,266,132,134,88,41,47,35,16,19,8,5,3,0,0,0,0,0,0,130,130,30,50,19,15,12,4,0,100,87,13,14,63,0,20,19
52357198,1,,52357189;52357199,128,75,53,15,9,6,121,68,53,86,50,36,119,67,52,99,52,47,35,18,17,21,9,12,9,5,4,0,0,0,1,0,1,38,37,10,9,11,8,0,1,1,30,26,4,6,23,2,5,5
52357199,2,52357198,,3,0,3,*,*,*,*,*,*,*,*,*,*,*,*,*,*,*,*,*,*,*,*,*,*,*,*,*,*,*,*,*,*,1,1,*,*,*,*,*,*,*,*,*,*,*,*,*,*,*
52357200,1,,52357201,17,11,6,2,1,1,19,11,8,13,7,6,19,11,8,18,10,8,6,4,2,4,3,1,0,0,0,0,0,0,0,0,0,5,5,0,4,0,2,1,0,0,7,7,0,1,4,0,0,2
52357201,2,52357200,,4,1,3,*,*,*,*,*,*,*,*,*,*,*,*,*,*,*,*,*,*,*,*,*,*,*,*,*,*,*,*,*,*,2,2,*,*,*,*,*,*,*,*,*,*,*,*,*,*,*
52357202,0,,,21,8,13,0,0,0,21,8,13,7,3,4,21,8,13,21,8,13,14,5,9,9,2,7,5,1,4,1,0,1,0,0,0,12,12,4,7,1,0,0,0,0,8,7,1,0,9,0,3,3
52357203,0,,,14,8,6,0,0,0,14,8,6,2,1,1,14,8,6,14,8,6,12,7,5,5,3,2,2,1,1,0,0,0,0,0,0,10,10,6,4,0,0,0,0,0,4,3,1,0,9,0,5,3
52357204,0,,,11,7,4,0,0,0,11,7,4,3,2,1,11,7,4,11,7,4,8,5,3,5,3,2,3,2,1,0,0,0,0,0,0,6,6,2,3,1,0,0,0,0,4,4,0,0,5,0,2,3
52357206,2,52357207,,5,2,3,*,*,*,*,*,*,*,*,*,*,*,*,*,*,*,*,*,*,*,*,*,*,*,*,*,*,*,*,*,*,2,2,*,*,*,*,*,*,*,*,*,*,*,*,*,*,*
52357207,1,,52357206;52357217,15,7,8,0,0,0,27,11,16,7,4,3,27,11,16,27,11,16,20,7,13,12,4,8,4,1,3,0,0,0,0,0,0,9,9,6,7,1,1,0,0,0,9,7,2,0,15,0,6,4
52357210,0,,,15,8,7,2,1,1,13,7,6,8,5,3,13,7,6,13,7,6,5,2,3,4,2,2,2,0,2,0,0,0,0,0,0,7,7,4,1,0,1,1,0,0,3,3,0,1,4,0,2,0
52357211,0,,,24,8,16,1,0,1,23,8,15,10,3,7,23,8,15,22,8,14,13,5,8,9,3,6,3,1,2,0,0,0,0,0,0,8,8,1,1,4,1,1,0,0,7,4,3,1,8,0,1,1
52357212,0,,,14,7,7,3,2,1,11,5,6,2,1,1,11,5,6,11,5,6,9,4,5,6,2,4,4,1,3,0,0,0,2,1,1,6,6,1,4,0,0,1,0,0,5,4,1,0,6,0,1,3
52357217,2,52357207,,7,2,5,*,*,*,*,*,*,*,*,*,*,*,*,*,*,*,*,*,*,*,*,*,*,*,*,*,*,*,*,*,*,4,4,*,*,*,*,*,*,*,*,*,*,*,*,*,*,*
52357219,2,52357229,,2,1,1,*,*,*,*,*,*,*,*,*,*,*,*,*,*,*,*,*,*,*,*,*,*,*,*,*,*,*,*,*,*,1,1,*,*,*,*,*,*,*,*,*,*,*,*,*,*,*
52357226,2,52357227,,4,1,3,*,*,*,*,*,*,*,*,*,*,*,*,*,*,*,*,*,*,*,*,*,*,*,*,*,*,*,*,*,*,2,2,*,*,*,*,*,*,*,*,*,*,*,*,*,*,*
52357227,1,,52357226;52357238,49,23,26,3,0,3,51,24,27,20,12,8,51,24,27,50,23,27,31,12,19,26,10,16,11,4,7,0,0,0,0,0,0,23,23,9,9,6,1,1,0,0,17,15,2,1,20,0,6,8
52357228,0,,,110,50,60,10,7,3,100,43,57,58,24,34,98,42,56,96,41,55,42,19,23,16,6,10,8,3,5,0,0,0,7,0,7,45,45,14,16,6,7,1,0,1,31,22,9,2,25,5,5,9
52357229,1,,52357219,70,37,33,7,5,2,65,33,32,28,17,11,64,33,31,63,32,31,37,16,21,17,7,10,9,3,6,1,0,1,0,0,0,28,28,7,12,4,2,3,1,0,22,17,5,3,21,0,4,10
52357230,0,,,53,25,28,2,1,1,51,24,27,24,11,13,50,24,26,49,24,25,27,13,14,16,8,8,5,3,2,0,0,0,0,0,0,19,19,3,8,1,5,1,1,0,16,11,5,1,16,0,2,6
52357232,2,52357233,,4,2,2,*,*,*,*,*,*,*,*,*,*,*,*,*,*,*,*,*,*,*,*,*,*,*,*,*,*,*,*,*,*,2,2,*,*,*,*,*,*,*,*,*,*,*,*,*,*,*
52357233,1,,52357232,42,21,21,0,0,0,46,23,23,24,14,10,45,22,23,45,22,23,22,9,13,11,4,7,4,1,3,0,0,0,0,0,0,18,18,6,6,5,2,1,0,0,14,12,2,0,14,0,3,4
52357236,0,,,67,37,30,2,0,2,65,37,28,39,23,16,60,32,28,58,30,28,26,14,12,13,8,5,5,1,4,2,0,2,0,0,0,23,23,3,8,6,2,2,2,0,20,12,8,0,15,0,3,3
52357237,0,,,61,28,33,10,3,7,51,25,26,25,14,11,50,25,25,50,25,25,26,11,15,14,5,9,6,1,5,1,0,1,0,0,0,22,22,5,9,1,3,2,1,1,17,13,4,3,18,0,5,3
52357238,2,52357227,,1,0,1,*,*,*,*,*,*,*,*,*,*,*,*,*,*,*,*,*,*,*,*,*,*,*,*,*,*,*,*,*,*,1,1,*,*,*,*,*,*,*,*,*,*,*,*,*,*,*
52357239,0,,,58,27,31,3,3,0,55,24,31,18,9,9,55,24,31,55,24,31,37,15,22,19,6,13,6,1,5,3,1,2,0,0,0,25,25,6,10,6,2,0,1,0,19,14,5,1,21,0,4,6
52357240,0,,,1126,529,597,116,60,56,1008,467,541,566,287,279,979,451,528,969,447,522,442,180,262,244,87,157,91,25,66,12,1,11,3,1,2,447,443,135,158,68,52,20,10,0,307,273,34,31,243,9,83,74
52357241,0,,,353,162,191,47,24,23,305,137,168,189,87,102,288,128,160,284,125,159,116,50,66,50,22,28,17,4,13,1,0,1,1,1,0,143,143,43,40,28,18,11,2,1,99,83,16,13,78,1,26,21
52357242,0,,,59,30,29,2,0,2,57,30,27,29,15,14,55,29,26,54,28,26,28,15,13,15,6,9,6,2,4,2,1,1,0,0,0,23,23,6,8,2,4,3,0,0,17,13,4,0,18,0,5,5
52357243,0,,,205,97,108,23,10,13,182,87,95,91,46,45,176,83,93,174,81,93,91,41,50,52,25,27,22,9,13,2,2,0,5,0,5,85,85,23,30,13,13,5,1,0,62,51,11,6,59,5,13,18
52357244,0,,,125,60,65,6,4,2,119,56,63,56,31,25,116,54,62,115,53,62,63,25,38,44,17,27,21,8,13,0,0,0,0,0,0,57,57,18,22,10,4,2,0,1,39,29,10,2,47,0,16,11
52357246,0,,,47,23,24,6,3,3,41,20,21,18,10,8,41,20,21,41,20,21,23,10,13,14,7,7,4,2,2,0,0,0,0,0,0,18,18,3,9,1,3,1,1,0,15,11,4,1,14,0,1,7
52357247,2,52357256,,9,3,6,*,*,*,*,*,*,*,*,*,*,*,*,*,*,*,*,*,*,*,*,*,*,*,*,*,*,*,*,*,*,3,3,*,*,*,*,*,*,*,*,*,*,*,*,*,*,*
52357250,0,,,2656,1240,1416,267,127,140,2358,1089,1269,1335,673,662,2299,1059,1240,2269,1045,1224,1023,416,607,564,218,346,205,69,136,14,4,10,62,30,32,1274,1272,497,415,190,110,50,6,4,771,675,96,78,699,53,233,215
52357251,0,,,935,468,467,114,65,49,807,394,413,484,233,251,789,386,403,778,378,400,323,161,162,141,60,81,48,20,28,3,1,2,1,0,1,408,408,123,142,78,43,15,5,2,281,246,35,35,211,5,49,82
52357252,0,,,47,23,24,5,3,2,42,20,22,23,9,14,39,18,21,39,18,21,19,11,8,8,5,3,4,3,1,0,0,0,0,0,0,16,16,1,8,2,2,2,1,0,15,10,5,3,12,0,1,4
52357253,2,52357254,,2,2,0,*,*,*,*,*,*,*,*,*,*,*,*,*,*,*,*,*,*,*,*,*,*,*,*,*,*,*,*,*,*,2,2,*,*,*,*,*,*,*,*,*,*,*,*,*,*,*
52357254,1,,52357253,132,65,67,11,6,5,122,60,62,63,36,27,119,58,61,117,57,60,59,24,35,33,10,23,12,2,10,1,0,1,0,0,0,54,54,13,20,14,7,1,1,0,43,36,7,1,39,0,11,13
52357255,0,,,379,185,194,33,23,10,345,161,184,147,71,76,333,154,179,331,154,177,198,90,108,106,49,57,39,16,23,2,1,1,2,0,2,162,162,44,60,35,14,5,2,2,117,94,23,5,126,0,36,39
52357256,1,,52357247;52357266,59,30,29,3,1,2,72,36,36,26,11,15,70,34,36,69,33,36,46,25,21,23,11,12,13,6,7,1,0,1,1,1,0,24,24,4,15,5,4,2,0,0,26,19,7,0,26,0,3,11
52357257,1,,52357267,10,4,6,0,0,0,17,5,12,4,2,2,17,5,12,17,5,12,13,3,10,11,2,9,9,2,7,0,0,0,1,1,0,6,6,8,3,1,0,0,0,0,4,4,0,0,11,0,7,1
52357260,0,,,3360,1610,1750,505,246,259,2794,1330,1464,1966,974,992,2698,1286,1412,2659,1265,1394,828,356,472,428,171,257,125,48,77,8,4,4,40,17,23,1578,1576,611,485,249,163,53,10,5,957,880,77,159,561,107,180,186
52357261,0,,,797,395,402,99,50,49,685,336,349,445,215,230,665,324,341,659,323,336,240,121,119,99,48,51,29,14,15,1,1,0,11,8,3,371,371,135,128,55,34,14,1,4,233,212,21,29,162,22,45,66
52357262,0,,,13,7,6,0,0,0,13,7,6,10,6,4,11,5,6,11,5,6,3,1,2,3,1,2,2,0,2,1,0,1,0,0,0,4,4,0,2,0,1,1,0,0,4,3,1,0,2,0,0,1
52357265,0,,,79,43,36,3,2,1,76,41,35,30,19,11,76,41,35,75,41,34,46,22,24,29,13,16,9,4,5,1,1,0,0,0,0,39,39,16,14,4,3,1,1,0,23,16,7,1,32,0,15,8
52357266,2,52357256,,7,4,3,*,*,*,*,*,*,*,*,*,*,*,*,*,*,*,*,*,*,*,*,*,*,*,*,*,*,*,*,*,*,3,3,*,*,*,*,*,*,*,*,*,*,*,*,*,*,*
52357267,2,52357257,,7,1,6,*,*,*,*,*,*,*,*,*,*,*,*,*,*,*,*,*,*,*,*,*,*,*,*,*,*,*,*,*,*,6,6,*,*,*,*,*,*,*,*,*,*,*,*,*,*,*
52357270,0,,,392,170,222,41,17,24,350,153,197,186,85,101,343,148,195,337,144,193,164,68,96,94,41,53,37,12,25,2,1,1,0,0,0,170,170,53,62,24,18,8,4,1,116,95,21,9,105,17,26,37
52357271,0,,,68,30,38,6,4,2,62,26,36,31,14,17,60,26,34,60,26,34,31,12,19,18,7,11,9,3,6,1,0,1,0,0,0,28,28,6,13,4,3,0,2,0,22,15,7,0,20,0,5,6
52357272,0,,,450,228,222,35,19,16,362,182,180,243,126,117,351,177,174,345,176,169,119,56,63,63,31,32,22,11,11,3,0,3,28,3,25,264,264,164,51,22,19,7,0,1,99,89,10,10,75,48,21,27
52357273,2,52357283,,8,4,4,*,*,*,*,*,*,*,*,*,*,*,*,*,*,*,*,*,*,*,*,*,*,*,*,*,*,*,*,*,*,2,2,*,*,*,*,*,*,*,*,*,*,*,*,*,*,*
52357274,0,,,19,8,11,2,1,1,17,7,10,7,4,3,17,7,10,16,6,10,10,3,7,7,2,5,0,0,0,0,0,0,0,0,0,8,8,3,1,2,2,0,0,0,5,4,1,0,7,0,3,1
52357275,1,,52357276,35,18,17,0,0,0,37,19,18,17,12,5,37,19,18,37,19,18,20,7,13,14,5,9,9,4,5,0,0,0,0,0,0,16,16,7,3,4,3,0,0,0,10,6,4,0,14,0,6,1
52357276,2,52357275,,2,1,1,*,*,*,*,*,*,*,*,*,*,*,*,*,*,*,*,*,*,*,*,*,*,*,*,*,*,*,*,*,*,1,1,*,*,*,*,*,*,*,*,*,*,*,*,*,*,*
52357280,0,,,175,78,97,18,9,9,156,68,88,90,41,49,151,66,85,150,66,84,66,27,39,41,14,27,12,3,9,2,0,2,2,2,0,67,67,20,21,7,10,4,3,2,47,30,17,5,44,2,10,13
52357281,0,,,244,120,124,23,11,12,221,109,112,107,57,50,214,105,109,212,105,107,114,52,62,67,31,36,24,11,13,3,1,2,1,0,1,100,100,26,39,13,13,5,4,0,74,57,17,5,76,0,23,22
52357282,0,,,1190,593,597,243,125,118,938,463,475,847,422,425,845,405,440,806,390,416,91,41,50,40,19,21,10,3,7,2,0,2,19,10,9,416,416,76,105,88,105,35,5,2,338,321,17,38,55,23,9,22
52357283,1,,52357273,386,189,197,88,47,41,306,146,160,244,120,124,294,138,156,289,136,153,62,26,36,28,12,16,7,0,7,0,0,0,3,1,2,153,153,41,45,30,27,9,1,2,114,108,6,27,45,2,16,13
52357285,1,,52357286,17,8,9,1,1,0,18,8,10,8,4,4,17,8,9,17,8,9,10,4,6,7,2,5,0,0,0,0,0,0,0,0,0,8,8,3,4,0,2,0,0,0,6,5,1,0,7,0,3,2
52357286,2,52357285,,2,1,1,*,*,*,*,*,*,*,*,*,*,*,*,*,*,*,*,*,*,*,*,*,*,*,*,*,*,*,*,*,*,1,1,*,*,*,*,*,*,*,*,*,*,*,*,*,*,*
52357288,0,,,20,10,10,0,0,0,20,10,10,7,3,4,20,10,10,20,10,10,13,7,6,8,3,5,2,1,1,0,0,0,0,0,0,9,9,3,3,1,2,0,0,0,6,3,3,0,7,0,1,1
52357290,0,,,23,12,11,1,1,0,22,11,11,13,6,7,22,11,11,22,11,11,9,5,4,7,4,3,0,0,0,0,0,0,1,0,1,10,10,2,5,2,0,1,0,0,8,7,1,1,6,0,1,1
52357291,0,,,15,6,9,2,0,2,13,6,7,5,3,2,12,5,7,12,5,7,8,3,5,3,1,2,2,0,2,0,0,0,0,0,0,5,5,1,1,1,1,1,0,0,3,1,2,0,4,0,1,0
52357292,0,,,90,44,46,14,4,10,76,40,36,39,22,17,74,39,35,74,39,35,37,18,19,20,9,11,5,2,3,0,0,0,0,0,0,28,28,4,11,4,2,1,4,2,24,15,9,6,21,0,1,9
52357293,0,,,162,80,82,15,5,10,147,75,72,57,34,23,146,75,71,144,74,70,90,41,49,54,23,31,26,7,19,3,1,2,0,0,0,70,68,21,29,10,3,3,2,0,47,42,5,2,50,2,15,19
52357294,0,,,26,13,13,3,1,2,23,12,11,9,4,5,23,12,11,23,12,11,14,8,6,4,2,2,2,1,1,0,0,0,0,0,0,11,11,2,8,0,0,0,0,1,9,8,1,0,9,0,1,5
52357296,0,,,89,42,47,10,4,6,79,38,41,39,16,23,76,37,39,75,37,38,40,22,18,22,10,12,7,4,3,2,2,0,0,0,0,38,38,13,14,4,4,1,1,1,25,17,8,3,28,0,11,7
52357297,0,,,121,64,57,27,16,11,94,48,46,37,19,18,88,43,45,86,42,44,57,29,28,36,17,19,14,8,6,1,1,0,0,0,0,42,41,10,15,10,4,0,1,1,30,22,8,2,36,0,8,13
52357298,0,,,117,65,52,2,2,0,115,63,52,48,32,16,114,62,52,114,62,52,67,31,36,35,15,20,16,6,10,2,1,1,0,0,0,61,61,23,25,10,2,0,1,0,38,33,5,1,47,0,14,14
52357299,0,,,27,13,14,1,1,0,26,12,14,17,6,11,26,12,14,26,12,14,9,6,3,4,2,2,2,1,1,0,0,0,0,0,0,12,12,2,7,2,0,1,0,0,10,9,1,0,7,0,0,3
52357302,0,,,107,52,55,4,2,2,103,50,53,41,20,21,103,50,53,102,49,53,62,30,32,33,15,18,11,3,8,0,0,0,0,0,0,46,46,9,23,9,2,2,0,1,37,30,7,2,40,0,8,18
52357303,0,,,169,59,110,4,4,0,161,53,108,48,27,21,160,52,108,160,52,108,113,26,87,94,19,75,62,8,54,17,2,15,0,0,0,50,49,14,20,10,3,1,0,1,34,28,6,1,37,0,9,12
52357304,0,,,68,33,35,3,2,1,65,31,34,36,20,16,64,31,33,64,31,33,29,11,18,21,7,14,8,2,6,0,0,0,0,0,0,30,30,8,10,9,2,1,0,0,22,17,5,0,21,1,6,5
52357309,2,52357319,,4,2,2,*,*,*,*,*,*,*,*,*,*,*,*,*,*,*,*,*,*,*,*,*,*,*,*,*,*,*,*,*,*,2,2,*,*,*,*,*,*,*,*,*,*,*,*,*,*,*
52357310,0,,,99,46,53,6,2,4,93,44,49,38,19,19,91,44,47,91,44,47,55,25,30,26,11,15,11,2,9,0,0,0,0,0,0,41,41,11,16,6,5,1,1,1,30,21,9,2,36,0,8,14
52357311,0,,,327,162,165,27,12,15,300,150,150,148,78,70,290,147,143,276,136,140,152,72,80,88,40,48,31,17,14,1,0,1,4,3,1,143,143,53,43,19,15,7,6,0,90,72,18,5,101,8,31,33
52357312,0,,,333,152,181,31,12,19,302,140,162,174,85,89,287,130,157,278,124,154,128,55,73,79,27,52,29,9,20,2,0,2,10,0,10,139,138,40,48,29,9,8,3,1,98,80,18,8,81,5,22,27
52357313,0,,,107,57,50,11,7,4,95,50,45,48,26,22,90,46,44,87,45,42,47,24,23,24,12,12,5,4,1,1,0,1,1,1,0,42,42,14,11,10,1,3,1,2,28,20,8,2,31,0,10,9
52357314,0,,,96,42,54,4,2,2,92,40,52,36,17,19,92,40,52,92,40,52,56,23,33,38,14,24,15,5,10,0,0,0,1,0,1,44,44,13,17,10,1,3,0,0,31,26,5,2,37,0,9,11
52357315,0,,,25,9,16,3,0,3,22,9,13,8,3,5,22,9,13,22,9,13,14,6,8,7,3,4,3,1,2,0,0,0,0,0,0,13,13,7,2,3,0,1,0,0,6,5,1,0,10,0,6,2
52357316,0,,,67,30,37,5,2,3,62,28,34,29,15,14,60,28,32,58,26,32,33,13,20,22,8,14,10,4,6,2,1,1,0,0,0,29,28,11,8,1,6,2,0,0,17,12,5,0,21,0,9,6
52357318,1,,52357328,70,33,37,3,1,2,68,33,35,29,15,14,66,32,34,65,31,34,39,18,21,14,6,8,5,2,3,0,0,0,0,0,0,33,33,14,11,5,2,1,0,1,20,16,4,0,26,0,10,8
52357319,1,,52357309;52357329,168,85,83,10,7,3,167,82,85,98,50,48,164,82,82,162,80,82,69,32,37,32,16,16,5,1,4,1,0,1,2,1,1,32,31,11,15,4,3,0,1,1,24,21,3,2,23,0,4,8
52357320,0,,,81,37,44,2,0,2,79,37,42,27,12,15,78,36,42,75,35,40,52,25,27,32,13,19,14,3,11,1,0,1,0,0,0,34,34,10,9,10,2,3,0,0,24,16,8,1,30,0,8,7
52357321,1,,52357331;52357341,209,98,111,15,7,8,200,94,106,97,48,49,196,93,103,191,92,99,103,46,57,66,25,41,21,6,15,0,0,0,1,0,1,83,83,21,35,13,7,9,2,0,66,53,13,3,67,0,13,19
52357322,0,,,30,18,12,3,2,1,27,16,11,19,14,5,26,15,11,26,15,11,8,2,6,5,0,5,3,0,3,0,0,0,0,0,0,14,14,9,2,0,1,1,0,1,5,2,3,1,6,3,1,0
52357324,0,,,82,40,42,3,2,1,77,37,40,32,19,13,76,36,40,76,36,40,45,18,27,26,9,17,10,2,8,1,0,1,0,0,0,37,37,13,12,8,2,0,1,1,23,16,7,1,29,0,11,7
52357326,0,,,22,11,11,0,0,0,22,11,11,11,6,5,21,11,10,21,11,10,11,5,6,7,3,4,3,3,0,0,0,0,0,0,0,10,10,3,4,2,0,1,0,0,7,6,1,0,7,0,2,4
52357327,0,,,52,24,28,4,1,3,48,23,25,24,13,11,48,23,25,48,23,25,24,10,14,13,4,9,3,1,2,1,0,1,0,0,0,21,21,6,8,4,1,1,0,1,15,10,5,2,15,0,5,3
52357328,2,52357318,,1,1,0,*,*,*,*,*,*,*,*,*,*,*,*,*,*,*,*,*,*,*,*,*,*,*,*,*,*,*,*,*,*,1,1,*,*,*,*,*,*,*,*,*,*,*,*,*,*,*
52357329,2,52357319,,5,2,3,*,*,*,*,*,*,*,*,*,*,*,*,*,*,*,*,*,*,*,*,*,*,*,*,*,*,*,*,*,*,2,2,*,*,*,*,*,*,*,*,*,*,*,*,*,*,*
52357331,2,52357321,,5,3,2,*,*,*,*,*,*,*,*,*,*,*,*,*,*,*,*,*,*,*,*,*,*,*,*,*,*,*,*,*,*,3,3,*,*,*,*,*,*,*,*,*,*,*,*,*,*,*
52357338,0,,,10,6,4,0,0,0,10,6,4,3,2,1,10,6,4,10,6,4,7,4,3,1,0,1,1,0,1,0,0,0,0,0,0,7,7,4,3,0,0,0,0,0,3,3,0,0,5,0,3,2
52357341,2,52357321,,1,0,1,*,*,*,*,*,*,*,*,*,*,*,*,*,*,*,*,*,*,*,*,*,*,*,*,*,*,*,*,*,*,1,1,*,*,*,*,*,*,*,*,*,*,*,*,*,*,*
52357344,0,,,15,10,5,1,1,0,14,9,5,5,3,2,13,9,4,12,8,4,9,6,3,7,4,3,2,1,1,0,0,0,0,0,0,8,8,4,3,0,0,1,0,0,4,4,0,0,7,0,4,1
52357345,2,52357356,,7,4,3,*,*,*,*,*,*,*,*,*,*,*,*,*,*,*,*,*,*,*,*,*,*,*,*,*,*,*,*,*,*,3,3,*,*,*,*,*,*,*,*,*,*,*,*,*,*,*
52357353,0,,,44,23,21,6,5,1,38,18,20,22,13,9,38,18,20,38,18,20,16,5,11,8,2,6,6,1,5,0,0,0,0,0,0,16,16,3,5,3,3,2,0,0,12,7,5,0,12,0,1,3
52357354,0,,,12,5,7,0,0,0,12,5,7,7,3,4,12,5,7,12,5,7,5,2,3,2,0,2,1,0,1,0,0,0,0,0,0,6,6,3,1,1,1,0,0,0,3,2,1,0,3,0,1,1
52357355,2,52357356,,1,1,0,*,*,*,*,*,*,*,*,*,*,*,*,*,*,*,*,*,*,*,*,*,*,*,*,*,*,*,*,*,*,1,1,*,*,*,*,*,*,*,*,*,*,*,*,*,*,*
52357356,1,,52357345;52357355,17,9,8,0,0,0,25,14,11,10,5,5,24,13,11,24,13,11,15,9,6,6,4,2,3,2,1,0,0,0,0,0,0,8,8,3,6,2,1,0,0,0,9,8,1,0,10,0,2,3
52357359,0,,,14,6,8,0,0,0,14,6,8,4,1,3,14,6,8,14,6,8,10,5,5,7,4,3,2,1,1,0,0,0,0,0,0,6,6,1,3,1,1,0,0,0,5,3,2,0,6,0,1,2
52357362,0,,,17,10,7,2,2,0,15,8,7,5,3,2,15,8,7,15,8,7,10,5,5,5,3,2,2,1,1,0,0,0,0,0,0,6,6,1,2,1,1,1,0,0,5,3,2,0,6,0,1,2
52357363,0,,,49,24,25,1,0,1,48,24,24,23,11,12,47,23,24,47,23,24,25,13,12,14,4,10,9,4,5,0,0,0,0,0,0,20,20,4,9,4,2,0,0,1,16,12,4,1,16,0,3,7
52357364,0,,,32,13,19,2,1,1,30,12,18,17,7,10,30,12,18,30,12,18,13,5,8,12,4,8,5,2,3,0,0,0,1,0,1,15,15,6,6,0,1,2,0,0,9,8,1,1,10,0,6,3
52357374,2,52357385,,5,4,1,*,*,*,*,*,*,*,*,*,*,*,*,*,*,*,*,*,*,*,*,*,*,*,*,*,*,*,*,*,*,2,2,*,*,*,*,*,*,*,*,*,*,*,*,*,*,*
52357375,2,52357385,,3,0,3,*,*,*,*,*,*,*,*,*,*,*,*,*,*,*,*,*,*,*,*,*,*,*,*,*,*,*,*,*,*,3,3,*,*,*,*,*,*,*,*,*,*,*,*,*,*,*
52357385,1,,52357374;52357375,8,2,6,0,0,0,16,6,10,6,4,2,16,6,10,16,6,10,10,2,8,7,1,6,5,1,4,0,0,0,0,0,0,6,6,8,2,0,1,0,0,0,3,3,0,0,8,0,5,1
52357386,2,52357396,,9,3,6,*,*,*,*,*,*,*,*,*,*,*,*,*,*,*,*,*,*,*,*,*,*,*,*,*,*,*,*,*,*,7,7,*,*,*,*,*,*,*,*,*,*,*,*,*,*,*
52357396,1,,52357386,8,4,4,0,0,0,17,7,10,5,2,3,17,7,10,17,7,10,12,5,7,7,2,5,5,2,3,0,0,0,0,0,0,4,4,6,4,1,0,0,0,0,5,5,0,0,10,0,6,2
52357404,0,,,8,4,4,0,0,0,8,4,4,4,2,2,8,4,4,8,4,4,4,2,2,3,1,2,1,0,1,0,0,0,0,0,0,5,5,2,3,0,0,0,0,0,3,2,1,0,3,0,1,1
52357405,0,,,36,13,23,2,0,2,34,13,21,17,7,10,31,12,19,30,12,18,17,6,11,11,3,8,5,0,5,0,0,0,0,0,0,16,16,5,6,2,2,1,0,0,11,9,2,1,11,0,4,5
52357410,0,,,9,4,5,0,0,0,9,4,5,2,1,1,9,4,5,9,4,5,7,3,4,3,1,2,0,0,0,0,0,0,0,0,0,4,4,1,2,0,1,0,0,0,3,3,0,0,4,0,1,2
52357413,2,52357423,,7,3,4,*,*,*,*,*,*,*,*,*,*,*,*,*,*,*,*,*,*,*,*,*,*,*,*,*,*,*,*,*,*,4,4,*,*,*,*,*,*,*,*,*,*,*,*,*,*,*
52357414,0,,,138,49,89,5,4,1,133,45,88,25,15,10,133,45,88,133,45,88,108,30,78,96,23,73,60,12,48,8,0,8,0,0,0,31,28,7,9,10,1,0,1,0,21,17,4,0,23,0,7,6
52357415,0,,,38,16,22,5,3,2,33,13,20,16,6,10,31,13,18,31,13,18,17,7,10,11,4,7,3,2,1,0,0,0,0,0,0,14,14,2,6,4,0,0,2,0,12,9,3,0,9,0,1,3
52357418,0,,,16,6,10,0,0,0,16,6,10,7,3,4,16,6,10,16,6,10,9,3,6,6,1,5,2,1,1,0,0,0,0,0,0,10,10,6,2,2,0,0,0,0,4,3,1,0,7,0,6,0
52357420,0,,,38,14,24,2,0,2,36,14,22,14,6,8,36,14,22,36,14,22,22,8,14,14,5,9,6,3,3,0,0,0,0,0,0,20,20,8,7,4,1,0,0,0,12,11,1,0,16,0,7,4
52357421,1,,52357422,11,6,5,0,0,0,18,9,9,12,8,4,18,9,9,17,8,9,6,1,5,6,1,5,1,1,0,0,0,0,0,0,0,4,4,4,1,1,1,1,0,0,4,1,3,0,5,0,2,0
52357422,2,52357421,,7,3,4,*,*,*,*,*,*,*,*,*,*,*,*,*,*,*,*,*,*,*,*,*,*,*,*,*,*,*,*,*,*,4,4,*,*,*,*,*,*,*,*,*,*,*,*,*,*,*
52357423,1,,52357413,100,52,48,13,6,7,94,49,45,47,25,22,94,49,45,93,48,45,47,24,23,23,12,11,6,2,4,1,0,1,0,0,0,41,41,14,13,11,3,2,2,0,31,23,8,2,30,0,9,10
52357424,0,,,38,16,22,0,0,0,38,16,22,17,9,8,38,16,22,38,16,22,21,7,14,10,2,8,3,0,3,2,0,2,0,0,0,21,21,9,8,3,1,0,0,0,12,11,1,0,16,0,7,4
52357425,0,,,72,39,33,3,2,1,69,37,32,29,16,13,68,36,32,67,35,32,40,21,19,26,12,14,13,9,4,2,0,2,1,1,0,32,32,7,14,7,4,0,0,0,25,23,2,1,24,0,7,11
52357426,0,,,44,22,22,0,0,0,44,22,22,20,9,11,42,21,21,40,21,19,24,13,11,14,6,8,6,2,4,0,0,0,0,0,0,20,20,6,8,2,4,0,0,0,14,11,3,0,14,0,4,6
52357427,0,,,54,22,32,7,1,6,47,21,26,28,14,14,45,21,24,44,20,24,19,7,12,9,3,6,4,0,4,1,0,1,0,0,0,25,25,9,10,1,3,2,0,0,16,16,0,1,13,0,6,3
52357430,0,,,82,42,40,9,5,4,73,37,36,35,21,14,72,37,35,72,37,35,38,16,22,21,10,11,4,0,4,2,0,2,4,1,3,31,29,10,13,2,1,2,1,0,19,16,3,2,20,1,8,8
52357431,0,,,129,64,65,12,6,6,114,56,58,48,27,21,111,54,57,110,53,57,66,29,37,35,14,21,18,8,10,3,0,3,0,0,0,56,56,10,31,7,5,2,1,0,45,38,7,3,42,0,7,16
52357432,0,,,107,52,55,3,3,0,104,49,55,44,19,25,102,47,55,101,47,54,60,30,30,33,15,18,16,7,9,0,0,0,0,0,0,49,49,16,19,6,5,3,0,0,33,23,10,1,40,0,11,11
52357433,0,,,169,86,83,18,11,7,151,75,76,84,44,40,148,73,75,147,72,75,67,31,36,35,16,19,15,5,10,0,0,0,2,1,1,71,71,22,23,11,9,4,2,0,48,39,9,4,44,1,13,13
52357434,0,,,113,53,60,11,6,5,102,47,55,49,24,25,101,46,55,101,46,55,53,23,30,30,12,18,5,0,5,2,0,2,10,1,9,58,58,28,13,11,4,2,0,0,30,25,5,3,34,6,14,9
52357436,0,,,119,57,62,15,6,9,103,50,53,45,19,26,101,48,53,100,48,52,58,31,27,33,16,17,11,4,7,2,0,2,6,4,2,53,53,19,15,9,7,3,0,0,34,25,9,4,42,1,16,11
52357437,0,,,131,64,67,8,5,3,123,59,64,59,30,29,118,57,61,118,57,61,64,29,35,43,20,23,22,10,12,2,1,1,1,1,0,57,56,16,19,13,5,2,1,0,40,30,10,3,41,0,14,13
52357440,0,,,25,14,11,0,0,0,25,14,11,9,5,4,25,14,11,25,14,11,16,9,7,9,5,4,5,3,2,2,1,1,0,0,0,13,13,5,5,2,1,0,0,0,8,5,3,0,10,0,4,1
52357444,0,,,17,9,8,2,1,1,15,8,7,7,3,4,15,8,7,15,8,7,8,5,3,4,3,1,1,1,0,0,0,0,0,0,0,9,9,5,2,0,2,0,0,0,4,3,1,0,6,0,4,1
52357447,0,,,17,9,8,0,0,0,17,9,8,5,2,3,17,9,8,17,9,8,12,7,5,7,4,3,3,1,2,0,0,0,0,0,0,8,8,3,2,2,1,0,0,0,5,3,2,0,8,0,3,2
52357448,0,,,9,4,5,1,0,1,8,4,4,2,1,1,8,4,4,8,4,4,6,3,3,1,1,0,0,0,0,0,0,0,0,0,0,4,4,0,3,1,0,0,0,0,4,3,1,0,3,0,0,2
52357450,0,,,10,5,5,0,0,0,10,5,5,2,1,1,10,5,5,10,5,5,8,4,4,4,1,3,1,1,0,0,0,0,0,0,0,6,6,3,2,1,0,0,0,0,3,3,0,0,6,0,3,2
52357454,0,,,61,33,28,3,2,1,58,31,27,25,16,9,57,30,27,56,29,27,33,15,18,19,9,10,13,7,6,0,0,0,1,0,1,21,21,3,8,2,6,1,0,1,18,9,9,1,16,0,3,3
52357458,0,,,111,55,56,4,2,2,107,53,54,51,28,23,106,52,54,103,49,54,56,25,31,32,12,20,9,3,6,0,0,0,0,0,0,49,49,14,19,7,7,2,0,0,33,22,11,0,39,1,9,11
52357459,0,,,12,6,6,0,0,0,12,6,6,4,2,2,12,6,6,12,6,6,8,4,4,5,3,2,0,0,0,0,0,0,1,1,0,7,7,2,5,0,0,0,0,0,5,5,0,0,5,0,2,3
52357464,0,,,103,43,60,16,9,7,87,34,53,47,22,25,83,32,51,81,32,49,40,12,28,27,5,22,15,1,14,2,0,2,0,0,0,38,37,7,15,10,2,2,0,1,30,28,2,3,20,1,4,6
52357469,0,,,39,23,16,7,6,1,32,17,15,18,10,8,31,17,14,31,17,14,14,7,7,9,5,4,6,4,2,0,0,0,0,0,0,15,15,4,4,3,3,0,1,0,11,10,1,1,8,1,2,3
52357473,2,52357474,,9,4,5,*,*,*,*,*,*,*,*,*,*,*,*,*,*,*,*,*,*,*,*,*,*,*,*,*,*,*,*,*,*,3,3,*,*,*,*,*,*,*,*,*,*,*,*,*,*,*
52357474,1,,52357473,36,20,16,3,1,2,42,23,19,20,9,11,42,23,19,42,23,19,22,14,8,9,6,3,4,4,0,1,1,0,0,0,0,14,14,3,7,2,4,0,1,0,14,9,5,1,14,0,3,3
52357479,0,,,74,32,42,4,3,1,68,29,39,39,20,19,67,29,38,66,29,37,29,9,20,25,7,18,9,1,8,0,0,0,0,0,0,33,33,13,8,6,4,1,1,0,20,14,6,0,21,0,8,3
52357484,1,,52357485,98,44,54,15,7,8,86,39,47,45,25,20,85,38,47,83,36,47,41,14,27,22,6,16,8,2,6,0,0,0,0,0,0,44,44,19,12,7,4,3,1,0,27,22,5,5,30,0,15,5
52357485,2,52357484,,3,2,1,*,*,*,*,*,*,*,*,*,*,*,*,*,*,*,*,*,*,*,*,*,*,*,*,*,*,*,*,*,*,2,2,*,*,*,*,*,*,*,*,*,*,*,*,*,*,*
52357492,0,,,28,14,14,3,2,1,25,12,13,11,5,6,25,12,13,25,12,13,14,7,7,6,2,4,4,1,3,0,0,0,0,0,0,14,14,4,7,2,1,0,0,0,10,9,1,1,10,0,3,6
52357493,0,,,33,16,17,3,1,2,30,15,15,12,6,6,30,15,15,30,15,15,18,9,9,6,2,4,1,0,1,0,0,0,0,0,0,16,16,5,8,1,1,1,0,0,11,9,2,1,13,0,4,3
52357494,0,,,18,8,10,0,0,0,18,8,10,10,4,6,18,8,10,18,8,10,8,4,4,0,0,0,0,0,0,0,0,0,0,0,0,8,8,1,5,1,1,0,0,0,7,7,0,0,5,0,0,2
52357495,0,,,56,29,27,2,1,1,54,28,26,22,11,11,53,27,26,53,27,26,32,17,15,17,9,8,6,3,3,0,0,0,0,0,0,25,25,6,11,6,0,2,0,0,18,16,2,0,21,0,5,7
52357519,2,52357529,,9,5,4,*,*,*,*,*,*,*,*,*,*,*,*,*,*,*,*,*,*,*,*,*,*,*,*,*,*,*,*,*,*,4,4,*,*,*,*,*,*,*,*,*,*,*,*,*,*,*
52357529,1,,52357519,3,2,1,3,3,0,9,4,5,5,3,2,9,4,5,9,4,5,4,1,3,4,1,3,2,1,1,0,0,0,0,0,0,1,1,2,1,1,0,1,0,0,3,3,0,0,3,0,2,1
52357535,1,,52357545,11,6,5,0,0,0,16,8,8,5,3,2,16,8,8,16,8,8,11,5,6,7,3,4,5,2,3,0,0,0,0,0,0,6,6,2,4,2,0,0,0,0,6,4,2,0,6,0,1,3
52357545,2,52357535,,5,2,3,*,*,*,*,*,*,*,*,*,*,*,*,*,*,*,*,*,*,*,*,*,*,*,*,*,*,*,*,*,*,2,2,*,*,*,*,*,*,*,*,*,*,*,*,*,*,*
52357551,2,52357561,,3,1,2,*,*,*,*,*,*,*,*,*,*,*,*,*,*,*,*,*,*,*,*,*,*,*,*,*,*,*,*,*,*,2,2,*,*,*,*,*,*,*,*,*,*,*,*,*,*,*
52357560,0,,,17,8,9,3,0,3,14,8,6,5,3,2,14,8,6,14,8,6,9,5,4,4,2,2,2,1,1,0,0,0,0,0,0,9,9,5,2,1,0,1,0,0,4,4,0,0,7,0,5,1
52357561,1,,52357551,29,12,17,5,1,4,27,12,15,10,4,6,27,12,15,27,12,15,17,8,9,12,5,7,6,3,3,0,0,0,1,1,0,13,13,4,7,2,2,0,0,0,11,10,1,2,10,0,2,7
52357566,0,,,18,8,10,0,0,0,18,8,10,6,3,3,18,8,10,18,8,10,12,5,7,5,1,4,4,1,3,0,0,0,0,0,0,9,9,3,3,3,0,0,0,0,6,3,3,0,7,0,2,2
52357567,2,52357577,,7,5,2,*,*,*,*,*,*,*,*,*,*,*,*,*,*,*,*,*,*,*,*,*,*,*,*,*,*,*,*,*,*,2,2,*,*,*,*,*,*,*,*,*,*,*,*,*,*,*
52357570,0,,,34,20,14,1,1,0,33,19,14,10,9,1,33,19,14,33,19,14,23,10,13,13,7,6,2,2,0,0,0,0,0,0,0,18,18,7,6,5,0,0,0,0,11,11,0,0,14,1,4,5
52357571,0,,,110,53,57,18,11,7,92,42,50,49,25,24,91,42,49,90,41,49,43,17,26,24,10,14,7,1,6,2,0,2,3,2,1,43,43,11,18,4,5,1,2,2,32,26,6,3,28,0,8,10
52357576,0,,,10,5,5,0,0,0,9,4,5,5,2,3,9,4,5,9,4,5,4,2,2,4,2,2,3,2,1,0,0,0,0,0,0,5,5,1,3,1,0,0,0,0,4,4,0,0,2,0,0,2
52357577,1,,52357567,11,7,4,3,3,0,15,9,6,11,8,3,15,9,6,15,9,6,4,1,3,1,0,1,0,0,0,0,0,0,0,0,0,8,8,6,3,0,0,0,1,0,4,3,1,1,4,2,2,0
52357581,0,,,64,29,35,13,5,8,51,24,27,21,11,10,50,23,27,50,23,27,30,13,17,12,5,7,6,3,3,0,0,0,0,0,0,28,27,12,11,0,1,0,1,2,15,12,3,2,19,1,7,6
52357582,0,,,66,30,36,7,4,3,59,26,33,29,13,16,59,26,33,59,26,33,30,13,17,18,8,10,7,4,3,0,0,0,0,0,0,31,31,11,11,4,4,1,0,0,20,18,2,1,21,2,9,7
52357583,2,52357584,,2,1,1,*,*,*,*,*,*,*,*,*,*,*,*,*,*,*,*,*,*,*,*,*,*,*,*,*,*,*,*,*,*,1,1,*,*,*,*,*,*,*,*,*,*,*,*,*,*,*
52357584,1,,52357583;52357594,48,26,22,3,0,3,50,28,22,27,19,8,49,27,22,49,27,22,23,9,14,14,5,9,9,3,6,0,0,0,1,1,0,25,25,11,10,6,1,0,0,0,17,17,0,1,14,2,4,6
52357591,0,,,16,9,7,0,0,0,16,9,7,4,2,2,16,9,7,16,9,7,12,7,5,9,5,4,4,3,1,0,0,0,0,0,0,7,7,2,2,2,1,0,0,0,5,3,2,0,6,0,1,2
52357594,2,52357584,,3,1,2,*,*,*,*,*,*,*,*,*,*,*,*,*,*,*,*,*,*,*,*,*,*,*,*,*,*,*,*,*,*,2,2,*,*,*,*,*,*,*,*,*,*,*,*,*,*,*
52357600,1,,52357601;52357611,9,4,5,0,0,0,14,6,8,2,1,1,14,6,8,14,6,8,12,5,7,8,1,7,6,1,5,2,0,2,0,0,0,6,6,8,3,0,0,0,0,0,3,3,0,0,10,0,8,1
52357601,2,52357600,,1,0,1,*,*,*,*,*,*,*,*,*,*,*,*,*,*,*,*,*,*,*,*,*,*,*,*,*,*,*,*,*,*,1,1,*,*,*,*,*,*,*,*,*,*,*,*,*,*,*
52357609,1,,52357627,11,7,4,1,1,0,15,10,5,5,3,2,15,10,5,14,9,5,10,7,3,6,4,2,4,3,1,0,0,0,0,0,0,7,7,6,2,2,0,0,0,0,4,3,1,0,8,0,5,2
52357610,0,,,10,5,5,0,0,0,10,5,5,2,1,1,10,5,5,10,5,5,8,4,4,6,2,4,4,1,3,1,0,1,0,0,0,7,7,4,3,0,0,0,0,0,3,3,0,0,6,0,3,2
52357611,2,52357600,,4,2,2,*,*,*,*,*,*,*,*,*,*,*,*,*,*,*,*,*,*,*,*,*,*,*,*,*,*,*,*,*,*,4,4,*,*,*,*,*,*,*,*,*,*,*,*,*,*,*
52357614,2,52357615,,9,3,6,*,*,*,*,*,*,*,*,*,*,*,*,*,*,*,*,*,*,*,*,*,*,*,*,*,*,*,*,*,*,5,5,*,*,*,*,*,*,*,*,*,*,*,*,*,*,*
52357615,1,,52357614;52357616;52357625,28,14,14,3,2,1,43,21,22,23,12,11,43,21,22,43,21,22,20,9,11,13,6,7,9,4,5,0,0,0,1,1,0,12,12,8,9,4,1,1,0,0,15,13,2,0,14,1,5,5
52357616,2,52357615,,1,0,1,*,*,*,*,*,*,*,*,*,*,*,*,*,*,*,*,*,*,*,*,*,*,*,*,*,*,*,*,*,*,1,1,*,*,*,*,*,*,*,*,*,*,*,*,*,*,*
52357619,0,,,16,7,9,0,0,0,16,7,9,5,3,2,16,7,9,16,7,9,11,4,7,8,3,5,3,2,1,0,0,0,0,0,0,8,8,2,4,2,0,0,0,0,6,6,0,0,7,0,2,2
52357625,2,52357615,,9,6,3,*,*,*,*,*,*,*,*,*,*,*,*,*,*,*,*,*,*,*,*,*,*,*,*,*,*,*,*,*,*,5,5,*,*,*,*,*,*,*,*,*,*,*,*,*,*,*
52357627,2,52357609,,5,4,1,*,*,*,*,*,*,*,*,*,*,*,*,*,*,*,*,*,*,*,*,*,*,*,*,*,*,*,*,*,*,3,3,*,*,*,*,*,*,*,*,*,*,*,*,*,*,*
52357634,1,,52357654,12,7,5,1,1,0,17,10,7,7,4,3,17,10,7,17,10,7,10,6,4,9,5,4,6,4,2,0,0,0,0,0,0,7,7,4,1,4,0,0,0,0,5,3,2,0,6,0,2,1
52357647,2,52357657,,7,4,3,*,*,*,*,*,*,*,*,*,*,*,*,*,*,*,*,*,*,*,*,*,*,*,*,*,*,*,*,*,*,5,5,*,*,*,*,*,*,*,*,*,*,*,*,*,*,*
52357654,2,52357634,,6,4,2,*,*,*,*,*,*,*,*,*,*,*,*,*,*,*,*,*,*,*,*,*,*,*,*,*,*,*,*,*,*,2,2,*,*,*,*,*,*,*,*,*,*,*,*,*,*,*
52357656,2,52357657,,3,1,2,*,*,*,*,*,*,*,*,*,*,*,*,*,*,*,*,*,*,*,*,*,*,*,*,*,*,*,*,*,*,2,2,*,*,*,*,*,*,*,*,*,*,*,*,*,*,*
52357657,1,,52357647;52357656;52357666,4,3,1,0,0,0,17,10,7,3,3,0,17,10,7,17,10,7,14,7,7,10,5,5,5,3,2,1,0,1,0,0,0,3,3,7,5,0,0,0,0,0,5,5,0,0,10,0,5,3
52357666,2,52357657,,3,2,1,*,*,*,*,*,*,*,*,*,*,*,*,*,*,*,*,*,*,*,*,*,*,*,*,*,*,*,*,*,*,2,2,*,*,*,*,*,*,*,*,*,*,*,*,*,*,*
52357676,0,,,9,4,5,0,0,0,9,4,5,3,1,2,8,4,4,8,4,4,6,3,3,4,2,2,1,1,0,0,0,0,0,0,0,5,5,2,2,1,0,0,0,0,3,3,0,0,4,0,2,2
52357695,1,,52357696,12,5,7,0,0,0,15,7,8,1,1,0,15,7,8,15,7,8,14,6,8,6,2,4,5,2,3,1,0,1,0,0,0,6,6,1,4,2,0,0,0,0,6,5,1,0,7,0,1,3
52357696,2,52357695,,3,2,1,*,*,*,*,*,*,*,*,*,*,*,*,*,*,*,*,*,*,*,*,*,*,*,*,*,*,*,*,*,*,1,1,*,*,*,*,*,*,*,*,*,*,*,*,*,*,*
52357699,0,,,19,10,9,0,0,0,19,10,9,8,6,2,19,10,9,19,10,9,11,4,7,6,2,4,4,1,3,0,0,0,0,0,0,7,7,1,1,4,1,0,0,0,6,4,2,0,6,0,1,1
52357706,2,52357707,,2,1,1,*,*,*,*,*,*,*,*,*,*,*,*,*,*,*,*,*,*,*,*,*,*,*,*,*,*,*,*,*,*,2,2,*,*,*,*,*,*,*,*,*,*,*,*,*,*,*
52357707,1,,52357706;52357717,635,315,320,33,17,16,593,288,305,327,163,164,585,283,302,576,278,298,266,125,141,137,55,82,41,13,28,1,0,1,4,1,3,275,275,82,106,42,29,15,5,1,193,153,40,8,185,1,43,57
52357708,0,,,53,29,24,6,2,4,47,27,20,33,19,14,44,25,19,43,25,18,14,8,6,8,4,4,2,2,0,0,0,0,0,0,0,17,17,4,3,4,1,3,2,0,12,8,4,1,9,0,1,2
52357710,2,52357720,,5,1,4,*,*,*,*,*,*,*,*,*,*,*,*,*,*,*,*,*,*,*,*,*,*,*,*,*,*,*,*,*,*,3,3,*,*,*,*,*,*,*,*,*,*,*,*,*,*,*
52357717,2,52357707,,11,5,6,*,*,*,*,*,*,*,*,*,*,*,*,*,*,*,*,*,*,*,*,*,*,*,*,*,*,*,*,*,*,3,3,*,*,*,*,*,*,*,*,*,*,*,*,*,*,*
52357719,0,,,8,4,4,0,0,0,8,4,4,3,2,1,8,4,4,8,4,4,5,2,3,2,1,1,1,1,0,0,0,0,0,0,0,4,4,2,0,2,0,0,0,0,2,2,0,0,4,0,2,0
52357720,1,,52357710,21,10,11,2,1,1,24,10,14,9,3,6,24,10,14,24,10,14,15,7,8,8,3,5,2,0,2,0,0,0,0,0,0,11,11,5,7,1,1,0,0,0,9,6,3,0,9,0,3,5
52357729,0,,,104,47,57,14,5,9,88,41,47,54,26,28,86,41,45,85,41,44,34,15,19,16,7,9,3,2,1,0,0,0,0,0,0,33,33,4,9,8,6,3,2,1,27,21,6,2,22,0,4,4
52357730,0,,,29,15,14,0,0,0,28,15,13,12,7,5,26,13,13,26,13,13,16,8,8,8,3,5,2,0,2,0,0,0,1,0,1,16,16,6,8,1,1,0,0,0,10,10,0,0,10,0,3,7
52357734,2,52357745,,2,1,1,*,*,*,*,*,*,*,*,*,*,*,*,*,*,*,*,*,*,*,*,*,*,*,*,*,*,*,*,*,*,1,1,*,*,*,*,*,*,*,*,*,*,*,*,*,*,*
52357740,0,,,30,14,16,0,0,0,30,14,16,13,6,7,30,14,16,30,14,16,17,8,9,6,2,4,4,2,2,0,0,0,0,0,0,15,15,4,8,2,1,0,0,0,10,9,1,0,12,0,3,5
52357744,0,,,66,30,36,5,2,3,61,28,33,34,16,18,58,26,32,56,26,30,27,12,15,18,8,10,8,3,5,0,0,0,0,0,0,19,19,1,5,6,2,1,4,0,18,9,9,0,17,0,1,3
52357745,1,,52357734,109,52,57,7,5,2,104,48,56,43,20,23,102,47,55,101,47,54,61,28,33,37,15,22,19,7,12,2,0,2,0,0,0,37,37,5,14,7,8,1,2,1,33,21,12,2,35,0,5,12
52357750,1,,52357751,27,15,12,0,0,0,34,20,14,6,2,4,34,20,14,34,20,14,28,18,10,15,9,6,7,4,3,0,0,0,0,0,0,17,17,13,9,1,0,0,0,0,10,8,2,0,21,0,11,7
52357751,2,52357750,,7,5,2,*,*,*,*,*,*,*,*,*,*,*,*,*,*,*,*,*,*,*,*,*,*,*,*,*,*,*,*,*,*,6,6,*,*,*,*,*,*,*,*,*,*,*,*,*,*,*
52357754,0,,,60,29,31,2,1,1,58,28,30,23,13,10,58,28,30,57,27,30,35,15,20,23,10,13,4,2,2,0,0,0,0,0,0,29,29,7,17,2,2,1,0,0,22,18,4,0,24,0,4,11
52357755,0,,,22,11,11,0,0,0,22,11,11,10,6,4,22,11,11,21,11,10,12,5,7,6,2,4,2,1,1,0,0,0,0,0,0,8,8,1,3,3,0,0,1,0,7,5,2,0,7,0,1,2
52357756,2,52357766,,4,1,3,*,*,*,*,*,*,*,*,*,*,*,*,*,*,*,*,*,*,*,*,*,*,*,*,*,*,*,*,*,*,1,1,*,*,*,*,*,*,*,*,*,*,*,*,*,*,*
52357761,2,52357771,,1,0,1,*,*,*,*,*,*,*,*,*,*,*,*,*,*,*,*,*,*,*,*,*,*,*,*,*,*,*,*,*,*,1,1,*,*,*,*,*,*,*,*,*,*,*,*,*,*,*
52357766,1,,52357756,55,26,29,3,2,1,56,25,31,37,19,18,53,23,30,51,21,30,19,6,13,11,3,8,5,1,4,1,0,1,0,0,0,20,20,4,6,4,5,1,1,0,17,13,4,0,12,0,3,1
52357768,0,,,58,29,29,13,6,7,45,23,22,41,20,21,40,20,20,39,20,19,4,3,1,2,1,1,0,0,0,0,0,0,0,0,0,17,17,1,2,7,5,1,0,1,16,16,0,1,3,0,0,2
52357769,0,,,177,83,94,14,8,6,163,75,88,85,44,41,158,73,85,154,70,84,78,31,47,26,6,20,11,3,8,0,0,0,0,0,0,81,81,29,26,13,8,5,0,0,52,45,7,1,57,0,22,13
52357771,1,,52357761,52,27,25,4,3,1,49,24,25,19,12,7,48,23,25,48,23,25,30,12,18,20,8,12,7,1,6,0,0,0,1,0,1,25,25,12,5,6,2,1,0,0,14,11,3,1,21,0,11,5
52357775,0,,,22,10,12,0,0,0,22,10,12,10,4,6,22,10,12,20,10,10,12,6,6,9,3,6,2,0,2,0,0,0,0,0,0,11,11,4,4,2,1,0,0,0,7,6,1,0,9,0,3,4
52357776,0,,,58,27,31,7,5,2,51,22,29,30,15,15,48,20,28,48,20,28,21,7,14,10,2,8,4,1,3,1,0,1,1,0,1,16,16,2,3,2,5,2,0,2,14,6,8,3,13,0,2,3
52357777,0,,,192,90,102,17,6,11,175,84,91,90,46,44,171,82,89,170,82,88,85,38,47,43,18,25,16,5,11,0,0,0,0,0,0,64,64,6,27,10,10,7,1,3,58,41,17,3,50,0,3,19
52357778,0,,,302,148,154,27,18,9,275,130,145,147,70,77,263,123,140,255,118,137,128,60,68,69,30,39,32,14,18,2,0,2,0,0,0,111,111,26,37,14,19,9,4,2,84,67,17,2,81,0,22,24
52357779,0,,,520,247,273,40,23,17,476,223,253,272,136,136,465,216,249,453,210,243,204,87,117,107,43,64,32,13,19,3,1,2,0,0,0,215,215,41,92,49,23,7,2,1,173,153,20,9,131,0,31,48
52357781,0,,,51,24,27,3,2,1,48,22,26,26,13,13,47,21,26,47,21,26,22,9,13,11,4,7,3,1,2,0,0,0,0,0,0,21,21,7,5,5,2,1,1,0,14,9,5,1,18,0,6,2
52357788,1,,52357798,169,82,87,16,13,3,160,72,88,82,38,44,159,71,88,159,71,88,78,34,44,43,16,27,18,5,13,1,1,0,0,0,0,60,60,10,22,14,12,5,0,1,54,37,17,6,51,0,9,13
52357789,0,,,242,111,131,19,10,9,223,101,122,119,53,66,219,100,119,215,99,116,104,48,56,55,22,33,19,5,14,4,1,3,5,2,3,99,99,24,38,17,12,6,1,1,74,57,17,6,67,0,16,21
52357791,0,,,12,6,6,0,0,0,12,6,6,6,3,3,12,6,6,12,6,6,6,3,3,3,0,3,0,0,0,0,0,0,0,0,0,7,7,4,1,2,0,0,0,0,3,3,0,0,6,0,3,1
52357792,0,,,17,8,9,2,2,0,15,6,9,6,2,4,15,6,9,15,6,9,9,4,5,6,2,4,4,1,3,0,0,0,0,0,0,6,6,1,3,1,0,0,0,1,5,4,1,1,5,0,0,2
52357798,2,52357788,,7,3,4,*,*,*,*,*,*,*,*,*,*,*,*,*,*,*,*,*,*,*,*,*,*,*,*,*,*,*,*,*,*,4,4,*,*,*,*,*,*,*,*,*,*,*,*,*,*,*
52357799,0,,,366,177,189,46,23,23,320,154,166,195,91,104,306,147,159,300,144,156,125,63,62,62,26,36,30,12,18,1,0,1,1,1,0,140,140,26,52,26,25,9,1,1,113,95,18,10,80,0,17,31
