KEY_CODE,HTKSYORI,HTKSAKI,GASSAN,T001140001,T001140002,T001140003,T001140004,T001140005,T001140006,T001140007,T001140008,T001140009,T001140010,T001140011,T001140012,T001140013,T001140014,T001140015,T001140016,T001140017,T001140018,T001140019,T001140020,T001140021,T001140022,T001140023,T001140024,T001140025,T001140026,T001140027,T001140028,T001140029,T001140030,T001140031,T001140032,T001140033,T001140034,T001140035,T001140036,T001140037,T001140038,T001140039,T001140040,T001140041,T001140042,T001140043,T001140044,T001140045,T001140046,T001140047,T001140048,T001140049,T001140050
,,,,Å@êlå˚ÅiëçêîÅj,Å@êlå˚ÅiëçêîÅjÅ@íj,Å@êlå˚ÅiëçêîÅjÅ@èó,Å@ÇOÅ`ÇPÇSçŒêlå˚Å@ëçêî,Å@ÇOÅ`ÇPÇSçŒêlå˚Å@íj,Å@ÇOÅ`ÇPÇSçŒêlå˚Å@èó,Å@ÇPÇTçŒà»è„êlå˚Å@ëçêî,Å@ÇPÇTçŒà»è„êlå˚Å@íj,Å@ÇPÇTçŒà»è„êlå˚Å@èó,Å@ÇPÇTÅ`ÇUÇSçŒêlå˚Å@ëçêî,Å@ÇPÇTÅ`ÇUÇSçŒêlå˚Å@íj,Å@ÇPÇTÅ`ÇUÇSçŒêlå˚Å@èó,Å@ÇPÇWçŒà»è„êlå˚Å@ëçêî,Å@ÇPÇWçŒà»è„êlå˚Å@íj,Å@ÇPÇWçŒà»è„êlå˚Å@èó,Å@ÇQÇOçŒà»è„êlå˚Å@ëçêî,Å@ÇQÇOçŒà»è„êlå˚Å@íj,Å@ÇQÇOçŒà»è„êlå˚Å@èó,Å@ÇUÇTçŒà»è„êlå˚Å@ëçêî,Å@ÇUÇTçŒà»è„êlå˚Å@íj,Å@ÇUÇTçŒà»è„êlå˚Å@èó,Å@ÇVÇTçŒà»è„êlå˚Å@ëçêî,Å@ÇVÇTçŒà»è„êlå˚Å@íj,Å@ÇVÇTçŒà»è„êlå˚Å@èó,Å@ÇWÇTçŒà»è„êlå˚Å@ëçêî,Å@ÇWÇTçŒà»è„êlå˚Å@íj,Å@ÇWÇTçŒà»è„êlå˚Å@èó,Å@ÇXÇTçŒà»è„êlå˚Å@ëçêî,Å@ÇXÇTçŒà»è„êlå˚Å@íj,Å@ÇXÇTçŒà»è„êlå˚Å@èó,Å@äOçëêlêlå˚Å@ëçêî,Å@äOçëêlêlå˚Å@íj,Å@äOçëêlêlå˚Å@èó,Å@ê¢ë—ëçêî,Å@àÍî ê¢ë—êî,Å@ÇPêlê¢ë—êîÅ@àÍî ê¢ë—êî,Å@ÇQêlê¢ë—êîÅ@àÍî ê¢ë—êî,Å@ÇRêlê¢ë—êîÅ@àÍî ê¢ë—êî,Å@ÇSêlê¢ë—êîÅ@àÍî ê¢ë—êî,Å@ÇTêlê¢ë—êîÅ@àÍî ê¢ë—êî,Å@ÇUêlê¢ë—êîÅ@àÍî ê¢ë—êî,Å@ÇVêlà»è„ê¢ë—êîÅ@àÍî ê¢ë—êî,Å@êeë∞ÇÃÇ›ÇÃê¢ë—êîÅ@àÍî ê¢ë—êî,Å@äjâ∆ë∞ê¢ë—êîÅ@àÍî ê¢ë—êî,Å@äjâ∆ë∞à»äOÇÃê¢ë—êîÅ@àÍî ê¢ë—êî,Å@ÇUçŒñ¢ñûê¢ë—àıÇÃÇ¢ÇÈê¢ë—êîÅ@àÍî ê¢ë—êî,Å@ÇUÇTçŒà»è„ê¢ë—àıÇÃÇ¢ÇÈê¢ë—êîÅ@àÍî ê¢ë—êî,Å@ê¢ë—éÂÇÃîNóÓÇ™ÇQÇOÅ`ÇQÇXçŒÇÃÇPêlê¢ë—êîÅ@àÍî ê¢ë—êî,Å@çÇóÓíPêgê¢ë—êîÅ@àÍî ê¢ë—êî,Å@çÇóÓïvïwê¢ë—êîÅ@àÍî ê¢ë—êî
51350086,0,,,30,13,17,3,2,1,27,11,16,16,7,9,27,11,16,27,11,16,11,4,7,7,1,6,2,0,2,0,0,0,0,0,0,8,8,0,2,3,1,1,0,1,8,3,5,1,8,0,0,2
51350087,0,,,404,199,205,22,8,14,382,191,191,189,102,87,379,190,189,377,189,188,193,89,104,101,44,57,29,15,14,1,1,0,2,2,0,171,171,44,66,30,21,6,4,0,125,101,24,4,130,2,32,40
51350088,0,,,139,70,69,4,3,1,135,67,68,71,44,27,134,66,68,129,63,66,64,23,41,39,10,29,14,1,13,3,0,3,0,0,0,57,57,14,19,16,3,3,2,0,43,32,11,0,46,0,11,7
51350089,2,51350098,,1,0,1,*,*,*,*,*,*,*,*,*,*,*,*,*,*,*,*,*,*,*,*,*,*,*,*,*,*,*,*,*,*,1,1,*,*,*,*,*,*,*,*,*,*,*,*,*,*,*
51350097,0,,,1225,565,660,100,55,45,1119,508,611,637,314,323,1100,496,604,1086,488,598,482,194,288,243,79,164,71,11,60,3,1,2,2,2,0,516,516,152,178,90,54,28,8,6,358,273,85,25,345,5,103,70
51350098,1,,51350089,1749,823,926,189,95,94,1557,727,830,1034,508,526,1506,705,801,1468,682,786,523,219,304,272,103,169,66,14,52,3,0,3,4,2,2,648,647,135,204,129,115,44,17,4,508,406,102,52,346,20,67,96
51350099,0,,,1259,564,695,126,60,66,1099,485,614,652,321,331,1057,460,597,1040,455,585,447,164,283,254,78,176,106,24,82,17,0,17,8,4,4,522,521,201,152,69,63,24,7,5,316,271,45,36,244,11,90,69
51350101,0,,,319,150,169,28,17,11,291,133,158,174,78,96,282,128,154,276,127,149,117,55,62,58,25,33,16,4,12,1,0,1,1,0,1,116,116,29,33,20,14,12,8,0,87,61,26,7,83,0,25,15
51350102,0,,,51,23,28,7,2,5,44,21,23,32,15,17,42,20,22,41,19,22,12,6,6,5,2,3,1,0,1,0,0,0,0,0,0,17,17,1,5,6,3,2,0,0,16,12,4,2,10,0,1,3
51350105,0,,,171,83,88,21,12,9,150,71,79,97,45,52,144,68,76,140,67,73,53,26,27,24,10,14,10,2,8,2,1,1,0,0,0,54,54,9,12,13,10,6,1,3,45,29,16,4,32,0,6,6
51350111,1,,51350121,29,14,15,5,2,3,27,14,13,11,6,5,26,14,12,26,14,12,16,8,8,4,3,1,1,0,1,0,0,0,0,0,0,8,8,1,4,2,1,0,1,1,9,7,2,1,9,0,1,4
51350112,0,,,326,157,169,51,22,29,275,135,140,166,82,84,268,132,136,264,130,134,109,53,56,39,14,25,16,5,11,2,0,2,0,0,0,110,110,17,33,24,21,6,8,1,93,68,25,11,69,0,12,16
51350113,0,,,608,290,318,93,53,40,515,237,278,339,162,177,491,219,272,480,215,265,176,75,101,87,35,52,33,12,21,3,1,2,0,0,0,186,186,24,46,45,35,14,10,12,162,116,46,18,111,0,17,22
51350114,0,,,541,260,281,71,39,32,470,221,249,296,150,146,450,210,240,439,205,234,174,71,103,87,32,55,29,8,21,1,0,1,2,2,0,174,173,25,45,39,40,15,7,2,148,109,39,16,102,0,20,27
51350115,0,,,130,60,70,25,15,10,105,45,60,59,26,33,102,43,59,101,42,59,46,19,27,20,9,11,6,1,5,1,0,1,0,0,0,36,36,8,6,8,2,2,5,5,28,14,14,3,29,0,6,3
51350121,2,51350111,,3,2,1,*,*,*,*,*,*,*,*,*,*,*,*,*,*,*,*,*,*,*,*,*,*,*,*,*,*,*,*,*,*,2,2,*,*,*,*,*,*,*,*,*,*,*,*,*,*,*
51350122,0,,,48,24,24,7,4,3,41,20,21,26,15,11,39,19,20,37,18,19,15,5,10,6,2,4,2,1,1,2,1,1,0,0,0,15,15,1,6,2,2,3,1,0,14,11,3,2,9,0,1,1
51350123,0,,,688,313,375,103,50,53,581,259,322,360,171,189,552,241,311,541,240,301,221,88,133,106,45,61,33,9,24,4,0,4,0,0,0,255,255,55,81,48,41,19,9,2,199,162,37,20,143,1,34,40
51350124,0,,,1005,491,514,124,64,60,874,421,453,584,290,294,839,403,436,821,397,424,290,131,159,130,54,76,35,13,22,1,1,0,12,11,1,383,383,85,133,76,49,26,7,7,292,247,45,34,198,2,40,64
51350125,0,,,119,59,60,16,8,8,103,51,52,60,32,28,97,47,50,96,46,50,43,19,24,24,9,15,10,3,7,1,0,1,0,0,0,27,27,2,4,4,3,5,5,4,25,6,19,5,24,0,1,1
51350126,0,,,75,35,40,13,7,6,62,28,34,41,19,22,56,23,33,55,23,32,21,9,12,6,2,4,2,0,2,0,0,0,0,0,0,23,23,4,5,4,5,2,2,1,19,13,6,3,14,0,3,4
51350129,0,,,15,6,9,0,0,0,15,6,9,8,4,4,15,6,9,15,6,9,7,2,5,5,2,3,4,1,3,0,0,0,0,0,0,6,6,1,3,1,0,1,0,0,5,3,2,0,5,0,1,1
51350133,0,,,1014,438,576,92,50,42,920,387,533,464,222,242,902,378,524,892,372,520,456,165,291,273,85,188,133,36,97,17,0,17,13,13,0,404,402,133,136,74,36,14,9,0,266,230,36,21,230,10,79,64
51350134,0,,,2216,1061,1155,218,118,100,1987,937,1050,1173,583,590,1940,914,1026,1913,901,1012,814,354,460,401,157,244,111,41,70,8,3,5,2,0,2,1004,1004,334,349,173,99,29,16,4,664,580,84,62,566,16,192,172
51350135,0,,,488,214,274,59,22,37,429,192,237,270,129,141,415,186,229,399,181,218,159,63,96,88,32,56,35,11,24,5,1,4,0,0,0,174,173,41,51,31,34,9,3,4,132,109,23,15,88,5,21,25
51350136,0,,,282,130,152,24,11,13,253,116,137,169,77,92,245,112,133,243,112,131,84,39,45,40,17,23,10,6,4,0,0,0,0,0,0,119,119,43,32,16,20,3,3,2,75,55,20,4,59,3,17,12
51350137,0,,,45,20,25,5,4,1,40,16,24,20,9,11,38,16,22,38,16,22,20,7,13,8,2,6,4,1,3,0,0,0,0,0,0,16,16,3,4,5,2,1,1,0,13,6,7,3,12,0,1,4
51350143,0,,,1323,630,693,100,54,46,1218,573,645,653,330,323,1188,559,629,1175,554,621,565,243,322,312,122,190,112,39,73,10,2,8,9,4,5,573,572,198,199,97,47,24,5,2,371,321,50,23,339,7,112,100
51350144,0,,,3513,1593,1920,369,198,171,3114,1376,1738,1693,814,879,3029,1335,1694,2977,1311,1666,1421,562,859,728,257,471,247,64,183,18,2,16,12,6,6,1572,1570,541,542,250,144,66,19,8,1019,882,137,90,984,18,352,266
51350145,0,,,1309,637,672,172,89,83,1109,533,576,761,381,380,1060,505,555,1038,494,544,348,152,196,129,50,79,27,9,18,0,0,0,8,6,2,563,563,180,179,98,68,30,5,3,381,344,37,38,240,9,81,74
51350148,2,51350158,,10,5,5,*,*,*,*,*,*,*,*,*,*,*,*,*,*,*,*,*,*,*,*,*,*,*,*,*,*,*,*,*,*,3,3,*,*,*,*,*,*,*,*,*,*,*,*,*,*,*
51350151,0,,,13,5,8,3,1,2,10,4,6,6,3,3,10,4,6,10,4,6,4,1,3,1,0,1,1,0,1,1,0,1,0,0,0,5,5,2,0,2,0,1,0,0,3,2,1,0,2,0,1,0
51350153,0,,,493,255,238,37,24,13,456,231,225,250,129,121,448,225,223,439,217,222,206,102,104,97,43,54,33,12,21,1,0,1,4,1,3,201,201,47,79,33,27,12,2,1,153,114,39,6,138,0,34,41
51350154,1,,51350163,802,374,428,105,49,56,700,323,377,452,218,234,678,312,366,657,299,358,248,105,143,143,54,89,63,15,48,10,1,9,0,0,0,291,289,73,91,55,53,14,4,2,213,188,25,22,124,2,41,30
51350155,0,,,680,306,374,80,35,45,595,268,327,389,198,191,580,256,324,570,250,320,206,70,136,121,29,92,56,7,49,9,2,7,7,3,4,252,250,61,86,51,34,14,4,0,186,162,24,18,102,7,30,31
51350156,0,,,264,105,159,24,14,10,240,91,149,113,59,54,236,90,146,231,88,143,127,32,95,96,17,79,72,9,63,20,2,18,0,0,0,62,59,13,15,8,14,5,0,4,44,30,14,6,31,1,7,6
51350157,0,,,177,87,90,35,18,17,142,69,73,111,54,57,128,60,68,126,59,67,31,15,16,13,6,7,3,0,3,1,0,1,0,0,0,52,52,6,12,7,17,7,0,3,46,35,11,11,19,0,3,6
51350158,1,,51350148,168,88,80,26,18,8,152,75,77,94,48,46,144,71,73,142,70,72,58,27,31,30,13,17,17,7,10,0,0,0,0,0,0,41,41,4,12,5,5,4,4,10,40,17,23,7,33,0,2,5
51350159,0,,,79,39,40,4,1,3,75,38,37,38,21,17,74,38,36,73,37,36,37,17,20,18,8,10,7,4,3,1,1,0,0,0,0,31,31,6,13,3,7,2,0,0,25,18,7,1,23,1,5,6
51350161,0,,,428,210,218,59,32,27,369,178,191,219,110,109,354,170,184,349,166,183,150,68,82,65,28,37,26,9,17,3,0,3,0,0,0,125,125,22,30,18,19,12,14,10,103,56,47,13,97,0,18,21
51350162,0,,,448,219,229,59,29,30,389,190,199,247,126,121,377,184,193,370,179,191,142,64,78,79,31,48,28,13,15,2,1,1,1,0,1,136,136,25,33,16,27,17,11,7,111,65,46,14,94,0,19,16
51350163,2,51350154,,13,5,8,*,*,*,*,*,*,*,*,*,*,*,*,*,*,*,*,*,*,*,*,*,*,*,*,*,*,*,*,*,*,3,3,*,*,*,*,*,*,*,*,*,*,*,*,*,*,*
51350164,0,,,162,76,86,32,14,18,130,62,68,83,41,42,127,59,68,126,59,67,47,21,26,21,7,14,6,2,4,0,0,0,0,0,0,49,49,7,12,9,12,4,1,4,42,26,16,6,32,0,3,6
51350165,0,,,1679,819,860,269,139,130,1405,676,729,1099,537,562,1360,655,705,1326,634,692,306,139,167,136,59,77,39,16,23,0,0,0,9,6,3,661,661,178,202,115,104,40,19,3,474,419,55,89,214,24,45,60
51350166,0,,,1207,584,623,220,109,111,987,475,512,760,377,383,946,450,496,912,432,480,227,98,129,104,42,62,42,10,32,7,2,5,5,5,0,412,411,79,117,75,83,31,17,9,329,278,51,61,145,12,28,38
51350167,0,,,291,134,157,41,22,19,249,111,138,159,85,74,246,108,138,244,107,137,90,26,64,63,16,47,33,5,28,4,0,4,0,0,0,81,80,12,22,14,13,9,6,4,66,41,25,16,39,2,4,6
51350169,0,,,1038,516,522,208,106,102,827,407,420,627,316,311,774,377,397,756,364,392,200,91,109,93,45,48,25,12,13,2,0,2,1,0,1,366,365,70,102,70,79,35,4,5,293,264,29,57,125,5,27,46
51350170,0,,,168,78,90,5,3,2,163,75,88,100,50,50,157,73,84,155,73,82,63,25,38,40,12,28,13,4,9,1,0,1,1,0,1,66,66,18,20,10,11,6,1,0,48,33,15,2,44,0,12,7
51350171,0,,,372,175,197,29,13,16,343,162,181,198,97,101,334,159,175,327,155,172,145,65,80,60,23,37,19,6,13,1,0,1,2,0,2,150,150,34,58,31,16,7,1,3,115,96,19,7,90,0,18,34
51350172,0,,,252,116,136,28,13,15,224,103,121,122,60,62,216,96,120,213,95,118,102,43,59,48,15,33,16,4,12,1,0,1,1,0,1,89,89,21,28,15,11,5,5,4,68,48,20,3,65,0,17,17
51350173,0,,,180,85,95,21,12,9,158,73,85,107,48,59,150,69,81,146,67,79,51,25,26,18,7,11,8,3,5,0,0,0,0,0,0,62,62,11,19,9,14,6,3,0,51,40,11,4,34,0,6,12
51350174,0,,,294,135,159,31,16,15,263,119,144,139,68,71,256,117,139,248,110,138,124,51,73,64,22,42,26,10,16,3,1,2,0,0,0,98,97,19,28,19,23,1,2,5,77,56,21,7,66,0,12,19
51350175,0,,,612,280,332,92,36,56,520,244,276,359,168,191,499,234,265,487,229,258,161,76,85,78,33,45,23,7,16,1,0,1,3,2,1,239,239,50,91,37,42,14,4,1,187,163,24,24,111,5,29,39
51350176,0,,,1908,930,978,341,172,169,1554,751,803,1158,559,599,1482,712,770,1439,692,747,396,192,204,194,88,106,58,23,35,5,1,4,5,2,3,682,682,123,203,154,129,52,11,10,549,482,67,104,257,15,54,89
51350177,0,,,1538,742,796,309,172,137,1227,569,658,939,444,495,1181,549,632,1158,536,622,288,125,163,149,53,96,61,21,40,2,1,1,7,3,4,531,531,82,151,133,101,44,10,10,446,381,65,95,197,2,37,48
51350178,0,,,650,285,365,116,58,58,534,227,307,359,168,191,522,225,297,509,218,291,175,59,116,96,19,77,43,5,38,5,0,5,0,0,0,220,217,44,57,42,51,12,6,5,172,136,36,27,106,0,29,24
51350179,0,,,1325,647,678,194,105,89,1131,542,589,722,351,371,1100,528,572,1083,518,565,409,191,218,202,86,116,69,23,46,6,1,5,6,0,6,477,472,99,170,89,76,28,7,3,370,320,50,60,246,5,58,88
51350180,0,,,529,230,299,54,19,35,473,210,263,271,130,141,458,200,258,447,197,250,202,80,122,125,43,82,47,10,37,6,0,6,0,0,0,170,168,32,54,31,23,18,7,3,135,94,41,11,98,1,17,23
51350181,0,,,1931,927,1004,209,108,101,1715,814,901,1092,538,554,1639,775,864,1600,753,847,623,276,347,285,110,175,91,26,65,7,2,5,7,3,4,704,702,129,231,162,119,34,17,10,570,468,102,41,399,8,73,131
51350182,0,,,516,242,274,56,29,27,460,213,247,273,133,140,439,200,239,431,197,234,187,80,107,87,31,56,38,9,29,1,0,1,0,0,0,184,184,34,58,40,30,10,9,3,150,109,41,11,124,0,30,33
51350183,0,,,821,393,428,84,40,44,733,352,381,460,225,235,706,332,374,692,326,366,273,127,146,130,61,69,44,20,24,1,1,0,5,0,5,316,315,69,116,63,36,16,13,2,245,200,45,22,174,3,39,63
51350184,0,,,609,305,304,83,52,31,519,250,269,334,163,171,502,239,263,489,235,254,185,87,98,108,50,58,41,18,23,2,1,1,1,0,1,219,218,50,60,48,32,20,8,0,163,131,32,19,109,5,23,30
51350185,0,,,420,208,212,61,33,28,358,174,184,222,115,107,346,165,181,337,160,177,136,59,77,87,37,50,42,15,27,3,0,3,3,2,1,132,131,37,27,30,20,10,5,2,93,68,25,20,52,2,10,11
51350186,0,,,1012,493,519,149,78,71,862,414,448,596,294,302,841,401,440,817,390,427,266,120,146,135,57,78,52,17,35,6,2,4,1,1,0,346,345,64,97,81,70,20,10,3,279,223,56,43,159,3,36,37
51350187,0,,,991,485,506,150,74,76,841,411,430,573,289,284,820,402,418,803,393,410,268,122,146,124,52,72,45,18,27,6,2,4,2,2,0,340,340,53,95,76,74,32,7,3,286,223,63,43,175,0,35,41
51350188,0,,,1106,490,616,151,59,92,953,430,523,599,291,308,933,420,513,924,416,508,354,139,215,208,70,138,115,29,86,24,2,22,5,4,1,400,396,94,141,64,69,18,4,6,296,254,42,51,182,9,47,62
51350189,0,,,561,259,302,66,37,29,491,220,271,280,128,152,479,216,263,469,208,261,211,92,119,110,43,67,44,14,30,3,0,3,3,0,3,229,229,48,92,40,39,7,3,0,178,152,26,18,137,3,32,51
51350190,0,,,1223,589,634,131,67,64,1055,498,557,650,340,310,1012,472,540,988,461,527,405,158,247,232,83,149,98,20,78,10,1,9,14,5,9,496,495,170,140,95,61,18,6,5,319,276,43,40,221,16,68,61
51350191,0,,,1452,675,777,173,76,97,1256,587,669,844,412,432,1212,560,652,1175,541,634,412,175,237,209,75,134,76,18,58,10,1,9,3,1,2,525,522,113,160,108,89,34,11,7,403,340,63,46,246,4,58,69
51350192,0,,,1022,492,530,170,89,81,843,400,443,631,308,323,790,371,419,770,366,404,212,92,120,93,36,57,30,6,24,3,1,2,3,0,3,349,349,54,100,70,78,38,8,1,293,251,42,43,135,4,25,35
51350193,0,,,1501,730,771,193,114,79,1295,608,687,819,400,419,1245,584,661,1214,564,650,476,208,268,235,101,134,64,23,41,7,3,4,1,1,0,547,547,112,174,100,88,53,18,2,432,341,91,48,304,15,46,95
51350194,0,,,1458,681,777,161,80,81,1286,597,689,822,384,438,1238,575,663,1209,560,649,464,213,251,220,92,128,68,25,43,4,0,4,1,0,1,565,564,127,185,121,89,30,8,4,432,363,69,36,297,8,70,95
51350195,0,,,377,179,198,54,25,29,323,154,169,197,97,100,305,145,160,302,144,158,126,57,69,58,24,34,17,6,11,1,1,0,0,0,0,127,127,24,39,19,26,9,5,5,102,69,33,8,84,0,19,25
51350196,0,,,369,171,198,32,17,15,337,154,183,178,86,92,322,148,174,317,145,172,159,68,91,81,33,48,26,12,14,3,2,1,0,0,0,123,123,21,35,25,25,5,7,5,102,60,42,6,100,0,18,20
51350197,0,,,555,267,288,54,30,24,501,237,264,311,150,161,491,231,260,485,229,256,190,87,103,91,36,55,27,10,17,2,1,1,1,0,1,163,163,22,38,29,40,12,10,12,140,72,68,9,122,0,13,23
51350198,0,,,31,13,18,3,1,2,28,12,16,17,9,8,27,11,16,27,11,16,11,3,8,4,2,2,0,0,0,0,0,0,1,0,1,13,13,3,6,1,2,1,0,0,10,8,2,0,8,0,1,2
51350199,0,,,78,37,41,3,2,1,75,35,40,36,17,19,72,34,38,71,33,38,39,18,21,17,6,11,7,0,7,0,0,0,0,0,0,33,33,12,9,5,2,5,0,0,21,14,7,0,26,0,8,7
51350216,1,,51350217,14,6,8,0,0,0,20,8,12,6,3,3,20,8,12,20,8,12,14,5,9,11,3,8,2,1,1,0,0,0,0,0,0,10,10,11,3,1,0,0,0,0,4,3,1,0,13,0,10,1
51350217,2,51350216,,6,2,4,*,*,*,*,*,*,*,*,*,*,*,*,*,*,*,*,*,*,*,*,*,*,*,*,*,*,*,*,*,*,5,5,*,*,*,*,*,*,*,*,*,*,*,*,*,*,*
51350220,2,51350230,,7,4,3,*,*,*,*,*,*,*,*,*,*,*,*,*,*,*,*,*,*,*,*,*,*,*,*,*,*,*,*,*,*,3,3,*,*,*,*,*,*,*,*,*,*,*,*,*,*,*
51350223,0,,,14,7,7,0,0,0,14,7,7,7,4,3,14,7,7,14,7,7,7,3,4,5,2,3,1,1,0,0,0,0,0,0,0,7,7,2,3,2,0,0,0,0,5,4,1,0,5,0,2,1
51350230,1,,51350220,32,16,16,0,0,0,39,20,19,20,9,11,39,20,19,39,20,19,19,11,8,9,4,5,4,2,2,0,0,0,0,0,0,14,14,3,8,4,2,0,0,0,13,10,3,0,14,0,3,7
51350231,2,51350241,,7,4,3,*,*,*,*,*,*,*,*,*,*,*,*,*,*,*,*,*,*,*,*,*,*,*,*,*,*,*,*,*,*,4,4,*,*,*,*,*,*,*,*,*,*,*,*,*,*,*
51350233,1,,51350243,24,11,13,2,1,1,26,11,15,13,4,9,26,11,15,26,11,15,13,7,6,9,5,4,1,0,1,0,0,0,0,0,0,10,10,6,2,3,1,1,0,0,7,6,1,1,10,0,5,1
51350240,0,,,114,53,61,9,4,5,105,49,56,59,29,30,104,48,56,102,46,56,46,20,26,30,12,18,10,4,6,0,0,0,0,0,0,41,41,3,20,9,3,4,2,0,38,29,9,2,29,0,3,10
51350241,1,,51350231,86,41,45,2,1,1,91,44,47,36,19,17,90,43,47,88,41,47,55,25,30,31,13,18,4,2,2,1,0,1,1,0,1,39,39,14,17,7,3,1,0,1,29,27,2,0,36,0,11,13
51350242,0,,,48,23,25,3,3,0,45,20,25,17,10,7,45,20,25,45,20,25,28,10,18,14,2,12,7,0,7,3,0,3,0,0,0,24,24,11,5,6,1,1,0,0,12,7,5,1,19,0,8,1
51350243,2,51350233,,4,1,3,*,*,*,*,*,*,*,*,*,*,*,*,*,*,*,*,*,*,*,*,*,*,*,*,*,*,*,*,*,*,3,3,*,*,*,*,*,*,*,*,*,*,*,*,*,*,*
51350250,0,,,642,256,386,50,27,23,592,229,363,308,140,168,577,223,354,562,217,345,284,89,195,177,36,141,98,11,87,11,0,11,1,0,1,211,210,40,80,39,34,8,7,2,170,136,34,12,126,1,27,41
51350252,0,,,38,17,21,2,1,1,36,16,20,15,8,7,35,15,20,35,15,20,21,8,13,12,4,8,6,2,4,2,1,1,0,0,0,19,19,6,9,2,2,0,0,0,12,10,2,1,13,0,5,4
51350254,0,,,25,12,13,3,1,2,22,11,11,9,4,5,21,11,10,21,11,10,13,7,6,8,4,4,1,1,0,0,0,0,0,0,0,13,13,8,1,3,0,0,1,0,5,4,1,0,10,0,6,1
51350255,1,,51350264,83,37,46,4,2,2,83,37,46,35,15,20,82,36,46,80,36,44,48,22,26,25,11,14,8,2,6,1,1,0,1,0,1,39,39,14,16,8,1,0,1,1,27,25,2,2,32,0,13,10
51350256,0,,,81,45,36,8,8,0,73,37,36,38,17,21,73,37,36,72,36,36,35,20,15,14,5,9,7,3,4,0,0,0,0,0,0,39,39,14,15,6,2,1,1,0,25,21,4,2,23,0,10,6
51350257,0,,,87,43,44,3,2,1,84,41,43,28,15,13,84,41,43,84,41,43,56,26,30,36,16,20,11,6,5,1,0,1,0,0,0,51,51,22,25,2,1,1,0,0,29,25,4,1,41,0,17,15
51350258,2,51350268,,3,1,2,*,*,*,*,*,*,*,*,*,*,*,*,*,*,*,*,*,*,*,*,*,*,*,*,*,*,*,*,*,*,2,2,*,*,*,*,*,*,*,*,*,*,*,*,*,*,*
51350259,2,51350269,,8,3,5,*,*,*,*,*,*,*,*,*,*,*,*,*,*,*,*,*,*,*,*,*,*,*,*,*,*,*,*,*,*,4,4,*,*,*,*,*,*,*,*,*,*,*,*,*,*,*
51350260,0,,,794,371,423,95,48,47,699,323,376,439,212,227,677,309,368,662,305,357,260,111,149,155,59,96,74,22,52,12,2,10,8,4,4,274,272,50,85,58,47,23,7,2,222,184,38,19,149,4,31,42
51350261,0,,,151,72,79,8,3,5,143,69,74,90,48,42,139,65,74,136,64,72,53,21,32,26,11,15,8,3,5,1,0,1,0,0,0,65,65,26,14,12,8,2,2,1,39,24,15,2,37,0,8,6
51350262,0,,,89,41,48,11,6,5,78,35,43,45,20,25,76,33,43,75,33,42,33,15,18,18,7,11,5,1,4,1,0,1,0,0,0,30,30,5,9,4,8,2,2,0,25,16,9,4,21,0,3,7
51350263,0,,,18,7,11,3,0,3,15,7,8,8,3,5,15,7,8,15,7,8,7,4,3,3,2,1,0,0,0,0,0,0,0,0,0,6,6,0,3,1,1,1,0,0,6,5,1,0,4,0,0,3
51350264,2,51350255,,4,2,2,*,*,*,*,*,*,*,*,*,*,*,*,*,*,*,*,*,*,*,*,*,*,*,*,*,*,*,*,*,*,2,2,*,*,*,*,*,*,*,*,*,*,*,*,*,*,*
51350265,0,,,74,36,38,1,0,1,73,36,37,31,16,15,72,36,36,69,34,35,42,20,22,22,11,11,2,0,2,1,0,1,0,0,0,33,33,9,12,9,2,0,1,0,23,20,3,0,27,0,7,9
51350266,0,,,19,10,9,1,1,0,18,9,9,8,5,3,18,9,9,18,9,9,10,4,6,5,2,3,3,1,2,0,0,0,0,0,0,8,8,2,2,3,1,0,0,0,6,5,1,0,6,0,2,1
51350267,0,,,28,11,17,0,0,0,28,11,17,9,5,4,28,11,17,28,11,17,19,6,13,12,3,9,6,1,5,2,0,2,0,0,0,13,13,4,5,2,2,0,0,0,9,5,4,0,12,1,3,4
51350268,1,,51350258,41,18,23,1,0,1,43,19,24,11,7,4,43,19,24,43,19,24,32,12,20,24,8,16,10,3,7,0,0,0,0,0,0,25,25,13,11,3,0,0,0,0,14,13,1,0,23,0,11,6
51350269,1,,51350259,11,3,8,0,0,0,19,6,13,6,2,4,19,6,13,19,6,13,13,4,9,6,1,5,1,0,1,0,0,0,0,0,0,7,7,5,4,2,0,0,0,0,6,6,0,0,11,0,5,1
51350270,0,,,1072,493,579,116,53,63,952,436,516,542,253,289,927,425,502,917,421,496,410,183,227,244,99,145,85,31,54,7,1,6,2,1,1,440,439,118,150,85,51,28,7,0,317,257,60,23,271,3,84,81
51350274,2,51350285,,6,2,4,*,*,*,*,*,*,*,*,*,*,*,*,*,*,*,*,*,*,*,*,*,*,*,*,*,*,*,*,*,*,4,4,*,*,*,*,*,*,*,*,*,*,*,*,*,*,*
51350277,0,,,36,19,17,4,2,2,32,17,15,10,6,4,31,16,15,31,16,15,22,11,11,14,6,8,4,1,3,3,1,2,0,0,0,18,18,6,8,2,2,0,0,0,12,11,1,1,15,0,6,6
51350278,1,,51350279,100,28,72,1,0,1,101,29,72,18,10,8,100,29,71,100,29,71,83,19,64,77,17,60,56,10,46,12,1,11,0,0,0,30,29,18,7,3,2,0,0,0,12,10,2,1,25,0,16,4
51350279,2,51350278,,2,1,1,*,*,*,*,*,*,*,*,*,*,*,*,*,*,*,*,*,*,*,*,*,*,*,*,*,*,*,*,*,*,1,1,*,*,*,*,*,*,*,*,*,*,*,*,*,*,*
51350280,0,,,519,254,265,59,33,26,460,221,239,277,141,136,440,210,230,436,208,228,183,80,103,110,47,63,44,15,29,3,0,3,2,1,1,193,193,39,59,41,35,15,4,0,154,120,34,14,126,1,28,34
51350281,0,,,529,239,290,44,23,21,485,216,269,268,128,140,473,212,261,468,209,259,217,88,129,145,51,94,76,22,54,8,2,6,0,0,0,160,159,15,54,45,21,13,7,4,144,107,37,8,105,1,9,33
51350282,1,,51350283,115,54,61,13,2,11,106,54,52,59,29,30,101,50,51,98,49,49,47,25,22,12,7,5,4,3,1,0,0,0,0,0,0,35,35,3,13,8,6,3,2,2,34,26,8,1,29,0,3,9
51350283,2,51350282,,4,2,2,*,*,*,*,*,*,*,*,*,*,*,*,*,*,*,*,*,*,*,*,*,*,*,*,*,*,*,*,*,*,2,2,*,*,*,*,*,*,*,*,*,*,*,*,*,*,*
51350284,0,,,4,0,4,0,0,0,4,0,4,0,0,0,4,0,4,4,0,4,4,0,4,4,0,4,3,0,3,0,0,0,0,0,0,4,4,4,0,0,0,0,0,0,0,0,0,0,4,0,4,0
51350285,1,,51350274,18,9,9,0,0,0,24,11,13,5,4,1,24,11,13,24,11,13,19,7,12,16,6,10,5,2,3,0,0,0,0,0,0,10,10,6,6,2,0,0,0,0,8,8,0,0,13,0,5,4
51350286,0,,,27,13,14,0,0,0,27,13,14,3,2,1,27,13,14,27,13,14,24,11,13,14,4,10,5,2,3,0,0,0,0,0,0,18,18,10,7,1,0,0,0,0,8,8,0,0,17,0,9,6
51350287,0,,,38,18,20,0,0,0,38,18,20,9,5,4,38,18,20,38,18,20,29,13,16,15,5,10,12,5,7,2,1,1,1,0,1,22,22,8,12,2,0,0,0,0,14,13,1,0,19,0,7,10
51350288,0,,,210,92,118,6,3,3,204,89,115,91,46,45,198,87,111,195,85,110,113,43,70,69,24,45,29,10,19,3,1,2,0,0,0,105,105,39,43,13,5,4,1,0,65,56,9,2,80,2,31,28
51350289,0,,,12,4,8,0,0,0,12,4,8,6,2,4,12,4,8,12,4,8,6,2,4,6,2,4,3,2,1,0,0,0,0,0,0,8,8,4,4,0,0,0,0,0,4,4,0,0,5,0,2,1
51350291,0,,,120,63,57,9,8,1,111,55,56,61,31,30,110,54,56,109,54,55,50,24,26,23,9,14,12,5,7,0,0,0,1,0,1,45,45,6,18,10,10,0,0,1,39,30,9,1,33,0,5,10
51350292,0,,,277,129,148,20,13,7,257,116,141,129,66,63,251,112,139,247,111,136,128,50,78,69,27,42,23,9,14,2,1,1,0,0,0,101,101,20,35,23,10,5,6,2,80,54,26,6,82,0,18,19
51350293,0,,,17,7,10,0,0,0,17,7,10,6,3,3,17,7,10,17,7,10,11,4,7,9,3,6,6,1,5,1,0,1,0,0,0,10,10,4,5,1,0,0,0,0,6,4,2,0,9,0,4,2
51350294,0,,,40,20,20,0,0,0,40,20,20,16,11,5,39,19,20,39,19,20,24,9,15,18,6,12,6,1,5,2,0,2,0,0,0,19,19,6,7,4,2,0,0,0,13,8,5,0,17,0,6,3
51350295,0,,,41,20,21,3,1,2,38,19,19,22,12,10,38,19,19,38,19,19,16,7,9,10,5,5,5,2,3,1,0,1,0,0,0,14,14,1,7,2,2,1,0,1,13,8,5,0,10,0,1,2
51350299,0,,,16,9,7,0,0,0,16,9,7,3,2,1,16,9,7,16,9,7,13,7,6,10,6,4,3,2,1,0,0,0,0,0,0,10,10,5,4,1,0,0,0,0,5,4,1,0,8,0,3,3
51350303,2,51350313,,3,1,2,*,*,*,*,*,*,*,*,*,*,*,*,*,*,*,*,*,*,*,*,*,*,*,*,*,*,*,*,*,*,2,2,*,*,*,*,*,*,*,*,*,*,*,*,*,*,*
51350313,1,,51350303,9,5,4,0,0,0,12,6,6,1,1,0,12,6,6,12,6,6,11,5,6,8,5,3,4,2,2,0,0,0,0,0,0,4,4,2,2,2,0,0,0,0,4,3,1,0,6,0,2,2
51350350,0,,,22,9,13,2,2,0,20,7,13,6,2,4,20,7,13,20,7,13,14,5,9,8,1,7,6,0,6,0,0,0,0,0,0,11,11,4,4,2,1,0,0,0,7,7,0,1,10,0,4,1
51350351,0,,,29,14,15,0,0,0,29,14,15,7,4,3,29,14,15,29,14,15,22,10,12,15,7,8,7,3,4,1,0,1,0,0,0,21,21,13,8,0,0,0,0,0,8,8,0,0,17,0,10,4
51350361,0,,,29,8,21,0,0,0,29,8,21,4,2,2,29,8,21,29,8,21,25,6,19,20,5,15,9,2,7,1,0,1,0,0,0,20,20,14,3,3,0,0,0,0,6,6,0,0,19,0,13,2
51350362,0,,,14,6,8,0,0,0,14,6,8,6,4,2,13,5,8,13,5,8,8,2,6,8,2,6,3,0,3,0,0,0,1,0,1,9,9,7,0,1,1,0,0,0,2,1,1,0,8,0,7,0
51350370,1,,51350371,10,6,4,0,0,0,16,9,7,4,2,2,16,9,7,16,9,7,12,7,5,3,2,1,0,0,0,0,0,0,0,0,0,6,6,5,4,1,0,0,0,0,5,4,1,0,9,0,4,2
51350371,2,51350370,,6,3,3,*,*,*,*,*,*,*,*,*,*,*,*,*,*,*,*,*,*,*,*,*,*,*,*,*,*,*,*,*,*,4,4,*,*,*,*,*,*,*,*,*,*,*,*,*,*,*
51350375,1,,51350384,22,10,12,0,0,0,24,11,13,8,4,4,23,11,12,22,10,12,16,7,9,9,4,5,3,2,1,0,0,0,0,0,0,10,10,6,3,2,0,0,1,0,6,4,2,0,11,0,5,2
51350376,1,,51350377,27,10,17,0,0,0,30,11,19,7,3,4,30,11,19,30,11,19,23,8,15,14,6,8,4,2,2,1,0,1,1,0,1,18,18,11,8,1,0,0,0,0,9,9,0,0,18,0,11,4
51350377,2,51350376,,3,1,2,*,*,*,*,*,*,*,*,*,*,*,*,*,*,*,*,*,*,*,*,*,*,*,*,*,*,*,*,*,*,2,2,*,*,*,*,*,*,*,*,*,*,*,*,*,*,*
51350379,0,,,17,7,10,0,0,0,17,7,10,3,2,1,17,7,10,17,7,10,14,5,9,12,5,7,5,2,3,0,0,0,0,0,0,11,11,5,6,0,0,0,0,0,6,6,0,0,11,0,5,3
51350384,2,51350375,,2,1,1,*,*,*,*,*,*,*,*,*,*,*,*,*,*,*,*,*,*,*,*,*,*,*,*,*,*,*,*,*,*,2,2,*,*,*,*,*,*,*,*,*,*,*,*,*,*,*
51350385,2,51350386,,6,2,4,*,*,*,*,*,*,*,*,*,*,*,*,*,*,*,*,*,*,*,*,*,*,*,*,*,*,*,*,*,*,2,2,*,*,*,*,*,*,*,*,*,*,*,*,*,*,*
51350386,1,,51350385,6,3,3,0,0,0,12,5,7,4,1,3,12,5,7,12,5,7,8,4,4,8,4,4,1,1,0,0,0,0,0,0,0,4,4,2,3,0,1,0,0,0,4,4,0,0,5,0,2,3
51350390,0,,,24,11,13,3,1,2,21,10,11,6,5,1,21,10,11,21,10,11,15,5,10,11,3,8,5,1,4,1,0,1,0,0,0,13,13,7,3,2,0,1,0,0,6,5,1,0,10,0,5,3
51350393,0,,,65,32,33,0,0,0,65,32,33,27,16,11,65,32,33,64,31,33,38,16,22,20,9,11,7,3,4,2,0,2,0,0,0,31,31,6,17,7,1,0,0,0,25,22,3,0,23,0,6,8
51350394,0,,,75,32,43,0,0,0,75,32,43,29,14,15,73,31,42,73,31,42,46,18,28,24,7,17,13,3,10,2,0,2,0,0,0,39,39,14,17,5,3,0,0,0,25,22,3,0,32,0,12,8
51350404,0,,,13,7,6,0,0,0,13,7,6,4,3,1,13,7,6,13,7,6,9,4,5,7,3,4,3,0,3,1,0,1,0,0,0,7,7,1,6,0,0,0,0,0,6,6,0,0,6,0,1,2
51350536,2,51350545,,2,1,1,*,*,*,*,*,*,*,*,*,*,*,*,*,*,*,*,*,*,*,*,*,*,*,*,*,*,*,*,*,*,1,1,*,*,*,*,*,*,*,*,*,*,*,*,*,*,*
51350545,1,,51350536;51350546,23,13,10,0,0,0,31,16,15,18,7,11,31,16,15,31,16,15,13,9,4,6,4,2,1,1,0,0,0,0,1,1,0,12,12,3,8,4,0,0,0,0,12,11,1,0,10,0,3,3
51350546,2,51350545,,6,2,4,*,*,*,*,*,*,*,*,*,*,*,*,*,*,*,*,*,*,*,*,*,*,*,*,*,*,*,*,*,*,2,2,*,*,*,*,*,*,*,*,*,*,*,*,*,*,*
51350556,0,,,17,8,9,0,0,0,17,8,9,2,2,0,17,8,9,17,8,9,15,6,9,8,3,5,6,3,3,0,0,0,0,0,0,10,10,5,4,0,1,0,0,0,4,3,1,0,10,0,5,2
51350569,0,,,11,6,5,0,0,0,11,6,5,4,3,1,11,6,5,11,6,5,7,3,4,4,1,3,2,1,1,0,0,0,0,0,0,6,6,2,3,1,0,0,0,0,4,3,1,0,5,0,1,2
51350579,0,,,24,13,11,2,1,1,22,12,10,10,6,4,22,12,10,22,12,10,12,6,6,6,2,4,2,1,1,0,0,0,0,0,0,11,11,3,5,1,2,0,0,0,8,7,1,0,8,0,2,4
51350603,0,,,20,10,10,0,0,0,20,10,10,14,6,8,19,10,9,19,10,9,6,4,2,2,1,1,1,0,1,0,0,0,0,0,0,10,10,2,6,2,0,0,0,0,8,8,0,0,5,0,1,2
51350607,2,51350614,,6,2,4,*,*,*,*,*,*,*,*,*,*,*,*,*,*,*,*,*,*,*,*,*,*,*,*,*,*,*,*,*,*,3,3,*,*,*,*,*,*,*,*,*,*,*,*,*,*,*
51350613,0,,,56,30,26,9,6,3,47,24,23,27,15,12,44,22,22,44,22,22,20,9,11,5,2,3,1,0,1,1,0,1,1,0,1,23,23,6,9,3,2,3,0,0,16,15,1,1,12,1,1,5
51350614,1,,51350607,5,4,1,3,2,1,8,4,4,5,3,2,8,4,4,8,4,4,3,1,2,3,1,2,0,0,0,0,0,0,0,0,0,2,2,2,1,1,1,0,0,0,3,3,0,1,2,0,1,1
51350622,0,,,73,41,32,1,1,0,72,40,32,49,31,18,72,40,32,72,40,32,23,9,14,12,7,5,4,3,1,0,0,0,0,0,0,13,12,8,1,2,1,0,0,0,4,3,1,1,6,0,3,1
51350632,1,,51350633,67,30,37,9,4,5,62,28,34,39,18,21,61,28,33,60,27,33,23,10,13,12,5,7,4,2,2,1,0,1,0,0,0,32,32,14,10,8,2,1,0,0,21,19,2,4,15,2,6,5
51350633,2,51350632,,4,2,2,*,*,*,*,*,*,*,*,*,*,*,*,*,*,*,*,*,*,*,*,*,*,*,*,*,*,*,*,*,*,3,3,*,*,*,*,*,*,*,*,*,*,*,*,*,*,*
51350642,2,51350643,,6,3,3,*,*,*,*,*,*,*,*,*,*,*,*,*,*,*,*,*,*,*,*,*,*,*,*,*,*,*,*,*,*,3,3,*,*,*,*,*,*,*,*,*,*,*,*,*,*,*
51350643,1,,51350642,9,5,4,0,0,0,15,8,7,8,6,2,15,8,7,15,8,7,7,2,5,4,1,3,2,0,2,0,0,0,0,0,0,3,3,2,2,1,0,0,1,0,4,2,2,0,5,0,2,1
51350652,0,,,50,28,22,1,1,0,49,27,22,30,17,13,49,27,22,49,27,22,19,10,9,15,8,7,4,4,0,0,0,0,0,0,0,24,24,7,10,5,2,0,0,0,17,16,1,1,14,1,3,3
51350653,2,51350662,,6,2,4,*,*,*,*,*,*,*,*,*,*,*,*,*,*,*,*,*,*,*,*,*,*,*,*,*,*,*,*,*,*,5,5,*,*,*,*,*,*,*,*,*,*,*,*,*,*,*
51350662,1,,51350653,27,14,13,8,3,5,25,13,12,11,7,4,25,13,12,25,13,12,14,6,8,9,3,6,6,2,4,0,0,0,0,0,0,11,11,8,5,1,1,0,0,1,8,8,0,1,10,0,5,3
51350663,0,,,49,27,22,6,4,2,43,23,20,23,15,8,40,20,20,38,20,18,20,8,12,11,4,7,6,3,3,0,0,0,0,0,0,23,23,11,9,0,0,1,0,2,12,11,1,0,15,0,8,4
51350665,0,,,16,7,9,0,0,0,16,7,9,8,3,5,16,7,9,16,7,9,8,4,4,3,1,2,3,1,2,0,0,0,0,0,0,6,6,0,4,0,2,0,0,0,6,4,2,0,5,0,0,3
51350673,1,,51350690,29,13,16,1,0,1,40,16,24,12,5,7,40,16,24,40,16,24,28,11,17,23,8,15,10,4,6,1,1,0,0,0,0,14,14,10,6,2,2,1,0,0,11,8,3,0,19,1,8,4
51350674,0,,,10,4,6,0,0,0,10,4,6,2,1,1,10,4,6,10,4,6,8,3,5,5,1,4,3,0,3,1,0,1,0,0,0,8,8,6,2,0,0,0,0,0,2,2,0,0,7,0,5,1
51350689,0,,,146,146,0,0,0,0,146,146,0,146,146,0,28,28,0,0,0,0,0,0,0,0,0,0,0,0,0,0,0,0,0,0,0,1,0,0,0,0,0,0,0,0,0,0,0,0,0,0,0,0
51350690,2,51350673,,12,3,9,*,*,*,*,*,*,*,*,*,*,*,*,*,*,*,*,*,*,*,*,*,*,*,*,*,*,*,*,*,*,7,7,*,*,*,*,*,*,*,*,*,*,*,*,*,*,*
51350706,0,,,129,62,67,7,4,3,122,58,64,63,35,28,122,58,64,122,58,64,59,23,36,36,9,27,18,5,13,1,1,0,3,3,0,85,85,50,28,5,2,0,0,0,35,34,1,3,46,5,26,14
51350707,0,,,83,45,38,6,3,3,77,42,35,39,22,17,77,42,35,77,42,35,38,20,18,26,11,15,11,5,6,2,1,1,0,0,0,50,50,26,17,5,2,0,0,0,23,23,0,4,27,1,12,6
51350708,0,,,76,39,37,1,0,1,75,39,36,28,15,13,75,39,36,75,39,36,47,24,23,38,19,19,9,6,3,0,0,0,1,0,1,46,46,19,24,3,0,0,0,0,27,27,0,1,32,1,16,14
51350715,0,,,15,6,9,0,0,0,15,6,9,5,3,2,15,6,9,15,6,9,10,3,7,8,3,5,3,1,2,0,0,0,0,0,0,8,8,2,5,1,0,0,0,0,6,6,0,0,7,0,1,2
51350716,0,,,12,8,4,2,2,0,10,6,4,3,2,1,10,6,4,10,6,4,7,4,3,2,2,0,0,0,0,0,0,0,0,0,0,6,6,3,1,1,1,0,0,0,3,3,0,1,5,0,3,1
51350718,0,,,37,19,18,0,0,0,37,19,18,15,6,9,37,19,18,37,19,18,22,13,9,12,6,6,3,1,2,1,1,0,0,0,0,21,21,8,10,3,0,0,0,0,13,13,0,0,15,0,5,8
51350726,2,51350736,,2,1,1,*,*,*,*,*,*,*,*,*,*,*,*,*,*,*,*,*,*,*,*,*,*,*,*,*,*,*,*,*,*,1,1,*,*,*,*,*,*,*,*,*,*,*,*,*,*,*
51350728,0,,,13,6,7,0,0,0,13,6,7,10,6,4,13,6,7,13,6,7,3,0,3,3,0,3,3,0,3,0,0,0,0,0,0,7,7,3,3,0,1,0,0,0,4,4,0,0,3,0,2,0
51350736,1,,51350726,80,37,43,7,6,1,75,32,43,31,13,18,75,32,43,75,32,43,44,19,25,25,10,15,5,1,4,1,0,1,0,0,0,47,47,21,22,3,2,0,0,0,27,27,0,1,32,0,16,12
51350737,0,,,14,8,6,1,1,0,13,7,6,5,2,3,13,7,6,13,7,6,8,5,3,5,2,3,1,0,1,0,0,0,0,0,0,9,9,7,0,1,1,0,0,0,2,2,0,0,8,0,7,0
51350746,0,,,50,20,30,9,3,6,41,17,24,26,14,12,40,17,23,40,17,23,15,3,12,7,0,7,0,0,0,0,0,0,0,0,0,29,29,18,5,3,2,1,0,0,11,9,2,3,14,0,11,2
51350747,0,,,137,64,73,8,5,3,129,59,70,66,35,31,128,59,69,127,58,69,63,24,39,24,6,18,10,2,8,1,0,1,3,2,1,85,85,47,28,7,2,1,0,0,37,35,2,0,45,7,23,16
51350756,0,,,54,28,26,4,1,3,50,27,23,27,18,9,49,27,22,49,27,22,23,9,14,13,4,9,5,1,4,0,0,0,0,0,0,35,35,22,10,1,1,1,0,0,13,13,0,1,17,0,11,5
51351008,0,,,2193,1045,1148,184,94,90,2001,946,1055,1177,599,578,1944,916,1028,1917,900,1017,824,347,477,428,153,275,131,34,97,9,3,6,20,17,3,953,952,295,323,180,97,39,14,4,647,537,110,47,573,20,177,143
51351009,0,,,2257,1051,1206,199,102,97,2045,942,1103,1069,554,515,1996,915,1081,1968,897,1071,976,388,588,596,208,388,228,61,167,24,5,19,22,12,10,927,923,303,307,159,101,34,13,6,609,510,99,47,557,23,171,151
51351018,0,,,65,30,35,2,1,1,63,29,34,37,18,19,62,28,34,60,26,34,26,11,15,12,5,7,1,0,1,0,0,0,3,1,2,31,31,11,12,4,3,0,1,0,18,15,3,1,17,1,6,7
51351019,0,,,1176,587,589,112,60,52,1055,523,532,610,322,288,1032,510,522,1020,503,517,445,201,244,216,86,130,70,22,48,7,0,7,5,2,3,478,478,146,139,89,57,33,9,5,331,261,70,33,292,18,76,81
51351029,0,,,1022,478,544,91,50,41,928,425,503,510,246,264,908,417,491,897,413,484,418,179,239,228,86,142,74,20,54,5,1,4,25,10,15,421,421,129,140,60,54,20,12,6,289,222,67,18,286,2,86,68
51351100,0,,,993,485,508,129,75,54,853,404,449,534,266,268,819,386,433,807,378,429,319,138,181,154,61,93,57,23,34,4,3,1,7,5,2,387,387,96,121,73,66,19,8,4,289,240,49,33,202,6,50,64
51351101,0,,,404,198,206,28,17,11,376,181,195,200,104,96,362,169,193,355,165,190,176,77,99,101,43,58,28,13,15,1,0,1,0,0,0,151,151,28,58,26,20,12,7,0,123,93,30,6,111,0,19,42
51351102,0,,,254,124,130,26,13,13,228,111,117,128,68,60,218,102,116,215,102,113,100,43,57,59,25,34,15,6,9,0,0,0,0,0,0,94,94,23,25,22,9,12,2,1,70,48,22,3,68,1,15,12
51351103,0,,,480,229,251,63,35,28,416,194,222,273,134,139,401,188,213,393,185,208,143,60,83,70,28,42,11,3,8,0,0,0,0,0,0,167,167,23,53,43,28,12,6,2,144,117,27,19,91,0,16,29
51351104,0,,,206,98,108,22,13,9,177,82,95,105,52,53,171,78,93,167,74,93,72,30,42,31,13,18,9,3,6,0,0,0,0,0,0,79,79,18,27,16,6,10,2,0,60,49,11,3,45,1,9,15
51351107,0,,,48,27,21,2,1,1,46,26,20,30,16,14,46,26,20,43,25,18,16,10,6,8,4,4,0,0,0,0,0,0,0,0,0,15,15,4,3,2,3,0,1,2,11,7,4,1,12,0,4,3
51351110,0,,,124,61,63,12,8,4,112,53,59,61,30,31,109,52,57,107,51,56,51,23,28,23,11,12,8,4,4,1,0,1,0,0,0,43,43,3,18,11,5,5,0,1,40,31,9,2,30,0,3,10
51351111,2,51351121,,4,1,3,*,*,*,*,*,*,*,*,*,*,*,*,*,*,*,*,*,*,*,*,*,*,*,*,*,*,*,*,*,*,1,1,*,*,*,*,*,*,*,*,*,*,*,*,*,*,*
51351114,2,51351123,,3,2,1,*,*,*,*,*,*,*,*,*,*,*,*,*,*,*,*,*,*,*,*,*,*,*,*,*,*,*,*,*,*,2,2,*,*,*,*,*,*,*,*,*,*,*,*,*,*,*
51351115,0,,,12,7,5,0,0,0,12,7,5,3,2,1,12,7,5,12,7,5,9,5,4,5,3,2,2,2,0,1,1,0,0,0,0,6,6,1,4,1,0,0,0,0,5,4,1,0,6,0,1,2
51351117,2,51351127,,8,2,6,*,*,*,*,*,*,*,*,*,*,*,*,*,*,*,*,*,*,*,*,*,*,*,*,*,*,*,*,*,*,2,2,*,*,*,*,*,*,*,*,*,*,*,*,*,*,*
51351118,2,51351119,,8,5,3,*,*,*,*,*,*,*,*,*,*,*,*,*,*,*,*,*,*,*,*,*,*,*,*,*,*,*,*,*,*,4,4,*,*,*,*,*,*,*,*,*,*,*,*,*,*,*
51351119,1,,51351118,51,23,28,2,1,1,57,27,30,19,10,9,56,27,29,56,27,29,38,17,21,24,10,14,6,3,3,0,0,0,0,0,0,23,23,9,9,5,3,1,0,0,18,15,3,1,25,0,9,9
51351120,0,,,60,24,36,2,1,1,58,23,35,37,16,21,56,22,34,56,22,34,21,7,14,13,4,9,5,2,3,0,0,0,0,0,0,20,19,2,7,5,3,1,1,0,17,13,4,0,14,0,1,5
51351121,1,,51351111,360,177,183,15,11,4,348,167,181,179,89,90,341,163,178,339,161,178,169,78,91,87,36,51,27,11,16,0,0,0,2,1,1,153,153,27,70,39,12,4,2,0,127,106,21,5,115,0,20,31
51351122,0,,,483,232,251,44,18,26,435,210,225,269,142,127,425,205,220,418,199,219,166,68,98,84,28,56,29,7,22,0,0,0,2,2,0,201,201,57,66,36,28,11,2,1,143,120,23,9,116,2,27,30
51351123,1,,51351114,250,119,131,14,6,8,239,115,124,123,61,62,232,112,120,230,111,119,116,54,62,54,27,27,17,8,9,0,0,0,0,0,0,91,91,19,32,20,8,9,3,2,74,54,20,2,74,0,12,23
51351124,0,,,32,13,19,3,2,1,29,11,18,19,7,12,27,10,17,27,10,17,10,4,6,5,1,4,1,0,1,0,0,0,0,0,0,12,12,4,1,3,3,1,0,0,8,5,3,1,8,0,3,0
51351127,1,,51351117,64,28,36,4,0,4,68,30,38,37,18,19,68,30,38,68,30,38,31,12,19,15,6,9,5,1,4,1,0,1,0,0,0,22,22,3,9,3,6,1,1,1,21,11,10,1,19,0,3,5
51351130,0,,,175,76,99,2,2,0,173,74,99,81,40,41,173,74,99,172,74,98,92,34,58,61,22,39,19,6,13,2,0,2,0,0,0,83,83,29,33,9,7,5,0,0,54,37,17,1,65,0,21,18
51351131,0,,,848,383,465,54,28,26,787,354,433,424,198,226,760,339,421,747,331,416,363,156,207,220,83,137,71,23,48,3,0,3,13,5,8,368,368,116,129,62,37,8,12,4,248,201,47,15,262,0,97,63
51351132,0,,,1040,515,525,105,49,56,931,464,467,596,309,287,900,444,456,879,432,447,335,155,180,163,69,94,47,15,32,3,1,2,2,1,1,405,405,94,134,87,52,24,11,3,311,259,52,26,221,8,50,68
51351133,0,,,64,21,43,8,2,6,56,19,37,25,13,12,54,17,37,53,16,37,31,6,25,25,4,21,15,1,14,2,0,2,0,0,0,14,13,1,2,3,4,2,1,0,12,8,4,2,7,0,1,1
51351134,0,,,27,18,9,1,1,0,26,17,9,13,9,4,24,15,9,23,14,9,13,8,5,5,3,2,0,0,0,0,0,0,0,0,0,8,8,2,1,2,0,1,2,0,6,2,4,0,7,0,2,1
51351135,0,,,116,52,64,4,4,0,112,48,64,64,30,34,110,46,64,109,46,63,48,18,30,21,4,17,12,3,9,1,0,1,0,0,0,41,41,6,14,10,6,3,1,1,35,21,14,1,32,0,4,8
51351136,0,,,103,49,54,5,3,2,98,46,52,46,25,21,97,45,52,97,45,52,52,21,31,27,10,17,8,2,6,1,0,1,0,0,0,46,46,16,14,9,5,0,2,0,29,22,7,2,37,0,13,6
51351137,0,,,20,11,9,0,0,0,20,11,9,12,7,5,20,11,9,20,11,9,8,4,4,6,3,3,2,1,1,0,0,0,0,0,0,7,7,1,2,1,3,0,0,0,6,4,2,0,6,0,1,2
51351140,0,,,37,12,25,0,0,0,37,12,25,7,3,4,37,12,25,37,12,25,30,9,21,25,7,18,12,3,9,3,0,3,0,0,0,12,11,3,7,1,0,0,0,0,8,8,0,0,7,0,1,4
51351141,0,,,368,170,198,21,6,15,345,162,183,194,92,102,333,158,175,326,157,169,151,70,81,76,33,43,30,12,18,0,0,0,0,0,0,137,137,26,43,37,18,7,4,2,111,86,25,4,96,2,16,26
51351142,0,,,1156,561,595,120,60,60,1030,497,533,655,325,330,997,479,518,977,469,508,375,172,203,180,86,94,45,16,29,3,1,2,2,0,2,435,435,83,146,95,77,21,9,4,352,300,52,25,238,1,39,75
51351143,2,51351153,,3,1,2,*,*,*,*,*,*,*,*,*,*,*,*,*,*,*,*,*,*,*,*,*,*,*,*,*,*,*,*,*,*,1,1,*,*,*,*,*,*,*,*,*,*,*,*,*,*,*
51351144,0,,,156,70,86,18,7,11,138,63,75,89,43,46,132,61,71,129,60,69,49,20,29,23,6,17,9,2,7,0,0,0,1,0,1,55,55,4,20,16,11,4,0,0,51,44,7,3,30,0,2,12
51351145,0,,,365,173,192,22,11,11,343,162,181,195,99,96,336,159,177,330,154,176,148,63,85,84,32,52,31,10,21,2,2,0,0,0,0,120,120,19,30,28,24,10,7,2,101,58,43,7,91,0,12,20
51351147,0,,,316,150,166,11,4,7,305,146,159,150,75,75,294,139,155,288,136,152,155,71,84,86,35,51,24,7,17,1,0,1,0,0,0,132,132,40,43,25,13,5,4,2,92,68,24,1,100,0,31,30
51351148,0,,,10,4,6,0,0,0,10,4,6,6,3,3,10,4,6,10,4,6,4,1,3,2,0,2,1,0,1,0,0,0,0,0,0,4,4,1,1,1,1,0,0,0,3,1,2,0,3,0,1,0
51351150,0,,,158,72,86,4,3,1,154,69,85,75,33,42,153,69,84,153,69,84,79,36,43,48,18,30,19,10,9,2,0,2,0,0,0,71,71,21,22,20,7,1,0,0,50,42,8,2,58,0,18,11
51351151,0,,,360,162,198,33,15,18,326,146,180,152,81,71,312,140,172,303,135,168,174,65,109,112,36,76,52,12,40,3,0,3,1,0,1,95,92,16,26,19,16,6,5,4,76,53,23,6,55,0,9,16
51351152,0,,,1167,545,622,102,52,50,1060,491,569,563,265,298,1036,478,558,1023,473,550,497,226,271,282,117,165,104,40,64,10,0,10,14,2,12,493,491,142,182,81,55,21,8,2,347,289,58,26,317,11,90,108
51351153,1,,51351143,1021,469,552,81,40,41,942,429,513,498,244,254,916,415,501,905,411,494,444,185,259,273,99,174,109,33,76,16,4,12,3,1,2,374,373,82,128,73,63,20,7,1,291,224,67,19,259,1,60,74
51351154,0,,,570,274,296,61,38,23,506,235,271,324,151,173,490,223,267,482,219,263,182,84,98,92,37,55,34,11,23,4,2,2,10,1,9,214,214,50,60,47,37,13,4,3,163,131,32,16,113,16,22,36
51351155,0,,,374,180,194,46,23,23,328,157,171,187,90,97,319,153,166,312,148,164,141,67,74,68,28,40,24,9,15,2,0,2,2,1,1,134,134,19,51,29,18,12,3,2,115,89,26,13,86,0,14,34
51351156,0,,,144,70,74,15,10,5,129,60,69,66,34,32,126,59,67,125,59,66,63,26,37,37,13,24,13,5,8,1,1,0,0,0,0,55,55,13,13,14,13,1,1,0,41,26,15,2,41,0,12,8
51351157,1,,51351158,125,61,64,3,2,1,123,59,64,55,29,26,122,58,64,121,57,64,68,30,38,37,15,22,13,6,7,0,0,0,0,0,0,54,54,11,25,14,3,1,1,0,44,32,12,1,43,0,8,17
51351158,2,51351157,,1,0,1,*,*,*,*,*,*,*,*,*,*,*,*,*,*,*,*,*,*,*,*,*,*,*,*,*,*,*,*,*,*,1,1,*,*,*,*,*,*,*,*,*,*,*,*,*,*,*
51351159,0,,,80,31,49,5,3,2,75,28,47,32,10,22,72,28,44,70,28,42,43,18,25,23,9,14,9,2,7,0,0,0,0,0,0,33,33,10,8,9,5,0,0,1,23,15,8,2,24,0,5,6
51351160,0,,,206,91,115,10,4,6,196,87,109,91,41,50,193,84,109,191,84,107,105,46,59,55,23,32,16,7,9,2,1,1,1,0,1,87,87,18,39,17,9,3,0,1,68,55,13,3,71,0,15,25
51351162,0,,,193,77,116,5,1,4,188,76,112,46,23,23,184,74,110,181,71,110,142,53,89,104,38,66,51,16,35,12,1,11,0,0,0,62,61,16,25,12,4,2,2,0,44,36,8,1,55,1,13,22
51351163,1,,51351164,234,104,130,13,6,7,229,104,125,105,53,52,225,103,122,223,101,122,124,51,73,68,22,46,25,9,16,2,0,2,0,0,0,106,106,37,37,21,10,3,1,1,73,56,17,5,87,0,31,20
51351164,2,51351163,,8,6,2,*,*,*,*,*,*,*,*,*,*,*,*,*,*,*,*,*,*,*,*,*,*,*,*,*,*,*,*,*,*,4,4,*,*,*,*,*,*,*,*,*,*,*,*,*,*,*
51351165,0,,,104,48,56,3,2,1,101,46,55,46,23,23,99,45,54,97,45,52,55,23,32,31,12,19,9,4,5,1,0,1,0,0,0,53,53,18,24,7,3,1,0,0,35,29,6,1,38,0,13,15
51351169,0,,,38,17,21,2,1,1,36,16,20,16,9,7,36,16,20,36,16,20,20,7,13,8,3,5,3,0,3,0,0,0,0,0,0,17,17,3,10,3,0,0,1,0,14,11,3,0,15,0,3,7
51351174,2,51351175,,4,2,2,*,*,*,*,*,*,*,*,*,*,*,*,*,*,*,*,*,*,*,*,*,*,*,*,*,*,*,*,*,*,1,1,*,*,*,*,*,*,*,*,*,*,*,*,*,*,*
51351175,1,,51351174,313,122,191,8,4,4,309,120,189,163,62,101,308,119,189,304,117,187,146,58,88,84,28,56,28,9,19,0,0,0,38,0,38,173,173,89,47,23,11,3,1,0,85,78,7,1,107,6,40,31
51351176,0,,,1059,509,550,96,54,42,954,451,503,622,313,309,920,433,487,896,420,476,332,138,194,183,68,115,60,24,36,3,0,3,4,2,2,441,441,127,144,74,67,22,5,2,311,274,37,22,227,4,74,67
51351177,0,,,1324,602,722,145,82,63,1176,520,656,675,309,366,1138,505,633,1111,490,621,501,211,290,278,107,171,97,30,67,13,1,12,3,1,2,537,536,138,177,108,76,27,9,1,397,349,48,24,332,2,93,103
51351178,0,,,175,84,91,21,10,11,154,74,80,87,46,41,150,71,79,146,68,78,67,28,39,25,11,14,11,3,8,3,1,2,0,0,0,64,64,6,27,14,13,3,1,0,58,47,11,3,40,0,5,17
51351179,0,,,60,28,32,10,4,6,50,24,26,24,13,11,49,23,26,49,23,26,26,11,15,19,9,10,4,2,2,0,0,0,0,0,0,25,25,5,11,5,2,2,0,0,20,20,0,3,16,0,4,8
51351184,0,,,322,149,173,17,9,8,305,140,165,150,72,78,299,137,162,296,136,160,155,68,87,85,33,52,35,10,25,5,1,4,2,0,2,126,121,54,44,18,4,0,1,0,66,64,2,6,55,2,22,22
51351185,0,,,391,193,198,34,17,17,341,165,176,251,123,128,328,158,170,314,151,163,90,42,48,43,19,24,14,4,10,1,0,1,2,0,2,164,163,54,44,29,23,9,4,0,109,95,14,6,64,1,20,17
51351186,0,,,2112,976,1136,180,88,92,1862,854,1008,1047,543,504,1830,832,998,1808,823,985,815,311,504,493,167,326,207,52,155,25,4,21,28,13,15,1096,1092,537,318,129,80,23,3,2,544,496,48,50,537,58,238,147
51351187,0,,,4879,2311,2568,497,256,241,4323,2024,2299,2605,1294,1311,4215,1963,2252,4132,1925,2207,1718,730,988,881,363,518,281,103,178,16,4,12,16,8,8,2204,2204,739,729,389,252,74,12,9,1454,1303,151,133,1210,38,416,355
51351188,0,,,2288,1066,1222,295,150,145,1971,909,1062,1277,594,683,1919,889,1030,1882,870,1012,694,315,379,353,148,205,99,35,64,7,1,6,21,9,12,990,990,320,295,192,125,47,10,1,664,598,66,89,483,31,164,138
51351189,0,,,2226,1067,1159,419,204,215,1770,846,924,1256,618,638,1698,816,882,1669,804,865,514,228,286,270,112,158,64,22,42,5,0,5,4,1,3,849,848,174,264,197,161,43,5,4,667,623,44,144,308,22,58,127
51351194,0,,,1074,549,525,111,65,46,936,466,470,615,331,284,914,458,456,899,447,452,321,135,186,164,58,106,48,14,34,3,1,2,4,3,1,512,512,215,141,77,56,18,4,1,289,253,36,31,225,39,83,63
51351195,0,,,1641,744,897,103,56,47,1520,679,841,853,410,443,1481,661,820,1450,650,800,667,269,398,415,160,255,151,54,97,15,5,10,5,3,2,721,715,238,270,99,83,17,5,3,472,431,41,29,384,16,112,141
51351196,0,,,2579,1160,1419,145,80,65,2400,1065,1335,1126,547,579,2341,1037,1304,2312,1024,1288,1274,518,756,735,264,471,248,83,165,22,7,15,15,8,7,1256,1255,504,415,193,102,28,11,2,747,640,107,29,875,19,352,228
51351197,0,,,1042,479,563,107,49,58,911,417,494,572,273,299,877,402,475,861,397,464,339,144,195,183,69,114,53,20,33,0,0,0,2,2,0,493,492,195,155,67,54,14,4,3,293,270,23,34,242,14,88,73
51351198,0,,,165,65,100,20,8,12,145,57,88,86,38,48,139,53,86,135,51,84,59,19,40,34,13,21,14,5,9,1,0,1,1,0,1,70,70,22,23,11,10,1,2,1,46,37,9,4,43,0,16,9
51351199,0,,,1176,556,620,162,74,88,1012,482,530,681,332,349,972,457,515,945,442,503,331,150,181,143,58,85,68,18,50,7,0,7,6,4,2,413,410,62,141,77,103,23,4,0,347,324,23,30,177,5,31,70
51351200,0,,,23,13,10,4,3,1,19,10,9,16,8,8,19,10,9,19,10,9,3,2,1,2,1,1,1,0,1,0,0,0,0,0,0,7,7,2,0,3,1,0,0,1,5,3,2,1,3,0,2,0
51351202,0,,,74,36,38,4,2,2,70,34,36,36,17,19,69,33,36,68,33,35,34,17,17,19,7,12,10,3,7,0,0,0,0,0,0,31,31,10,11,5,3,0,1,1,21,14,7,0,24,0,7,8
51351203,0,,,38,20,18,0,0,0,38,20,18,18,9,9,38,20,18,36,19,17,20,11,9,10,5,5,5,2,3,0,0,0,0,0,0,20,20,10,6,1,2,1,0,0,10,8,2,0,14,0,6,5
51351204,0,,,43,23,20,0,0,0,43,23,20,18,13,5,43,23,20,42,22,20,25,10,15,19,7,12,6,3,3,0,0,0,0,0,0,21,21,5,10,6,0,0,0,0,16,13,3,0,17,0,4,6
51351205,0,,,30,13,17,1,0,1,29,13,16,13,7,6,29,13,16,29,13,16,16,6,10,11,4,7,4,1,3,0,0,0,0,0,0,13,13,3,5,3,2,0,0,0,10,7,3,0,12,0,3,4
51351206,1,,51351207,38,18,20,3,2,1,45,22,23,14,9,5,45,22,23,45,22,23,31,13,18,22,10,12,11,5,6,1,0,1,0,0,0,18,18,6,9,3,1,1,1,0,15,13,2,0,19,0,5,8
51351207,2,51351206,,10,6,4,*,*,*,*,*,*,*,*,*,*,*,*,*,*,*,*,*,*,*,*,*,*,*,*,*,*,*,*,*,*,3,3,*,*,*,*,*,*,*,*,*,*,*,*,*,*,*
51351208,2,51351219,,9,5,4,*,*,*,*,*,*,*,*,*,*,*,*,*,*,*,*,*,*,*,*,*,*,*,*,*,*,*,*,*,*,3,3,*,*,*,*,*,*,*,*,*,*,*,*,*,*,*
51351210,0,,,74,32,42,5,2,3,69,30,39,34,16,18,66,29,37,64,27,37,35,14,21,22,8,14,8,2,6,1,1,0,0,0,0,28,28,7,9,6,3,0,2,1,21,11,10,0,24,0,5,6
51351211,0,,,17,9,8,0,0,0,17,9,8,9,6,3,17,9,8,16,8,8,8,3,5,5,1,4,2,0,2,0,0,0,0,0,0,8,8,5,1,0,1,0,1,0,3,1,2,0,7,0,4,0
51351212,0,,,168,82,86,6,4,2,162,78,84,69,42,27,159,76,83,158,75,83,93,36,57,60,21,39,20,6,14,0,0,0,0,0,0,76,76,26,23,15,9,3,0,0,50,40,10,0,63,0,21,16
51351213,0,,,40,18,22,0,0,0,40,18,22,14,7,7,40,18,22,40,18,22,26,11,15,21,9,12,8,4,4,0,0,0,0,0,0,21,21,6,12,2,1,0,0,0,15,14,1,0,17,0,4,7
51351215,1,,51351224;51351225,40,22,18,3,3,0,49,25,24,17,12,5,49,25,24,49,25,24,32,13,19,22,10,12,6,3,3,0,0,0,0,0,0,20,20,8,13,2,0,1,0,1,17,14,3,1,22,0,7,6
51351216,0,,,25,12,13,1,0,1,24,12,12,13,7,6,24,12,12,24,12,12,11,5,6,10,4,6,5,2,3,0,0,0,0,0,0,13,13,4,6,3,0,0,0,0,9,8,1,1,9,0,4,3
51351217,0,,,17,10,7,0,0,0,17,10,7,7,3,4,17,10,7,17,10,7,10,7,3,7,5,2,1,1,0,0,0,0,0,0,0,9,9,3,5,0,1,0,0,0,5,4,1,0,7,0,3,3
51351218,0,,,11,5,6,0,0,0,11,5,6,4,1,3,11,5,6,11,5,6,7,4,3,6,3,3,2,1,1,0,0,0,0,0,0,8,8,5,3,0,0,0,0,0,3,3,0,0,5,0,3,2
51351219,1,,51351208,45,19,26,3,2,1,51,22,29,19,12,7,50,21,29,50,21,29,32,10,22,23,6,17,16,3,13,3,1,2,1,0,1,27,27,14,11,3,1,1,0,0,16,15,1,0,25,0,12,6
51351220,0,,,54,26,28,4,3,1,50,23,27,27,14,13,50,23,27,49,22,27,23,9,14,14,6,8,4,1,3,0,0,0,0,0,0,21,21,7,4,6,1,1,2,0,14,8,6,1,17,0,7,2
51351223,1,,51351232,63,30,33,0,0,0,64,31,33,26,15,11,61,30,31,61,30,31,38,16,22,25,10,15,8,3,5,0,0,0,0,0,0,29,29,10,12,5,1,1,1,0,20,15,5,0,27,0,9,8
51351224,2,51351215,,4,2,2,*,*,*,*,*,*,*,*,*,*,*,*,*,*,*,*,*,*,*,*,*,*,*,*,*,*,*,*,*,*,2,2,*,*,*,*,*,*,*,*,*,*,*,*,*,*,*
51351225,2,51351215,,8,4,4,*,*,*,*,*,*,*,*,*,*,*,*,*,*,*,*,*,*,*,*,*,*,*,*,*,*,*,*,*,*,3,3,*,*,*,*,*,*,*,*,*,*,*,*,*,*,*
51351227,0,,,9,5,4,0,0,0,9,5,4,1,1,0,9,5,4,9,5,4,8,4,4,8,4,4,4,2,2,0,0,0,0,0,0,5,5,2,2,1,0,0,0,0,3,3,0,0,5,0,2,2
51351228,0,,,19,9,10,0,0,0,19,9,10,8,5,3,19,9,10,18,8,10,11,4,7,8,3,5,3,2,1,0,0,0,0,0,0,9,9,5,1,1,1,1,0,0,4,3,1,0,8,0,5,1
51351229,0,,,10,6,4,0,0,0,10,6,4,4,3,1,10,6,4,9,6,3,6,3,3,3,1,2,2,1,1,0,0,0,0,0,0,5,5,1,3,1,0,0,0,0,4,4,0,0,4,0,1,2
51351232,2,51351223,,1,1,0,*,*,*,*,*,*,*,*,*,*,*,*,*,*,*,*,*,*,*,*,*,*,*,*,*,*,*,*,*,*,1,1,*,*,*,*,*,*,*,*,*,*,*,*,*,*,*
51351233,1,,51351242,54,30,24,3,2,1,54,30,24,22,13,9,54,30,24,54,30,24,32,17,15,15,9,6,6,3,3,0,0,0,0,0,0,26,26,11,11,4,3,0,0,0,17,17,0,0,22,0,7,8
51351235,2,51351246,,4,3,1,*,*,*,*,*,*,*,*,*,*,*,*,*,*,*,*,*,*,*,*,*,*,*,*,*,*,*,*,*,*,2,2,*,*,*,*,*,*,*,*,*,*,*,*,*,*,*
51351236,2,51351246,,3,1,2,*,*,*,*,*,*,*,*,*,*,*,*,*,*,*,*,*,*,*,*,*,*,*,*,*,*,*,*,*,*,1,1,*,*,*,*,*,*,*,*,*,*,*,*,*,*,*
51351241,2,51351251,,6,3,3,*,*,*,*,*,*,*,*,*,*,*,*,*,*,*,*,*,*,*,*,*,*,*,*,*,*,*,*,*,*,3,3,*,*,*,*,*,*,*,*,*,*,*,*,*,*,*
51351242,2,51351233,,3,2,1,*,*,*,*,*,*,*,*,*,*,*,*,*,*,*,*,*,*,*,*,*,*,*,*,*,*,*,*,*,*,3,3,*,*,*,*,*,*,*,*,*,*,*,*,*,*,*
51351243,1,,51351253,18,7,11,0,0,0,20,8,12,9,5,4,19,8,11,19,8,11,11,3,8,7,2,5,2,0,2,1,0,1,0,0,0,11,11,7,3,1,1,0,0,0,5,4,1,0,8,0,4,2
51351245,0,,,46,26,20,3,2,1,43,24,19,18,11,7,42,23,19,42,23,19,25,13,12,19,10,9,6,3,3,0,0,0,0,0,0,20,20,7,8,2,1,1,0,1,13,11,2,0,17,0,6,7
51351246,1,,51351235;51351236,46,23,23,2,2,0,51,25,26,26,14,12,51,25,26,51,25,26,25,11,14,13,4,9,6,1,5,0,0,0,0,0,0,23,23,9,10,4,3,0,0,0,17,15,2,1,19,0,7,6
51351249,0,,,8,4,4,0,0,0,8,4,4,1,1,0,8,4,4,8,4,4,7,3,4,1,0,1,1,0,1,1,0,1,0,0,0,5,5,2,3,0,0,0,0,0,3,3,0,0,5,0,2,1
51351250,0,,,22,12,10,2,1,1,20,11,9,14,8,6,19,10,9,18,9,9,6,3,3,2,2,0,0,0,0,0,0,0,1,1,0,6,6,1,0,3,0,0,2,0,5,3,2,1,4,0,1,0
51351251,1,,51351241,80,37,43,0,0,0,86,40,46,46,22,24,86,40,46,86,40,46,40,18,22,24,9,15,9,3,6,1,0,1,0,0,0,35,35,9,17,9,0,2,1,0,29,23,6,0,27,0,7,9
51351252,0,,,89,47,42,0,0,0,89,47,42,72,41,31,88,47,41,88,47,41,17,6,11,5,2,3,2,2,0,0,0,0,0,0,0,13,12,5,4,2,1,0,0,0,7,6,1,0,9,0,4,3
51351253,2,51351243,,2,1,1,*,*,*,*,*,*,*,*,*,*,*,*,*,*,*,*,*,*,*,*,*,*,*,*,*,*,*,*,*,*,1,1,*,*,*,*,*,*,*,*,*,*,*,*,*,*,*
51351255,0,,,49,26,23,0,0,0,49,26,23,24,13,11,47,25,22,46,24,22,25,13,12,16,10,6,6,3,3,2,1,1,0,0,0,25,25,8,12,3,2,0,0,0,17,16,1,0,16,0,4,8
51351256,0,,,55,29,26,0,0,0,55,29,26,23,15,8,55,29,26,54,28,26,32,14,18,17,6,11,8,4,4,0,0,0,0,0,0,28,28,10,11,5,2,0,0,0,18,17,1,0,22,0,7,8
51351257,0,,,51,22,29,1,0,1,50,22,28,17,6,11,48,21,27,48,21,27,33,16,17,17,6,11,7,4,3,0,0,0,0,0,0,27,27,12,10,3,0,2,0,0,15,11,4,0,25,0,12,6
51351258,1,,51351259,26,14,12,0,0,0,32,16,16,15,9,6,31,15,16,30,14,16,17,7,10,14,5,9,4,1,3,0,0,0,0,0,0,13,13,6,7,4,0,0,0,0,11,10,1,0,13,0,4,4
51351259,2,51351258,,6,2,4,*,*,*,*,*,*,*,*,*,*,*,*,*,*,*,*,*,*,*,*,*,*,*,*,*,*,*,*,*,*,4,4,*,*,*,*,*,*,*,*,*,*,*,*,*,*,*
51351260,0,,,53,21,32,3,1,2,50,20,30,26,11,15,46,19,27,45,18,27,24,9,15,9,2,7,5,1,4,1,0,1,0,0,0,23,23,7,9,2,3,2,0,0,16,12,4,0,17,0,6,7
51351261,0,,,54,29,25,4,1,3,50,28,22,19,11,8,50,28,22,50,28,22,31,17,14,17,10,7,8,5,3,0,0,0,0,0,0,24,24,7,8,5,4,0,0,0,17,13,4,2,18,0,3,7
51351262,0,,,32,16,16,2,2,0,30,14,16,10,5,5,30,14,16,30,14,16,20,9,11,12,6,6,4,2,2,0,0,0,0,0,0,16,16,3,11,1,1,0,0,0,13,11,2,0,14,0,3,8
51351266,0,,,38,16,22,5,1,4,33,15,18,15,8,7,33,15,18,33,15,18,18,7,11,9,3,6,6,1,5,0,0,0,0,0,0,16,16,3,9,2,1,0,0,1,13,11,2,1,12,0,2,3
51351269,0,,,84,38,46,8,2,6,76,36,40,36,20,16,75,36,39,74,35,39,40,16,24,29,13,16,18,8,10,2,1,1,0,0,0,33,33,8,14,4,2,2,3,0,25,20,5,0,25,0,5,12
51351270,0,,,249,116,133,23,12,11,222,102,120,136,64,72,216,98,118,212,96,116,86,38,48,45,21,24,10,2,8,0,0,0,0,0,0,122,122,49,42,15,11,3,2,0,72,67,5,5,59,7,22,20
51351271,1,,51351272,220,119,101,11,10,1,216,113,103,124,70,54,213,112,101,211,110,101,92,43,49,47,21,26,16,6,10,3,1,2,0,0,0,94,94,31,32,17,12,3,3,0,67,54,13,2,64,0,23,19
51351272,2,51351271,,7,4,3,*,*,*,*,*,*,*,*,*,*,*,*,*,*,*,*,*,*,*,*,*,*,*,*,*,*,*,*,*,*,4,4,*,*,*,*,*,*,*,*,*,*,*,*,*,*,*
51351273,2,51351282,,8,5,3,*,*,*,*,*,*,*,*,*,*,*,*,*,*,*,*,*,*,*,*,*,*,*,*,*,*,*,*,*,*,4,4,*,*,*,*,*,*,*,*,*,*,*,*,*,*,*
51351274,2,51351285,,4,3,1,*,*,*,*,*,*,*,*,*,*,*,*,*,*,*,*,*,*,*,*,*,*,*,*,*,*,*,*,*,*,3,3,*,*,*,*,*,*,*,*,*,*,*,*,*,*,*
51351275,0,,,38,18,20,1,0,1,37,18,19,15,8,7,37,18,19,36,17,19,22,10,12,9,3,6,6,1,5,0,0,0,0,0,0,14,14,3,2,6,2,1,0,0,11,6,5,0,12,0,3,1
51351276,0,,,88,44,44,3,2,1,85,42,43,40,22,18,85,42,43,82,39,43,45,20,25,24,8,16,12,2,10,0,0,0,0,0,0,44,44,16,17,7,3,1,0,0,28,24,4,1,33,0,14,9
51351277,0,,,347,141,206,23,15,8,324,126,198,131,67,64,315,119,196,310,115,195,193,59,134,135,33,102,94,15,79,18,0,18,1,0,1,105,103,20,45,21,12,3,0,2,83,74,9,5,61,0,13,26
51351278,0,,,395,184,211,31,17,14,364,167,197,197,96,101,354,161,193,350,159,191,167,71,96,81,30,51,33,12,21,1,0,1,3,1,2,181,181,57,67,31,21,3,2,0,124,108,16,7,121,0,42,27
51351279,0,,,100,59,41,6,1,5,94,58,36,57,41,16,93,57,36,92,56,36,37,17,20,20,8,12,9,2,7,0,0,0,7,7,0,55,55,31,12,7,3,1,0,1,24,19,5,2,26,2,6,8
51351280,0,,,1745,839,906,230,124,106,1500,709,791,968,467,501,1468,695,773,1448,688,760,532,242,290,242,95,147,73,26,47,2,1,1,5,1,4,711,708,159,266,136,111,30,5,1,540,482,58,65,358,8,83,122
51351281,0,,,294,150,144,28,19,9,265,130,135,171,87,84,258,127,131,252,125,127,94,43,51,51,23,28,15,7,8,1,0,1,10,4,6,129,129,47,36,21,16,7,1,1,82,70,12,4,64,2,26,16
51351282,1,,51351273,540,225,315,37,15,22,511,215,296,252,125,127,498,210,288,491,207,284,259,90,169,151,42,109,73,10,63,17,1,16,0,0,0,212,210,51,95,38,17,12,1,0,161,140,21,8,133,0,38,54
51351283,0,,,175,84,91,7,3,4,168,81,87,84,42,42,164,81,83,162,79,83,84,39,45,43,17,26,16,7,9,3,1,2,1,1,0,75,75,20,27,14,12,1,1,0,55,44,11,1,55,1,13,18
51351284,0,,,577,260,317,52,25,27,525,235,290,219,113,106,517,233,284,510,229,281,306,122,184,201,77,124,104,42,62,16,5,11,0,0,0,200,199,47,73,42,24,6,5,2,152,132,20,16,140,0,32,46
51351285,1,,51351274,987,415,572,61,33,28,930,385,545,442,216,226,913,375,538,901,371,530,488,169,319,322,91,231,163,36,127,32,2,30,7,4,3,378,376,111,131,72,39,17,6,3,268,215,53,15,259,6,74,78
51351286,0,,,166,80,86,37,22,15,129,58,71,79,35,44,126,56,70,123,55,68,50,23,27,26,10,16,7,1,6,1,0,1,0,0,0,69,69,20,21,14,8,6,0,0,49,45,4,5,37,0,18,12
51351287,0,,,311,135,176,29,13,16,282,122,160,148,73,75,275,119,156,272,117,155,134,49,85,83,27,56,39,10,29,3,0,3,0,0,0,128,128,26,51,30,13,7,1,0,101,84,17,9,89,0,21,29
51351288,0,,,50,28,22,4,3,1,46,25,21,24,14,10,46,25,21,46,25,21,22,11,11,12,5,7,5,3,2,0,0,0,0,0,0,20,20,5,6,5,3,0,1,0,15,14,1,1,13,0,3,4
51351289,0,,,43,18,25,0,0,0,43,18,25,16,7,9,43,18,25,42,18,24,27,11,16,19,6,13,9,4,5,1,1,0,0,0,0,23,23,9,8,6,0,0,0,0,14,10,4,0,19,0,7,6
51351290,0,,,879,425,454,103,53,50,774,370,404,458,218,240,744,355,389,729,349,380,316,152,164,176,85,91,68,28,40,4,1,3,0,0,0,349,349,73,124,68,69,12,3,0,275,248,27,14,204,2,47,73
51351291,0,,,1031,483,548,117,50,67,912,431,481,557,284,273,885,416,469,869,408,461,355,147,208,205,78,127,90,32,58,12,5,7,5,3,2,401,399,106,125,73,67,21,4,3,290,245,45,32,218,4,59,61
51351292,0,,,1281,598,683,127,63,64,1138,528,610,657,321,336,1112,514,598,1092,504,588,481,207,274,251,99,152,88,33,55,6,1,5,12,5,7,546,546,158,197,91,63,23,10,4,382,319,63,27,329,3,94,101
51351293,0,,,1468,672,796,112,58,54,1356,614,742,730,365,365,1327,601,726,1308,592,716,626,249,377,357,126,231,154,46,108,13,4,9,14,2,12,595,593,189,207,91,78,22,4,2,402,352,50,25,370,10,131,109
51351294,0,,,991,467,524,74,39,35,917,428,489,415,212,203,899,421,478,887,417,470,502,216,286,240,95,145,80,26,54,11,0,11,1,0,1,442,442,131,170,81,34,21,2,3,310,272,38,10,339,0,112,99
51351295,0,,,41,18,23,2,0,2,39,18,21,18,9,9,36,18,18,36,18,18,21,9,12,12,6,6,6,4,2,0,0,0,0,0,0,19,19,8,7,1,1,1,0,1,11,9,2,0,14,0,6,5
51351296,0,,,92,43,49,3,2,1,89,41,48,42,18,24,88,41,47,88,41,47,47,23,24,28,13,15,11,5,6,0,0,0,1,1,0,42,42,12,15,10,5,0,0,0,30,28,2,1,31,0,10,9
51351297,1,,51351298,73,35,38,3,2,1,74,35,39,33,15,18,73,35,38,70,32,38,41,20,21,18,8,10,7,3,4,0,0,0,0,0,0,32,32,9,13,10,3,0,0,0,26,24,2,0,24,0,5,12
51351298,2,51351297,,4,2,2,*,*,*,*,*,*,*,*,*,*,*,*,*,*,*,*,*,*,*,*,*,*,*,*,*,*,*,*,*,*,3,3,*,*,*,*,*,*,*,*,*,*,*,*,*,*,*
51351301,0,,,16,7,9,0,0,0,16,7,9,6,2,4,16,7,9,16,7,9,10,5,5,7,4,3,5,2,3,0,0,0,0,0,0,8,8,4,1,2,1,0,0,0,4,4,0,0,7,0,4,1
51351302,2,51351312,,2,1,1,*,*,*,*,*,*,*,*,*,*,*,*,*,*,*,*,*,*,*,*,*,*,*,*,*,*,*,*,*,*,1,1,*,*,*,*,*,*,*,*,*,*,*,*,*,*,*
51351303,0,,,97,50,47,16,8,8,81,42,39,38,22,16,77,39,38,77,39,38,43,20,23,31,14,17,11,3,8,0,0,0,0,0,0,51,51,27,14,3,3,3,1,0,24,21,3,1,34,0,22,7
51351304,0,,,446,213,233,34,17,17,412,196,216,215,112,103,409,194,215,407,193,214,197,84,113,123,45,78,54,18,36,8,4,4,0,0,0,220,220,73,95,34,12,3,3,0,147,133,14,4,144,1,56,42
51351305,0,,,84,38,46,27,11,16,57,27,30,36,17,19,57,27,30,56,27,29,21,10,11,9,2,7,6,2,4,0,0,0,0,0,0,33,33,9,12,4,3,3,2,0,23,22,1,6,15,0,6,6
51351310,0,,,15,7,8,0,0,0,15,7,8,5,3,2,15,7,8,15,7,8,10,4,6,7,3,4,4,2,2,0,0,0,0,0,0,9,9,4,4,1,0,0,0,0,5,4,1,0,7,0,3,3
51351312,1,,51351302,14,7,7,2,1,1,14,7,7,8,4,4,14,7,7,14,7,7,6,3,3,3,1,2,1,0,1,0,0,0,0,0,0,5,5,1,2,1,2,0,0,0,5,4,1,1,4,0,1,2
51351313,1,,51351314,69,35,34,2,0,2,76,38,38,26,16,10,76,38,38,76,38,38,50,22,28,32,12,20,5,4,1,0,0,0,0,0,0,35,35,13,20,7,1,0,0,0,28,26,2,0,36,0,13,10
51351314,2,51351313,,9,3,6,*,*,*,*,*,*,*,*,*,*,*,*,*,*,*,*,*,*,*,*,*,*,*,*,*,*,*,*,*,*,6,6,*,*,*,*,*,*,*,*,*,*,*,*,*,*,*
51351315,0,,,54,25,29,8,5,3,46,20,26,17,9,8,46,20,26,46,20,26,29,11,18,15,5,10,6,1,5,0,0,0,0,0,0,27,27,9,12,4,1,1,0,0,18,17,1,0,20,0,8,8
51351316,0,,,193,94,99,14,6,8,179,88,91,95,48,47,176,85,91,175,84,91,84,40,44,53,24,29,17,6,11,1,0,1,0,0,0,91,91,33,34,12,7,2,3,0,58,50,8,4,59,0,22,22
51351317,1,,51351327;51351328,13,8,5,0,0,0,15,9,6,6,4,2,15,9,6,15,9,6,9,5,4,3,1,2,0,0,0,0,0,0,0,0,0,8,8,7,2,0,1,0,0,0,3,3,0,0,8,0,7,1
51351320,0,,,15,7,8,0,0,0,15,7,8,3,2,1,15,7,8,15,7,8,12,5,7,10,4,6,3,1,2,0,0,0,0,0,0,9,9,4,4,1,0,0,0,0,5,5,0,0,8,0,3,3
51351321,1,,51351322;51351331;51351340,18,6,12,0,0,0,23,9,14,7,4,3,23,9,14,23,9,14,16,5,11,14,4,10,8,2,6,0,0,0,0,0,0,10,10,7,3,2,1,0,0,0,6,5,1,0,12,0,7,2
51351322,2,51351321,,1,1,0,*,*,*,*,*,*,*,*,*,*,*,*,*,*,*,*,*,*,*,*,*,*,*,*,*,*,*,*,*,*,1,1,*,*,*,*,*,*,*,*,*,*,*,*,*,*,*
51351324,1,,51351325;51351334,15,5,10,1,1,0,19,6,13,9,4,5,19,6,13,19,6,13,10,2,8,7,2,5,6,1,5,0,0,0,0,0,0,7,7,2,3,4,0,0,0,0,7,4,3,0,7,0,1,2
51351325,2,51351324,,2,1,1,*,*,*,*,*,*,*,*,*,*,*,*,*,*,*,*,*,*,*,*,*,*,*,*,*,*,*,*,*,*,1,1,*,*,*,*,*,*,*,*,*,*,*,*,*,*,*
51351327,2,51351317,,1,1,0,*,*,*,*,*,*,*,*,*,*,*,*,*,*,*,*,*,*,*,*,*,*,*,*,*,*,*,*,*,*,1,1,*,*,*,*,*,*,*,*,*,*,*,*,*,*,*
51351328,2,51351317,,1,0,1,*,*,*,*,*,*,*,*,*,*,*,*,*,*,*,*,*,*,*,*,*,*,*,*,*,*,*,*,*,*,1,1,*,*,*,*,*,*,*,*,*,*,*,*,*,*,*
51351329,2,51351349,,3,2,1,*,*,*,*,*,*,*,*,*,*,*,*,*,*,*,*,*,*,*,*,*,*,*,*,*,*,*,*,*,*,1,1,*,*,*,*,*,*,*,*,*,*,*,*,*,*,*
51351331,2,51351321,,3,2,1,*,*,*,*,*,*,*,*,*,*,*,*,*,*,*,*,*,*,*,*,*,*,*,*,*,*,*,*,*,*,1,1,*,*,*,*,*,*,*,*,*,*,*,*,*,*,*
51351332,1,,51351333;51351342,18,8,10,0,0,0,27,12,15,6,3,3,27,12,15,26,11,15,21,9,12,15,5,10,11,4,7,0,0,0,0,0,0,11,11,7,7,2,0,0,0,0,9,7,2,0,15,0,6,6
51351333,2,51351332,,7,3,4,*,*,*,*,*,*,*,*,*,*,*,*,*,*,*,*,*,*,*,*,*,*,*,*,*,*,*,*,*,*,4,4,*,*,*,*,*,*,*,*,*,*,*,*,*,*,*
51351334,2,51351324,,3,1,2,*,*,*,*,*,*,*,*,*,*,*,*,*,*,*,*,*,*,*,*,*,*,*,*,*,*,*,*,*,*,1,1,*,*,*,*,*,*,*,*,*,*,*,*,*,*,*
51351335,1,,51351345,18,8,10,0,0,0,25,13,12,14,7,7,25,13,12,25,13,12,11,6,5,6,3,3,1,0,1,0,0,0,0,0,0,9,9,4,6,3,0,0,0,0,9,9,0,0,8,0,3,3
51351338,0,,,12,5,7,0,0,0,12,5,7,3,2,1,12,5,7,12,5,7,9,3,6,4,0,4,3,0,3,0,0,0,0,0,0,7,7,4,1,2,0,0,0,0,3,2,1,0,7,0,4,0
51351339,2,51351349,,6,4,2,*,*,*,*,*,*,*,*,*,*,*,*,*,*,*,*,*,*,*,*,*,*,*,*,*,*,*,*,*,*,4,4,*,*,*,*,*,*,*,*,*,*,*,*,*,*,*
51351340,2,51351321,,1,0,1,*,*,*,*,*,*,*,*,*,*,*,*,*,*,*,*,*,*,*,*,*,*,*,*,*,*,*,*,*,*,1,1,*,*,*,*,*,*,*,*,*,*,*,*,*,*,*
51351342,2,51351332,,2,1,1,*,*,*,*,*,*,*,*,*,*,*,*,*,*,*,*,*,*,*,*,*,*,*,*,*,*,*,*,*,*,1,1,*,*,*,*,*,*,*,*,*,*,*,*,*,*,*
51351345,2,51351335,,7,5,2,*,*,*,*,*,*,*,*,*,*,*,*,*,*,*,*,*,*,*,*,*,*,*,*,*,*,*,*,*,*,4,4,*,*,*,*,*,*,*,*,*,*,*,*,*,*,*
51351346,2,51351357,,7,4,3,*,*,*,*,*,*,*,*,*,*,*,*,*,*,*,*,*,*,*,*,*,*,*,*,*,*,*,*,*,*,4,4,*,*,*,*,*,*,*,*,*,*,*,*,*,*,*
51351349,1,,51351329;51351339,108,49,59,7,2,5,110,53,57,44,21,23,108,51,57,108,51,57,66,32,34,44,20,24,18,11,7,0,0,0,0,0,0,51,51,20,20,10,3,3,0,0,36,27,9,0,43,0,14,13
51351351,2,51351362,,2,1,1,*,*,*,*,*,*,*,*,*,*,*,*,*,*,*,*,*,*,*,*,*,*,*,*,*,*,*,*,*,*,1,1,*,*,*,*,*,*,*,*,*,*,*,*,*,*,*
51351352,2,51351362,,8,3,5,*,*,*,*,*,*,*,*,*,*,*,*,*,*,*,*,*,*,*,*,*,*,*,*,*,*,*,*,*,*,5,5,*,*,*,*,*,*,*,*,*,*,*,*,*,*,*
51351354,0,,,17,11,6,0,0,0,17,11,6,8,8,0,17,11,6,17,11,6,9,3,6,8,3,5,2,0,2,0,0,0,0,0,0,15,15,13,2,0,0,0,0,0,2,2,0,0,7,2,5,2
51351357,1,,51351346;51351367,11,4,7,0,0,0,32,11,21,9,2,7,32,11,21,32,11,21,23,9,14,16,5,11,9,2,7,0,0,0,0,0,0,7,7,9,8,1,1,0,0,0,10,10,0,0,17,0,9,6
51351358,0,,,12,6,6,3,2,1,9,4,5,4,2,2,9,4,5,9,4,5,5,2,3,3,1,2,2,0,2,0,0,0,0,0,0,6,6,3,2,0,0,1,0,0,3,3,0,0,4,0,3,1
51351359,0,,,13,8,5,0,0,0,13,8,5,4,4,0,13,8,5,12,7,5,9,4,5,7,3,4,2,2,0,0,0,0,0,0,0,7,7,2,4,1,0,0,0,0,5,4,1,0,6,0,1,3
51351360,0,,,39,18,21,2,1,1,37,17,20,8,6,2,37,17,20,37,17,20,29,11,18,12,2,10,8,1,7,0,0,0,0,0,0,22,22,11,9,0,1,0,1,0,11,10,1,1,20,0,9,7
51351361,0,,,11,5,6,0,0,0,11,5,6,2,2,0,11,5,6,11,5,6,9,3,6,8,3,5,5,1,4,1,1,0,0,0,0,8,8,5,3,0,0,0,0,0,3,2,1,0,8,0,5,1
51351362,1,,51351351;51351352;51351372,52,25,27,2,1,1,66,30,36,29,15,14,65,30,35,65,30,35,37,15,22,26,11,15,9,4,5,1,0,1,0,0,0,27,27,12,17,3,2,1,0,0,23,23,0,1,27,0,9,8
51351363,1,,51351373,42,20,22,2,0,2,50,23,27,20,11,9,50,23,27,50,23,27,30,12,18,21,7,14,12,4,8,0,0,0,0,0,0,23,23,13,15,0,1,1,0,0,17,15,2,1,24,0,10,5
51351364,1,,51351374,14,8,6,0,0,0,18,10,8,6,3,3,18,10,8,18,10,8,12,7,5,7,4,3,2,1,1,0,0,0,0,0,0,10,10,6,6,0,0,0,0,0,6,6,0,0,11,0,6,2
51351365,0,,,20,11,9,3,2,1,17,9,8,6,3,3,17,9,8,17,9,8,11,6,5,6,3,3,4,2,2,0,0,0,0,0,0,9,9,3,3,1,2,0,0,0,6,5,1,2,7,0,3,3
51351367,2,51351357,,14,3,11,*,*,*,*,*,*,*,*,*,*,*,*,*,*,*,*,*,*,*,*,*,*,*,*,*,*,*,*,*,*,8,8,*,*,*,*,*,*,*,*,*,*,*,*,*,*,*
51351370,1,,51351371,119,59,60,21,12,9,105,51,54,58,31,27,105,51,54,104,50,54,47,20,27,25,8,17,13,4,9,2,0,2,0,0,0,47,47,15,15,9,6,3,0,2,34,29,5,5,33,0,10,8
51351371,2,51351370,,7,4,3,*,*,*,*,*,*,*,*,*,*,*,*,*,*,*,*,*,*,*,*,*,*,*,*,*,*,*,*,*,*,3,3,*,*,*,*,*,*,*,*,*,*,*,*,*,*,*
51351372,2,51351362,,6,2,4,*,*,*,*,*,*,*,*,*,*,*,*,*,*,*,*,*,*,*,*,*,*,*,*,*,*,*,*,*,*,2,2,*,*,*,*,*,*,*,*,*,*,*,*,*,*,*
51351373,2,51351363,,10,3,7,*,*,*,*,*,*,*,*,*,*,*,*,*,*,*,*,*,*,*,*,*,*,*,*,*,*,*,*,*,*,7,7,*,*,*,*,*,*,*,*,*,*,*,*,*,*,*
51351374,2,51351364,,4,2,2,*,*,*,*,*,*,*,*,*,*,*,*,*,*,*,*,*,*,*,*,*,*,*,*,*,*,*,*,*,*,2,2,*,*,*,*,*,*,*,*,*,*,*,*,*,*,*
51351375,1,,51351383;51351384,39,17,22,0,0,0,49,22,27,12,5,7,49,22,27,49,22,27,37,17,20,24,9,15,12,2,10,0,0,0,0,0,0,21,21,12,13,2,0,1,0,0,16,13,3,0,25,0,11,8
51351376,0,,,12,5,7,0,0,0,12,5,7,5,3,2,12,5,7,12,5,7,7,2,5,4,1,3,3,1,2,0,0,0,0,0,0,5,5,2,2,0,0,0,1,0,3,2,1,0,5,0,2,1
51351380,1,,51351381;51351392,33,19,14,1,0,1,43,23,20,19,9,10,42,23,19,41,23,18,24,14,10,12,7,5,6,4,2,1,1,0,0,0,0,15,15,6,8,0,1,1,1,1,12,8,4,0,14,0,3,6
51351381,2,51351380,,5,2,3,*,*,*,*,*,*,*,*,*,*,*,*,*,*,*,*,*,*,*,*,*,*,*,*,*,*,*,*,*,*,2,2,*,*,*,*,*,*,*,*,*,*,*,*,*,*,*
51351383,2,51351375,,5,2,3,*,*,*,*,*,*,*,*,*,*,*,*,*,*,*,*,*,*,*,*,*,*,*,*,*,*,*,*,*,*,3,3,*,*,*,*,*,*,*,*,*,*,*,*,*,*,*
51351384,2,51351375,,5,3,2,*,*,*,*,*,*,*,*,*,*,*,*,*,*,*,*,*,*,*,*,*,*,*,*,*,*,*,*,*,*,4,4,*,*,*,*,*,*,*,*,*,*,*,*,*,*,*
51351386,1,,51351387,68,32,36,0,0,0,74,36,38,28,15,13,73,35,38,73,35,38,46,21,25,33,15,18,11,2,9,1,0,1,0,0,0,36,36,12,22,6,0,0,0,0,27,24,3,0,31,0,9,12
51351387,2,51351386,,6,4,2,*,*,*,*,*,*,*,*,*,*,*,*,*,*,*,*,*,*,*,*,*,*,*,*,*,*,*,*,*,*,4,4,*,*,*,*,*,*,*,*,*,*,*,*,*,*,*
51351392,2,51351380,,6,2,4,*,*,*,*,*,*,*,*,*,*,*,*,*,*,*,*,*,*,*,*,*,*,*,*,*,*,*,*,*,*,1,1,*,*,*,*,*,*,*,*,*,*,*,*,*,*,*
51351394,2,51351395,,4,1,3,*,*,*,*,*,*,*,*,*,*,*,*,*,*,*,*,*,*,*,*,*,*,*,*,*,*,*,*,*,*,4,4,*,*,*,*,*,*,*,*,*,*,*,*,*,*,*
51351395,1,,51351394,16,8,8,5,2,3,15,7,8,6,3,3,15,7,8,15,7,8,9,4,5,6,2,4,3,0,3,0,0,0,0,0,0,6,6,8,1,0,0,0,0,1,2,1,1,1,8,0,7,0
51351396,0,,,101,50,51,4,2,2,97,48,49,43,24,19,94,47,47,93,47,46,54,24,30,22,10,12,12,4,8,1,0,1,0,0,0,51,51,19,21,7,2,1,1,0,31,30,1,0,36,1,13,11
51351397,0,,,13,6,7,0,0,0,13,6,7,2,2,0,13,6,7,13,6,7,11,4,7,9,2,7,4,2,2,0,0,0,0,0,0,7,7,3,2,2,0,0,0,0,4,3,1,0,7,0,3,2
51351420,2,51351430,,1,0,1,*,*,*,*,*,*,*,*,*,*,*,*,*,*,*,*,*,*,*,*,*,*,*,*,*,*,*,*,*,*,1,1,*,*,*,*,*,*,*,*,*,*,*,*,*,*,*
51351421,2,51351430,,2,1,1,*,*,*,*,*,*,*,*,*,*,*,*,*,*,*,*,*,*,*,*,*,*,*,*,*,*,*,*,*,*,1,1,*,*,*,*,*,*,*,*,*,*,*,*,*,*,*
51351425,0,,,17,10,7,0,0,0,17,10,7,3,2,1,17,10,7,17,10,7,14,8,6,10,6,4,1,1,0,0,0,0,0,0,0,10,10,4,5,1,0,0,0,0,6,5,1,0,9,0,3,5
51351430,1,,51351420;51351421,27,15,12,5,5,0,25,11,14,10,6,4,24,10,14,24,10,14,15,5,10,8,2,6,4,1,3,1,0,1,0,0,0,9,9,3,3,3,1,0,0,1,8,4,4,1,9,0,3,1
51351439,1,,51351447,13,4,9,1,0,1,12,4,8,7,3,4,10,4,6,10,4,6,5,1,4,5,1,4,2,1,1,0,0,0,0,0,0,6,6,3,2,1,1,0,0,0,4,4,0,0,4,0,2,1
51351440,0,,,37,12,25,0,0,0,37,12,25,16,5,11,34,12,22,34,12,22,21,7,14,14,4,10,8,2,6,0,0,0,0,0,0,18,18,5,7,6,0,0,0,0,13,10,3,0,16,0,5,3
51351447,2,51351439,,1,0,1,*,*,*,*,*,*,*,*,*,*,*,*,*,*,*,*,*,*,*,*,*,*,*,*,*,*,*,*,*,*,1,1,*,*,*,*,*,*,*,*,*,*,*,*,*,*,*
51351449,0,,,15,10,5,0,0,0,15,10,5,13,8,5,15,10,5,15,10,5,2,2,0,2,2,0,1,1,0,0,0,0,1,0,1,15,15,15,0,0,0,0,0,0,0,0,0,0,2,3,2,0
51351450,0,,,34,17,17,0,0,0,34,17,17,13,8,5,34,17,17,34,17,17,21,9,12,13,6,7,4,1,3,0,0,0,0,0,0,18,18,7,8,1,2,0,0,0,11,8,3,0,15,0,5,5
51351451,0,,,27,14,13,0,0,0,27,14,13,9,7,2,27,14,13,27,14,13,18,7,11,11,5,6,5,3,2,0,0,0,0,0,0,14,14,4,8,1,1,0,0,0,10,9,1,0,12,0,3,4
51351453,1,,51351463,12,4,8,0,0,0,18,6,12,6,1,5,18,6,12,18,6,12,12,5,7,8,3,5,4,1,3,0,0,0,0,0,0,6,6,7,2,1,1,0,0,0,4,2,2,0,9,0,5,2
51351454,2,51351455,,5,2,3,*,*,*,*,*,*,*,*,*,*,*,*,*,*,*,*,*,*,*,*,*,*,*,*,*,*,*,*,*,*,2,2,*,*,*,*,*,*,*,*,*,*,*,*,*,*,*
51351455,1,,51351454;51351473,5,3,2,0,0,0,15,7,8,7,4,3,15,7,8,15,7,8,8,3,5,4,1,3,1,0,1,0,0,0,0,0,0,2,2,1,2,2,1,0,0,0,5,3,2,0,5,0,1,0
51351457,0,,,16,9,7,0,0,0,16,9,7,9,6,3,15,9,6,14,9,5,7,3,4,3,1,2,1,1,0,0,0,0,0,0,0,5,5,1,2,0,1,0,0,1,4,3,1,0,4,0,0,2
51351461,1,,51351462;51351470,130,62,68,10,2,8,129,65,64,62,36,26,129,65,64,128,64,64,67,29,38,43,16,27,20,9,11,1,1,0,0,0,0,70,70,33,31,10,2,0,1,0,44,40,4,2,49,1,19,16
51351462,2,51351461,,6,3,3,*,*,*,*,*,*,*,*,*,*,*,*,*,*,*,*,*,*,*,*,*,*,*,*,*,*,*,*,*,*,4,4,*,*,*,*,*,*,*,*,*,*,*,*,*,*,*
51351463,2,51351453,,6,2,4,*,*,*,*,*,*,*,*,*,*,*,*,*,*,*,*,*,*,*,*,*,*,*,*,*,*,*,*,*,*,5,5,*,*,*,*,*,*,*,*,*,*,*,*,*,*,*
51351465,1,,51351475;51351477;51351485;51351488,18,7,11,0,0,0,25,10,15,2,1,1,25,10,15,25,10,15,23,9,14,15,4,11,6,2,4,1,1,0,0,0,0,12,12,9,8,0,0,0,0,0,8,8,0,0,16,0,9,7
51351470,2,51351461,,3,2,1,*,*,*,*,*,*,*,*,*,*,*,*,*,*,*,*,*,*,*,*,*,*,*,*,*,*,*,*,*,*,3,3,*,*,*,*,*,*,*,*,*,*,*,*,*,*,*
51351471,1,,51351480,24,6,18,2,2,0,31,8,23,11,4,7,31,8,23,31,8,23,20,4,16,16,3,13,7,1,6,0,0,0,0,0,0,13,12,8,7,1,1,0,0,0,9,8,1,1,13,0,6,2
51351473,2,51351455,,5,2,3,*,*,*,*,*,*,*,*,*,*,*,*,*,*,*,*,*,*,*,*,*,*,*,*,*,*,*,*,*,*,2,2,*,*,*,*,*,*,*,*,*,*,*,*,*,*,*
51351475,2,51351465,,2,1,1,*,*,*,*,*,*,*,*,*,*,*,*,*,*,*,*,*,*,*,*,*,*,*,*,*,*,*,*,*,*,1,1,*,*,*,*,*,*,*,*,*,*,*,*,*,*,*
51351477,2,51351465,,1,1,0,*,*,*,*,*,*,*,*,*,*,*,*,*,*,*,*,*,*,*,*,*,*,*,*,*,*,*,*,*,*,1,1,*,*,*,*,*,*,*,*,*,*,*,*,*,*,*
51351480,2,51351471,,9,4,5,*,*,*,*,*,*,*,*,*,*,*,*,*,*,*,*,*,*,*,*,*,*,*,*,*,*,*,*,*,*,5,5,*,*,*,*,*,*,*,*,*,*,*,*,*,*,*
51351485,2,51351465,,2,0,2,*,*,*,*,*,*,*,*,*,*,*,*,*,*,*,*,*,*,*,*,*,*,*,*,*,*,*,*,*,*,2,2,*,*,*,*,*,*,*,*,*,*,*,*,*,*,*
51351488,2,51351465,,2,1,1,*,*,*,*,*,*,*,*,*,*,*,*,*,*,*,*,*,*,*,*,*,*,*,*,*,*,*,*,*,*,1,1,*,*,*,*,*,*,*,*,*,*,*,*,*,*,*
51351520,0,,,28,14,14,3,2,1,25,12,13,11,5,6,25,12,13,25,12,13,14,7,7,7,2,5,4,1,3,0,0,0,0,0,0,12,12,4,4,1,2,1,0,0,8,4,4,1,9,0,2,2
51351531,1,,51351575,12,7,5,0,0,0,14,8,6,10,7,3,14,8,6,14,8,6,4,1,3,2,0,2,2,0,2,0,0,0,4,4,0,8,8,5,3,1,0,0,0,0,4,3,1,0,3,0,1,1
51351571,1,,51351583,56,26,30,1,1,0,56,25,31,18,10,8,55,25,30,55,25,30,38,15,23,26,10,16,10,3,7,2,0,2,0,0,0,24,24,7,8,6,4,0,0,0,18,13,5,0,23,0,6,7
51351575,2,51351531,,2,1,1,*,*,*,*,*,*,*,*,*,*,*,*,*,*,*,*,*,*,*,*,*,*,*,*,*,*,*,*,*,*,1,1,*,*,*,*,*,*,*,*,*,*,*,*,*,*,*
51351579,2,51351589,,4,2,2,*,*,*,*,*,*,*,*,*,*,*,*,*,*,*,*,*,*,*,*,*,*,*,*,*,*,*,*,*,*,2,2,*,*,*,*,*,*,*,*,*,*,*,*,*,*,*
51351583,2,51351571,,1,0,1,*,*,*,*,*,*,*,*,*,*,*,*,*,*,*,*,*,*,*,*,*,*,*,*,*,*,*,*,*,*,1,1,*,*,*,*,*,*,*,*,*,*,*,*,*,*,*
51351589,1,,51351579;51351599,18,8,10,0,0,0,29,14,15,9,6,3,29,14,15,29,14,15,20,8,12,13,3,10,2,1,1,0,0,0,0,0,0,13,13,13,8,0,0,0,0,0,8,6,2,0,16,0,11,3
51351590,0,,,15,10,5,5,5,0,10,5,5,10,5,5,10,5,5,10,5,5,0,0,0,0,0,0,0,0,0,0,0,0,0,0,0,8,8,5,1,1,0,1,0,0,3,3,0,2,0,1,0,0
51351599,2,51351589,,7,4,3,*,*,*,*,*,*,*,*,*,*,*,*,*,*,*,*,*,*,*,*,*,*,*,*,*,*,*,*,*,*,6,6,*,*,*,*,*,*,*,*,*,*,*,*,*,*,*
51351600,2,51351610,,9,4,5,*,*,*,*,*,*,*,*,*,*,*,*,*,*,*,*,*,*,*,*,*,*,*,*,*,*,*,*,*,*,5,5,*,*,*,*,*,*,*,*,*,*,*,*,*,*,*
51351610,1,,51351600,124,72,52,12,6,6,121,70,51,64,43,21,121,70,51,121,70,51,57,27,30,34,12,22,11,4,7,1,0,1,0,0,0,76,76,46,25,5,3,2,0,0,35,33,2,3,39,12,18,15
51351611,0,,,15,9,6,1,1,0,14,8,6,7,5,2,14,8,6,14,8,6,7,3,4,6,3,3,4,1,3,0,0,0,0,0,0,11,11,8,2,1,0,0,0,0,3,3,0,1,5,2,3,2
51351620,0,,,64,34,30,8,3,5,56,31,25,37,22,15,56,31,25,56,31,25,19,9,10,14,4,10,8,3,5,0,0,0,0,0,0,35,35,19,8,5,2,0,1,0,16,14,2,6,15,2,8,4
51351621,0,,,13,7,6,0,0,0,13,7,6,4,2,2,13,7,6,13,7,6,9,5,4,8,4,4,4,2,2,0,0,0,0,0,0,8,8,3,5,0,0,0,0,0,5,5,0,0,5,1,1,4
51351630,0,,,9,9,0,0,0,0,9,9,0,9,9,0,9,9,0,9,9,0,0,0,0,0,0,0,0,0,0,0,0,0,0,0,0,9,9,9,0,0,0,0,0,0,0,0,0,0,0,5,0,0
51351631,0,,,21,13,8,2,1,1,19,12,7,8,6,2,19,12,7,19,12,7,11,6,5,8,4,4,4,3,1,0,0,0,0,0,0,9,9,1,6,0,2,0,0,0,8,8,0,1,6,0,1,3
51351633,2,51351634,,6,3,3,*,*,*,*,*,*,*,*,*,*,*,*,*,*,*,*,*,*,*,*,*,*,*,*,*,*,*,*,*,*,3,3,*,*,*,*,*,*,*,*,*,*,*,*,*,*,*
51351634,1,,51351633,2,1,1,0,0,0,8,4,4,0,0,0,8,4,4,8,4,4,8,4,4,8,4,4,5,2,3,0,0,0,0,0,0,1,1,0,4,0,0,0,0,0,4,4,0,0,4,0,0,4
51351642,1,,51351660;51351661,11,4,7,0,0,0,15,6,9,6,3,3,15,6,9,15,6,9,9,3,6,8,3,5,5,2,3,0,0,0,0,0,0,6,6,4,4,1,0,0,0,0,5,5,0,0,8,0,4,0
51351660,2,51351642,,1,1,0,*,*,*,*,*,*,*,*,*,*,*,*,*,*,*,*,*,*,*,*,*,*,*,*,*,*,*,*,*,*,1,1,*,*,*,*,*,*,*,*,*,*,*,*,*,*,*
51351661,2,51351642,,3,1,2,*,*,*,*,*,*,*,*,*,*,*,*,*,*,*,*,*,*,*,*,*,*,*,*,*,*,*,*,*,*,2,2,*,*,*,*,*,*,*,*,*,*,*,*,*,*,*
51351670,2,51351671,,5,3,2,*,*,*,*,*,*,*,*,*,*,*,*,*,*,*,*,*,*,*,*,*,*,*,*,*,*,*,*,*,*,4,4,*,*,*,*,*,*,*,*,*,*,*,*,*,*,*
51351671,1,,51351670;51351672;51351682;51351690,4,2,2,3,2,1,26,12,14,7,4,3,26,12,14,26,12,14,19,8,11,12,4,8,2,0,2,0,0,0,0,0,0,2,2,12,7,1,0,1,0,0,9,9,0,1,13,0,5,7
51351672,2,51351671,,8,4,4,*,*,*,*,*,*,*,*,*,*,*,*,*,*,*,*,*,*,*,*,*,*,*,*,*,*,*,*,*,*,3,3,*,*,*,*,*,*,*,*,*,*,*,*,*,*,*
51351682,2,51351671,,3,2,1,*,*,*,*,*,*,*,*,*,*,*,*,*,*,*,*,*,*,*,*,*,*,*,*,*,*,*,*,*,*,1,1,*,*,*,*,*,*,*,*,*,*,*,*,*,*,*
51351684,0,,,13,4,9,0,0,0,13,4,9,2,1,1,13,4,9,13,4,9,11,3,8,10,2,8,2,0,2,0,0,0,0,0,0,9,9,5,4,0,0,0,0,0,4,4,0,0,9,0,5,3
51351690,2,51351671,,14,7,7,*,*,*,*,*,*,*,*,*,*,*,*,*,*,*,*,*,*,*,*,*,*,*,*,*,*,*,*,*,*,11,11,*,*,*,*,*,*,*,*,*,*,*,*,*,*,*
51351729,0,,,41,20,21,3,1,2,38,19,19,18,10,8,38,19,19,38,19,19,20,9,11,13,5,8,5,2,3,0,0,0,0,0,0,26,26,16,7,2,0,1,0,0,10,10,0,1,16,3,10,4
51351759,0,,,25,13,12,0,0,0,25,13,12,12,7,5,25,13,12,25,13,12,13,6,7,5,2,3,0,0,0,0,0,0,0,0,0,15,15,6,8,1,0,0,0,0,9,9,0,0,8,1,2,4
51351769,0,,,27,15,12,0,0,0,27,15,12,8,7,1,27,15,12,27,15,12,19,8,11,12,4,8,4,2,2,0,0,0,0,0,0,17,17,9,6,2,0,0,0,0,8,8,0,0,13,0,6,5
51351779,2,51351789,,3,2,1,*,*,*,*,*,*,*,*,*,*,*,*,*,*,*,*,*,*,*,*,*,*,*,*,*,*,*,*,*,*,3,3,*,*,*,*,*,*,*,*,*,*,*,*,*,*,*
51351789,1,,51351779,11,4,7,0,0,0,14,6,8,14,6,8,14,6,8,14,6,8,0,0,0,0,0,0,0,0,0,0,0,0,1,1,0,11,11,14,0,0,0,0,0,0,0,0,0,0,0,8,0,0
51352099,0,,,505,254,251,37,18,19,468,236,232,256,137,119,460,233,227,455,230,225,212,99,113,98,42,56,22,8,14,2,0,2,3,0,3,230,230,73,89,35,24,6,1,2,155,141,14,6,145,1,43,53
51352104,0,,,809,388,421,121,56,65,686,331,355,472,238,234,673,322,351,665,319,346,214,93,121,112,49,63,24,8,16,1,0,1,4,1,3,351,351,124,99,56,50,15,5,2,221,195,26,34,153,16,52,38
51352105,0,,,5536,2606,2930,607,325,282,4888,2256,2632,3278,1567,1711,4718,2176,2542,4599,2122,2477,1610,689,921,902,374,528,284,98,186,22,8,14,35,19,16,2389,2386,703,824,456,309,70,21,3,1656,1535,121,161,1043,65,334,348
51352106,0,,,2767,1306,1461,270,143,127,2469,1152,1317,1545,758,787,2382,1108,1274,2334,1089,1245,924,394,530,500,211,289,148,57,91,10,2,8,11,6,5,1231,1230,409,399,212,149,48,10,3,817,726,91,62,630,27,213,200
51352107,0,,,1546,759,787,214,113,101,1311,636,675,961,474,487,1270,615,655,1234,596,638,350,162,188,159,72,87,37,17,20,3,0,3,3,1,2,614,610,149,182,153,89,23,10,4,452,408,44,71,224,21,52,76
51352108,0,,,1380,657,723,249,127,122,1130,529,601,773,379,394,1095,513,582,1073,503,570,357,150,207,167,64,103,61,17,44,5,0,5,0,0,0,499,498,97,140,113,101,33,13,1,399,357,42,68,239,1,63,79
51352109,0,,,564,249,315,77,40,37,485,207,278,286,131,155,468,197,271,462,194,268,199,76,123,109,41,68,54,16,38,7,3,4,1,0,1,216,215,56,71,39,37,11,1,0,158,142,16,17,113,2,40,30
51352114,0,,,1157,531,626,120,62,58,1029,466,563,687,353,334,1010,454,556,994,445,549,342,113,229,238,67,171,130,24,106,25,2,23,16,11,5,489,483,220,115,68,57,11,7,5,258,229,29,39,144,84,44,35
51352115,0,,,2065,955,1110,195,95,100,1859,854,1005,1200,572,628,1812,831,981,1775,817,958,659,282,377,324,128,196,95,32,63,8,2,6,4,0,4,885,884,226,338,182,101,31,5,1,643,589,54,55,433,28,122,140
51352116,0,,,1036,493,543,141,75,66,879,402,477,552,267,285,845,384,461,825,379,446,327,135,192,180,74,106,69,26,43,8,0,8,2,2,0,400,397,116,116,80,59,19,5,2,280,258,22,29,186,7,66,59
51352117,0,,,727,342,385,75,35,40,640,300,340,374,187,187,619,290,329,611,287,324,266,113,153,138,52,86,34,9,25,0,0,0,3,2,1,330,330,112,112,53,37,12,4,0,216,187,29,23,182,5,56,53
51352118,0,,,924,432,492,146,75,71,775,354,421,498,236,262,755,345,410,742,338,404,277,118,159,138,51,87,50,16,34,6,0,6,1,0,1,338,338,56,103,85,68,22,3,1,278,242,36,54,182,0,49,59
51352119,0,,,198,92,106,23,12,11,174,79,95,123,56,67,164,72,92,160,69,91,51,23,28,25,10,15,7,2,5,0,0,0,0,0,0,78,78,16,32,9,14,7,0,0,62,56,6,4,36,0,9,12
51352121,0,,,760,341,419,36,21,15,723,319,404,322,165,157,712,314,398,699,305,394,401,154,247,240,94,146,64,27,37,4,0,4,0,0,0,394,394,147,168,47,26,4,2,0,245,231,14,9,280,1,116,98
51352122,0,,,1483,710,773,87,46,41,1393,662,731,699,409,290,1375,654,721,1359,643,716,694,253,441,449,138,311,212,41,171,34,5,29,14,6,8,687,682,313,208,96,49,9,6,1,365,326,39,20,366,107,134,113
51352123,0,,,2664,1213,1451,183,91,92,2465,1114,1351,1429,692,737,2378,1071,1307,2347,1055,1292,1036,422,614,591,215,376,193,52,141,10,0,10,9,2,7,1252,1251,436,455,197,120,33,7,3,809,721,88,36,717,31,243,200
51352124,0,,,2859,1346,1513,246,130,116,2585,1197,1388,1616,801,815,2515,1163,1352,2461,1143,1318,969,396,573,556,213,343,185,50,135,18,4,14,13,6,7,1291,1284,531,386,200,134,27,5,1,743,685,58,86,541,162,180,178
51352125,0,,,773,352,421,46,24,22,721,322,399,416,198,218,707,314,393,699,308,391,305,124,181,192,69,123,73,24,49,7,0,7,6,2,4,385,384,163,126,64,24,5,2,0,219,205,14,13,192,42,74,59
51352126,0,,,630,303,327,98,52,46,532,251,281,294,146,148,524,245,279,517,242,275,238,105,133,132,55,77,42,14,28,3,0,3,0,0,0,245,245,51,87,43,46,16,2,0,194,168,26,27,146,1,31,57
51352127,0,,,706,343,363,130,65,65,573,277,296,397,196,201,537,257,280,527,253,274,176,81,95,88,37,51,30,12,18,2,1,1,0,0,0,244,243,43,79,50,49,19,2,1,196,174,22,23,113,1,22,41
51352128,0,,,802,371,431,98,53,45,704,318,386,387,195,192,686,309,377,678,304,374,317,123,194,188,64,124,90,20,70,22,4,18,0,0,0,297,290,84,74,62,49,14,3,4,204,176,28,23,172,1,60,42
51352129,0,,,201,96,105,11,7,4,190,89,101,109,54,55,183,85,98,180,84,96,81,35,46,35,12,23,16,4,12,4,2,2,0,0,0,81,81,17,31,17,12,3,0,1,64,49,15,1,47,0,9,13
51352131,0,,,315,147,168,12,6,6,303,141,162,155,74,81,293,137,156,284,133,151,148,67,81,75,34,41,24,11,13,1,0,1,4,2,2,148,148,38,72,23,11,4,0,0,109,104,5,4,99,0,29,41
51352132,0,,,4255,1991,2264,549,279,270,3691,1703,1988,2456,1188,1268,3572,1650,1922,3501,1615,1886,1235,515,720,642,243,399,199,62,137,14,2,12,40,26,14,1809,1805,526,593,350,248,74,14,0,1265,1181,84,147,832,65,276,267
51352133,0,,,4949,2286,2663,505,259,246,4418,2011,2407,2726,1325,1401,4279,1941,2338,4194,1894,2300,1692,686,1006,932,349,583,277,81,196,17,3,14,25,19,6,2128,2125,683,706,411,234,73,13,5,1420,1318,102,124,1086,50,399,325
51352134,0,,,3796,1686,2110,299,150,149,3452,1511,1941,1948,913,1035,3388,1477,1911,3324,1443,1881,1504,598,906,933,337,596,372,105,267,52,3,49,10,1,9,1717,1710,705,534,243,176,39,12,1,993,920,73,89,854,129,320,279
51352135,0,,,2463,1189,1274,279,142,137,2176,1042,1134,1611,781,830,2103,997,1106,2037,958,1079,565,261,304,278,120,158,95,40,55,3,1,2,12,5,7,1091,1090,375,341,186,127,51,7,3,706,662,44,77,372,104,105,127
51352136,0,,,1271,629,642,220,128,92,1044,496,548,695,349,346,1012,477,535,989,470,519,349,147,202,188,79,109,57,21,36,2,0,2,1,0,1,495,495,126,139,105,90,22,11,2,368,330,38,49,237,5,80,74
51352137,0,,,2061,966,1095,472,215,257,1589,751,838,1248,611,637,1531,722,809,1503,706,797,341,140,201,155,54,101,48,9,39,6,2,4,2,0,2,682,680,100,179,149,181,60,9,2,577,526,51,120,214,7,50,57
51352138,0,,,1539,725,814,198,103,95,1336,619,717,819,416,403,1287,595,692,1263,578,685,517,203,314,284,101,183,95,24,71,6,1,5,3,0,3,581,579,130,195,112,105,25,8,4,447,398,49,43,301,8,86,97
51352139,0,,,859,387,472,46,27,19,811,358,453,413,194,219,788,352,436,777,346,431,398,164,234,191,80,111,39,14,25,4,0,4,3,2,1,440,440,174,159,71,28,6,2,0,266,253,13,8,284,2,125,82
51352141,2,51352142,,2,1,1,*,*,*,*,*,*,*,*,*,*,*,*,*,*,*,*,*,*,*,*,*,*,*,*,*,*,*,*,*,*,2,2,*,*,*,*,*,*,*,*,*,*,*,*,*,*,*
51352142,1,,51352141,3104,1458,1646,366,166,200,2708,1272,1436,1953,941,1012,2595,1221,1374,2542,1191,1351,755,331,424,372,158,214,96,37,59,10,1,9,34,26,8,1359,1358,440,415,274,169,53,7,2,904,824,80,104,522,71,152,162
51352143,0,,,6639,3049,3590,922,489,433,5697,2547,3150,3647,1711,1936,5520,2447,3073,5423,2391,3032,2050,836,1214,1169,437,732,425,141,284,28,12,16,19,5,14,2924,2922,920,979,502,387,120,12,2,1982,1849,133,247,1437,50,538,450
51352144,0,,,4044,1858,2186,435,218,217,3574,1619,1955,2269,1088,1181,3493,1581,1912,3430,1543,1887,1305,531,774,752,278,474,285,85,200,31,2,29,36,10,26,1890,1886,769,569,289,195,48,13,3,1099,1007,92,139,840,95,329,229
51352145,0,,,4795,2246,2549,573,304,269,4195,1926,2269,2719,1287,1432,4054,1865,2189,3959,1816,2143,1476,639,837,726,281,445,228,71,157,29,8,21,36,13,23,1915,1908,520,647,343,285,84,19,10,1373,1253,120,155,870,51,241,309
51352146,0,,,1943,844,1099,196,97,99,1743,746,997,1012,474,538,1695,723,972,1652,708,944,731,272,459,480,155,325,226,61,165,38,4,34,10,4,6,767,763,243,242,136,101,30,8,3,515,478,37,62,384,29,141,120
51352147,0,,,1457,724,733,388,214,174,1060,507,553,900,431,469,1023,491,532,998,478,520,160,76,84,66,29,37,14,7,7,1,1,0,1,1,0,499,499,63,132,129,141,28,3,3,430,412,18,145,105,9,18,41
51352148,0,,,2454,1179,1275,464,236,228,1979,937,1042,1385,670,715,1892,890,1002,1856,874,982,594,267,327,280,111,169,73,18,55,8,0,8,16,2,14,898,897,171,261,226,164,61,13,1,716,654,62,109,365,24,79,117
51352149,0,,,1331,630,701,118,69,49,1210,560,650,643,328,315,1178,543,635,1160,535,625,567,232,335,342,119,223,131,31,100,15,3,12,2,0,2,474,467,109,164,103,63,21,3,4,356,320,36,25,253,2,61,84
51352151,0,,,90,39,51,12,3,9,78,36,42,56,25,31,71,33,38,71,33,38,22,11,11,9,5,4,0,0,0,0,0,0,0,0,0,33,33,3,13,8,8,1,0,0,30,29,1,1,14,0,3,7
51352152,0,,,2778,1342,1436,241,121,120,2505,1206,1299,1712,868,844,2424,1168,1256,2373,1147,1226,793,338,455,381,150,231,92,25,67,8,2,6,22,8,14,1365,1363,606,357,236,107,44,10,3,742,676,66,51,545,127,179,158
51352153,0,,,6963,3141,3822,782,394,388,6118,2708,3410,3797,1814,1983,5940,2619,3321,5836,2567,3269,2321,894,1427,1375,477,898,499,135,364,41,6,35,24,7,17,3275,3266,1325,999,482,351,93,12,4,1919,1794,125,217,1614,163,684,451
51352154,0,,,3369,1618,1751,338,155,183,2977,1429,1548,1882,990,892,2915,1399,1516,2875,1378,1497,1095,439,656,622,226,396,230,68,162,19,4,15,28,11,17,1693,1688,782,461,241,157,38,5,4,887,812,75,107,767,91,331,165
51352155,0,,,7780,3683,4097,871,458,413,6822,3169,3653,4441,2204,2237,6618,3062,3556,6495,2997,3498,2381,965,1416,1244,440,804,418,113,305,41,6,35,143,71,72,3591,3584,1425,1050,584,370,121,28,6,2133,1948,185,268,1612,109,651,399
51352156,0,,,3446,1659,1787,434,222,212,3004,1433,1571,1963,972,991,2928,1392,1536,2887,1371,1516,1041,461,580,566,234,332,189,79,110,17,6,11,17,6,11,1471,1470,405,517,294,199,47,6,2,1056,984,72,157,681,36,218,225
51352157,0,,,1687,815,872,308,162,146,1376,650,726,912,439,473,1349,639,710,1328,627,701,464,211,253,217,93,124,70,29,41,6,4,2,2,1,1,637,637,121,204,144,127,31,7,3,511,453,58,109,303,7,61,103
51352158,0,,,196,86,110,36,12,24,160,74,86,108,52,56,159,73,86,156,73,83,52,22,30,24,8,16,7,2,5,0,0,0,1,0,1,79,79,22,19,21,13,3,1,0,57,49,8,4,36,2,10,8
51352159,0,,,56,28,28,5,1,4,51,27,24,27,15,12,50,27,23,50,27,23,24,12,12,13,6,7,2,1,1,0,0,0,0,0,0,22,22,3,9,5,5,0,0,0,19,17,2,1,13,0,2,6
51352161,0,,,237,114,123,20,14,6,214,98,116,117,53,64,211,97,114,205,92,113,97,45,52,49,18,31,12,4,8,1,0,1,4,3,1,121,120,48,48,14,4,2,4,0,71,66,5,3,72,4,29,20
51352162,0,,,4260,1996,2264,439,209,230,3780,1762,2018,2475,1240,1235,3664,1703,1961,3604,1668,1936,1305,522,783,770,269,501,280,82,198,25,2,23,38,22,16,1962,1952,764,602,306,211,54,10,5,1173,1081,92,110,832,85,304,229
51352163,0,,,4910,2221,2689,539,268,271,4334,1934,2400,2727,1289,1438,4224,1879,2345,4170,1846,2324,1607,645,962,888,315,573,329,104,225,27,5,22,18,10,8,2401,2396,1024,697,364,238,58,9,6,1363,1254,109,150,1122,176,454,326
51352164,0,,,5546,2514,3032,487,269,218,5028,2230,2798,2998,1465,1533,4897,2161,2736,4815,2114,2701,2030,765,1265,1205,404,801,434,113,321,40,5,35,70,28,42,2856,2846,1366,788,399,219,56,14,4,1461,1318,143,152,1448,102,727,313
51352165,0,,,6100,2912,3188,755,379,376,5284,2498,2786,3661,1811,1850,5117,2415,2702,4996,2353,2643,1623,687,936,846,338,508,233,71,162,24,3,21,110,44,66,2785,2783,1015,826,495,342,92,11,2,1735,1612,123,225,1115,180,396,326
51352166,0,,,6374,3023,3351,801,391,410,5539,2609,2930,3857,1897,1960,5368,2525,2843,5256,2475,2781,1682,712,970,909,361,548,271,101,170,20,3,17,40,20,20,2828,2825,945,886,530,358,83,22,1,1860,1758,102,253,1124,110,409,350
51352167,0,,,2025,964,1061,300,149,151,1705,802,903,1169,571,598,1657,775,882,1620,760,860,536,231,305,275,108,167,71,24,47,3,1,2,5,4,1,851,851,231,286,170,125,30,7,2,604,559,45,109,372,12,116,124
51352169,0,,,37,15,22,3,2,1,34,13,21,19,7,12,34,13,21,33,13,20,15,6,9,7,1,6,4,0,4,0,0,0,0,0,0,12,12,0,5,2,4,1,0,0,12,8,4,1,8,0,0,2
51352171,0,,,1416,677,739,151,72,79,1256,598,658,833,436,397,1205,569,636,1166,547,619,423,162,261,225,73,152,95,27,68,5,0,5,2,0,2,607,606,197,191,116,73,19,5,5,404,363,41,46,273,18,85,78
51352172,0,,,1047,473,574,58,31,27,987,440,547,540,253,287,969,431,538,957,425,532,447,187,260,246,96,150,83,24,59,8,0,8,17,3,14,514,513,208,175,67,45,14,4,0,302,269,33,17,306,15,104,85
51352173,0,,,4277,2003,2274,477,246,231,3772,1736,2036,2388,1168,1220,3679,1687,1992,3631,1669,1962,1384,568,816,748,272,476,253,84,169,19,2,17,69,31,38,2164,2159,977,619,303,193,53,8,6,1162,1062,100,146,990,123,424,262
51352174,0,,,6097,2848,3249,503,236,267,5530,2570,2960,3431,1736,1695,5420,2521,2899,5356,2485,2871,2099,834,1265,1187,429,758,450,139,311,43,10,33,137,37,100,3252,3244,1685,871,402,214,54,12,6,1533,1395,138,150,1410,218,635,354
51352175,0,,,7069,3328,3741,725,360,365,6180,2865,3315,4354,2130,2224,6025,2794,3231,5921,2739,3182,1826,735,1091,955,346,609,285,95,190,21,5,16,113,49,64,3798,3797,1897,1012,508,303,64,9,4,1848,1737,111,239,1344,296,592,351
51352176,0,,,4854,2256,2598,524,266,258,4296,1969,2327,2655,1288,1367,4181,1909,2272,4105,1883,2222,1641,681,960,954,352,602,314,102,212,30,5,25,41,13,28,2153,2148,746,710,366,253,54,11,8,1385,1281,104,168,1037,49,375,322
51352177,0,,,2251,1051,1200,237,123,114,2005,922,1083,1184,566,618,1950,895,1055,1924,885,1039,821,356,465,424,163,261,131,47,84,9,3,6,18,3,15,1017,1012,353,340,162,121,26,9,1,653,602,51,59,530,23,191,175
51352178,0,,,1475,708,767,241,123,118,1225,580,645,862,428,434,1168,557,611,1131,538,593,363,152,211,160,56,104,47,9,38,3,1,2,19,9,10,575,575,156,150,117,113,25,8,6,414,375,39,67,259,1,99,62
51352179,0,,,348,166,182,32,17,15,316,149,167,185,95,90,310,145,165,302,142,160,131,54,77,58,25,33,20,5,15,0,0,0,1,0,1,136,136,23,55,27,22,8,1,0,113,94,19,9,89,0,17,32
51352181,0,,,504,250,254,57,32,25,445,216,229,265,139,126,436,211,225,425,205,220,180,77,103,98,31,67,39,9,30,4,1,3,0,0,0,225,224,93,64,29,22,12,4,0,130,115,15,15,115,6,49,27
51352182,0,,,2246,1057,1189,193,100,93,2043,948,1095,1232,621,611,1991,917,1074,1959,899,1060,811,327,484,439,162,277,136,42,94,5,0,5,22,4,18,1096,1094,469,316,166,99,34,8,2,617,539,78,55,574,50,222,140
51352183,0,,,3872,1855,2017,337,190,147,3481,1633,1848,2181,1064,1117,3400,1593,1807,3358,1573,1785,1300,569,731,699,252,447,256,77,179,20,4,16,76,31,45,1962,1958,919,521,294,179,32,8,5,1026,928,98,99,898,128,370,216
51352184,0,,,5175,2313,2862,366,187,179,4740,2087,2653,2790,1316,1474,4663,2049,2614,4596,2011,2585,1950,771,1179,1121,371,750,447,134,313,28,8,20,203,48,155,2782,2778,1410,766,355,180,50,13,4,1340,1195,145,109,1417,109,695,288
51352185,0,,,6931,3261,3670,702,358,344,6145,2850,3295,4331,2116,2215,5974,2765,3209,5843,2691,3152,1814,734,1080,1020,380,640,285,92,193,13,3,10,126,33,93,3624,3622,1700,1033,493,326,60,7,3,1895,1778,117,205,1312,291,534,379
51352186,0,,,5593,2706,2887,792,405,387,4772,2278,2494,3463,1711,1752,4615,2196,2419,4513,2144,2369,1309,567,742,617,243,374,146,40,106,15,2,13,35,16,19,2326,2324,681,711,444,383,86,16,3,1617,1511,106,267,850,106,253,249
51352187,0,,,600,293,307,92,47,45,504,242,262,350,174,176,491,235,256,475,228,247,154,68,86,83,37,46,21,9,12,0,0,0,0,0,0,215,212,36,60,56,34,20,5,1,174,150,24,24,104,2,24,32
51352188,0,,,1842,916,926,331,178,153,1502,731,771,1034,533,501,1456,696,760,1427,681,746,468,198,270,246,95,151,88,22,66,8,1,7,7,0,7,712,709,196,187,133,148,35,7,3,504,450,54,95,291,20,87,88
51352189,0,,,931,425,506,131,80,51,793,340,453,435,216,219,778,332,446,765,323,442,358,124,234,237,73,164,115,21,94,20,2,18,3,1,2,315,314,66,101,67,56,17,4,3,243,217,26,33,165,1,48,44
51352190,0,,,3263,1540,1723,384,212,172,2863,1316,1547,1784,873,911,2788,1273,1515,2731,1250,1481,1079,443,636,566,200,366,216,54,162,27,2,25,23,10,13,1401,1396,466,457,240,172,46,8,7,921,857,64,108,653,55,217,213
51352191,0,,,5653,2675,2978,542,267,275,5080,2385,2695,3214,1600,1614,4928,2298,2630,4833,2250,2583,1866,785,1081,927,358,569,272,80,192,16,1,15,47,18,29,2566,2563,882,869,426,283,75,20,8,1659,1536,123,147,1254,99,444,386
51352192,0,,,6269,3004,3265,660,323,337,5526,2627,2899,3646,1829,1817,5370,2542,2828,5252,2479,2773,1880,798,1082,970,360,610,284,72,212,21,3,18,61,23,38,3021,3017,1307,813,475,317,86,12,7,1675,1530,145,181,1317,168,557,321
51352193,0,,,2045,994,1051,200,109,91,1826,873,953,1228,624,604,1783,854,929,1751,833,918,598,249,349,321,123,198,112,31,81,13,2,11,20,7,13,993,991,426,286,161,87,25,5,1,550,515,35,74,402,61,180,97
51352194,0,,,2410,1122,1288,250,119,131,2142,993,1149,1340,673,667,2093,970,1123,2057,953,1104,802,320,482,453,161,292,163,60,103,11,4,7,64,20,44,1189,1187,524,341,176,104,32,8,2,655,599,56,73,569,55,250,135
51352195,0,,,6408,3041,3367,807,418,389,5540,2579,2961,3707,1818,1889,5357,2478,2879,5252,2428,2824,1833,761,1072,1066,405,661,367,118,249,36,4,32,60,13,47,2883,2877,1061,849,492,368,81,21,5,1782,1660,122,227,1232,97,480,339
51352196,0,,,6706,2968,3738,816,425,391,5861,2521,3340,3874,1705,2169,5714,2444,3270,5603,2395,3208,1987,816,1171,1074,400,674,327,98,229,32,7,25,108,19,89,2753,2737,914,894,482,325,99,16,7,1790,1666,124,285,1180,109,390,398
51352197,0,,,1255,620,635,131,71,60,1117,544,573,726,379,347,1088,527,561,1067,514,553,391,165,226,201,80,121,49,15,34,5,2,3,6,4,2,581,580,211,182,98,67,16,5,1,358,327,31,40,275,28,91,77
51352198,0,,,834,395,439,109,57,52,719,335,384,460,222,238,708,330,378,705,329,376,259,113,146,121,52,69,21,5,16,3,0,3,11,10,1,368,366,111,126,69,43,14,3,0,250,226,24,39,169,14,47,59
51352199,0,,,827,356,471,83,48,35,738,305,433,422,174,248,723,298,425,710,290,420,316,131,185,145,61,84,20,6,14,0,0,0,10,0,10,433,433,182,159,51,35,3,2,1,247,231,16,21,232,4,106,62
51352200,0,,,454,199,255,34,15,19,420,184,236,212,101,111,409,180,229,403,178,225,208,83,125,141,51,90,64,18,46,9,0,9,1,0,1,156,153,34,56,22,28,7,3,3,118,98,20,11,103,0,29,32
51352202,0,,,336,142,194,32,15,17,304,127,177,178,77,101,292,126,166,288,125,163,126,50,76,69,24,45,30,9,21,3,1,2,0,0,0,140,140,37,55,18,22,3,3,2,103,87,16,8,87,0,27,25
51352203,0,,,96,46,50,4,4,0,92,42,50,41,20,21,90,41,49,89,41,48,51,22,29,33,14,19,13,4,9,1,0,1,0,0,0,40,40,10,15,7,5,3,0,0,30,24,6,1,33,0,9,8
51352204,0,,,680,327,353,72,37,35,608,290,318,316,154,162,593,284,309,582,278,304,292,136,156,133,59,74,37,12,25,0,0,0,0,0,0,266,266,44,111,55,37,15,3,1,222,186,36,21,181,0,40,68
51352205,0,,,128,60,68,0,0,0,128,60,68,69,30,39,124,59,65,122,58,64,59,30,29,29,16,13,7,5,2,0,0,0,0,0,0,52,52,11,20,13,4,2,2,0,41,30,11,0,38,0,8,12
51352206,0,,,107,49,58,1,1,0,106,48,58,47,21,26,106,48,58,106,48,58,59,27,32,33,16,17,13,4,9,0,0,0,0,0,0,46,46,9,23,8,3,2,1,0,35,27,8,0,37,0,6,16
51352207,0,,,117,57,60,0,0,0,117,57,60,64,37,27,114,54,60,114,54,60,53,20,33,29,9,20,9,3,6,1,0,1,0,0,0,48,48,10,18,11,8,0,1,0,37,27,10,0,38,0,9,8
51352208,0,,,99,50,49,6,5,1,93,45,48,52,28,24,93,45,48,91,44,47,41,17,24,26,8,18,14,4,10,1,0,1,1,1,0,42,42,15,12,5,6,3,1,0,27,20,7,2,31,0,12,7
51352209,0,,,117,46,71,2,0,2,115,46,69,60,22,38,93,43,50,90,43,47,55,24,31,35,14,21,17,5,12,0,0,0,0,0,0,47,46,16,18,9,2,1,0,0,30,26,4,0,37,0,12,11
51352210,0,,,855,394,461,120,54,66,733,339,394,561,271,290,689,321,368,667,313,354,172,68,104,90,34,56,35,11,24,3,2,1,3,2,1,302,301,50,85,79,63,19,3,2,251,217,34,23,108,0,22,29
51352211,0,,,79,37,42,10,5,5,69,32,37,44,22,22,62,27,35,62,27,35,25,10,15,14,5,9,3,0,3,0,0,0,0,0,0,27,27,6,6,8,3,2,0,2,21,15,6,2,18,0,6,3
51352212,0,,,16,11,5,2,2,0,14,9,5,13,8,5,14,9,5,14,9,5,1,1,0,0,0,0,0,0,0,0,0,0,0,0,0,5,5,0,1,2,2,0,0,0,5,5,0,0,1,0,0,0
51352213,0,,,344,159,185,26,11,15,318,148,170,171,84,87,312,145,167,309,143,166,147,64,83,76,34,42,26,11,15,1,0,1,0,0,0,135,135,22,53,35,18,4,2,1,113,90,23,9,90,0,16,33
51352214,0,,,116,59,57,13,7,6,103,52,51,66,34,32,97,48,49,93,45,48,37,18,19,16,7,9,7,2,5,1,0,1,0,0,0,43,43,12,7,11,9,3,1,0,30,23,7,4,24,0,9,3
51352215,0,,,221,96,125,13,7,6,208,89,119,113,48,65,206,88,118,205,88,117,95,41,54,45,17,28,8,2,6,2,1,1,0,0,0,92,92,21,37,15,15,3,1,0,71,52,19,2,65,0,16,21
51352216,1,,51352217,41,18,23,3,0,3,42,20,22,17,8,9,41,19,22,41,19,22,25,12,13,12,5,7,3,1,2,1,0,1,0,0,0,14,14,3,4,5,2,1,1,0,12,8,4,0,14,0,2,3
51352217,2,51352216,,4,2,2,*,*,*,*,*,*,*,*,*,*,*,*,*,*,*,*,*,*,*,*,*,*,*,*,*,*,*,*,*,*,2,2,*,*,*,*,*,*,*,*,*,*,*,*,*,*,*
51352220,0,,,147,61,86,12,6,6,135,55,80,79,31,48,134,55,79,133,55,78,56,24,32,32,13,19,16,5,11,0,0,0,0,0,0,58,58,10,24,11,9,4,0,0,48,38,10,3,36,0,7,14
51352221,0,,,35,15,20,0,0,0,35,15,20,10,4,6,35,15,20,35,15,20,25,11,14,16,5,11,5,1,4,1,0,1,0,0,0,17,17,3,11,2,1,0,0,0,14,11,3,0,16,0,3,6
51352223,0,,,366,141,225,16,6,10,350,135,215,111,58,53,344,131,213,340,127,213,239,77,162,173,49,124,106,20,86,29,5,24,0,0,0,114,113,34,43,16,12,7,1,0,79,67,12,3,84,1,26,29
51352224,0,,,253,118,135,23,11,12,230,107,123,125,64,61,227,105,122,223,105,118,105,43,62,51,21,30,12,3,9,1,0,1,1,0,1,94,94,24,27,19,11,5,7,1,70,47,23,3,68,3,17,17
51352225,0,,,196,98,98,24,12,12,172,86,86,87,47,40,169,84,85,169,84,85,85,39,46,36,16,20,12,3,9,1,0,1,0,0,0,76,76,14,32,12,12,4,0,2,60,51,9,7,49,0,9,20
51352226,0,,,20,8,12,0,0,0,20,8,12,9,4,5,19,7,12,18,7,11,11,4,7,2,0,2,0,0,0,0,0,0,0,0,0,8,8,1,3,3,1,0,0,0,7,5,2,0,7,0,1,3
51352227,0,,,24,9,15,1,0,1,23,9,14,9,4,5,23,9,14,23,9,14,14,5,9,7,1,6,5,1,4,0,0,0,0,0,0,13,13,5,5,3,0,0,0,0,8,8,0,0,10,0,4,4
51352229,2,51352239,,3,2,1,*,*,*,*,*,*,*,*,*,*,*,*,*,*,*,*,*,*,*,*,*,*,*,*,*,*,*,*,*,*,1,1,*,*,*,*,*,*,*,*,*,*,*,*,*,*,*
51352230,0,,,294,140,154,36,18,18,258,122,136,155,77,78,250,117,133,247,115,132,103,45,58,48,19,29,17,5,12,3,1,2,0,0,0,106,106,14,40,23,20,5,2,2,91,78,13,6,66,0,12,22
51352231,0,,,154,72,82,17,10,7,137,62,75,74,35,39,131,58,73,129,57,72,63,27,36,32,12,20,11,3,8,2,0,2,0,0,0,55,55,10,16,13,11,3,1,1,45,36,9,6,38,0,8,10
51352232,0,,,10,4,6,0,0,0,10,4,6,5,2,3,10,4,6,10,4,6,5,2,3,3,1,2,1,0,1,0,0,0,0,0,0,4,4,0,3,0,1,0,0,0,4,3,1,0,3,0,0,2
51352233,0,,,184,79,105,8,5,3,176,74,102,89,41,48,173,71,102,171,69,102,87,33,54,41,10,31,20,3,17,0,0,0,0,0,0,74,74,15,25,18,15,1,0,0,58,40,18,1,56,0,13,15
51352234,0,,,568,238,330,54,26,28,513,211,302,244,131,113,500,202,298,493,196,297,269,80,189,182,43,139,99,18,81,25,3,22,10,10,0,201,198,75,60,28,21,7,4,3,122,106,16,17,109,10,43,27
51352235,0,,,605,316,289,51,29,22,554,287,267,330,176,154,529,274,255,515,263,252,224,111,113,93,46,47,32,15,17,4,0,4,0,0,0,249,249,54,103,44,33,11,2,2,193,174,19,9,149,0,35,57
51352236,0,,,30,15,15,2,2,0,28,13,15,19,9,10,26,12,14,25,11,14,9,4,5,2,1,1,0,0,0,0,0,0,0,0,0,12,12,1,6,3,2,0,0,0,11,11,0,0,5,0,1,2
51352238,1,,51352247;51352248,34,15,19,5,4,1,33,13,20,15,6,9,33,13,20,33,13,20,18,7,11,11,4,7,3,0,3,0,0,0,0,0,0,11,11,3,6,0,1,1,1,1,9,6,3,0,13,0,3,5
51352239,1,,51352229,65,32,33,3,2,1,65,32,33,31,14,17,65,32,33,65,32,33,34,18,16,19,8,11,7,3,4,0,0,0,0,0,0,25,25,3,10,9,3,0,1,0,23,17,6,0,21,0,2,8
51352240,0,,,1080,517,563,182,104,78,896,411,485,581,280,301,864,398,466,846,386,460,315,131,184,163,57,106,63,13,50,4,0,4,2,0,2,396,396,66,131,89,74,29,6,1,329,285,44,39,203,0,38,68
51352241,0,,,287,132,155,28,19,9,258,112,146,173,74,99,248,107,141,244,106,138,85,38,47,36,10,26,17,4,13,2,0,2,0,0,0,105,105,17,35,30,12,6,3,2,87,66,21,9,58,2,9,15
51352242,0,,,529,226,303,65,34,31,455,188,267,329,135,194,431,174,257,421,168,253,126,53,73,57,25,32,9,3,6,0,0,0,1,1,0,236,236,68,86,47,29,4,2,0,168,156,12,13,90,1,30,24
51352243,0,,,501,245,256,64,30,34,437,215,222,298,151,147,420,201,219,410,197,213,139,64,75,80,33,47,29,11,18,2,1,1,0,0,0,185,185,29,62,44,36,13,0,1,156,136,20,17,89,0,17,35
51352244,0,,,1364,668,696,117,56,61,1237,605,632,797,392,405,1204,589,615,1190,578,612,440,213,227,188,85,103,43,15,28,4,2,2,22,17,5,570,570,138,209,131,62,21,5,4,426,379,47,19,300,10,76,94
51352245,0,,,1246,582,664,128,58,70,1117,524,593,722,339,383,1081,511,570,1054,500,554,395,185,210,205,88,117,63,22,41,5,1,4,6,3,3,493,492,104,185,101,64,29,4,5,387,338,49,36,262,5,57,96
51352246,0,,,92,49,43,10,7,3,82,42,40,52,28,24,77,39,38,74,37,37,30,14,16,4,1,3,0,0,0,0,0,0,0,0,0,35,35,7,11,9,4,4,0,0,28,27,1,1,20,0,4,6
51352247,2,51352238,,2,1,1,*,*,*,*,*,*,*,*,*,*,*,*,*,*,*,*,*,*,*,*,*,*,*,*,*,*,*,*,*,*,1,1,*,*,*,*,*,*,*,*,*,*,*,*,*,*,*
51352248,2,51352238,,2,1,1,*,*,*,*,*,*,*,*,*,*,*,*,*,*,*,*,*,*,*,*,*,*,*,*,*,*,*,*,*,*,1,1,*,*,*,*,*,*,*,*,*,*,*,*,*,*,*
51352249,0,,,12,6,6,0,0,0,12,6,6,8,4,4,11,5,6,11,5,6,4,2,2,2,1,1,2,1,1,0,0,0,0,0,0,5,5,1,2,1,1,0,0,0,4,3,1,0,4,0,1,0
51352250,0,,,436,187,249,42,24,18,394,163,231,183,82,101,384,159,225,381,157,224,211,81,130,136,42,94,81,20,61,16,2,14,0,0,0,147,144,33,56,29,16,8,2,0,110,95,15,11,85,0,20,34
51352251,0,,,24,10,14,2,0,2,22,10,12,16,7,9,19,9,10,18,9,9,6,3,3,2,1,1,2,1,1,0,0,0,0,0,0,6,6,1,2,1,0,0,0,2,5,3,2,1,3,0,1,0
51352252,0,,,478,224,254,43,26,17,427,195,232,261,122,139,415,191,224,404,186,218,166,73,93,70,29,41,12,3,9,2,0,2,1,0,1,199,199,39,80,48,25,7,0,0,158,147,11,9,110,0,25,39
51352253,0,,,1797,848,949,196,97,99,1588,745,843,960,457,503,1539,713,826,1498,692,806,628,288,340,295,130,165,76,25,51,5,0,5,5,0,5,740,739,151,300,153,95,35,4,1,584,533,51,49,401,4,92,166
51352254,0,,,1768,799,969,190,81,109,1575,716,859,989,474,515,1517,690,827,1483,669,814,586,242,344,295,114,181,94,23,71,7,1,6,1,1,0,684,683,152,233,155,104,27,10,2,525,467,58,50,361,4,101,116
51352255,0,,,1295,629,666,182,100,82,1107,527,580,748,364,384,1080,514,566,1056,505,551,359,163,196,148,59,89,47,13,34,6,1,5,11,5,6,532,532,123,200,101,77,25,6,0,405,359,46,42,236,16,51,92
51352256,0,,,561,282,279,37,19,18,524,263,261,313,160,153,513,256,257,504,250,254,211,103,108,111,51,60,38,19,19,2,1,1,12,11,1,219,219,44,85,43,28,11,6,2,172,138,34,7,134,5,26,47
51352259,0,,,49,24,25,4,2,2,45,22,23,30,14,16,45,22,23,41,20,21,15,8,7,8,4,4,3,1,2,0,0,0,1,0,1,16,16,3,4,4,2,1,1,1,12,8,4,1,9,0,0,1
51352260,0,,,233,108,125,22,13,9,211,95,116,133,61,72,202,92,110,199,89,110,78,34,44,40,15,25,9,3,6,1,0,1,0,0,0,90,90,11,41,19,13,5,1,0,78,70,8,3,50,0,5,22
51352262,0,,,117,60,57,8,2,6,109,58,51,62,36,26,108,57,51,107,57,50,47,22,25,25,11,14,6,3,3,0,0,0,0,0,0,43,43,9,14,9,7,1,1,2,34,27,7,4,29,0,6,9
51352263,0,,,1341,618,723,194,92,102,1144,525,619,823,386,437,1088,499,589,1052,484,568,321,139,182,151,59,92,45,14,31,2,0,2,1,0,1,504,503,98,150,128,91,30,6,0,404,360,44,42,212,6,53,67
51352264,0,,,1756,847,909,225,120,105,1530,726,804,1024,499,525,1493,712,781,1467,698,769,506,227,279,226,97,129,60,20,40,2,1,1,5,1,4,674,674,133,228,150,115,33,13,2,536,474,62,52,344,0,93,115
51352265,0,,,1463,706,757,180,91,89,1279,613,666,933,456,477,1242,594,648,1207,576,631,346,157,189,150,61,89,25,6,19,0,0,0,11,5,6,581,580,134,194,127,91,22,7,5,443,404,39,49,232,4,65,76
51352266,0,,,358,166,192,33,8,25,325,158,167,199,100,99,312,152,160,308,150,158,126,58,68,60,27,33,21,10,11,2,2,0,13,6,7,143,143,44,42,21,21,9,4,2,98,81,17,8,82,9,23,27
51352267,0,,,144,75,69,13,6,7,131,69,62,99,53,46,130,68,62,128,66,62,32,16,16,11,6,5,2,1,1,0,0,0,13,7,6,55,54,19,16,6,10,2,1,0,35,30,5,5,22,4,3,7
51352268,0,,,247,86,161,5,2,3,242,84,158,61,37,24,241,84,157,238,82,156,181,47,134,146,32,114,106,23,83,18,1,17,1,1,0,54,51,12,16,15,5,2,1,0,39,31,8,1,35,0,11,8
51352269,0,,,80,42,38,6,6,0,74,36,38,44,20,24,71,34,37,71,34,37,30,16,14,15,5,10,2,0,2,0,0,0,0,0,0,32,32,8,12,4,5,2,1,0,24,21,3,2,20,0,7,8
51352270,0,,,72,37,35,10,5,5,61,31,30,49,26,23,57,28,29,56,27,29,12,5,7,8,3,5,0,0,0,0,0,0,0,0,0,27,27,4,11,6,2,4,0,0,23,23,0,2,7,0,1,4
51352271,0,,,110,52,58,14,8,6,96,44,52,47,23,24,94,43,51,93,43,50,49,21,28,24,9,15,13,4,9,2,0,2,0,0,0,42,42,9,12,10,9,1,1,0,32,24,8,4,32,0,8,8
51352272,0,,,53,18,35,3,0,3,50,18,32,31,12,19,50,18,32,47,18,29,19,6,13,7,1,6,3,0,3,0,0,0,0,0,0,21,21,7,4,3,6,1,0,0,14,10,4,0,15,0,5,1
51352273,0,,,64,35,29,3,0,3,61,35,26,33,19,14,61,35,26,60,35,25,28,16,12,9,6,3,2,1,1,0,0,0,0,0,0,30,30,7,16,5,0,2,0,0,23,20,3,0,18,0,1,10
51352274,0,,,281,142,139,25,11,14,256,131,125,180,98,82,244,125,119,239,122,117,76,33,43,32,11,21,9,3,6,1,0,1,0,0,0,111,111,23,38,27,17,4,1,1,88,78,10,4,52,1,13,11
51352275,0,,,1424,672,752,125,65,60,1289,603,686,863,427,436,1232,572,660,1209,558,651,426,176,250,204,67,137,78,17,61,10,1,9,5,3,2,553,552,116,210,112,75,34,3,2,433,388,45,28,257,6,62,80
51352276,0,,,970,466,504,123,67,56,846,398,448,540,261,279,825,390,435,811,385,426,306,137,169,149,65,84,48,17,31,3,0,3,5,3,2,379,379,89,130,67,57,27,7,2,290,251,39,25,206,4,56,67
51352277,0,,,677,348,329,100,51,49,577,297,280,436,233,203,561,286,275,543,279,264,141,64,77,68,27,41,25,10,15,1,0,1,2,0,2,245,244,51,67,49,55,18,3,1,192,172,20,20,96,7,19,24
51352278,0,,,342,145,197,28,15,13,314,130,184,166,79,87,304,125,179,301,123,178,148,51,97,85,24,61,30,1,29,5,1,4,0,0,0,129,128,28,45,27,18,7,2,1,100,80,20,5,92,0,25,21
51352279,0,,,29,12,17,1,1,0,28,11,17,17,7,10,28,11,17,27,11,16,11,4,7,2,0,2,0,0,0,0,0,0,0,0,0,13,13,3,6,2,2,0,0,0,10,9,1,0,7,0,2,3
51352280,0,,,565,267,298,53,21,32,509,244,265,320,165,155,482,227,255,470,218,252,189,79,110,112,44,68,39,9,30,5,0,5,1,0,1,219,217,57,67,41,32,15,4,1,159,143,16,11,118,0,40,37
51352281,0,,,408,190,218,33,20,13,375,170,205,193,92,101,364,164,200,356,159,197,182,78,104,107,50,57,45,15,30,4,1,3,4,1,3,149,147,36,53,34,14,5,2,3,111,95,16,7,86,3,20,30
51352282,0,,,385,183,202,41,21,20,344,162,182,161,83,78,337,158,179,331,156,175,183,79,104,107,39,68,40,8,32,5,0,5,2,0,2,126,125,19,51,27,16,9,2,1,106,93,13,10,77,0,15,34
51352283,0,,,974,466,508,61,33,28,895,429,466,657,324,333,868,414,454,844,403,441,238,105,133,99,39,60,19,3,16,1,0,1,2,0,2,380,378,73,130,92,69,13,1,0,302,274,28,15,156,3,39,55
51352285,0,,,572,275,297,46,27,19,524,248,276,324,163,161,511,242,269,504,238,266,200,85,115,71,32,39,16,4,12,1,0,1,0,0,0,238,238,48,98,51,31,9,1,0,188,172,16,13,128,3,28,49
51352286,0,,,976,464,512,117,62,55,835,388,447,564,269,295,810,375,435,796,371,425,271,119,152,135,54,81,43,14,29,0,0,0,5,1,4,407,406,112,127,89,55,16,7,0,288,251,37,35,184,11,48,55
51352287,0,,,1240,603,637,149,79,70,1090,523,567,703,345,358,1047,502,545,1019,491,528,387,178,209,197,84,113,60,24,36,3,2,1,13,4,9,490,490,131,152,91,67,34,11,4,354,297,57,30,269,14,76,81
51352288,0,,,799,350,449,94,43,51,700,304,396,407,185,222,685,297,388,672,289,383,293,119,174,167,56,111,61,14,47,10,1,9,1,0,1,296,295,73,93,56,40,24,8,1,220,185,35,23,174,4,52,52
51352290,0,,,2273,1094,1179,330,155,175,1917,926,991,1475,734,741,1838,888,950,1793,862,931,442,192,250,194,82,112,51,22,29,2,2,0,25,13,12,937,934,258,306,162,155,39,11,3,660,609,51,82,311,27,80,96
51352291,0,,,1165,526,639,118,57,61,1039,465,574,702,329,373,1006,446,560,986,440,546,337,136,201,170,56,114,55,12,43,9,1,8,24,2,22,522,522,178,167,88,68,13,5,3,339,299,40,37,233,30,77,65
51352292,0,,,1969,920,1049,220,108,112,1749,812,937,1053,521,532,1715,793,922,1687,777,910,696,291,405,392,165,227,120,44,76,8,2,6,4,4,0,752,747,205,256,148,99,27,10,2,540,484,56,67,397,7,133,136
51352293,0,,,1480,696,784,190,97,93,1281,595,686,791,387,404,1249,579,670,1226,570,656,490,208,282,262,100,162,68,15,53,4,0,4,6,3,3,615,615,163,204,121,95,28,3,1,448,412,36,57,338,4,117,106
51352294,0,,,649,301,348,42,22,20,600,275,325,306,149,157,586,268,318,582,265,317,294,126,168,175,65,110,71,23,48,5,2,3,1,0,1,284,282,88,109,46,28,7,2,2,192,169,23,8,181,1,65,55
51352295,0,,,525,244,281,34,18,16,490,225,265,236,110,126,486,223,263,481,221,260,254,115,139,124,51,73,46,16,30,3,0,3,6,4,2,238,237,68,98,42,22,7,0,0,167,153,14,10,161,1,42,59
51352296,0,,,121,63,58,30,19,11,89,44,45,81,41,40,88,44,44,87,43,44,8,3,5,2,0,2,0,0,0,0,0,0,0,0,0,47,47,13,14,7,8,3,2,0,34,32,2,6,6,1,1,3
51352297,0,,,681,320,361,93,43,50,586,277,309,387,184,203,563,265,298,549,257,292,199,93,106,88,41,47,31,11,20,3,1,2,4,3,1,254,254,54,79,51,43,21,3,3,197,170,27,27,123,5,29,39
51352298,0,,,643,308,335,84,45,39,556,261,295,342,161,181,544,255,289,534,252,282,214,100,114,103,40,63,37,11,26,0,0,0,1,0,1,255,255,60,86,52,40,10,4,3,194,168,26,23,140,1,36,47
51352299,0,,,93,46,47,8,2,6,85,44,41,51,30,21,81,41,40,81,41,40,34,14,20,20,6,14,8,1,7,0,0,0,0,0,0,28,28,4,7,3,7,4,3,0,24,12,12,1,22,0,3,4
51352300,0,,,90,37,53,8,5,3,82,32,50,36,18,18,79,29,50,78,28,50,46,14,32,28,8,20,14,5,9,0,0,0,0,0,0,40,39,14,13,6,2,3,0,1,25,20,5,1,31,0,11,6
51352301,0,,,12,6,6,0,0,0,12,6,6,5,3,2,12,6,6,12,6,6,7,3,4,5,3,2,3,1,2,0,0,0,0,0,0,8,8,4,4,0,0,0,0,0,4,4,0,0,4,0,1,3
51352302,0,,,36,17,19,1,1,0,35,16,19,8,5,3,35,16,19,35,16,19,27,11,16,14,5,9,6,3,3,0,0,0,0,0,0,22,22,12,6,4,0,0,0,0,10,10,0,1,19,1,10,6
51352303,0,,,21,11,10,0,0,0,21,11,10,8,5,3,21,11,10,21,11,10,13,6,7,9,4,5,4,3,1,0,0,0,0,0,0,9,9,1,5,2,1,0,0,0,8,8,0,0,7,0,1,5
51352304,2,51352313,,4,2,2,*,*,*,*,*,*,*,*,*,*,*,*,*,*,*,*,*,*,*,*,*,*,*,*,*,*,*,*,*,*,4,4,*,*,*,*,*,*,*,*,*,*,*,*,*,*,*
51352307,0,,,19,9,10,0,0,0,19,9,10,5,3,2,19,9,10,19,9,10,14,6,8,11,4,7,7,2,5,0,0,0,0,0,0,11,11,5,5,0,1,0,0,0,6,5,1,0,11,0,5,3
51352308,2,51352318,,5,3,2,*,*,*,*,*,*,*,*,*,*,*,*,*,*,*,*,*,*,*,*,*,*,*,*,*,*,*,*,*,*,4,4,*,*,*,*,*,*,*,*,*,*,*,*,*,*,*
51352313,1,,51352304,18,7,11,0,0,0,22,9,13,6,4,2,22,9,13,22,9,13,16,5,11,13,4,9,8,3,5,0,0,0,0,0,0,10,10,8,5,0,1,0,0,0,6,5,1,0,13,0,7,3
51352317,2,51352318,,3,2,1,*,*,*,*,*,*,*,*,*,*,*,*,*,*,*,*,*,*,*,*,*,*,*,*,*,*,*,*,*,*,2,2,*,*,*,*,*,*,*,*,*,*,*,*,*,*,*
51352318,1,,51352308;51352317,27,13,14,0,0,0,35,18,17,14,11,3,35,18,17,35,18,17,21,7,14,16,4,12,8,4,4,0,0,0,0,0,0,18,18,15,7,2,0,0,0,0,9,8,1,0,17,0,10,3
51352319,0,,,15,4,11,0,0,0,15,4,11,5,2,3,15,4,11,15,4,11,10,2,8,7,0,7,2,0,2,1,0,1,0,0,0,8,8,4,2,1,1,0,0,0,4,2,2,0,8,0,4,0
51352320,2,51352330,,2,1,1,*,*,*,*,*,*,*,*,*,*,*,*,*,*,*,*,*,*,*,*,*,*,*,*,*,*,*,*,*,*,1,1,*,*,*,*,*,*,*,*,*,*,*,*,*,*,*
51352323,1,,51352324;51352334,59,29,30,1,0,1,61,30,31,21,15,6,61,30,31,61,30,31,40,15,25,26,8,18,9,2,7,0,0,0,0,0,0,33,33,17,10,7,1,0,0,0,18,17,1,0,27,0,13,9
51352324,2,51352323,,2,1,1,*,*,*,*,*,*,*,*,*,*,*,*,*,*,*,*,*,*,*,*,*,*,*,*,*,*,*,*,*,*,1,1,*,*,*,*,*,*,*,*,*,*,*,*,*,*,*
51352328,0,,,16,6,10,0,0,0,16,6,10,4,1,3,16,6,10,16,6,10,12,5,7,8,3,5,4,3,1,0,0,0,0,0,0,8,8,2,4,2,0,0,0,0,6,6,0,0,7,0,2,4
51352329,0,,,25,14,11,0,0,0,25,14,11,13,9,4,25,14,11,25,14,11,12,5,7,8,4,4,4,2,2,0,0,0,0,0,0,17,17,11,5,0,1,0,0,0,6,6,0,0,10,1,7,2
51352330,1,,51352320,64,29,35,4,3,1,62,27,35,28,12,16,61,27,34,61,27,34,34,15,19,20,7,13,5,2,3,0,0,0,0,0,0,22,22,5,7,3,3,4,1,0,18,9,9,1,22,0,4,6
51352331,0,,,39,20,19,0,0,0,39,20,19,15,9,6,39,20,19,39,20,19,24,11,13,15,7,8,5,2,3,0,0,0,0,0,0,16,16,4,5,3,4,0,0,0,12,8,4,0,14,0,3,3
51352332,0,,,22,7,15,0,0,0,22,7,15,7,2,5,22,7,15,22,7,15,15,5,10,9,3,6,4,2,2,0,0,0,1,0,1,13,13,8,1,4,0,0,0,0,4,1,3,0,13,0,8,0
51352334,2,51352323,,1,0,1,*,*,*,*,*,*,*,*,*,*,*,*,*,*,*,*,*,*,*,*,*,*,*,*,*,*,*,*,*,*,1,1,*,*,*,*,*,*,*,*,*,*,*,*,*,*,*
51352339,0,,,28,13,15,5,1,4,23,12,11,5,4,1,23,12,11,23,12,11,18,8,10,10,4,6,8,3,5,0,0,0,0,0,0,12,12,3,7,1,0,0,0,1,8,7,1,1,11,0,3,5
51352344,0,,,59,26,33,4,2,2,55,24,31,22,9,13,54,24,30,53,23,30,33,15,18,14,4,10,5,1,4,2,0,2,0,0,0,25,25,8,11,3,1,1,0,1,17,14,3,1,21,0,7,9
51352345,0,,,10,6,4,0,0,0,10,6,4,2,1,1,10,6,4,10,6,4,8,5,3,6,3,3,3,2,1,0,0,0,0,0,0,6,6,2,4,0,0,0,0,0,4,4,0,0,5,0,1,4
51352350,1,,51352351,15,7,8,1,0,1,20,10,10,9,6,3,20,10,10,18,8,10,11,4,7,10,3,7,4,2,2,0,0,0,0,0,0,8,8,4,4,0,1,1,0,0,6,5,1,0,8,0,3,2
51352351,2,51352350,,6,3,3,*,*,*,*,*,*,*,*,*,*,*,*,*,*,*,*,*,*,*,*,*,*,*,*,*,*,*,*,*,*,2,2,*,*,*,*,*,*,*,*,*,*,*,*,*,*,*
51352352,0,,,65,28,37,1,1,0,64,27,37,19,9,10,64,27,37,64,27,37,45,18,27,26,10,16,7,3,4,2,0,2,0,0,0,33,33,10,16,5,2,0,0,0,23,18,5,0,29,0,10,12
51352353,0,,,16,6,10,0,0,0,16,6,10,4,1,3,16,6,10,16,6,10,12,5,7,9,4,5,4,2,2,0,0,0,0,0,0,8,8,3,3,1,1,0,0,0,5,3,2,0,8,0,3,1
51352354,0,,,26,12,14,3,1,2,23,11,12,9,5,4,22,10,12,22,10,12,14,6,8,8,1,7,5,1,4,1,0,1,0,0,0,13,13,6,4,2,0,0,1,0,6,5,1,0,11,0,6,3
51352360,0,,,37,18,19,0,0,0,37,18,19,12,7,5,37,18,19,37,18,19,25,11,14,14,5,9,5,1,4,0,0,0,0,0,0,26,26,16,9,1,0,0,0,0,10,9,1,0,20,0,13,4
51352361,0,,,118,52,66,3,1,2,115,51,64,48,21,27,114,51,63,114,51,63,67,30,37,35,13,22,8,2,6,1,0,1,0,0,0,57,57,17,26,9,3,2,0,0,40,36,4,1,46,0,15,15
51352362,0,,,33,13,20,0,0,0,33,13,20,13,5,8,32,13,19,32,13,19,20,8,12,9,3,6,5,2,3,0,0,0,1,0,1,13,13,2,4,6,0,1,0,0,11,7,4,0,12,0,2,1
51352363,0,,,62,31,31,2,2,0,60,29,31,26,12,14,58,29,29,57,29,28,34,17,17,15,6,9,11,6,5,1,1,0,0,0,0,24,24,6,8,6,1,0,3,0,18,11,7,1,21,0,5,5
51352364,1,,51352374,30,14,16,1,1,0,33,15,18,15,8,7,31,13,18,29,12,17,18,7,11,9,3,6,4,1,3,1,0,1,0,0,0,12,12,6,4,0,2,0,2,0,8,4,4,0,13,0,6,2
51352365,0,,,31,12,19,0,0,0,31,12,19,6,4,2,31,12,19,31,12,19,25,8,17,10,2,8,5,1,4,0,0,0,0,0,0,20,20,10,9,1,0,0,0,0,10,9,1,0,19,0,9,5
51352366,0,,,77,34,43,3,2,1,74,32,42,36,18,18,73,31,42,71,30,41,38,14,24,22,4,18,10,1,9,0,0,0,1,0,1,39,39,17,12,7,1,1,1,0,22,18,4,1,27,0,13,7
51352367,0,,,34,16,18,0,0,0,34,16,18,10,4,6,34,16,18,34,16,18,24,12,12,16,7,9,9,5,4,0,0,0,0,0,0,18,18,6,10,0,2,0,0,0,11,9,2,0,16,0,6,8
51352368,0,,,15,5,10,0,0,0,15,5,10,5,2,3,15,5,10,15,5,10,10,3,7,9,2,7,3,0,3,0,0,0,0,0,0,9,9,4,4,1,0,0,0,0,5,5,0,0,8,0,3,2
51352369,0,,,49,23,26,3,1,2,46,22,24,10,6,4,46,22,24,46,22,24,36,16,20,22,11,11,8,4,4,1,0,1,0,0,0,25,25,7,13,4,1,0,0,0,18,17,1,1,22,0,6,10
51352370,0,,,31,14,17,0,0,0,31,14,17,17,9,8,30,13,17,30,13,17,14,5,9,10,3,7,6,2,4,0,0,0,0,0,0,11,11,5,0,1,3,1,1,0,6,1,5,0,9,0,4,0
51352374,2,51352364,,4,2,2,*,*,*,*,*,*,*,*,*,*,*,*,*,*,*,*,*,*,*,*,*,*,*,*,*,*,*,*,*,*,2,2,*,*,*,*,*,*,*,*,*,*,*,*,*,*,*
51352376,0,,,22,11,11,3,2,1,19,9,10,10,5,5,19,9,10,19,9,10,9,4,5,3,1,2,2,1,1,0,0,0,1,0,1,7,7,1,2,2,0,1,1,0,6,4,2,1,5,0,0,0
51352377,1,,51352388,20,9,11,0,0,0,22,10,12,5,2,3,22,10,12,22,10,12,17,8,9,13,6,7,7,2,5,0,0,0,0,0,0,14,14,10,6,0,0,0,0,0,6,6,0,0,13,0,7,4
51352378,0,,,20,8,12,1,0,1,19,8,11,6,3,3,19,8,11,18,7,11,13,5,8,6,2,4,1,0,1,0,0,0,1,0,1,10,10,4,4,1,0,1,0,0,6,5,1,0,9,0,4,4
51352379,0,,,24,12,12,0,0,0,24,12,12,15,9,6,23,11,12,22,11,11,9,3,6,5,2,3,1,0,1,0,0,0,0,0,0,12,12,5,4,1,2,0,0,0,7,7,0,0,6,0,2,3
51352380,0,,,115,51,64,9,3,6,106,48,58,43,23,20,106,48,58,106,48,58,63,25,38,34,14,20,12,6,6,1,0,1,0,0,0,50,50,15,21,7,4,0,2,1,34,25,9,2,41,0,11,10
51352381,2,51352390,,4,2,2,*,*,*,*,*,*,*,*,*,*,*,*,*,*,*,*,*,*,*,*,*,*,*,*,*,*,*,*,*,*,2,2,*,*,*,*,*,*,*,*,*,*,*,*,*,*,*
51352382,2,51352390,,2,1,1,*,*,*,*,*,*,*,*,*,*,*,*,*,*,*,*,*,*,*,*,*,*,*,*,*,*,*,*,*,*,1,1,*,*,*,*,*,*,*,*,*,*,*,*,*,*,*
51352386,2,51352397,,4,3,1,*,*,*,*,*,*,*,*,*,*,*,*,*,*,*,*,*,*,*,*,*,*,*,*,*,*,*,*,*,*,2,2,*,*,*,*,*,*,*,*,*,*,*,*,*,*,*
51352387,2,51352396,,8,3,5,*,*,*,*,*,*,*,*,*,*,*,*,*,*,*,*,*,*,*,*,*,*,*,*,*,*,*,*,*,*,5,5,*,*,*,*,*,*,*,*,*,*,*,*,*,*,*
51352388,2,51352377,,2,1,1,*,*,*,*,*,*,*,*,*,*,*,*,*,*,*,*,*,*,*,*,*,*,*,*,*,*,*,*,*,*,2,2,*,*,*,*,*,*,*,*,*,*,*,*,*,*,*
51352389,1,,51352399,15,6,9,0,0,0,17,8,9,5,3,2,17,8,9,17,8,9,12,5,7,9,3,6,1,1,0,0,0,0,0,0,0,8,8,3,4,2,0,0,0,0,6,5,1,0,8,0,3,3
51352390,1,,51352381;51352382,171,78,93,15,5,10,162,76,86,92,47,45,160,75,85,159,74,85,70,29,41,35,13,22,15,7,8,3,1,2,0,0,0,54,54,11,15,12,7,5,3,4,46,28,18,3,46,0,10,7
51352391,1,,51352392,23,10,13,4,3,1,20,7,13,12,5,7,20,7,13,20,7,13,8,2,6,4,1,3,2,0,2,1,0,1,0,0,0,5,5,1,0,1,2,1,0,1,5,1,4,2,5,0,1,0
51352392,2,51352391,,1,0,1,*,*,*,*,*,*,*,*,*,*,*,*,*,*,*,*,*,*,*,*,*,*,*,*,*,*,*,*,*,*,1,1,*,*,*,*,*,*,*,*,*,*,*,*,*,*,*
51352396,1,,51352387,6,3,3,0,0,0,14,6,8,1,0,1,14,6,8,14,6,8,13,6,7,9,4,5,3,2,1,0,0,0,0,0,0,3,3,3,4,1,0,0,0,0,5,4,1,0,7,0,2,4
51352397,1,,51352386,23,12,11,0,0,0,27,15,12,16,8,8,27,15,12,25,13,12,11,7,4,6,5,1,2,2,0,0,0,0,0,0,0,10,10,4,4,1,3,0,0,0,8,6,2,0,8,0,3,1
51352398,0,,,21,12,9,0,0,0,21,12,9,6,4,2,21,12,9,21,12,9,15,8,7,8,4,4,2,1,1,0,0,0,0,0,0,11,11,3,6,2,0,0,0,0,8,8,0,0,9,0,2,4
51352399,2,51352389,,2,2,0,*,*,*,*,*,*,*,*,*,*,*,*,*,*,*,*,*,*,*,*,*,*,*,*,*,*,*,*,*,*,1,1,*,*,*,*,*,*,*,*,*,*,*,*,*,*,*
51352403,2,51352430,,3,1,2,*,*,*,*,*,*,*,*,*,*,*,*,*,*,*,*,*,*,*,*,*,*,*,*,*,*,*,*,*,*,2,2,*,*,*,*,*,*,*,*,*,*,*,*,*,*,*
51352407,1,,51352418,11,6,5,0,0,0,15,8,7,6,4,2,15,8,7,15,8,7,9,4,5,7,2,5,5,2,3,0,0,0,0,0,0,7,7,5,5,0,0,0,0,0,5,4,1,0,8,0,5,1
51352412,2,51352430,,3,1,2,*,*,*,*,*,*,*,*,*,*,*,*,*,*,*,*,*,*,*,*,*,*,*,*,*,*,*,*,*,*,2,2,*,*,*,*,*,*,*,*,*,*,*,*,*,*,*
51352413,2,51352430,,1,1,0,*,*,*,*,*,*,*,*,*,*,*,*,*,*,*,*,*,*,*,*,*,*,*,*,*,*,*,*,*,*,1,1,*,*,*,*,*,*,*,*,*,*,*,*,*,*,*
51352418,2,51352407,,4,2,2,*,*,*,*,*,*,*,*,*,*,*,*,*,*,*,*,*,*,*,*,*,*,*,*,*,*,*,*,*,*,3,3,*,*,*,*,*,*,*,*,*,*,*,*,*,*,*
51352430,1,,51352403;51352412;51352413,33,16,17,0,0,0,40,19,21,17,9,8,40,19,21,40,19,21,23,10,13,10,2,8,5,1,4,0,0,0,0,0,0,17,17,10,8,2,2,0,0,0,12,12,0,0,17,0,10,4
51352440,0,,,9,4,5,0,0,0,9,4,5,5,1,4,8,4,4,8,4,4,4,3,1,4,3,1,1,1,0,0,0,0,0,0,0,5,5,3,0,2,0,0,0,0,2,2,0,0,3,0,2,0
51352441,0,,,17,8,9,4,2,2,13,6,7,9,5,4,13,6,7,13,6,7,4,1,3,2,0,2,2,0,2,0,0,0,0,0,0,4,4,0,1,1,1,0,0,1,4,2,2,2,3,0,0,0
51352450,2,51352460,,2,1,1,*,*,*,*,*,*,*,*,*,*,*,*,*,*,*,*,*,*,*,*,*,*,*,*,*,*,*,*,*,*,2,2,*,*,*,*,*,*,*,*,*,*,*,*,*,*,*
51352451,0,,,11,7,4,3,3,0,8,4,4,5,3,2,8,4,4,8,4,4,3,1,2,3,1,2,1,1,0,0,0,0,1,1,0,6,6,4,0,1,1,0,0,0,2,2,0,1,3,1,3,0
51352452,0,,,85,49,36,8,6,2,77,43,34,43,23,20,75,42,33,74,42,32,34,20,14,15,6,9,5,1,4,0,0,0,0,0,0,41,41,17,13,6,3,1,0,1,23,16,7,1,26,0,12,6
51352455,0,,,83,33,50,2,0,2,81,33,48,48,22,26,81,33,48,81,33,48,33,11,22,17,3,14,6,1,5,0,0,0,1,0,1,37,37,12,9,12,3,1,0,0,23,19,4,1,26,1,9,2
51352456,0,,,820,451,369,69,37,32,738,404,334,509,315,194,662,347,315,631,320,311,229,89,140,121,46,75,42,20,22,1,0,1,5,2,3,333,329,163,79,37,21,14,8,7,153,122,31,20,158,40,54,31
51352457,0,,,474,251,223,56,28,28,414,220,194,250,151,99,406,214,192,400,210,190,164,69,95,102,41,61,34,13,21,2,0,2,5,4,1,183,183,72,50,19,18,5,5,14,93,76,17,14,102,16,24,24
51352458,0,,,116,62,54,15,8,7,101,54,47,56,35,21,97,51,46,95,50,45,45,19,26,19,7,12,8,5,3,0,0,0,2,2,0,61,61,33,13,7,6,1,0,1,28,24,4,2,31,6,14,8
51352459,0,,,48,23,25,3,1,2,45,22,23,27,13,14,43,22,21,43,22,21,18,9,9,7,3,4,2,0,2,0,0,0,0,0,0,21,21,3,13,2,2,1,0,0,18,17,1,0,12,0,3,5
51352460,1,,51352450;51352461;51352471,49,26,23,2,1,1,57,31,26,27,15,12,57,31,26,56,31,25,30,16,14,14,6,8,7,3,4,1,1,0,0,0,0,24,24,13,11,5,1,1,0,0,17,13,4,0,21,0,10,4
51352461,2,51352460,,1,1,0,*,*,*,*,*,*,*,*,*,*,*,*,*,*,*,*,*,*,*,*,*,*,*,*,*,*,*,*,*,*,1,1,*,*,*,*,*,*,*,*,*,*,*,*,*,*,*
51352462,1,,51352463,32,16,16,3,1,2,38,18,20,22,12,10,38,18,20,37,17,20,16,6,10,10,4,6,3,1,2,0,0,0,1,0,1,9,9,4,4,3,1,2,1,0,11,8,3,1,10,0,2,1
51352463,2,51352462,,9,3,6,*,*,*,*,*,*,*,*,*,*,*,*,*,*,*,*,*,*,*,*,*,*,*,*,*,*,*,*,*,*,6,6,*,*,*,*,*,*,*,*,*,*,*,*,*,*,*
51352466,0,,,56,28,28,11,6,5,43,21,22,22,10,12,41,21,20,40,21,19,21,11,10,12,6,6,1,0,1,0,0,0,0,0,0,24,24,11,5,2,2,3,1,0,13,10,3,3,14,0,5,5
51352467,1,,51352476,508,225,283,38,25,13,478,203,275,238,121,117,468,198,270,462,194,268,240,82,158,142,42,100,70,13,57,11,1,10,6,3,3,268,267,142,78,32,10,8,0,0,126,118,8,10,148,13,70,37
51352468,0,,,168,95,73,17,11,6,151,84,67,103,64,39,147,82,65,147,82,65,48,20,28,21,11,10,7,5,2,0,0,0,1,1,0,95,95,48,29,11,6,1,0,0,46,43,3,5,33,12,15,12
51352469,0,,,47,18,29,1,1,0,46,17,29,34,12,22,45,17,28,44,16,28,12,5,7,4,2,2,0,0,0,0,0,0,6,1,5,29,29,19,5,2,3,0,0,0,9,9,0,1,8,5,3,3
51352471,2,51352460,,7,4,3,*,*,*,*,*,*,*,*,*,*,*,*,*,*,*,*,*,*,*,*,*,*,*,*,*,*,*,*,*,*,4,4,*,*,*,*,*,*,*,*,*,*,*,*,*,*,*
51352472,0,,,14,5,9,0,0,0,14,5,9,8,3,5,12,5,7,12,5,7,6,2,4,4,1,3,2,1,1,0,0,0,0,0,0,4,4,0,1,1,1,1,0,0,4,2,2,0,4,0,0,0
51352473,1,,51352483,31,15,16,0,0,0,35,16,19,15,7,8,35,16,19,35,16,19,20,9,11,11,5,6,3,1,2,0,0,0,0,0,0,13,13,2,8,4,0,1,0,0,13,9,4,0,13,0,2,4
51352476,2,51352467,,10,5,5,*,*,*,*,*,*,*,*,*,*,*,*,*,*,*,*,*,*,*,*,*,*,*,*,*,*,*,*,*,*,3,3,*,*,*,*,*,*,*,*,*,*,*,*,*,*,*
51352479,0,,,19,12,7,1,1,0,18,11,7,6,4,2,18,11,7,18,11,7,12,7,5,9,4,5,7,4,3,0,0,0,0,0,0,10,10,4,3,3,0,0,0,0,6,6,0,0,7,0,2,2
51352481,0,,,5,5,0,0,0,0,5,5,0,4,4,0,5,5,0,5,5,0,1,1,0,0,0,0,0,0,0,0,0,0,0,0,0,4,4,3,1,0,0,0,0,0,1,1,0,0,1,0,0,0
51352483,2,51352473,,4,1,3,*,*,*,*,*,*,*,*,*,*,*,*,*,*,*,*,*,*,*,*,*,*,*,*,*,*,*,*,*,*,2,2,*,*,*,*,*,*,*,*,*,*,*,*,*,*,*
51352484,1,,51352485;51352486,23,9,14,0,0,0,33,16,17,15,8,7,31,14,17,30,14,16,18,8,10,9,3,6,4,1,3,0,0,0,0,0,0,10,10,6,9,1,0,0,1,0,11,9,2,0,14,0,4,5
51352485,2,51352484,,7,5,2,*,*,*,*,*,*,*,*,*,*,*,*,*,*,*,*,*,*,*,*,*,*,*,*,*,*,*,*,*,*,5,5,*,*,*,*,*,*,*,*,*,*,*,*,*,*,*
51352486,2,51352484,,3,2,1,*,*,*,*,*,*,*,*,*,*,*,*,*,*,*,*,*,*,*,*,*,*,*,*,*,*,*,*,*,*,2,2,*,*,*,*,*,*,*,*,*,*,*,*,*,*,*
51352492,0,,,11,6,5,0,0,0,11,6,5,4,3,1,11,6,5,11,6,5,7,3,4,6,2,4,1,1,0,0,0,0,0,0,0,5,5,1,2,2,0,0,0,0,4,4,0,0,5,0,1,1
51352493,0,,,13,5,8,0,0,0,13,5,8,3,2,1,13,5,8,13,5,8,10,3,7,6,2,4,2,0,2,0,0,0,0,0,0,7,7,2,4,1,0,0,0,0,5,5,0,0,7,0,2,2
51352495,2,51352496,,7,3,4,*,*,*,*,*,*,*,*,*,*,*,*,*,*,*,*,*,*,*,*,*,*,*,*,*,*,*,*,*,*,4,4,*,*,*,*,*,*,*,*,*,*,*,*,*,*,*
51352496,1,,51352495,4,3,1,0,0,0,11,6,5,4,2,2,11,6,5,11,6,5,7,4,3,2,1,1,2,1,1,0,0,0,1,0,1,3,3,4,2,1,0,0,0,0,3,3,0,0,5,0,3,1
51352500,1,,51352503;51352510,29,16,13,0,0,0,35,18,17,21,12,9,35,18,17,35,18,17,14,6,8,6,2,4,2,1,1,0,0,0,0,0,0,17,17,13,4,2,2,0,0,0,8,4,4,0,11,2,5,2
51352503,2,51352500,,1,0,1,*,*,*,*,*,*,*,*,*,*,*,*,*,*,*,*,*,*,*,*,*,*,*,*,*,*,*,*,*,*,1,1,*,*,*,*,*,*,*,*,*,*,*,*,*,*,*
51352510,2,51352500,,5,2,3,*,*,*,*,*,*,*,*,*,*,*,*,*,*,*,*,*,*,*,*,*,*,*,*,*,*,*,*,*,*,3,3,*,*,*,*,*,*,*,*,*,*,*,*,*,*,*
51352513,0,,,26,16,10,0,0,0,26,16,10,11,9,2,25,15,10,24,14,10,15,7,8,12,5,7,5,2,3,0,0,0,1,1,0,17,17,9,7,1,0,0,0,0,8,8,0,0,12,1,7,3
51352537,2,51352548,,1,0,1,*,*,*,*,*,*,*,*,*,*,*,*,*,*,*,*,*,*,*,*,*,*,*,*,*,*,*,*,*,*,1,1,*,*,*,*,*,*,*,*,*,*,*,*,*,*,*
51352538,2,51352548,,7,3,4,*,*,*,*,*,*,*,*,*,*,*,*,*,*,*,*,*,*,*,*,*,*,*,*,*,*,*,*,*,*,4,4,*,*,*,*,*,*,*,*,*,*,*,*,*,*,*
51352541,0,,,21,10,11,0,0,0,21,10,11,11,6,5,20,10,10,19,9,10,10,4,6,7,3,4,1,0,1,0,0,0,0,0,0,10,10,4,4,0,1,1,0,0,6,6,0,0,7,0,3,2
51352542,0,,,11,6,5,0,0,0,11,6,5,9,5,4,11,6,5,11,6,5,2,1,1,0,0,0,0,0,0,0,0,0,0,0,0,8,8,6,1,1,0,0,0,0,2,2,0,0,1,4,0,1
51352543,1,,51352554,25,8,17,0,0,0,26,8,18,7,2,5,25,7,18,24,7,17,19,6,13,13,3,10,6,0,6,0,0,0,0,0,0,17,17,13,4,0,0,1,0,0,5,3,2,0,16,0,11,3
51352544,2,51352545,,6,2,4,*,*,*,*,*,*,*,*,*,*,*,*,*,*,*,*,*,*,*,*,*,*,*,*,*,*,*,*,*,*,4,4,*,*,*,*,*,*,*,*,*,*,*,*,*,*,*
51352545,1,,51352544,11,7,4,0,0,0,17,9,8,5,3,2,17,9,8,17,9,8,12,6,6,7,3,4,5,2,3,0,0,0,0,0,0,7,7,6,4,1,0,0,0,0,5,4,1,0,10,0,5,2
51352548,1,,51352537;51352538;51352549,24,15,9,0,0,0,34,18,16,5,3,2,34,18,16,34,18,16,29,15,14,18,11,7,7,4,3,0,0,0,0,0,0,16,16,13,9,1,0,0,0,0,10,10,0,0,20,0,11,9
51352549,2,51352548,,2,0,2,*,*,*,*,*,*,*,*,*,*,*,*,*,*,*,*,*,*,*,*,*,*,*,*,*,*,*,*,*,*,2,2,*,*,*,*,*,*,*,*,*,*,*,*,*,*,*
51352552,0,,,21,7,14,0,0,0,21,7,14,9,6,3,20,7,13,20,7,13,12,1,11,9,0,9,6,0,6,1,0,1,0,0,0,12,11,6,3,2,0,0,0,0,5,4,1,0,8,0,4,0
51352553,1,,51352581,24,11,13,2,1,1,25,11,14,10,6,4,25,11,14,25,11,14,15,5,10,9,2,7,6,2,4,1,0,1,0,0,0,16,16,10,4,3,0,0,0,0,7,5,2,2,10,2,5,3
51352554,2,51352543,,1,0,1,*,*,*,*,*,*,*,*,*,*,*,*,*,*,*,*,*,*,*,*,*,*,*,*,*,*,*,*,*,*,1,1,*,*,*,*,*,*,*,*,*,*,*,*,*,*,*
51352558,0,,,26,12,14,3,1,2,23,11,12,15,6,9,23,11,12,23,11,12,8,5,3,5,3,2,3,1,2,0,0,0,0,0,0,10,10,2,4,1,2,1,0,0,8,6,2,0,7,0,2,0
51352568,1,,51352588,12,7,5,0,0,0,15,8,7,6,5,1,15,8,7,15,8,7,9,3,6,7,2,5,4,2,2,0,0,0,0,0,0,7,7,3,6,0,0,0,0,0,6,6,0,0,8,0,3,1
51352581,2,51352553,,3,1,2,*,*,*,*,*,*,*,*,*,*,*,*,*,*,*,*,*,*,*,*,*,*,*,*,*,*,*,*,*,*,1,1,*,*,*,*,*,*,*,*,*,*,*,*,*,*,*
51352584,1,,51352594,15,5,10,0,0,0,19,7,12,8,5,3,19,7,12,19,7,12,11,2,9,9,0,9,3,0,3,0,0,0,0,0,0,9,9,9,2,2,0,0,0,0,4,4,0,0,11,0,8,0
51352585,0,,,21,10,11,0,0,0,21,10,11,6,4,2,21,10,11,21,10,11,15,6,9,7,2,5,3,1,2,0,0,0,0,0,0,14,14,10,1,3,0,0,0,0,4,2,2,0,11,0,8,1
51352586,1,,51352587,9,4,5,0,0,0,11,5,6,0,0,0,11,5,6,11,5,6,11,5,6,8,3,5,1,0,1,0,0,0,0,0,0,6,6,5,3,0,0,0,0,0,3,3,0,0,8,0,5,3
51352587,2,51352586,,2,1,1,*,*,*,*,*,*,*,*,*,*,*,*,*,*,*,*,*,*,*,*,*,*,*,*,*,*,*,*,*,*,2,2,*,*,*,*,*,*,*,*,*,*,*,*,*,*,*
51352588,2,51352568,,3,1,2,*,*,*,*,*,*,*,*,*,*,*,*,*,*,*,*,*,*,*,*,*,*,*,*,*,*,*,*,*,*,2,2,*,*,*,*,*,*,*,*,*,*,*,*,*,*,*
51352594,2,51352584,,4,2,2,*,*,*,*,*,*,*,*,*,*,*,*,*,*,*,*,*,*,*,*,*,*,*,*,*,*,*,*,*,*,4,4,*,*,*,*,*,*,*,*,*,*,*,*,*,*,*
51352598,0,,,9,5,4,0,0,0,9,5,4,2,2,0,9,5,4,9,5,4,7,3,4,3,1,2,2,1,1,0,0,0,0,0,0,5,5,2,2,1,0,0,0,0,3,3,0,0,4,0,1,1
51352600,1,,51352601,41,28,13,0,0,0,33,20,13,12,9,3,33,20,13,33,20,13,21,11,10,16,8,8,5,2,3,0,0,0,7,6,1,25,25,19,2,4,2,0,0,0,8,6,2,0,15,0,7,2
51352601,2,51352600,,2,2,0,*,*,*,*,*,*,*,*,*,*,*,*,*,*,*,*,*,*,*,*,*,*,*,*,*,*,*,*,*,*,2,2,*,*,*,*,*,*,*,*,*,*,*,*,*,*,*
51352605,2,51352623,,6,5,1,*,*,*,*,*,*,*,*,*,*,*,*,*,*,*,*,*,*,*,*,*,*,*,*,*,*,*,*,*,*,5,5,*,*,*,*,*,*,*,*,*,*,*,*,*,*,*
51352610,2,51352611,,7,3,4,*,*,*,*,*,*,*,*,*,*,*,*,*,*,*,*,*,*,*,*,*,*,*,*,*,*,*,*,*,*,3,3,*,*,*,*,*,*,*,*,*,*,*,*,*,*,*
51352611,1,,51352610,2,1,1,0,0,0,9,4,5,2,1,1,9,4,5,9,4,5,7,3,4,5,2,3,1,1,0,0,0,0,0,0,0,1,1,0,3,1,0,0,0,0,4,3,1,0,4,0,0,3
51352622,2,51352632,,8,3,5,*,*,*,*,*,*,*,*,*,*,*,*,*,*,*,*,*,*,*,*,*,*,*,*,*,*,*,*,*,*,2,2,*,*,*,*,*,*,*,*,*,*,*,*,*,*,*
51352623,1,,51352605,16,8,8,4,3,1,18,10,8,9,4,5,18,10,8,18,10,8,9,6,3,5,2,3,1,1,0,0,0,0,0,0,0,5,5,5,3,0,1,0,0,1,5,3,2,1,8,0,4,2
51352631,2,51352632,,2,1,1,*,*,*,*,*,*,*,*,*,*,*,*,*,*,*,*,*,*,*,*,*,*,*,*,*,*,*,*,*,*,1,1,*,*,*,*,*,*,*,*,*,*,*,*,*,*,*
51352632,1,,51352622;51352631,9,2,7,1,1,0,18,5,13,9,3,6,18,5,13,16,4,12,9,2,7,6,1,5,2,0,2,0,0,0,0,0,0,5,5,3,2,1,1,1,0,0,5,3,2,0,8,0,3,1
51352633,2,51352634,,8,5,3,*,*,*,*,*,*,*,*,*,*,*,*,*,*,*,*,*,*,*,*,*,*,*,*,*,*,*,*,*,*,3,3,*,*,*,*,*,*,*,*,*,*,*,*,*,*,*
51352634,1,,51352633,33,17,16,1,1,0,40,21,19,15,9,6,39,20,19,39,20,19,25,12,13,16,8,8,11,6,5,0,0,0,0,0,0,18,18,6,12,2,0,1,0,0,15,13,2,0,17,0,5,8
51352635,0,,,39,20,19,1,0,1,38,20,18,12,7,5,38,20,18,38,20,18,26,13,13,13,6,7,9,4,5,0,0,0,0,0,0,18,18,5,9,1,2,1,0,0,13,9,4,0,17,0,4,6
51352640,1,,51352641;51352651,23,11,12,0,0,0,28,13,15,5,2,3,28,13,15,28,13,15,23,11,12,13,5,8,8,3,5,0,0,0,0,0,0,15,15,8,7,2,0,0,0,0,9,8,1,0,16,0,8,4
51352641,2,51352640,,2,1,1,*,*,*,*,*,*,*,*,*,*,*,*,*,*,*,*,*,*,*,*,*,*,*,*,*,*,*,*,*,*,1,1,*,*,*,*,*,*,*,*,*,*,*,*,*,*,*
51352645,0,,,41,19,22,1,1,0,40,18,22,10,6,4,40,18,22,40,18,22,30,12,18,17,9,8,7,4,3,0,0,0,0,0,0,23,23,9,12,1,0,1,0,0,14,12,2,0,18,2,6,9
51352646,0,,,11,4,7,0,0,0,11,4,7,3,1,2,11,4,7,11,4,7,8,3,5,4,1,3,2,0,2,0,0,0,0,0,0,5,5,1,2,2,0,0,0,0,4,3,1,0,5,0,1,1
51352651,2,51352640,,3,1,2,*,*,*,*,*,*,*,*,*,*,*,*,*,*,*,*,*,*,*,*,*,*,*,*,*,*,*,*,*,*,1,1,*,*,*,*,*,*,*,*,*,*,*,*,*,*,*
51352656,0,,,10,4,6,0,0,0,10,4,6,3,2,1,10,4,6,10,4,6,7,2,5,3,0,3,2,0,2,0,0,0,0,0,0,6,6,3,2,1,0,0,0,0,3,2,1,0,5,1,2,2
51352667,0,,,92,44,48,10,5,5,82,39,43,37,17,20,81,38,43,81,38,43,45,22,23,24,11,13,8,4,4,1,1,0,0,0,0,41,41,11,19,3,7,0,1,0,30,25,5,2,28,1,6,14
51352677,0,,,121,58,63,12,6,6,109,52,57,60,33,27,106,52,54,106,52,54,49,19,30,24,8,16,14,3,11,2,0,2,0,0,0,56,56,22,15,11,4,4,0,0,34,29,5,2,34,2,15,7
51352687,0,,,84,42,42,4,3,1,80,39,41,33,18,15,78,37,41,77,37,40,47,21,26,29,14,15,4,2,2,0,0,0,0,0,0,39,39,12,17,5,3,1,1,0,27,22,5,1,31,0,11,10
51352688,0,,,69,33,36,14,7,7,55,26,29,25,12,13,55,26,29,55,26,29,30,14,16,17,6,11,6,1,5,1,0,1,0,0,0,32,32,12,11,4,3,1,1,0,20,18,2,3,22,0,9,7
51352689,0,,,19,7,12,3,1,2,16,6,10,8,3,5,16,6,10,16,6,10,8,3,5,5,2,3,3,2,1,0,0,0,0,0,0,8,8,3,3,1,0,0,0,1,5,4,1,0,6,0,2,1
51352698,0,,,127,62,65,7,2,5,120,60,60,56,34,22,120,60,60,118,60,58,64,26,38,38,13,25,12,4,8,0,0,0,0,0,0,71,71,33,28,4,4,2,0,0,38,35,3,3,45,6,17,19
51353007,0,,,63,28,35,3,0,3,58,27,31,29,15,14,57,26,31,57,26,31,29,12,17,20,9,11,6,2,4,1,1,0,0,0,0,29,29,8,10,9,2,0,0,0,19,17,2,0,19,0,6,7
51353008,0,,,2402,1139,1263,208,101,107,2179,1028,1151,1307,642,665,2120,998,1122,2075,982,1093,872,386,486,438,182,256,117,33,84,9,0,9,4,1,3,1141,1141,422,377,197,105,27,11,2,715,660,55,47,585,124,180,213
51353009,0,,,5647,2628,3019,555,293,262,5055,2308,2747,2988,1430,1558,4917,2236,2681,4848,2205,2643,2067,878,1189,1052,428,624,238,77,161,14,3,11,29,9,20,2572,2570,833,918,457,257,87,11,7,1711,1593,118,160,1374,63,422,484
51353015,0,,,207,99,108,13,6,7,194,93,101,121,57,64,191,93,98,185,91,94,73,36,37,29,13,16,6,1,5,0,0,0,2,2,0,90,90,22,33,21,14,0,0,0,67,62,5,2,50,0,16,16
51353016,0,,,214,101,113,17,6,11,195,94,101,132,67,65,191,93,98,190,93,97,63,27,36,31,12,19,6,0,6,1,0,1,2,2,0,98,98,29,39,19,6,4,1,0,68,63,5,2,44,0,13,16
51353017,0,,,883,404,479,96,50,46,784,353,431,404,207,197,759,336,423,747,333,414,380,146,234,265,92,173,129,31,98,20,4,16,6,1,5,327,321,107,119,60,29,4,1,1,213,194,19,15,164,3,57,63
51353018,0,,,2212,1015,1197,319,170,149,1873,833,1040,1176,568,608,1814,801,1013,1782,788,994,697,265,432,433,150,283,197,47,150,24,3,21,11,2,9,860,857,257,254,177,122,38,7,2,591,553,38,92,353,15,138,101
51353019,0,,,6904,3229,3675,906,466,440,5972,2750,3222,3903,1856,2047,5716,2615,3101,5560,2535,3025,2069,894,1175,1012,437,575,197,49,148,20,2,18,46,20,26,2780,2778,629,1028,548,412,138,19,4,2127,2017,110,214,1332,35,374,516
51353025,0,,,426,197,229,6,3,3,417,191,226,188,100,88,409,187,222,402,181,221,229,91,138,142,49,93,53,20,33,1,0,1,1,0,1,212,212,79,78,34,16,5,0,0,131,109,22,3,157,0,59,42
51353026,0,,,908,412,496,43,22,21,863,389,474,403,188,215,848,384,464,835,379,456,460,201,259,263,115,148,68,27,41,3,2,1,1,0,1,412,411,125,159,70,42,13,2,0,285,248,37,7,308,0,102,93
51353027,0,,,971,459,512,97,50,47,874,409,465,478,232,246,845,396,449,833,386,447,396,177,219,191,85,106,46,12,34,3,0,3,1,1,0,403,401,96,159,83,44,15,2,2,303,285,18,22,234,3,55,105
51353028,0,,,558,275,283,92,41,51,464,233,231,350,183,167,435,215,220,417,206,211,114,50,64,68,27,41,26,4,22,5,1,4,1,0,1,178,175,15,58,48,39,12,3,0,159,150,9,21,49,0,7,24
51353029,0,,,110,69,41,2,1,1,107,67,40,99,65,34,107,67,40,107,67,40,8,2,6,1,0,1,1,0,1,0,0,0,1,1,0,6,4,1,1,1,1,0,0,0,3,3,0,0,1,0,0,0
51353035,0,,,218,97,121,10,5,5,208,92,116,88,41,47,202,89,113,201,89,112,120,51,69,69,26,43,21,5,16,0,0,0,1,0,1,114,114,50,37,18,6,2,1,0,64,56,8,2,85,1,38,25
51353036,0,,,261,126,135,7,6,1,254,120,134,112,63,49,249,116,133,245,114,131,142,57,85,88,36,52,30,5,25,0,0,0,1,0,1,130,130,49,46,22,11,2,0,0,81,66,15,0,100,0,43,24
51353038,2,51353039,,6,2,4,*,*,*,*,*,*,*,*,*,*,*,*,*,*,*,*,*,*,*,*,*,*,*,*,*,*,*,*,*,*,2,2,*,*,*,*,*,*,*,*,*,*,*,*,*,*,*
51353039,1,,51353038,8,3,5,0,0,0,14,5,9,9,4,5,13,5,8,12,4,8,5,1,4,4,1,3,2,0,2,0,0,0,0,0,0,4,4,2,2,0,2,0,0,0,4,3,1,0,5,0,2,0
51353045,0,,,91,43,48,5,5,0,86,38,48,43,24,19,86,38,48,86,38,48,43,14,29,22,4,18,6,1,5,0,0,0,0,0,0,48,48,19,20,4,5,0,0,0,29,26,3,1,34,0,18,8
51353049,0,,,51,23,28,0,0,0,49,22,27,15,6,9,49,22,27,49,22,27,34,16,18,19,9,10,6,1,5,1,0,1,0,0,0,28,28,10,13,5,0,0,0,0,18,16,2,0,23,0,6,10
51353066,2,51353067,,3,2,1,*,*,*,*,*,*,*,*,*,*,*,*,*,*,*,*,*,*,*,*,*,*,*,*,*,*,*,*,*,*,2,2,*,*,*,*,*,*,*,*,*,*,*,*,*,*,*
51353067,1,,51353066,19,7,12,0,0,0,22,9,13,6,2,4,22,9,13,21,8,13,16,7,9,9,3,6,5,2,3,1,0,1,0,0,0,11,11,6,5,2,0,0,0,0,7,6,1,0,11,0,4,3
51353077,0,,,153,79,74,6,3,3,147,76,71,82,48,34,143,75,68,141,74,67,65,28,37,42,19,23,13,5,8,0,0,0,0,0,0,66,66,20,23,10,9,3,1,0,46,38,8,1,45,0,10,12
51353079,0,,,618,255,363,31,18,13,579,234,345,192,98,94,572,230,342,562,226,336,387,136,251,271,79,192,153,34,119,27,3,24,2,1,1,147,142,53,50,16,14,6,3,0,88,73,15,6,85,0,31,23
51353089,0,,,759,346,413,48,25,23,689,313,376,343,165,178,672,305,367,659,298,361,346,148,198,189,74,115,49,12,37,3,0,3,3,1,2,353,353,124,128,50,34,11,5,1,229,202,27,6,236,0,78,80
51353100,0,,,7865,3876,3989,934,491,443,6872,3342,3530,4311,2197,2114,6690,3241,3449,6519,3129,3390,2561,1145,1416,1258,535,723,330,112,218,34,9,25,20,11,9,3470,3467,1132,1103,650,424,121,27,10,2319,2159,160,268,1679,212,493,581
51353101,0,,,5213,2458,2755,600,302,298,4564,2128,2436,2978,1466,1512,4417,2054,2363,4292,1981,2311,1586,662,924,780,306,474,262,82,180,26,7,19,47,21,26,2312,2302,791,773,384,259,75,15,5,1494,1400,94,186,954,141,306,320
51353102,0,,,5616,2658,2958,706,344,362,4810,2253,2557,3291,1606,1685,4647,2174,2473,4526,2122,2404,1519,647,872,760,317,443,165,53,112,10,3,7,43,18,25,2530,2529,894,784,418,315,103,10,5,1600,1491,109,198,1056,125,363,332
51353103,0,,,6242,2938,3304,705,372,333,5464,2527,2937,3473,1683,1790,5321,2450,2871,5237,2412,2825,1991,844,1147,1020,402,618,276,84,192,16,5,11,70,37,33,2907,2902,1092,938,456,308,87,16,5,1772,1644,128,213,1377,62,546,394
51353104,0,,,6978,3249,3729,904,463,441,6034,2763,3271,3863,1850,2013,5859,2671,3188,5740,2605,3135,2171,913,1258,1123,429,694,375,99,276,49,8,41,41,15,26,2908,2900,860,986,537,384,112,16,5,2011,1887,124,268,1270,78,382,462
51353105,0,,,1602,782,820,211,103,108,1383,673,710,928,473,455,1345,654,691,1324,644,680,455,200,255,221,93,128,59,22,37,7,1,6,6,2,4,667,665,192,217,139,77,30,8,2,463,426,37,62,284,15,90,88
51353106,0,,,2158,1025,1133,348,162,186,1799,857,942,1368,653,715,1754,836,918,1718,822,896,431,204,227,197,85,112,48,17,31,3,2,1,16,6,10,902,902,264,264,192,132,40,9,1,624,585,39,127,296,44,91,89
51353107,0,,,269,127,142,66,27,39,202,99,103,137,66,71,196,95,101,192,92,100,65,33,32,28,14,14,8,4,4,1,0,1,3,2,1,97,97,20,23,23,21,10,0,0,77,71,6,21,43,0,12,14
51353108,0,,,631,259,372,60,28,32,569,230,339,277,139,138,559,226,333,553,221,332,292,91,201,194,47,147,125,26,99,25,5,20,3,1,2,201,198,50,62,36,38,6,6,0,145,117,28,22,106,2,26,31
51353109,0,,,690,330,360,57,26,31,633,304,329,353,179,174,621,297,324,617,295,322,280,125,155,133,54,79,34,10,24,1,0,1,1,1,0,295,295,86,101,62,26,13,3,4,206,177,29,12,182,14,43,54
51353110,0,,,5507,2658,2849,682,361,321,4809,2287,2522,3169,1570,1599,4640,2198,2442,4503,2131,2372,1640,717,923,683,281,402,154,29,125,13,3,10,20,7,13,2161,2157,477,750,469,323,113,18,7,1668,1563,105,181,1027,25,253,380
51353111,0,,,3421,1806,1615,421,227,194,2896,1515,1381,2334,1256,1078,2790,1464,1326,2518,1290,1228,562,259,303,283,122,161,72,30,42,4,0,4,27,14,13,1534,1529,722,325,217,211,41,9,4,797,737,60,107,386,307,110,128
51353112,0,,,2278,1156,1122,247,126,121,1982,999,983,1412,744,668,1926,973,953,1876,947,929,570,255,315,301,132,169,83,35,48,5,2,3,22,6,16,1119,1118,504,290,168,117,31,7,1,600,551,49,85,387,159,135,104
51353113,0,,,1814,895,919,198,96,102,1599,787,812,1046,538,508,1564,768,796,1535,749,786,553,249,304,261,115,146,63,19,44,3,0,3,14,11,3,871,871,351,270,127,89,25,4,5,516,474,42,55,394,53,147,123
51353114,0,,,5409,2540,2869,601,308,293,4767,2210,2557,2982,1409,1573,4640,2139,2501,4550,2086,2464,1785,801,984,797,343,454,175,57,118,15,1,14,24,8,16,2374,2373,672,875,453,276,76,15,6,1672,1577,95,155,1202,27,365,436
51353115,0,,,4725,2224,2501,491,227,264,4211,1981,2230,2774,1341,1433,4070,1914,2156,3968,1866,2102,1437,640,797,655,280,375,159,53,106,9,0,9,67,17,50,2125,2124,704,674,410,263,56,12,5,1401,1300,101,143,994,73,335,314
51353116,0,,,4444,2131,2313,451,246,205,3959,1862,2097,2429,1207,1222,3851,1805,2046,3793,1773,2020,1530,655,875,828,317,511,249,88,161,10,0,10,56,24,32,2126,2121,855,650,346,207,45,12,6,1241,1117,124,124,1026,59,387,296
51353117,0,,,2340,1102,1238,440,225,215,1894,873,1021,1248,603,645,1834,843,991,1786,825,961,646,270,376,387,149,238,134,41,93,11,2,9,5,2,3,894,887,235,258,168,163,48,10,5,646,590,56,139,396,16,136,135
51353118,0,,,2163,1004,1159,285,142,143,1876,860,1016,1189,569,620,1830,835,995,1786,812,974,687,291,396,357,144,213,107,31,76,5,2,3,11,7,4,898,898,220,312,189,141,30,4,2,676,611,65,84,458,7,128,154
51353119,0,,,2814,1319,1495,427,214,213,2382,1101,1281,1485,742,743,2311,1059,1252,2265,1033,1232,897,359,538,571,224,347,188,49,139,36,2,34,24,7,17,1070,1067,275,362,185,180,54,7,4,781,741,40,112,470,23,138,172
51353120,0,,,856,423,433,61,27,34,794,396,398,499,249,250,782,392,390,747,371,376,295,147,148,64,31,33,16,6,10,1,0,1,4,3,1,401,401,128,156,67,35,15,0,0,272,254,18,13,184,53,27,93
51353121,0,,,1915,938,977,351,182,169,1564,756,808,1431,698,733,1341,646,695,1255,605,650,133,58,75,47,22,25,7,3,4,1,0,1,1,0,1,598,598,57,105,164,214,51,5,2,541,520,21,28,91,0,17,34
51353122,0,,,4541,2245,2296,1719,859,860,2820,1384,1436,2691,1319,1372,2666,1302,1364,2618,1280,1338,129,65,64,45,24,21,11,5,6,1,1,0,25,10,15,1313,1313,74,184,332,540,158,22,3,1237,1202,35,505,90,4,15,27
51353124,0,,,730,333,397,59,25,34,670,307,363,414,199,215,660,302,358,641,292,349,256,108,148,121,49,72,34,8,26,2,0,2,10,6,4,373,373,166,113,52,34,3,4,1,203,191,12,19,185,6,80,52
51353125,0,,,2154,1013,1141,229,123,106,1915,883,1032,965,474,491,1857,855,1002,1833,842,991,950,409,541,517,216,301,180,40,140,27,3,24,10,3,7,838,830,225,332,155,77,27,13,1,596,544,52,55,499,8,147,185
51353126,0,,,3196,1497,1699,353,167,186,2834,1325,1509,1775,834,941,2769,1291,1478,2719,1272,1447,1059,491,568,472,205,267,123,48,75,6,2,4,10,4,6,1338,1338,310,539,266,136,65,15,7,1016,939,77,96,692,14,163,273
51353127,0,,,757,374,383,66,39,27,687,333,354,372,189,183,679,327,352,664,320,344,315,144,171,141,60,81,36,11,25,4,0,4,1,0,1,325,323,82,135,64,28,9,4,1,240,219,21,23,189,2,41,80
51353128,0,,,672,326,346,94,44,50,570,277,293,355,178,177,553,271,282,536,261,275,215,99,116,106,56,50,29,12,17,5,3,2,1,0,1,265,265,67,75,62,45,8,7,1,196,170,26,23,139,9,36,47
51353129,1,,51353138,2045,940,1105,241,126,115,1783,799,984,1020,504,516,1744,772,972,1715,756,959,763,295,468,503,178,325,204,46,158,21,4,17,23,15,8,795,790,272,242,133,105,31,7,1,507,458,49,79,356,35,126,102
51353130,2,51353140,,9,2,7,*,*,*,*,*,*,*,*,*,*,*,*,*,*,*,*,*,*,*,*,*,*,*,*,*,*,*,*,*,*,7,7,*,*,*,*,*,*,*,*,*,*,*,*,*,*,*
51353131,0,,,464,205,259,97,44,53,346,150,196,296,127,169,345,150,195,343,149,194,50,23,27,22,11,11,6,2,4,1,0,1,0,0,0,209,209,60,79,39,28,2,0,1,142,140,2,50,35,3,11,16
51353136,0,,,226,112,114,29,13,16,197,99,98,160,76,84,193,95,98,191,93,98,37,23,14,11,8,3,2,1,1,0,0,0,0,0,0,87,87,13,35,19,14,6,0,0,74,68,6,6,25,3,2,13
51353137,0,,,14,8,6,0,0,0,14,8,6,4,2,2,14,8,6,14,8,6,10,6,4,5,2,3,2,1,1,0,0,0,0,0,0,7,7,3,2,1,1,0,0,0,4,3,1,0,7,0,3,2
51353138,2,51353129,,1,0,1,*,*,*,*,*,*,*,*,*,*,*,*,*,*,*,*,*,*,*,*,*,*,*,*,*,*,*,*,*,*,1,1,*,*,*,*,*,*,*,*,*,*,*,*,*,*,*
51353140,1,,51353130,24,13,11,0,0,0,32,15,17,9,5,4,32,15,17,32,15,17,23,10,13,14,7,7,10,5,5,1,0,1,0,0,0,13,13,13,4,1,1,1,0,0,7,5,2,0,17,0,10,3
51353141,1,,51353151,33,12,21,0,0,0,36,14,22,9,3,6,36,14,22,36,14,22,27,11,16,19,7,12,7,2,5,0,0,0,0,0,0,19,19,12,10,2,1,0,0,0,12,9,3,0,17,0,5,5
51353142,0,,,149,59,90,5,3,2,132,51,81,51,20,31,131,51,80,129,50,79,81,31,50,47,17,30,15,3,12,1,0,1,0,0,0,81,81,35,30,12,3,0,1,0,46,41,5,2,55,0,18,19
51353151,2,51353141,,9,5,4,*,*,*,*,*,*,*,*,*,*,*,*,*,*,*,*,*,*,*,*,*,*,*,*,*,*,*,*,*,*,6,6,*,*,*,*,*,*,*,*,*,*,*,*,*,*,*
51353152,0,,,25,12,13,0,0,0,23,11,12,6,4,2,23,11,12,23,11,12,17,7,10,6,3,3,2,0,2,0,0,0,0,0,0,14,14,5,7,2,0,0,0,0,9,8,1,0,11,1,2,3
51353160,0,,,35,18,17,2,2,0,33,16,17,15,9,6,32,16,16,32,16,16,18,7,11,12,5,7,4,0,4,0,0,0,0,0,0,16,16,3,8,4,1,0,0,0,13,12,1,0,12,0,3,4
51353162,0,,,42,19,23,4,3,1,34,14,20,10,5,5,33,13,20,33,13,20,24,9,15,11,6,5,3,1,2,0,0,0,0,0,0,21,21,8,9,2,1,0,1,0,13,12,1,1,14,0,4,8
51353170,0,,,626,280,346,33,16,17,577,259,318,295,147,148,566,254,312,559,248,311,282,112,170,166,57,109,42,13,29,3,1,2,8,2,6,326,326,151,99,45,19,8,3,1,172,156,16,6,210,0,102,52
51353171,0,,,1196,539,657,67,28,39,1121,511,610,546,261,285,1097,500,597,1078,490,588,575,250,325,293,113,180,82,29,53,4,2,2,8,4,4,602,600,237,209,102,35,14,2,1,363,317,46,22,423,2,174,113
51353172,0,,,174,71,103,5,2,3,168,69,99,80,38,42,164,66,98,160,63,97,88,31,57,58,20,38,27,6,21,1,0,1,2,1,1,76,75,27,31,10,6,1,0,0,48,45,3,0,46,0,17,13
51353174,0,,,39,23,16,0,0,0,38,23,15,21,15,6,38,23,15,38,23,15,17,8,9,6,2,4,4,2,2,0,0,0,0,0,0,16,16,5,4,5,1,0,0,1,11,8,3,0,12,0,3,1
51353180,0,,,43,22,21,1,0,1,42,22,20,17,11,6,41,21,20,41,21,20,25,11,14,16,9,7,1,1,0,0,0,0,5,3,2,20,20,5,10,3,1,1,0,0,15,13,2,1,17,0,5,6
51353181,0,,,1273,589,684,74,40,34,1191,549,642,649,319,330,1162,538,624,1143,529,614,542,230,312,287,110,177,85,33,52,0,0,0,3,0,3,573,573,201,184,95,62,20,8,3,368,310,58,16,384,4,138,109
51353182,1,,51353192,2119,975,1144,189,94,95,1913,879,1034,1126,544,582,1857,849,1008,1810,827,983,787,335,452,415,171,244,119,37,82,8,1,7,10,3,7,902,901,239,333,169,117,28,13,3,661,590,71,48,531,3,154,184
51353183,0,,,593,270,323,44,20,24,542,247,295,284,134,150,524,238,286,517,235,282,258,113,145,134,61,73,34,19,15,1,0,1,5,2,3,273,273,81,115,41,24,10,1,1,190,171,19,5,171,3,53,67
51353184,0,,,495,222,273,17,8,9,473,212,261,198,98,100,463,206,257,454,202,252,275,114,161,162,61,101,70,19,51,10,1,9,0,0,0,185,182,42,86,28,18,8,0,0,140,127,13,4,122,0,28,50
51353185,0,,,28,11,17,8,2,6,20,9,11,17,7,10,20,9,11,20,9,11,3,2,1,2,1,1,1,0,1,0,0,0,2,0,2,11,11,3,3,2,2,1,0,0,8,8,0,5,3,0,2,1
51353187,0,,,135,39,96,0,0,0,135,39,96,12,7,5,135,39,96,135,39,96,123,32,91,103,20,83,73,9,64,9,0,9,0,0,0,17,15,8,7,0,0,0,0,0,7,7,0,0,15,0,8,6
51353189,2,51353199,,4,2,2,*,*,*,*,*,*,*,*,*,*,*,*,*,*,*,*,*,*,*,*,*,*,*,*,*,*,*,*,*,*,2,2,*,*,*,*,*,*,*,*,*,*,*,*,*,*,*
51353191,0,,,11,6,5,0,0,0,11,6,5,2,1,1,11,6,5,11,6,5,9,5,4,8,4,4,5,2,3,0,0,0,0,0,0,5,5,0,4,1,0,0,0,0,5,5,0,0,5,0,0,4
51353192,2,51353182,,1,0,1,*,*,*,*,*,*,*,*,*,*,*,*,*,*,*,*,*,*,*,*,*,*,*,*,*,*,*,*,*,*,1,1,*,*,*,*,*,*,*,*,*,*,*,*,*,*,*
51353193,0,,,2029,941,1088,164,89,75,1850,848,1002,1093,524,569,1794,822,972,1760,804,956,757,324,433,387,148,239,108,29,79,10,1,9,9,1,8,838,837,209,301,171,110,36,4,6,627,550,77,40,509,6,139,158
51353194,0,,,2299,1092,1207,212,122,90,2068,966,1102,1225,618,607,1998,927,1071,1950,903,1047,843,348,495,483,184,299,180,46,134,19,3,16,14,5,9,894,890,224,318,183,123,37,2,3,665,601,64,51,486,1,134,155
51353195,0,,,1734,843,891,246,143,103,1474,697,777,994,475,519,1390,652,738,1342,634,708,480,222,258,201,94,107,47,16,31,4,1,3,18,8,10,653,651,116,226,137,133,29,9,1,532,500,32,49,294,0,68,128
51353196,0,,,1090,525,565,82,42,40,1008,483,525,668,324,344,979,468,511,951,456,495,340,159,181,156,75,81,28,12,16,2,1,1,5,3,2,429,429,75,167,94,71,18,3,1,350,323,27,12,221,3,46,84
51353197,0,,,4010,1957,2053,775,399,376,3235,1558,1677,2644,1271,1373,3032,1461,1571,2893,1393,1500,591,287,304,276,127,149,68,32,36,6,1,5,13,8,5,1340,1340,149,373,313,371,113,20,1,1186,1118,68,157,399,3,77,161
51353198,0,,,458,231,227,86,57,29,372,174,198,285,140,145,336,150,186,320,143,177,87,34,53,58,19,39,40,11,29,11,2,9,1,0,1,133,132,12,32,28,43,14,3,0,120,116,4,14,31,0,8,12
51353199,1,,51353189,71,35,36,8,4,4,67,33,34,41,20,21,65,32,33,64,32,32,26,13,13,7,4,3,0,0,0,0,0,0,2,2,0,31,31,10,13,5,2,2,1,0,23,21,2,2,17,2,3,6
51353200,0,,,767,346,421,131,62,69,630,281,349,361,172,189,617,277,340,605,272,333,269,109,160,181,71,110,61,15,46,10,0,10,2,0,2,291,290,85,89,50,43,18,3,2,202,185,17,40,150,5,59,49
51353201,0,,,326,165,161,36,23,13,290,142,148,174,95,79,285,137,148,279,135,144,116,47,69,53,16,37,18,3,15,0,0,0,1,0,1,134,134,36,47,20,22,7,1,1,98,83,15,7,80,6,21,26
51353202,0,,,810,389,421,76,43,33,729,341,388,481,234,247,704,325,379,682,317,365,248,107,141,127,54,73,33,10,23,1,0,1,6,2,4,339,339,81,121,77,48,8,4,0,257,240,17,18,167,4,44,61
51353203,0,,,838,410,428,99,50,49,739,360,379,543,271,272,703,341,362,681,334,347,196,89,107,115,52,63,26,17,9,1,0,1,2,2,0,321,321,74,99,71,46,21,7,3,246,227,19,28,134,4,42,38
51353204,0,,,867,440,427,75,42,33,762,381,381,490,255,235,746,370,376,733,368,365,272,126,146,108,46,62,27,8,19,0,0,0,10,5,5,425,425,181,116,74,40,12,2,0,239,216,23,26,185,23,53,60
51353205,0,,,2947,1399,1548,322,182,140,2566,1181,1385,1655,802,853,2496,1146,1350,2444,1117,1327,911,379,532,527,204,323,186,56,130,19,3,16,21,11,10,1351,1349,524,417,214,142,36,12,4,803,730,73,99,582,46,208,163
51353206,0,,,2085,1005,1080,235,120,115,1813,865,948,1266,635,631,1760,837,923,1730,824,906,547,230,317,299,102,197,136,34,102,12,1,11,17,11,6,826,823,244,259,164,112,37,7,0,570,528,42,64,282,34,68,86
51353207,0,,,735,349,386,88,49,39,640,299,341,428,211,217,622,290,332,608,280,328,212,88,124,120,46,74,40,12,28,4,0,4,1,1,0,300,300,84,91,67,32,18,6,2,211,175,36,32,146,6,45,35
51353208,0,,,169,78,91,25,11,14,143,67,76,84,45,39,141,66,75,140,65,75,59,22,37,24,8,16,5,0,5,2,0,2,0,0,0,68,68,20,19,11,13,4,1,0,48,39,9,3,38,0,11,11
51353209,0,,,689,343,346,75,45,30,613,298,315,388,203,185,591,289,302,579,283,296,225,95,130,101,37,64,28,5,23,2,1,1,11,11,0,248,246,59,78,53,33,13,6,4,187,156,31,19,144,10,35,40
51353210,0,,,4038,1853,2185,522,261,261,3502,1582,1920,2252,1069,1183,3352,1512,1840,3250,1455,1795,1250,513,737,768,315,453,171,62,109,15,1,14,18,6,12,1727,1724,536,538,325,246,62,15,2,1181,1096,85,149,860,21,350,248
51353211,0,,,1207,508,699,149,74,75,1058,434,624,628,289,339,1020,418,602,993,407,586,430,145,285,281,77,204,160,33,127,33,5,28,10,2,8,409,402,93,130,72,81,22,4,0,307,284,23,23,174,6,47,64
51353212,0,,,2165,1010,1155,279,137,142,1871,864,1007,1302,613,689,1810,837,973,1771,818,953,569,251,318,254,109,145,50,18,32,4,1,3,16,8,8,923,923,249,329,182,119,32,11,1,660,608,52,69,396,13,127,118
51353213,0,,,2614,1292,1322,501,256,245,2069,1011,1058,1691,837,854,1972,964,1008,1919,938,981,378,174,204,160,74,86,39,16,23,2,0,2,20,10,10,1020,1019,263,283,213,179,63,15,3,738,682,56,164,256,26,58,85
51353214,0,,,2792,1383,1409,371,205,166,2344,1135,1209,1713,855,858,2259,1090,1169,2202,1055,1147,631,280,351,302,128,174,86,25,61,10,2,8,35,25,10,1177,1175,384,337,223,171,44,11,5,767,712,55,106,398,53,100,120
51353215,0,,,2576,1228,1348,273,150,123,2274,1060,1214,1397,683,714,2204,1026,1178,2155,1003,1152,877,377,500,527,224,303,160,51,109,11,0,11,12,9,3,1082,1079,316,374,201,136,35,12,5,751,676,75,87,536,31,148,199
51353216,0,,,2955,1394,1561,352,171,181,2540,1187,1353,1820,902,918,2468,1159,1309,2391,1114,1277,720,285,435,389,135,254,127,32,95,11,1,10,42,25,17,1313,1312,490,368,238,161,45,7,3,794,730,64,94,456,59,160,126
51353217,0,,,1425,673,752,227,109,118,1150,545,605,821,421,400,1120,528,592,1093,513,580,329,124,205,185,57,128,84,14,70,16,3,13,3,3,0,608,606,229,155,106,87,20,5,4,369,331,38,85,191,40,65,47
51353218,0,,,1777,832,945,282,149,133,1479,675,804,962,449,513,1443,656,787,1402,632,770,517,226,291,264,102,162,95,38,57,8,1,7,3,0,3,745,745,232,224,131,104,42,8,4,509,451,58,90,369,10,136,96
51353219,0,,,1880,895,985,317,159,158,1544,725,819,1052,510,542,1493,694,799,1472,686,786,492,215,277,253,92,161,80,23,57,6,1,5,36,14,22,782,781,242,220,148,123,35,9,4,536,481,55,83,343,33,109,84
51353220,0,,,1185,561,624,134,75,59,1046,484,562,626,303,323,1016,466,550,1001,458,543,420,181,239,206,76,130,66,19,47,4,2,2,6,2,4,460,458,110,158,88,71,21,10,0,343,304,39,30,259,7,67,82
51353221,0,,,1445,673,772,274,143,131,1167,529,638,796,376,420,1137,510,627,1119,503,616,371,153,218,193,68,125,50,13,37,3,1,2,20,0,20,561,561,126,182,112,98,35,5,3,432,392,40,69,250,18,63,83
51353222,0,,,4215,2007,2208,473,242,231,3659,1722,1937,2452,1167,1285,3560,1667,1893,3499,1639,1860,1207,555,652,500,230,270,114,35,79,6,1,5,44,21,23,1784,1782,553,625,293,212,76,16,7,1203,1118,85,122,727,50,176,293
51353223,0,,,3896,1905,1991,665,369,296,3167,1496,1671,2505,1212,1293,3040,1436,1604,2950,1383,1567,662,284,378,284,98,186,101,25,76,9,2,7,15,3,12,1502,1499,359,441,338,264,80,14,3,1118,1040,78,201,421,30,112,119
51353224,0,,,3488,1662,1826,478,249,229,2985,1396,1589,2166,1031,1135,2860,1333,1527,2782,1297,1485,819,365,454,350,144,206,67,18,49,3,0,3,16,4,12,1407,1405,350,455,298,217,71,13,1,1032,953,79,131,552,27,147,165
51353225,0,,,3835,1795,2040,584,288,296,3221,1493,1728,2262,1072,1190,3084,1422,1662,3010,1374,1636,959,421,538,395,161,234,82,25,57,9,1,8,19,7,12,1430,1427,291,487,323,241,63,17,5,1125,1041,84,159,602,24,134,226
51353226,0,,,4571,2199,2372,489,268,221,3991,1877,2114,3017,1427,1590,3831,1802,2029,3704,1740,1964,974,450,524,367,158,209,76,26,50,6,4,2,36,15,21,1954,1953,613,578,386,289,61,23,3,1311,1207,104,127,671,77,201,197
51353227,0,,,1616,813,803,181,95,86,1401,697,704,953,497,456,1364,668,696,1326,639,687,448,200,248,185,80,105,49,18,31,1,0,1,11,3,8,716,716,255,201,135,86,28,7,4,455,396,59,50,303,63,67,90
51353228,0,,,1013,507,506,162,82,80,844,423,421,617,313,304,817,410,407,799,399,400,227,110,117,98,40,58,31,8,23,4,1,3,14,14,0,418,418,129,114,80,63,28,4,0,285,252,33,54,159,27,41,38
51353229,0,,,1046,464,582,122,55,67,922,409,513,568,278,290,881,388,493,857,378,479,354,131,223,203,62,141,96,23,73,14,3,11,20,13,7,376,375,106,106,65,61,24,11,2,264,226,38,30,176,6,45,56
51353230,0,,,59,28,31,4,2,2,55,26,29,21,10,11,55,26,29,55,26,29,34,16,18,18,10,8,3,1,2,0,0,0,0,0,0,29,29,7,15,6,1,0,0,0,22,21,1,2,21,0,4,9
51353231,0,,,114,52,62,8,4,4,106,48,58,68,34,34,100,43,57,99,42,57,38,14,24,19,6,13,7,1,6,0,0,0,1,0,1,43,43,11,12,10,6,1,1,2,32,22,10,0,29,0,9,5
51353232,0,,,2401,1161,1240,342,186,156,2032,960,1072,1500,704,796,1927,911,1016,1880,887,993,532,256,276,205,97,108,43,19,24,3,0,3,12,9,3,963,963,229,310,217,144,54,8,1,715,666,49,93,346,26,69,118
51353233,0,,,3266,1539,1727,514,254,260,2684,1248,1436,1929,928,1001,2576,1191,1385,2516,1161,1355,755,320,435,385,142,243,186,51,135,20,6,14,18,7,11,1210,1206,306,341,263,207,67,15,7,884,810,74,156,383,47,77,133
51353234,0,,,2253,1085,1168,429,234,195,1812,843,969,1388,679,709,1744,819,925,1711,803,908,424,164,260,225,84,141,49,17,32,1,1,0,12,10,2,867,865,207,254,173,165,49,15,2,652,602,50,120,292,23,85,84
51353235,0,,,3804,1872,1932,675,347,328,3105,1509,1596,2534,1263,1271,2923,1411,1512,2830,1360,1470,571,246,325,267,104,163,79,18,61,7,2,5,19,8,11,1332,1330,212,400,291,329,76,18,4,1097,1041,56,138,338,18,70,123
51353236,0,,,1333,716,617,112,65,47,1085,565,520,769,422,347,1065,557,508,1001,512,489,316,143,173,139,56,83,37,12,25,7,1,6,10,7,3,720,720,394,152,92,64,10,5,3,325,286,39,37,209,106,51,66
51353237,0,,,696,312,384,124,57,67,571,255,316,381,178,203,549,243,306,538,238,300,190,77,113,99,39,60,32,10,22,1,0,1,4,2,2,246,246,54,60,50,49,24,8,1,191,152,39,19,129,0,35,28
51353238,0,,,940,450,490,158,80,78,782,370,412,557,276,281,739,342,397,720,334,386,225,94,131,95,33,62,25,7,18,1,0,1,2,0,2,333,333,61,94,73,63,34,6,2,272,233,39,38,152,5,31,42
51353239,0,,,701,343,358,61,32,29,628,306,322,422,211,211,607,292,315,594,279,315,206,95,111,107,41,66,37,14,23,5,3,2,26,20,6,276,276,77,72,65,34,20,7,1,199,152,47,14,140,12,33,27
51353243,0,,,1527,729,798,152,77,75,1373,651,722,912,419,493,1311,618,693,1272,596,676,461,232,229,145,75,70,26,7,19,3,2,1,5,3,2,606,606,96,254,141,85,22,7,1,505,478,27,40,289,2,42,138
51353244,0,,,99,48,51,11,6,5,87,41,46,72,38,34,80,39,41,73,34,39,15,3,12,7,2,5,1,0,1,0,0,0,0,0,0,40,40,14,7,8,8,3,0,0,26,25,1,2,12,1,6,2
51353245,0,,,98,50,48,8,5,3,88,44,44,63,33,30,84,42,42,84,42,42,25,11,14,12,2,10,6,1,5,1,0,1,2,0,2,48,48,22,11,7,7,1,0,0,25,19,6,2,20,0,9,4
51353247,0,,,59,30,29,10,6,4,49,24,25,28,15,13,47,22,25,47,22,25,21,9,12,13,6,7,4,2,2,1,0,1,0,0,0,20,19,2,9,4,1,2,0,1,17,14,3,2,12,0,1,4
51353248,0,,,284,138,146,28,14,14,256,124,132,148,76,72,243,119,124,236,113,123,108,48,60,44,16,28,18,6,12,3,1,2,0,0,0,102,102,21,29,25,12,10,4,1,79,59,20,6,67,0,16,17
51353249,0,,,251,112,139,16,7,9,235,105,130,128,63,65,230,104,126,228,103,125,107,42,65,62,21,41,21,8,13,2,0,2,1,0,1,95,95,24,30,17,10,11,2,1,70,51,19,2,72,0,18,15
51353258,0,,,51,26,25,6,5,1,45,21,24,24,10,14,45,21,24,44,21,23,21,11,10,13,7,6,4,4,0,1,1,0,0,0,0,15,15,0,6,4,0,3,2,0,15,8,7,2,13,0,0,4
51353259,0,,,16,8,8,0,0,0,16,8,8,6,4,2,16,8,8,16,8,8,10,4,6,6,2,4,1,0,1,1,0,1,0,0,0,5,5,0,1,2,2,0,0,0,5,2,3,0,5,0,0,1
51353261,0,,,41,19,22,2,0,2,39,19,20,21,11,10,38,19,19,37,18,19,18,8,10,5,1,4,2,0,2,1,0,1,0,0,0,15,15,4,5,4,0,0,0,2,11,9,2,0,12,0,3,3
51353265,0,,,15,6,9,0,0,0,15,6,9,8,5,3,15,6,9,15,6,9,7,1,6,4,0,4,1,0,1,0,0,0,0,0,0,8,8,4,2,1,1,0,0,0,4,4,0,0,6,0,3,1
51353272,0,,,32,13,19,0,0,0,32,13,19,4,2,2,32,13,19,32,13,19,28,11,17,16,5,11,3,0,3,1,0,1,0,0,0,19,19,8,9,2,0,0,0,0,11,9,2,0,18,0,7,9
51353273,0,,,15,9,6,0,0,0,15,9,6,5,4,1,14,8,6,14,8,6,10,5,5,6,4,2,1,1,0,0,0,0,0,0,0,6,6,0,5,0,0,1,0,0,6,6,0,0,5,0,0,5
51353274,2,51353275,,1,0,1,*,*,*,*,*,*,*,*,*,*,*,*,*,*,*,*,*,*,*,*,*,*,*,*,*,*,*,*,*,*,1,1,*,*,*,*,*,*,*,*,*,*,*,*,*,*,*
51353275,1,,51353274;51353285,16,11,5,0,0,0,24,13,11,12,8,4,24,13,11,24,13,11,12,5,7,8,3,5,0,0,0,0,0,0,0,0,0,5,5,1,3,4,0,1,0,0,8,8,0,0,8,0,1,2
51353278,1,,51353299,11,5,6,0,0,0,12,6,6,1,1,0,12,6,6,12,6,6,11,5,6,8,3,5,4,2,2,0,0,0,0,0,0,6,6,3,3,1,0,0,0,0,4,3,1,0,6,0,2,3
51353281,0,,,45,23,22,1,1,0,44,22,22,21,13,8,44,22,22,44,22,22,23,9,14,11,5,6,6,3,3,0,0,0,0,0,0,23,23,5,15,2,1,0,0,0,18,18,0,0,15,1,3,8
51353284,2,51353294,,4,1,3,*,*,*,*,*,*,*,*,*,*,*,*,*,*,*,*,*,*,*,*,*,*,*,*,*,*,*,*,*,*,2,2,*,*,*,*,*,*,*,*,*,*,*,*,*,*,*
51353285,2,51353275,,7,2,5,*,*,*,*,*,*,*,*,*,*,*,*,*,*,*,*,*,*,*,*,*,*,*,*,*,*,*,*,*,*,3,3,*,*,*,*,*,*,*,*,*,*,*,*,*,*,*
51353290,0,,,64,30,34,5,2,3,59,28,31,32,15,17,58,28,30,58,28,30,27,13,14,5,2,3,4,1,3,0,0,0,0,0,0,27,27,5,10,9,3,0,0,0,22,21,1,1,17,0,4,6
51353291,0,,,365,184,181,18,10,8,347,174,173,195,98,97,342,171,171,336,169,167,152,76,76,71,34,37,15,4,11,3,0,3,4,1,3,159,159,37,69,27,23,2,0,1,119,108,11,1,103,0,27,38
51353293,2,51353294,,8,5,3,*,*,*,*,*,*,*,*,*,*,*,*,*,*,*,*,*,*,*,*,*,*,*,*,*,*,*,*,*,*,3,3,*,*,*,*,*,*,*,*,*,*,*,*,*,*,*
51353294,1,,51353284;51353293;51353295,138,69,69,11,4,7,150,76,74,84,46,38,149,76,73,147,75,72,66,30,36,33,16,17,11,7,4,1,0,1,0,0,0,50,50,7,23,14,7,1,3,2,50,36,14,4,42,0,5,11
51353295,2,51353294,,11,5,6,*,*,*,*,*,*,*,*,*,*,*,*,*,*,*,*,*,*,*,*,*,*,*,*,*,*,*,*,*,*,2,2,*,*,*,*,*,*,*,*,*,*,*,*,*,*,*
51353299,2,51353278,,1,1,0,*,*,*,*,*,*,*,*,*,*,*,*,*,*,*,*,*,*,*,*,*,*,*,*,*,*,*,*,*,*,1,1,*,*,*,*,*,*,*,*,*,*,*,*,*,*,*
51353300,0,,,186,86,100,21,7,14,165,79,86,86,46,40,163,78,85,163,78,85,79,33,46,44,17,27,8,2,6,0,0,0,0,0,0,69,69,11,29,10,9,9,1,0,58,46,12,6,51,0,9,19
51353301,0,,,287,137,150,29,16,13,258,121,137,138,66,72,254,119,135,253,119,134,120,55,65,64,26,38,24,10,14,1,0,1,0,0,0,104,104,18,37,26,9,9,2,3,86,65,21,5,77,0,15,28
51353302,0,,,398,184,214,24,14,10,374,170,204,204,95,109,366,168,198,360,165,195,170,75,95,97,41,56,19,9,10,2,0,2,2,0,2,156,156,34,59,26,24,9,1,3,121,93,28,6,111,0,27,37
51353303,0,,,199,92,107,18,7,11,181,85,96,108,53,55,174,81,93,172,80,92,73,32,41,40,16,24,10,5,5,1,0,1,0,0,0,72,72,18,20,15,5,8,6,0,53,34,19,3,48,1,10,10
51353306,0,,,51,24,27,1,1,0,50,23,27,22,11,11,50,23,27,48,21,27,28,12,16,14,5,9,8,3,5,0,0,0,0,0,0,21,21,6,6,4,4,1,0,0,15,11,4,1,17,0,5,5
51353307,0,,,60,25,35,3,1,2,57,24,33,29,13,16,56,24,32,55,24,31,28,11,17,15,5,10,6,2,4,0,0,0,0,0,0,21,21,2,11,4,1,0,1,2,19,15,4,1,19,0,2,5
51353308,0,,,51,24,27,1,1,0,50,23,27,32,15,17,49,23,26,48,23,25,18,8,10,7,1,6,3,1,2,0,0,0,0,0,0,18,18,2,8,3,2,2,1,0,16,10,6,1,12,0,2,3
51353309,0,,,38,18,20,5,2,3,33,16,17,20,11,9,30,15,15,29,15,14,13,5,8,9,3,6,1,0,1,0,0,0,1,1,0,12,12,1,3,3,3,2,0,0,11,8,3,2,8,0,1,3
51353310,0,,,663,287,376,56,26,30,597,256,341,279,145,134,587,249,338,584,248,336,318,111,207,226,69,157,133,34,99,26,3,23,11,3,8,241,238,85,74,39,29,8,2,1,151,129,22,15,118,18,31,39
51353311,0,,,400,157,243,28,16,12,372,141,231,133,66,67,367,138,229,362,135,227,239,75,164,179,48,131,113,26,87,28,4,24,0,0,0,95,94,18,28,20,17,7,2,2,75,56,19,7,63,0,15,16
51353312,0,,,310,152,158,43,22,21,267,130,137,164,82,82,263,127,136,261,126,135,103,48,55,45,22,23,15,5,10,1,0,1,0,0,0,114,114,22,38,24,17,7,5,1,91,74,17,9,69,0,15,21
51353313,0,,,751,336,415,83,36,47,666,300,366,406,187,219,644,292,352,634,287,347,260,113,147,111,39,72,35,10,25,2,0,2,0,0,0,290,290,67,102,58,29,19,11,4,218,178,40,19,173,1,46,56
51353314,0,,,389,189,200,42,24,18,347,165,182,234,117,117,326,157,169,308,148,160,113,48,65,43,16,27,12,2,10,0,0,0,0,0,0,140,140,20,49,28,32,8,2,1,119,102,17,7,72,0,16,25
51353315,0,,,427,199,228,34,18,16,393,181,212,210,98,112,371,169,202,362,165,197,183,83,100,94,39,55,35,14,21,1,1,0,2,1,1,169,169,36,64,32,24,8,4,1,133,111,22,7,118,0,29,40
51353316,1,,51353326,50,24,26,3,2,1,52,24,28,23,11,12,50,23,27,48,23,25,29,13,16,15,6,9,7,4,3,0,0,0,0,0,0,23,23,9,10,5,0,1,1,0,17,13,4,1,21,0,9,6
51353318,0,,,82,42,40,7,3,4,75,39,36,48,27,21,74,38,36,74,38,36,27,12,15,14,4,10,4,2,2,0,0,0,0,0,0,29,29,4,9,7,8,0,0,1,25,18,7,0,19,0,2,5
51353320,0,,,483,214,269,48,19,29,429,192,237,272,130,142,420,188,232,408,186,222,157,62,95,82,34,48,22,10,12,3,1,2,2,0,2,195,195,48,71,36,23,12,2,3,145,124,21,17,107,4,31,25
51353321,0,,,1114,514,600,107,57,50,1005,455,550,663,304,359,973,438,535,947,425,522,342,151,191,167,66,101,52,19,33,4,1,3,10,6,4,441,441,85,173,97,54,22,7,3,351,306,45,30,224,3,47,75
51353322,0,,,1513,676,837,151,63,88,1356,611,745,732,362,370,1328,594,734,1307,586,721,624,249,375,373,118,255,177,43,134,25,1,24,0,0,0,624,618,200,204,103,78,27,6,0,414,361,53,38,371,7,139,92
51353323,0,,,1042,497,545,109,59,50,930,436,494,591,276,315,905,421,484,888,416,472,339,160,179,175,79,96,43,16,27,2,0,2,11,7,4,427,427,96,160,90,58,18,3,2,329,297,32,36,224,2,55,79
51353324,0,,,1911,908,1003,214,112,102,1672,786,886,1045,509,536,1623,755,868,1589,740,849,627,277,350,304,117,187,104,37,67,9,1,8,25,14,11,797,796,242,250,142,106,38,12,6,551,462,89,52,422,18,124,112
51353325,0,,,315,145,170,26,11,15,288,134,154,163,82,81,280,129,151,277,128,149,125,52,73,56,20,36,19,6,13,4,0,4,0,0,0,130,130,34,43,26,18,9,0,0,95,80,15,3,82,5,25,28
51353326,2,51353316,,5,2,3,*,*,*,*,*,*,*,*,*,*,*,*,*,*,*,*,*,*,*,*,*,*,*,*,*,*,*,*,*,*,3,3,*,*,*,*,*,*,*,*,*,*,*,*,*,*,*
51353327,0,,,73,35,38,3,1,2,70,34,36,28,14,14,68,33,35,67,33,34,42,20,22,28,15,13,13,6,7,0,0,0,0,0,0,30,30,6,13,6,3,1,1,0,24,20,4,0,24,0,5,9
51353328,0,,,65,30,35,5,1,4,60,29,31,24,15,9,57,26,31,57,26,31,36,14,22,12,5,7,6,2,4,0,0,0,4,2,2,28,28,10,9,4,2,2,0,1,18,13,5,2,24,0,9,5
51353329,0,,,13,7,6,0,0,0,13,7,6,9,5,4,13,7,6,13,7,6,4,2,2,2,1,1,0,0,0,0,0,0,0,0,0,5,5,1,1,2,1,0,0,0,4,2,2,0,3,0,0,1
51353330,0,,,474,235,239,53,32,21,420,202,218,273,138,135,408,192,216,400,187,213,147,64,83,61,27,34,17,5,12,1,0,1,3,1,2,178,178,32,69,33,27,6,10,1,146,123,23,14,94,1,18,31
51353331,0,,,716,337,379,59,27,32,657,310,347,417,209,208,629,295,334,621,293,328,240,101,139,126,46,80,53,17,36,4,0,4,11,11,0,291,291,69,105,58,42,8,8,1,221,180,41,13,161,10,39,53
51353332,0,,,1067,511,556,88,55,33,976,455,521,495,239,256,951,442,509,940,440,500,481,216,265,287,134,153,96,39,57,5,1,4,13,6,7,463,462,126,184,78,46,18,9,1,335,280,55,16,316,5,82,114
51353333,0,,,137,66,71,13,5,8,124,61,63,80,39,41,120,59,61,119,58,61,44,22,22,11,3,8,1,0,1,0,0,0,0,0,0,44,44,5,13,10,8,6,1,1,39,29,10,2,25,0,4,5
51353334,0,,,1525,716,809,157,83,74,1365,632,733,823,399,424,1319,607,712,1289,595,694,542,233,309,257,97,160,73,23,50,7,3,4,15,4,11,658,657,217,219,107,76,23,9,6,434,374,60,36,372,2,138,105
51353335,0,,,535,243,292,50,23,27,485,220,265,267,135,132,465,207,258,457,203,254,218,85,133,117,42,75,39,15,24,5,1,4,0,0,0,217,217,68,68,32,27,15,2,5,147,117,30,10,150,0,57,36
51353336,0,,,347,145,202,27,15,12,320,130,190,112,64,48,309,122,187,304,118,186,208,66,142,154,44,110,73,15,58,8,0,8,0,0,0,125,124,39,44,20,12,7,2,0,85,72,13,2,96,0,34,34
51353337,0,,,578,281,297,69,34,35,508,246,262,288,150,138,492,235,257,484,230,254,220,96,124,91,35,56,24,10,14,3,1,2,11,6,5,226,225,66,58,49,31,16,3,2,158,136,22,13,146,0,54,40
51353338,0,,,497,233,264,32,15,17,465,218,247,236,119,117,454,210,244,450,208,242,229,99,130,119,48,71,41,12,29,2,0,2,4,1,3,210,210,58,75,42,22,6,4,3,152,122,30,5,152,2,43,47
51353339,0,,,188,88,100,14,5,9,174,83,91,99,52,47,169,79,90,168,78,90,75,31,44,43,14,29,18,5,13,1,0,1,0,0,0,65,65,13,22,12,6,6,3,3,51,35,16,3,48,0,10,10
51353340,0,,,239,111,128,30,15,15,209,96,113,131,65,66,204,95,109,203,94,109,78,31,47,39,14,25,8,1,7,0,0,0,0,0,0,70,70,7,21,9,13,10,9,1,63,38,25,7,51,0,4,12
51353341,0,,,601,290,311,59,28,31,542,262,280,376,185,191,522,248,274,512,244,268,166,77,89,91,37,54,25,8,17,2,1,1,3,2,1,229,229,43,82,49,40,6,6,3,186,150,36,10,112,2,27,32
51353342,0,,,84,48,36,9,6,3,75,42,33,41,24,17,72,39,33,71,38,33,34,18,16,12,7,5,1,1,0,0,0,0,0,0,0,34,34,7,16,4,3,3,1,0,27,23,4,1,22,0,4,11
51353343,0,,,254,123,131,20,8,12,234,115,119,136,69,67,228,112,116,222,108,114,98,46,52,56,26,30,22,11,11,0,0,0,1,1,0,83,83,12,24,20,14,3,7,3,71,44,27,4,65,0,9,17
51353344,0,,,367,179,188,27,10,17,334,166,168,189,96,93,328,162,166,317,157,160,145,70,75,77,35,42,23,10,13,2,2,0,1,0,1,151,151,49,47,24,14,9,5,3,102,72,30,6,91,8,17,31
51353345,0,,,386,189,197,36,16,20,347,173,174,177,88,89,338,170,168,329,166,163,170,85,85,79,39,40,27,10,17,0,0,0,0,0,0,143,143,33,43,32,17,10,4,4,109,79,30,12,105,2,20,28
51353346,0,,,115,52,63,1,0,1,114,52,62,54,27,27,111,52,59,107,49,58,60,25,35,32,15,17,15,6,9,1,0,1,1,0,1,45,45,9,16,11,5,3,1,0,36,28,8,1,38,0,8,9
51353347,0,,,698,343,355,105,58,47,592,284,308,348,176,172,567,270,297,553,261,292,244,108,136,125,47,78,39,13,26,6,2,4,1,1,0,250,250,46,85,43,44,22,5,5,204,163,41,27,156,1,36,53
51353348,0,,,2263,998,1265,216,108,108,2043,887,1156,1073,525,548,2000,866,1134,1969,851,1118,970,362,608,626,207,419,303,80,223,36,3,33,12,7,5,840,838,225,283,158,114,38,12,8,612,512,100,48,518,8,150,143
51353349,0,,,205,98,107,24,9,15,181,89,92,109,53,56,178,86,92,175,84,91,72,36,36,34,16,18,10,5,5,1,0,1,1,1,0,78,78,17,21,23,9,7,1,0,60,46,14,5,48,2,6,13
51353351,2,51353352,,4,2,2,*,*,*,*,*,*,*,*,*,*,*,*,*,*,*,*,*,*,*,*,*,*,*,*,*,*,*,*,*,*,1,1,*,*,*,*,*,*,*,*,*,*,*,*,*,*,*
51353352,1,,51353351;51353370,183,82,101,12,6,6,177,79,98,108,52,56,168,76,92,162,72,90,69,27,42,44,15,29,11,6,5,2,1,1,0,0,0,57,57,7,20,6,15,6,3,2,52,32,20,2,46,0,5,11
51353353,0,,,210,101,109,15,7,8,195,94,101,101,53,48,191,91,100,189,89,100,94,41,53,43,18,25,13,3,10,1,0,1,1,0,1,78,78,15,28,14,14,3,3,1,63,48,15,2,59,0,12,16
51353354,0,,,294,142,152,16,6,10,278,136,142,137,75,62,275,135,140,274,135,139,141,61,80,79,34,45,26,9,17,2,0,2,1,0,1,108,108,18,36,27,18,6,1,2,90,65,25,6,86,0,11,22
51353355,0,,,74,39,35,8,4,4,66,35,31,34,20,14,66,35,31,66,35,31,32,15,17,17,6,11,5,1,4,0,0,0,0,0,0,28,28,5,11,5,5,1,0,1,23,15,8,1,21,0,3,3
51353356,0,,,181,84,97,12,2,10,169,82,87,85,41,44,166,80,86,164,78,86,84,41,43,44,17,27,16,4,12,0,0,0,0,0,0,68,68,13,21,19,8,5,2,0,55,39,16,2,55,0,9,17
51353357,0,,,98,50,48,4,4,0,92,45,47,59,33,26,87,43,44,82,40,42,33,12,21,17,7,10,4,0,4,1,0,1,0,0,0,39,39,11,11,9,4,2,2,0,26,20,6,2,21,2,4,3
51353358,0,,,706,336,370,105,64,41,599,271,328,378,186,192,584,264,320,571,257,314,221,85,136,122,44,78,40,13,27,3,0,3,3,1,2,290,290,93,84,49,39,11,11,3,196,161,35,32,161,4,61,40
51353359,0,,,1227,601,626,159,91,68,1066,508,558,676,344,332,1033,490,543,1019,481,538,390,164,226,194,70,124,55,19,36,5,2,3,9,2,7,487,486,146,134,99,58,32,8,9,339,269,70,45,267,15,82,62
51353362,1,,51353380,14,8,6,0,0,0,18,11,7,10,7,3,16,9,7,16,9,7,8,4,4,5,2,3,0,0,0,0,0,0,0,0,0,4,4,2,2,1,1,1,0,0,5,4,1,0,6,0,2,1
51353363,0,,,14,5,9,0,0,0,14,5,9,6,2,4,14,5,9,14,5,9,8,3,5,4,2,2,2,0,2,0,0,0,0,0,0,6,6,2,1,2,1,0,0,0,4,2,2,0,5,0,2,1
51353364,0,,,219,100,119,5,2,3,214,98,116,103,51,52,209,95,114,208,95,113,111,47,64,57,21,36,19,7,12,2,0,2,2,0,2,90,90,21,36,15,12,4,1,1,69,53,16,1,72,0,19,19
51353365,0,,,104,49,55,2,0,2,102,49,53,45,25,20,102,49,53,101,48,53,57,24,33,30,12,18,11,4,7,1,1,0,0,0,0,43,43,11,12,13,5,2,0,0,32,23,9,0,37,0,10,8
51353366,0,,,141,66,75,8,2,6,133,64,69,67,33,34,127,60,67,124,58,66,66,31,35,35,14,21,13,4,9,2,0,2,1,0,1,54,54,12,20,12,3,2,4,1,41,29,12,0,42,0,10,12
51353367,0,,,70,34,36,10,5,5,60,29,31,33,17,16,56,26,30,56,26,30,27,12,15,12,4,8,8,3,5,1,0,1,0,0,0,22,22,5,1,7,5,3,0,1,17,10,7,3,16,0,4,1
51353368,0,,,43,19,24,3,1,2,40,18,22,20,10,10,40,18,22,40,18,22,20,8,12,10,3,7,3,1,2,0,0,0,0,0,0,19,19,6,7,3,1,2,0,0,13,9,4,2,14,1,4,3
51353369,0,,,115,60,55,5,3,2,110,57,53,71,43,28,103,52,51,98,50,48,39,14,25,16,6,10,5,1,4,2,0,2,0,0,0,41,41,8,10,11,9,1,1,1,32,27,5,1,24,0,5,6
51353370,2,51353352,,2,1,1,*,*,*,*,*,*,*,*,*,*,*,*,*,*,*,*,*,*,*,*,*,*,*,*,*,*,*,*,*,*,1,1,*,*,*,*,*,*,*,*,*,*,*,*,*,*,*
51353374,0,,,76,36,40,2,2,0,74,34,40,29,14,15,74,34,40,74,34,40,45,20,25,28,13,15,6,3,3,1,1,0,0,0,0,29,29,6,9,7,5,1,1,0,23,15,8,0,26,0,6,5
51353376,0,,,32,16,16,0,0,0,32,16,16,13,5,8,31,16,15,30,15,15,19,11,8,11,6,5,3,2,1,0,0,0,0,0,0,14,14,3,7,3,0,0,1,0,11,10,1,0,12,0,3,5
51353377,0,,,110,44,66,2,0,2,108,44,64,44,19,25,106,43,63,106,43,63,64,25,39,27,6,21,11,1,10,0,0,0,0,0,0,45,45,10,16,11,6,1,1,0,35,23,12,1,39,0,10,10
51353379,0,,,174,77,97,24,9,15,150,68,82,81,40,41,146,64,82,144,63,81,69,28,41,38,13,25,15,2,13,1,0,1,0,0,0,64,64,14,21,10,13,4,0,2,50,34,16,5,44,0,10,12
51353380,2,51353362,,4,3,1,*,*,*,*,*,*,*,*,*,*,*,*,*,*,*,*,*,*,*,*,*,*,*,*,*,*,*,*,*,*,3,3,*,*,*,*,*,*,*,*,*,*,*,*,*,*,*
51353386,0,,,12,6,6,0,0,0,12,6,6,8,4,4,12,6,6,12,6,6,4,2,2,3,1,2,2,1,1,1,0,1,0,0,0,4,4,0,2,0,2,0,0,0,4,2,2,0,2,0,0,0
51353387,0,,,42,16,26,3,1,2,39,15,24,19,7,12,36,14,22,36,14,22,20,8,12,10,3,7,2,0,2,0,0,0,1,0,1,17,17,3,7,4,2,1,0,0,14,10,4,0,15,0,3,4
51353388,0,,,90,42,48,12,6,6,78,36,42,34,18,16,77,35,42,76,34,42,44,18,26,18,7,11,6,1,5,1,0,1,0,0,0,36,36,8,14,8,3,2,0,1,28,24,4,3,28,0,7,8
51353395,0,,,25,13,12,4,1,3,21,12,9,8,5,3,21,12,9,21,12,9,13,7,6,5,3,2,1,1,0,0,0,0,0,0,0,9,9,2,4,2,0,0,0,1,7,6,1,1,9,0,2,3
51353398,0,,,26,12,14,2,1,1,24,11,13,10,5,5,23,10,13,22,9,13,14,6,8,6,3,3,3,1,2,1,1,0,0,0,0,10,10,1,6,2,0,0,0,1,9,6,3,0,9,0,1,3
51353399,0,,,41,18,23,3,2,1,38,16,22,18,9,9,36,16,20,34,16,18,20,7,13,11,5,6,4,2,2,1,1,0,0,0,0,14,14,5,3,2,1,1,1,1,9,3,6,1,14,0,5,2
51353400,0,,,35,17,18,3,1,2,32,16,16,15,7,8,31,16,15,31,16,15,17,9,8,5,1,4,3,0,3,0,0,0,0,0,0,10,10,1,2,2,2,2,1,0,8,3,5,0,10,0,1,2
51353401,0,,,54,30,24,4,2,2,50,28,22,29,16,13,48,27,21,47,27,20,21,12,9,8,4,4,1,0,1,0,0,0,0,0,0,18,18,3,6,2,4,2,0,1,15,13,2,2,13,0,3,5
51353403,0,,,47,25,22,0,0,0,47,25,22,10,6,4,46,24,22,46,24,22,37,19,18,20,9,11,11,3,8,0,0,0,0,0,0,25,25,9,11,4,1,0,0,0,16,14,2,0,24,0,8,11
51353405,2,51353416,,5,3,2,*,*,*,*,*,*,*,*,*,*,*,*,*,*,*,*,*,*,*,*,*,*,*,*,*,*,*,*,*,*,2,2,*,*,*,*,*,*,*,*,*,*,*,*,*,*,*
51353410,0,,,58,24,34,10,1,9,48,23,25,28,14,14,48,23,25,47,22,25,20,9,11,6,2,4,4,1,3,0,0,0,0,0,0,21,21,5,5,6,3,0,1,1,16,12,4,3,13,0,4,2
51353411,0,,,95,50,45,10,6,4,85,44,41,41,23,18,84,43,41,84,43,41,44,21,23,19,7,12,9,5,4,1,0,1,0,0,0,42,42,14,11,10,6,1,0,0,28,24,4,4,32,0,11,8
51353413,0,,,121,57,64,1,0,1,120,57,63,43,19,24,120,57,63,120,57,63,77,38,39,46,20,26,15,5,10,0,0,0,0,0,0,57,57,14,28,12,2,0,0,1,42,36,6,0,50,0,12,16
51353414,0,,,77,35,42,4,2,2,71,32,39,38,20,18,71,32,39,71,32,39,33,12,21,14,5,9,7,2,5,0,0,0,0,0,0,33,33,12,8,6,5,1,1,0,20,14,6,1,24,0,9,4
51353416,1,,51353405,13,6,7,0,0,0,18,9,9,4,3,1,18,9,9,18,9,9,14,6,8,8,3,5,4,2,2,1,0,1,0,0,0,9,9,5,5,1,0,0,0,0,6,5,1,0,10,0,4,3
51353417,1,,51353419,17,10,7,0,0,0,18,10,8,3,1,2,18,10,8,18,10,8,15,9,6,14,8,6,3,2,1,0,0,0,1,0,1,11,11,6,6,0,0,0,0,0,6,5,1,0,11,0,5,4
51353419,2,51353417,,1,0,1,*,*,*,*,*,*,*,*,*,*,*,*,*,*,*,*,*,*,*,*,*,*,*,*,*,*,*,*,*,*,1,1,*,*,*,*,*,*,*,*,*,*,*,*,*,*,*
51353420,0,,,16,10,6,0,0,0,16,10,6,7,4,3,16,10,6,16,10,6,9,6,3,7,4,3,1,1,0,0,0,0,0,0,0,9,9,3,5,1,0,0,0,0,5,5,0,0,6,0,2,3
51353423,2,51353424,,7,4,3,*,*,*,*,*,*,*,*,*,*,*,*,*,*,*,*,*,*,*,*,*,*,*,*,*,*,*,*,*,*,5,5,*,*,*,*,*,*,*,*,*,*,*,*,*,*,*
51353424,1,,51353423,233,102,131,4,3,1,236,103,133,95,38,57,235,103,132,234,103,131,141,65,76,67,28,39,19,6,13,4,1,3,0,0,0,109,109,40,43,19,8,1,2,1,74,60,14,1,95,0,33,31
51353425,0,,,238,121,117,17,7,10,221,114,107,96,53,43,218,111,107,217,111,106,125,61,64,67,32,35,30,11,19,2,1,1,0,0,0,93,93,22,35,12,15,5,3,1,71,52,19,3,81,0,19,22
51353426,0,,,86,43,43,2,0,2,83,42,41,38,21,17,81,42,39,81,42,39,45,21,24,28,9,19,11,4,7,0,0,0,0,0,0,49,49,28,10,6,5,0,0,0,21,18,3,1,33,0,18,7
51353427,0,,,15,10,5,0,0,0,15,10,5,7,5,2,15,10,5,15,10,5,8,5,3,5,2,3,2,0,2,0,0,0,0,0,0,12,12,9,3,0,0,0,0,0,2,2,0,0,7,0,6,1
51353429,2,51353439,,4,2,2,*,*,*,*,*,*,*,*,*,*,*,*,*,*,*,*,*,*,*,*,*,*,*,*,*,*,*,*,*,*,2,2,*,*,*,*,*,*,*,*,*,*,*,*,*,*,*
51353431,0,,,61,26,35,3,1,2,58,25,33,24,11,13,57,24,33,55,24,31,34,14,20,23,10,13,7,4,3,0,0,0,0,0,0,23,23,8,7,2,1,1,4,0,15,8,7,0,22,0,7,6
51353432,0,,,30,15,15,0,0,0,30,15,15,13,8,5,30,15,15,30,15,15,17,7,10,14,5,9,5,3,2,0,0,0,0,0,0,15,15,6,6,1,1,1,0,0,9,7,2,0,13,0,5,3
51353433,2,51353442,,9,6,3,*,*,*,*,*,*,*,*,*,*,*,*,*,*,*,*,*,*,*,*,*,*,*,*,*,*,*,*,*,*,4,4,*,*,*,*,*,*,*,*,*,*,*,*,*,*,*
51353434,0,,,19,6,13,1,1,0,18,5,13,10,2,8,17,5,12,17,5,12,8,3,5,3,0,3,1,0,1,0,0,0,0,0,0,7,7,2,2,0,2,1,0,0,5,3,2,0,5,0,1,2
51353435,0,,,250,109,141,10,3,7,240,106,134,101,50,51,236,104,132,233,103,130,139,56,83,85,28,57,16,5,11,1,0,1,0,0,0,118,118,43,40,21,9,4,0,1,75,65,10,2,99,0,39,23
51353436,0,,,236,95,141,10,7,3,226,88,138,108,57,51,218,85,133,213,82,131,118,31,87,97,24,73,58,10,48,10,1,9,0,0,0,64,63,11,20,13,10,8,1,0,52,41,11,5,38,0,7,9
51353439,1,,51353429,6,3,3,0,0,0,10,5,5,1,1,0,10,5,5,10,5,5,9,4,5,8,4,4,4,1,3,0,0,0,0,0,0,3,3,0,5,0,0,0,0,0,5,5,0,0,5,0,0,4
51353440,0,,,169,82,87,18,12,6,151,70,81,87,42,45,145,69,76,145,69,76,64,28,36,26,9,17,13,4,9,0,0,0,6,2,4,68,68,18,19,18,6,7,0,0,50,44,6,4,43,0,14,11
51353441,0,,,261,124,137,17,8,9,244,116,128,120,58,62,240,113,127,238,111,127,124,58,66,67,31,36,22,11,11,2,0,2,0,0,0,94,94,17,34,17,13,7,4,2,76,53,23,4,76,0,13,23
51353442,1,,51353433,84,44,40,3,1,2,90,49,41,35,21,14,90,49,41,90,49,41,55,28,27,25,12,13,9,4,5,0,0,0,0,0,0,34,34,8,14,12,1,1,2,0,30,20,10,0,34,0,7,10
51353444,0,,,698,326,372,87,46,41,611,280,331,321,150,171,596,275,321,584,269,315,290,130,160,168,72,96,62,26,36,5,2,3,0,0,0,278,277,63,99,58,35,15,3,4,213,177,36,23,189,0,50,55
51353445,0,,,818,372,446,91,43,48,727,329,398,421,199,222,708,316,392,695,309,386,306,130,176,167,66,101,66,24,42,4,1,3,2,1,1,314,314,65,115,63,41,14,12,4,248,198,50,17,210,3,51,55
51353446,0,,,133,68,65,3,2,1,130,66,64,67,36,31,130,66,64,125,63,62,63,30,33,34,18,16,11,5,6,1,0,1,0,0,0,52,52,9,23,12,2,3,2,1,42,33,9,0,36,0,4,14
51353447,0,,,33,14,19,4,3,1,29,11,18,15,5,10,29,11,18,29,11,18,14,6,8,6,1,5,3,0,3,0,0,0,0,0,0,12,12,5,2,2,1,1,0,1,7,4,3,1,9,0,3,1
51353450,0,,,614,254,360,38,16,22,576,238,338,249,119,130,556,228,328,550,222,328,327,119,208,210,57,153,120,25,95,20,1,19,1,0,1,212,211,49,78,48,22,10,2,2,162,133,29,8,148,0,38,42
51353451,0,,,1325,614,711,129,62,67,1191,548,643,659,316,343,1160,531,629,1137,516,621,532,232,300,292,124,168,99,35,64,9,2,7,7,2,5,565,564,178,201,82,57,27,14,5,384,324,60,36,350,14,110,103
51353452,0,,,491,216,275,43,17,26,444,197,247,233,111,122,429,187,242,418,180,238,211,86,125,123,45,78,38,13,25,2,0,2,2,1,1,202,202,59,67,34,26,8,6,2,143,112,31,8,140,2,42,36
51353453,0,,,259,123,136,19,13,6,240,110,130,145,66,79,233,106,127,227,103,124,95,44,51,44,16,28,18,9,9,0,0,0,0,0,0,92,92,24,19,22,16,5,3,3,68,51,17,4,62,0,15,11
51353454,0,,,1874,867,1007,200,113,87,1662,746,916,928,440,488,1618,727,891,1593,721,872,734,306,428,412,162,250,139,46,93,14,4,10,8,6,2,763,763,217,250,130,100,40,16,10,537,434,103,51,492,3,147,127
51353455,0,,,591,278,313,32,16,16,547,257,290,309,152,157,536,251,285,529,249,280,238,105,133,126,53,73,44,10,34,3,1,2,6,2,4,238,236,76,84,50,15,9,2,0,154,135,19,5,144,2,49,37
51353456,0,,,843,400,443,95,49,46,744,347,397,494,236,258,708,329,379,686,320,366,250,111,139,133,52,81,53,19,34,0,0,0,1,0,1,341,341,99,101,60,50,25,5,1,240,208,32,18,171,4,57,47
51353457,0,,,61,30,31,5,4,1,56,26,30,21,8,13,56,26,30,55,26,29,35,18,17,15,5,10,8,2,6,0,0,0,0,0,0,24,24,4,12,3,3,1,0,1,20,13,7,0,23,0,4,7
51353458,1,,51353459,76,39,37,5,2,3,79,40,39,31,15,16,79,40,39,79,40,39,48,25,23,19,9,10,10,4,6,2,1,1,0,0,0,29,29,3,14,8,6,1,0,0,29,24,5,0,27,0,3,11
51353459,2,51353458,,8,3,5,*,*,*,*,*,*,*,*,*,*,*,*,*,*,*,*,*,*,*,*,*,*,*,*,*,*,*,*,*,*,3,3,*,*,*,*,*,*,*,*,*,*,*,*,*,*,*
51353460,0,,,305,158,147,35,23,12,270,135,135,155,82,73,264,131,133,263,131,132,115,53,62,60,24,36,21,6,15,1,0,1,0,0,0,114,114,25,31,29,19,6,3,1,89,68,21,10,76,0,19,16
51353461,0,,,1550,726,824,210,104,106,1335,620,715,889,432,457,1288,599,689,1258,585,673,446,188,258,233,88,145,63,22,41,5,0,5,5,0,5,612,612,155,193,110,104,39,9,2,455,411,44,52,315,7,96,83
51353462,0,,,1421,667,754,184,96,88,1232,568,664,776,380,396,1190,549,641,1155,528,627,456,188,268,238,84,154,82,23,59,7,1,6,2,1,1,541,539,142,151,94,100,36,11,5,397,319,78,49,311,12,83,80
51353463,0,,,858,398,460,63,33,30,781,357,424,489,248,241,747,340,407,724,326,398,292,109,183,169,58,111,46,14,32,4,3,1,4,2,2,373,373,122,122,64,36,23,4,2,246,214,32,15,207,5,74,53
51353464,0,,,3057,1404,1653,312,162,150,2729,1232,1497,1508,719,789,2662,1206,1456,2618,1186,1432,1221,513,708,720,299,421,255,83,172,24,7,17,30,7,23,1295,1291,400,436,221,159,56,14,5,882,780,102,90,789,30,260,224
51353465,0,,,2038,972,1066,257,119,138,1777,850,927,1144,581,563,1718,827,891,1674,803,871,633,269,364,349,142,207,113,43,70,8,2,6,11,4,7,821,820,242,229,152,132,46,16,3,569,496,73,62,433,20,149,114
51353466,0,,,1514,664,850,126,50,76,1381,610,771,783,364,419,1355,594,761,1333,584,749,598,246,352,357,130,227,167,48,119,30,5,25,23,3,20,559,556,172,190,103,62,20,7,2,379,332,47,36,272,24,80,86
51353467,0,,,759,364,395,53,30,23,706,334,372,392,191,201,683,318,365,672,314,358,314,143,171,142,57,85,46,18,28,4,2,2,2,1,1,290,290,56,103,62,41,22,5,1,232,195,37,12,203,0,44,63
51353468,0,,,302,140,162,22,11,11,280,129,151,137,65,72,278,127,151,275,125,150,143,64,79,80,30,50,21,7,14,3,1,2,0,0,0,131,131,44,43,21,10,9,4,0,87,70,17,5,103,0,35,20
51353469,0,,,27,10,17,3,0,3,24,10,14,15,6,9,24,10,14,24,10,14,9,4,5,5,2,3,2,1,1,0,0,0,0,0,0,9,9,2,3,1,1,1,0,1,7,4,3,1,6,0,0,1
51353470,0,,,86,28,58,2,0,2,84,28,56,14,6,8,84,28,56,84,28,56,70,22,48,51,14,37,37,8,29,8,0,8,3,0,3,25,24,8,10,4,2,0,0,0,16,14,2,0,18,2,5,8
51353471,0,,,156,73,83,17,9,8,139,64,75,83,38,45,137,64,73,134,63,71,56,26,30,23,10,13,11,4,7,2,0,2,0,0,0,47,47,8,13,5,10,6,1,4,39,24,15,2,33,1,4,9
51353472,0,,,58,25,33,7,1,6,51,24,27,33,15,18,49,24,25,45,21,24,18,9,9,7,3,4,2,0,2,2,0,2,0,0,0,19,18,4,4,5,3,1,1,0,14,10,4,1,11,0,2,3
51353473,0,,,132,59,73,6,1,5,125,57,68,63,27,36,122,56,66,122,56,66,62,30,32,35,17,18,7,0,7,1,0,1,0,0,0,58,58,16,25,10,2,2,3,0,42,34,8,2,42,0,13,12
51353474,0,,,896,407,489,86,41,45,809,365,444,487,230,257,785,349,436,766,340,426,322,135,187,157,58,99,47,17,30,1,0,1,13,3,10,364,364,98,117,72,48,20,7,2,264,232,32,20,221,4,68,67
51353475,0,,,1598,750,848,129,60,69,1447,679,768,890,427,463,1409,659,750,1388,651,737,557,252,305,281,117,164,75,24,51,5,0,5,12,4,8,704,703,227,237,123,73,32,7,4,463,406,57,35,382,11,125,120
51353476,0,,,2890,1345,1545,266,127,139,2586,1195,1391,1684,803,881,2522,1167,1355,2479,1148,1331,902,392,510,411,155,256,113,30,83,7,0,7,29,4,25,1343,1340,482,443,222,135,42,14,2,832,766,66,77,650,36,224,189
51353477,0,,,1321,614,707,129,58,71,1179,549,630,737,349,388,1144,530,614,1133,527,606,442,200,242,187,78,109,58,19,39,3,0,3,12,6,6,582,582,182,201,113,51,22,9,4,394,355,39,37,312,9,89,91
51353478,0,,,1933,869,1064,214,103,111,1701,752,949,1000,481,519,1655,730,925,1629,720,909,701,271,430,432,146,286,177,49,128,23,3,20,18,5,13,842,839,299,263,139,91,30,10,7,530,467,63,57,439,25,152,130
51353479,0,,,1067,509,558,108,50,58,954,455,499,618,299,319,915,434,481,898,425,473,336,156,180,189,81,108,70,28,42,3,1,2,0,0,0,439,439,108,174,61,62,25,8,1,331,284,47,36,215,6,47,88
51353481,0,,,43,20,23,2,0,2,41,20,21,28,14,14,38,19,19,38,19,19,13,6,7,6,2,4,1,0,1,0,0,0,0,0,0,11,11,1,2,3,1,1,1,2,10,4,6,1,9,0,1,1
51353482,0,,,169,51,118,5,4,1,164,47,117,16,10,6,164,47,117,164,47,117,148,37,111,135,32,103,106,18,88,23,2,21,1,0,1,13,11,1,7,1,2,0,0,0,10,10,0,1,5,0,1,3
51353483,0,,,170,73,97,11,2,9,159,71,88,86,41,45,156,69,87,154,69,85,73,30,43,34,9,25,18,4,14,1,0,1,0,0,0,59,59,8,22,12,8,5,3,1,51,30,21,3,47,0,6,13
51353484,0,,,182,54,128,5,3,2,177,51,126,24,10,14,175,50,125,175,50,125,153,41,112,139,35,104,109,23,86,25,4,21,1,0,1,18,17,2,3,9,3,0,0,0,15,14,1,3,10,0,2,2
51353485,0,,,124,59,65,12,4,8,112,55,57,82,41,41,106,52,54,104,52,52,30,14,16,16,6,10,5,1,4,0,0,0,0,0,0,43,43,11,8,9,9,3,2,1,32,24,8,2,18,0,3,3
51353486,0,,,693,336,357,132,75,57,558,260,298,418,199,219,536,246,290,516,238,278,140,61,79,74,30,44,18,7,11,2,0,2,2,1,1,264,264,71,70,44,52,21,5,1,192,175,17,23,98,7,31,28
51353487,0,,,271,133,138,29,15,14,242,118,124,169,83,86,237,116,121,231,112,119,73,35,38,28,14,14,6,1,5,0,0,0,0,0,0,97,97,14,33,20,20,9,1,0,82,71,11,4,47,0,9,14
51353488,0,,,1221,596,625,114,61,53,1091,525,566,575,283,292,1069,513,556,1056,509,547,516,242,274,284,116,168,96,29,67,5,1,4,3,2,1,453,449,143,126,95,58,18,6,3,303,258,45,28,284,11,92,61
51353489,0,,,1972,934,1038,140,78,62,1817,846,971,1052,514,538,1772,826,946,1745,810,935,765,332,433,400,154,246,130,41,89,9,1,8,11,5,6,927,927,357,289,144,95,32,7,3,565,482,83,30,550,18,215,137
51353490,1,,51353491,68,27,41,6,1,5,71,30,41,31,13,18,66,28,38,65,28,37,40,17,23,21,9,12,7,2,5,0,0,0,0,0,0,23,23,7,9,1,4,1,1,3,19,9,10,0,25,0,6,6
51353491,2,51353490,,9,4,5,*,*,*,*,*,*,*,*,*,*,*,*,*,*,*,*,*,*,*,*,*,*,*,*,*,*,*,*,*,*,3,3,*,*,*,*,*,*,*,*,*,*,*,*,*,*,*
51353493,0,,,123,59,64,7,3,4,116,56,60,65,35,30,114,56,58,113,56,57,51,21,30,23,9,14,11,2,9,0,0,0,0,0,0,42,42,8,11,10,6,5,1,1,34,23,11,3,31,0,5,7
51353494,0,,,174,87,87,12,6,6,162,81,81,76,41,35,160,81,79,156,79,77,86,40,46,47,23,24,11,4,7,2,1,1,0,0,0,67,67,15,26,9,8,6,3,0,52,38,14,3,54,0,13,16
51353495,0,,,243,117,126,16,6,10,227,111,116,114,57,57,220,108,112,219,107,112,113,54,59,57,25,32,23,7,16,3,1,2,0,0,0,84,84,14,27,19,10,9,3,2,70,51,19,5,68,0,11,20
51353496,0,,,227,111,116,15,6,9,212,105,107,116,60,56,208,104,104,201,101,100,96,45,51,56,23,33,16,4,12,2,1,1,1,0,1,80,80,22,16,18,8,12,2,2,58,37,21,3,60,0,14,10
51353497,0,,,419,213,206,89,48,41,330,165,165,300,153,147,299,145,154,278,134,144,30,12,18,14,4,10,6,1,5,1,0,1,0,0,0,128,128,11,28,33,35,15,4,2,115,105,10,15,22,1,4,3
51353498,0,,,537,258,279,51,27,24,483,230,253,266,136,130,465,217,248,455,213,242,217,94,123,126,50,76,41,17,24,3,0,3,0,0,0,216,216,63,62,43,25,17,6,0,151,124,27,14,143,2,44,38
51353499,0,,,537,256,281,36,20,16,500,235,265,338,161,177,482,225,257,468,218,250,162,74,88,69,29,40,18,5,13,0,0,0,3,2,1,218,218,39,85,61,23,7,3,0,176,155,21,9,108,0,18,40
51353501,2,51353534,,2,1,1,*,*,*,*,*,*,*,*,*,*,*,*,*,*,*,*,*,*,*,*,*,*,*,*,*,*,*,*,*,*,1,1,*,*,*,*,*,*,*,*,*,*,*,*,*,*,*
51353502,2,51353534,,2,2,0,*,*,*,*,*,*,*,*,*,*,*,*,*,*,*,*,*,*,*,*,*,*,*,*,*,*,*,*,*,*,2,2,*,*,*,*,*,*,*,*,*,*,*,*,*,*,*
51353506,0,,,62,29,33,0,0,0,62,29,33,17,9,8,62,29,33,62,29,33,45,20,25,30,10,20,10,3,7,0,0,0,0,0,0,37,37,17,15,5,0,0,0,0,20,19,1,0,32,0,14,11
51353507,2,51353516,,1,0,1,*,*,*,*,*,*,*,*,*,*,*,*,*,*,*,*,*,*,*,*,*,*,*,*,*,*,*,*,*,*,1,1,*,*,*,*,*,*,*,*,*,*,*,*,*,*,*
51353508,2,51353517,,7,3,4,*,*,*,*,*,*,*,*,*,*,*,*,*,*,*,*,*,*,*,*,*,*,*,*,*,*,*,*,*,*,4,4,*,*,*,*,*,*,*,*,*,*,*,*,*,*,*
51353509,0,,,16,9,7,0,0,0,16,9,7,5,2,3,15,9,6,15,9,6,11,7,4,4,2,2,4,2,2,0,0,0,1,1,0,11,11,8,1,2,0,0,0,0,3,1,2,0,9,0,6,1
51353510,2,51353531,,5,2,3,*,*,*,*,*,*,*,*,*,*,*,*,*,*,*,*,*,*,*,*,*,*,*,*,*,*,*,*,*,*,3,3,*,*,*,*,*,*,*,*,*,*,*,*,*,*,*
51353511,2,51353531,,2,1,1,*,*,*,*,*,*,*,*,*,*,*,*,*,*,*,*,*,*,*,*,*,*,*,*,*,*,*,*,*,*,1,1,*,*,*,*,*,*,*,*,*,*,*,*,*,*,*
51353515,0,,,107,48,59,0,0,0,107,48,59,25,16,9,107,48,59,107,48,59,82,32,50,56,19,37,24,8,16,1,0,1,0,0,0,69,69,38,26,4,0,1,0,0,30,29,1,0,62,0,33,14
51353516,1,,51353507;51353526,125,59,66,2,1,1,125,59,66,33,18,15,125,59,66,125,59,66,92,41,51,68,29,39,21,8,13,1,1,0,1,1,0,67,66,28,30,8,1,1,0,0,40,38,2,1,58,1,22,24
51353517,1,,51353508;51353518,3,1,2,0,0,0,13,5,8,3,1,2,13,5,8,13,5,8,10,4,6,8,3,5,4,1,3,0,0,0,0,0,0,2,2,2,4,1,0,0,0,0,5,5,0,0,7,0,2,3
51353518,2,51353517,,3,1,2,*,*,*,*,*,*,*,*,*,*,*,*,*,*,*,*,*,*,*,*,*,*,*,*,*,*,*,*,*,*,1,1,*,*,*,*,*,*,*,*,*,*,*,*,*,*,*
51353519,0,,,49,25,24,0,0,0,49,25,24,17,11,6,48,24,24,47,23,24,32,14,18,15,7,8,7,3,4,0,0,0,1,0,1,28,28,12,13,1,2,0,0,0,15,14,1,0,21,0,9,8
51353520,2,51353531,,2,0,2,*,*,*,*,*,*,*,*,*,*,*,*,*,*,*,*,*,*,*,*,*,*,*,*,*,*,*,*,*,*,1,1,*,*,*,*,*,*,*,*,*,*,*,*,*,*,*
51353521,2,51353531,,4,0,4,*,*,*,*,*,*,*,*,*,*,*,*,*,*,*,*,*,*,*,*,*,*,*,*,*,*,*,*,*,*,2,2,*,*,*,*,*,*,*,*,*,*,*,*,*,*,*
51353526,2,51353516,,1,1,0,*,*,*,*,*,*,*,*,*,*,*,*,*,*,*,*,*,*,*,*,*,*,*,*,*,*,*,*,*,*,1,1,*,*,*,*,*,*,*,*,*,*,*,*,*,*,*
51353529,0,,,61,33,28,4,3,1,52,27,25,27,15,12,51,26,25,51,26,25,25,12,13,14,8,6,2,0,2,0,0,0,0,0,0,26,26,7,10,4,4,0,1,0,17,14,3,1,17,0,6,6
51353530,2,51353531,,5,1,4,*,*,*,*,*,*,*,*,*,*,*,*,*,*,*,*,*,*,*,*,*,*,*,*,*,*,*,*,*,*,4,4,*,*,*,*,*,*,*,*,*,*,*,*,*,*,*
51353531,1,,51353510;51353511;51353520;51353521;51353530;51353551,190,101,89,123,68,55,87,38,49,66,30,36,38,11,27,34,9,25,21,8,13,17,6,11,7,2,5,1,0,1,0,0,0,21,12,15,8,1,0,0,0,0,9,8,1,0,15,3,7,4
51353533,0,,,19,11,8,0,0,0,19,11,8,5,4,1,19,11,8,19,11,8,14,7,7,8,4,4,3,2,1,2,1,1,0,0,0,8,8,2,3,2,0,1,0,0,6,5,1,0,8,0,2,2
51353534,1,,51353501;51353502,10,5,5,1,1,0,13,7,6,1,1,0,13,7,6,13,7,6,12,6,6,9,5,4,4,2,2,0,0,0,0,0,0,5,5,3,4,1,0,0,0,0,5,4,1,0,8,0,3,4
51353537,2,51353547,,2,2,0,*,*,*,*,*,*,*,*,*,*,*,*,*,*,*,*,*,*,*,*,*,*,*,*,*,*,*,*,*,*,2,2,*,*,*,*,*,*,*,*,*,*,*,*,*,*,*
51353539,0,,,32,16,16,1,1,0,31,15,16,15,6,9,31,15,16,31,15,16,16,9,7,8,4,4,4,3,1,0,0,0,0,0,0,13,13,1,7,4,0,1,0,0,12,11,1,0,10,0,1,5
51353544,0,,,40,13,27,2,1,1,38,12,26,18,6,12,38,12,26,38,12,26,20,6,14,15,3,12,5,1,4,0,0,0,0,0,0,20,20,8,7,3,1,1,0,0,12,9,3,0,17,0,8,2
51353546,2,51353547,,7,4,3,*,*,*,*,*,*,*,*,*,*,*,*,*,*,*,*,*,*,*,*,*,*,*,*,*,*,*,*,*,*,2,2,*,*,*,*,*,*,*,*,*,*,*,*,*,*,*
51353547,1,,51353537;51353546,46,23,23,2,0,2,51,28,23,29,16,13,50,28,22,47,27,20,22,12,10,7,3,4,4,1,3,1,0,1,1,0,1,18,18,8,5,5,1,1,1,1,14,11,3,1,16,0,4,4
51353548,0,,,115,60,55,6,2,4,95,51,44,60,32,28,94,51,43,91,49,42,35,19,16,16,9,7,7,4,3,0,0,0,0,0,0,48,48,14,15,10,5,3,1,0,30,26,4,1,25,0,8,6
51353549,0,,,38,19,19,0,0,0,35,18,17,16,10,6,35,18,17,35,18,17,19,8,11,10,3,7,6,2,4,0,0,0,0,0,0,19,19,6,9,3,0,1,0,0,12,11,1,0,14,0,6,3
51353551,2,51353531,,2,1,1,*,*,*,*,*,*,*,*,*,*,*,*,*,*,*,*,*,*,*,*,*,*,*,*,*,*,*,*,*,*,1,1,*,*,*,*,*,*,*,*,*,*,*,*,*,*,*
51353552,2,51353562,,4,3,1,*,*,*,*,*,*,*,*,*,*,*,*,*,*,*,*,*,*,*,*,*,*,*,*,*,*,*,*,*,*,3,3,*,*,*,*,*,*,*,*,*,*,*,*,*,*,*
51353553,0,,,10,5,5,0,0,0,10,5,5,4,3,1,10,5,5,10,5,5,6,2,4,2,0,2,2,0,2,0,0,0,0,0,0,4,4,1,1,1,1,0,0,0,3,1,2,0,4,0,1,1
51353554,1,,51353555,9,5,4,0,0,0,18,8,10,5,2,3,18,8,10,18,8,10,13,6,7,7,3,4,1,1,0,0,0,0,0,0,0,4,4,2,5,2,0,0,0,0,7,7,0,0,8,0,2,4
51353555,2,51353554,,9,3,6,*,*,*,*,*,*,*,*,*,*,*,*,*,*,*,*,*,*,*,*,*,*,*,*,*,*,*,*,*,*,5,5,*,*,*,*,*,*,*,*,*,*,*,*,*,*,*
51353556,0,,,64,30,34,4,2,2,58,27,31,26,13,13,56,26,30,55,26,29,32,14,18,19,8,11,7,4,3,1,0,1,2,0,2,19,19,1,7,4,1,3,3,0,17,9,8,2,18,0,1,4
51353557,1,,51353558,210,99,111,8,6,2,195,87,108,94,44,50,191,85,106,191,85,106,101,43,58,63,24,39,23,8,15,0,0,0,0,0,0,82,82,21,29,18,8,1,5,2,60,42,18,1,68,1,17,19
51353558,2,51353557,,4,2,2,*,*,*,*,*,*,*,*,*,*,*,*,*,*,*,*,*,*,*,*,*,*,*,*,*,*,*,*,*,*,2,2,*,*,*,*,*,*,*,*,*,*,*,*,*,*,*
51353560,2,51353570,,3,2,1,*,*,*,*,*,*,*,*,*,*,*,*,*,*,*,*,*,*,*,*,*,*,*,*,*,*,*,*,*,*,2,2,*,*,*,*,*,*,*,*,*,*,*,*,*,*,*
51353562,1,,51353552,15,7,8,0,0,0,19,10,9,5,3,2,19,10,9,19,10,9,14,7,7,8,3,5,3,1,2,0,0,0,0,0,0,7,7,6,2,0,1,1,0,0,4,3,1,0,10,0,6,2
51353563,0,,,20,11,9,1,1,0,19,10,9,10,5,5,18,9,9,16,9,7,9,5,4,0,0,0,0,0,0,0,0,0,0,0,0,6,6,0,2,2,1,0,1,0,6,5,1,1,5,0,0,2
51353565,0,,,11,5,6,0,0,0,10,4,6,5,2,3,9,4,5,9,4,5,5,2,3,2,1,1,2,1,1,0,0,0,0,0,0,6,6,3,2,0,1,0,0,0,3,2,1,0,4,0,2,1
51353566,0,,,33,18,15,1,1,0,30,16,14,15,9,6,29,15,14,29,15,14,15,7,8,7,3,4,3,1,2,0,0,0,0,0,0,12,12,2,3,6,0,0,0,1,9,5,4,0,9,0,1,0
51353567,0,,,35,18,17,1,0,1,34,18,16,14,8,6,33,17,16,33,17,16,20,10,10,4,1,3,1,0,1,0,0,0,0,0,0,14,14,2,7,3,0,2,0,0,12,10,2,0,13,0,2,4
51353568,0,,,110,47,63,5,2,3,95,41,54,58,24,34,93,41,52,92,40,52,37,17,20,22,10,12,9,5,4,1,1,0,0,0,0,37,37,9,8,8,5,3,2,2,27,17,10,2,26,0,5,6
51353569,0,,,37,20,17,0,0,0,28,15,13,17,10,7,28,15,13,27,14,13,11,5,6,7,3,4,1,1,0,0,0,0,0,0,0,12,12,4,0,2,3,3,0,0,6,2,4,0,8,0,3,0
51353570,1,,51353560,246,115,131,14,10,4,235,107,128,140,62,78,229,106,123,227,106,121,95,45,50,46,22,24,14,6,8,0,0,0,0,0,0,99,99,22,38,23,9,8,1,0,79,69,10,6,65,0,15,21
51353572,0,,,14,7,7,3,2,1,11,5,6,5,3,2,11,5,6,11,5,6,6,2,4,3,1,2,1,0,1,1,0,1,0,0,0,4,4,1,0,2,0,0,0,1,3,1,2,1,3,0,0,0
51353573,0,,,32,13,19,7,1,6,25,12,13,12,6,6,25,12,13,24,12,12,13,6,7,4,0,4,2,0,2,0,0,0,1,0,1,9,9,3,2,1,2,0,0,1,5,2,3,1,9,0,3,1
51353576,0,,,61,25,36,4,0,4,57,25,32,33,15,18,57,25,32,56,25,31,24,10,14,8,3,5,2,0,2,0,0,0,0,0,0,21,21,0,10,6,4,0,0,1,21,14,7,0,15,0,0,5
51353577,0,,,101,45,56,5,2,3,96,43,53,45,24,21,95,43,52,94,42,52,51,19,32,27,7,20,13,2,11,0,0,0,0,0,0,42,42,8,19,9,2,4,0,0,34,26,8,2,36,0,6,9
51353579,0,,,20,11,9,2,1,1,15,8,7,8,5,3,15,8,7,15,8,7,7,3,4,3,1,2,1,0,1,0,0,0,0,0,0,7,7,1,3,1,1,0,1,0,5,2,3,0,5,0,0,1
51353580,0,,,1647,793,854,170,95,75,1462,689,773,901,436,465,1432,673,759,1401,652,749,561,253,308,307,122,185,92,27,65,12,1,11,5,3,2,701,700,220,228,117,94,27,8,6,470,401,69,43,375,9,112,114
51353581,0,,,493,236,257,52,22,30,441,214,227,263,132,131,430,211,219,422,206,216,178,82,96,92,39,53,28,12,16,0,0,0,1,0,1,179,179,35,59,34,25,19,6,1,143,116,27,11,117,0,27,27
51353582,0,,,428,198,230,37,16,21,391,182,209,236,114,122,378,174,204,366,169,197,155,68,87,84,37,47,26,13,13,3,0,3,0,0,0,151,151,28,54,25,23,7,11,3,123,94,29,10,102,0,24,26
51353583,0,,,319,146,173,22,9,13,289,131,158,152,68,84,285,129,156,280,126,154,137,63,74,67,28,39,23,8,15,4,2,2,3,2,1,118,118,20,50,18,14,9,5,2,96,71,25,5,91,0,18,26
51353584,0,,,71,36,35,6,4,2,62,30,32,34,18,16,60,28,32,59,27,32,28,12,16,16,6,10,3,2,1,0,0,0,1,0,1,26,26,5,10,4,4,1,1,1,20,15,5,2,18,0,3,6
51353585,2,51353595,,5,2,3,*,*,*,*,*,*,*,*,*,*,*,*,*,*,*,*,*,*,*,*,*,*,*,*,*,*,*,*,*,*,4,4,*,*,*,*,*,*,*,*,*,*,*,*,*,*,*
51353586,0,,,91,42,49,11,2,9,79,39,40,39,20,19,77,37,40,75,35,40,40,19,21,20,8,12,7,3,4,1,0,1,1,0,1,32,32,6,8,10,4,2,1,1,26,18,8,4,26,0,5,5
51353588,0,,,69,35,34,7,3,4,46,23,23,25,12,13,44,23,21,44,23,21,21,11,10,6,2,4,1,0,1,1,0,1,0,0,0,19,19,2,6,2,3,1,3,2,13,7,6,3,13,0,2,4
51353589,0,,,163,74,89,5,1,4,135,63,72,60,29,31,133,62,71,130,60,70,75,34,41,43,17,26,17,5,12,3,0,3,0,0,0,56,56,14,12,15,5,2,6,2,37,18,19,1,44,0,11,9
51353590,0,,,1149,538,611,115,58,57,1019,469,550,591,305,286,978,449,529,950,436,514,428,164,264,252,78,174,113,30,83,22,3,19,8,0,8,440,436,159,113,74,54,24,7,5,273,226,47,21,220,20,78,49
51353591,0,,,1359,643,716,174,91,83,1175,546,629,794,387,407,1141,528,613,1110,510,600,381,159,222,203,81,122,67,20,47,6,1,5,8,5,3,549,549,155,171,104,63,43,9,4,386,326,60,43,261,11,75,73
51353592,0,,,608,288,320,43,21,22,564,266,298,263,124,139,557,261,296,554,260,294,301,142,159,171,76,95,55,22,33,6,2,4,1,0,1,252,251,66,91,56,25,11,2,0,182,150,32,9,189,0,53,61
51353593,0,,,235,99,136,20,7,13,197,82,115,100,44,56,191,79,112,185,76,109,97,38,59,52,19,33,23,9,14,2,0,2,1,1,0,86,86,24,25,13,8,9,5,2,56,40,16,3,62,0,18,16
51353594,0,,,395,195,200,27,17,10,348,169,179,192,100,92,339,165,174,326,157,169,156,69,87,81,29,52,23,6,17,3,0,3,0,0,0,137,137,24,43,28,20,13,7,2,108,79,29,8,99,0,20,29
51353595,1,,51353585,180,83,97,19,6,13,159,74,85,92,45,47,153,72,81,151,71,80,67,29,38,25,8,17,9,2,7,1,0,1,1,0,1,75,75,22,28,12,14,3,0,0,54,46,8,4,46,0,12,15
51353596,1,,51353597,209,109,100,8,4,4,202,105,97,115,62,53,201,104,97,200,104,96,87,43,44,45,21,24,19,9,10,2,2,0,0,0,0,81,81,12,36,21,11,2,1,1,69,56,13,2,57,0,7,17
51353597,2,51353596,,6,2,4,*,*,*,*,*,*,*,*,*,*,*,*,*,*,*,*,*,*,*,*,*,*,*,*,*,*,*,*,*,*,3,3,*,*,*,*,*,*,*,*,*,*,*,*,*,*,*
51353599,0,,,79,37,42,3,1,2,58,29,29,29,14,15,57,29,28,56,29,27,29,15,14,14,7,7,10,6,4,1,1,0,0,0,0,24,24,3,7,5,4,1,2,2,16,9,7,3,16,0,2,3
51353600,0,,,22,10,12,0,0,0,22,10,12,2,0,2,22,10,12,22,10,12,20,10,10,8,3,5,2,0,2,1,0,1,0,0,0,14,14,8,4,2,0,0,0,0,6,5,1,0,14,0,8,4
51353601,0,,,21,10,11,0,0,0,19,9,10,6,3,3,19,9,10,19,9,10,13,6,7,9,5,4,3,1,2,0,0,0,0,0,0,11,11,2,8,1,0,0,0,0,8,7,1,0,8,0,1,4
51353602,1,,51353603;51353612,13,7,6,3,1,2,19,8,11,4,2,2,19,8,11,19,8,11,15,6,9,9,3,6,4,2,2,0,0,0,0,0,0,5,5,6,5,0,0,0,0,1,6,5,1,0,11,0,5,3
51353603,2,51353602,,3,1,2,*,*,*,*,*,*,*,*,*,*,*,*,*,*,*,*,*,*,*,*,*,*,*,*,*,*,*,*,*,*,2,2,*,*,*,*,*,*,*,*,*,*,*,*,*,*,*
51353610,2,51353620,,6,3,3,*,*,*,*,*,*,*,*,*,*,*,*,*,*,*,*,*,*,*,*,*,*,*,*,*,*,*,*,*,*,4,4,*,*,*,*,*,*,*,*,*,*,*,*,*,*,*
51353611,1,,51353621,16,7,9,0,0,0,18,8,10,11,7,4,17,7,10,17,7,10,7,1,6,7,1,6,2,1,1,0,0,0,0,0,0,7,7,7,0,0,0,1,1,0,2,0,2,0,7,0,5,0
51353612,2,51353602,,7,2,5,*,*,*,*,*,*,*,*,*,*,*,*,*,*,*,*,*,*,*,*,*,*,*,*,*,*,*,*,*,*,5,5,*,*,*,*,*,*,*,*,*,*,*,*,*,*,*
51353613,1,,51353622;51353623;51353624;51353634,16,8,8,0,0,0,22,12,10,8,6,2,22,12,10,22,12,10,14,6,8,10,4,6,3,1,2,0,0,0,0,0,0,9,9,6,5,1,2,0,0,0,7,7,0,0,10,0,4,3
51353614,0,,,14,6,8,0,0,0,14,6,8,2,1,1,14,6,8,14,6,8,12,5,7,7,3,4,3,2,1,0,0,0,0,0,0,9,9,5,3,1,0,0,0,0,4,4,0,0,9,0,5,2
51353620,1,,51353610,5,1,4,0,0,0,11,4,7,7,2,5,11,4,7,11,4,7,4,2,2,3,2,1,0,0,0,0,0,0,4,0,4,4,4,5,3,0,0,0,0,0,3,3,0,0,2,2,0,2
51353621,2,51353611,,2,1,1,*,*,*,*,*,*,*,*,*,*,*,*,*,*,*,*,*,*,*,*,*,*,*,*,*,*,*,*,*,*,2,2,*,*,*,*,*,*,*,*,*,*,*,*,*,*,*
51353622,2,51353613,,7,5,2,*,*,*,*,*,*,*,*,*,*,*,*,*,*,*,*,*,*,*,*,*,*,*,*,*,*,*,*,*,*,2,2,*,*,*,*,*,*,*,*,*,*,*,*,*,*,*
51353623,2,51353613,,1,0,1,*,*,*,*,*,*,*,*,*,*,*,*,*,*,*,*,*,*,*,*,*,*,*,*,*,*,*,*,*,*,1,1,*,*,*,*,*,*,*,*,*,*,*,*,*,*,*
51353624,2,51353613,,1,1,0,*,*,*,*,*,*,*,*,*,*,*,*,*,*,*,*,*,*,*,*,*,*,*,*,*,*,*,*,*,*,1,1,*,*,*,*,*,*,*,*,*,*,*,*,*,*,*
51353630,2,51353640,,7,3,4,*,*,*,*,*,*,*,*,*,*,*,*,*,*,*,*,*,*,*,*,*,*,*,*,*,*,*,*,*,*,4,4,*,*,*,*,*,*,*,*,*,*,*,*,*,*,*
51353631,2,51353632,,10,7,3,*,*,*,*,*,*,*,*,*,*,*,*,*,*,*,*,*,*,*,*,*,*,*,*,*,*,*,*,*,*,6,6,*,*,*,*,*,*,*,*,*,*,*,*,*,*,*
51353632,1,,51353631;51353633;51353642,7,2,5,1,0,1,27,13,14,7,2,5,27,13,14,27,13,14,20,11,9,10,5,5,1,0,1,1,0,1,0,0,0,5,5,6,9,0,1,0,0,0,10,8,2,0,14,0,6,4
51353633,2,51353632,,9,3,6,*,*,*,*,*,*,*,*,*,*,*,*,*,*,*,*,*,*,*,*,*,*,*,*,*,*,*,*,*,*,4,4,*,*,*,*,*,*,*,*,*,*,*,*,*,*,*
51353634,2,51353613,,2,1,1,*,*,*,*,*,*,*,*,*,*,*,*,*,*,*,*,*,*,*,*,*,*,*,*,*,*,*,*,*,*,1,1,*,*,*,*,*,*,*,*,*,*,*,*,*,*,*
51353636,2,51353646,,10,3,7,*,*,*,*,*,*,*,*,*,*,*,*,*,*,*,*,*,*,*,*,*,*,*,*,*,*,*,*,*,*,3,3,*,*,*,*,*,*,*,*,*,*,*,*,*,*,*
51353640,1,,51353630,80,33,47,3,2,1,84,34,50,18,11,7,84,34,50,84,34,50,66,23,43,45,11,34,32,5,27,2,0,2,0,0,0,31,29,15,12,5,0,0,0,1,18,14,4,1,30,0,14,7
51353642,2,51353632,,2,1,1,*,*,*,*,*,*,*,*,*,*,*,*,*,*,*,*,*,*,*,*,*,*,*,*,*,*,*,*,*,*,1,1,*,*,*,*,*,*,*,*,*,*,*,*,*,*,*
51353646,1,,51353636,18,7,11,1,0,1,27,10,17,17,7,10,26,9,17,26,9,17,10,3,7,7,1,6,6,1,5,1,0,1,0,0,0,8,8,4,2,2,1,2,0,0,7,4,3,0,9,0,4,0
51353650,0,,,28,16,12,0,0,0,28,16,12,13,8,5,27,16,11,26,15,11,15,8,7,4,3,1,0,0,0,0,0,0,0,0,0,12,12,3,5,2,1,1,0,0,9,8,1,0,10,0,1,3
51353651,0,,,21,10,11,0,0,0,20,9,11,8,4,4,20,9,11,20,9,11,12,5,7,7,3,4,2,1,1,1,0,1,0,0,0,11,11,5,5,0,0,0,1,0,6,5,1,0,9,0,3,3
51353652,0,,,17,6,11,0,0,0,17,6,11,6,3,3,17,6,11,17,6,11,11,3,8,8,1,7,3,0,3,0,0,0,0,0,0,13,13,9,4,0,0,0,0,0,4,4,0,0,10,0,6,0
51353653,0,,,17,7,10,0,0,0,17,7,10,2,1,1,17,7,10,17,7,10,15,6,9,11,5,6,6,3,3,0,0,0,0,0,0,13,13,9,4,0,0,0,0,0,4,4,0,0,12,0,9,3
51353656,0,,,26,12,14,0,0,0,26,12,14,10,6,4,25,12,13,24,11,13,16,6,10,9,3,6,2,2,0,0,0,0,0,0,0,14,14,7,5,1,0,0,1,0,7,6,1,0,10,0,4,4
51353660,0,,,13,7,6,0,0,0,13,7,6,4,1,3,13,7,6,13,7,6,9,6,3,6,3,3,1,1,0,1,1,0,0,0,0,7,7,2,4,1,0,0,0,0,5,5,0,0,6,0,1,3
51353661,0,,,56,26,30,2,1,1,48,21,27,22,11,11,48,21,27,48,21,27,26,10,16,16,5,11,11,3,8,0,0,0,0,0,0,26,26,11,7,4,2,1,1,0,13,6,7,0,17,0,5,3
51353662,2,51353671,,5,2,3,*,*,*,*,*,*,*,*,*,*,*,*,*,*,*,*,*,*,*,*,*,*,*,*,*,*,*,*,*,*,3,3,*,*,*,*,*,*,*,*,*,*,*,*,*,*,*
51353663,0,,,11,4,7,0,0,0,11,4,7,2,1,1,11,4,7,11,4,7,9,3,6,7,2,5,2,0,2,0,0,0,0,0,0,10,10,9,1,0,0,0,0,0,1,1,0,0,8,0,7,1
51353664,1,,51353673,79,39,40,1,0,1,86,41,45,28,16,12,85,40,45,85,40,45,58,25,33,41,14,27,17,5,12,1,1,0,0,0,0,37,37,14,14,11,3,0,0,0,28,20,8,0,39,0,13,12
51353665,0,,,75,37,38,6,4,2,69,33,36,23,13,10,69,33,36,69,33,36,46,20,26,21,8,13,9,2,7,0,0,0,1,0,1,36,36,11,16,5,3,1,0,0,25,21,4,3,32,0,10,11
51353666,0,,,29,14,15,1,1,0,28,13,15,9,4,5,28,13,15,28,13,15,19,9,10,12,6,6,6,3,3,0,0,0,0,0,0,14,14,1,11,2,0,0,0,0,12,11,1,0,12,0,1,6
51353667,0,,,19,10,9,2,1,1,17,9,8,7,5,2,17,9,8,17,9,8,10,4,6,5,1,4,2,0,2,0,0,0,0,0,0,8,8,3,3,0,1,0,1,0,5,3,2,1,7,0,3,2
51353668,0,,,50,25,25,0,0,0,50,25,25,19,10,9,49,25,24,48,25,23,31,15,16,16,6,10,9,3,6,0,0,0,0,0,0,30,30,17,8,3,2,0,0,0,13,11,2,0,23,1,11,3
51353669,0,,,33,16,17,1,0,1,32,16,16,11,6,5,32,16,16,32,16,16,21,10,11,10,4,6,5,1,4,2,0,2,0,0,0,15,15,4,7,2,1,1,0,0,11,9,2,0,13,0,3,4
51353670,0,,,4,0,4,0,0,0,4,0,4,0,0,0,4,0,4,4,0,4,4,0,4,3,0,3,2,0,2,0,0,0,0,0,0,4,4,4,0,0,0,0,0,0,0,0,0,0,4,0,4,0
51353671,1,,51353662;51353672;51353682,29,15,14,0,0,0,40,19,21,20,11,9,40,19,21,39,18,21,20,8,12,10,2,8,3,0,3,1,0,1,0,0,0,12,12,7,7,4,0,0,0,1,12,9,3,0,14,0,4,2
51353672,2,51353671,,1,0,1,*,*,*,*,*,*,*,*,*,*,*,*,*,*,*,*,*,*,*,*,*,*,*,*,*,*,*,*,*,*,1,1,*,*,*,*,*,*,*,*,*,*,*,*,*,*,*
51353673,2,51353664,,8,2,6,*,*,*,*,*,*,*,*,*,*,*,*,*,*,*,*,*,*,*,*,*,*,*,*,*,*,*,*,*,*,5,5,*,*,*,*,*,*,*,*,*,*,*,*,*,*,*
51353674,1,,51353684,21,9,12,0,0,0,28,12,16,6,3,3,28,12,16,28,12,16,22,9,13,8,3,5,3,1,2,0,0,0,0,0,0,10,9,3,8,0,2,0,0,0,10,8,2,0,13,0,3,7
51353675,2,51353676,,11,3,8,*,*,*,*,*,*,*,*,*,*,*,*,*,*,*,*,*,*,*,*,*,*,*,*,*,*,*,*,*,*,6,6,*,*,*,*,*,*,*,*,*,*,*,*,*,*,*
51353676,1,,51353675,43,21,22,10,7,3,44,17,27,19,8,11,44,17,27,44,17,27,25,9,16,18,6,12,5,2,3,0,0,0,1,0,1,22,22,14,8,2,2,2,0,0,14,12,2,2,18,1,8,5
51353677,0,,,80,37,43,14,6,8,66,31,35,37,18,19,65,31,34,64,30,34,29,13,16,15,8,7,6,1,5,2,0,2,0,0,0,32,32,7,10,10,2,3,0,0,25,23,2,5,18,0,6,6
51353678,0,,,82,38,44,8,5,3,74,33,41,35,18,17,74,33,41,74,33,41,39,15,24,17,5,12,8,1,7,2,0,2,1,1,0,45,45,23,13,5,2,2,0,0,22,20,2,2,25,4,13,10
51353680,0,,,84,42,42,9,5,4,75,37,38,39,19,20,75,37,38,75,37,38,36,18,18,19,9,10,10,7,3,0,0,0,0,0,0,30,30,5,11,6,4,1,3,0,25,15,10,1,25,0,4,4
51353681,0,,,43,18,25,3,1,2,40,17,23,20,7,13,39,17,22,38,17,21,20,10,10,11,5,6,5,2,3,1,0,1,0,0,0,16,16,5,4,2,2,2,1,0,11,6,5,2,12,0,3,4
51353682,2,51353671,,5,2,3,*,*,*,*,*,*,*,*,*,*,*,*,*,*,*,*,*,*,*,*,*,*,*,*,*,*,*,*,*,*,3,3,*,*,*,*,*,*,*,*,*,*,*,*,*,*,*
51353684,2,51353674,,7,3,4,*,*,*,*,*,*,*,*,*,*,*,*,*,*,*,*,*,*,*,*,*,*,*,*,*,*,*,*,*,*,4,4,*,*,*,*,*,*,*,*,*,*,*,*,*,*,*
51353685,2,51353695,,1,0,1,*,*,*,*,*,*,*,*,*,*,*,*,*,*,*,*,*,*,*,*,*,*,*,*,*,*,*,*,*,*,1,1,*,*,*,*,*,*,*,*,*,*,*,*,*,*,*
51353686,0,,,34,13,21,3,2,1,31,11,20,12,4,8,31,11,20,31,11,20,19,7,12,10,2,8,5,0,5,0,0,0,0,0,0,12,12,2,4,4,0,0,2,0,10,6,4,1,12,0,2,2
51353687,0,,,13,7,6,1,0,1,12,7,5,4,3,1,12,7,5,12,7,5,8,4,4,2,1,1,1,0,1,1,0,1,3,3,0,7,7,4,1,1,1,0,0,0,3,1,2,0,4,2,1,1
51353688,0,,,23,12,11,0,0,0,23,12,11,8,4,4,23,12,11,23,12,11,15,8,7,10,6,4,2,1,1,0,0,0,0,0,0,15,15,8,6,1,0,0,0,0,7,7,0,0,11,1,5,6
51353689,2,51353698,,3,1,2,*,*,*,*,*,*,*,*,*,*,*,*,*,*,*,*,*,*,*,*,*,*,*,*,*,*,*,*,*,*,2,2,*,*,*,*,*,*,*,*,*,*,*,*,*,*,*
51353690,1,,51353691,101,50,51,7,4,3,80,39,41,40,20,20,79,39,40,79,39,40,40,19,21,18,9,9,3,1,2,0,0,0,0,0,0,31,31,4,13,6,3,2,3,3,26,19,7,1,24,0,3,7
51353691,2,51353690,,9,4,5,*,*,*,*,*,*,*,*,*,*,*,*,*,*,*,*,*,*,*,*,*,*,*,*,*,*,*,*,*,*,3,3,*,*,*,*,*,*,*,*,*,*,*,*,*,*,*
51353692,1,,51353693,47,24,23,2,0,2,48,25,23,27,16,11,47,25,22,47,25,22,21,9,12,13,3,10,8,3,5,0,0,0,1,0,1,21,21,7,10,2,3,1,0,0,16,13,3,0,17,0,5,4
51353693,2,51353692,,3,1,2,*,*,*,*,*,*,*,*,*,*,*,*,*,*,*,*,*,*,*,*,*,*,*,*,*,*,*,*,*,*,2,2,*,*,*,*,*,*,*,*,*,*,*,*,*,*,*
51353694,0,,,14,6,8,0,0,0,14,6,8,5,2,3,14,6,8,14,6,8,9,4,5,8,4,4,2,1,1,0,0,0,0,0,0,5,5,1,1,2,0,1,0,0,4,3,1,0,5,0,1,1
51353695,1,,51353685,49,26,23,4,4,0,46,22,24,20,12,8,46,22,24,46,22,24,26,10,16,15,4,11,8,2,6,0,0,0,0,0,0,18,18,3,8,3,3,2,0,0,16,12,4,1,16,0,3,4
51353696,0,,,16,6,10,0,0,0,16,6,10,7,4,3,16,6,10,16,6,10,9,2,7,4,0,4,2,0,2,1,0,1,0,0,0,9,9,4,4,0,1,0,0,0,5,5,0,0,8,0,4,1
51353698,1,,51353689,26,13,13,1,1,0,28,13,15,8,6,2,28,13,15,28,13,15,20,7,13,15,5,10,8,2,6,1,1,0,0,0,0,10,10,2,7,2,0,0,0,1,10,8,2,1,11,0,2,4
51353699,0,,,8,4,4,0,0,0,8,4,4,4,3,1,8,4,4,8,4,4,4,1,3,3,1,2,1,0,1,0,0,0,0,0,0,4,4,1,2,1,0,0,0,0,3,2,1,0,3,0,0,1
51353710,0,,,77,40,37,3,3,0,74,37,37,31,21,10,74,37,37,74,37,37,43,16,27,33,11,22,15,6,9,1,0,1,0,0,0,43,43,20,14,7,2,0,0,0,23,20,3,1,32,1,15,8
51353720,0,,,382,185,197,35,23,12,347,162,185,168,86,82,345,161,184,345,161,184,179,76,103,83,27,56,38,13,25,3,1,2,1,1,0,168,168,51,69,25,16,3,0,4,116,90,26,8,122,0,37,29
51353729,2,51353749,,6,3,3,*,*,*,*,*,*,*,*,*,*,*,*,*,*,*,*,*,*,*,*,*,*,*,*,*,*,*,*,*,*,5,5,*,*,*,*,*,*,*,*,*,*,*,*,*,*,*
51353749,1,,51353729,34,17,17,0,0,0,40,20,20,10,6,4,39,20,19,39,20,19,30,14,16,22,10,12,10,5,5,1,1,0,1,1,0,19,19,11,11,1,1,0,0,0,13,12,1,0,21,1,8,9
51353758,2,51353768,,5,3,2,*,*,*,*,*,*,*,*,*,*,*,*,*,*,*,*,*,*,*,*,*,*,*,*,*,*,*,*,*,*,2,2,*,*,*,*,*,*,*,*,*,*,*,*,*,*,*
51353759,0,,,9,5,4,0,0,0,9,5,4,3,2,1,9,5,4,9,5,4,6,3,3,6,3,3,1,0,1,0,0,0,0,0,0,5,5,2,2,1,0,0,0,0,3,3,0,0,4,0,2,1
51353760,1,,51353761,63,33,30,0,0,0,64,34,30,20,11,9,64,34,30,64,34,30,44,23,21,25,14,11,8,4,4,0,0,0,0,0,0,33,33,15,14,1,2,2,0,0,18,14,4,0,29,1,11,9
51353761,2,51353760,,1,1,0,*,*,*,*,*,*,*,*,*,*,*,*,*,*,*,*,*,*,*,*,*,*,*,*,*,*,*,*,*,*,1,1,*,*,*,*,*,*,*,*,*,*,*,*,*,*,*
51353768,1,,51353758,11,5,6,0,0,0,16,8,8,3,2,1,16,8,8,16,8,8,13,6,7,13,6,7,7,5,2,0,0,0,0,0,0,6,6,2,4,2,0,0,0,0,6,6,0,0,7,1,1,4
51353769,0,,,52,25,27,12,7,5,40,18,22,19,11,8,40,18,22,40,18,22,21,7,14,14,4,10,6,0,6,1,0,1,0,0,0,24,24,13,4,3,2,0,1,1,11,9,2,3,16,0,9,3
51353778,2,51353789,,3,2,1,*,*,*,*,*,*,*,*,*,*,*,*,*,*,*,*,*,*,*,*,*,*,*,*,*,*,*,*,*,*,2,2,*,*,*,*,*,*,*,*,*,*,*,*,*,*,*
51353779,2,51353789,,4,2,2,*,*,*,*,*,*,*,*,*,*,*,*,*,*,*,*,*,*,*,*,*,*,*,*,*,*,*,*,*,*,2,2,*,*,*,*,*,*,*,*,*,*,*,*,*,*,*
51353785,0,,,37,15,22,2,1,1,35,14,21,16,8,8,35,14,21,35,14,21,19,6,13,12,2,10,7,1,6,0,0,0,1,0,1,20,20,9,6,4,1,0,0,0,11,9,2,0,14,0,7,2
51353786,0,,,24,11,13,2,1,1,22,10,12,4,2,2,22,10,12,22,10,12,18,8,10,15,6,9,7,3,4,0,0,0,0,0,0,17,17,12,4,0,1,0,0,0,5,5,0,0,14,1,10,4
51353787,2,51353789,,5,2,3,*,*,*,*,*,*,*,*,*,*,*,*,*,*,*,*,*,*,*,*,*,*,*,*,*,*,*,*,*,*,4,4,*,*,*,*,*,*,*,*,*,*,*,*,*,*,*
51353788,2,51353789,,5,2,3,*,*,*,*,*,*,*,*,*,*,*,*,*,*,*,*,*,*,*,*,*,*,*,*,*,*,*,*,*,*,3,3,*,*,*,*,*,*,*,*,*,*,*,*,*,*,*
51353789,1,,51353778;51353779;51353787;51353788,36,19,17,5,1,4,48,26,22,17,10,7,48,26,22,48,26,22,31,16,15,17,9,8,6,3,3,0,0,0,0,0,0,18,18,13,13,2,0,0,0,1,16,15,1,2,20,0,8,10
51353790,0,,,15,8,7,0,0,0,15,8,7,5,3,2,15,8,7,15,8,7,10,5,5,5,2,3,3,1,2,0,0,0,0,0,0,7,7,2,3,1,1,0,0,0,5,4,1,0,6,0,1,2
51353796,0,,,29,14,15,4,2,2,25,12,13,8,6,2,25,12,13,25,12,13,17,6,11,14,4,10,4,2,2,0,0,0,0,0,0,16,16,8,5,1,2,0,0,0,8,6,2,1,12,0,7,3
51353797,0,,,27,10,17,0,0,0,27,10,17,15,5,10,27,10,17,26,10,16,12,5,7,8,3,5,1,0,1,0,0,0,0,0,0,17,17,9,7,0,1,0,0,0,8,8,0,0,9,1,5,3
51354103,0,,,453,215,238,29,15,14,418,198,220,239,118,121,409,196,213,400,188,212,179,80,99,100,43,57,21,11,10,0,0,0,1,0,1,207,207,65,81,33,18,6,3,1,140,126,14,6,124,0,35,41
51354104,0,,,390,192,198,35,18,17,332,165,167,193,95,98,327,161,166,322,159,163,139,70,69,68,30,38,18,8,10,1,0,1,3,1,2,198,198,94,51,27,20,4,1,1,103,91,12,12,99,2,42,27
51354105,0,,,1353,648,705,154,80,74,1199,568,631,689,325,364,1170,554,616,1151,546,605,510,243,267,253,117,136,62,30,32,6,2,4,15,7,8,559,559,122,234,97,69,28,7,2,433,398,35,35,331,3,76,135
51354106,0,,,2326,1078,1248,185,100,85,2141,978,1163,1190,583,607,2081,947,1134,2032,928,1104,951,395,556,504,205,299,141,41,100,10,1,9,10,3,7,956,954,245,369,174,111,42,12,1,703,642,61,52,572,12,157,214
51354107,0,,,1316,674,642,142,72,70,1174,602,572,721,393,328,1084,527,557,1064,514,550,453,209,244,241,119,122,51,20,31,8,2,6,19,12,7,558,556,162,207,107,59,14,7,0,387,356,31,47,285,17,78,125
51354108,0,,,2462,1188,1274,170,97,73,2292,1091,1201,1228,584,644,2244,1061,1183,2208,1044,1164,1064,507,557,463,224,239,68,29,39,2,0,2,12,9,3,1062,1061,223,480,213,109,21,11,4,835,793,42,46,682,0,155,305
51354109,0,,,819,411,408,95,56,39,724,355,369,504,246,258,704,347,357,681,333,348,220,109,111,55,26,29,15,2,13,0,0,0,2,1,1,304,304,38,129,60,48,24,4,1,263,243,20,24,141,0,22,57
51354116,0,,,373,181,192,34,24,10,339,157,182,204,96,108,333,154,179,324,149,175,135,61,74,71,27,44,23,6,17,2,0,2,1,0,1,160,160,51,55,26,15,9,3,1,108,87,21,8,97,2,31,23
51354117,0,,,740,353,387,55,30,25,683,322,361,353,185,168,673,319,354,667,314,353,330,137,193,207,79,128,83,28,55,5,1,4,4,2,2,329,327,115,116,66,19,9,1,1,209,191,18,18,181,16,54,54
51354118,0,,,4248,2032,2216,354,185,169,3881,1840,2041,2115,1021,1094,3782,1794,1988,3702,1754,1948,1766,819,947,914,418,496,207,84,123,22,6,16,31,19,12,1837,1834,494,727,316,204,63,23,7,1328,1217,111,82,1139,27,302,439
51354119,0,,,3023,1405,1618,280,142,138,2739,1261,1478,1544,722,822,2658,1222,1436,2593,1191,1402,1195,539,656,541,231,310,153,40,113,15,1,14,18,8,10,1307,1306,385,466,234,168,44,6,3,914,852,62,63,780,9,264,270
51354128,0,,,2162,996,1166,198,90,108,1926,889,1037,1203,583,620,1851,855,996,1801,830,971,723,306,417,412,157,255,145,46,99,12,6,6,6,2,4,844,838,217,295,137,119,47,16,7,616,554,62,38,457,4,147,146
51354129,0,,,5562,2598,2964,746,362,384,4811,2234,2577,3233,1545,1688,4633,2143,2490,4507,2079,2428,1578,689,889,775,320,455,171,63,108,7,1,6,40,18,22,2268,2266,591,742,457,324,112,29,11,1654,1525,129,200,1073,39,325,350
51354138,0,,,734,325,409,67,34,33,659,289,370,424,200,224,634,272,362,615,263,352,235,89,146,132,48,84,33,6,27,4,0,4,1,0,1,306,306,94,96,53,38,17,6,2,209,176,33,13,165,1,56,40
51354139,0,,,5663,2558,3105,547,276,271,5097,2276,2821,3180,1537,1643,4954,2202,2752,4860,2166,2694,1917,739,1178,1088,357,731,387,91,296,44,4,40,40,16,24,2373,2363,758,763,419,294,104,21,4,1591,1443,148,147,1159,81,367,351
51354149,0,,,3242,1557,1685,331,170,161,2909,1386,1523,1790,875,915,2834,1344,1490,2787,1321,1466,1119,511,608,540,239,301,111,49,62,6,2,4,61,39,22,1440,1439,467,507,240,149,59,9,8,963,890,73,79,784,21,276,234
51354159,0,,,138,61,77,4,2,2,134,59,75,83,35,48,132,59,73,129,58,71,51,24,27,19,6,13,6,1,5,0,0,0,4,1,3,57,57,11,27,10,4,3,2,0,45,40,5,0,33,1,5,15
51354200,0,,,2633,1258,1375,235,116,119,2394,1138,1256,1344,643,701,2341,1112,1229,2289,1093,1196,1050,495,555,429,211,218,92,28,64,0,0,0,12,7,5,1051,1049,206,437,200,141,44,17,4,839,766,73,45,638,11,129,274
51354201,0,,,1395,659,736,131,70,61,1264,589,675,745,357,388,1221,565,656,1192,546,646,519,232,287,211,88,123,47,16,31,1,1,0,3,1,2,549,549,95,223,119,77,24,8,3,447,411,36,31,334,1,74,136
51354203,0,,,223,94,129,7,6,1,216,88,128,92,52,40,211,85,126,208,83,125,124,36,88,95,25,70,49,9,40,9,0,9,1,0,1,71,70,20,23,16,7,3,0,1,50,44,6,1,45,0,15,13
51354210,0,,,3452,1628,1824,435,208,227,3016,1420,1596,2075,997,1078,2910,1377,1533,2836,1345,1491,941,423,518,462,203,259,91,34,57,3,0,3,18,10,8,1329,1329,290,435,271,233,66,25,9,1029,943,86,89,631,12,137,206
51354211,0,,,1741,836,905,255,123,132,1480,711,769,1032,511,521,1421,685,736,1382,659,723,448,200,248,219,90,129,71,24,47,7,2,5,12,5,7,651,646,155,201,116,124,36,8,6,487,445,42,66,275,12,75,98
51354212,0,,,227,73,154,4,1,3,223,72,151,54,28,26,221,71,150,218,68,150,169,44,125,150,33,117,92,14,78,15,0,15,1,1,0,39,36,6,15,7,5,1,2,0,28,23,5,0,22,1,2,8
51354213,0,,,137,65,72,12,5,7,125,60,65,69,33,36,121,58,63,120,57,63,56,27,29,21,11,10,3,1,2,0,0,0,0,0,0,54,54,12,19,13,7,0,1,2,42,40,2,4,33,0,6,17
51354219,0,,,149,91,58,0,0,0,149,91,58,110,75,35,149,91,58,149,91,58,39,16,23,17,5,12,1,0,1,0,0,0,0,0,0,8,6,0,3,1,1,1,0,0,6,5,1,0,5,0,0,2
51354220,0,,,1791,853,938,252,126,126,1538,727,811,1062,520,542,1500,708,792,1457,689,768,476,207,269,248,109,139,57,21,36,3,1,2,12,6,6,727,725,184,234,165,98,37,4,3,532,495,37,53,309,4,102,104
51354221,0,,,1238,593,645,159,77,82,1078,516,562,663,326,337,1047,503,544,1024,493,531,415,190,225,242,107,135,76,30,46,4,1,3,3,1,2,412,409,87,141,71,65,17,12,16,318,268,50,36,250,7,58,83
51354222,0,,,1951,1010,941,389,203,186,1554,805,749,1203,664,539,1476,775,701,1370,692,678,351,141,210,169,62,107,29,13,16,1,0,1,4,2,2,542,521,109,139,91,65,31,23,63,410,321,89,74,243,7,49,57
51354223,0,,,1592,747,845,316,161,155,1273,586,687,802,362,440,1202,561,641,1152,545,607,471,224,247,203,100,103,33,15,18,3,2,1,1,0,1,424,423,58,136,69,44,20,21,75,364,269,95,64,303,0,45,93
51354224,0,,,77,35,42,5,2,3,72,33,39,41,19,22,69,31,38,67,31,36,31,14,17,20,8,12,2,1,1,0,0,0,0,0,0,34,34,10,12,7,4,0,1,0,24,22,2,1,20,0,7,7
51354227,2,51354248,,2,1,1,*,*,*,*,*,*,*,*,*,*,*,*,*,*,*,*,*,*,*,*,*,*,*,*,*,*,*,*,*,*,1,1,*,*,*,*,*,*,*,*,*,*,*,*,*,*,*
51354229,0,,,291,142,149,11,3,8,280,139,141,152,79,73,276,137,139,272,136,136,128,60,68,68,27,41,28,10,18,2,0,2,0,0,0,123,123,35,46,19,12,7,4,0,87,73,14,3,89,1,24,25
51354230,0,,,2153,1045,1108,231,127,104,1902,911,991,1301,640,661,1836,876,960,1786,853,933,601,271,330,289,120,169,58,25,33,3,1,2,8,5,3,866,866,224,269,195,115,41,15,7,631,558,73,73,404,33,87,108
51354231,0,,,3758,1822,1936,462,237,225,3230,1550,1680,2178,1071,1107,3124,1497,1627,3037,1459,1578,1052,479,573,583,247,336,163,50,113,10,1,9,35,19,16,1395,1389,343,412,285,234,77,26,12,1031,925,106,124,614,22,150,180
51354232,0,,,5582,2651,2931,898,445,453,4632,2186,2446,3354,1630,1724,4400,2073,2327,4265,2004,2261,1278,556,722,582,233,349,143,46,97,2,0,2,56,37,19,2155,2153,591,644,394,319,108,41,56,1543,1405,138,234,896,61,272,274
51354233,0,,,4420,2124,2296,722,357,365,3677,1760,1917,2399,1183,1216,3516,1685,1831,3422,1633,1789,1278,577,701,700,326,374,167,67,100,7,1,6,32,22,10,1582,1580,333,531,272,248,98,48,50,1242,1106,136,171,819,27,185,306
51354234,0,,,2841,1357,1484,237,135,102,2601,1222,1379,1630,785,845,2471,1162,1309,2382,1125,1257,971,437,534,539,245,294,123,43,80,9,1,8,17,7,10,1008,1005,182,332,207,194,65,17,8,822,739,83,51,564,0,123,196
51354235,0,,,205,88,117,0,0,0,205,88,117,79,46,33,205,88,117,205,88,117,126,42,84,75,17,58,20,4,16,1,0,1,2,1,1,10,9,2,4,3,0,0,0,0,7,7,0,0,5,0,0,3
51354237,2,51354248,,3,0,3,*,*,*,*,*,*,*,*,*,*,*,*,*,*,*,*,*,*,*,*,*,*,*,*,*,*,*,*,*,*,1,1,*,*,*,*,*,*,*,*,*,*,*,*,*,*,*
51354238,2,51354248,,4,1,3,*,*,*,*,*,*,*,*,*,*,*,*,*,*,*,*,*,*,*,*,*,*,*,*,*,*,*,*,*,*,1,1,*,*,*,*,*,*,*,*,*,*,*,*,*,*,*
51354239,0,,,120,65,55,0,0,0,120,65,55,73,43,30,119,65,54,118,64,54,47,22,25,18,6,12,7,2,5,1,0,1,1,0,1,17,16,6,2,4,3,1,0,0,10,8,2,0,13,0,5,2
51354240,1,,51354250,5110,2473,2637,512,264,248,4523,2176,2347,3015,1510,1505,4399,2119,2280,4291,2060,2231,1508,666,842,719,295,424,204,66,138,15,3,12,81,47,34,2136,2132,622,677,403,311,99,18,5,1482,1352,130,134,1005,38,291,290
51354241,0,,,5440,2567,2873,633,335,298,4731,2199,2532,3260,1602,1658,4575,2113,2462,4458,2052,2406,1471,597,874,772,283,489,239,71,168,18,2,16,113,49,64,2319,2316,764,717,389,297,108,30,11,1536,1418,118,172,1010,54,366,244
51354242,0,,,4530,2189,2341,571,305,266,3915,1864,2051,2736,1347,1389,3755,1786,1969,3651,1735,1916,1179,517,662,627,257,370,217,68,149,17,2,15,45,17,28,1783,1778,521,514,347,256,89,32,19,1236,1105,131,146,747,36,227,187
51354243,0,,,6026,2911,3115,759,395,364,5145,2464,2681,3398,1679,1719,4948,2368,2580,4805,2301,2504,1747,785,962,807,355,452,150,50,100,10,2,8,52,27,25,2558,2556,896,812,384,248,104,48,64,1628,1478,150,202,1214,46,405,373
51354244,0,,,2674,1224,1450,202,100,102,2443,1111,1332,1182,580,602,2380,1083,1297,2335,1061,1274,1261,531,730,695,295,400,199,62,137,17,3,14,12,3,9,1065,1060,260,447,184,116,42,8,3,791,736,55,56,652,15,152,288
51354245,0,,,619,294,325,74,37,37,544,256,288,347,162,185,531,249,282,520,244,276,197,94,103,94,40,54,25,8,17,1,0,1,4,3,1,225,225,33,76,52,47,14,1,2,192,157,35,19,121,1,16,44
51354246,0,,,1090,546,544,146,78,68,936,462,474,682,344,338,895,441,454,862,424,438,254,118,136,129,52,77,34,10,24,4,0,4,11,9,2,415,415,109,111,70,88,28,6,3,305,262,43,32,174,17,33,56
51354247,0,,,766,305,461,80,44,36,676,254,422,333,154,179,667,247,420,655,243,412,343,100,243,247,51,196,137,18,119,24,1,23,11,7,4,219,216,52,49,60,33,13,3,6,164,136,28,23,104,8,18,26
51354248,1,,51354227;51354237;51354238,558,278,280,96,57,39,470,222,248,318,153,165,452,213,239,444,209,235,152,69,83,79,33,46,11,5,6,1,1,0,1,1,0,194,193,33,55,41,44,16,5,2,161,141,20,27,103,0,20,27
51354250,2,51354240,,9,5,4,*,*,*,*,*,*,*,*,*,*,*,*,*,*,*,*,*,*,*,*,*,*,*,*,*,*,*,*,*,*,3,3,*,*,*,*,*,*,*,*,*,*,*,*,*,*,*
51354251,0,,,1840,859,981,198,93,105,1633,762,871,979,496,483,1591,738,853,1552,718,834,654,266,388,390,124,266,162,38,124,26,1,25,28,16,12,700,697,268,196,101,90,28,11,3,425,387,38,50,353,12,159,73
51354252,0,,,2284,1107,1177,402,204,198,1872,900,972,1323,664,659,1806,865,941,1775,853,922,549,236,313,279,110,169,87,26,61,7,1,6,21,15,6,843,843,170,255,169,177,56,8,8,666,598,68,115,362,24,82,106
51354253,0,,,1667,801,866,149,79,70,1494,713,781,906,444,462,1456,695,761,1430,682,748,588,269,319,264,117,147,64,24,40,7,2,5,8,4,4,689,688,194,223,140,85,29,15,2,486,426,60,38,377,8,100,112
51354254,0,,,1969,934,1035,215,125,90,1744,805,939,1100,524,576,1697,779,918,1648,749,899,644,281,363,301,125,176,90,29,61,8,0,8,6,2,4,753,751,153,280,148,113,38,14,5,598,538,60,53,397,4,85,143
51354255,0,,,1167,585,582,171,73,98,976,499,477,746,389,357,915,465,450,878,444,434,230,110,120,93,46,47,25,9,16,2,0,2,3,1,2,476,475,156,114,88,88,19,8,2,313,286,27,39,152,23,41,46
51354256,0,,,4048,1990,2058,683,333,350,3345,1643,1702,2598,1315,1283,3179,1555,1624,3058,1499,1559,747,328,419,368,144,224,102,33,69,8,1,7,14,7,7,1420,1417,251,369,329,331,111,19,7,1159,1031,128,161,492,15,108,132
51354257,0,,,989,472,517,117,61,56,863,404,459,592,283,309,833,393,440,807,376,431,271,121,150,133,50,83,37,8,29,2,1,1,2,0,2,354,353,71,109,70,70,24,7,2,282,248,34,29,166,4,37,46
51354258,0,,,1364,687,677,187,110,77,1139,559,580,927,466,461,1051,514,537,992,481,511,212,93,119,89,40,49,13,5,8,0,0,0,7,1,6,475,474,106,115,94,111,36,10,2,365,344,21,27,134,11,25,47
51354259,0,,,1115,553,562,280,145,135,825,403,422,702,344,358,756,371,385,715,351,364,123,59,64,37,19,18,3,2,1,0,0,0,5,2,3,329,329,29,70,62,106,42,16,4,296,270,26,38,80,0,12,26
51354261,0,,,304,145,159,26,14,12,276,130,146,163,79,84,271,128,143,264,126,138,113,51,62,54,21,33,17,7,10,0,0,0,2,0,2,137,137,50,43,18,19,4,3,0,86,76,10,3,78,7,26,24
51354262,0,,,3780,1764,2016,370,180,190,3383,1576,1807,2204,1074,1130,3236,1501,1735,3139,1458,1681,1179,502,677,669,271,398,193,60,133,22,3,19,49,17,32,1517,1516,427,447,302,240,75,19,6,1080,944,136,87,747,47,193,199
51354263,0,,,1817,878,939,266,140,126,1522,726,796,1088,537,551,1474,698,776,1429,681,748,434,189,245,205,80,125,62,20,42,7,1,6,27,17,10,819,817,338,203,120,105,37,9,5,473,431,42,72,295,55,101,83
51354264,0,,,1808,859,949,223,115,108,1571,735,836,1050,520,530,1517,698,819,1474,675,799,521,215,306,259,97,162,84,23,61,8,3,5,12,7,5,662,659,158,193,131,110,39,17,11,498,409,89,66,310,17,54,85
51354265,0,,,3698,1747,1951,411,207,204,3251,1512,1739,2186,1044,1142,3134,1455,1679,3061,1416,1645,1065,468,597,498,197,301,122,40,82,4,0,4,43,22,21,1546,1545,445,502,291,207,69,23,8,1089,959,130,107,732,48,201,211
51354266,0,,,5700,2757,2943,780,411,369,4758,2257,2501,3887,1892,1995,4577,2169,2408,4387,2064,2323,871,365,506,400,158,242,99,32,67,5,1,4,77,42,35,2664,2661,1165,575,465,347,92,15,2,1478,1395,83,248,577,351,159,178
51354267,0,,,779,389,390,99,56,43,670,327,343,502,248,254,629,311,318,605,300,305,168,79,89,62,24,38,19,4,15,0,0,0,8,4,4,289,286,58,90,63,47,25,2,1,223,206,17,17,110,8,24,35
51354268,0,,,3769,1851,1918,405,215,190,3277,1582,1695,2026,1001,1025,3168,1520,1648,3038,1443,1595,1251,581,670,540,262,278,95,36,59,3,0,3,15,6,9,1658,1656,514,590,277,188,63,18,6,1132,1032,100,111,823,66,188,317
51354269,0,,,2144,1071,1073,482,256,226,1647,805,842,1360,678,682,1517,741,776,1457,711,746,287,127,160,110,52,58,16,9,7,0,0,0,10,4,6,684,684,74,170,154,181,88,15,2,605,558,47,124,191,5,28,68
51354272,0,,,2484,1303,1181,407,216,191,2071,1086,985,1689,913,776,1942,1022,920,1785,924,861,382,173,209,200,88,112,40,16,24,2,1,1,25,5,20,1067,1067,444,186,170,192,61,13,1,622,584,38,97,256,231,62,78
51354273,0,,,6926,3228,3698,691,361,330,6181,2835,3346,3995,1930,2065,5987,2743,3244,5850,2673,3177,2186,905,1281,1169,445,724,316,86,230,22,4,18,116,69,47,3120,3116,1150,948,483,388,118,27,2,1949,1785,164,164,1461,196,510,411
51354274,0,,,5497,2665,2832,575,294,281,4849,2330,2519,3190,1649,1541,4702,2242,2460,4578,2171,2407,1659,681,978,869,323,546,220,64,156,11,2,9,130,64,66,2580,2577,1065,727,397,261,84,32,11,1500,1388,112,163,1157,135,447,309
51354275,0,,,4958,2435,2523,662,351,311,4253,2055,2198,3191,1587,1604,4095,1973,2122,3960,1904,2056,1062,468,594,544,221,323,134,43,91,17,4,13,96,43,53,1999,1997,578,573,404,306,100,27,9,1402,1297,105,189,666,132,138,209
51354276,0,,,4051,1949,2102,490,256,234,3492,1655,1837,2444,1183,1261,3381,1595,1786,3291,1554,1737,1048,472,576,527,215,312,159,50,109,13,4,9,43,18,25,1702,1698,526,497,338,248,76,10,3,1155,1053,102,123,635,117,138,231
51354277,0,,,5707,2871,2836,743,394,349,4870,2410,2460,3369,1750,1619,4714,2332,2382,4501,2194,2307,1501,660,841,671,273,398,213,53,160,30,3,27,56,39,17,2321,2315,734,635,443,359,121,18,5,1573,1466,107,223,856,235,177,327
51354278,0,,,5688,2714,2974,842,424,418,4773,2252,2521,2934,1410,1524,4610,2156,2454,4512,2106,2406,1839,842,997,865,407,458,171,59,112,5,1,4,23,11,12,2271,2269,544,754,452,360,131,24,4,1712,1584,128,234,1205,30,314,453
51354279,0,,,4272,2099,2173,505,252,253,3706,1812,1894,2539,1292,1247,3582,1750,1832,3440,1664,1776,1167,520,647,545,228,317,165,54,111,16,3,13,17,11,6,1741,1737,513,517,329,248,98,26,6,1205,1075,130,138,740,136,167,249
51354283,1,,51355119,2864,1416,1448,347,180,167,2462,1206,1256,1803,957,846,2389,1163,1226,2339,1134,1205,659,249,410,393,132,261,153,40,113,19,0,19,59,24,35,1372,1367,689,298,175,148,40,13,5,667,614,53,108,359,201,114,99
51354284,0,,,6663,3254,3409,818,431,387,5669,2714,2955,4438,2188,2250,5449,2588,2861,5255,2485,2770,1231,526,705,592,223,369,140,44,96,6,0,6,181,70,111,3096,3094,1426,622,450,428,133,28,7,1646,1529,117,204,838,454,258,244
51354285,0,,,7791,3670,4121,934,459,475,6723,3129,3594,5055,2432,2623,6501,3024,3477,6302,2927,3375,1668,697,971,845,331,514,240,81,159,16,3,13,194,72,122,3598,3595,1617,814,557,423,133,39,12,1949,1777,172,268,1065,469,335,292
51354286,0,,,2622,1216,1406,358,191,167,2246,1013,1233,1361,682,679,2178,981,1197,2129,950,1179,885,331,554,570,186,384,250,60,190,29,5,24,35,15,20,967,960,304,270,165,151,56,12,2,653,591,62,96,416,42,118,139
51354287,0,,,5011,2374,2637,546,278,268,4139,1928,2211,2915,1395,1520,4021,1866,2155,3846,1790,2056,1224,533,691,684,295,389,226,84,142,19,6,13,34,18,16,2235,2228,931,545,362,282,80,21,7,1280,1167,113,180,741,237,198,246
51354288,0,,,6094,2902,3192,700,363,337,5339,2502,2837,3350,1656,1694,5145,2395,2750,4990,2308,2682,1989,846,1143,1061,426,635,348,94,254,45,6,39,41,18,23,2333,2326,528,788,480,377,118,29,6,1788,1655,133,157,1156,58,281,423
51354289,0,,,2269,1103,1166,266,133,133,1960,941,1019,1164,585,579,1888,910,978,1821,866,955,796,356,440,387,189,198,70,23,47,4,1,3,14,12,2,955,955,270,326,170,130,43,11,5,685,631,54,57,499,43,114,209
51354293,0,,,169,94,75,0,0,0,169,94,75,169,94,75,169,94,75,118,61,57,0,0,0,0,0,0,0,0,0,0,0,0,0,0,0,169,169,169,0,0,0,0,0,0,0,0,0,0,0,114,0,0
51354294,0,,,4275,2122,2153,370,195,175,3767,1852,1915,2814,1437,1377,3664,1793,1871,3569,1739,1830,953,415,538,484,201,283,107,37,70,6,1,5,95,40,55,2222,2221,1162,474,277,235,60,9,4,1046,949,97,112,669,483,200,185
51354295,0,,,8164,3781,4383,847,433,414,7130,3245,3885,4815,2313,2502,6944,3153,3791,6803,3082,3721,2315,932,1383,1336,472,864,422,118,304,37,5,32,155,69,86,3976,3970,1952,912,529,394,133,33,17,1989,1760,229,242,1478,567,530,365
51354296,0,,,4290,2117,2173,644,354,290,3609,1734,1875,2651,1318,1333,3472,1670,1802,3368,1615,1753,958,416,542,467,182,285,114,36,78,3,0,3,39,23,16,1671,1671,464,431,317,327,95,31,6,1202,1060,142,199,660,61,165,184
51354297,0,,,5313,2402,2911,536,276,260,4717,2086,2631,2730,1291,1439,4628,2041,2587,4527,1980,2547,1987,795,1192,1212,468,744,340,112,228,18,2,16,51,17,34,2509,2506,993,775,397,261,60,16,4,1500,1400,100,179,1399,66,612,357
51354298,0,,,4620,2204,2416,519,282,237,4071,1903,2168,2597,1279,1318,3939,1833,2106,3854,1782,2072,1474,624,850,736,282,454,215,62,153,17,3,14,36,14,22,1661,1654,401,595,314,221,96,19,8,1239,1134,105,141,766,28,195,258
51354299,0,,,1788,849,939,168,86,82,1613,758,855,978,461,517,1562,737,825,1526,719,807,635,297,338,229,104,125,43,10,33,1,1,0,12,5,7,739,738,164,283,163,83,38,6,1,573,525,48,48,419,7,100,171
51354306,2,51354316,,9,5,4,*,*,*,*,*,*,*,*,*,*,*,*,*,*,*,*,*,*,*,*,*,*,*,*,*,*,*,*,*,*,2,2,*,*,*,*,*,*,*,*,*,*,*,*,*,*,*
51354307,2,51354308,,2,0,2,*,*,*,*,*,*,*,*,*,*,*,*,*,*,*,*,*,*,*,*,*,*,*,*,*,*,*,*,*,*,2,2,*,*,*,*,*,*,*,*,*,*,*,*,*,*,*
51354308,1,,51354307,64,35,29,4,3,1,62,32,30,31,17,14,62,32,30,61,31,30,31,15,16,16,8,8,5,2,3,1,1,0,0,0,0,24,24,6,10,3,5,1,1,0,20,14,6,1,20,0,4,7
51354309,0,,,13,6,7,0,0,0,13,6,7,6,3,3,13,6,7,13,6,7,7,3,4,2,0,2,2,0,2,0,0,0,0,0,0,6,6,1,4,0,1,0,0,0,5,3,2,0,4,0,0,2
51354316,1,,51354306,15,4,11,5,2,3,19,7,12,12,5,7,18,7,11,18,7,11,7,2,5,2,0,2,0,0,0,0,0,0,0,0,0,5,5,1,1,3,0,0,2,0,6,3,3,1,5,0,1,1
51354318,0,,,72,43,29,9,6,3,63,37,26,35,22,13,59,34,25,57,33,24,28,15,13,15,8,7,7,5,2,0,0,0,0,0,0,26,26,9,7,3,2,1,2,2,17,10,7,1,19,0,6,3
51354319,0,,,12,5,7,0,0,0,12,5,7,4,1,3,12,5,7,12,5,7,8,4,4,6,3,3,3,1,2,0,0,0,0,0,0,9,9,6,3,0,0,0,0,0,3,2,1,0,6,0,4,2
51354320,0,,,104,48,56,3,0,3,101,48,53,51,24,27,97,45,52,95,44,51,50,24,26,28,12,16,6,1,5,0,0,0,0,0,0,37,37,5,14,8,5,3,2,0,32,22,10,0,31,0,5,10
51354331,0,,,37,20,17,2,1,1,35,19,16,20,11,9,35,19,16,33,18,15,15,8,7,10,4,6,4,2,2,0,0,0,0,0,0,13,13,2,4,4,1,1,1,0,11,7,4,1,10,0,2,2
51354332,2,51354343,,3,1,2,*,*,*,*,*,*,*,*,*,*,*,*,*,*,*,*,*,*,*,*,*,*,*,*,*,*,*,*,*,*,2,2,*,*,*,*,*,*,*,*,*,*,*,*,*,*,*
51354340,2,51354350,,7,4,3,*,*,*,*,*,*,*,*,*,*,*,*,*,*,*,*,*,*,*,*,*,*,*,*,*,*,*,*,*,*,2,2,*,*,*,*,*,*,*,*,*,*,*,*,*,*,*
51354342,2,51354343,,5,3,2,*,*,*,*,*,*,*,*,*,*,*,*,*,*,*,*,*,*,*,*,*,*,*,*,*,*,*,*,*,*,2,2,*,*,*,*,*,*,*,*,*,*,*,*,*,*,*
51354343,1,,51354332;51354342,222,108,114,12,4,8,218,108,110,141,78,63,211,103,108,206,98,108,77,30,47,34,13,21,14,5,9,0,0,0,0,0,0,76,76,20,22,10,11,11,5,1,59,40,19,1,57,1,14,8
51354344,0,,,93,42,51,14,4,10,79,38,41,59,30,29,76,37,39,75,37,38,20,8,12,14,6,8,7,2,5,0,0,0,0,0,0,26,26,4,7,3,5,3,0,4,22,16,6,3,15,0,4,2
51354345,1,,51354355;51354356,21,10,11,0,0,0,27,13,14,13,6,7,27,13,14,27,13,14,14,7,7,8,4,4,1,0,1,1,0,1,0,0,0,9,9,2,6,3,1,0,0,0,10,8,2,0,8,0,1,2
51354350,1,,51354340,161,78,83,16,10,6,152,72,80,106,53,53,151,71,80,147,68,79,46,19,27,27,10,17,9,3,6,2,1,1,0,0,0,55,55,11,13,15,7,8,3,0,46,36,10,7,31,0,7,7
51354352,0,,,22,10,12,1,0,1,21,10,11,9,5,4,20,9,11,20,9,11,12,5,7,7,2,5,1,1,0,0,0,0,0,0,0,10,10,3,5,0,1,1,0,0,7,5,2,0,9,0,3,2
51354354,0,,,42,19,23,2,1,1,40,18,22,28,13,15,38,17,21,37,17,20,12,5,7,9,3,6,4,2,2,1,0,1,0,0,0,12,12,1,3,2,3,1,2,0,11,8,3,1,8,0,1,2
51354355,2,51354345,,2,1,1,*,*,*,*,*,*,*,*,*,*,*,*,*,*,*,*,*,*,*,*,*,*,*,*,*,*,*,*,*,*,1,1,*,*,*,*,*,*,*,*,*,*,*,*,*,*,*
51354356,2,51354345,,4,2,2,*,*,*,*,*,*,*,*,*,*,*,*,*,*,*,*,*,*,*,*,*,*,*,*,*,*,*,*,*,*,2,2,*,*,*,*,*,*,*,*,*,*,*,*,*,*,*
51354357,2,51354367,,3,2,1,*,*,*,*,*,*,*,*,*,*,*,*,*,*,*,*,*,*,*,*,*,*,*,*,*,*,*,*,*,*,1,1,*,*,*,*,*,*,*,*,*,*,*,*,*,*,*
51354360,0,,,266,139,127,58,34,24,208,105,103,146,74,72,203,103,100,201,101,100,62,31,31,21,11,10,3,2,1,0,0,0,0,0,0,70,69,16,13,13,18,4,4,1,52,49,3,20,24,1,12,3
51354361,0,,,107,57,50,14,7,7,93,50,43,58,32,26,88,47,41,85,46,39,35,18,17,10,4,6,3,1,2,0,0,0,0,0,0,37,37,7,13,4,7,3,2,1,30,22,8,4,22,0,2,8
51354364,1,,51354375,116,57,59,10,5,5,113,55,58,61,31,30,112,54,58,111,54,57,52,24,28,15,5,10,4,1,3,1,1,0,0,0,0,45,45,11,13,15,7,0,1,1,37,31,6,4,32,0,8,9
51354365,0,,,147,65,82,15,6,9,132,59,73,67,31,36,130,58,72,130,58,72,65,28,37,33,12,21,9,3,6,1,0,1,0,0,0,57,57,18,15,9,6,6,3,0,37,25,12,4,44,0,13,9
51354366,0,,,47,21,26,3,0,3,44,21,23,26,12,14,44,21,23,44,21,23,18,9,9,9,4,5,1,1,0,0,0,0,0,0,0,17,17,3,7,3,0,3,1,0,14,12,2,0,12,0,2,3
51354367,1,,51354357,310,153,157,17,6,11,296,149,147,156,83,73,288,144,144,284,143,141,140,66,74,57,20,37,23,11,12,2,0,2,0,0,0,121,121,26,43,32,12,3,3,3,96,76,20,2,89,0,16,29
51354370,0,,,971,485,486,71,43,28,888,432,456,528,264,264,866,418,448,847,411,436,360,168,192,183,80,103,59,22,37,4,1,3,2,1,1,386,386,93,134,73,52,24,8,2,287,242,45,13,235,2,51,73
51354371,0,,,2164,1116,1048,200,113,87,1962,1002,960,1177,607,570,1899,970,929,1854,951,903,785,395,390,422,187,235,119,39,80,12,3,9,23,12,11,742,738,197,216,120,110,48,31,16,538,426,112,47,443,25,114,124
51354372,0,,,15,7,8,2,1,1,13,6,7,3,2,1,12,5,7,12,5,7,10,4,6,5,2,3,4,2,2,0,0,0,0,0,0,7,7,2,3,1,1,0,0,0,5,5,0,0,6,0,2,3
51354374,0,,,135,59,76,8,6,2,127,53,74,75,35,40,123,50,73,121,49,72,52,18,34,26,7,19,7,1,6,1,0,1,0,0,0,50,50,15,10,12,6,4,1,2,35,25,10,1,37,1,11,4
51354375,2,51354364,,8,3,5,*,*,*,*,*,*,*,*,*,*,*,*,*,*,*,*,*,*,*,*,*,*,*,*,*,*,*,*,*,*,3,3,*,*,*,*,*,*,*,*,*,*,*,*,*,*,*
51354376,0,,,182,82,100,18,7,11,163,75,88,87,42,45,155,74,81,152,71,81,76,33,43,35,14,21,8,4,4,0,0,0,1,0,1,61,61,13,14,18,3,7,3,3,47,34,13,4,48,1,7,12
51354377,0,,,174,85,89,11,5,6,163,80,83,84,41,43,159,79,80,156,79,77,79,39,40,43,22,21,12,9,3,1,1,0,0,0,0,65,65,14,22,14,7,3,4,1,51,41,10,2,49,2,10,14
51354380,0,,,3094,1442,1652,297,157,140,2761,1271,1490,1797,863,934,2685,1234,1451,2612,1205,1407,964,408,556,552,227,325,134,50,84,7,1,6,92,25,67,1310,1307,472,335,243,165,61,24,7,822,719,103,89,652,55,250,135
51354381,0,,,905,334,571,42,24,18,861,308,553,318,167,151,853,305,548,845,297,548,543,141,402,383,90,293,182,28,154,25,1,24,30,24,6,226,216,82,61,34,20,7,7,5,134,98,36,9,136,13,34,35
51354382,0,,,181,82,99,21,13,8,157,68,89,92,42,50,152,65,87,149,63,86,65,26,39,37,11,26,8,0,8,2,0,2,0,0,0,66,66,15,16,18,8,8,0,1,51,37,14,6,43,0,11,9
51354383,0,,,687,322,365,65,33,32,615,286,329,343,162,181,603,279,324,591,273,318,272,124,148,143,57,86,43,16,27,1,1,0,0,0,0,254,254,60,92,27,40,17,11,7,194,136,58,18,181,1,41,54
51354384,0,,,98,45,53,6,2,4,91,43,48,58,31,27,89,42,47,88,41,47,33,12,21,18,7,11,5,1,4,0,0,0,0,0,0,33,33,6,8,11,2,2,3,1,26,19,7,2,22,0,3,5
51354385,0,,,102,50,52,4,3,1,98,47,51,47,24,23,97,46,51,95,46,49,51,23,28,25,12,13,11,6,5,1,0,1,0,0,0,39,39,8,14,7,5,5,0,0,30,17,13,1,32,0,8,8
51354387,0,,,277,132,145,32,15,17,241,115,126,130,63,67,235,112,123,229,109,120,111,52,59,57,23,34,21,5,16,2,0,2,11,4,7,105,105,26,30,22,17,7,2,1,79,62,17,8,71,0,19,19
51354388,0,,,46,23,23,0,0,0,46,23,23,24,14,10,46,23,23,46,23,23,22,9,13,16,6,10,6,3,3,0,0,0,0,0,0,22,22,6,11,2,3,0,0,0,16,15,1,0,16,0,5,6
51354390,0,,,4129,1914,2215,488,255,233,3630,1656,1974,2041,1016,1025,3529,1599,1930,3466,1560,1906,1589,640,949,937,325,612,315,80,235,29,4,25,24,8,16,1423,1412,430,431,243,179,76,35,18,974,846,128,105,805,15,288,196
51354391,0,,,3284,1606,1678,1106,550,556,2167,1047,1120,1922,934,988,1993,953,1040,1933,924,1009,245,113,132,94,39,55,19,6,13,1,0,1,31,12,19,963,963,95,159,205,313,152,30,9,863,812,51,236,165,10,24,59
51354392,0,,,88,42,46,37,19,18,50,23,27,30,14,16,46,21,25,45,21,24,20,9,11,7,3,4,1,0,1,0,0,0,0,0,0,21,20,5,9,1,3,0,1,1,15,12,3,2,15,0,4,4
51354393,0,,,43,20,23,3,3,0,40,17,23,26,11,15,40,17,23,39,17,22,14,6,8,13,6,7,1,1,0,0,0,0,0,0,0,16,16,4,5,4,0,1,2,0,12,10,2,1,9,0,2,1
51354394,0,,,292,135,157,26,15,11,266,120,146,141,68,73,261,117,144,257,114,143,125,52,73,52,21,31,11,3,8,0,0,0,0,0,0,109,109,20,45,16,15,7,4,2,89,70,19,8,81,0,17,30
51354395,0,,,628,309,319,66,32,34,562,277,285,353,183,170,532,256,276,518,247,271,209,94,115,111,51,60,23,8,15,2,0,2,1,0,1,213,213,35,61,52,32,18,9,6,174,134,40,13,133,1,24,37
51354396,0,,,509,254,255,18,8,10,490,245,245,263,143,120,483,243,240,480,243,237,227,102,125,125,52,73,38,17,21,3,0,3,1,1,0,104,103,28,26,18,17,10,3,1,75,54,21,3,70,0,18,16
51354397,0,,,376,162,214,14,8,6,362,154,208,167,82,85,357,150,207,355,149,206,195,72,123,139,44,95,74,16,58,6,1,5,2,2,0,107,106,12,38,27,19,7,3,0,92,64,28,6,79,0,9,23
51354398,0,,,292,146,146,13,4,9,279,142,137,156,83,73,269,136,133,262,133,129,123,59,64,70,34,36,15,7,8,3,0,3,12,10,2,119,119,36,38,19,13,9,3,1,83,65,18,2,80,6,17,25
51354399,0,,,192,97,95,13,7,6,179,90,89,93,49,44,178,89,89,174,86,88,86,41,45,40,22,18,10,4,6,1,0,1,0,0,0,65,65,7,22,20,6,4,5,1,58,40,18,2,53,0,6,11
51354400,2,51354401,,8,4,4,*,*,*,*,*,*,*,*,*,*,*,*,*,*,*,*,*,*,*,*,*,*,*,*,*,*,*,*,*,*,4,4,*,*,*,*,*,*,*,*,*,*,*,*,*,*,*
51354401,1,,51354400,6,3,3,1,0,1,13,7,6,7,3,4,13,7,6,13,7,6,6,4,2,0,0,0,0,0,0,0,0,0,0,0,0,3,3,2,3,2,0,0,0,0,5,5,0,1,4,0,1,1
51354402,1,,51354412,42,19,23,1,0,1,46,22,24,11,5,6,46,22,24,46,22,24,35,17,18,14,8,6,6,3,3,1,0,1,1,1,0,19,19,5,10,5,2,0,0,0,17,13,4,1,19,0,4,7
51354403,0,,,47,23,24,2,1,1,45,22,23,27,15,12,45,22,23,45,22,23,18,7,11,7,3,4,2,1,1,0,0,0,0,0,0,15,15,0,6,5,1,2,1,0,15,11,4,1,10,0,0,3
51354404,0,,,43,23,20,1,1,0,42,22,20,25,14,11,39,20,19,38,20,18,17,8,9,9,4,5,4,2,2,0,0,0,0,0,0,16,16,2,6,4,3,1,0,0,14,12,2,1,11,0,2,5
51354405,0,,,235,106,129,17,10,7,218,96,122,108,46,62,217,95,122,215,95,120,110,50,60,57,24,33,15,6,9,2,0,2,0,0,0,87,87,23,27,12,12,8,3,2,64,40,24,4,69,0,17,17
51354406,0,,,487,210,277,82,27,55,405,183,222,267,126,141,392,179,213,385,175,210,138,57,81,65,26,39,20,5,15,3,1,2,1,0,1,157,157,20,38,34,47,9,7,2,137,106,31,30,90,0,17,22
51354407,0,,,2974,1416,1558,444,229,215,2517,1178,1339,1795,844,951,2416,1120,1296,2340,1083,1257,722,334,388,283,122,161,81,23,58,10,1,9,16,4,12,1087,1086,197,340,235,230,62,19,3,881,812,69,105,447,26,81,171
51354408,0,,,2581,1190,1391,293,158,135,2256,1012,1244,1416,660,756,2182,979,1203,2133,958,1175,840,352,488,463,180,283,168,48,120,19,2,17,5,1,4,1048,1045,294,345,203,144,49,3,7,739,666,73,70,493,35,130,163
51354409,0,,,133,59,74,19,9,10,114,50,64,74,33,41,113,50,63,112,50,62,40,17,23,24,10,14,4,2,2,0,0,0,0,0,0,52,52,12,16,13,8,1,1,1,40,34,6,8,24,1,6,7
51354412,2,51354402,,6,3,3,*,*,*,*,*,*,*,*,*,*,*,*,*,*,*,*,*,*,*,*,*,*,*,*,*,*,*,*,*,*,3,3,*,*,*,*,*,*,*,*,*,*,*,*,*,*,*
51354413,0,,,50,24,26,5,2,3,45,22,23,23,12,11,42,20,22,41,20,21,22,10,12,10,4,6,4,1,3,1,0,1,0,0,0,18,18,5,4,3,4,1,0,1,13,8,5,2,14,0,4,3
51354415,0,,,25,10,15,1,0,1,24,10,14,7,2,5,24,10,14,24,10,14,17,8,9,9,3,6,2,1,1,0,0,0,1,0,1,14,14,5,7,2,0,0,0,0,9,9,0,1,12,0,4,5
51354416,2,51354417,,7,2,5,*,*,*,*,*,*,*,*,*,*,*,*,*,*,*,*,*,*,*,*,*,*,*,*,*,*,*,*,*,*,2,2,*,*,*,*,*,*,*,*,*,*,*,*,*,*,*
51354417,1,,51354416,323,165,158,58,35,23,271,131,140,206,101,105,262,126,136,246,117,129,65,30,35,23,9,14,11,4,7,0,0,0,1,0,1,113,113,15,35,28,26,9,2,0,100,93,7,12,44,1,9,16
51354418,0,,,2775,1333,1442,356,195,161,2403,1131,1272,1533,725,808,2328,1091,1237,2277,1066,1211,870,406,464,342,167,175,76,23,53,3,0,3,3,3,0,1077,1075,174,441,229,174,46,8,3,891,831,60,81,543,6,88,247
51354419,0,,,1777,819,958,161,73,88,1616,746,870,820,395,425,1574,724,850,1551,715,836,796,351,445,341,162,179,76,24,52,3,1,2,2,1,1,719,718,135,319,137,89,22,12,4,578,530,48,36,486,0,93,215
51354427,0,,,444,219,225,39,24,15,405,195,210,258,120,138,393,186,207,378,176,202,147,75,72,54,23,31,15,5,10,1,0,1,0,0,0,179,179,36,68,37,29,9,0,0,143,134,9,7,102,0,25,41
51354428,0,,,2598,1198,1400,342,165,177,2246,1026,1220,1565,699,866,2149,989,1160,2108,970,1138,681,327,354,271,121,150,81,30,51,5,1,4,7,2,5,1031,1031,199,390,215,174,45,4,4,829,776,53,81,450,4,111,185
51354429,0,,,1577,750,827,130,78,52,1440,667,773,793,344,449,1404,653,751,1383,647,736,647,323,324,228,120,108,40,15,25,6,0,6,10,5,5,662,662,128,301,130,71,21,9,2,531,492,39,34,411,9,76,183
51354437,0,,,68,35,33,23,12,11,45,23,22,42,22,20,44,22,22,44,22,22,3,1,2,1,0,1,0,0,0,0,0,0,0,0,0,21,21,0,4,8,9,0,0,0,21,18,3,15,3,0,0,0
51354438,1,,51354439,3354,1622,1732,300,163,137,3046,1453,1593,2098,980,1118,2970,1408,1562,2905,1367,1538,948,473,475,312,124,188,86,21,65,5,3,2,13,6,7,1304,1303,214,532,306,173,66,7,6,1083,988,95,70,615,3,98,262
51354439,2,51354438,,2,1,1,*,*,*,*,*,*,*,*,*,*,*,*,*,*,*,*,*,*,*,*,*,*,*,*,*,*,*,*,*,*,1,1,*,*,*,*,*,*,*,*,*,*,*,*,*,*,*
51354447,0,,,47,20,27,3,3,0,43,16,27,25,11,14,43,16,27,41,15,26,18,5,13,13,3,10,5,0,5,0,0,0,0,0,0,20,20,5,7,5,2,1,0,0,15,11,4,1,12,0,3,3
51354448,0,,,1492,720,772,107,55,52,1383,663,720,883,406,477,1339,640,699,1312,628,684,500,257,243,170,74,96,48,13,35,4,2,2,6,0,6,601,601,84,278,137,76,21,3,2,516,475,41,25,328,2,53,156
51354449,0,,,190,87,103,15,6,9,175,81,94,79,40,39,172,80,92,171,79,92,96,41,55,47,21,26,16,3,13,1,0,1,0,0,0,73,73,16,30,10,8,5,2,2,55,43,12,4,61,0,13,20
51354451,0,,,89,42,47,5,3,2,84,39,45,40,19,21,82,39,43,78,37,41,44,20,24,21,8,13,11,3,8,1,0,1,0,0,0,37,37,12,11,6,6,0,1,1,25,21,4,1,30,0,10,9
51354452,0,,,14,6,8,1,0,1,13,6,7,4,3,1,13,6,7,13,6,7,9,3,6,5,1,4,1,0,1,0,0,0,0,0,0,6,6,1,3,1,1,0,0,0,5,2,3,1,6,0,1,1
51354458,0,,,27,14,13,0,0,0,27,14,13,11,7,4,27,14,13,27,14,13,16,7,9,10,5,5,4,2,2,0,0,0,0,0,0,11,11,2,5,2,1,1,0,0,9,6,3,0,10,0,1,4
51354461,2,51354462,,5,2,3,*,*,*,*,*,*,*,*,*,*,*,*,*,*,*,*,*,*,*,*,*,*,*,*,*,*,*,*,*,*,3,3,*,*,*,*,*,*,*,*,*,*,*,*,*,*,*
51354462,1,,51354461;51354470,17,6,11,0,0,0,26,10,16,8,3,5,26,10,16,26,10,16,18,7,11,9,5,4,2,1,1,0,0,0,0,0,0,7,7,4,6,2,1,0,0,0,9,8,1,0,11,0,3,5
51354463,0,,,17,6,11,4,0,4,13,6,7,6,3,3,13,6,7,13,6,7,7,3,4,2,1,1,1,0,1,0,0,0,0,0,0,5,5,1,0,2,1,0,1,0,4,2,2,1,4,0,1,0
51354465,2,51354475,,4,2,2,*,*,*,*,*,*,*,*,*,*,*,*,*,*,*,*,*,*,*,*,*,*,*,*,*,*,*,*,*,*,2,2,*,*,*,*,*,*,*,*,*,*,*,*,*,*,*
51354467,0,,,23,10,13,0,0,0,23,10,13,9,4,5,23,10,13,23,10,13,14,6,8,6,0,6,5,0,5,0,0,0,0,0,0,12,12,6,3,2,0,1,0,0,6,5,1,0,11,0,5,2
51354468,0,,,39,20,19,1,0,1,38,20,18,16,9,7,38,20,18,35,18,17,22,11,11,4,1,3,2,1,1,0,0,0,0,0,0,18,18,6,7,3,0,2,0,0,12,11,1,0,15,0,6,5
51354470,2,51354462,,5,3,2,*,*,*,*,*,*,*,*,*,*,*,*,*,*,*,*,*,*,*,*,*,*,*,*,*,*,*,*,*,*,4,3,*,*,*,*,*,*,*,*,*,*,*,*,*,*,*
51354472,0,,,13,7,6,1,1,0,12,6,6,7,3,4,11,5,6,10,5,5,5,3,2,2,1,1,0,0,0,0,0,0,0,0,0,4,4,1,1,0,1,0,1,0,3,1,2,0,3,0,0,1
51354474,0,,,16,9,7,1,1,0,15,8,7,7,4,3,15,8,7,14,7,7,8,4,4,4,3,1,1,1,0,0,0,0,0,0,0,6,6,1,2,1,2,0,0,0,5,4,1,0,5,0,1,2
51354475,1,,51354465,8,3,5,0,0,0,12,5,7,4,2,2,12,5,7,12,5,7,8,3,5,2,0,2,1,0,1,0,0,0,0,0,0,3,3,0,3,2,0,0,0,0,5,3,2,0,4,0,0,2
51354476,0,,,42,20,22,2,0,2,40,20,20,20,8,12,39,20,19,38,20,18,20,12,8,10,6,4,6,3,3,0,0,0,0,0,0,20,20,8,7,2,1,2,0,0,12,11,1,0,15,0,7,5
51354477,0,,,219,101,118,6,2,4,213,99,114,87,39,48,210,97,113,209,97,112,126,60,66,73,35,38,25,9,16,3,0,3,0,0,0,95,95,22,36,27,8,0,2,0,73,61,12,2,79,0,18,27
51354478,0,,,26,11,15,0,0,0,26,11,15,12,4,8,26,11,15,25,11,14,14,7,7,8,5,3,1,1,0,0,0,0,0,0,0,11,11,3,3,3,2,0,0,0,8,6,2,0,10,0,3,2
51354482,1,,51354490;51354493,42,23,19,1,0,1,50,27,23,19,10,9,49,26,23,49,26,23,31,17,14,9,5,4,1,0,1,0,0,0,0,0,0,20,20,6,13,5,1,0,0,0,19,19,0,1,20,0,3,11
51354484,0,,,22,12,10,0,0,0,22,12,10,12,7,5,22,12,10,21,12,9,10,5,5,2,1,1,0,0,0,0,0,0,0,0,0,7,7,0,1,4,2,0,0,0,6,5,1,0,6,0,0,1
51354485,0,,,42,17,25,2,1,1,40,16,24,21,9,12,38,15,23,38,15,23,19,7,12,8,4,4,0,0,0,0,0,0,0,0,0,17,17,3,6,5,3,0,0,0,14,12,2,0,12,0,3,4
51354486,0,,,15,8,7,0,0,0,15,8,7,5,3,2,15,8,7,15,8,7,10,5,5,8,3,5,0,0,0,0,0,0,0,0,0,9,9,5,2,2,0,0,0,0,4,4,0,0,8,0,5,2
51354487,0,,,28,12,16,3,1,2,25,11,14,10,4,6,25,11,14,25,11,14,15,7,8,7,4,3,3,2,1,1,1,0,0,0,0,14,14,4,8,1,0,1,0,0,10,9,1,1,10,0,2,6
51354490,2,51354482,,5,2,3,*,*,*,*,*,*,*,*,*,*,*,*,*,*,*,*,*,*,*,*,*,*,*,*,*,*,*,*,*,*,2,2,*,*,*,*,*,*,*,*,*,*,*,*,*,*,*
51354493,2,51354482,,4,2,2,*,*,*,*,*,*,*,*,*,*,*,*,*,*,*,*,*,*,*,*,*,*,*,*,*,*,*,*,*,*,3,3,*,*,*,*,*,*,*,*,*,*,*,*,*,*,*
51354494,0,,,2124,1007,1117,160,81,79,1944,915,1029,1197,560,637,1886,882,1004,1846,860,986,747,355,392,381,183,198,79,28,51,1,0,1,8,4,4,898,897,188,380,188,108,26,6,1,702,658,44,29,470,3,97,214
51354495,0,,,2631,1198,1433,179,90,89,2442,1104,1338,1044,511,533,2395,1079,1316,2361,1059,1302,1398,593,805,806,353,453,211,73,138,19,2,17,14,10,4,1108,1107,269,482,187,118,38,10,3,835,752,83,37,817,1,199,350
51354496,0,,,93,38,55,4,3,1,89,35,54,45,16,29,86,33,53,84,33,51,44,19,25,21,8,13,6,1,5,0,0,0,0,0,0,37,37,11,13,6,3,1,0,3,26,20,6,0,28,0,7,10
51354497,0,,,247,125,122,20,12,8,226,112,114,110,57,53,225,111,114,220,108,112,116,55,61,58,27,31,25,10,15,1,0,1,1,0,1,109,109,32,40,20,13,2,1,1,77,63,14,4,76,2,20,23
51354499,0,,,17,10,7,2,1,1,15,9,6,6,4,2,15,9,6,14,8,6,9,5,4,4,3,1,3,2,1,0,0,0,0,0,0,7,7,0,5,1,1,0,0,0,7,7,0,0,5,0,0,4
51354500,0,,,178,37,141,0,0,0,178,37,141,0,0,0,178,37,141,178,37,141,178,37,141,170,33,137,130,24,106,28,2,26,0,0,0,2,0,0,0,0,0,0,0,0,0,0,0,0,0,0,0,0
51354501,0,,,229,102,127,24,11,13,205,91,114,115,53,62,195,86,109,193,84,109,90,38,52,45,15,30,21,7,14,1,1,0,0,0,0,78,77,17,26,15,5,7,3,4,60,40,20,5,56,1,11,13
51354502,0,,,2475,1217,1258,771,389,382,1696,824,872,1533,756,777,1560,749,811,1500,717,783,163,68,95,69,24,45,12,4,8,1,0,1,5,2,3,749,749,67,138,167,282,73,16,6,678,650,28,208,112,0,29,39
51354503,0,,,166,79,87,11,8,3,150,70,80,75,35,40,146,68,78,145,68,77,75,35,40,49,21,28,10,5,5,0,0,0,0,0,0,64,64,15,24,11,5,5,3,1,47,38,9,3,48,0,11,15
51354504,0,,,348,164,184,23,11,12,310,145,165,169,78,91,303,142,161,299,141,158,141,67,74,70,29,41,25,9,16,3,1,2,0,0,0,132,132,26,46,30,18,7,3,2,102,84,18,6,90,0,20,23
51354505,0,,,556,253,303,28,19,9,513,227,286,247,126,121,471,195,276,461,190,271,266,101,165,183,55,128,86,21,65,13,1,12,2,0,2,153,148,25,49,40,20,7,5,2,118,87,31,3,102,0,15,21
51354506,0,,,717,386,331,45,29,16,607,323,284,383,212,171,560,285,275,530,258,272,224,111,113,95,46,49,20,7,13,1,0,1,17,9,8,279,278,83,87,57,35,8,6,2,178,148,30,14,145,12,32,51
51354507,0,,,146,65,81,10,3,7,120,53,67,63,30,33,115,50,65,114,49,65,57,23,34,32,11,21,12,2,10,0,0,0,0,0,0,44,44,7,11,8,8,5,1,4,32,18,14,2,33,0,6,7
51354508,0,,,32,15,17,5,3,2,27,12,15,15,7,8,25,12,13,25,12,13,12,5,7,7,3,4,1,1,0,0,0,0,0,0,0,11,11,1,5,2,1,1,1,0,10,8,2,0,8,0,1,3
51354509,0,,,73,31,42,20,5,15,48,23,25,31,15,16,46,22,24,46,22,24,17,8,9,7,3,4,3,1,2,0,0,0,0,0,0,18,18,1,4,2,5,2,2,2,15,8,7,4,9,0,0,1
51354510,0,,,214,103,111,31,15,16,183,88,95,121,58,63,176,87,89,172,86,86,62,30,32,34,16,18,5,1,4,1,0,1,0,0,0,72,72,12,21,11,19,4,4,1,60,48,12,6,38,0,8,14
51354511,0,,,486,251,235,134,64,70,350,186,164,301,159,142,347,186,161,346,186,160,49,27,22,24,12,12,9,5,4,0,0,0,14,13,1,166,164,30,39,40,33,19,3,0,133,123,10,58,33,12,6,9
51354512,0,,,110,49,61,6,2,4,104,47,57,57,27,30,103,47,56,102,47,55,47,20,27,25,8,17,7,1,6,0,0,0,0,0,0,37,37,4,13,7,8,3,2,0,33,20,13,2,30,0,3,11
51354513,0,,,476,219,257,130,56,74,277,130,147,246,118,128,258,119,139,252,118,134,31,12,19,11,5,6,2,1,1,0,0,0,0,0,0,138,138,10,26,33,38,24,6,1,110,98,12,32,22,0,2,5
51354514,0,,,1846,870,976,127,61,66,1533,715,818,868,430,438,1503,708,795,1483,702,781,665,285,380,354,139,215,108,38,70,5,0,5,19,5,14,807,806,255,277,141,84,33,12,4,506,434,72,31,453,13,129,131
51354515,0,,,1939,893,1046,129,71,58,1673,754,919,859,422,437,1647,739,908,1632,731,901,814,332,482,482,177,305,176,56,120,24,6,18,37,15,22,849,848,319,254,142,79,36,14,4,496,410,86,41,528,20,191,122
51354516,0,,,996,444,552,45,22,23,881,386,495,419,197,222,866,380,486,857,373,484,462,189,273,273,94,179,127,38,89,31,5,26,2,1,1,372,371,97,135,73,37,19,7,3,252,198,54,9,247,0,64,78
51354517,0,,,350,153,197,24,10,14,295,126,169,127,61,66,290,124,166,285,120,165,168,65,103,105,32,73,50,13,37,7,0,7,5,1,4,126,125,43,41,19,10,5,4,3,75,60,15,8,79,0,25,18
51354518,2,51354519,,9,4,5,*,*,*,*,*,*,*,*,*,*,*,*,*,*,*,*,*,*,*,*,*,*,*,*,*,*,*,*,*,*,3,3,*,*,*,*,*,*,*,*,*,*,*,*,*,*,*
51354519,1,,51354518,30,15,15,3,0,3,35,18,17,18,10,8,35,18,17,34,18,16,17,8,9,8,3,5,2,0,2,0,0,0,0,0,0,10,10,2,4,3,2,1,0,1,11,6,5,0,10,0,1,3
51354520,0,,,646,354,292,64,38,26,580,315,265,420,245,175,504,249,255,472,221,251,160,70,90,76,28,48,35,11,24,6,2,4,1,1,0,213,211,42,69,43,42,10,5,0,168,142,26,22,98,2,14,37
51354521,0,,,198,93,105,10,7,3,188,86,102,107,52,55,183,81,102,177,77,100,81,34,47,40,16,24,7,2,5,0,0,0,1,1,0,70,70,11,23,14,16,2,3,1,59,44,15,2,52,1,9,15
51354522,0,,,117,60,57,9,5,4,108,55,53,63,35,28,106,54,52,104,53,51,45,20,25,28,11,17,10,3,7,1,0,1,0,0,0,44,44,8,15,11,6,2,2,0,36,29,7,3,28,0,5,7
51354523,0,,,202,98,104,40,20,20,146,68,78,87,43,44,144,66,78,144,66,78,59,25,34,31,9,22,18,4,14,1,0,1,0,0,0,62,62,7,14,15,15,7,1,3,52,39,13,12,34,0,3,10
51354524,0,,,294,148,146,10,6,4,269,133,136,146,80,66,261,127,134,258,125,133,123,53,70,64,26,38,17,6,11,1,0,1,1,1,0,119,119,24,47,25,16,5,2,0,90,69,21,3,84,0,17,26
51354525,0,,,2266,1070,1196,103,56,47,2003,934,1069,961,487,474,1971,918,1053,1944,901,1043,1042,447,595,612,252,360,218,73,145,13,2,11,16,15,1,1050,1049,367,370,169,94,27,16,6,642,543,99,26,694,20,218,218
51354526,0,,,1873,840,1033,145,64,81,1521,681,840,924,440,484,1479,666,813,1442,642,800,597,241,356,307,111,196,96,28,68,7,0,7,45,8,37,861,860,331,257,139,90,29,10,4,471,406,65,33,411,41,141,104
51354527,0,,,152,76,76,6,3,3,141,71,70,64,35,29,137,67,70,136,67,69,77,36,41,40,17,23,9,4,5,0,0,0,7,5,2,63,63,19,19,13,5,6,1,0,42,37,5,1,48,2,12,14
51354528,0,,,193,93,100,25,10,15,166,82,84,113,58,55,156,80,76,151,76,75,53,24,29,36,18,18,14,6,8,1,0,1,0,0,0,49,47,10,11,6,12,7,1,0,36,23,13,2,32,0,7,6
51354529,0,,,86,48,38,2,1,1,84,47,37,43,24,19,84,47,37,83,47,36,41,23,18,9,3,6,3,1,2,1,0,1,0,0,0,7,6,0,2,1,1,0,2,0,6,3,3,0,6,0,0,2
51354530,0,,,37,13,24,2,2,0,35,11,24,20,5,15,34,10,24,33,10,23,15,6,9,9,2,7,4,0,4,1,0,1,0,0,0,12,12,2,2,5,1,1,0,1,10,5,5,1,9,0,1,1
51354531,0,,,254,99,155,6,4,2,248,95,153,76,41,35,243,93,150,240,90,150,172,54,118,141,37,104,91,21,70,17,5,12,15,10,5,54,51,22,7,8,7,5,1,1,29,15,14,1,28,14,4,4
51354532,0,,,173,76,97,19,11,8,150,61,89,90,37,53,147,61,86,144,59,85,60,24,36,36,14,22,9,4,5,0,0,0,0,0,0,54,54,12,11,12,8,3,3,5,41,27,14,4,40,0,9,6
51354533,0,,,324,65,259,2,0,2,318,61,257,22,10,12,317,61,256,317,61,256,296,51,245,279,45,234,217,32,185,52,6,46,0,0,0,18,15,3,7,3,0,0,1,1,10,7,3,0,9,0,0,2
51354534,0,,,1056,498,558,84,41,43,825,386,439,553,261,292,797,371,426,780,360,420,272,125,147,116,46,70,35,12,23,2,1,1,4,2,2,405,405,80,139,90,62,26,6,2,281,245,36,23,181,3,40,60
51354535,0,,,955,450,505,92,33,59,765,366,399,438,221,217,746,354,392,730,344,386,327,145,182,153,63,90,49,20,29,3,2,1,7,3,4,361,360,86,92,98,51,17,13,3,250,200,50,21,212,1,47,47
51354536,0,,,483,212,271,41,16,25,396,169,227,219,102,117,388,165,223,382,161,221,177,67,110,80,25,55,23,6,17,2,0,2,1,0,1,211,211,66,66,47,22,6,2,2,131,111,20,9,120,1,37,35
51354537,0,,,248,120,128,12,8,4,226,106,120,116,56,60,221,104,117,220,104,116,110,50,60,44,19,25,10,3,7,1,0,1,0,0,0,93,93,18,36,16,12,6,3,2,72,53,19,0,69,0,13,20
51354539,0,,,116,55,61,3,3,0,109,49,60,55,25,30,105,47,58,102,47,55,54,24,30,25,13,12,4,2,2,1,0,1,0,0,0,51,51,13,21,10,4,3,0,0,38,32,6,2,35,1,6,11
51354540,2,51354541,,2,1,1,*,*,*,*,*,*,*,*,*,*,*,*,*,*,*,*,*,*,*,*,*,*,*,*,*,*,*,*,*,*,1,1,*,*,*,*,*,*,*,*,*,*,*,*,*,*,*
51354541,1,,51354540;51354551,34,14,20,3,2,1,35,14,21,8,5,3,35,14,21,35,14,21,27,9,18,14,5,9,4,0,4,0,0,0,0,0,0,18,18,9,9,2,0,1,0,0,12,10,2,0,19,0,8,4
51354543,0,,,216,106,110,18,8,10,176,87,89,131,63,68,173,86,87,168,84,84,45,24,21,15,7,8,2,0,2,0,0,0,0,0,0,82,82,17,24,21,14,5,0,1,60,52,8,3,33,0,8,5
51354544,0,,,2980,1497,1483,282,155,127,2367,1166,1201,1671,813,858,2276,1111,1165,2204,1064,1140,696,353,343,262,114,148,80,32,48,5,2,3,2,1,1,1077,1077,158,380,253,177,76,21,12,828,738,90,62,466,2,73,164
51354545,0,,,730,362,368,60,29,31,603,299,304,444,222,222,565,280,285,547,271,276,159,77,82,55,28,27,16,7,9,0,0,0,1,0,1,251,251,31,76,69,44,23,7,1,201,176,25,10,104,0,11,36
51354546,0,,,84,44,40,4,2,2,80,42,38,39,22,17,79,41,38,78,40,38,41,20,21,13,4,9,6,2,4,0,0,0,0,0,0,28,28,4,5,12,4,2,0,1,24,17,7,0,24,0,3,3
51354547,0,,,235,114,121,21,9,12,210,102,108,113,58,55,206,99,107,204,98,106,97,44,53,46,17,29,14,5,9,1,0,1,0,0,0,86,86,16,31,18,11,6,2,2,69,47,22,3,60,3,8,22
51354548,2,51354549,,3,1,2,*,*,*,*,*,*,*,*,*,*,*,*,*,*,*,*,*,*,*,*,*,*,*,*,*,*,*,*,*,*,2,2,*,*,*,*,*,*,*,*,*,*,*,*,*,*,*
51354549,1,,51354548,222,101,121,18,4,14,201,94,107,105,51,54,196,90,106,189,88,101,96,43,53,51,20,31,12,4,8,1,0,1,0,0,0,78,78,16,25,19,11,3,1,5,62,45,17,4,60,0,11,16
51354551,2,51354541,,2,1,1,*,*,*,*,*,*,*,*,*,*,*,*,*,*,*,*,*,*,*,*,*,*,*,*,*,*,*,*,*,*,2,2,*,*,*,*,*,*,*,*,*,*,*,*,*,*,*
51354553,0,,,25,11,14,2,1,1,19,9,10,8,4,4,19,9,10,19,9,10,11,5,6,5,1,4,0,0,0,0,0,0,0,0,0,9,9,0,5,2,1,1,0,0,8,6,2,1,7,0,0,4
51354554,0,,,204,101,103,14,9,5,173,84,89,95,48,47,164,80,84,161,79,82,78,36,42,43,19,24,19,7,12,0,0,0,3,3,0,71,71,17,19,13,10,6,3,3,49,30,19,4,46,0,10,10
51354555,0,,,124,55,69,5,3,2,115,50,65,54,27,27,113,49,64,111,49,62,61,23,38,32,10,22,11,4,7,1,1,0,0,0,0,51,51,12,20,9,5,5,0,0,38,23,15,1,41,0,8,11
51354556,0,,,226,96,130,4,1,3,221,94,127,107,47,60,220,94,126,217,92,125,114,47,67,67,26,41,23,7,16,4,1,3,12,0,12,97,97,27,36,19,9,3,2,1,70,50,20,1,71,8,11,25
51354557,0,,,527,254,273,36,20,16,461,215,246,264,124,140,448,209,239,444,207,237,197,91,106,108,46,62,40,17,23,2,1,1,18,4,14,234,234,83,80,30,21,13,5,2,143,111,32,11,131,14,39,42
51354558,0,,,25,12,13,0,0,0,25,12,13,10,6,4,25,12,13,25,12,13,15,6,9,7,3,4,2,0,2,1,0,1,0,0,0,10,10,4,1,2,2,1,0,0,6,2,4,0,9,0,3,1
51354559,0,,,77,34,43,0,0,0,68,32,36,33,15,18,66,31,35,66,31,35,35,17,18,20,8,12,6,1,5,0,0,0,0,0,0,29,29,3,12,8,5,0,1,0,24,19,5,0,22,0,2,10
51354564,0,,,16,7,9,0,0,0,16,7,9,6,2,4,16,7,9,16,7,9,10,5,5,2,1,1,0,0,0,0,0,0,0,0,0,7,7,0,6,0,1,0,0,0,7,6,1,0,6,0,0,5
51354565,0,,,120,57,63,16,7,9,104,50,54,53,27,26,102,49,53,100,49,51,51,23,28,17,8,9,8,3,5,0,0,0,0,0,0,45,45,11,16,6,6,3,1,2,34,29,5,6,33,0,9,13
51354566,0,,,320,157,163,18,13,5,299,142,157,152,80,72,297,141,156,293,140,153,147,62,85,77,30,47,25,9,16,2,1,1,0,0,0,113,113,18,41,22,15,9,7,1,94,62,32,5,93,0,16,24
51354567,0,,,1319,646,673,124,57,67,1073,525,548,796,408,388,1032,496,536,1002,481,521,277,117,160,109,42,67,35,12,23,3,0,3,42,19,23,500,498,146,143,93,79,28,7,2,321,284,37,33,169,28,39,56
51354568,0,,,162,56,106,5,4,1,157,52,105,24,11,13,157,52,105,157,52,105,133,41,92,117,30,87,88,20,68,18,1,17,0,0,0,18,15,3,6,3,2,1,0,0,12,10,2,1,6,0,1,2
51354569,0,,,201,104,97,23,11,12,178,93,85,126,68,58,169,87,82,165,84,81,52,25,27,24,10,14,6,1,5,1,0,1,7,3,4,77,77,21,18,17,13,7,1,0,55,48,7,5,30,7,7,8
51354570,0,,,33,17,16,2,2,0,31,15,16,11,6,5,31,15,16,31,15,16,20,9,11,9,3,6,4,1,3,0,0,0,0,0,0,13,13,2,6,2,2,1,0,0,11,9,2,0,12,0,2,5
51354571,0,,,19,7,12,0,0,0,19,7,12,11,4,7,19,7,12,19,7,12,8,3,5,5,2,3,1,0,1,0,0,0,0,0,0,8,8,2,2,3,1,0,0,0,6,5,1,0,6,0,2,1
51354575,0,,,47,25,22,3,1,2,42,23,19,15,10,5,42,23,19,42,23,19,27,13,14,9,5,4,3,3,0,0,0,0,0,0,0,17,17,1,10,2,1,2,1,0,15,12,3,2,15,0,1,6
51354576,0,,,91,41,50,14,8,6,69,29,40,41,19,22,67,29,38,66,28,38,28,10,18,15,4,11,7,2,5,0,0,0,0,0,0,32,32,8,8,6,5,3,1,1,21,12,9,6,22,0,6,4
51354577,0,,,76,36,40,7,3,4,67,32,35,30,14,16,65,31,34,65,31,34,37,18,19,12,6,6,5,2,3,0,0,0,1,0,1,27,27,2,12,7,3,1,2,0,24,16,8,1,23,0,2,6
51354578,0,,,63,32,31,0,0,0,63,32,31,35,21,14,63,32,31,62,31,31,28,11,17,15,4,11,4,2,2,0,0,0,1,0,1,25,25,6,8,7,1,2,1,0,18,16,2,0,18,0,6,3
51354579,0,,,1122,545,577,248,129,119,871,415,456,734,359,375,811,387,424,777,369,408,137,56,81,56,20,36,17,4,13,0,0,0,9,3,6,355,355,42,89,50,131,35,5,3,312,288,24,59,95,1,19,29
51354580,2,51354590,,4,1,3,*,*,*,*,*,*,*,*,*,*,*,*,*,*,*,*,*,*,*,*,*,*,*,*,*,*,*,*,*,*,3,3,*,*,*,*,*,*,*,*,*,*,*,*,*,*,*
51354585,0,,,21,13,8,2,2,0,19,11,8,14,9,5,19,11,8,18,10,8,5,2,3,4,2,2,0,0,0,0,0,0,0,0,0,5,5,0,2,0,0,1,2,0,5,2,3,1,3,0,0,1
51354586,0,,,352,181,171,23,12,11,329,169,160,182,98,84,326,168,158,323,167,156,147,71,76,66,28,38,26,9,17,4,0,4,0,0,0,127,127,24,40,31,14,12,4,2,101,72,29,4,93,0,15,24
51354587,0,,,115,57,58,12,7,5,103,50,53,59,32,27,103,50,53,100,47,53,44,18,26,16,7,9,9,2,7,0,0,0,0,0,0,42,42,8,17,6,7,0,2,2,33,26,7,2,28,0,8,7
51354588,0,,,26,13,13,0,0,0,26,13,13,15,8,7,26,13,13,26,13,13,11,5,6,5,2,3,2,0,2,0,0,0,0,0,0,9,9,1,3,1,4,0,0,0,8,5,3,0,6,0,0,1
51354589,0,,,182,85,97,9,8,1,173,77,96,79,35,44,172,77,95,172,77,95,94,42,52,50,23,27,22,4,18,1,0,1,2,0,2,65,65,9,24,15,11,3,1,2,56,39,17,1,57,0,9,16
51354590,1,,51354580,46,25,21,3,1,2,47,25,22,17,14,3,47,25,22,46,24,22,30,11,19,13,4,9,6,1,5,1,0,1,0,0,0,20,20,10,6,4,1,0,2,0,13,10,3,0,21,0,9,4
51354591,0,,,40,18,22,2,1,1,38,17,21,22,9,13,37,17,20,37,17,20,16,8,8,6,2,4,1,0,1,0,0,0,0,0,0,16,16,5,4,4,1,1,1,0,11,9,2,1,11,0,4,3
51354592,0,,,11,6,5,2,1,1,9,5,4,7,3,4,9,5,4,9,5,4,2,2,0,1,1,0,0,0,0,0,0,0,0,0,0,5,5,2,2,0,0,1,0,0,3,2,1,1,2,0,0,1
51354595,2,51354596,,7,5,2,*,*,*,*,*,*,*,*,*,*,*,*,*,*,*,*,*,*,*,*,*,*,*,*,*,*,*,*,*,*,3,3,*,*,*,*,*,*,*,*,*,*,*,*,*,*,*
51354596,1,,51354595,237,114,123,17,8,9,227,111,116,136,69,67,217,105,112,214,104,110,91,42,49,46,20,26,14,5,9,3,1,2,0,0,0,81,81,17,26,16,11,8,3,3,66,45,21,2,60,0,13,17
51354597,0,,,295,103,192,12,3,9,283,100,183,86,44,42,279,96,183,275,95,180,197,56,141,164,42,122,101,18,83,26,3,23,1,0,1,72,70,14,25,17,10,2,2,0,56,43,13,2,51,0,11,14
51354599,0,,,285,143,142,22,12,10,263,131,132,120,64,56,255,125,130,253,125,128,143,67,76,73,33,40,23,10,13,4,2,2,1,0,1,115,115,30,35,31,10,4,4,1,84,61,23,4,93,0,25,20
51354600,0,,,40,17,23,0,0,0,36,15,21,22,11,11,36,15,21,36,15,21,14,4,10,10,1,9,6,1,5,2,0,2,0,0,0,16,16,6,2,3,4,1,0,0,9,6,3,0,11,0,4,1
51354601,0,,,23,15,8,0,0,0,14,8,6,9,6,3,14,8,6,14,8,6,5,2,3,4,2,2,0,0,0,0,0,0,0,0,0,9,9,3,1,3,1,1,0,0,4,2,2,0,3,0,0,0
51354602,0,,,15,8,7,0,0,0,15,8,7,6,3,3,15,8,7,15,8,7,9,5,4,2,0,2,2,0,2,0,0,0,0,0,0,7,7,2,3,1,1,0,0,0,5,4,1,0,6,0,2,2
51354603,0,,,65,27,38,0,0,0,65,27,38,24,11,13,65,27,38,65,27,38,41,16,25,23,10,13,8,0,8,0,0,0,0,0,0,31,31,8,15,5,3,0,0,0,23,19,4,0,26,0,7,10
51354604,0,,,57,24,33,3,0,3,54,24,30,28,11,17,51,22,29,50,21,29,26,13,13,16,6,10,9,2,7,2,0,2,0,0,0,21,21,8,1,7,2,2,0,1,13,4,9,1,17,0,5,1
51354605,0,,,53,27,26,1,0,1,52,27,25,24,13,11,52,27,25,52,27,25,28,14,14,15,6,9,10,4,6,1,0,1,1,1,0,25,25,8,9,6,1,1,0,0,17,14,3,1,19,0,7,6
51354610,0,,,33,17,16,0,0,0,32,16,16,13,8,5,31,15,16,31,15,16,19,8,11,9,3,6,2,1,1,1,0,1,0,0,0,13,13,4,3,4,0,1,1,0,9,5,4,0,11,0,2,3
51354611,0,,,23,11,12,0,0,0,23,11,12,13,6,7,23,11,12,23,11,12,10,5,5,3,0,3,2,0,2,0,0,0,0,0,0,9,9,1,3,4,1,0,0,0,8,5,3,0,8,0,0,1
51354612,0,,,75,35,40,7,5,2,68,30,38,34,14,20,65,30,35,64,29,35,34,16,18,19,7,12,8,3,5,0,0,0,0,0,0,24,24,7,4,4,6,0,0,3,16,8,8,1,21,0,6,4
51354613,2,51354614,,9,5,4,*,*,*,*,*,*,*,*,*,*,*,*,*,*,*,*,*,*,*,*,*,*,*,*,*,*,*,*,*,*,3,3,*,*,*,*,*,*,*,*,*,*,*,*,*,*,*
51354614,1,,51354613,67,33,34,4,2,2,72,36,36,45,23,22,71,35,36,69,34,35,27,13,14,10,4,6,2,1,1,0,0,0,0,0,0,27,27,8,12,4,2,2,1,1,22,17,5,0,21,0,6,4
51354615,0,,,10,6,4,0,0,0,10,6,4,4,2,2,10,6,4,10,6,4,6,4,2,3,2,1,2,1,1,1,1,0,0,0,0,6,6,3,2,1,0,0,0,0,3,2,1,0,4,0,2,1
51354617,0,,,16,10,6,1,1,0,15,9,6,9,6,3,15,9,6,15,9,6,6,3,3,3,1,2,3,1,2,0,0,0,0,0,0,8,8,2,4,2,0,0,0,0,6,6,0,0,5,0,1,1
51354620,0,,,59,29,30,6,2,4,53,27,26,34,18,16,51,26,25,50,25,25,19,9,10,8,2,6,2,1,1,0,0,0,2,1,1,16,16,0,5,6,2,1,0,2,15,11,4,1,13,0,0,2
51354621,0,,,26,11,15,0,0,0,26,11,15,11,4,7,26,11,15,26,11,15,15,7,8,7,2,5,3,0,3,0,0,0,0,0,0,11,11,2,5,2,2,0,0,0,9,7,2,0,10,0,1,4
51354622,1,,51354631,85,42,43,7,3,4,86,44,42,43,21,22,84,43,41,82,42,40,43,23,20,20,12,8,8,3,5,1,0,1,0,0,0,31,31,8,7,9,4,3,1,1,24,16,8,2,26,0,5,4
51354623,0,,,170,81,89,15,10,5,155,71,84,72,32,40,153,71,82,150,68,82,83,39,44,46,19,27,19,8,11,0,0,0,0,0,0,69,69,17,29,9,5,7,1,1,52,40,12,5,56,1,13,18
51354624,0,,,201,96,105,12,6,6,189,90,99,103,53,50,188,89,99,186,89,97,86,37,49,54,23,31,12,6,6,2,0,2,23,6,17,98,98,41,29,18,6,1,2,1,57,44,13,4,58,21,16,16
51354625,0,,,93,50,43,0,0,0,93,50,43,41,24,17,93,50,43,93,50,43,52,26,26,28,13,15,14,5,9,0,0,0,0,0,0,45,45,15,15,13,1,1,0,0,30,23,7,0,38,0,12,10
51354626,0,,,65,26,39,1,0,1,64,26,38,24,12,12,63,26,37,63,26,37,40,14,26,26,7,19,10,2,8,1,0,1,0,0,0,29,29,8,14,3,2,0,2,0,21,17,4,0,27,0,7,8
51354627,0,,,10,5,5,0,0,0,10,5,5,3,2,1,10,5,5,10,5,5,7,3,4,4,1,3,4,1,3,1,0,1,1,0,1,7,7,4,3,0,0,0,0,0,3,3,0,0,5,0,3,1
51354629,0,,,57,21,36,8,3,5,49,18,31,25,10,15,49,18,31,49,18,31,24,8,16,11,1,10,7,0,7,0,0,0,1,1,0,24,24,9,6,5,3,0,0,1,15,12,3,2,20,0,7,2
51354630,0,,,73,33,40,8,2,6,65,31,34,35,15,20,63,31,32,63,31,32,30,16,14,10,5,5,4,2,2,0,0,0,0,0,0,25,25,3,11,5,2,1,2,1,22,18,4,1,20,0,2,6
51354631,2,51354622,,8,5,3,*,*,*,*,*,*,*,*,*,*,*,*,*,*,*,*,*,*,*,*,*,*,*,*,*,*,*,*,*,*,2,2,*,*,*,*,*,*,*,*,*,*,*,*,*,*,*
51354632,0,,,127,68,59,5,5,0,122,63,59,74,41,33,119,60,59,118,59,59,48,22,26,23,12,11,5,4,1,0,0,0,0,0,0,53,53,14,19,13,2,2,3,0,39,33,6,2,34,1,9,8
51354633,0,,,481,226,255,30,20,10,451,206,245,241,115,126,443,202,241,437,200,237,210,91,119,124,47,77,47,18,29,4,2,2,2,0,2,212,212,74,69,28,26,11,3,1,137,111,26,5,145,1,54,36
51354638,0,,,74,35,39,14,5,9,60,30,30,33,16,17,56,27,29,55,27,28,27,14,13,10,5,5,1,0,1,0,0,0,0,0,0,24,24,3,11,2,2,2,3,1,21,16,5,3,16,0,2,9
51354639,0,,,107,52,55,9,3,6,98,49,49,47,25,22,97,49,48,97,49,48,51,24,27,21,8,13,7,1,6,1,0,1,1,1,0,51,51,21,16,10,1,0,1,2,30,24,6,1,35,1,11,11
51354640,0,,,103,47,56,8,5,3,95,42,53,48,18,30,94,42,52,91,41,50,47,24,23,18,9,9,5,0,5,0,0,0,1,0,1,34,34,1,13,12,4,2,1,1,33,22,11,1,27,0,1,9
51354642,0,,,105,50,55,8,3,5,97,47,50,46,22,24,96,46,50,95,46,49,51,25,26,24,9,15,10,3,7,0,0,0,5,5,0,55,55,27,16,5,5,1,1,0,28,19,9,2,39,2,17,10
51354643,0,,,1014,479,535,68,41,27,946,438,508,482,241,241,924,425,499,913,420,493,464,197,267,267,103,164,100,39,61,4,3,1,0,0,0,451,451,149,160,82,22,23,11,4,302,254,48,19,327,0,114,96
51354644,0,,,50,22,28,6,4,2,44,18,26,22,8,14,44,18,26,44,18,26,22,10,12,12,6,6,0,0,0,0,0,0,0,0,0,22,22,7,6,6,2,1,0,0,14,13,1,1,15,0,5,5
51354645,0,,,72,29,43,12,4,8,60,25,35,41,18,23,55,24,31,53,23,30,19,7,12,10,2,8,4,1,3,0,0,0,0,0,0,24,24,7,3,5,4,2,3,0,16,11,5,3,16,0,7,2
51354648,0,,,194,84,110,12,8,4,182,76,106,87,40,47,180,75,105,180,75,105,95,36,59,54,17,37,22,5,17,3,0,3,0,0,0,91,91,33,32,13,8,4,1,0,57,44,13,3,66,2,22,20
51354649,0,,,19,10,9,2,1,1,17,9,8,8,5,3,17,9,8,17,9,8,9,4,5,6,3,3,3,0,3,1,0,1,0,0,0,8,8,2,3,1,2,0,0,0,6,5,1,0,6,0,1,2
51354650,0,,,120,58,62,9,2,7,109,55,54,61,33,28,108,55,53,104,52,52,48,22,26,23,10,13,8,4,4,0,0,0,4,0,4,39,39,7,12,7,5,3,3,2,31,19,12,3,29,3,3,5
51354651,0,,,274,129,145,25,13,12,249,116,133,130,62,68,244,114,130,242,113,129,119,54,65,57,23,34,21,6,15,1,0,1,0,0,0,95,95,12,35,22,14,5,5,2,83,64,19,7,73,0,9,28
51354652,0,,,800,370,430,61,31,30,738,339,399,371,177,194,729,333,396,718,329,389,367,162,205,209,86,123,73,27,46,4,0,4,1,0,1,350,350,110,124,60,33,12,7,4,240,203,37,16,246,7,73,85
51354653,0,,,1258,559,699,86,47,39,1171,512,659,567,272,295,1154,501,653,1137,497,640,604,240,364,355,118,237,150,40,110,17,2,15,16,6,10,489,487,147,165,75,57,31,6,6,338,265,73,29,351,4,114,97
51354654,0,,,157,80,77,10,6,4,147,74,73,77,42,35,143,73,70,141,72,69,70,32,38,46,22,24,13,6,7,0,0,0,0,0,0,56,56,11,18,9,11,4,2,1,45,31,14,3,44,0,10,14
51354657,0,,,47,21,26,6,4,2,41,17,24,20,7,13,41,17,24,41,17,24,21,10,11,11,6,5,3,2,1,0,0,0,0,0,0,18,18,4,7,3,3,0,0,1,14,10,4,0,15,0,3,5
51354658,0,,,69,34,35,1,0,1,68,34,34,37,18,19,66,33,33,65,32,33,31,16,15,16,8,8,5,3,2,0,0,0,0,0,0,37,37,18,12,3,2,2,0,0,19,18,1,1,22,0,9,8
51354659,2,51354669,,5,3,2,*,*,*,*,*,*,*,*,*,*,*,*,*,*,*,*,*,*,*,*,*,*,*,*,*,*,*,*,*,*,2,2,*,*,*,*,*,*,*,*,*,*,*,*,*,*,*
51354660,0,,,38,18,20,3,2,1,35,16,19,19,8,11,35,16,19,35,16,19,16,8,8,7,2,5,6,2,4,0,0,0,1,0,1,13,13,1,5,3,2,2,0,0,12,8,4,0,9,0,0,3
51354661,0,,,88,43,45,6,3,3,82,40,42,36,17,19,78,38,40,78,38,40,46,23,23,25,14,11,6,2,4,0,0,0,0,0,0,38,38,6,22,6,2,1,0,1,32,28,4,3,29,0,4,14
51354662,0,,,1832,824,1008,123,59,64,1700,763,937,883,462,421,1667,747,920,1639,735,904,817,301,516,490,142,348,232,40,192,41,3,38,65,38,27,742,740,298,235,108,66,30,2,1,436,389,47,24,401,34,136,102
51354663,0,,,1643,793,850,159,90,69,1473,699,774,889,457,432,1441,678,763,1421,665,756,584,242,342,301,122,179,87,29,58,5,1,4,35,19,16,759,757,297,224,111,85,30,9,1,457,389,68,46,429,31,172,102
51354664,0,,,836,397,439,53,28,25,778,368,410,405,203,202,759,359,400,742,350,392,373,165,208,213,82,131,64,20,44,4,0,4,6,2,4,362,362,111,132,54,38,18,6,3,251,208,43,13,249,9,64,80
51354665,0,,,330,162,168,30,13,17,298,148,150,170,81,89,292,145,147,289,144,145,128,67,61,54,25,29,12,4,8,1,0,1,0,0,0,142,142,35,57,28,14,7,1,0,105,88,17,10,86,0,22,30
51354666,0,,,388,172,216,20,9,11,368,163,205,155,69,86,365,162,203,363,161,202,213,94,119,103,45,58,30,11,19,6,3,3,7,1,6,162,162,35,69,34,12,8,3,1,127,93,34,2,137,0,28,41
51354667,0,,,530,254,276,35,19,16,495,235,260,259,130,129,484,228,256,476,226,250,236,105,131,119,48,71,32,12,20,3,1,2,38,28,10,242,242,91,78,35,24,5,6,3,151,130,21,8,165,14,57,49
51354668,0,,,374,175,199,29,14,15,345,161,184,190,99,91,334,158,176,326,151,175,155,62,93,75,26,49,40,15,25,1,0,1,2,2,0,144,144,35,46,23,26,10,4,0,109,79,30,4,105,0,28,23
51354669,1,,51354659,66,31,35,9,5,4,62,29,33,26,10,16,61,29,32,60,29,31,36,19,17,15,8,7,3,2,1,0,0,0,0,0,0,25,25,8,7,6,3,0,2,1,19,14,5,0,24,0,8,7
51354670,0,,,172,71,101,1,1,0,171,70,101,60,29,31,169,70,99,169,70,99,111,41,70,80,27,53,38,14,24,3,1,2,1,0,1,38,36,23,5,4,2,1,1,0,13,7,6,0,18,9,7,2
51354671,0,,,37,20,17,3,2,1,34,18,16,18,10,8,34,18,16,34,18,16,16,8,8,8,5,3,1,1,0,0,0,0,1,0,1,14,14,2,4,5,3,0,0,0,12,10,2,1,9,0,2,3
51354672,0,,,698,332,366,65,32,33,632,300,332,393,201,192,619,294,325,604,282,322,239,99,140,89,31,58,20,5,15,1,1,0,15,6,9,248,247,65,83,51,32,12,0,4,182,155,27,10,138,11,32,40
51354673,0,,,1712,808,904,156,85,71,1552,722,830,1062,517,545,1500,701,799,1444,676,768,490,205,285,204,74,130,40,7,33,1,0,1,13,5,8,673,673,143,233,147,108,29,8,5,526,461,65,32,350,3,90,94
51354674,0,,,1344,662,682,130,65,65,1214,597,617,860,424,436,1167,569,598,1136,553,583,354,173,181,144,73,71,31,14,17,1,0,1,2,0,2,499,499,78,174,119,89,30,8,1,417,374,43,25,240,0,48,80
51354675,0,,,2321,1122,1199,256,132,124,2062,990,1072,1410,675,735,1978,948,1030,1919,921,998,652,315,337,284,130,154,81,31,50,2,0,2,4,2,2,883,882,166,313,189,140,55,15,4,712,634,78,52,429,4,96,155
51354676,0,,,365,173,192,26,13,13,339,160,179,216,108,108,323,153,170,312,147,165,123,52,71,61,26,35,19,5,14,0,0,0,5,4,1,150,150,43,48,29,16,10,3,1,106,88,18,4,88,3,25,25
51354677,0,,,384,183,201,30,16,14,354,167,187,171,92,79,348,164,184,341,161,180,183,75,108,105,44,61,30,11,19,1,0,1,1,1,0,174,174,53,68,29,15,7,1,1,120,103,17,2,121,1,35,38
51354678,0,,,487,229,258,26,16,10,461,213,248,206,103,103,458,211,247,452,209,243,255,110,145,146,63,83,41,17,24,3,2,1,6,4,2,226,226,82,75,39,20,5,3,2,143,113,30,5,178,2,64,47
51354679,0,,,333,152,181,40,21,19,293,131,162,147,63,84,286,130,156,280,128,152,146,68,78,86,36,50,31,12,19,1,0,1,5,5,0,130,130,35,45,18,16,11,3,2,95,73,22,11,99,0,30,30
51354680,0,,,111,49,62,7,5,2,104,44,60,47,18,29,102,43,59,100,43,57,57,26,31,28,12,16,9,2,7,0,0,0,0,0,0,47,47,9,23,7,5,3,0,0,38,33,5,0,36,0,7,14
51354681,0,,,77,34,43,8,4,4,69,30,39,32,18,14,68,29,39,68,29,39,37,12,25,24,4,20,13,1,12,2,0,2,0,0,0,28,27,8,7,6,4,0,1,1,19,12,7,2,21,0,7,4
51354682,0,,,74,37,37,11,6,5,63,31,32,32,15,17,61,30,31,59,30,29,31,16,15,11,6,5,2,1,1,1,0,1,1,0,1,22,22,1,7,6,4,1,2,1,21,12,9,2,18,0,1,6
51354683,0,,,187,80,107,16,5,11,171,75,96,90,42,48,166,73,93,164,72,92,81,33,48,34,14,20,8,0,8,1,0,1,1,0,1,77,77,18,30,15,7,6,1,0,57,47,10,2,53,0,12,18
51354684,1,,51354695,409,197,212,45,23,22,375,177,198,235,110,125,359,165,194,350,162,188,140,67,73,54,19,35,22,7,15,1,0,1,5,2,3,158,158,29,58,37,22,10,3,1,130,116,14,10,94,1,21,29
51354685,0,,,763,388,375,125,73,52,637,315,322,449,219,230,609,302,307,587,290,297,188,96,92,64,26,38,26,9,17,2,0,2,13,10,3,272,272,43,82,69,51,20,5,2,229,202,27,27,121,4,23,42
51354686,0,,,504,233,271,37,15,22,467,218,249,311,153,158,447,207,240,436,201,235,156,65,91,72,28,44,26,8,18,5,0,5,6,2,4,189,189,38,61,41,31,12,5,1,150,124,26,8,97,0,21,28
51354687,0,,,210,99,111,8,5,3,202,94,108,100,50,50,199,92,107,197,91,106,102,44,58,52,22,30,18,8,10,1,1,0,0,0,0,89,89,26,35,11,9,4,3,1,62,45,17,0,71,0,20,23
51354688,0,,,180,87,93,8,2,6,172,85,87,68,34,34,169,83,86,166,82,84,104,51,53,49,21,28,18,7,11,0,0,0,0,0,0,74,74,14,37,11,6,1,5,0,60,46,14,4,66,0,11,27
51354689,0,,,57,32,25,6,4,2,51,28,23,16,10,6,51,28,23,51,28,23,35,18,17,25,12,13,3,1,2,0,0,0,0,0,0,27,27,9,11,5,1,0,0,1,18,16,2,1,22,0,6,9
51354690,0,,,130,59,71,7,3,4,123,56,67,63,30,33,122,56,66,119,54,65,60,26,34,29,15,14,6,2,4,2,0,2,0,0,0,49,49,8,17,12,10,1,0,1,41,29,12,4,36,0,4,12
51354691,0,,,12,5,7,0,0,0,11,5,6,2,1,1,11,5,6,11,5,6,9,4,5,4,1,3,0,0,0,0,0,0,0,0,0,7,7,2,5,0,0,0,0,0,5,5,0,0,5,0,0,4
51354692,0,,,34,13,21,3,0,3,31,13,18,17,9,8,31,13,18,31,13,18,14,4,10,10,3,7,6,3,3,0,0,0,2,0,2,14,14,6,2,3,1,1,1,0,8,5,3,0,10,0,5,1
51354693,0,,,195,75,120,6,2,4,189,73,116,54,31,23,187,72,115,187,72,115,135,42,93,107,29,78,68,15,53,17,2,15,7,2,5,50,49,18,12,7,9,0,1,2,31,22,9,2,41,0,15,6
51354694,0,,,32,14,18,1,1,0,31,13,18,11,3,8,31,13,18,31,13,18,20,10,10,12,5,7,4,2,2,0,0,0,0,0,0,13,13,3,5,2,2,1,0,0,10,7,3,0,12,0,2,3
51354695,2,51354684,,11,3,8,*,*,*,*,*,*,*,*,*,*,*,*,*,*,*,*,*,*,*,*,*,*,*,*,*,*,*,*,*,*,2,2,*,*,*,*,*,*,*,*,*,*,*,*,*,*,*
51354697,0,,,76,37,39,5,3,2,71,34,37,44,22,22,67,32,35,66,31,35,27,12,15,15,6,9,3,2,1,0,0,0,0,0,0,26,26,0,14,5,5,0,1,1,26,21,5,0,18,0,0,6
51354698,0,,,119,52,67,1,1,0,118,51,67,52,25,27,115,50,65,114,50,64,66,26,40,40,13,27,10,2,8,1,0,1,0,0,0,53,53,13,24,9,5,1,1,0,40,35,5,0,45,0,10,12
51354699,0,,,93,40,53,7,3,4,86,37,49,42,16,26,83,35,48,83,35,48,44,21,23,22,8,14,8,2,6,0,0,0,0,0,0,34,34,6,10,12,2,1,3,0,28,19,9,1,27,0,5,8
51354706,1,,51354716,88,35,53,6,1,5,93,37,56,48,21,27,91,36,55,90,35,55,45,16,29,24,4,20,10,1,9,1,0,1,2,1,1,42,42,17,15,5,3,5,0,0,28,21,7,3,33,1,10,9
51354714,2,51354715,,3,1,2,*,*,*,*,*,*,*,*,*,*,*,*,*,*,*,*,*,*,*,*,*,*,*,*,*,*,*,*,*,*,1,1,*,*,*,*,*,*,*,*,*,*,*,*,*,*,*
51354715,1,,51354714,24,9,15,1,1,0,26,9,17,10,5,5,26,9,17,25,8,17,16,4,12,11,1,10,4,1,3,0,0,0,0,0,0,16,16,11,4,1,0,1,0,0,5,4,1,1,14,0,9,2
51354716,2,51354706,,11,3,8,*,*,*,*,*,*,*,*,*,*,*,*,*,*,*,*,*,*,*,*,*,*,*,*,*,*,*,*,*,*,3,3,*,*,*,*,*,*,*,*,*,*,*,*,*,*,*
51354720,2,51354731,,1,0,1,*,*,*,*,*,*,*,*,*,*,*,*,*,*,*,*,*,*,*,*,*,*,*,*,*,*,*,*,*,*,1,1,*,*,*,*,*,*,*,*,*,*,*,*,*,*,*
51354723,0,,,86,39,47,3,1,2,83,38,45,40,25,15,82,37,45,82,37,45,43,13,30,28,6,22,17,2,15,2,0,2,0,0,0,42,42,17,10,13,0,2,0,0,25,21,4,2,31,0,13,5
51354724,0,,,24,10,14,2,0,2,22,10,12,6,4,2,22,10,12,22,10,12,16,6,10,10,4,6,4,1,3,0,0,0,0,0,0,15,15,9,4,1,1,0,0,0,6,5,1,1,12,0,7,2
51354731,1,,51354720,17,8,9,0,0,0,18,8,10,7,3,4,18,8,10,18,8,10,11,5,6,6,2,4,4,1,3,1,0,1,0,0,0,6,6,1,3,2,0,1,0,0,6,4,2,0,7,0,1,3
51354733,0,,,98,48,50,5,4,1,93,44,49,38,19,19,93,44,49,92,44,48,55,25,30,31,12,19,11,5,6,0,0,0,1,1,0,50,50,18,21,8,2,0,1,0,32,31,1,2,36,1,12,16
51354734,0,,,11,6,5,1,1,0,10,5,5,7,4,3,10,5,5,10,5,5,3,1,2,1,0,1,0,0,0,0,0,0,0,0,0,7,7,4,2,1,0,0,0,0,3,3,0,0,3,1,2,1
51354735,0,,,9,4,5,0,0,0,9,4,5,2,2,0,9,4,5,9,4,5,7,2,5,6,1,5,4,1,3,2,1,1,0,0,0,6,6,3,3,0,0,0,0,0,3,3,0,0,5,0,2,1
51354741,0,,,37,17,20,0,0,0,37,17,20,23,12,11,37,17,20,37,17,20,14,5,9,7,0,7,2,0,2,0,0,0,0,0,0,12,12,1,5,2,2,1,0,1,11,7,4,0,12,0,1,3
51354743,2,51354753,,5,1,4,*,*,*,*,*,*,*,*,*,*,*,*,*,*,*,*,*,*,*,*,*,*,*,*,*,*,*,*,*,*,3,3,*,*,*,*,*,*,*,*,*,*,*,*,*,*,*
51354744,0,,,68,35,33,9,5,4,58,29,29,36,17,19,56,28,28,56,28,28,22,12,10,8,4,4,2,0,2,1,0,1,0,0,0,30,30,10,11,2,6,0,1,0,20,16,4,5,15,0,5,5
51354745,0,,,163,86,77,10,6,4,153,80,73,78,42,36,152,79,73,150,77,73,75,38,37,38,19,19,15,4,11,1,0,1,3,3,0,72,72,21,25,15,8,3,0,0,50,41,9,3,49,3,11,17
51354746,0,,,14,8,6,0,0,0,14,8,6,8,6,2,14,8,6,14,8,6,6,2,4,6,2,4,3,2,1,0,0,0,3,3,0,8,8,5,2,0,0,1,0,0,3,2,1,0,4,3,1,1
51354749,2,51354759,,5,3,2,*,*,*,*,*,*,*,*,*,*,*,*,*,*,*,*,*,*,*,*,*,*,*,*,*,*,*,*,*,*,5,5,*,*,*,*,*,*,*,*,*,*,*,*,*,*,*
51354750,0,,,34,15,19,0,0,0,34,15,19,13,4,9,34,15,19,34,15,19,21,11,10,10,5,5,3,2,1,0,0,0,0,0,0,16,16,6,5,3,1,1,0,0,10,8,2,0,14,0,5,3
51354751,0,,,228,105,123,18,11,7,210,94,116,87,39,48,210,94,116,209,94,115,123,55,68,61,25,36,20,6,14,0,0,0,2,0,2,102,102,27,42,20,9,3,1,0,75,61,14,6,85,0,23,29
51354752,0,,,142,64,78,5,2,3,137,62,75,56,26,30,133,60,73,133,60,73,81,36,45,42,17,25,23,10,13,3,0,3,0,0,0,64,64,21,21,14,4,3,1,0,43,33,10,1,55,0,19,12
51354753,1,,51354743,40,21,19,2,0,2,43,22,21,17,8,9,43,22,21,43,22,21,26,14,12,9,6,3,2,2,0,0,0,0,0,0,0,21,21,11,8,4,0,0,1,0,13,11,2,1,19,0,7,5
51354754,0,,,126,59,67,2,0,2,124,59,65,50,29,21,123,59,64,122,58,64,74,30,44,40,14,26,14,5,9,2,0,2,0,0,0,54,54,12,25,9,4,3,1,0,42,28,14,0,50,0,10,14
51354755,0,,,74,28,46,1,1,0,73,27,46,43,13,30,73,27,46,72,27,45,30,14,16,20,8,12,10,6,4,0,0,0,14,0,14,41,41,22,11,4,3,0,1,0,19,16,3,0,22,13,7,4
51354758,2,51354759,,2,1,1,*,*,*,*,*,*,*,*,*,*,*,*,*,*,*,*,*,*,*,*,*,*,*,*,*,*,*,*,*,*,1,1,*,*,*,*,*,*,*,*,*,*,*,*,*,*,*
51354759,1,,51354749;51354758,128,55,73,2,1,1,133,58,75,33,20,13,133,58,75,133,58,75,100,38,62,60,23,37,18,7,11,1,1,0,1,0,1,74,74,38,32,7,3,0,0,0,42,39,3,1,69,0,31,21
51354760,0,,,161,73,88,7,3,4,154,70,84,85,42,43,150,68,82,145,66,79,69,28,41,44,16,28,17,7,10,0,0,0,0,0,0,59,59,15,15,13,7,6,2,1,44,23,21,1,50,0,13,10
51354761,0,,,109,31,78,2,1,1,107,30,77,18,10,8,106,30,76,106,30,76,89,20,69,82,16,66,59,10,49,4,0,4,0,0,0,15,14,5,5,0,3,0,1,0,9,6,3,0,11,0,4,4
51354762,0,,,36,14,22,0,0,0,36,14,22,11,6,5,36,14,22,36,14,22,25,8,17,14,5,9,5,1,4,1,0,1,0,0,0,20,20,8,9,2,1,0,0,0,12,11,1,0,17,0,6,6
51354763,0,,,123,57,66,7,6,1,116,51,65,54,25,29,116,51,65,115,50,65,62,26,36,37,12,25,14,2,12,1,1,0,0,0,0,53,53,16,19,10,3,4,0,1,36,24,12,2,44,0,14,13
51354764,0,,,350,153,197,9,3,6,341,150,191,124,52,72,340,150,190,337,149,188,217,98,119,105,44,61,38,13,25,4,1,3,0,0,0,168,168,55,68,30,9,4,1,1,113,92,21,3,145,1,45,47
51354765,0,,,21,8,13,0,0,0,21,8,13,7,2,5,21,8,13,21,8,13,14,6,8,10,4,6,4,0,4,0,0,0,3,0,3,13,13,7,4,2,0,0,0,0,6,5,1,0,8,3,3,3
51354768,0,,,86,43,43,6,6,0,80,37,43,43,22,21,79,36,43,79,36,43,37,15,22,24,9,15,10,2,8,0,0,0,0,0,0,40,40,10,21,4,3,2,0,0,30,30,0,1,26,0,8,11
51354770,0,,,54,29,25,5,3,2,49,26,23,23,13,10,46,24,22,46,24,22,26,13,13,11,5,6,4,0,4,2,0,2,0,0,0,19,19,5,4,4,4,0,1,1,14,9,5,1,15,0,4,1
51354773,0,,,25,9,16,2,0,2,23,9,14,6,1,5,23,9,14,23,9,14,17,8,9,9,4,5,3,1,2,0,0,0,0,0,0,12,12,6,2,3,0,0,1,0,6,4,2,0,12,0,6,1
51354774,0,,,67,32,35,2,2,0,65,30,35,37,17,20,63,29,34,62,28,34,28,13,15,13,6,7,7,2,5,0,0,0,2,0,2,28,28,5,13,5,4,1,0,0,23,20,3,0,18,0,5,6
51354775,0,,,37,17,20,1,0,1,36,17,19,9,6,3,36,17,19,36,17,19,27,11,16,13,5,8,4,2,2,1,0,1,0,0,0,21,21,8,12,0,0,1,0,0,13,11,2,1,16,0,5,9
51354776,0,,,88,41,47,9,5,4,79,36,43,40,19,21,79,36,43,78,35,43,39,17,22,22,10,12,7,3,4,1,0,1,0,0,0,38,38,13,11,8,3,1,2,0,25,20,5,4,26,1,10,10
51354777,0,,,149,72,77,4,2,2,145,70,75,55,31,24,143,68,75,142,67,75,90,39,51,56,20,36,37,13,24,6,2,4,1,1,0,54,53,14,22,10,2,5,0,0,39,31,8,1,39,0,7,17
51354778,0,,,40,21,19,4,2,2,36,19,17,16,11,5,36,19,17,36,19,17,20,8,12,14,5,9,4,1,3,0,0,0,0,0,0,23,23,13,7,0,2,1,0,0,10,9,1,1,16,0,8,5
51354779,0,,,10,5,5,0,0,0,10,5,5,4,3,1,10,5,5,10,5,5,6,2,4,3,1,2,0,0,0,0,0,0,0,0,0,7,7,4,3,0,0,0,0,0,3,3,0,0,5,0,3,1
51354780,0,,,97,47,50,6,2,4,91,45,46,41,20,21,88,42,46,87,41,46,50,25,25,20,9,11,7,2,5,0,0,0,0,0,0,47,47,20,15,5,5,0,2,0,27,23,4,1,36,0,17,11
51354781,0,,,13,5,8,1,0,1,12,5,7,6,3,3,11,5,6,11,5,6,6,2,4,1,0,1,0,0,0,0,0,0,0,0,0,7,7,2,4,1,0,0,0,0,5,5,0,0,5,0,2,2
51354784,0,,,16,8,8,2,2,0,14,6,8,4,1,3,14,6,8,14,6,8,10,5,5,4,2,2,2,2,0,0,0,0,0,0,0,7,7,2,3,1,0,1,0,0,5,4,1,0,6,0,1,3
51354787,0,,,123,56,67,10,5,5,113,51,62,45,22,23,108,48,60,108,48,60,68,29,39,38,16,22,14,5,9,1,0,1,0,0,0,60,60,22,23,7,6,2,0,0,38,30,8,3,48,0,20,12
51354789,1,,51354799,34,15,19,0,0,0,35,16,19,12,5,7,35,16,19,34,16,18,23,11,12,11,4,7,4,1,3,0,0,0,0,0,0,19,19,9,8,2,1,0,0,0,11,10,1,0,17,1,6,5
51354790,0,,,294,138,156,14,8,6,280,130,150,135,65,70,273,125,148,270,124,146,145,65,80,82,35,47,27,9,18,1,0,1,0,0,0,131,131,38,54,19,12,5,3,0,93,74,19,0,101,0,28,34
51354791,0,,,210,101,109,9,4,5,201,97,104,80,41,39,198,96,102,198,96,102,121,56,65,63,26,37,23,10,13,1,0,1,0,0,0,95,95,27,42,12,9,3,2,0,67,58,9,3,81,0,23,30
51354792,0,,,25,12,13,0,0,0,25,12,13,11,7,4,25,12,13,24,11,13,14,5,9,6,2,4,4,2,2,0,0,0,0,0,0,14,14,6,5,3,0,0,0,0,8,7,1,0,11,0,5,3
51354793,0,,,17,8,9,4,3,1,13,5,8,6,2,4,13,5,8,13,5,8,7,3,4,2,1,1,1,0,1,0,0,0,0,0,0,6,6,1,3,1,0,0,0,1,5,3,2,1,4,0,1,2
51354794,0,,,52,24,28,2,2,0,50,22,28,23,11,12,50,22,28,50,22,28,27,11,16,19,7,12,7,4,3,0,0,0,0,0,0,24,24,9,5,8,1,1,0,0,15,9,6,1,18,0,6,4
51354796,0,,,14,5,9,0,0,0,14,5,9,6,2,4,14,5,9,14,5,9,8,3,5,6,2,4,2,0,2,0,0,0,0,0,0,9,9,5,3,1,0,0,0,0,4,4,0,0,7,0,5,1
51354797,0,,,21,10,11,1,1,0,20,9,11,14,7,7,20,9,11,19,8,11,6,2,4,4,1,3,2,0,2,0,0,0,0,0,0,7,7,1,2,1,2,1,0,0,6,3,3,0,5,0,0,1
51354798,0,,,46,24,22,2,2,0,44,22,22,18,12,6,44,22,22,44,22,22,26,10,16,16,5,11,4,1,3,2,1,1,0,0,0,24,24,12,5,4,3,0,0,0,12,10,2,1,20,0,11,2
51354799,2,51354789,,1,1,0,*,*,*,*,*,*,*,*,*,*,*,*,*,*,*,*,*,*,*,*,*,*,*,*,*,*,*,*,*,*,1,1,*,*,*,*,*,*,*,*,*,*,*,*,*,*,*
51355119,2,51354283,,1,1,0,*,*,*,*,*,*,*,*,*,*,*,*,*,*,*,*,*,*,*,*,*,*,*,*,*,*,*,*,*,*,1,1,*,*,*,*,*,*,*,*,*,*,*,*,*,*,*
51355205,0,,,2149,1055,1094,200,105,95,1916,929,987,1257,636,621,1854,890,964,1822,874,948,659,293,366,319,122,197,95,37,58,4,2,2,51,23,28,1010,1009,391,305,160,112,31,7,3,609,549,60,52,470,42,169,130
51355206,0,,,4683,2215,2468,445,223,222,4168,1951,2217,2699,1331,1368,4029,1877,2152,3945,1839,2106,1469,620,849,810,331,479,277,81,196,26,3,23,134,58,76,1945,1934,671,581,335,252,69,19,7,1241,1138,103,135,797,80,228,250
51355207,0,,,4342,2057,2285,484,250,234,3818,1778,2040,2545,1257,1288,3705,1715,1990,3627,1678,1949,1273,521,752,675,236,439,218,71,147,11,2,9,87,41,46,1835,1829,631,554,332,204,88,13,7,1176,1074,102,143,803,50,280,208
51355208,0,,,2592,1262,1330,303,167,136,2267,1081,1186,1583,802,781,2150,1024,1126,2078,988,1090,684,279,405,353,142,211,97,31,66,11,3,8,19,9,10,992,991,245,292,188,195,50,16,5,741,672,69,72,432,23,108,134
51355209,0,,,3177,1444,1733,306,159,147,2856,1276,1580,1662,786,876,2772,1241,1531,2704,1207,1497,1194,490,704,648,253,395,167,53,114,7,1,6,11,6,5,1349,1348,403,475,222,161,61,22,4,939,842,97,70,822,6,289,253
51355216,0,,,2781,1350,1431,224,108,116,2520,1218,1302,1708,857,851,2433,1178,1255,2363,1147,1216,812,361,451,401,164,237,86,24,62,4,3,1,52,23,29,1182,1182,372,357,214,166,54,14,5,802,713,89,59,555,49,149,160
51355217,0,,,7463,3551,3912,938,495,443,6433,3002,3431,4608,2212,2396,6213,2895,3318,6016,2807,3209,1825,790,1035,917,383,534,210,65,145,9,1,8,85,27,58,3130,3125,930,1001,565,427,169,23,10,2166,2020,146,274,1255,82,420,391
51355218,0,,,5531,2668,2863,757,399,358,4731,2246,2485,3362,1623,1739,4553,2162,2391,4425,2093,2332,1369,623,746,660,274,386,154,48,106,8,3,5,60,25,35,2160,2158,540,646,436,362,128,37,9,1594,1413,181,205,921,53,242,261
51355219,0,,,6415,3087,3328,611,341,270,5752,2707,3045,4135,1992,2143,5535,2608,2927,5389,2540,2849,1617,715,902,749,304,445,202,73,129,11,3,8,63,24,39,2444,2442,582,772,565,371,113,29,10,1835,1663,172,179,1002,35,257,302
51355226,0,,,375,188,187,31,19,12,332,162,170,215,109,106,327,162,165,324,162,162,117,53,64,61,26,35,9,2,7,0,0,0,4,3,1,180,178,69,60,22,18,8,1,0,105,101,4,6,80,11,21,27
51355227,0,,,5214,2544,2670,614,328,286,4511,2171,2340,3025,1515,1510,4341,2078,2263,4235,2023,2212,1486,656,830,769,313,456,230,69,161,17,5,12,71,52,19,2224,2220,758,652,379,305,93,24,9,1435,1316,119,135,945,104,302,291
51355228,0,,,4798,2256,2542,666,304,362,4084,1926,2158,2959,1455,1504,3868,1810,2058,3745,1756,1989,1125,471,654,647,235,412,248,59,189,39,6,33,34,23,11,1806,1796,483,491,340,344,104,25,9,1293,1199,94,160,646,54,184,198
51355229,0,,,7621,3677,3944,1032,533,499,6498,3095,3403,4774,2359,2415,6148,2904,3244,5935,2799,3136,1724,736,988,910,376,534,271,88,183,17,2,15,58,33,25,3108,3102,985,809,564,517,180,37,10,2091,1902,189,234,1186,95,406,327
51355237,0,,,4778,2351,2427,572,288,284,4179,2048,2131,3037,1492,1545,4009,1947,2062,3879,1878,2001,1142,556,586,505,232,273,124,51,73,8,2,6,68,43,25,1898,1898,418,650,397,319,94,17,3,1465,1378,87,143,751,61,149,311
51355238,0,,,6891,3289,3602,691,366,325,6091,2869,3222,4118,2051,2067,5896,2767,3129,5753,2693,3060,1973,818,1155,1097,406,691,347,107,240,20,6,14,78,36,42,3067,3060,1156,841,484,408,137,22,12,1875,1691,184,196,1353,108,475,351
51355239,0,,,5121,2438,2683,718,353,365,4334,2048,2286,3021,1492,1529,4141,1956,2185,4016,1898,2118,1313,556,757,676,254,422,203,56,147,15,0,15,50,28,22,2037,2032,630,539,376,320,128,24,15,1388,1257,131,185,841,65,280,229
51355247,0,,,1,1,0,0,0,0,0,0,0,0,0,0,0,0,0,0,0,0,0,0,0,0,0,0,0,0,0,0,0,0,0,0,0,1,0,0,0,0,0,0,0,0,0,0,0,0,0,0,0,0
51355248,0,,,3565,1709,1856,324,176,148,3220,1524,1696,2153,1052,1101,3078,1453,1625,2978,1410,1568,1067,472,595,525,210,315,131,42,89,5,0,5,38,19,19,1505,1503,424,506,283,205,63,18,4,1058,974,84,71,731,22,225,223
51355249,0,,,9489,4421,5068,1284,645,639,8043,3711,4332,5481,2645,2836,7781,3590,4191,7598,3491,4107,2562,1066,1496,1373,511,862,482,143,339,40,10,30,70,29,41,3920,3915,1290,1058,719,586,200,48,14,2591,2342,249,372,1672,98,549,447
51355258,0,,,19,15,4,0,0,0,19,15,4,17,14,3,19,15,4,19,15,4,2,1,1,1,0,1,1,0,1,0,0,0,11,11,0,14,14,12,0,1,1,0,0,0,2,2,0,0,2,10,1,0
51355259,0,,,6890,3301,3589,782,402,380,5942,2825,3117,3799,1902,1897,5748,2727,3021,5618,2659,2959,2143,923,1220,1108,426,682,334,112,222,20,4,16,83,51,32,2996,2995,1075,851,494,346,163,49,17,1901,1662,239,172,1483,66,498,411
51355269,0,,,1198,555,643,164,76,88,1030,478,552,816,385,431,988,461,527,928,430,498,214,93,121,77,32,45,9,1,8,1,0,1,18,8,10,483,483,124,143,107,85,18,5,1,353,338,15,37,152,8,49,45
51355300,0,,,2260,1128,1132,267,129,138,1987,998,989,1320,690,630,1918,963,955,1873,933,940,667,308,359,340,146,194,94,29,65,4,1,3,23,14,9,714,712,154,197,151,139,46,20,5,552,477,75,68,291,15,56,80
51355301,0,,,783,383,400,309,153,156,474,230,244,401,206,195,441,210,231,429,202,227,73,24,49,53,15,38,22,4,18,3,0,3,6,3,3,196,189,13,30,33,83,24,4,2,176,171,5,67,20,0,5,6
51355302,0,,,990,469,521,101,50,51,884,418,466,525,256,269,859,406,453,845,398,447,359,162,197,161,71,90,40,14,26,2,1,1,0,0,0,349,349,60,114,69,61,27,11,7,286,222,64,15,232,0,40,68
51355303,0,,,140,56,84,1,1,0,139,55,84,53,31,22,135,53,82,132,50,82,86,24,62,62,14,48,34,5,29,9,0,9,0,0,0,30,29,4,4,13,4,2,1,1,25,17,8,0,21,0,2,2
51355304,0,,,160,121,39,4,1,3,156,120,36,133,109,24,156,120,36,129,97,32,23,11,12,10,7,3,2,1,1,0,0,0,0,0,0,129,129,113,8,3,4,0,1,0,16,14,2,0,15,84,2,4
51355305,0,,,532,245,287,59,30,29,462,210,252,259,128,131,439,199,240,433,196,237,203,82,121,118,39,79,41,8,33,6,0,6,4,4,0,183,182,54,53,25,22,14,10,4,126,96,30,11,105,3,26,28
51355306,0,,,534,273,261,49,29,20,485,244,241,292,156,136,475,239,236,461,231,230,193,88,105,95,39,56,28,6,22,1,0,1,17,16,1,204,204,55,56,37,35,13,5,3,149,115,34,13,123,9,31,28
51355307,0,,,12,6,6,2,2,0,10,4,6,7,3,4,9,4,5,9,4,5,3,1,2,0,0,0,0,0,0,0,0,0,0,0,0,4,4,0,2,0,2,0,0,0,4,4,0,1,2,0,0,1
51355308,0,,,306,167,139,15,6,9,284,154,130,177,106,71,276,148,128,269,144,125,107,48,59,47,16,31,14,4,10,1,0,1,26,26,0,122,122,49,22,21,15,4,8,3,73,48,25,2,72,2,17,10
51355309,0,,,1100,516,584,70,26,44,1030,490,540,575,299,276,996,476,520,969,459,510,455,191,264,230,87,143,83,26,57,17,6,11,2,2,0,362,361,69,121,66,49,28,21,7,292,219,73,12,252,1,51,63
51355310,0,,,192,90,102,27,17,10,165,73,92,108,48,60,154,69,85,151,68,83,57,25,32,31,14,17,4,2,2,0,0,0,0,0,0,71,71,18,20,9,16,5,3,0,51,44,7,6,40,1,13,10
51355311,0,,,3166,1461,1705,331,162,169,2814,1291,1523,1700,793,907,2741,1258,1483,2682,1229,1453,1114,498,616,539,225,314,142,41,101,21,2,19,43,28,15,1332,1329,373,490,262,142,52,6,4,942,884,58,85,650,23,173,243
51355312,0,,,1397,617,780,103,54,49,1293,562,731,500,245,255,1263,550,713,1238,538,700,793,317,476,540,191,349,248,68,180,20,1,19,1,1,0,365,362,63,127,83,52,24,9,4,296,251,45,24,237,1,45,84
51355313,0,,,342,195,147,1,1,0,341,194,147,246,154,92,340,193,147,340,193,147,95,40,55,51,20,31,18,5,13,1,0,1,1,1,0,15,9,0,4,3,2,0,0,0,9,8,1,0,6,0,0,3
51355314,0,,,209,100,109,27,16,11,182,84,98,107,57,50,180,82,98,175,77,98,75,27,48,46,12,34,19,4,15,2,0,2,0,0,0,69,68,13,23,14,5,8,4,1,54,38,16,4,38,0,10,9
51355315,0,,,1339,610,729,147,79,68,1183,528,655,632,309,323,1155,514,641,1125,494,631,551,219,332,343,113,230,147,26,121,23,2,21,29,18,11,436,431,101,126,83,61,39,14,7,328,256,72,33,257,17,48,81
51355316,0,,,460,226,234,31,16,15,425,207,218,239,127,112,416,203,213,408,200,208,186,80,106,104,37,67,34,11,23,2,0,2,25,21,4,191,191,66,50,40,17,9,3,6,124,90,34,8,121,14,32,32
51355318,0,,,107,57,50,12,8,4,87,45,42,58,31,27,86,44,42,82,41,41,29,14,15,13,6,7,3,1,2,0,0,0,1,1,0,31,31,6,5,7,5,1,5,2,24,14,10,6,19,0,3,3
51355319,0,,,1173,540,633,92,54,38,1057,471,586,579,289,290,1030,456,574,1008,450,558,478,182,296,275,95,180,96,12,84,13,0,13,1,0,1,404,402,62,147,86,64,28,9,6,329,258,71,17,261,1,37,79
51355320,0,,,4023,1964,2059,549,277,272,3426,1668,1758,2310,1159,1151,3321,1613,1708,3234,1559,1675,1116,509,607,569,240,329,168,60,108,13,4,9,13,5,8,1569,1567,422,473,297,240,99,30,6,1123,1006,117,160,693,35,178,225
51355321,0,,,5577,2688,2889,682,354,328,4838,2312,2526,3554,1753,1801,4607,2193,2414,4434,2106,2328,1284,559,725,594,230,364,157,36,121,17,6,11,24,12,12,2037,2034,416,594,443,408,131,25,17,1592,1456,136,166,798,25,172,261
51355322,0,,,3337,1576,1761,565,288,277,2747,1281,1466,1884,916,968,2616,1218,1398,2546,1183,1363,863,365,498,468,186,282,133,40,93,10,2,8,12,10,2,1176,1175,207,373,249,211,106,20,9,953,861,92,110,510,9,107,185
51355323,0,,,784,377,407,80,47,33,696,327,369,437,205,232,673,316,357,657,308,349,259,122,137,129,58,71,31,13,18,1,1,0,0,0,0,279,279,52,83,63,49,18,9,5,226,183,43,16,167,0,29,46
51355324,0,,,677,361,316,67,32,35,592,320,272,387,225,162,571,305,266,559,300,259,205,95,110,121,53,68,16,4,12,0,0,0,22,21,1,279,277,102,75,44,37,11,6,2,174,152,22,20,136,22,38,44
51355325,0,,,369,184,185,34,17,17,330,165,165,211,114,97,323,162,161,315,156,159,119,51,68,55,23,32,15,6,9,1,1,0,0,0,0,131,131,25,39,27,23,12,4,1,106,83,23,11,77,0,12,22
51355326,0,,,2029,984,1045,515,250,265,1510,730,780,1040,511,529,1455,707,748,1432,694,738,470,219,251,245,109,136,90,29,61,12,3,9,20,12,8,605,602,63,148,120,189,65,11,6,539,491,48,116,236,1,34,88
51355327,0,,,2402,1160,1242,814,397,417,1583,760,823,1348,657,691,1557,746,811,1533,730,803,235,103,132,127,61,66,30,15,15,1,0,1,41,16,25,733,733,41,153,215,232,77,10,5,691,649,42,360,146,0,28,56
51355328,0,,,856,402,454,60,33,27,789,364,425,468,232,236,766,354,412,754,350,404,321,132,189,164,62,102,38,11,27,3,2,1,0,0,0,326,326,67,119,64,41,19,13,3,254,207,47,12,212,1,47,62
51355329,0,,,266,129,137,22,12,10,244,117,127,127,70,57,240,114,126,239,113,126,117,47,70,76,26,50,26,5,21,1,0,1,0,0,0,104,104,24,38,20,13,4,2,3,77,63,14,5,78,0,19,17
51355330,0,,,10069,4695,5374,1018,516,502,8790,4069,4721,5822,2827,2995,8537,3951,4586,8346,3849,4497,2968,1242,1726,1489,578,911,355,100,255,14,2,12,135,62,73,4899,4889,2077,1425,777,456,128,19,7,2755,2585,170,318,2093,175,863,555
51355331,0,,,7969,3804,4165,1073,538,535,6802,3229,3573,4906,2385,2521,6544,3101,3443,6356,3001,3355,1896,844,1052,873,370,503,184,59,125,11,4,7,87,39,48,3233,3233,954,904,624,515,166,50,20,2239,2006,233,287,1295,129,339,371
51355332,0,,,4052,1981,2071,583,306,277,3438,1665,1773,2311,1149,1162,3337,1614,1723,3245,1569,1676,1127,516,611,531,246,285,97,28,69,5,0,5,43,22,21,1478,1477,301,483,306,253,93,31,10,1170,1062,108,140,704,19,155,250
51355333,0,,,2620,1286,1334,595,298,297,2001,979,1022,1462,753,709,1924,940,984,1888,920,968,539,226,313,302,104,198,94,25,69,10,1,9,15,11,4,741,734,134,169,147,182,82,11,9,592,550,42,169,191,10,43,63
51355334,0,,,1179,582,597,113,56,57,1053,521,532,704,360,344,1018,500,518,994,486,508,349,161,188,191,82,109,47,17,30,1,0,1,1,1,0,409,409,73,124,81,71,40,11,9,331,254,77,27,229,2,35,62
51355335,0,,,1711,830,881,115,51,64,1586,774,812,766,418,348,1555,760,795,1528,747,781,820,356,464,564,235,329,197,62,135,15,3,12,28,24,4,411,408,121,121,70,65,20,6,5,284,259,25,27,154,26,28,66
51355336,0,,,6427,3076,3351,1055,541,514,5326,2506,2820,3890,1874,2016,4983,2332,2651,4772,2226,2546,1436,632,804,785,353,432,155,56,99,13,3,10,104,39,65,2300,2298,434,641,476,533,170,39,5,1848,1720,128,179,896,83,174,344
51355337,0,,,6280,3042,3238,1332,699,633,4933,2331,2602,3410,1659,1751,4681,2195,2486,4547,2137,2410,1523,672,851,849,395,454,171,74,97,10,1,9,21,12,9,2143,2142,302,643,407,545,194,39,12,1835,1686,149,260,953,4,196,408
51355338,0,,,504,212,292,38,20,18,450,183,267,213,103,110,442,178,264,438,175,263,237,80,157,147,40,107,76,9,67,14,0,14,3,1,2,171,170,42,58,34,19,10,5,2,123,94,29,11,108,1,25,32
51355339,0,,,2667,1326,1341,459,249,210,2208,1077,1131,1606,803,803,2044,986,1058,1951,930,1021,602,274,328,247,120,127,46,14,32,8,0,8,16,10,6,876,876,95,252,194,220,88,23,4,779,710,69,56,374,2,58,142
51355340,0,,,7468,3536,3932,946,483,463,6263,2938,3325,4636,2232,2404,6012,2811,3201,5858,2742,3116,1627,706,921,856,328,528,288,92,196,23,2,21,125,64,61,3323,3318,1313,810,571,469,116,27,12,1974,1822,152,259,1060,174,339,293
51355341,0,,,7085,3393,3692,906,492,414,6052,2847,3205,4216,2060,2156,5812,2727,3085,5642,2639,3003,1836,787,1049,976,372,604,310,112,198,34,5,29,66,29,37,2935,2931,934,828,545,445,139,27,13,1959,1782,177,243,1176,88,336,343
51355342,0,,,6306,2894,3412,876,441,435,5336,2412,2924,3411,1630,1781,5154,2332,2822,5033,2271,2762,1925,782,1143,1092,407,685,336,80,256,34,5,29,37,22,15,2591,2586,804,801,441,370,129,33,8,1764,1607,157,229,1207,45,398,359
51355343,0,,,3525,1710,1815,506,242,264,2985,1453,1532,2060,1049,1011,2876,1396,1480,2807,1365,1442,925,404,521,495,211,284,119,43,76,8,1,7,46,32,14,1343,1342,310,408,280,221,92,22,9,1010,887,123,151,593,33,115,177
51355344,0,,,4301,2097,2204,535,275,260,3717,1805,1912,2492,1259,1233,3571,1731,1840,3465,1668,1797,1225,546,679,635,265,370,184,58,126,15,2,13,75,42,33,1575,1569,368,471,319,262,105,33,11,1176,1040,136,120,744,37,157,247
51355345,0,,,2324,1150,1174,356,188,168,1875,912,963,1382,691,691,1803,876,927,1743,842,901,493,221,272,251,108,143,68,29,39,4,2,2,52,31,21,995,995,356,242,183,149,52,12,1,635,588,47,104,324,68,86,117
51355346,0,,,9742,4784,4958,1316,627,689,7972,3889,4083,6237,3138,3099,7671,3724,3947,7290,3513,3777,1735,751,984,805,299,506,286,78,208,29,5,24,147,71,76,4218,4214,1665,921,742,691,159,27,9,2535,2402,133,334,1032,439,269,363
51355347,0,,,4244,2124,2120,670,350,320,3532,1748,1784,2648,1342,1306,3392,1672,1720,3272,1606,1666,884,406,478,356,153,203,72,19,53,7,2,5,45,30,15,1567,1567,353,419,312,345,101,30,7,1205,1093,112,137,594,52,125,190
51355348,0,,,2031,963,1068,210,100,110,1809,855,954,1089,511,578,1768,834,934,1734,819,915,720,344,376,287,137,150,55,22,33,1,1,0,30,21,9,819,819,169,311,181,110,32,15,1,645,590,55,69,458,17,87,192
51355349,0,,,4154,2006,2148,413,209,204,3711,1779,1932,2072,1005,1067,3593,1724,1869,3512,1676,1836,1639,774,865,723,359,364,141,55,86,10,1,9,112,89,23,1855,1855,533,725,318,201,62,12,4,1315,1240,75,88,1045,61,257,454
51355350,0,,,8827,4124,4703,955,493,462,7532,3480,4052,5202,2532,2670,7264,3345,3919,7070,3241,3829,2330,948,1382,1265,461,804,426,119,307,39,7,32,104,47,57,4106,4101,1814,952,626,494,161,41,13,2253,2006,247,227,1590,181,604,386
51355351,0,,,5834,2801,3033,866,452,414,4919,2327,2592,3730,1836,1894,4716,2231,2485,4574,2155,2419,1189,491,698,618,224,394,204,55,149,24,3,21,76,24,52,2412,2406,857,570,438,379,126,28,8,1504,1366,138,273,737,123,236,187
51355352,0,,,7654,3631,4023,947,490,457,6565,3090,3475,4442,2174,2268,6348,2971,3377,6194,2896,3298,2123,916,1207,1084,414,670,319,93,226,33,4,29,40,20,20,3216,3213,1057,915,605,426,152,45,13,2109,1905,204,267,1425,75,443,391
51355353,0,,,6302,3003,3299,826,425,401,5405,2544,2861,3653,1812,1841,5220,2452,2768,5100,2394,2706,1752,732,1020,945,368,577,247,78,169,18,1,17,25,11,14,2520,2515,683,802,460,377,143,31,19,1797,1609,188,213,1165,37,312,350
51355354,0,,,5208,2445,2763,700,348,352,4472,2080,2392,3016,1484,1532,4285,1988,2297,4180,1944,2236,1456,596,860,811,306,505,224,62,162,22,0,22,100,56,44,2122,2119,644,659,360,287,115,41,13,1461,1325,136,168,947,68,312,301
51355355,0,,,7077,3421,3656,1029,513,516,5960,2849,3111,4319,2136,2183,5701,2717,2984,5535,2634,2901,1641,713,928,843,350,493,247,75,172,14,1,13,59,35,24,2667,2658,664,753,548,487,164,32,10,1967,1779,188,279,982,70,210,321
51355356,0,,,9618,4533,5085,1449,754,695,8079,3720,4359,6302,2941,3361,7725,3557,4168,7479,3429,4050,1777,779,998,815,307,508,290,75,215,28,1,27,55,35,20,3538,3536,682,1050,839,762,177,19,7,2841,2741,100,340,1054,65,225,428
51355357,0,,,5262,2638,2624,899,478,421,4282,2111,2171,3260,1643,1617,4092,2013,2079,3971,1940,2031,1022,468,554,466,200,266,110,40,70,6,0,6,48,19,29,1903,1901,375,552,411,382,141,32,8,1503,1374,129,204,645,37,110,215
51355358,0,,,2051,982,1069,302,140,162,1713,820,893,1186,584,602,1642,780,862,1596,754,842,527,236,291,190,83,107,36,10,26,3,1,2,16,6,10,811,811,186,261,176,140,35,11,2,621,589,32,61,350,6,88,136
51355359,0,,,3076,1423,1653,431,237,194,2626,1173,1453,1424,665,759,2547,1129,1418,2499,1105,1394,1202,508,694,612,248,364,207,44,163,39,4,35,45,21,24,1100,1098,191,404,223,194,67,16,3,904,846,58,112,637,1,132,277
51355360,0,,,10062,4738,5324,1123,546,577,8767,4123,4644,5610,2798,2812,8515,3984,4531,8335,3891,4444,3157,1325,1832,1608,591,1017,480,132,348,33,6,27,131,72,59,4450,4445,1669,1224,752,555,171,56,18,2734,2459,275,315,2163,130,759,539
51355361,0,,,7595,3660,3935,871,439,432,6594,3165,3429,4519,2240,2279,6390,3082,3308,6250,3011,3239,2075,925,1150,1118,460,658,346,133,213,16,3,13,122,61,61,3335,3331,1197,907,612,441,131,30,13,2100,1915,185,260,1421,117,466,377
51355362,0,,,9555,4521,5034,1389,722,667,8023,3739,4284,5644,2763,2881,7740,3588,4152,7514,3467,4047,2379,976,1403,1323,499,824,348,104,244,17,3,14,109,64,45,4020,4016,1321,1126,752,566,189,45,17,2647,2417,230,403,1603,110,558,413
51355363,0,,,4513,2190,2323,638,315,323,3843,1860,1983,2931,1469,1462,3626,1734,1892,3490,1668,1822,912,391,521,418,160,258,107,37,70,8,1,7,69,29,40,1713,1713,427,478,310,337,124,30,7,1270,1150,120,153,622,50,165,183
51355364,0,,,7266,3423,3843,840,453,387,6373,2934,3439,4446,2098,2348,6172,2835,3337,5977,2741,3236,1927,836,1091,972,387,585,282,88,194,19,4,15,59,32,27,2854,2850,711,921,613,438,127,30,10,2117,1999,118,207,1197,27,365,378
51355365,0,,,4413,2119,2294,772,384,388,3594,1708,1886,2603,1260,1343,3447,1630,1817,3349,1591,1758,991,448,543,496,218,278,141,49,92,5,2,3,31,15,16,1686,1685,386,522,306,333,107,26,5,1289,1196,93,165,657,32,160,247
51355366,0,,,5190,2534,2656,837,442,395,4254,2028,2226,3176,1554,1622,4073,1938,2135,3965,1878,2087,1078,474,604,528,211,317,186,58,128,23,4,19,48,22,26,2013,2010,587,506,382,391,107,29,8,1409,1299,110,260,656,76,165,194
51355367,0,,,9105,4370,4735,979,490,489,8022,3820,4202,6057,2946,3111,7691,3653,4038,7420,3517,3903,1965,874,1091,738,294,444,190,57,133,13,3,10,113,58,55,3760,3756,981,1238,794,574,144,21,4,2740,2616,124,257,1330,70,369,466
51355368,0,,,10849,5021,5828,1426,699,727,9303,4253,5050,6305,2890,3415,8962,4081,4881,8719,3979,4740,2998,1363,1635,1275,596,679,243,94,149,16,3,13,167,82,85,4545,4541,1161,1611,940,644,153,28,4,3362,3228,134,460,1950,34,559,747
51355369,0,,,5384,2532,2852,570,300,270,4738,2186,2552,2457,1183,1274,4619,2120,2499,4546,2074,2472,2281,1003,1278,1144,515,629,250,84,166,17,1,16,84,48,36,2397,2395,719,914,413,248,78,18,5,1672,1572,100,159,1430,18,410,569
51355370,0,,,7443,3609,3834,839,433,406,6426,3111,3315,4158,2115,2043,6232,3012,3220,6092,2937,3155,2268,996,1272,1193,466,727,335,105,230,17,5,12,279,193,86,3251,3248,1224,885,548,364,159,43,25,1997,1743,254,220,1537,183,517,390
51355371,0,,,10147,4686,5461,1144,588,556,8871,4043,4828,5757,2765,2992,8581,3898,4683,8374,3795,4579,3114,1278,1836,1706,636,1070,523,161,362,32,8,24,195,91,104,4521,4515,1762,1258,697,567,179,42,10,2705,2471,234,298,2085,157,824,503
51355372,0,,,7526,3491,4035,1022,527,495,6396,2919,3477,4403,2105,2298,6141,2787,3354,5955,2701,3254,1993,814,1179,1089,404,685,376,110,266,19,3,16,142,78,64,3047,3039,930,865,579,452,150,45,18,2078,1879,199,300,1304,55,424,360
51355373,0,,,9113,4245,4868,963,491,472,8074,3700,4374,5627,2684,2943,7782,3556,4226,7551,3441,4110,2447,1016,1431,1243,438,805,368,98,270,40,7,33,76,39,37,3739,3729,1084,1193,687,579,148,33,5,2618,2433,185,235,1602,71,515,501
51355374,0,,,4622,2155,2467,463,224,239,4070,1878,2192,2549,1212,1337,3935,1801,2134,3836,1754,2082,1521,666,855,742,300,442,223,61,162,26,2,24,49,29,20,1948,1945,588,655,356,225,90,22,9,1335,1211,124,131,926,62,230,340
51355375,0,,,2933,1416,1517,400,206,194,2488,1182,1306,1801,886,915,2396,1136,1260,2330,1103,1227,687,296,391,354,137,217,98,35,63,1,0,1,14,12,2,1143,1141,302,334,230,183,68,18,6,823,741,82,99,436,34,97,140
51355376,0,,,2502,1242,1260,338,173,165,2130,1049,1081,1670,851,819,2023,998,1025,1958,958,1000,460,198,262,164,73,91,36,10,26,2,0,2,24,14,10,954,954,216,282,201,173,67,13,2,729,670,59,95,308,17,55,99
51355377,0,,,9461,4367,5094,1031,499,532,8291,3784,4507,5254,2460,2794,7996,3643,4353,7811,3558,4253,3037,1324,1713,1402,584,818,396,105,291,41,7,34,75,48,27,3853,3843,979,1361,770,551,156,20,6,2836,2652,184,244,1786,61,439,703
51355378,0,,,5957,2759,3198,700,365,335,5198,2366,2832,3084,1402,1682,5033,2278,2755,4926,2217,2709,2114,964,1150,981,475,506,206,77,129,13,1,12,52,22,30,2435,2435,524,946,489,350,96,22,8,1903,1767,136,166,1360,7,305,561
51355379,0,,,6522,2977,3545,650,319,331,5787,2599,3188,3341,1582,1759,5616,2510,3106,5484,2443,3041,2446,1017,1429,1122,460,662,211,79,132,9,2,7,149,70,79,3024,3022,1048,1048,497,309,94,21,5,1965,1872,93,153,1711,11,685,558
51355380,0,,,3162,1548,1614,282,157,125,2817,1367,1450,1634,836,798,2739,1324,1415,2687,1292,1395,1183,531,652,529,214,315,127,34,93,15,2,13,55,39,16,1364,1362,423,464,246,162,49,12,6,930,853,77,57,765,40,220,254
51355381,0,,,9479,4495,4984,1078,553,525,8297,3900,4397,5356,2686,2670,8073,3768,4305,7882,3679,4203,2941,1214,1727,1637,603,1034,507,144,363,41,6,35,211,106,105,4117,4110,1431,1221,737,497,161,49,14,2637,2393,244,290,1943,144,669,523
51355382,0,,,7038,3360,3678,1010,513,497,5985,2823,3162,4201,2126,2075,5703,2675,3028,5536,2590,2946,1784,697,1087,993,353,640,260,66,194,31,2,29,146,76,70,2875,2872,898,809,486,476,156,37,10,1948,1810,138,229,1226,92,442,325
51355383,0,,,7613,3582,4031,966,501,465,6448,2982,3466,4553,2229,2324,6246,2886,3360,6082,2793,3289,1895,753,1142,1018,378,640,243,69,174,19,4,15,136,64,72,3521,3515,1500,900,549,382,146,27,11,1974,1810,164,301,1301,187,532,296
51355384,0,,,9537,4450,5087,1315,657,658,8083,3703,4380,5835,2744,3091,7738,3526,4212,7523,3418,4105,2248,959,1289,1102,423,679,343,99,244,34,5,29,100,36,64,3808,3802,1056,1115,711,697,177,40,6,2714,2498,216,279,1447,88,437,422
51355385,0,,,3780,2035,1745,465,237,228,3290,1781,1509,2319,1381,938,3214,1739,1475,3088,1650,1438,971,400,571,534,199,335,175,50,125,22,5,17,21,14,7,1357,1349,409,412,245,190,69,20,4,935,843,92,139,624,25,206,174
51355386,0,,,1584,750,834,403,196,207,1173,549,624,887,429,458,1130,527,603,1115,518,597,286,120,166,149,62,87,39,15,24,4,1,3,16,9,7,535,535,79,152,96,137,62,8,1,452,426,26,89,186,5,39,67
51355387,0,,,4747,2179,2568,535,280,255,4177,1873,2304,2402,1126,1276,4008,1785,2223,3910,1736,2174,1775,747,1028,944,408,536,261,93,168,19,1,18,74,37,37,2022,2020,612,724,315,259,87,19,4,1401,1326,75,119,1127,27,400,396
51355388,0,,,4622,2196,2426,539,274,265,4028,1891,2137,2291,1125,1166,3905,1836,2069,3833,1801,2032,1737,766,971,948,419,529,214,81,133,15,4,11,120,56,64,2004,2001,607,709,338,237,80,23,7,1383,1265,118,151,1118,38,322,425
51355389,0,,,7970,3721,4249,842,441,401,6978,3196,3782,4439,2091,2348,6781,3094,3687,6657,3037,3620,2539,1105,1434,1211,529,682,259,87,172,13,3,10,214,129,85,3894,3892,1516,1306,617,351,83,14,5,2345,2232,113,265,1757,103,644,582
51355390,0,,,264,121,143,28,11,17,232,109,123,191,90,101,222,103,119,207,96,111,41,19,22,21,10,11,9,3,6,1,1,0,3,1,2,96,96,23,23,22,18,4,5,1,72,59,13,8,24,6,3,8
51355391,0,,,6722,3245,3477,805,397,408,5879,2832,3047,4119,2066,2053,5626,2713,2913,5441,2616,2825,1760,766,994,917,360,557,261,78,183,13,2,11,141,68,73,2648,2645,709,778,525,434,153,29,17,1911,1712,199,181,1159,46,313,341
51355392,0,,,10322,5047,5275,1360,698,662,8789,4267,4522,6605,3296,3309,8398,4059,4339,8121,3931,4190,2184,971,1213,1064,449,615,258,99,159,16,5,11,197,94,103,4487,4484,1647,1134,778,673,200,46,6,2785,2608,177,342,1482,288,496,412
51355393,0,,,7956,3776,4180,1009,510,499,6822,3217,3605,4805,2380,2425,6587,3095,3492,6393,2998,3395,2017,837,1180,993,381,612,274,80,194,27,6,21,171,85,86,3356,3353,1119,923,587,515,152,47,10,2201,2004,197,289,1375,140,438,391
51355394,0,,,9623,4532,5091,1153,573,580,8281,3849,4432,5739,2817,2922,8055,3742,4313,7860,3643,4217,2542,1032,1510,1365,501,864,383,121,262,30,6,24,145,62,83,4381,4373,1671,1295,715,511,139,36,6,2649,2465,184,338,1704,148,617,450
51355395,0,,,5243,2568,2675,571,293,278,4626,2245,2381,3208,1609,1599,4468,2172,2296,4341,2109,2232,1418,636,782,647,252,395,173,48,125,15,4,11,113,46,67,2157,2148,660,674,409,270,108,20,7,1469,1337,132,164,973,24,312,294
51355396,0,,,607,278,329,91,52,39,512,224,288,320,145,175,490,217,273,481,215,266,192,79,113,120,50,70,49,20,29,1,1,0,0,0,0,228,228,45,79,40,42,18,3,1,183,164,19,24,129,0,32,45
51355397,0,,,2453,1239,1214,290,155,135,2133,1068,1065,1433,770,663,2051,1025,1026,1981,987,994,700,298,402,388,172,216,93,34,59,8,3,5,45,37,8,981,980,282,293,177,158,52,15,3,692,636,56,77,445,49,112,165
51355398,0,,,3299,1547,1752,395,199,196,2882,1335,1547,1772,859,913,2781,1282,1499,2701,1239,1462,1110,476,634,553,247,306,110,36,74,13,1,12,16,9,7,1291,1288,255,460,298,201,60,12,2,1030,959,71,102,680,11,148,278
51355399,0,,,4053,1802,2251,432,232,200,3549,1526,2023,1750,866,884,3468,1477,1991,3411,1451,1960,1799,660,1139,1327,428,899,636,140,496,100,11,89,29,14,15,1190,1184,296,374,228,197,60,22,7,883,797,86,110,537,16,120,192
51355400,0,,,114,56,58,8,7,1,106,49,57,52,24,28,103,47,56,101,47,54,54,25,29,14,5,9,6,2,4,4,1,3,0,0,0,39,39,7,9,13,5,2,1,2,32,24,8,1,31,0,6,8
51355401,0,,,406,196,210,33,19,14,371,176,195,203,100,103,363,173,190,356,167,189,168,76,92,92,37,55,29,10,19,1,0,1,2,2,0,157,157,38,57,28,13,13,5,3,118,84,34,7,114,0,24,34
51355402,0,,,34,13,21,1,0,1,33,13,20,16,7,9,33,13,20,33,13,20,17,6,11,11,4,7,7,3,4,1,1,0,0,0,0,16,16,5,6,3,2,0,0,0,11,9,2,0,12,0,5,2
51355403,0,,,443,211,232,14,5,9,429,206,223,219,116,103,424,203,221,420,203,217,210,90,120,116,45,71,43,19,24,6,2,4,5,2,3,185,185,39,78,40,16,8,4,0,145,118,27,3,133,1,29,45
51355404,0,,,2159,1034,1125,187,101,86,1962,927,1035,1027,498,529,1917,900,1017,1888,885,1003,935,429,506,530,252,278,122,55,67,4,1,3,6,2,4,894,894,165,404,177,102,35,6,5,724,670,54,49,590,0,133,266
51355405,0,,,2582,1157,1425,248,131,117,2325,1022,1303,1302,576,726,2260,998,1262,2213,984,1229,1023,446,577,642,270,372,188,73,115,17,5,12,7,3,4,1026,1023,225,367,224,147,43,11,6,798,714,84,59,642,3,164,222
51355406,0,,,1179,547,632,122,68,54,1053,477,576,619,283,336,1024,463,561,1013,457,556,434,194,240,214,88,126,80,23,57,13,1,12,9,3,6,458,457,84,190,96,66,18,2,1,370,352,18,27,248,0,58,106
51355407,0,,,1883,906,977,149,84,65,1733,822,911,1010,467,543,1695,803,892,1658,787,871,723,355,368,264,123,141,72,17,55,1,0,1,8,3,5,758,758,130,315,185,86,30,11,1,625,575,50,37,463,2,88,198
51355408,0,,,45,22,23,1,1,0,44,21,23,22,11,11,42,20,22,42,20,22,22,10,12,14,6,8,2,0,2,1,0,1,0,0,0,23,23,6,13,3,1,0,0,0,17,17,0,0,16,0,4,7
51355409,0,,,32,15,17,1,1,0,31,14,17,13,5,8,31,14,17,31,14,17,18,9,9,6,4,2,3,2,1,0,0,0,0,0,0,13,13,2,7,2,0,2,0,0,11,9,2,0,10,0,2,4
51355410,0,,,589,284,305,52,29,23,533,252,281,324,154,170,517,246,271,509,242,267,209,98,111,108,44,64,26,10,16,3,1,2,2,1,1,207,207,41,61,35,43,18,6,3,165,122,43,10,138,0,22,40
51355411,1,,51355421,143,67,76,11,3,8,138,66,72,73,34,39,136,66,70,132,65,67,65,32,33,24,9,15,11,3,8,1,0,1,5,2,3,61,61,20,18,17,8,1,1,0,45,34,11,0,42,0,11,11
51355412,0,,,151,73,78,10,4,6,141,69,72,82,40,42,138,68,70,136,67,69,59,29,30,30,16,14,12,6,6,1,0,1,1,1,0,53,53,5,14,23,7,3,1,0,48,37,11,2,36,0,4,7
51355413,0,,,1688,801,887,174,81,93,1512,719,793,758,374,384,1470,697,773,1440,679,761,754,345,409,418,216,202,69,33,36,5,0,5,7,2,5,701,701,148,305,124,77,34,11,2,551,497,54,39,479,0,114,204
51355414,0,,,4967,2363,2604,394,204,190,4553,2151,2402,2389,1133,1256,4440,2093,2347,4368,2047,2321,2164,1018,1146,885,419,466,197,65,132,19,1,18,20,14,6,2165,2164,518,928,401,222,78,15,2,1641,1520,121,86,1383,10,320,586
51355415,0,,,4355,2062,2293,593,301,292,3706,1735,1971,2600,1243,1357,3549,1656,1893,3445,1604,1841,1106,492,614,563,230,333,189,65,124,20,2,18,28,21,7,1641,1638,332,547,364,285,89,17,4,1293,1206,87,154,647,31,134,243
51355416,0,,,3510,1638,1872,349,186,163,3121,1434,1687,2011,898,1113,3035,1387,1648,2973,1354,1619,1110,536,574,406,168,238,108,28,80,10,1,9,19,8,11,1434,1434,304,539,326,192,62,6,5,1121,1041,80,80,732,4,155,308
51355417,0,,,585,302,283,83,45,38,501,257,244,304,158,146,485,246,239,480,243,237,197,99,98,83,43,40,23,10,13,0,0,0,3,1,2,214,214,28,83,47,34,19,2,1,186,171,15,14,126,0,20,50
51355418,0,,,57,24,33,5,0,5,52,24,28,28,13,15,52,24,28,52,24,28,24,11,13,9,4,5,0,0,0,0,0,0,0,0,0,23,23,2,15,1,3,2,0,0,20,18,2,2,16,0,0,8
51355419,0,,,94,44,50,13,7,6,81,37,44,51,24,27,81,37,44,81,37,44,30,13,17,20,8,12,5,3,2,0,0,0,0,0,0,31,31,4,8,7,7,5,0,0,27,20,7,2,18,0,3,5
51355420,2,51355430,,11,7,4,*,*,*,*,*,*,*,*,*,*,*,*,*,*,*,*,*,*,*,*,*,*,*,*,*,*,*,*,*,*,2,2,*,*,*,*,*,*,*,*,*,*,*,*,*,*,*
51355421,2,51355411,,7,2,5,*,*,*,*,*,*,*,*,*,*,*,*,*,*,*,*,*,*,*,*,*,*,*,*,*,*,*,*,*,*,4,4,*,*,*,*,*,*,*,*,*,*,*,*,*,*,*
51355422,0,,,387,187,200,40,16,24,343,168,175,209,109,100,333,163,170,326,160,166,134,59,75,76,30,46,25,11,14,2,1,1,2,2,0,137,137,30,36,34,14,12,10,1,105,79,26,9,90,1,18,21
51355423,0,,,938,424,514,48,22,26,890,402,488,447,234,213,874,393,481,863,385,478,443,168,275,298,98,200,135,27,108,18,2,16,2,0,2,265,263,45,102,53,36,16,8,3,217,177,40,15,185,0,31,63
51355424,0,,,3105,1466,1639,299,156,143,2800,1308,1492,1658,779,879,2709,1271,1438,2659,1243,1416,1142,529,613,542,242,300,140,44,96,10,1,9,8,3,5,1188,1188,194,458,264,186,64,17,5,988,891,97,62,719,0,142,285
51355425,0,,,4328,2056,2272,656,361,295,3639,1681,1958,2346,1122,1224,3517,1620,1897,3438,1573,1865,1293,559,734,679,280,399,212,78,134,19,4,15,25,17,8,1723,1721,454,569,297,275,94,20,12,1257,1147,110,171,836,24,246,278
51355426,0,,,5312,2486,2826,461,249,212,4828,2232,2596,2448,1099,1349,4732,2198,2534,4677,2172,2505,2380,1133,1247,962,450,512,233,91,142,16,3,13,22,14,8,2203,2202,393,1029,418,278,70,12,2,1807,1713,94,139,1474,9,283,710
51355427,0,,,377,215,162,3,3,0,374,212,162,142,80,62,372,212,160,370,211,159,232,132,100,124,61,63,46,17,29,6,0,6,2,2,0,71,69,27,20,13,9,0,0,0,42,37,5,1,56,1,25,14
51355428,0,,,1616,756,860,122,62,60,1493,694,799,634,305,329,1458,678,780,1443,672,771,859,389,470,399,196,203,75,25,50,7,1,6,11,5,6,696,696,144,339,118,60,18,13,4,551,502,49,25,534,1,116,221
51355429,0,,,196,91,105,14,3,11,182,88,94,100,51,49,175,83,92,171,82,89,82,37,45,36,12,24,10,2,8,0,0,0,0,0,0,70,70,4,32,18,8,6,2,0,65,53,12,2,52,0,4,19
51355430,1,,51355420,234,115,119,20,15,5,224,106,118,120,59,61,218,105,113,213,103,110,104,47,57,53,22,31,22,8,14,2,1,1,0,0,0,82,81,14,26,21,11,6,5,0,68,53,15,3,59,0,9,16
51355432,1,,51355441,170,90,80,7,3,4,168,89,79,102,58,44,166,88,78,161,85,76,66,31,35,35,17,18,12,5,7,0,0,0,0,0,0,60,60,6,22,16,11,3,1,1,54,41,13,3,40,0,5,16
51355433,0,,,2969,1365,1604,233,126,107,2727,1236,1491,1214,560,654,2654,1203,1451,2606,1179,1427,1513,676,837,903,429,474,212,92,120,15,3,12,14,7,7,1236,1235,247,582,222,135,40,8,1,981,928,53,52,864,6,177,436
51355434,0,,,3857,1782,2075,484,240,244,3314,1516,1798,2170,1045,1125,3189,1442,1747,3094,1397,1697,1144,471,673,599,205,394,216,50,166,30,1,29,37,24,13,1473,1467,366,485,277,226,94,13,6,1084,999,85,119,650,36,164,224
51355435,0,,,5954,2815,3139,834,436,398,5077,2361,2716,3431,1668,1763,4904,2276,2628,4778,2217,2561,1646,693,953,848,324,524,261,62,199,20,4,16,40,21,19,2408,2404,678,717,478,396,104,23,8,1712,1599,113,239,1071,42,344,339
51355436,0,,,910,420,490,84,46,38,824,373,451,396,188,208,809,361,448,801,357,444,428,185,243,257,114,143,70,26,44,3,1,2,3,1,2,388,388,81,174,71,47,12,1,2,307,285,22,29,272,0,63,109
51355437,0,,,127,90,37,29,25,4,98,65,33,73,50,23,69,46,23,60,41,19,25,15,10,3,2,1,0,0,0,0,0,0,3,1,2,3,0,0,0,0,0,0,0,0,0,0,0,0,0,0,0,0
51355438,0,,,472,230,242,37,19,18,435,211,224,229,118,111,429,209,220,424,205,219,206,93,113,99,47,52,26,10,16,2,0,2,3,3,0,184,184,36,69,38,28,8,3,2,148,122,26,11,131,2,25,47
51355439,0,,,413,191,222,34,21,13,378,170,208,193,86,107,376,170,206,369,164,205,185,84,101,96,41,55,29,13,16,1,0,1,0,0,0,166,166,35,70,27,20,10,2,2,130,105,25,5,123,1,24,46
51355440,0,,,386,141,245,18,11,7,368,130,238,113,56,57,359,125,234,356,123,233,255,74,181,214,54,160,112,21,91,25,2,23,0,0,0,68,64,7,19,14,14,2,5,3,57,42,15,5,43,0,4,12
51355441,2,51355432,,5,2,3,*,*,*,*,*,*,*,*,*,*,*,*,*,*,*,*,*,*,*,*,*,*,*,*,*,*,*,*,*,*,1,0,*,*,*,*,*,*,*,*,*,*,*,*,*,*,*
51355442,2,51355443,,1,1,0,*,*,*,*,*,*,*,*,*,*,*,*,*,*,*,*,*,*,*,*,*,*,*,*,*,*,*,*,*,*,1,1,*,*,*,*,*,*,*,*,*,*,*,*,*,*,*
51355443,1,,51355442,899,422,477,72,37,35,826,386,440,377,183,194,805,374,431,795,366,429,449,203,246,257,125,132,49,18,31,4,1,3,2,2,0,396,396,99,179,61,40,11,5,2,296,271,25,14,281,2,69,126
51355444,0,,,5199,2291,2908,570,279,291,4575,1991,2584,2806,1337,1469,4428,1923,2505,4321,1876,2445,1769,654,1115,1094,370,724,446,116,330,74,10,64,53,33,20,2010,2004,556,670,391,280,80,21,6,1434,1336,98,154,904,45,262,298
51355445,0,,,5914,2817,3097,666,338,328,5143,2433,2710,3436,1698,1738,4988,2351,2637,4876,2301,2575,1707,735,972,938,382,556,245,87,158,13,3,10,49,20,29,2697,2694,1022,744,489,322,96,17,4,1649,1535,114,195,1162,99,402,345
51355446,0,,,1166,553,613,104,46,58,1042,497,545,614,310,304,1014,484,530,992,474,518,428,187,241,231,100,131,58,26,32,2,0,2,4,0,4,533,533,175,193,82,64,12,6,1,353,325,28,33,278,11,80,98
51355447,0,,,366,197,169,8,6,2,358,191,167,199,117,82,357,190,167,357,190,167,159,74,85,58,30,28,15,5,10,0,0,0,5,2,3,22,18,5,4,4,2,2,1,0,13,10,3,1,12,0,3,4
51355448,0,,,106,54,52,9,4,5,97,50,47,73,41,32,96,50,46,95,49,46,24,9,15,16,5,11,6,2,4,0,0,0,9,9,0,41,41,16,7,6,6,4,1,1,25,18,7,4,18,7,4,2
51355449,0,,,179,53,126,4,3,1,175,50,125,36,13,23,175,50,125,174,50,124,139,37,102,128,32,96,73,16,57,21,3,18,4,0,4,29,27,10,6,5,4,2,0,0,17,11,6,1,18,4,5,2
51355450,0,,,4698,2238,2460,495,253,242,4186,1973,2213,2238,1059,1179,4060,1902,2158,3973,1860,2113,1948,914,1034,830,434,396,125,45,80,7,1,6,43,27,16,1876,1876,308,814,394,249,90,15,6,1563,1448,115,92,1195,5,203,574
51355451,0,,,279,131,148,20,9,11,259,122,137,156,75,81,250,118,132,244,115,129,103,47,56,65,29,36,18,9,9,0,0,0,0,0,0,91,91,15,25,19,17,7,4,4,76,51,25,4,68,0,10,16
51355453,0,,,415,178,237,35,17,18,380,161,219,178,78,100,374,157,217,368,154,214,202,83,119,141,65,76,27,14,13,2,0,2,1,1,0,186,186,47,76,44,13,4,2,0,139,131,8,11,129,0,41,52
51355454,0,,,4225,1947,2278,374,191,183,3813,1743,2070,2134,989,1145,3714,1698,2016,3619,1652,1967,1679,754,925,985,438,547,248,100,148,16,5,11,29,11,18,1835,1835,517,670,326,238,68,14,2,1311,1199,112,88,1116,12,343,413
51355455,0,,,6093,2797,3296,484,244,240,5484,2502,2982,3374,1613,1761,5367,2446,2921,5245,2391,2854,2110,889,1221,1083,418,665,326,97,229,20,6,14,46,22,24,2836,2833,1053,897,470,311,75,19,8,1770,1633,137,116,1455,58,536,458
51355456,0,,,2398,1142,1256,321,169,152,2056,966,1090,1411,686,725,1986,931,1055,1934,906,1028,645,280,365,326,134,192,97,30,67,8,1,7,13,7,6,931,927,239,289,180,149,56,10,4,685,639,46,101,392,13,120,133
51355457,0,,,97,23,74,6,3,3,89,19,70,17,7,10,88,19,69,88,19,69,72,12,60,68,12,56,38,8,30,8,1,7,0,0,0,13,12,2,4,2,3,1,0,0,9,6,3,1,7,0,1,1
51355458,0,,,290,147,143,27,16,11,260,129,131,155,75,80,253,124,129,248,120,128,105,54,51,44,18,26,18,8,10,2,0,2,5,2,3,115,115,26,41,21,19,6,1,1,88,71,17,7,70,0,15,26
51355459,0,,,172,85,87,7,4,3,165,81,84,78,44,34,162,79,83,160,78,82,87,37,50,44,19,25,14,4,10,1,0,1,0,0,0,62,61,14,17,13,11,4,2,0,47,31,16,2,49,0,11,10
51355460,0,,,4317,2023,2294,553,273,280,3734,1732,2002,2458,1115,1343,3536,1642,1894,3412,1572,1840,1276,617,659,538,265,273,106,39,67,10,0,10,19,9,10,1623,1622,270,590,345,288,106,19,4,1347,1271,76,82,797,2,151,368
51355461,0,,,385,182,203,34,18,16,349,162,187,190,84,106,336,158,178,331,156,175,159,78,81,72,38,34,19,8,11,0,0,0,11,7,4,144,144,32,53,25,14,8,9,3,112,87,25,8,101,0,21,34
51355462,0,,,855,427,428,218,113,105,625,306,319,493,244,249,613,301,312,601,296,305,132,62,70,62,25,37,15,3,12,2,0,2,41,19,22,280,280,37,60,72,83,20,6,2,241,215,26,105,88,1,14,20
51355463,0,,,1384,652,732,275,144,131,1089,498,591,741,362,379,1065,485,580,1046,477,569,348,136,212,220,77,143,111,28,83,15,3,12,5,4,1,434,431,55,117,110,103,38,6,2,374,344,30,90,154,2,25,55
51355464,0,,,5692,2655,3037,486,251,235,5150,2380,2770,3099,1481,1618,5010,2309,2701,4900,2262,2638,2051,899,1152,960,390,570,297,89,208,32,6,26,43,24,19,2439,2438,680,895,457,308,73,18,7,1738,1629,109,121,1327,26,395,464
51355465,0,,,6292,2769,3523,594,290,304,5571,2425,3146,3755,1664,2091,5373,2329,3044,5195,2249,2946,1816,761,1055,1010,401,609,316,113,203,17,2,15,41,24,17,2959,2952,1167,877,494,306,90,14,4,1766,1658,108,183,1239,124,469,369
51355466,0,,,3147,1541,1606,358,175,183,2740,1342,1398,1852,935,917,2657,1315,1342,2598,1290,1308,888,407,481,444,184,260,107,35,72,7,2,5,23,13,10,1190,1184,386,333,208,182,54,18,3,790,726,64,97,487,30,141,134
51355467,0,,,455,209,246,21,10,11,434,199,235,225,103,122,420,194,226,410,190,220,209,96,113,111,53,58,19,10,9,0,0,0,2,1,1,194,194,39,87,37,25,5,1,0,155,146,9,8,139,1,32,54
51355468,0,,,431,191,240,45,20,25,386,171,215,214,91,123,366,163,203,361,161,200,172,80,92,71,30,41,15,7,8,1,1,0,2,2,0,146,146,20,48,27,33,10,5,3,126,100,26,8,103,1,15,36
51355469,0,,,767,373,394,101,51,50,666,322,344,428,214,214,633,303,330,620,298,322,238,108,130,124,53,71,25,8,17,0,0,0,1,0,1,273,273,47,89,57,46,22,8,4,225,196,29,14,163,1,33,49
51355470,0,,,2206,1060,1146,332,180,152,1857,868,989,1240,601,639,1765,824,941,1723,801,922,617,267,350,355,153,202,106,32,74,6,3,3,31,15,16,777,774,133,245,153,166,59,14,4,638,579,59,71,367,4,70,143
51355471,0,,,2299,1097,1202,280,137,143,1991,940,1051,1257,627,630,1892,888,1004,1837,857,980,734,313,421,379,167,212,74,26,48,7,2,5,35,24,11,927,927,239,301,179,141,51,11,5,687,625,62,46,487,9,142,172
51355472,0,,,3082,1450,1632,413,224,189,2644,1211,1433,1649,802,847,2511,1136,1375,2448,1107,1341,995,409,586,534,213,321,174,51,123,14,3,11,19,11,8,1110,1108,195,375,229,215,78,12,4,909,839,70,84,568,3,124,239
51355473,0,,,5803,2636,3167,600,300,300,5120,2288,2832,2834,1288,1546,4990,2224,2766,4869,2167,2702,2286,1000,1286,1355,617,738,305,133,172,13,3,10,18,8,10,2427,2424,582,946,468,311,90,20,7,1836,1709,127,146,1445,38,352,576
51355474,0,,,5472,2605,2867,804,403,401,4484,2116,2368,3226,1579,1647,4296,2021,2275,4182,1967,2215,1258,537,721,624,230,394,219,54,165,28,1,27,33,16,17,2155,2149,613,626,386,393,112,17,2,1522,1434,88,210,747,93,174,263
51355475,0,,,4275,2028,2247,408,203,205,3798,1800,1998,2588,1270,1318,3687,1746,1941,3593,1693,1900,1210,530,680,603,257,346,138,48,90,6,1,5,30,16,14,1839,1837,533,645,350,228,66,12,3,1293,1205,88,112,785,61,202,290
51355476,0,,,3989,1884,2105,388,184,204,3561,1685,1876,2314,1157,1157,3457,1617,1840,3350,1563,1787,1247,528,719,649,242,407,240,64,176,39,10,29,30,22,8,1670,1666,526,519,306,225,70,15,5,1127,1026,101,96,764,95,214,232
51355477,0,,,667,314,353,35,15,20,631,299,332,364,184,180,620,291,329,605,282,323,267,115,152,133,54,79,31,10,21,1,0,1,3,1,2,274,274,64,106,51,36,10,5,2,209,173,36,12,177,0,44,57
51355478,0,,,768,365,403,74,41,33,694,324,370,386,183,203,672,315,357,659,307,352,308,141,167,169,73,96,44,16,28,5,0,5,12,6,6,301,300,70,109,50,46,12,9,4,229,191,38,10,197,4,50,69
51355479,0,,,1016,461,555,89,51,38,926,410,516,503,252,251,897,398,499,877,386,491,423,158,265,251,82,169,129,33,96,26,5,21,0,0,0,362,360,76,135,73,49,16,7,4,283,246,37,15,214,0,50,70
51355480,0,,,3069,1381,1688,329,151,178,2712,1208,1504,1675,789,886,2606,1152,1454,2536,1107,1429,1037,419,618,590,249,341,152,62,90,7,1,6,163,75,88,1363,1363,448,461,201,185,55,10,3,912,842,70,80,729,15,291,228
51355481,0,,,6896,3250,3646,770,394,376,6047,2803,3244,3558,1733,1825,5888,2720,3168,5752,2657,3095,2489,1070,1419,1438,623,815,364,130,234,26,1,25,104,49,55,3082,3078,1053,1013,527,362,98,21,4,2016,1884,132,185,1638,58,594,552
51355482,0,,,5715,2681,3034,751,387,364,4912,2261,2651,2952,1409,1543,4734,2164,2570,4604,2106,2498,1960,852,1108,1107,483,624,271,108,163,11,2,9,70,31,39,2445,2443,698,881,402,318,125,13,6,1737,1646,91,156,1295,13,408,492
51355483,0,,,8759,3941,4818,957,500,457,7723,3392,4331,4567,2114,2453,7449,3248,4201,7271,3160,4111,3156,1278,1878,1694,672,1022,452,171,281,16,3,13,68,37,31,4106,4106,1500,1364,629,456,129,24,4,2595,2454,141,229,2231,60,928,717
51355484,0,,,6062,2891,3171,680,349,331,5209,2447,2762,3469,1721,1748,5041,2356,2685,4847,2223,2624,1740,726,1014,954,374,580,366,122,244,44,12,32,30,19,11,2546,2540,887,720,463,353,97,17,3,1640,1543,97,168,1010,170,279,374
51355485,0,,,6057,2902,3155,1014,527,487,5026,2369,2657,3468,1670,1798,4816,2263,2553,4698,2207,2491,1558,699,859,873,385,488,228,85,143,9,2,7,26,14,12,2435,2434,676,735,421,412,163,18,9,1749,1645,104,203,1073,30,373,360
51355486,0,,,1518,730,788,177,100,77,1329,625,704,938,454,484,1280,602,678,1249,583,666,391,171,220,194,77,117,60,20,40,5,0,5,14,7,7,536,532,103,165,119,104,34,7,0,423,380,43,29,221,11,34,83
51355487,0,,,2001,946,1055,185,105,80,1799,833,966,1088,526,562,1734,802,932,1692,777,915,711,307,404,397,170,227,82,35,47,3,1,2,16,6,10,845,838,239,286,154,111,30,13,5,597,547,50,48,480,2,152,159
51355488,0,,,3146,1496,1650,242,119,123,2891,1374,1517,1570,797,773,2819,1344,1475,2765,1318,1447,1321,577,744,714,293,421,187,67,120,17,2,15,54,41,13,1363,1357,449,445,235,145,55,21,7,896,789,107,53,867,37,295,246
51355489,0,,,849,406,443,69,31,38,780,375,405,504,250,254,749,361,388,725,348,377,276,125,151,139,63,76,40,18,22,1,0,1,6,6,0,313,313,51,103,83,48,20,5,3,261,214,47,19,181,4,32,53
51355490,0,,,7512,3316,4196,524,272,252,6849,2953,3896,3877,1765,2112,6662,2869,3793,6540,2810,3730,2972,1188,1784,1653,644,1009,411,148,263,21,2,19,208,102,106,4004,4001,1866,1266,516,279,64,10,0,2118,2021,97,139,2163,38,1039,597
51355491,0,,,9459,4244,5215,735,377,358,8541,3759,4782,4886,2284,2602,8355,3666,4689,8197,3587,4610,3655,1475,2180,1985,775,1210,462,160,302,20,3,17,279,148,131,4936,4934,2180,1651,628,357,93,21,4,2735,2616,119,201,2661,97,1243,766
51355492,0,,,5651,2522,3129,645,318,327,4951,2171,2780,2670,1243,1427,4787,2103,2684,4686,2055,2631,2281,928,1353,1305,527,778,324,103,221,24,1,23,112,52,60,2603,2600,958,880,367,268,106,19,2,1637,1544,93,149,1550,14,656,487
51355493,0,,,4354,2048,2306,529,254,275,3708,1721,1987,2587,1204,1383,3612,1677,1935,3527,1636,1891,1121,517,604,473,207,266,120,38,82,8,3,5,20,9,11,1924,1923,647,589,343,257,67,18,2,1265,1195,70,146,747,141,206,279
51355494,0,,,5775,2701,3074,734,360,374,4877,2245,2632,3278,1554,1724,4744,2184,2560,4658,2134,2524,1599,691,908,815,339,476,236,90,146,17,6,11,22,11,11,2606,2604,957,754,426,359,94,9,5,1628,1539,89,202,1066,144,346,360
51355495,0,,,9147,4090,5057,847,405,442,8276,3676,4600,4972,2302,2670,8074,3577,4497,7930,3512,4418,3304,1374,1930,1803,720,1083,424,163,261,30,3,27,68,31,37,4486,4485,1729,1550,694,390,98,20,4,2732,2597,135,275,2342,75,967,699
51355496,0,,,8893,4169,4724,1016,513,503,7840,3636,4204,5795,2670,3125,7555,3496,4059,7336,3385,3951,2045,966,1079,769,311,458,213,63,150,11,1,10,64,37,27,3374,3372,569,1176,822,612,157,31,5,2780,2617,163,261,1334,26,282,503
51355497,0,,,5565,2600,2965,615,300,315,4853,2256,2597,3382,1639,1743,4689,2167,2522,4527,2088,2439,1471,617,854,813,313,500,237,84,153,16,2,14,61,28,33,2303,2297,690,699,452,327,98,22,9,1583,1446,137,184,955,72,298,294
51355498,0,,,3606,1711,1895,338,170,168,3247,1534,1713,2017,1001,1016,3165,1492,1673,3082,1447,1635,1230,533,697,645,285,360,153,56,97,14,1,13,110,77,33,1616,1611,564,520,258,183,63,14,9,1035,930,105,89,839,67,280,268
51355499,0,,,3001,1435,1566,435,206,229,2562,1226,1336,1828,889,939,2433,1166,1267,2359,1128,1231,734,337,397,307,131,176,67,22,45,3,1,2,32,15,17,1055,1055,161,327,230,232,75,19,11,890,798,92,94,487,7,92,165
51355501,1,,51355502,154,70,84,8,4,4,152,70,82,63,31,32,152,70,82,152,70,82,89,39,50,58,22,36,16,6,10,2,1,1,0,0,0,79,79,28,37,8,6,2,0,0,53,47,6,2,60,1,18,22
51355502,2,51355501,,6,4,2,*,*,*,*,*,*,*,*,*,*,*,*,*,*,*,*,*,*,*,*,*,*,*,*,*,*,*,*,*,*,2,2,*,*,*,*,*,*,*,*,*,*,*,*,*,*,*
51355505,0,,,25,10,15,2,1,1,23,9,14,12,6,6,23,9,14,23,9,14,11,3,8,7,2,5,3,0,3,0,0,0,0,0,0,10,10,4,1,3,0,2,0,0,6,2,4,0,8,0,3,1
51355506,0,,,138,66,72,11,8,3,127,58,69,69,34,35,127,58,69,127,58,69,58,24,34,34,9,25,9,1,8,1,0,1,2,2,0,57,57,17,18,12,5,3,0,2,40,27,13,3,42,0,12,6
51355507,0,,,312,135,177,22,10,12,290,125,165,150,64,86,278,122,156,270,119,151,140,61,79,69,30,39,19,7,12,1,0,1,0,0,0,117,117,22,51,18,13,3,5,5,95,74,21,3,94,1,18,24
51355508,0,,,21,10,11,1,1,0,20,9,11,10,6,4,20,9,11,20,9,11,10,3,7,5,1,4,1,0,1,0,0,0,0,0,0,10,10,3,4,2,1,0,0,0,7,5,2,0,7,0,2,0
51355509,0,,,172,86,86,9,7,2,163,79,84,76,35,41,162,79,83,161,78,83,87,44,43,49,27,22,20,10,10,1,0,1,0,0,0,65,65,9,30,13,7,2,3,1,56,43,13,2,53,0,8,21
51355511,2,51355520,,2,1,1,*,*,*,*,*,*,*,*,*,*,*,*,*,*,*,*,*,*,*,*,*,*,*,*,*,*,*,*,*,*,1,1,*,*,*,*,*,*,*,*,*,*,*,*,*,*,*
51355516,0,,,89,38,51,7,3,4,82,35,47,36,18,18,81,35,46,81,35,46,46,17,29,21,6,15,8,2,6,0,0,0,0,0,0,35,35,9,10,8,5,2,1,0,26,18,8,0,30,0,9,5
51355517,0,,,447,209,238,36,16,20,410,193,217,231,119,112,399,190,209,390,185,205,179,74,105,95,30,65,35,8,27,1,0,1,1,0,1,183,183,49,68,26,24,10,4,2,133,107,26,9,124,0,36,31
51355518,0,,,130,61,69,5,3,2,125,58,67,69,34,35,123,58,65,122,57,65,56,24,32,33,13,20,11,6,5,1,0,1,1,1,0,58,58,21,19,10,4,0,3,1,37,29,8,2,42,1,14,10
51355520,1,,51355511,146,67,79,8,5,3,140,63,77,66,27,39,138,62,76,136,62,74,74,36,38,43,22,21,14,6,8,1,0,1,0,0,0,63,63,16,27,10,8,2,1,0,48,38,10,0,48,0,13,15
51355525,0,,,11,5,6,3,1,2,8,4,4,2,1,1,8,4,4,8,4,4,6,3,3,2,1,1,2,1,1,0,0,0,0,0,0,4,4,0,3,0,0,1,0,0,4,4,0,1,3,0,0,3
51355526,0,,,209,101,108,16,4,12,193,97,96,90,47,43,192,97,95,189,96,93,103,50,53,49,21,28,21,8,13,3,1,2,0,0,0,83,83,17,33,17,9,3,4,0,66,49,17,3,65,0,12,19
51355527,0,,,627,282,345,28,15,13,599,267,332,274,139,135,591,263,328,582,258,324,325,128,197,197,70,127,74,19,55,12,1,11,1,1,0,240,239,54,99,43,31,6,5,1,182,153,29,6,175,3,36,62
51355528,0,,,183,89,94,11,3,8,171,85,86,95,51,44,168,85,83,165,84,81,76,34,42,37,17,20,7,3,4,2,1,1,3,2,1,79,79,20,35,13,5,3,2,1,58,49,9,3,47,1,11,17
51355529,0,,,37,18,19,6,2,4,31,16,15,17,8,9,31,16,15,31,16,15,14,8,6,5,1,4,4,1,3,1,0,1,0,0,0,11,11,2,3,1,2,1,1,1,9,3,6,1,9,0,2,2
51355530,0,,,14,8,6,1,0,1,13,8,5,8,5,3,11,6,5,11,6,5,5,3,2,1,0,1,0,0,0,0,0,0,0,0,0,6,6,3,1,1,0,0,1,0,3,3,0,0,4,0,2,1
51355533,0,,,27,12,15,0,0,0,27,12,15,12,7,5,27,12,15,27,12,15,15,5,10,7,2,5,3,1,2,0,0,0,0,0,0,14,14,5,6,2,1,0,0,0,9,8,1,0,11,0,5,3
51355536,0,,,20,12,8,2,2,0,18,10,8,7,4,3,18,10,8,18,10,8,11,6,5,4,2,2,1,0,1,0,0,0,0,0,0,8,8,1,3,3,1,0,0,0,7,6,1,0,7,0,1,3
51355537,0,,,483,222,261,29,14,15,454,208,246,265,127,138,440,200,240,436,196,240,189,81,108,99,38,61,31,14,17,4,2,2,11,0,11,173,173,42,50,28,26,15,9,3,131,87,44,3,122,2,23,32
51355538,0,,,539,240,299,32,21,11,506,219,287,276,123,153,495,215,280,488,211,277,230,96,134,125,45,80,37,15,22,1,0,1,33,2,31,265,265,113,80,44,15,7,3,3,150,123,27,8,167,16,63,46
51355539,0,,,525,243,282,29,16,13,496,227,269,264,119,145,485,222,263,474,220,254,232,108,124,118,51,67,36,10,26,4,0,4,3,0,3,177,177,30,52,40,29,8,13,5,147,94,53,6,142,2,20,33
51355540,0,,,154,73,81,7,5,2,147,68,79,84,40,44,145,67,78,141,65,76,63,28,35,31,12,19,12,3,9,0,0,0,1,1,0,56,56,9,21,12,9,0,4,1,46,34,12,4,43,1,7,11
51355541,0,,,48,23,25,2,0,2,46,23,23,20,10,10,46,23,23,46,23,23,26,13,13,12,6,6,3,2,1,0,0,0,3,2,1,25,25,9,10,5,1,0,0,0,16,14,2,1,18,0,8,5
51355542,0,,,37,16,21,1,0,1,36,16,20,12,7,5,36,16,20,36,16,20,24,9,15,10,4,6,6,1,5,1,0,1,0,0,0,20,20,7,10,2,1,0,0,0,13,11,2,0,16,0,5,5
51355546,0,,,17,8,9,1,0,1,16,8,8,12,6,6,16,8,8,16,8,8,4,2,2,2,0,2,0,0,0,0,0,0,0,0,0,7,7,1,3,2,1,0,0,0,6,5,1,1,4,0,0,1
51355547,0,,,521,249,272,46,25,21,475,224,251,271,133,138,459,217,242,456,215,241,204,91,113,107,43,64,36,15,21,3,0,3,3,1,2,198,198,52,56,36,33,12,6,3,144,103,41,5,134,1,34,31
51355548,0,,,1581,740,841,146,68,78,1424,668,756,922,454,468,1375,634,741,1341,614,727,502,214,288,277,102,175,85,26,59,5,1,4,32,13,19,736,735,284,227,114,72,23,12,3,442,374,68,42,354,30,133,88
51355549,0,,,698,325,373,53,24,29,641,300,341,332,177,155,621,289,332,614,284,330,309,123,186,161,62,99,38,15,23,4,0,4,31,18,13,369,365,178,107,45,23,4,4,4,184,161,23,13,227,21,105,55
51355550,0,,,443,217,226,35,19,16,408,198,210,233,120,113,393,189,204,388,185,203,175,78,97,103,46,57,32,16,16,0,0,0,0,0,0,169,167,37,65,31,17,7,6,4,129,108,21,10,112,0,22,36
51355552,0,,,55,24,31,0,0,0,55,24,31,27,13,14,55,24,31,53,23,30,28,11,17,13,5,8,4,1,3,0,0,0,0,0,0,23,23,5,10,4,2,2,0,0,18,16,2,0,19,0,4,7
51355556,0,,,161,79,82,11,3,8,150,76,74,66,37,29,149,75,74,147,73,74,84,39,45,42,21,21,10,4,6,1,1,0,1,0,1,72,72,25,27,8,5,4,3,0,47,36,11,1,55,1,18,18
51355557,0,,,904,407,497,57,26,31,847,381,466,450,208,242,823,367,456,816,363,453,397,173,224,187,67,120,57,13,44,5,1,4,28,2,26,379,379,122,111,77,41,13,8,7,253,191,62,14,256,7,73,70
51355558,0,,,3312,1548,1764,265,149,116,3002,1381,1621,1747,839,908,2935,1352,1583,2882,1323,1559,1255,542,713,704,285,419,209,77,132,13,2,11,39,16,23,1528,1527,533,532,248,142,53,13,6,986,871,115,85,852,35,281,262
51355559,0,,,2609,1201,1408,217,118,99,2388,1081,1307,1361,660,701,2319,1045,1274,2281,1030,1251,1027,421,606,571,219,352,181,62,119,19,6,13,10,7,3,1108,1106,320,376,216,129,45,15,5,781,667,114,50,685,26,204,209
51355560,0,,,468,225,243,49,27,22,419,198,221,240,112,128,412,194,218,406,191,215,179,86,93,77,36,41,30,14,16,4,2,2,0,0,0,172,172,18,75,37,24,15,3,0,153,131,22,10,110,0,13,40
51355561,0,,,722,378,344,263,144,119,459,234,225,425,219,206,437,221,216,425,215,210,34,15,19,14,5,9,3,0,3,0,0,0,11,6,5,208,208,16,32,47,72,35,4,2,191,185,6,58,23,0,4,6
51355562,0,,,185,90,95,8,4,4,176,85,91,101,48,53,169,81,88,166,81,85,75,37,38,41,21,20,17,8,9,2,1,1,0,0,0,77,77,19,26,18,10,4,0,0,58,49,9,1,51,0,14,16
51355566,0,,,467,187,280,34,17,17,425,165,260,182,90,92,417,164,253,408,159,249,243,75,168,175,49,126,69,14,55,18,2,16,1,1,0,141,140,28,51,29,17,9,4,2,111,82,29,9,94,0,21,29
51355567,0,,,747,352,395,78,38,40,669,314,355,406,205,201,648,299,349,635,289,346,263,109,154,137,50,87,30,10,20,2,1,1,8,3,5,323,323,110,101,53,34,15,7,3,213,174,39,19,189,3,66,50
51355568,0,,,3542,1680,1862,328,162,166,3208,1516,1692,1895,913,982,3117,1475,1642,3056,1447,1609,1313,603,710,643,290,353,164,63,101,10,4,6,34,18,16,1530,1529,447,550,266,175,63,19,9,1073,935,138,80,885,29,249,292
51355569,0,,,1102,550,552,116,60,56,982,487,495,647,333,314,958,477,481,935,467,468,335,154,181,158,66,92,33,12,21,6,2,4,4,2,2,447,447,123,131,103,59,19,9,3,321,279,42,37,212,12,46,65
51355570,0,,,717,355,362,72,40,32,645,315,330,362,183,179,630,307,323,620,298,322,283,132,151,129,52,77,48,16,32,6,1,5,0,0,0,258,258,45,83,59,41,19,8,3,213,165,48,18,177,1,33,51
51355571,0,,,2343,1158,1185,259,141,118,2081,1015,1066,1559,751,808,1987,961,1026,1927,930,997,522,264,258,203,89,114,32,10,22,1,1,0,10,2,8,833,833,104,292,195,158,70,11,3,724,640,84,48,347,2,49,114
51355572,0,,,19,11,8,0,0,0,18,10,8,13,7,6,17,9,8,16,9,7,5,3,2,1,1,0,0,0,0,0,0,0,0,0,0,9,9,3,4,0,2,0,0,0,6,6,0,0,3,0,1,2
51355576,0,,,195,74,121,10,6,4,185,68,117,55,23,32,183,67,116,181,67,114,130,45,85,95,26,69,56,14,42,9,0,9,0,0,0,41,39,4,12,10,5,5,3,0,35,20,15,2,34,0,4,10
51355577,0,,,1320,624,696,224,128,96,1094,494,600,664,322,342,1074,481,593,1041,466,575,430,172,258,219,86,133,62,17,45,7,3,4,11,5,6,461,460,81,141,98,81,43,9,7,378,305,73,62,267,2,55,83
51355578,0,,,2202,1024,1178,361,175,186,1838,847,991,1244,576,668,1771,812,959,1731,791,940,594,271,323,284,119,165,88,29,59,5,1,4,19,11,8,808,808,154,265,168,148,38,22,13,645,553,92,114,388,17,80,122
51355579,0,,,410,202,208,34,15,19,376,187,189,255,132,123,365,183,182,360,180,180,121,55,66,52,20,32,19,4,15,0,0,0,11,10,1,163,163,48,48,32,16,13,2,4,113,92,21,6,80,14,17,24
51355580,0,,,760,373,387,54,30,24,704,342,362,362,180,182,689,337,352,678,328,350,342,162,180,203,91,112,67,28,39,0,0,0,6,4,2,231,229,35,90,44,31,17,10,2,191,149,42,14,156,1,27,56
51355581,0,,,834,371,463,70,35,35,763,335,428,541,246,295,735,322,413,714,315,399,222,89,133,135,43,92,69,13,56,10,2,8,3,1,2,264,263,38,77,61,60,23,4,0,224,203,21,11,97,0,20,31
51355582,0,,,89,43,46,5,3,2,84,40,44,42,20,22,79,40,39,77,38,39,42,20,22,22,10,12,4,2,2,0,0,0,0,0,0,39,39,9,19,4,5,2,0,0,30,26,4,0,28,0,8,13
51355586,0,,,546,282,264,29,15,14,517,267,250,322,178,144,508,262,246,493,251,242,195,89,106,99,44,55,24,13,11,2,0,2,5,5,0,178,176,28,63,40,25,14,5,1,147,112,35,7,117,1,17,43
51355587,0,,,3403,1616,1787,522,258,264,2876,1354,1522,2008,959,1049,2780,1314,1466,2702,1279,1423,868,395,473,416,178,238,112,37,75,6,1,5,14,8,6,1236,1236,222,368,283,252,83,23,5,1005,868,137,148,581,16,116,182
51355588,0,,,4707,2259,2448,788,418,370,3902,1828,2074,2838,1364,1474,3746,1754,1992,3641,1706,1935,1064,464,600,509,212,297,147,41,106,13,2,11,104,68,36,1772,1771,420,508,351,334,124,27,7,1339,1190,149,198,672,64,163,208
51355589,0,,,1482,697,785,127,66,61,1355,631,724,782,380,402,1324,614,710,1302,604,698,573,251,322,308,121,187,69,26,43,4,2,2,21,6,15,622,622,175,223,100,81,28,11,4,444,383,61,39,398,10,120,114
51355590,0,,,919,465,454,61,34,27,806,384,422,472,236,236,790,374,416,769,362,407,334,148,186,186,74,112,51,14,37,9,1,8,7,7,0,397,396,130,125,73,42,16,6,4,262,210,52,21,217,7,48,69
51355591,0,,,625,312,313,61,36,25,562,274,288,296,156,140,548,267,281,536,262,274,266,118,148,134,61,73,28,13,15,1,0,1,1,1,0,248,248,48,102,48,29,16,4,1,198,173,25,14,163,0,34,66
51355592,0,,,164,83,81,11,6,5,153,77,76,90,45,45,150,75,75,148,74,74,63,32,31,35,16,19,8,4,4,3,1,2,0,0,0,67,67,18,25,10,9,3,0,2,48,41,7,5,49,0,17,12
51355593,0,,,21,11,10,1,1,0,20,10,10,9,6,3,20,10,10,20,10,10,11,4,7,4,1,3,1,0,1,0,0,0,0,0,0,12,12,7,3,1,0,1,0,0,5,4,1,1,8,2,3,1
51355595,0,,,66,38,28,6,5,1,59,33,26,38,22,16,58,32,26,56,31,25,21,11,10,7,4,3,2,1,1,0,0,0,9,9,0,29,29,12,6,8,2,0,0,1,16,15,1,1,11,1,0,4
51355596,0,,,717,361,356,57,36,21,658,324,334,411,208,203,644,315,329,632,308,324,247,116,131,98,41,57,33,9,24,1,0,1,4,4,0,227,224,47,71,44,22,20,15,5,175,114,61,15,161,1,35,34
51355597,0,,,953,452,501,200,101,99,753,351,402,508,243,265,728,340,388,715,332,383,245,108,137,110,44,66,34,7,27,3,0,3,12,11,1,312,312,41,81,72,71,36,7,4,269,216,53,62,150,9,22,45
51355598,0,,,2479,1151,1328,478,236,242,1998,914,1084,1546,714,832,1846,879,967,1785,858,927,452,200,252,188,87,101,43,18,25,3,1,2,26,15,11,845,844,160,228,182,189,64,13,8,681,611,70,137,296,23,54,89
51355599,0,,,4382,2099,2283,494,261,233,3866,1835,2031,2518,1228,1290,3757,1788,1969,3670,1750,1920,1348,607,741,635,278,357,145,58,87,6,2,4,41,19,22,1741,1740,418,572,375,253,87,24,11,1312,1153,159,128,907,36,241,260
51355600,0,,,259,118,141,22,15,7,237,103,134,113,49,64,233,100,133,232,100,132,124,54,70,70,23,47,23,8,15,2,0,2,1,0,1,111,111,31,41,21,11,4,2,1,79,64,15,5,86,0,23,27
51355601,1,,51355602,46,23,23,0,0,0,53,25,28,26,13,13,53,25,28,53,25,28,27,12,15,15,8,7,5,3,2,0,0,0,0,0,0,20,20,6,9,3,5,0,0,0,17,13,4,0,17,0,4,7
51355602,2,51355601,,7,2,5,*,*,*,*,*,*,*,*,*,*,*,*,*,*,*,*,*,*,*,*,*,*,*,*,*,*,*,*,*,*,3,3,*,*,*,*,*,*,*,*,*,*,*,*,*,*,*
51355603,0,,,19,11,8,3,1,2,16,10,6,10,7,3,14,8,6,14,8,6,6,3,3,2,1,1,1,0,1,0,0,0,0,0,0,6,6,1,1,3,0,0,0,1,5,5,0,0,4,0,1,1
51355610,0,,,861,394,467,48,25,23,812,369,443,395,188,207,803,364,439,791,355,436,417,181,236,211,82,129,63,25,38,2,0,2,5,1,4,374,374,121,116,81,31,13,10,2,252,200,52,9,287,0,97,67
51355611,0,,,206,91,115,17,11,6,188,80,108,102,42,60,181,78,103,177,77,100,86,38,48,45,19,26,2,0,2,0,0,0,0,0,0,96,96,36,34,11,8,5,2,0,60,50,10,4,63,2,24,18
51355614,0,,,50,24,26,0,0,0,50,24,26,0,0,0,50,24,26,50,24,26,50,24,26,38,17,21,16,5,11,2,1,1,1,0,1,1,0,0,0,0,0,0,0,0,0,0,0,0,0,0,0,0
51355619,2,51355626,,1,1,0,*,*,*,*,*,*,*,*,*,*,*,*,*,*,*,*,*,*,*,*,*,*,*,*,*,*,*,*,*,*,1,1,*,*,*,*,*,*,*,*,*,*,*,*,*,*,*
51355620,0,,,358,157,201,16,10,6,342,147,195,148,69,79,334,143,191,328,141,187,194,78,116,108,38,70,42,13,29,3,0,3,0,0,0,138,137,37,60,20,12,3,3,2,100,80,20,4,100,0,29,30
51355621,0,,,389,181,208,28,13,15,361,168,193,200,97,103,354,165,189,344,161,183,161,71,90,87,38,49,29,10,19,0,0,0,0,0,0,145,145,29,54,23,23,10,2,4,116,91,25,7,106,0,24,33
51355622,0,,,189,82,107,13,8,5,176,74,102,93,39,54,173,71,102,173,71,102,83,35,48,43,16,27,15,6,9,0,0,0,1,0,1,79,79,25,23,13,13,4,0,1,54,44,10,4,59,0,18,16
51355623,0,,,1168,547,621,212,108,104,955,439,516,677,338,339,898,415,483,864,393,471,278,101,177,164,48,116,83,20,63,12,1,11,1,0,1,363,361,37,101,89,100,28,5,1,322,297,25,29,129,1,18,49
51355624,0,,,340,162,178,17,7,10,323,155,168,140,72,68,321,153,168,319,151,168,183,83,100,103,44,59,36,11,25,2,0,2,0,0,0,144,144,33,68,16,17,6,3,1,111,92,19,2,115,0,27,51
51355625,0,,,12,7,5,0,0,0,12,7,5,7,4,3,12,7,5,12,7,5,5,3,2,4,2,2,0,0,0,0,0,0,0,0,0,6,6,1,4,1,0,0,0,0,5,5,0,0,3,0,0,2
51355626,1,,51355619,32,17,15,3,2,1,30,16,14,16,9,7,30,16,14,30,16,14,14,7,7,4,1,3,3,1,2,0,0,0,0,0,0,11,11,2,5,2,1,1,1,0,9,7,2,1,8,0,1,4
51355630,0,,,108,56,52,7,5,2,101,51,50,49,22,27,96,49,47,95,49,46,52,29,23,26,16,10,10,5,5,1,0,1,0,0,0,40,40,5,18,8,4,3,2,0,35,27,8,1,29,0,4,13
51355631,0,,,842,406,436,51,30,21,791,376,415,362,192,170,776,368,408,765,363,402,429,184,245,268,108,160,102,23,79,15,1,14,2,2,0,285,281,62,109,53,26,17,9,5,218,163,55,14,224,0,52,71
51355632,0,,,798,347,451,64,32,32,734,315,419,354,172,182,727,311,416,719,307,412,380,143,237,221,65,156,121,22,99,17,1,16,0,0,0,254,252,43,91,51,30,17,11,9,208,145,63,16,186,0,27,50
51355633,0,,,1100,498,602,111,52,59,965,438,527,529,261,268,946,427,519,934,422,512,436,177,259,267,97,170,109,27,82,8,1,7,2,0,2,396,395,81,144,65,63,29,5,8,306,238,68,27,257,5,49,79
51355634,0,,,421,189,232,50,25,25,371,164,207,184,85,99,358,157,201,348,152,196,187,79,108,100,39,61,36,7,29,5,0,5,1,1,0,164,164,41,54,31,21,10,4,3,121,94,27,15,114,1,31,36
51355636,0,,,38,15,23,4,0,4,34,15,19,19,7,12,34,15,19,33,14,19,15,8,7,5,2,3,3,1,2,0,0,0,0,0,0,13,13,3,2,3,3,2,0,0,10,6,4,3,9,0,2,1
51355637,0,,,16,8,8,0,0,0,16,8,8,7,4,3,16,8,8,16,8,8,9,4,5,5,2,3,4,2,2,0,0,0,0,0,0,9,9,4,3,2,0,0,0,0,5,4,1,0,7,0,3,1
51355640,0,,,650,258,392,21,10,11,629,248,381,227,110,117,622,246,376,616,241,375,402,138,264,300,94,206,146,31,115,14,2,12,3,0,3,127,120,35,39,25,13,6,1,1,85,71,14,6,65,19,11,21
51355641,0,,,638,250,388,59,27,32,578,223,355,235,106,129,569,218,351,562,214,348,343,117,226,237,70,167,117,18,99,26,1,25,9,2,7,211,208,41,81,52,18,8,5,3,167,135,32,13,145,0,30,44
51355642,0,,,79,39,40,5,3,2,74,36,38,37,17,20,72,34,38,70,33,37,37,19,18,13,5,8,4,1,3,0,0,0,0,0,0,30,30,5,10,11,1,1,2,0,25,17,8,0,26,0,5,6
51355643,0,,,672,338,334,42,22,20,627,314,313,375,204,171,619,311,308,606,305,301,252,110,142,146,66,80,42,22,20,3,1,2,0,0,0,245,238,39,106,42,28,15,6,2,197,161,36,11,161,1,28,57
51355644,0,,,309,132,177,28,9,19,281,123,158,122,64,58,278,121,157,276,119,157,159,59,100,105,32,73,59,15,44,11,1,10,1,0,1,91,90,24,24,14,14,5,6,3,66,41,25,6,65,1,14,15
51355645,1,,51355646,125,61,64,6,4,2,129,62,67,71,36,35,129,62,67,128,62,66,58,26,32,37,16,21,15,7,8,1,1,0,0,0,0,43,43,9,12,15,8,5,0,0,40,22,18,3,40,0,5,8
51355646,2,51355645,,10,5,5,*,*,*,*,*,*,*,*,*,*,*,*,*,*,*,*,*,*,*,*,*,*,*,*,*,*,*,*,*,*,6,6,*,*,*,*,*,*,*,*,*,*,*,*,*,*,*
51355647,1,,51355648,13,8,5,0,0,0,15,9,6,3,2,1,15,9,6,15,9,6,12,7,5,5,2,3,2,2,0,0,0,0,0,0,0,7,7,5,3,0,1,0,0,0,4,4,0,0,9,0,5,3
51355648,2,51355647,,2,1,1,*,*,*,*,*,*,*,*,*,*,*,*,*,*,*,*,*,*,*,*,*,*,*,*,*,*,*,*,*,*,2,2,*,*,*,*,*,*,*,*,*,*,*,*,*,*,*
51355649,0,,,31,13,18,3,0,3,28,13,15,16,7,9,28,13,15,28,13,15,12,6,6,6,2,4,3,0,3,0,0,0,0,0,0,11,11,1,4,3,2,1,0,0,10,8,2,1,8,0,1,2
51355650,0,,,1042,469,573,100,45,55,941,424,517,539,255,284,920,410,510,901,399,502,402,169,233,206,78,128,51,14,37,3,0,3,3,0,3,446,446,142,139,90,38,26,7,4,297,238,59,17,285,3,91,64
51355651,0,,,566,277,289,47,24,23,516,251,265,280,145,135,503,247,256,490,239,251,236,106,130,104,35,69,38,10,28,3,0,3,3,0,3,220,220,49,83,37,28,12,9,2,171,126,45,8,151,0,34,44
51355652,0,,,358,180,178,7,1,6,351,179,172,159,84,75,349,179,170,349,179,170,192,95,97,95,35,60,32,11,21,3,0,3,0,0,0,39,38,11,10,8,6,3,0,0,26,20,6,2,28,2,7,7
51355653,0,,,910,411,499,83,43,40,826,367,459,417,206,211,809,358,451,799,354,445,409,161,248,218,68,150,117,29,88,23,3,20,1,0,1,298,296,43,111,61,52,21,7,1,252,202,50,18,190,0,26,70
51355654,0,,,632,304,328,114,53,61,515,250,265,318,156,162,495,238,257,490,235,255,197,94,103,95,48,47,21,6,15,5,1,4,1,1,0,227,227,34,83,48,34,20,5,3,193,173,20,33,116,1,14,54
51355655,0,,,177,84,93,12,8,4,165,76,89,92,42,50,161,74,87,160,73,87,73,34,39,31,13,18,15,8,7,1,1,0,0,0,0,63,62,16,16,10,9,4,7,0,46,29,17,3,44,5,7,10
51355656,1,,51355666,284,135,149,25,11,14,272,130,142,151,77,74,266,129,137,263,127,136,121,53,68,64,23,41,21,5,16,3,0,3,2,1,1,105,105,23,34,21,16,8,3,3,85,60,25,7,77,3,12,16
51355657,0,,,63,29,34,4,0,4,59,29,30,27,12,15,58,29,29,58,29,29,32,17,15,13,5,8,5,2,3,1,0,1,0,0,0,24,24,5,10,3,3,1,2,0,19,16,3,1,20,0,4,6
51355658,0,,,39,17,22,2,2,0,37,15,22,17,6,11,36,15,21,35,15,20,20,9,11,9,5,4,3,1,2,0,0,0,0,0,0,21,21,11,5,2,3,0,0,0,10,8,2,0,13,0,6,3
51355659,0,,,36,17,19,0,0,0,36,17,19,13,5,8,36,17,19,36,17,19,23,12,11,11,6,5,1,0,1,0,0,0,0,0,0,22,22,13,7,0,1,1,0,0,9,7,2,0,18,1,10,6
51355660,0,,,293,133,160,18,9,9,272,122,150,152,68,84,266,120,146,259,117,142,120,54,66,59,22,37,10,4,6,0,0,0,0,0,0,104,104,18,37,18,18,6,4,3,84,63,21,5,78,0,14,24
51355661,0,,,665,309,356,61,27,34,602,280,322,343,163,180,587,274,313,573,270,303,259,117,142,137,59,78,37,9,28,4,2,2,1,0,1,241,241,43,81,52,41,10,10,4,197,154,43,8,159,0,30,51
51355662,0,,,708,291,417,66,33,33,641,257,384,308,137,171,626,250,376,617,247,370,333,120,213,205,62,143,73,19,54,4,0,4,6,3,3,331,330,161,83,40,34,8,2,2,167,150,17,19,206,2,114,45
51355663,0,,,4413,2073,2340,365,192,173,3990,1849,2141,2268,1061,1207,3892,1803,2089,3802,1767,2035,1722,788,934,821,386,435,153,70,83,10,2,8,23,13,10,2015,2015,616,761,361,204,64,8,1,1385,1312,73,86,1133,34,331,428
51355664,0,,,2792,1342,1450,375,201,174,2408,1134,1274,1674,805,869,2298,1081,1217,2221,1040,1181,734,329,405,340,156,184,71,28,43,8,1,7,11,5,6,995,988,179,308,211,196,70,17,7,802,720,82,77,451,14,88,162
51355665,0,,,884,421,463,89,54,35,794,367,427,423,209,214,774,358,416,762,352,410,371,158,213,190,73,117,58,14,44,5,1,4,4,1,3,322,320,64,107,63,42,27,12,5,255,175,80,18,231,2,46,63
51355666,2,51355656,,14,7,7,*,*,*,*,*,*,*,*,*,*,*,*,*,*,*,*,*,*,*,*,*,*,*,*,*,*,*,*,*,*,3,3,*,*,*,*,*,*,*,*,*,*,*,*,*,*,*
51355669,0,,,32,15,17,0,0,0,32,15,17,19,12,7,31,14,17,31,14,17,13,3,10,7,0,7,6,0,6,0,0,0,0,0,0,13,13,5,3,2,1,1,1,0,8,5,3,0,11,0,4,1
51355670,0,,,1195,576,619,70,33,37,1124,542,582,614,303,311,1096,528,568,1072,515,557,510,239,271,272,111,161,74,30,44,5,2,3,5,0,5,461,461,91,169,95,73,15,13,5,369,292,77,20,328,1,73,104
51355671,0,,,1907,818,1089,225,108,117,1677,707,970,1002,432,570,1622,687,935,1584,667,917,675,275,400,339,130,209,74,21,53,4,0,4,42,23,19,851,849,291,273,140,101,29,12,3,557,496,61,45,474,8,170,125
51355672,0,,,2368,1069,1299,265,124,141,2070,926,1144,1263,574,689,2009,895,1114,1959,875,1084,807,352,455,435,180,255,119,34,85,8,2,6,7,3,4,958,954,243,350,173,140,31,12,5,707,651,56,77,479,18,110,192
51355673,0,,,7319,3379,3940,867,469,398,6316,2824,3492,4139,1875,2264,6121,2731,3390,5997,2680,3317,2177,949,1228,1112,473,639,254,81,173,19,3,16,34,10,24,3283,3282,1143,1009,604,392,103,20,11,2126,1962,164,246,1438,109,438,502
51355674,0,,,3720,1780,1940,478,244,234,3218,1523,1695,2073,1003,1070,3115,1474,1641,3039,1425,1614,1145,520,625,588,265,323,152,58,94,11,2,9,10,6,4,1463,1462,307,512,301,246,80,14,2,1150,1056,94,123,742,17,160,296
51355675,0,,,461,222,239,51,26,25,410,196,214,210,98,112,404,193,211,394,189,205,200,98,102,96,44,52,23,10,13,2,0,2,1,0,1,149,149,24,48,23,23,15,9,7,125,83,42,12,123,0,19,32
51355676,0,,,124,55,69,10,4,6,114,51,63,61,28,33,113,50,63,112,49,63,53,23,30,19,5,14,9,3,6,1,1,0,0,0,0,46,46,10,14,9,8,4,0,1,36,26,10,1,36,0,10,7
51355677,0,,,47,25,22,2,1,1,45,24,21,19,11,8,45,24,21,45,24,21,26,13,13,10,3,7,2,0,2,0,0,0,0,0,0,18,18,3,8,3,2,1,1,0,15,12,3,0,15,0,2,5
51355678,2,51355688,,6,2,4,*,*,*,*,*,*,*,*,*,*,*,*,*,*,*,*,*,*,*,*,*,*,*,*,*,*,*,*,*,*,4,4,*,*,*,*,*,*,*,*,*,*,*,*,*,*,*
51355679,0,,,20,9,11,0,0,0,20,9,11,9,4,5,19,8,11,19,8,11,11,5,6,6,3,3,4,1,3,0,0,0,0,0,0,9,9,2,5,1,0,1,0,0,7,5,2,0,7,0,2,3
51355680,0,,,3564,1712,1852,415,219,196,3131,1479,1652,2113,1026,1087,3056,1437,1619,2987,1400,1587,1018,453,565,527,223,304,128,50,78,14,2,12,42,27,15,1459,1457,389,490,288,186,70,24,10,1062,967,95,120,665,23,191,226
51355681,0,,,3275,1526,1749,335,176,159,2890,1323,1567,1790,874,916,2796,1270,1526,2734,1245,1489,1100,449,651,626,237,389,201,52,149,19,3,16,27,13,14,1195,1191,259,404,250,189,72,10,7,925,813,112,87,608,12,140,202
51355682,0,,,2996,1443,1553,302,153,149,2584,1227,1357,1715,835,880,2510,1188,1322,2401,1151,1250,869,392,477,431,185,246,108,41,67,7,2,5,8,2,6,1354,1352,535,373,224,152,48,16,4,806,728,78,76,556,52,149,174
51355683,0,,,4960,2349,2611,601,321,280,4194,1938,2256,3199,1507,1692,4009,1843,2166,3907,1793,2114,995,431,564,457,183,274,132,48,84,10,1,9,25,11,14,2337,2334,965,629,373,287,60,17,3,1352,1249,103,168,704,128,240,198
51355684,0,,,1616,783,833,156,84,72,1450,693,757,783,400,383,1411,671,740,1388,660,728,667,293,374,403,161,242,167,50,117,24,2,22,2,1,1,532,530,107,165,125,92,26,14,1,421,362,59,51,293,4,53,90
51355685,0,,,396,192,204,34,15,19,362,177,185,196,98,98,351,171,180,345,167,178,166,79,87,84,37,47,28,10,18,3,1,2,0,0,0,132,132,15,44,33,21,10,5,4,116,81,35,6,104,0,14,28
51355686,0,,,280,136,144,14,8,6,266,128,138,106,54,52,262,125,137,259,123,136,160,74,86,103,41,62,36,14,22,5,0,5,0,0,0,107,106,28,34,20,17,3,4,0,78,61,17,2,89,0,24,30
51355687,0,,,44,19,25,2,0,2,42,19,23,25,13,12,41,19,22,41,19,22,17,6,11,8,1,7,4,0,4,0,0,0,0,0,0,13,13,2,2,3,3,1,2,0,11,5,6,0,11,0,2,0
51355688,1,,51355678,147,71,76,7,5,2,146,68,78,57,29,28,146,68,78,146,68,78,89,39,50,46,18,28,19,7,12,2,1,1,0,0,0,56,56,11,25,15,3,3,1,2,48,33,15,1,55,0,8,14
51355689,0,,,94,48,46,3,2,1,88,45,43,43,25,18,88,45,43,86,45,41,45,20,25,21,9,12,3,0,3,1,0,1,1,1,0,43,43,9,21,10,2,1,0,0,33,30,3,1,29,0,6,12
51355690,0,,,2655,1253,1402,407,219,188,2244,1032,1212,1416,679,737,2181,995,1186,2134,973,1161,828,353,475,466,197,269,131,50,81,11,4,7,15,8,7,1024,1022,257,312,189,191,41,22,10,758,658,100,108,535,11,157,152
51355691,0,,,3418,1630,1788,379,191,188,3000,1414,1586,1896,930,966,2915,1378,1537,2841,1345,1496,1104,484,620,607,274,333,134,52,82,7,1,6,8,3,5,1447,1446,420,499,240,202,60,14,11,1011,904,107,131,721,33,205,261
51355692,0,,,497,228,269,64,32,32,433,196,237,264,123,141,423,192,231,414,191,223,169,73,96,80,37,43,17,8,9,1,1,0,3,2,1,186,186,39,62,29,40,10,5,1,146,122,24,14,111,0,27,37
51355693,0,,,2922,1402,1520,332,155,177,2522,1209,1313,1626,818,808,2449,1175,1274,2396,1145,1251,896,391,505,472,188,284,153,48,105,18,2,16,21,10,11,1298,1294,528,336,202,157,55,12,4,750,668,82,82,553,72,187,136
51355694,0,,,1642,776,866,163,84,79,1441,671,770,871,433,438,1407,645,762,1383,629,754,570,238,332,291,112,179,75,29,46,6,2,4,16,8,8,747,747,281,223,120,83,26,9,5,460,389,71,36,404,13,143,94
51355695,0,,,549,222,327,32,9,23,517,213,304,221,110,111,508,206,302,504,204,300,296,103,193,199,52,147,105,16,89,19,2,17,1,1,0,158,155,27,52,29,28,11,6,2,128,91,37,6,120,0,22,29
51355696,0,,,340,170,170,25,16,9,315,154,161,160,83,77,307,150,157,300,146,154,155,71,84,67,31,36,20,8,12,1,1,0,0,0,0,129,129,22,50,32,12,10,0,3,106,87,19,4,99,0,19,28
51355697,0,,,1285,621,664,163,80,83,1116,538,578,813,404,409,1073,516,557,1041,498,543,303,134,169,147,63,84,38,15,23,1,0,1,10,8,2,471,470,91,148,95,93,29,11,3,373,329,44,37,189,5,41,66
51355698,0,,,641,316,325,57,30,27,577,284,293,325,167,158,557,274,283,544,267,277,252,117,135,133,53,80,42,11,31,5,0,5,2,1,1,240,239,54,79,49,29,21,5,2,180,140,40,11,147,2,27,44
51355699,0,,,133,57,76,1,0,1,132,57,75,38,21,17,132,57,75,132,57,75,94,36,58,78,28,50,52,16,36,6,2,4,0,0,0,24,22,3,11,4,4,0,0,0,19,15,4,1,17,0,3,7
51355700,1,,51355710,32,19,13,0,0,0,35,20,15,14,9,5,34,19,15,34,19,15,21,11,10,11,6,5,3,0,3,1,0,1,0,0,0,13,13,3,8,2,1,0,1,0,12,9,3,0,14,0,2,5
51355701,0,,,9,5,4,0,0,0,9,5,4,4,2,2,9,5,4,9,5,4,5,3,2,1,1,0,1,1,0,1,1,0,0,0,0,4,4,0,3,1,0,0,0,0,4,3,1,0,3,0,0,2
51355702,1,,51355712,103,47,56,4,1,3,106,48,58,39,17,22,106,48,58,103,47,56,67,31,36,31,15,16,12,5,7,1,0,1,0,0,0,49,49,13,28,6,3,1,1,0,39,33,6,1,46,0,10,20
51355703,0,,,285,99,186,12,4,8,273,95,178,79,32,47,271,95,176,269,94,175,194,63,131,149,40,109,95,18,77,18,4,14,0,0,0,76,75,20,25,16,7,5,0,2,54,41,13,3,63,1,15,19
51355704,0,,,61,29,32,1,1,0,60,28,32,25,9,16,60,28,32,59,28,31,35,19,16,18,9,9,7,3,4,1,0,1,0,0,0,30,30,12,10,4,3,1,0,0,18,12,6,0,24,0,10,4
51355705,0,,,57,23,34,3,1,2,54,22,32,27,10,17,52,21,31,51,21,30,27,12,15,14,5,9,5,2,3,2,1,1,0,0,0,22,22,4,8,6,2,1,1,0,18,14,4,0,18,0,3,3
51355706,0,,,32,16,16,1,1,0,31,15,16,14,10,4,29,13,16,28,13,15,17,5,12,10,2,8,4,0,4,1,0,1,0,0,0,15,15,8,1,4,1,0,1,0,7,3,4,0,12,0,7,1
51355708,0,,,72,32,40,6,2,4,66,30,36,20,7,13,65,29,36,65,29,36,46,23,23,20,9,11,9,4,5,1,0,1,0,0,0,36,36,13,17,3,0,2,1,0,23,19,4,2,32,0,12,14
51355709,0,,,85,43,42,10,6,4,75,37,38,33,16,17,70,34,36,70,34,36,42,21,21,20,11,9,9,5,4,1,0,1,0,0,0,32,32,8,12,6,1,1,2,2,24,18,6,1,25,0,5,8
51355710,2,51355700,,3,1,2,*,*,*,*,*,*,*,*,*,*,*,*,*,*,*,*,*,*,*,*,*,*,*,*,*,*,*,*,*,*,2,2,*,*,*,*,*,*,*,*,*,*,*,*,*,*,*
51355712,2,51355702,,7,2,5,*,*,*,*,*,*,*,*,*,*,*,*,*,*,*,*,*,*,*,*,*,*,*,*,*,*,*,*,*,*,3,3,*,*,*,*,*,*,*,*,*,*,*,*,*,*,*
51355713,0,,,33,16,17,0,0,0,33,16,17,12,6,6,33,16,17,33,16,17,21,10,11,11,5,6,5,2,3,1,0,1,0,0,0,17,17,3,12,2,0,0,0,0,14,14,0,0,13,0,3,7
51355714,0,,,4,4,0,0,0,0,4,4,0,3,3,0,4,4,0,4,4,0,1,1,0,0,0,0,0,0,0,0,0,0,0,0,0,1,0,0,0,0,0,0,0,0,0,0,0,0,0,0,0,0
51355715,0,,,13,5,8,0,0,0,13,5,8,6,3,3,13,5,8,13,5,8,7,2,5,1,0,1,0,0,0,0,0,0,0,0,0,6,6,1,4,0,1,0,0,0,5,4,1,0,5,0,1,2
51355716,0,,,18,10,8,4,3,1,14,7,7,7,4,3,14,7,7,14,7,7,7,3,4,5,2,3,2,1,1,0,0,0,0,0,0,6,6,2,2,0,1,0,0,1,4,3,1,2,5,0,2,2
51355718,0,,,13,8,5,3,2,1,10,6,4,6,4,2,10,6,4,10,6,4,4,2,2,1,0,1,0,0,0,0,0,0,0,0,0,5,5,2,0,2,0,1,0,0,3,3,0,1,3,0,1,0
51355720,2,51355730,,7,4,3,*,*,*,*,*,*,*,*,*,*,*,*,*,*,*,*,*,*,*,*,*,*,*,*,*,*,*,*,*,*,2,2,*,*,*,*,*,*,*,*,*,*,*,*,*,*,*
51355724,0,,,29,13,16,3,1,2,26,12,14,13,6,7,26,12,14,25,11,14,13,6,7,5,2,3,3,0,3,0,0,0,0,0,0,8,8,0,2,2,2,1,1,0,8,4,4,1,7,0,0,2
51355725,0,,,31,13,18,0,0,0,31,13,18,17,7,10,31,13,18,31,13,18,14,6,8,9,4,5,4,2,2,0,0,0,0,0,0,11,11,2,6,0,1,1,0,1,9,6,3,0,10,0,2,4
51355726,0,,,18,9,9,0,0,0,18,9,9,9,5,4,18,9,9,18,9,9,9,4,5,6,3,3,2,1,1,0,0,0,0,0,0,7,7,0,4,2,1,0,0,0,7,6,1,0,6,0,0,3
51355728,2,51355738,,8,4,4,*,*,*,*,*,*,*,*,*,*,*,*,*,*,*,*,*,*,*,*,*,*,*,*,*,*,*,*,*,*,2,2,*,*,*,*,*,*,*,*,*,*,*,*,*,*,*
51355730,1,,51355720,10,5,5,1,1,0,16,8,8,6,3,3,16,8,8,16,8,8,10,5,5,1,1,0,0,0,0,0,0,0,0,0,0,5,5,1,4,1,0,1,0,0,6,5,1,0,6,0,0,3
51355734,0,,,54,26,28,4,3,1,50,23,27,21,11,10,49,22,27,48,21,27,29,12,17,9,2,7,3,1,2,0,0,0,0,0,0,21,21,4,9,4,3,0,0,1,17,11,6,0,17,0,1,6
51355735,0,,,85,38,47,7,4,3,78,34,44,33,15,18,76,34,42,76,34,42,45,19,26,26,10,16,11,5,6,0,0,0,0,0,0,31,31,7,10,5,4,3,2,0,24,16,8,2,27,0,7,10
51355736,0,,,148,74,74,14,7,7,134,67,67,68,33,35,128,65,63,126,63,63,66,34,32,31,15,16,18,7,11,2,1,1,0,0,0,54,54,13,16,10,9,2,2,2,41,28,13,3,44,0,12,11
51355737,0,,,161,76,85,9,6,3,152,70,82,83,37,46,148,68,80,144,67,77,69,33,36,32,16,16,13,6,7,3,1,2,0,0,0,57,57,6,25,9,10,4,3,0,51,38,13,0,46,0,4,15
51355738,1,,51355728,99,56,43,7,3,4,100,57,43,53,34,19,95,53,42,95,53,42,47,23,24,20,12,8,4,3,1,0,0,0,0,0,0,33,33,3,14,10,2,2,2,2,32,22,10,2,28,0,1,7
51355739,0,,,65,29,36,0,0,0,65,29,36,33,18,15,63,27,36,63,27,36,32,11,21,17,7,10,5,0,5,1,0,1,0,0,0,27,27,7,10,4,5,0,1,0,20,15,5,0,23,0,6,5
51355741,2,51355742,,9,4,5,*,*,*,*,*,*,*,*,*,*,*,*,*,*,*,*,*,*,*,*,*,*,*,*,*,*,*,*,*,*,2,2,*,*,*,*,*,*,*,*,*,*,*,*,*,*,*
51355742,1,,51355741,15,8,7,2,1,1,22,11,11,8,5,3,22,11,11,22,11,11,14,6,8,4,1,3,4,1,3,0,0,0,0,0,0,8,8,2,5,1,1,1,0,0,8,6,2,1,9,0,1,4
51355743,0,,,24,9,15,0,0,0,24,9,15,9,4,5,24,9,15,24,9,15,15,5,10,10,3,7,3,1,2,1,0,1,0,0,0,10,10,2,4,3,0,1,0,0,8,6,2,0,9,0,2,2
51355744,0,,,78,39,39,10,6,4,68,33,35,32,15,17,68,33,35,68,33,35,36,18,18,19,11,8,12,7,5,0,0,0,0,0,0,22,22,2,8,4,2,1,1,4,20,11,9,3,21,0,2,6
51355745,0,,,19,8,11,0,0,0,19,8,11,10,4,6,19,8,11,19,8,11,9,4,5,3,1,2,0,0,0,0,0,0,0,0,0,10,10,3,5,2,0,0,0,0,7,6,1,0,7,0,2,3
51355746,0,,,43,22,21,1,1,0,42,21,21,15,8,7,42,21,21,42,21,21,27,13,14,10,4,6,5,2,3,0,0,0,0,0,0,22,22,6,11,5,0,0,0,0,16,14,2,0,18,0,4,9
51355747,0,,,62,30,32,11,7,4,51,23,28,32,13,19,50,22,28,48,22,26,19,10,9,10,3,7,5,1,4,0,0,0,0,0,0,20,20,4,6,4,2,1,0,3,15,12,3,3,15,0,2,4
51355748,0,,,83,42,41,6,4,2,77,38,39,34,19,15,76,37,39,75,36,39,43,19,24,16,7,9,6,4,2,0,0,0,2,1,1,34,34,7,10,12,5,0,0,0,26,19,7,3,27,0,6,7
51355749,0,,,63,28,35,5,4,1,58,24,34,30,11,19,56,24,32,55,24,31,28,13,15,5,1,4,1,0,1,0,0,0,0,0,0,25,25,5,10,5,2,3,0,0,20,16,4,2,19,0,3,9
51355753,0,,,16,7,9,3,1,2,13,6,7,8,4,4,13,6,7,13,6,7,5,2,3,1,0,1,1,0,1,0,0,0,0,0,0,5,5,1,1,1,1,0,1,0,4,3,1,1,4,0,1,0
51355754,0,,,108,48,60,9,5,4,99,43,56,52,21,31,97,43,54,94,42,52,47,22,25,23,9,14,8,3,5,0,0,0,0,0,0,38,38,8,10,10,4,2,4,0,28,16,12,0,31,0,7,7
51355755,0,,,22,10,12,0,0,0,22,10,12,13,8,5,22,10,12,21,10,11,9,2,7,6,0,6,3,0,3,0,0,0,0,0,0,9,9,4,1,2,0,2,0,0,5,3,2,0,8,0,3,0
51355756,0,,,53,28,25,1,0,1,51,27,24,28,16,12,51,27,24,50,26,24,23,11,12,11,4,7,2,1,1,0,0,0,0,0,0,23,22,5,9,6,0,1,1,0,17,14,3,1,18,0,5,5
51355757,0,,,91,41,50,7,3,4,84,38,46,47,22,25,82,38,44,81,38,43,37,16,21,20,10,10,6,4,2,0,0,0,0,0,0,31,31,4,11,7,5,1,2,1,27,18,9,2,24,1,3,5
51355758,0,,,195,94,101,28,14,14,167,80,87,98,46,52,163,77,86,159,77,82,69,34,35,23,12,11,4,1,3,0,0,0,0,0,0,75,75,19,28,12,7,2,4,3,56,50,6,4,47,0,14,14
51355759,0,,,84,37,47,9,2,7,75,35,40,44,21,23,74,35,39,73,35,38,31,14,17,14,5,9,5,1,4,1,0,1,1,0,1,31,31,11,7,5,3,3,0,2,20,13,7,2,22,0,8,3
51355760,0,,,23,12,11,1,0,1,22,12,10,14,8,6,22,12,10,21,11,10,8,4,4,4,1,3,1,0,1,0,0,0,0,0,0,7,7,2,1,1,1,1,0,1,5,2,3,0,6,0,1,1
51355762,0,,,39,19,20,1,0,1,38,19,19,17,10,7,38,19,19,38,19,19,21,9,12,10,4,6,5,2,3,0,0,0,0,0,0,16,16,4,5,4,2,1,0,0,12,9,3,1,13,0,3,4
51355763,0,,,83,40,43,4,3,1,79,37,42,47,26,21,75,35,40,75,35,40,32,11,21,13,5,8,3,1,2,0,0,0,0,0,0,30,30,5,11,7,3,2,1,1,25,18,7,0,21,0,3,4
51355764,0,,,384,172,212,33,22,11,351,150,201,165,86,79,342,144,198,335,139,196,186,64,122,128,36,92,65,11,54,17,1,16,5,4,1,118,117,29,34,20,19,4,9,2,87,59,28,3,81,2,19,23
51355765,0,,,84,46,38,3,1,2,78,45,33,54,36,18,76,44,32,74,43,31,24,9,15,13,4,9,3,0,3,0,0,0,0,0,0,25,24,5,7,5,2,2,2,1,18,13,5,0,19,0,5,2
51355766,0,,,93,47,46,12,5,7,81,42,39,37,21,16,80,41,39,80,41,39,44,21,23,20,8,12,9,5,4,1,0,1,0,0,0,39,39,11,16,8,1,0,1,2,28,19,9,4,30,0,9,10
51355767,0,,,571,278,293,77,39,38,493,239,254,278,143,135,482,231,251,475,228,247,215,96,119,100,36,64,32,10,22,2,0,2,4,1,3,212,204,53,66,31,26,13,6,9,148,113,35,18,152,0,41,38
51355768,0,,,451,215,236,75,38,37,376,177,199,213,109,104,360,168,192,357,165,192,163,68,95,86,27,59,25,1,24,2,0,2,2,2,0,174,173,51,48,34,20,13,4,3,122,98,24,14,118,2,39,19
51355769,0,,,84,42,42,1,0,1,83,42,41,40,19,21,82,42,40,82,42,40,43,23,20,14,5,9,6,2,4,0,0,0,0,0,0,37,37,9,15,8,4,1,0,0,28,22,6,0,32,0,7,11
51355772,0,,,30,15,15,4,2,2,26,13,13,10,7,3,26,13,13,26,13,13,16,6,10,3,0,3,2,0,2,0,0,0,0,0,0,13,13,5,3,2,2,1,0,0,8,6,2,0,10,0,3,2
51355773,0,,,144,66,78,6,5,1,138,61,77,74,34,40,135,58,77,134,57,77,64,27,37,36,13,23,14,3,11,1,1,0,0,0,0,55,55,12,17,14,6,5,0,1,43,28,15,3,45,1,8,7
51355774,0,,,1014,457,557,103,50,53,910,407,503,480,233,247,886,394,492,869,386,483,430,174,256,244,87,157,84,17,67,10,2,8,2,1,1,400,399,111,127,80,42,20,12,7,287,220,67,30,276,3,81,70
51355775,0,,,133,65,68,5,2,3,128,63,65,57,27,30,127,62,65,127,62,65,71,36,35,33,16,17,16,7,9,2,0,2,0,0,0,51,51,12,14,13,7,4,1,0,38,26,12,1,43,0,8,9
51355776,0,,,427,203,224,40,19,21,387,184,203,221,109,112,376,180,196,368,177,191,166,75,91,66,29,37,23,10,13,2,1,1,5,2,3,155,155,31,53,29,22,11,5,4,120,94,26,10,105,0,24,27
51355777,0,,,573,282,291,58,26,32,515,256,259,303,161,142,508,252,256,502,248,254,212,95,117,112,42,70,32,10,22,4,1,3,6,2,4,222,217,55,73,36,27,15,8,3,159,119,40,12,145,1,35,34
51355778,0,,,87,43,44,2,0,2,85,43,42,40,22,18,84,42,42,82,41,41,45,21,24,26,13,13,6,3,3,0,0,0,3,2,1,37,37,12,11,8,3,1,2,0,25,20,5,0,30,0,9,9
51355779,0,,,73,37,36,11,5,6,62,32,30,32,18,14,57,28,29,57,28,29,30,14,16,11,5,6,4,2,2,0,0,0,0,0,0,26,26,5,11,4,2,1,1,2,21,15,6,2,20,0,4,8
51355783,0,,,92,46,46,17,9,8,75,37,38,40,21,19,74,36,38,71,34,37,35,16,19,12,5,7,4,2,2,0,0,0,0,0,0,31,31,6,12,3,2,4,3,1,25,18,7,4,24,0,5,8
51355784,0,,,558,253,305,43,19,24,515,234,281,270,130,140,511,231,280,506,229,277,245,104,141,137,52,85,50,20,30,1,0,1,0,0,0,239,239,75,78,43,27,10,3,3,162,129,33,8,171,1,54,43
51355785,0,,,47,21,26,5,0,5,42,21,21,20,10,10,42,21,21,41,21,20,22,11,11,5,2,3,1,0,1,0,0,0,0,0,0,16,16,2,8,1,1,2,2,0,14,10,4,2,13,0,1,5
51355786,0,,,216,99,117,20,11,9,196,88,108,103,45,58,193,88,105,189,87,102,93,43,50,41,16,25,11,0,11,2,0,2,1,0,1,73,73,11,22,18,13,4,3,2,62,37,25,7,60,1,8,16
51355787,0,,,134,67,67,8,7,1,126,60,66,70,36,34,123,59,64,122,59,63,56,24,32,25,9,16,8,2,6,0,0,0,0,0,0,50,50,10,22,6,5,5,1,1,39,30,9,2,36,1,7,13
51355788,1,,51355798,143,45,98,6,3,3,139,43,96,31,18,13,139,43,96,137,41,96,108,25,83,84,15,69,62,7,55,13,0,13,0,0,0,30,28,7,12,4,3,1,1,1,22,17,5,2,23,0,6,8
51355790,0,,,113,56,57,6,4,2,107,52,55,58,29,29,100,48,52,99,48,51,49,23,26,23,8,15,9,2,7,0,0,0,4,3,1,40,40,8,8,13,7,3,0,1,32,25,7,1,31,0,6,5
51355791,0,,,46,23,23,4,2,2,42,21,21,25,14,11,42,21,21,41,20,21,17,7,10,13,6,7,2,1,1,0,0,0,0,0,0,18,18,2,7,6,3,0,0,0,16,15,1,1,11,0,2,2
51355792,0,,,55,26,29,5,3,2,50,23,27,36,17,19,48,23,25,48,23,25,14,6,8,4,0,4,3,0,3,0,0,0,0,0,0,19,19,3,7,3,3,1,2,0,16,11,5,2,11,0,1,2
51355793,0,,,406,197,209,29,19,10,376,178,198,234,117,117,371,175,196,364,170,194,142,61,81,76,30,46,20,8,12,2,0,2,0,0,0,164,164,52,44,25,29,9,5,0,112,85,27,5,102,0,33,27
51355794,0,,,971,474,497,72,42,30,896,429,467,514,251,263,871,414,457,854,407,447,382,178,204,180,73,107,39,17,22,3,2,1,1,1,0,395,395,113,127,81,37,23,5,9,278,218,60,17,254,0,72,62
51355795,0,,,166,79,87,13,6,7,153,73,80,76,38,38,151,71,80,150,71,79,77,35,42,35,12,23,12,4,8,0,0,0,0,0,0,58,58,10,20,10,9,6,1,2,48,33,15,4,48,0,8,11
51355796,0,,,189,96,93,16,6,10,173,90,83,97,52,45,167,85,82,165,84,81,76,38,38,37,17,20,7,3,4,1,1,0,0,0,0,68,68,11,27,13,8,4,2,3,57,41,16,6,50,0,4,16
51355797,0,,,133,67,66,14,7,7,119,60,59,64,32,32,115,57,58,115,57,58,55,28,27,28,13,15,9,2,7,2,0,2,0,0,0,44,44,9,10,12,6,1,4,2,35,21,14,2,34,0,8,7
51355798,2,51355788,,2,1,1,*,*,*,*,*,*,*,*,*,*,*,*,*,*,*,*,*,*,*,*,*,*,*,*,*,*,*,*,*,*,1,1,*,*,*,*,*,*,*,*,*,*,*,*,*,*,*
51355799,0,,,74,37,37,8,4,4,66,33,33,34,17,17,66,33,33,66,33,33,32,16,16,19,7,12,11,6,5,1,1,0,0,0,0,28,28,6,11,5,2,2,1,1,22,18,4,2,22,0,2,6
51356060,0,,,507,237,270,60,29,31,439,204,235,286,133,153,433,204,229,423,198,225,153,71,82,66,28,38,22,9,13,1,0,1,8,4,4,276,276,141,75,33,18,9,0,0,135,131,4,15,103,63,36,43
51356080,0,,,44,22,22,5,4,1,39,18,21,21,10,11,38,18,20,37,18,19,18,8,10,9,4,5,5,3,2,0,0,0,0,0,0,16,16,4,4,3,2,3,0,0,12,10,2,1,12,0,4,3
51356081,0,,,702,342,360,83,32,51,611,303,308,387,197,190,585,290,295,569,284,285,224,106,118,106,52,54,25,9,16,1,1,0,3,0,3,320,319,117,102,50,35,11,3,1,202,191,11,16,147,18,52,53
51356090,0,,,12,7,5,3,2,1,9,5,4,5,3,2,9,5,4,9,5,4,4,2,2,1,1,0,0,0,0,0,0,0,0,0,0,4,4,0,1,2,1,0,0,0,4,4,0,1,2,0,0,1
51356091,0,,,600,287,313,67,34,33,530,252,278,325,163,162,513,242,271,500,235,265,205,89,116,112,42,70,45,12,33,6,2,4,0,0,0,243,241,80,74,32,39,10,6,0,159,142,17,21,118,10,40,34
51356092,0,,,16,9,7,3,3,0,13,6,7,10,5,5,12,5,7,12,5,7,3,1,2,1,1,0,0,0,0,0,0,0,0,0,0,5,5,1,1,0,2,1,0,0,4,3,1,0,2,0,0,1
51356301,0,,,4063,1944,2119,422,215,207,3608,1711,1897,2602,1295,1307,3464,1635,1829,3373,1593,1780,1006,416,590,521,192,329,146,44,102,10,1,9,68,30,38,1648,1646,474,469,345,265,79,11,3,1157,1071,86,114,664,36,224,191
51356302,0,,,10260,4577,5683,1133,545,588,8800,3890,4910,6437,2942,3495,8522,3753,4769,8328,3652,4676,2363,948,1415,1256,451,805,401,107,294,45,9,36,177,77,100,4929,4923,2202,1246,710,598,144,18,5,2679,2504,175,387,1563,470,567,432
51356303,0,,,10342,4911,5431,1297,638,659,8891,4200,4691,6250,3087,3163,8564,4052,4512,8350,3942,4408,2641,1113,1528,1382,526,856,422,110,312,45,3,42,125,66,59,4320,4312,1377,1247,834,630,181,35,8,2880,2688,192,381,1659,144,520,492
51356304,0,,,6181,2958,3223,665,347,318,5343,2508,2835,3566,1779,1787,5187,2426,2761,5058,2358,2700,1777,729,1048,908,322,586,231,59,172,11,2,9,142,67,75,2926,2922,1202,851,438,297,108,21,5,1681,1551,130,196,1274,89,530,323
51356305,0,,,8447,3996,4451,937,460,477,7357,3446,3911,4639,2278,2361,7085,3309,3776,6913,3223,3690,2718,1168,1550,1359,567,792,276,107,169,8,1,7,175,84,91,3835,3833,1359,1237,640,437,119,36,5,2433,2289,144,259,1882,62,695,583
51356306,0,,,4692,2306,2386,418,222,196,4189,2035,2154,2485,1274,1211,4091,1983,2108,4025,1951,2074,1704,761,943,887,387,500,237,90,147,13,2,11,74,49,25,2370,2364,1067,694,346,193,48,16,0,1277,1185,92,114,1162,47,474,345
51356307,0,,,1289,621,668,145,77,68,1138,540,598,700,358,342,1098,521,577,1073,506,567,438,182,256,228,94,134,54,14,40,4,1,3,26,17,9,518,517,144,171,100,64,29,7,2,371,336,35,40,277,8,87,81
51356308,0,,,1663,750,913,147,88,59,1499,653,846,787,387,400,1470,641,829,1448,630,818,712,266,446,436,132,304,209,35,174,25,2,23,6,3,3,589,584,146,197,115,82,31,10,3,438,368,70,39,336,5,86,100
51356309,0,,,2377,1064,1313,215,111,104,2137,936,1201,1233,565,668,2073,912,1161,2010,882,1128,904,371,533,481,188,293,112,45,67,5,1,4,53,23,30,1026,1025,310,358,171,129,39,15,3,712,652,60,49,605,0,203,188
51356311,0,,,524,253,271,52,24,28,465,226,239,407,197,210,431,209,222,407,201,206,58,29,29,13,7,6,2,1,1,0,0,0,13,10,3,209,209,47,72,37,44,8,1,0,160,159,1,13,40,5,7,20
51356312,1,,51356321,2434,1130,1304,261,148,113,2153,973,1180,1445,676,769,2071,925,1146,2003,892,1111,708,297,411,375,155,220,97,43,54,3,1,2,37,18,19,1023,1023,281,335,218,136,43,7,4,741,689,52,73,496,6,163,163
51356313,1,,51356322,9552,4515,5037,1231,619,612,8158,3826,4332,5450,2667,2783,7884,3691,4193,7701,3592,4109,2708,1159,1549,1368,558,810,404,137,267,27,6,21,115,59,56,4137,4126,1392,1278,754,505,168,22,9,2686,2503,183,343,1798,78,614,562
51356314,0,,,10485,5168,5317,1111,572,539,9186,4508,4678,6157,3188,2969,8897,4344,4553,8690,4243,4447,3029,1320,1709,1506,601,905,422,128,294,31,3,28,184,112,72,4935,4927,2085,1348,759,553,150,25,7,2797,2647,150,285,2010,242,856,548
51356315,0,,,9087,4378,4709,1207,630,577,7696,3643,4053,5522,2760,2762,7457,3522,3935,7272,3424,3848,2174,883,1291,1202,427,775,412,100,312,54,3,51,86,49,37,3706,3698,1170,1067,688,558,169,39,7,2487,2310,177,372,1264,119,358,376
51356316,0,,,5374,2568,2806,735,373,362,4569,2157,2412,3126,1519,1607,4425,2091,2334,4301,2013,2288,1443,638,805,670,270,400,169,56,113,15,4,11,50,15,35,2196,2195,549,758,423,334,102,19,10,1631,1520,111,187,980,15,295,335
51356317,0,,,5716,2805,2911,965,481,484,4697,2297,2400,3510,1775,1735,4447,2154,2293,4268,2065,2203,1187,522,665,591,251,340,166,50,116,15,5,10,49,22,27,2052,2047,471,504,421,441,162,39,9,1566,1423,143,208,720,100,158,236
51356318,0,,,3451,1698,1753,699,364,335,2720,1321,1399,2057,1053,1004,2560,1230,1330,2470,1184,1286,663,268,395,380,128,252,183,46,137,24,4,20,57,35,22,1114,1111,204,264,210,287,117,22,7,904,836,68,161,328,12,68,107
51356319,0,,,4896,2307,2589,852,427,425,3964,1843,2121,2736,1341,1395,3767,1737,2030,3658,1688,1970,1228,502,726,648,252,396,246,77,169,28,12,16,88,41,47,1809,1800,473,510,343,320,125,20,9,1320,1225,95,170,698,18,203,224
51356321,2,51356312,,1,1,0,*,*,*,*,*,*,*,*,*,*,*,*,*,*,*,*,*,*,*,*,*,*,*,*,*,*,*,*,*,*,1,1,*,*,*,*,*,*,*,*,*,*,*,*,*,*,*
51356322,2,51356313,,2,2,0,*,*,*,*,*,*,*,*,*,*,*,*,*,*,*,*,*,*,*,*,*,*,*,*,*,*,*,*,*,*,2,2,*,*,*,*,*,*,*,*,*,*,*,*,*,*,*
51356323,0,,,2709,1333,1376,236,133,103,2458,1194,1264,1520,765,755,2382,1158,1224,2327,1128,1199,938,429,509,424,196,228,92,41,51,5,2,3,18,6,12,1145,1145,287,417,243,153,31,8,6,850,788,62,52,634,17,147,204
51356324,0,,,10751,5077,5674,1151,591,560,9516,4448,5068,5912,2920,2992,9221,4309,4912,9008,4203,4805,3604,1528,2076,1899,743,1156,481,145,336,29,6,23,81,40,41,4829,4826,1685,1526,812,586,172,31,14,3108,2857,251,302,2475,150,890,737
51356325,0,,,10257,4985,5272,1405,727,678,8749,4210,4539,6113,3081,3032,8424,4050,4374,8171,3920,4251,2636,1129,1507,1357,528,829,440,138,302,36,5,31,100,52,48,4276,4269,1314,1266,816,642,177,43,11,2924,2742,182,407,1733,222,535,527
51356326,0,,,8206,3914,4292,977,462,515,7103,3371,3732,4864,2391,2473,6893,3270,3623,6708,3172,3536,2239,980,1259,1138,465,673,275,94,181,22,2,20,61,26,35,3479,3475,1088,1026,691,494,139,28,9,2359,2193,166,290,1515,74,497,451
51356327,0,,,6833,3281,3552,1069,554,515,5655,2684,2971,3783,1898,1885,5441,2577,2864,5301,2517,2784,1872,786,1086,991,399,592,247,70,177,27,5,22,88,41,47,2770,2761,880,813,440,424,158,33,13,1864,1730,134,257,1181,54,399,347
51356328,0,,,8585,4078,4507,858,440,418,7602,3592,4010,4416,2226,2190,7383,3485,3898,7235,3417,3818,3186,1366,1820,1721,717,1004,369,124,245,28,7,21,149,98,51,3837,3817,1504,1200,572,385,116,27,13,2292,2119,173,209,2027,90,790,570
51356329,0,,,5468,2601,2867,835,440,395,4522,2116,2406,2997,1514,1483,4352,2023,2329,4245,1963,2282,1525,602,923,914,337,577,330,88,242,36,4,32,35,14,21,2164,2151,714,591,366,326,113,33,8,1428,1327,101,200,816,58,249,259
51356333,2,51356334,,1,1,0,*,*,*,*,*,*,*,*,*,*,*,*,*,*,*,*,*,*,*,*,*,*,*,*,*,*,*,*,*,*,1,0,*,*,*,*,*,*,*,*,*,*,*,*,*,*,*
51356334,1,,51356333,6935,3239,3696,822,418,404,6036,2768,3268,3913,1894,2019,5839,2678,3161,5673,2592,3081,2123,874,1249,1133,430,703,380,103,277,34,5,29,71,33,38,2845,2838,843,921,535,391,113,19,16,1980,1856,124,225,1283,63,404,438
51356335,0,,,10938,5158,5780,1535,783,752,9282,4322,4960,6360,3094,3266,8951,4158,4793,8715,4035,4680,2922,1228,1694,1624,635,989,526,165,361,42,3,39,65,32,33,4193,4187,1142,1244,868,687,188,36,22,3015,2838,177,442,1709,79,526,496
51356336,0,,,12730,6089,6641,1966,996,970,10392,4933,5459,7690,3776,3914,10077,4773,5304,9817,4628,5189,2702,1157,1545,1279,523,756,351,108,243,23,7,16,141,60,81,5850,5844,2342,1550,894,811,205,33,9,3433,3204,229,557,1856,384,637,551
51356337,0,,,9360,4483,4877,1217,612,605,7956,3790,4166,5612,2734,2878,7623,3623,4000,7397,3501,3896,2344,1056,1288,1165,494,671,288,113,175,16,4,12,63,34,29,3933,3924,1243,1122,720,622,177,31,9,2661,2476,185,351,1532,150,456,482
51356338,0,,,10672,5125,5547,1426,728,698,9083,4328,4755,5983,2962,3021,8814,4185,4629,8612,4092,4520,3100,1366,1734,1525,647,878,377,140,237,18,3,15,117,60,57,4503,4502,1303,1445,874,633,186,47,14,3170,2934,236,476,2093,97,605,645
51356339,0,,,9908,4554,5354,920,514,406,8590,3864,4726,5637,2687,2950,8375,3743,4632,8183,3668,4515,2953,1177,1776,1659,631,1028,403,138,265,20,6,14,141,64,77,5186,5181,2556,1407,664,428,89,32,5,2595,2446,149,260,2061,342,861,532
51356344,0,,,401,180,221,48,28,20,352,152,200,221,102,119,342,146,196,337,144,193,131,50,81,60,19,41,16,3,13,1,0,1,3,0,3,171,171,40,63,42,22,3,1,0,131,121,10,17,93,0,28,30
51356345,0,,,9426,4338,5088,1302,619,683,8008,3668,4340,6057,2853,3204,7659,3495,4164,7416,3382,4034,1951,815,1136,977,368,609,296,96,200,20,6,14,105,55,50,3842,3837,1062,1112,772,701,164,19,7,2756,2621,135,354,1344,96,439,417
51356346,0,,,11392,5406,5986,1410,727,683,9719,4562,5157,6733,3270,3463,9391,4398,4993,9127,4271,4856,2986,1292,1694,1615,643,972,450,162,288,31,3,28,93,41,52,4988,4985,1708,1444,890,705,185,47,6,3239,2997,242,367,2026,202,616,595
51356347,0,,,8796,4052,4744,1191,571,620,7413,3385,4028,5248,2516,2732,7166,3261,3905,7029,3186,3843,2165,869,1296,1131,406,725,323,89,234,21,2,19,70,24,46,3924,3919,1454,1084,708,499,149,21,4,2432,2299,133,318,1432,142,530,421
51356348,0,,,10400,4953,5447,1407,711,696,8854,4184,4670,5770,2849,2921,8524,4003,4521,8290,3888,4402,3084,1335,1749,1655,694,961,425,137,288,34,6,28,99,50,49,4227,4221,1172,1350,793,623,228,39,16,3021,2812,209,341,2015,85,579,680
51356349,0,,,9566,4593,4973,1204,642,562,8095,3831,4264,5598,2728,2870,7777,3663,4114,7565,3564,4001,2497,1103,1394,1187,502,685,263,104,159,18,7,11,73,36,37,4221,4213,1500,1230,686,561,189,34,13,2685,2501,184,330,1698,136,529,531
51356355,0,,,4191,1993,2198,599,302,297,3512,1656,1856,2361,1164,1197,3368,1574,1794,3299,1531,1768,1151,492,659,587,239,348,190,72,118,14,4,10,77,40,37,1844,1844,666,518,289,263,83,20,5,1166,1075,91,134,810,68,292,224
51356356,0,,,8460,3981,4479,1081,562,519,7200,3340,3860,4727,2286,2441,6969,3232,3737,6801,3149,3652,2473,1054,1419,1298,528,770,426,140,286,20,4,16,80,32,48,3612,3607,1156,1105,677,503,134,25,7,2432,2257,175,304,1568,148,479,495
51356357,0,,,11152,5270,5882,1504,766,738,9455,4420,5035,6593,3223,3370,9091,4235,4856,8839,4102,4737,2862,1197,1665,1513,569,944,495,142,353,51,8,43,53,21,32,4572,4562,1482,1233,830,731,239,39,8,3057,2837,220,357,1802,114,594,497
51356358,0,,,11882,5541,6341,1289,649,640,10350,4784,5566,6725,3227,3498,9964,4583,5381,9679,4442,5237,3625,1557,2068,1988,809,1179,558,184,374,58,6,52,92,46,46,5008,5002,1517,1571,932,734,194,43,11,3450,3163,287,344,2341,85,673,751
51356359,0,,,8802,4092,4710,966,473,493,7625,3519,4106,4804,2397,2407,7451,3437,4014,7311,3371,3940,2821,1122,1699,1723,617,1106,669,156,513,99,12,87,110,45,65,3556,3548,1268,1014,675,436,118,30,7,2245,2086,159,326,1315,219,359,407
51356365,0,,,4028,1930,2098,448,217,231,3480,1673,1807,2364,1183,1181,3372,1624,1748,3284,1581,1703,1116,490,626,549,216,333,150,41,109,5,0,5,86,55,31,1900,1900,769,533,286,238,64,8,2,1109,1035,74,107,807,92,317,215
51356366,0,,,10857,5262,5595,1109,571,538,9436,4550,4886,6009,3082,2927,9184,4428,4756,8976,4328,4648,3427,1468,1959,1834,731,1103,593,191,402,43,9,34,185,100,85,5079,5069,2133,1375,785,578,148,42,8,2898,2656,242,312,2256,224,829,608
51356367,0,,,7569,3668,3901,994,534,460,6363,3014,3349,3946,1994,1952,6177,2905,3272,6023,2801,3222,2417,1020,1397,1336,516,820,455,138,317,41,7,34,106,39,67,3416,3409,1321,958,556,411,128,29,6,2075,1910,165,285,1596,81,577,455
51356368,0,,,7452,3466,3986,843,423,420,6441,2960,3481,4584,2205,2379,6214,2845,3369,6061,2772,3289,1857,755,1102,954,340,614,288,68,220,29,4,25,139,66,73,3204,3199,1093,909,621,453,101,17,5,2087,1953,134,258,1215,149,390,360
51356369,0,,,11194,5360,5834,1239,619,620,9623,4583,5040,7033,3481,3552,9292,4414,4878,9034,4283,4751,2590,1102,1488,1408,537,871,427,133,294,38,8,30,107,54,53,5062,5059,2030,1282,844,659,173,53,18,2992,2739,253,345,1740,374,570,469
51356375,0,,,272,148,124,22,13,9,242,132,110,140,84,56,235,127,108,231,126,105,102,48,54,58,27,31,8,2,6,1,0,1,4,3,1,143,143,65,47,18,7,5,1,0,78,71,7,6,70,4,23,25
51356376,0,,,9203,4627,4576,829,413,416,7985,4016,3969,5220,2786,2434,7772,3911,3861,7595,3813,3782,2765,1230,1535,1442,563,879,472,130,342,42,3,39,302,186,116,4480,4469,2127,1143,638,414,112,28,7,2308,2132,176,218,1769,261,751,439
51356377,0,,,6131,2861,3270,597,284,313,5357,2473,2884,3220,1622,1598,5190,2383,2807,5081,2334,2747,2137,851,1286,1147,394,753,353,100,253,26,4,22,229,110,119,3090,3083,1427,894,410,240,81,25,6,1635,1509,126,152,1536,105,706,323
51356378,0,,,5387,2611,2776,584,284,300,4642,2231,2411,2946,1517,1429,4516,2174,2342,4421,2123,2298,1696,714,982,911,354,557,307,84,223,28,6,22,88,42,46,2443,2434,992,652,386,299,84,14,7,1424,1292,132,164,1089,133,402,269
51356379,0,,,11661,5542,6119,1366,696,670,9879,4634,5245,7485,3603,3882,9627,4499,5128,9408,4393,5015,2394,1031,1363,1181,459,722,339,110,229,17,0,17,165,72,93,5762,5758,2606,1516,872,614,122,22,6,3096,2938,158,503,1643,449,616,426
51356386,0,,,5830,2948,2882,584,338,246,5022,2474,2548,3313,1745,1568,4874,2402,2472,4756,2329,2427,1709,729,980,867,330,537,255,76,179,20,3,17,233,128,105,2957,2947,1417,758,414,246,83,22,7,1502,1382,120,174,1209,176,509,296
51356387,0,,,10357,5155,5202,780,414,366,9071,4466,4605,5707,3010,2697,8891,4378,4513,8731,4293,4438,3364,1456,1908,1822,681,1141,583,175,408,58,10,48,313,143,170,5669,5660,3180,1273,640,392,132,33,10,2436,2172,264,236,2347,444,1043,509
51356388,0,,,11785,5841,5944,1031,519,512,10072,4962,5110,6834,3536,3298,9828,4832,4996,9642,4754,4888,3238,1426,1812,1667,655,1012,504,162,342,49,10,39,380,171,209,6616,6610,3801,1450,703,486,138,25,7,2747,2522,225,281,2322,538,1055,537
51356389,0,,,15118,7176,7942,2331,1145,1186,12318,5781,6537,9275,4525,4750,11932,5582,6350,11645,5430,6215,3043,1256,1787,1698,624,1074,583,185,398,30,8,22,205,78,127,6789,6781,2649,1726,1174,963,223,37,9,4081,3894,187,792,2053,337,824,537
51356396,0,,,1963,1025,938,187,105,82,1656,861,795,1162,635,527,1600,834,766,1567,815,752,494,226,268,265,113,152,73,21,52,7,3,4,138,84,54,1030,1024,570,212,115,84,37,5,1,443,403,40,46,323,84,147,76
51356397,0,,,14332,7015,7317,1282,667,615,12291,5933,6358,8765,4451,4314,12006,5786,6220,11796,5668,6128,3526,1482,2044,1713,633,1080,461,130,331,35,6,29,747,336,411,8273,8266,4823,1846,894,557,124,17,5,3376,3186,190,436,2526,913,1116,628
51356398,0,,,11811,5849,5962,1249,647,602,9899,4839,5060,7184,3678,3506,9624,4701,4923,9440,4607,4833,2715,1161,1554,1382,532,850,464,135,329,37,7,30,343,155,188,6468,6463,3613,1376,749,573,125,18,9,2798,2608,190,365,1914,639,807,505
51356399,0,,,13222,7161,6061,1460,765,695,11395,6191,5204,8388,4821,3567,11153,6065,5088,10946,5962,4984,3007,1370,1637,1569,618,951,523,176,347,39,8,31,378,281,97,5672,5660,2529,1432,871,623,168,29,8,3081,2910,171,504,2013,320,804,511
51356400,0,,,8216,3878,4338,1077,572,505,6995,3217,3778,4708,2264,2444,6774,3110,3664,6607,3028,3579,2287,953,1334,1203,471,732,296,101,195,19,3,16,102,52,50,3584,3577,1244,1078,621,450,145,32,7,2313,2179,134,314,1443,96,477,462
51356401,0,,,9528,4521,5007,1494,770,724,7950,3703,4247,5666,2681,2985,7554,3508,4046,7352,3412,3940,2284,1022,1262,1046,475,571,223,87,136,13,5,8,135,63,72,3727,3726,830,1167,795,736,162,28,8,2885,2754,131,273,1525,13,435,547
51356402,0,,,2847,1376,1471,396,228,168,2432,1137,1295,1398,693,705,2361,1099,1262,2326,1080,1246,1034,444,590,569,234,335,206,61,145,24,5,19,25,15,10,1037,1033,202,365,217,167,58,20,4,827,758,69,127,558,3,127,216
51356403,0,,,2043,957,1086,185,101,84,1838,845,993,1198,590,608,1769,809,960,1716,781,935,640,255,385,359,121,238,153,44,109,15,3,12,8,5,3,688,685,148,211,150,119,44,10,3,533,486,47,40,293,3,73,93
51356404,0,,,8725,3957,4768,1119,558,561,7505,3342,4163,5091,2333,2758,7233,3204,4029,7067,3135,3932,2414,1009,1405,1252,499,753,382,120,262,40,7,33,66,24,42,3561,3560,1192,1014,677,525,124,24,4,2348,2234,114,312,1381,136,462,452
51356405,0,,,7070,3370,3700,955,481,474,6046,2859,3187,4032,1925,2107,5847,2757,3090,5715,2692,3023,2014,934,1080,960,442,518,256,94,162,21,5,16,67,50,17,2842,2840,676,980,572,423,155,24,10,2138,1976,162,261,1289,48,290,489
51356406,0,,,7655,3570,4085,1014,535,479,6594,3016,3578,4560,2094,2466,6394,2914,3480,6270,2852,3418,2034,922,1112,873,338,535,286,67,219,42,5,37,45,15,30,2839,2831,505,994,715,452,134,22,9,2310,2190,120,310,1202,33,251,481
51356407,0,,,5178,2372,2806,591,311,280,4510,2029,2481,3155,1461,1694,4401,1983,2418,4278,1928,2350,1355,568,787,755,291,464,229,72,157,17,3,14,113,65,48,2361,2353,869,721,404,250,91,13,5,1459,1355,104,187,906,138,295,269
51356408,0,,,6694,3011,3683,653,323,330,5996,2668,3328,3690,1722,1968,5820,2584,3236,5674,2513,3161,2306,946,1360,1292,479,813,347,117,230,18,3,15,146,70,76,3299,3296,1388,1015,491,274,94,29,5,1889,1741,148,173,1711,126,775,430
51356409,0,,,2007,930,1077,234,130,104,1757,795,962,1014,495,519,1715,775,940,1654,755,899,743,300,443,440,166,274,110,38,72,7,0,7,26,20,6,983,981,439,275,135,81,37,8,6,534,483,51,50,542,58,240,136
51356410,0,,,6262,3078,3184,814,418,396,5272,2570,2702,3569,1777,1792,5094,2477,2617,4984,2425,2559,1703,793,910,758,343,415,182,58,124,22,4,18,61,32,29,2627,2620,859,746,478,377,120,31,9,1749,1605,144,183,1061,79,268,350
51356411,0,,,2995,1444,1551,348,181,167,2611,1250,1361,1532,761,771,2554,1223,1331,2503,1203,1300,1079,489,590,499,239,260,84,27,57,9,1,8,13,7,6,1194,1194,265,424,260,157,60,22,6,923,825,98,101,684,5,144,249
51356412,0,,,5321,2561,2760,827,426,401,4441,2110,2331,3081,1521,1560,4274,2026,2248,4168,1967,2201,1360,589,771,685,289,396,176,54,122,12,3,9,45,23,22,2059,2056,514,599,410,366,132,26,9,1526,1390,136,210,903,37,256,272
51356413,0,,,7502,3604,3898,1066,561,505,6318,2972,3346,4228,2070,2158,6110,2871,3239,5983,2802,3181,2090,902,1188,1107,451,656,338,104,234,31,6,25,64,32,32,3036,3031,867,900,592,493,150,27,2,2143,2017,126,296,1283,58,341,431
51356414,0,,,5492,2644,2848,1130,568,562,4303,2038,2265,3296,1608,1688,4152,1958,2194,4047,1906,2141,1007,430,577,511,207,304,135,45,90,8,2,6,55,24,31,2082,2079,505,557,442,434,114,19,8,1556,1488,68,380,634,61,176,226
51356415,0,,,3282,1615,1667,442,214,228,2818,1388,1430,1806,921,885,2718,1341,1377,2655,1304,1351,1012,467,545,451,206,245,137,42,95,21,3,18,54,33,21,1268,1264,287,421,270,188,75,18,5,969,881,88,124,596,31,125,239
51356416,0,,,345,146,199,34,19,15,307,125,182,188,75,113,300,124,176,294,122,172,119,50,69,71,28,43,50,18,32,10,3,7,9,0,9,131,129,42,38,33,11,5,0,0,84,81,3,12,41,9,11,15
51356417,0,,,1040,491,549,140,76,64,893,412,481,562,262,300,850,395,455,822,379,443,331,150,181,170,73,97,56,22,34,8,2,6,1,0,1,395,394,77,143,79,65,24,3,3,314,275,39,34,214,1,44,82
51356418,0,,,3565,1721,1844,312,172,140,3164,1499,1665,2080,1056,1024,3072,1455,1617,2976,1406,1570,1084,443,641,586,211,375,206,48,158,17,2,15,94,49,45,1621,1616,669,448,232,181,65,13,8,932,825,107,89,656,134,184,216
51356419,0,,,969,517,452,123,66,57,702,367,335,613,329,284,669,350,319,612,318,294,89,38,51,32,13,19,7,2,5,1,0,1,53,31,22,530,529,336,74,36,51,25,5,2,186,163,23,31,60,92,12,17
51356420,0,,,5694,2722,2972,993,498,495,4579,2171,2408,3378,1666,1712,4402,2092,2310,4283,2041,2242,1201,505,696,675,248,427,245,46,199,43,5,38,37,11,26,2136,2129,636,507,397,410,136,31,12,1472,1347,125,295,629,109,150,190
51356421,0,,,5996,2863,3133,1028,522,506,4902,2312,2590,3429,1670,1759,4713,2219,2494,4585,2165,2420,1473,642,831,802,345,457,189,57,132,18,3,15,32,21,11,2315,2309,592,660,464,412,138,33,10,1706,1570,136,292,964,20,307,290
51356422,0,,,8621,4069,4552,1001,503,498,7429,3465,3964,4770,2320,2450,7194,3352,3842,7041,3274,3767,2659,1145,1514,1421,565,856,431,141,290,41,9,32,75,34,41,3627,3619,1095,1157,708,473,142,33,11,2497,2320,177,294,1651,63,485,532
51356423,0,,,12768,5923,6845,1413,717,696,11026,5020,6006,7033,3342,3691,10712,4882,5830,10522,4796,5726,3993,1678,2315,2065,777,1288,616,156,460,67,10,57,117,61,56,5798,5790,2084,1827,1005,683,149,34,8,3669,3440,229,394,2611,158,872,794
51356424,0,,,4917,2390,2527,1124,563,561,3747,1800,1947,2751,1386,1365,3598,1717,1881,3508,1671,1837,996,414,582,569,210,359,223,63,160,26,5,21,29,16,13,1675,1671,350,406,316,428,146,22,3,1308,1247,61,299,518,41,144,185
51356425,0,,,563,282,281,78,37,41,468,235,233,328,175,153,456,230,226,442,222,220,140,60,80,53,24,29,12,4,8,1,0,1,28,24,4,243,243,87,69,37,30,14,5,1,154,136,18,18,94,23,21,34
51356426,0,,,16,11,5,0,0,0,16,11,5,13,10,3,15,11,4,15,11,4,3,1,2,1,0,1,0,0,0,0,0,0,9,9,0,12,12,10,0,2,0,0,0,0,2,2,0,0,2,5,1,0
51356427,0,,,785,427,358,127,64,63,642,356,286,477,280,197,537,302,235,510,287,223,165,76,89,84,40,44,14,4,10,2,0,2,5,5,0,209,203,37,62,59,25,16,3,1,164,145,19,16,106,2,22,37
51356428,0,,,5531,2515,3016,479,245,234,4698,2087,2611,3429,1549,1880,4563,2026,2537,4276,1909,2367,1269,538,731,643,234,409,223,67,156,25,3,22,123,62,61,2856,2849,1536,597,352,271,72,16,5,1288,1169,119,134,801,499,240,235
51356429,0,,,1743,859,884,243,129,114,1476,714,762,1041,515,526,1418,685,733,1360,660,700,435,199,236,214,87,127,62,24,38,3,2,1,38,24,14,734,734,249,195,127,113,35,10,5,482,442,40,72,295,41,89,97
51356430,0,,,9966,4778,5188,1358,677,681,8381,3995,4386,6383,3126,3257,8032,3808,4224,7755,3660,4095,1998,869,1129,951,395,556,258,93,165,32,5,27,92,44,48,4090,4086,1335,1047,764,684,206,39,11,2723,2516,207,378,1295,165,389,364
51356431,0,,,6869,3375,3494,1066,561,505,5705,2767,2938,4127,2082,2045,5464,2648,2816,5316,2569,2747,1578,685,893,822,325,497,207,62,145,18,1,17,83,40,43,2655,2654,721,715,523,466,185,37,7,1914,1784,130,263,1008,47,278,306
51356432,0,,,9361,4366,4995,1314,636,678,7921,3659,4262,5268,2528,2740,7637,3530,4107,7459,3441,4018,2653,1131,1522,1365,559,806,372,120,252,32,6,26,53,24,29,3762,3755,982,1168,782,592,177,47,7,2757,2549,208,350,1745,40,517,565
51356433,0,,,9323,4414,4909,1039,563,476,8092,3746,4346,5009,2410,2599,7859,3637,4222,7697,3549,4148,3083,1336,1747,1761,728,1033,506,187,319,41,10,31,83,31,52,4120,4117,1406,1287,730,522,134,33,5,2692,2514,178,268,2017,88,677,617
51356434,0,,,2106,1037,1069,497,255,242,1595,773,822,1185,603,582,1500,717,783,1459,693,766,410,170,240,214,79,135,95,28,67,11,2,9,4,2,2,694,692,121,160,139,195,63,10,4,570,526,44,114,233,4,60,75
51356435,0,,,2764,1253,1511,220,122,98,2503,1107,1396,1264,628,636,2455,1079,1376,2401,1061,1340,1239,479,760,797,274,523,346,85,261,44,5,39,47,33,14,1043,1039,335,322,181,139,42,18,2,699,597,102,57,600,38,171,177
51356436,0,,,3737,1789,1948,374,172,202,3339,1601,1738,1817,868,949,3243,1549,1694,3188,1518,1670,1522,733,789,583,297,286,130,46,84,5,2,3,28,15,13,1475,1475,263,583,331,202,72,21,3,1208,1109,99,77,949,3,179,393
51356437,0,,,3632,1680,1952,409,205,204,3222,1475,1747,1847,863,984,3111,1418,1693,3036,1379,1657,1375,612,763,669,293,376,180,56,124,20,1,19,12,3,9,1289,1281,170,512,251,222,93,26,7,1102,972,130,83,788,4,127,329
51356438,0,,,3869,1852,2017,322,172,150,3460,1641,1819,2240,1093,1147,3359,1588,1771,3260,1538,1722,1220,548,672,603,264,339,126,43,83,2,1,1,54,35,19,1759,1759,623,544,306,216,51,14,5,1120,1017,103,84,807,106,218,274
51356439,0,,,2147,1051,1096,243,112,131,1874,918,956,1262,635,627,1828,897,931,1745,862,883,612,283,329,296,136,160,59,25,34,2,1,1,23,16,7,921,920,303,275,175,113,38,15,1,613,563,50,68,400,62,95,143
51356440,0,,,9640,4669,4971,1512,760,752,7943,3832,4111,5850,2920,2930,7546,3629,3917,7298,3502,3796,2093,912,1181,1025,429,596,271,74,197,28,5,23,95,33,62,3697,3689,1018,993,727,684,208,44,15,2647,2474,173,382,1248,121,291,423
51356441,0,,,9308,4534,4774,918,468,450,8174,3958,4216,5466,2766,2700,7903,3814,4089,7693,3700,3993,2708,1192,1516,1335,555,780,314,109,205,16,2,14,77,34,43,4059,4052,1369,1214,748,520,157,30,14,2662,2458,204,260,1770,152,534,557
51356442,0,,,8680,4143,4537,974,514,460,7511,3520,3991,4855,2378,2477,7282,3388,3894,7112,3305,3807,2656,1142,1514,1367,550,817,334,117,217,15,1,14,52,27,25,3916,3915,1343,1235,678,505,119,29,6,2545,2373,172,293,1840,92,616,546
51356443,0,,,7963,3692,4271,969,507,462,6874,3112,3762,4400,2109,2291,6652,3000,3652,6492,2914,3578,2474,1003,1471,1346,502,844,386,120,266,22,4,18,99,45,54,3482,3477,1129,1137,622,405,144,32,8,2323,2139,184,287,1665,74,552,494
51356444,0,,,3893,1872,2021,373,171,202,3464,1664,1800,2155,1079,1076,3344,1600,1744,3257,1557,1700,1309,585,724,673,290,383,158,56,102,10,3,7,27,13,14,1598,1595,457,517,280,243,76,19,3,1130,1021,109,75,824,19,212,282
51356445,0,,,1752,863,889,237,125,112,1490,722,768,1040,524,516,1443,700,743,1405,680,725,450,198,252,220,87,133,67,19,48,3,0,3,19,10,9,666,662,169,178,141,131,29,12,2,492,440,52,53,279,11,69,81
51356446,0,,,2316,1124,1192,425,242,183,1882,877,1005,1183,565,618,1801,835,966,1764,820,944,699,312,387,368,172,196,71,33,38,3,1,2,11,6,5,860,860,156,283,179,170,57,13,2,702,648,54,79,442,1,105,193
51356447,0,,,6018,2878,3140,965,535,430,5037,2338,2699,3437,1650,1787,4757,2195,2562,4609,2117,2492,1600,688,912,872,367,505,281,112,169,17,6,11,43,24,19,2186,2184,396,703,408,464,167,35,11,1777,1606,171,204,1060,8,276,377
51356448,0,,,1798,855,943,158,79,79,1620,764,856,1059,520,539,1562,730,832,1527,711,816,561,244,317,280,121,159,72,24,48,6,1,5,74,24,50,782,780,265,244,124,108,26,10,3,508,458,50,42,370,47,106,116
51356449,0,,,783,362,421,64,28,36,716,332,384,417,209,208,691,317,374,677,311,366,299,123,176,162,60,102,49,7,42,5,1,4,3,1,2,286,285,55,102,63,43,15,5,2,225,194,31,10,168,0,36,50
51356450,0,,,6375,3133,3242,664,341,323,5474,2680,2794,3679,1946,1733,5322,2595,2727,5146,2486,2660,1795,734,1061,967,370,597,253,82,171,25,3,22,115,65,50,3272,3268,1637,822,427,284,73,16,9,1608,1495,113,212,1156,476,433,332
51356451,0,,,11262,5346,5916,1160,593,567,9857,4609,5248,6232,3092,3140,9569,4447,5122,9352,4338,5014,3625,1517,2108,1976,791,1185,455,159,296,23,2,21,111,59,52,5422,5414,2256,1612,826,545,134,27,14,3117,2961,156,363,2451,248,970,733
51356452,0,,,10759,5151,5608,1445,731,714,9104,4299,4805,5679,2811,2868,8846,4162,4684,8659,4065,4594,3425,1488,1937,1886,796,1090,495,185,310,32,8,24,132,97,35,4658,4654,1511,1444,815,638,196,38,12,3124,2898,226,400,2251,159,701,767
51356453,0,,,5677,2768,2909,920,483,437,4672,2232,2440,3219,1581,1638,4462,2129,2333,4346,2073,2273,1453,651,802,733,329,404,154,49,105,10,2,8,66,20,46,2229,2226,581,667,438,376,134,22,8,1630,1532,98,221,903,49,228,317
51356454,0,,,2460,1194,1266,313,153,160,2115,1022,1093,1419,713,706,2029,976,1053,1964,947,1017,696,309,387,344,151,193,91,33,58,7,1,6,82,50,32,963,961,256,272,198,172,42,13,8,701,630,71,80,426,29,81,146
51356455,0,,,3452,1730,1722,530,277,253,2856,1416,1440,2193,1123,1070,2692,1326,1366,2568,1261,1307,663,293,370,339,130,209,105,34,71,9,1,8,33,23,10,1259,1256,308,307,261,271,89,16,4,939,859,80,115,384,25,82,127
51356456,0,,,5115,2433,2682,572,304,268,4521,2118,2403,2800,1380,1420,4374,2051,2323,4228,1983,2245,1721,738,983,995,405,590,346,100,246,43,7,36,48,30,18,1733,1730,367,550,367,305,95,32,14,1343,1241,102,141,753,65,152,274
51356457,0,,,7035,3289,3746,843,419,424,6121,2833,3288,4103,1936,2167,5877,2700,3177,5722,2633,3089,2018,897,1121,1015,429,586,346,127,219,34,10,24,36,21,15,2789,2782,702,899,566,462,130,18,5,2058,1933,125,213,1228,53,326,472
51356458,0,,,8699,4115,4584,942,463,479,7685,3615,4070,5078,2492,2586,7405,3490,3915,7211,3384,3827,2607,1123,1484,1332,559,773,330,105,225,25,5,20,85,51,34,3659,3655,1063,1170,716,525,135,37,9,2572,2381,191,239,1698,92,475,555
51356459,0,,,2830,1324,1506,285,154,131,2515,1156,1359,1553,770,783,2445,1124,1321,2393,1096,1297,962,386,576,512,180,332,135,42,93,14,3,11,17,15,2,1205,1203,358,405,218,153,55,8,6,839,766,73,74,652,28,212,197
51356460,0,,,18544,8797,9747,2581,1313,1268,15238,7144,8094,12022,5792,6230,14685,6877,7808,14322,6694,7628,3216,1352,1864,1484,567,917,392,115,277,28,6,22,221,98,123,9419,9415,4706,2071,1256,1109,238,29,6,4638,4419,219,713,2291,977,971,626
51356461,0,,,10370,4870,5500,2124,1045,1079,8086,3751,4335,6117,2947,3170,7782,3593,4189,7548,3464,4084,1969,804,1165,1053,417,636,311,99,212,32,9,23,96,39,57,4092,4089,1148,1033,862,811,212,20,3,2927,2808,119,678,1279,146,421,406
51356462,0,,,3245,1511,1734,615,323,292,2608,1178,1430,1816,898,918,2472,1102,1370,2401,1068,1333,792,280,512,491,151,340,252,54,198,38,1,37,23,11,12,1068,1064,206,271,203,282,84,14,4,853,817,36,139,380,20,98,119
51356463,0,,,2592,1260,1332,327,172,155,2254,1080,1174,1480,750,730,2193,1050,1143,2142,1027,1115,774,330,444,438,181,257,136,46,90,6,1,5,30,16,14,942,940,192,295,194,182,52,18,7,740,647,93,73,452,13,84,147
51356464,0,,,4191,2002,2189,494,259,235,3630,1702,1928,2325,1147,1178,3515,1646,1869,3436,1610,1826,1305,555,750,687,296,391,146,48,98,6,0,6,91,43,48,1562,1557,476,444,273,257,91,14,2,1065,964,101,124,676,58,167,216
51356465,0,,,1911,923,988,214,97,117,1684,817,867,1052,548,504,1632,790,842,1596,770,826,632,269,363,342,132,210,81,20,61,10,1,9,20,15,5,730,729,179,243,140,101,52,9,5,544,477,67,64,369,19,76,119
51356466,0,,,7517,3541,3976,936,445,491,6500,3061,3439,4336,2114,2222,6270,2946,3324,6104,2856,3248,2164,947,1217,1080,447,633,255,72,183,16,1,15,62,28,34,2936,2932,695,980,581,476,148,38,14,2212,2034,178,237,1366,61,334,495
51356467,0,,,7447,3529,3918,755,412,343,6532,3038,3494,4180,2034,2146,6315,2917,3398,6139,2831,3308,2352,1004,1348,1229,487,742,378,112,266,23,6,17,70,29,41,3173,3164,1036,995,568,399,139,21,6,2095,1943,152,196,1432,104,415,478
51356468,0,,,7895,3622,4273,813,386,427,6915,3162,3753,4533,2152,2381,6714,3071,3643,6518,2975,3543,2382,1010,1372,1321,533,788,386,125,261,28,7,21,48,21,27,3709,3705,1559,1051,499,470,104,15,7,2121,1959,162,226,1562,294,568,478
51356469,0,,,2042,982,1060,227,113,114,1791,858,933,1244,620,624,1717,821,896,1665,790,875,547,238,309,289,114,175,70,24,46,2,2,0,13,1,12,872,872,274,265,164,119,38,9,3,588,548,40,56,376,31,106,116
51356470,0,,,11572,5523,6049,1646,885,761,9657,4506,5151,7293,3508,3785,9323,4336,4987,9093,4234,4859,2364,998,1366,1277,520,757,354,116,238,24,6,18,88,48,40,4969,4963,1716,1368,910,737,189,29,14,3203,2999,204,530,1500,322,442,463
51356471,0,,,11354,5288,6066,1295,658,637,9791,4508,5283,6437,3104,3333,9502,4356,5146,9285,4242,5043,3354,1404,1950,1833,749,1084,467,168,299,44,8,36,89,42,47,5209,5203,1934,1574,911,587,164,24,9,3228,3030,198,403,2193,248,753,697
51356472,0,,,1199,579,620,253,132,121,939,444,495,648,312,336,907,426,481,885,418,467,291,132,159,144,55,89,55,16,39,9,2,7,9,4,5,433,432,84,127,82,96,33,6,4,345,308,37,62,195,0,48,60
51356473,0,,,4018,1955,2063,594,309,285,3354,1611,1743,2090,1093,997,3285,1575,1710,3224,1542,1682,1264,518,746,732,277,455,209,54,155,21,2,19,58,30,28,1452,1447,411,405,289,229,83,26,4,1028,943,85,161,626,37,161,184
51356474,0,,,8380,3988,4392,957,490,467,7212,3363,3849,4577,2269,2308,6985,3244,3741,6831,3151,3680,2635,1094,1541,1491,575,916,387,114,273,40,3,37,227,124,103,3680,3673,1359,1050,611,455,152,38,8,2287,2119,168,232,1711,124,613,489
51356475,0,,,5379,2577,2802,641,320,321,4693,2232,2461,3007,1523,1484,4520,2135,2385,4410,2081,2329,1686,709,977,917,352,565,220,54,166,15,1,14,57,31,26,2039,2026,543,653,382,316,105,22,5,1464,1361,103,172,922,29,273,289
51356476,0,,,5308,2498,2810,591,289,302,4653,2177,2476,3040,1515,1525,4517,2104,2413,4414,2049,2365,1613,662,951,824,293,531,255,65,190,30,2,28,52,17,35,2247,2239,719,706,415,275,86,25,13,1492,1362,130,178,1018,69,316,293
51356477,0,,,10585,4870,5715,1110,563,547,9361,4254,5107,5898,2807,3091,9120,4128,4992,8923,4026,4897,3463,1447,2016,1930,741,1189,574,188,386,41,7,34,101,48,53,4711,4699,1634,1496,829,556,154,21,9,3028,2835,193,338,2277,122,839,656
51356478,0,,,5782,2714,3068,736,363,373,4933,2301,2632,3402,1656,1746,4794,2236,2558,4682,2175,2507,1531,645,886,833,332,501,264,73,191,24,3,21,93,34,59,2558,2554,965,706,434,308,117,20,4,1563,1452,111,221,973,180,315,288
51356479,0,,,6110,2851,3259,633,317,316,5412,2496,2916,3474,1682,1792,5247,2415,2832,5118,2352,2766,1938,814,1124,955,359,596,296,81,215,28,3,25,216,122,94,2768,2758,983,892,455,321,90,14,3,1755,1628,127,169,1275,119,423,390
51356480,0,,,8136,3773,4363,1026,513,513,6944,3179,3765,4848,2339,2509,6747,3076,3671,6547,2994,3553,2096,840,1256,1204,450,754,387,113,274,31,7,24,81,35,46,3894,3886,1737,984,601,439,103,21,1,2131,2030,101,313,1354,415,566,397
51356481,0,,,16250,7222,9028,1818,941,877,14244,6206,8038,8463,3958,4505,13862,6009,7853,13567,5876,7691,5781,2248,3533,3547,1337,2210,864,340,524,38,10,28,227,97,130,7895,7893,3088,2631,1194,747,183,38,12,4772,4544,228,637,4152,204,1831,1187
51356482,0,,,2913,1404,1509,410,227,183,2449,1149,1300,1680,832,848,2377,1114,1263,2309,1077,1232,769,317,452,402,147,255,123,32,91,13,4,9,40,19,21,1185,1175,367,339,240,147,60,17,5,796,737,59,124,463,21,156,133
51356483,0,,,8028,3904,4124,646,334,312,7216,3467,3749,4388,2247,2141,7001,3354,3647,6837,3267,3570,2828,1220,1608,1556,645,911,362,120,242,19,6,13,94,51,43,3632,3627,1330,1109,607,400,135,38,8,2279,2059,220,151,1910,84,667,525
51356484,0,,,9895,4718,5177,1101,574,527,8536,3990,4546,5836,2829,3007,8201,3824,4377,7995,3718,4277,2700,1161,1539,1440,564,876,405,124,281,35,8,27,81,44,37,4416,4413,1633,1239,754,592,152,35,8,2735,2535,200,310,1825,159,645,503
51356485,0,,,7134,3437,3697,867,470,397,6163,2913,3250,4011,1984,2027,6005,2838,3167,5878,2773,3105,2152,929,1223,1210,491,719,339,117,222,18,6,12,56,31,25,3137,3131,1066,972,569,394,100,23,7,2036,1881,155,256,1451,99,488,430
51356486,0,,,10404,4921,5483,1200,591,609,9079,4270,4809,6064,2965,3099,8790,4121,4669,8588,4023,4565,3015,1305,1710,1527,615,912,375,129,246,20,6,14,77,29,48,4515,4509,1471,1382,832,602,170,38,14,2987,2760,227,336,2067,131,665,597
51356487,0,,,9971,4484,5487,1335,688,647,8379,3680,4699,5868,2631,3237,8129,3567,4562,7946,3501,4445,2511,1049,1462,1322,505,817,383,133,250,32,11,21,101,50,51,4763,4760,2023,1267,720,592,133,23,2,2706,2560,146,332,1768,294,706,511
51356488,0,,,9596,4538,5058,1036,528,508,8439,3963,4476,5694,2798,2896,8178,3827,4351,7954,3705,4249,2745,1165,1580,1423,566,857,373,132,241,30,6,24,100,55,45,4280,4274,1491,1293,793,505,162,23,7,2740,2574,166,295,1836,156,636,519
51356489,0,,,7241,3460,3781,844,438,406,6278,2973,3305,4217,2054,2163,6075,2870,3205,5899,2795,3104,2061,919,1142,1078,444,634,265,93,172,12,1,11,98,67,31,3281,3279,1291,871,499,457,131,25,5,1968,1837,131,214,1444,111,565,416
51356490,0,,,15086,7247,7839,1883,1006,877,12823,6054,6769,8828,4341,4487,12378,5815,6563,12066,5670,6396,3995,1713,2282,2233,875,1358,592,196,396,38,4,34,150,68,82,6713,6709,2455,1923,1100,911,257,49,14,4191,3903,288,488,2762,192,1035,728
51356491,0,,,11500,5463,6037,1470,735,735,9747,4585,5162,7311,3566,3745,9378,4388,4990,9147,4276,4871,2436,1019,1417,1301,495,806,404,136,268,29,7,22,106,51,55,4985,4979,1757,1363,870,772,174,35,8,3177,2960,217,441,1578,263,462,460
51356492,0,,,11559,5646,5913,1239,653,586,10065,4838,5227,6833,3449,3384,9764,4667,5097,9517,4526,4991,3232,1389,1843,1708,680,1028,453,151,302,21,5,16,114,72,42,5154,5146,1801,1579,914,617,187,30,18,3303,3040,263,381,2239,138,800,624
51356493,0,,,13170,6300,6870,1467,739,728,11414,5388,6026,7508,3683,3825,11068,5201,5867,10802,5072,5730,3906,1705,2201,2077,860,1217,481,164,317,32,9,23,121,58,63,5854,5851,2022,1804,966,765,240,41,13,3761,3460,301,399,2718,169,909,807
51356494,0,,,11781,5529,6252,1359,709,650,10116,4643,5473,6973,3360,3613,9756,4468,5288,9491,4336,5155,3143,1283,1860,1746,660,1086,546,152,394,50,1,49,77,40,37,5039,5028,1695,1459,923,696,193,53,9,3290,3068,222,369,2000,155,639,605
51356495,0,,,8702,3980,4722,837,405,432,7719,3488,4231,4665,2250,2415,7495,3381,4114,7310,3286,4024,3054,1238,1816,1761,694,1067,520,169,351,68,10,58,145,65,80,3743,3730,1247,1209,670,451,120,24,9,2462,2284,178,247,1844,75,632,586
51356496,0,,,9271,4374,4897,1056,532,524,8162,3813,4349,5355,2626,2729,7856,3662,4194,7631,3556,4075,2807,1187,1620,1488,584,904,369,118,251,31,5,26,83,39,44,3696,3687,904,1265,729,580,162,37,10,2756,2584,172,273,1750,53,478,594
51356497,0,,,10549,4944,5605,1335,688,647,9099,4210,4889,5892,2804,3088,8815,4072,4743,8610,3969,4641,3207,1406,1801,1710,706,1004,437,143,294,34,3,31,113,68,45,4479,4474,1341,1457,812,653,164,36,11,3102,2886,216,381,2113,93,680,691
51356498,0,,,6940,3303,3637,902,458,444,5966,2817,3149,4351,2125,2226,5648,2649,2999,5459,2554,2905,1615,692,923,808,338,470,200,71,129,9,4,5,49,29,20,2773,2770,763,821,545,465,143,26,7,1987,1885,102,217,1037,56,314,326
51356499,0,,,8051,3817,4234,961,484,477,7032,3305,3727,4480,2223,2257,6812,3196,3616,6662,3112,3550,2552,1082,1470,1332,532,800,354,105,249,32,3,29,113,55,58,3403,3399,1040,1074,635,456,152,28,14,2332,2152,180,267,1689,80,568,508
51356500,0,,,3792,1815,1977,404,210,194,3294,1552,1742,1925,944,981,3199,1506,1693,3108,1466,1642,1369,608,761,786,346,440,217,83,134,11,3,8,43,17,26,1598,1597,470,532,275,214,77,21,8,1113,981,132,108,867,67,205,323
51356501,0,,,990,470,520,124,68,56,858,400,458,508,244,264,829,386,443,800,367,433,350,156,194,225,102,123,46,16,30,2,0,2,2,0,2,375,375,69,144,64,63,25,6,4,302,269,33,31,219,3,47,96
51356502,0,,,198,101,97,14,6,8,184,95,89,125,72,53,184,95,89,182,94,88,59,23,36,31,10,21,10,2,8,1,1,0,0,0,0,57,55,10,24,12,4,2,1,2,43,35,8,3,39,0,7,12
51356505,0,,,911,452,459,120,77,43,791,375,416,398,188,210,770,364,406,755,359,396,393,187,206,190,103,87,54,25,29,5,0,5,1,1,0,336,336,59,147,52,40,14,14,10,275,241,34,28,241,0,43,111
51356506,0,,,1766,834,932,203,106,97,1559,725,834,849,431,418,1514,701,813,1494,689,805,710,294,416,411,147,264,171,52,119,25,4,21,10,10,0,585,584,114,191,111,99,38,22,9,469,378,91,41,363,4,70,119
51356507,0,,,3897,1858,2039,525,289,236,3360,1564,1796,2126,1020,1106,3261,1511,1750,3186,1471,1715,1234,544,690,638,285,353,158,62,96,11,1,10,21,13,8,1513,1512,322,511,315,263,78,15,8,1178,1044,134,148,787,19,181,268
51356508,0,,,3437,1630,1807,424,209,215,2999,1415,1584,2072,1015,1057,2877,1350,1527,2812,1325,1487,927,400,527,448,185,263,106,34,72,6,2,4,23,3,20,1355,1355,365,397,248,239,65,34,7,975,850,125,90,642,29,164,173
51356509,0,,,7876,3773,4103,735,368,367,7070,3370,3700,4631,2276,2355,6872,3260,3612,6730,3189,3541,2439,1094,1345,1180,493,687,282,109,173,16,3,13,55,23,32,3519,3518,1208,1089,661,404,107,36,13,2269,2070,199,206,1668,99,547,476
51356510,0,,,1024,507,517,63,34,29,789,387,402,596,295,301,770,381,389,691,342,349,193,92,101,71,28,43,24,6,18,0,0,0,25,11,14,660,660,466,95,53,31,8,4,3,186,156,30,22,129,166,27,42
51356511,0,,,1080,521,559,114,52,62,949,460,489,643,317,326,899,429,470,865,412,453,306,143,163,139,61,78,44,14,30,6,1,5,4,1,3,386,386,69,112,75,99,22,8,1,311,263,48,23,192,4,34,67
51356512,0,,,1369,640,729,148,82,66,1218,556,662,700,352,348,1167,527,640,1135,508,627,518,204,314,305,96,209,141,29,112,25,0,25,4,2,2,480,474,105,161,105,67,28,5,3,367,328,39,29,269,7,62,88
51356515,0,,,459,220,239,58,33,25,400,186,214,250,120,130,385,177,208,375,171,204,150,66,84,76,32,44,28,8,20,2,0,2,1,0,1,141,141,19,37,26,28,18,6,7,122,90,32,11,92,2,10,24
51356516,0,,,3442,1644,1798,662,339,323,2775,1302,1473,2015,967,1048,2668,1248,1420,2588,1210,1378,760,335,425,368,153,215,103,38,65,8,0,8,42,17,25,1236,1236,247,359,243,252,92,28,15,979,855,124,185,505,29,118,154
51356517,0,,,4644,2187,2457,600,295,305,4034,1886,2148,2735,1300,1435,3891,1818,2073,3793,1763,2030,1299,586,713,674,292,382,131,43,88,6,1,5,26,12,14,1837,1837,429,593,397,292,97,22,7,1391,1245,146,183,875,22,235,275
51356518,0,,,4724,2219,2505,492,242,250,4201,1963,2238,2861,1387,1474,4057,1892,2165,3966,1840,2126,1340,576,764,657,269,388,156,56,100,5,3,2,33,17,16,2032,2029,633,638,391,273,67,21,6,1371,1258,113,120,912,49,306,260
51356519,0,,,5889,2746,3143,569,278,291,5267,2442,2825,3483,1695,1788,5139,2380,2759,5021,2321,2700,1784,747,1037,938,338,600,280,92,188,27,2,25,53,24,29,2693,2692,1002,786,504,280,90,18,12,1662,1478,184,151,1270,101,445,313
51356520,0,,,1635,825,810,167,92,75,1419,699,720,946,485,461,1369,678,691,1322,659,663,473,214,259,218,95,123,51,15,36,2,0,2,47,39,8,688,688,216,199,130,100,32,8,3,471,431,40,39,299,43,58,115
51356521,0,,,4343,2093,2250,573,288,285,3748,1790,1958,2463,1215,1248,3597,1722,1875,3509,1678,1831,1285,575,710,692,298,394,184,62,122,10,3,7,20,14,6,1688,1687,362,591,297,312,96,24,5,1320,1183,137,140,852,13,218,329
51356522,0,,,1155,549,606,133,76,57,1020,473,547,768,366,402,972,444,528,932,431,501,252,107,145,114,44,70,29,8,21,0,0,0,4,2,2,428,428,68,138,110,86,21,3,2,360,327,33,26,170,4,37,55
51356525,0,,,896,420,476,95,39,56,801,381,420,465,234,231,778,365,413,761,355,406,336,147,189,172,74,98,51,18,33,3,1,2,4,2,2,252,248,41,75,44,47,25,8,8,206,154,52,24,153,0,29,44
51356526,0,,,2340,1132,1208,331,172,159,1984,952,1032,1335,648,687,1922,925,997,1873,901,972,649,304,345,285,127,158,70,19,51,7,1,6,22,8,14,895,894,202,301,175,134,54,14,14,686,599,87,80,417,20,83,155
51356527,0,,,2258,1012,1246,206,94,112,2046,915,1131,1224,589,635,1988,887,1101,1937,862,1075,822,326,496,526,196,330,227,61,166,45,6,39,19,4,15,746,740,128,242,169,123,48,23,7,606,507,99,61,397,16,62,115
51356528,0,,,5239,2373,2866,471,217,254,4618,2118,2500,2853,1343,1510,4489,2055,2434,4380,2015,2365,1765,775,990,953,396,557,231,87,144,15,5,10,32,14,18,2109,2108,524,757,401,300,96,22,8,1571,1392,179,124,1176,40,313,379
51356529,0,,,7579,3458,4121,673,366,307,6862,3071,3791,4556,2143,2413,6704,2998,3706,6570,2938,3632,2306,928,1378,1128,398,730,417,118,299,52,9,43,74,36,38,3425,3418,1212,1120,609,369,85,15,8,2172,2000,172,206,1473,128,524,404
51356530,0,,,705,314,391,54,35,19,646,276,370,325,155,170,621,263,358,608,257,351,321,121,200,201,60,141,97,15,82,11,1,10,0,0,0,231,230,44,83,46,32,21,4,0,185,163,22,15,139,0,30,54
51356531,1,,51356542,2987,1484,1503,374,188,186,2576,1271,1305,1696,862,834,2479,1215,1264,2409,1178,1231,880,409,471,408,181,227,112,37,75,8,1,7,30,13,17,1233,1230,364,399,212,182,57,15,3,859,791,68,99,532,29,144,200
51356535,0,,,962,454,508,97,42,55,861,410,451,549,260,289,837,397,440,820,388,432,312,150,162,153,69,84,39,14,25,6,2,4,14,6,8,386,386,105,112,78,68,14,7,2,276,233,43,29,210,15,52,56
51356536,0,,,4738,2188,2550,662,306,356,4049,1869,2180,2535,1208,1327,3930,1808,2122,3845,1770,2075,1514,661,853,796,352,444,164,59,105,9,1,8,35,14,21,1848,1847,376,680,379,286,93,25,8,1451,1328,123,194,962,20,215,353
51356537,0,,,5372,2509,2863,793,393,400,4502,2085,2417,3385,1610,1775,4306,1996,2310,4178,1931,2247,1117,475,642,602,249,353,141,43,98,9,2,7,19,6,13,2080,2077,513,603,428,383,119,23,8,1551,1401,150,238,728,59,180,230
51356538,0,,,5281,2524,2757,815,424,391,4433,2086,2347,3271,1583,1688,4254,1995,2259,4138,1937,2201,1162,503,659,569,236,333,164,52,112,19,6,13,27,4,23,1997,1996,428,596,423,409,107,25,8,1550,1405,145,213,765,38,187,229
51356539,0,,,1200,562,638,144,77,67,1038,477,561,704,329,375,1007,465,542,986,451,535,334,148,186,147,68,79,35,9,26,3,0,3,7,1,6,493,493,141,160,91,62,25,7,7,347,303,44,51,224,8,58,68
51356540,0,,,512,223,289,29,13,16,481,209,272,209,93,116,475,207,268,469,204,265,272,116,156,167,62,105,65,18,47,6,1,5,2,2,0,174,172,36,71,35,18,9,2,1,136,119,17,8,113,1,21,42
51356541,0,,,149,64,85,12,7,5,137,57,80,80,36,44,134,56,78,131,56,75,57,21,36,35,12,23,9,3,6,0,0,0,1,1,0,53,53,7,21,7,13,3,2,0,46,32,14,4,37,0,5,12
51356542,2,51356531,,8,5,3,*,*,*,*,*,*,*,*,*,*,*,*,*,*,*,*,*,*,*,*,*,*,*,*,*,*,*,*,*,*,2,2,*,*,*,*,*,*,*,*,*,*,*,*,*,*,*
51356544,0,,,1048,512,536,119,68,51,923,442,481,597,295,302,891,423,468,867,410,457,326,147,179,167,77,90,43,17,26,3,0,3,8,5,3,431,431,122,143,81,53,17,7,8,307,261,46,37,220,11,54,67
51356545,0,,,2525,1191,1334,412,209,203,2098,978,1120,1450,674,776,2032,947,1085,1985,926,1059,648,304,344,312,146,166,63,26,37,5,1,4,36,9,27,969,969,215,284,214,194,50,10,2,746,674,72,108,427,39,91,143
51356546,0,,,6717,3099,3618,1036,503,533,5571,2546,3025,4012,1856,2156,5410,2472,2938,5289,2414,2875,1559,690,869,769,348,421,187,75,112,16,2,14,33,12,21,2777,2776,768,867,554,435,111,32,9,1984,1803,181,354,1025,70,256,352
51356547,0,,,6969,3318,3651,1201,634,567,5548,2580,2968,4462,2089,2373,5374,2507,2867,5218,2444,2774,1086,491,595,526,237,289,155,59,96,15,3,12,33,16,17,2897,2894,901,762,614,485,105,19,8,1974,1844,130,440,688,150,162,250
51356548,0,,,5626,2645,2981,762,375,387,4847,2264,2583,2999,1425,1574,4668,2160,2508,4590,2128,2462,1848,839,1009,785,323,462,260,74,186,28,5,23,39,22,17,2003,2001,263,730,467,396,110,24,11,1726,1576,150,234,1069,7,176,442
51356549,0,,,2002,951,1051,398,196,202,1600,753,847,1219,580,639,1527,720,807,1479,700,779,381,173,208,178,76,102,48,18,30,2,0,2,20,7,13,671,671,96,172,151,177,54,17,4,569,495,74,108,251,8,39,74
51356550,0,,,508,229,279,56,21,35,444,205,239,236,114,122,432,198,234,426,193,233,208,91,117,118,50,68,32,9,23,3,0,3,1,0,1,194,193,37,71,39,34,7,3,2,156,128,28,13,123,3,13,40
51356552,2,51356553,,5,3,2,*,*,*,*,*,*,*,*,*,*,*,*,*,*,*,*,*,*,*,*,*,*,*,*,*,*,*,*,*,*,3,3,*,*,*,*,*,*,*,*,*,*,*,*,*,*,*
51356553,1,,51356552,941,471,470,242,130,112,703,344,359,531,263,268,679,328,351,666,323,343,172,81,91,112,54,58,25,15,10,1,0,1,7,4,3,290,289,32,84,63,75,24,10,4,260,240,20,52,84,0,13,28
51356554,0,,,4590,2255,2335,924,476,448,3634,1766,1868,2872,1428,1444,3378,1629,1749,3254,1557,1697,762,338,424,356,157,199,124,44,80,8,1,7,22,12,10,1512,1510,222,350,344,441,127,20,6,1283,1179,104,163,444,19,78,152
51356555,0,,,6844,3236,3608,1122,568,554,5623,2630,2993,4058,1947,2111,5401,2529,2872,5262,2455,2807,1565,683,882,800,341,459,190,72,118,4,1,3,27,15,12,2744,2742,746,796,551,462,144,31,12,1977,1829,148,298,1050,84,267,335
51356556,0,,,4778,2284,2494,570,292,278,4151,1969,2182,2604,1285,1319,4018,1896,2122,3936,1853,2083,1547,684,863,765,318,447,242,81,161,18,1,17,11,7,4,1924,1922,485,661,359,298,89,25,5,1422,1271,151,174,971,27,246,327
51356557,0,,,6233,2897,3336,855,411,444,5334,2470,2864,3838,1763,2075,5077,2338,2739,4897,2256,2641,1496,707,789,646,308,338,160,61,99,13,3,10,41,15,26,2386,2386,441,805,542,470,101,20,7,1935,1802,133,201,966,32,204,402
51356558,0,,,5818,2725,3093,763,380,383,5026,2335,2691,3799,1751,2048,4739,2202,2537,4570,2122,2448,1227,584,643,485,206,279,136,45,91,8,1,7,25,11,14,2104,2104,325,667,492,461,125,26,8,1772,1629,143,151,818,18,154,307
51356559,0,,,3279,1597,1682,651,328,323,2607,1263,1344,1917,941,976,2504,1216,1288,2449,1193,1256,690,322,368,367,158,209,100,39,61,9,2,7,27,20,7,1124,1124,181,278,279,275,80,16,15,932,812,120,197,436,22,74,128
51356560,0,,,1361,729,632,113,59,54,1229,661,568,883,502,381,1180,636,544,1141,617,524,346,159,187,168,81,87,36,14,22,5,1,4,22,18,4,635,634,273,168,96,68,23,5,1,358,325,33,28,224,103,61,76
51356561,0,,,1890,900,990,153,87,66,1718,801,917,1051,527,524,1663,772,891,1619,752,867,667,274,393,356,135,221,125,30,95,22,4,18,15,6,9,622,614,149,211,112,110,19,12,1,458,420,38,35,284,25,65,107
51356562,0,,,674,307,367,58,22,36,616,285,331,365,173,192,600,278,322,568,260,308,251,112,139,144,62,82,28,9,19,4,1,3,18,9,9,330,330,138,103,48,28,8,2,3,192,173,19,16,164,50,45,61
51356563,0,,,2793,1341,1452,292,142,150,2468,1184,1284,1489,743,746,2384,1136,1248,2333,1106,1227,979,441,538,481,217,264,135,57,78,10,3,7,24,11,13,1163,1162,328,382,220,157,52,16,7,827,731,96,74,632,27,162,215
51356564,0,,,4532,2163,2369,650,321,329,3865,1835,2030,2941,1414,1527,3669,1733,1936,3510,1650,1860,924,421,503,407,179,228,89,26,63,9,2,7,27,9,18,1609,1607,276,486,328,392,93,22,10,1326,1241,85,155,590,8,160,210
51356565,0,,,7504,3636,3868,1408,736,672,6058,2884,3174,5131,2469,2662,5571,2630,2941,5292,2492,2800,927,415,512,434,197,237,96,34,62,7,1,6,32,16,16,2457,2455,341,565,559,713,222,43,12,2096,1974,122,283,575,36,100,217
51356566,0,,,3021,1408,1613,390,199,191,2596,1192,1404,1622,805,817,2528,1159,1369,2481,1135,1346,974,387,587,583,196,387,305,73,232,49,5,44,51,28,23,1081,1075,274,331,224,175,51,13,7,790,706,84,106,417,63,68,153
51356567,0,,,3165,1535,1630,337,175,162,2812,1357,1455,2207,1080,1127,2660,1259,1401,2555,1199,1356,605,277,328,231,98,133,72,20,52,4,0,4,10,3,7,1181,1180,208,403,265,230,60,12,2,965,902,63,82,400,7,82,154
51356568,0,,,4649,2191,2458,579,287,292,4047,1895,2152,2855,1328,1527,3861,1799,2062,3731,1732,1999,1192,567,625,462,214,248,103,38,65,8,2,6,11,3,8,1638,1638,184,578,392,335,110,33,6,1446,1310,136,131,758,5,112,311
51356569,0,,,1460,654,806,235,113,122,1221,540,681,795,372,423,1183,520,663,1155,510,645,426,168,258,255,83,172,138,35,103,26,3,23,5,1,4,449,446,74,116,96,101,42,8,9,367,303,64,70,190,3,32,51
51356570,0,,,7239,3443,3796,753,386,367,6312,2962,3350,4267,2064,2203,6103,2861,3242,5852,2763,3089,2045,898,1147,967,400,567,246,79,167,12,0,12,127,60,67,3394,3391,1387,947,514,394,118,28,3,1983,1844,139,168,1397,285,448,456
51356571,0,,,8013,3828,4185,1018,495,523,6763,3211,3552,4596,2217,2379,6538,3093,3445,6278,2969,3309,2167,994,1173,964,432,532,184,68,116,10,3,7,106,60,46,3467,3463,1163,1025,595,493,159,19,9,2281,2122,159,232,1444,208,367,529
51356572,0,,,412,194,218,44,21,23,368,173,195,216,107,109,350,164,186,339,159,180,152,66,86,99,45,54,21,11,10,0,0,0,1,0,1,162,162,31,68,26,21,13,3,0,130,117,13,4,97,0,20,38
51356573,0,,,976,396,580,67,40,27,907,355,552,343,148,195,882,340,542,867,331,536,564,207,357,387,130,257,209,47,162,32,4,28,20,8,12,287,284,61,115,49,39,14,5,1,222,193,29,19,191,1,41,78
51356574,0,,,10,4,6,0,0,0,10,4,6,9,4,5,8,3,5,8,3,5,1,0,1,0,0,0,0,0,0,0,0,0,0,0,0,4,4,1,1,1,1,0,0,0,3,3,0,0,1,0,1,0
51356575,0,,,1710,832,878,274,139,135,1423,688,735,1031,509,522,1354,654,700,1312,629,683,392,179,213,177,79,98,44,12,32,5,1,4,6,4,2,612,612,103,183,142,123,46,12,3,502,437,65,68,253,7,41,74
51356576,0,,,3405,1487,1918,309,151,158,3085,1331,1754,1688,814,874,2999,1286,1713,2928,1250,1678,1397,517,880,885,292,593,414,91,323,71,8,63,20,8,12,1214,1204,298,429,230,165,55,22,5,899,786,113,80,649,9,177,199
51356577,0,,,2945,1425,1520,451,232,219,2494,1193,1301,1755,861,894,2396,1142,1254,2332,1111,1221,739,332,407,340,142,198,120,37,83,18,5,13,10,3,7,1065,1064,174,357,233,229,58,12,1,887,829,58,143,451,3,103,164
51356578,0,,,818,382,436,49,25,24,768,356,412,423,204,219,753,352,401,739,343,396,345,152,193,184,79,105,64,19,45,2,0,2,0,0,0,292,292,58,92,63,42,17,13,7,230,156,74,15,227,0,46,60
51356579,0,,,998,485,513,115,59,56,883,426,457,612,305,307,847,414,433,826,403,423,271,121,150,127,51,76,30,7,23,4,0,4,13,13,0,352,352,67,94,84,72,17,11,7,280,219,61,26,171,6,28,40
51356580,0,,,5001,2473,2528,540,274,266,4320,2117,2203,3093,1561,1532,4174,2034,2140,4028,1957,2071,1227,556,671,559,232,327,145,55,90,11,3,8,184,119,65,2273,2271,867,626,382,295,85,13,3,1381,1277,104,134,832,211,215,241
51356581,0,,,4555,2179,2376,468,257,211,4043,1897,2146,2410,1187,1223,3930,1840,2090,3836,1791,2045,1633,710,923,864,347,517,265,76,189,34,2,32,71,46,25,1878,1863,558,630,355,234,63,20,3,1292,1191,101,106,963,83,258,343
51356582,0,,,744,338,406,32,16,16,708,319,389,355,186,169,689,310,379,672,299,373,353,133,220,210,71,139,77,15,62,16,1,15,8,8,0,292,290,76,116,57,33,5,3,0,212,199,13,10,172,4,42,66
51356583,0,,,171,84,87,19,9,10,152,75,77,96,46,50,146,73,73,141,71,70,56,29,27,28,15,13,13,7,6,2,1,1,12,8,4,64,64,14,21,11,12,3,2,1,50,36,14,7,37,1,9,14
51356584,2,51356585,,162,66,96,*,*,*,*,*,*,*,*,*,*,*,*,*,*,*,*,*,*,*,*,*,*,*,*,*,*,*,*,*,*,5,1,*,*,*,*,*,*,*,*,*,*,*,*,*,*,*
51356585,1,,51356584,3117,1470,1647,359,178,181,2906,1351,1555,1781,870,911,2810,1304,1506,2751,1266,1485,1125,481,644,575,211,364,211,54,157,33,9,24,24,11,13,1160,1159,209,431,236,187,69,20,8,947,834,113,92,624,6,120,242
51356586,0,,,2548,1207,1341,262,136,126,2278,1066,1212,1473,706,767,2200,1026,1174,2158,1005,1153,805,360,445,342,146,196,79,24,55,6,0,6,14,6,8,1010,1009,203,380,231,127,51,13,4,793,731,62,58,510,13,102,196
51356587,0,,,4247,1970,2277,452,224,228,3795,1746,2049,2180,1057,1123,3697,1690,2007,3625,1648,1977,1615,689,926,892,377,515,294,71,223,42,3,39,34,14,20,1596,1589,325,616,322,238,62,18,8,1258,1158,100,103,860,19,177,336
51356588,0,,,881,398,483,61,29,32,818,367,451,484,230,254,802,357,445,786,349,437,334,137,197,182,65,117,81,19,62,10,2,8,0,0,0,301,299,39,108,81,41,21,7,2,258,214,44,18,180,0,27,60
51356589,0,,,1226,601,625,176,94,82,1044,504,540,695,347,348,1008,492,516,976,471,505,349,157,192,178,87,91,53,19,34,5,2,3,7,6,1,426,426,77,113,85,107,32,6,6,348,278,70,53,226,4,38,53
51356590,0,,,3932,1852,2080,396,187,209,3498,1640,1858,2289,1123,1166,3390,1588,1802,3299,1543,1756,1209,517,692,599,244,355,128,47,81,12,2,10,42,23,19,1679,1677,512,545,324,204,68,19,5,1144,1051,93,112,797,53,239,251
51356591,0,,,167,100,67,28,20,8,139,80,59,110,68,42,129,72,57,123,69,54,29,12,17,11,5,6,2,1,1,0,0,0,3,3,0,38,36,3,18,5,7,2,1,0,32,29,3,2,16,0,2,10
51356592,0,,,103,49,54,5,3,2,98,46,52,49,24,25,97,45,52,97,45,52,49,22,27,26,9,17,7,3,4,0,0,0,1,0,1,40,40,10,13,7,6,2,2,0,30,23,7,1,33,0,9,9
51356593,0,,,30,15,15,4,0,4,26,15,11,12,7,5,25,14,11,25,14,11,14,8,6,5,3,2,1,0,1,0,0,0,1,0,1,13,13,5,3,3,0,2,0,0,8,6,2,0,11,0,4,2
51356594,0,,,247,119,128,21,12,9,226,107,119,135,58,77,219,103,116,214,101,113,91,49,42,30,19,11,5,2,3,0,0,0,0,0,0,101,101,14,49,21,14,2,1,0,86,82,4,5,59,0,11,30
51356595,0,,,4554,2143,2411,401,216,185,4141,1918,2223,2133,970,1163,4024,1857,2167,3973,1829,2144,2008,948,1060,861,407,454,209,73,136,13,2,11,19,5,14,1853,1853,336,795,401,221,67,26,7,1510,1367,143,92,1243,15,217,528
51356596,0,,,2837,1333,1504,334,178,156,2488,1143,1345,1544,736,808,2428,1111,1317,2374,1082,1292,944,407,537,506,208,298,165,55,110,23,4,19,43,29,14,1184,1181,348,383,230,160,48,7,5,828,745,83,106,598,44,185,174
51356597,0,,,6278,2900,3378,486,248,238,5790,2650,3140,2961,1419,1542,5630,2559,3071,5516,2490,3026,2829,1231,1598,1616,707,909,392,145,247,29,9,20,67,37,30,2982,2977,1004,1192,429,254,69,22,7,1958,1831,127,112,1870,45,638,709
51356598,0,,,3972,1761,2211,393,195,198,3567,1557,2010,2091,959,1132,3455,1500,1955,3368,1453,1915,1476,598,878,745,277,468,281,63,218,38,5,33,21,8,13,1481,1469,288,557,320,228,58,16,2,1174,1092,82,101,757,14,153,319
51356599,0,,,992,495,497,130,77,53,854,413,441,562,278,284,825,392,433,806,385,421,292,135,157,134,62,72,38,17,21,2,1,1,4,2,2,369,369,65,129,80,59,25,9,2,302,256,46,41,185,4,26,65
51356600,0,,,1819,855,964,187,92,95,1627,760,867,1049,499,550,1585,741,844,1556,730,826,578,261,317,248,102,146,66,18,48,6,3,3,15,8,7,732,731,181,249,148,103,31,14,5,540,464,76,51,382,12,89,119
51356601,0,,,2348,1056,1292,285,141,144,2045,903,1142,1323,626,697,1979,871,1108,1916,844,1072,722,277,445,426,139,287,204,48,156,47,10,37,23,9,14,804,802,168,230,191,145,44,16,8,632,549,83,83,342,12,62,96
51356602,0,,,3233,1531,1702,451,232,219,2718,1259,1459,1760,829,931,2651,1226,1425,2601,1193,1408,958,430,528,488,192,296,164,57,107,11,3,8,34,8,26,1255,1253,402,332,239,199,64,13,4,839,738,101,146,531,76,136,168
51356603,0,,,3980,1911,2069,385,189,196,3360,1602,1758,2285,1142,1143,3278,1558,1720,3201,1514,1687,1075,460,615,571,216,355,204,64,140,23,7,16,30,12,18,2062,2054,1073,464,230,210,56,16,5,967,841,126,111,740,268,244,192
51356604,0,,,1941,938,1003,219,114,105,1689,803,886,1199,582,617,1644,781,863,1604,761,843,490,221,269,214,84,130,71,17,54,10,3,7,11,2,9,815,814,256,256,140,109,35,7,11,555,489,66,68,317,50,75,91
51356605,0,,,654,308,346,58,31,27,516,255,261,330,167,163,507,253,254,493,245,248,186,88,98,91,41,50,25,10,15,2,0,2,4,4,0,241,240,70,81,38,28,17,4,2,167,140,27,14,122,4,29,41
51356606,0,,,1839,865,974,261,135,126,1576,729,847,1158,549,609,1492,687,805,1446,666,780,418,180,238,198,73,125,67,18,49,5,0,5,13,6,7,641,640,120,169,145,142,49,13,2,513,442,71,61,256,8,53,79
51356607,0,,,4456,2088,2368,603,313,290,3833,1764,2069,2552,1241,1311,3695,1687,2008,3615,1646,1969,1281,523,758,719,254,465,254,72,182,36,4,32,59,34,25,1673,1667,388,548,334,278,94,19,6,1255,1116,139,162,757,24,203,218
51356608,0,,,1748,849,899,297,134,163,1425,701,724,1067,531,536,1350,658,692,1319,644,675,358,170,188,176,80,96,52,22,30,4,3,1,6,2,4,680,680,177,195,138,107,45,14,4,494,453,41,74,243,21,68,79
51356609,0,,,212,112,100,19,14,5,193,98,95,95,53,42,190,97,93,187,95,92,98,45,53,49,24,25,20,10,10,1,0,1,0,0,0,80,80,13,32,18,10,3,2,2,67,56,11,5,59,0,8,19
51356610,0,,,4811,2267,2544,385,212,173,4406,2040,2366,3007,1433,1574,4293,1984,2309,4212,1933,2279,1399,607,792,647,242,405,170,49,121,8,1,7,51,15,36,2144,2143,641,771,398,262,54,12,5,1489,1362,127,104,993,44,323,296
51356611,0,,,1951,936,1015,190,97,93,1741,827,914,1096,538,558,1701,805,896,1668,788,880,645,289,356,315,142,173,79,29,50,1,0,1,7,2,5,757,757,160,261,164,105,52,9,6,591,504,87,52,413,14,80,131
51356612,0,,,6404,3122,3282,1060,553,507,5276,2524,2752,3820,1879,1941,5094,2429,2665,4962,2357,2605,1456,645,811,705,306,399,181,72,109,10,4,6,27,10,17,2500,2500,624,716,522,448,160,21,9,1868,1718,150,283,969,81,245,299
51356613,0,,,8199,3841,4358,838,426,412,6984,3209,3775,4896,2334,2562,6776,3108,3668,6651,3042,3609,2088,875,1213,1100,440,660,318,111,207,20,6,14,53,31,22,4123,4120,1922,1037,621,425,89,18,8,2166,1999,167,275,1441,264,513,392
51356614,0,,,5504,2659,2845,728,360,368,4663,2237,2426,3295,1634,1661,4512,2158,2354,4396,2085,2311,1368,603,765,710,291,419,186,66,120,18,4,14,35,21,14,2410,2410,806,728,426,321,101,22,6,1578,1446,132,231,930,120,255,304
51356615,0,,,6641,3151,3490,863,438,425,5725,2681,3044,3885,1888,1997,5535,2580,2955,5381,2498,2883,1840,793,1047,886,359,527,215,66,149,12,3,9,66,37,29,2723,2722,763,833,535,421,126,30,14,1935,1752,183,231,1256,72,372,387
51356616,0,,,4178,1950,2228,529,272,257,3610,1662,1948,2434,1190,1244,3498,1604,1894,3434,1567,1867,1176,472,704,617,219,398,182,38,144,23,1,22,48,17,31,1785,1782,614,525,310,217,85,20,11,1145,1027,118,141,766,36,264,191
51356617,0,,,5376,2528,2848,503,266,237,4798,2227,2571,3158,1508,1650,4656,2159,2497,4537,2102,2435,1640,719,921,879,354,525,276,104,172,20,6,14,107,52,55,2477,2474,946,750,404,256,83,27,8,1507,1335,172,158,1118,92,409,305
51356618,0,,,4562,2176,2386,608,299,309,3910,1857,2053,2671,1320,1351,3786,1783,2003,3699,1740,1959,1239,537,702,643,252,391,191,65,126,9,0,9,28,12,16,1870,1869,518,581,361,287,93,20,9,1337,1204,133,154,844,34,249,254
51356619,0,,,3328,1572,1756,441,218,223,2887,1354,1533,1821,871,950,2776,1297,1479,2717,1259,1458,1066,483,583,545,255,290,149,56,93,9,0,9,14,5,9,1299,1299,261,470,261,218,70,12,7,1033,942,91,114,687,5,162,251
51356620,0,,,2088,985,1103,148,82,66,1885,884,1001,1095,534,561,1840,860,980,1808,843,965,790,350,440,430,179,251,102,42,60,5,0,5,19,11,8,919,917,328,277,171,85,40,11,5,583,500,83,41,554,22,187,121
51356621,0,,,6774,3237,3537,668,339,329,5984,2829,3155,3905,1895,2010,5782,2734,3048,5637,2659,2978,2079,934,1145,1104,500,604,212,78,134,12,5,7,58,38,20,3022,3022,1012,967,532,370,106,25,10,1984,1832,152,171,1413,82,422,484
51356622,0,,,4975,2341,2634,633,300,333,4283,2006,2277,2892,1396,1496,4147,1940,2207,4053,1889,2164,1391,610,781,685,307,378,170,59,111,12,1,11,36,18,18,2141,2140,664,688,391,298,73,17,9,1465,1351,114,187,901,86,253,333
51356623,0,,,7766,3759,4007,913,473,440,6681,3182,3499,4905,2383,2522,6439,3050,3389,6264,2951,3313,1776,799,977,901,396,505,217,90,127,14,5,9,73,34,39,3388,3388,1150,938,671,463,130,29,7,2218,2062,156,226,1184,173,338,395
51356624,0,,,3520,1660,1860,515,250,265,2967,1390,1577,2098,1019,1079,2849,1325,1524,2761,1281,1480,869,371,498,474,199,275,126,47,79,14,2,12,13,5,8,1357,1356,335,394,262,267,76,12,10,1016,907,109,122,570,28,141,199
51356625,0,,,1721,791,930,266,136,130,1436,642,794,1055,494,561,1384,613,771,1347,593,754,381,148,233,225,76,149,87,20,67,20,3,17,57,19,38,683,682,200,199,130,119,25,9,0,477,438,39,85,201,54,44,64
51356626,0,,,1955,900,1055,241,123,118,1695,767,928,1178,551,627,1649,746,903,1620,730,890,517,216,301,223,80,143,81,19,62,9,4,5,26,9,17,779,777,198,252,159,108,39,16,5,571,484,87,70,329,28,65,81
51356627,0,,,3944,1854,2090,535,267,268,3362,1566,1796,2385,1151,1234,3240,1501,1739,3170,1459,1711,977,415,562,510,199,311,152,50,102,10,2,8,43,22,21,1639,1637,468,518,303,250,78,10,10,1150,1037,113,153,683,35,217,174
51356628,0,,,2381,1117,1264,411,226,185,1931,879,1052,1419,662,757,1851,840,1011,1794,814,980,512,217,295,251,94,157,85,26,59,10,0,10,24,12,12,860,857,165,231,202,195,56,7,1,686,623,63,121,336,4,88,85
51356629,0,,,895,409,486,91,45,46,803,364,439,380,188,192,783,350,433,775,345,430,423,176,247,244,94,150,102,25,77,14,3,11,0,0,0,329,328,65,127,59,57,13,6,1,263,232,31,20,219,1,44,95
51356630,0,,,1130,537,593,65,33,32,1058,500,558,555,291,264,1045,493,552,1031,488,543,503,209,294,271,100,171,99,22,77,18,2,16,7,0,7,345,340,83,116,66,47,20,6,2,254,207,47,17,209,4,37,65
51356631,0,,,2433,1182,1251,359,195,164,2066,982,1084,1419,678,741,1961,933,1028,1908,906,1002,647,304,343,301,141,160,73,34,39,2,0,2,22,11,11,882,882,152,277,187,193,52,17,4,728,655,73,67,403,9,78,167
51356632,0,,,1444,686,758,260,138,122,1169,540,629,779,375,404,1131,522,609,1108,512,596,390,165,225,217,79,138,104,28,76,23,3,20,11,8,3,487,486,101,137,100,95,37,8,8,380,338,42,83,182,14,29,59
51356633,0,,,2792,1336,1456,387,192,195,2339,1107,1232,1692,820,872,2271,1075,1196,2222,1054,1168,647,287,360,291,115,176,81,28,53,5,1,4,80,51,29,1242,1242,473,327,204,164,53,17,4,751,658,93,124,447,82,109,131
51356634,0,,,3558,1761,1797,437,228,209,3094,1517,1577,2002,1026,976,2987,1462,1525,2926,1423,1503,1092,491,601,595,260,335,171,66,105,13,2,11,86,60,26,1364,1358,320,426,289,221,75,20,7,1028,916,112,124,654,39,116,233
51356635,0,,,698,339,359,53,30,23,645,309,336,379,198,181,633,301,332,625,299,326,266,111,155,150,56,94,63,13,50,8,1,7,5,4,1,213,210,31,67,54,35,18,1,4,179,132,47,12,137,4,21,32
51356636,0,,,1354,668,686,91,46,45,1254,618,636,720,374,346,1224,599,625,1199,585,614,534,244,290,231,101,130,63,25,38,8,1,7,37,20,17,571,571,175,179,113,58,31,11,4,393,325,68,25,345,27,71,107
51356637,0,,,2229,1075,1154,250,122,128,1970,948,1022,1246,619,627,1911,914,997,1871,889,982,724,329,395,342,146,196,115,42,73,6,1,5,14,9,5,876,876,212,283,178,127,55,14,7,658,558,100,68,472,19,100,149
51356638,0,,,286,131,155,25,13,12,260,117,143,139,68,71,250,109,141,247,107,140,121,49,72,73,26,47,22,9,13,1,0,1,2,1,1,123,123,38,43,20,13,5,3,1,83,64,19,6,82,3,24,22
51356640,0,,,1448,689,759,292,142,150,1154,546,608,787,389,398,1114,528,586,1096,520,576,367,157,210,186,79,107,48,19,29,1,0,1,2,0,2,474,473,67,135,89,111,45,17,9,403,334,69,76,227,0,35,75
51356641,0,,,496,236,260,66,35,31,430,201,229,280,140,140,418,198,220,409,193,216,150,61,89,77,24,53,23,4,19,2,1,1,4,3,1,168,168,23,52,38,32,15,5,3,143,107,36,21,97,0,18,19
51356642,0,,,672,325,347,50,28,22,622,297,325,350,179,171,602,286,316,591,282,309,272,118,154,171,69,102,47,14,33,2,0,2,0,0,0,248,247,49,97,39,38,16,5,3,198,167,31,7,169,1,35,62
51356643,0,,,2178,1046,1132,234,125,109,1928,911,1017,1201,574,627,1876,881,995,1843,865,978,727,337,390,357,161,196,106,47,59,10,6,4,18,8,10,891,891,227,307,179,114,46,13,5,655,564,91,64,476,15,112,160
51356644,0,,,703,333,370,78,34,44,615,295,320,323,156,167,603,289,314,589,284,305,292,139,153,156,75,81,53,20,33,3,0,3,5,3,2,268,268,55,99,56,30,13,10,5,209,174,35,15,185,3,36,61
51356645,0,,,345,139,206,17,13,4,328,126,202,110,55,55,325,124,201,323,123,200,218,71,147,154,38,116,104,21,83,24,3,21,8,6,2,85,83,19,26,13,13,7,3,2,64,43,21,5,61,2,11,22
51356646,0,,,1036,500,536,73,38,35,959,460,499,572,283,289,925,446,479,907,434,473,387,177,210,187,79,108,61,21,40,5,1,4,12,6,6,398,398,92,136,76,56,20,10,8,300,236,64,22,259,0,58,66
51356647,0,,,1173,546,627,94,36,58,1077,509,568,582,277,305,1048,495,553,1029,483,546,495,232,263,233,102,131,70,29,41,2,1,1,3,0,3,440,440,80,150,107,60,31,9,3,359,277,82,21,312,1,59,86
51356648,1,,51356659,57,27,30,2,1,1,57,27,30,26,15,11,57,27,30,57,27,30,31,12,19,19,6,13,6,1,5,0,0,0,0,0,0,28,28,13,8,3,4,1,0,0,16,11,5,1,22,0,8,3
51356650,0,,,788,374,414,145,70,75,642,304,338,417,198,219,629,299,330,622,295,327,225,106,119,98,41,57,30,11,19,2,0,2,0,0,0,285,285,56,79,76,44,17,7,6,228,191,37,49,149,0,38,33
51356651,0,,,1102,527,575,137,66,71,964,461,503,554,269,285,941,446,495,927,442,485,410,192,218,202,88,114,67,24,43,5,1,4,0,0,0,353,353,45,106,71,63,39,19,10,307,214,93,31,258,0,32,59
51356652,0,,,2052,996,1056,256,138,118,1781,848,933,1075,529,546,1709,807,902,1678,792,886,706,319,387,346,164,182,73,27,46,5,2,3,9,4,5,801,800,166,296,160,115,40,15,8,628,558,70,73,432,10,85,182
51356653,0,,,4452,2125,2327,699,365,334,3688,1728,1960,2639,1280,1359,3536,1656,1880,3436,1609,1827,1049,448,601,563,225,338,165,62,103,13,2,11,52,29,23,1673,1667,382,481,349,313,113,25,4,1259,1116,143,219,659,42,170,189
51356654,0,,,694,382,312,111,56,55,581,324,257,438,259,179,559,310,249,541,299,242,143,65,78,67,29,38,25,9,16,2,0,2,11,9,2,298,298,129,55,44,45,15,5,5,167,141,26,29,89,83,15,25
51356655,0,,,629,281,348,39,18,21,587,262,325,311,148,163,577,256,321,570,254,316,276,114,162,137,50,87,37,13,24,5,2,3,4,1,3,266,266,72,101,51,23,10,6,3,193,152,41,10,184,0,48,57
51356656,0,,,512,234,278,35,14,21,476,219,257,217,119,98,468,215,253,457,209,248,259,100,159,162,50,112,85,19,66,14,4,10,2,0,2,164,162,34,55,34,21,8,7,3,125,101,24,10,116,0,24,33
51356657,0,,,1972,903,1069,187,92,95,1783,811,972,982,474,508,1721,771,950,1689,752,937,801,337,464,422,159,263,160,42,118,21,4,17,12,5,7,786,784,262,222,143,78,49,19,11,519,414,105,42,496,5,170,114
51356658,0,,,240,122,118,25,18,7,213,103,110,100,45,55,209,103,106,209,103,106,113,58,55,53,30,23,15,9,6,4,3,1,0,0,0,88,88,18,29,20,10,6,3,2,69,51,18,7,68,0,15,22
51356659,2,51356648,,2,1,1,*,*,*,*,*,*,*,*,*,*,*,*,*,*,*,*,*,*,*,*,*,*,*,*,*,*,*,*,*,*,1,1,*,*,*,*,*,*,*,*,*,*,*,*,*,*,*
51356660,0,,,588,281,307,66,31,35,522,250,272,315,158,157,505,241,264,497,240,257,207,92,115,91,39,52,31,10,21,5,2,3,1,0,1,215,215,39,69,50,34,16,6,1,176,143,33,17,136,0,28,35
51356661,0,,,524,237,287,48,29,19,476,208,268,254,122,132,469,205,264,463,200,263,222,86,136,135,38,97,80,17,63,11,2,9,1,0,1,163,162,26,46,41,28,12,6,3,135,98,37,14,109,0,19,21
51356662,0,,,2648,1273,1375,335,173,162,2288,1085,1203,1545,750,795,2215,1050,1165,2160,1026,1134,743,335,408,363,154,209,113,40,73,9,2,7,10,4,6,1015,1014,206,339,234,154,60,16,5,794,701,93,97,481,12,102,158
51356663,0,,,4504,2123,2381,555,281,274,3872,1788,2084,2594,1229,1365,3745,1725,2020,3666,1693,1973,1278,559,719,667,272,395,201,71,130,18,4,14,58,23,35,1897,1895,577,584,362,256,81,29,6,1293,1152,141,177,854,70,231,272
51356664,0,,,910,437,473,60,30,30,845,404,441,502,248,254,823,394,429,805,385,420,343,156,187,152,70,82,40,11,29,2,1,1,1,0,1,358,358,81,118,84,44,21,10,0,274,217,57,9,221,2,45,70
51356665,0,,,674,318,356,34,19,15,638,298,340,330,163,167,629,293,336,620,288,332,308,135,173,171,69,102,62,17,45,5,1,4,3,0,3,264,261,72,79,57,25,18,7,3,185,137,48,9,192,1,52,43
51356666,0,,,1012,486,526,113,62,51,899,424,475,546,274,272,864,403,461,837,395,442,353,150,203,169,76,93,52,23,29,5,0,5,24,15,9,375,374,80,122,71,58,26,10,7,294,243,51,33,223,10,45,70
51356667,0,,,1032,481,551,113,56,57,919,425,494,543,260,283,885,408,477,870,402,468,376,165,211,186,74,112,47,7,40,2,0,2,11,4,7,378,375,72,115,100,46,26,8,8,301,242,59,24,246,1,50,65
51356668,0,,,59,29,30,2,1,1,56,28,28,26,13,13,56,28,28,55,27,28,30,15,15,13,8,5,6,5,1,0,0,0,0,0,0,25,25,5,11,4,5,0,0,0,20,17,3,0,17,0,3,9
51356670,0,,,1842,905,937,193,102,91,1634,793,841,1053,536,517,1584,764,820,1553,749,804,581,257,324,294,123,171,76,24,52,5,0,5,28,21,7,701,701,169,214,138,116,33,21,10,519,419,100,47,383,16,84,106
51356671,0,,,630,298,332,50,25,25,574,268,306,356,172,184,563,264,299,557,262,295,218,96,122,127,48,79,36,9,27,0,0,0,2,0,2,268,266,70,96,61,23,13,2,1,193,162,31,19,152,3,43,43
51356672,0,,,2087,1011,1076,237,124,113,1840,881,959,1090,536,554,1789,861,928,1750,841,909,750,345,405,389,179,210,63,23,40,0,0,0,12,5,7,808,806,151,283,191,131,34,11,5,650,564,86,74,479,12,98,169
51356673,0,,,4968,2386,2582,633,326,307,4306,2042,2264,2918,1408,1510,4135,1947,2188,4017,1882,2135,1388,634,754,626,266,360,168,51,117,16,4,12,24,14,10,1841,1839,345,618,405,333,96,33,9,1479,1344,135,151,830,30,158,323
51356674,0,,,747,358,389,73,40,33,672,318,354,442,215,227,650,307,343,628,299,329,230,103,127,104,42,62,33,11,22,3,0,3,2,1,1,255,255,39,69,60,58,19,7,3,214,168,46,22,146,1,25,42
51356675,0,,,613,277,336,42,18,24,569,258,311,257,133,124,556,249,307,554,248,306,312,125,187,204,70,134,98,21,77,16,3,13,4,4,0,174,172,35,48,41,27,15,2,4,135,104,31,8,114,4,21,27
51356676,0,,,1034,493,541,109,61,48,925,432,493,595,277,318,887,408,479,866,399,467,330,155,175,168,72,96,51,17,34,6,1,5,21,11,10,374,372,86,110,71,66,23,11,5,285,235,50,25,211,3,57,56
51356677,0,,,2132,983,1149,271,133,138,1856,848,1008,1142,537,605,1815,827,988,1771,809,962,714,311,403,351,147,204,115,40,75,9,4,5,18,10,8,794,793,177,229,188,123,43,22,11,611,502,109,67,460,5,120,118
51356678,0,,,50,30,20,5,3,2,40,23,17,27,15,12,40,23,17,40,23,17,13,8,5,6,3,3,4,1,3,0,0,0,0,0,0,29,29,18,6,3,0,1,1,0,11,9,2,2,10,1,5,2
51356680,0,,,674,327,347,80,40,40,590,285,305,364,178,186,575,279,296,564,274,290,226,107,119,107,54,53,26,6,20,0,0,0,3,3,0,257,257,58,86,49,37,17,8,2,199,163,36,24,151,4,39,40
51356681,0,,,1074,504,570,103,53,50,970,451,519,568,265,303,946,441,505,929,434,495,402,186,216,213,91,122,60,22,38,2,0,2,29,11,18,428,426,105,148,78,56,27,10,2,319,257,62,28,264,18,53,80
51356682,0,,,2272,1058,1214,203,102,101,2069,956,1113,1169,588,581,2028,933,1095,1996,917,1079,900,368,532,528,192,336,202,52,150,30,5,25,19,13,6,819,816,173,303,167,109,43,15,6,643,546,97,50,459,17,88,159
51356683,0,,,2451,1164,1287,245,118,127,2202,1044,1158,1327,664,663,2150,1017,1133,2101,993,1108,875,380,495,450,193,257,122,46,76,7,0,7,9,3,6,974,971,209,349,208,135,50,15,5,754,641,113,71,557,5,121,170
51356684,0,,,146,63,83,16,9,7,130,54,76,85,33,52,127,53,74,125,53,72,45,21,24,25,11,14,5,2,3,1,0,1,0,0,0,65,65,20,20,16,7,2,0,0,45,38,7,4,26,3,2,12
51356685,0,,,2137,1034,1103,282,124,158,1841,900,941,1242,614,628,1789,870,919,1747,848,899,599,286,313,241,111,130,53,22,31,3,0,3,35,25,10,814,814,163,266,183,136,49,15,2,644,583,61,82,388,21,71,139
51356686,0,,,1165,565,600,92,48,44,1072,517,555,624,307,317,1045,502,543,1030,497,533,448,210,238,221,93,128,74,26,48,9,2,7,28,23,5,456,455,109,157,86,61,22,16,4,341,271,70,21,285,17,61,92
51356687,0,,,810,400,410,75,41,34,735,359,376,456,230,226,722,351,371,710,343,367,279,129,150,130,57,73,40,16,24,2,0,2,7,3,4,286,286,44,100,60,47,21,7,7,242,190,52,18,183,1,32,52
51356688,0,,,143,66,77,9,5,4,134,61,73,76,34,42,126,55,71,125,54,71,58,27,31,28,12,16,12,5,7,1,0,1,1,0,1,46,46,7,14,10,8,1,3,3,39,27,12,3,35,0,4,12
51356690,0,,,643,306,337,43,21,22,600,285,315,321,160,161,586,281,305,582,280,302,279,125,154,142,59,83,48,21,27,4,3,1,1,1,0,259,259,58,102,53,23,12,7,4,200,157,43,10,186,2,43,55
51356691,0,,,1585,747,838,150,69,81,1433,676,757,820,403,417,1394,652,742,1368,641,727,613,273,340,317,134,183,92,37,55,8,2,6,19,7,12,644,644,154,235,136,66,34,14,5,487,410,77,31,403,10,86,129
51356692,0,,,1994,954,1040,250,128,122,1738,821,917,1026,499,527,1684,797,887,1658,779,879,712,322,390,370,169,201,83,32,51,3,1,2,27,13,14,805,804,188,297,152,111,44,7,5,609,557,52,59,457,20,115,171
51356693,0,,,661,327,334,30,18,12,629,308,321,290,154,136,616,301,315,600,291,309,339,154,185,177,82,95,34,16,18,1,0,1,13,10,3,304,304,89,136,40,26,4,8,1,214,194,20,4,222,7,58,93
51356694,0,,,437,210,227,34,17,17,403,193,210,228,117,111,389,184,205,379,179,200,175,76,99,90,35,55,32,11,21,2,0,2,0,0,0,139,139,20,31,37,29,9,9,4,119,70,49,7,108,0,15,21
51356695,0,,,973,489,484,160,84,76,799,399,400,549,276,273,776,387,389,758,377,381,250,123,127,110,55,55,30,14,16,1,0,1,14,9,5,366,366,91,98,74,65,26,11,1,271,244,27,42,162,6,33,53
51356696,0,,,875,446,429,122,72,50,750,372,378,509,256,253,713,348,365,691,339,352,241,116,125,115,53,62,33,14,19,4,0,4,13,7,6,341,340,91,99,61,57,21,8,3,248,214,34,24,165,5,48,50
51356697,0,,,1024,498,526,115,61,54,887,424,463,502,251,251,863,414,449,847,410,437,385,173,212,187,77,110,55,20,35,7,3,4,12,10,2,410,409,127,127,72,38,25,11,9,280,209,71,26,241,12,38,73
51356698,0,,,81,43,38,11,6,5,70,37,33,45,25,20,69,37,32,68,36,32,25,12,13,17,8,9,8,3,5,1,0,1,0,0,0,26,26,5,5,5,7,3,0,1,21,15,6,2,18,0,5,4
51356700,0,,,66,36,30,2,1,1,64,35,29,28,15,13,64,35,29,64,35,29,36,20,16,13,7,6,5,3,2,1,0,1,0,0,0,29,29,8,13,3,3,1,1,0,21,19,2,0,23,1,5,9
51356701,1,,51356702,77,31,46,3,0,3,78,33,45,45,19,26,77,33,44,76,32,44,33,14,19,18,5,13,6,2,4,1,0,1,2,0,2,29,29,6,12,8,4,1,1,0,26,22,4,1,26,0,4,4
51356702,2,51356701,,4,2,2,*,*,*,*,*,*,*,*,*,*,*,*,*,*,*,*,*,*,*,*,*,*,*,*,*,*,*,*,*,*,3,3,*,*,*,*,*,*,*,*,*,*,*,*,*,*,*
51356703,0,,,52,21,31,2,0,2,50,21,29,19,7,12,49,21,28,48,21,27,31,14,17,6,3,3,2,2,0,0,0,0,1,1,0,22,22,5,11,3,1,1,0,1,17,13,4,0,18,0,4,6
51356704,0,,,183,91,92,18,7,11,165,84,81,95,53,42,165,84,81,163,83,80,70,31,39,34,16,18,10,4,6,0,0,0,4,2,2,69,69,14,25,12,10,5,3,0,55,40,15,2,43,1,6,9
51356705,0,,,175,81,94,10,5,5,165,76,89,97,50,47,161,74,87,157,72,85,68,26,42,35,12,23,11,4,7,2,0,2,0,0,0,62,62,9,20,15,12,4,1,1,53,37,16,3,41,0,6,11
51356706,0,,,112,50,62,7,3,4,105,47,58,63,29,34,100,43,57,97,43,54,42,18,24,23,9,14,7,2,5,1,1,0,1,0,1,40,40,9,11,9,5,3,2,1,31,22,9,1,30,0,7,6
51356708,0,,,29,13,16,0,0,0,29,13,16,8,3,5,29,13,16,29,13,16,21,10,11,11,5,6,3,1,2,0,0,0,0,0,0,15,15,5,7,2,1,0,0,0,10,8,2,0,13,0,5,5
51356709,0,,,49,17,32,1,0,1,48,17,31,16,5,11,46,17,29,46,17,29,32,12,20,18,6,12,5,0,5,1,0,1,0,0,0,27,27,16,5,4,1,0,0,1,10,8,2,0,26,0,15,2
51356710,0,,,760,361,399,44,24,20,711,335,376,355,157,198,694,326,368,689,324,365,356,178,178,153,74,79,42,16,26,2,1,1,3,0,3,302,302,39,146,65,33,14,3,2,262,235,27,8,216,0,28,113
51356711,1,,51356712;51356722,60,30,30,9,4,5,64,32,32,40,21,19,60,29,31,57,28,29,24,11,13,14,6,8,5,4,1,0,0,0,1,0,1,17,17,2,5,5,3,3,2,1,19,13,6,3,15,1,1,4
51356712,2,51356711,,4,3,1,*,*,*,*,*,*,*,*,*,*,*,*,*,*,*,*,*,*,*,*,*,*,*,*,*,*,*,*,*,*,2,2,*,*,*,*,*,*,*,*,*,*,*,*,*,*,*
51356713,0,,,339,185,154,12,5,7,327,180,147,161,93,68,324,178,146,322,178,144,166,87,79,69,29,40,27,8,19,2,0,2,5,4,1,66,62,5,29,15,3,3,3,4,56,40,16,2,49,0,4,17
51356714,0,,,71,37,34,5,2,3,66,35,31,40,23,17,66,35,31,66,35,31,26,12,14,13,4,9,3,1,2,1,0,1,0,0,0,23,23,3,5,5,7,3,0,0,20,14,6,2,16,0,2,3
51356715,0,,,129,62,67,5,3,2,124,59,65,75,38,37,123,58,65,121,56,65,49,21,28,32,13,19,6,3,3,0,0,0,1,1,0,50,50,13,16,6,10,4,1,0,35,29,6,0,34,1,10,9
51356716,0,,,104,49,55,6,1,5,98,48,50,59,29,30,96,47,49,94,45,49,39,19,20,17,7,10,5,1,4,0,0,0,0,0,0,38,38,4,14,10,8,2,0,0,34,25,9,2,23,0,2,10
51356717,2,51356727,,68,11,57,*,*,*,*,*,*,*,*,*,*,*,*,*,*,*,*,*,*,*,*,*,*,*,*,*,*,*,*,*,*,5,3,*,*,*,*,*,*,*,*,*,*,*,*,*,*,*
51356718,0,,,27,15,12,2,2,0,25,13,12,8,4,4,25,13,12,25,13,12,17,9,8,7,5,2,0,0,0,0,0,0,0,0,0,11,11,3,3,3,1,1,0,0,8,6,2,0,10,0,3,3
51356719,1,,51356729,143,67,76,4,3,1,147,68,79,63,33,30,144,66,78,142,65,77,84,35,49,47,19,28,10,4,6,1,0,1,0,0,0,60,60,16,25,10,7,3,2,0,46,36,10,0,51,0,15,17
51356720,1,,51356730,927,435,492,93,43,50,834,392,442,489,225,264,810,378,432,792,370,422,345,167,178,131,55,76,38,9,29,2,0,2,15,7,8,353,353,66,126,79,58,18,5,3,286,249,37,26,217,5,44,79
51356721,0,,,251,97,154,10,5,5,241,92,149,88,48,40,238,90,148,237,90,147,153,44,109,125,32,93,77,18,59,17,1,16,0,0,0,60,59,16,15,11,11,3,2,1,43,30,13,2,42,0,12,4
51356722,2,51356711,,9,3,6,*,*,*,*,*,*,*,*,*,*,*,*,*,*,*,*,*,*,*,*,*,*,*,*,*,*,*,*,*,*,2,2,*,*,*,*,*,*,*,*,*,*,*,*,*,*,*
51356724,0,,,162,80,82,11,7,4,151,73,78,78,39,39,141,67,74,136,64,72,73,34,39,34,16,18,8,3,5,1,0,1,0,0,0,57,57,10,20,11,6,6,3,1,47,32,15,0,48,0,9,10
51356725,0,,,254,122,132,19,10,9,233,110,123,138,70,68,225,106,119,218,102,116,95,40,55,50,20,30,17,7,10,0,0,0,7,7,0,98,98,25,32,16,14,7,2,2,73,50,23,6,63,6,9,18
51356726,0,,,174,76,98,13,6,7,161,70,91,90,38,52,158,68,90,156,66,90,71,32,39,31,12,19,11,4,7,1,0,1,1,0,1,71,71,15,32,10,9,2,2,1,56,42,14,4,48,0,9,20
51356727,1,,51356717,59,31,28,8,3,5,119,39,80,28,18,10,117,37,80,116,36,80,91,21,70,69,11,58,53,7,46,13,2,11,0,0,0,22,22,6,9,4,2,2,2,0,19,16,3,0,19,0,5,8
51356728,1,,51356739,136,65,71,16,10,6,123,57,66,65,31,34,120,57,63,119,57,62,58,26,32,30,10,20,10,4,6,0,0,0,0,0,0,51,51,9,18,14,7,1,2,1,42,31,11,3,37,0,5,11
51356729,2,51356719,,8,4,4,*,*,*,*,*,*,*,*,*,*,*,*,*,*,*,*,*,*,*,*,*,*,*,*,*,*,*,*,*,*,3,3,*,*,*,*,*,*,*,*,*,*,*,*,*,*,*
51356730,2,51356720,,2,1,1,*,*,*,*,*,*,*,*,*,*,*,*,*,*,*,*,*,*,*,*,*,*,*,*,*,*,*,*,*,*,2,2,*,*,*,*,*,*,*,*,*,*,*,*,*,*,*
51356731,0,,,347,169,178,25,12,13,322,157,165,171,85,86,318,153,165,314,151,163,151,72,79,72,33,39,25,11,14,4,2,2,1,0,1,144,144,37,54,25,17,7,4,0,107,80,27,6,99,1,23,28
51356732,0,,,980,456,524,56,28,28,922,427,495,446,218,228,903,414,489,893,407,486,476,209,267,265,111,154,74,29,45,4,0,4,4,4,0,454,454,157,159,78,39,14,6,1,296,248,48,11,330,2,118,83
51356733,0,,,66,29,37,0,0,0,66,29,37,30,12,18,65,28,37,64,27,37,36,17,19,20,9,11,8,4,4,0,0,0,0,0,0,30,30,10,9,6,5,0,0,0,20,15,5,0,25,0,8,5
51356734,0,,,100,46,54,8,3,5,92,43,49,44,24,20,89,41,48,88,41,47,48,19,29,17,5,12,7,1,6,0,0,0,0,0,0,36,36,7,11,7,7,2,2,0,29,16,13,1,32,0,7,5
51356735,0,,,1303,662,641,304,149,155,996,511,485,831,429,402,919,470,449,879,447,432,165,82,83,74,37,37,23,10,13,0,0,0,6,2,4,407,407,49,81,92,125,44,16,0,357,322,35,68,109,4,16,29
51356736,0,,,3179,1507,1672,329,183,146,2816,1307,1509,1642,793,849,2735,1265,1470,2684,1237,1447,1174,514,660,668,269,399,256,87,169,30,3,27,13,7,6,1278,1274,371,435,212,163,67,17,9,886,754,132,81,722,15,214,232
51356737,0,,,217,109,108,18,12,6,199,97,102,101,55,46,196,95,101,195,95,100,98,42,56,52,20,32,8,1,7,0,0,0,1,1,0,104,104,43,32,14,8,6,1,0,61,52,9,5,73,1,34,16
51356738,0,,,51,27,24,1,0,1,50,27,23,27,13,14,48,27,21,45,24,21,23,14,9,9,7,2,2,2,0,0,0,0,0,0,0,20,20,5,8,3,1,1,2,0,15,10,5,0,15,0,5,6
51356739,2,51356728,,3,2,1,*,*,*,*,*,*,*,*,*,*,*,*,*,*,*,*,*,*,*,*,*,*,*,*,*,*,*,*,*,*,1,1,*,*,*,*,*,*,*,*,*,*,*,*,*,*,*
51356741,0,,,43,26,17,1,1,0,42,25,17,22,13,9,42,25,17,42,25,17,20,12,8,6,2,4,5,2,3,1,0,1,0,0,0,20,20,5,7,8,0,0,0,0,15,12,3,0,13,0,5,3
51356742,0,,,157,86,71,8,4,4,148,81,67,92,54,38,146,81,65,141,78,63,56,27,29,33,14,19,10,4,6,0,0,0,1,0,1,73,73,30,19,14,5,4,0,1,42,30,12,2,39,13,8,8
51356744,0,,,40,19,21,2,1,1,38,18,20,22,10,12,38,18,20,38,18,20,16,8,8,9,5,4,3,2,1,0,0,0,0,0,0,15,15,2,6,3,3,1,0,0,13,10,3,0,11,0,1,2
51356745,0,,,488,236,252,17,9,8,471,227,244,209,106,103,464,224,240,458,220,238,262,121,141,123,61,62,26,12,14,0,0,0,1,0,1,216,216,45,107,34,23,7,0,0,171,157,14,4,166,1,34,68
51356746,0,,,2333,1133,1200,213,125,88,2115,1005,1110,1392,658,734,2046,966,1080,1985,932,1053,723,347,376,303,132,171,74,23,51,6,2,4,91,35,56,968,966,252,358,169,128,41,16,2,714,643,71,47,479,84,105,190
51356747,1,,51356748,573,279,294,47,21,26,536,258,278,296,149,147,524,253,271,517,251,266,240,109,131,127,49,78,41,15,26,2,0,2,1,0,1,230,230,59,84,41,31,13,3,4,175,139,36,8,157,4,34,45
51356748,2,51356747,,13,2,11,*,*,*,*,*,*,*,*,*,*,*,*,*,*,*,*,*,*,*,*,*,*,*,*,*,*,*,*,*,*,5,5,*,*,*,*,*,*,*,*,*,*,*,*,*,*,*
51356752,0,,,30,17,13,3,2,1,27,15,12,14,9,5,27,15,12,27,15,12,13,6,7,7,3,4,3,2,1,0,0,0,0,0,0,14,14,4,5,4,1,0,0,0,10,10,0,2,8,0,3,3
51356753,0,,,23,11,12,0,0,0,23,11,12,9,4,5,23,11,12,23,11,12,14,7,7,10,4,6,5,2,3,0,0,0,0,0,0,9,9,1,4,3,0,1,0,0,8,5,3,0,8,0,1,3
51356754,2,51356763,,6,4,2,*,*,*,*,*,*,*,*,*,*,*,*,*,*,*,*,*,*,*,*,*,*,*,*,*,*,*,*,*,*,3,3,*,*,*,*,*,*,*,*,*,*,*,*,*,*,*
51356755,2,51356756,,3,1,2,*,*,*,*,*,*,*,*,*,*,*,*,*,*,*,*,*,*,*,*,*,*,*,*,*,*,*,*,*,*,1,1,*,*,*,*,*,*,*,*,*,*,*,*,*,*,*
51356756,1,,51356755,94,48,46,10,4,6,87,45,42,41,23,18,84,43,41,82,41,41,46,22,24,16,9,7,6,4,2,0,0,0,0,0,0,32,32,6,9,11,1,4,0,2,27,20,7,3,28,0,5,3
51356757,0,,,2531,1157,1374,195,92,103,2334,1064,1270,1029,493,536,2278,1041,1237,2240,1022,1218,1305,571,734,683,302,381,222,61,161,35,3,32,10,5,5,979,977,168,453,175,122,39,17,3,804,717,87,39,720,0,136,324
51356758,0,,,1200,558,642,93,47,46,1102,509,593,533,237,296,1078,498,580,1055,487,568,569,272,297,279,140,139,65,29,36,5,1,4,6,4,2,501,501,102,225,89,54,23,6,2,398,352,46,22,360,2,82,153
51356761,2,51356771,,5,3,2,*,*,*,*,*,*,*,*,*,*,*,*,*,*,*,*,*,*,*,*,*,*,*,*,*,*,*,*,*,*,2,2,*,*,*,*,*,*,*,*,*,*,*,*,*,*,*
51356762,0,,,32,17,15,5,2,3,27,15,12,8,5,3,27,15,12,27,15,12,19,10,9,8,4,4,2,1,1,0,0,0,0,0,0,14,14,5,5,3,0,0,0,1,9,8,1,1,12,0,5,5
51356763,1,,51356754,18,8,10,2,0,2,22,12,10,8,4,4,22,12,10,21,12,9,14,8,6,2,2,0,1,1,0,0,0,0,0,0,0,8,8,3,5,2,0,1,0,0,8,7,1,0,9,0,2,5
51356764,0,,,35,17,18,0,0,0,35,17,18,17,7,10,35,17,18,35,17,18,18,10,8,7,4,3,2,0,2,0,0,0,0,0,0,15,15,3,7,2,3,0,0,0,12,10,2,0,11,0,1,4
51356767,0,,,45,22,23,1,1,0,44,21,23,30,15,15,43,21,22,43,21,22,14,6,8,6,3,3,1,0,1,0,0,0,0,0,0,13,13,0,3,4,4,1,1,0,13,7,6,0,10,0,0,3
51356768,0,,,181,88,93,23,13,10,158,75,83,93,42,51,151,72,79,148,70,78,65,33,32,29,11,18,16,6,10,1,0,1,0,0,0,65,64,13,18,12,14,3,4,0,51,38,13,2,43,1,8,10
51356769,0,,,144,63,81,13,3,10,131,60,71,70,30,40,128,58,70,127,58,69,61,30,31,28,11,17,10,4,6,3,1,2,0,0,0,54,54,14,14,10,11,2,3,0,39,24,15,2,41,0,11,9
51356770,0,,,59,23,36,2,0,2,57,23,34,31,13,18,53,21,32,53,21,32,26,10,16,14,4,10,6,1,5,0,0,0,0,0,0,23,23,5,10,3,2,1,2,0,18,12,6,0,19,0,5,6
51356771,1,,51356761,89,41,48,10,6,4,84,38,46,44,21,23,84,38,46,84,38,46,40,17,23,19,8,11,3,1,2,0,0,0,2,0,2,31,31,5,10,12,3,1,0,2,28,21,7,1,24,0,3,8
51356772,1,,51356781,41,19,22,0,0,0,42,20,22,24,13,11,41,19,22,39,19,20,18,7,11,14,5,9,6,3,3,0,0,0,0,0,0,15,15,4,5,1,5,1,0,0,12,8,4,0,11,0,2,5
51356773,0,,,39,17,22,2,2,0,37,15,22,13,6,7,35,15,20,35,15,20,24,9,15,15,5,10,9,2,7,1,0,1,1,1,0,17,17,6,6,3,0,1,0,1,11,6,5,1,16,0,5,5
51356774,0,,,32,14,18,0,0,0,32,14,18,13,7,6,32,14,18,32,14,18,19,7,12,13,4,9,2,0,2,0,0,0,0,0,0,17,17,6,9,1,0,1,0,0,11,9,2,0,14,0,5,5
51356776,0,,,49,23,26,5,3,2,44,20,24,27,14,13,41,19,22,39,18,21,17,6,11,8,3,5,2,0,2,0,0,0,0,0,0,13,13,2,2,1,3,2,3,0,11,5,6,2,9,0,1,1
51356778,0,,,47,24,23,8,6,2,39,18,21,20,10,10,39,18,21,39,18,21,19,8,11,11,3,8,4,1,3,0,0,0,0,0,0,17,17,2,8,2,2,3,0,0,15,12,3,1,12,0,1,7
51356779,0,,,21,12,9,2,2,0,19,10,9,15,9,6,18,9,9,17,8,9,4,1,3,2,0,2,0,0,0,0,0,0,0,0,0,8,8,2,2,2,1,1,0,0,6,6,0,1,4,0,1,0
51356781,2,51356772,,1,1,0,*,*,*,*,*,*,*,*,*,*,*,*,*,*,*,*,*,*,*,*,*,*,*,*,*,*,*,*,*,*,1,1,*,*,*,*,*,*,*,*,*,*,*,*,*,*,*
51356782,0,,,84,36,48,3,2,1,81,34,47,43,18,25,80,33,47,80,33,47,38,16,22,23,10,13,7,3,4,1,0,1,8,2,6,40,40,17,11,7,3,1,0,1,22,18,4,1,26,7,8,8
51356783,1,,51356793,148,74,74,10,3,7,140,72,68,59,33,26,134,67,67,131,65,66,81,39,42,42,18,24,14,6,8,3,0,3,2,1,1,59,59,17,21,8,10,1,1,2,43,30,13,0,51,0,15,13
51356784,0,,,50,25,25,3,3,0,47,22,25,25,11,14,47,22,25,46,22,24,22,11,11,14,6,8,6,2,4,0,0,0,0,0,0,18,18,2,8,4,2,0,2,0,16,10,6,0,13,0,1,6
51356786,0,,,121,53,68,9,1,8,112,52,60,60,24,36,111,51,60,110,51,59,52,28,24,19,6,13,7,2,5,0,0,0,0,0,0,39,39,4,15,6,6,4,3,1,35,20,15,3,36,0,2,8
51356787,0,,,552,278,274,41,20,21,510,257,253,351,170,181,502,255,247,487,247,240,159,87,72,54,26,28,13,5,8,0,0,0,5,5,0,231,231,43,113,41,19,9,4,2,186,170,16,5,108,6,15,45
51356789,0,,,77,39,38,5,4,1,72,35,37,34,18,16,71,34,37,70,33,37,38,17,21,16,6,10,1,1,0,0,0,0,0,0,0,31,31,2,19,4,5,1,0,0,29,27,2,1,24,0,2,11
51356791,0,,,106,52,54,9,6,3,97,46,51,50,25,25,95,45,50,93,44,49,47,21,26,28,12,16,12,4,8,1,0,1,0,0,0,35,35,6,11,7,5,2,2,2,29,19,10,2,30,0,6,7
51356793,2,51356783,,2,1,1,*,*,*,*,*,*,*,*,*,*,*,*,*,*,*,*,*,*,*,*,*,*,*,*,*,*,*,*,*,*,1,1,*,*,*,*,*,*,*,*,*,*,*,*,*,*,*
51356795,0,,,114,51,63,12,7,5,102,44,58,54,25,29,101,44,57,100,43,57,48,19,29,32,12,20,17,9,8,0,0,0,0,0,0,34,34,3,11,6,7,3,2,2,31,15,16,3,31,0,3,5
51356796,2,51356797,,16,8,8,*,*,*,*,*,*,*,*,*,*,*,*,*,*,*,*,*,*,*,*,*,*,*,*,*,*,*,*,*,*,3,3,*,*,*,*,*,*,*,*,*,*,*,*,*,*,*
51356797,1,,51356796,117,50,67,10,2,8,123,56,67,62,30,32,121,55,66,120,55,65,61,26,35,32,11,21,11,3,8,0,0,0,0,0,0,41,41,9,12,8,6,5,2,2,35,17,18,4,37,0,7,7
51356799,0,,,167,80,87,7,5,2,154,73,81,76,39,37,153,72,81,153,72,81,78,34,44,41,14,27,13,4,9,2,0,2,0,0,0,69,69,17,20,24,4,2,2,0,51,39,12,2,51,0,14,14
51357000,0,,,59,30,29,2,2,0,57,28,29,33,18,15,55,26,29,54,25,29,24,10,14,8,3,5,4,1,3,0,0,0,1,0,1,26,26,5,13,6,1,0,1,0,21,21,0,0,16,0,4,6
51357001,0,,,1945,928,1017,128,67,61,1802,853,949,911,470,441,1765,835,930,1735,816,919,891,383,508,508,192,316,166,47,119,14,4,10,16,10,6,939,938,389,292,131,80,35,7,4,546,462,84,31,624,43,237,161
51357010,0,,,498,238,260,21,11,10,475,226,249,234,125,109,466,220,246,458,215,243,241,101,140,123,42,81,38,11,27,2,0,2,5,1,4,236,236,92,84,24,23,6,5,2,141,113,28,3,171,0,64,41
51357011,0,,,320,148,172,22,13,9,298,135,163,142,67,75,290,133,157,287,131,156,156,68,88,89,30,59,29,11,18,6,3,3,1,1,0,153,153,55,60,21,9,4,2,2,98,86,12,5,107,1,37,30
51357020,0,,,271,126,145,31,15,16,236,108,128,139,69,70,231,106,125,228,104,124,97,39,58,43,12,31,21,4,17,2,0,2,1,1,0,129,129,50,41,18,15,5,0,0,79,68,11,8,67,6,22,21
51357052,0,,,460,223,237,85,44,41,357,168,189,252,119,133,346,160,186,344,159,185,105,49,56,59,25,34,15,7,8,0,0,0,2,1,1,202,202,70,55,37,31,9,0,0,129,127,2,22,71,4,23,27
51357053,0,,,8964,4142,4822,1446,774,672,7029,3151,3878,4778,2254,2524,6810,3035,3775,6701,2977,3724,2251,897,1354,1308,471,837,490,143,347,51,7,44,79,38,41,3880,3873,1367,1137,642,578,132,17,0,2457,2357,100,441,1456,106,533,492
51357054,0,,,8576,3793,4783,926,472,454,6989,2987,4002,4759,2105,2654,6837,2912,3925,6728,2865,3863,2230,882,1348,1244,442,802,454,125,329,51,10,41,75,39,36,4545,4540,2339,1135,586,388,81,11,0,2093,1980,113,286,1503,293,624,397
51357055,0,,,5533,2839,2694,568,277,291,4684,2414,2270,3110,1705,1405,4591,2376,2215,4493,2305,2188,1574,709,865,798,323,475,267,93,174,23,5,18,37,16,21,2910,2910,1367,819,435,232,48,8,1,1481,1405,76,238,1088,310,433,337
51357056,0,,,1008,454,554,54,29,25,843,373,470,537,249,288,815,364,451,798,356,442,306,124,182,161,57,104,38,9,29,5,1,4,16,9,7,557,555,283,173,64,27,3,2,3,262,250,12,20,204,18,74,71
51357061,0,,,162,74,88,5,3,2,157,71,86,94,39,55,156,70,86,155,70,85,63,32,31,31,17,14,10,5,5,2,1,1,1,1,0,85,85,35,30,15,4,0,1,0,49,47,2,2,43,0,16,12
51357062,0,,,9558,4408,5150,1252,669,583,7859,3520,4339,5140,2390,2750,7590,3377,4213,7445,3307,4138,2719,1130,1589,1517,567,950,537,179,358,41,12,29,64,30,34,4335,4330,1587,1303,759,534,125,15,7,2668,2561,107,359,1790,64,688,547
51357063,0,,,15680,7128,8552,2244,1128,1116,12857,5703,7154,8684,4020,4664,12299,5443,6856,11998,5293,6705,4173,1683,2490,2368,863,1505,914,273,641,101,17,84,84,39,45,6643,6634,2108,1975,1186,1083,247,26,9,4393,4229,164,581,2726,88,1032,878
51357064,0,,,12878,6122,6756,1565,836,729,10665,4944,5721,6880,3415,3465,10349,4793,5556,10097,4633,5464,3785,1529,2256,2158,800,1358,749,242,507,70,15,55,129,42,87,6263,6257,2705,1791,890,673,173,25,0,3427,3278,149,484,2531,374,1006,784
51357065,0,,,12493,5803,6690,1313,714,599,10462,4742,5720,6504,3109,3395,10130,4566,5564,9923,4459,5464,3958,1633,2325,2202,839,1363,671,219,452,55,10,45,138,55,83,5907,5900,2322,1815,938,629,166,28,2,3472,3284,188,374,2674,122,1027,816
51357066,0,,,6105,2882,3223,866,469,397,4905,2250,2655,3118,1489,1629,4753,2179,2574,4673,2134,2539,1787,761,1026,987,388,599,355,120,235,31,4,27,123,60,63,2772,2767,1069,815,434,335,97,13,4,1645,1553,92,255,1153,96,393,399
51357067,0,,,252,115,137,21,10,11,223,102,121,125,61,64,222,102,120,219,99,120,98,41,57,58,23,35,23,9,14,1,0,1,2,0,2,111,111,25,47,26,10,3,0,0,82,76,6,9,65,0,18,21
51357068,0,,,851,335,516,52,28,24,720,263,457,293,131,162,707,257,450,691,253,438,427,132,295,332,88,244,195,41,154,35,4,31,20,9,11,333,327,184,68,37,28,7,3,0,138,133,5,18,121,31,45,41
51357070,0,,,7657,3622,4035,1078,565,513,6480,2998,3482,4180,2007,2173,6310,2907,3403,6205,2854,3351,2300,991,1309,1196,459,737,397,138,259,36,9,27,52,26,26,3412,3407,1150,1056,614,463,101,16,7,2236,2126,110,348,1576,66,601,477
51357071,0,,,10015,4568,5447,1177,590,587,8567,3834,4733,5506,2590,2916,8334,3719,4615,8175,3634,4541,3061,1244,1817,1655,618,1037,545,184,361,38,7,31,102,56,46,4656,4654,1640,1571,769,545,108,16,5,2953,2839,114,343,2124,101,823,689
51357072,0,,,10992,5160,5832,1298,660,638,9251,4270,4981,6077,2882,3195,8962,4132,4830,8771,4037,4734,3174,1388,1786,1645,697,948,485,189,296,27,6,21,84,40,44,4825,4823,1496,1571,937,627,162,21,9,3228,3061,167,373,2160,75,707,727
51357073,0,,,7094,3369,3725,964,495,469,5952,2783,3169,4030,1961,2069,5739,2677,3062,5606,2611,2995,1922,822,1100,971,364,607,321,105,216,31,6,25,40,19,21,3115,3114,1050,933,550,458,102,18,3,2022,1948,74,247,1309,189,449,437
51357074,0,,,11205,5241,5964,1398,701,697,9395,4338,5057,5817,2830,2987,9119,4200,4919,8991,4135,4856,3578,1508,2070,1871,740,1131,510,175,335,41,8,33,134,62,72,5147,5142,1878,1678,778,612,161,29,6,3149,2992,157,338,2414,70,909,775
51357075,0,,,8449,3898,4551,686,368,318,7335,3303,4032,4296,2053,2243,7165,3212,3953,7062,3157,3905,3039,1250,1789,1670,631,1039,516,144,372,59,7,52,57,19,38,4196,4191,1754,1394,630,324,65,20,4,2351,2246,105,227,1968,97,766,615
51357076,0,,,9011,4314,4697,948,484,464,7746,3642,4104,5375,2620,2755,7408,3459,3949,7200,3345,3855,2371,1022,1349,1200,486,714,358,114,244,29,5,24,64,26,38,3742,3740,978,1284,742,564,138,30,4,2694,2579,115,189,1554,17,461,572
51357077,0,,,2034,929,1105,185,99,86,1752,788,964,921,446,475,1700,759,941,1666,745,921,831,342,489,473,180,293,162,48,114,24,4,20,24,13,11,881,880,275,316,155,98,31,5,0,580,545,35,47,493,12,155,173
51357078,0,,,7053,3307,3746,889,455,434,5765,2624,3141,3996,1906,2090,5574,2529,3045,5441,2468,2973,1769,718,1051,967,357,610,352,96,256,33,3,30,99,64,35,3296,3294,1283,949,571,409,71,7,4,1944,1866,78,273,1165,140,421,378
51357079,0,,,11030,4838,6192,1217,601,616,8997,3807,5190,6203,2663,3540,8760,3693,5067,8431,3610,4821,2794,1144,1650,1506,563,943,506,156,350,43,8,35,201,92,109,5528,5520,2674,1395,721,559,137,25,9,2743,2560,183,351,1903,450,733,555
51357080,0,,,10984,5211,5773,1648,844,804,9216,4299,4917,6316,3043,3273,8877,4115,4762,8647,3995,4652,2900,1256,1644,1521,631,890,440,152,288,35,4,31,49,25,24,4629,4629,1356,1395,930,740,169,32,7,3248,3088,160,458,1994,61,688,666
51357081,0,,,10255,4833,5422,1401,742,659,8719,4010,4709,5538,2673,2865,8457,3863,4594,8290,3781,4509,3181,1337,1844,1718,644,1074,590,207,383,44,9,35,67,28,39,4401,4397,1374,1397,790,648,165,22,1,3003,2880,123,401,2085,54,765,698
51357082,0,,,10968,4789,6179,950,481,469,9384,3997,5387,4929,2288,2641,9184,3898,5286,9050,3826,5224,4455,1709,2746,2709,934,1775,887,276,611,66,15,51,202,94,108,5784,5778,2745,1806,715,393,93,15,11,2917,2790,127,268,3155,50,1543,865
51357083,0,,,9252,4171,5081,796,392,404,8031,3600,4431,4791,2229,2562,7766,3482,4284,7572,3387,4185,3240,1371,1869,1689,670,1019,497,164,333,47,9,38,50,21,29,4399,4394,1662,1501,692,407,103,21,8,2638,2533,105,194,2200,137,840,720
51357084,0,,,4842,2201,2641,464,206,258,4273,1946,2327,2578,1217,1361,4148,1887,2261,4079,1859,2220,1695,729,966,843,331,512,223,72,151,9,0,9,18,6,12,2386,2385,932,801,397,180,56,19,0,1418,1352,66,113,1226,22,532,358
51357085,0,,,3028,1402,1626,302,134,168,2397,1146,1251,1584,776,808,2313,1098,1215,2261,1069,1192,813,370,443,446,194,252,141,49,92,13,3,10,14,9,5,1281,1277,446,427,200,147,45,8,4,803,756,47,90,497,61,130,208
51357086,0,,,5389,2492,2897,573,273,300,4595,2108,2487,2778,1352,1426,4396,2003,2393,4279,1937,2342,1817,756,1061,1028,416,612,326,95,231,34,0,34,61,30,31,2235,2230,638,785,408,277,89,29,4,1544,1448,96,129,1056,34,282,430
51357087,0,,,4796,2314,2482,603,289,314,3961,1905,2056,2951,1439,1512,3811,1827,1984,3697,1772,1925,1010,466,544,462,205,257,118,38,80,5,0,5,56,24,32,1963,1962,515,639,402,270,107,23,6,1386,1324,62,157,657,28,143,264
51357088,0,,,4988,2221,2767,400,188,212,4407,1950,2457,2209,1035,1174,4286,1897,2389,4199,1867,2332,2198,915,1283,1314,522,792,367,135,232,17,4,13,57,28,29,2532,2529,1039,895,333,195,56,9,2,1447,1373,74,84,1548,30,642,494
51357089,0,,,5696,2617,3079,894,438,456,4521,2029,2492,3236,1520,1716,4380,1965,2415,4270,1919,2351,1285,509,776,682,228,454,263,64,199,28,1,27,120,53,67,2522,2516,954,638,467,369,76,12,0,1514,1452,62,294,847,105,328,233
51357090,0,,,5859,2803,3056,700,365,335,4899,2306,2593,3617,1760,1857,4715,2228,2487,4580,2163,2417,1282,546,736,606,235,371,207,62,145,20,3,17,63,34,29,2590,2588,914,791,430,307,119,21,6,1627,1547,80,202,815,76,233,273
51357091,0,,,7978,3951,4027,814,429,385,6544,3208,3336,4815,2466,2349,6328,3090,3238,6130,3001,3129,1729,742,987,815,303,512,289,87,202,34,6,28,62,30,32,3970,3963,1984,907,539,383,124,24,2,1922,1834,88,204,1035,293,339,359
51357092,0,,,10019,4640,5379,799,404,395,8614,3923,4691,4948,2399,2549,8407,3823,4584,8186,3704,4482,3666,1524,2142,2037,790,1247,674,231,443,48,13,35,149,61,88,5145,5140,2422,1493,687,400,111,22,5,2636,2531,105,194,2469,201,1075,748
51357093,0,,,8367,4015,4352,1509,779,730,6564,3082,3482,4403,2140,2263,6363,2976,3387,6265,2924,3341,2161,942,1219,1221,506,715,355,139,216,26,4,22,103,50,53,3634,3633,1278,1002,588,558,179,19,9,2290,2189,101,391,1519,65,619,487
51357094,0,,,7003,3211,3792,668,356,312,6124,2742,3382,3680,1730,1950,5869,2607,3262,5699,2531,3168,2444,1012,1432,1320,518,802,456,151,305,45,12,33,65,21,44,3133,3131,1071,1073,506,363,94,19,5,2022,1938,84,127,1542,89,545,555
51357095,0,,,5694,2665,3029,914,473,441,4456,2026,2430,3598,1660,1938,4250,1929,2321,3999,1825,2174,858,366,492,404,138,266,182,49,133,30,3,27,38,11,27,2438,2434,953,553,385,406,118,17,2,1434,1377,57,205,472,255,93,193
51357096,0,,,5364,2497,2867,618,319,299,4586,2096,2490,2743,1265,1478,4432,2023,2409,4328,1960,2368,1843,831,1012,818,377,441,201,68,133,13,4,9,43,14,29,2200,2199,515,821,445,285,101,25,7,1645,1522,123,164,1153,10,285,472
51357097,0,,,2040,970,1070,182,83,99,1775,841,934,1171,601,570,1700,794,906,1638,760,878,604,240,364,360,122,238,136,36,100,24,4,20,23,8,15,823,815,250,273,142,117,24,8,1,554,516,38,50,327,21,83,128
51357098,0,,,1211,565,646,105,56,49,1043,474,569,584,274,310,1017,461,556,996,450,546,459,200,259,258,102,156,83,34,49,9,4,5,17,9,8,537,535,176,199,81,57,18,3,1,348,324,24,33,262,22,63,118
51357099,0,,,541,234,307,20,6,14,495,215,280,186,94,92,491,213,278,487,212,275,309,121,188,228,84,144,110,27,83,13,2,11,2,1,1,179,175,58,70,25,19,3,0,0,106,96,10,9,94,1,31,29
51357170,0,,,9426,4403,5023,1130,605,525,7730,3491,4239,5024,2367,2657,7529,3386,4143,7404,3330,4074,2706,1124,1582,1507,544,963,525,151,374,55,9,46,359,171,188,4747,4743,2230,1272,675,432,103,22,9,2417,2276,141,354,1877,224,849,469
51357171,0,,,3191,1583,1608,271,136,135,2626,1296,1330,1577,840,737,2558,1247,1311,2513,1223,1290,1049,456,593,557,219,338,172,52,120,16,2,14,183,95,88,1692,1691,861,456,180,133,48,8,5,765,685,80,69,757,92,346,171
51357172,0,,,25,11,14,0,0,0,21,9,12,9,6,3,21,9,12,21,9,12,12,3,9,11,2,9,5,1,4,0,0,0,2,1,1,14,14,10,2,0,1,0,0,1,4,2,2,0,8,0,4,1
51357180,0,,,14934,6847,8087,1993,1006,987,11960,5368,6592,8506,3961,4545,11560,5166,6394,11259,5030,6229,3454,1407,2047,1872,676,1196,533,165,368,36,12,24,498,223,275,7395,7392,3391,1862,1051,852,196,31,9,3823,3654,169,556,2499,456,1089,688
51357181,0,,,18021,8265,9756,1770,919,851,15034,6729,8305,9471,4534,4937,14694,6565,8129,14439,6437,8002,5563,2195,3368,3181,1075,2106,1080,317,763,87,24,63,1080,503,577,9524,9517,4774,2590,1154,732,214,43,10,4460,4146,314,472,4018,463,1960,907
51357182,0,,,5364,2624,2740,414,215,199,4319,2085,2234,2502,1334,1168,4247,2050,2197,4180,2007,2173,1817,751,1066,1030,350,680,347,95,252,31,2,29,507,229,278,2988,2984,1656,745,337,177,51,15,3,1178,1091,87,124,1317,158,701,244
51357183,0,,,7087,3350,3737,671,355,316,6045,2765,3280,3444,1723,1721,5896,2691,3205,5813,2655,3158,2601,1042,1559,1535,550,985,569,157,412,68,10,58,113,57,56,3447,3443,1452,1072,510,298,91,15,5,1879,1752,127,194,1751,73,738,432
51357184,0,,,487,229,258,69,34,35,387,179,208,286,135,151,376,176,200,371,176,195,101,44,57,59,21,38,16,6,10,2,1,1,9,5,4,229,228,97,60,31,31,7,1,1,130,128,2,20,69,11,27,19
51357190,0,,,11828,5394,6434,957,466,491,9971,4449,5522,6285,2995,3290,9728,4326,5402,9519,4219,5300,3686,1454,2232,2000,688,1312,692,214,478,48,13,35,381,169,212,6350,6343,3308,1612,762,480,143,27,11,2892,2690,202,274,2635,430,1130,625
51357191,0,,,14032,6582,7450,1489,790,699,11542,5307,6235,7986,3854,4132,11215,5145,6070,10913,5008,5905,3556,1453,2103,1857,700,1157,548,153,395,43,7,36,943,404,539,7134,7130,3441,1777,952,737,179,34,10,3459,3232,227,445,2572,467,1134,599
51357192,0,,,8299,3941,4358,640,318,322,6867,3221,3646,4375,2232,2143,6715,3142,3573,6596,3089,3507,2492,989,1503,1429,486,943,486,132,354,54,6,48,656,326,330,4721,4715,2721,1144,474,270,84,16,6,1837,1709,128,212,1736,428,861,361
51357193,0,,,9560,4692,4868,1129,595,534,7625,3642,3983,5588,2755,2833,7410,3547,3863,7264,3479,3785,2037,887,1150,1090,433,657,324,109,215,24,8,16,270,120,150,5159,5158,2764,1210,574,452,127,26,5,2234,2099,135,320,1553,462,747,344
51357194,0,,,772,399,373,86,41,45,627,320,307,408,227,181,612,313,299,608,310,298,219,93,126,125,43,82,44,11,33,3,0,3,31,15,16,411,411,217,92,55,32,13,1,1,186,169,17,25,170,23,86,29
51357196,0,,,1949,830,1119,126,74,52,1633,672,961,953,407,546,1599,657,942,1520,626,894,680,265,415,406,129,277,211,47,164,24,4,20,31,15,16,1036,1034,598,252,106,59,17,2,0,429,415,14,36,331,188,107,132
51357197,0,,,639,261,378,84,38,46,495,193,302,424,162,262,493,191,302,490,190,300,71,31,40,48,20,28,21,7,14,3,1,2,7,4,3,368,366,243,53,47,20,3,0,0,122,118,4,48,18,145,3,8
51357306,0,,,119,72,47,6,2,4,109,68,41,84,56,28,108,67,41,106,67,39,25,12,13,11,5,6,1,1,0,0,0,0,6,4,2,82,81,61,11,5,2,1,0,1,20,19,1,1,17,13,6,7
51357307,0,,,5552,2704,2848,600,315,285,4860,2328,2532,3310,1682,1628,4702,2237,2465,4544,2144,2400,1550,646,904,748,281,467,236,65,171,30,8,22,134,55,79,2533,2530,1002,684,445,290,90,15,4,1516,1423,93,153,1035,189,410,275
51357308,0,,,11925,5918,6007,1367,687,680,10171,5003,5168,7174,3691,3483,9860,4831,5029,9643,4709,4934,2997,1312,1685,1541,608,933,460,147,313,41,7,34,320,147,173,5467,5460,2226,1446,847,692,204,38,7,3193,2946,247,357,2011,310,697,534
51357309,0,,,10364,4973,5391,1024,536,488,9010,4249,4761,5851,2919,2932,8765,4133,4632,8565,4038,4527,3159,1330,1829,1678,620,1058,523,165,358,56,9,47,160,87,73,4771,4758,2176,1257,641,480,151,38,15,2545,2344,201,280,1918,276,755,467
51357315,1,,51357325,279,250,29,29,1,28,258,221,37,257,220,37,251,221,30,250,220,30,1,1,0,0,0,0,0,0,0,0,0,0,10,6,4,274,273,272,0,1,1,0,0,0,2,2,0,0,0,72,0,0
51357317,0,,,3878,2054,1824,354,194,160,3348,1755,1593,2155,1229,926,3261,1711,1550,3187,1666,1521,1193,526,667,703,273,430,230,72,158,20,4,16,81,56,25,1843,1840,922,401,240,189,68,15,5,908,829,79,95,720,158,289,181
51357318,0,,,7404,3533,3871,779,411,368,6385,2981,3404,4093,2017,2076,6253,2919,3334,6118,2850,3268,2292,964,1328,1107,407,700,295,85,210,28,7,21,231,105,126,3711,3709,1592,1146,560,302,83,22,4,2084,1967,117,266,1634,123,666,461
51357319,0,,,11460,5370,6090,1362,662,700,9644,4479,5165,6586,3257,3329,9368,4343,5025,9109,4207,4902,3058,1222,1836,1752,618,1134,594,164,430,49,6,43,273,127,146,5620,5614,2680,1363,781,575,172,33,10,2878,2699,179,413,2070,409,923,499
51357325,2,51357315,,36,0,36,*,*,*,*,*,*,*,*,*,*,*,*,*,*,*,*,*,*,*,*,*,*,*,*,*,*,*,*,*,*,2,1,*,*,*,*,*,*,*,*,*,*,*,*,*,*,*
51357326,0,,,1173,531,642,111,54,57,1036,462,574,508,267,241,999,447,552,969,426,543,528,195,333,400,134,266,232,56,176,34,2,32,25,17,8,381,377,146,104,49,58,16,4,0,230,219,11,15,135,19,41,40
51357327,0,,,11227,5536,5691,1344,699,645,9578,4660,4918,6530,3351,3179,9267,4510,4757,9047,4394,4653,3048,1309,1739,1574,621,953,410,122,288,41,9,32,322,150,172,5406,5402,2366,1468,817,541,170,34,6,3000,2890,110,387,2092,234,906,568
51357328,0,,,16642,8155,8487,2007,1038,969,14126,6834,7292,9836,5010,4826,13763,6666,7097,13503,6518,6985,4290,1824,2466,2223,845,1378,699,209,490,48,8,40,391,202,189,8260,8251,3892,2101,1209,765,224,47,13,4274,4021,253,666,2955,482,1279,732
51357329,0,,,18504,8760,9744,2053,990,1063,15729,7414,8315,10657,5230,5427,15261,7192,8069,14918,7014,7904,5072,2184,2888,2872,1095,1777,937,316,621,67,14,53,268,132,136,9235,9229,4411,2309,1223,940,279,53,14,4734,4435,299,574,3603,494,1599,880
51357334,2,51357353,,1,1,0,*,*,*,*,*,*,*,*,*,*,*,*,*,*,*,*,*,*,*,*,*,*,*,*,*,*,*,*,*,*,1,0,*,*,*,*,*,*,*,*,*,*,*,*,*,*,*
51357335,0,,,2819,1502,1317,159,81,78,2572,1375,1197,1470,828,642,2546,1366,1180,2514,1347,1167,1102,547,555,514,237,277,97,40,57,3,1,2,291,159,132,1899,1899,1264,436,133,48,16,2,0,617,587,30,59,877,119,543,183
51357336,0,,,3585,1681,1904,307,148,159,3180,1478,1702,2287,1090,1197,3046,1411,1635,2960,1370,1590,893,388,505,395,151,244,99,34,65,5,0,5,134,51,83,1733,1733,695,509,309,166,46,5,3,1029,985,44,57,653,85,256,184
51357337,0,,,3069,1531,1538,328,154,174,2651,1326,1325,2056,1046,1010,2569,1278,1291,2502,1255,1247,595,280,315,275,106,169,58,13,45,5,0,5,169,76,93,1522,1522,700,375,235,159,42,9,2,809,761,48,100,454,105,197,109
51357338,0,,,21025,10199,10826,2018,1041,977,18407,8827,9580,12079,6071,6008,17981,8591,9390,17629,8431,9198,6328,2756,3572,3354,1273,2081,952,276,676,69,11,58,567,267,300,11171,11166,5790,2762,1380,917,239,62,16,5267,4931,336,592,4674,573,2300,994
51357339,0,,,16501,7782,8719,1782,887,895,14172,6638,7534,9375,4583,4792,13763,6415,7348,13481,6268,7213,4797,2055,2742,2516,949,1567,846,255,591,64,10,54,288,131,157,8207,8203,3870,2090,1135,818,232,51,7,4269,3980,289,495,3394,336,1549,795
51357344,2,51357346,,3,3,0,*,*,*,*,*,*,*,*,*,*,*,*,*,*,*,*,*,*,*,*,*,*,*,*,*,*,*,*,*,*,3,1,*,*,*,*,*,*,*,*,*,*,*,*,*,*,*
51357345,2,51357346,,14,12,2,*,*,*,*,*,*,*,*,*,*,*,*,*,*,*,*,*,*,*,*,*,*,*,*,*,*,*,*,*,*,13,13,*,*,*,*,*,*,*,*,*,*,*,*,*,*,*
51357346,1,,51357344;51357345,54,29,25,0,0,0,71,44,27,34,27,7,71,44,27,71,44,27,37,17,20,21,7,14,4,1,3,0,0,0,4,4,0,34,34,33,11,3,0,1,0,0,14,10,4,0,27,5,15,5
51357347,0,,,4970,2301,2669,556,290,266,4389,1998,2391,2801,1395,1406,4248,1920,2328,4144,1862,2282,1588,603,985,927,308,619,303,69,234,34,3,31,147,61,86,2380,2378,1052,673,329,229,73,19,3,1313,1234,79,142,1110,76,557,234
51357348,0,,,18205,8603,9602,1891,922,969,15830,7414,8416,10475,5197,5278,15380,7189,8191,15076,7026,8050,5355,2217,3138,2801,998,1803,869,228,641,79,9,70,459,216,243,9103,9095,4181,2493,1302,820,240,41,18,4810,4487,323,511,3830,326,1720,887
51357349,0,,,17369,8176,9193,1817,936,881,15255,7107,8148,9930,4802,5128,14837,6898,7939,14559,6749,7810,5325,2305,3020,2693,1052,1641,817,273,544,46,13,33,326,153,173,8581,8576,3788,2418,1268,832,204,48,18,4695,4358,337,524,3790,322,1634,1002
51357353,1,,51357334,7553,3594,3959,689,374,315,6776,3167,3609,4004,1862,2142,6647,3107,3540,6550,3051,3499,2772,1305,1467,996,455,541,202,58,144,16,2,14,256,100,156,3478,3475,1070,1320,644,346,76,15,4,2380,2297,83,200,1826,118,466,741
51357354,0,,,6850,3115,3735,538,301,237,6222,2760,3462,3137,1441,1696,6117,2706,3411,6028,2669,3359,3085,1319,1766,1465,589,876,348,93,255,27,5,22,216,96,120,3270,3262,1231,1218,511,226,62,12,2,2016,1922,94,137,1882,60,652,667
51357357,0,,,57,48,9,0,0,0,57,48,9,36,29,7,57,48,9,56,48,8,21,19,2,5,4,1,0,0,0,0,0,0,4,4,0,57,57,57,0,0,0,0,0,0,0,0,0,0,21,10,21,0
51357358,0,,,8119,4297,3822,880,474,406,7114,3759,3355,4657,2493,2164,6902,3658,3244,6772,3581,3191,2457,1266,1191,1213,571,642,315,121,194,20,3,17,475,232,243,4240,4235,2250,1021,441,365,117,31,10,1895,1768,127,198,1796,210,971,341
51357359,0,,,20348,10365,9983,1745,877,868,17697,9031,8666,11372,5939,5433,17279,8831,8448,16993,8691,8302,6325,3092,3233,3231,1369,1862,944,326,618,66,14,52,896,424,472,11787,11776,7055,2510,1180,733,230,56,12,4480,4151,329,492,4842,695,2806,877
51357362,0,,,171,58,113,2,0,2,169,58,111,34,26,8,169,58,111,169,58,111,135,32,103,120,28,92,82,19,63,12,1,11,21,17,4,28,9,6,1,2,0,0,0,0,3,3,0,2,0,3,0,0
51357363,0,,,4817,2266,2551,637,305,332,4132,1935,2197,2676,1251,1425,4029,1885,2144,3953,1841,2112,1456,684,772,597,277,320,115,51,64,4,1,3,236,101,135,2342,2342,906,780,363,229,45,14,5,1424,1364,60,160,1052,81,415,342
51357364,0,,,1780,838,942,109,54,55,1617,755,862,798,401,397,1602,750,852,1589,741,848,819,354,465,512,192,320,247,65,182,35,2,33,105,50,55,814,810,443,229,87,44,4,3,0,358,344,14,35,311,67,130,96
51357366,0,,,4471,2125,2346,464,232,232,3941,1868,2073,2413,1228,1185,3824,1809,2015,3745,1769,1976,1528,640,888,866,317,549,299,78,221,33,1,32,81,36,45,1966,1958,763,571,319,200,79,20,6,1178,1106,72,131,940,45,385,225
51357367,0,,,8166,4075,4091,907,428,479,7142,3602,3540,4694,2500,2194,6931,3493,3438,6756,3404,3352,2448,1102,1346,1259,481,778,403,110,293,33,8,25,262,153,109,3647,3642,1445,948,611,428,163,32,15,2156,1952,204,219,1709,81,713,340
51357368,0,,,6113,3006,3107,556,306,250,5470,2659,2811,3384,1753,1631,5338,2594,2744,5226,2532,2694,2086,906,1180,1139,432,707,359,103,256,36,2,34,302,161,141,2703,2692,1106,787,413,270,84,24,8,1545,1412,133,140,1266,117,498,296
51357369,0,,,19586,10204,9382,1369,719,650,17482,9122,8360,10127,5420,4707,17167,8975,8192,16937,8853,8084,7355,3702,3653,4047,1832,2215,1163,404,759,72,11,61,1191,593,598,11697,11681,7316,2488,1040,560,184,71,22,4118,3737,381,355,5565,708,3327,915
51357373,0,,,2335,1121,1214,503,247,256,1793,855,938,1486,715,771,1734,829,905,1708,814,894,307,140,167,103,42,61,24,9,15,0,0,0,84,35,49,920,920,208,285,200,184,37,6,0,698,672,26,102,211,5,49,76
51357376,0,,,2414,1129,1285,141,69,72,2265,1056,1209,1032,533,499,2219,1028,1191,2180,1008,1172,1233,523,710,776,304,472,180,65,115,8,2,6,46,19,27,1334,1332,621,473,149,59,22,6,2,703,652,51,26,922,15,443,236
51357377,0,,,6157,3054,3103,585,301,284,5489,2716,2773,3258,1693,1565,5338,2633,2705,5240,2575,2665,2231,1023,1208,1125,453,672,322,92,230,34,5,29,132,81,51,3029,3025,1357,880,423,243,97,17,8,1640,1510,130,150,1562,66,700,361
51357378,0,,,5800,2966,2834,396,213,183,5187,2632,2555,2929,1601,1328,5079,2576,2503,4979,2513,2466,2258,1031,1227,1259,513,746,378,112,266,41,4,37,443,230,213,3029,3013,1541,848,332,210,60,19,3,1399,1291,108,108,1475,124,685,355
51357379,0,,,20532,12282,8250,934,467,467,17836,10550,7286,9684,5521,4163,17621,10434,7187,17406,10329,7077,8152,5029,3123,4334,2416,1918,1117,467,650,62,17,45,2635,1292,1343,14040,13390,9997,1967,797,435,149,29,16,3083,2745,338,271,6278,1202,4594,644
51357384,0,,,6118,2969,3149,424,240,184,5363,2544,2819,3435,1771,1664,5267,2501,2766,5198,2466,2732,1928,773,1155,1139,419,720,421,108,313,38,6,32,216,107,109,3431,3429,2030,783,354,201,45,13,3,1363,1274,89,162,1174,272,537,275
51357385,0,,,10654,5070,5584,988,513,475,9335,4365,4970,5402,2714,2688,9120,4249,4871,8931,4156,4775,3933,1651,2282,2273,869,1404,632,181,451,57,13,44,536,267,269,5583,5579,2845,1485,656,412,138,36,7,2694,2508,186,239,2816,208,1397,654
51357386,0,,,3873,1828,2045,403,205,198,3441,1603,1838,2224,1073,1151,3298,1527,1771,3188,1465,1723,1217,530,687,591,229,362,148,42,106,6,2,4,76,34,42,1695,1694,532,565,310,207,64,11,5,1152,1096,56,75,862,7,329,237
51357387,0,,,16260,7873,8387,1648,843,805,14566,7010,7556,8859,4495,4364,14177,6803,7374,13901,6657,7244,5707,2515,3192,2876,1147,1729,754,248,506,54,7,47,344,171,173,7839,7832,3299,2350,1147,728,233,59,16,4461,4123,338,454,4013,239,1756,989
51357388,0,,,5850,2811,3039,770,392,378,5027,2394,2633,3447,1714,1733,4841,2300,2541,4730,2247,2483,1580,680,900,883,323,560,314,88,226,29,5,24,527,256,271,2749,2742,1252,680,369,291,109,33,8,1450,1329,121,206,1081,203,522,228
51357389,0,,,16747,8912,7835,1002,520,482,15267,8134,7133,11768,6359,5409,15095,8052,7043,14861,7942,6919,3499,1775,1724,1843,753,1090,520,145,375,40,7,33,2552,1238,1314,12072,12062,9433,1622,605,268,84,38,12,2401,2208,193,356,2649,2933,1819,322
51357391,0,,,31,31,0,0,0,0,31,31,0,31,31,0,31,31,0,22,22,0,0,0,0,0,0,0,0,0,0,0,0,0,0,0,0,31,31,31,0,0,0,0,0,0,0,0,0,0,0,21,0,0
51357394,0,,,282,121,161,16,8,8,261,111,150,126,64,62,257,109,148,256,109,147,135,47,88,80,25,55,25,9,16,0,0,0,16,12,4,170,170,94,55,11,5,5,0,0,76,69,7,4,106,7,57,24
51357395,0,,,5249,2624,2625,481,239,242,4586,2282,2304,3108,1592,1516,4460,2206,2254,4382,2165,2217,1478,690,788,782,322,460,190,53,137,7,0,7,172,73,99,2642,2641,1287,632,373,264,64,11,10,1338,1236,102,142,1066,137,468,232
51357396,0,,,19020,9434,9586,2058,1027,1031,16085,7917,8168,11249,5726,5523,15672,7699,7973,15360,7537,7823,4836,2191,2645,2505,990,1515,737,246,491,49,14,35,587,289,298,10010,9979,5295,2206,1220,886,292,56,24,4594,4246,348,621,3535,770,1599,800
51357397,0,,,16128,7919,8209,1925,984,941,13798,6712,7086,9773,4921,4852,13369,6494,6875,13105,6361,6744,4025,1791,2234,2097,813,1284,662,202,460,61,11,50,448,240,208,8079,8071,3982,1863,1064,862,234,44,22,3984,3685,299,531,2860,703,1250,657
51357398,0,,,14838,7100,7738,1535,761,774,13162,6277,6885,9822,4868,4954,12866,6138,6728,12626,6006,6620,3340,1409,1931,1711,613,1098,529,163,366,55,7,48,608,302,306,8010,8002,4395,1782,937,662,183,35,8,3502,3271,231,489,2334,1241,971,541
51357399,0,,,22261,10764,11497,1698,900,798,19471,9320,10151,16423,7953,8470,19243,9206,10037,18929,9067,9862,3048,1367,1681,1424,549,875,408,123,285,36,11,25,2061,973,1088,15400,15394,11275,2457,1008,519,111,20,4,3879,3643,236,730,2211,3530,1121,445
51357400,0,,,9632,4361,5271,1227,578,649,8200,3694,4506,5530,2598,2932,7945,3557,4388,7755,3467,4288,2670,1096,1574,1390,537,853,371,117,254,30,4,26,182,91,91,4424,4421,1638,1347,720,537,142,29,8,2748,2583,165,278,1891,118,738,535
51357401,0,,,8888,4298,4590,1123,591,532,7419,3537,3882,5624,2749,2875,7181,3408,3773,7005,3313,3692,1795,788,1007,886,365,521,230,79,151,11,4,7,103,49,54,4068,4063,1534,1170,694,533,103,25,4,2477,2342,135,359,1197,210,378,363
51357402,0,,,11867,5679,6188,1041,549,492,10369,4866,5503,6837,3380,3457,10091,4743,5348,9819,4597,5222,3532,1486,2046,1951,752,1199,454,146,308,23,3,20,142,79,63,5776,5775,2409,1693,898,576,144,42,13,3305,3044,261,294,2521,275,912,675
51357403,0,,,6994,3358,3636,747,385,362,6035,2840,3195,3788,1882,1906,5858,2754,3104,5720,2683,3037,2247,958,1289,1264,523,741,249,80,169,18,4,14,58,31,27,3221,3220,1188,994,542,351,109,26,10,1992,1853,139,203,1542,91,557,470
51357404,0,,,5998,2873,3125,688,350,338,5220,2463,2757,3399,1685,1714,5046,2379,2667,4893,2315,2578,1821,778,1043,1095,449,646,317,95,222,39,8,31,58,42,16,2427,2424,757,718,435,341,134,30,9,1649,1472,177,173,1098,108,305,323
51357405,0,,,3768,1891,1877,404,199,205,3317,1661,1656,2362,1249,1113,3201,1595,1606,3071,1520,1551,955,412,543,517,218,299,140,50,90,17,3,14,40,24,16,1528,1524,467,427,289,242,81,15,3,1043,951,92,103,582,87,152,175
51357406,0,,,2368,1162,1206,304,162,142,2039,986,1053,1345,682,663,1966,947,1019,1916,915,1001,694,304,390,350,144,206,92,32,60,2,1,1,35,20,15,965,965,227,349,188,148,38,11,4,728,665,63,68,453,10,119,169
51357407,0,,,5101,2506,2595,631,326,305,4402,2145,2257,3057,1551,1506,4244,2064,2180,4153,2021,2132,1345,594,751,678,265,413,190,60,130,18,5,13,96,49,47,2086,2084,637,576,410,323,100,29,9,1428,1298,130,168,911,52,304,242
51357408,0,,,3313,1656,1657,437,215,222,2834,1422,1412,2016,1073,943,2681,1313,1368,2557,1223,1334,818,349,469,442,163,279,183,52,131,28,3,25,187,135,52,1283,1278,403,371,208,212,65,16,3,855,787,68,110,475,67,139,137
51357409,0,,,10684,4984,5700,1219,632,587,9339,4269,5070,5989,2898,3091,9042,4118,4924,8837,4021,4816,3350,1371,1979,1826,693,1133,488,139,349,22,3,19,141,66,75,4684,4680,1570,1459,826,603,170,47,5,3062,2863,199,350,2286,124,836,663
51357410,0,,,16402,7866,8536,1592,798,794,13866,6609,7257,10176,5036,5140,13504,6411,7093,13151,6242,6909,3690,1573,2117,1956,725,1231,575,161,414,43,6,37,512,256,256,9196,9183,5350,1904,1033,667,191,29,9,3745,3520,225,489,2603,1201,1222,553
51357411,0,,,15882,7350,8532,1721,895,826,13340,6084,7256,9308,4480,4828,13039,5935,7104,12794,5783,7011,4032,1604,2428,2131,768,1363,573,163,410,33,6,27,482,229,253,8438,8433,4349,2118,1059,683,171,38,15,4000,3747,253,578,3028,416,1499,648
51357412,0,,,5565,2762,2803,503,288,215,4891,2373,2518,2932,1546,1386,4753,2305,2448,4653,2261,2392,1959,827,1132,1133,437,696,354,109,245,38,2,36,92,49,43,2615,2610,1192,650,391,267,90,15,5,1394,1272,122,124,1227,107,514,298
51357413,0,,,2993,1449,1544,238,120,118,2605,1237,1368,1431,754,677,2553,1211,1342,2500,1182,1318,1174,483,691,779,289,490,256,75,181,35,4,31,83,50,33,1305,1294,581,352,207,109,32,12,1,697,647,50,78,564,83,195,163
51357414,0,,,1826,789,1037,169,76,93,1546,677,869,1025,482,543,1496,659,837,1462,640,822,521,195,326,302,91,211,124,20,104,20,0,20,44,18,26,739,737,258,212,139,93,28,5,2,475,434,41,52,304,25,103,74
51357415,0,,,6391,3042,3349,859,449,410,5499,2578,2921,3858,1902,1956,5295,2473,2822,5151,2411,2740,1641,676,965,902,333,569,248,78,170,18,7,11,132,60,72,2788,2784,1091,739,439,362,119,25,9,1656,1554,102,201,1084,102,494,260
51357416,0,,,5847,2737,3110,608,316,292,4951,2312,2639,3632,1776,1856,4788,2238,2550,4655,2174,2481,1319,536,783,708,249,459,223,68,155,14,2,12,175,91,84,2569,2565,980,740,431,304,85,22,3,1558,1464,94,170,866,138,323,253
51357417,0,,,2466,1228,1238,264,141,123,2168,1065,1103,1552,794,758,2091,1021,1070,2021,987,1034,616,271,345,315,130,185,88,25,63,9,1,8,68,50,18,1002,999,296,287,202,166,33,12,3,691,632,59,65,376,50,92,113
51357418,0,,,2720,1392,1328,281,153,128,2418,1229,1189,1713,928,785,2320,1172,1148,2228,1117,1111,705,301,404,371,145,226,77,28,49,2,0,2,95,63,32,1106,1098,372,318,202,131,63,10,2,717,666,51,72,505,43,177,145
51357419,0,,,7799,3782,4017,764,386,378,6890,3303,3587,4522,2286,2236,6711,3197,3514,6588,3136,3452,2368,1017,1351,1240,509,731,304,97,207,25,6,19,215,95,120,3614,3610,1344,1123,601,390,123,22,7,2231,2082,149,215,1607,136,541,505
51357420,0,,,21005,9633,11372,2142,1079,1063,18350,8311,10039,12220,5898,6322,17816,8053,9763,17403,7848,9555,6130,2413,3717,3590,1271,2319,1246,346,900,123,11,112,384,179,205,10645,10633,5325,2710,1321,938,278,49,12,5223,4944,279,601,4125,632,2035,956
51357421,0,,,20432,9463,10969,2484,1275,1209,17261,7871,9390,11945,5705,6240,16786,7629,9157,16447,7465,8982,5316,2166,3150,2906,1077,1829,956,288,668,98,12,86,521,247,274,10129,10114,4729,2652,1460,910,287,59,17,5311,5005,306,754,3685,460,1670,905
51357422,0,,,12771,6231,6540,1001,520,481,11377,5481,5896,6899,3596,3303,11135,5365,5770,10886,5231,5655,4478,1885,2593,2722,988,1734,845,236,609,55,8,47,445,220,225,6747,6726,3772,1580,736,462,128,42,6,2883,2655,228,338,2889,452,1529,561
51357423,0,,,13777,6464,7313,1529,777,752,11948,5528,6420,7502,3701,3801,11623,5362,6261,11379,5244,6135,4446,1827,2619,2675,1003,1672,836,259,577,51,9,42,421,197,224,6467,6442,2746,1896,965,584,195,46,10,3624,3398,226,431,2847,199,1210,728
51357424,0,,,12377,5810,6567,1265,647,618,10864,5063,5801,7135,3491,3644,10529,4916,5613,10287,4800,5487,3729,1572,2157,2088,799,1289,509,157,352,29,3,26,271,127,144,5871,5863,2369,1758,899,612,175,35,15,3439,3208,231,370,2604,199,1033,729
51357425,0,,,12003,5513,6490,1219,628,591,10472,4758,5714,7030,3419,3611,10169,4617,5552,9925,4494,5431,3442,1339,2103,2095,741,1354,540,166,374,24,6,18,273,132,141,5914,5907,2637,1712,793,562,166,21,16,3201,2987,214,350,2508,228,1161,636
51357426,0,,,15346,7239,8107,1611,833,778,13509,6293,7216,8329,4189,4140,13112,6100,7012,12836,5964,6872,5180,2104,3076,3269,1225,2044,918,326,592,41,13,28,364,155,209,7616,7609,3360,2220,1051,714,207,43,14,4181,3922,259,396,3800,129,1886,921
51357427,0,,,5523,2704,2819,787,413,374,4688,2260,2428,3149,1567,1582,4522,2177,2345,4403,2116,2287,1539,693,846,773,319,454,225,73,152,29,3,26,139,80,59,2225,2223,608,683,425,377,106,17,7,1594,1496,98,189,985,48,296,351
51357428,0,,,9889,4788,5101,1231,624,607,8540,4102,4438,5872,2941,2931,8254,3942,4312,8034,3817,4217,2668,1161,1507,1309,533,776,344,106,238,24,4,20,536,256,280,4194,4192,1271,1305,813,582,171,38,12,2879,2683,196,323,1808,69,578,538
51357429,0,,,8953,4208,4745,1104,561,543,7696,3565,4131,4983,2421,2562,7502,3475,4027,7342,3394,3948,2713,1144,1569,1507,599,908,413,137,276,30,6,24,136,64,72,3668,3661,1117,1161,694,511,135,31,12,2508,2332,176,397,1652,54,547,512
51357430,0,,,21001,9939,11062,2082,1096,986,17949,8374,9575,12195,6023,6172,17466,8123,9343,17104,7944,9160,5754,2351,3403,3140,1164,1976,1062,332,730,91,18,73,446,211,235,11031,11021,5746,2626,1380,931,274,51,13,5191,4863,328,615,4065,713,1850,980
51357431,0,,,7089,3346,3743,677,352,325,6063,2812,3251,4220,2030,2190,5920,2735,3185,5803,2676,3127,1843,782,1061,932,351,581,262,82,180,18,2,16,229,107,122,3936,3929,2082,999,490,281,65,7,5,1783,1683,100,229,1390,233,677,326
51357432,0,,,15057,7042,8015,1537,770,767,13003,6005,6998,8374,4089,4285,12664,5825,6839,12391,5684,6707,4629,1916,2713,2693,961,1732,998,294,704,103,12,91,287,138,149,7507,7490,3731,1792,978,719,231,27,12,3709,3452,257,474,3174,423,1526,721
51357433,0,,,18700,8621,10079,2179,1079,1100,16044,7312,8732,10665,5171,5494,15557,7066,8491,15207,6886,8321,5379,2141,3238,3157,1134,2023,901,282,619,61,10,51,501,241,260,9283,9274,4116,2670,1367,832,238,41,10,5097,4815,282,644,3843,267,1758,950
51357434,0,,,18212,8590,9622,2061,1072,989,15614,7310,8304,10791,5304,5487,15125,7027,8098,14770,6850,7920,4823,2006,2817,2704,1060,1644,672,225,447,30,5,25,411,192,219,8535,8529,3445,2431,1334,974,276,54,15,5006,4705,301,575,3444,254,1375,938
51357435,0,,,14011,6448,7563,1552,774,778,12080,5524,6556,8255,3995,4260,11706,5331,6375,11403,5175,6228,3825,1529,2296,2294,850,1444,649,201,448,31,1,30,400,191,209,6689,6681,2824,1902,1027,649,224,40,15,3802,3573,229,409,2758,204,1248,681
51357436,0,,,8438,3964,4474,1155,584,571,7069,3299,3770,4589,2251,2338,6851,3202,3649,6715,3140,3575,2480,1048,1432,1466,567,899,463,146,317,49,8,41,194,93,101,3505,3494,1199,1041,555,503,148,35,13,2256,2090,166,308,1507,70,556,433
51357437,0,,,13069,6256,6813,1655,826,829,11253,5342,5911,7923,3903,4020,10832,5127,5705,10561,4985,5576,3330,1439,1891,1686,705,981,353,128,225,17,3,14,173,85,88,5435,5435,1493,1727,1090,841,229,45,10,3879,3629,250,470,2289,123,673,736
51357438,0,,,8208,4023,4185,949,498,451,7072,3417,3655,4679,2352,2327,6851,3306,3545,6699,3233,3466,2393,1065,1328,1266,530,736,316,113,203,20,3,17,697,356,341,3626,3625,1280,1082,597,464,158,35,9,2273,2066,207,273,1656,100,590,475
51357439,0,,,9691,4656,5035,1342,700,642,8240,3902,4338,5749,2843,2906,7914,3738,4176,7666,3609,4057,2491,1059,1432,1315,539,776,349,131,218,19,4,15,139,64,75,3908,3908,1069,1125,809,650,209,32,14,2803,2620,183,407,1725,133,568,518
51357440,0,,,18342,8112,10230,2355,1196,1159,15665,6750,8915,10399,4815,5584,15242,6553,8689,14935,6406,8529,5266,1935,3331,3241,1034,2207,1466,346,1120,180,21,159,274,132,142,7971,7953,2873,2309,1450,1030,256,26,9,5025,4729,296,798,3206,227,1310,848
51357441,0,,,18149,8387,9762,2346,1195,1151,15292,6889,8403,10861,5077,5784,14824,6633,8191,14466,6460,8006,4431,1812,2619,2409,883,1526,851,236,615,75,15,60,326,162,164,8808,8795,3980,2271,1302,938,246,45,13,4733,4444,289,668,3142,594,1336,800
51357442,0,,,17588,8116,9472,1914,968,946,15129,6850,8279,10156,4764,5392,14714,6655,8059,14417,6517,7900,4973,2086,2887,2772,1071,1701,956,320,636,89,21,68,305,145,160,8623,8614,3937,2207,1289,891,244,34,12,4599,4275,324,590,3488,502,1477,881
51357443,0,,,16385,7901,8484,1753,900,853,13742,6579,7163,10177,4969,5208,13300,6358,6942,12995,6209,6786,3565,1610,1955,1824,749,1075,474,159,315,30,9,21,547,271,276,8686,8678,4591,1944,1109,761,216,42,15,3923,3666,257,510,2679,492,1303,566
51357444,0,,,16144,7753,8391,1804,924,880,13915,6643,7272,9659,4813,4846,13452,6418,7034,13124,6253,6871,4256,1830,2426,2304,890,1414,701,235,466,59,9,50,398,185,213,7638,7630,3345,1941,1158,825,284,51,26,4212,3902,310,471,2916,365,1169,789
51357445,0,,,11517,5636,5881,1029,504,525,10210,5011,5199,6691,3492,3199,9918,4872,5046,9684,4741,4943,3519,1519,2000,1754,686,1068,433,141,292,31,1,30,794,409,385,5472,5462,2337,1508,851,545,163,44,14,3062,2812,250,270,2372,324,918,643
51357446,0,,,9036,4387,4649,1620,844,776,7232,3460,3772,5458,2691,2767,7096,3398,3698,7010,3361,3649,1774,769,1005,882,358,524,238,83,155,16,2,14,229,94,135,4075,4073,1522,1137,664,592,132,20,6,2506,2413,93,537,1226,221,444,374
51357447,0,,,13875,6597,7278,1834,956,878,11773,5496,6277,8167,3971,4196,11340,5259,6081,11081,5146,5935,3606,1525,2081,1849,747,1102,481,152,329,34,6,28,250,129,121,6106,6101,2025,1865,1104,847,222,29,9,4004,3767,237,540,2484,164,896,739
51357448,0,,,13031,6077,6954,1426,723,703,11329,5203,6126,7380,3579,3801,10969,5025,5944,10737,4915,5822,3949,1624,2325,2217,866,1351,637,201,436,53,9,44,546,267,279,5654,5645,1834,1798,1061,692,193,55,12,3711,3447,264,436,2589,123,889,727
51357449,0,,,11427,5494,5933,1372,748,624,9861,4641,5220,6668,3279,3389,9567,4488,5079,9325,4381,4944,3193,1362,1831,1735,701,1034,469,159,310,29,5,24,285,156,129,5004,5001,1661,1532,921,640,191,43,13,3280,3045,235,376,2164,205,685,637
51357450,0,,,18253,8434,9819,2522,1287,1235,15376,6942,8434,10487,4973,5514,14810,6662,8148,14487,6499,7988,4889,1969,2920,2723,959,1764,961,272,689,86,13,73,357,178,179,7869,7862,2663,2240,1449,1106,339,49,16,5146,4813,333,740,3319,213,1253,942
51357451,0,,,19417,9057,10360,2290,1196,1094,16511,7515,8996,11522,5411,6111,16096,7307,8789,15785,7154,8631,4989,2104,2885,2662,1006,1656,924,279,645,60,11,49,422,199,223,9664,9648,4515,2469,1394,954,249,50,17,5038,4669,369,756,3466,686,1397,897
51357452,0,,,18124,8425,9699,2149,1097,1052,15537,7071,8466,10648,4984,5664,15125,6866,8259,14789,6698,8091,4889,2087,2802,2694,1050,1644,840,278,562,70,10,60,305,141,164,8703,8696,3754,2254,1408,976,246,43,15,4864,4540,324,697,3445,518,1437,859
51357453,0,,,12935,6161,6774,1623,829,794,10843,5115,5728,7822,3838,3984,10460,4929,5531,10198,4794,5404,3021,1277,1744,1569,594,975,435,141,294,34,6,28,420,218,202,6097,6088,2588,1587,965,710,189,39,10,3407,3166,241,493,2103,302,812,537
51357454,0,,,15177,7193,7984,1711,843,868,12839,6062,6777,8757,4328,4429,12464,5877,6587,12140,5719,6421,4082,1734,2348,2190,824,1366,659,203,456,37,11,26,665,316,349,7342,7333,3337,1843,1081,783,233,44,12,3912,3627,285,491,2798,337,1157,694
51357455,0,,,13223,6310,6913,1709,881,828,11075,5230,5845,7817,3856,3961,10711,5051,5660,10455,4924,5531,3258,1374,1884,1767,684,1083,479,151,328,35,6,29,764,359,405,6261,6252,2763,1610,913,689,218,48,11,3395,3190,205,511,2229,300,954,572
51357456,0,,,3870,1846,2024,408,200,208,3433,1627,1806,2097,1054,1043,3327,1575,1752,3250,1534,1716,1336,573,763,760,319,441,158,64,94,7,2,5,142,70,72,1709,1708,528,587,305,210,63,11,4,1169,1086,83,105,931,23,319,295
51357457,0,,,12247,5726,6521,1173,593,580,10815,4991,5824,6728,3291,3437,10509,4834,5675,10297,4716,5581,4087,1700,2387,2341,897,1444,696,213,483,50,8,42,234,103,131,5709,5702,2251,1719,875,654,142,44,17,3383,3116,267,315,2788,177,1124,715
51357458,0,,,13704,6208,7496,1599,828,771,11644,5154,6490,8360,3878,4482,11325,5009,6316,11033,4856,6177,3284,1276,2008,1828,643,1185,579,165,414,39,8,31,301,144,157,6733,6730,2921,1848,1045,720,165,21,10,3741,3497,244,524,2384,448,948,608
51357459,0,,,12515,5758,6757,1537,797,740,10758,4845,5913,7280,3426,3854,10442,4689,5753,10180,4572,5608,3478,1419,2059,1992,762,1230,544,186,358,44,13,31,248,77,171,5534,5529,1848,1721,949,793,175,33,10,3613,3344,269,496,2411,171,849,701
51357460,0,,,18686,9053,9633,1955,1021,934,16062,7675,8387,10553,5228,5325,15643,7461,8182,15284,7280,8004,5509,2447,3062,2974,1173,1801,928,289,639,50,6,44,534,283,251,9481,9467,4637,2346,1280,858,274,59,13,4680,4330,350,551,4006,547,1892,888
51357461,0,,,21655,10102,11553,2956,1467,1489,17937,8240,9697,13417,6388,7029,17378,7957,9421,16874,7683,9191,4520,1852,2668,2360,854,1506,834,260,574,60,14,46,625,294,331,10627,10618,5038,2408,1568,1247,309,38,10,5469,5133,336,878,3214,923,1379,760
51357462,0,,,19588,9146,10442,2399,1209,1190,16734,7688,9046,11764,5631,6133,16305,7462,8843,15940,7293,8647,4970,2057,2913,2814,1048,1766,992,300,692,97,9,88,546,258,288,9272,9261,4102,2310,1425,1058,300,50,16,5075,4680,395,696,3290,731,1273,825
51357463,0,,,7714,3761,3953,873,433,440,6643,3236,3407,4748,2388,2360,6476,3143,3333,6328,3071,3257,1895,848,1047,1052,436,616,301,105,196,21,3,18,500,239,261,3776,3768,1813,922,487,386,133,20,7,1900,1755,145,290,1270,328,541,314
51357464,0,,,10774,5165,5609,963,468,495,9243,4460,4783,6279,3190,3089,8996,4329,4667,8799,4232,4567,2964,1270,1694,1550,587,963,443,121,322,29,5,24,1290,645,645,5361,5349,2608,1462,678,425,129,35,12,2644,2475,169,303,1978,326,852,489
51357465,0,,,9558,4648,4910,982,511,471,8339,4015,4324,5473,2747,2726,8072,3871,4201,7867,3773,4094,2866,1268,1598,1543,640,903,348,124,224,21,7,14,701,363,338,4353,4350,1652,1299,702,475,166,43,13,2647,2473,174,267,1961,135,733,538
51357466,0,,,14614,7051,7563,1342,703,639,12791,6073,6718,7700,3908,3792,12450,5892,6558,12168,5745,6423,5091,2165,2926,3018,1230,1788,737,266,471,44,14,30,614,290,324,6973,6966,2861,2059,1071,688,225,42,20,4025,3688,337,359,3537,242,1316,946
51357467,0,,,10497,5079,5418,1264,622,642,8902,4281,4621,6338,3224,3114,8592,4119,4473,8310,3965,4345,2564,1057,1507,1418,541,877,431,145,286,32,4,28,222,123,99,4690,4683,1874,1180,745,635,198,42,9,2753,2535,218,319,1686,306,565,455
51357468,0,,,12436,5792,6644,1420,728,692,10822,4976,5846,7205,3452,3753,10476,4807,5669,10181,4648,5533,3617,1524,2093,2010,806,1204,568,183,385,35,3,32,295,124,171,5302,5295,1672,1680,949,749,197,36,12,3558,3313,245,409,2390,134,826,651
51357469,0,,,12529,5909,6620,1523,762,761,10771,5016,5755,6960,3395,3565,10413,4831,5582,10178,4720,5458,3811,1621,2190,2182,899,1283,521,182,339,27,7,20,169,91,78,5234,5232,1510,1665,990,773,241,40,13,3669,3383,286,404,2563,67,826,783
51357470,0,,,22122,15656,6466,854,429,425,18047,12280,5767,9489,6184,3305,17863,12187,5676,17732,12117,5615,8558,6096,2462,3967,2425,1542,1076,467,609,66,14,52,735,426,309,16268,13371,10554,1591,720,401,82,16,7,2706,2493,213,269,6164,450,4884,552
51357471,0,,,17785,8203,9582,1870,962,908,15120,6825,8295,11036,5227,5809,14756,6646,8110,14353,6468,7885,4084,1598,2486,2173,732,1441,795,206,589,75,7,68,770,364,406,9647,9637,5356,2107,1152,780,185,42,15,4158,3903,255,611,2788,1107,1220,679
51357472,0,,,18961,8769,10192,1694,890,804,16028,7364,8664,10199,4984,5215,15688,7195,8493,15390,7062,8328,5829,2380,3449,3234,1161,2073,1077,341,736,69,13,56,1540,762,778,9698,9689,4800,2542,1229,821,237,50,10,4767,4417,350,510,4067,725,1668,1015
51357473,0,,,13227,6311,6916,1388,724,664,11192,5306,5886,7147,3589,3558,10848,5123,5725,10600,5012,5588,4045,1717,2328,2325,902,1423,753,228,525,56,6,50,2562,1215,1347,6253,6231,2959,1539,812,617,223,64,17,3215,2947,268,381,2542,335,1016,615
51357474,0,,,12314,5872,6442,1499,792,707,10333,4865,5468,7099,3503,3596,10013,4703,5310,9790,4581,5209,3234,1362,1872,1934,710,1224,652,178,474,78,14,64,1597,785,812,5714,5698,2679,1295,836,605,229,39,15,2938,2727,211,442,1910,384,781,464
51357475,0,,,7659,3812,3847,749,376,373,6255,3081,3174,4234,2222,2012,6096,3000,3096,5909,2894,3015,2021,859,1162,1061,409,652,278,94,184,16,4,12,807,409,398,3777,3767,1884,886,498,320,131,36,12,1834,1660,174,213,1373,326,522,337
51357476,0,,,15497,7722,7775,1181,586,595,12792,6315,6477,8333,4387,3946,12465,6147,6318,12033,5893,6140,4459,1928,2531,2557,1019,1538,742,252,490,55,6,49,516,278,238,8478,8468,4777,1857,950,623,200,43,18,3621,3311,310,330,3083,745,1231,776
51357477,0,,,7749,3912,3837,775,392,383,6302,3168,3134,4255,2287,1968,6126,3081,3045,5892,2926,2966,2047,881,1166,1111,459,652,240,84,156,12,3,9,255,138,117,4092,4088,2165,955,498,301,133,27,9,1898,1788,110,195,1421,428,541,423
51357478,0,,,4559,2067,2492,495,242,253,3970,1779,2191,2284,1154,1130,3854,1712,2142,3789,1681,2108,1686,625,1061,1015,319,696,405,88,317,55,4,51,210,96,114,2154,2147,1021,554,296,175,81,16,4,1106,1020,86,139,1069,37,569,220
51357479,0,,,7649,3683,3966,674,362,312,6836,3248,3588,4055,2055,2000,6642,3149,3493,6510,3081,3429,2781,1193,1588,1544,602,942,430,147,283,34,5,29,633,318,315,3609,3604,1450,1153,526,326,103,40,6,2113,1973,140,179,1868,83,771,537
51357480,0,,,16560,9308,7252,1128,602,526,14917,8419,6498,10889,6246,4643,14701,8299,6402,14491,8211,6280,4028,2173,1855,2004,946,1058,525,190,335,36,6,30,2325,1107,1218,11696,11690,8798,1763,660,355,85,21,8,2707,2489,218,386,3259,2159,2168,444
51357481,0,,,19768,9236,10532,2738,1407,1331,16245,7421,8824,12777,5922,6855,15750,7156,8594,15321,6945,8376,3468,1499,1969,1727,661,1066,552,173,379,44,12,32,838,424,414,9884,9879,4684,2335,1481,1070,255,46,8,4952,4698,254,906,2542,986,1005,625
51357482,0,,,17096,7882,9214,1543,794,749,14624,6672,7952,9268,4528,4740,14258,6488,7770,13991,6354,7637,5356,2144,3212,3089,1084,2005,1107,318,789,109,12,97,2039,962,1077,8655,8635,4318,2167,1127,754,218,37,14,4163,3854,309,440,3591,520,1620,790
51357483,0,,,14068,6558,7510,1240,598,642,12059,5630,6429,7476,3749,3727,11724,5470,6254,11479,5331,6148,4583,1881,2702,2550,920,1630,837,228,609,93,12,81,4030,1813,2217,6815,6791,3408,1614,894,592,219,49,15,3297,3035,262,348,2833,352,1185,620
51357484,0,,,14821,7025,7796,1540,797,743,12274,5762,6512,8505,4176,4329,11983,5617,6366,11722,5483,6239,3769,1586,2183,2078,789,1289,657,205,452,59,12,47,2849,1340,1509,7807,7782,4169,1754,968,608,210,46,27,3449,3179,270,495,2660,586,1209,576
51357485,0,,,14298,6895,7403,1516,788,728,11974,5668,6306,7738,3914,3824,11663,5517,6146,11405,5387,6018,4236,1754,2482,2453,888,1565,842,233,609,103,16,87,1199,576,623,7128,7114,3554,1735,892,655,209,50,19,3457,3158,299,466,2846,373,1271,620
51357486,0,,,14373,7118,7255,1199,611,588,11470,5596,5874,7617,3921,3696,11189,5457,5732,10769,5246,5523,3853,1675,2178,2066,812,1254,580,187,393,36,7,29,474,240,234,7879,7874,4624,1518,847,622,204,46,13,3184,2926,258,315,2640,835,1021,684
51357487,0,,,7068,3580,3488,633,326,307,5682,2826,2856,3735,2017,1718,5533,2746,2787,5273,2591,2682,1947,809,1138,1111,406,705,337,82,255,44,4,40,178,98,80,3545,3537,1961,705,415,307,120,24,5,1550,1436,114,171,1124,355,395,306
51357488,0,,,11329,5556,5773,1366,701,665,9633,4660,4973,6545,3317,3228,9267,4486,4781,8988,4337,4651,3088,1343,1745,1641,691,950,436,135,301,41,8,33,200,108,92,4693,4684,1488,1411,792,696,220,61,16,3140,2885,255,361,1924,128,546,609
51357489,0,,,11961,5736,6225,1206,624,582,10432,4911,5521,6957,3408,3549,10102,4742,5360,9847,4607,5240,3475,1503,1972,1784,715,1069,452,146,306,32,4,28,287,144,143,5263,5258,1847,1542,955,650,215,34,15,3334,3073,261,371,2324,168,785,627
51357490,0,,,14348,7303,7045,837,427,410,12439,6323,6116,9620,5082,4538,12323,6261,6062,12154,6191,5963,2819,1241,1578,1367,521,846,425,131,294,35,5,30,1920,872,1048,10278,10272,7734,1586,574,277,72,20,9,2359,2173,186,326,2152,1922,1176,410
51357491,0,,,23124,10537,12587,3179,1638,1541,18629,8220,10409,14093,6423,7670,18165,7975,10190,17792,7776,10016,4536,1797,2739,2337,794,1543,790,221,569,67,9,58,1135,504,631,12047,12040,6203,2757,1621,1137,249,54,19,5606,5266,340,1015,3217,932,1378,774
51357492,0,,,18766,8714,10052,1646,875,771,15735,7160,8575,10647,5082,5565,15359,6973,8386,15039,6821,8218,5088,2078,3010,2668,942,1726,871,260,611,74,18,56,3145,1362,1783,10461,10448,5972,2312,1185,725,193,46,15,4309,3994,315,476,3574,938,1593,805
51357493,0,,,22703,11265,11438,1570,785,785,19078,9501,9577,13416,6924,6492,18718,9319,9399,18332,9126,9206,5662,2577,3085,2877,1105,1772,834,246,588,83,14,69,5282,2597,2685,14150,14133,9548,2400,1164,722,226,55,18,4386,4002,384,503,4173,2069,2189,767
51357494,0,,,20518,9925,10593,1776,909,867,17169,8233,8936,11571,5797,5774,16822,8052,8770,16528,7905,8623,5598,2436,3162,2863,1136,1727,836,269,567,67,16,51,2474,1174,1300,11735,11714,6840,2564,1236,754,244,57,19,4684,4259,425,527,4162,1072,1944,881
51357495,0,,,15211,7201,8010,1156,584,572,12900,5999,6901,8554,4167,4387,12630,5872,6758,12363,5735,6628,4346,1832,2514,2404,896,1508,807,244,563,72,15,57,716,313,403,8168,8150,4621,1794,948,578,176,22,11,3429,3124,305,378,2869,750,1235,644
51357496,0,,,14527,6928,7599,1302,655,647,12257,5742,6515,8141,3957,4184,11998,5602,6396,11676,5421,6255,4116,1785,2331,2114,804,1310,662,210,452,53,15,38,350,178,172,7943,7940,4319,1839,911,645,174,36,16,3554,3225,329,360,3023,554,1313,737
51357497,0,,,15646,7359,8287,1641,837,804,13149,6057,7092,8579,4120,4459,12822,5897,6925,12518,5744,6774,4570,1937,2633,2274,890,1384,609,182,427,56,10,46,289,139,150,7852,7831,3655,2058,1178,712,187,29,12,4106,3878,228,482,3079,484,1170,890
51357498,0,,,12964,6209,6755,1318,676,642,11102,5239,5863,7262,3621,3641,10829,5114,5715,10615,5016,5599,3840,1618,2222,2119,829,1290,515,147,368,36,5,31,190,99,91,6352,6342,2892,1705,891,622,184,34,14,3372,3133,239,355,2631,264,1099,678
51357499,0,,,15014,7312,7702,1642,864,778,12808,6135,6673,8444,4246,4198,12468,5956,6512,12199,5817,6382,4364,1889,2475,2447,987,1460,605,215,390,56,9,47,193,96,97,7202,7194,3086,1981,1042,772,248,51,14,4032,3683,349,488,3099,329,1169,787
51357500,0,,,9365,4520,4845,1194,629,565,8010,3788,4222,5574,2771,2803,7774,3659,4115,7540,3547,3993,2436,1017,1419,1318,494,824,412,124,288,28,7,21,65,35,30,3989,3983,1324,1134,749,577,157,33,9,2599,2445,154,326,1586,166,516,454
51357501,0,,,72,38,34,3,2,1,69,36,33,36,23,13,68,35,33,67,34,33,33,13,20,17,8,9,5,2,3,1,0,1,0,0,0,23,23,2,9,4,3,3,1,1,20,14,6,1,19,0,2,5
51357502,0,,,98,45,53,3,1,2,95,44,51,46,25,21,93,44,49,90,42,48,49,19,30,25,5,20,11,2,9,1,0,1,0,0,0,41,41,11,16,7,4,0,3,0,30,22,8,0,34,0,9,9
51357503,0,,,357,158,199,15,8,7,342,150,192,141,66,75,337,149,188,335,148,187,201,84,117,93,32,61,26,6,20,3,1,2,1,0,1,154,154,37,63,32,14,6,2,0,116,93,23,3,128,0,31,41
51357504,0,,,2535,1264,1271,222,103,119,2273,1137,1136,1686,869,817,2211,1101,1110,2154,1077,1077,587,268,319,285,122,163,70,24,46,7,1,6,34,14,20,1240,1239,556,320,189,129,34,9,2,666,604,62,80,402,82,133,115
51357505,0,,,4812,2354,2458,1228,650,578,3556,1688,1868,2623,1254,1369,3444,1639,1805,3390,1613,1777,933,434,499,438,218,220,107,40,67,6,1,5,20,5,15,1726,1725,344,468,331,414,138,24,6,1368,1286,82,401,598,38,141,236
51357506,0,,,3689,1768,1921,567,295,272,3097,1456,1641,2110,1027,1083,2992,1416,1576,2914,1366,1548,987,429,558,584,252,332,173,71,102,8,2,6,20,6,14,1465,1464,363,463,296,240,87,13,2,1087,980,107,170,640,41,163,209
51357507,0,,,4868,2321,2547,599,351,248,4257,1963,2294,2628,1259,1369,4077,1845,2232,3983,1799,2184,1629,704,925,853,370,483,228,77,151,18,6,12,62,31,31,2012,2010,568,691,398,246,82,14,11,1432,1298,134,124,1058,52,291,364
51357508,0,,,3174,1472,1702,283,129,154,2858,1323,1535,1515,719,796,2788,1292,1496,2738,1274,1464,1343,604,739,662,299,363,145,51,94,11,3,8,18,11,7,1344,1343,326,528,267,162,38,19,3,1015,912,103,64,842,4,202,336
51357509,0,,,1668,802,866,156,84,72,1495,707,788,902,456,446,1462,688,774,1418,662,756,593,251,342,316,127,189,82,25,57,4,0,4,4,1,3,675,675,181,213,130,106,31,7,7,491,416,75,30,398,3,104,113
51357510,0,,,7913,3793,4120,896,472,424,6925,3264,3661,4767,2319,2448,6745,3185,3560,6589,3103,3486,2158,945,1213,1149,499,650,241,90,151,16,5,11,96,40,56,3482,3481,1096,1142,657,421,134,19,12,2340,2183,157,260,1482,131,447,485
51357514,0,,,2825,1375,1450,282,147,135,2526,1218,1308,1724,851,873,2452,1172,1280,2372,1131,1241,802,367,435,370,181,189,80,23,57,5,0,5,18,10,8,1260,1259,415,402,232,162,37,7,4,831,758,73,89,522,67,139,192
51357515,0,,,4496,2122,2374,511,276,235,3923,1812,2111,2693,1312,1381,3819,1754,2065,3727,1707,2020,1230,500,730,663,242,421,220,66,154,16,3,13,34,17,17,2017,2014,739,599,341,254,64,14,3,1256,1139,117,178,826,68,309,213
51357516,0,,,6346,2898,3448,757,386,371,5428,2417,3011,3902,1789,2113,5276,2347,2929,5169,2295,2874,1526,628,898,827,297,530,248,69,179,10,3,7,83,43,40,3121,3121,1331,880,519,297,64,24,6,1757,1618,139,274,1080,226,387,298
51357517,0,,,1682,818,864,254,135,119,1420,682,738,945,469,476,1373,653,720,1346,638,708,475,213,262,256,118,138,60,25,35,5,1,4,12,7,5,652,650,139,227,138,97,31,9,9,506,460,46,74,297,12,63,107
51357518,0,,,2419,1156,1263,334,185,149,2076,967,1109,1216,572,644,2027,943,1084,1995,927,1068,860,395,465,472,226,246,111,44,67,5,2,3,4,3,1,960,960,182,379,194,150,42,6,7,774,703,71,91,543,9,108,225
51357519,0,,,1563,737,826,241,129,112,1319,607,712,847,411,436,1279,585,694,1259,572,687,472,196,276,265,103,162,85,22,63,8,2,6,12,8,4,578,577,122,193,108,111,29,10,4,450,407,43,62,278,7,58,91
51357520,1,,51357521,5523,2598,2925,585,265,320,4872,2298,2574,3080,1506,1574,4738,2232,2506,4645,2188,2457,1792,792,1000,819,344,475,164,60,104,6,1,5,50,25,25,2370,2370,688,787,477,311,76,24,9,1661,1519,142,196,1214,44,370,378
51357521,2,51357520,,2,1,1,*,*,*,*,*,*,*,*,*,*,*,*,*,*,*,*,*,*,*,*,*,*,*,*,*,*,*,*,*,*,2,2,*,*,*,*,*,*,*,*,*,*,*,*,*,*,*
51357522,0,,,56,12,44,0,0,0,56,12,44,5,2,3,56,12,44,56,12,44,51,10,41,45,8,37,34,6,28,7,0,7,0,0,0,5,4,1,2,1,0,0,0,0,3,3,0,0,3,0,1,0
51357523,1,,51357533,282,109,173,7,3,4,279,108,171,92,43,49,278,108,170,278,108,170,187,65,122,129,35,94,63,12,51,9,0,9,8,2,6,100,98,40,37,13,7,3,0,0,59,50,9,1,68,2,22,22
51357524,0,,,1895,818,1077,166,79,87,1728,738,990,737,368,369,1707,725,982,1682,718,964,991,370,621,628,212,416,252,61,191,27,8,19,7,2,5,431,419,57,184,91,70,10,6,1,360,336,24,46,229,1,36,116
51357525,0,,,4387,2009,2378,609,300,309,3758,1700,2058,2380,1099,1281,3631,1640,1991,3549,1591,1958,1378,601,777,709,304,405,209,67,142,13,3,10,24,12,12,1769,1764,448,603,322,274,90,18,9,1305,1199,106,139,875,93,217,334
51357526,0,,,5629,2666,2963,627,332,295,4985,2324,2661,3026,1476,1550,4866,2265,2601,4760,2209,2551,1959,848,1111,969,407,562,295,93,202,20,4,16,32,14,18,2368,2364,609,863,487,299,86,18,2,1734,1612,122,188,1219,43,320,461
51357527,0,,,4368,2029,2339,632,307,325,3725,1716,2009,2455,1170,1285,3606,1656,1950,3532,1623,1909,1270,546,724,682,279,403,230,74,156,21,6,15,18,9,9,1706,1704,386,570,356,284,84,20,4,1305,1194,111,163,783,21,208,276
51357528,0,,,4773,2275,2498,699,366,333,4039,1893,2146,2741,1324,1417,3879,1819,2060,3796,1777,2019,1298,569,729,667,283,384,177,56,121,15,1,14,53,31,22,1917,1916,467,627,396,311,96,15,4,1435,1324,111,191,861,32,222,299
51357529,0,,,3073,1442,1631,358,176,182,2657,1247,1410,1736,843,893,2574,1205,1369,2529,1184,1345,921,404,517,490,207,283,141,56,85,11,5,6,30,21,9,1349,1348,425,436,255,178,44,9,1,915,847,68,105,613,47,179,202
51357530,0,,,8887,4274,4613,1260,639,621,7507,3571,3936,5309,2606,2703,7210,3435,3775,7018,3335,3683,2198,965,1233,1113,473,640,267,92,175,27,1,26,108,56,52,3561,3559,976,1056,694,598,182,47,6,2539,2365,174,318,1433,92,442,472
51357531,0,,,317,156,161,52,23,29,264,133,131,211,108,103,246,125,121,237,119,118,53,25,28,20,8,12,5,2,3,0,0,0,6,3,3,109,109,15,33,20,30,10,1,0,94,86,8,11,35,1,5,8
51357533,2,51357523,,4,2,2,*,*,*,*,*,*,*,*,*,*,*,*,*,*,*,*,*,*,*,*,*,*,*,*,*,*,*,*,*,*,2,2,*,*,*,*,*,*,*,*,*,*,*,*,*,*,*
51357534,0,,,100,44,56,17,10,7,83,34,49,77,31,46,82,33,49,50,23,27,6,3,3,2,1,1,2,1,1,0,0,0,1,0,1,18,17,1,6,2,7,0,1,0,16,16,0,3,4,0,0,2
51357535,0,,,1935,931,1004,510,261,249,1421,668,753,1092,527,565,1329,619,710,1284,598,686,329,141,188,166,65,101,42,9,33,4,0,4,9,3,6,611,609,57,162,131,186,62,4,7,551,522,29,140,192,1,33,90
51357536,0,,,4656,2136,2520,408,209,199,4237,1920,2317,2274,1067,1207,4109,1847,2262,4031,1812,2219,1963,853,1110,1140,509,631,275,98,177,18,4,14,20,9,11,1954,1954,424,798,402,245,70,8,7,1520,1389,131,101,1250,7,312,490
51357537,0,,,2159,1003,1156,210,105,105,1941,894,1047,1272,603,669,1888,867,1021,1838,842,996,669,291,378,338,141,197,75,22,53,5,1,4,12,5,7,865,865,193,305,188,123,40,13,3,666,597,69,42,447,2,130,137
51357538,0,,,2458,1115,1343,337,159,178,2120,955,1165,1235,591,644,2045,916,1129,2004,899,1105,885,364,521,516,193,323,170,51,119,14,3,11,6,1,5,910,907,187,320,170,154,56,16,4,714,641,73,81,518,9,131,190
51357539,0,,,3909,1883,2026,622,327,295,3272,1548,1724,2255,1091,1164,3153,1504,1649,3078,1467,1611,1017,457,560,484,224,260,101,42,59,5,2,3,32,11,21,1492,1490,299,495,348,244,79,20,5,1181,1088,93,174,663,28,148,226
51357540,0,,,8163,3788,4375,1091,525,566,6979,3216,3763,4652,2243,2409,6750,3104,3646,6610,3031,3579,2327,973,1354,1277,495,782,397,117,280,38,10,28,90,51,39,3293,3286,921,990,664,533,139,30,9,2337,2149,188,316,1470,57,462,420
51357541,0,,,3007,1456,1551,317,152,165,2627,1273,1354,1673,862,811,2549,1235,1314,2495,1210,1285,954,411,543,502,206,296,120,45,75,2,0,2,39,21,18,1256,1256,351,411,238,181,59,12,4,890,803,87,86,650,18,170,202
51357542,2,51357543,,8,3,5,*,*,*,*,*,*,*,*,*,*,*,*,*,*,*,*,*,*,*,*,*,*,*,*,*,*,*,*,*,*,3,3,*,*,*,*,*,*,*,*,*,*,*,*,*,*,*
51357543,1,,51357542,154,71,83,18,9,9,144,65,79,73,32,41,143,65,78,138,63,75,71,33,38,35,15,20,13,4,9,2,1,1,0,0,0,54,54,10,19,15,6,2,2,3,47,33,14,5,45,0,9,12
51357544,0,,,216,89,127,11,4,7,205,85,120,77,39,38,204,84,120,200,82,118,128,46,82,87,22,65,59,11,48,2,0,2,0,0,0,53,50,9,13,9,9,8,2,0,41,26,15,2,39,0,6,7
51357545,0,,,857,396,461,65,29,36,792,367,425,444,218,226,764,353,411,753,345,408,348,149,199,177,72,105,38,13,25,3,1,2,2,2,0,340,339,80,115,77,34,24,7,2,258,193,65,18,238,1,59,64
51357546,0,,,1639,750,889,144,74,70,1485,670,815,806,392,414,1446,649,797,1426,638,788,679,278,401,387,160,227,106,31,75,18,2,16,2,1,1,681,680,188,250,127,67,35,10,3,490,425,65,38,420,4,125,150
51357548,0,,,41,18,23,4,2,2,37,16,21,18,9,9,37,16,21,37,16,21,19,7,12,8,2,6,3,1,2,0,0,0,0,0,0,15,15,2,6,2,4,1,0,0,13,8,5,1,12,0,2,4
51357549,0,,,329,159,170,24,8,16,305,151,154,167,86,81,301,149,152,296,147,149,138,65,73,69,31,38,13,7,6,0,0,0,5,2,3,135,135,29,54,27,17,5,3,0,105,85,20,6,90,0,19,32
51357550,0,,,6450,3070,3380,667,349,318,5672,2664,3008,3733,1816,1917,5471,2554,2917,5304,2471,2833,1939,848,1091,1061,465,596,207,80,127,16,6,10,95,47,48,2759,2757,861,846,521,378,126,20,5,1863,1737,126,160,1320,43,456,406
51357551,0,,,2504,1101,1403,181,93,88,2289,985,1304,1179,559,620,2222,952,1270,2174,930,1244,1110,426,684,695,224,471,295,62,233,36,3,33,25,12,13,897,889,246,297,148,123,49,18,8,632,518,114,36,561,16,149,177
51357553,0,,,58,30,28,2,1,1,56,29,27,38,21,17,55,28,27,54,27,27,18,8,10,13,5,8,6,2,4,1,0,1,0,0,0,18,18,2,7,2,3,2,1,1,16,8,8,0,14,0,1,1
51357554,0,,,50,21,29,3,1,2,47,20,27,30,12,18,44,19,25,43,18,25,17,8,9,9,2,7,3,0,3,1,0,1,2,0,2,17,17,4,3,6,0,2,2,0,12,8,4,0,13,0,3,1
51357555,0,,,1277,592,685,119,65,54,1158,527,631,658,304,354,1118,507,611,1098,500,598,500,223,277,279,115,164,89,34,55,2,1,1,10,4,6,508,507,104,195,107,65,25,8,3,401,352,49,27,328,6,73,122
51357556,0,,,2385,1109,1276,248,113,135,2129,992,1137,1308,627,681,2067,959,1108,2026,934,1092,821,365,456,420,172,248,108,40,68,3,0,3,8,3,5,970,970,218,363,189,151,33,8,8,746,665,81,72,553,21,124,188
51357557,0,,,51,22,29,3,1,2,48,21,27,22,11,11,48,21,27,46,19,27,26,10,16,11,4,7,5,0,5,1,0,1,0,0,0,20,20,7,6,3,1,1,0,2,13,10,3,1,18,0,6,5
51357558,0,,,49,28,21,1,1,0,48,27,21,23,16,7,46,25,21,46,25,21,25,11,14,10,3,7,4,0,4,0,0,0,0,0,0,17,17,1,6,6,2,2,0,0,16,11,5,0,14,0,0,5
51357559,0,,,1438,706,732,110,54,56,1326,650,676,850,455,395,1292,635,657,1272,623,649,476,195,281,248,99,149,78,25,53,8,0,8,5,1,4,455,447,95,167,90,65,22,5,3,347,312,35,28,244,1,50,92
51357560,0,,,4405,2154,2251,473,241,232,3844,1863,1981,2498,1265,1233,3721,1800,1921,3641,1758,1883,1346,598,748,672,297,375,122,51,71,4,0,4,140,88,52,1957,1954,706,573,361,207,77,20,10,1225,1143,82,132,906,77,300,288
51357561,0,,,1841,889,952,112,49,63,1688,813,875,976,512,464,1643,795,848,1598,769,829,712,301,411,414,161,253,135,29,106,17,1,16,17,7,10,726,712,249,196,109,106,29,20,3,458,376,82,18,411,26,116,115
51357562,0,,,119,61,58,10,7,3,104,52,52,51,26,25,99,50,49,97,49,48,53,26,27,29,15,14,7,3,4,0,0,0,0,0,0,45,45,8,20,7,6,1,2,1,36,26,10,0,33,0,6,14
51357563,0,,,47,25,22,3,2,1,44,23,21,27,15,12,42,22,20,41,22,19,17,8,9,11,6,5,2,2,0,0,0,0,0,0,0,16,16,1,6,5,1,3,0,0,15,9,6,2,12,0,0,3
51357564,0,,,65,31,34,0,0,0,65,31,34,33,17,16,62,30,32,60,29,31,32,14,18,20,9,11,5,2,3,0,0,0,0,0,0,26,26,6,9,6,2,3,0,0,20,15,5,0,20,0,4,7
51357565,0,,,2478,1177,1301,217,108,109,2255,1067,1188,1158,546,612,2184,1032,1152,2142,1012,1130,1097,521,576,514,268,246,101,44,57,3,0,3,15,10,5,1005,1005,164,465,196,120,51,6,3,837,763,74,34,678,1,118,306
51357566,0,,,1380,637,743,125,67,58,1255,570,685,669,330,339,1215,547,668,1184,534,650,586,240,346,378,140,238,167,42,125,17,2,15,12,9,3,502,499,90,214,90,77,24,3,1,406,371,35,30,279,9,49,125
51357568,2,51357569,,1,1,0,*,*,*,*,*,*,*,*,*,*,*,*,*,*,*,*,*,*,*,*,*,*,*,*,*,*,*,*,*,*,1,1,*,*,*,*,*,*,*,*,*,*,*,*,*,*,*
51357569,1,,51357568,5366,2580,2786,513,255,258,4827,2311,2516,2780,1369,1411,4668,2229,2439,4563,2170,2393,2047,942,1105,940,442,498,195,73,122,25,4,21,12,4,8,2129,2127,419,859,427,285,98,30,10,1699,1554,145,118,1244,18,237,521
51357570,0,,,2396,1206,1190,279,160,119,1991,979,1012,1391,720,671,1905,938,967,1847,910,937,600,259,341,293,114,179,76,23,53,4,1,3,27,12,15,1018,1016,378,272,179,124,50,8,5,632,583,49,82,344,18,86,114
51357571,0,,,4688,2262,2426,497,260,237,4030,1904,2126,2615,1300,1315,3908,1849,2059,3816,1800,2016,1415,604,811,777,278,499,271,70,201,31,3,28,41,22,19,1944,1934,707,545,343,234,74,22,9,1210,1094,116,130,788,65,232,238
51357572,0,,,49,26,23,2,1,1,45,24,21,25,13,12,45,24,21,45,24,21,20,11,9,10,6,4,1,1,0,0,0,0,0,0,0,24,24,8,10,4,1,1,0,0,16,16,0,1,12,0,3,7
51357574,0,,,28,13,15,0,0,0,28,13,15,13,7,6,28,13,15,27,12,15,15,6,9,10,2,8,5,0,5,0,0,0,0,0,0,15,15,6,5,4,0,0,0,0,9,6,3,0,13,0,6,1
51357575,0,,,1785,829,956,143,69,74,1638,757,881,798,386,412,1590,732,858,1562,718,844,840,371,469,471,222,249,82,30,52,5,2,3,13,4,9,759,759,154,356,122,92,26,8,1,603,564,39,29,526,0,121,239
51357576,0,,,2786,1332,1454,335,190,145,2441,1138,1303,1630,759,871,2342,1089,1253,2272,1059,1213,811,379,432,377,173,204,90,28,62,8,1,7,3,2,1,1084,1084,191,416,225,190,47,14,1,882,812,70,96,526,14,111,205
51357577,0,,,761,388,373,185,105,80,576,283,293,473,231,242,556,273,283,547,267,280,103,52,51,31,15,16,9,2,7,0,0,0,20,9,11,257,257,15,83,76,66,14,3,0,242,231,11,75,67,1,7,25
51357578,0,,,51,25,26,6,4,2,45,21,24,24,11,13,45,21,24,45,21,24,21,10,11,14,7,7,6,3,3,0,0,0,0,0,0,15,15,3,3,3,3,1,1,1,12,6,6,2,13,0,2,2
51357579,0,,,1977,942,1035,214,103,111,1762,838,924,914,456,458,1706,809,897,1671,789,882,848,382,466,471,214,257,104,43,61,5,0,5,7,5,2,776,776,132,336,144,102,44,13,5,640,568,72,55,519,7,92,220
51357580,0,,,8315,4034,4281,980,487,493,7098,3405,3693,4672,2369,2303,6887,3296,3591,6723,3212,3511,2426,1036,1390,1404,566,838,352,110,242,35,6,29,99,45,54,3507,3501,1156,1069,605,455,169,37,10,2307,2133,174,268,1481,77,418,477
51357581,0,,,12543,6021,6522,1169,580,589,10925,5186,5739,6801,3459,3342,10612,5020,5592,10394,4908,5486,4124,1727,2397,2296,892,1404,648,187,461,38,11,27,93,40,53,5576,5558,2060,1675,953,596,209,54,11,3444,3188,256,300,2617,84,895,746
51357582,0,,,1296,630,666,197,115,82,1065,499,566,624,322,302,1031,482,549,1018,474,544,441,177,264,253,93,160,90,18,72,17,0,17,8,3,5,445,440,101,161,85,59,27,2,5,328,304,24,35,186,4,28,80
51357584,0,,,35,19,16,0,0,0,35,19,16,21,13,8,34,18,16,33,17,16,14,6,8,7,2,5,3,1,2,0,0,0,0,0,0,14,14,3,4,5,1,1,0,0,10,9,1,0,10,0,2,3
51357585,0,,,56,28,28,2,2,0,54,26,28,30,14,16,53,25,28,52,24,28,24,12,12,14,7,7,4,3,1,0,0,0,0,0,0,22,22,3,9,7,2,0,1,0,18,17,1,0,15,0,2,5
51357586,0,,,2588,1189,1399,247,137,110,2338,1051,1287,1376,649,727,2269,1023,1246,2221,999,1222,962,402,560,460,175,285,132,30,102,17,0,17,16,4,12,1084,1081,276,411,210,143,33,7,1,800,751,49,72,594,18,163,227
51357587,0,,,874,390,484,65,33,32,809,357,452,373,177,196,795,350,445,786,346,440,436,180,256,247,104,143,87,19,68,10,2,8,2,1,1,346,343,73,139,78,40,10,3,0,270,244,26,10,229,2,53,100
51357589,0,,,339,150,189,26,12,14,313,138,175,165,83,82,306,133,173,298,128,170,148,55,93,69,24,45,25,3,22,2,1,1,0,0,0,126,125,23,48,27,17,5,3,2,101,82,19,8,89,1,18,27
51357590,0,,,13883,6596,7287,1379,694,685,12050,5630,6420,7677,3764,3913,11744,5474,6270,11522,5365,6157,4373,1866,2507,2401,1006,1395,562,209,353,32,9,23,225,112,113,6520,6510,2595,1906,1076,668,202,47,16,3840,3549,291,444,3019,212,1117,822
51357591,0,,,10907,5162,5745,1012,546,466,9403,4340,5063,5904,2894,3010,9143,4200,4943,8968,4092,4876,3499,1446,2053,1955,753,1202,507,177,330,25,6,19,118,52,66,5328,5323,2294,1503,790,552,147,29,8,2962,2722,240,285,2465,195,971,663
51357592,0,,,314,148,166,37,14,23,272,131,141,194,98,96,263,127,136,258,127,131,78,33,45,31,15,16,3,0,3,0,0,0,7,2,5,126,126,35,36,27,18,7,2,1,90,83,7,9,52,1,14,11
51357593,0,,,36,19,17,1,0,1,35,19,16,19,10,9,35,19,16,34,18,16,16,9,7,8,5,3,5,3,2,1,0,1,0,0,0,12,12,2,4,1,3,1,1,0,10,8,2,0,9,0,2,4
51357595,0,,,139,69,70,29,16,13,110,53,57,85,42,43,99,47,52,96,44,52,25,11,14,7,2,5,3,1,2,2,1,1,0,0,0,44,44,9,8,5,14,5,3,0,35,31,4,5,18,0,6,6
51357596,0,,,3724,1747,1977,443,208,235,3263,1531,1732,2302,1093,1209,3155,1473,1682,3077,1427,1650,961,438,523,451,201,250,117,34,83,8,1,7,23,6,17,1523,1523,385,494,320,249,58,14,3,1129,1034,95,106,640,84,140,212
51357597,0,,,2255,1089,1166,449,232,217,1803,855,948,1322,647,675,1687,793,894,1636,767,869,481,208,273,270,105,165,119,29,90,21,2,19,14,6,8,732,729,107,189,150,203,68,12,0,619,588,31,86,242,7,50,93
51357598,0,,,21,7,14,0,0,0,21,7,14,12,5,7,21,7,14,21,7,14,9,2,7,6,1,5,3,0,3,0,0,0,0,0,0,7,7,2,1,2,0,1,1,0,5,1,4,0,5,0,0,1
51357599,0,,,175,76,99,14,5,9,160,70,90,85,37,48,152,69,83,149,68,81,75,33,42,31,17,14,7,4,3,2,1,1,0,0,0,71,71,14,30,14,10,2,0,1,57,52,5,3,48,0,11,22
51357600,0,,,287,132,155,20,7,13,267,125,142,140,64,76,258,122,136,254,120,134,127,61,66,57,26,31,18,8,10,2,1,1,1,1,0,111,111,18,51,19,11,9,1,2,93,74,19,3,81,1,13,33
51357601,0,,,752,376,376,79,42,37,673,334,339,409,214,195,652,321,331,639,314,325,264,120,144,130,56,74,33,8,25,0,0,0,23,21,2,302,302,75,106,62,30,20,6,3,225,186,39,18,172,8,36,60
51357602,0,,,3769,1834,1935,512,261,251,3244,1563,1681,2063,1015,1048,3117,1502,1615,3037,1457,1580,1181,548,633,654,318,336,171,80,91,14,4,10,99,55,44,1447,1446,333,466,275,256,91,18,7,1106,999,107,127,716,52,158,276
51357603,0,,,1862,888,974,187,102,85,1656,773,883,1010,494,516,1617,754,863,1587,741,846,646,279,367,302,126,176,81,25,56,7,2,5,44,26,18,817,817,278,256,140,89,36,13,5,525,451,74,57,442,27,144,117
51357604,0,,,351,178,173,35,20,15,314,157,157,211,113,98,306,152,154,298,149,149,103,44,59,59,25,34,13,3,10,1,1,0,0,0,0,101,99,25,23,17,17,7,6,4,74,48,26,10,64,2,14,11
51357605,0,,,2246,1124,1122,359,192,167,1868,920,948,1342,678,664,1766,864,902,1710,836,874,526,242,284,277,130,147,76,39,37,5,2,3,11,4,7,777,775,147,218,139,174,67,19,11,627,527,100,79,326,13,54,95
51357606,0,,,2215,1132,1083,289,138,151,1896,979,917,1462,775,687,1827,938,889,1774,902,872,434,204,230,225,101,124,69,29,40,10,3,7,14,7,7,935,930,344,214,168,127,48,22,7,578,517,61,84,293,67,70,69
51357607,0,,,1040,526,514,159,82,77,843,424,419,576,316,260,766,357,409,733,333,400,267,108,159,139,47,92,43,9,34,5,0,5,13,7,6,432,427,189,102,51,40,32,7,6,232,203,29,39,171,43,55,45
51357608,0,,,53,22,31,7,3,4,46,19,27,19,7,12,45,19,26,45,19,26,27,12,15,15,6,9,6,1,5,2,0,2,0,0,0,17,17,1,5,5,4,1,1,0,16,9,7,2,14,0,1,4
51357610,0,,,501,242,259,27,13,14,474,229,245,278,141,137,462,223,239,454,218,236,196,88,108,79,29,50,24,4,20,0,0,0,1,1,0,203,203,39,84,42,26,9,2,1,164,146,18,10,128,2,27,45
51357611,0,,,551,273,278,40,26,14,511,247,264,293,151,142,499,239,260,491,234,257,218,96,122,112,43,69,43,10,33,3,0,3,0,0,0,204,204,42,70,39,27,17,4,5,161,123,38,8,140,0,29,38
51357612,0,,,166,75,91,13,7,6,153,68,85,82,39,43,148,66,82,146,64,82,71,29,42,33,9,24,16,4,12,1,0,1,0,0,0,50,49,6,10,14,11,4,3,1,43,28,15,4,42,0,5,6
51357613,0,,,1385,675,710,180,95,85,1178,566,612,814,416,398,1141,544,597,1115,528,587,364,150,214,200,76,124,60,17,43,6,1,5,15,6,9,527,527,149,133,95,92,41,10,7,372,300,72,45,237,15,55,61
51357614,0,,,1634,773,861,173,94,79,1448,675,773,1034,491,543,1403,655,748,1367,635,732,414,184,230,188,83,105,46,16,30,6,1,5,5,2,3,683,683,189,217,150,92,19,14,2,486,432,54,47,279,5,84,86
51357615,0,,,5664,2769,2895,900,473,427,4625,2227,2398,3586,1768,1818,4429,2121,2308,4264,2046,2218,1039,459,580,496,211,285,139,51,88,13,3,10,30,17,13,2274,2271,726,566,398,388,144,37,12,1519,1370,149,235,703,127,176,210
51357616,0,,,5025,2499,2526,487,251,236,4353,2162,2191,3171,1638,1533,4248,2110,2138,3954,1955,1999,1182,524,658,623,250,373,213,77,136,17,3,14,97,43,54,2542,2475,1407,483,249,205,73,33,25,1045,894,151,127,793,410,288,196
51357617,0,,,1543,786,757,124,67,57,1389,702,687,1151,581,570,989,532,457,836,466,370,238,121,117,128,65,63,47,22,25,3,1,2,19,9,10,450,434,210,88,67,37,20,6,6,219,186,33,37,159,63,45,45
51357618,0,,,285,135,150,21,10,11,262,123,139,139,68,71,255,120,135,247,116,131,123,55,68,63,27,36,20,8,12,3,1,2,1,0,1,113,110,36,31,18,12,9,2,2,72,53,19,7,68,6,14,22
51357619,0,,,67,34,33,2,2,0,65,32,33,35,19,16,64,31,33,64,31,33,30,13,17,16,5,11,6,1,5,0,0,0,0,0,0,25,25,4,9,6,5,0,0,1,21,18,3,0,18,0,3,5
51357620,0,,,2336,1094,1242,179,81,98,2152,1010,1142,1226,590,636,2110,991,1119,2076,973,1103,926,420,506,407,170,237,100,33,67,9,0,9,40,20,20,952,951,212,366,190,130,35,15,3,728,645,83,40,589,18,124,205
51357621,0,,,1698,724,974,149,69,80,1284,589,695,762,380,382,1252,571,681,1228,559,669,522,209,313,292,94,198,128,27,101,16,2,14,13,8,5,552,550,151,170,101,96,21,7,4,396,342,54,42,283,37,64,80
51357622,0,,,2262,1072,1190,310,157,153,1927,904,1023,1360,670,690,1847,868,979,1797,842,955,567,234,333,312,111,201,123,34,89,23,3,20,37,21,16,889,887,256,250,165,151,53,7,5,625,554,71,72,337,22,84,93
51357623,0,,,2373,1185,1188,359,188,171,2003,989,1014,1408,728,680,1946,955,991,1904,932,972,595,261,334,295,117,178,78,25,53,4,1,3,45,26,19,948,948,262,273,184,158,52,15,4,675,599,76,113,389,37,99,127
51357624,0,,,2915,1398,1517,378,183,195,2529,1210,1319,1781,871,910,2428,1161,1267,2350,1117,1233,748,339,409,346,143,203,83,33,50,5,2,3,20,5,15,1088,1088,197,369,239,190,65,21,7,881,793,88,94,487,24,79,165
51357625,0,,,5023,2600,2423,630,325,305,4290,2217,2073,3497,1875,1622,4135,2137,1998,3925,2006,1919,793,342,451,375,162,213,118,46,72,12,1,11,47,29,18,2117,2108,821,500,366,285,92,29,15,1270,1166,104,164,536,228,167,158
51357626,0,,,4264,1913,2351,587,299,288,3591,1564,2027,2753,1186,1567,3336,1522,1814,3137,1457,1680,838,378,460,438,180,258,139,53,86,10,0,10,56,27,29,1827,1771,886,375,171,179,95,39,26,869,741,128,194,575,298,193,151
51357627,0,,,1505,938,567,137,78,59,1362,858,504,1128,758,370,1056,560,496,891,425,466,234,100,134,121,43,78,51,15,36,2,0,2,7,2,5,575,561,373,85,27,34,15,13,14,187,142,45,34,151,233,34,42
51357628,0,,,701,259,442,45,21,24,639,231,408,528,181,347,517,228,289,427,218,209,111,50,61,64,27,37,11,2,9,0,0,0,15,9,6,284,269,164,55,24,15,9,2,0,103,87,16,14,80,61,27,20
51357629,0,,,23,11,12,0,0,0,23,11,12,9,5,4,22,11,11,22,11,11,14,6,8,6,4,2,3,2,1,0,0,0,0,0,0,10,10,2,5,2,0,1,0,0,8,7,1,0,9,0,2,3
51357630,0,,,1982,922,1060,205,102,103,1734,796,938,1151,545,606,1702,778,924,1672,763,909,583,251,332,293,112,181,84,24,60,6,1,5,105,19,86,929,928,378,262,157,96,29,6,0,536,469,67,64,383,71,127,93
51357631,0,,,987,453,534,88,55,33,881,387,494,533,250,283,858,377,481,848,373,475,348,137,211,173,57,116,76,17,59,16,3,13,48,8,40,430,429,183,116,68,37,16,5,4,245,218,27,28,185,53,57,49
51357632,0,,,1855,924,931,177,97,80,1630,798,832,1090,564,526,1571,767,804,1538,752,786,540,234,306,254,109,145,66,25,41,4,1,3,39,21,18,858,858,356,233,127,85,39,12,6,495,426,69,51,378,62,108,101
51357633,0,,,167,82,85,9,5,4,158,77,81,73,37,36,156,76,80,155,75,80,85,40,45,51,22,29,19,9,10,3,1,2,0,0,0,56,56,4,21,13,9,8,1,0,52,35,17,2,48,0,3,12
51357634,0,,,364,183,181,35,20,15,329,163,166,175,92,83,323,160,163,320,160,160,154,71,83,68,31,37,27,10,17,1,0,1,2,1,1,121,121,16,38,28,21,10,4,4,105,73,32,6,95,0,14,22
51357635,0,,,197,87,110,15,8,7,182,79,103,91,41,50,180,78,102,173,74,99,91,38,53,51,19,32,21,8,13,2,0,2,0,0,0,80,80,14,35,17,9,4,1,0,66,52,14,5,55,0,10,23
51357636,0,,,2345,1119,1226,351,175,176,1966,931,1035,1414,681,733,1920,914,1006,1871,887,984,552,250,302,281,112,169,77,23,54,3,2,1,42,27,15,1035,1030,425,253,143,122,61,15,11,597,506,91,107,372,125,108,91
51357637,0,,,346,231,115,56,20,36,290,211,79,266,200,66,152,81,71,122,53,69,24,11,13,18,7,11,5,0,5,0,0,0,3,1,2,88,82,56,8,4,10,1,2,1,26,24,2,7,18,35,11,1
51357638,0,,,114,47,67,5,1,4,109,46,63,70,32,38,105,44,61,99,40,59,39,14,25,28,8,20,13,3,10,1,0,1,0,0,0,41,41,6,16,9,2,7,1,0,35,23,12,1,29,0,5,6
51357639,1,,51357649,34,17,17,6,2,4,35,17,18,23,11,12,35,17,18,35,17,18,12,6,6,6,2,4,2,1,1,0,0,0,0,0,0,13,13,4,1,5,5,0,0,0,11,7,4,3,9,0,3,1
51357640,0,,,4241,2036,2205,447,227,220,3756,1788,1968,2420,1204,1216,3657,1727,1930,3594,1702,1892,1336,584,752,679,283,396,144,48,96,9,1,8,51,27,24,1895,1895,597,664,335,206,76,12,5,1287,1172,115,121,909,56,242,304
51357641,0,,,4484,2184,2300,469,226,243,3982,1941,2041,2697,1360,1337,3858,1877,1981,3767,1830,1937,1285,581,704,622,296,326,146,64,82,7,2,5,34,17,17,1934,1931,593,632,360,254,72,16,4,1324,1208,116,133,827,64,201,279
51357642,0,,,4132,1959,2173,430,206,224,3539,1666,1873,2432,1197,1235,3413,1601,1812,3333,1564,1769,1107,469,638,577,217,360,188,62,126,22,3,19,65,26,39,1792,1788,657,501,302,230,75,14,9,1106,997,109,136,671,88,175,210
51357643,0,,,134,55,79,13,7,6,121,48,73,73,33,40,120,48,72,118,47,71,48,15,33,23,5,18,3,0,3,1,0,1,0,0,0,54,54,14,17,11,9,2,0,1,40,32,8,7,33,0,10,7
51357644,0,,,461,214,247,43,24,19,418,190,228,226,103,123,410,188,222,403,186,217,192,87,105,88,35,53,34,9,25,5,2,3,0,0,0,156,156,24,47,35,26,13,8,3,132,90,42,10,119,0,15,33
51357645,0,,,1579,725,854,209,110,99,1340,602,738,817,375,442,1281,571,710,1242,550,692,523,227,296,276,118,158,70,34,36,7,3,4,30,13,17,707,707,242,229,119,75,32,8,2,457,424,33,49,368,6,144,108
51357646,0,,,2742,1320,1422,336,183,153,2341,1106,1235,1522,758,764,2267,1065,1202,2176,1001,1175,819,348,471,423,160,263,130,40,90,8,0,8,14,8,6,1080,1077,316,311,198,165,60,20,7,745,631,114,104,551,22,151,147
51357647,0,,,788,493,295,116,66,50,663,421,242,578,384,194,643,410,233,629,401,228,85,37,48,40,16,24,12,6,6,1,0,1,12,9,3,407,404,251,50,42,35,19,3,4,150,143,7,17,44,48,12,13
51357648,0,,,43,18,25,2,0,2,41,18,23,13,7,6,39,17,22,39,17,22,28,11,17,18,8,10,10,4,6,2,1,1,0,0,0,7,5,0,2,2,1,0,0,0,5,5,0,1,1,0,0,0
51357649,2,51357639,,7,2,5,*,*,*,*,*,*,*,*,*,*,*,*,*,*,*,*,*,*,*,*,*,*,*,*,*,*,*,*,*,*,2,2,*,*,*,*,*,*,*,*,*,*,*,*,*,*,*
51357650,0,,,4444,2077,2367,485,233,252,3953,1841,2112,2512,1187,1325,3830,1773,2057,3734,1729,2005,1441,654,787,714,328,386,159,65,94,10,4,6,35,14,21,1880,1878,493,676,368,242,80,14,5,1370,1244,126,120,954,30,256,333
51357651,0,,,2030,977,1053,194,102,92,1822,867,955,1046,515,531,1776,847,929,1743,827,916,776,352,424,388,165,223,86,31,55,3,1,2,9,6,3,880,880,253,321,163,95,31,11,6,622,559,63,51,525,5,148,164
51357652,0,,,2553,1227,1326,316,163,153,2187,1040,1147,1303,654,649,2088,986,1102,2033,955,1078,884,386,498,505,216,289,141,55,86,11,6,5,17,6,11,984,984,226,325,181,161,65,19,7,744,659,85,57,568,6,143,208
51357653,0,,,269,131,138,15,8,7,254,123,131,130,69,61,248,120,128,242,116,126,124,54,70,64,26,38,24,10,14,5,1,4,0,0,0,91,91,13,30,19,14,8,6,1,78,52,26,1,76,0,11,18
51357654,0,,,499,208,291,45,21,24,454,187,267,246,102,144,451,185,266,439,184,255,208,85,123,113,37,76,58,14,44,10,1,9,1,1,0,179,178,48,54,36,20,13,4,3,129,91,38,13,108,6,16,27
51357655,0,,,481,222,259,25,13,12,456,209,247,228,113,115,448,206,242,441,204,237,228,96,132,114,39,75,24,6,18,1,0,1,11,6,5,204,204,53,74,50,16,4,5,2,150,118,32,4,152,0,37,43
51357656,0,,,760,375,385,64,32,32,694,341,353,364,195,169,679,337,342,670,331,339,330,146,184,170,69,101,67,22,45,4,1,3,0,0,0,285,285,58,97,68,27,23,5,7,227,169,58,18,203,8,31,56
51357657,0,,,331,158,173,16,8,8,315,150,165,145,74,71,312,148,164,311,147,164,170,76,94,89,37,52,36,11,25,5,0,5,1,0,1,121,121,16,42,32,23,6,1,1,104,67,37,2,94,2,9,30
51357658,0,,,163,76,87,13,6,7,150,70,80,89,44,45,147,70,77,143,69,74,61,26,35,34,14,20,14,6,8,1,1,0,0,0,0,59,59,12,20,12,8,2,2,3,47,32,15,4,43,0,8,7
51357659,0,,,88,43,45,4,1,3,84,42,42,38,22,16,82,41,41,81,41,40,46,20,26,21,9,12,4,2,2,0,0,0,0,0,0,39,39,11,15,9,2,1,0,1,28,23,5,1,32,0,9,10
51357660,0,,,3867,1801,2066,417,206,211,3389,1561,1828,2023,981,1042,3303,1518,1785,3241,1492,1749,1366,580,786,655,260,395,137,37,100,11,0,11,33,10,23,1649,1649,493,553,292,208,71,22,10,1143,1013,130,93,938,12,298,287
51357661,0,,,461,234,227,29,19,10,427,211,216,233,116,117,421,209,212,413,205,208,194,95,99,109,47,62,30,11,19,2,1,1,0,0,0,166,166,25,62,39,19,10,8,3,140,96,44,11,126,0,19,39
51357662,0,,,1172,506,666,107,64,43,1060,439,621,516,239,277,1033,427,606,1015,419,596,544,200,344,372,114,258,218,51,167,43,6,37,1,1,0,383,378,81,133,77,60,18,8,1,286,241,45,22,220,0,53,78
51357663,0,,,2079,926,1153,223,114,109,1856,812,1044,1024,445,579,1795,781,1014,1760,764,996,832,367,465,358,168,190,68,19,49,2,0,2,62,24,38,876,872,204,369,155,80,41,18,5,665,587,78,53,555,2,135,207
51357664,0,,,919,439,480,99,58,41,820,381,439,427,214,213,789,364,425,774,352,422,393,167,226,194,72,122,78,18,60,10,1,9,3,1,2,306,305,43,114,58,56,20,13,1,259,208,51,17,203,1,29,73
51357665,0,,,518,297,221,34,16,18,476,273,203,330,212,118,465,267,198,456,264,192,146,61,85,63,20,43,23,6,17,2,0,2,5,5,0,260,260,153,40,26,14,15,8,4,106,71,35,7,93,79,11,19
51357666,0,,,1252,574,678,90,45,45,1157,526,631,542,260,282,1134,514,620,1110,499,611,615,266,349,345,130,215,129,33,96,20,2,18,5,2,3,475,473,110,186,81,59,22,11,4,362,300,62,23,342,5,70,115
51357667,0,,,845,275,570,24,12,12,821,263,558,173,90,83,811,256,555,807,255,552,648,173,475,564,138,426,388,81,307,80,10,70,13,3,10,116,107,25,32,20,16,9,4,1,82,61,21,3,65,7,8,13
51357668,0,,,120,54,66,12,8,4,108,46,62,55,26,29,100,39,61,99,39,60,53,20,33,23,8,15,9,1,8,2,0,2,1,1,0,43,40,4,19,8,7,2,0,0,36,27,9,0,31,0,2,9
51357669,1,,51357679,56,29,27,5,3,2,59,30,29,25,13,12,59,30,29,58,29,29,34,17,17,20,9,11,11,6,5,1,1,0,0,0,0,22,22,4,10,4,2,4,0,0,20,13,7,2,21,0,3,8
51357670,0,,,1997,970,1027,190,91,99,1805,879,926,1009,537,472,1716,812,904,1652,766,886,796,342,454,470,201,269,120,40,80,10,3,7,21,14,7,774,770,184,303,139,101,23,13,7,584,523,61,53,492,12,120,183
51357671,0,,,2210,1016,1194,278,135,143,1923,875,1048,1219,591,628,1851,838,1013,1809,814,995,704,284,420,398,139,259,178,40,138,32,3,29,11,1,10,801,795,184,259,145,153,34,15,5,604,544,60,58,358,28,79,130
51357672,0,,,8471,3923,4548,1085,556,529,7210,3279,3931,4930,2347,2583,6987,3164,3823,6821,3088,3733,2280,932,1348,1203,430,773,472,124,348,66,7,59,47,24,23,3634,3627,1249,1029,680,507,131,23,8,2338,2151,187,289,1416,155,455,400
51357673,0,,,5709,2668,3041,592,311,281,5082,2334,2748,3145,1510,1635,4936,2257,2679,4825,2202,2623,1937,824,1113,1109,439,670,294,105,189,14,3,11,25,12,13,2503,2503,798,821,433,330,87,26,8,1692,1532,160,167,1335,36,460,395
51357674,0,,,573,277,296,46,27,19,526,250,276,300,143,157,509,243,266,493,231,262,226,107,119,106,53,53,23,11,12,3,1,2,5,4,1,215,215,38,88,40,29,5,8,7,173,144,29,12,141,2,21,54
51357675,0,,,875,453,422,79,39,40,789,410,379,503,281,222,764,397,367,723,370,353,286,129,157,124,48,76,42,13,29,4,0,4,1,0,1,364,363,127,99,71,38,15,7,6,234,184,50,19,185,34,43,51
51357676,0,,,1050,497,553,91,52,39,938,431,507,519,254,265,916,420,496,899,412,487,419,177,242,211,81,130,74,23,51,4,1,3,5,1,4,450,450,132,151,87,52,22,5,1,312,264,48,19,283,8,82,81
51357677,1,,51357678,297,143,154,21,11,10,276,132,144,154,76,78,272,129,143,267,126,141,122,56,66,57,24,33,21,4,17,1,0,1,0,0,0,110,110,22,39,23,14,6,6,1,88,63,25,5,78,0,13,24
51357678,2,51357677,,2,1,1,*,*,*,*,*,*,*,*,*,*,*,*,*,*,*,*,*,*,*,*,*,*,*,*,*,*,*,*,*,*,1,1,*,*,*,*,*,*,*,*,*,*,*,*,*,*,*
51357679,2,51357669,,8,4,4,*,*,*,*,*,*,*,*,*,*,*,*,*,*,*,*,*,*,*,*,*,*,*,*,*,*,*,*,*,*,2,2,*,*,*,*,*,*,*,*,*,*,*,*,*,*,*
51357680,0,,,993,470,523,81,48,33,838,396,442,402,200,202,814,384,430,801,381,420,436,196,240,246,111,135,53,23,30,5,1,4,0,0,0,375,373,66,170,75,36,19,5,2,307,276,31,22,271,0,53,121
51357681,0,,,3268,1547,1721,479,227,252,2739,1294,1445,1911,916,995,2662,1255,1407,2594,1225,1369,828,378,450,373,158,215,93,35,58,6,1,5,14,5,9,1293,1292,320,419,242,209,75,20,7,954,873,81,131,557,27,137,199
51357682,0,,,5162,2392,2770,634,320,314,4465,2034,2431,2985,1413,1572,4319,1966,2353,4217,1916,2301,1480,621,859,772,302,470,264,77,187,25,4,21,39,23,16,2159,2153,654,652,412,308,96,22,9,1476,1325,151,181,969,82,293,291
51357683,0,,,2248,1063,1185,333,152,181,1893,897,996,1408,690,718,1829,862,967,1775,836,939,485,207,278,269,103,166,70,25,45,3,0,3,28,10,18,953,953,286,284,193,147,33,8,2,657,616,41,124,343,21,123,101
51357684,0,,,1938,987,951,166,86,80,1664,841,823,1161,617,544,1633,822,811,1609,816,793,503,224,279,234,93,141,66,18,48,4,2,2,69,48,21,1008,1006,506,242,149,69,27,10,3,482,409,73,62,337,120,83,89
51357685,0,,,4830,2318,2512,495,252,243,4221,2001,2220,2595,1306,1289,4099,1924,2175,3995,1875,2120,1626,695,931,829,339,490,197,76,121,8,1,7,49,23,26,2078,2072,655,671,379,236,99,25,7,1401,1246,155,109,1069,40,284,335
51357686,0,,,1471,697,774,118,55,63,1324,628,696,884,444,440,1280,600,680,1244,584,660,440,184,256,219,82,137,67,20,47,2,0,2,7,3,4,616,616,202,172,109,88,30,10,5,406,341,65,22,307,3,105,73
51357687,0,,,1326,624,702,126,66,60,1190,551,639,694,336,358,1152,533,619,1124,521,603,496,215,281,256,104,152,66,29,37,1,1,0,14,8,6,544,543,146,187,101,69,27,7,6,393,343,50,30,324,2,89,115
51357688,0,,,64,18,46,1,0,1,58,16,42,9,4,5,57,16,41,57,16,41,49,12,37,44,10,34,32,6,26,8,1,7,0,0,0,9,8,3,2,2,1,0,0,0,4,4,0,0,1,0,0,1
51357690,0,,,963,436,527,60,34,26,899,399,500,382,183,199,874,383,491,864,379,485,517,216,301,294,106,188,151,37,114,26,3,23,9,6,3,318,316,61,137,59,42,12,4,1,254,233,21,14,208,2,43,97
51357691,0,,,4865,2248,2617,476,259,217,4323,1953,2370,2436,1185,1251,4214,1891,2323,4149,1866,2283,1887,768,1119,1017,385,632,396,125,271,46,9,37,40,26,14,1871,1863,520,641,356,245,80,14,7,1328,1211,117,124,1062,33,337,373
51357692,0,,,4704,2205,2499,415,210,205,4237,1965,2272,2676,1276,1400,4128,1912,2216,4040,1870,2170,1561,689,872,772,295,477,272,85,187,29,6,23,21,10,11,1940,1937,582,681,344,252,63,11,4,1337,1198,139,113,913,63,215,326
51357693,0,,,1319,567,752,63,36,27,1243,525,718,564,271,293,1226,517,709,1209,506,703,679,254,425,508,173,335,275,72,203,52,7,45,4,2,2,447,442,133,163,79,52,9,6,0,304,270,34,16,241,6,75,82
51357694,0,,,2581,1202,1379,320,147,173,2182,1011,1171,1549,752,797,2125,989,1136,2089,974,1115,633,259,374,284,103,181,84,28,56,3,0,3,124,60,64,1243,1242,495,390,208,99,34,12,4,724,664,60,93,434,91,130,128
51357695,0,,,6978,3327,3651,675,341,334,6169,2906,3263,3764,1862,1902,6026,2833,3193,5907,2763,3144,2405,1044,1361,1082,444,638,231,72,159,11,2,9,109,45,64,3367,3365,1371,1033,511,318,99,28,5,1963,1810,153,191,1720,79,719,460
51357696,0,,,5029,2400,2629,505,243,262,4382,2076,2306,2674,1337,1337,4265,2019,2246,4171,1978,2193,1708,739,969,834,350,484,192,68,124,12,1,11,48,19,29,2268,2265,838,673,392,247,84,25,6,1408,1288,120,153,1098,93,317,349
51357697,0,,,2612,1222,1390,171,95,76,2393,1098,1295,1251,648,603,2335,1062,1273,2300,1043,1257,1142,450,692,687,250,437,236,57,179,39,5,34,24,12,12,1059,1051,370,355,181,94,38,8,5,670,600,70,43,606,15,209,187
51357698,0,,,398,138,260,7,2,5,391,136,255,68,30,38,386,134,252,383,133,250,323,106,217,287,88,199,179,33,146,31,2,29,0,0,0,26,25,4,5,2,6,8,0,0,20,13,7,2,16,0,3,3
51357701,0,,,74,36,38,8,5,3,66,31,35,28,12,16,66,31,35,66,31,35,38,19,19,19,8,11,5,2,3,1,0,1,2,2,0,26,26,6,11,2,3,1,1,2,20,13,7,1,24,0,4,9
51357704,2,51357714,,10,6,4,*,*,*,*,*,*,*,*,*,*,*,*,*,*,*,*,*,*,*,*,*,*,*,*,*,*,*,*,*,*,3,3,*,*,*,*,*,*,*,*,*,*,*,*,*,*,*
51357705,0,,,221,113,108,18,9,9,203,104,99,113,60,53,200,104,96,196,102,94,90,44,46,39,16,23,17,7,10,1,1,0,14,13,1,83,83,23,23,17,7,7,4,2,60,35,25,5,57,8,10,12
51357706,0,,,33,17,16,3,1,2,30,16,14,15,8,7,30,16,14,29,15,14,15,8,7,5,2,3,3,1,2,0,0,0,0,0,0,17,17,6,7,3,1,0,0,0,11,10,1,2,10,0,3,5
51357707,0,,,136,64,72,3,1,2,133,63,70,71,43,28,131,62,69,129,61,68,62,20,42,42,15,27,18,7,11,1,0,1,0,0,0,66,66,26,22,11,3,3,1,0,39,28,11,0,48,0,19,7
51357708,0,,,130,66,64,7,4,3,123,62,61,65,32,33,120,61,59,119,60,59,58,30,28,28,12,16,4,1,3,0,0,0,0,0,0,47,47,6,18,12,6,3,1,1,40,33,7,1,37,0,4,10
51357711,0,,,53,26,27,8,5,3,45,21,24,17,6,11,45,21,24,45,21,24,28,15,13,10,4,6,6,1,5,0,0,0,0,0,0,25,25,7,12,3,2,1,0,0,18,14,4,2,16,0,3,6
51357712,0,,,123,30,93,0,0,0,123,30,93,1,1,0,123,30,93,123,30,93,122,29,93,113,22,91,76,8,68,9,1,8,0,0,0,4,0,0,0,0,0,0,0,0,0,0,0,0,0,0,0,0
51357713,0,,,26,11,15,0,0,0,26,11,15,14,6,8,26,11,15,26,11,15,12,5,7,5,2,3,3,2,1,0,0,0,0,0,0,12,12,3,6,2,0,1,0,0,9,8,1,0,9,0,3,2
51357714,1,,51357704,84,40,44,7,2,5,87,44,43,61,32,29,82,42,40,77,39,38,26,12,14,13,6,7,6,5,1,0,0,0,0,0,0,26,26,5,4,9,3,6,2,0,24,13,11,1,20,0,2,3
51357715,0,,,317,138,179,35,19,16,282,119,163,167,74,93,272,115,157,266,114,152,115,45,70,64,20,44,19,5,14,2,0,2,12,1,11,116,116,26,35,22,18,12,0,3,88,62,26,5,73,10,11,18
51357716,0,,,276,131,145,28,13,15,243,114,129,142,68,74,238,114,124,236,113,123,101,46,55,64,27,37,23,11,12,0,0,0,0,0,0,101,101,21,38,18,9,5,6,4,79,59,20,11,71,0,13,24
51357717,0,,,149,65,84,10,4,6,139,61,78,64,31,33,135,59,76,135,59,76,75,30,45,32,11,21,16,4,12,3,1,2,0,0,0,48,48,4,18,10,6,5,5,0,44,24,20,0,42,0,3,11
51357718,1,,51357719,99,47,52,3,0,3,101,50,51,45,27,18,101,50,51,100,49,51,56,23,33,26,9,17,6,2,4,1,0,1,0,0,0,40,40,7,18,14,2,1,1,0,36,28,8,0,36,0,6,10
51357719,2,51357718,,5,3,2,*,*,*,*,*,*,*,*,*,*,*,*,*,*,*,*,*,*,*,*,*,*,*,*,*,*,*,*,*,*,3,3,*,*,*,*,*,*,*,*,*,*,*,*,*,*,*
51357722,0,,,175,92,83,18,7,11,157,85,72,97,57,40,156,84,72,154,82,72,60,28,32,29,12,17,10,2,8,2,0,2,1,0,1,81,81,38,19,7,9,6,2,0,43,31,12,5,39,14,8,10
51357723,0,,,113,38,75,4,1,3,109,37,72,26,11,15,108,37,71,107,37,70,83,26,57,69,18,51,52,12,40,7,0,7,0,0,0,18,17,2,7,3,2,0,1,2,15,8,7,2,16,0,2,5
51357724,0,,,31,17,14,4,2,2,27,15,12,12,8,4,27,15,12,26,14,12,15,7,8,8,4,4,2,1,1,0,0,0,0,0,0,11,11,1,5,2,1,2,0,0,10,8,2,1,7,0,0,4
51357725,0,,,178,92,86,30,20,10,147,71,76,72,40,32,146,70,76,146,70,76,75,31,44,42,19,23,18,8,10,2,0,2,5,5,0,60,59,19,19,5,4,6,4,2,40,26,14,6,36,2,7,11
51357726,0,,,861,408,453,75,41,34,780,365,415,426,222,204,759,357,402,742,350,392,354,143,211,213,71,142,113,30,83,19,5,14,46,33,13,306,304,106,88,42,36,23,5,4,195,152,43,16,150,24,34,42
51357727,0,,,75,39,36,5,4,1,66,32,34,42,20,22,63,31,32,62,30,32,24,12,12,11,5,6,5,3,2,0,0,0,5,3,2,41,41,18,18,1,2,2,0,0,22,18,4,1,16,0,6,4
51357728,1,,51357729,98,45,53,6,3,3,97,44,53,47,20,27,95,43,52,92,41,51,50,24,26,30,13,17,13,7,6,1,1,0,0,0,0,36,36,9,16,3,2,5,2,1,29,20,9,0,33,0,8,10
51357729,2,51357728,,5,2,3,*,*,*,*,*,*,*,*,*,*,*,*,*,*,*,*,*,*,*,*,*,*,*,*,*,*,*,*,*,*,2,2,*,*,*,*,*,*,*,*,*,*,*,*,*,*,*
51357730,2,51357740,,7,3,4,*,*,*,*,*,*,*,*,*,*,*,*,*,*,*,*,*,*,*,*,*,*,*,*,*,*,*,*,*,*,4,4,*,*,*,*,*,*,*,*,*,*,*,*,*,*,*
51357732,0,,,160,76,84,9,6,3,151,70,81,72,39,33,148,67,81,146,66,80,79,31,48,39,10,29,17,1,16,0,0,0,0,0,0,57,57,14,17,8,9,6,1,2,43,23,20,0,52,0,13,14
51357733,1,,51357734,123,57,66,4,0,4,121,57,64,67,31,36,112,50,62,109,49,60,54,26,28,30,12,18,10,3,7,1,0,1,0,0,0,46,45,12,17,4,6,6,2,0,35,25,10,1,36,0,9,11
51357734,2,51357733,,2,0,2,*,*,*,*,*,*,*,*,*,*,*,*,*,*,*,*,*,*,*,*,*,*,*,*,*,*,*,*,*,*,2,2,*,*,*,*,*,*,*,*,*,*,*,*,*,*,*
51357735,0,,,75,36,39,12,4,8,60,30,30,40,20,20,57,30,27,55,30,25,20,10,10,10,5,5,2,1,1,0,0,0,1,1,0,25,25,4,6,6,6,1,2,0,19,15,4,2,15,0,4,3
51357736,1,,51357737,529,276,253,78,39,39,463,246,217,310,179,131,441,234,207,429,228,201,153,67,86,71,30,41,22,7,15,2,0,2,59,49,10,214,214,89,52,39,27,14,6,3,139,111,28,12,96,41,19,30
51357737,2,51357736,,20,14,6,*,*,*,*,*,*,*,*,*,*,*,*,*,*,*,*,*,*,*,*,*,*,*,*,*,*,*,*,*,*,16,16,*,*,*,*,*,*,*,*,*,*,*,*,*,*,*
51357738,0,,,98,41,57,3,1,2,95,40,55,55,24,31,93,40,53,90,40,50,40,16,24,24,9,15,9,3,6,1,0,1,0,0,0,35,35,9,5,12,5,2,1,1,26,13,13,1,27,0,6,2
51357740,1,,51357730,97,43,54,9,4,5,95,42,53,39,18,21,93,41,52,92,40,52,56,24,32,35,14,21,11,5,6,2,0,2,0,0,0,39,39,10,20,7,4,0,1,1,33,26,7,1,36,0,8,12
51357741,0,,,38,17,21,1,1,0,37,16,21,24,9,15,37,16,21,36,16,20,13,7,6,6,3,3,3,2,1,0,0,0,0,0,0,12,12,2,5,1,1,1,1,1,10,7,3,1,8,0,1,2
51357742,0,,,11,5,6,0,0,0,11,5,6,3,2,1,11,5,6,11,5,6,8,3,5,4,1,3,2,1,1,0,0,0,0,0,0,6,6,3,2,0,1,0,0,0,3,3,0,0,6,0,3,2
51357743,0,,,19,8,11,0,0,0,19,8,11,8,3,5,19,8,11,19,8,11,11,5,6,5,1,4,2,1,1,0,0,0,0,0,0,7,7,1,3,1,1,1,0,0,6,3,3,0,7,0,1,3
51357744,0,,,114,54,60,7,3,4,107,51,56,59,31,28,106,50,56,105,49,56,48,20,28,28,12,16,12,7,5,2,1,1,1,1,0,39,39,8,11,5,11,1,2,1,31,16,15,3,32,0,6,7
51357746,0,,,43,21,22,7,4,3,36,17,19,23,11,12,35,16,19,33,16,17,13,6,7,5,2,3,2,0,2,1,0,1,0,0,0,14,14,1,5,4,2,1,0,1,12,10,2,2,6,0,0,1
51357747,0,,,65,33,32,3,1,2,62,32,30,37,21,16,61,32,29,59,31,28,25,11,14,12,6,6,4,2,2,0,0,0,3,3,0,28,28,9,8,7,3,0,0,1,18,14,4,1,16,3,4,3
51357748,0,,,124,62,62,9,3,6,115,59,56,53,31,22,111,55,56,111,55,56,62,28,34,25,12,13,10,3,7,0,0,0,0,0,0,45,45,8,18,6,8,1,3,1,35,22,13,2,38,1,5,12
51357750,0,,,35,17,18,0,0,0,35,17,18,16,8,8,35,17,18,35,17,18,19,9,10,12,4,8,6,1,5,1,0,1,0,0,0,13,13,2,4,4,2,1,0,0,11,6,5,0,10,0,1,2
51357751,0,,,48,26,22,4,3,1,44,23,21,21,12,9,44,23,21,44,23,21,23,11,12,8,3,5,1,0,1,0,0,0,0,0,0,17,17,3,3,7,3,0,1,0,14,10,4,2,15,0,3,3
51357752,0,,,62,27,35,9,5,4,53,22,31,30,13,17,51,21,30,51,21,30,23,9,14,14,4,10,6,2,4,0,0,0,0,0,0,22,22,6,6,2,5,2,0,1,16,10,6,3,14,0,4,5
51357753,0,,,24,11,13,0,0,0,24,11,13,9,5,4,23,10,13,22,9,13,15,6,9,10,4,6,0,0,0,0,0,0,0,0,0,9,9,0,7,0,0,2,0,0,9,7,2,0,9,0,0,6
51357754,0,,,42,20,22,5,4,1,37,16,21,20,9,11,35,16,19,35,16,19,17,7,10,8,3,5,4,2,2,0,0,0,0,0,0,13,13,1,5,2,3,0,1,1,12,9,3,2,10,0,1,2
51357755,0,,,136,63,73,7,2,5,129,61,68,70,35,35,125,59,66,122,56,66,59,26,33,32,13,19,10,5,5,1,0,1,0,0,0,45,45,7,17,5,6,6,2,2,38,21,17,0,38,0,6,10
51357756,0,,,89,42,47,6,2,4,83,40,43,52,27,25,80,38,42,77,36,41,31,13,18,16,9,7,4,2,2,0,0,0,0,0,0,32,32,6,10,8,4,1,3,0,26,18,8,0,20,0,3,4
51357757,0,,,53,23,30,4,2,2,49,21,28,27,10,17,47,20,27,47,20,27,22,11,11,7,4,3,4,2,2,0,0,0,0,0,0,17,16,3,6,3,1,1,1,1,13,9,4,1,13,0,2,6
51357758,0,,,91,47,44,10,2,8,81,45,36,54,33,21,79,43,36,74,40,34,27,12,15,12,6,6,3,1,2,0,0,0,3,2,1,41,41,13,18,4,2,2,2,0,27,26,1,1,21,0,9,5
51357759,0,,,24,11,13,6,3,3,18,8,10,10,5,5,18,8,10,18,8,10,8,3,5,3,1,2,3,1,2,0,0,0,0,0,0,7,7,1,2,1,1,1,0,1,6,3,3,2,5,0,1,1
51357762,0,,,23,11,12,3,1,2,20,10,10,11,5,6,19,10,9,19,10,9,9,5,4,4,2,2,1,1,0,0,0,0,0,0,0,9,9,1,5,1,1,1,0,0,6,6,0,1,6,0,1,1
51357763,0,,,42,20,22,0,0,0,42,20,22,16,8,8,42,20,22,42,20,22,26,12,14,12,5,7,6,3,3,0,0,0,0,0,0,16,16,2,5,6,3,0,0,0,13,7,6,0,13,0,0,5
51357765,0,,,42,23,19,0,0,0,42,23,19,21,14,7,41,22,19,40,22,18,21,9,12,12,5,7,3,1,2,0,0,0,0,0,0,19,19,5,7,6,0,1,0,0,14,13,1,0,13,1,1,5
51357766,0,,,35,18,17,4,2,2,26,13,13,15,8,7,25,12,13,24,11,13,11,5,6,7,3,4,4,2,2,0,0,0,0,0,0,8,8,0,1,2,0,3,2,0,7,1,6,0,7,0,0,0
51357767,0,,,46,24,22,1,0,1,45,24,21,27,14,13,44,23,21,42,21,21,18,10,8,7,4,3,4,3,1,0,0,0,0,0,0,17,17,4,3,6,2,2,0,0,13,8,5,0,11,0,3,1
51357768,0,,,11,7,4,0,0,0,11,7,4,6,4,2,11,7,4,11,7,4,5,3,2,4,2,2,0,0,0,0,0,0,0,0,0,4,4,2,0,1,0,0,1,0,2,1,1,0,3,0,1,0
51357769,0,,,22,11,11,2,1,1,20,10,10,7,3,4,20,10,10,20,10,10,13,7,6,7,3,4,5,2,3,0,0,0,0,0,0,7,7,2,1,0,2,2,0,0,5,1,4,0,7,0,2,1
51357771,0,,,146,71,75,9,3,6,137,68,69,74,35,39,135,67,68,135,67,68,63,33,30,25,13,12,13,5,8,0,0,0,3,0,3,46,46,4,15,10,8,5,3,1,41,24,17,2,36,0,3,7
51357772,0,,,12,5,7,0,0,0,12,5,7,6,2,4,12,5,7,12,5,7,6,3,3,1,0,1,0,0,0,0,0,0,0,0,0,6,6,1,4,1,0,0,0,0,5,5,0,0,4,0,1,2
51357773,2,51357783,,6,2,4,*,*,*,*,*,*,*,*,*,*,*,*,*,*,*,*,*,*,*,*,*,*,*,*,*,*,*,*,*,*,1,1,*,*,*,*,*,*,*,*,*,*,*,*,*,*,*
51357774,0,,,10,6,4,0,0,0,10,6,4,5,3,2,10,6,4,10,6,4,5,3,2,5,3,2,4,2,2,0,0,0,0,0,0,4,4,1,2,0,0,1,0,0,3,2,1,0,3,0,1,1
51357775,0,,,143,88,55,1,1,0,142,87,55,120,78,42,142,87,55,142,87,55,22,9,13,13,6,7,1,0,1,0,0,0,1,1,0,18,16,5,6,2,1,2,0,0,11,8,3,0,13,0,2,4
51357777,0,,,96,52,44,2,2,0,94,50,44,46,27,19,92,48,44,89,46,43,48,23,25,21,10,11,10,5,5,0,0,0,0,0,0,35,35,8,9,9,3,5,1,0,27,16,11,0,30,0,6,6
51357778,0,,,159,73,86,7,4,3,152,69,83,75,34,41,150,68,82,148,67,81,77,35,42,40,16,24,14,3,11,1,0,1,0,0,0,54,54,7,18,13,6,8,1,1,47,27,20,1,48,0,6,13
51357780,2,51357790,,7,4,3,*,*,*,*,*,*,*,*,*,*,*,*,*,*,*,*,*,*,*,*,*,*,*,*,*,*,*,*,*,*,5,5,*,*,*,*,*,*,*,*,*,*,*,*,*,*,*
51357781,0,,,85,41,44,2,1,1,83,40,43,36,20,16,83,40,43,82,39,43,47,20,27,39,14,25,20,6,14,2,0,2,0,0,0,26,24,6,7,5,2,2,2,0,18,11,7,1,19,0,4,3
51357782,0,,,304,120,184,16,13,3,288,107,181,81,39,42,284,105,179,283,105,178,207,68,139,139,31,108,97,18,79,27,2,25,0,0,0,80,79,16,31,15,7,3,5,2,63,43,20,4,70,0,13,26
51357783,1,,51357773,122,58,64,7,4,3,121,56,65,65,32,33,119,55,64,117,55,62,56,24,32,31,11,20,11,3,8,1,0,1,0,0,0,45,45,10,17,6,6,3,3,1,35,20,15,3,38,0,7,6
51357785,0,,,41,22,19,0,0,0,41,22,19,19,9,10,41,22,19,41,22,19,22,13,9,13,6,7,8,5,3,0,0,0,1,1,0,18,18,6,7,2,1,1,1,0,12,9,3,0,16,0,5,3
51357786,2,51357787,,7,2,5,*,*,*,*,*,*,*,*,*,*,*,*,*,*,*,*,*,*,*,*,*,*,*,*,*,*,*,*,*,*,1,1,*,*,*,*,*,*,*,*,*,*,*,*,*,*,*
51357787,1,,51357786;51357797,38,19,19,5,2,3,51,25,26,32,16,16,49,24,25,46,22,24,19,9,10,14,4,10,5,1,4,0,0,0,5,5,0,17,17,8,2,5,4,0,1,1,13,7,6,1,14,3,2,1
51357788,1,,51357789,108,52,56,5,3,2,105,50,55,48,26,22,105,50,55,105,50,55,57,24,33,29,10,19,11,4,7,0,0,0,0,0,0,39,39,8,13,8,7,1,2,1,32,16,16,1,34,0,6,11
51357789,2,51357788,,2,1,1,*,*,*,*,*,*,*,*,*,*,*,*,*,*,*,*,*,*,*,*,*,*,*,*,*,*,*,*,*,*,1,1,*,*,*,*,*,*,*,*,*,*,*,*,*,*,*
51357790,1,,51357780,49,28,21,0,0,0,56,32,24,45,27,18,56,32,24,54,30,24,11,5,6,4,2,2,1,0,1,0,0,0,0,0,0,1,0,4,0,1,0,0,0,0,1,1,0,0,2,0,2,0
51357791,0,,,40,18,22,2,0,2,38,18,20,20,9,11,36,16,20,36,16,20,18,9,9,5,2,3,5,2,3,1,0,1,0,0,0,14,14,1,6,2,4,1,0,0,13,9,4,0,11,0,1,6
51357792,0,,,137,64,73,8,5,3,129,59,70,59,28,31,127,58,69,126,57,69,70,31,39,41,15,26,17,7,10,2,1,1,0,0,0,44,44,5,14,12,3,5,4,1,39,22,17,2,41,0,5,7
51357793,0,,,113,54,59,12,8,4,101,46,55,48,24,24,99,45,54,98,44,54,53,22,31,27,9,18,11,2,9,0,0,0,0,0,0,43,43,8,20,4,7,0,3,1,35,27,8,3,35,0,6,11
51357795,0,,,20,10,10,1,1,0,19,9,10,6,4,2,19,9,10,19,9,10,13,5,8,8,3,5,4,0,4,0,0,0,0,0,0,11,11,4,5,2,0,0,0,0,7,6,1,0,9,0,4,3
51357796,0,,,17,8,9,0,0,0,17,8,9,6,2,4,17,8,9,17,8,9,11,6,5,6,3,3,2,1,1,0,0,0,0,0,0,9,9,2,6,1,0,0,0,0,7,7,0,0,6,0,0,5
51357797,2,51357787,,11,6,5,*,*,*,*,*,*,*,*,*,*,*,*,*,*,*,*,*,*,*,*,*,*,*,*,*,*,*,*,*,*,3,3,*,*,*,*,*,*,*,*,*,*,*,*,*,*,*
51357799,0,,,23,12,11,1,1,0,22,11,11,11,6,5,22,11,11,21,10,11,11,5,6,6,3,3,2,1,1,0,0,0,0,0,0,7,7,1,1,2,1,2,0,0,6,3,3,0,7,0,1,1
