KEY_CODE,HTKSYORI,HTKSAKI,GASSAN,T001140001,T001140002,T001140003,T001140004,T001140005,T001140006,T001140007,T001140008,T001140009,T001140010,T001140011,T001140012,T001140013,T001140014,T001140015,T001140016,T001140017,T001140018,T001140019,T001140020,T001140021,T001140022,T001140023,T001140024,T001140025,T001140026,T001140027,T001140028,T001140029,T001140030,T001140031,T001140032,T001140033,T001140034,T001140035,T001140036,T001140037,T001140038,T001140039,T001140040,T001140041,T001140042,T001140043,T001140044,T001140045,T001140046,T001140047,T001140048,T001140049,T001140050
,,,,Å@êlå˚ÅiëçêîÅj,Å@êlå˚ÅiëçêîÅjÅ@íj,Å@êlå˚ÅiëçêîÅjÅ@èó,Å@ÇOÅ`ÇPÇSçŒêlå˚Å@ëçêî,Å@ÇOÅ`ÇPÇSçŒêlå˚Å@íj,Å@ÇOÅ`ÇPÇSçŒêlå˚Å@èó,Å@ÇPÇTçŒà»è„êlå˚Å@ëçêî,Å@ÇPÇTçŒà»è„êlå˚Å@íj,Å@ÇPÇTçŒà»è„êlå˚Å@èó,Å@ÇPÇTÅ`ÇUÇSçŒêlå˚Å@ëçêî,Å@ÇPÇTÅ`ÇUÇSçŒêlå˚Å@íj,Å@ÇPÇTÅ`ÇUÇSçŒêlå˚Å@èó,Å@ÇPÇWçŒà»è„êlå˚Å@ëçêî,Å@ÇPÇWçŒà»è„êlå˚Å@íj,Å@ÇPÇWçŒà»è„êlå˚Å@èó,Å@ÇQÇOçŒà»è„êlå˚Å@ëçêî,Å@ÇQÇOçŒà»è„êlå˚Å@íj,Å@ÇQÇOçŒà»è„êlå˚Å@èó,Å@ÇUÇTçŒà»è„êlå˚Å@ëçêî,Å@ÇUÇTçŒà»è„êlå˚Å@íj,Å@ÇUÇTçŒà»è„êlå˚Å@èó,Å@ÇVÇTçŒà»è„êlå˚Å@ëçêî,Å@ÇVÇTçŒà»è„êlå˚Å@íj,Å@ÇVÇTçŒà»è„êlå˚Å@èó,Å@ÇWÇTçŒà»è„êlå˚Å@ëçêî,Å@ÇWÇTçŒà»è„êlå˚Å@íj,Å@ÇWÇTçŒà»è„êlå˚Å@èó,Å@ÇXÇTçŒà»è„êlå˚Å@ëçêî,Å@ÇXÇTçŒà»è„êlå˚Å@íj,Å@ÇXÇTçŒà»è„êlå˚Å@èó,Å@äOçëêlêlå˚Å@ëçêî,Å@äOçëêlêlå˚Å@íj,Å@äOçëêlêlå˚Å@èó,Å@ê¢ë—ëçêî,Å@àÍî ê¢ë—êî,Å@ÇPêlê¢ë—êîÅ@àÍî ê¢ë—êî,Å@ÇQêlê¢ë—êîÅ@àÍî ê¢ë—êî,Å@ÇRêlê¢ë—êîÅ@àÍî ê¢ë—êî,Å@ÇSêlê¢ë—êîÅ@àÍî ê¢ë—êî,Å@ÇTêlê¢ë—êîÅ@àÍî ê¢ë—êî,Å@ÇUêlê¢ë—êîÅ@àÍî ê¢ë—êî,Å@ÇVêlà»è„ê¢ë—êîÅ@àÍî ê¢ë—êî,Å@êeë∞ÇÃÇ›ÇÃê¢ë—êîÅ@àÍî ê¢ë—êî,Å@äjâ∆ë∞ê¢ë—êîÅ@àÍî ê¢ë—êî,Å@äjâ∆ë∞à»äOÇÃê¢ë—êîÅ@àÍî ê¢ë—êî,Å@ÇUçŒñ¢ñûê¢ë—àıÇÃÇ¢ÇÈê¢ë—êîÅ@àÍî ê¢ë—êî,Å@ÇUÇTçŒà»è„ê¢ë—àıÇÃÇ¢ÇÈê¢ë—êîÅ@àÍî ê¢ë—êî,Å@ê¢ë—éÂÇÃîNóÓÇ™ÇQÇOÅ`ÇQÇXçŒÇÃÇPêlê¢ë—êîÅ@àÍî ê¢ë—êî,Å@çÇóÓíPêgê¢ë—êîÅ@àÍî ê¢ë—êî,Å@çÇóÓïvïwê¢ë—êîÅ@àÍî ê¢ë—êî
59400000,0,,,624,293,331,81,34,47,543,259,284,363,179,184,517,247,270,505,242,263,180,80,100,63,23,40,15,4,11,1,0,1,1,0,1,223,222,37,72,51,37,16,7,2,184,145,39,10,124,0,23,28
59400002,0,,,20,11,9,0,0,0,20,11,9,8,6,2,20,11,9,20,11,9,12,5,7,7,2,5,2,0,2,0,0,0,0,0,0,8,8,3,0,3,2,0,0,0,5,2,3,0,7,0,2,0
59400003,0,,,99,52,47,5,1,4,94,51,43,50,30,20,94,51,43,93,50,43,44,21,23,30,14,16,9,4,5,2,1,1,1,0,1,33,33,6,9,6,6,4,1,1,27,15,12,1,26,0,3,6
59400004,0,,,91,45,46,6,3,3,85,42,43,47,28,19,85,42,43,83,40,43,38,14,24,24,9,15,10,3,7,0,0,0,0,0,0,26,26,2,5,9,4,2,2,2,24,13,11,1,22,0,1,3
59400005,0,,,122,57,65,15,6,9,107,51,56,53,29,24,105,49,56,104,49,55,54,22,32,23,8,15,7,1,6,1,0,1,0,0,0,36,36,2,10,10,6,4,2,2,34,17,17,3,29,0,1,6
59400006,0,,,26,12,14,0,0,0,26,12,14,16,7,9,26,12,14,26,12,14,10,5,5,6,2,4,4,2,2,0,0,0,0,0,0,7,7,0,3,0,1,2,1,0,7,4,3,0,6,0,0,1
59400007,0,,,167,84,83,13,7,6,154,77,77,81,41,40,149,77,72,148,77,71,73,36,37,32,16,16,17,8,9,1,0,1,1,0,1,51,51,9,13,8,7,8,3,3,42,22,20,2,41,0,5,5
59400008,0,,,66,30,36,4,1,3,62,29,33,24,11,13,61,29,32,61,29,32,38,18,20,14,7,7,7,2,5,0,0,0,0,0,0,22,22,3,6,6,4,2,0,1,19,11,8,1,22,0,3,3
59400009,0,,,77,40,37,5,3,2,72,37,35,42,23,19,71,36,35,70,36,34,30,14,16,21,9,12,5,2,3,0,0,0,0,0,0,26,26,4,9,3,6,3,0,1,22,13,9,0,18,0,2,5
59400010,0,,,590,305,285,67,38,29,521,265,256,336,188,148,508,260,248,499,256,243,185,77,108,82,28,54,28,7,21,1,0,1,36,35,1,267,266,99,75,49,31,8,3,1,166,136,30,13,125,36,33,29
59400011,0,,,810,375,435,103,38,65,705,337,368,428,218,210,677,319,358,668,316,352,277,119,158,146,56,90,34,11,23,3,1,2,0,0,0,274,271,45,70,66,53,25,8,4,224,165,59,20,172,1,29,35
59400012,0,,,154,74,80,26,13,13,128,61,67,75,41,34,124,59,65,124,59,65,53,20,33,27,8,19,9,2,7,0,0,0,2,2,0,49,48,9,16,3,11,3,3,3,39,28,11,7,35,0,8,9
59400013,0,,,65,28,37,7,3,4,58,25,33,35,18,17,58,25,33,57,24,33,23,7,16,11,2,9,3,0,3,0,0,0,0,0,0,23,23,3,9,6,3,0,0,2,20,13,7,4,17,0,2,1
59400014,0,,,108,51,57,11,8,3,97,43,54,52,25,27,94,42,52,94,42,52,45,18,27,20,5,15,9,1,8,0,0,0,0,0,0,32,32,4,6,6,11,2,1,2,28,11,17,2,28,0,3,2
59400015,0,,,167,83,84,23,12,11,144,71,73,83,43,40,141,71,70,140,71,69,61,28,33,23,7,16,11,3,8,0,0,0,0,0,0,50,50,3,18,11,6,5,4,3,47,31,16,4,40,0,2,5
59400016,0,,,93,41,52,5,2,3,88,39,49,50,23,27,86,38,48,85,38,47,38,16,22,19,6,13,6,2,4,0,0,0,0,0,0,33,33,8,8,7,6,1,2,1,25,15,10,1,26,0,6,2
59400017,1,,59400027,171,80,91,18,7,11,156,74,82,82,40,42,150,72,78,149,72,77,74,34,40,34,14,20,14,4,10,0,0,0,1,0,1,49,49,6,13,11,9,4,4,4,44,23,21,5,44,0,5,7
59400018,0,,,124,58,66,11,5,6,113,53,60,57,31,26,110,52,58,107,50,57,56,22,34,26,10,16,10,2,8,0,0,0,0,0,0,38,38,5,12,8,3,4,4,2,33,18,15,2,35,0,4,6
59400019,1,,59400029,221,103,118,18,4,14,214,104,110,113,59,54,211,102,109,206,101,105,101,45,56,51,22,29,15,7,8,1,1,0,0,0,0,70,70,6,26,13,13,7,3,4,66,38,28,6,63,0,6,14
59400020,0,,,197,103,94,19,9,10,176,92,84,105,63,42,170,89,81,167,87,80,71,29,42,39,13,26,13,5,8,1,0,1,2,2,0,73,73,18,18,16,12,7,2,0,55,35,20,4,47,2,7,9
59400021,0,,,815,352,463,84,33,51,728,317,411,357,180,177,712,309,403,705,304,401,371,137,234,253,80,173,130,32,98,17,1,16,3,2,1,267,264,54,86,56,39,18,9,2,207,159,48,22,170,2,38,46
59400022,0,,,67,33,34,2,1,1,65,32,33,39,19,20,61,30,31,60,29,31,26,13,13,16,6,10,5,2,3,0,0,0,0,0,0,21,21,2,6,6,2,3,2,0,19,12,7,1,15,0,1,4
59400023,0,,,23,11,12,5,3,2,18,8,10,9,4,5,18,8,10,18,8,10,9,4,5,3,1,2,0,0,0,0,0,0,0,0,0,7,7,0,2,2,2,1,0,0,7,4,3,1,6,0,0,2
59400024,0,,,21,11,10,0,0,0,21,11,10,9,6,3,21,11,10,21,11,10,12,5,7,8,4,4,2,0,2,0,0,0,0,0,0,7,7,1,1,4,0,0,1,0,6,4,2,0,6,0,1,0
59400025,0,,,280,136,144,28,17,11,252,119,133,138,69,69,246,118,128,242,117,125,114,50,64,48,18,30,21,5,16,1,0,1,0,0,0,90,90,18,26,17,9,7,6,7,71,37,34,7,69,0,10,11
59400026,0,,,321,154,167,27,17,10,294,137,157,140,74,66,290,134,156,287,132,155,154,63,91,100,38,62,42,13,29,5,3,2,0,0,0,100,97,20,24,22,15,12,3,1,77,45,32,7,72,0,13,11
59400027,2,59400017,,3,1,2,*,*,*,*,*,*,*,*,*,*,*,*,*,*,*,*,*,*,*,*,*,*,*,*,*,*,*,*,*,*,2,2,*,*,*,*,*,*,*,*,*,*,*,*,*,*,*
59400028,1,,59400039,13,7,6,4,3,1,17,10,7,9,6,3,17,10,7,17,10,7,8,4,4,3,1,2,1,0,1,0,0,0,0,0,0,6,6,1,5,0,1,0,1,0,7,5,2,0,6,0,1,1
59400029,2,59400019,,11,5,6,*,*,*,*,*,*,*,*,*,*,*,*,*,*,*,*,*,*,*,*,*,*,*,*,*,*,*,*,*,*,2,2,*,*,*,*,*,*,*,*,*,*,*,*,*,*,*
59400030,0,,,190,86,104,24,10,14,166,76,90,100,50,50,162,75,87,158,73,85,66,26,40,26,8,18,9,2,7,0,0,0,0,0,0,56,56,9,14,12,8,3,4,6,47,25,22,4,44,0,7,5
59400031,0,,,338,160,178,39,25,14,298,134,164,181,87,94,290,130,160,289,129,160,117,47,70,47,15,32,14,5,9,0,0,0,0,0,0,107,105,23,24,17,16,14,6,5,82,51,31,10,73,0,13,11
59400032,2,59400033,,6,4,2,*,*,*,*,*,*,*,*,*,*,*,*,*,*,*,*,*,*,*,*,*,*,*,*,*,*,*,*,*,*,2,2,*,*,*,*,*,*,*,*,*,*,*,*,*,*,*
59400033,1,,59400032,531,259,272,72,37,35,465,226,239,293,157,136,452,217,235,443,210,233,172,69,103,86,30,56,28,4,24,0,0,0,0,0,0,159,159,13,51,31,35,10,11,10,145,86,59,21,113,2,9,21
59400034,0,,,140,70,70,19,10,9,121,60,61,72,40,32,118,59,59,116,57,59,49,20,29,31,12,19,12,5,7,1,0,1,0,0,0,43,43,10,6,9,8,6,1,3,32,16,16,5,30,0,7,3
59400035,0,,,350,180,170,96,48,48,254,132,122,218,117,101,228,116,112,227,116,111,36,15,21,17,7,10,6,2,4,0,0,0,1,0,1,105,105,5,23,27,37,9,3,1,99,88,11,12,23,0,1,5
59400036,0,,,190,104,86,35,21,14,155,83,72,107,60,47,151,81,70,147,77,70,48,23,25,22,8,14,8,2,6,1,0,1,0,0,0,58,58,13,6,14,13,6,3,3,45,30,15,6,26,1,3,2
59400037,0,,,61,31,30,6,4,2,55,27,28,33,15,18,54,26,28,54,26,28,22,12,10,9,3,6,4,1,3,0,0,0,0,0,0,19,19,3,4,4,4,2,2,0,16,9,7,1,12,0,2,2
59400039,2,59400028,,8,6,2,*,*,*,*,*,*,*,*,*,*,*,*,*,*,*,*,*,*,*,*,*,*,*,*,*,*,*,*,*,*,2,2,*,*,*,*,*,*,*,*,*,*,*,*,*,*,*
59400040,0,,,66,39,27,10,6,4,56,33,23,34,21,13,54,31,23,53,30,23,22,12,10,13,6,7,4,2,2,0,0,0,0,0,0,18,18,1,3,7,2,2,1,2,17,8,9,3,14,0,1,1
59400041,0,,,505,218,287,33,14,19,472,204,268,237,120,117,459,195,264,454,195,259,235,84,151,133,36,97,63,7,56,8,0,8,0,0,0,157,154,33,42,37,24,9,6,3,120,84,36,7,104,0,22,20
59400043,0,,,1931,951,980,218,108,110,1682,829,853,1151,598,553,1628,800,828,1600,788,812,531,231,300,235,96,139,66,22,44,0,0,0,10,6,4,820,820,265,242,154,107,32,12,8,545,450,95,77,365,33,87,91
59400044,0,,,1084,555,529,203,99,104,866,449,417,720,381,339,835,431,404,816,424,392,146,68,78,67,30,37,24,12,12,5,2,3,2,1,1,439,435,143,108,85,64,23,8,4,286,252,34,61,97,26,27,17
59400045,0,,,225,107,118,20,11,9,202,95,107,114,60,54,197,92,105,195,91,104,88,35,53,39,10,29,18,4,14,4,1,3,0,0,0,71,70,11,21,17,10,2,7,2,58,40,18,3,48,0,6,12
59400046,0,,,46,24,22,7,4,3,39,20,19,20,11,9,39,20,19,37,19,18,19,9,10,6,4,2,1,1,0,0,0,0,0,0,0,17,17,3,7,2,3,1,1,0,14,11,3,1,13,0,3,3
59400047,0,,,68,33,35,5,3,2,63,30,33,24,10,14,62,30,32,62,30,32,39,20,19,16,7,9,5,2,3,0,0,0,0,0,0,24,24,1,13,5,3,0,1,1,23,18,5,2,22,0,1,9
59400048,1,,59400058,52,23,29,6,2,4,49,23,26,27,14,13,47,22,25,46,22,24,22,9,13,8,2,6,4,1,3,0,0,0,0,0,0,16,16,3,5,3,4,1,2,0,15,9,6,0,15,0,3,4
59400049,0,,,44,23,21,5,4,1,39,19,20,26,13,13,35,17,18,32,16,16,13,6,7,6,2,4,3,1,2,0,0,0,0,0,0,11,11,3,1,1,1,1,1,3,8,2,6,0,10,0,2,0
59400051,0,,,63,14,49,0,0,0,63,14,49,0,0,0,63,14,49,63,14,49,63,14,49,58,10,48,52,10,42,9,1,8,0,0,0,2,0,0,0,0,0,0,0,0,0,0,0,0,0,0,0,0
59400052,0,,,538,211,327,28,10,18,510,201,309,142,79,63,485,187,298,482,184,298,368,122,246,281,73,208,158,28,130,23,2,21,1,0,1,89,84,23,28,18,6,6,3,0,61,54,7,5,53,0,18,14
59400053,0,,,2669,1271,1398,305,158,147,2342,1103,1239,1412,714,698,2281,1074,1207,2243,1053,1190,930,389,541,454,174,280,145,49,96,8,2,6,12,6,6,1117,1112,348,358,175,149,56,18,8,758,624,134,74,616,26,168,148
59400054,0,,,4483,2175,2308,507,267,240,3885,1860,2025,2642,1367,1275,3752,1795,1957,3684,1759,1925,1243,493,750,628,222,406,198,63,135,12,2,10,13,5,8,2077,2070,889,538,308,219,74,27,15,1161,974,187,155,829,152,265,189
59400055,0,,,735,365,370,118,61,57,616,304,312,471,239,232,593,294,299,578,287,291,145,65,80,49,17,32,12,2,10,1,0,1,2,1,1,279,279,68,73,69,43,16,8,2,210,178,32,41,100,5,17,22
59400056,1,,59400066,47,23,24,5,3,2,49,25,24,30,16,14,47,24,23,44,23,21,19,9,10,8,4,4,2,1,1,0,0,0,0,0,0,14,14,12,2,2,1,0,2,2,9,4,5,1,11,4,3,2
59400058,2,59400048,,3,2,1,*,*,*,*,*,*,*,*,*,*,*,*,*,*,*,*,*,*,*,*,*,*,*,*,*,*,*,*,*,*,2,2,*,*,*,*,*,*,*,*,*,*,*,*,*,*,*
59400059,0,,,20,9,11,2,1,1,18,8,10,9,4,5,18,8,10,18,8,10,9,4,5,3,0,3,3,0,3,0,0,0,0,0,0,6,6,0,2,3,0,0,0,1,5,3,2,1,5,0,0,1
59400061,0,,,265,95,170,7,4,3,258,91,167,62,28,34,258,91,167,258,91,167,196,63,133,145,36,109,86,20,66,10,4,6,0,0,0,9,7,2,0,2,2,1,0,0,5,4,1,2,2,0,1,0
59400062,0,,,1212,575,637,173,89,84,1033,483,550,713,357,356,998,465,533,984,456,528,320,126,194,170,59,111,41,10,31,2,0,2,4,2,2,472,471,137,114,98,75,36,7,4,331,256,75,45,229,17,58,45
59400063,0,,,2417,1132,1285,267,139,128,2116,978,1138,1263,642,621,2065,955,1110,2038,944,1094,853,336,517,470,169,301,156,55,101,8,2,6,1,0,1,1065,1062,385,313,185,113,38,16,12,670,542,128,61,584,50,167,138
59400064,0,,,3468,1725,1743,365,179,186,3040,1515,1525,1994,1102,892,2947,1458,1489,2856,1395,1461,1046,413,633,520,176,344,185,46,139,22,4,18,27,8,19,1666,1666,756,418,237,162,54,27,12,902,737,165,85,735,158,251,162
59400065,0,,,1283,601,682,210,94,116,1037,488,549,769,394,375,1008,473,535,946,425,521,268,94,174,179,54,125,103,26,77,17,4,13,4,0,4,539,537,236,117,85,64,26,7,2,299,256,43,75,108,80,21,27
59400066,2,59400056,,7,5,2,*,*,*,*,*,*,*,*,*,*,*,*,*,*,*,*,*,*,*,*,*,*,*,*,*,*,*,*,*,*,7,7,*,*,*,*,*,*,*,*,*,*,*,*,*,*,*
59400071,0,,,1073,501,572,106,47,59,956,449,507,634,312,322,909,426,483,894,418,476,322,137,185,179,69,110,47,20,27,2,1,1,4,3,1,456,455,145,145,83,52,17,8,5,303,251,52,27,216,8,58,53
59400072,0,,,3017,1454,1563,419,232,187,2572,1208,1364,1707,856,851,2484,1167,1317,2452,1153,1299,865,352,513,421,138,283,162,40,122,19,4,15,4,1,3,1190,1186,336,354,237,162,57,28,12,836,696,140,119,535,47,111,139
59400073,0,,,1582,741,841,143,86,57,1433,653,780,813,413,400,1395,637,758,1373,624,749,620,240,380,316,101,215,110,20,90,6,1,5,4,0,4,654,654,211,188,120,74,34,22,5,438,310,128,47,431,11,119,88
59400074,0,,,1787,944,843,166,77,89,1568,833,735,1044,603,441,1540,820,720,1459,751,708,524,230,294,235,93,142,78,24,54,7,4,3,16,9,7,912,911,474,200,111,77,32,10,7,433,337,96,45,348,183,92,84
59400075,0,,,868,455,413,77,46,31,766,393,373,541,324,217,752,386,366,692,345,347,225,69,156,151,39,112,98,17,81,23,2,21,1,0,1,434,431,268,71,39,32,15,3,3,162,129,33,16,93,135,21,22
59400081,0,,,117,41,76,8,3,5,109,38,71,61,24,37,107,36,71,104,35,69,48,14,34,17,2,15,5,0,5,1,0,1,1,1,0,63,63,26,25,9,1,2,0,0,36,31,5,2,39,0,17,5
59400082,0,,,3241,1516,1725,410,211,199,2805,1292,1513,1803,889,914,2708,1236,1472,2664,1214,1450,1002,403,599,491,169,322,202,52,150,14,1,13,6,1,5,1268,1263,338,402,245,187,56,28,7,911,766,145,102,616,31,159,146
59400083,0,,,405,203,202,55,30,25,347,172,175,233,115,118,340,169,171,331,164,167,114,57,57,47,24,23,16,8,8,0,0,0,2,1,1,151,151,32,50,29,26,5,6,3,118,100,18,10,76,2,16,19
59400084,0,,,1415,710,705,136,80,56,1232,604,628,877,459,418,1189,584,605,1151,557,594,355,145,210,154,60,94,57,13,44,5,0,5,10,4,6,644,641,291,141,105,66,22,12,4,348,286,62,37,211,80,59,38
59400085,0,,,447,219,228,39,19,20,397,193,204,277,151,126,389,192,197,376,181,195,120,42,78,62,19,43,26,5,21,4,0,4,1,1,0,220,219,130,29,30,16,5,5,4,84,59,25,17,69,63,19,7
59400086,0,,,58,27,31,6,5,1,52,22,30,27,11,16,48,21,27,48,21,27,25,11,14,11,5,6,4,2,2,0,0,0,0,0,0,19,19,5,2,5,4,1,1,1,14,8,6,1,17,0,5,2
59400087,0,,,44,23,21,8,5,3,36,18,18,19,10,9,35,17,18,35,17,18,17,8,9,8,3,5,5,2,3,1,1,0,1,1,0,13,13,2,2,4,3,0,0,2,11,5,6,1,10,0,2,1
59400092,0,,,376,133,243,29,13,16,347,120,227,134,59,75,343,117,226,342,116,226,213,61,152,163,38,125,84,13,71,12,0,12,11,0,11,122,119,42,40,17,13,4,1,2,75,64,11,9,69,0,23,19
59400094,0,,,77,36,41,6,2,4,71,34,37,32,17,15,70,33,37,70,33,37,39,17,22,17,6,11,4,2,2,0,0,0,0,0,0,30,30,5,14,6,2,0,3,0,25,18,7,0,26,0,4,6
59400095,0,,,366,184,182,31,17,14,333,166,167,185,98,87,326,163,163,321,160,161,148,68,80,72,30,42,42,18,24,2,1,1,6,0,6,132,131,40,30,19,19,14,6,3,91,51,40,5,92,6,14,16
59400096,0,,,36,16,20,4,3,1,32,13,19,18,8,10,32,13,19,31,13,18,14,5,9,9,3,6,3,1,2,0,0,0,0,0,0,14,14,4,4,2,3,0,1,0,9,7,2,1,10,0,3,2
59400097,0,,,57,26,31,4,2,2,53,24,29,30,14,16,50,23,27,47,21,26,23,10,13,7,1,6,3,0,3,1,0,1,0,0,0,17,17,3,4,4,1,2,1,2,14,9,5,2,13,0,2,2
59400099,0,,,16,8,8,0,0,0,16,8,8,5,1,4,16,8,8,15,8,7,11,7,4,6,3,3,4,2,2,0,0,0,0,0,0,6,6,1,2,2,0,1,0,0,5,4,1,0,6,0,1,2
59400100,0,,,340,166,174,26,13,13,314,153,161,183,96,87,304,146,158,300,145,155,131,57,74,69,25,44,21,7,14,1,0,1,0,0,0,114,114,22,27,22,28,6,7,2,91,51,40,5,85,0,16,13
59400101,0,,,47,22,25,4,2,2,43,20,23,22,10,12,43,20,23,43,20,23,21,10,11,10,3,7,6,1,5,0,0,0,0,0,0,15,15,5,2,3,0,1,4,0,10,5,5,2,14,0,4,1
59400102,0,,,42,23,19,3,1,2,39,22,17,22,14,8,39,22,17,39,22,17,17,8,9,8,5,3,3,3,0,0,0,0,0,0,0,18,18,7,3,4,3,1,0,0,11,8,3,2,13,0,6,2
59400103,0,,,34,17,17,1,0,1,33,17,16,18,10,8,32,16,16,32,16,16,15,7,8,9,5,4,1,0,1,0,0,0,0,0,0,9,9,2,1,1,1,2,1,1,7,2,5,0,9,0,2,1
59400107,1,,59400108;59400109;59400119,9,4,5,0,0,0,21,11,10,7,5,2,21,11,10,21,11,10,14,6,8,6,3,3,2,1,1,0,0,0,0,0,0,5,5,2,4,2,0,1,0,0,7,6,1,0,9,0,2,4
59400108,2,59400107,,2,1,1,*,*,*,*,*,*,*,*,*,*,*,*,*,*,*,*,*,*,*,*,*,*,*,*,*,*,*,*,*,*,1,1,*,*,*,*,*,*,*,*,*,*,*,*,*,*,*
59400109,2,59400107,,7,4,3,*,*,*,*,*,*,*,*,*,*,*,*,*,*,*,*,*,*,*,*,*,*,*,*,*,*,*,*,*,*,2,2,*,*,*,*,*,*,*,*,*,*,*,*,*,*,*
59400110,1,,59400121,40,24,16,4,3,1,42,23,19,25,16,9,41,23,18,41,23,18,17,7,10,9,3,6,2,0,2,0,0,0,0,0,0,11,11,1,2,6,1,1,0,2,12,5,7,1,11,0,0,1
59400119,2,59400107,,3,2,1,*,*,*,*,*,*,*,*,*,*,*,*,*,*,*,*,*,*,*,*,*,*,*,*,*,*,*,*,*,*,1,1,*,*,*,*,*,*,*,*,*,*,*,*,*,*,*
59400120,1,,59400130,15,8,7,1,0,1,18,10,8,8,6,2,17,9,8,16,8,8,10,4,6,3,1,2,1,0,1,1,0,1,0,0,0,6,6,3,1,3,0,1,0,0,5,4,1,0,6,0,3,1
59400121,2,59400110,,6,2,4,*,*,*,*,*,*,*,*,*,*,*,*,*,*,*,*,*,*,*,*,*,*,*,*,*,*,*,*,*,*,2,2,*,*,*,*,*,*,*,*,*,*,*,*,*,*,*
59400128,2,59400137,,8,4,4,*,*,*,*,*,*,*,*,*,*,*,*,*,*,*,*,*,*,*,*,*,*,*,*,*,*,*,*,*,*,2,2,*,*,*,*,*,*,*,*,*,*,*,*,*,*,*
59400130,2,59400120,,4,2,2,*,*,*,*,*,*,*,*,*,*,*,*,*,*,*,*,*,*,*,*,*,*,*,*,*,*,*,*,*,*,2,2,*,*,*,*,*,*,*,*,*,*,*,*,*,*,*
59400137,1,,59400128;59400138,27,13,14,4,2,2,34,16,18,13,6,7,33,16,17,32,15,17,21,10,11,7,3,4,3,0,3,1,0,1,0,0,0,8,8,2,4,0,4,0,2,0,10,5,5,1,12,0,2,3
59400138,2,59400137,,3,1,2,*,*,*,*,*,*,*,*,*,*,*,*,*,*,*,*,*,*,*,*,*,*,*,*,*,*,*,*,*,*,2,2,*,*,*,*,*,*,*,*,*,*,*,*,*,*,*
59400140,0,,,24,12,12,4,3,1,20,9,11,7,3,4,20,9,11,20,9,11,13,6,7,4,1,3,3,0,3,0,0,0,0,0,0,10,10,3,2,4,0,1,0,0,7,4,3,2,7,0,2,2
59400147,0,,,17,8,9,1,0,1,16,8,8,8,4,4,16,8,8,15,7,8,8,4,4,3,1,2,0,0,0,0,0,0,0,0,0,5,5,1,2,0,1,0,0,1,4,2,2,0,5,0,1,2
59400148,1,,59400149,68,32,36,4,1,3,66,32,34,26,12,14,63,32,31,63,32,31,40,20,20,23,13,10,3,1,2,0,0,0,0,0,0,24,24,8,7,2,3,3,0,2,17,10,7,1,24,0,7,5
59400149,2,59400148,,2,1,1,*,*,*,*,*,*,*,*,*,*,*,*,*,*,*,*,*,*,*,*,*,*,*,*,*,*,*,*,*,*,1,1,*,*,*,*,*,*,*,*,*,*,*,*,*,*,*
59400150,0,,,11,7,4,0,0,0,11,7,4,5,3,2,11,7,4,11,7,4,6,4,2,3,2,1,2,1,1,0,0,0,0,0,0,4,4,1,0,2,1,0,0,0,3,2,1,0,4,0,1,0
59400157,2,59400168,,4,2,2,*,*,*,*,*,*,*,*,*,*,*,*,*,*,*,*,*,*,*,*,*,*,*,*,*,*,*,*,*,*,1,1,*,*,*,*,*,*,*,*,*,*,*,*,*,*,*
59400158,2,59400168,,5,3,2,*,*,*,*,*,*,*,*,*,*,*,*,*,*,*,*,*,*,*,*,*,*,*,*,*,*,*,*,*,*,3,3,*,*,*,*,*,*,*,*,*,*,*,*,*,*,*
59400159,1,,59400169,29,16,13,1,1,0,37,20,17,16,10,6,36,20,16,34,19,15,21,10,11,13,5,8,5,2,3,0,0,0,0,0,0,12,12,6,2,5,0,0,1,1,9,5,4,0,15,0,6,1
59400160,1,,59400161,10,5,5,0,0,0,15,7,8,4,2,2,15,7,8,15,7,8,11,5,6,8,4,4,4,1,3,0,0,0,0,0,0,5,5,2,3,1,1,0,0,0,5,4,1,0,7,0,2,2
59400161,2,59400160,,5,2,3,*,*,*,*,*,*,*,*,*,*,*,*,*,*,*,*,*,*,*,*,*,*,*,*,*,*,*,*,*,*,2,2,*,*,*,*,*,*,*,*,*,*,*,*,*,*,*
59400166,0,,,20,12,8,0,0,0,20,12,8,12,9,3,20,12,8,20,12,8,8,3,5,6,2,4,3,1,2,0,0,0,0,0,0,8,8,4,1,0,1,2,0,0,4,0,4,0,6,0,2,0
59400168,1,,59400157;59400158,19,9,10,1,1,0,27,13,14,11,5,6,27,13,14,27,13,14,16,8,8,4,2,2,0,0,0,0,0,0,0,0,0,8,8,3,5,2,1,1,0,0,9,6,3,0,11,0,3,4
59400169,2,59400159,,9,5,4,*,*,*,*,*,*,*,*,*,*,*,*,*,*,*,*,*,*,*,*,*,*,*,*,*,*,*,*,*,*,3,3,*,*,*,*,*,*,*,*,*,*,*,*,*,*,*
59400176,0,,,25,12,13,3,2,1,22,10,12,6,1,5,22,10,12,22,10,12,16,9,7,5,3,2,1,1,0,0,0,0,0,0,0,10,10,4,3,1,1,0,0,1,6,4,2,1,10,0,4,3
59400177,0,,,52,25,27,1,0,1,51,25,26,19,10,9,50,25,25,50,25,25,32,15,17,14,6,8,3,1,2,0,0,0,0,0,0,23,23,5,11,4,2,1,0,0,18,12,6,0,21,0,4,7
59400178,0,,,15,9,6,0,0,0,15,9,6,4,2,2,15,9,6,15,9,6,11,7,4,5,3,2,1,1,0,0,0,0,0,0,0,8,8,2,5,1,0,0,0,0,6,6,0,0,8,0,2,3
59400180,1,,59400191,47,18,29,0,0,0,51,20,31,29,12,17,50,19,31,49,19,30,22,8,14,14,6,8,3,1,2,1,0,1,0,0,0,15,15,1,4,4,5,2,0,0,15,9,6,0,13,0,1,1
59400186,1,,59400196,25,13,12,0,0,0,28,15,13,15,9,6,27,15,12,26,14,12,13,6,7,6,2,4,2,1,1,0,0,0,0,0,0,9,9,5,2,2,0,0,1,1,6,4,2,0,9,0,4,1
59400187,0,,,45,21,24,4,2,2,41,19,22,19,7,12,40,19,21,40,19,21,22,12,10,12,5,7,3,2,1,0,0,0,0,0,0,16,16,3,5,4,1,2,1,0,13,8,5,0,15,0,3,4
59400188,0,,,47,23,24,1,0,1,46,23,23,22,12,10,46,23,23,46,23,23,24,11,13,12,5,7,7,3,4,0,0,0,0,0,0,17,17,0,5,11,1,0,0,0,17,13,4,0,14,0,0,2
59400190,0,,,27,14,13,2,1,1,25,13,12,16,9,7,25,13,12,24,12,12,9,4,5,7,3,4,1,0,1,0,0,0,0,0,0,8,8,3,0,2,0,1,1,1,5,2,3,1,6,0,2,0
59400191,2,59400180,,4,2,2,*,*,*,*,*,*,*,*,*,*,*,*,*,*,*,*,*,*,*,*,*,*,*,*,*,*,*,*,*,*,1,1,*,*,*,*,*,*,*,*,*,*,*,*,*,*,*
59400195,0,,,15,6,9,0,0,0,15,6,9,3,1,2,15,6,9,15,6,9,12,5,7,7,3,4,1,0,1,0,0,0,0,0,0,8,8,3,4,0,1,0,0,0,5,4,1,0,8,0,3,3
59400196,2,59400186,,3,2,1,*,*,*,*,*,*,*,*,*,*,*,*,*,*,*,*,*,*,*,*,*,*,*,*,*,*,*,*,*,*,2,2,*,*,*,*,*,*,*,*,*,*,*,*,*,*,*
59400197,0,,,70,32,38,11,6,5,59,26,33,34,16,18,56,25,31,56,25,31,25,10,15,14,4,10,8,3,5,0,0,0,0,0,0,21,21,5,0,7,4,3,1,1,16,8,8,3,15,0,4,0
59400198,0,,,14,8,6,1,0,1,13,8,5,6,4,2,13,8,5,13,8,5,7,4,3,2,2,0,1,1,0,0,0,0,0,0,0,5,5,0,3,1,0,1,0,0,5,4,1,1,4,0,0,1
59400201,0,,,18,10,8,0,0,0,18,10,8,8,3,5,18,10,8,18,10,8,10,7,3,4,2,2,0,0,0,0,0,0,0,0,0,9,9,3,3,3,0,0,0,0,6,5,1,0,7,0,3,2
59400202,0,,,48,21,27,8,2,6,40,19,21,16,7,9,40,19,21,40,19,21,24,12,12,13,7,6,3,2,1,1,1,0,0,0,0,16,16,5,3,4,1,0,1,2,11,7,4,2,15,0,5,3
59400203,1,,59400205;59400213,32,16,16,3,1,2,33,17,16,12,6,6,33,17,16,33,17,16,21,11,10,8,3,5,4,2,2,0,0,0,0,0,0,11,11,2,6,5,0,0,0,1,12,10,2,1,14,0,2,4
59400205,2,59400203,,2,1,1,*,*,*,*,*,*,*,*,*,*,*,*,*,*,*,*,*,*,*,*,*,*,*,*,*,*,*,*,*,*,2,2,*,*,*,*,*,*,*,*,*,*,*,*,*,*,*
59400213,2,59400203,,2,1,1,*,*,*,*,*,*,*,*,*,*,*,*,*,*,*,*,*,*,*,*,*,*,*,*,*,*,*,*,*,*,1,1,*,*,*,*,*,*,*,*,*,*,*,*,*,*,*
59400215,2,59400227,,3,2,1,*,*,*,*,*,*,*,*,*,*,*,*,*,*,*,*,*,*,*,*,*,*,*,*,*,*,*,*,*,*,2,2,*,*,*,*,*,*,*,*,*,*,*,*,*,*,*
59400217,0,,,15,7,8,0,0,0,15,7,8,4,3,1,15,7,8,15,7,8,11,4,7,5,1,4,2,0,2,0,0,0,0,0,0,8,8,4,3,0,0,1,0,0,4,2,2,0,7,0,3,1
59400227,1,,59400215,20,7,13,3,0,3,20,9,11,10,4,6,20,9,11,20,9,11,10,5,5,6,3,3,2,0,2,0,0,0,0,0,0,5,5,1,2,1,1,1,1,0,6,3,3,2,6,0,1,1
59400228,0,,,18,10,8,0,0,0,18,10,8,9,6,3,18,10,8,18,10,8,9,4,5,4,1,3,2,0,2,0,0,0,0,0,0,7,7,0,3,4,0,0,0,0,7,6,1,0,6,0,0,2
59400229,0,,,25,11,14,0,0,0,25,11,14,13,7,6,24,11,13,24,11,13,12,4,8,5,1,4,2,0,2,0,0,0,0,0,0,9,9,1,2,5,0,1,0,0,8,4,4,0,7,0,0,1
59400232,0,,,24,11,13,1,0,1,23,11,12,11,6,5,23,11,12,23,11,12,12,5,7,3,0,3,2,0,2,0,0,0,0,0,0,10,10,2,3,4,1,0,0,0,8,4,4,0,8,0,1,1
59400233,0,,,50,24,26,1,1,0,49,23,26,18,9,9,49,23,26,49,23,26,31,14,17,21,8,13,4,1,3,0,0,0,1,0,1,21,21,4,8,6,3,0,0,0,17,12,5,0,20,0,3,4
59400235,2,59400246,,10,6,4,*,*,*,*,*,*,*,*,*,*,*,*,*,*,*,*,*,*,*,*,*,*,*,*,*,*,*,*,*,*,3,3,*,*,*,*,*,*,*,*,*,*,*,*,*,*,*
59400236,2,59400246,,4,2,2,*,*,*,*,*,*,*,*,*,*,*,*,*,*,*,*,*,*,*,*,*,*,*,*,*,*,*,*,*,*,1,1,*,*,*,*,*,*,*,*,*,*,*,*,*,*,*
59400237,0,,,34,15,19,1,0,1,33,15,18,14,7,7,33,15,18,32,15,17,19,8,11,6,3,3,2,0,2,0,0,0,0,0,0,11,11,1,4,2,1,3,0,0,10,5,5,1,11,0,1,3
59400238,0,,,19,8,11,1,0,1,18,8,10,5,4,1,18,8,10,18,8,10,13,4,9,7,2,5,2,0,2,0,0,0,0,0,0,10,10,4,4,1,1,0,0,0,6,4,2,0,8,0,2,1
59400239,1,,59400249,21,9,12,2,0,2,28,13,15,19,9,10,26,12,14,25,11,14,9,4,5,5,3,2,1,1,0,0,0,0,0,0,0,5,5,0,2,1,1,1,0,2,7,2,5,0,6,0,0,1
59400241,0,,,15,6,9,0,0,0,15,6,9,8,4,4,15,6,9,15,6,9,7,2,5,3,1,2,1,0,1,0,0,0,0,0,0,7,7,2,2,3,0,0,0,0,5,4,1,0,5,0,2,1
59400242,0,,,11,6,5,0,0,0,11,6,5,4,3,1,11,6,5,11,6,5,7,3,4,3,0,3,2,0,2,0,0,0,0,0,0,5,5,2,1,1,1,0,0,0,3,1,2,0,5,0,2,1
59400246,1,,59400235;59400236,13,6,7,1,1,0,26,13,13,13,7,6,26,13,13,26,13,13,13,6,7,8,3,5,4,1,3,0,0,0,0,0,0,6,6,0,6,2,1,1,0,0,9,8,1,1,8,0,0,2
59400247,0,,,47,25,22,0,0,0,47,25,22,25,14,11,47,25,22,46,24,22,22,11,11,15,7,8,8,4,4,1,0,1,0,0,0,16,16,2,4,6,2,1,1,0,14,7,7,0,13,0,1,1
59400248,0,,,105,50,55,6,4,2,99,46,53,51,24,27,96,46,50,95,46,49,48,22,26,26,8,18,9,3,6,0,0,0,1,0,1,38,38,8,11,8,5,5,1,0,30,15,15,2,34,0,6,4
59400249,2,59400239,,9,4,5,*,*,*,*,*,*,*,*,*,*,*,*,*,*,*,*,*,*,*,*,*,*,*,*,*,*,*,*,*,*,2,2,*,*,*,*,*,*,*,*,*,*,*,*,*,*,*
59400250,1,,59400260,16,8,8,1,1,0,26,11,15,8,3,5,26,11,15,26,11,15,18,8,10,11,5,6,3,1,2,0,0,0,0,0,0,8,8,1,6,1,1,0,0,1,9,6,3,1,10,0,1,3
59400251,0,,,19,10,9,0,0,0,19,10,9,7,4,3,19,10,9,19,10,9,12,6,6,8,4,4,4,2,2,0,0,0,0,0,0,8,8,2,4,0,1,1,0,0,6,4,2,0,6,0,1,3
59400252,0,,,16,9,7,0,0,0,16,9,7,4,3,1,16,9,7,16,9,7,12,6,6,3,1,2,2,0,2,0,0,0,0,0,0,7,7,2,3,1,0,1,0,0,5,3,2,0,6,0,1,2
59400253,1,,59400254,74,42,32,3,3,0,79,43,36,39,20,19,78,43,35,78,43,35,40,23,17,16,10,6,5,4,1,0,0,0,0,0,0,24,24,2,11,5,4,3,2,0,25,16,9,2,23,0,1,7
59400254,2,59400253,,8,4,4,*,*,*,*,*,*,*,*,*,*,*,*,*,*,*,*,*,*,*,*,*,*,*,*,*,*,*,*,*,*,3,3,*,*,*,*,*,*,*,*,*,*,*,*,*,*,*
59400258,1,,59400259,21,9,12,1,1,0,22,9,13,12,5,7,22,9,13,21,8,13,10,4,6,4,3,1,1,0,1,0,0,0,0,0,0,10,10,4,3,3,1,0,0,0,7,3,4,0,8,0,3,2
59400259,2,59400258,,2,1,1,*,*,*,*,*,*,*,*,*,*,*,*,*,*,*,*,*,*,*,*,*,*,*,*,*,*,*,*,*,*,1,1,*,*,*,*,*,*,*,*,*,*,*,*,*,*,*
59400260,2,59400250,,11,4,7,*,*,*,*,*,*,*,*,*,*,*,*,*,*,*,*,*,*,*,*,*,*,*,*,*,*,*,*,*,*,2,2,*,*,*,*,*,*,*,*,*,*,*,*,*,*,*
59400266,1,,59400267,36,18,18,2,1,1,39,20,19,20,12,8,39,20,19,38,19,19,19,8,11,9,2,7,5,1,4,0,0,0,0,0,0,12,12,2,6,2,2,0,1,1,12,7,5,1,13,0,1,5
59400267,2,59400266,,5,3,2,*,*,*,*,*,*,*,*,*,*,*,*,*,*,*,*,*,*,*,*,*,*,*,*,*,*,*,*,*,*,2,2,*,*,*,*,*,*,*,*,*,*,*,*,*,*,*
59400268,0,,,22,9,13,0,0,0,22,9,13,11,5,6,21,9,12,21,9,12,11,4,7,5,2,3,3,1,2,0,0,0,0,0,0,8,8,2,0,4,2,0,0,0,6,4,2,0,7,0,2,0
59400274,2,59400284,,3,1,2,*,*,*,*,*,*,*,*,*,*,*,*,*,*,*,*,*,*,*,*,*,*,*,*,*,*,*,*,*,*,2,2,*,*,*,*,*,*,*,*,*,*,*,*,*,*,*
59400275,2,59400284,,7,3,4,*,*,*,*,*,*,*,*,*,*,*,*,*,*,*,*,*,*,*,*,*,*,*,*,*,*,*,*,*,*,3,3,*,*,*,*,*,*,*,*,*,*,*,*,*,*,*
59400277,0,,,13,8,5,0,0,0,13,8,5,7,6,1,13,8,5,13,8,5,6,2,4,4,1,3,1,0,1,1,0,1,0,0,0,6,6,2,1,3,0,0,0,0,4,2,2,0,4,0,0,1
59400278,0,,,28,11,17,2,0,2,26,11,15,15,7,8,26,11,15,26,11,15,11,4,7,5,1,4,2,1,1,0,0,0,0,0,0,10,10,2,3,2,2,0,1,0,8,4,4,1,9,0,2,0
59400283,2,59400293,,4,2,2,*,*,*,*,*,*,*,*,*,*,*,*,*,*,*,*,*,*,*,*,*,*,*,*,*,*,*,*,*,*,2,2,*,*,*,*,*,*,*,*,*,*,*,*,*,*,*
59400284,1,,59400274;59400275,30,12,18,2,0,2,38,16,22,19,10,9,38,16,22,37,16,21,19,6,13,11,3,8,3,2,1,0,0,0,0,0,0,10,10,5,4,3,1,0,0,2,10,5,5,1,15,0,5,1
59400285,1,,59400295,22,9,13,0,0,0,31,13,18,13,5,8,31,13,18,31,13,18,18,8,10,10,4,6,4,0,4,0,0,0,0,0,0,8,8,4,1,2,2,1,1,0,7,2,5,0,10,0,3,1
59400287,0,,,17,8,9,0,0,0,17,8,9,8,5,3,17,8,9,17,8,9,9,3,6,5,1,4,1,0,1,0,0,0,0,0,0,8,8,3,2,2,1,0,0,0,5,2,3,0,7,0,2,1
59400288,0,,,43,21,22,2,0,2,41,21,20,19,12,7,41,21,20,41,21,20,22,9,13,13,6,7,6,4,2,0,0,0,0,0,0,14,14,2,3,4,3,1,1,0,12,5,7,1,14,0,2,1
59400289,0,,,22,10,12,1,0,1,21,10,11,9,5,4,20,10,10,20,10,10,12,5,7,6,1,5,4,1,3,0,0,0,0,0,0,8,8,2,3,1,1,0,0,1,5,3,2,0,7,0,2,0
59400291,0,,,9,4,5,0,0,0,9,4,5,3,1,2,9,4,5,9,4,5,6,3,3,0,0,0,0,0,0,0,0,0,0,0,0,5,5,1,4,0,0,0,0,0,4,4,0,0,4,0,1,3
59400292,0,,,28,12,16,2,1,1,26,11,15,12,3,9,24,11,13,24,11,13,14,8,6,5,3,2,0,0,0,0,0,0,0,0,0,9,9,1,4,0,1,3,0,0,8,3,5,0,9,0,1,2
59400293,1,,59400283,13,5,8,0,0,0,17,7,10,7,4,3,17,7,10,17,7,10,10,3,7,4,1,3,2,0,2,0,0,0,0,0,0,6,6,2,5,0,0,1,0,0,6,5,1,0,7,0,2,3
59400295,2,59400285,,9,4,5,*,*,*,*,*,*,*,*,*,*,*,*,*,*,*,*,*,*,*,*,*,*,*,*,*,*,*,*,*,*,3,3,*,*,*,*,*,*,*,*,*,*,*,*,*,*,*
59400296,0,,,41,19,22,2,1,1,39,18,21,19,9,10,39,18,21,39,18,21,20,9,11,12,5,7,6,3,3,0,0,0,0,0,0,13,13,1,5,2,3,1,0,1,12,5,7,1,11,0,0,3
59400297,0,,,12,6,6,1,0,1,11,6,5,6,3,3,10,5,5,10,5,5,5,3,2,3,2,1,1,1,0,0,0,0,1,0,1,4,4,0,2,1,0,1,0,0,4,2,2,0,4,0,0,1
59400298,0,,,28,13,15,0,0,0,28,13,15,14,6,8,28,13,15,28,13,15,14,7,7,12,7,5,3,1,2,0,0,0,0,0,0,10,10,0,7,1,0,1,1,0,10,8,2,0,9,0,0,3
59400299,0,,,9,4,5,0,0,0,9,4,5,2,1,1,9,4,5,9,4,5,7,3,4,5,3,2,0,0,0,0,0,0,0,0,0,5,5,2,2,1,0,0,0,0,3,3,0,0,5,0,2,1
59400300,2,59400310,,7,3,4,*,*,*,*,*,*,*,*,*,*,*,*,*,*,*,*,*,*,*,*,*,*,*,*,*,*,*,*,*,*,4,4,*,*,*,*,*,*,*,*,*,*,*,*,*,*,*
59400301,0,,,136,65,71,7,2,5,129,63,66,64,34,30,126,62,64,126,62,64,65,29,36,38,18,20,18,9,9,0,0,0,0,0,0,42,42,3,14,9,8,4,2,2,39,23,16,2,38,0,2,6
59400302,0,,,91,43,48,9,2,7,82,41,41,41,21,20,80,40,40,80,40,40,41,20,21,17,8,9,6,3,3,1,1,0,0,0,0,29,29,5,8,4,7,2,2,1,24,14,10,2,24,0,4,5
59400303,0,,,83,36,47,2,2,0,81,34,47,18,11,7,81,34,47,81,34,47,63,23,40,48,17,31,34,11,23,7,3,4,0,0,0,18,16,2,6,6,0,2,0,0,14,11,3,0,13,0,1,5
59400304,0,,,259,124,135,18,8,10,241,116,125,119,64,55,235,112,123,235,112,123,122,52,70,57,21,36,15,6,9,2,0,2,0,0,0,90,90,16,33,11,15,8,5,2,73,44,29,2,78,0,14,16
59400305,0,,,95,48,47,5,4,1,90,44,46,53,30,23,90,44,46,88,43,45,37,14,23,22,5,17,9,2,7,0,0,0,0,0,0,33,33,6,7,9,7,4,0,0,27,14,13,1,25,0,3,3
59400306,0,,,146,66,80,11,7,4,135,59,76,62,34,28,134,59,75,134,59,75,73,25,48,37,5,32,20,2,18,3,0,3,0,0,0,44,43,6,14,10,6,3,3,1,37,21,16,4,35,0,4,5
59400307,0,,,458,227,231,36,20,16,422,207,215,269,140,129,410,201,209,404,200,204,153,67,86,73,34,39,25,8,17,1,0,1,0,0,0,163,163,24,50,42,33,8,6,0,138,104,34,6,96,0,14,15
59400308,0,,,172,80,92,12,5,7,160,75,85,97,50,47,159,75,84,156,72,84,63,25,38,35,11,24,15,5,10,0,0,0,0,0,0,60,60,21,10,7,7,10,3,2,39,17,22,0,45,0,16,3
59400309,0,,,197,93,104,15,5,10,182,88,94,98,49,49,178,85,93,177,85,92,84,39,45,43,17,26,17,6,11,1,0,1,1,0,1,66,66,12,15,17,12,5,4,1,54,28,26,5,50,0,7,9
59400310,1,,59400300,58,27,31,6,2,4,59,28,31,26,12,14,59,28,31,59,28,31,33,16,17,13,5,8,4,0,4,0,0,0,0,0,0,18,18,4,8,6,0,1,1,2,18,11,7,2,20,0,3,6
59400311,0,,,133,65,68,15,8,7,118,57,61,65,34,31,113,53,60,111,51,60,53,23,30,25,11,14,9,2,7,1,0,1,2,0,2,45,45,8,17,4,7,4,4,1,37,24,13,4,32,0,5,12
59400312,0,,,320,157,163,27,18,9,293,139,154,173,88,85,282,135,147,278,133,145,120,51,69,67,24,43,22,6,16,3,2,1,1,0,1,108,108,16,34,23,16,13,4,2,92,56,36,7,81,1,12,16
59400313,0,,,856,360,496,73,40,33,783,320,463,388,191,197,756,304,452,744,295,449,395,129,266,289,76,213,175,31,144,18,0,18,0,0,0,252,249,52,91,45,36,18,4,3,197,153,44,11,137,2,34,33
59400314,1,,59400315;59400324,661,302,359,48,21,27,626,286,340,298,151,147,609,276,333,604,272,332,328,135,193,162,55,107,57,19,38,5,2,3,1,0,1,261,259,75,80,45,38,15,9,3,190,121,69,9,212,0,60,42
59400315,2,59400314,,12,4,8,*,*,*,*,*,*,*,*,*,*,*,*,*,*,*,*,*,*,*,*,*,*,*,*,*,*,*,*,*,*,4,4,*,*,*,*,*,*,*,*,*,*,*,*,*,*,*
59400316,0,,,407,198,209,49,28,21,358,170,188,205,104,101,347,164,183,343,162,181,153,66,87,81,32,49,32,9,23,1,0,1,1,0,1,132,132,17,42,25,24,13,8,3,115,72,43,10,98,0,14,18
59400317,0,,,135,64,71,22,10,12,113,54,59,60,33,27,111,53,58,111,53,58,53,21,32,27,9,18,10,2,8,0,0,0,0,0,0,40,40,4,9,11,7,5,2,2,36,19,17,5,36,0,4,3
59400318,0,,,190,91,99,9,4,5,181,87,94,98,47,51,177,83,94,176,83,93,83,40,43,41,20,21,12,2,10,0,0,0,0,0,0,56,56,4,18,7,10,13,4,0,52,28,24,1,48,0,3,10
59400319,0,,,37,14,23,4,2,2,33,12,21,16,6,10,32,12,20,31,11,20,17,6,11,6,1,5,5,1,4,1,0,1,0,0,0,12,12,1,4,2,3,2,0,0,11,6,5,1,10,0,1,0
59400320,0,,,123,59,64,4,3,1,119,56,63,60,30,30,116,55,61,114,53,61,59,26,33,30,9,21,12,2,10,1,0,1,0,0,0,44,44,8,13,13,4,3,2,1,36,18,18,1,38,0,4,5
59400321,0,,,72,34,38,5,2,3,67,32,35,36,17,19,66,32,34,66,32,34,31,15,16,14,5,9,8,2,6,0,0,0,6,0,6,32,32,13,9,5,2,2,0,1,19,12,7,0,21,1,6,3
59400322,0,,,70,34,36,9,5,4,61,29,32,42,23,19,58,27,31,58,27,31,19,6,13,15,4,11,0,0,0,0,0,0,0,0,0,17,17,1,4,2,4,3,0,3,16,6,10,3,14,0,0,1
59400323,0,,,228,87,141,5,3,2,223,84,139,29,15,14,221,84,137,221,84,137,194,69,125,172,54,118,120,26,94,24,3,21,0,0,0,21,17,2,5,4,2,4,0,0,15,9,6,1,16,0,2,5
59400324,2,59400314,,2,2,0,*,*,*,*,*,*,*,*,*,*,*,*,*,*,*,*,*,*,*,*,*,*,*,*,*,*,*,*,*,*,2,2,*,*,*,*,*,*,*,*,*,*,*,*,*,*,*
59400325,0,,,237,113,124,21,11,10,216,102,114,115,49,66,214,101,113,211,101,110,101,53,48,43,17,26,16,6,10,1,0,1,0,0,0,67,67,6,18,12,14,6,6,5,59,26,33,4,63,0,6,11
59400326,1,,59400336,66,31,35,10,2,8,62,31,31,32,16,16,58,30,28,58,30,28,30,15,15,9,2,7,4,1,3,1,0,1,0,0,0,17,17,4,4,1,6,1,1,3,16,7,9,3,18,0,2,1
59400327,0,,,220,113,107,15,9,6,205,104,101,114,61,53,199,99,100,198,99,99,91,43,48,43,16,27,15,3,12,1,0,1,0,0,0,63,63,4,15,18,10,8,6,2,59,30,29,4,54,0,3,11
59400328,0,,,136,63,73,24,14,10,112,49,63,65,28,37,111,48,63,111,48,63,47,21,26,18,7,11,6,2,4,1,0,1,0,0,0,34,34,2,9,7,3,4,4,5,32,14,18,8,28,0,1,6
59400329,0,,,197,100,97,18,8,10,179,92,87,97,53,44,174,89,85,171,87,84,82,39,43,40,20,20,18,8,10,1,0,1,0,0,0,57,57,6,8,20,12,3,4,4,51,17,34,1,48,0,4,5
59400330,1,,59400340,27,15,12,3,3,0,26,13,13,11,6,5,26,13,13,26,13,13,15,7,8,7,4,3,4,2,2,0,0,0,0,0,0,10,10,2,3,3,3,0,0,0,9,6,3,0,9,0,1,3
59400332,1,,59400333,31,17,14,4,2,2,34,17,17,22,12,10,30,14,16,30,14,16,12,5,7,6,2,4,5,2,3,1,0,1,0,0,0,9,9,1,2,2,3,0,0,2,9,5,4,0,6,0,0,1
59400333,2,59400332,,7,2,5,*,*,*,*,*,*,*,*,*,*,*,*,*,*,*,*,*,*,*,*,*,*,*,*,*,*,*,*,*,*,1,1,*,*,*,*,*,*,*,*,*,*,*,*,*,*,*
59400335,0,,,168,70,98,19,8,11,149,62,87,60,30,30,147,62,85,146,61,85,89,32,57,57,15,42,36,8,28,3,0,3,0,0,0,40,39,5,12,3,10,4,1,4,33,19,14,6,34,0,5,5
59400336,2,59400326,,6,2,4,*,*,*,*,*,*,*,*,*,*,*,*,*,*,*,*,*,*,*,*,*,*,*,*,*,*,*,*,*,*,3,3,*,*,*,*,*,*,*,*,*,*,*,*,*,*,*
59400337,0,,,229,107,122,13,6,7,216,101,115,108,56,52,210,99,111,209,99,110,108,45,63,46,14,32,13,3,10,1,0,1,0,0,0,82,82,14,29,13,16,7,2,1,68,41,27,3,69,0,10,19
59400339,0,,,153,74,79,15,8,7,138,66,72,64,36,28,134,63,71,134,63,71,74,30,44,34,12,22,11,2,9,1,1,0,0,0,0,51,51,9,15,11,7,2,6,1,42,22,20,3,43,0,6,8
59400340,2,59400330,,2,1,1,*,*,*,*,*,*,*,*,*,*,*,*,*,*,*,*,*,*,*,*,*,*,*,*,*,*,*,*,*,*,1,1,*,*,*,*,*,*,*,*,*,*,*,*,*,*,*
59400343,0,,,21,9,12,0,0,0,21,9,12,10,5,5,21,9,12,21,9,12,11,4,7,6,2,4,4,1,3,1,0,1,0,0,0,8,8,3,1,1,2,1,0,0,5,2,3,0,7,0,2,1
59400345,0,,,244,116,128,35,13,22,209,103,106,115,62,53,208,102,106,206,101,105,94,41,53,48,17,31,18,5,13,0,0,0,1,0,1,75,75,10,21,19,9,4,7,5,64,34,30,7,60,0,7,6
59400346,0,,,16,4,12,3,0,3,13,4,9,10,4,6,13,4,9,13,4,9,3,0,3,1,0,1,1,0,1,0,0,0,0,0,0,5,5,0,2,1,1,1,0,0,5,2,3,0,3,0,0,0
59400347,0,,,133,63,70,9,2,7,124,61,63,66,34,32,122,59,63,121,59,62,58,27,31,24,11,13,7,5,2,0,0,0,0,0,0,40,40,4,11,5,11,7,1,1,36,19,17,2,33,0,3,7
59400348,0,,,11,4,7,0,0,0,11,4,7,5,2,3,11,4,7,11,4,7,6,2,4,4,1,3,0,0,0,0,0,0,0,0,0,5,5,2,1,1,1,0,0,0,3,1,2,0,5,0,2,1
59400349,0,,,198,96,102,20,12,8,178,84,94,100,49,51,174,83,91,173,82,91,78,35,43,41,15,26,13,3,10,1,1,0,1,0,1,64,64,11,17,15,8,5,5,3,53,21,32,5,53,0,9,8
59400355,0,,,237,117,120,19,11,8,218,106,112,113,55,58,209,101,108,208,100,108,105,51,54,36,16,20,12,5,7,1,0,1,0,0,0,83,83,13,27,17,17,5,2,2,70,47,23,4,63,0,10,17
59400356,0,,,130,65,65,15,10,5,115,55,60,65,32,33,113,54,59,113,54,59,50,23,27,27,12,15,11,5,6,0,0,0,0,0,0,39,39,9,10,7,2,2,4,5,30,13,17,4,32,0,6,4
59400357,0,,,69,33,36,8,4,4,61,29,32,32,17,15,61,29,32,61,29,32,29,12,17,15,6,9,6,2,4,0,0,0,0,0,0,20,20,1,3,8,4,2,2,0,19,6,13,1,17,0,1,0
59400358,0,,,76,33,43,2,0,2,74,33,41,39,19,20,70,31,39,70,31,39,35,14,21,18,7,11,8,2,6,0,0,0,0,0,0,26,26,2,11,5,6,0,1,1,24,14,10,2,23,0,1,6
59400359,0,,,175,87,88,10,7,3,165,80,85,82,43,39,161,77,84,161,77,84,83,37,46,41,15,26,19,6,13,3,2,1,0,0,0,58,58,5,23,15,4,5,4,2,53,31,22,4,47,0,2,14
59400365,0,,,124,54,70,13,6,7,111,48,63,62,27,35,109,48,61,106,47,59,49,21,28,25,10,15,7,2,5,0,0,0,0,0,0,37,37,5,8,8,10,0,3,3,32,14,18,4,31,0,5,5
59400366,0,,,161,71,90,18,10,8,143,61,82,75,35,40,140,60,80,139,59,80,68,26,42,27,6,21,14,2,12,2,0,2,0,0,0,47,47,4,18,5,6,7,3,4,43,24,19,3,40,0,3,10
59400367,0,,,196,92,104,18,12,6,178,80,98,86,37,49,171,77,94,170,77,93,92,43,49,37,14,23,15,4,11,2,1,1,1,0,1,59,59,8,19,9,6,7,7,3,51,23,28,3,51,0,6,13
59400368,0,,,104,51,53,8,5,3,96,46,50,44,23,21,92,44,48,91,44,47,52,23,29,26,11,15,7,1,6,0,0,0,1,0,1,36,36,6,12,8,5,2,1,2,30,14,16,1,33,0,5,10
59400369,0,,,66,31,35,4,4,0,62,27,35,32,13,19,62,27,35,60,27,33,30,14,16,17,7,10,9,4,5,1,1,0,0,0,0,23,23,5,4,7,4,2,1,0,18,7,11,1,19,0,3,4
59400372,2,59400374,,1,1,0,*,*,*,*,*,*,*,*,*,*,*,*,*,*,*,*,*,*,*,*,*,*,*,*,*,*,*,*,*,*,1,1,*,*,*,*,*,*,*,*,*,*,*,*,*,*,*
59400374,1,,59400372;59400380,19,9,10,4,2,2,18,9,9,10,4,6,18,9,9,18,9,9,8,5,3,3,1,2,2,0,2,0,0,0,0,0,0,5,5,3,1,0,1,0,1,1,4,1,3,0,5,0,2,0
59400375,0,,,273,134,139,17,8,9,256,126,130,131,64,67,253,124,129,250,121,129,125,62,63,57,25,32,21,8,13,3,2,1,1,0,1,94,94,13,31,24,14,7,2,3,81,51,30,6,79,0,12,17
59400376,0,,,21,10,11,1,0,1,20,10,10,13,6,7,20,10,10,20,10,10,7,4,3,4,3,1,3,2,1,0,0,0,0,0,0,7,7,2,1,1,1,2,0,0,5,2,3,1,5,0,2,0
59400377,0,,,27,12,15,1,0,1,26,12,14,14,6,8,26,12,14,26,12,14,12,6,6,7,3,4,2,1,1,0,0,0,0,0,0,9,9,1,3,2,1,2,0,0,8,4,4,1,8,0,1,1
59400378,0,,,244,100,144,25,13,12,219,87,132,85,48,37,215,83,132,214,83,131,134,39,95,90,19,71,54,5,49,8,2,6,0,0,0,62,60,9,23,9,6,7,6,0,51,37,14,7,42,0,5,11
59400379,0,,,81,37,44,7,2,5,74,35,39,37,17,20,74,35,39,71,35,36,37,18,19,19,8,11,6,3,3,0,0,0,0,0,0,27,27,4,9,5,5,1,2,1,23,13,10,1,23,0,2,8
59400380,2,59400374,,2,1,1,*,*,*,*,*,*,*,*,*,*,*,*,*,*,*,*,*,*,*,*,*,*,*,*,*,*,*,*,*,*,1,1,*,*,*,*,*,*,*,*,*,*,*,*,*,*,*
59400383,2,59400394,,15,7,8,*,*,*,*,*,*,*,*,*,*,*,*,*,*,*,*,*,*,*,*,*,*,*,*,*,*,*,*,*,*,3,3,*,*,*,*,*,*,*,*,*,*,*,*,*,*,*
59400385,1,,59400386,118,58,60,11,7,4,112,53,59,61,29,32,112,53,59,111,53,58,51,24,27,26,11,15,13,5,8,2,0,2,0,0,0,39,39,7,17,7,4,0,5,2,35,24,11,3,33,0,5,7
59400386,2,59400385,,5,2,3,*,*,*,*,*,*,*,*,*,*,*,*,*,*,*,*,*,*,*,*,*,*,*,*,*,*,*,*,*,*,3,3,*,*,*,*,*,*,*,*,*,*,*,*,*,*,*
59400387,0,,,22,8,14,1,0,1,21,8,13,11,5,6,21,8,13,21,8,13,10,3,7,5,1,4,4,1,3,0,0,0,0,0,0,13,13,7,3,3,0,0,0,0,6,5,1,1,7,0,5,0
59400388,0,,,971,457,514,90,44,46,881,413,468,473,229,244,859,404,455,847,399,448,408,184,224,217,91,126,79,30,49,2,0,2,1,0,1,345,341,81,110,68,40,23,14,5,256,183,73,24,253,0,65,63
59400389,0,,,128,56,72,15,7,8,113,49,64,56,27,29,111,48,63,109,48,61,57,22,35,24,7,17,12,2,10,1,0,1,0,0,0,40,40,5,11,11,3,5,4,1,35,17,18,3,34,0,3,4
59400390,2,59400394,,2,1,1,*,*,*,*,*,*,*,*,*,*,*,*,*,*,*,*,*,*,*,*,*,*,*,*,*,*,*,*,*,*,1,1,*,*,*,*,*,*,*,*,*,*,*,*,*,*,*
59400394,1,,59400383;59400390,39,20,19,3,0,3,51,27,24,26,16,10,50,26,24,49,25,24,25,11,14,12,4,8,3,1,2,0,0,0,0,0,0,16,16,2,11,2,3,0,0,2,17,13,4,0,14,0,1,6
59400395,0,,,135,60,75,18,9,9,117,51,66,62,30,32,112,49,63,108,47,61,55,21,34,23,7,16,9,0,9,0,0,0,0,0,0,45,45,5,21,7,3,4,4,1,39,26,13,3,35,0,4,10
59400396,0,,,293,151,142,34,21,13,259,130,129,149,80,69,254,127,127,252,127,125,110,50,60,53,22,31,20,9,11,3,0,3,0,0,0,93,93,14,25,22,12,10,7,3,78,42,36,11,70,0,10,14
59400397,0,,,85,41,44,13,6,7,72,35,37,44,23,21,69,34,35,66,33,33,28,12,16,12,5,7,5,0,5,1,0,1,0,0,0,24,24,4,5,5,3,3,2,2,20,9,11,1,16,0,1,3
59400398,0,,,374,159,215,27,12,15,342,145,197,153,71,82,338,145,193,336,143,193,189,74,115,116,42,74,42,10,32,6,0,6,1,0,1,147,145,38,51,29,18,4,2,3,106,73,33,7,109,0,24,26
59400399,0,,,337,152,185,30,10,20,307,142,165,177,84,93,299,139,160,296,139,157,130,58,72,62,27,35,23,11,12,0,0,0,0,0,0,127,127,21,46,31,19,6,3,1,106,84,22,8,84,0,13,21
59400400,0,,,100,43,57,13,5,8,87,38,49,56,29,27,83,37,46,82,36,46,31,9,22,18,3,15,11,3,8,2,1,1,0,0,0,30,30,4,6,5,9,3,3,0,26,12,14,3,22,0,3,2
59400401,0,,,134,63,71,13,7,6,121,56,65,56,30,26,119,55,64,117,54,63,65,26,39,31,10,21,13,2,11,1,0,1,0,0,0,46,46,4,20,9,4,7,2,0,42,30,12,3,36,0,2,14
59400402,0,,,137,64,73,18,11,7,119,53,66,63,32,31,115,52,63,113,51,62,56,21,35,36,11,25,24,6,18,0,0,0,0,0,0,39,38,5,14,6,5,3,1,4,33,19,14,4,25,0,3,5
59400403,0,,,286,133,153,17,7,10,269,126,143,145,66,79,264,125,139,264,125,139,124,60,64,70,33,37,25,8,17,2,1,1,0,0,0,103,103,17,31,28,18,5,2,2,86,50,36,6,78,0,12,14
59400404,0,,,190,92,98,22,13,9,168,79,89,100,49,51,161,73,88,156,73,83,68,30,38,22,8,14,10,3,7,2,0,2,8,0,8,80,80,27,22,13,11,6,1,0,52,43,9,3,43,4,10,10
59400405,0,,,838,386,452,106,48,58,732,338,394,446,219,227,704,322,382,688,311,377,286,119,167,140,58,82,42,12,30,1,1,0,2,1,1,329,329,73,122,64,40,19,7,4,255,207,48,19,189,2,46,57
59400406,1,,59400407,85,38,47,8,4,4,80,35,45,38,21,17,80,35,45,80,35,45,42,14,28,21,8,13,9,3,6,1,1,0,1,0,1,29,29,7,9,5,5,3,1,1,24,13,11,1,27,0,6,4
59400407,2,59400406,,3,1,2,*,*,*,*,*,*,*,*,*,*,*,*,*,*,*,*,*,*,*,*,*,*,*,*,*,*,*,*,*,*,2,2,*,*,*,*,*,*,*,*,*,*,*,*,*,*,*
59400410,0,,,185,85,100,21,11,10,164,74,90,90,43,47,160,71,89,159,71,88,74,31,43,41,13,28,21,9,12,4,1,3,0,0,0,52,52,6,10,13,9,7,1,6,46,23,23,5,46,0,6,4
59400411,0,,,88,41,47,5,2,3,83,39,44,46,25,21,81,39,42,80,38,42,37,14,23,18,5,13,7,1,6,0,0,0,0,0,0,35,35,7,13,9,3,2,1,0,28,14,14,1,26,0,5,3
59400412,0,,,416,182,234,43,24,19,373,158,215,143,71,72,366,153,213,361,150,211,230,87,143,142,49,93,71,19,52,10,3,7,0,0,0,97,95,12,23,24,19,6,6,5,83,48,35,10,77,0,11,14
59400413,0,,,47,25,22,10,7,3,37,18,19,20,12,8,37,18,19,37,18,19,17,6,11,6,1,5,1,0,1,0,0,0,0,0,0,15,15,5,3,1,3,1,0,2,9,5,4,3,11,0,3,2
59400414,0,,,170,79,91,14,7,7,156,72,84,85,43,42,147,67,80,146,66,80,71,29,42,32,14,18,14,7,7,0,0,0,1,0,1,55,55,7,21,8,6,8,2,3,47,29,18,1,44,0,4,11
59400415,0,,,161,80,81,17,8,9,144,72,72,86,45,41,143,71,72,142,71,71,58,27,31,35,16,19,14,5,9,1,0,1,3,1,2,46,46,5,11,9,10,4,3,4,41,21,20,5,31,0,3,5
59400416,0,,,102,49,53,5,1,4,97,48,49,50,27,23,95,47,48,95,47,48,47,21,26,24,8,16,16,5,11,3,0,3,1,0,1,34,34,2,10,14,4,2,2,0,32,21,11,1,27,0,2,5
59400420,0,,,81,38,43,6,3,3,75,35,40,34,19,15,75,35,40,75,35,40,41,16,25,18,6,12,4,0,4,1,0,1,0,0,0,26,26,2,9,9,3,0,1,2,24,17,7,2,22,0,0,5
59400421,0,,,158,87,71,11,8,3,147,79,68,77,48,29,144,78,66,141,75,66,70,31,39,32,14,18,12,3,9,2,1,1,0,0,0,51,51,9,14,9,9,5,3,2,42,24,18,2,44,0,6,7
59400422,0,,,90,44,46,12,8,4,78,36,42,44,22,22,76,34,42,75,33,42,34,14,20,13,6,7,4,2,2,1,0,1,0,0,0,29,29,3,10,6,6,1,1,2,26,16,10,1,21,0,1,4
59400423,0,,,168,71,97,15,2,13,153,69,84,86,38,48,151,69,82,150,69,81,67,31,36,28,10,18,10,4,6,0,0,0,0,0,0,54,54,9,12,15,9,5,1,3,45,24,21,4,45,0,7,6
59400424,0,,,194,89,105,23,10,13,171,79,92,99,47,52,166,76,90,163,76,87,72,32,40,36,17,19,14,4,10,2,1,1,0,0,0,62,62,11,13,11,18,5,1,3,51,31,20,6,46,0,11,6
59400425,0,,,284,89,195,8,3,5,276,86,190,75,44,31,271,84,187,267,82,185,201,42,159,159,23,136,98,12,86,7,2,5,0,0,0,47,46,7,14,9,8,3,5,0,38,23,15,1,38,0,6,6
59400426,0,,,66,31,35,2,1,1,64,30,34,25,13,12,62,30,32,61,30,31,39,17,22,12,3,9,4,1,3,0,0,0,0,0,0,25,25,5,7,9,2,0,2,0,20,14,6,0,22,0,4,3
59400427,0,,,36,17,19,5,4,1,31,13,18,15,8,7,31,13,18,30,13,17,16,5,11,9,2,7,2,0,2,0,0,0,0,0,0,13,13,2,6,2,0,2,1,0,11,6,5,1,11,0,2,2
59400430,0,,,217,102,115,16,5,11,201,97,104,109,57,52,199,95,104,196,94,102,92,40,52,53,19,34,22,6,16,1,0,1,0,0,0,77,77,14,23,19,12,3,5,1,63,37,26,6,58,0,10,10
59400431,0,,,178,89,89,18,13,5,160,76,84,87,43,44,157,75,82,155,74,81,73,33,40,26,9,17,13,4,9,1,0,1,0,0,0,53,53,5,14,14,10,3,3,4,48,26,22,6,43,0,5,3
59400432,0,,,359,162,197,31,18,13,328,144,184,166,82,84,315,138,177,312,135,177,162,62,100,81,26,55,31,8,23,3,1,2,0,0,0,135,135,33,43,24,19,7,6,3,102,62,40,5,103,0,23,28
59400433,0,,,178,88,90,11,4,7,167,84,83,96,56,40,165,83,82,164,82,82,71,28,43,35,10,25,13,3,10,2,1,1,0,0,0,50,49,11,16,10,9,2,0,1,38,29,9,3,32,0,7,6
59400434,0,,,125,61,64,7,3,4,118,58,60,59,31,28,116,57,59,114,55,59,59,27,32,25,10,15,8,4,4,0,0,0,0,0,0,40,40,6,10,10,7,3,2,2,34,17,17,1,37,0,5,6
59400435,0,,,203,109,94,13,9,4,190,100,90,101,51,50,188,98,90,188,98,90,89,49,40,40,19,21,20,8,12,0,0,0,1,0,1,67,66,9,21,17,9,5,4,1,57,31,26,4,52,1,5,11
59400440,0,,,106,47,59,6,2,4,100,45,55,57,27,30,98,44,54,96,42,54,43,18,25,21,4,17,11,2,9,0,0,0,1,0,1,31,31,2,9,8,5,2,4,1,29,12,17,3,27,0,2,2
59400441,0,,,103,52,51,6,4,2,97,48,49,59,34,25,93,46,47,93,46,47,38,14,24,26,8,18,14,4,10,2,0,2,0,0,0,33,33,6,8,5,8,3,2,1,27,13,14,2,26,0,6,3
59400442,0,,,179,89,90,20,11,9,159,78,81,94,49,45,152,73,79,151,73,78,65,29,36,32,11,21,14,4,10,2,1,1,0,0,0,57,57,7,13,17,12,4,2,2,50,26,24,5,40,0,5,6
59400443,0,,,129,64,65,8,3,5,121,61,60,69,37,32,121,61,60,120,60,60,52,24,28,31,14,17,17,6,11,0,0,0,0,0,0,38,38,3,8,14,3,6,2,2,33,11,22,3,31,0,2,2
59400444,0,,,112,43,69,12,5,7,100,38,62,48,22,26,97,35,62,97,35,62,52,16,36,38,8,30,26,6,20,2,0,2,0,0,0,24,23,0,5,7,5,2,2,2,23,10,13,3,19,0,0,4
59400445,0,,,310,159,151,22,13,9,288,146,142,151,82,69,283,145,138,275,140,135,137,64,73,78,35,43,30,10,20,3,1,2,0,0,0,102,102,12,39,21,10,9,7,4,90,53,37,7,88,0,10,19
59400450,0,,,157,75,82,10,3,7,147,72,75,86,45,41,143,69,74,141,68,73,61,27,34,33,13,20,12,3,9,0,0,0,1,0,1,49,49,6,11,15,7,6,2,2,43,19,24,5,39,0,4,7
59400451,0,,,110,49,61,6,2,4,104,47,57,62,30,32,99,45,54,95,44,51,42,17,25,25,9,16,9,2,7,0,0,0,0,0,0,34,34,6,4,11,5,5,3,0,28,14,14,1,27,0,3,1
59400452,0,,,65,27,38,8,3,5,57,24,33,27,12,15,55,24,31,55,24,31,30,12,18,16,5,11,11,4,7,0,0,0,0,0,0,19,19,1,5,5,3,4,0,1,18,8,10,2,15,0,0,3
59400453,0,,,107,57,50,8,5,3,99,52,47,63,36,27,98,51,47,98,51,47,36,16,20,13,6,7,8,4,4,0,0,0,3,0,3,36,36,4,12,10,5,2,2,1,32,21,11,1,26,0,2,2
59400454,0,,,139,62,77,7,4,3,132,58,74,64,37,27,129,55,74,128,55,73,68,21,47,48,11,37,24,5,19,4,1,3,0,0,0,40,39,10,7,8,7,2,3,2,29,13,16,2,29,0,6,5
59400455,0,,,541,269,272,40,19,21,501,250,251,254,142,112,493,244,249,486,240,246,247,108,139,123,51,72,38,15,23,4,2,2,1,0,1,196,196,40,60,42,29,15,6,4,156,97,59,15,157,0,29,40
59400456,0,,,266,129,137,14,10,4,252,119,133,133,70,63,245,117,128,245,117,128,119,49,70,58,16,42,22,3,19,1,0,1,0,0,0,100,100,19,35,21,16,6,1,2,80,50,30,5,76,0,13,14
59400460,0,,,218,101,117,25,10,15,193,91,102,122,58,64,186,88,98,185,87,98,71,33,38,31,12,19,10,2,8,1,0,1,0,0,0,68,68,14,11,17,8,12,3,3,54,26,28,8,49,0,9,7
59400461,0,,,152,70,82,13,7,6,139,63,76,70,36,34,137,63,74,136,63,73,69,27,42,32,10,22,11,1,10,1,0,1,0,0,0,52,52,10,15,13,7,4,0,3,42,21,21,2,46,0,9,6
59400462,0,,,325,132,193,30,19,11,295,113,182,136,67,69,286,109,177,284,108,176,159,46,113,112,23,89,80,11,69,17,0,17,1,0,1,85,83,15,19,16,19,7,4,3,68,33,35,7,59,0,11,6
59400463,0,,,226,111,115,35,20,15,191,91,100,106,51,55,188,90,98,187,89,98,85,40,45,37,12,25,18,4,14,1,1,0,0,0,0,72,72,13,21,12,13,4,4,5,59,38,21,11,55,0,10,11
59400464,0,,,122,60,62,18,7,11,104,53,51,55,32,23,99,49,50,98,48,50,49,21,28,22,8,14,6,1,5,1,0,1,0,0,0,35,35,5,10,6,2,4,5,3,30,15,15,3,29,0,3,2
59400465,0,,,127,65,62,18,11,7,109,54,55,63,36,27,107,53,54,107,53,54,46,18,28,20,6,14,4,1,3,0,0,0,1,0,1,38,38,3,10,14,3,3,1,4,34,20,14,4,32,0,3,4
59400466,0,,,218,102,116,16,8,8,202,94,108,122,56,66,196,92,104,191,88,103,80,38,42,35,16,19,13,5,8,2,1,1,1,0,1,73,73,8,28,14,11,6,4,2,65,39,26,3,54,0,5,12
59400470,0,,,148,67,81,21,8,13,127,59,68,79,41,38,121,56,65,119,54,65,48,18,30,23,6,17,11,2,9,0,0,0,0,0,0,40,40,7,5,6,8,6,5,3,33,9,24,4,34,0,4,3
59400471,0,,,187,91,96,14,4,10,173,87,86,101,55,46,165,82,83,163,80,83,72,32,40,33,13,20,10,4,6,0,0,0,0,0,0,59,59,11,18,6,7,10,6,1,47,24,23,3,44,0,7,11
59400472,0,,,175,82,93,22,9,13,153,73,80,85,44,41,148,69,79,145,66,79,68,29,39,32,10,22,9,1,8,0,0,0,0,0,0,58,58,9,12,14,16,6,1,0,49,29,20,5,42,0,6,9
59400473,0,,,128,60,68,14,8,6,114,52,62,84,40,44,108,47,61,108,47,61,30,12,18,18,5,13,5,1,4,0,0,0,0,0,0,36,36,3,10,9,3,6,2,3,32,19,13,4,19,0,1,2
59400474,0,,,127,61,66,11,6,5,116,55,61,60,30,30,113,53,60,113,53,60,56,25,31,23,9,14,10,4,6,1,0,1,1,0,1,38,38,3,9,13,7,1,3,2,34,19,15,3,32,1,1,8
59400475,0,,,314,167,147,28,20,8,286,147,139,154,85,69,275,139,136,273,138,135,132,62,70,65,31,34,29,10,19,3,1,2,0,0,0,95,95,13,23,20,19,7,7,6,82,42,40,6,77,0,8,11
59400476,0,,,100,44,56,15,6,9,85,38,47,51,24,27,83,37,46,83,37,46,34,14,20,23,7,16,7,2,5,0,0,0,0,0,0,27,27,3,6,4,8,0,4,2,24,9,15,6,22,0,2,2
59400477,0,,,25,12,13,5,3,2,20,9,11,12,6,6,18,8,10,17,7,10,8,3,5,4,1,3,0,0,0,0,0,0,0,0,0,5,5,1,1,0,0,0,1,2,4,1,3,0,5,0,1,1
59400480,0,,,90,44,46,5,3,2,85,41,44,48,24,24,82,39,43,81,39,42,37,17,20,22,10,12,9,5,4,1,1,0,0,0,0,35,34,6,13,9,2,2,2,0,28,19,9,1,25,0,3,6
59400481,0,,,373,155,218,39,23,16,334,132,202,169,74,95,325,128,197,323,126,197,165,58,107,106,30,76,53,11,42,8,1,7,1,0,1,107,105,17,23,24,20,12,7,2,88,45,43,14,78,1,13,9
59400482,0,,,120,60,60,10,4,6,110,56,54,58,31,27,110,56,54,109,56,53,52,25,27,25,10,15,12,4,8,0,0,0,0,0,0,40,40,9,7,9,10,3,0,2,31,17,14,1,34,0,8,3
59400483,0,,,119,55,64,6,2,4,113,53,60,62,32,30,108,49,59,108,49,59,51,21,30,26,8,18,7,2,5,0,0,0,3,0,3,43,43,9,14,5,11,2,1,1,34,19,15,0,32,2,6,6
59400484,0,,,237,108,129,28,10,18,209,98,111,123,65,58,201,95,106,199,93,106,86,33,53,46,16,30,14,6,8,0,0,0,1,0,1,67,67,7,17,13,11,10,4,5,60,32,28,7,55,1,5,9
59400485,0,,,164,67,97,32,13,19,132,54,78,73,31,42,126,51,75,123,51,72,59,23,36,33,11,22,19,4,15,3,0,3,0,0,0,46,44,5,13,7,7,6,5,1,39,26,13,7,27,0,4,4
59400486,0,,,190,92,98,19,9,10,171,83,88,104,54,50,168,81,87,165,80,85,67,29,38,40,19,21,9,4,5,0,0,0,0,0,0,54,54,7,12,14,5,6,7,3,47,23,24,5,43,0,5,5
59400487,0,,,42,21,21,5,3,2,37,18,19,25,13,12,35,16,19,34,16,18,12,5,7,5,1,4,3,0,3,0,0,0,1,0,1,11,11,1,2,2,1,4,0,1,10,3,7,2,8,0,1,0
59400490,0,,,61,30,31,8,4,4,53,26,27,38,20,18,50,24,26,49,23,26,15,6,9,7,4,3,1,0,1,0,0,0,0,0,0,20,20,4,6,4,2,2,1,1,16,10,6,0,11,0,3,2
59400491,0,,,251,119,132,20,9,11,231,110,121,133,61,72,221,106,115,221,106,115,98,49,49,48,23,25,20,9,11,3,1,2,1,0,1,79,79,16,18,19,9,6,5,6,63,34,29,4,62,0,11,8
59400492,0,,,114,51,63,10,6,4,104,45,59,64,30,34,102,45,57,101,45,56,40,15,25,17,3,14,9,2,7,1,0,1,0,0,0,36,36,5,7,10,8,3,3,0,31,19,12,0,28,0,4,4
59400493,0,,,278,137,141,52,28,24,226,109,117,153,80,73,213,100,113,210,98,112,73,29,44,39,13,26,15,4,11,1,0,1,0,0,0,101,101,23,27,19,21,8,2,1,77,62,15,10,48,1,14,9
59400494,0,,,352,145,207,32,12,20,318,131,187,185,94,91,312,128,184,311,128,183,133,37,96,88,19,69,60,8,52,18,0,18,1,0,1,110,106,31,22,25,16,7,4,1,73,52,21,10,50,1,10,7
59400495,0,,,71,33,38,5,2,3,66,31,35,38,16,22,65,31,34,63,30,33,28,15,13,13,6,7,5,2,3,0,0,0,0,0,0,26,26,6,10,2,4,2,1,1,20,14,6,2,18,0,2,7
59400496,0,,,252,124,128,25,15,10,227,109,118,117,61,56,223,108,115,221,108,113,110,48,62,54,19,35,18,6,12,0,0,0,2,0,2,85,85,14,27,17,16,4,4,3,71,43,28,6,73,0,12,11
59400497,0,,,39,19,20,4,2,2,35,17,18,14,8,6,34,16,18,34,16,18,21,9,12,11,5,6,4,1,3,0,0,0,0,0,0,12,12,2,3,2,2,1,2,0,10,3,7,1,12,0,2,1
59400498,1,,59400499,107,55,52,9,5,4,102,51,51,48,27,21,101,50,51,100,49,51,54,24,30,27,12,15,13,4,9,1,0,1,0,0,0,38,38,7,11,10,7,2,0,2,32,15,17,3,34,0,6,8
59400499,2,59400498,,4,1,3,*,*,*,*,*,*,*,*,*,*,*,*,*,*,*,*,*,*,*,*,*,*,*,*,*,*,*,*,*,*,1,1,*,*,*,*,*,*,*,*,*,*,*,*,*,*,*
59400508,0,,,17,9,8,3,1,2,14,8,6,5,3,2,14,8,6,14,8,6,9,5,4,6,3,3,5,2,3,0,0,0,0,0,0,4,4,0,1,0,1,1,1,0,4,1,3,1,4,0,0,1
59400519,0,,,32,15,17,4,3,1,28,12,16,14,7,7,28,12,16,27,11,16,14,5,9,7,3,4,1,0,1,0,0,0,1,0,1,11,11,2,5,0,0,4,0,0,9,5,4,0,10,0,2,4
59400528,0,,,17,6,11,0,0,0,17,6,11,7,3,4,17,6,11,17,6,11,10,3,7,5,2,3,4,1,3,0,0,0,0,0,0,9,9,3,5,0,1,0,0,0,6,5,1,0,7,0,3,2
59400537,0,,,33,17,16,2,1,1,31,16,15,9,5,4,31,16,15,31,16,15,22,11,11,15,8,7,3,2,1,0,0,0,1,0,1,16,16,5,8,2,0,0,1,0,11,9,2,0,13,0,4,5
59400538,0,,,16,8,8,0,0,0,16,8,8,8,3,5,16,8,8,16,8,8,8,5,3,3,1,2,0,0,0,0,0,0,0,0,0,8,8,3,3,1,1,0,0,0,5,5,0,0,7,0,3,2
59400548,2,59400558,,5,3,2,*,*,*,*,*,*,*,*,*,*,*,*,*,*,*,*,*,*,*,*,*,*,*,*,*,*,*,*,*,*,1,1,*,*,*,*,*,*,*,*,*,*,*,*,*,*,*
59400549,2,59400558,,8,4,4,*,*,*,*,*,*,*,*,*,*,*,*,*,*,*,*,*,*,*,*,*,*,*,*,*,*,*,*,*,*,2,2,*,*,*,*,*,*,*,*,*,*,*,*,*,*,*
59400557,0,,,22,11,11,0,0,0,22,11,11,11,6,5,22,11,11,21,10,11,11,5,6,6,2,4,3,1,2,1,1,0,0,0,0,8,8,2,2,2,1,0,1,0,6,2,4,0,7,0,1,1
59400558,1,,59400548;59400549;59400559,43,23,20,4,2,2,53,28,25,23,14,9,52,28,24,51,27,24,30,14,16,10,4,6,7,3,4,0,0,0,0,0,0,18,18,5,8,4,3,1,0,1,17,12,5,0,17,0,2,4
59400559,2,59400558,,1,0,1,*,*,*,*,*,*,*,*,*,*,*,*,*,*,*,*,*,*,*,*,*,*,*,*,*,*,*,*,*,*,1,1,*,*,*,*,*,*,*,*,*,*,*,*,*,*,*
59400588,0,,,44,20,24,5,3,2,39,17,22,20,9,11,38,17,21,38,17,21,19,8,11,12,3,9,4,1,3,0,0,0,0,0,0,15,15,3,5,3,2,0,1,1,12,7,5,1,12,0,1,1
59400589,0,,,66,28,38,7,3,4,59,25,34,28,13,15,56,25,31,56,25,31,31,12,19,14,4,10,3,0,3,0,0,0,0,0,0,21,21,1,10,2,4,2,1,1,20,13,7,3,19,0,1,6
59400599,0,,,62,33,29,3,2,1,59,31,28,24,13,11,57,30,27,57,30,27,35,18,17,17,8,9,11,5,6,0,0,0,0,0,0,24,24,9,5,6,0,1,1,2,15,8,7,0,21,0,6,1
59400601,0,,,138,50,88,11,6,5,127,44,83,38,22,16,122,40,82,121,39,82,89,22,67,73,14,59,50,5,45,8,0,8,0,0,0,34,33,11,10,4,2,2,2,2,22,14,8,3,25,0,8,5
59400602,1,,59400603,102,50,52,6,4,2,97,46,51,40,22,18,96,46,50,95,45,50,57,24,33,37,16,21,9,4,5,0,0,0,1,0,1,42,42,9,19,8,4,2,1,0,34,24,10,2,36,1,5,11
59400603,2,59400602,,1,0,1,*,*,*,*,*,*,*,*,*,*,*,*,*,*,*,*,*,*,*,*,*,*,*,*,*,*,*,*,*,*,1,1,*,*,*,*,*,*,*,*,*,*,*,*,*,*,*
59400610,2,59400611,,2,1,1,*,*,*,*,*,*,*,*,*,*,*,*,*,*,*,*,*,*,*,*,*,*,*,*,*,*,*,*,*,*,1,1,*,*,*,*,*,*,*,*,*,*,*,*,*,*,*
59400611,1,,59400610,510,228,282,30,17,13,482,212,270,228,111,117,473,210,263,462,206,256,254,101,153,156,57,99,61,22,39,10,1,9,10,0,10,233,231,101,62,33,21,7,4,4,130,90,40,6,165,20,56,38
59400621,0,,,138,69,69,10,6,4,128,63,65,67,37,30,127,63,64,125,62,63,61,26,35,35,12,23,14,5,9,2,0,2,0,0,0,61,61,23,19,7,8,2,0,2,38,28,10,2,41,5,10,14
59400630,0,,,18,10,8,0,0,0,18,10,8,8,5,3,17,10,7,17,10,7,10,5,5,6,3,3,2,0,2,0,0,0,0,0,0,9,9,4,3,1,0,1,0,0,5,4,1,0,7,0,3,1
59400631,0,,,54,25,29,5,3,2,49,22,27,27,13,14,48,22,26,48,22,26,22,9,13,12,4,8,6,3,3,0,0,0,0,0,0,18,18,1,9,4,0,2,1,1,17,12,5,2,13,0,1,6
59400640,0,,,96,28,68,5,4,1,91,24,67,12,7,5,91,24,67,91,24,67,79,17,62,67,10,57,57,7,50,19,1,18,0,0,0,10,9,2,2,3,0,1,0,1,7,4,3,1,7,0,2,0
59400641,0,,,31,13,18,1,1,0,30,12,18,18,8,10,29,12,17,29,12,17,12,4,8,9,3,6,6,1,5,0,0,0,0,0,0,10,10,1,3,4,0,1,0,1,9,5,4,0,8,0,1,2
59400650,0,,,70,34,36,6,3,3,64,31,33,34,18,16,63,31,32,63,31,32,30,13,17,18,7,11,9,4,5,0,0,0,1,1,0,23,21,5,5,5,1,2,2,1,16,8,8,1,17,1,3,3
59400651,0,,,43,22,21,3,2,1,40,20,20,15,10,5,39,19,20,39,19,20,25,10,15,16,6,10,3,2,1,0,0,0,0,0,0,17,17,4,8,1,1,2,1,0,13,10,3,0,16,0,3,6
59400660,0,,,83,35,48,5,1,4,78,34,44,36,17,19,77,33,44,76,32,44,42,17,25,30,10,20,13,6,7,1,0,1,0,0,0,31,31,9,9,2,7,2,2,0,22,10,12,1,26,0,6,6
59400661,1,,59400671,46,21,25,3,1,2,48,22,26,22,12,10,48,22,26,48,22,26,26,10,16,12,4,8,5,1,4,1,0,1,1,0,1,16,16,5,3,3,1,4,0,1,12,5,7,0,15,0,4,2
59400670,0,,,262,116,146,8,4,4,254,112,142,107,56,51,251,110,141,250,109,141,147,56,91,99,32,67,40,7,33,7,2,5,1,0,1,105,104,30,35,25,3,7,3,1,74,43,31,3,84,2,19,15
59400671,2,59400661,,5,2,3,*,*,*,*,*,*,*,*,*,*,*,*,*,*,*,*,*,*,*,*,*,*,*,*,*,*,*,*,*,*,1,1,*,*,*,*,*,*,*,*,*,*,*,*,*,*,*
59400680,0,,,100,47,53,12,7,5,88,40,48,49,27,22,87,40,47,87,40,47,39,13,26,20,4,16,11,1,10,1,0,1,0,0,0,31,31,4,7,7,9,2,0,2,27,14,13,5,23,1,2,3
59400681,0,,,42,23,19,4,2,2,38,21,17,17,10,7,38,21,17,38,21,17,21,11,10,8,3,5,2,1,1,0,0,0,0,0,0,12,12,0,3,5,1,1,2,0,12,8,4,3,11,0,0,2
59400690,0,,,42,21,21,2,1,1,40,20,20,16,8,8,39,19,20,39,19,20,24,12,12,14,7,7,3,1,2,1,0,1,0,0,0,16,16,3,7,2,2,1,1,0,13,8,5,0,13,0,2,6
59400707,0,,,28,13,15,3,1,2,25,12,13,15,8,7,24,11,13,24,11,13,10,4,6,6,1,5,3,0,3,0,0,0,0,0,0,8,8,1,1,4,0,1,0,1,7,3,4,0,7,0,1,0
59400708,0,,,71,34,37,2,2,0,69,32,37,32,17,15,69,32,37,69,32,37,37,15,22,23,7,16,9,3,6,0,0,0,0,0,0,24,24,3,6,8,4,2,1,0,21,9,12,1,24,0,3,4
59400709,0,,,47,26,21,6,5,1,41,21,20,23,13,10,41,21,20,40,20,20,18,8,10,6,2,4,4,0,4,0,0,0,0,0,0,16,16,5,3,3,2,2,0,1,11,6,5,2,12,0,4,2
59400718,1,,59400727,26,15,11,4,2,2,26,15,11,19,13,6,25,14,11,24,13,11,7,2,5,2,0,2,0,0,0,0,0,0,0,0,0,7,7,1,2,1,2,0,1,1,7,4,3,1,5,0,0,2
59400719,0,,,37,23,14,5,4,1,32,19,13,16,10,6,31,18,13,31,18,13,16,9,7,5,3,2,2,1,1,1,1,0,0,0,0,12,12,0,6,3,1,0,2,0,12,10,2,1,8,0,0,5
59400727,2,59400718,,4,2,2,*,*,*,*,*,*,*,*,*,*,*,*,*,*,*,*,*,*,*,*,*,*,*,*,*,*,*,*,*,*,1,1,*,*,*,*,*,*,*,*,*,*,*,*,*,*,*
59400728,0,,,45,22,23,1,1,0,44,21,23,26,14,12,43,21,22,42,20,22,18,7,11,14,5,9,4,0,4,1,0,1,0,0,0,14,14,1,6,2,0,4,1,0,12,8,4,1,12,0,1,3
59400729,0,,,70,38,32,13,8,5,57,30,27,30,18,12,53,26,27,53,26,27,27,12,15,8,3,5,2,1,1,0,0,0,0,0,0,19,19,2,7,3,2,1,1,3,17,10,7,3,16,0,0,4
59400737,0,,,36,18,18,5,3,2,31,15,16,17,8,9,29,14,15,29,14,15,14,7,7,7,2,5,3,1,2,0,0,0,0,0,0,13,13,4,4,1,1,1,2,0,9,5,4,0,11,0,2,2
59400738,0,,,13,8,5,0,0,0,13,8,5,7,6,1,13,8,5,13,8,5,6,2,4,3,1,2,0,0,0,0,0,0,0,0,0,5,5,2,0,1,2,0,0,0,3,2,1,0,4,0,1,0
59400739,1,,59400749,120,65,55,11,8,3,115,59,56,55,33,22,111,55,56,109,55,54,60,26,34,30,12,18,15,5,10,0,0,0,0,0,0,36,36,8,10,9,6,2,1,4,31,17,14,2,33,0,5,6
59400749,2,59400739,,6,2,4,*,*,*,*,*,*,*,*,*,*,*,*,*,*,*,*,*,*,*,*,*,*,*,*,*,*,*,*,*,*,4,4,*,*,*,*,*,*,*,*,*,*,*,*,*,*,*
59400758,2,59400759,,1,0,1,*,*,*,*,*,*,*,*,*,*,*,*,*,*,*,*,*,*,*,*,*,*,*,*,*,*,*,*,*,*,1,1,*,*,*,*,*,*,*,*,*,*,*,*,*,*,*
59400759,1,,59400758;59400769,28,14,14,0,0,0,37,16,21,17,9,8,36,16,20,35,16,19,20,7,13,7,1,6,4,1,3,0,0,0,0,0,0,11,11,3,6,3,2,1,0,0,12,9,3,0,14,0,3,2
59400769,2,59400759,,8,2,6,*,*,*,*,*,*,*,*,*,*,*,*,*,*,*,*,*,*,*,*,*,*,*,*,*,*,*,*,*,*,3,3,*,*,*,*,*,*,*,*,*,*,*,*,*,*,*
59401002,0,,,78,41,37,5,4,1,73,37,36,31,16,15,72,37,35,72,37,35,42,21,21,19,11,8,4,2,2,0,0,0,0,0,0,27,27,3,10,9,1,1,2,1,23,15,8,0,24,0,2,6
59401005,0,,,205,92,113,11,6,5,194,86,108,90,42,48,192,85,107,192,85,107,104,44,60,51,17,34,20,4,16,1,0,1,0,0,0,75,75,15,21,23,8,3,4,1,60,36,24,3,64,0,12,10
59401006,0,,,66,31,35,2,1,1,64,30,34,30,17,13,64,30,34,63,29,34,34,13,21,13,4,9,5,1,4,0,0,0,0,0,0,24,24,2,13,3,4,1,0,1,21,15,6,1,20,0,1,6
59401007,0,,,45,21,24,9,4,5,36,17,19,19,9,10,35,16,19,35,16,19,17,8,9,6,2,4,3,1,2,0,0,0,0,0,0,13,13,2,2,2,4,1,2,0,11,6,5,3,11,0,2,1
59401008,0,,,27,12,15,1,0,1,26,12,14,13,6,7,24,12,12,23,11,12,13,6,7,6,3,3,3,1,2,1,0,1,0,0,0,10,10,3,4,0,1,0,2,0,7,4,3,0,7,0,1,3
59401009,0,,,48,24,24,1,1,0,47,23,24,22,12,10,47,23,24,46,22,24,25,11,14,13,6,7,8,4,4,0,0,0,0,0,0,18,18,3,6,4,4,1,0,0,15,10,5,0,16,0,3,3
59401012,0,,,38,12,26,2,1,1,36,11,25,9,6,3,35,10,25,34,10,24,27,5,22,24,4,20,17,3,14,4,0,4,0,0,0,6,5,0,2,0,2,0,1,0,5,2,3,0,4,0,0,1
59401015,0,,,43,22,21,4,3,1,39,19,20,21,10,11,37,17,20,37,17,20,18,9,9,6,3,3,2,1,1,0,0,0,0,0,0,15,15,4,5,1,2,1,1,1,11,6,5,0,11,0,4,3
59401016,0,,,113,50,63,10,3,7,103,47,56,58,25,33,101,47,54,100,46,54,45,22,23,21,9,12,8,3,5,1,0,1,0,0,0,33,33,3,6,9,8,5,0,2,30,16,14,2,27,0,3,3
59401017,0,,,94,47,47,6,3,3,88,44,44,46,26,20,86,44,42,84,43,41,42,18,24,31,12,19,10,4,6,0,0,0,0,0,0,27,27,4,9,3,5,1,1,4,23,10,13,2,24,0,2,6
59401018,0,,,36,17,19,0,0,0,36,17,19,17,10,7,34,16,18,34,16,18,19,7,12,8,3,5,6,2,4,1,0,1,0,0,0,13,13,1,5,4,2,1,0,0,12,8,4,0,10,0,0,2
59401019,0,,,22,10,12,0,0,0,22,10,12,7,3,4,22,10,12,22,10,12,15,7,8,8,3,5,2,1,1,1,1,0,0,0,0,10,10,1,8,0,0,1,0,0,9,8,1,0,9,0,1,4
59401022,0,,,91,44,47,6,4,2,85,40,45,41,21,20,84,39,45,83,39,44,44,19,25,18,7,11,6,2,4,0,0,0,0,0,0,30,30,4,9,9,3,3,0,2,26,17,9,1,27,0,4,5
59401025,0,,,143,70,73,6,4,2,137,66,71,69,35,34,135,65,70,133,63,70,68,31,37,39,17,22,15,8,7,0,0,0,0,0,0,44,44,3,10,16,7,6,0,2,40,18,22,3,38,0,2,5
59401026,0,,,171,74,97,21,7,14,150,67,83,86,41,45,148,66,82,143,63,80,64,26,38,29,11,18,17,6,11,0,0,0,1,1,0,54,54,10,12,12,8,5,6,1,44,24,20,3,40,0,7,6
59401027,0,,,636,316,320,86,45,41,550,271,279,336,179,157,530,257,273,523,252,271,214,92,122,105,41,64,36,15,21,0,0,0,2,1,1,213,213,39,56,47,34,21,11,5,174,120,54,19,147,1,29,19
59401028,0,,,58,30,28,2,0,2,56,30,26,30,18,12,56,30,26,55,29,26,26,12,14,16,7,9,3,1,2,1,0,1,0,0,0,20,20,3,6,5,4,1,0,1,17,10,7,0,16,0,2,1
59401029,0,,,101,47,54,9,7,2,92,40,52,51,25,26,90,40,50,89,39,50,41,15,26,23,7,16,8,1,7,0,0,0,0,0,0,30,30,5,6,7,5,1,4,2,25,12,13,0,25,0,5,3
59401032,0,,,67,30,37,5,2,3,62,28,34,37,17,20,59,26,33,57,25,32,25,11,14,13,6,7,5,2,3,1,0,1,0,0,0,24,24,4,8,7,2,0,3,0,20,16,4,2,15,0,1,4
59401035,0,,,13,5,8,0,0,0,13,5,8,9,4,5,12,4,8,12,4,8,4,1,3,2,1,1,0,0,0,0,0,0,0,0,0,5,5,0,4,0,0,1,0,0,5,4,1,0,3,0,0,1
59401036,0,,,193,89,104,37,17,20,156,72,84,98,48,50,155,72,83,154,71,83,58,24,34,26,8,18,11,2,9,1,0,1,0,0,0,53,53,4,11,14,9,6,6,3,49,26,23,9,34,1,2,4
59401037,0,,,914,444,470,117,72,45,797,372,425,512,249,263,770,356,414,760,350,410,285,123,162,155,59,96,52,18,34,2,1,1,0,0,0,344,344,81,103,73,53,19,7,8,259,199,60,33,196,2,50,39
59401038,0,,,384,165,219,39,23,16,345,142,203,194,89,105,330,135,195,325,133,192,151,53,98,98,26,72,55,11,44,7,2,5,0,0,0,110,108,16,31,27,25,3,3,3,91,73,18,7,53,0,10,11
59401039,0,,,133,66,67,11,4,7,122,62,60,67,38,29,120,62,58,118,60,58,55,24,31,26,10,16,9,4,5,0,0,0,0,0,0,42,42,9,7,6,11,7,1,1,33,17,16,4,31,0,6,2
59401042,1,,59401043,70,34,36,3,2,1,74,36,38,39,20,19,73,36,37,73,36,37,35,16,19,20,8,12,5,3,2,0,0,0,0,0,0,28,28,7,10,8,2,2,0,1,23,16,7,2,23,0,3,5
59401043,2,59401042,,7,4,3,*,*,*,*,*,*,*,*,*,*,*,*,*,*,*,*,*,*,*,*,*,*,*,*,*,*,*,*,*,*,2,2,*,*,*,*,*,*,*,*,*,*,*,*,*,*,*
59401047,0,,,321,150,171,26,14,12,295,136,159,181,87,94,289,133,156,284,130,154,114,49,65,67,23,44,26,8,18,3,0,3,0,0,0,98,98,15,18,30,16,6,8,5,82,41,41,6,77,0,9,9
59401048,2,59401049,,15,6,9,*,*,*,*,*,*,*,*,*,*,*,*,*,*,*,*,*,*,*,*,*,*,*,*,*,*,*,*,*,*,3,3,*,*,*,*,*,*,*,*,*,*,*,*,*,*,*
59401049,1,,59401048,10,5,5,4,1,3,21,10,11,14,7,7,21,10,11,21,10,11,7,3,4,2,0,2,1,0,1,0,0,0,0,0,0,2,2,0,0,1,1,1,1,1,5,2,3,0,4,0,0,0
59401052,0,,,65,31,34,7,6,1,58,25,33,31,14,17,57,24,33,56,23,33,27,11,16,17,6,11,3,1,2,0,0,0,0,0,0,24,24,8,4,4,4,3,1,0,16,7,9,2,21,0,7,1
59401053,0,,,28,14,14,3,3,0,25,11,14,15,7,8,25,11,14,25,11,14,10,4,6,4,1,3,3,1,2,1,0,1,0,0,0,10,10,3,2,2,1,1,1,0,7,4,3,2,7,0,1,1
59401058,2,59401059,,7,4,3,*,*,*,*,*,*,*,*,*,*,*,*,*,*,*,*,*,*,*,*,*,*,*,*,*,*,*,*,*,*,3,3,*,*,*,*,*,*,*,*,*,*,*,*,*,*,*
59401059,1,,59401058,23,11,12,0,0,0,30,15,15,19,10,9,30,15,15,29,15,14,11,5,6,7,2,5,3,1,2,0,0,0,0,0,0,6,6,1,2,3,0,2,1,0,8,4,4,0,8,0,1,0
59401063,0,,,41,22,19,1,0,1,40,22,18,21,14,7,40,22,18,40,22,18,19,8,11,9,3,6,0,0,0,0,0,0,0,0,0,19,19,7,5,5,1,1,0,0,12,11,1,0,13,0,5,4
59401067,2,59401068,,10,7,3,*,*,*,*,*,*,*,*,*,*,*,*,*,*,*,*,*,*,*,*,*,*,*,*,*,*,*,*,*,*,3,3,*,*,*,*,*,*,*,*,*,*,*,*,*,*,*
59401068,1,,59401067,4,2,2,0,0,0,14,9,5,5,4,1,14,9,5,14,9,5,9,5,4,5,3,2,0,0,0,0,0,0,0,0,0,3,3,2,2,0,2,0,0,0,4,4,0,0,6,0,2,1
59401073,0,,,77,30,47,3,2,1,74,28,46,41,18,23,74,28,46,73,28,45,33,10,23,25,5,20,8,3,5,1,1,0,1,0,1,30,30,8,7,8,5,1,1,0,22,11,11,0,27,0,6,3
59401076,0,,,21,11,10,0,0,0,21,11,10,9,6,3,20,10,10,20,10,10,12,5,7,8,4,4,2,1,1,0,0,0,0,0,0,9,9,2,4,2,0,1,0,0,7,5,2,0,8,0,2,2
59401077,0,,,9,4,5,0,0,0,9,4,5,3,0,3,9,4,5,9,4,5,6,4,2,1,1,0,1,1,0,0,0,0,0,0,0,5,5,3,0,2,0,0,0,0,2,2,0,0,5,0,3,0
59401083,0,,,110,53,57,11,6,5,99,47,52,52,30,22,96,46,50,94,44,50,47,17,30,24,6,18,6,0,6,0,0,0,0,0,0,43,43,13,12,8,4,3,3,0,30,20,10,3,36,0,11,4
59401085,0,,,59,29,30,2,0,2,57,29,28,28,17,11,57,29,28,57,29,28,29,12,17,13,5,8,5,2,3,0,0,0,0,0,0,24,24,6,9,5,2,1,0,1,18,12,6,0,20,0,4,4
59401086,0,,,48,25,23,6,4,2,42,21,21,22,14,8,40,19,21,39,18,21,20,7,13,16,6,10,5,2,3,0,0,0,0,0,0,16,16,4,2,4,3,2,1,0,12,7,5,1,13,0,3,1
59401087,0,,,61,32,29,5,1,4,56,31,25,30,19,11,55,30,25,54,30,24,26,12,14,11,4,7,6,2,4,1,0,1,0,0,0,19,19,2,6,5,1,2,3,0,17,10,7,1,18,0,2,2
59401088,0,,,65,31,34,7,3,4,58,28,30,26,13,13,55,27,28,54,27,27,32,15,17,17,6,11,8,4,4,0,0,0,0,0,0,24,24,9,6,4,0,1,1,3,15,7,8,2,23,0,9,1
59401093,0,,,524,241,283,33,13,20,491,228,263,235,127,108,484,224,260,479,222,257,256,101,155,135,46,89,46,14,32,1,1,0,0,0,0,211,211,49,66,60,19,15,2,0,160,112,48,5,174,0,42,31
59401094,0,,,228,107,121,13,7,6,215,100,115,110,59,51,210,97,113,208,96,112,105,41,64,52,19,33,19,4,15,0,0,0,0,0,0,92,92,28,27,17,10,7,2,1,64,42,22,5,74,1,21,14
59401095,0,,,10,4,6,0,0,0,10,4,6,6,2,4,10,4,6,9,4,5,4,2,2,1,0,1,0,0,0,0,0,0,0,0,0,6,6,3,2,1,0,0,0,0,3,3,0,0,3,0,2,0
59401096,0,,,257,118,139,19,9,10,238,109,129,116,56,60,234,106,128,232,105,127,122,53,69,61,19,42,19,4,15,2,0,2,0,0,0,108,108,35,31,22,10,7,2,1,73,54,19,4,82,0,27,19
59401098,0,,,20,11,9,0,0,0,20,11,9,4,2,2,20,11,9,20,11,9,16,9,7,6,3,3,1,1,0,0,0,0,0,0,0,11,11,4,5,2,0,0,0,0,7,6,1,0,11,0,4,2
59401107,2,59401108,,2,1,1,*,*,*,*,*,*,*,*,*,*,*,*,*,*,*,*,*,*,*,*,*,*,*,*,*,*,*,*,*,*,1,1,*,*,*,*,*,*,*,*,*,*,*,*,*,*,*
59401108,1,,59401107,111,55,56,5,2,3,108,54,54,53,31,22,107,53,54,107,53,54,55,23,32,38,12,26,10,2,8,0,0,0,0,0,0,42,42,10,12,11,6,2,2,0,33,17,16,2,38,0,9,5
59401110,2,59401120,,11,7,4,*,*,*,*,*,*,*,*,*,*,*,*,*,*,*,*,*,*,*,*,*,*,*,*,*,*,*,*,*,*,3,3,*,*,*,*,*,*,*,*,*,*,*,*,*,*,*
59401111,2,59401120,,14,8,6,*,*,*,*,*,*,*,*,*,*,*,*,*,*,*,*,*,*,*,*,*,*,*,*,*,*,*,*,*,*,3,3,*,*,*,*,*,*,*,*,*,*,*,*,*,*,*
59401114,2,59401115,,5,3,2,*,*,*,*,*,*,*,*,*,*,*,*,*,*,*,*,*,*,*,*,*,*,*,*,*,*,*,*,*,*,3,3,*,*,*,*,*,*,*,*,*,*,*,*,*,*,*
59401115,1,,59401114;59401125,7,3,4,0,0,0,14,7,7,5,4,1,14,7,7,14,7,7,9,3,6,3,0,3,1,0,1,1,0,1,0,0,0,3,3,2,3,2,0,0,0,0,5,5,0,0,6,0,1,1
59401117,0,,,89,48,41,3,3,0,86,45,41,41,23,18,84,45,39,84,45,39,45,22,23,17,7,10,5,1,4,0,0,0,0,0,0,36,36,13,8,5,7,1,2,0,23,14,9,0,31,0,9,6
59401118,0,,,229,116,113,9,5,4,220,111,109,94,57,37,212,106,106,210,104,106,126,54,72,52,17,35,19,3,16,5,1,4,0,0,0,95,95,26,34,19,9,3,2,2,69,48,21,2,82,0,21,14
59401119,0,,,18,6,12,0,0,0,18,6,12,7,2,5,18,6,12,17,6,11,11,4,7,4,0,4,3,0,3,0,0,0,0,0,0,5,5,0,0,3,1,1,0,0,5,0,5,0,5,0,0,0
59401120,1,,59401110;59401111;59401130,77,41,36,4,3,1,104,56,48,60,39,21,104,56,48,104,56,48,44,17,27,25,10,15,10,3,7,1,0,1,0,0,0,25,25,4,9,7,6,3,2,2,29,18,11,1,24,0,0,3
59401121,0,,,82,40,42,6,4,2,76,36,40,46,23,23,74,35,39,72,34,38,30,13,17,15,7,8,6,2,4,1,0,1,0,0,0,26,26,3,6,7,6,2,2,0,23,11,12,2,21,0,3,4
59401125,2,59401115,,2,1,1,*,*,*,*,*,*,*,*,*,*,*,*,*,*,*,*,*,*,*,*,*,*,*,*,*,*,*,*,*,*,1,1,*,*,*,*,*,*,*,*,*,*,*,*,*,*,*
59401126,0,,,15,7,8,0,0,0,15,7,8,8,5,3,15,7,8,15,7,8,7,2,5,5,1,4,3,1,2,0,0,0,0,0,0,5,5,1,1,1,1,1,0,0,4,2,2,0,5,0,1,1
59401127,0,,,171,85,86,16,8,8,155,77,78,91,46,45,151,75,76,148,75,73,64,31,33,39,21,18,15,8,7,1,0,1,0,0,0,53,53,7,18,8,5,8,6,1,46,24,22,5,39,0,6,10
59401128,0,,,13,6,7,0,0,0,13,6,7,5,2,3,13,6,7,13,6,7,8,4,4,5,2,3,2,1,1,1,1,0,0,0,0,4,4,0,1,1,2,0,0,0,4,2,2,0,4,0,0,1
59401130,2,59401120,,6,3,3,*,*,*,*,*,*,*,*,*,*,*,*,*,*,*,*,*,*,*,*,*,*,*,*,*,*,*,*,*,*,2,2,*,*,*,*,*,*,*,*,*,*,*,*,*,*,*
59401131,0,,,120,59,61,11,6,5,109,53,56,52,27,25,107,51,56,106,50,56,57,26,31,29,9,20,15,3,12,1,0,1,1,0,1,34,34,0,10,10,5,5,3,1,34,14,20,5,32,0,0,8
59401132,0,,,48,26,22,5,4,1,43,22,21,31,15,16,42,22,20,39,22,17,12,7,5,6,2,4,2,1,1,1,1,0,0,0,0,13,13,1,2,3,4,0,3,0,12,7,5,0,11,0,1,0
59401133,0,,,31,14,17,4,2,2,27,12,15,16,8,8,25,12,13,25,12,13,11,4,7,7,2,5,1,0,1,0,0,0,0,0,0,8,8,0,3,0,3,0,1,1,8,3,5,1,7,0,0,1
59401134,0,,,122,60,62,19,12,7,103,48,55,52,25,27,102,47,55,101,46,55,51,23,28,17,5,12,9,1,8,1,0,1,0,0,0,37,37,6,12,5,5,4,3,2,31,16,15,6,31,0,5,7
59401135,0,,,28,13,15,0,0,0,28,13,15,14,7,7,25,11,14,24,11,13,14,6,8,4,1,3,0,0,0,0,0,0,0,0,0,11,11,4,4,0,1,0,2,0,7,4,3,0,10,0,3,2
59401136,0,,,19,10,9,2,1,1,17,9,8,8,5,3,17,9,8,17,9,8,9,4,5,4,2,2,3,2,1,0,0,0,0,0,0,8,8,3,3,0,1,0,1,0,5,3,2,0,8,0,3,0
59401137,0,,,22,10,12,0,0,0,22,10,12,10,5,5,22,10,12,22,10,12,12,5,7,7,2,5,5,1,4,0,0,0,0,0,0,12,12,6,3,2,1,0,0,0,6,5,1,0,9,0,5,0
59401141,0,,,31,16,15,0,0,0,31,16,15,12,7,5,31,16,15,31,16,15,19,9,10,6,3,3,2,1,1,0,0,0,0,0,0,12,12,4,0,7,0,0,1,0,8,4,4,0,11,0,3,0
59401142,0,,,38,21,17,1,0,1,37,21,16,19,10,9,36,21,15,35,20,15,18,11,7,13,7,6,2,2,0,0,0,0,0,0,0,12,12,3,2,2,1,3,1,0,9,4,5,0,12,0,3,1
59401143,0,,,114,58,56,8,7,1,106,51,55,55,31,24,105,51,54,105,51,54,51,20,31,32,9,23,9,1,8,0,0,0,0,0,0,41,41,11,7,14,4,2,2,1,30,15,15,2,34,0,8,5
59401144,0,,,23,11,12,1,1,0,22,10,12,7,3,4,21,9,12,21,9,12,15,7,8,9,5,4,0,0,0,0,0,0,0,0,0,10,10,3,5,1,0,0,0,1,7,6,1,0,8,0,1,4
59401145,1,,59401155,157,75,82,28,13,15,140,67,73,79,37,42,134,65,69,134,65,69,61,30,31,29,14,15,10,4,6,0,0,0,0,0,0,44,44,7,13,6,4,3,7,6,39,19,20,6,39,0,6,6
59401146,0,,,259,121,138,21,9,12,238,112,126,119,63,56,235,112,123,235,112,123,119,49,70,73,27,46,33,13,20,2,0,2,1,1,0,78,78,11,15,22,12,9,6,3,67,28,39,7,66,0,8,7
59401147,0,,,88,48,40,4,3,1,84,45,39,43,24,19,82,43,39,81,43,38,41,21,20,16,8,8,5,2,3,0,0,0,0,0,0,31,31,5,12,5,3,4,2,0,26,17,9,1,26,0,1,6
59401151,0,,,20,10,10,0,0,0,20,10,10,7,4,3,20,10,10,20,10,10,13,6,7,6,3,3,4,2,2,0,0,0,0,0,0,7,7,0,2,4,1,0,0,0,7,5,2,0,7,0,0,2
59401152,1,,59401162,200,98,102,14,6,8,188,93,95,99,50,49,184,91,93,182,89,93,89,43,46,44,17,27,18,5,13,4,1,3,0,0,0,73,73,21,22,10,8,6,4,3,53,31,22,2,59,0,15,9
59401153,0,,,28,13,15,2,1,1,26,12,14,15,7,8,25,12,13,25,12,13,11,5,6,5,2,3,2,1,1,0,0,0,0,0,0,9,9,3,0,3,1,1,0,1,6,4,2,0,7,0,2,0
59401154,0,,,19,10,9,1,0,1,18,10,8,7,4,3,18,10,8,18,10,8,11,6,5,3,2,1,1,1,0,0,0,0,0,0,0,7,7,1,2,2,2,0,0,0,6,3,3,0,7,0,1,1
59401155,2,59401145,,11,5,6,*,*,*,*,*,*,*,*,*,*,*,*,*,*,*,*,*,*,*,*,*,*,*,*,*,*,*,*,*,*,2,2,*,*,*,*,*,*,*,*,*,*,*,*,*,*,*
59401156,0,,,38,17,21,4,1,3,34,16,18,19,11,8,34,16,18,34,16,18,15,5,10,8,2,6,2,2,0,0,0,0,0,0,0,13,13,1,6,3,2,0,0,1,12,7,5,1,11,0,0,2
59401157,0,,,21,10,11,0,0,0,21,10,11,10,6,4,21,10,11,20,9,11,11,4,7,5,3,2,1,0,1,0,0,0,0,0,0,7,7,0,4,1,1,0,1,0,7,4,3,0,7,0,0,2
59401158,1,,59401159;59401179,20,8,12,1,0,1,29,12,17,20,8,12,27,12,15,26,12,14,9,4,5,6,2,4,5,1,4,0,0,0,0,0,0,4,4,3,2,1,2,1,0,1,7,3,4,0,7,0,2,1
59401159,2,59401158,,4,2,2,*,*,*,*,*,*,*,*,*,*,*,*,*,*,*,*,*,*,*,*,*,*,*,*,*,*,*,*,*,*,2,2,*,*,*,*,*,*,*,*,*,*,*,*,*,*,*
59401162,2,59401152,,2,1,1,*,*,*,*,*,*,*,*,*,*,*,*,*,*,*,*,*,*,*,*,*,*,*,*,*,*,*,*,*,*,1,1,*,*,*,*,*,*,*,*,*,*,*,*,*,*,*
59401163,0,,,129,57,72,8,4,4,121,53,68,65,32,33,116,48,68,114,47,67,56,21,35,29,7,22,8,1,7,1,0,1,0,0,0,40,40,4,14,7,7,3,2,3,36,18,18,1,34,0,4,7
59401164,0,,,66,33,33,1,0,1,65,33,32,32,20,12,63,33,30,63,33,30,33,13,20,18,7,11,7,2,5,1,0,1,1,0,1,26,26,6,8,7,3,1,1,0,19,11,8,0,21,0,5,2
59401165,0,,,34,19,15,1,1,0,33,18,15,14,9,5,33,18,15,33,18,15,19,9,10,9,3,6,4,2,2,0,0,0,0,0,0,13,13,4,3,1,4,1,0,0,9,4,5,0,11,0,3,0
59401166,0,,,13,6,7,0,0,0,13,6,7,11,6,5,12,6,6,11,5,6,2,0,2,2,0,2,2,0,2,0,0,0,0,0,0,6,6,2,2,1,1,0,0,0,4,3,1,0,2,0,1,0
59401174,0,,,17,10,7,4,2,2,13,8,5,7,5,2,13,8,5,13,8,5,6,3,3,4,1,3,3,1,2,0,0,0,0,0,0,7,7,4,1,0,0,1,1,0,3,2,1,1,4,0,2,0
59401175,1,,59401185,37,20,17,6,3,3,44,22,22,26,12,14,44,22,22,43,22,21,18,10,8,11,5,6,5,2,3,0,0,0,2,0,2,11,11,2,3,3,2,1,1,2,12,5,7,2,11,0,0,1
59401176,1,,59401186;59401187,33,17,16,0,0,0,45,22,23,21,10,11,44,22,22,43,22,21,24,12,12,11,6,5,3,1,2,0,0,0,0,0,0,12,12,1,10,3,1,1,1,0,16,12,4,0,15,0,1,7
59401179,2,59401158,,6,2,4,*,*,*,*,*,*,*,*,*,*,*,*,*,*,*,*,*,*,*,*,*,*,*,*,*,*,*,*,*,*,4,4,*,*,*,*,*,*,*,*,*,*,*,*,*,*,*
59401184,2,59401194,,5,2,3,*,*,*,*,*,*,*,*,*,*,*,*,*,*,*,*,*,*,*,*,*,*,*,*,*,*,*,*,*,*,2,2,*,*,*,*,*,*,*,*,*,*,*,*,*,*,*
59401185,2,59401175,,13,5,8,*,*,*,*,*,*,*,*,*,*,*,*,*,*,*,*,*,*,*,*,*,*,*,*,*,*,*,*,*,*,3,3,*,*,*,*,*,*,*,*,*,*,*,*,*,*,*
59401186,2,59401176,,8,4,4,*,*,*,*,*,*,*,*,*,*,*,*,*,*,*,*,*,*,*,*,*,*,*,*,*,*,*,*,*,*,3,3,*,*,*,*,*,*,*,*,*,*,*,*,*,*,*
59401187,2,59401176,,4,1,3,*,*,*,*,*,*,*,*,*,*,*,*,*,*,*,*,*,*,*,*,*,*,*,*,*,*,*,*,*,*,2,2,*,*,*,*,*,*,*,*,*,*,*,*,*,*,*
59401194,1,,59401184,23,8,15,4,2,2,24,8,16,14,5,9,24,8,16,23,8,15,10,3,7,7,2,5,3,0,3,0,0,0,0,0,0,10,10,4,3,2,3,0,0,0,8,5,3,0,7,0,2,0
59401199,0,,,35,17,18,1,0,1,34,17,17,13,7,6,34,17,17,33,16,17,21,10,11,8,4,4,4,1,3,0,0,0,0,0,0,13,13,2,5,3,2,0,1,0,11,6,5,0,10,0,0,3
59401200,0,,,19,10,9,4,3,1,15,7,8,7,3,4,14,6,8,14,6,8,8,4,4,4,2,2,1,0,1,1,0,1,0,0,0,5,5,2,0,0,1,0,1,1,3,0,3,0,5,0,2,0
59401206,2,59401207,,8,3,5,*,*,*,*,*,*,*,*,*,*,*,*,*,*,*,*,*,*,*,*,*,*,*,*,*,*,*,*,*,*,3,3,*,*,*,*,*,*,*,*,*,*,*,*,*,*,*
59401207,1,,59401206;59401208,8,3,5,3,0,3,19,8,11,9,5,4,19,8,11,19,8,11,10,3,7,5,1,4,0,0,0,0,0,0,0,0,0,4,4,4,3,1,1,1,0,0,6,4,2,1,8,0,3,2
59401208,2,59401207,,6,2,4,*,*,*,*,*,*,*,*,*,*,*,*,*,*,*,*,*,*,*,*,*,*,*,*,*,*,*,*,*,*,3,3,*,*,*,*,*,*,*,*,*,*,*,*,*,*,*
59401209,0,,,78,34,44,10,5,5,68,29,39,40,18,22,66,29,37,66,29,37,28,11,17,10,2,8,8,1,7,0,0,0,0,0,0,23,23,2,6,7,3,3,0,2,21,9,12,2,19,0,1,3
59401214,1,,59401224;59401241,20,9,11,1,1,0,24,9,15,12,5,7,24,9,15,22,8,14,12,4,8,8,2,6,1,0,1,0,0,0,0,0,0,7,7,4,1,1,4,0,0,0,6,0,6,0,9,0,4,0
59401218,0,,,199,72,127,3,1,2,196,71,125,64,32,32,196,71,125,193,69,124,132,39,93,102,22,80,64,10,54,11,0,11,7,0,7,62,61,21,22,13,4,1,0,0,40,28,12,1,42,2,11,8
59401219,0,,,39,17,22,0,0,0,39,17,22,19,9,10,39,17,22,39,17,22,20,8,12,10,3,7,4,0,4,1,0,1,0,0,0,17,17,5,5,4,3,0,0,0,12,7,5,0,14,0,3,2
59401224,2,59401214,,4,1,3,*,*,*,*,*,*,*,*,*,*,*,*,*,*,*,*,*,*,*,*,*,*,*,*,*,*,*,*,*,*,2,2,*,*,*,*,*,*,*,*,*,*,*,*,*,*,*
59401225,0,,,86,42,44,6,4,2,80,38,42,39,19,20,80,38,42,78,37,41,41,19,22,18,6,12,9,3,6,0,0,0,0,0,0,32,32,10,5,8,5,2,2,0,22,10,12,1,27,0,8,4
59401226,0,,,112,55,57,8,4,4,104,51,53,55,26,29,103,50,53,102,50,52,49,25,24,24,9,15,11,5,6,1,0,1,0,0,0,40,40,10,10,9,5,3,1,2,29,16,13,2,33,0,8,5
59401227,0,,,35,17,18,0,0,0,35,17,18,15,10,5,35,17,18,35,17,18,20,7,13,12,3,9,5,0,5,0,0,0,0,0,0,13,13,1,6,4,1,0,1,0,12,7,5,0,12,0,1,3
59401228,0,,,253,123,130,21,13,8,232,110,122,126,59,67,229,110,119,226,110,116,106,51,55,56,25,31,27,11,16,2,1,1,1,0,1,90,90,22,20,29,7,3,4,5,68,39,29,4,71,0,17,6
59401229,0,,,65,28,37,4,0,4,61,28,33,30,15,15,59,27,32,59,27,32,31,13,18,14,6,8,6,3,3,0,0,0,0,0,0,21,21,2,9,4,1,2,2,1,19,11,8,2,19,0,2,5
59401236,2,59401237,,2,1,1,*,*,*,*,*,*,*,*,*,*,*,*,*,*,*,*,*,*,*,*,*,*,*,*,*,*,*,*,*,*,1,1,*,*,*,*,*,*,*,*,*,*,*,*,*,*,*
59401237,1,,59401236,34,13,21,1,1,0,35,13,22,18,8,10,34,13,21,34,13,21,17,5,12,9,1,8,6,1,5,1,0,1,0,0,0,13,13,3,4,3,4,0,0,0,11,6,5,0,11,0,2,2
59401238,0,,,179,91,88,6,3,3,172,88,84,82,45,37,168,85,83,165,83,82,90,43,47,55,27,28,24,8,16,1,0,1,0,0,0,70,70,20,22,10,8,7,3,0,50,26,24,0,60,0,14,12
59401239,0,,,72,31,41,3,2,1,69,29,40,35,13,22,69,29,40,69,29,40,34,16,18,13,4,9,6,1,5,1,0,1,0,0,0,31,31,7,12,8,3,1,0,0,23,17,6,2,24,0,5,4
59401241,2,59401214,,1,0,1,*,*,*,*,*,*,*,*,*,*,*,*,*,*,*,*,*,*,*,*,*,*,*,*,*,*,*,*,*,*,1,1,*,*,*,*,*,*,*,*,*,*,*,*,*,*,*
59401247,2,59401248,,8,4,4,*,*,*,*,*,*,*,*,*,*,*,*,*,*,*,*,*,*,*,*,*,*,*,*,*,*,*,*,*,*,3,3,*,*,*,*,*,*,*,*,*,*,*,*,*,*,*
59401248,1,,59401247,66,31,35,3,2,1,71,33,38,34,17,17,69,32,37,69,32,37,37,16,21,20,6,14,3,1,2,0,0,0,0,0,0,26,26,6,11,5,4,3,0,0,23,15,8,0,26,0,5,7
59401249,0,,,170,84,86,16,5,11,154,79,75,83,41,42,150,75,75,150,75,75,71,38,33,35,19,16,13,5,8,4,1,3,0,0,0,56,56,8,20,11,6,5,3,3,48,31,17,1,42,0,5,10
59401250,2,59401293,,1,0,1,*,*,*,*,*,*,*,*,*,*,*,*,*,*,*,*,*,*,*,*,*,*,*,*,*,*,*,*,*,*,1,1,*,*,*,*,*,*,*,*,*,*,*,*,*,*,*
59401251,2,59401260,,6,3,3,*,*,*,*,*,*,*,*,*,*,*,*,*,*,*,*,*,*,*,*,*,*,*,*,*,*,*,*,*,*,3,3,*,*,*,*,*,*,*,*,*,*,*,*,*,*,*
59401254,2,59401255,,6,3,3,*,*,*,*,*,*,*,*,*,*,*,*,*,*,*,*,*,*,*,*,*,*,*,*,*,*,*,*,*,*,2,2,*,*,*,*,*,*,*,*,*,*,*,*,*,*,*
59401255,1,,59401254;59401265,15,5,10,3,1,2,23,9,14,12,4,8,23,9,14,23,9,14,11,5,6,4,1,3,3,0,3,1,0,1,0,0,0,5,5,2,1,1,2,1,1,0,6,1,5,1,7,0,2,1
59401258,0,,,15,8,7,1,1,0,14,7,7,6,3,3,14,7,7,14,7,7,8,4,4,3,1,2,1,0,1,0,0,0,0,0,0,4,4,0,1,1,0,2,0,0,4,2,2,1,4,0,0,0
59401259,0,,,194,91,103,14,8,6,180,83,97,98,48,50,176,80,96,174,79,95,82,35,47,46,13,33,23,7,16,1,0,1,0,0,0,70,70,18,16,19,6,7,1,3,52,28,24,6,59,0,15,8
59401260,1,,59401251,19,10,9,0,0,0,25,13,12,10,6,4,25,13,12,25,13,12,15,7,8,6,3,3,2,1,1,0,0,0,0,0,0,6,6,2,4,1,0,0,2,0,7,5,2,0,9,0,2,4
59401263,2,59401264,,5,2,3,*,*,*,*,*,*,*,*,*,*,*,*,*,*,*,*,*,*,*,*,*,*,*,*,*,*,*,*,*,*,2,2,*,*,*,*,*,*,*,*,*,*,*,*,*,*,*
59401264,1,,59401263;59401272;59401274,21,13,8,0,0,0,29,16,13,18,10,8,29,16,13,29,16,13,11,6,5,5,2,3,1,1,0,0,0,0,0,0,0,10,10,5,5,2,2,0,0,0,9,5,4,0,8,1,1,1
59401265,2,59401255,,5,2,3,*,*,*,*,*,*,*,*,*,*,*,*,*,*,*,*,*,*,*,*,*,*,*,*,*,*,*,*,*,*,1,1,*,*,*,*,*,*,*,*,*,*,*,*,*,*,*
59401269,0,,,105,49,56,6,4,2,99,45,54,51,26,25,99,45,54,99,45,54,48,19,29,30,12,18,11,5,6,1,1,0,1,0,1,38,38,10,9,9,4,4,1,1,28,16,12,2,32,0,7,4
59401270,0,,,10,6,4,0,0,0,10,6,4,2,1,1,10,6,4,10,6,4,8,5,3,4,2,2,2,1,1,0,0,0,0,0,0,4,4,0,2,2,0,0,0,0,4,4,0,0,4,0,0,2
59401272,2,59401264,,2,1,1,*,*,*,*,*,*,*,*,*,*,*,*,*,*,*,*,*,*,*,*,*,*,*,*,*,*,*,*,*,*,1,1,*,*,*,*,*,*,*,*,*,*,*,*,*,*,*
59401274,2,59401264,,1,0,1,*,*,*,*,*,*,*,*,*,*,*,*,*,*,*,*,*,*,*,*,*,*,*,*,*,*,*,*,*,*,1,1,*,*,*,*,*,*,*,*,*,*,*,*,*,*,*
59401275,0,,,11,5,6,0,0,0,11,5,6,3,2,1,11,5,6,11,5,6,8,3,5,5,1,4,2,1,1,0,0,0,0,0,0,5,5,1,3,0,1,0,0,0,4,3,1,0,5,0,1,2
59401276,0,,,17,8,9,1,1,0,16,7,9,8,5,3,16,7,9,16,7,9,8,2,6,7,1,6,2,0,2,0,0,0,1,0,1,8,8,2,3,3,0,0,0,0,6,4,2,0,6,0,1,0
59401277,2,59401286,,9,5,4,*,*,*,*,*,*,*,*,*,*,*,*,*,*,*,*,*,*,*,*,*,*,*,*,*,*,*,*,*,*,2,2,*,*,*,*,*,*,*,*,*,*,*,*,*,*,*
59401279,1,,59401289,37,18,19,1,0,1,43,20,23,20,10,10,41,19,22,39,18,21,23,10,13,8,3,5,2,1,1,0,0,0,0,0,0,12,12,4,2,5,2,0,1,1,11,6,5,0,14,0,3,1
59401283,0,,,26,12,14,3,2,1,23,10,13,10,4,6,23,10,13,23,10,13,13,6,7,7,3,4,2,0,2,0,0,0,0,0,0,8,8,2,1,2,1,0,2,0,6,2,4,1,8,0,2,1
59401286,1,,59401277;59401296,10,4,6,2,2,0,24,11,13,11,5,6,24,11,13,24,11,13,13,6,7,5,2,3,0,0,0,0,0,0,0,0,0,4,4,0,5,3,0,0,0,1,9,6,3,0,9,0,0,5
59401289,2,59401279,,7,2,5,*,*,*,*,*,*,*,*,*,*,*,*,*,*,*,*,*,*,*,*,*,*,*,*,*,*,*,*,*,*,3,3,*,*,*,*,*,*,*,*,*,*,*,*,*,*,*
59401290,0,,,10,6,4,2,2,0,8,4,4,6,4,2,8,4,4,8,4,4,2,0,2,2,0,2,2,0,2,0,0,0,0,0,0,4,4,0,3,0,1,0,0,0,4,3,1,1,2,0,0,0
59401293,1,,59401250,14,8,6,0,0,0,15,8,7,5,2,3,15,8,7,15,8,7,10,6,4,3,1,2,1,0,1,0,0,0,0,0,0,6,6,2,3,1,1,0,0,0,5,4,1,0,7,0,2,3
59401294,0,,,46,17,29,1,0,1,45,17,28,25,10,15,42,15,27,40,15,25,20,7,13,12,4,8,5,1,4,0,0,0,0,0,0,14,14,1,3,5,3,0,2,0,13,6,7,1,13,0,1,2
59401296,2,59401286,,7,4,3,*,*,*,*,*,*,*,*,*,*,*,*,*,*,*,*,*,*,*,*,*,*,*,*,*,*,*,*,*,*,3,3,*,*,*,*,*,*,*,*,*,*,*,*,*,*,*
59401297,2,59401298,,7,3,4,*,*,*,*,*,*,*,*,*,*,*,*,*,*,*,*,*,*,*,*,*,*,*,*,*,*,*,*,*,*,4,4,*,*,*,*,*,*,*,*,*,*,*,*,*,*,*
59401298,1,,59401297,3,1,2,0,0,0,10,4,6,1,1,0,10,4,6,10,4,6,9,3,6,4,1,3,1,0,1,0,0,0,0,0,0,2,2,2,4,0,0,0,0,0,4,4,0,0,6,0,2,3
59401301,2,59401313,,2,1,1,*,*,*,*,*,*,*,*,*,*,*,*,*,*,*,*,*,*,*,*,*,*,*,*,*,*,*,*,*,*,1,1,*,*,*,*,*,*,*,*,*,*,*,*,*,*,*
59401302,2,59401311,,7,4,3,*,*,*,*,*,*,*,*,*,*,*,*,*,*,*,*,*,*,*,*,*,*,*,*,*,*,*,*,*,*,2,2,*,*,*,*,*,*,*,*,*,*,*,*,*,*,*
59401304,0,,,100,50,50,8,4,4,92,46,46,48,24,24,92,46,46,92,46,46,44,22,22,20,8,12,7,2,5,0,0,0,0,0,0,39,39,9,11,12,5,1,0,1,29,19,10,1,29,0,6,8
59401305,0,,,94,42,52,11,5,6,83,37,46,48,22,26,82,37,45,81,37,44,35,15,20,11,3,8,4,0,4,1,0,1,0,0,0,35,35,6,13,7,6,1,2,0,29,22,7,3,20,0,2,6
59401306,0,,,118,62,56,13,7,6,105,55,50,56,32,24,103,53,50,102,52,50,49,23,26,27,10,17,12,6,6,0,0,0,2,0,2,39,39,5,13,8,7,2,3,1,34,23,11,3,31,0,3,5
59401307,0,,,313,151,162,24,10,14,289,141,148,145,76,69,281,137,144,279,136,143,144,65,79,75,28,47,20,8,12,5,1,4,0,0,0,111,111,25,33,20,14,10,7,2,85,47,38,5,91,1,17,15
59401308,0,,,177,82,95,18,6,12,159,76,83,86,42,44,158,76,82,156,75,81,73,34,39,32,14,18,12,5,7,1,1,0,0,0,0,63,63,8,28,13,6,1,5,2,54,42,12,5,45,0,5,20
59401309,0,,,56,26,30,2,0,2,54,26,28,26,12,14,53,26,27,52,26,26,28,14,14,15,8,7,7,4,3,0,0,0,0,0,0,21,21,4,7,6,2,0,2,0,17,11,6,0,17,0,3,3
59401311,1,,59401302,17,8,9,0,0,0,24,12,12,12,8,4,24,12,12,24,12,12,12,4,8,9,3,6,1,0,1,0,0,0,0,0,0,7,7,2,2,2,3,0,0,0,7,4,3,0,8,0,2,2
59401312,2,59401313,,2,1,1,*,*,*,*,*,*,*,*,*,*,*,*,*,*,*,*,*,*,*,*,*,*,*,*,*,*,*,*,*,*,2,2,*,*,*,*,*,*,*,*,*,*,*,*,*,*,*
59401313,1,,59401301;59401312,107,47,60,3,1,2,108,48,60,55,27,28,106,47,59,104,47,57,53,21,32,27,10,17,11,3,8,0,0,0,0,0,0,37,37,10,9,8,8,3,2,0,30,17,13,1,33,0,7,5
59401314,0,,,93,43,50,9,7,2,84,36,48,48,25,23,84,36,48,83,35,48,36,11,25,22,7,15,11,4,7,0,0,0,0,0,0,28,28,3,6,6,9,2,1,1,25,11,14,3,23,0,2,3
59401315,0,,,122,32,90,2,1,1,120,31,89,23,11,12,115,29,86,115,29,86,97,20,77,84,17,67,64,9,55,13,1,12,0,0,0,17,15,3,5,3,0,2,2,0,12,8,4,1,12,0,3,3
59401316,0,,,301,147,154,21,13,8,280,134,146,147,79,68,274,132,142,273,131,142,133,55,78,71,26,45,31,12,19,3,0,3,0,0,0,107,107,23,29,22,17,11,4,1,83,49,34,5,85,0,14,13
59401317,0,,,64,31,33,2,0,2,62,31,31,37,20,17,60,30,30,60,30,30,25,11,14,9,3,6,3,1,2,0,0,0,0,0,0,20,20,5,3,4,2,4,1,1,15,7,8,0,14,0,2,2
59401318,0,,,176,82,94,24,13,11,150,68,82,86,39,47,147,66,81,144,64,80,64,29,35,28,8,20,10,3,7,0,0,0,0,0,0,59,59,10,15,13,13,4,3,1,48,30,18,8,42,0,9,9
59401319,0,,,391,192,199,37,26,11,354,166,188,203,102,101,346,164,182,342,160,182,151,64,87,83,30,53,38,16,22,1,0,1,0,0,0,138,137,20,48,32,25,7,3,2,117,78,39,10,93,1,15,18
59401321,0,,,70,33,37,9,5,4,61,28,33,36,18,18,61,28,33,59,26,33,25,10,15,13,4,9,4,0,4,1,0,1,0,0,0,22,22,2,5,6,5,4,0,0,20,12,8,2,13,0,0,4
59401323,0,,,24,12,12,4,1,3,20,11,9,11,6,5,18,9,9,18,9,9,9,5,4,4,3,1,0,0,0,0,0,0,0,0,0,7,7,2,1,1,0,1,2,0,5,2,3,2,6,0,2,1
59401325,0,,,174,84,90,22,8,14,149,74,75,82,43,39,148,73,75,148,73,75,67,31,36,25,11,14,8,2,6,0,0,0,1,1,0,65,65,14,22,13,8,5,2,1,51,39,12,5,41,1,5,10
59401326,0,,,77,44,33,3,2,1,74,42,32,40,23,17,74,42,32,74,42,32,34,19,15,15,6,9,5,3,2,0,0,0,0,0,0,33,33,11,11,5,3,1,2,0,22,16,6,1,25,0,8,7
59401328,0,,,847,384,463,73,40,33,761,338,423,451,234,217,742,325,417,728,313,415,310,104,206,191,50,141,116,15,101,27,1,26,2,0,2,304,302,86,94,67,38,10,3,4,212,174,38,23,127,24,29,26
59401329,0,,,104,56,48,9,7,2,95,49,46,55,30,25,93,47,46,91,47,44,40,19,21,23,9,14,7,3,4,0,0,0,0,0,0,31,31,4,7,3,11,5,0,1,26,13,13,3,26,0,3,3
59401330,0,,,15,7,8,0,0,0,15,7,8,6,3,3,15,7,8,15,7,8,9,4,5,1,0,1,0,0,0,0,0,0,0,0,0,7,7,2,2,3,0,0,0,0,5,4,1,0,7,0,2,1
59401331,0,,,46,22,24,3,0,3,43,22,21,25,14,11,42,21,21,42,21,21,18,8,10,9,4,5,3,1,2,0,0,0,0,0,0,14,14,1,3,5,2,2,1,0,13,7,6,2,10,0,1,2
59401335,0,,,41,19,22,4,0,4,37,19,18,22,12,10,35,17,18,34,17,17,15,7,8,8,3,5,4,2,2,2,1,1,1,0,1,14,13,3,4,2,2,0,2,0,10,5,5,1,11,0,3,2
59401336,0,,,646,313,333,93,47,46,553,266,287,353,177,176,533,256,277,525,251,274,200,89,111,82,28,54,36,8,28,1,0,1,0,0,0,217,217,36,52,57,46,12,8,6,181,124,57,29,131,2,23,20
59401337,0,,,17,7,10,4,2,2,13,5,8,6,2,4,13,5,8,13,5,8,7,3,4,3,1,2,2,0,2,0,0,0,0,0,0,5,5,0,2,1,1,0,1,0,5,4,1,1,4,0,0,1
59401338,0,,,3172,1475,1697,436,216,220,2649,1219,1430,1783,870,913,2573,1178,1395,2530,1155,1375,866,349,517,451,161,290,154,36,118,18,4,14,4,2,2,1386,1383,510,394,236,176,46,11,10,849,738,111,140,554,48,188,137
59401339,0,,,1036,498,538,146,79,67,884,415,469,605,297,308,846,393,453,833,383,450,279,118,161,122,44,78,32,15,17,2,0,2,5,1,4,385,385,79,115,93,61,24,9,4,303,244,59,38,189,6,41,42
59401340,1,,59401341,99,44,55,26,12,14,80,35,45,52,25,27,74,31,43,73,31,42,28,10,18,11,3,8,4,1,3,0,0,0,0,0,0,32,32,7,8,6,6,2,4,1,27,20,7,4,18,0,5,4
59401341,2,59401340,,7,3,4,*,*,*,*,*,*,*,*,*,*,*,*,*,*,*,*,*,*,*,*,*,*,*,*,*,*,*,*,*,*,2,2,*,*,*,*,*,*,*,*,*,*,*,*,*,*,*
59401345,0,,,86,39,47,4,2,2,82,37,45,34,17,17,81,37,44,81,37,44,48,20,28,19,5,14,9,1,8,0,0,0,0,0,0,28,28,3,7,10,4,2,1,1,25,13,12,2,27,0,3,4
59401346,0,,,265,112,153,21,16,5,240,95,145,105,50,55,240,95,145,237,94,143,135,45,90,86,19,67,40,4,36,2,0,2,0,0,0,88,83,18,25,21,14,3,1,1,64,43,21,8,59,1,13,11
59401347,0,,,1730,793,937,177,90,87,1534,695,839,882,433,449,1485,668,817,1468,661,807,652,262,390,416,151,265,171,42,129,17,1,16,4,0,4,705,698,270,197,118,69,26,13,5,426,358,68,52,340,26,122,78
59401348,0,,,3169,1509,1660,323,166,157,2794,1320,1474,1758,916,842,2701,1267,1434,2666,1245,1421,1036,404,632,596,198,398,196,59,137,12,3,9,16,9,7,1431,1428,529,429,243,149,46,24,8,888,743,145,86,718,58,238,153
59401349,0,,,1750,825,925,218,99,119,1507,718,789,1034,531,503,1455,693,762,1433,682,751,473,187,286,219,82,137,69,21,48,6,0,6,5,1,4,753,752,243,236,137,89,33,7,7,499,426,73,73,317,46,81,72
59401350,0,,,86,48,38,8,6,2,78,42,36,47,24,23,77,41,36,76,40,36,31,18,13,17,9,8,8,6,2,0,0,0,0,0,0,27,27,3,7,10,2,2,2,1,23,12,11,2,20,0,1,1
59401355,0,,,41,18,23,1,0,1,40,18,22,21,11,10,39,18,21,39,18,21,19,7,12,12,4,8,5,2,3,1,1,0,0,0,0,13,13,0,4,7,0,1,0,1,13,7,6,0,11,0,0,4
59401356,0,,,88,48,40,9,3,6,79,45,34,50,29,21,79,45,34,79,45,34,29,16,13,15,9,6,5,2,3,0,0,0,0,0,0,29,29,5,6,8,5,3,2,0,24,18,6,3,19,0,3,2
59401357,0,,,2421,1130,1291,316,179,137,2067,936,1131,1387,662,725,2001,901,1100,1970,887,1083,680,274,406,348,133,215,108,38,70,6,1,5,11,4,7,1110,1110,386,365,200,110,33,12,4,712,635,77,88,482,30,173,133
59401358,0,,,2318,1048,1270,221,105,116,2053,930,1123,1195,598,597,1984,880,1104,1966,871,1095,858,332,526,480,167,313,175,52,123,14,2,12,13,5,8,1053,1049,414,331,149,108,27,16,4,627,513,114,69,552,33,190,149
59401359,0,,,1782,819,963,197,106,91,1570,705,865,960,457,503,1524,686,838,1499,672,827,610,248,362,308,107,201,96,28,68,10,2,8,5,3,2,766,764,254,237,135,88,35,10,5,501,397,104,55,402,10,124,90
59401360,0,,,170,83,87,10,5,5,160,78,82,82,45,37,155,76,79,152,75,77,78,33,45,43,15,28,19,9,10,1,1,0,0,0,0,61,61,15,19,8,8,6,4,1,46,27,19,3,53,0,14,13
59401361,0,,,10,5,5,0,0,0,10,5,5,5,2,3,10,5,5,10,5,5,5,3,2,2,1,1,1,1,0,0,0,0,0,0,0,5,5,3,0,1,1,0,0,0,2,1,1,0,3,0,1,0
59401365,0,,,13,6,7,0,0,0,13,6,7,6,3,3,13,6,7,12,6,6,7,3,4,6,3,3,2,1,1,0,0,0,0,0,0,5,5,0,3,1,1,0,0,0,5,4,1,0,5,0,0,2
59401366,0,,,177,73,104,13,4,9,164,69,95,58,30,28,164,69,95,162,68,94,106,39,67,66,18,48,38,5,33,4,1,3,0,0,0,46,45,7,12,13,5,3,3,2,38,22,16,1,38,0,7,7
59401367,0,,,2096,973,1123,255,139,116,1810,820,990,1193,591,602,1756,790,966,1730,776,954,617,229,388,351,117,234,132,41,91,10,2,8,8,3,5,911,910,309,282,148,113,45,9,4,588,478,110,70,407,33,118,102
59401368,0,,,3018,1435,1583,537,290,247,2433,1123,1310,1901,921,980,2351,1083,1268,2311,1065,1246,532,202,330,264,91,173,96,26,70,8,0,8,19,7,12,1287,1284,418,370,240,195,40,15,6,849,760,89,187,366,52,125,79
59401369,0,,,679,314,365,92,35,57,587,279,308,415,200,215,574,272,302,566,269,297,172,79,93,72,32,40,20,8,12,2,1,1,0,0,0,294,294,102,94,46,28,15,6,3,185,155,30,30,118,17,36,26
59401370,0,,,138,71,67,17,10,7,121,61,60,64,34,30,119,61,58,118,61,57,57,27,30,29,11,18,17,7,10,0,0,0,0,0,0,45,45,8,14,10,2,6,2,3,37,22,15,5,39,0,7,4
59401371,0,,,152,77,75,14,9,5,138,68,70,87,44,43,134,65,69,134,65,69,51,24,27,34,16,18,12,5,7,2,1,1,0,0,0,44,44,8,7,6,9,9,4,1,36,16,20,5,36,0,6,3
59401372,0,,,84,32,52,4,3,1,79,29,50,23,13,10,77,28,49,77,28,49,56,16,40,34,4,30,15,1,14,2,0,2,0,0,0,30,28,12,6,4,3,1,1,1,16,7,9,2,24,0,8,4
59401373,0,,,71,37,34,6,5,1,64,31,33,34,20,14,62,29,33,61,29,32,30,11,19,17,5,12,8,4,4,0,0,0,0,0,0,28,28,7,9,5,4,3,0,0,21,17,4,1,22,0,5,3
59401376,0,,,280,129,151,22,14,8,252,113,139,133,60,73,245,112,133,240,108,132,119,53,66,64,26,38,13,4,9,1,0,1,1,1,0,109,109,20,41,29,11,4,1,3,87,65,22,5,76,0,13,23
59401377,0,,,194,90,104,15,7,8,179,83,96,93,46,47,170,77,93,165,73,92,86,37,49,36,17,19,17,7,10,1,0,1,0,0,0,76,76,20,23,19,7,2,3,2,56,39,17,3,56,0,16,10
59401378,0,,,226,113,113,29,15,14,197,98,99,145,73,72,196,97,99,191,94,97,52,25,27,20,10,10,8,2,6,1,0,1,0,0,0,101,101,33,37,15,10,4,1,1,66,59,7,13,32,12,5,13
59401379,0,,,164,78,86,12,7,5,152,71,81,90,45,45,149,69,80,147,68,79,62,26,36,30,10,20,6,1,5,0,0,0,1,1,0,61,61,10,20,15,13,2,0,1,49,36,13,3,39,0,5,9
59401380,0,,,133,64,69,6,4,2,127,60,67,71,37,34,122,58,64,122,58,64,56,23,33,31,9,22,13,4,9,1,0,1,0,0,0,38,38,5,9,6,7,5,3,3,33,15,18,0,33,0,3,3
59401383,0,,,399,174,225,18,11,7,381,163,218,184,94,90,377,161,216,372,158,214,197,69,128,127,36,91,70,13,57,11,1,10,0,0,0,127,126,24,36,31,24,7,3,1,102,67,35,5,93,0,15,14
59401384,0,,,584,258,326,47,18,29,537,240,297,281,132,149,528,233,295,520,229,291,256,108,148,149,56,93,53,22,31,3,0,3,0,0,0,209,209,39,67,43,32,19,5,4,170,105,65,11,169,0,32,34
59401385,0,,,142,64,78,14,9,5,128,55,73,75,36,39,123,51,72,123,51,72,53,19,34,29,10,19,10,2,8,0,0,0,1,0,1,52,52,11,16,11,6,6,2,0,41,25,16,5,36,0,7,7
59401386,0,,,128,65,63,9,4,5,119,61,58,69,38,31,118,60,58,117,60,57,50,23,27,21,7,14,9,2,7,1,0,1,0,0,0,48,48,9,17,14,3,2,1,2,39,28,11,1,35,0,5,9
59401387,0,,,121,56,65,12,6,6,109,50,59,60,29,31,105,48,57,105,48,57,49,21,28,28,10,18,11,2,9,0,0,0,1,1,0,48,48,14,19,2,5,5,3,0,34,23,11,4,36,1,10,7
59401388,0,,,213,101,112,16,8,8,195,93,102,102,52,50,192,92,100,190,90,100,93,41,52,53,17,36,30,6,24,4,0,4,1,1,0,70,69,18,16,14,11,5,3,2,51,31,20,6,45,1,12,7
59401389,0,,,712,336,376,99,47,52,607,286,321,420,201,219,577,271,306,562,264,298,187,85,102,70,25,45,18,6,12,1,0,1,1,0,1,249,249,47,66,62,41,21,10,2,200,149,51,25,123,2,21,29
59401390,0,,,98,41,57,4,1,3,94,40,54,49,20,29,92,39,53,92,39,53,45,20,25,23,10,13,8,3,5,0,0,0,8,0,8,39,39,14,10,3,8,3,0,1,25,12,13,2,31,0,7,5
59401391,0,,,11,5,6,0,0,0,11,5,6,5,2,3,11,5,6,11,5,6,6,3,3,2,1,1,1,0,1,1,0,1,0,0,0,5,5,1,2,2,0,0,0,0,4,3,1,0,3,0,1,1
59401392,0,,,206,101,105,19,13,6,187,88,99,107,52,55,183,84,99,181,84,97,80,36,44,38,16,22,16,9,7,0,0,0,0,0,0,63,63,6,20,13,12,2,8,2,57,34,23,4,50,0,5,9
59401393,0,,,815,372,443,118,62,56,696,310,386,405,197,208,673,296,377,666,294,372,291,113,178,142,48,94,48,14,34,3,0,3,1,0,1,289,287,65,84,53,48,21,13,3,221,164,57,23,181,1,44,42
59401394,0,,,704,314,390,97,44,53,607,270,337,371,185,186,590,263,327,584,260,324,236,85,151,135,41,94,64,21,43,4,0,4,0,0,0,264,262,73,69,57,40,16,5,2,188,142,46,25,141,1,46,28
59401395,0,,,214,100,114,22,8,14,192,92,100,106,55,51,184,86,98,184,86,98,86,37,49,44,15,29,14,4,10,2,1,1,0,0,0,66,66,8,19,15,13,3,3,5,58,29,29,4,51,0,6,8
59401396,0,,,148,64,84,21,9,12,127,55,72,64,30,34,123,53,70,122,52,70,63,25,38,31,10,21,14,3,11,0,0,0,0,0,0,50,50,11,13,9,6,7,3,1,39,21,18,3,40,0,9,4
59401397,0,,,54,27,27,3,2,1,51,25,26,24,11,13,51,25,26,50,24,26,27,14,13,15,7,8,5,2,3,0,0,0,0,0,0,20,20,3,9,1,6,0,1,0,17,11,6,2,17,0,3,6
59401398,0,,,132,62,70,8,5,3,124,57,67,62,33,29,122,56,66,122,56,66,62,24,38,32,9,23,10,4,6,0,0,0,0,0,0,45,45,9,11,10,8,4,2,1,36,18,18,4,42,0,8,5
59401399,0,,,257,139,118,39,24,15,215,114,101,140,76,64,208,111,97,206,109,97,75,38,37,41,20,21,12,3,9,0,0,0,1,0,1,92,92,30,16,16,15,8,4,3,62,39,23,12,48,5,6,11
59401400,0,,,289,133,156,21,7,14,268,126,142,150,78,72,261,121,140,257,118,139,118,48,70,58,17,41,26,7,19,0,0,0,0,0,0,97,97,24,22,18,15,6,8,4,73,40,33,8,77,0,18,11
59401401,0,,,174,83,91,6,4,2,168,79,89,64,39,25,167,78,89,166,77,89,104,40,64,74,24,50,42,12,30,2,0,2,0,0,0,54,53,20,11,11,2,5,3,1,32,18,14,1,44,0,15,7
59401402,0,,,50,24,26,5,3,2,45,21,24,30,15,15,45,21,24,44,21,23,15,6,9,6,3,3,3,1,2,0,0,0,0,0,0,17,17,3,4,5,3,0,2,0,13,8,5,2,11,0,3,1
59401403,0,,,1608,727,881,158,85,73,1450,642,808,790,365,425,1406,616,790,1394,610,784,660,277,383,330,122,208,135,40,95,7,2,5,12,1,11,618,616,170,195,110,76,31,18,16,441,320,121,29,414,2,109,92
59401404,0,,,993,457,536,105,60,45,888,397,491,542,267,275,857,379,478,847,376,471,346,130,216,209,69,140,85,21,64,9,0,9,1,1,0,367,360,84,116,77,47,18,14,4,276,211,65,31,212,2,48,45
59401405,0,,,227,121,106,21,13,8,206,108,98,111,60,51,201,105,96,198,102,96,95,48,47,45,22,23,16,6,10,0,0,0,0,0,0,68,68,12,17,10,12,7,5,5,55,25,30,8,57,0,9,8
59401406,0,,,129,59,70,8,2,6,121,57,64,57,30,27,116,56,60,113,53,60,64,27,37,30,12,18,14,4,10,1,0,1,0,0,0,42,42,6,13,7,9,3,3,1,36,17,19,2,39,0,5,8
59401407,0,,,116,60,56,7,4,3,109,56,53,67,38,29,104,53,51,103,52,51,42,18,24,23,10,13,6,3,3,0,0,0,1,0,1,34,34,7,7,3,6,6,3,2,27,10,17,1,29,0,6,0
59401408,1,,59401409,98,49,49,11,7,4,95,46,49,63,29,34,90,44,46,89,44,45,32,17,15,18,7,11,8,3,5,0,0,0,0,0,0,31,31,6,6,8,5,3,1,3,26,13,13,4,24,0,2,2
59401409,2,59401408,,8,4,4,*,*,*,*,*,*,*,*,*,*,*,*,*,*,*,*,*,*,*,*,*,*,*,*,*,*,*,*,*,*,1,1,*,*,*,*,*,*,*,*,*,*,*,*,*,*,*
59401410,0,,,108,49,59,7,4,3,101,45,56,53,25,28,96,42,54,96,42,54,48,20,28,21,9,12,8,2,6,0,0,0,0,0,0,34,34,6,6,9,6,3,4,0,28,13,15,2,28,0,3,5
59401411,0,,,245,121,124,17,14,3,228,107,121,118,62,56,222,104,118,219,101,118,110,45,65,62,19,43,28,7,21,2,0,2,2,1,1,70,69,8,23,11,10,8,5,4,59,32,27,7,55,0,4,13
59401412,0,,,103,46,57,5,2,3,98,44,54,58,30,28,97,44,53,95,43,52,40,14,26,23,7,16,11,3,8,0,0,0,0,0,0,34,34,1,12,11,7,1,2,0,33,19,14,2,28,0,0,7
59401413,0,,,321,139,182,29,12,17,292,127,165,161,80,81,287,123,164,282,121,161,131,47,84,84,30,54,25,6,19,4,1,3,0,0,0,115,115,24,34,24,17,7,9,0,91,55,36,10,83,1,17,17
59401414,0,,,944,410,534,89,41,48,855,369,486,469,221,248,830,355,475,813,349,464,386,148,238,233,76,157,115,33,82,13,4,9,2,0,2,302,301,58,99,59,41,24,10,10,242,167,75,28,196,1,36,42
59401415,0,,,67,36,31,8,4,4,59,32,27,33,19,14,56,30,26,55,29,26,26,13,13,15,8,7,3,1,2,1,1,0,0,0,0,21,21,2,7,5,3,1,2,1,19,11,8,3,17,0,2,4
59401416,0,,,112,54,58,16,5,11,96,49,47,52,26,26,95,48,47,93,47,46,44,23,21,26,14,12,8,4,4,1,0,1,0,0,0,29,29,2,8,4,5,2,5,3,27,10,17,4,26,0,1,6
59401417,1,,59401427,55,26,29,7,2,5,52,26,26,27,15,12,52,26,26,52,26,26,25,11,14,15,8,7,4,1,3,0,0,0,0,0,0,16,16,4,2,5,3,1,2,1,13,4,9,1,16,0,3,1
59401418,0,,,59,30,29,1,0,1,58,30,28,35,18,17,58,30,28,57,30,27,23,12,11,14,5,9,1,1,0,0,0,0,0,0,0,20,20,4,4,4,6,1,1,0,15,7,8,0,15,0,3,0
59401420,0,,,102,50,52,15,9,6,87,41,46,61,29,32,80,37,43,80,37,43,26,12,14,13,4,9,6,2,4,0,0,0,0,0,0,38,38,13,8,5,7,2,1,2,25,19,6,4,22,0,8,1
59401421,0,,,185,84,101,21,7,14,164,77,87,96,47,49,159,74,85,158,74,84,68,30,38,42,15,27,17,6,11,1,0,1,0,0,0,58,56,10,11,15,13,5,1,1,46,29,17,9,36,0,7,4
59401422,0,,,159,70,89,23,8,15,136,62,74,78,34,44,131,61,70,130,61,69,58,28,30,31,13,18,11,4,7,3,0,3,0,0,0,42,42,4,6,11,7,5,7,2,37,20,17,6,35,0,4,5
59401423,0,,,100,49,51,7,2,5,93,47,46,48,25,23,92,46,46,91,46,45,45,22,23,21,9,12,15,7,8,0,0,0,1,0,1,33,33,3,12,8,3,6,0,1,30,16,14,2,23,0,2,3
59401424,0,,,493,237,256,53,28,25,440,209,231,271,143,128,428,201,227,423,200,223,169,66,103,83,28,55,18,4,14,0,0,0,0,0,0,172,172,27,57,34,33,14,3,4,145,99,46,16,119,0,18,23
59401425,0,,,364,162,202,51,27,24,313,135,178,200,92,108,297,128,169,291,126,165,113,43,70,68,21,47,28,6,22,5,1,4,0,0,0,121,120,14,40,32,19,7,5,3,106,78,28,15,65,0,9,8
59401426,0,,,223,116,107,16,9,7,207,107,100,132,72,60,199,102,97,192,98,94,75,35,40,39,19,20,14,7,7,1,0,1,0,0,0,65,65,7,16,13,15,5,5,4,57,30,27,5,48,0,2,7
59401427,2,59401417,,4,2,2,*,*,*,*,*,*,*,*,*,*,*,*,*,*,*,*,*,*,*,*,*,*,*,*,*,*,*,*,*,*,2,2,*,*,*,*,*,*,*,*,*,*,*,*,*,*,*
59401428,2,59401429,,8,4,4,*,*,*,*,*,*,*,*,*,*,*,*,*,*,*,*,*,*,*,*,*,*,*,*,*,*,*,*,*,*,3,3,*,*,*,*,*,*,*,*,*,*,*,*,*,*,*
59401429,1,,59401428,48,25,23,1,0,1,55,29,26,28,18,10,53,28,25,53,28,25,27,11,16,15,5,10,3,0,3,1,0,1,0,0,0,16,16,4,3,5,5,1,1,0,15,8,7,0,16,0,2,3
59401430,0,,,144,75,69,23,14,9,121,61,60,76,41,35,119,59,60,116,57,59,45,20,25,15,5,10,4,1,3,2,0,2,0,0,0,51,51,15,11,9,7,3,5,1,36,24,12,5,29,0,7,5
59401431,0,,,161,76,85,12,7,5,149,69,80,78,40,38,147,67,80,144,67,77,71,29,42,31,13,18,7,2,5,1,0,1,1,0,1,52,52,5,18,14,7,2,3,3,47,28,19,2,43,0,5,8
59401432,0,,,144,61,83,14,6,8,130,55,75,81,31,50,126,54,72,123,52,71,49,24,25,24,10,14,10,4,6,2,1,1,1,0,1,49,49,12,11,9,9,4,1,3,37,23,14,5,34,0,7,6
59401433,0,,,98,41,57,2,1,1,96,40,56,59,26,33,93,39,54,89,37,52,37,14,23,26,10,16,5,1,4,0,0,0,0,0,0,34,34,5,10,9,5,4,1,0,29,18,11,0,26,0,4,4
59401434,0,,,193,100,93,20,13,7,173,87,86,101,50,51,170,86,84,170,86,84,72,37,35,32,15,17,13,5,8,0,0,0,0,0,0,55,55,3,14,15,9,6,6,2,49,29,20,6,43,0,3,3
59401435,0,,,162,74,88,12,4,8,150,70,80,93,48,45,148,70,78,147,69,78,57,22,35,29,12,17,10,4,6,0,0,0,0,0,0,46,46,6,4,18,5,9,1,3,40,20,20,4,36,0,4,3
59401436,0,,,122,63,59,12,6,6,110,57,53,57,30,27,109,56,53,108,56,52,53,27,26,28,14,14,15,6,9,1,0,1,0,0,0,38,38,6,11,7,2,7,5,0,32,16,16,4,32,0,4,7
59401437,0,,,17,8,9,3,1,2,14,7,7,7,5,2,14,7,7,14,7,7,7,2,5,3,0,3,2,0,2,0,0,0,0,0,0,4,4,0,1,1,0,1,0,1,4,1,3,2,4,0,0,0
59401439,0,,,40,19,21,4,3,1,36,16,20,25,12,13,31,13,18,30,12,18,11,4,7,1,0,1,1,0,1,0,0,0,0,0,0,12,12,0,2,6,2,2,0,0,12,6,6,1,7,0,0,0
59401440,0,,,110,44,66,3,1,2,107,43,64,42,20,22,106,43,63,106,43,63,65,23,42,42,11,31,26,3,23,2,0,2,2,2,0,34,33,11,7,3,9,2,0,1,22,9,13,0,26,0,7,2
59401441,0,,,250,116,134,24,12,12,226,104,122,117,53,64,220,100,120,217,98,119,109,51,58,56,21,35,17,6,11,2,1,1,0,0,0,85,85,13,26,21,15,4,2,4,71,44,27,9,71,0,12,15
59401442,0,,,297,146,151,26,14,12,271,132,139,150,81,69,262,129,133,260,127,133,121,51,70,58,21,37,23,7,16,2,0,2,1,0,1,101,101,15,34,21,15,8,5,3,86,55,31,4,76,0,11,13
59401443,0,,,229,103,126,27,9,18,202,94,108,117,55,62,194,89,105,187,87,100,85,39,46,41,16,25,17,6,11,0,0,0,0,0,0,71,71,12,16,17,8,10,5,3,58,27,31,8,55,0,8,9
59401444,0,,,115,56,59,12,5,7,103,51,52,62,36,26,100,49,51,97,46,51,41,15,26,22,6,16,12,4,8,1,1,0,0,0,0,35,35,6,6,9,5,5,3,1,29,11,18,4,27,0,4,1
59401445,0,,,92,39,53,9,5,4,83,34,49,51,23,28,82,34,48,81,34,47,32,11,21,20,4,16,8,1,7,1,1,0,1,0,1,25,25,4,3,5,5,4,2,2,20,5,15,1,22,0,4,0
59401446,0,,,259,124,135,27,18,9,232,106,126,130,64,66,225,103,122,223,102,121,102,42,60,52,19,33,22,5,17,1,0,1,0,0,0,79,79,15,14,21,12,4,9,4,64,27,37,7,64,1,13,5
59401447,0,,,217,104,113,14,6,8,203,98,105,107,59,48,200,95,105,196,93,103,96,39,57,62,26,36,16,7,9,1,1,0,1,0,1,75,75,14,26,9,16,5,1,4,60,33,27,1,63,0,9,14
59401449,0,,,18,8,10,4,1,3,14,7,7,8,3,5,14,7,7,14,7,7,6,4,2,0,0,0,0,0,0,0,0,0,0,0,0,5,5,0,3,0,0,0,2,0,5,3,2,1,4,0,0,3
59401450,0,,,372,171,201,33,18,15,339,153,186,189,90,99,325,148,177,321,146,175,150,63,87,90,34,56,39,12,27,3,0,3,0,0,0,126,125,23,41,24,19,8,6,4,101,69,32,6,85,3,16,18
59401451,0,,,244,117,127,24,13,11,220,104,116,125,65,60,214,100,114,212,98,114,95,39,56,44,15,29,18,6,12,1,0,1,1,1,0,80,80,10,24,22,11,7,4,2,70,44,26,6,64,1,7,10
59401452,0,,,234,99,135,37,11,26,197,88,109,114,55,59,191,84,107,190,84,106,83,33,50,36,13,23,13,3,10,0,0,0,5,0,5,77,77,20,15,17,11,4,5,5,57,27,30,6,56,2,13,8
59401453,0,,,161,80,81,23,16,7,138,64,74,90,48,42,132,60,72,132,60,72,48,16,32,25,5,20,9,2,7,0,0,0,0,0,0,53,53,11,12,9,10,8,2,1,42,26,16,3,31,0,7,5
59401454,0,,,207,100,107,16,12,4,191,88,103,106,54,52,187,84,103,184,84,100,85,34,51,40,12,28,14,5,9,2,0,2,0,0,0,57,57,4,16,12,9,4,8,4,53,20,33,4,52,0,3,2
59401455,0,,,189,84,105,30,17,13,159,67,92,98,44,54,156,66,90,153,66,87,61,23,38,27,8,19,10,4,6,2,0,2,1,0,1,49,49,2,13,10,7,7,4,6,47,19,28,9,37,0,2,4
59401456,0,,,267,134,133,26,17,9,241,117,124,158,81,77,238,115,123,235,113,122,83,36,47,52,20,32,10,3,7,1,0,1,0,0,0,88,87,19,25,13,14,6,7,3,67,38,29,9,58,0,14,7
59401457,0,,,162,80,82,16,12,4,146,68,78,86,44,42,138,66,72,135,65,70,60,24,36,26,8,18,15,3,12,3,0,3,1,0,1,53,53,13,10,12,8,4,3,3,40,24,16,4,34,0,7,4
59401458,0,,,31,15,16,2,0,2,29,15,14,13,8,5,29,15,14,29,15,14,16,7,9,7,3,4,5,2,3,2,1,1,0,0,0,11,11,2,1,5,3,0,0,0,9,7,2,1,9,0,1,0
59401459,1,,59401469,50,22,28,6,2,4,50,23,27,27,14,13,47,23,24,46,23,23,23,9,14,7,1,6,3,0,3,0,0,0,0,0,0,17,17,5,4,3,4,1,1,1,14,9,5,2,17,0,4,2
59401460,0,,,147,74,73,15,10,5,132,64,68,77,40,37,130,63,67,128,62,66,55,24,31,28,11,17,6,3,3,0,0,0,0,0,0,46,46,6,12,13,8,1,4,2,40,26,14,5,34,0,3,7
59401461,0,,,176,81,95,22,10,12,154,71,83,97,46,51,150,70,80,149,70,79,57,25,32,34,12,22,6,1,5,1,0,1,1,1,0,62,62,11,22,11,10,4,2,2,51,37,14,5,38,0,4,7
59401462,0,,,273,110,163,22,16,6,251,94,157,110,51,59,247,92,155,245,91,154,141,43,98,99,25,74,67,10,57,14,2,12,0,0,0,82,81,20,24,17,10,6,3,1,61,41,20,7,59,0,19,13
59401463,0,,,88,43,45,8,6,2,80,37,43,46,21,25,78,36,42,77,36,41,34,16,18,15,7,8,5,2,3,0,0,0,0,0,0,27,27,4,5,6,7,3,1,1,23,10,13,1,21,0,2,3
59401464,0,,,151,70,81,17,13,4,134,57,77,75,33,42,129,57,72,129,57,72,59,24,35,33,10,23,19,3,16,4,0,4,0,0,0,38,37,2,7,13,5,2,5,3,34,12,22,4,27,0,1,4
59401465,0,,,91,40,51,6,3,3,85,37,48,45,21,24,83,36,47,82,35,47,40,16,24,28,9,19,11,4,7,0,0,0,2,0,2,27,26,3,7,7,3,3,2,1,23,13,10,2,20,0,2,2
59401466,0,,,398,178,220,22,14,8,376,164,212,182,96,86,368,163,205,365,161,204,194,68,126,134,37,97,71,16,55,9,1,8,0,0,0,108,107,15,28,27,15,16,3,3,92,47,45,9,83,0,12,12
59401467,0,,,306,148,158,21,10,11,285,138,147,157,86,71,278,133,145,275,132,143,128,52,76,65,20,45,28,8,20,2,0,2,0,0,0,114,112,27,31,24,21,5,4,0,85,59,26,3,76,0,20,12
59401468,0,,,212,101,111,8,2,6,204,99,105,108,60,48,199,96,103,195,93,102,96,39,57,58,19,39,32,11,21,2,0,2,0,0,0,67,66,12,20,10,10,11,2,1,54,29,25,0,52,0,8,10
59401469,2,59401459,,6,3,3,*,*,*,*,*,*,*,*,*,*,*,*,*,*,*,*,*,*,*,*,*,*,*,*,*,*,*,*,*,*,2,2,*,*,*,*,*,*,*,*,*,*,*,*,*,*,*
59401470,0,,,129,59,70,23,13,10,106,46,60,67,32,35,104,46,58,104,46,58,39,14,25,17,5,12,4,1,3,0,0,0,1,0,1,37,37,3,11,5,8,5,3,2,34,19,15,6,25,0,2,4
59401471,0,,,161,84,77,9,5,4,152,79,73,83,45,38,148,75,73,147,74,73,69,34,35,45,23,22,13,8,5,0,0,0,0,0,0,52,52,5,15,14,12,3,1,2,47,26,21,5,43,0,4,8
59401472,0,,,96,46,50,5,3,2,91,43,48,46,25,21,89,41,48,89,41,48,45,18,27,19,7,12,6,2,4,0,0,0,0,0,0,36,36,7,13,7,5,2,2,0,29,17,12,0,29,0,7,5
59401473,0,,,178,84,94,14,8,6,164,76,88,89,41,48,157,74,83,154,71,83,75,35,40,44,18,26,17,6,11,1,1,0,0,0,0,56,56,8,15,9,13,6,4,1,48,21,27,4,45,0,6,6
59401474,0,,,296,138,158,24,16,8,272,122,150,145,77,68,264,119,145,261,118,143,127,45,82,78,26,52,22,8,14,2,0,2,1,0,1,93,93,19,19,22,9,13,6,5,74,32,42,4,82,0,16,9
59401475,0,,,48,20,28,4,2,2,44,18,26,22,9,13,43,17,26,41,16,25,22,9,13,7,2,5,2,0,2,0,0,0,0,0,0,19,19,3,8,3,5,0,0,0,16,13,3,0,12,0,1,5
59401476,0,,,261,117,144,22,7,15,239,110,129,117,64,53,234,108,126,234,108,126,122,46,76,72,23,49,39,8,31,6,0,6,0,0,0,82,81,13,26,21,10,5,2,4,68,47,21,5,61,0,10,10
59401477,0,,,63,33,30,7,3,4,56,30,26,33,19,14,56,30,26,54,28,26,23,11,12,9,4,5,4,1,3,0,0,0,0,0,0,23,23,6,7,5,2,1,0,2,17,15,2,2,15,0,5,3
59401478,0,,,146,72,74,8,5,3,138,67,71,74,37,37,132,64,68,130,64,66,64,30,34,32,12,20,15,6,9,0,0,0,0,0,0,44,44,6,11,10,7,5,2,3,38,16,22,1,41,0,5,9
59401479,0,,,199,96,103,23,10,13,176,86,90,113,54,59,171,84,87,167,81,86,63,32,31,30,14,16,16,8,8,0,0,0,2,1,1,54,54,4,14,10,10,7,2,7,50,21,29,7,42,0,1,3
59401480,0,,,139,64,75,8,6,2,131,58,73,74,35,39,126,56,70,124,55,69,57,23,34,25,9,16,13,4,9,0,0,0,0,0,0,44,44,8,8,12,8,4,3,1,36,22,14,2,33,0,5,6
59401481,0,,,112,53,59,11,4,7,101,49,52,57,30,27,98,48,50,97,48,49,44,19,25,25,12,13,10,4,6,0,0,0,2,0,2,33,33,4,6,10,6,4,2,1,29,13,16,2,27,0,2,4
59401482,0,,,236,117,119,24,10,14,212,107,105,118,62,56,209,106,103,206,104,102,94,45,49,49,21,28,23,9,14,1,1,0,0,0,0,73,73,10,17,21,9,7,7,2,62,38,24,8,60,0,8,10
59401483,0,,,231,100,131,23,9,14,208,91,117,87,43,44,199,86,113,199,86,113,121,48,73,73,22,51,40,12,28,7,1,6,0,0,0,60,57,5,17,13,8,8,5,1,51,30,21,5,45,0,5,12
59401484,0,,,107,47,60,3,2,1,104,45,59,56,28,28,102,45,57,102,45,57,48,17,31,29,10,19,12,4,8,2,0,2,0,0,0,33,33,8,4,5,9,4,1,2,25,7,18,1,32,0,7,2
59401485,0,,,106,40,66,9,2,7,97,38,59,54,21,33,93,35,58,91,35,56,43,17,26,27,8,19,12,5,7,0,0,0,1,0,1,31,31,3,8,8,4,3,3,2,28,11,17,2,26,0,1,3
59401486,0,,,173,77,96,10,3,7,163,74,89,91,44,47,158,72,86,157,72,85,72,30,42,37,14,23,16,7,9,1,1,0,1,0,1,55,55,7,11,18,11,4,2,2,47,22,25,3,44,0,4,6
59401487,0,,,203,96,107,18,9,9,185,87,98,96,49,47,182,86,96,182,86,96,89,38,51,40,16,24,17,7,10,1,0,1,1,0,1,65,65,9,17,17,11,5,4,2,56,31,25,7,52,0,6,9
59401488,1,,59401498,94,50,44,7,6,1,97,49,48,53,26,27,94,48,46,93,47,46,44,23,21,20,9,11,9,3,6,0,0,0,1,0,1,29,29,3,7,9,7,4,2,0,29,15,14,2,28,0,3,5
59401489,0,,,17,8,9,2,1,1,15,7,8,7,4,3,15,7,8,15,7,8,8,3,5,4,1,3,2,1,1,0,0,0,0,0,0,7,7,2,3,1,0,0,1,0,5,4,1,1,5,0,1,2
59401490,0,,,444,200,244,46,24,22,398,176,222,217,107,110,385,167,218,378,161,217,181,69,112,105,37,68,40,13,27,1,0,1,0,0,0,146,144,29,40,28,22,17,4,4,115,75,40,7,99,0,24,20
59401491,0,,,80,39,41,6,5,1,74,34,40,33,15,18,73,34,39,72,34,38,41,19,22,23,9,14,9,4,5,2,1,1,0,0,0,27,27,4,10,4,4,3,1,1,23,10,13,1,25,0,3,5
59401492,0,,,149,69,80,14,8,6,135,61,74,69,35,34,131,59,72,129,59,70,66,26,40,45,17,28,20,4,16,2,0,2,0,0,0,42,41,4,13,9,6,2,5,2,37,19,18,1,32,1,3,7
59401493,0,,,180,84,96,9,5,4,171,79,92,72,38,34,169,78,91,166,77,89,99,41,58,60,21,39,32,11,21,3,0,3,0,0,0,56,55,9,14,18,7,4,2,1,46,26,20,2,47,0,7,6
59401494,0,,,106,52,54,9,6,3,97,46,51,54,27,27,92,46,46,91,46,45,43,19,24,16,5,11,6,2,4,0,0,0,0,0,0,39,39,6,16,6,5,6,0,0,33,21,12,0,31,0,4,6
59401495,0,,,184,94,90,16,10,6,168,84,84,98,54,44,164,80,84,161,78,83,70,30,40,29,12,17,12,4,8,0,0,0,0,0,0,55,55,6,16,10,11,4,5,3,49,29,20,6,45,0,4,6
59401496,0,,,122,55,67,21,7,14,101,48,53,60,30,30,99,47,52,98,46,52,41,18,23,25,10,15,14,4,10,0,0,0,0,0,0,31,31,4,6,5,5,4,3,4,27,11,16,6,27,0,3,3
59401497,0,,,320,160,160,29,15,14,291,145,146,176,96,80,279,135,144,277,135,142,115,49,66,62,18,44,19,6,13,0,0,0,0,0,0,104,104,12,33,23,19,10,3,4,92,58,34,7,80,0,9,16
59401498,2,59401488,,10,5,5,*,*,*,*,*,*,*,*,*,*,*,*,*,*,*,*,*,*,*,*,*,*,*,*,*,*,*,*,*,*,3,3,*,*,*,*,*,*,*,*,*,*,*,*,*,*,*
59401499,0,,,111,57,54,14,9,5,97,48,49,56,32,24,94,46,48,93,45,48,41,16,25,17,6,11,6,1,5,2,1,1,0,0,0,27,27,1,7,3,4,4,6,2,26,7,19,3,23,0,0,5
59401509,0,,,77,33,44,7,3,4,70,30,40,24,11,13,69,29,40,69,29,40,46,19,27,30,11,19,10,7,3,0,0,0,0,0,0,30,30,8,13,2,2,2,2,1,22,15,7,2,30,0,8,8
59401519,1,,59401529,112,40,72,0,0,0,115,41,74,31,19,12,115,41,74,115,41,74,84,22,62,65,13,52,46,7,39,7,1,6,1,1,0,31,30,11,13,4,3,1,0,0,21,15,6,0,24,0,5,10
59401520,0,,,22,12,10,1,0,1,21,12,9,11,6,5,20,11,9,20,11,9,10,6,4,4,2,2,0,0,0,0,0,0,0,0,0,6,6,0,2,2,0,0,2,0,6,4,2,0,6,0,0,1
59401529,2,59401519,,3,1,2,*,*,*,*,*,*,*,*,*,*,*,*,*,*,*,*,*,*,*,*,*,*,*,*,*,*,*,*,*,*,2,2,*,*,*,*,*,*,*,*,*,*,*,*,*,*,*
59401530,1,,59401540,20,12,8,2,1,1,25,16,9,15,10,5,25,16,9,25,16,9,10,6,4,7,4,3,1,0,1,0,0,0,0,0,0,7,7,2,2,2,2,0,0,1,7,4,3,1,7,0,2,1
59401540,2,59401530,,7,5,2,*,*,*,*,*,*,*,*,*,*,*,*,*,*,*,*,*,*,*,*,*,*,*,*,*,*,*,*,*,*,2,2,*,*,*,*,*,*,*,*,*,*,*,*,*,*,*
59401550,1,,59401551,75,38,37,2,1,1,76,38,38,34,20,14,75,37,38,74,36,38,42,18,24,16,5,11,10,3,7,1,0,1,0,0,0,22,22,2,4,7,5,3,2,0,21,8,13,0,21,0,1,3
59401551,2,59401550,,3,1,2,*,*,*,*,*,*,*,*,*,*,*,*,*,*,*,*,*,*,*,*,*,*,*,*,*,*,*,*,*,*,1,1,*,*,*,*,*,*,*,*,*,*,*,*,*,*,*
59401560,1,,59401561,17,7,10,3,1,2,18,9,9,10,5,5,18,9,9,18,9,9,8,4,4,3,1,2,0,0,0,0,0,0,0,0,0,7,7,1,5,2,1,0,0,0,8,7,1,2,6,0,0,2
59401561,2,59401560,,4,3,1,*,*,*,*,*,*,*,*,*,*,*,*,*,*,*,*,*,*,*,*,*,*,*,*,*,*,*,*,*,*,2,2,*,*,*,*,*,*,*,*,*,*,*,*,*,*,*
59401570,2,59401580,,8,5,3,*,*,*,*,*,*,*,*,*,*,*,*,*,*,*,*,*,*,*,*,*,*,*,*,*,*,*,*,*,*,2,2,*,*,*,*,*,*,*,*,*,*,*,*,*,*,*
59401580,1,,59401570,161,69,92,11,4,7,158,70,88,84,38,46,155,70,85,154,70,84,74,32,42,32,13,19,12,5,7,3,1,2,0,0,0,55,55,10,17,9,10,9,1,1,47,21,26,3,44,0,7,6
59401590,0,,,185,84,101,10,3,7,175,81,94,90,44,46,172,81,91,169,81,88,85,37,48,32,10,22,13,1,12,2,0,2,0,0,0,56,56,9,10,18,6,6,3,4,47,22,25,2,46,0,7,7
59401591,0,,,64,24,40,6,3,3,58,21,37,30,11,19,57,21,36,57,21,36,28,10,18,13,3,10,7,2,5,0,0,0,0,0,0,18,18,1,6,3,4,1,1,2,17,9,8,1,16,0,0,3
59401600,0,,,15,6,9,1,1,0,14,5,9,6,3,3,13,5,8,13,5,8,8,2,6,4,1,3,2,0,2,0,0,0,0,0,0,6,6,1,4,0,0,0,1,0,4,3,1,0,6,0,1,2
59401610,0,,,130,55,75,20,7,13,110,48,62,64,30,34,106,47,59,104,47,57,46,18,28,29,9,20,14,4,10,1,0,1,0,0,0,43,43,14,8,5,9,2,1,4,29,16,13,3,30,1,7,6
59401620,0,,,82,40,42,11,5,6,71,35,36,41,23,18,67,34,33,66,33,33,30,12,18,14,4,10,6,3,3,0,0,0,0,0,0,26,26,3,8,7,4,0,2,2,23,14,9,2,21,0,3,0
59401630,0,,,132,68,64,3,3,0,129,65,64,67,39,28,122,59,63,120,57,63,62,26,36,42,17,25,13,5,8,1,0,1,0,0,0,54,54,15,19,11,4,2,2,1,38,26,12,0,43,0,11,8
59401631,0,,,30,16,14,3,2,1,27,14,13,12,9,3,27,14,13,27,14,13,15,5,10,8,2,6,3,0,3,0,0,0,0,0,0,9,9,1,2,2,2,1,1,0,8,2,6,1,9,0,1,1
59401632,0,,,13,6,7,1,0,1,12,6,6,6,4,2,12,6,6,12,6,6,6,2,4,5,1,4,2,1,1,0,0,0,0,0,0,6,6,2,3,0,0,1,0,0,4,3,1,1,5,0,1,2
59401633,0,,,35,18,17,4,3,1,31,15,16,11,6,5,30,14,16,30,14,16,20,9,11,13,6,7,8,4,4,1,0,1,0,0,0,11,11,1,5,0,4,0,0,1,10,5,5,0,10,0,1,4
59401641,0,,,38,15,23,4,0,4,34,15,19,10,5,5,34,15,19,34,15,19,24,10,14,17,6,11,9,4,5,1,0,1,0,0,0,19,19,9,5,3,0,2,0,0,10,6,4,0,16,0,7,4
59401642,0,,,126,58,68,11,5,6,115,53,62,51,24,27,113,52,61,113,52,61,64,29,35,33,12,21,18,7,11,2,0,2,0,0,0,46,46,9,17,8,6,3,2,1,37,19,18,3,39,0,8,12
59401643,0,,,20,11,9,1,1,0,19,10,9,10,7,3,18,9,9,18,9,9,9,3,6,7,2,5,4,0,4,0,0,0,0,0,0,7,7,1,3,1,1,0,1,0,6,3,3,0,6,0,1,0
59401651,0,,,70,31,39,4,3,1,66,28,38,27,13,14,64,27,37,64,27,37,39,15,24,23,6,17,10,2,8,2,0,2,0,0,0,28,28,10,7,3,6,1,0,1,18,9,9,1,25,0,8,4
59401652,0,,,33,15,18,2,1,1,31,14,17,19,9,10,31,14,17,30,13,17,12,5,7,7,1,6,3,0,3,1,0,1,0,0,0,13,13,0,7,5,1,0,0,0,13,12,1,1,8,0,0,2
59401662,0,,,44,24,20,0,0,0,44,24,20,14,10,4,44,24,20,44,24,20,30,14,16,21,10,11,12,7,5,2,2,0,0,0,0,20,20,8,4,5,2,1,0,0,12,7,5,0,18,0,7,4
59401663,0,,,16,8,8,0,0,0,16,8,8,7,3,4,15,8,7,15,8,7,9,5,4,6,3,3,2,1,1,0,0,0,0,0,0,7,7,4,1,0,0,2,0,0,3,1,2,0,6,0,4,0
59401672,0,,,18,9,9,0,0,0,18,9,9,6,3,3,18,9,9,18,9,9,12,6,6,9,4,5,3,2,1,0,0,0,0,0,0,8,8,1,4,3,0,0,0,0,7,5,2,0,7,0,1,2
59401673,0,,,91,42,49,2,1,1,89,41,48,36,21,15,89,41,48,89,41,48,53,20,33,32,9,23,13,3,10,1,0,1,0,0,0,41,41,17,9,7,6,1,1,0,24,16,8,0,39,0,17,5
59401674,0,,,82,36,46,15,5,10,67,31,36,35,16,19,65,30,35,64,29,35,32,15,17,19,8,11,6,2,4,1,0,1,0,0,0,28,28,5,12,2,5,0,1,3,22,17,5,5,20,0,4,6
59401684,0,,,55,25,30,1,1,0,54,24,30,22,14,8,54,24,30,54,24,30,32,10,22,18,3,15,9,0,9,1,0,1,1,0,1,24,24,7,6,8,3,0,0,0,17,13,4,0,22,0,7,3
59401694,0,,,25,16,9,4,3,1,21,13,8,13,8,5,18,11,7,18,11,7,8,5,3,7,4,3,1,0,1,0,0,0,0,0,0,7,7,1,1,1,1,3,0,0,6,4,2,0,5,0,1,0
59401695,0,,,54,24,30,0,0,0,54,24,30,27,14,13,54,24,30,54,24,30,27,10,17,21,8,13,6,2,4,0,0,0,0,0,0,20,20,3,8,3,4,2,0,0,16,8,8,0,18,0,3,4
59401759,0,,,101,52,49,0,0,0,101,52,49,64,36,28,99,50,49,98,50,48,37,16,21,19,6,13,7,1,6,0,0,0,2,1,1,67,67,50,7,6,2,1,1,0,17,9,8,0,27,10,11,2
59401769,0,,,66,29,37,2,1,1,64,28,36,37,16,21,63,28,35,59,26,33,27,12,15,15,5,10,4,1,3,0,0,0,0,0,0,32,32,17,7,4,2,0,0,2,14,10,4,1,20,4,7,3
59402003,2,59402005,,2,1,1,*,*,*,*,*,*,*,*,*,*,*,*,*,*,*,*,*,*,*,*,*,*,*,*,*,*,*,*,*,*,1,1,*,*,*,*,*,*,*,*,*,*,*,*,*,*,*
59402005,1,,59402003,34,16,18,4,4,0,32,13,19,15,5,10,31,12,19,30,12,18,17,8,9,6,1,5,3,0,3,0,0,0,0,0,0,11,11,1,5,3,1,0,2,0,11,7,4,0,11,0,1,3
59402006,0,,,510,242,268,46,30,16,464,212,252,222,113,109,453,206,247,451,205,246,242,99,143,125,41,84,52,9,43,1,0,1,0,0,0,199,198,48,81,30,19,13,2,5,150,114,36,7,143,0,33,44
59402007,0,,,277,122,155,28,14,14,249,108,141,130,63,67,239,105,134,238,104,134,119,45,74,54,16,38,26,6,20,4,1,3,0,0,0,113,113,31,40,17,16,6,1,2,82,58,24,6,83,0,22,18
59402017,0,,,165,42,123,0,0,0,165,42,123,26,13,13,165,42,123,165,42,123,139,29,110,126,21,105,89,7,82,17,1,16,0,0,0,19,16,3,6,3,3,0,1,0,13,9,4,0,11,0,2,2
59402018,0,,,11,6,5,0,0,0,11,6,5,1,1,0,11,6,5,11,6,5,10,5,5,3,1,2,2,1,1,1,0,1,0,0,0,5,5,1,2,2,0,0,0,0,4,3,1,0,5,0,1,2
59402019,0,,,38,17,21,1,0,1,37,17,20,14,8,6,37,17,20,37,17,20,23,9,14,14,6,8,8,3,5,0,0,0,0,0,0,15,15,3,5,3,4,0,0,0,12,5,7,1,13,0,1,4
59402028,0,,,17,9,8,0,0,0,17,9,8,5,1,4,17,9,8,17,9,8,12,8,4,3,2,1,0,0,0,0,0,0,0,0,0,8,8,1,6,0,1,0,0,0,7,7,0,0,8,0,1,6
59402029,0,,,81,34,47,5,1,4,76,33,43,36,16,20,76,33,43,76,33,43,40,17,23,26,9,17,8,2,6,1,1,0,0,0,0,27,27,6,6,7,3,3,1,1,21,13,8,1,23,1,5,3
59402034,0,,,120,54,66,4,4,0,116,50,66,57,25,32,114,49,65,112,48,64,59,25,34,37,14,23,16,6,10,0,0,0,1,1,0,47,47,11,15,11,6,2,2,0,36,25,11,1,40,0,10,7
59402039,0,,,39,19,20,4,0,4,35,19,16,16,11,5,33,17,16,33,17,16,19,8,11,10,4,6,6,2,4,2,0,2,0,0,0,11,11,0,4,2,2,1,2,0,11,6,5,0,9,0,0,3
59402044,0,,,877,431,446,105,62,43,766,366,400,533,261,272,729,344,385,715,336,379,233,105,128,93,36,57,17,7,10,3,0,3,2,2,0,367,367,105,125,66,43,17,10,1,260,227,33,26,165,3,47,53
59402054,0,,,496,200,296,35,20,15,461,180,281,205,104,101,451,174,277,442,169,273,256,76,180,181,40,141,114,14,100,23,2,21,0,0,0,152,149,47,51,25,13,8,4,1,101,91,10,6,68,5,18,25
59402056,0,,,38,17,21,4,3,1,34,14,20,11,4,7,33,14,19,33,14,19,23,10,13,10,4,6,4,2,2,2,1,1,0,0,0,11,11,0,4,4,1,0,1,1,11,5,6,0,11,0,0,4
59402057,2,59402067,,2,0,2,*,*,*,*,*,*,*,*,*,*,*,*,*,*,*,*,*,*,*,*,*,*,*,*,*,*,*,*,*,*,1,1,*,*,*,*,*,*,*,*,*,*,*,*,*,*,*
59402058,0,,,13,6,7,0,0,0,13,6,7,9,4,5,12,6,6,12,6,6,4,2,2,1,0,1,0,0,0,0,0,0,0,0,0,5,5,1,1,2,1,0,0,0,4,3,1,0,2,0,0,1
59402064,0,,,409,201,208,31,17,14,378,184,194,215,106,109,370,182,188,362,179,183,163,78,85,76,28,48,21,4,17,0,0,0,2,1,1,149,148,33,57,25,14,14,3,2,115,90,25,8,101,0,26,32
59402065,0,,,16,7,9,1,1,0,15,6,9,7,2,5,15,6,9,15,6,9,8,4,4,3,1,2,1,0,1,0,0,0,0,0,0,7,7,2,2,2,1,0,0,0,5,5,0,1,5,0,1,2
59402066,0,,,63,29,34,8,3,5,55,26,29,33,16,17,54,26,28,53,25,28,22,10,12,11,4,7,2,0,2,1,0,1,0,0,0,17,17,1,2,5,5,2,1,1,16,7,9,2,14,0,1,1
59402067,1,,59402057,41,20,21,2,2,0,41,18,23,20,8,12,40,17,23,40,17,23,21,10,11,13,5,8,5,1,4,0,0,0,0,0,0,14,14,2,5,4,2,1,1,0,13,7,6,1,13,0,1,3
59402068,0,,,55,29,26,5,4,1,50,25,25,19,10,9,50,25,25,50,25,25,31,15,16,12,5,7,5,2,3,0,0,0,0,0,0,20,20,4,8,4,1,1,1,1,16,11,5,1,19,0,4,4
59402069,0,,,39,19,20,2,1,1,37,18,19,17,9,8,37,18,19,37,18,19,20,9,11,13,6,7,4,2,2,0,0,0,0,0,0,13,13,2,4,3,1,2,1,0,11,7,4,1,12,0,2,2
59402074,1,,59402075,678,340,338,25,12,13,659,331,328,397,217,180,653,326,327,644,323,321,262,114,148,124,51,73,33,11,22,2,0,2,1,0,1,194,186,79,62,29,15,4,0,0,110,91,19,9,112,13,31,29
59402075,2,59402074,,7,4,3,*,*,*,*,*,*,*,*,*,*,*,*,*,*,*,*,*,*,*,*,*,*,*,*,*,*,*,*,*,*,3,3,*,*,*,*,*,*,*,*,*,*,*,*,*,*,*
59402079,1,,59402099,28,11,17,1,0,1,33,13,20,18,9,9,33,13,20,32,12,20,15,4,11,8,2,6,5,1,4,1,0,1,0,0,0,9,9,2,6,1,1,0,1,1,10,8,2,0,10,0,2,1
59402084,0,,,136,66,70,11,6,5,125,60,65,67,35,32,121,58,63,120,57,63,58,25,33,33,12,21,8,3,5,1,0,1,0,0,0,50,50,8,19,11,6,4,1,1,42,32,10,3,36,0,7,9
59402085,0,,,56,27,29,0,0,0,56,27,29,27,10,17,56,27,29,56,27,29,29,17,12,17,7,10,3,2,1,0,0,0,0,0,0,25,25,9,8,5,1,0,2,0,16,12,4,0,23,0,8,8
59402094,1,,59402095,198,94,104,12,7,5,188,87,101,76,39,37,184,85,99,179,82,97,112,48,64,65,26,39,19,9,10,0,0,0,0,0,0,77,77,19,31,14,6,3,4,2,59,41,18,3,73,0,16,23
59402095,2,59402094,,2,0,2,*,*,*,*,*,*,*,*,*,*,*,*,*,*,*,*,*,*,*,*,*,*,*,*,*,*,*,*,*,*,2,2,*,*,*,*,*,*,*,*,*,*,*,*,*,*,*
59402099,2,59402079,,6,2,4,*,*,*,*,*,*,*,*,*,*,*,*,*,*,*,*,*,*,*,*,*,*,*,*,*,*,*,*,*,*,3,3,*,*,*,*,*,*,*,*,*,*,*,*,*,*,*
59402106,0,,,14,5,9,2,0,2,12,5,7,7,3,4,12,5,7,12,5,7,5,2,3,2,1,1,1,1,0,0,0,0,0,0,0,6,6,2,3,0,0,0,1,0,4,3,1,0,4,0,1,1
59402107,0,,,15,9,6,1,0,1,14,9,5,8,5,3,14,9,5,14,9,5,6,4,2,3,2,1,1,0,1,0,0,0,0,0,0,5,5,0,3,1,0,0,1,0,5,4,1,0,5,0,0,1
59402109,0,,,85,45,40,3,2,1,82,43,39,39,23,16,80,41,39,79,40,39,43,20,23,19,6,13,10,2,8,0,0,0,0,0,0,30,30,5,11,7,2,3,0,2,25,16,9,1,27,0,4,5
59402115,0,,,22,9,13,2,0,2,20,9,11,5,2,3,20,9,11,20,9,11,15,7,8,10,4,6,1,0,1,0,0,0,0,0,0,10,10,3,5,1,0,0,1,0,7,6,1,0,10,0,3,5
59402116,0,,,27,13,14,2,1,1,25,12,13,11,6,5,25,12,13,25,12,13,14,6,8,9,3,6,3,1,2,1,0,1,0,0,0,8,8,1,3,2,0,1,0,1,7,4,3,1,8,0,1,1
59402117,0,,,23,12,11,0,0,0,23,12,11,10,5,5,23,12,11,23,12,11,13,7,6,6,3,3,5,3,2,0,0,0,0,0,0,10,10,2,5,1,2,0,0,0,8,6,2,0,7,0,1,2
59402118,0,,,49,23,26,2,2,0,47,21,26,25,14,11,46,20,26,45,20,25,22,7,15,11,2,9,3,0,3,0,0,0,0,0,0,17,17,4,2,5,5,0,1,0,13,6,7,0,14,0,3,2
59402119,0,,,19,9,10,0,0,0,19,9,10,5,3,2,19,9,10,19,9,10,14,6,8,8,2,6,5,1,4,0,0,0,0,0,0,7,7,2,1,2,1,1,0,0,5,1,4,0,7,0,2,0
59402126,0,,,26,12,14,2,2,0,24,10,14,8,4,4,24,10,14,24,10,14,16,6,10,11,5,6,5,2,3,0,0,0,0,0,0,8,8,0,2,4,1,0,1,0,8,5,3,1,8,0,0,2
59402127,0,,,19,10,9,0,0,0,19,10,9,4,3,1,19,10,9,19,10,9,15,7,8,2,1,1,1,0,1,0,0,0,0,0,0,10,10,4,4,1,1,0,0,0,6,5,1,0,9,0,3,4
59402128,1,,59402129,30,17,13,0,0,0,35,19,16,13,7,6,35,19,16,35,19,16,22,12,10,5,2,3,2,0,2,0,0,0,0,0,0,13,13,3,8,4,1,0,0,0,13,12,1,0,15,0,2,5
59402129,2,59402128,,5,2,3,*,*,*,*,*,*,*,*,*,*,*,*,*,*,*,*,*,*,*,*,*,*,*,*,*,*,*,*,*,*,3,3,*,*,*,*,*,*,*,*,*,*,*,*,*,*,*
59402137,1,,59402147,112,57,55,7,4,3,108,55,53,56,29,27,106,53,53,104,52,52,52,26,26,31,13,18,7,3,4,0,0,0,0,0,0,34,34,6,9,7,8,1,3,2,30,15,15,2,32,0,6,5
59402138,0,,,248,110,138,18,8,10,230,102,128,102,48,54,227,101,126,226,101,125,128,54,74,65,24,41,30,10,20,2,0,2,0,0,0,90,89,13,34,25,9,4,2,2,76,54,22,3,73,0,8,23
59402139,1,,59402149,56,29,27,12,9,3,47,22,25,27,14,13,46,21,25,46,21,25,20,8,12,9,3,6,4,1,3,0,0,0,1,0,1,17,17,4,2,5,3,1,2,1,14,7,7,1,13,0,3,1
59402146,0,,,60,29,31,2,1,1,58,28,30,24,12,12,57,28,29,56,27,29,34,16,18,19,9,10,10,5,5,2,2,0,1,0,1,20,20,1,9,3,3,4,0,0,19,11,8,1,19,0,0,5
59402147,2,59402137,,3,2,1,*,*,*,*,*,*,*,*,*,*,*,*,*,*,*,*,*,*,*,*,*,*,*,*,*,*,*,*,*,*,2,2,*,*,*,*,*,*,*,*,*,*,*,*,*,*,*
59402148,1,,59402158,56,24,32,1,0,1,212,117,95,96,59,37,211,117,94,210,116,94,116,58,58,47,23,24,5,3,2,1,1,0,0,0,0,19,19,2,9,2,5,1,1,1,19,15,4,0,19,0,2,5
59402149,2,59402139,,3,2,1,*,*,*,*,*,*,*,*,*,*,*,*,*,*,*,*,*,*,*,*,*,*,*,*,*,*,*,*,*,*,1,1,*,*,*,*,*,*,*,*,*,*,*,*,*,*,*
59402156,0,,,47,22,25,2,0,2,45,22,23,17,9,8,44,22,22,44,22,22,28,13,15,10,4,6,4,1,3,0,0,0,0,0,0,17,17,4,6,3,1,1,1,1,13,9,4,0,15,0,4,3
59402157,0,,,69,33,36,1,1,0,68,32,36,32,17,15,66,31,35,66,31,35,36,15,21,16,4,12,7,1,6,0,0,0,0,0,0,23,23,2,5,10,4,1,1,0,21,12,9,1,19,0,2,4
59402158,2,59402148,,157,93,64,*,*,*,*,*,*,*,*,*,*,*,*,*,*,*,*,*,*,*,*,*,*,*,*,*,*,*,*,*,*,3,2,*,*,*,*,*,*,*,*,*,*,*,*,*,*,*
59402159,0,,,87,42,45,1,1,0,86,41,45,41,20,21,85,40,45,84,40,44,45,21,24,28,11,17,9,4,5,0,0,0,0,0,0,26,26,1,8,7,3,5,2,0,25,13,12,0,25,0,1,7
59402166,0,,,122,59,63,3,1,2,119,58,61,51,31,20,117,56,61,113,55,58,68,27,41,45,17,28,17,6,11,0,0,0,0,0,0,47,47,9,15,12,8,3,0,0,38,29,9,1,39,0,8,9
59402167,0,,,11,5,6,0,0,0,11,5,6,6,3,3,11,5,6,10,5,5,5,2,3,1,0,1,0,0,0,0,0,0,0,0,0,4,4,0,2,1,1,0,0,0,4,3,1,0,3,0,0,2
59402169,0,,,31,15,16,1,1,0,30,14,16,14,7,7,30,14,16,30,14,16,16,7,9,7,2,5,3,0,3,0,0,0,0,0,0,12,12,3,3,4,0,2,0,0,9,5,4,1,10,0,3,1
59402170,0,,,15,6,9,0,0,0,15,6,9,7,3,4,15,6,9,15,6,9,8,3,5,7,2,5,3,1,2,0,0,0,0,0,0,6,6,0,3,3,0,0,0,0,6,5,1,0,5,0,0,2
59402176,0,,,84,36,48,13,7,6,71,29,42,34,14,20,68,29,39,68,29,39,37,15,22,19,7,12,10,4,6,1,0,1,0,0,0,29,29,6,8,8,2,2,2,1,23,16,7,5,22,0,4,5
59402185,2,59402186,,84,51,33,*,*,*,*,*,*,*,*,*,*,*,*,*,*,*,*,*,*,*,*,*,*,*,*,*,*,*,*,*,*,4,3,*,*,*,*,*,*,*,*,*,*,*,*,*,*,*
59402186,1,,59402185,145,63,82,12,5,7,215,107,108,118,58,60,212,107,105,209,105,104,97,49,48,51,24,27,18,8,10,1,0,1,0,0,0,50,50,11,20,4,8,7,0,3,42,27,15,0,45,0,7,13
59402187,0,,,46,22,24,0,0,0,46,22,24,22,11,11,46,22,24,45,21,24,24,11,13,11,5,6,5,1,4,0,0,0,0,0,0,19,19,3,9,5,1,0,1,0,16,11,5,0,14,0,2,5
59402188,1,,59402198,42,24,18,0,0,0,44,25,19,23,15,8,43,25,18,43,25,18,21,10,11,9,5,4,2,0,2,0,0,0,0,0,0,12,12,0,4,5,2,0,1,1,13,7,6,0,11,0,0,2
59402193,2,59402194,,1,0,1,*,*,*,*,*,*,*,*,*,*,*,*,*,*,*,*,*,*,*,*,*,*,*,*,*,*,*,*,*,*,1,1,*,*,*,*,*,*,*,*,*,*,*,*,*,*,*
59402194,1,,59402193;59402195,328,163,165,22,15,7,308,148,160,153,78,75,301,145,156,299,145,154,155,70,85,83,33,50,24,4,20,2,1,1,2,0,2,114,114,22,35,31,10,8,6,4,93,56,37,4,93,0,16,22
59402195,2,59402194,,2,1,1,*,*,*,*,*,*,*,*,*,*,*,*,*,*,*,*,*,*,*,*,*,*,*,*,*,*,*,*,*,*,1,1,*,*,*,*,*,*,*,*,*,*,*,*,*,*,*
59402196,0,,,22,10,12,0,0,0,22,10,12,7,2,5,22,10,12,22,10,12,15,8,7,5,2,3,2,0,2,0,0,0,0,0,0,11,11,2,7,2,0,0,0,0,9,8,1,0,9,0,1,5
59402197,0,,,36,16,20,0,0,0,36,16,20,20,9,11,36,16,20,35,16,19,16,7,9,8,2,6,4,0,4,0,0,0,0,0,0,15,15,5,4,2,3,1,0,0,10,5,5,0,13,0,4,2
59402198,2,59402188,,2,1,1,*,*,*,*,*,*,*,*,*,*,*,*,*,*,*,*,*,*,*,*,*,*,*,*,*,*,*,*,*,*,1,1,*,*,*,*,*,*,*,*,*,*,*,*,*,*,*
59402200,1,,59402210,40,20,20,1,1,0,41,21,20,15,10,5,41,21,20,41,21,20,26,11,15,15,6,9,5,1,4,0,0,0,0,0,0,17,17,5,9,2,2,1,0,0,13,10,3,0,17,0,4,6
59402201,1,,59402211,31,15,16,5,3,2,33,15,18,18,6,12,32,15,17,32,15,17,15,9,6,6,4,2,1,1,0,0,0,0,0,0,0,8,8,0,2,3,2,2,0,1,10,6,4,0,8,0,0,1
59402204,0,,,29,13,16,0,0,0,29,13,16,15,6,9,27,13,14,27,13,14,14,7,7,7,2,5,4,1,3,0,0,0,0,0,0,11,11,2,5,1,2,0,1,0,9,6,3,0,9,0,1,2
59402205,0,,,11,6,5,0,0,0,11,6,5,7,4,3,11,6,5,11,6,5,4,2,2,2,0,2,0,0,0,0,0,0,0,0,0,4,4,1,0,2,1,0,0,0,3,1,2,0,4,0,1,0
59402206,1,,59402207,15,6,9,0,0,0,17,7,10,5,3,2,17,7,10,17,7,10,12,4,8,6,2,4,1,0,1,0,0,0,0,0,0,6,6,2,2,2,0,1,0,0,5,2,3,0,7,0,2,1
59402207,2,59402206,,2,1,1,*,*,*,*,*,*,*,*,*,*,*,*,*,*,*,*,*,*,*,*,*,*,*,*,*,*,*,*,*,*,1,1,*,*,*,*,*,*,*,*,*,*,*,*,*,*,*
59402209,2,59402218,,1,0,1,*,*,*,*,*,*,*,*,*,*,*,*,*,*,*,*,*,*,*,*,*,*,*,*,*,*,*,*,*,*,1,1,*,*,*,*,*,*,*,*,*,*,*,*,*,*,*
59402210,2,59402200,,2,2,0,*,*,*,*,*,*,*,*,*,*,*,*,*,*,*,*,*,*,*,*,*,*,*,*,*,*,*,*,*,*,2,2,*,*,*,*,*,*,*,*,*,*,*,*,*,*,*
59402211,2,59402201,,7,3,4,*,*,*,*,*,*,*,*,*,*,*,*,*,*,*,*,*,*,*,*,*,*,*,*,*,*,*,*,*,*,2,2,*,*,*,*,*,*,*,*,*,*,*,*,*,*,*
59402212,2,59402213,,4,4,0,*,*,*,*,*,*,*,*,*,*,*,*,*,*,*,*,*,*,*,*,*,*,*,*,*,*,*,*,*,*,2,2,*,*,*,*,*,*,*,*,*,*,*,*,*,*,*
59402213,1,,59402212,45,22,23,5,2,3,44,24,20,21,13,8,44,24,20,44,24,20,23,11,12,11,5,6,5,1,4,0,0,0,0,0,0,16,16,5,5,2,4,0,2,0,13,6,7,1,14,0,3,2
59402215,0,,,32,13,19,2,2,0,30,11,19,16,9,7,27,9,18,27,9,18,14,2,12,10,1,9,5,1,4,0,0,0,0,0,0,12,12,3,5,1,1,1,0,1,9,5,4,0,12,0,3,2
59402217,2,59402218,,4,2,2,*,*,*,*,*,*,*,*,*,*,*,*,*,*,*,*,*,*,*,*,*,*,*,*,*,*,*,*,*,*,3,3,*,*,*,*,*,*,*,*,*,*,*,*,*,*,*
59402218,1,,59402209;59402217,42,14,28,4,1,3,43,15,28,28,12,16,41,14,27,40,13,27,15,3,12,11,2,9,5,0,5,0,0,0,9,0,9,21,21,16,5,1,0,1,1,1,9,6,3,1,13,0,5,2
59402221,0,,,110,58,52,8,6,2,102,52,50,50,27,23,100,51,49,99,50,49,52,25,27,21,8,13,6,2,4,0,0,0,0,0,0,30,30,1,10,4,4,5,6,0,29,14,15,1,27,0,1,7
59402222,0,,,70,30,40,5,4,1,65,26,39,29,12,17,65,26,39,65,26,39,36,14,22,17,6,11,7,3,4,0,0,0,0,0,0,26,26,2,12,6,4,2,0,0,24,16,8,2,23,0,2,10
59402223,0,,,44,19,25,3,1,2,41,18,23,22,11,11,38,17,21,38,17,21,19,7,12,12,5,7,3,1,2,0,0,0,0,0,0,16,16,3,6,2,3,1,1,0,13,9,4,0,12,0,3,4
59402224,0,,,180,86,94,8,4,4,172,82,90,83,41,42,170,82,88,169,82,87,89,41,48,54,20,34,28,11,17,0,0,0,0,0,0,73,73,19,26,14,6,5,3,0,54,39,15,0,63,0,15,18
59402225,0,,,15,9,6,0,0,0,15,9,6,5,4,1,15,9,6,15,9,6,10,5,5,7,4,3,3,2,1,0,0,0,0,0,0,7,7,1,4,2,0,0,0,0,6,4,2,0,7,0,1,3
59402226,0,,,24,13,11,0,0,0,24,13,11,9,6,3,24,13,11,24,13,11,15,7,8,9,3,6,4,1,3,0,0,0,0,0,0,10,10,2,4,2,2,0,0,0,8,6,2,0,9,0,1,2
59402228,0,,,13,6,7,2,1,1,11,5,6,7,4,3,11,5,6,11,5,6,4,1,3,0,0,0,0,0,0,0,0,0,0,0,0,4,4,1,0,2,0,0,1,0,3,1,2,1,3,0,1,0
59402229,1,,59402239,321,149,172,30,16,14,300,138,162,168,80,88,290,133,157,286,131,155,132,58,74,72,28,44,27,14,13,1,0,1,0,0,0,90,90,5,27,16,25,6,7,7,88,39,49,8,81,0,2,13
59402230,0,,,51,28,23,1,1,0,50,27,23,25,17,8,49,26,23,49,26,23,25,10,15,15,5,10,4,2,2,0,0,0,0,0,0,18,18,3,5,5,2,3,0,0,15,9,6,1,16,0,2,1
59402231,0,,,237,117,120,18,10,8,219,107,112,124,62,62,216,105,111,213,104,109,95,45,50,49,18,31,14,5,9,2,1,1,0,0,0,80,80,18,21,17,10,5,3,6,62,32,30,4,64,0,12,11
59402232,0,,,55,29,26,8,6,2,47,23,24,23,13,10,47,23,24,47,23,24,24,10,14,11,2,9,6,0,6,0,0,0,0,0,0,18,18,2,7,5,1,1,0,2,16,10,6,2,15,0,0,4
59402233,0,,,127,39,88,5,3,2,122,36,86,19,7,12,120,36,84,119,36,83,103,29,74,86,18,68,66,10,56,13,1,12,0,0,0,17,16,4,6,2,1,1,1,1,12,9,3,2,14,0,3,5
59402234,0,,,79,43,36,7,3,4,72,40,32,43,26,17,71,39,32,71,39,32,29,14,15,11,3,8,7,2,5,0,0,0,0,0,0,27,27,5,8,6,4,2,1,1,22,11,11,0,20,0,3,4
59402235,0,,,19,8,11,0,0,0,19,8,11,9,4,5,19,8,11,19,8,11,10,4,6,7,3,4,3,2,1,0,0,0,0,0,0,7,7,1,2,2,2,0,0,0,6,3,3,0,6,0,1,0
59402236,0,,,64,32,32,5,2,3,59,30,29,35,19,16,59,30,29,58,29,29,24,11,13,10,4,6,1,0,1,0,0,0,0,0,0,22,22,5,6,4,3,2,1,1,17,9,8,2,15,0,2,3
59402238,0,,,91,44,47,4,2,2,87,42,45,48,24,24,85,41,44,84,40,44,39,18,21,20,6,14,9,3,6,0,0,0,0,0,0,27,27,4,7,4,4,4,3,1,23,10,13,2,25,0,4,3
59402239,2,59402229,,9,5,4,*,*,*,*,*,*,*,*,*,*,*,*,*,*,*,*,*,*,*,*,*,*,*,*,*,*,*,*,*,*,3,3,*,*,*,*,*,*,*,*,*,*,*,*,*,*,*
59402240,0,,,92,39,53,3,0,3,89,39,50,38,16,22,85,36,49,84,36,48,51,23,28,22,10,12,5,1,4,0,0,0,0,0,0,33,33,5,15,5,2,4,0,2,28,17,11,1,27,0,3,13
59402242,0,,,59,31,28,3,1,2,56,30,26,27,14,13,54,28,26,54,28,26,29,16,13,15,8,7,6,4,2,1,0,1,0,0,0,21,21,3,5,9,3,0,0,1,18,11,7,0,17,0,2,2
59402243,0,,,54,25,29,3,3,0,51,22,29,21,8,13,50,22,28,50,22,28,30,14,16,12,3,9,4,0,4,0,0,0,0,0,0,21,21,5,5,6,4,1,0,0,16,10,6,1,20,0,5,3
59402244,0,,,68,31,37,7,3,4,61,28,33,41,20,21,57,28,29,56,27,29,20,8,12,9,3,6,3,0,3,2,0,2,0,0,0,21,21,5,5,1,4,3,2,1,16,6,10,1,12,0,2,2
59402246,0,,,45,22,23,3,2,1,42,20,22,23,12,11,41,20,21,41,20,21,19,8,11,13,5,8,6,3,3,0,0,0,0,0,0,16,16,5,3,3,2,1,2,0,11,5,6,1,14,0,3,1
59402249,0,,,42,17,25,2,1,1,40,16,24,19,9,10,40,16,24,39,15,24,21,7,14,8,2,6,3,0,3,0,0,0,0,0,0,22,22,9,10,1,1,0,1,0,13,12,1,0,16,0,9,3
59402250,2,59402260,,2,1,1,*,*,*,*,*,*,*,*,*,*,*,*,*,*,*,*,*,*,*,*,*,*,*,*,*,*,*,*,*,*,1,1,*,*,*,*,*,*,*,*,*,*,*,*,*,*,*
59402253,0,,,131,62,69,10,6,4,121,56,65,66,34,32,120,55,65,120,55,65,55,22,33,28,11,17,10,4,6,1,0,1,0,0,0,43,43,10,7,13,5,3,3,2,33,16,17,1,36,0,7,1
59402254,1,,59402263,33,15,18,3,1,2,32,14,18,16,8,8,32,14,18,32,14,18,16,6,10,8,1,7,1,0,1,0,0,0,0,0,0,13,13,3,7,1,2,0,0,1,11,9,2,0,12,0,3,3
59402255,0,,,275,113,162,21,10,11,254,103,151,107,55,52,252,102,150,252,102,150,147,48,99,97,21,76,67,13,54,10,2,8,0,0,0,43,41,3,9,6,12,5,3,3,36,13,23,6,34,0,3,7
59402256,0,,,71,36,35,7,4,3,64,32,32,33,17,16,64,32,32,63,32,31,31,15,16,16,7,9,7,2,5,1,0,1,0,0,0,23,23,3,6,8,3,0,2,1,20,9,11,3,19,0,3,2
59402257,0,,,269,130,139,17,11,6,252,119,133,130,69,61,242,115,127,239,114,125,122,50,72,72,31,41,25,8,17,1,0,1,1,1,0,97,97,17,37,22,6,7,6,2,80,46,34,6,78,0,10,18
59402258,0,,,171,75,96,16,6,10,155,69,86,96,47,49,150,67,83,148,67,81,59,22,37,28,6,22,11,2,9,0,0,0,0,0,0,54,54,8,17,7,11,4,6,1,46,29,17,6,42,0,7,5
59402259,0,,,1296,577,719,101,49,52,1195,528,667,598,301,297,1173,519,654,1159,512,647,597,227,370,350,106,244,169,40,129,18,2,16,2,0,2,480,477,121,166,85,58,26,15,6,356,254,102,18,348,1,88,72
59402260,1,,59402250,92,46,46,7,5,2,87,42,45,43,20,23,87,42,45,86,41,45,44,22,22,24,12,12,9,7,2,1,1,0,0,0,0,30,30,3,13,6,5,0,2,2,28,17,11,1,27,0,2,8
59402262,0,,,276,130,146,21,10,11,254,119,135,127,63,64,245,115,130,242,114,128,127,56,71,55,21,34,27,6,21,0,0,0,0,0,0,88,88,11,30,17,10,11,5,4,77,38,39,6,75,0,8,16
59402263,2,59402254,,2,0,2,*,*,*,*,*,*,*,*,*,*,*,*,*,*,*,*,*,*,*,*,*,*,*,*,*,*,*,*,*,*,1,1,*,*,*,*,*,*,*,*,*,*,*,*,*,*,*
59402264,0,,,70,30,40,8,2,6,62,28,34,31,16,15,61,28,33,61,28,33,31,12,19,15,4,11,8,2,6,0,0,0,0,0,0,23,23,5,5,5,4,2,0,2,18,9,9,2,18,0,4,4
59402265,0,,,103,47,56,12,3,9,91,44,47,53,28,25,90,43,47,89,43,46,38,16,22,23,8,15,11,3,8,1,0,1,0,0,0,32,32,2,9,10,5,4,1,1,30,15,15,1,27,0,1,1
59402266,0,,,155,69,86,11,5,6,144,64,80,75,35,40,137,62,75,136,61,75,69,29,40,40,16,24,14,5,9,1,0,1,0,0,0,48,48,7,15,10,4,3,8,1,41,24,17,5,41,0,6,8
59402267,0,,,39,19,20,4,3,1,35,16,19,18,9,9,35,16,19,35,16,19,17,7,10,10,4,6,2,0,2,0,0,0,0,0,0,12,12,3,3,2,0,1,2,1,9,3,6,1,10,0,1,2
59402268,0,,,49,26,23,3,1,2,46,25,21,27,16,11,43,22,21,42,21,21,19,9,10,7,3,4,2,1,1,0,0,0,0,0,0,13,13,1,4,3,2,0,0,3,11,6,5,1,13,0,1,1
59402269,0,,,403,177,226,36,18,18,367,159,208,205,101,104,347,147,200,344,145,199,162,58,104,80,18,62,26,3,23,1,0,1,0,0,0,165,165,47,62,22,17,7,7,3,118,88,30,10,115,0,36,24
59402270,0,,,85,43,42,3,2,1,82,41,41,41,21,20,82,41,41,82,41,41,41,20,21,26,11,15,7,3,4,0,0,0,0,0,0,37,37,11,12,9,4,0,0,1,26,16,10,1,26,0,6,8
59402272,0,,,117,59,58,6,5,1,111,54,57,60,32,28,105,51,54,103,50,53,51,22,29,28,10,18,14,4,10,0,0,0,0,0,0,38,38,5,13,7,5,3,5,0,33,20,13,1,30,1,3,8
59402274,0,,,83,41,42,7,3,4,76,38,38,35,19,16,74,37,37,73,36,37,41,19,22,16,7,9,10,4,6,0,0,0,0,0,0,31,31,10,8,5,4,1,0,3,21,13,8,1,27,0,8,1
59402275,0,,,183,84,99,9,3,6,174,81,93,91,47,44,170,79,91,169,78,91,83,34,49,39,12,27,16,5,11,0,0,0,0,0,0,68,68,10,26,14,14,1,3,0,57,37,20,1,51,0,7,15
59402276,0,,,118,61,57,6,3,3,112,58,54,52,32,20,112,58,54,112,58,54,60,26,34,32,14,18,9,4,5,0,0,0,0,0,0,40,40,7,10,11,7,3,1,1,33,19,14,1,35,0,5,7
59402277,0,,,177,86,91,7,2,5,170,84,86,84,47,37,167,83,84,164,82,82,86,37,49,43,16,27,18,6,12,1,1,0,1,0,1,59,59,11,16,11,8,11,1,1,48,31,17,1,48,0,7,10
59402278,0,,,17,7,10,2,0,2,15,7,8,6,4,2,15,7,8,15,7,8,9,3,6,6,1,5,2,0,2,1,0,1,0,0,0,8,8,4,1,1,2,0,0,0,4,2,2,1,6,0,3,1
59402280,0,,,147,35,112,0,0,0,147,35,112,37,14,23,147,35,112,146,35,111,110,21,89,100,17,83,69,9,60,15,3,12,0,0,0,19,18,3,5,4,2,3,0,1,15,7,8,0,12,0,2,2
59402285,0,,,79,44,35,3,3,0,76,41,35,38,24,14,74,40,34,71,38,33,38,17,21,21,9,12,6,3,3,0,0,0,0,0,0,35,35,14,10,3,5,2,1,0,21,17,4,1,25,1,9,9
59402286,1,,59402296,64,29,35,3,3,0,63,27,36,29,15,14,62,26,36,61,25,36,34,12,22,22,9,13,6,2,4,1,1,0,0,0,0,26,26,6,12,4,3,0,2,0,21,16,5,2,22,0,6,7
59402287,0,,,44,20,24,5,2,3,39,18,21,14,7,7,38,17,21,36,16,20,25,11,14,15,8,7,4,2,2,0,0,0,0,0,0,17,17,6,5,1,1,3,1,0,11,6,5,1,17,0,6,4
59402290,0,,,40,20,20,3,0,3,37,20,17,20,13,7,35,19,16,33,17,16,17,7,10,6,1,5,3,0,3,0,0,0,0,0,0,11,11,0,4,3,1,2,0,1,11,5,6,1,9,0,0,2
59402291,1,,59402292,87,38,49,2,2,0,94,41,53,51,23,28,90,40,50,89,40,49,43,18,25,26,8,18,9,2,7,1,0,1,0,0,0,29,29,6,8,4,10,2,2,0,26,11,15,1,27,0,6,5
59402292,2,59402291,,9,5,4,*,*,*,*,*,*,*,*,*,*,*,*,*,*,*,*,*,*,*,*,*,*,*,*,*,*,*,*,*,*,3,3,*,*,*,*,*,*,*,*,*,*,*,*,*,*,*
59402296,2,59402286,,2,1,1,*,*,*,*,*,*,*,*,*,*,*,*,*,*,*,*,*,*,*,*,*,*,*,*,*,*,*,*,*,*,1,1,*,*,*,*,*,*,*,*,*,*,*,*,*,*,*
59402300,2,59402310,,5,2,3,*,*,*,*,*,*,*,*,*,*,*,*,*,*,*,*,*,*,*,*,*,*,*,*,*,*,*,*,*,*,1,1,*,*,*,*,*,*,*,*,*,*,*,*,*,*,*
59402301,0,,,445,209,236,28,13,15,417,196,221,227,116,111,409,194,215,406,192,214,190,80,110,84,21,63,34,9,25,3,1,2,0,0,0,154,154,29,41,36,28,10,6,4,125,74,51,9,124,0,26,16
59402302,0,,,138,63,75,13,6,7,124,56,68,73,32,41,120,53,67,117,53,64,51,24,27,28,13,15,6,3,3,0,0,0,0,0,0,44,44,6,14,6,9,5,3,1,38,23,15,3,30,0,5,10
59402303,0,,,141,67,74,10,1,9,131,66,65,77,45,32,129,64,65,125,62,63,54,21,33,29,9,20,9,2,7,0,0,0,0,0,0,44,44,9,6,10,9,7,2,1,35,16,19,4,37,0,7,2
59402304,0,,,124,62,62,16,8,8,108,54,54,59,31,28,107,54,53,106,54,52,49,23,26,25,11,14,8,3,5,0,0,0,0,0,0,35,35,2,9,11,6,1,3,3,33,18,15,5,30,0,1,5
59402305,0,,,64,28,36,3,1,2,61,27,34,30,13,17,60,27,33,60,27,33,31,14,17,19,7,12,8,3,5,1,0,1,0,0,0,24,24,4,8,8,2,1,0,1,20,14,6,2,20,0,3,4
59402306,0,,,104,46,58,5,1,4,99,45,54,50,25,25,97,43,54,96,43,53,49,20,29,25,10,15,5,2,3,0,0,0,0,0,0,34,34,5,9,7,7,5,0,1,29,15,14,1,28,0,3,5
59402307,0,,,31,12,19,1,0,1,30,12,18,15,5,10,29,12,17,29,12,17,15,7,8,7,2,5,3,1,2,0,0,0,0,0,0,12,12,1,6,2,3,0,0,0,11,6,5,1,8,0,1,3
59402308,0,,,58,25,33,3,0,3,55,25,30,25,13,12,54,24,30,53,24,29,30,12,18,10,3,7,5,0,5,1,0,1,0,0,0,20,20,3,4,10,1,0,1,1,17,10,7,1,17,0,0,2
59402309,0,,,82,42,40,12,5,7,70,37,33,49,27,22,68,36,32,67,35,32,21,10,11,7,4,3,2,1,1,0,0,0,0,0,0,23,23,5,3,4,3,2,5,1,18,7,11,1,15,0,3,0
59402310,1,,59402300,37,20,17,1,0,1,41,22,19,22,13,9,39,20,19,39,20,19,19,9,10,8,3,5,2,0,2,0,0,0,0,0,0,11,11,1,4,2,1,2,1,1,11,6,5,0,11,0,1,4
59402311,0,,,36,14,22,3,0,3,33,14,19,19,9,10,32,14,18,32,14,18,14,5,9,9,2,7,4,1,3,0,0,0,0,0,0,11,11,1,4,3,0,1,1,1,10,5,5,0,10,0,1,0
59402312,0,,,50,27,23,4,2,2,46,25,21,20,11,9,46,25,21,45,24,21,26,14,12,12,7,5,3,2,1,0,0,0,0,0,0,15,15,1,5,3,4,0,1,1,14,8,6,1,15,0,1,4
59402313,0,,,25,10,15,3,1,2,22,9,13,16,8,8,22,9,13,21,8,13,6,1,5,3,0,3,1,0,1,0,0,0,0,0,0,8,8,1,3,1,1,1,1,0,7,5,2,1,5,0,1,1
59402314,2,59402315,,8,3,5,*,*,*,*,*,*,*,*,*,*,*,*,*,*,*,*,*,*,*,*,*,*,*,*,*,*,*,*,*,*,3,3,*,*,*,*,*,*,*,*,*,*,*,*,*,*,*
59402315,1,,59402314,3,2,1,1,0,1,10,5,5,3,1,2,9,5,4,9,5,4,7,4,3,3,2,1,0,0,0,0,0,0,0,0,0,2,2,1,3,0,1,0,0,0,4,4,0,0,4,0,1,3
59402317,0,,,55,23,32,3,1,2,52,22,30,25,13,12,52,22,30,52,22,30,27,9,18,20,6,14,7,1,6,1,0,1,0,0,0,20,20,2,8,4,5,1,0,0,18,11,7,0,17,0,2,6
59402318,0,,,117,57,60,6,4,2,111,53,58,61,29,32,107,51,56,105,50,55,50,24,26,23,9,14,7,3,4,0,0,0,0,0,0,38,38,5,14,5,7,1,6,0,32,18,14,2,34,0,3,5
59402320,0,,,73,37,36,4,4,0,69,33,36,32,16,16,69,33,36,69,33,36,37,17,20,22,8,14,11,3,8,0,0,0,0,0,0,23,23,4,4,6,5,3,0,1,19,9,10,1,22,0,4,1
59402321,0,,,15,7,8,0,0,0,15,7,8,8,5,3,15,7,8,15,7,8,7,2,5,5,1,4,1,0,1,0,0,0,0,0,0,5,5,1,2,0,1,0,1,0,4,3,1,0,5,0,1,0
59402323,0,,,15,7,8,3,2,1,12,5,7,5,2,3,12,5,7,12,5,7,7,3,4,1,0,1,1,0,1,0,0,0,0,0,0,4,4,0,2,0,1,0,0,1,4,2,2,1,3,0,0,2
59402324,0,,,19,8,11,0,0,0,19,8,11,6,2,4,19,8,11,19,8,11,13,6,7,4,1,3,3,1,2,0,0,0,0,0,0,7,7,2,1,2,1,1,0,0,5,1,4,0,7,0,2,0
59402329,0,,,53,24,29,5,1,4,48,23,25,30,15,15,46,21,25,46,21,25,18,8,10,10,3,7,1,0,1,0,0,0,0,0,0,19,19,4,7,3,2,2,0,1,15,9,6,1,14,0,3,3
59402330,0,,,62,30,32,6,3,3,56,27,29,26,12,14,55,26,29,54,26,28,30,15,15,13,7,6,5,3,2,0,0,0,0,0,0,20,20,1,8,6,2,1,1,1,19,15,4,2,17,0,1,7
59402333,0,,,20,10,10,1,0,1,19,10,9,8,5,3,19,10,9,19,10,9,11,5,6,4,2,2,2,1,1,0,0,0,0,0,0,7,7,2,0,3,1,1,0,0,5,2,3,0,6,0,1,0
59402335,0,,,26,10,16,0,0,0,26,10,16,13,6,7,25,10,15,25,10,15,13,4,9,10,3,7,4,1,3,0,0,0,0,0,0,9,9,3,1,2,1,1,1,0,6,1,5,0,9,0,3,1
59402336,1,,59402347,17,9,8,1,0,1,21,11,10,12,7,5,20,10,10,20,10,10,9,4,5,3,1,2,2,0,2,0,0,0,0,0,0,5,5,2,0,2,2,0,1,0,5,3,2,0,6,0,2,0
59402340,0,,,127,64,63,16,8,8,111,56,55,68,38,30,106,53,53,105,53,52,43,18,25,32,15,17,5,1,4,0,0,0,0,0,0,44,44,9,12,10,8,1,2,2,33,21,12,2,31,0,6,5
59402341,0,,,107,43,64,7,4,3,100,39,61,54,25,29,96,36,60,95,35,60,46,14,32,30,6,24,12,3,9,1,0,1,0,0,0,30,29,3,8,5,10,3,0,0,26,15,11,2,19,0,2,4
59402342,0,,,291,142,149,28,12,16,263,130,133,141,73,68,258,127,131,257,126,131,122,57,65,53,22,31,21,6,15,1,0,1,1,0,1,102,102,23,28,24,10,9,2,6,79,49,30,9,79,0,18,16
59402343,0,,,27,13,14,2,1,1,25,12,13,11,7,4,25,12,13,25,12,13,14,5,9,4,1,3,3,0,3,0,0,0,0,0,0,12,12,5,2,3,1,1,0,0,7,4,3,0,10,1,4,1
59402344,0,,,41,18,23,0,0,0,41,18,23,13,6,7,41,18,23,40,17,23,28,12,16,15,5,10,7,1,6,0,0,0,1,0,1,16,16,5,3,5,1,1,1,0,11,4,7,0,16,0,5,3
59402345,2,59402346,,8,4,4,*,*,*,*,*,*,*,*,*,*,*,*,*,*,*,*,*,*,*,*,*,*,*,*,*,*,*,*,*,*,3,3,*,*,*,*,*,*,*,*,*,*,*,*,*,*,*
59402346,1,,59402345,80,46,34,4,3,1,84,47,37,48,31,17,80,45,35,76,41,35,36,16,20,21,9,12,6,3,3,0,0,0,0,0,0,24,24,5,6,6,4,2,1,3,22,12,10,0,22,0,3,3
59402347,2,59402336,,5,2,3,*,*,*,*,*,*,*,*,*,*,*,*,*,*,*,*,*,*,*,*,*,*,*,*,*,*,*,*,*,*,2,2,*,*,*,*,*,*,*,*,*,*,*,*,*,*,*
59402349,2,59402368,,2,1,1,*,*,*,*,*,*,*,*,*,*,*,*,*,*,*,*,*,*,*,*,*,*,*,*,*,*,*,*,*,*,1,1,*,*,*,*,*,*,*,*,*,*,*,*,*,*,*
59402350,0,,,490,232,258,35,22,13,455,210,245,239,127,112,443,202,241,438,198,240,216,83,133,124,41,83,55,22,33,1,0,1,2,2,0,186,185,45,59,46,17,6,5,7,140,94,46,7,136,0,33,28
59402351,0,,,32,16,16,4,2,2,28,14,14,16,10,6,28,14,14,28,14,14,12,4,8,7,1,6,6,1,5,1,0,1,0,0,0,13,13,5,3,1,2,2,0,0,8,4,4,0,10,0,4,0
59402352,0,,,44,23,21,3,3,0,41,20,21,22,11,11,40,20,20,39,20,19,19,9,10,8,4,4,2,1,1,0,0,0,0,0,0,15,15,5,2,4,1,1,1,1,10,5,5,1,12,0,2,2
59402353,0,,,70,29,41,2,0,2,68,29,39,32,16,16,67,28,39,67,28,39,36,13,23,17,6,11,8,3,5,0,0,0,0,0,0,27,27,5,10,7,2,2,1,0,22,14,8,0,22,0,4,5
59402355,0,,,39,20,19,0,0,0,39,20,19,24,12,12,36,19,17,36,19,17,15,8,7,9,5,4,4,2,2,1,1,0,0,0,0,10,10,1,0,1,6,1,1,0,9,2,7,0,8,0,1,0
59402356,0,,,29,13,16,0,0,0,29,13,16,13,7,6,29,13,16,29,13,16,16,6,10,8,2,6,2,0,2,0,0,0,0,0,0,10,10,2,1,4,2,1,0,0,8,4,4,0,10,0,2,1
59402357,2,59402367,,7,3,4,*,*,*,*,*,*,*,*,*,*,*,*,*,*,*,*,*,*,*,*,*,*,*,*,*,*,*,*,*,*,2,2,*,*,*,*,*,*,*,*,*,*,*,*,*,*,*
59402358,2,59402368,,4,2,2,*,*,*,*,*,*,*,*,*,*,*,*,*,*,*,*,*,*,*,*,*,*,*,*,*,*,*,*,*,*,2,2,*,*,*,*,*,*,*,*,*,*,*,*,*,*,*
59402359,0,,,21,10,11,0,0,0,21,10,11,11,7,4,20,10,10,19,10,9,10,3,7,9,3,6,2,0,2,0,0,0,0,0,0,7,7,1,3,0,2,0,1,0,6,4,2,0,7,0,1,1
59402360,0,,,293,138,155,40,21,19,253,117,136,153,78,75,243,110,133,241,108,133,100,39,61,54,21,33,8,2,6,1,0,1,1,0,1,107,107,26,32,18,17,7,5,2,80,57,23,10,69,0,22,16
59402362,0,,,73,36,37,5,2,3,68,34,34,39,22,17,66,32,34,66,32,34,29,12,17,18,8,10,8,3,5,1,1,0,0,0,0,22,22,3,6,5,3,1,2,2,19,8,11,0,20,0,3,3
59402366,1,,59402376,40,22,18,2,1,1,48,26,22,29,16,13,48,26,22,48,26,22,19,10,9,11,5,6,4,3,1,0,0,0,0,0,0,12,12,1,4,5,3,0,0,2,14,9,5,1,13,0,1,2
59402367,1,,59402357,40,22,18,3,2,1,44,23,21,27,17,10,43,23,20,42,22,20,17,6,11,8,1,7,3,0,3,0,0,0,0,0,0,14,14,4,2,3,5,2,0,0,12,5,7,0,11,0,2,1
59402368,1,,59402349;59402358,52,28,24,3,1,2,55,30,25,36,20,16,50,27,23,50,27,23,19,10,9,11,6,5,3,2,1,0,0,0,0,0,0,15,15,2,9,0,2,2,2,1,16,9,7,0,12,0,2,1
59402369,0,,,26,14,12,4,4,0,22,10,12,11,4,7,21,10,11,21,10,11,11,6,5,5,2,3,2,1,1,0,0,0,0,0,0,6,6,0,1,2,0,1,1,1,6,3,3,0,6,0,0,0
59402372,1,,59402373,65,29,36,5,1,4,71,32,39,35,19,16,69,32,37,68,32,36,36,13,23,18,5,13,8,2,6,1,1,0,0,0,0,24,24,6,8,6,5,2,1,0,22,13,9,1,22,0,3,6
59402373,2,59402372,,11,4,7,*,*,*,*,*,*,*,*,*,*,*,*,*,*,*,*,*,*,*,*,*,*,*,*,*,*,*,*,*,*,4,4,*,*,*,*,*,*,*,*,*,*,*,*,*,*,*
59402376,2,59402366,,10,5,5,*,*,*,*,*,*,*,*,*,*,*,*,*,*,*,*,*,*,*,*,*,*,*,*,*,*,*,*,*,*,3,3,*,*,*,*,*,*,*,*,*,*,*,*,*,*,*
59402383,0,,,88,41,47,5,1,4,83,40,43,47,25,22,82,40,42,82,40,42,36,15,21,18,5,13,4,1,3,0,0,0,0,0,0,26,26,2,7,6,4,4,3,0,24,15,9,1,20,0,1,4
59402384,2,59402394,,7,4,3,*,*,*,*,*,*,*,*,*,*,*,*,*,*,*,*,*,*,*,*,*,*,*,*,*,*,*,*,*,*,1,1,*,*,*,*,*,*,*,*,*,*,*,*,*,*,*
59402385,0,,,17,10,7,2,2,0,15,8,7,8,5,3,15,8,7,15,8,7,7,3,4,2,0,2,1,0,1,0,0,0,0,0,0,6,6,2,3,0,0,0,0,1,4,3,1,1,5,0,1,1
59402386,0,,,59,28,31,4,2,2,55,26,29,24,13,11,55,26,29,53,25,28,31,13,18,19,8,11,4,1,3,0,0,0,0,0,0,22,22,4,7,5,5,0,1,0,18,12,6,0,20,0,4,6
59402387,0,,,19,8,11,5,2,3,14,6,8,8,2,6,14,6,8,14,6,8,6,4,2,2,1,1,0,0,0,0,0,0,0,0,0,7,7,3,1,1,1,0,0,1,4,2,2,1,5,0,3,0
59402393,0,,,51,23,28,7,2,5,44,21,23,21,10,11,43,20,23,43,20,23,23,11,12,11,6,5,5,3,2,0,0,0,0,0,0,16,16,2,4,3,4,2,1,0,14,7,7,2,14,0,2,1
59402394,1,,59402384,80,40,40,8,5,3,79,39,40,44,21,23,79,39,40,77,39,38,35,18,17,14,5,9,8,2,6,0,0,0,0,0,0,26,26,3,9,3,7,2,2,1,24,13,11,2,20,0,3,3
59402397,0,,,27,12,15,4,2,2,23,10,13,11,5,6,23,10,13,22,10,12,12,5,7,8,4,4,2,1,1,0,0,0,0,0,0,8,8,0,4,1,1,1,0,1,8,4,4,1,8,0,0,4
59402398,0,,,30,14,16,4,3,1,26,11,15,14,7,7,25,10,15,25,10,15,12,4,8,8,3,5,5,2,3,0,0,0,0,0,0,7,7,1,1,0,3,0,0,2,6,1,5,2,7,0,1,1
59402400,0,,,464,230,234,56,37,19,408,193,215,223,118,105,401,190,211,398,190,208,185,75,110,95,33,62,36,12,24,3,1,2,0,0,0,164,164,45,43,23,24,14,9,6,118,71,47,14,124,1,32,16
59402401,0,,,88,39,49,12,8,4,76,31,45,45,22,23,75,30,45,75,30,45,31,9,22,20,5,15,8,2,6,0,0,0,0,0,0,26,26,3,9,4,2,3,4,1,23,11,12,3,23,0,3,5
59402402,0,,,165,85,80,11,4,7,154,81,73,74,43,31,153,80,73,152,79,73,80,38,42,43,20,23,16,8,8,2,0,2,0,0,0,52,52,5,18,13,6,3,3,4,46,29,17,1,47,0,4,10
59402403,0,,,117,51,66,8,3,5,109,48,61,57,26,31,105,47,58,101,46,55,52,22,30,22,8,14,10,2,8,2,1,1,0,0,0,37,37,5,10,10,4,4,2,2,32,15,17,0,33,0,3,3
59402404,0,,,167,78,89,25,13,12,142,65,77,81,42,39,135,60,75,133,58,75,61,23,38,26,8,18,8,0,8,0,0,0,0,0,0,47,47,7,9,12,6,2,6,5,40,20,20,4,39,0,6,4
59402405,0,,,141,68,73,16,9,7,125,59,66,77,37,40,122,59,63,120,57,63,48,22,26,29,12,17,11,7,4,0,0,0,0,0,0,43,43,9,9,7,9,1,5,3,34,14,20,7,31,0,8,4
59402406,0,,,156,77,79,18,9,9,138,68,70,79,41,38,136,67,69,134,66,68,59,27,32,23,7,16,15,4,11,1,0,1,1,0,1,41,41,3,9,10,5,7,3,4,38,17,21,5,34,0,2,4
59402407,0,,,397,186,211,35,18,17,362,168,194,206,105,101,353,162,191,352,161,191,156,63,93,82,29,53,32,11,21,1,0,1,0,0,0,133,133,23,36,31,22,11,7,3,108,57,51,13,109,1,18,14
59402408,0,,,183,92,91,19,12,7,164,80,84,105,51,54,153,74,79,152,73,79,59,29,30,25,13,12,10,4,6,1,0,1,0,0,0,51,51,5,8,11,12,11,2,2,46,21,25,1,37,0,3,5
59402409,0,,,21,11,10,0,0,0,21,11,10,10,5,5,21,11,10,20,10,10,11,6,5,5,2,3,2,0,2,0,0,0,1,0,1,8,8,0,5,1,2,0,0,0,8,7,1,0,6,0,0,3
59402410,0,,,172,85,87,18,9,9,154,76,78,81,42,39,148,74,74,147,73,74,73,34,39,36,18,18,13,6,7,0,0,0,1,0,1,52,52,12,9,12,4,5,8,2,40,15,25,4,42,0,5,6
59402411,0,,,130,66,64,11,8,3,119,58,61,61,32,29,118,57,61,118,57,61,58,26,32,25,11,14,9,1,8,1,1,0,1,1,0,41,41,3,13,12,6,3,2,2,38,26,12,4,33,0,3,9
59402412,0,,,42,21,21,0,0,0,42,21,21,19,10,9,42,21,21,41,20,21,23,11,12,11,6,5,8,4,4,2,2,0,0,0,0,13,13,1,2,6,2,1,1,0,12,4,8,0,12,0,1,0
59402413,0,,,156,79,77,14,8,6,142,71,71,83,46,37,139,70,69,135,66,69,59,25,34,34,12,22,16,7,9,1,0,1,1,0,1,48,48,8,11,9,10,3,5,2,40,15,25,4,39,0,5,3
59402414,0,,,144,74,70,7,5,2,137,69,68,79,45,34,134,67,67,132,66,66,58,24,34,25,8,17,10,5,5,0,0,0,0,0,0,47,47,5,17,8,11,2,1,3,42,21,21,4,35,0,3,6
59402415,0,,,118,51,67,18,6,12,100,45,55,57,25,32,97,44,53,94,43,51,43,20,23,19,8,11,8,4,4,1,0,1,0,0,0,36,36,7,11,5,5,1,3,4,28,17,11,4,29,0,6,5
59402416,0,,,139,73,66,22,13,9,117,60,57,67,37,30,117,60,57,117,60,57,50,23,27,26,10,16,16,5,11,0,0,0,0,0,0,39,39,6,9,6,5,5,4,4,33,13,20,5,33,0,4,5
59402417,0,,,384,151,233,30,14,16,354,137,217,162,83,79,346,135,211,342,132,210,192,54,138,139,28,111,75,11,64,10,0,10,5,3,2,111,108,27,28,24,15,12,1,1,80,60,20,9,65,1,16,11
59402418,0,,,124,55,69,14,5,9,110,50,60,61,29,32,108,50,58,105,47,58,49,21,28,31,11,20,14,6,8,2,0,2,0,0,0,36,34,6,7,6,11,2,0,2,28,18,10,2,20,0,3,4
59402419,0,,,111,48,63,9,4,5,102,44,58,47,19,28,99,44,55,99,44,55,55,25,30,29,13,16,7,2,5,0,0,0,0,0,0,33,33,6,4,7,11,0,4,1,27,10,17,2,30,0,6,4
59402420,0,,,62,31,31,5,2,3,57,29,28,34,18,16,54,28,26,53,27,26,23,11,12,17,9,8,4,3,1,0,0,0,1,0,1,17,17,1,6,1,2,4,3,0,16,7,9,2,15,0,1,4
59402421,0,,,260,125,135,17,8,9,243,117,126,132,66,66,237,115,122,235,114,121,111,51,60,53,21,32,15,2,13,3,1,2,2,0,2,89,89,15,28,19,16,2,6,3,73,49,24,3,70,0,12,11
59402422,0,,,168,81,87,14,6,8,154,75,79,83,42,41,153,75,78,149,73,76,71,33,38,36,17,19,11,7,4,1,0,1,0,0,0,55,55,11,16,7,7,9,4,1,43,20,23,4,44,0,7,8
59402423,0,,,148,69,79,12,5,7,136,64,72,77,35,42,129,61,68,127,61,66,59,29,30,24,12,12,5,4,1,0,0,0,0,0,0,47,47,5,15,8,9,8,1,1,42,22,20,3,36,0,3,8
59402424,0,,,221,111,110,17,10,7,204,101,103,116,65,51,199,98,101,195,97,98,88,36,52,47,19,28,14,8,6,1,1,0,0,0,0,76,76,20,16,14,10,10,5,1,56,29,27,3,61,0,14,7
59402425,0,,,135,67,68,12,8,4,123,59,64,70,38,32,120,58,62,119,58,61,53,21,32,26,8,18,10,3,7,1,0,1,0,0,0,44,44,6,9,15,9,1,3,1,38,24,14,6,34,0,3,6
59402426,0,,,76,35,41,3,1,2,73,34,39,39,19,20,72,34,38,72,34,38,34,15,19,18,8,10,2,1,1,0,0,0,0,0,0,26,26,3,9,7,4,1,1,1,22,11,11,0,22,0,1,5
59402427,0,,,109,47,62,4,2,2,105,45,60,60,29,31,102,44,58,100,43,57,45,16,29,23,7,16,5,1,4,0,0,0,7,0,7,47,47,19,11,6,8,1,1,1,28,14,14,2,32,0,9,5
59402428,0,,,83,37,46,4,0,4,79,37,42,47,23,24,76,36,40,75,35,40,32,14,18,16,6,10,6,0,6,1,0,1,0,0,0,26,26,2,8,8,3,1,4,0,24,13,11,1,21,0,1,2
59402429,0,,,180,84,96,17,7,10,163,77,86,83,39,44,159,76,83,156,73,83,80,38,42,37,14,23,14,3,11,3,0,3,0,0,0,59,59,9,18,14,8,2,5,3,50,28,22,4,50,1,5,13
59402431,0,,,38,17,21,6,1,5,32,16,16,22,11,11,32,16,16,31,16,15,10,5,5,6,4,2,2,1,1,0,0,0,1,0,1,11,11,0,4,3,1,2,0,1,11,5,6,2,7,0,0,1
59402432,0,,,246,121,125,19,13,6,227,108,119,131,59,72,221,104,117,220,104,116,96,49,47,49,21,28,24,9,15,0,0,0,0,0,0,79,79,17,17,14,17,7,3,4,62,31,31,4,63,0,13,9
59402433,0,,,189,86,103,24,9,15,165,77,88,99,56,43,159,74,85,158,73,85,66,21,45,25,7,18,11,2,9,0,0,0,0,0,0,60,60,12,13,9,14,8,2,2,46,19,27,5,48,0,9,4
59402434,0,,,141,67,74,14,7,7,127,60,67,80,39,41,125,60,65,122,58,64,47,21,26,18,6,12,9,4,5,0,0,0,0,0,0,42,42,6,8,11,6,5,5,1,36,17,19,2,30,0,5,3
59402435,0,,,156,77,79,18,13,5,138,64,74,83,41,42,137,63,74,133,61,72,55,23,32,30,9,21,11,3,8,0,0,0,0,0,0,49,49,7,13,15,5,2,2,5,42,23,19,4,37,0,5,3
59402436,0,,,206,97,109,21,13,8,185,84,101,103,57,46,177,77,100,174,76,98,82,27,55,46,11,35,15,2,13,1,0,1,2,0,2,64,63,11,17,14,9,6,2,4,52,31,21,4,46,0,7,3
59402437,0,,,57,27,30,2,2,0,55,25,30,29,17,12,55,25,30,55,25,30,26,8,18,13,3,10,4,0,4,0,0,0,0,0,0,25,25,9,5,6,5,0,0,0,16,7,9,0,19,0,7,1
59402438,0,,,273,126,147,23,12,11,250,114,136,147,72,75,241,111,130,239,111,128,103,42,61,54,20,34,19,6,13,2,0,2,0,0,0,83,83,12,18,18,16,9,8,2,71,33,38,5,64,0,10,8
59402439,0,,,97,45,52,7,2,5,90,43,47,50,25,25,88,41,47,87,41,46,40,18,22,18,6,12,5,2,3,0,0,0,0,0,0,30,30,3,7,7,8,4,0,1,27,16,11,3,26,0,3,4
59402440,0,,,36,18,18,4,2,2,32,16,16,18,9,9,31,15,16,30,14,16,14,7,7,8,3,5,2,1,1,0,0,0,0,0,0,12,12,2,3,1,5,1,0,0,10,8,2,0,10,0,2,3
59402441,0,,,66,27,39,7,2,5,59,25,34,35,17,18,59,25,34,59,25,34,24,8,16,11,1,10,5,0,5,0,0,0,0,0,0,24,24,4,8,9,1,0,0,2,20,12,8,3,16,0,2,3
59402442,0,,,366,174,192,35,11,24,331,163,168,160,86,74,319,155,164,315,154,161,171,77,94,99,42,57,40,16,24,3,0,3,1,0,1,129,128,27,43,21,14,13,7,3,101,59,42,7,104,0,21,22
59402443,0,,,199,95,104,22,12,10,177,83,94,127,62,65,169,78,91,168,77,91,50,21,29,22,6,16,11,3,8,0,0,0,1,0,1,75,75,16,26,13,12,5,2,1,57,39,18,5,37,0,10,6
59402444,0,,,163,67,96,16,10,6,147,57,90,69,28,41,140,54,86,139,54,85,78,29,49,49,14,35,33,9,24,5,0,5,0,0,0,39,38,3,13,4,9,1,3,5,35,18,17,2,31,0,2,6
59402445,0,,,92,46,46,7,4,3,85,42,43,49,27,22,84,41,43,83,41,42,36,15,21,13,3,10,6,3,3,0,0,0,0,0,0,32,32,7,7,8,5,4,0,1,25,12,13,1,24,0,6,2
59402446,0,,,161,74,87,19,10,9,142,64,78,85,43,42,136,62,74,134,61,73,57,21,36,36,14,22,14,4,10,0,0,0,0,0,0,52,52,6,15,10,11,9,1,0,46,30,16,3,36,0,2,7
59402447,0,,,67,28,39,12,3,9,55,25,30,42,18,24,51,24,27,45,20,25,13,7,6,8,4,4,3,1,2,0,0,0,0,0,0,22,22,1,8,5,6,1,1,0,21,18,3,3,8,0,0,4
59402448,0,,,117,49,68,13,8,5,104,41,63,49,23,26,99,39,60,98,38,60,55,18,37,34,9,25,23,5,18,1,0,1,0,0,0,36,35,11,7,3,3,6,3,2,24,9,15,4,31,0,11,4
59402449,0,,,28,9,19,5,1,4,23,8,15,11,5,6,23,8,15,23,8,15,12,3,9,6,2,4,3,0,3,1,0,1,0,0,0,10,10,2,4,2,1,0,0,1,8,6,2,1,8,0,1,0
59402452,0,,,277,135,142,20,9,11,256,125,131,145,76,69,251,121,130,248,119,129,111,49,62,60,19,41,24,8,16,2,1,1,0,0,0,96,96,20,22,23,19,7,3,2,75,40,35,4,73,0,13,10
59402453,0,,,884,392,492,92,39,53,788,351,437,429,215,214,772,345,427,759,336,423,359,136,223,237,71,166,125,35,90,18,2,16,0,0,0,298,295,65,97,64,38,14,13,4,228,169,59,18,177,1,40,34
59402454,0,,,91,44,47,14,9,5,77,35,42,42,18,24,74,35,39,73,35,38,35,17,18,17,8,9,7,2,5,1,1,0,1,1,0,25,25,4,4,6,4,1,2,4,21,9,12,3,18,1,1,2
59402455,0,,,215,102,113,21,8,13,194,94,100,109,61,48,185,90,95,181,87,94,85,33,52,38,13,25,20,3,17,1,0,1,0,0,0,61,61,11,13,8,12,4,8,5,49,18,31,4,47,0,5,5
59402456,0,,,88,44,44,6,3,3,82,41,41,40,23,17,81,41,40,80,40,40,42,18,24,17,7,10,5,4,1,0,0,0,1,0,1,28,28,4,8,4,7,3,1,1,24,10,14,2,26,0,3,4
59402457,1,,59402458,86,39,47,9,5,4,86,40,46,57,27,30,81,38,43,78,37,41,29,13,16,16,7,9,5,3,2,0,0,0,0,0,0,27,27,5,6,7,5,1,3,2,24,13,11,2,21,0,4,2
59402458,2,59402457,,9,6,3,*,*,*,*,*,*,*,*,*,*,*,*,*,*,*,*,*,*,*,*,*,*,*,*,*,*,*,*,*,*,2,2,*,*,*,*,*,*,*,*,*,*,*,*,*,*,*
59402459,0,,,94,42,52,5,3,2,89,39,50,58,27,31,88,39,49,87,39,48,31,12,19,16,3,13,6,2,4,1,0,1,1,0,1,28,28,2,7,10,2,4,1,2,26,14,12,2,22,0,0,3
59402462,0,,,60,31,29,0,0,0,60,31,29,34,19,15,59,31,28,58,30,28,26,12,14,10,2,8,4,0,4,0,0,0,0,0,0,20,20,2,4,9,3,1,1,0,18,12,6,0,16,0,1,2
59402463,0,,,141,67,74,19,11,8,122,56,66,71,35,36,114,52,62,114,52,62,51,21,30,19,7,12,8,3,5,0,0,0,0,0,0,52,52,9,16,14,9,2,2,0,43,34,9,5,32,0,5,11
59402464,0,,,131,66,65,8,4,4,123,62,61,62,34,28,118,62,56,116,61,55,61,28,33,29,13,16,14,6,8,1,0,1,0,0,0,46,46,8,16,9,5,5,2,1,38,20,18,2,37,0,5,8
59402465,0,,,114,55,59,6,2,4,108,53,55,54,29,25,104,50,54,103,50,53,54,24,30,19,8,11,5,2,3,1,1,0,1,0,1,38,38,6,12,9,4,2,4,1,32,19,13,1,31,0,3,8
59402466,0,,,252,120,132,24,16,8,228,104,124,119,57,62,219,98,121,218,98,120,109,47,62,55,17,38,26,6,20,2,0,2,1,0,1,82,82,11,25,20,10,7,7,2,71,37,34,3,70,0,11,11
59402467,0,,,111,49,62,7,5,2,104,44,60,48,21,27,100,43,57,99,42,57,56,23,33,31,10,21,6,0,6,0,0,0,0,0,0,41,41,9,16,6,5,2,0,3,32,21,11,4,35,0,7,10
59402468,0,,,174,81,93,17,8,9,157,73,84,75,35,40,155,72,83,153,72,81,82,38,44,44,19,25,14,7,7,0,0,0,1,0,1,63,63,17,18,11,6,5,3,3,44,26,18,5,53,0,13,13
59402469,0,,,124,56,68,14,7,7,110,49,61,56,27,29,108,48,60,106,47,59,54,22,32,33,12,21,13,3,10,0,0,0,0,0,0,40,40,11,7,7,7,3,1,4,29,10,19,1,37,0,11,3
59402471,0,,,21,10,11,2,1,1,19,9,10,12,7,5,18,9,9,18,9,9,7,2,5,4,1,3,1,0,1,0,0,0,0,0,0,7,7,0,2,4,0,1,0,0,7,4,3,0,6,0,0,1
59402472,0,,,148,71,77,5,2,3,143,69,74,79,40,39,135,65,70,134,64,70,64,29,35,28,9,19,10,1,9,2,0,2,0,0,0,52,52,9,17,12,6,5,1,2,43,23,20,1,40,0,8,3
59402473,0,,,74,33,41,3,2,1,71,31,40,37,17,20,70,30,40,70,30,40,34,14,20,18,6,12,4,1,3,0,0,0,0,0,0,24,24,4,6,6,3,3,1,1,20,10,10,0,21,0,4,4
59402474,0,,,131,62,69,6,2,4,125,60,65,59,34,25,123,58,65,123,58,65,66,26,40,35,13,22,14,5,9,0,0,0,0,0,0,48,48,10,18,10,3,2,3,2,38,24,14,0,41,0,8,11
59402475,0,,,55,26,29,1,1,0,54,25,29,22,11,11,53,24,29,53,24,29,32,14,18,15,4,11,10,3,7,1,0,1,0,0,0,24,24,7,9,4,3,0,1,0,17,11,6,0,22,0,6,4
59402476,0,,,181,89,92,12,6,6,169,83,86,86,46,40,168,83,85,167,83,84,83,37,46,45,18,27,15,5,10,1,0,1,1,1,0,60,60,8,20,15,5,8,1,3,52,29,23,4,51,0,6,11
59402477,0,,,110,52,58,3,2,1,107,50,57,50,26,24,106,50,56,105,49,56,57,24,33,28,11,17,9,2,7,1,0,1,0,0,0,39,39,8,10,9,8,2,1,1,31,15,16,0,34,0,7,6
59402478,0,,,161,87,74,13,11,2,148,76,72,73,44,29,146,75,71,146,75,71,75,32,43,33,12,21,17,7,10,1,0,1,0,0,0,49,49,7,8,15,11,3,3,2,42,20,22,2,44,1,3,6
59402479,0,,,124,61,63,11,5,6,113,56,57,64,31,33,111,54,57,111,54,57,49,25,24,22,12,10,8,3,5,0,0,0,0,0,0,45,45,11,13,8,7,1,5,0,34,21,13,2,35,0,9,3
59402481,0,,,34,14,20,3,1,2,31,13,18,9,5,4,29,12,17,29,12,17,22,8,14,10,3,7,4,0,4,0,0,0,0,0,0,12,12,2,6,2,0,0,1,1,10,7,3,1,11,0,2,5
59402482,0,,,87,39,48,6,4,2,81,35,46,41,19,22,80,34,46,77,32,45,40,16,24,23,9,14,10,3,7,0,0,0,0,0,0,26,26,3,6,5,7,2,2,1,23,11,12,2,25,0,3,4
59402483,0,,,58,21,37,6,1,5,52,20,32,28,9,19,49,20,29,48,20,28,24,11,13,13,6,7,5,1,4,0,0,0,0,0,0,19,19,2,10,0,1,4,2,0,17,10,7,1,16,0,2,5
59402484,0,,,222,112,110,25,14,11,197,98,99,116,60,56,188,93,95,186,92,94,81,38,43,45,15,30,19,6,13,3,0,3,1,1,0,67,66,9,18,17,4,9,7,2,57,32,25,2,45,0,5,5
59402485,0,,,191,95,96,13,9,4,176,85,91,102,52,50,170,80,90,164,76,88,74,33,41,36,15,21,14,4,10,0,0,0,0,0,0,66,66,17,17,10,11,4,4,3,48,29,19,2,43,0,9,8
59402486,0,,,151,76,75,7,3,4,144,73,71,84,48,36,141,71,70,138,69,69,60,25,35,31,12,19,10,2,8,0,0,0,0,0,0,46,46,6,10,12,9,4,3,2,40,20,20,2,37,0,6,5
59402487,0,,,116,56,60,9,3,6,107,53,54,53,31,22,104,51,53,103,51,52,54,22,32,33,12,21,14,6,8,1,0,1,0,0,0,36,36,3,13,7,6,3,2,2,33,17,16,1,33,0,2,6
59402488,0,,,171,83,88,15,6,9,156,77,79,75,42,33,154,76,78,152,75,77,81,35,46,45,17,28,22,8,14,5,1,4,0,0,0,55,55,11,10,14,10,7,0,3,44,22,22,2,49,0,9,6
59402489,0,,,170,74,96,11,4,7,159,70,89,85,38,47,156,69,87,155,69,86,74,32,42,41,19,22,14,6,8,1,0,1,0,0,0,52,52,3,12,18,9,7,3,0,48,30,18,2,42,0,3,6
59402491,0,,,82,38,44,6,2,4,76,36,40,38,19,19,74,35,39,72,33,39,38,17,21,16,9,7,6,2,4,0,0,0,0,0,0,30,30,5,10,8,3,3,1,0,25,17,8,3,24,0,2,7
59402492,0,,,96,42,54,9,6,3,87,36,51,44,22,22,86,36,50,85,36,49,43,14,29,23,6,17,9,1,8,0,0,0,0,0,0,36,36,9,11,7,5,2,0,2,27,15,12,1,29,0,5,4
59402493,0,,,166,87,79,18,13,5,148,74,74,74,38,36,146,72,74,144,71,73,74,36,38,37,18,19,15,6,9,3,2,1,0,0,0,52,52,12,13,9,4,7,1,6,40,21,19,3,44,0,9,5
59402494,0,,,29,13,16,1,0,1,28,13,15,13,8,5,28,13,15,28,13,15,15,5,10,12,4,8,6,3,3,0,0,0,0,0,0,14,14,3,8,2,1,0,0,0,11,9,2,0,10,0,1,3
59402495,0,,,530,267,263,49,26,23,477,240,237,285,153,132,464,232,232,460,228,232,192,87,105,87,36,51,29,12,17,1,0,1,3,1,2,205,205,48,77,33,23,13,7,4,152,109,43,13,131,5,28,30
59402496,0,,,123,60,63,10,4,6,113,56,57,61,31,30,111,54,57,109,54,55,52,25,27,25,11,14,13,5,8,2,1,1,0,0,0,34,34,4,5,9,7,2,5,2,30,13,17,3,29,0,1,2
59402497,0,,,207,95,112,23,13,10,184,82,102,87,43,44,179,80,99,177,79,98,97,39,58,45,15,30,18,4,14,2,2,0,0,0,0,66,66,9,22,12,12,4,2,5,56,30,26,3,58,0,9,14
59402498,0,,,90,42,48,8,4,4,82,38,44,44,25,19,81,38,43,80,37,43,38,13,25,20,7,13,8,2,6,1,0,1,0,0,0,27,27,4,7,4,3,6,3,0,23,9,14,2,24,0,3,2
59402499,0,,,72,35,37,4,0,4,68,35,33,38,22,16,68,35,33,68,35,33,30,13,17,19,8,11,8,5,3,0,0,0,0,0,0,28,28,7,9,5,3,4,0,0,21,12,9,2,22,0,6,3
59402500,0,,,80,37,43,5,3,2,75,34,41,39,16,23,73,34,39,72,33,39,36,18,18,22,10,12,6,3,3,0,0,0,0,0,0,26,26,3,9,4,7,1,1,1,23,14,9,2,23,0,2,4
59402501,0,,,48,21,27,2,1,1,46,20,26,29,11,18,45,20,25,45,20,25,17,9,8,13,7,6,3,1,2,0,0,0,6,0,6,22,22,11,2,4,4,1,0,0,11,6,5,1,11,0,3,1
59402502,2,59402511,,5,3,2,*,*,*,*,*,*,*,*,*,*,*,*,*,*,*,*,*,*,*,*,*,*,*,*,*,*,*,*,*,*,2,2,*,*,*,*,*,*,*,*,*,*,*,*,*,*,*
59402510,0,,,198,97,101,15,10,5,183,87,96,104,51,53,180,84,96,177,82,95,79,36,43,36,15,21,10,2,8,0,0,0,4,3,1,65,65,10,20,14,10,5,2,4,55,32,23,4,54,0,7,11
59402511,1,,59402502;59402512,51,22,29,8,4,4,56,24,32,28,14,14,55,24,31,54,24,30,28,10,18,13,4,9,7,2,5,0,0,0,0,0,0,18,18,3,10,4,4,0,1,1,20,15,5,1,17,0,2,3
59402512,2,59402511,,8,3,5,*,*,*,*,*,*,*,*,*,*,*,*,*,*,*,*,*,*,*,*,*,*,*,*,*,*,*,*,*,*,3,3,*,*,*,*,*,*,*,*,*,*,*,*,*,*,*
59402520,0,,,192,86,106,20,10,10,172,76,96,85,39,46,168,75,93,167,75,92,87,37,50,45,15,30,17,2,15,4,1,3,0,0,0,63,63,13,17,13,8,3,6,3,50,30,20,3,55,0,11,11
59402521,0,,,129,61,68,9,1,8,120,60,60,70,39,31,115,58,57,112,55,57,50,21,29,29,10,19,12,3,9,1,0,1,0,0,0,40,40,6,9,11,6,3,2,3,34,19,15,2,29,0,3,3
59402530,0,,,214,101,113,24,9,15,190,92,98,105,49,56,187,90,97,185,90,95,85,43,42,38,21,17,7,2,5,0,0,0,0,0,0,65,65,11,13,13,16,4,4,4,54,28,26,4,54,0,9,5
59402531,0,,,48,21,27,0,0,0,48,21,27,27,11,16,46,20,26,44,20,24,21,10,11,13,7,6,5,3,2,0,0,0,0,0,0,19,19,5,6,2,5,1,0,0,14,7,7,0,13,0,5,1
59402540,1,,59402551,124,62,62,17,9,8,119,59,60,73,38,35,115,57,58,112,55,57,46,21,25,19,8,11,5,1,4,0,0,0,0,0,0,33,33,5,6,6,6,6,4,3,31,11,20,5,32,0,3,4
59402541,0,,,76,37,39,8,4,4,68,33,35,36,19,17,67,32,35,66,31,35,32,14,18,11,5,6,2,1,1,0,0,0,0,0,0,23,23,4,6,4,2,4,1,2,19,7,12,1,20,0,4,1
59402542,0,,,13,5,8,0,0,0,13,5,8,5,4,1,13,5,8,13,5,8,8,1,7,4,0,4,4,0,4,0,0,0,0,0,0,7,7,2,4,1,0,0,0,0,5,4,1,0,7,0,2,0
59402550,1,,59402580;59402590,105,50,55,14,5,9,100,48,52,57,29,28,100,48,52,100,48,52,43,19,24,21,7,14,8,3,5,0,0,0,0,0,0,30,30,6,10,4,3,4,5,2,28,11,17,6,29,0,5,4
59402551,2,59402540,,12,6,6,*,*,*,*,*,*,*,*,*,*,*,*,*,*,*,*,*,*,*,*,*,*,*,*,*,*,*,*,*,*,3,3,*,*,*,*,*,*,*,*,*,*,*,*,*,*,*
59402580,2,59402550,,4,1,3,*,*,*,*,*,*,*,*,*,*,*,*,*,*,*,*,*,*,*,*,*,*,*,*,*,*,*,*,*,*,1,1,*,*,*,*,*,*,*,*,*,*,*,*,*,*,*
59402590,2,59402550,,5,2,3,*,*,*,*,*,*,*,*,*,*,*,*,*,*,*,*,*,*,*,*,*,*,*,*,*,*,*,*,*,*,3,3,*,*,*,*,*,*,*,*,*,*,*,*,*,*,*
59402605,1,,59402606,29,15,14,2,1,1,37,19,18,23,13,10,37,19,18,36,18,18,14,6,8,9,4,5,4,1,3,0,0,0,0,0,0,6,6,0,1,0,4,3,1,0,9,2,7,0,7,0,0,0
59402606,2,59402605,,10,5,5,*,*,*,*,*,*,*,*,*,*,*,*,*,*,*,*,*,*,*,*,*,*,*,*,*,*,*,*,*,*,3,3,*,*,*,*,*,*,*,*,*,*,*,*,*,*,*
59402616,0,,,19,10,9,0,0,0,19,10,9,5,3,2,19,10,9,19,10,9,14,7,7,4,0,4,3,0,3,1,0,1,0,0,0,10,10,5,1,4,0,0,0,0,5,3,2,0,10,0,5,1
59402626,0,,,58,30,28,2,1,1,56,29,27,25,16,9,54,28,26,54,28,26,31,13,18,15,4,11,5,1,4,1,0,1,0,0,0,18,18,2,5,2,6,2,1,0,16,7,9,0,18,0,2,2
59402636,0,,,28,13,15,2,1,1,26,12,14,11,6,5,25,12,13,25,12,13,15,6,9,10,4,6,2,1,1,0,0,0,0,0,0,10,10,2,4,1,1,1,1,0,8,5,3,1,9,0,2,1
59402646,0,,,31,13,18,1,0,1,30,13,17,11,5,6,30,13,17,30,13,17,19,8,11,9,3,6,3,0,3,1,0,1,0,0,0,14,14,4,6,1,3,0,0,0,10,7,3,0,13,0,3,4
59402656,0,,,27,13,14,3,0,3,24,13,11,12,7,5,24,13,11,24,13,11,12,6,6,8,3,5,2,1,1,0,0,0,0,0,0,8,8,1,2,2,2,0,0,1,7,4,3,1,8,0,1,1
59402657,0,,,29,18,11,0,0,0,29,18,11,13,10,3,29,18,11,29,18,11,16,8,8,7,2,5,4,1,3,0,0,0,0,0,0,11,11,3,4,0,2,2,0,0,8,5,3,0,8,0,0,2
59402666,0,,,25,13,12,0,0,0,25,13,12,16,10,6,25,13,12,25,13,12,9,3,6,9,3,6,6,2,4,0,0,0,0,0,0,11,11,4,4,1,1,0,1,0,7,5,2,0,7,1,1,0
59402667,1,,59402677,55,28,27,2,1,1,57,29,28,25,14,11,55,29,26,55,29,26,32,15,17,20,10,10,7,5,2,1,0,1,1,1,0,20,20,4,8,5,3,1,0,1,17,12,5,1,17,2,1,5
59402676,1,,59402686,32,14,18,3,0,3,35,18,17,16,8,8,35,18,17,35,18,17,19,10,9,9,4,5,7,3,4,0,0,0,0,0,0,11,11,2,4,5,0,1,0,1,11,6,5,0,9,0,2,1
59402677,2,59402667,,4,2,2,*,*,*,*,*,*,*,*,*,*,*,*,*,*,*,*,*,*,*,*,*,*,*,*,*,*,*,*,*,*,2,2,*,*,*,*,*,*,*,*,*,*,*,*,*,*,*
59402686,2,59402676,,6,4,2,*,*,*,*,*,*,*,*,*,*,*,*,*,*,*,*,*,*,*,*,*,*,*,*,*,*,*,*,*,*,2,2,*,*,*,*,*,*,*,*,*,*,*,*,*,*,*
59402792,2,59403702,,8,4,4,*,*,*,*,*,*,*,*,*,*,*,*,*,*,*,*,*,*,*,*,*,*,*,*,*,*,*,*,*,*,2,2,*,*,*,*,*,*,*,*,*,*,*,*,*,*,*
59403004,0,,,52,26,26,8,6,2,44,20,24,25,13,12,42,19,23,42,19,23,19,7,12,5,1,4,1,0,1,0,0,0,0,0,0,17,17,2,5,6,2,0,1,1,15,11,4,2,11,0,2,3
59403009,2,59403019,,1,0,1,*,*,*,*,*,*,*,*,*,*,*,*,*,*,*,*,*,*,*,*,*,*,*,*,*,*,*,*,*,*,1,1,*,*,*,*,*,*,*,*,*,*,*,*,*,*,*
59403014,0,,,12,8,4,0,0,0,12,8,4,5,3,2,12,8,4,12,8,4,7,5,2,4,2,2,0,0,0,0,0,0,0,0,0,5,5,2,2,0,0,0,1,0,3,2,1,0,5,0,2,2
59403015,0,,,15,8,7,0,0,0,15,8,7,8,5,3,15,8,7,15,8,7,7,3,4,4,1,3,3,1,2,1,1,0,0,0,0,6,6,1,1,4,0,0,0,0,5,2,3,0,5,0,1,0
59403017,2,59403018,,8,4,4,*,*,*,*,*,*,*,*,*,*,*,*,*,*,*,*,*,*,*,*,*,*,*,*,*,*,*,*,*,*,2,2,*,*,*,*,*,*,*,*,*,*,*,*,*,*,*
59403018,1,,59403017,37,20,17,0,0,0,45,24,21,24,14,10,45,24,21,44,23,21,21,10,11,15,7,8,3,1,2,0,0,0,0,0,0,15,15,1,10,1,4,1,0,0,16,14,2,0,14,0,1,5
59403019,1,,59403009,48,24,24,0,0,0,49,24,25,20,11,9,49,24,25,49,24,25,29,13,16,16,4,12,6,3,3,0,0,0,0,0,0,24,24,9,9,6,1,0,0,0,15,14,1,0,22,0,9,6
59403025,0,,,166,68,98,9,4,5,157,64,93,71,29,42,155,64,91,151,62,89,86,35,51,38,14,24,14,5,9,0,0,0,0,0,0,72,72,24,26,10,6,1,4,1,48,35,13,1,60,0,20,16
59403026,0,,,136,64,72,11,7,4,125,57,68,57,26,31,120,53,67,118,53,65,68,31,37,37,16,21,14,3,11,1,0,1,1,0,1,49,49,14,12,9,6,3,3,2,35,23,12,2,44,0,13,6
59403028,1,,59403039,11,7,4,0,0,0,18,11,7,3,3,0,18,11,7,18,11,7,15,8,7,9,6,3,3,1,2,0,0,0,0,0,0,5,5,4,4,2,0,0,0,0,6,5,1,0,9,0,3,4
59403035,0,,,487,242,245,36,20,16,445,218,227,267,135,132,431,206,225,424,204,220,178,83,95,90,43,47,22,8,14,1,0,1,0,0,0,192,192,45,65,37,32,7,4,2,143,118,25,10,119,0,34,30
59403039,2,59403028,,7,4,3,*,*,*,*,*,*,*,*,*,*,*,*,*,*,*,*,*,*,*,*,*,*,*,*,*,*,*,*,*,*,5,5,*,*,*,*,*,*,*,*,*,*,*,*,*,*,*
59403044,2,59403045,,1,1,0,*,*,*,*,*,*,*,*,*,*,*,*,*,*,*,*,*,*,*,*,*,*,*,*,*,*,*,*,*,*,1,1,*,*,*,*,*,*,*,*,*,*,*,*,*,*,*
59403045,1,,59403044,213,104,109,8,6,2,196,93,103,105,46,59,191,91,100,189,90,99,91,47,44,48,20,28,19,5,14,3,0,3,9,0,9,91,91,26,35,16,8,5,1,1,64,54,10,3,59,4,13,20
59403055,0,,,316,147,169,16,9,7,300,138,162,148,74,74,295,134,161,293,133,160,152,64,88,68,19,49,26,5,21,1,0,1,0,0,0,122,122,27,44,22,16,9,2,2,95,69,26,4,100,0,22,19
59403065,0,,,17,9,8,0,0,0,17,9,8,10,6,4,17,9,8,17,9,8,7,3,4,4,1,3,2,1,1,0,0,0,0,0,0,8,8,3,2,2,1,0,0,0,5,5,0,0,5,0,2,1
59403069,0,,,137,40,97,6,3,3,131,37,94,18,7,11,131,37,94,130,37,93,113,30,83,96,20,76,69,9,60,17,2,15,0,0,0,15,14,1,7,2,2,0,1,1,13,9,4,2,12,0,1,3
59403075,0,,,229,107,122,8,3,5,213,100,113,107,56,51,206,95,111,204,95,109,106,44,62,63,23,40,21,8,13,2,2,0,0,0,0,85,85,18,31,13,10,8,5,0,65,40,25,2,69,0,15,16
59403078,0,,,53,20,33,0,0,0,53,20,33,26,10,16,52,19,33,51,19,32,27,10,17,14,4,10,8,2,6,0,0,0,0,0,0,21,21,4,5,9,3,0,0,0,17,10,7,0,17,0,3,2
59403079,0,,,109,49,60,11,5,6,98,44,54,44,21,23,97,44,53,96,43,53,54,23,31,26,8,18,9,2,7,2,1,1,0,0,0,38,38,5,14,8,6,2,3,0,33,19,14,4,32,0,5,9
59403085,0,,,438,171,267,12,5,7,426,166,260,126,72,54,425,166,259,424,165,259,300,94,206,211,42,169,121,18,103,29,2,27,0,0,0,42,37,13,9,6,5,2,1,1,24,15,9,6,27,1,8,4
59403089,0,,,281,132,149,19,7,12,262,125,137,129,65,64,255,121,134,253,120,133,133,60,73,59,21,38,30,9,21,2,0,2,0,0,0,94,94,11,30,26,16,3,4,4,82,50,32,4,79,0,9,16
59403095,0,,,477,233,244,14,9,5,447,216,231,228,120,108,442,214,228,435,211,224,219,96,123,109,40,69,49,15,34,3,2,1,1,1,0,198,198,42,80,48,15,10,1,2,151,116,35,2,144,0,30,34
59403096,0,,,31,17,14,0,0,0,31,17,14,14,7,7,31,17,14,31,17,14,17,10,7,11,6,5,1,0,1,0,0,0,0,0,0,12,12,2,4,4,1,1,0,0,10,8,2,0,11,0,2,2
59403098,0,,,89,45,44,4,2,2,85,43,42,49,26,23,82,41,41,82,41,41,36,17,19,20,6,14,5,0,5,0,0,0,0,0,0,31,31,5,9,8,6,0,3,0,26,16,10,1,24,0,4,5
59403099,0,,,180,92,88,15,4,11,165,88,77,93,53,40,164,87,77,163,86,77,72,35,37,37,17,20,13,6,7,0,0,0,0,0,0,76,76,27,21,12,8,6,1,1,49,37,12,5,49,2,11,11
59403102,0,,,17,6,11,0,0,0,17,6,11,5,1,4,17,6,11,17,6,11,12,5,7,5,1,4,5,1,4,1,0,1,0,0,0,7,7,2,2,1,2,0,0,0,5,2,3,0,7,0,2,1
59403103,0,,,194,107,87,35,21,14,158,85,73,102,58,44,158,85,73,157,85,72,56,27,29,26,11,15,8,2,6,0,0,0,0,0,0,78,78,24,23,11,11,8,0,1,54,43,11,13,37,1,3,15
59403104,0,,,193,87,106,19,11,8,174,76,98,99,45,54,169,75,94,167,74,93,75,31,44,37,11,26,14,4,10,0,0,0,0,0,0,64,64,9,16,20,11,2,5,1,54,35,19,8,50,0,9,9
59403106,1,,59403107,63,34,29,5,4,1,62,31,31,26,14,12,61,31,30,61,31,30,36,17,19,12,5,7,6,3,3,0,0,0,0,0,0,25,25,7,12,5,1,1,1,1,21,19,2,1,22,0,5,9
59403107,2,59403106,,5,2,3,*,*,*,*,*,*,*,*,*,*,*,*,*,*,*,*,*,*,*,*,*,*,*,*,*,*,*,*,*,*,3,3,*,*,*,*,*,*,*,*,*,*,*,*,*,*,*
59403112,2,59403122,,7,3,4,*,*,*,*,*,*,*,*,*,*,*,*,*,*,*,*,*,*,*,*,*,*,*,*,*,*,*,*,*,*,1,1,*,*,*,*,*,*,*,*,*,*,*,*,*,*,*
59403113,0,,,164,66,98,14,10,4,149,55,94,50,22,28,146,54,92,145,54,91,99,33,66,77,19,58,58,11,47,14,1,13,0,0,0,35,34,2,13,11,4,1,2,1,32,25,7,2,21,0,0,5
59403114,1,,59403115,27,16,11,8,4,4,27,16,11,25,15,10,25,15,10,24,14,10,2,1,1,1,0,1,1,0,1,0,0,0,0,0,0,10,10,2,5,2,3,1,0,0,11,10,1,1,2,0,1,0
59403115,2,59403114,,8,4,4,*,*,*,*,*,*,*,*,*,*,*,*,*,*,*,*,*,*,*,*,*,*,*,*,*,*,*,*,*,*,3,3,*,*,*,*,*,*,*,*,*,*,*,*,*,*,*
59403117,0,,,35,14,21,0,0,0,35,14,21,20,8,12,35,14,21,35,14,21,15,6,9,10,3,7,2,1,1,0,0,0,0,0,0,12,12,2,2,4,3,1,0,0,10,5,5,0,10,0,2,1
59403118,0,,,44,25,19,1,1,0,39,22,17,24,14,10,37,20,17,37,20,17,15,8,7,7,3,4,4,1,3,1,0,1,0,0,0,13,13,2,3,1,4,1,2,0,10,4,6,0,9,0,2,2
59403119,0,,,45,21,24,5,1,4,40,20,20,14,7,7,40,20,20,40,20,20,26,13,13,11,6,5,5,2,3,0,0,0,0,0,0,17,17,3,8,3,1,1,0,1,14,9,5,2,17,0,3,3
59403121,2,59403131,,4,2,2,*,*,*,*,*,*,*,*,*,*,*,*,*,*,*,*,*,*,*,*,*,*,*,*,*,*,*,*,*,*,1,1,*,*,*,*,*,*,*,*,*,*,*,*,*,*,*
59403122,1,,59403112,161,72,89,10,5,5,158,70,88,81,38,43,155,69,86,152,68,84,77,32,45,36,13,23,19,5,14,0,0,0,0,0,0,54,54,6,18,15,6,6,1,3,49,28,21,2,48,0,5,12
59403123,0,,,35,17,18,2,1,1,33,16,17,21,10,11,33,16,17,33,16,17,12,6,6,6,1,5,3,1,2,0,0,0,0,0,0,12,12,3,1,4,2,2,0,0,9,5,4,1,8,0,2,1
59403126,2,59403127,,6,3,3,*,*,*,*,*,*,*,*,*,*,*,*,*,*,*,*,*,*,*,*,*,*,*,*,*,*,*,*,*,*,2,2,*,*,*,*,*,*,*,*,*,*,*,*,*,*,*
59403127,1,,59403126,69,36,33,3,2,1,66,33,33,34,19,15,64,32,32,64,32,32,32,14,18,17,8,9,6,2,4,0,0,0,0,0,0,26,26,6,10,6,2,1,3,0,21,13,8,2,21,0,1,2
59403128,0,,,23,12,11,0,0,0,23,12,11,10,6,4,22,12,10,21,11,10,13,6,7,11,5,6,2,1,1,0,0,0,0,0,0,10,10,3,3,3,0,1,0,0,7,5,2,0,9,0,2,1
59403129,0,,,15,8,7,0,0,0,15,8,7,8,5,3,14,8,6,14,8,6,7,3,4,5,2,3,2,1,1,0,0,0,0,0,0,5,5,2,1,0,0,1,1,0,3,1,2,0,4,0,1,1
59403130,0,,,89,44,45,7,6,1,82,38,44,42,20,22,80,38,42,80,38,42,40,18,22,22,8,14,8,3,5,1,0,1,0,0,0,32,32,10,9,5,3,1,1,3,22,12,10,2,25,0,7,6
59403131,1,,59403121,120,56,64,10,4,6,112,53,59,53,27,26,110,51,59,110,51,59,59,26,33,29,11,18,12,4,8,0,0,0,0,0,0,43,43,5,19,7,6,6,1,0,39,25,14,2,34,0,1,12
59403132,0,,,279,125,154,29,13,16,250,112,138,128,63,65,242,107,135,238,104,134,122,49,73,61,21,40,22,9,13,2,1,1,1,0,1,98,98,19,31,18,17,6,3,4,79,47,32,3,76,1,13,18
59403133,0,,,16,10,6,0,0,0,16,10,6,7,6,1,16,10,6,16,10,6,9,4,5,4,2,2,1,1,0,0,0,0,0,0,0,7,7,1,4,1,1,0,0,0,6,6,0,0,6,0,1,2
59403134,2,59403144,,2,1,1,*,*,*,*,*,*,*,*,*,*,*,*,*,*,*,*,*,*,*,*,*,*,*,*,*,*,*,*,*,*,1,1,*,*,*,*,*,*,*,*,*,*,*,*,*,*,*
59403135,0,,,21,12,9,0,0,0,21,12,9,12,8,4,21,12,9,20,11,9,9,4,5,8,4,4,5,2,3,0,0,0,0,0,0,6,6,0,1,1,4,0,0,0,6,2,4,0,6,0,0,1
59403136,0,,,56,52,4,0,0,0,56,52,4,56,52,4,56,52,4,55,52,3,0,0,0,0,0,0,0,0,0,0,0,0,0,0,0,1,0,0,0,0,0,0,0,0,0,0,0,0,0,0,0,0
59403141,1,,59403151,48,23,25,2,1,1,52,25,27,24,13,11,51,24,27,51,24,27,28,12,16,10,4,6,5,2,3,0,0,0,0,0,0,22,22,8,6,4,4,0,1,0,15,10,5,0,21,0,7,3
59403142,0,,,273,140,133,17,12,5,253,126,127,120,69,51,250,123,127,247,120,127,133,57,76,76,25,51,27,9,18,3,1,2,1,1,0,98,97,18,40,15,13,8,2,1,78,62,16,4,72,0,10,23
59403143,0,,,91,42,49,7,2,5,82,39,43,55,26,29,78,39,39,75,36,39,27,13,14,12,7,5,2,1,1,0,0,0,0,0,0,37,37,6,16,11,2,1,0,1,30,27,3,3,19,0,4,5
59403144,1,,59403134,81,37,44,5,1,4,78,37,41,41,21,20,76,37,39,76,37,39,37,16,21,20,8,12,6,2,4,0,0,0,0,0,0,30,30,7,10,5,7,0,1,1,24,15,9,1,22,3,4,5
59403145,0,,,31,19,12,1,0,1,21,13,8,15,9,6,20,12,8,20,12,8,6,4,2,4,3,1,1,0,1,0,0,0,0,0,0,15,15,9,1,1,3,1,0,0,4,1,3,0,4,3,1,0
59403150,0,,,228,100,128,17,9,8,211,91,120,92,39,53,210,91,119,209,90,119,119,52,67,66,24,42,24,7,17,1,0,1,0,0,0,92,91,16,39,21,11,4,0,0,75,61,14,4,71,0,15,23
59403151,2,59403141,,6,3,3,*,*,*,*,*,*,*,*,*,*,*,*,*,*,*,*,*,*,*,*,*,*,*,*,*,*,*,*,*,*,1,1,*,*,*,*,*,*,*,*,*,*,*,*,*,*,*
59403152,0,,,31,15,16,2,2,0,29,13,16,10,4,6,29,13,16,29,13,16,19,9,10,5,1,4,1,0,1,0,0,0,0,0,0,12,12,2,5,3,1,0,1,0,10,8,2,0,11,0,1,4
59403153,0,,,224,108,116,29,14,15,195,94,101,134,70,64,188,87,101,181,83,98,61,24,37,29,12,17,7,3,4,1,0,1,1,1,0,84,84,18,25,15,20,5,1,0,66,56,10,9,41,3,8,10
59403155,0,,,252,72,180,3,1,2,248,71,177,59,28,31,248,71,177,247,70,177,189,43,146,152,25,127,121,18,103,21,3,18,3,2,1,15,12,6,1,2,3,0,0,0,6,5,1,1,5,1,1,1
59403157,0,,,49,26,23,3,1,2,44,24,20,24,14,10,42,22,20,40,20,20,20,10,10,13,7,6,3,2,1,0,0,0,0,0,0,14,14,0,6,3,1,2,1,1,13,7,6,1,11,0,0,3
59403161,0,,,236,125,111,13,11,2,222,113,109,108,61,47,215,109,106,213,108,105,114,52,62,53,22,31,17,3,14,3,0,3,0,0,0,78,78,13,23,15,16,3,5,3,65,36,29,3,65,0,9,12
59403162,0,,,193,84,109,6,3,3,187,81,106,87,43,44,183,79,104,180,77,103,100,38,62,74,26,48,36,12,24,3,0,3,0,0,0,62,60,16,17,12,8,4,2,1,44,27,17,1,45,0,10,8
59403163,0,,,102,47,55,12,7,5,90,40,50,47,23,24,89,40,49,87,39,48,43,17,26,17,4,13,6,1,5,0,0,0,0,0,0,35,35,5,13,5,8,2,1,1,29,17,12,2,28,0,5,5
59403164,0,,,59,30,29,4,1,3,55,29,26,29,18,11,54,29,25,54,29,25,26,11,15,13,6,7,2,1,1,0,0,0,0,0,0,19,19,2,4,6,4,3,0,0,16,12,4,0,14,0,0,4
59403165,0,,,92,47,45,14,8,6,78,39,39,50,26,24,76,38,38,74,37,37,28,13,15,13,5,8,7,2,5,0,0,0,0,0,0,25,25,3,3,8,2,4,4,1,21,10,11,4,17,0,2,1
59403166,0,,,17,8,9,1,0,1,16,8,8,6,3,3,16,8,8,15,7,8,10,5,5,4,2,2,1,0,1,0,0,0,0,0,0,9,9,5,2,1,0,1,0,0,4,3,1,1,7,1,4,1
59403168,0,,,15,9,6,0,0,0,15,9,6,11,7,4,13,8,5,13,8,5,4,2,2,1,0,1,0,0,0,0,0,0,0,0,0,5,5,1,0,2,2,0,0,0,4,2,2,0,2,0,0,0
59403171,0,,,206,97,109,14,6,8,191,90,101,113,58,55,185,87,98,184,86,98,78,32,46,38,14,24,9,1,8,1,0,1,0,0,0,68,68,9,18,22,8,6,3,2,57,37,20,5,50,0,8,10
59403172,0,,,299,138,161,27,20,7,270,117,153,155,68,87,256,112,144,255,112,143,115,49,66,52,19,33,15,4,11,0,0,0,0,0,0,103,103,17,33,24,13,9,3,4,85,62,23,4,68,0,9,17
59403173,0,,,129,59,70,11,5,6,118,54,64,70,31,39,115,53,62,111,53,58,48,23,25,17,4,13,10,2,8,0,0,0,0,0,0,43,43,8,10,12,7,3,1,2,35,20,15,1,32,0,5,4
59403174,0,,,82,41,41,5,3,2,77,38,39,45,23,22,76,37,39,76,37,39,32,15,17,15,6,9,6,2,4,0,0,0,0,0,0,28,28,4,9,5,7,2,0,1,24,16,8,2,20,0,2,3
59403175,0,,,604,294,310,68,43,25,535,250,285,285,137,148,524,243,281,521,241,280,250,113,137,124,51,73,32,12,20,0,0,0,0,0,0,224,224,50,69,47,32,14,7,5,172,117,55,14,170,0,35,35
59403176,0,,,338,158,180,37,18,19,301,140,161,190,98,92,291,137,154,283,133,150,111,42,69,57,19,38,22,4,18,3,0,3,0,0,0,120,120,17,42,26,22,8,4,1,103,81,22,11,71,1,12,13
59403177,0,,,125,58,67,8,4,4,116,53,63,57,28,29,114,52,62,114,52,62,59,25,34,35,14,21,11,3,8,1,1,0,1,0,1,48,48,10,16,11,8,2,0,1,38,28,10,1,37,0,8,10
59403178,1,,59403179,233,109,124,23,10,13,205,98,107,114,60,54,196,94,102,193,92,101,91,38,53,46,17,29,20,6,14,4,2,2,0,0,0,87,87,23,23,20,11,5,4,2,62,41,21,7,59,0,18,6
59403179,2,59403178,,4,2,2,*,*,*,*,*,*,*,*,*,*,*,*,*,*,*,*,*,*,*,*,*,*,*,*,*,*,*,*,*,*,1,1,*,*,*,*,*,*,*,*,*,*,*,*,*,*,*
59403180,0,,,130,61,69,8,3,5,122,58,64,62,33,29,119,55,64,119,55,64,60,25,35,34,13,21,12,2,10,2,0,2,0,0,0,44,44,3,19,10,7,1,2,2,41,28,13,3,34,0,2,10
59403181,0,,,261,117,144,32,15,17,227,101,126,124,54,70,219,99,120,216,98,118,103,47,56,55,22,33,15,5,10,1,0,1,0,0,0,93,93,13,36,18,16,6,1,3,80,63,17,8,63,0,7,23
59403182,0,,,1254,592,662,309,139,170,935,446,489,753,363,390,863,406,457,839,396,443,182,83,99,84,37,47,24,9,15,0,0,0,9,4,5,405,405,56,85,93,118,45,5,3,346,305,41,41,122,1,23,34
59403183,0,,,570,281,289,63,35,28,507,246,261,395,193,202,483,234,249,468,224,244,112,53,59,42,22,20,6,4,2,1,1,0,3,2,1,218,218,35,75,62,34,11,0,1,181,167,14,9,75,2,12,28
59403184,2,59403193,,7,4,3,*,*,*,*,*,*,*,*,*,*,*,*,*,*,*,*,*,*,*,*,*,*,*,*,*,*,*,*,*,*,4,4,*,*,*,*,*,*,*,*,*,*,*,*,*,*,*
59403186,0,,,282,141,141,26,15,11,255,125,130,165,91,74,244,120,124,237,113,124,90,34,56,42,14,28,13,5,8,1,0,1,13,11,2,108,108,32,30,20,12,5,7,2,76,58,18,5,61,11,14,14
59403187,0,,,1568,731,837,197,91,106,1352,630,722,891,434,457,1305,607,698,1284,594,690,461,196,265,234,97,137,89,30,59,9,4,5,6,3,3,662,662,219,178,126,97,30,8,4,433,358,75,53,312,27,91,75
59403188,0,,,328,168,160,32,18,14,296,150,146,157,83,74,293,147,146,290,144,146,139,67,72,70,30,40,27,10,17,4,2,2,0,0,0,126,125,29,40,28,19,5,2,2,96,78,18,7,87,0,19,16
59403189,0,,,289,142,147,24,8,16,264,133,131,147,76,71,255,131,124,248,126,122,117,57,60,58,26,32,18,9,9,2,0,2,0,0,0,92,91,17,29,19,6,11,4,5,74,49,25,3,70,0,12,14
59403190,0,,,358,172,186,19,9,10,333,159,174,183,95,88,329,155,174,323,154,169,150,64,86,65,27,38,18,9,9,0,0,0,0,0,0,151,151,32,66,27,19,5,2,0,117,97,20,9,100,0,22,35
59403191,0,,,453,213,240,57,29,28,391,183,208,216,104,112,379,180,199,375,178,197,175,79,96,87,32,55,32,10,22,2,0,2,0,0,0,166,166,34,47,33,41,6,3,2,128,94,34,11,109,0,25,22
59403192,0,,,2069,973,1096,280,144,136,1778,825,953,1397,653,744,1684,778,906,1635,760,875,381,172,209,168,73,95,36,14,22,1,0,1,25,12,13,766,765,103,293,192,125,40,11,1,661,605,56,63,245,4,37,97
59403193,1,,59403184;59403194,3115,1469,1646,361,185,176,2709,1256,1453,2011,941,1070,2623,1216,1407,2561,1187,1374,698,315,383,327,127,200,108,35,73,15,4,11,41,19,22,1359,1355,442,432,272,150,53,13,1,914,823,91,94,425,88,87,140
59403194,2,59403193,,9,3,6,*,*,*,*,*,*,*,*,*,*,*,*,*,*,*,*,*,*,*,*,*,*,*,*,*,*,*,*,*,*,4,4,*,*,*,*,*,*,*,*,*,*,*,*,*,*,*
59403196,0,,,20,10,10,2,0,2,18,10,8,5,3,2,18,10,8,18,10,8,13,7,6,3,1,2,3,1,2,1,0,1,0,0,0,8,8,1,5,0,1,1,0,0,7,5,2,1,7,0,1,3
59403197,0,,,141,65,76,16,5,11,125,60,65,65,33,32,122,59,63,120,57,63,60,27,33,28,12,16,7,2,5,1,0,1,0,0,0,50,50,11,15,9,6,7,0,2,39,29,10,4,38,0,8,12
59403198,2,59403199,,1,0,1,*,*,*,*,*,*,*,*,*,*,*,*,*,*,*,*,*,*,*,*,*,*,*,*,*,*,*,*,*,*,1,1,*,*,*,*,*,*,*,*,*,*,*,*,*,*,*
59403199,1,,59403198,286,128,158,25,11,14,262,117,145,145,73,72,257,114,143,255,112,143,117,44,73,56,18,38,20,5,15,2,1,1,0,0,0,106,106,30,30,18,18,2,4,5,77,53,24,6,75,0,18,13
59403201,2,59403202,,6,4,2,*,*,*,*,*,*,*,*,*,*,*,*,*,*,*,*,*,*,*,*,*,*,*,*,*,*,*,*,*,*,3,3,*,*,*,*,*,*,*,*,*,*,*,*,*,*,*
59403202,1,,59403201,124,66,58,4,4,0,126,66,60,65,36,29,123,64,59,123,64,59,61,30,31,25,11,14,12,3,9,1,0,1,0,0,0,42,42,7,10,17,6,3,1,1,38,19,19,1,38,0,6,6
59403203,0,,,18,9,9,1,1,0,17,8,9,9,5,4,17,8,9,17,8,9,8,3,5,3,0,3,2,0,2,0,0,0,0,0,0,7,7,1,4,1,0,0,1,0,6,5,1,0,5,0,0,2
59403212,0,,,50,24,26,2,0,2,48,24,24,25,14,11,45,23,22,44,23,21,23,10,13,8,3,5,4,1,3,0,0,0,0,0,0,18,18,1,8,6,1,1,1,0,17,12,5,0,15,0,1,3
59403213,1,,59403214,169,87,82,0,0,0,450,180,270,86,44,42,450,180,270,450,180,270,364,136,228,279,88,191,163,37,126,13,2,11,2,2,0,12,11,12,1,0,0,0,0,0,1,1,0,0,2,7,1,1
59403214,2,59403213,,281,93,188,*,*,*,*,*,*,*,*,*,*,*,*,*,*,*,*,*,*,*,*,*,*,*,*,*,*,*,*,*,*,6,2,*,*,*,*,*,*,*,*,*,*,*,*,*,*,*
59403223,0,,,12,4,8,0,0,0,12,4,8,7,3,4,12,4,8,12,4,8,5,1,4,4,0,4,2,0,2,0,0,0,0,0,0,5,5,2,1,1,0,1,0,0,3,1,2,0,5,0,2,1
59403225,0,,,39,18,21,0,0,0,39,18,21,25,14,11,39,18,21,37,17,20,14,4,10,11,4,7,4,1,3,0,0,0,0,0,0,15,15,4,5,1,3,2,0,0,10,7,3,0,10,0,4,1
59403226,0,,,410,202,208,24,13,11,386,189,197,196,108,88,372,180,192,364,175,189,190,81,109,92,27,65,34,9,25,2,0,2,0,0,0,166,166,57,52,20,13,13,7,4,109,74,35,8,132,0,43,20
59403230,0,,,16,9,7,2,1,1,14,8,6,6,4,2,14,8,6,14,8,6,8,4,4,4,2,2,3,1,2,0,0,0,0,0,0,5,5,0,3,0,1,0,1,0,4,4,0,1,5,0,0,2
59403235,0,,,387,185,202,19,10,9,368,175,193,196,107,89,359,169,190,356,166,190,172,68,104,98,32,66,41,11,30,1,0,1,1,1,0,161,161,42,58,32,16,10,2,1,118,87,31,5,119,3,31,19
59403236,0,,,75,37,38,2,1,1,73,36,37,42,22,20,71,36,35,70,36,34,31,14,17,16,8,8,4,3,1,0,0,0,4,4,0,32,32,7,15,5,3,1,1,0,25,21,4,0,18,4,2,8
59403237,0,,,143,65,78,10,3,7,133,62,71,68,29,39,133,62,71,133,62,71,65,33,32,32,12,20,12,5,7,0,0,0,0,0,0,57,57,10,26,10,5,5,1,0,47,34,13,3,47,0,9,12
59403238,0,,,79,37,42,6,1,5,73,36,37,41,23,18,72,35,37,71,35,36,32,13,19,21,9,12,5,3,2,0,0,0,1,0,1,25,25,2,8,6,6,2,0,1,23,15,8,2,20,0,1,4
59403245,0,,,665,305,360,61,35,26,604,270,334,358,176,182,587,258,329,573,250,323,246,94,152,127,40,87,48,15,33,2,0,2,0,0,0,280,278,76,101,52,27,18,3,1,202,168,34,13,166,0,54,39
59403248,0,,,39,15,24,4,2,2,35,13,22,8,3,5,34,12,22,34,12,22,27,10,17,21,7,14,15,2,13,2,1,1,2,0,2,7,6,2,1,0,1,1,1,0,4,1,3,2,4,0,0,1
59403254,0,,,24,12,12,0,0,0,24,12,12,7,5,2,24,12,12,24,12,12,17,7,10,5,1,4,3,0,3,0,0,0,3,3,0,15,15,8,5,2,0,0,0,0,7,6,1,0,11,3,4,3
59403255,0,,,374,177,197,69,39,30,305,138,167,227,101,126,298,134,164,291,132,159,78,37,41,36,16,20,12,4,8,1,0,1,4,3,1,138,138,31,32,37,27,8,2,1,106,88,18,17,54,4,14,14
59403258,0,,,21,10,11,1,0,1,20,10,10,8,4,4,19,9,10,19,9,10,12,6,6,9,5,4,0,0,0,0,0,0,0,0,0,7,7,2,1,1,2,0,1,0,5,2,3,0,7,0,2,1
59403264,0,,,108,53,55,9,5,4,99,48,51,38,21,17,97,47,50,96,46,50,61,27,34,20,7,13,7,0,7,1,0,1,0,0,0,40,40,8,16,8,4,1,0,3,32,18,14,2,35,0,6,10
59403265,0,,,24,9,15,0,0,0,24,9,15,13,6,7,23,9,14,23,9,14,11,3,8,7,1,6,3,0,3,0,0,0,0,0,0,13,13,6,4,2,1,0,0,0,7,5,2,0,9,0,5,0
59403271,2,59403281,,11,7,4,*,*,*,*,*,*,*,*,*,*,*,*,*,*,*,*,*,*,*,*,*,*,*,*,*,*,*,*,*,*,3,3,*,*,*,*,*,*,*,*,*,*,*,*,*,*,*
59403272,0,,,48,23,25,3,2,1,45,21,24,19,10,9,45,21,24,44,20,24,26,11,15,14,6,8,7,2,5,1,0,1,0,0,0,19,19,2,9,4,4,0,0,0,17,14,3,1,16,0,2,5
59403275,0,,,102,50,52,9,7,2,93,43,50,46,21,25,89,42,47,89,42,47,47,22,25,24,11,13,7,3,4,0,0,0,0,0,0,33,33,5,10,4,7,5,2,0,28,16,12,5,28,0,4,8
59403276,0,,,57,29,28,3,1,2,54,28,26,27,18,9,53,27,26,53,27,26,27,10,17,11,4,7,3,0,3,0,0,0,0,0,0,23,23,7,6,4,5,0,1,0,16,12,4,0,18,0,4,6
59403277,2,59403286,,6,4,2,*,*,*,*,*,*,*,*,*,*,*,*,*,*,*,*,*,*,*,*,*,*,*,*,*,*,*,*,*,*,4,4,*,*,*,*,*,*,*,*,*,*,*,*,*,*,*
59403279,0,,,22,13,9,0,0,0,22,13,9,11,7,4,22,13,9,22,13,9,11,6,5,7,4,3,2,2,0,1,1,0,0,0,0,7,7,1,1,4,0,0,0,1,6,3,3,0,6,0,0,1
59403280,0,,,73,33,40,4,1,3,69,32,37,27,14,13,68,31,37,66,31,35,42,18,24,16,5,11,8,0,8,1,0,1,0,0,0,27,27,6,7,8,2,3,1,0,21,10,11,0,25,0,5,3
59403281,1,,59403271,74,38,36,5,3,2,80,42,38,42,25,17,80,42,38,79,41,38,38,17,21,16,7,9,8,1,7,0,0,0,0,0,0,28,28,8,11,4,4,1,1,2,23,13,10,2,23,0,7,5
59403286,1,,59403277,3,1,2,0,0,0,9,5,4,3,2,1,9,5,4,9,5,4,6,3,3,2,0,2,2,0,2,0,0,0,0,0,0,1,1,3,0,2,0,0,0,0,2,1,1,0,4,0,2,0
59403287,0,,,144,65,79,1,1,0,143,64,79,61,34,27,143,64,79,140,63,77,82,30,52,53,16,37,27,7,20,4,0,4,0,0,0,48,47,5,17,15,8,1,1,0,42,29,13,0,42,0,5,8
59403290,0,,,96,24,72,2,1,1,92,22,70,17,5,12,92,22,70,92,22,70,75,17,58,60,7,53,51,6,45,13,1,12,0,0,0,26,25,12,7,4,2,0,0,0,13,9,4,0,16,0,7,3
59403291,1,,59403292,19,10,9,0,0,0,28,15,13,15,8,7,28,15,13,28,15,13,13,7,6,8,4,4,2,1,1,0,0,0,0,0,0,12,12,8,2,2,3,0,0,0,7,4,3,0,9,0,3,1
59403292,2,59403291,,11,6,5,*,*,*,*,*,*,*,*,*,*,*,*,*,*,*,*,*,*,*,*,*,*,*,*,*,*,*,*,*,*,3,3,*,*,*,*,*,*,*,*,*,*,*,*,*,*,*
59403297,0,,,151,78,73,12,6,6,139,72,67,79,44,35,133,69,64,133,69,64,60,28,32,36,16,20,12,7,5,0,0,0,0,0,0,53,53,12,15,12,5,2,6,1,41,25,16,4,40,0,8,7
59403298,0,,,28,9,19,3,1,2,25,8,17,11,5,6,25,8,17,25,8,17,14,3,11,9,1,8,5,0,5,0,0,0,0,0,0,12,12,4,3,4,0,0,1,0,8,3,5,1,10,0,3,1
59403301,2,59403332,,3,1,2,*,*,*,*,*,*,*,*,*,*,*,*,*,*,*,*,*,*,*,*,*,*,*,*,*,*,*,*,*,*,1,1,*,*,*,*,*,*,*,*,*,*,*,*,*,*,*
59403303,0,,,18,8,10,3,2,1,15,6,9,7,2,5,14,6,8,14,6,8,8,4,4,1,0,1,1,0,1,0,0,0,0,0,0,6,6,1,2,0,2,1,0,0,5,2,3,0,5,0,1,1
59403323,2,59403333,,7,2,5,*,*,*,*,*,*,*,*,*,*,*,*,*,*,*,*,*,*,*,*,*,*,*,*,*,*,*,*,*,*,4,4,*,*,*,*,*,*,*,*,*,*,*,*,*,*,*
59403324,2,59403333,,2,1,1,*,*,*,*,*,*,*,*,*,*,*,*,*,*,*,*,*,*,*,*,*,*,*,*,*,*,*,*,*,*,1,1,*,*,*,*,*,*,*,*,*,*,*,*,*,*,*
59403332,1,,59403301,114,56,58,8,2,6,109,55,54,60,33,27,106,54,52,106,54,52,49,22,27,24,10,14,5,3,2,0,0,0,1,0,1,38,38,3,13,11,8,2,1,1,36,25,11,3,33,0,3,8
59403333,1,,59403323;59403324,36,16,20,5,5,0,40,14,26,20,7,13,39,14,25,39,14,25,20,7,13,10,2,8,4,0,4,0,0,0,0,0,0,11,11,4,5,2,2,2,0,1,12,7,5,0,13,0,4,3
59403334,1,,59403344,123,54,69,9,4,5,125,56,69,66,33,33,123,55,68,122,55,67,59,23,36,25,6,19,10,2,8,0,0,0,0,0,0,42,42,7,18,6,6,3,2,3,38,26,12,2,38,0,5,8
59403338,0,,,26,9,17,4,1,3,22,8,14,11,4,7,20,7,13,20,7,13,11,4,7,7,3,4,3,2,1,0,0,0,0,0,0,8,8,1,3,1,1,1,0,1,7,4,3,0,8,0,1,1
59403339,0,,,99,48,51,8,3,5,91,45,46,53,29,24,89,43,46,89,43,46,38,16,22,16,4,12,7,1,6,0,0,0,0,0,0,35,35,8,10,6,6,3,1,1,27,15,12,3,27,0,5,5
59403340,1,,59403350,9,4,5,0,0,0,13,6,7,4,2,2,13,6,7,13,6,7,9,4,5,7,3,4,2,1,1,0,0,0,0,0,0,4,4,1,3,2,0,0,0,0,5,4,1,0,6,0,1,1
59403344,2,59403334,,11,6,5,*,*,*,*,*,*,*,*,*,*,*,*,*,*,*,*,*,*,*,*,*,*,*,*,*,*,*,*,*,*,3,3,*,*,*,*,*,*,*,*,*,*,*,*,*,*,*
59403345,0,,,24,13,11,0,0,0,24,13,11,12,8,4,24,13,11,23,12,11,12,5,7,5,2,3,0,0,0,0,0,0,0,0,0,8,8,2,2,1,0,3,0,0,6,3,3,0,7,0,1,2
59403346,0,,,92,44,48,7,2,5,85,42,43,44,26,18,84,41,43,84,41,43,41,16,25,21,8,13,12,3,9,3,2,1,1,1,0,31,31,3,11,9,4,2,0,2,28,18,10,1,27,0,2,3
59403347,2,59403348,,9,3,6,*,*,*,*,*,*,*,*,*,*,*,*,*,*,*,*,*,*,*,*,*,*,*,*,*,*,*,*,*,*,3,3,*,*,*,*,*,*,*,*,*,*,*,*,*,*,*
59403348,1,,59403347,50,21,29,4,1,3,55,23,32,33,16,17,51,21,30,51,21,30,22,7,15,11,2,9,6,1,5,0,0,0,0,0,0,15,15,3,2,7,2,2,1,1,15,5,10,2,15,0,3,0
59403349,0,,,11,6,5,1,0,1,10,6,4,5,4,1,10,6,4,10,6,4,5,2,3,2,2,0,1,1,0,0,0,0,0,0,0,4,4,0,2,1,1,0,0,0,4,3,1,1,4,0,0,0
59403350,2,59403340,,4,2,2,*,*,*,*,*,*,*,*,*,*,*,*,*,*,*,*,*,*,*,*,*,*,*,*,*,*,*,*,*,*,2,2,*,*,*,*,*,*,*,*,*,*,*,*,*,*,*
59403351,0,,,35,17,18,6,4,2,29,13,16,13,6,7,29,13,16,29,13,16,16,7,9,11,5,6,4,1,3,0,0,0,0,0,0,14,14,4,6,1,0,2,1,0,10,7,3,1,10,0,1,5
59403352,1,,59403362;59403370,12,5,7,1,1,0,20,8,12,9,5,4,20,8,12,20,8,12,11,3,8,6,1,5,2,0,2,0,0,0,0,0,0,5,5,2,4,1,2,0,0,0,7,4,3,1,7,0,2,2
59403356,0,,,21,9,12,1,0,1,20,9,11,8,3,5,19,9,10,18,9,9,12,6,6,7,4,3,2,1,1,0,0,0,0,0,0,8,8,2,2,1,3,0,0,0,6,5,1,0,7,0,2,2
59403362,2,59403352,,2,1,1,*,*,*,*,*,*,*,*,*,*,*,*,*,*,*,*,*,*,*,*,*,*,*,*,*,*,*,*,*,*,1,1,*,*,*,*,*,*,*,*,*,*,*,*,*,*,*
59403370,2,59403352,,7,3,4,*,*,*,*,*,*,*,*,*,*,*,*,*,*,*,*,*,*,*,*,*,*,*,*,*,*,*,*,*,*,3,3,*,*,*,*,*,*,*,*,*,*,*,*,*,*,*
59403401,0,,,30,16,14,2,2,0,27,14,13,12,6,6,26,13,13,26,13,13,15,8,7,5,3,2,2,2,0,0,0,0,0,0,0,11,11,2,4,1,3,1,0,0,9,6,3,0,10,0,1,2
59403402,0,,,25,10,15,0,0,0,25,10,15,13,5,8,25,10,15,25,10,15,12,5,7,3,0,3,1,0,1,0,0,0,0,0,0,13,13,6,5,0,1,1,0,0,7,5,2,0,9,0,3,3
59403403,0,,,359,167,192,39,19,20,320,148,172,192,94,98,306,142,164,299,137,162,128,54,74,53,20,33,26,7,19,1,0,1,1,1,0,123,123,27,32,23,21,11,6,3,95,59,36,8,84,0,17,18
59403404,0,,,521,255,266,55,26,29,466,229,237,263,142,121,454,222,232,445,216,229,203,87,116,96,38,58,27,7,20,1,0,1,1,0,1,212,210,59,70,41,24,11,4,1,150,125,25,19,133,0,39,35
59403405,0,,,966,433,533,93,38,55,870,394,476,502,249,253,844,383,461,835,380,455,368,145,223,211,74,137,76,19,57,5,0,5,13,1,12,417,415,159,118,62,48,11,13,4,254,190,64,23,241,25,72,50
59403406,0,,,150,52,98,4,1,3,144,50,94,40,19,21,142,49,93,142,49,93,104,31,73,80,20,60,46,7,39,10,0,10,0,0,0,35,33,12,9,5,4,1,0,2,20,12,8,3,20,3,2,5
59403407,0,,,140,66,74,12,6,6,128,60,68,72,36,36,123,59,64,120,56,64,56,24,32,30,10,20,16,5,11,1,1,0,1,0,1,44,44,4,12,11,11,2,3,1,40,22,18,3,34,0,2,5
59403408,0,,,224,86,138,12,5,7,212,81,131,63,31,32,208,79,129,208,79,129,149,50,99,104,26,78,65,12,53,14,2,12,0,0,0,48,44,5,17,9,7,3,1,2,39,23,16,2,35,0,5,8
59403409,0,,,261,110,151,20,9,11,241,101,140,138,60,78,232,95,137,226,93,133,103,41,62,57,19,38,25,7,18,2,1,1,14,0,14,98,98,33,19,19,12,8,5,2,65,34,31,4,66,0,14,9
59403411,0,,,46,22,24,1,0,1,45,22,23,19,9,10,45,22,23,45,22,23,26,13,13,12,4,8,7,2,5,0,0,0,0,0,0,17,17,2,8,2,4,0,1,0,14,9,5,1,17,0,2,3
59403412,0,,,77,35,42,7,3,4,70,32,38,44,24,20,67,31,36,66,30,36,26,8,18,12,2,10,5,1,4,0,0,0,0,0,0,29,29,10,7,5,2,3,1,1,18,11,7,1,21,0,8,3
59403413,0,,,190,91,99,25,13,12,165,78,87,83,44,39,159,75,84,158,74,84,82,34,48,38,15,23,16,2,14,3,0,3,0,0,0,68,67,20,17,13,12,1,3,1,46,37,9,2,42,1,12,10
59403414,0,,,1515,720,795,145,74,71,1366,643,723,799,412,387,1321,617,704,1299,603,696,567,231,336,326,127,199,97,38,59,2,0,2,1,1,0,635,635,185,218,112,66,35,15,4,449,342,107,33,393,10,110,100
59403415,0,,,1652,768,884,156,76,80,1471,677,794,886,440,446,1436,661,775,1418,649,769,585,237,348,320,112,208,105,34,71,11,1,10,3,1,2,725,725,239,232,137,66,35,13,3,476,371,105,41,400,19,110,86
59403416,0,,,805,378,427,84,40,44,703,328,375,457,233,224,677,313,364,668,307,361,246,95,151,118,45,73,40,15,25,2,0,2,6,3,3,366,365,138,109,65,35,13,3,2,221,187,34,25,167,10,65,36
59403417,0,,,36,20,16,4,2,2,32,18,14,19,11,8,32,18,14,32,18,14,13,7,6,7,3,4,3,2,1,1,1,0,0,0,0,11,11,1,4,0,3,3,0,0,10,6,4,2,8,0,0,1
59403418,2,59403428,,8,3,5,*,*,*,*,*,*,*,*,*,*,*,*,*,*,*,*,*,*,*,*,*,*,*,*,*,*,*,*,*,*,3,3,*,*,*,*,*,*,*,*,*,*,*,*,*,*,*
59403419,0,,,17,7,10,1,0,1,16,7,9,7,3,4,16,7,9,16,7,9,9,4,5,4,3,1,0,0,0,0,0,0,0,0,0,6,6,1,1,2,2,0,0,0,5,2,3,0,5,0,0,1
59403420,0,,,16,8,8,1,0,1,15,8,7,9,5,4,15,8,7,15,8,7,6,3,3,0,0,0,0,0,0,0,0,0,0,0,0,7,7,3,1,2,0,1,0,0,4,3,1,0,4,0,2,1
59403421,0,,,129,57,72,13,4,9,116,53,63,54,25,29,115,52,63,114,52,62,62,28,34,31,11,20,8,3,5,1,0,1,0,0,0,45,45,11,16,5,6,3,1,3,34,20,14,2,42,0,10,10
59403424,0,,,507,239,268,59,31,28,448,208,240,288,148,140,439,202,237,434,200,234,160,60,100,86,27,59,32,11,21,0,0,0,3,0,3,208,208,61,67,34,29,12,3,2,143,112,31,15,116,1,37,22
59403425,0,,,289,134,155,26,18,8,260,114,146,125,64,61,250,106,144,243,105,138,135,50,85,71,26,45,25,7,18,1,0,1,0,0,0,114,114,31,34,22,15,9,2,1,82,62,20,1,88,0,24,18
59403426,0,,,29,14,15,0,0,0,29,14,15,13,5,8,29,14,15,29,14,15,16,9,7,10,6,4,1,0,1,0,0,0,0,0,0,10,10,2,3,3,0,0,2,0,7,4,3,0,8,0,1,2
59403427,0,,,180,81,99,13,7,6,167,74,93,92,40,52,160,71,89,160,71,89,75,34,41,34,10,24,8,2,6,1,0,1,0,0,0,56,56,7,16,13,7,7,3,3,49,24,25,4,48,0,5,12
59403428,1,,59403418,78,39,39,8,2,6,78,40,38,44,24,20,72,34,38,72,34,38,34,16,18,14,5,9,6,1,5,0,0,0,0,0,0,22,22,6,4,5,3,3,1,3,19,8,11,0,23,0,4,1
59403429,0,,,240,111,129,25,14,11,215,97,118,114,54,60,211,96,115,210,95,115,101,43,58,50,17,33,14,3,11,1,0,1,0,0,0,79,79,16,22,20,8,4,3,6,63,36,27,4,66,0,10,11
59403430,0,,,265,114,151,19,12,7,246,102,144,81,45,36,243,101,142,243,101,142,165,57,108,120,33,87,70,17,53,8,0,8,0,0,0,62,61,12,20,13,2,4,5,5,49,28,21,5,51,0,6,14
59403431,0,,,35,21,14,2,1,1,33,20,13,14,9,5,33,20,13,33,20,13,19,11,8,9,4,5,7,4,3,1,1,0,0,0,0,14,14,4,4,2,3,1,0,0,10,6,4,0,11,0,2,1
59403432,2,59403444,,3,2,1,*,*,*,*,*,*,*,*,*,*,*,*,*,*,*,*,*,*,*,*,*,*,*,*,*,*,*,*,*,*,1,1,*,*,*,*,*,*,*,*,*,*,*,*,*,*,*
59403434,0,,,183,88,95,26,14,12,157,74,83,99,49,50,149,70,79,148,70,78,58,25,33,24,8,16,14,4,10,1,1,0,1,0,1,53,53,9,10,9,12,6,2,5,44,21,23,3,37,0,4,4
59403435,0,,,130,65,65,15,10,5,115,55,60,67,36,31,115,55,60,114,54,60,48,19,29,23,7,16,8,2,6,0,0,0,0,0,0,51,51,19,6,16,5,1,2,2,31,21,10,5,30,1,10,3
59403436,0,,,78,39,39,7,5,2,71,34,37,46,25,21,69,33,36,69,33,36,25,9,16,17,6,11,8,3,5,0,0,0,0,0,0,25,25,4,5,8,5,1,0,2,21,11,10,2,18,0,1,1
59403437,0,,,148,70,78,15,6,9,131,63,68,73,38,35,127,62,65,124,60,64,58,25,33,29,11,18,9,3,6,1,0,1,0,0,0,41,41,3,15,8,1,7,3,4,37,18,19,3,34,0,3,7
59403438,0,,,232,103,129,14,6,8,211,95,116,117,55,62,204,93,111,201,93,108,94,40,54,50,18,32,17,7,10,0,0,0,1,1,0,71,69,10,20,15,11,6,4,3,58,30,28,6,53,0,8,8
59403439,0,,,93,44,49,6,4,2,85,40,45,48,25,23,82,40,42,81,39,42,37,15,22,18,5,13,7,2,5,1,1,0,0,0,0,39,39,14,12,5,3,3,1,1,25,13,12,2,26,0,6,5
59403440,0,,,53,29,24,7,4,3,46,25,21,24,13,11,43,23,20,42,22,20,22,12,10,10,5,5,4,1,3,1,0,1,0,0,0,19,19,6,5,1,4,1,1,1,13,9,4,0,14,0,4,3
59403442,0,,,26,10,16,5,2,3,21,8,13,11,4,7,20,8,12,20,8,12,10,4,6,6,3,3,1,1,0,0,0,0,1,0,1,7,7,1,2,1,1,0,1,1,6,3,3,1,6,0,1,2
59403443,2,59403444,,6,4,2,*,*,*,*,*,*,*,*,*,*,*,*,*,*,*,*,*,*,*,*,*,*,*,*,*,*,*,*,*,*,1,1,*,*,*,*,*,*,*,*,*,*,*,*,*,*,*
59403444,1,,59403432;59403443,201,95,106,19,10,9,191,91,100,106,58,48,186,87,99,183,86,97,85,33,52,41,12,29,21,3,18,1,0,1,0,0,0,64,64,15,11,16,10,3,8,3,51,27,24,5,54,0,11,6
59403445,0,,,163,76,87,18,7,11,143,68,75,70,38,32,138,64,74,134,61,73,73,30,43,34,10,24,14,3,11,3,0,3,0,0,0,48,48,7,14,9,3,5,7,3,40,17,23,4,44,0,6,8
59403446,0,,,64,29,35,8,3,5,56,26,30,29,13,16,53,25,28,52,24,28,27,13,14,11,6,5,5,1,4,0,0,0,0,0,0,18,18,2,6,2,1,3,3,1,16,8,8,2,14,0,0,5
59403447,0,,,110,46,64,14,6,8,96,40,56,55,25,30,93,39,54,91,38,53,41,15,26,18,4,14,5,0,5,1,0,1,1,0,1,31,31,4,4,7,8,3,5,0,27,12,15,3,24,0,3,1
59403448,0,,,179,81,98,22,11,11,157,70,87,80,38,42,151,69,82,149,68,81,77,32,45,31,9,22,12,1,11,0,0,0,1,1,0,58,58,12,14,9,13,3,4,3,46,27,19,4,47,0,10,8
59403449,0,,,224,98,126,10,5,5,214,93,121,98,46,52,209,91,118,206,89,117,116,47,69,72,25,47,29,9,20,5,2,3,1,0,1,81,80,22,25,12,12,2,4,3,58,33,25,2,68,0,16,14
59403453,0,,,78,38,40,4,2,2,74,36,38,44,21,23,72,36,36,72,36,36,30,15,15,12,5,7,5,1,4,0,0,0,0,0,0,30,30,8,9,5,4,3,1,0,22,13,9,0,21,0,6,4
59403454,0,,,74,40,34,5,3,2,69,37,32,40,24,16,69,37,32,69,37,32,29,13,16,6,3,3,4,1,3,0,0,0,0,0,0,24,24,1,8,7,4,4,0,0,23,17,6,1,16,0,0,3
59403455,0,,,139,66,73,9,5,4,130,61,69,74,35,39,126,59,67,124,58,66,56,26,30,33,12,21,13,4,9,2,0,2,0,0,0,40,40,6,9,6,9,4,4,2,33,14,19,2,33,0,5,4
59403456,0,,,180,86,94,23,11,12,157,75,82,78,43,35,153,73,80,152,72,80,79,32,47,41,14,27,18,4,14,1,1,0,0,0,0,46,46,4,7,7,14,5,5,4,42,14,28,7,42,0,3,1
59403457,0,,,116,59,57,6,1,5,110,58,52,68,36,32,107,56,51,106,56,50,42,22,20,18,10,8,6,3,3,1,0,1,0,0,0,33,33,4,6,7,8,5,0,3,27,13,14,2,25,0,1,1
59403458,0,,,105,52,53,12,7,5,93,45,48,52,29,23,91,43,48,89,42,47,41,16,25,26,11,15,9,3,6,0,0,0,0,0,0,33,33,6,8,7,5,1,5,1,27,15,12,2,29,0,4,4
59403459,0,,,290,147,143,21,12,9,269,135,134,142,74,68,256,128,128,255,128,127,127,61,66,66,25,41,24,8,16,0,0,0,1,1,0,101,101,19,31,26,7,12,1,5,82,53,29,4,83,0,16,12
59403460,0,,,59,28,31,2,1,1,57,27,30,31,15,16,57,27,30,55,27,28,26,12,14,14,5,9,6,3,3,0,0,0,0,0,0,18,18,4,3,3,3,4,0,1,14,6,8,1,16,0,3,2
59403462,2,59403472,,3,2,1,*,*,*,*,*,*,*,*,*,*,*,*,*,*,*,*,*,*,*,*,*,*,*,*,*,*,*,*,*,*,1,1,*,*,*,*,*,*,*,*,*,*,*,*,*,*,*
59403463,0,,,88,43,45,7,3,4,81,40,41,45,22,23,79,38,41,76,36,40,36,18,18,18,9,9,9,2,7,0,0,0,0,0,0,32,32,10,8,4,5,2,1,2,22,11,11,3,26,0,6,3
59403465,0,,,289,136,153,41,21,20,248,115,133,141,73,68,242,110,132,238,109,129,107,42,65,61,24,37,18,8,10,0,0,0,1,0,1,96,96,21,28,15,13,7,6,6,75,44,31,9,72,0,17,11
59403466,0,,,114,53,61,13,5,8,101,48,53,60,32,28,95,43,52,92,42,50,41,16,25,16,8,8,5,2,3,1,1,0,0,0,0,35,35,5,9,7,6,5,1,2,29,15,14,4,24,1,4,4
59403467,0,,,161,82,79,17,10,7,144,72,72,77,45,32,139,69,70,139,69,70,67,27,40,33,10,23,11,2,9,1,0,1,0,0,0,48,48,8,8,10,10,5,7,0,40,16,24,4,41,0,6,5
59403468,0,,,24,13,11,1,0,1,23,13,10,13,9,4,22,12,10,21,11,10,10,4,6,6,2,4,0,0,0,0,0,0,0,0,0,8,8,0,4,1,2,1,0,0,8,6,2,0,7,0,0,2
59403469,0,,,45,17,28,4,3,1,41,14,27,17,4,13,40,13,27,40,13,27,24,10,14,12,2,10,3,1,2,0,0,0,0,0,0,19,19,6,7,4,0,0,1,1,13,10,3,1,17,0,5,5
59403471,0,,,33,15,18,3,1,2,30,14,16,13,5,8,29,14,15,29,14,15,17,9,8,7,4,3,3,1,2,0,0,0,0,0,0,12,12,3,4,0,3,2,0,0,9,4,5,1,12,0,3,3
59403472,1,,59403462,84,39,45,5,1,4,82,40,42,39,21,18,80,38,42,79,37,42,43,19,24,21,9,12,11,3,8,0,0,0,0,0,0,33,33,9,9,9,4,1,2,0,25,15,10,0,28,0,9,5
59403473,1,,59403474,72,35,37,6,5,1,72,33,39,44,23,21,69,31,38,69,31,38,28,10,18,17,3,14,7,1,6,0,0,0,0,0,0,24,24,3,10,2,5,3,1,1,21,11,10,2,20,0,1,4
59403474,2,59403473,,6,3,3,*,*,*,*,*,*,*,*,*,*,*,*,*,*,*,*,*,*,*,*,*,*,*,*,*,*,*,*,*,*,1,1,*,*,*,*,*,*,*,*,*,*,*,*,*,*,*
59403475,0,,,148,70,78,17,10,7,131,60,71,73,36,37,125,59,66,123,58,65,58,24,34,21,6,15,13,3,10,2,0,2,0,0,0,48,48,13,9,10,6,3,3,4,35,17,18,3,33,2,5,5
59403476,0,,,179,83,96,23,12,11,152,68,84,95,47,48,145,64,81,141,61,80,57,21,36,35,11,24,10,4,6,1,0,1,0,0,0,63,63,16,11,18,10,4,2,2,45,28,17,7,41,0,10,5
59403477,0,,,120,54,66,16,7,9,104,47,57,59,29,30,102,45,57,102,45,57,45,18,27,30,11,19,8,2,6,0,0,0,1,0,1,36,36,2,13,8,6,2,2,3,34,18,16,4,27,0,1,6
59403478,0,,,30,16,14,2,2,0,28,14,14,14,8,6,27,14,13,27,14,13,14,6,8,8,3,5,0,0,0,0,0,0,0,0,0,9,9,1,3,2,1,1,0,1,7,5,2,1,8,0,1,2
59403479,0,,,20,9,11,2,0,2,18,9,9,10,6,4,18,9,9,18,9,9,8,3,5,6,3,3,1,0,1,1,0,1,1,0,1,6,6,1,1,2,1,0,0,1,5,3,2,0,5,0,0,1
59403481,0,,,24,14,10,2,2,0,22,12,10,10,5,5,22,12,10,22,12,10,12,7,5,5,3,2,0,0,0,0,0,0,0,0,0,8,8,2,1,3,0,1,1,0,6,4,2,1,7,0,1,1
59403483,0,,,21,9,12,2,1,1,19,8,11,11,6,5,18,7,11,18,7,11,8,2,6,4,2,2,1,0,1,0,0,0,0,0,0,6,6,1,1,1,1,1,1,0,5,1,4,0,5,0,0,0
59403484,0,,,24,14,10,0,0,0,24,14,10,12,7,5,23,14,9,23,14,9,12,7,5,6,3,3,3,1,2,0,0,0,0,0,0,12,12,6,3,1,1,1,0,0,6,3,3,0,11,0,6,1
59403485,0,,,335,155,180,44,21,23,291,134,157,147,79,68,286,133,153,284,131,153,144,55,89,66,23,43,27,7,20,3,0,3,0,0,0,123,123,31,41,15,19,7,6,4,91,58,33,13,92,0,25,17
59403486,0,,,28,13,15,1,0,1,27,13,14,13,7,6,27,13,14,26,13,13,14,6,8,5,1,4,2,0,2,0,0,0,0,0,0,12,12,1,7,3,1,0,0,0,11,9,2,0,9,0,1,1
59403487,0,,,78,33,45,12,4,8,66,29,37,36,14,22,61,28,33,60,27,33,30,15,15,7,3,4,3,1,2,0,0,0,0,0,0,23,23,0,7,8,2,4,2,0,23,17,6,1,16,0,0,6
59403488,0,,,43,21,22,7,4,3,36,17,19,23,11,12,36,17,19,35,16,19,13,6,7,7,3,4,2,1,1,0,0,0,0,0,0,14,14,3,3,3,2,1,2,0,11,6,5,2,9,0,2,3
59403494,0,,,119,60,59,6,4,2,113,56,57,50,27,23,112,56,56,112,56,56,63,29,34,42,17,25,10,5,5,0,0,0,0,0,0,46,46,11,17,7,6,3,1,1,35,20,15,3,41,0,8,9
59403495,1,,59403496,292,127,165,13,5,8,283,123,160,93,47,46,280,122,158,277,121,156,190,76,114,139,52,87,79,23,56,10,1,9,0,0,0,77,76,18,25,16,8,7,4,0,60,38,22,3,66,0,17,15
59403496,2,59403495,,4,1,3,*,*,*,*,*,*,*,*,*,*,*,*,*,*,*,*,*,*,*,*,*,*,*,*,*,*,*,*,*,*,2,2,*,*,*,*,*,*,*,*,*,*,*,*,*,*,*
59403497,0,,,33,15,18,5,2,3,28,13,15,15,8,7,25,11,14,25,11,14,13,5,8,6,2,4,2,1,1,0,0,0,0,0,0,12,12,2,5,2,1,1,1,0,10,7,3,0,9,0,2,1
59403498,0,,,62,30,32,6,2,4,56,28,28,28,16,12,55,27,28,55,27,28,28,12,16,11,3,8,5,1,4,0,0,0,1,0,1,21,21,5,6,4,2,1,2,1,16,8,8,2,18,0,3,2
59403520,0,,,99,44,55,8,4,4,91,40,51,39,17,22,89,40,49,89,40,49,52,23,29,22,7,15,10,2,8,0,0,0,0,0,0,37,37,10,11,7,4,1,3,1,27,15,12,0,32,0,8,4
59403530,0,,,196,78,118,5,3,2,191,75,116,111,42,69,187,74,113,179,73,106,80,33,47,35,12,23,10,2,8,0,0,0,0,0,0,108,108,59,28,12,3,3,3,0,49,37,12,1,55,26,16,16
59403531,0,,,26,14,12,3,3,0,23,11,12,15,8,7,20,9,11,20,9,11,8,3,5,4,2,2,3,1,2,0,0,0,0,0,0,8,8,3,0,2,1,0,1,1,5,2,3,0,5,2,1,0
59403540,0,,,216,95,121,13,6,7,203,89,114,108,46,62,197,86,111,192,85,107,95,43,52,38,11,27,17,3,14,1,0,1,1,1,0,75,75,14,21,21,6,6,6,1,61,32,29,3,62,0,11,11
59403550,0,,,157,68,89,11,5,6,146,63,83,68,28,40,145,63,82,142,61,81,78,35,43,42,19,23,15,7,8,0,0,0,5,0,5,63,63,21,20,5,8,6,2,1,42,26,16,1,53,0,13,12
59403551,0,,,97,48,49,13,9,4,78,35,43,47,23,24,77,34,43,77,34,43,31,12,19,16,6,10,4,1,3,0,0,0,0,0,0,29,29,4,5,9,3,5,2,1,23,12,11,3,21,0,3,1
59403555,2,59403562,,6,3,3,*,*,*,*,*,*,*,*,*,*,*,*,*,*,*,*,*,*,*,*,*,*,*,*,*,*,*,*,*,*,3,3,*,*,*,*,*,*,*,*,*,*,*,*,*,*,*
59403560,1,,59403570,87,42,45,6,2,4,86,43,43,41,23,18,83,42,41,81,40,41,45,20,25,19,7,12,10,4,6,1,1,0,0,0,0,26,26,5,5,8,4,3,0,3,22,10,12,2,25,0,4,4
59403562,1,,59403555;59403583,19,9,10,0,0,0,26,12,14,12,7,5,26,12,14,26,12,14,14,5,9,6,1,5,5,0,5,2,0,2,0,0,0,9,9,4,7,0,2,0,0,0,9,6,3,0,10,1,3,3
59403570,2,59403560,,5,3,2,*,*,*,*,*,*,*,*,*,*,*,*,*,*,*,*,*,*,*,*,*,*,*,*,*,*,*,*,*,*,2,2,*,*,*,*,*,*,*,*,*,*,*,*,*,*,*
59403583,2,59403562,,1,0,1,*,*,*,*,*,*,*,*,*,*,*,*,*,*,*,*,*,*,*,*,*,*,*,*,*,*,*,*,*,*,1,1,*,*,*,*,*,*,*,*,*,*,*,*,*,*,*
59403594,2,59403595,,2,1,1,*,*,*,*,*,*,*,*,*,*,*,*,*,*,*,*,*,*,*,*,*,*,*,*,*,*,*,*,*,*,1,1,*,*,*,*,*,*,*,*,*,*,*,*,*,*,*
59403595,1,,59403594;59403596,13,7,6,0,0,0,24,13,11,6,4,2,24,13,11,24,13,11,18,9,9,7,2,5,7,2,5,0,0,0,0,0,0,5,5,0,5,2,2,0,0,0,9,7,2,0,9,0,0,2
59403596,2,59403595,,9,5,4,*,*,*,*,*,*,*,*,*,*,*,*,*,*,*,*,*,*,*,*,*,*,*,*,*,*,*,*,*,*,3,3,*,*,*,*,*,*,*,*,*,*,*,*,*,*,*
59403702,1,,59402792,39,20,19,0,0,0,47,24,23,22,13,9,47,24,23,47,24,23,25,11,14,19,8,11,11,5,6,0,0,0,0,0,0,14,14,3,3,6,1,2,1,0,13,7,6,0,16,0,3,1
59403703,1,,59403704,52,24,28,5,3,2,53,25,28,23,11,12,51,25,26,50,24,26,30,14,16,16,7,9,9,4,5,0,0,0,0,0,0,15,15,3,4,4,2,1,1,2,14,9,5,0,15,0,2,3
59403704,2,59403703,,6,4,2,*,*,*,*,*,*,*,*,*,*,*,*,*,*,*,*,*,*,*,*,*,*,*,*,*,*,*,*,*,*,2,2,*,*,*,*,*,*,*,*,*,*,*,*,*,*,*
59403713,1,,59403714,130,60,70,11,4,7,130,61,69,67,34,33,128,60,68,126,60,66,63,27,36,38,14,24,12,4,8,1,0,1,0,0,0,41,41,5,11,10,9,3,2,3,38,18,20,0,38,0,4,3
59403714,2,59403713,,11,5,6,*,*,*,*,*,*,*,*,*,*,*,*,*,*,*,*,*,*,*,*,*,*,*,*,*,*,*,*,*,*,2,2,*,*,*,*,*,*,*,*,*,*,*,*,*,*,*
59403724,0,,,26,15,11,1,1,0,25,14,11,15,8,7,25,14,11,25,14,11,10,6,4,7,4,3,3,2,1,0,0,0,0,0,0,9,9,0,4,3,1,1,0,0,9,4,5,1,5,0,0,1
59403735,0,,,14,8,6,0,0,0,14,8,6,6,3,3,14,8,6,14,8,6,8,5,3,1,1,0,0,0,0,0,0,0,0,0,0,5,5,0,2,2,1,0,0,0,5,4,1,0,5,0,0,1
59403742,2,59403763,,6,3,3,*,*,*,*,*,*,*,*,*,*,*,*,*,*,*,*,*,*,*,*,*,*,*,*,*,*,*,*,*,*,1,1,*,*,*,*,*,*,*,*,*,*,*,*,*,*,*
59403745,1,,59403746,47,25,22,1,1,0,48,25,23,30,14,16,48,25,23,48,25,23,18,11,7,10,6,4,4,3,1,0,0,0,0,0,0,13,13,3,3,3,1,4,0,1,12,7,5,0,13,0,3,0
59403746,2,59403745,,2,1,1,*,*,*,*,*,*,*,*,*,*,*,*,*,*,*,*,*,*,*,*,*,*,*,*,*,*,*,*,*,*,2,2,*,*,*,*,*,*,*,*,*,*,*,*,*,*,*
59403747,2,59403757,,2,1,1,*,*,*,*,*,*,*,*,*,*,*,*,*,*,*,*,*,*,*,*,*,*,*,*,*,*,*,*,*,*,1,1,*,*,*,*,*,*,*,*,*,*,*,*,*,*,*
59403753,2,59403763,,1,0,1,*,*,*,*,*,*,*,*,*,*,*,*,*,*,*,*,*,*,*,*,*,*,*,*,*,*,*,*,*,*,1,1,*,*,*,*,*,*,*,*,*,*,*,*,*,*,*
59403755,1,,59403756,86,41,45,19,11,8,79,35,44,44,21,23,78,35,43,76,34,42,35,14,21,18,4,14,8,2,6,0,0,0,0,0,0,27,27,7,9,3,4,4,1,3,24,13,11,6,23,0,5,2
59403756,2,59403755,,12,5,7,*,*,*,*,*,*,*,*,*,*,*,*,*,*,*,*,*,*,*,*,*,*,*,*,*,*,*,*,*,*,4,4,*,*,*,*,*,*,*,*,*,*,*,*,*,*,*
59403757,1,,59403747,35,19,16,0,0,0,37,20,17,13,8,5,36,20,16,36,20,16,24,12,12,15,8,7,4,3,1,0,0,0,1,0,1,16,16,4,9,2,1,1,0,0,13,9,4,0,16,0,4,4
59403763,1,,59403742;59403753,171,82,89,12,8,4,166,77,89,98,50,48,162,75,87,159,72,87,68,27,41,30,10,20,11,3,8,1,0,1,7,2,5,72,72,28,15,16,7,5,2,1,45,28,17,2,46,9,12,6
59403764,0,,,133,50,83,7,3,4,126,47,79,37,17,20,126,47,79,125,46,79,89,30,59,68,18,50,42,9,33,13,2,11,0,0,0,36,35,14,9,3,5,2,0,2,21,11,10,2,29,0,10,4
59403765,0,,,119,52,67,3,2,1,116,50,66,20,9,11,116,50,66,116,50,66,96,41,55,74,30,44,44,16,28,9,1,8,0,0,0,18,17,7,7,0,0,0,3,0,10,6,4,1,14,2,4,3
59403766,0,,,54,28,26,3,2,1,51,26,25,29,16,13,49,24,25,48,24,24,22,10,12,11,4,7,3,1,2,0,0,0,0,0,0,15,15,2,4,2,3,1,1,2,13,6,7,0,12,0,1,1
59403767,0,,,28,15,13,2,1,1,26,14,12,10,5,5,26,14,12,26,14,12,16,9,7,6,4,2,2,2,0,0,0,0,0,0,0,13,13,4,7,0,1,0,1,0,9,8,1,0,10,0,4,4
59403768,0,,,16,8,8,1,0,1,15,8,7,10,6,4,14,7,7,14,7,7,5,2,3,2,0,2,2,0,2,0,0,0,0,0,0,4,4,0,1,1,0,1,1,0,4,1,3,0,4,0,0,0
59403769,0,,,32,14,18,4,1,3,28,13,15,14,6,8,27,13,14,27,13,14,14,7,7,3,1,2,2,1,1,0,0,0,0,0,0,9,9,1,3,1,1,1,1,1,8,2,6,1,8,0,0,1
59403774,0,,,14,7,7,0,0,0,14,7,7,9,4,5,14,7,7,13,6,7,5,3,2,2,1,1,0,0,0,0,0,0,0,0,0,8,8,5,1,1,1,0,0,0,3,2,1,0,4,2,1,1
59403775,0,,,144,49,95,7,2,5,137,47,90,33,18,15,135,46,89,134,45,89,104,29,75,85,16,69,61,12,49,11,1,10,1,1,0,25,24,6,9,2,3,1,1,2,18,11,7,2,19,0,4,2
59403776,0,,,66,31,35,7,3,4,59,28,31,35,18,17,58,27,31,58,27,31,24,10,14,17,6,11,3,2,1,0,0,0,0,0,0,31,31,14,9,1,4,3,0,0,17,11,6,3,19,0,9,3
59403777,2,59403778,,4,3,1,*,*,*,*,*,*,*,*,*,*,*,*,*,*,*,*,*,*,*,*,*,*,*,*,*,*,*,*,*,*,3,3,*,*,*,*,*,*,*,*,*,*,*,*,*,*,*
59403778,1,,59403777,15,6,9,0,0,0,19,9,10,8,4,4,19,9,10,19,9,10,11,5,6,6,1,5,3,0,3,0,0,0,0,0,0,6,6,4,2,2,0,1,0,0,5,2,3,0,9,0,4,1
59403779,0,,,25,8,17,5,0,5,20,8,12,10,5,5,19,8,11,19,8,11,10,3,7,3,1,2,2,0,2,1,0,1,0,0,0,8,8,2,2,2,0,0,1,1,6,4,2,0,6,0,1,2
59403785,0,,,62,33,29,3,3,0,59,30,29,34,18,16,59,30,29,56,30,26,25,12,13,10,3,7,4,1,3,0,0,0,0,0,0,19,19,2,6,4,4,1,0,2,17,10,7,1,15,1,1,3
59403786,0,,,77,37,40,3,2,1,74,35,39,41,20,21,74,35,39,73,35,38,33,15,18,21,8,13,2,0,2,0,0,0,0,0,0,26,26,5,5,6,7,2,1,0,21,10,11,2,22,0,4,3
59403787,0,,,191,94,97,12,4,8,179,90,89,106,56,50,177,90,87,174,88,86,73,34,39,39,18,21,10,3,7,0,0,0,0,0,0,64,64,12,13,21,10,3,2,3,52,28,24,3,50,0,8,3
59403788,0,,,120,60,60,6,3,3,114,57,57,63,32,31,114,57,57,113,56,57,51,25,26,13,5,8,5,2,3,0,0,0,0,0,0,12,11,0,2,5,2,0,0,2,11,5,6,2,9,0,0,1
59403789,0,,,50,24,26,3,2,1,47,22,25,25,13,12,47,22,25,46,22,24,22,9,13,9,3,6,4,1,3,0,0,0,0,0,0,17,17,3,4,4,3,3,0,0,14,6,8,0,13,0,2,2
59403796,0,,,33,17,16,1,0,1,32,17,15,19,10,9,32,17,15,31,17,14,13,7,6,7,3,4,4,1,3,0,0,0,0,0,0,10,10,2,2,2,2,0,1,1,8,2,6,0,9,0,1,2
59403797,0,,,115,57,58,10,3,7,105,54,51,57,32,25,104,53,51,102,53,49,48,22,26,17,8,9,6,2,4,0,0,0,0,0,0,49,49,12,21,7,5,4,0,0,37,30,7,3,33,1,8,7
59403798,0,,,188,90,98,22,13,9,166,77,89,94,43,51,163,76,87,161,75,86,72,34,38,37,12,25,9,2,7,2,0,2,1,0,1,71,71,27,13,14,7,3,4,3,44,25,19,5,49,3,15,6
59403799,0,,,35,17,18,4,3,1,31,14,17,16,7,9,31,14,17,31,14,17,15,7,8,6,2,4,0,0,0,0,0,0,0,0,0,12,12,3,3,2,1,2,1,0,9,4,5,1,11,0,2,1
59404005,0,,,447,208,239,31,15,16,414,191,223,199,97,102,402,185,217,402,185,217,215,94,121,119,49,70,50,20,30,5,0,5,0,0,0,182,181,44,70,38,14,6,9,0,135,106,29,6,135,0,30,33
59404006,0,,,1812,814,998,234,120,114,1562,683,879,1071,490,581,1502,654,848,1458,632,826,491,193,298,277,91,186,108,27,81,11,0,11,10,4,6,715,711,164,254,148,114,19,7,5,540,487,53,58,289,12,73,86
59404007,0,,,3930,1933,1997,471,251,220,3431,1666,1765,2405,1210,1195,3310,1599,1711,3242,1567,1675,1026,456,570,468,203,265,103,33,70,4,0,4,8,3,5,1559,1559,321,541,379,228,67,18,5,1226,1096,130,129,675,33,120,210
59404008,0,,,474,226,248,38,20,18,434,204,230,299,149,150,420,195,225,415,193,222,135,55,80,71,27,44,16,5,11,2,1,1,1,0,1,186,186,39,65,45,22,9,5,1,144,110,34,9,86,4,13,19
59404009,0,,,2166,1043,1123,175,97,78,1986,942,1044,1410,658,752,1943,921,1022,1916,908,1008,576,284,292,179,69,110,47,9,38,4,1,3,10,5,5,847,846,118,357,221,103,34,10,3,726,654,72,41,373,2,51,144
59404015,0,,,739,317,422,59,33,26,618,269,349,359,168,191,601,261,340,591,258,333,259,101,158,143,52,91,64,21,43,3,1,2,0,0,0,246,243,64,72,55,36,11,4,1,175,145,30,21,117,8,28,29
59404016,0,,,4275,1935,2340,530,253,277,3684,1645,2039,2517,1143,1374,3564,1591,1973,3497,1561,1936,1167,502,665,581,232,349,195,60,135,11,0,11,11,5,6,1870,1869,575,619,372,209,68,21,5,1278,1151,127,137,788,132,208,220
59404017,0,,,683,318,365,62,27,35,608,283,325,393,186,207,594,273,321,575,267,308,215,97,118,103,45,58,31,16,15,0,0,0,5,0,5,319,319,121,96,56,32,11,2,1,197,171,26,18,148,35,37,48
59404018,0,,,509,238,271,70,34,36,439,204,235,342,158,184,411,191,220,397,182,215,97,46,51,28,13,15,10,5,5,2,0,2,0,0,0,176,176,20,59,39,45,7,4,2,156,141,15,11,58,0,9,17
59404019,0,,,2931,1382,1549,389,194,195,2513,1170,1343,1656,779,877,2422,1120,1302,2381,1097,1284,857,391,466,405,181,224,104,36,68,3,0,3,3,0,3,1167,1166,274,378,268,172,53,12,9,883,778,105,102,553,24,119,180
59404025,0,,,204,102,102,18,11,7,182,89,93,127,62,65,172,87,85,169,85,84,55,27,28,27,14,13,3,2,1,0,0,0,0,0,0,95,95,33,29,23,6,4,0,0,62,58,4,3,36,3,9,12
59404026,0,,,3871,1764,2107,430,219,211,3376,1513,1863,2202,1044,1158,3259,1457,1802,3172,1422,1750,1174,469,705,633,227,406,213,67,146,15,5,10,4,1,3,1742,1740,630,526,321,192,50,14,7,1096,989,107,104,801,85,293,205
59404027,0,,,963,410,553,67,38,29,883,364,519,549,232,317,859,353,506,832,349,483,334,132,202,191,66,125,85,24,61,6,0,6,4,1,3,434,431,173,125,82,31,17,1,2,253,225,28,19,182,61,44,47
59404028,0,,,4764,2285,2479,471,255,216,4256,2007,2249,2846,1365,1481,4156,1954,2202,4083,1917,2166,1410,642,768,594,255,339,152,57,95,11,2,9,4,0,4,1955,1954,400,741,490,239,60,22,2,1538,1398,140,126,939,11,229,292
59404029,0,,,4016,1854,2162,503,256,247,3448,1564,1884,2197,1045,1152,3321,1494,1827,3266,1470,1796,1251,519,732,586,238,348,138,47,91,9,0,9,7,3,4,1831,1829,598,628,332,222,39,8,2,1213,1110,103,123,835,34,251,278
59404035,0,,,1205,541,664,146,70,76,1043,462,581,650,297,353,1011,451,560,995,442,553,393,165,228,186,74,112,52,16,36,1,0,1,2,1,1,485,484,115,159,109,75,21,4,1,364,320,44,39,251,2,57,65
59404036,0,,,3635,1742,1893,424,218,206,3164,1495,1669,2038,1016,1022,3052,1441,1611,2983,1410,1573,1126,479,647,588,228,360,197,64,133,11,5,6,20,4,16,1561,1559,491,462,308,226,58,10,4,1055,919,136,117,757,55,224,207
59404037,0,,,1695,796,899,197,100,97,1482,685,797,935,469,466,1452,671,781,1433,660,773,547,216,331,287,92,195,111,29,82,6,1,5,4,3,1,742,741,242,245,132,86,27,5,4,492,423,69,63,371,18,117,84
59404038,0,,,3587,1676,1911,272,140,132,3197,1467,1730,2017,993,1024,3133,1440,1693,3096,1419,1677,1180,474,706,620,218,402,230,64,166,20,4,16,5,2,3,1661,1654,613,558,285,155,32,8,3,1014,911,103,100,715,75,190,223
59404039,0,,,6237,2878,3359,598,320,278,5588,2525,3063,3394,1632,1762,5428,2439,2989,5353,2409,2944,2194,893,1301,1212,458,754,388,135,253,21,7,14,23,11,12,2629,2621,821,898,521,291,61,23,6,1776,1575,201,191,1321,64,400,368
59404045,0,,,575,264,311,78,37,41,497,227,270,321,160,161,473,215,258,463,212,251,176,67,109,92,30,62,29,4,25,1,0,1,0,0,0,214,211,34,81,48,37,7,3,1,177,154,23,22,105,0,21,32
59404046,0,,,5389,2664,2725,559,291,268,4726,2300,2426,3065,1523,1542,4588,2231,2357,4470,2166,2304,1661,777,884,766,341,425,179,64,115,15,2,13,9,3,6,2294,2291,634,789,464,296,81,22,5,1636,1460,176,150,1080,79,222,390
59404047,0,,,1638,799,839,159,85,74,1446,692,754,937,477,460,1407,672,735,1387,661,726,509,215,294,261,97,164,94,31,63,8,1,7,4,0,4,788,787,319,244,123,73,20,5,3,465,411,54,56,347,35,121,92
59404048,0,,,3505,1652,1853,404,217,187,3001,1373,1628,2032,980,1052,2923,1335,1588,2868,1303,1565,969,393,576,480,166,314,156,47,109,11,5,6,9,3,6,1755,1754,765,510,277,150,40,9,3,975,885,90,120,684,125,257,167
59404049,0,,,5839,2709,3130,669,355,314,5063,2290,2773,3190,1524,1666,4926,2230,2696,4848,2194,2654,1873,766,1107,917,335,582,339,100,239,26,9,17,24,11,13,2776,2775,1069,872,467,266,74,21,6,1678,1520,158,196,1320,87,507,325
59404056,0,,,180,72,108,6,2,4,174,70,104,69,32,37,170,69,101,168,68,100,105,38,67,66,16,50,41,7,34,7,0,7,0,0,0,60,59,16,29,6,5,3,0,0,42,40,2,0,34,2,6,16
59404057,0,,,5258,2832,2426,691,375,316,4418,2370,2048,3474,1933,1541,4277,2301,1976,4216,2274,1942,944,437,507,420,164,256,108,29,79,10,2,8,61,48,13,2415,2412,1105,583,366,295,49,11,3,1277,1179,98,213,623,249,203,177
59404058,0,,,5059,2325,2734,507,268,239,4387,1960,2427,2788,1354,1434,4276,1907,2369,4223,1875,2348,1599,606,993,812,257,555,290,72,218,18,2,16,14,3,11,2673,2669,1366,703,324,203,47,21,5,1274,1145,129,151,1148,142,536,228
59404059,0,,,6491,2884,3607,458,224,234,5582,2421,3161,3488,1658,1830,5461,2357,3104,5380,2331,3049,2094,763,1331,1175,377,798,462,128,334,37,2,35,67,18,49,3690,3678,2180,925,355,155,49,10,4,1443,1319,124,149,1276,267,605,316
59404067,0,,,2695,1335,1360,307,175,132,2309,1108,1201,1667,828,839,2259,1079,1180,2229,1066,1163,642,280,362,316,133,183,88,30,58,5,1,4,9,2,7,1465,1465,769,371,179,102,33,6,5,681,620,61,87,457,149,194,118
59404068,0,,,3903,1920,1983,363,201,162,3366,1615,1751,2394,1212,1182,3294,1576,1718,3247,1553,1694,972,403,569,496,178,318,198,66,132,11,4,7,15,8,7,2255,2254,1288,539,247,136,28,11,5,943,877,66,116,708,208,308,164
59404069,0,,,4721,2159,2562,421,215,206,4118,1838,2280,2638,1267,1371,3988,1772,2216,3919,1735,2184,1480,571,909,743,244,499,290,75,215,35,8,27,47,21,26,2517,2508,1302,684,317,156,41,5,3,1179,1105,74,113,971,117,449,261
59404076,0,,,1468,688,780,163,87,76,1294,592,702,764,378,386,1245,570,675,1214,555,659,530,214,316,268,98,170,91,30,61,6,2,4,6,4,2,616,612,166,234,105,81,22,4,0,443,394,49,30,348,8,92,125
59404077,0,,,5822,2808,3014,670,359,311,5017,2362,2655,3428,1703,1725,4867,2293,2574,4783,2253,2530,1589,659,930,827,305,522,280,89,191,25,5,20,8,7,1,2750,2747,1064,847,463,296,63,11,3,1652,1525,127,203,1026,147,347,321
59404078,0,,,6118,2881,3237,732,347,385,5229,2435,2794,3694,1809,1885,5093,2365,2728,4996,2312,2684,1535,626,909,849,308,541,298,100,198,20,3,17,27,17,10,3044,3040,1338,866,454,299,66,14,3,1670,1548,122,203,1070,185,403,309
59404079,0,,,5187,2389,2798,646,342,304,4442,1988,2454,2860,1344,1516,4274,1900,2374,4202,1858,2344,1582,644,938,855,311,544,316,100,216,21,5,16,21,12,9,2346,2344,809,740,436,262,70,22,5,1520,1370,150,170,1084,82,351,331
59404085,0,,,413,152,261,24,10,14,384,139,245,155,76,79,378,137,241,376,136,240,229,63,166,165,34,131,92,12,80,28,2,26,0,0,0,141,140,50,48,26,10,5,1,0,88,77,11,7,75,5,22,25
59404086,0,,,1402,653,749,128,62,66,1257,580,677,704,329,375,1224,567,657,1206,554,652,553,251,302,288,124,164,83,35,48,3,0,3,2,1,1,619,619,174,239,108,69,25,3,1,436,386,50,34,362,10,91,126
59404087,0,,,4713,2218,2495,515,256,259,4033,1862,2171,2818,1356,1462,3896,1791,2105,3825,1765,2060,1215,506,709,584,230,354,148,45,103,8,2,6,20,8,12,2338,2336,977,749,339,192,62,10,7,1333,1229,104,142,850,95,304,262
59404088,0,,,4825,2319,2506,552,268,284,4180,1992,2188,3088,1485,1603,4042,1923,2119,3964,1890,2074,1092,507,585,403,175,228,111,39,72,10,3,7,10,4,6,2178,2176,695,744,430,234,50,18,5,1460,1371,89,146,718,101,158,263
59404089,0,,,3625,1683,1942,410,223,187,3164,1425,1739,2006,955,1051,3060,1379,1681,3004,1350,1654,1158,470,688,666,247,419,242,70,172,22,4,18,6,6,0,1584,1581,497,526,317,186,43,11,1,1078,971,107,107,731,46,214,226
59404095,0,,,2489,1120,1369,182,97,85,2293,1011,1282,1334,639,695,2243,989,1254,2211,974,1237,959,372,587,505,177,328,187,53,134,19,7,12,6,3,3,1132,1130,380,386,223,99,31,7,4,737,651,86,61,640,26,208,155
59404096,0,,,4056,1924,2132,495,259,236,3510,1630,1880,2333,1152,1181,3403,1569,1834,3343,1545,1798,1177,478,699,643,237,406,249,81,168,11,3,8,8,6,2,1832,1829,637,570,337,209,59,15,2,1170,1043,127,158,803,69,267,223
59404097,0,,,4377,2056,2321,407,201,206,3894,1809,2085,2315,1153,1162,3819,1774,2045,3775,1755,2020,1579,656,923,796,282,514,327,84,243,48,10,38,3,2,1,1923,1919,688,649,339,173,54,13,3,1206,1086,120,122,870,76,234,280
59404098,0,,,4914,2301,2613,555,272,283,4307,1999,2308,2738,1316,1422,4167,1938,2229,4106,1908,2198,1569,683,886,633,242,391,168,54,114,8,2,6,18,13,5,2126,2126,598,769,402,252,80,17,8,1504,1345,159,150,1064,47,291,359
59404099,0,,,612,279,333,73,24,49,530,250,280,335,166,169,517,243,274,508,239,269,195,84,111,90,37,53,19,7,12,1,0,1,0,0,0,255,255,62,98,49,29,12,4,1,185,167,18,19,129,7,32,39
59404100,0,,,4779,2211,2568,517,270,247,4224,1918,2306,2575,1177,1398,4088,1853,2235,4020,1816,2204,1649,741,908,648,275,373,193,64,129,13,7,6,3,1,2,1956,1954,435,760,431,229,77,19,3,1499,1342,157,124,1012,32,215,356
59404101,0,,,98,49,49,9,6,3,83,40,43,71,33,38,83,40,43,81,39,42,12,7,5,4,2,2,1,0,1,0,0,0,0,0,0,63,63,42,13,4,3,0,1,0,19,19,0,4,9,7,3,2
59404102,0,,,326,114,212,6,2,4,320,112,208,75,41,34,319,111,208,316,109,207,245,71,174,201,40,161,135,22,113,21,2,19,1,0,1,41,38,8,12,12,5,1,0,0,30,23,7,0,27,0,5,4
59404103,0,,,1304,590,714,334,165,169,949,412,537,781,370,411,925,401,524,917,398,519,168,42,126,142,31,111,101,12,89,17,2,15,1,1,0,465,462,138,103,91,99,27,3,1,312,299,13,135,25,42,5,5
59404104,0,,,73,39,34,5,4,1,68,35,33,35,19,16,67,34,33,67,34,33,33,16,17,15,7,8,5,3,2,0,0,0,0,0,0,27,27,4,12,6,3,0,0,2,23,17,6,2,20,0,2,9
59404107,0,,,65,33,32,1,0,1,64,33,31,31,18,13,64,33,31,64,33,31,33,15,18,18,7,11,5,1,4,0,0,0,0,0,0,25,25,2,15,4,1,1,2,0,23,18,5,0,20,0,0,6
59404109,0,,,139,67,72,5,4,1,134,63,71,73,35,38,133,62,71,132,62,70,61,28,33,35,16,19,18,8,10,0,0,0,0,0,0,51,51,9,16,15,3,7,1,0,42,28,14,3,38,0,7,12
59404110,0,,,3627,1731,1896,468,238,230,3097,1450,1647,2024,987,1037,2988,1400,1588,2942,1375,1567,1073,463,610,497,224,273,161,67,94,12,4,8,7,4,3,1556,1552,496,461,322,191,56,21,5,1038,921,117,139,686,61,166,197
59404111,0,,,549,268,281,64,32,32,481,235,246,332,164,168,473,228,245,467,223,244,149,71,78,58,23,35,14,3,11,0,0,0,1,0,1,245,245,69,91,50,27,8,0,0,175,158,17,23,102,11,21,41
59404112,0,,,110,54,56,5,2,3,105,52,53,54,30,24,105,52,53,103,51,52,51,22,29,23,9,14,5,0,5,0,0,0,0,0,0,44,44,10,14,11,7,1,1,0,34,29,5,1,33,0,8,11
59404113,0,,,128,39,89,0,0,0,126,37,89,30,15,15,124,36,88,124,36,88,96,22,74,89,19,70,60,10,50,9,1,8,0,0,0,27,26,7,9,9,1,0,0,0,18,12,6,0,18,0,5,5
59404114,0,,,54,24,30,5,2,3,49,22,27,21,9,12,49,22,27,49,22,27,28,13,15,10,3,7,6,2,4,1,0,1,0,0,0,20,20,3,10,2,2,2,0,1,17,13,4,2,17,0,3,8
59404115,0,,,35,18,17,0,0,0,35,18,17,17,10,7,34,17,17,34,17,17,18,8,10,11,3,8,2,1,1,0,0,0,0,0,0,15,15,3,7,3,1,1,0,0,12,9,3,0,12,0,3,5
59404117,1,,59404127,32,18,14,1,1,0,32,18,14,11,8,3,31,17,14,31,17,14,21,10,11,7,2,5,5,1,4,2,0,2,0,0,0,11,11,3,4,1,2,1,1,0,9,4,5,0,9,0,1,3
59404119,0,,,26,15,11,2,1,1,24,14,10,14,9,5,24,14,10,24,14,10,10,5,5,5,1,4,5,1,4,0,0,0,1,0,1,8,8,0,3,2,1,2,0,0,8,4,4,0,7,0,0,1
59404120,0,,,1684,779,905,186,86,100,1474,677,797,911,438,473,1418,644,774,1393,632,761,563,239,324,275,110,165,87,34,53,5,0,5,0,0,0,721,721,194,251,155,90,23,8,0,522,454,68,51,370,11,103,116
59404121,0,,,182,54,128,3,2,1,175,50,125,112,24,88,174,50,124,147,50,97,63,26,37,40,14,26,10,5,5,1,0,1,0,0,0,54,53,15,19,10,7,2,0,0,37,28,9,1,40,0,9,15
59404122,0,,,758,373,385,176,93,83,580,279,301,410,217,193,557,269,288,548,264,284,170,62,108,115,33,82,64,17,47,7,1,6,1,1,0,179,172,20,46,37,52,12,3,2,151,136,15,45,51,0,6,16
59404123,0,,,580,271,309,165,89,76,410,179,231,298,136,162,397,172,225,390,168,222,112,43,69,59,22,37,20,5,15,0,0,0,1,0,1,196,194,27,55,49,45,13,3,2,165,150,15,52,62,0,14,17
59404124,0,,,34,16,18,0,0,0,34,16,18,20,13,7,34,16,18,33,15,18,14,3,11,7,1,6,2,0,2,0,0,0,0,0,0,12,12,0,5,4,3,0,0,0,12,9,3,0,10,0,0,0
59404127,2,59404117,,1,1,0,*,*,*,*,*,*,*,*,*,*,*,*,*,*,*,*,*,*,*,*,*,*,*,*,*,*,*,*,*,*,1,1,*,*,*,*,*,*,*,*,*,*,*,*,*,*,*
59404128,0,,,10,5,5,0,0,0,10,5,5,4,3,1,10,5,5,10,5,5,6,2,4,3,1,2,2,1,1,0,0,0,0,0,0,4,4,2,0,1,0,1,0,0,2,2,0,0,4,0,2,0
59404130,0,,,4531,2156,2375,460,242,218,4015,1875,2140,2587,1259,1328,3893,1802,2091,3810,1761,2049,1428,616,812,712,288,424,196,69,127,12,4,8,4,2,2,1974,1972,579,687,397,231,57,13,8,1378,1238,140,129,935,55,243,286
59404131,0,,,208,76,132,2,1,1,206,75,131,83,38,45,205,75,130,194,74,120,123,37,86,91,22,69,55,7,48,10,0,10,0,0,0,53,48,10,17,12,6,3,0,0,38,29,9,0,34,0,6,8
59404132,0,,,2570,1218,1352,545,288,257,2017,925,1092,1763,825,938,1908,879,1029,1853,857,996,254,100,154,100,30,70,27,7,20,1,0,1,6,2,4,882,882,95,267,236,209,57,15,3,781,714,67,143,185,1,29,48
59404133,0,,,39,19,20,0,0,0,39,19,20,16,10,6,39,19,20,39,19,20,23,9,14,10,4,6,5,1,4,0,0,0,0,0,0,16,16,3,6,5,1,1,0,0,13,8,5,0,13,0,2,3
59404134,0,,,36,17,19,2,0,2,34,17,17,20,11,9,34,17,17,33,16,17,14,6,8,10,4,6,4,1,3,1,0,1,0,0,0,14,14,2,6,2,4,0,0,0,12,8,4,0,10,0,2,2
59404135,0,,,38,18,20,0,0,0,38,18,20,25,13,12,36,17,19,35,16,19,13,5,8,10,4,6,4,1,3,0,0,0,0,0,0,12,12,3,2,2,1,3,1,0,9,4,5,0,9,0,2,1
59404138,0,,,52,24,28,2,0,2,50,24,26,28,14,14,49,24,25,49,24,25,22,10,12,12,5,7,1,0,1,0,0,0,0,0,0,17,17,4,4,2,3,2,2,0,13,5,8,0,15,0,3,0
59404140,0,,,2787,1291,1496,255,116,139,2451,1122,1329,1469,707,762,2396,1097,1299,2367,1081,1286,982,415,567,520,206,314,193,65,128,15,6,9,1,0,1,1310,1307,500,427,215,116,33,12,4,789,698,91,82,645,56,207,178
59404141,0,,,3399,1624,1775,335,165,170,2983,1409,1574,1802,884,918,2907,1374,1533,2866,1350,1516,1181,525,656,605,257,348,166,59,107,12,1,11,12,10,2,1580,1577,598,496,251,166,44,14,8,959,845,114,86,768,92,228,246
59404142,0,,,4443,2068,2375,685,339,346,3724,1709,2015,2630,1202,1428,3533,1620,1913,3449,1579,1870,1094,507,587,361,144,217,119,34,85,17,1,16,15,5,10,1631,1629,253,572,368,335,80,15,6,1371,1258,113,145,664,12,113,290
59404143,0,,,83,36,47,12,8,4,71,28,43,35,16,19,71,28,43,70,28,42,36,12,24,25,5,20,18,1,17,3,0,3,0,0,0,24,23,4,5,7,5,2,0,0,19,15,4,4,13,0,2,2
59404144,0,,,23,12,11,0,0,0,23,12,11,14,7,7,23,12,11,22,11,11,9,5,4,2,1,1,0,0,0,0,0,0,0,0,0,10,10,1,5,4,0,0,0,0,9,9,0,0,5,0,0,2
59404145,0,,,14,8,6,1,0,1,13,8,5,4,3,1,13,8,5,13,8,5,9,5,4,2,1,1,1,0,1,0,0,0,0,0,0,6,6,1,2,3,0,0,0,0,5,4,1,0,5,0,1,2
59404146,2,59404156,,10,3,7,*,*,*,*,*,*,*,*,*,*,*,*,*,*,*,*,*,*,*,*,*,*,*,*,*,*,*,*,*,*,4,4,*,*,*,*,*,*,*,*,*,*,*,*,*,*,*
59404150,0,,,6462,3083,3379,571,304,267,5524,2556,2968,3723,1823,1900,5416,2507,2909,5254,2432,2822,1801,733,1068,950,351,599,370,117,253,32,5,27,37,24,13,3652,3645,2087,814,457,207,65,6,9,1520,1378,142,197,1247,377,533,304
59404151,0,,,5441,2508,2933,549,286,263,4767,2149,2618,3104,1492,1612,4643,2079,2564,4555,2034,2521,1663,657,1006,853,300,553,327,91,236,37,3,34,23,12,11,2683,2675,1210,772,375,240,61,14,3,1430,1296,134,179,1028,213,352,324
59404152,0,,,3452,1699,1753,674,353,321,2729,1316,1413,2168,1075,1093,2583,1241,1342,2505,1191,1314,561,241,320,225,86,139,79,23,56,9,1,8,16,12,4,1295,1290,319,339,276,270,66,15,5,959,878,81,190,358,68,85,114
59404153,0,,,137,68,69,34,18,16,102,50,52,75,38,37,97,47,50,95,46,49,27,12,15,12,3,9,5,1,4,0,0,0,1,1,0,47,47,9,10,12,9,6,1,0,38,33,5,11,18,0,5,2
59404154,0,,,101,48,53,3,2,1,98,46,52,55,28,27,97,46,51,96,46,50,43,18,25,18,7,11,10,3,7,1,0,1,0,0,0,36,36,5,14,8,3,4,2,0,31,20,11,1,31,0,4,7
59404155,0,,,96,47,49,7,2,5,86,43,43,43,22,21,86,43,43,85,43,42,43,21,22,28,12,16,8,2,6,0,0,0,0,0,0,33,33,6,9,10,4,0,2,2,26,17,9,2,24,0,3,7
59404156,1,,59404146,54,25,29,7,3,4,57,25,32,23,11,12,56,24,32,56,24,32,34,14,20,15,6,9,3,0,3,0,0,0,0,0,0,18,18,4,7,5,3,0,2,1,18,9,9,1,21,0,4,5
59404160,0,,,5373,2739,2634,394,189,205,4662,2363,2299,3355,1843,1512,4588,2325,2263,4323,2145,2178,1307,520,787,712,251,461,294,98,196,33,10,23,73,45,28,3212,3206,2060,622,305,167,41,7,4,1125,1018,107,118,855,663,293,246
59404161,0,,,6107,2944,3163,618,297,321,5240,2499,2741,3634,1798,1836,5105,2430,2675,4924,2337,2587,1606,701,905,789,328,461,251,99,152,16,7,9,83,51,32,3292,3289,1727,790,424,266,61,14,7,1534,1381,153,167,1097,526,349,341
59404162,0,,,2669,1319,1350,304,148,156,2316,1142,1174,1548,821,727,2187,1037,1150,2110,981,1129,768,321,447,390,161,229,124,44,80,3,0,3,6,5,1,1194,1190,482,346,188,122,35,11,6,697,611,86,85,523,96,143,155
59404163,0,,,230,108,122,6,2,4,173,70,103,65,35,30,169,67,102,169,67,102,108,35,73,61,14,47,31,5,26,3,0,3,0,0,0,77,74,22,25,20,4,1,1,1,51,39,12,2,57,0,16,11
59404164,0,,,75,34,41,7,2,5,68,32,36,42,21,21,66,31,35,65,30,35,26,11,15,9,2,7,1,0,1,0,0,0,0,0,0,28,28,4,14,4,1,3,2,0,24,20,4,2,18,0,3,4
59404165,0,,,24,11,13,0,0,0,24,11,13,11,3,8,24,11,13,24,11,13,13,8,5,6,4,2,3,2,1,0,0,0,0,0,0,11,11,4,3,2,2,0,0,0,7,5,2,0,10,0,4,1
59404167,1,,59404177,17,7,10,0,0,0,25,10,15,9,5,4,25,10,15,25,10,15,16,5,11,9,2,7,4,0,4,1,0,1,0,0,0,7,7,4,3,2,1,1,0,0,6,4,2,0,10,0,3,2
59404170,0,,,4129,2227,1902,295,152,143,3590,1914,1676,2549,1501,1048,3510,1873,1637,3276,1724,1552,1041,413,628,566,188,378,218,52,166,12,1,11,70,45,25,2492,2490,1581,471,248,142,36,11,1,897,798,99,88,734,636,269,192
59404171,0,,,3409,1509,1900,324,173,151,2975,1274,1701,1900,835,1065,2896,1228,1668,2812,1192,1620,1075,439,636,538,214,324,172,55,117,16,4,12,34,20,14,1805,1801,918,487,226,120,38,12,0,875,792,83,93,687,298,227,222
59404172,0,,,3701,1793,1908,460,234,226,3134,1490,1644,2246,1110,1136,3040,1436,1604,2942,1384,1558,888,380,508,423,154,269,131,36,95,10,1,9,16,8,8,1838,1833,917,423,247,177,57,9,3,904,835,69,128,554,367,161,184
59404173,0,,,1060,505,555,94,54,40,960,447,513,572,265,307,932,428,504,912,420,492,388,182,206,123,57,66,32,10,22,1,0,1,9,3,6,458,457,126,185,86,43,13,3,1,327,294,33,22,256,2,77,81
59404174,0,,,16,7,9,3,1,2,13,6,7,7,4,3,13,6,7,13,6,7,6,2,4,1,0,1,0,0,0,0,0,0,0,0,0,5,5,0,1,2,2,0,0,0,5,3,2,1,4,0,0,1
59404175,0,,,114,55,59,8,5,3,106,50,56,44,20,24,105,49,56,105,49,56,62,30,32,33,13,20,9,3,6,2,0,2,0,0,0,48,48,12,20,5,9,1,1,0,36,23,13,3,42,0,12,9
59404176,0,,,102,46,56,4,3,1,94,40,54,42,19,23,91,40,51,90,39,51,52,21,31,28,11,17,10,3,7,1,0,1,0,0,0,44,44,14,12,10,6,2,0,0,29,19,10,1,36,0,11,7
59404177,2,59404167,,8,3,5,*,*,*,*,*,*,*,*,*,*,*,*,*,*,*,*,*,*,*,*,*,*,*,*,*,*,*,*,*,*,4,4,*,*,*,*,*,*,*,*,*,*,*,*,*,*,*
59404180,0,,,3703,1770,1933,403,202,201,3241,1524,1717,1922,961,961,3148,1472,1676,3084,1432,1652,1319,563,756,702,288,414,211,83,128,12,4,8,8,4,4,1735,1735,624,580,292,177,42,15,5,1096,971,125,111,874,145,237,302
59404181,0,,,526,236,290,45,22,23,479,213,266,264,121,143,470,209,261,463,207,256,215,92,123,90,36,54,25,5,20,5,0,5,5,4,1,247,246,75,112,41,14,1,3,0,167,160,7,15,118,22,25,64
59404182,0,,,191,76,115,7,1,6,181,74,107,73,34,39,181,74,107,179,72,107,108,40,68,47,14,33,23,6,17,1,0,1,1,0,1,80,79,22,24,21,8,3,1,0,55,36,19,1,66,0,17,16
59404183,0,,,306,145,161,8,4,4,295,138,157,89,46,43,290,134,156,288,133,155,206,92,114,125,50,75,65,17,48,10,1,9,0,0,0,86,85,23,33,13,12,1,1,2,61,46,15,2,73,0,17,21
59404184,0,,,117,54,63,8,2,6,109,52,57,47,24,23,109,52,57,107,52,55,62,28,34,33,12,21,13,3,10,0,0,0,0,0,0,48,48,12,21,6,4,2,2,1,36,29,7,2,38,0,9,13
59404185,0,,,180,86,94,14,6,8,166,80,86,91,48,43,161,77,84,159,77,82,75,32,43,32,13,19,14,5,9,2,0,2,0,0,0,64,64,14,12,20,11,4,3,0,48,27,21,5,49,0,10,4
59404186,0,,,64,30,34,5,3,2,58,26,32,31,15,16,57,25,32,56,25,31,27,11,16,13,6,7,5,2,3,0,0,0,0,0,0,28,28,9,9,5,3,2,0,0,19,14,5,1,18,0,5,5
59404187,0,,,266,129,137,8,3,5,255,124,131,116,64,52,251,122,129,248,121,127,139,60,79,65,27,38,24,7,17,1,0,1,0,0,0,105,105,28,34,20,9,11,2,1,76,50,26,2,89,0,21,21
59404188,1,,59404198,209,99,110,11,3,8,200,97,103,71,36,35,199,97,102,196,96,100,129,61,68,64,28,36,28,11,17,1,0,1,0,0,0,83,83,18,35,16,7,3,4,1,66,45,21,4,78,0,17,25
59404189,0,,,41,19,22,3,2,1,38,17,21,11,5,6,38,17,21,38,17,21,27,12,15,11,5,6,4,1,3,0,0,0,0,0,0,22,22,12,6,2,1,0,0,1,9,7,2,0,18,0,9,3
59404190,0,,,3260,1531,1729,420,215,205,2813,1299,1514,1656,791,865,2744,1266,1478,2702,1256,1446,1157,508,649,564,247,317,154,52,102,11,5,6,12,6,6,1377,1375,368,504,264,160,62,13,4,989,902,87,103,754,20,209,258
59404191,0,,,78,11,67,0,0,0,78,11,67,0,0,0,78,11,67,78,11,67,78,11,67,71,10,61,49,7,42,13,2,11,0,0,0,1,0,0,0,0,0,0,0,0,0,0,0,0,0,0,0,0
59404194,0,,,135,43,92,7,2,5,128,41,87,33,18,15,127,41,86,126,41,85,95,23,72,68,9,59,53,4,49,6,0,6,1,1,0,29,28,5,10,8,3,0,1,1,22,17,5,2,23,0,4,5
59404195,0,,,86,36,50,0,0,0,86,36,50,42,17,25,86,36,50,85,36,49,44,19,25,28,11,17,9,4,5,1,0,1,0,0,0,39,39,12,12,11,3,1,0,0,27,20,7,0,29,1,9,5
59404198,2,59404188,,2,1,1,*,*,*,*,*,*,*,*,*,*,*,*,*,*,*,*,*,*,*,*,*,*,*,*,*,*,*,*,*,*,1,1,*,*,*,*,*,*,*,*,*,*,*,*,*,*,*
59404200,0,,,54,25,29,2,2,0,52,23,29,26,13,13,52,23,29,52,23,29,26,10,16,17,6,11,6,2,4,1,0,1,0,0,0,25,25,8,7,8,2,0,0,0,17,11,6,1,19,0,5,4
59404201,0,,,34,13,21,4,2,2,30,11,19,15,7,8,30,11,19,30,11,19,15,4,11,8,2,6,4,0,4,0,0,0,0,0,0,15,15,2,8,4,1,0,0,0,12,10,2,1,10,0,2,3
59404202,0,,,32,18,14,0,0,0,32,18,14,10,6,4,32,18,14,32,18,14,22,12,10,11,5,6,8,4,4,1,0,1,0,0,0,19,19,10,6,2,1,0,0,0,9,8,1,0,15,0,8,4
59404208,0,,,14,6,8,1,1,0,13,5,8,8,3,5,12,5,7,11,5,6,5,2,3,1,0,1,0,0,0,0,0,0,0,0,0,4,4,0,2,0,1,0,1,0,4,3,1,0,4,0,0,1
59404209,0,,,82,43,39,4,2,2,78,41,37,40,23,17,76,40,36,76,40,36,38,18,20,16,6,10,7,4,3,0,0,0,0,0,0,32,32,8,11,7,2,2,1,1,24,16,8,0,25,0,5,4
59404210,0,,,169,83,86,16,9,7,153,74,79,86,48,38,150,73,77,147,73,74,67,26,41,30,11,19,9,2,7,2,0,2,0,0,0,60,60,13,13,16,11,5,1,1,47,32,15,3,46,0,10,5
59404211,1,,59404212,27,15,12,6,3,3,25,11,14,13,6,7,23,10,13,23,10,13,12,5,7,6,2,4,3,1,2,0,0,0,1,0,1,12,12,8,2,2,1,0,1,1,7,3,4,1,7,1,1,2
59404212,2,59404211,,9,4,5,*,*,*,*,*,*,*,*,*,*,*,*,*,*,*,*,*,*,*,*,*,*,*,*,*,*,*,*,*,*,3,3,*,*,*,*,*,*,*,*,*,*,*,*,*,*,*
59404220,0,,,85,43,42,10,4,6,75,39,36,49,25,24,72,37,35,67,34,33,26,14,12,8,3,5,2,1,1,0,0,0,0,0,0,27,27,4,9,4,4,2,3,1,23,15,8,2,18,0,2,5
59404221,1,,59404231,168,77,91,10,4,6,170,79,91,84,43,41,168,77,91,163,75,88,86,36,50,49,19,30,19,5,14,1,0,1,1,1,0,56,56,10,18,10,9,6,4,2,48,24,24,1,57,0,10,8
59404222,0,,,18,8,10,0,0,0,18,8,10,5,3,2,18,8,10,18,8,10,13,5,8,5,1,4,3,1,2,1,0,1,0,0,0,7,7,1,3,2,0,1,0,0,6,4,2,0,7,0,1,2
59404231,2,59404221,,12,6,6,*,*,*,*,*,*,*,*,*,*,*,*,*,*,*,*,*,*,*,*,*,*,*,*,*,*,*,*,*,*,3,3,*,*,*,*,*,*,*,*,*,*,*,*,*,*,*
59404232,0,,,106,45,61,7,4,3,99,41,58,45,19,26,97,41,56,97,41,56,54,22,32,31,8,23,16,3,13,0,0,0,0,0,0,50,50,17,18,10,3,1,1,0,32,25,7,2,40,0,14,7
59404236,0,,,40,24,16,2,1,1,38,23,15,19,13,6,38,23,15,38,23,15,19,10,9,5,2,3,3,1,2,0,0,0,0,0,0,17,17,3,9,4,0,0,0,1,14,12,2,1,14,0,3,2
59404237,0,,,30,16,14,0,0,0,30,16,14,10,5,5,30,16,14,30,16,14,20,11,9,9,4,5,4,1,3,0,0,0,0,0,0,15,15,4,8,2,1,0,0,0,11,8,3,0,14,0,4,5
59404242,0,,,128,62,66,16,12,4,112,50,62,53,25,28,108,48,60,108,48,60,59,25,34,30,13,17,11,6,5,0,0,0,0,0,0,48,48,12,16,10,1,5,3,1,36,26,10,4,37,0,7,8
59404243,0,,,215,101,114,8,5,3,207,96,111,89,45,44,203,92,111,203,92,111,118,51,67,59,21,38,23,8,15,1,1,0,0,0,0,91,91,18,40,22,7,2,1,1,72,53,19,1,77,0,14,20
59404245,0,,,17,11,6,0,0,0,17,11,6,8,7,1,17,11,6,17,11,6,9,4,5,6,2,4,4,2,2,0,0,0,0,0,0,8,8,3,3,0,2,0,0,0,5,3,2,0,6,1,2,1
59404246,0,,,10,5,5,0,0,0,10,5,5,5,3,2,10,5,5,10,5,5,5,2,3,2,0,2,2,0,2,0,0,0,0,0,0,4,4,0,2,2,0,0,0,0,3,2,1,0,3,0,0,1
59404248,2,59404249,,5,3,2,*,*,*,*,*,*,*,*,*,*,*,*,*,*,*,*,*,*,*,*,*,*,*,*,*,*,*,*,*,*,3,3,*,*,*,*,*,*,*,*,*,*,*,*,*,*,*
59404249,1,,59404248,99,43,56,4,0,4,100,46,54,36,16,20,99,46,53,99,46,53,64,30,34,46,18,28,22,10,12,1,0,1,0,0,0,41,41,15,11,10,5,2,0,1,29,18,11,1,39,0,13,8
59404250,2,59404260,,12,7,5,*,*,*,*,*,*,*,*,*,*,*,*,*,*,*,*,*,*,*,*,*,*,*,*,*,*,*,*,*,*,2,2,*,*,*,*,*,*,*,*,*,*,*,*,*,*,*
59404253,0,,,516,235,281,45,25,20,469,209,260,234,117,117,461,206,255,455,203,252,235,92,143,143,46,97,61,17,44,4,0,4,1,0,1,198,196,51,71,31,21,13,5,4,143,98,45,10,153,1,38,38
59404254,0,,,16,7,9,0,0,0,16,7,9,3,3,0,16,7,9,16,7,9,13,4,9,9,3,6,3,1,2,1,1,0,0,0,0,8,8,3,2,3,0,0,0,0,5,5,0,0,8,0,3,1
59404255,0,,,31,14,17,2,0,2,29,14,15,14,7,7,29,14,15,29,14,15,15,7,8,10,4,6,5,2,3,1,1,0,0,0,0,11,11,3,4,1,1,0,1,1,8,5,3,1,11,0,3,2
59404256,0,,,58,32,26,0,0,0,58,32,26,23,16,7,58,32,26,57,32,25,35,16,19,20,8,12,8,3,5,0,0,0,0,0,0,24,24,5,8,7,4,0,0,0,19,12,7,0,22,0,4,4
59404260,1,,59404250,24,15,9,7,6,1,29,16,13,18,10,8,28,16,12,27,15,12,11,6,5,3,2,1,1,0,1,1,0,1,0,0,0,8,8,3,1,2,0,0,3,1,7,2,5,2,7,0,2,1
59404263,0,,,50,22,28,2,0,2,48,22,26,21,10,11,48,22,26,48,22,26,27,12,15,11,5,6,6,2,4,1,0,1,0,0,0,20,20,3,8,7,1,0,1,0,17,13,4,0,15,0,2,4
59404264,0,,,99,49,50,3,1,2,96,48,48,48,27,21,94,48,46,94,48,46,48,21,27,32,14,18,12,8,4,1,1,0,0,0,0,37,37,8,11,10,5,1,1,1,29,16,13,1,31,0,6,6
59404265,0,,,63,33,30,4,2,2,59,31,28,19,11,8,57,30,27,57,30,27,40,20,20,18,10,8,5,2,3,0,0,0,0,0,0,24,24,4,10,5,3,1,0,1,20,14,6,0,22,0,3,9
59404270,0,,,17,8,9,0,0,0,17,8,9,8,4,4,16,7,9,15,7,8,9,4,5,4,1,3,2,0,2,1,0,1,0,0,0,7,7,2,1,3,1,0,0,0,5,3,2,0,5,0,1,1
59404271,0,,,194,73,121,9,2,7,184,70,114,56,31,25,179,67,112,176,65,111,128,39,89,112,33,79,73,14,59,10,2,8,0,0,0,34,33,5,10,7,6,1,4,0,28,18,10,1,23,0,3,6
59404272,1,,59404273,129,60,69,9,2,7,126,61,65,67,34,33,124,61,63,122,61,61,59,27,32,37,16,21,10,4,6,0,0,0,0,0,0,49,49,14,16,9,2,8,0,2,35,22,13,4,39,0,7,7
59404273,2,59404272,,6,3,3,*,*,*,*,*,*,*,*,*,*,*,*,*,*,*,*,*,*,*,*,*,*,*,*,*,*,*,*,*,*,2,2,*,*,*,*,*,*,*,*,*,*,*,*,*,*,*
59404274,0,,,89,45,44,1,1,0,88,44,44,42,25,17,88,44,44,88,44,44,46,19,27,32,12,20,9,3,6,1,0,1,0,0,0,40,40,10,17,8,4,1,0,0,29,23,6,0,32,0,7,10
59404280,0,,,48,23,25,0,0,0,48,23,25,21,12,9,47,22,25,47,22,25,27,11,16,10,5,5,2,1,1,0,0,0,1,1,0,20,20,2,12,4,1,0,1,0,17,13,4,0,19,0,2,7
59404284,2,59404285,,8,4,4,*,*,*,*,*,*,*,*,*,*,*,*,*,*,*,*,*,*,*,*,*,*,*,*,*,*,*,*,*,*,2,2,*,*,*,*,*,*,*,*,*,*,*,*,*,*,*
59404285,1,,59404284,14,9,5,2,1,1,20,12,8,7,4,3,20,12,8,20,12,8,13,8,5,4,3,1,1,1,0,0,0,0,0,0,0,7,7,2,3,3,0,1,0,0,7,6,1,0,9,0,2,2
59404286,0,,,41,21,20,0,0,0,41,21,20,15,9,6,40,20,20,40,20,20,26,12,14,13,5,8,8,3,5,0,0,0,0,0,0,19,19,5,8,4,2,0,0,0,14,10,4,0,17,0,4,5
59404300,0,,,14,6,8,0,0,0,14,6,8,2,0,2,14,6,8,14,6,8,12,6,6,11,6,5,4,3,1,0,0,0,0,0,0,8,8,3,4,1,0,0,0,0,5,5,0,0,8,0,3,3
59404310,0,,,89,43,46,2,1,1,87,42,45,37,21,16,87,42,45,86,42,44,50,21,29,23,7,16,10,1,9,0,0,0,0,0,0,31,31,6,9,6,3,7,0,0,25,15,10,0,29,0,5,6
59404311,1,,59404321;59404340,35,20,15,0,0,0,43,23,20,23,13,10,43,23,20,43,23,20,20,10,10,12,5,7,4,2,2,0,0,0,0,0,0,15,15,7,5,3,3,1,0,0,12,6,6,0,14,0,4,3
59404321,2,59404311,,4,2,2,*,*,*,*,*,*,*,*,*,*,*,*,*,*,*,*,*,*,*,*,*,*,*,*,*,*,*,*,*,*,2,2,*,*,*,*,*,*,*,*,*,*,*,*,*,*,*
59404340,2,59404311,,4,1,3,*,*,*,*,*,*,*,*,*,*,*,*,*,*,*,*,*,*,*,*,*,*,*,*,*,*,*,*,*,*,2,2,*,*,*,*,*,*,*,*,*,*,*,*,*,*,*
59404404,0,,,79,38,41,10,8,2,69,30,39,40,18,22,69,30,39,68,30,38,29,12,17,15,2,13,4,1,3,0,0,0,0,0,0,27,27,6,6,8,3,1,2,1,21,13,8,3,22,0,5,2
59404405,0,,,196,94,102,24,9,15,172,85,87,89,44,45,168,83,85,165,81,84,83,41,42,35,15,20,7,1,6,0,0,0,0,0,0,61,61,7,19,16,6,4,5,4,54,29,25,8,54,1,5,11
59404407,1,,59404408,15,7,8,6,3,3,17,9,8,11,7,4,17,9,8,17,9,8,6,2,4,4,2,2,1,1,0,0,0,0,0,0,0,4,4,1,1,0,1,0,0,2,4,1,3,2,4,0,1,1
59404408,2,59404407,,8,5,3,*,*,*,*,*,*,*,*,*,*,*,*,*,*,*,*,*,*,*,*,*,*,*,*,*,*,*,*,*,*,1,1,*,*,*,*,*,*,*,*,*,*,*,*,*,*,*
59404414,0,,,145,63,82,7,1,6,138,62,76,69,34,35,136,61,75,133,61,72,69,28,41,43,13,30,19,4,15,2,0,2,0,0,0,50,50,7,16,12,6,8,1,0,43,20,23,2,45,0,7,8
59404415,0,,,53,23,30,6,2,4,47,21,26,23,10,13,45,20,25,43,20,23,24,11,13,12,5,7,1,0,1,1,0,1,0,0,0,20,20,6,5,4,2,2,0,1,14,8,6,1,16,0,3,4
59404424,0,,,107,49,58,12,5,7,95,44,51,55,28,27,90,43,47,88,43,45,40,16,24,20,6,14,7,1,6,1,0,1,0,0,0,34,34,5,11,6,6,2,2,2,29,18,11,4,28,0,5,4
59404434,1,,59404443;59404444,41,19,22,4,2,2,42,18,24,23,10,13,41,18,23,41,18,23,19,8,11,10,5,5,2,1,1,0,0,0,0,0,0,13,13,3,5,4,1,2,0,1,13,9,4,1,12,0,2,2
59404435,0,,,19,9,10,2,1,1,17,8,9,6,4,2,17,8,9,17,8,9,11,4,7,3,1,2,2,1,1,0,0,0,0,0,0,8,8,3,2,1,1,1,0,0,5,3,2,1,7,0,2,1
59404436,0,,,20,10,10,3,2,1,17,8,9,9,5,4,17,8,9,17,8,9,8,3,5,6,2,4,1,0,1,0,0,0,0,0,0,4,4,0,0,1,1,0,1,1,4,0,4,1,4,0,0,0
59404443,2,59404434,,3,1,2,*,*,*,*,*,*,*,*,*,*,*,*,*,*,*,*,*,*,*,*,*,*,*,*,*,*,*,*,*,*,2,2,*,*,*,*,*,*,*,*,*,*,*,*,*,*,*
59404444,2,59404434,,2,0,2,*,*,*,*,*,*,*,*,*,*,*,*,*,*,*,*,*,*,*,*,*,*,*,*,*,*,*,*,*,*,1,1,*,*,*,*,*,*,*,*,*,*,*,*,*,*,*
59404446,0,,,63,27,36,3,0,3,60,27,33,39,18,21,59,27,32,58,26,32,21,9,12,13,5,8,5,1,4,0,0,0,0,0,0,17,17,1,3,5,4,0,3,1,16,4,12,1,14,0,1,1
59404447,0,,,17,10,7,0,0,0,17,10,7,6,5,1,17,10,7,16,9,7,11,5,6,7,3,4,2,1,1,1,1,0,0,0,0,5,5,0,2,2,0,0,0,1,5,2,3,0,5,0,0,1
59404464,0,,,22,10,12,2,1,1,20,9,11,13,7,6,20,9,11,20,9,11,7,2,5,3,0,3,0,0,0,0,0,0,0,0,0,7,7,0,2,3,1,1,0,0,7,4,3,0,5,0,0,1
59404465,0,,,21,9,12,0,0,0,21,9,12,12,5,7,21,9,12,21,9,12,9,4,5,4,1,3,1,0,1,0,0,0,0,0,0,9,9,2,3,3,1,0,0,0,7,4,3,0,8,0,2,1
59404474,0,,,38,16,22,8,3,5,30,13,17,18,8,10,30,13,17,30,13,17,12,5,7,8,3,5,3,2,1,0,0,0,0,0,0,10,10,2,4,0,0,1,1,2,8,4,4,2,6,0,0,2
59404475,0,,,109,47,62,8,4,4,101,43,58,53,27,26,97,42,55,96,41,55,48,16,32,27,8,19,10,2,8,0,0,0,0,0,0,38,38,11,9,7,6,1,1,3,27,14,13,2,34,0,9,5
59404476,0,,,54,19,35,6,1,5,48,18,30,23,9,14,48,18,30,48,18,30,25,9,16,11,2,9,6,1,5,1,0,1,0,0,0,22,22,6,7,6,1,1,0,1,16,11,5,2,16,0,3,2
59404477,2,59404486,,6,3,3,*,*,*,*,*,*,*,*,*,*,*,*,*,*,*,*,*,*,*,*,*,*,*,*,*,*,*,*,*,*,3,3,*,*,*,*,*,*,*,*,*,*,*,*,*,*,*
59404484,0,,,51,28,23,1,1,0,50,27,23,26,15,11,50,27,23,50,27,23,24,12,12,11,5,6,2,0,2,0,0,0,0,0,0,23,23,6,10,4,2,1,0,0,16,11,5,1,17,0,4,4
59404485,0,,,74,37,37,2,1,1,72,36,36,33,19,14,68,34,34,68,34,34,39,17,22,20,9,11,7,1,6,0,0,0,0,0,0,25,25,5,7,3,5,4,1,0,19,9,10,0,23,0,4,4
59404486,1,,59404477,150,73,77,7,5,2,149,71,78,67,36,31,146,70,76,144,69,75,82,35,47,50,23,27,17,7,10,1,0,1,0,0,0,57,57,11,29,9,2,4,3,2,48,31,17,1,55,0,10,8
59404487,0,,,39,18,21,1,1,0,38,17,21,11,6,5,38,17,21,38,17,21,27,11,16,12,5,7,4,0,4,0,0,0,0,0,0,20,20,5,11,4,0,0,0,0,15,14,1,1,17,0,3,8
59404496,2,59404497,,2,1,1,*,*,*,*,*,*,*,*,*,*,*,*,*,*,*,*,*,*,*,*,*,*,*,*,*,*,*,*,*,*,1,1,*,*,*,*,*,*,*,*,*,*,*,*,*,*,*
59404497,1,,59404496,325,137,188,15,7,8,312,131,181,111,58,53,307,129,178,305,128,177,201,73,128,128,38,90,71,17,54,9,2,7,0,0,0,111,108,34,38,19,14,1,0,3,75,54,21,3,88,0,29,22
59404498,0,,,32,15,17,3,1,2,29,14,15,14,6,8,29,14,15,29,14,15,15,8,7,7,4,3,2,1,1,0,0,0,0,0,0,13,13,3,5,3,1,0,1,0,10,6,4,1,11,0,2,3
59404505,0,,,82,39,43,3,1,2,79,38,41,39,18,21,78,38,40,75,37,38,40,20,20,13,6,7,3,0,3,0,0,0,0,0,0,27,27,4,8,5,5,3,2,0,23,12,11,1,24,0,4,6
59404506,0,,,49,19,30,3,1,2,46,18,28,21,10,11,46,18,28,46,18,28,25,8,17,16,6,10,8,2,6,0,0,0,0,0,0,19,19,3,9,3,2,1,1,0,16,12,4,0,16,0,3,4
59404507,0,,,34,19,15,4,4,0,30,15,15,18,9,9,28,15,13,27,14,13,12,6,6,7,4,3,4,4,0,0,0,0,0,0,0,11,11,1,5,2,1,0,1,1,10,8,2,0,9,0,1,0
59404516,0,,,24,10,14,0,0,0,24,10,14,14,5,9,24,10,14,23,10,13,10,5,5,6,2,4,3,1,2,0,0,0,0,0,0,7,7,0,1,3,2,1,0,0,7,5,2,0,6,0,0,1
59404517,0,,,223,96,127,18,7,11,205,89,116,108,49,59,200,87,113,199,87,112,97,40,57,51,17,34,15,3,12,1,0,1,0,0,0,78,78,15,25,19,6,7,2,4,63,39,24,5,64,0,12,10
59404526,0,,,39,21,18,3,2,1,36,19,17,16,9,7,36,19,17,35,18,17,20,10,10,9,5,4,3,1,2,1,0,1,0,0,0,16,16,3,8,2,1,2,0,0,13,10,3,1,11,0,2,4
59404527,0,,,136,65,71,11,5,6,125,60,65,66,37,29,123,59,64,122,58,64,59,23,36,30,13,17,10,4,6,0,0,0,0,0,0,47,47,9,12,13,7,2,2,2,38,23,15,4,38,0,5,6
59404528,0,,,68,32,36,3,1,2,65,31,34,39,20,19,64,31,33,64,31,33,26,11,15,11,3,8,2,1,1,0,0,0,0,0,0,31,31,10,12,4,4,0,1,0,21,16,5,0,18,0,6,7
59404532,0,,,48,26,22,3,2,1,45,24,21,22,11,11,42,22,20,42,22,20,23,13,10,12,8,4,3,1,2,1,0,1,0,0,0,18,18,5,5,4,2,0,1,1,13,10,3,0,14,0,4,3
59404534,0,,,51,20,31,8,2,6,43,18,25,20,11,9,43,18,25,41,17,24,23,7,16,13,3,10,7,0,7,1,0,1,0,0,0,16,16,5,4,1,1,1,2,2,10,4,6,1,14,0,4,0
59404537,0,,,463,178,285,19,9,10,444,169,275,141,78,63,439,166,273,438,165,273,303,91,212,233,52,181,142,24,118,23,2,21,0,0,0,121,116,37,38,16,14,8,2,1,77,52,25,5,83,2,19,18
59404538,0,,,362,173,189,25,14,11,337,159,178,177,88,89,328,153,175,324,150,174,160,71,89,94,39,55,24,11,13,1,0,1,2,1,1,142,142,35,45,32,17,8,2,3,106,74,32,6,108,0,26,26
59404544,1,,59404545,18,10,8,2,2,0,20,10,10,8,4,4,20,10,10,20,10,10,12,6,6,4,2,2,1,1,0,0,0,0,0,0,0,6,6,0,6,0,1,0,1,0,8,7,1,1,6,0,0,4
59404545,2,59404544,,4,2,2,*,*,*,*,*,*,*,*,*,*,*,*,*,*,*,*,*,*,*,*,*,*,*,*,*,*,*,*,*,*,2,2,*,*,*,*,*,*,*,*,*,*,*,*,*,*,*
59404547,0,,,248,123,125,21,9,12,227,114,113,135,74,61,222,110,112,217,108,109,92,40,52,49,19,30,21,7,14,0,0,0,0,0,0,109,109,33,40,17,13,5,0,1,76,60,16,2,62,7,17,16
59404548,0,,,1330,588,742,127,64,63,1195,520,675,619,293,326,1168,509,659,1158,504,654,576,227,349,321,112,209,122,44,78,7,1,6,4,1,3,582,580,177,202,111,65,15,7,3,393,296,97,33,383,7,112,93
59404549,1,,59404640;59404673,536,247,289,58,34,24,482,214,268,261,124,137,475,210,265,468,208,260,221,90,131,109,44,65,26,8,18,0,0,0,17,0,17,248,248,94,85,35,21,10,5,1,156,131,25,11,159,2,57,45
59404550,0,,,21,10,11,0,0,0,21,10,11,11,6,5,19,9,10,19,9,10,10,4,6,2,0,2,2,0,2,0,0,0,0,0,0,6,6,1,1,1,1,1,1,0,5,2,3,0,5,0,1,1
59404557,0,,,35,16,19,6,4,2,29,12,17,19,9,10,27,10,17,27,10,17,10,3,7,3,2,1,1,0,1,0,0,0,0,0,0,11,11,1,4,1,3,1,1,0,10,6,4,2,7,0,1,2
59404558,0,,,106,54,52,5,3,2,101,51,50,55,32,23,98,51,47,95,49,46,46,19,27,31,12,19,8,3,5,0,0,0,0,0,0,49,49,16,18,8,5,2,0,0,33,27,6,3,31,0,8,10
59404567,0,,,178,86,92,11,6,5,167,80,87,91,48,43,165,79,86,164,79,85,76,32,44,38,13,25,16,6,10,1,0,1,0,0,0,68,68,16,27,8,9,3,3,2,52,32,20,1,49,0,11,11
59404568,0,,,10,5,5,0,0,0,10,5,5,2,1,1,10,5,5,10,5,5,8,4,4,4,1,3,3,1,2,0,0,0,0,0,0,5,5,2,1,2,0,0,0,0,3,3,0,0,5,0,2,1
59404576,0,,,133,53,80,7,4,3,126,49,77,30,16,14,125,49,76,123,48,75,96,33,63,69,21,48,56,13,43,19,2,17,0,0,0,22,21,5,5,4,2,2,2,1,16,10,6,1,20,0,5,3
59404577,1,,59404578,211,97,114,22,8,14,191,90,101,97,46,51,186,85,101,185,85,100,94,44,50,44,16,28,23,7,16,2,0,2,2,1,1,80,80,23,26,12,11,4,4,2,59,36,23,7,62,1,15,14
59404578,2,59404577,,2,1,1,*,*,*,*,*,*,*,*,*,*,*,*,*,*,*,*,*,*,*,*,*,*,*,*,*,*,*,*,*,*,2,2,*,*,*,*,*,*,*,*,*,*,*,*,*,*,*
59404585,0,,,40,21,19,1,1,0,39,20,19,25,13,12,38,19,19,37,18,19,14,7,7,7,4,3,2,1,1,0,0,0,0,0,0,18,18,9,3,3,1,1,0,1,9,4,5,0,8,3,1,1
59404586,0,,,49,25,24,4,2,2,45,23,22,23,12,11,44,22,22,44,22,22,22,11,11,11,4,7,3,1,2,1,0,1,0,0,0,18,18,4,7,3,0,3,0,1,14,9,5,0,13,0,2,1
59404587,0,,,76,35,41,8,5,3,68,30,38,31,15,16,64,27,37,63,26,37,37,15,22,19,10,9,4,1,3,0,0,0,0,0,0,28,28,5,13,1,4,4,1,0,22,13,9,0,23,0,4,7
59404597,0,,,151,74,77,8,4,4,143,70,73,72,38,34,140,69,71,139,68,71,71,32,39,30,13,17,8,1,7,0,0,0,1,0,1,59,59,15,18,9,13,3,1,0,43,31,12,2,47,0,14,10
59404598,0,,,18,7,11,1,0,1,17,7,10,13,5,8,15,6,9,15,6,9,4,2,2,3,2,1,0,0,0,0,0,0,0,0,0,8,8,3,4,0,0,0,0,1,5,4,1,0,2,1,0,1
59404640,2,59404549,,2,0,2,*,*,*,*,*,*,*,*,*,*,*,*,*,*,*,*,*,*,*,*,*,*,*,*,*,*,*,*,*,*,2,2,*,*,*,*,*,*,*,*,*,*,*,*,*,*,*
59404673,2,59404549,,2,1,1,*,*,*,*,*,*,*,*,*,*,*,*,*,*,*,*,*,*,*,*,*,*,*,*,*,*,*,*,*,*,1,1,*,*,*,*,*,*,*,*,*,*,*,*,*,*,*
59404704,0,,,23,12,11,3,1,2,20,11,9,10,6,4,19,10,9,19,10,9,10,5,5,7,3,4,3,1,2,0,0,0,0,0,0,7,7,0,2,2,2,1,0,0,7,3,4,1,6,0,0,0
59404706,0,,,56,26,30,3,0,3,53,26,27,29,14,15,49,24,25,49,24,25,24,12,12,9,6,3,6,4,2,0,0,0,0,0,0,17,17,3,5,2,1,4,1,1,14,6,8,1,14,0,3,2
59404707,0,,,115,62,53,10,7,3,105,55,50,64,36,28,100,53,47,99,53,46,41,19,22,22,9,13,10,5,5,0,0,0,0,0,0,39,39,6,13,8,4,6,1,1,33,24,9,0,26,0,3,5
59404708,0,,,296,142,154,30,12,18,266,130,136,173,92,81,258,127,131,252,122,130,93,38,55,56,22,34,15,4,11,0,0,0,1,0,1,106,105,22,26,34,16,5,1,1,83,68,15,7,53,1,11,7
59404712,2,59404722,,6,3,3,*,*,*,*,*,*,*,*,*,*,*,*,*,*,*,*,*,*,*,*,*,*,*,*,*,*,*,*,*,*,3,3,*,*,*,*,*,*,*,*,*,*,*,*,*,*,*
59404713,0,,,78,39,39,5,2,3,73,37,36,29,16,13,73,37,36,73,37,36,44,21,23,28,12,16,10,4,6,0,0,0,0,0,0,25,25,2,10,5,2,3,3,0,23,13,10,0,22,0,1,6
59404714,0,,,99,49,50,6,3,3,93,46,47,55,31,24,89,43,46,88,42,46,38,15,23,22,9,13,10,5,5,1,1,0,0,0,0,30,30,6,7,4,6,3,3,1,24,9,15,2,25,0,5,2
59404715,0,,,46,21,25,0,0,0,46,21,25,25,12,13,43,20,23,43,20,23,21,9,12,14,6,8,2,0,2,0,0,0,0,0,0,21,21,6,8,5,1,1,0,0,15,11,4,0,12,0,2,4
59404716,0,,,114,50,64,12,6,6,102,44,58,61,29,32,101,44,57,99,44,55,41,15,26,19,3,16,9,1,8,1,0,1,0,0,0,31,31,2,10,4,6,2,3,4,29,14,15,4,24,0,1,4
59404717,0,,,62,30,32,10,6,4,52,24,28,32,13,19,51,24,27,48,24,24,20,11,9,10,5,5,4,2,2,0,0,0,0,0,0,19,19,3,4,4,4,2,1,1,16,13,3,1,13,0,3,3
59404718,0,,,33,19,14,4,3,1,29,16,13,15,8,7,28,15,13,28,15,13,14,8,6,7,3,4,2,1,1,0,0,0,0,0,0,9,9,2,2,1,1,0,1,2,7,1,6,2,8,0,1,0
59404719,0,,,95,51,44,9,5,4,86,46,40,60,31,29,85,46,39,84,46,38,26,15,11,17,9,8,5,2,3,0,0,0,0,0,0,30,30,2,9,8,7,1,3,0,26,19,7,2,16,0,1,3
59404721,0,,,69,29,40,6,2,4,63,27,36,30,12,18,63,27,36,61,27,34,33,15,18,20,6,14,10,2,8,0,0,0,0,0,0,19,19,2,6,2,3,3,1,2,17,8,9,1,18,0,2,3
59404722,1,,59404712,91,41,50,10,5,5,87,39,48,48,23,25,84,38,46,83,38,45,39,16,23,21,9,12,7,3,4,0,0,0,1,1,0,30,30,8,9,8,3,0,2,3,25,16,9,2,22,0,4,4
59404723,0,,,26,12,14,6,3,3,20,9,11,12,7,5,20,9,11,20,9,11,8,2,6,5,2,3,4,1,3,0,0,0,0,0,0,8,8,1,1,2,3,1,0,0,7,3,4,2,6,0,1,0
59404724,0,,,174,93,81,16,9,7,158,84,74,93,56,37,152,78,74,150,78,72,65,28,37,41,18,23,12,5,7,1,0,1,0,0,0,49,49,6,9,12,9,6,3,4,42,21,21,2,40,0,3,4
59404725,0,,,270,124,146,17,6,11,253,118,135,134,71,63,248,117,131,241,114,127,119,47,72,64,24,40,27,10,17,4,0,4,0,0,0,89,89,19,24,15,10,12,7,2,70,38,32,6,77,0,14,10
59404726,0,,,60,27,33,1,1,0,59,26,33,30,15,15,57,25,32,57,25,32,29,11,18,16,6,10,3,0,3,0,0,0,0,0,0,21,21,3,7,4,4,3,0,0,18,13,5,0,17,0,3,3
59404727,0,,,223,107,116,28,13,15,195,94,101,115,58,57,187,90,97,180,88,92,80,36,44,35,16,19,6,3,3,0,0,0,0,0,0,86,86,16,33,19,10,5,2,1,68,59,9,6,50,1,11,19
59404728,0,,,742,361,381,100,49,51,642,312,330,392,200,192,622,300,322,608,293,315,250,112,138,127,50,77,42,14,28,3,2,1,3,2,1,282,282,74,73,58,50,18,6,3,208,164,44,23,169,4,41,31
59404729,0,,,432,208,224,47,26,21,385,182,203,237,115,122,374,176,198,369,172,197,148,67,81,72,31,41,27,12,15,0,0,0,1,0,1,154,154,26,45,42,24,12,2,3,127,96,31,13,95,2,11,20
59404731,0,,,56,27,29,6,1,5,50,26,24,22,15,7,48,24,24,48,24,24,28,11,17,12,2,10,8,2,6,0,0,0,0,0,0,19,19,5,6,2,1,3,0,2,14,8,6,0,19,0,5,3
59404734,0,,,120,54,66,5,2,3,115,52,63,64,31,33,111,51,60,107,51,56,51,21,30,23,7,16,6,2,4,2,1,1,0,0,0,38,38,8,4,12,7,3,3,1,30,12,18,2,33,0,7,0
59404735,0,,,311,145,166,28,12,16,283,133,150,156,79,77,275,129,146,269,127,142,127,54,73,85,33,52,23,6,17,2,0,2,0,0,0,110,110,23,35,23,10,8,8,3,86,58,28,7,83,0,16,11
59404736,0,,,726,356,370,64,30,34,662,326,336,361,191,170,646,319,327,639,314,325,301,135,166,149,65,84,40,16,24,1,0,1,3,2,1,315,315,98,112,53,28,15,6,3,215,179,36,19,201,6,58,54
59404737,0,,,1942,908,1034,279,131,148,1660,776,884,1073,529,544,1590,740,850,1563,723,840,587,247,340,301,115,186,92,30,62,0,0,0,5,4,1,758,756,200,250,118,116,41,15,16,552,453,99,75,398,13,110,92
59404738,0,,,143,69,74,5,3,2,138,66,72,73,40,33,133,62,71,131,61,70,65,26,39,24,9,15,10,2,8,1,0,1,1,1,0,57,57,16,18,12,6,2,0,3,40,28,12,0,39,1,7,6
59404739,0,,,62,26,36,8,3,5,54,23,31,36,13,23,51,23,28,50,22,28,18,10,8,12,7,5,3,2,1,0,0,0,0,0,0,19,19,5,3,2,3,4,1,1,14,9,5,2,12,0,4,1
59404740,0,,,73,37,36,6,5,1,67,32,35,41,23,18,66,31,35,65,30,35,26,9,17,13,3,10,7,3,4,0,0,0,0,0,0,23,23,4,4,5,7,1,1,1,19,6,13,1,19,0,4,1
59404742,1,,59404751;59404752,25,15,10,0,0,0,36,23,13,15,10,5,36,23,13,36,23,13,21,13,8,11,6,5,1,1,0,0,0,0,0,0,0,10,10,2,9,4,1,0,0,0,14,9,5,0,14,0,1,3
59404744,0,,,112,56,56,13,10,3,99,46,53,61,29,32,97,46,51,95,45,50,38,17,21,22,8,14,6,1,5,1,0,1,0,0,0,27,27,2,4,7,5,3,3,3,25,11,14,3,23,0,2,1
59404745,1,,59404755,180,82,98,19,12,7,165,72,93,88,42,46,161,70,91,159,69,90,77,30,47,37,9,28,11,2,9,1,0,1,1,0,1,54,54,7,14,16,6,8,2,3,49,21,28,4,45,0,5,6
59404746,0,,,93,47,46,11,6,5,82,41,41,56,31,25,80,40,40,78,39,39,26,10,16,18,7,11,2,1,1,0,0,0,0,0,0,33,33,7,9,8,3,4,2,0,25,20,5,2,20,0,6,3
59404747,0,,,400,186,214,46,26,20,354,160,194,198,104,94,344,154,190,339,151,188,156,56,100,84,26,58,32,3,29,3,0,3,0,0,0,132,131,27,41,27,16,8,9,3,102,71,31,12,78,3,12,18
59404748,0,,,690,329,361,95,46,49,595,283,312,404,197,207,568,269,299,554,264,290,191,86,105,75,31,44,30,11,19,0,0,0,0,0,0,246,246,44,70,64,43,14,7,4,198,163,35,26,123,2,22,25
59404749,0,,,46,23,23,2,1,1,44,22,22,20,9,11,44,22,22,44,22,22,24,13,11,10,4,6,5,3,2,0,0,0,0,0,0,16,16,2,2,8,4,0,0,0,14,6,8,2,13,0,2,1
59404751,2,59404742,,2,1,1,*,*,*,*,*,*,*,*,*,*,*,*,*,*,*,*,*,*,*,*,*,*,*,*,*,*,*,*,*,*,1,1,*,*,*,*,*,*,*,*,*,*,*,*,*,*,*
59404752,2,59404742,,9,7,2,*,*,*,*,*,*,*,*,*,*,*,*,*,*,*,*,*,*,*,*,*,*,*,*,*,*,*,*,*,*,5,5,*,*,*,*,*,*,*,*,*,*,*,*,*,*,*
59404754,0,,,59,28,31,7,3,4,52,25,27,36,19,17,52,25,27,51,24,27,16,6,10,11,3,8,1,0,1,0,0,0,0,0,0,15,15,1,2,3,6,0,1,2,14,5,9,2,12,0,0,1
59404755,2,59404745,,4,2,2,*,*,*,*,*,*,*,*,*,*,*,*,*,*,*,*,*,*,*,*,*,*,*,*,*,*,*,*,*,*,2,2,*,*,*,*,*,*,*,*,*,*,*,*,*,*,*
59404756,0,,,233,112,121,28,10,18,205,102,103,127,66,61,200,98,102,194,94,100,78,36,42,45,19,26,8,5,3,1,0,1,0,0,0,75,75,7,27,15,15,4,5,2,68,50,18,6,46,0,5,12
59404757,0,,,246,114,132,29,12,17,217,102,115,121,54,67,212,100,112,207,99,108,96,48,48,42,18,24,16,5,11,1,1,0,0,0,0,82,82,19,21,9,19,6,6,2,63,42,21,8,63,0,15,14
59404758,0,,,30,11,19,1,0,1,29,11,18,17,6,11,26,11,15,25,11,14,12,5,7,5,3,2,0,0,0,0,0,0,0,0,0,9,9,1,3,0,3,1,1,0,8,4,4,0,8,0,1,1
59404759,0,,,130,63,67,8,5,3,122,58,64,63,32,31,118,56,62,117,56,61,59,26,33,24,6,18,11,2,9,0,0,0,0,0,0,41,41,4,10,17,1,4,4,1,37,20,17,2,36,0,3,3
59404764,0,,,72,39,33,1,0,1,71,39,32,33,20,13,70,39,31,70,39,31,38,19,19,19,10,9,9,4,5,2,1,1,0,0,0,26,26,6,6,7,3,3,1,0,20,11,9,0,23,0,3,2
59404765,0,,,44,24,20,4,3,1,40,21,19,17,10,7,40,21,19,40,21,19,23,11,12,9,4,5,3,1,2,0,0,0,0,0,0,17,17,4,4,4,5,0,0,0,13,8,5,2,14,0,4,1
59404766,0,,,62,30,32,10,6,4,52,24,28,30,16,14,51,24,27,48,23,25,22,8,14,13,4,9,5,2,3,0,0,0,0,0,0,17,17,2,3,6,2,0,1,3,15,8,7,1,13,0,1,2
59404767,0,,,241,114,127,38,20,18,203,94,109,114,54,60,196,92,104,194,90,104,89,40,49,42,15,27,11,4,7,1,0,1,0,0,0,70,70,15,14,11,9,7,8,6,55,27,28,8,57,0,12,5
59404768,0,,,56,28,28,6,5,1,50,23,27,29,13,16,48,22,26,46,22,24,21,10,11,8,4,4,2,0,2,0,0,0,0,0,0,17,17,2,5,5,1,1,2,1,15,9,6,0,12,0,2,2
59404769,0,,,47,26,21,4,2,2,43,24,19,21,13,8,43,24,19,43,24,19,22,11,11,10,5,5,1,1,0,0,0,0,0,0,0,16,16,1,4,7,3,1,0,0,15,13,2,2,13,0,1,3
59404774,1,,59404783,45,23,22,3,3,0,45,23,22,27,15,12,44,22,22,43,22,21,18,8,10,9,5,4,1,0,1,0,0,0,0,0,0,12,12,1,1,6,2,2,0,1,12,5,7,2,10,0,0,1
59404775,0,,,55,22,33,6,2,4,49,20,29,27,13,14,46,19,27,44,18,26,22,7,15,10,2,8,3,0,3,0,0,0,0,0,0,18,18,3,7,2,2,2,0,2,15,9,6,1,14,0,2,3
59404776,0,,,66,33,33,3,3,0,63,30,33,34,17,17,62,30,32,61,30,31,29,13,16,12,3,9,5,0,5,1,0,1,0,0,0,23,23,4,7,5,5,1,0,1,18,11,7,1,15,0,2,0
59404777,0,,,199,99,100,20,11,9,179,88,91,108,58,50,177,86,91,175,86,89,71,30,41,41,14,27,11,1,10,0,0,0,0,0,0,70,70,18,18,9,16,5,3,1,51,29,22,2,50,0,11,5
59404778,0,,,17,9,8,1,0,1,16,9,7,13,8,5,15,9,6,15,9,6,3,1,2,1,0,1,0,0,0,0,0,0,0,0,0,8,8,2,4,1,1,0,0,0,6,4,2,0,2,0,1,0
59404779,0,,,10,5,5,0,0,0,10,5,5,4,2,2,10,5,5,10,5,5,6,3,3,3,1,2,2,1,1,0,0,0,0,0,0,5,5,2,2,0,1,0,0,0,3,2,1,0,4,0,2,1
59404783,2,59404774,,3,3,0,*,*,*,*,*,*,*,*,*,*,*,*,*,*,*,*,*,*,*,*,*,*,*,*,*,*,*,*,*,*,1,1,*,*,*,*,*,*,*,*,*,*,*,*,*,*,*
59404784,0,,,20,9,11,0,0,0,20,9,11,10,4,6,20,9,11,19,9,10,10,5,5,4,2,2,0,0,0,0,0,0,0,0,0,7,7,1,3,1,0,2,0,0,6,4,2,0,6,0,1,2
59404785,0,,,97,55,42,9,5,4,88,50,38,45,29,16,83,46,37,83,46,37,43,21,22,24,10,14,9,4,5,2,1,1,0,0,0,31,31,9,4,9,4,1,2,2,22,13,9,1,26,0,7,4
59404786,0,,,190,93,97,26,17,9,164,76,88,87,41,46,157,72,85,155,72,83,77,35,42,43,21,22,20,8,12,1,1,0,0,0,0,52,51,7,19,6,4,7,2,6,44,28,16,6,34,0,4,7
59404787,0,,,307,138,169,29,11,18,278,127,151,146,67,79,273,125,148,271,123,148,132,60,72,59,19,40,25,9,16,1,0,1,1,0,1,99,99,16,28,24,12,10,2,7,83,43,40,9,80,0,14,10
59404788,0,,,11,4,7,1,0,1,10,4,6,8,3,5,10,4,6,10,4,6,2,1,1,2,1,1,0,0,0,0,0,0,0,0,0,5,5,2,0,3,0,0,0,0,3,3,0,0,2,0,1,0
59404794,0,,,31,18,13,0,0,0,31,18,13,16,9,7,31,18,13,31,18,13,15,9,6,5,3,2,2,1,1,0,0,0,0,0,0,11,11,4,0,2,4,1,0,0,7,4,3,0,10,0,3,0
59404795,0,,,145,75,70,6,2,4,139,73,66,76,43,33,134,69,65,134,69,65,63,30,33,32,12,20,12,5,7,0,0,0,1,0,1,43,43,5,10,11,7,5,2,3,38,18,20,2,41,0,4,2
59404796,0,,,39,23,16,3,1,2,36,22,14,19,13,6,36,22,14,34,20,14,17,9,8,8,5,3,0,0,0,0,0,0,0,0,0,10,10,0,1,6,0,1,0,2,10,8,2,0,9,0,0,1
59404797,0,,,79,39,40,8,3,5,71,36,35,28,15,13,71,36,35,70,36,34,43,21,22,21,10,11,7,3,4,1,0,1,0,0,0,30,30,7,12,4,1,4,2,0,23,17,6,0,26,0,6,8
59405005,0,,,3381,1506,1875,320,172,148,3017,1303,1714,1612,797,815,2947,1268,1679,2914,1250,1664,1405,506,899,901,281,620,435,97,338,64,8,56,9,5,4,1364,1355,503,402,230,154,47,12,7,833,718,115,82,731,35,289,144
59405006,0,,,4576,2204,2372,496,259,237,4033,1912,2121,2592,1321,1271,3921,1847,2074,3861,1815,2046,1441,591,850,741,259,482,302,94,208,17,6,11,8,5,3,2017,2015,630,656,386,277,45,17,4,1377,1251,126,142,1009,51,333,280
59405007,0,,,3661,1716,1945,389,206,183,3235,1488,1747,2057,965,1092,3150,1447,1703,3105,1429,1676,1178,523,655,549,213,336,173,47,126,20,3,17,5,3,2,1560,1558,410,568,340,175,53,12,0,1136,1042,94,122,757,41,181,243
59405008,0,,,310,153,157,42,26,16,267,126,141,176,80,96,254,120,134,246,118,128,91,46,45,32,18,14,2,2,0,0,0,0,0,0,0,119,119,22,45,22,22,5,2,1,96,87,9,7,58,1,12,30
59405009,0,,,99,18,81,0,0,0,99,18,81,10,5,5,99,18,81,99,18,81,89,13,76,84,9,75,60,5,55,11,0,11,0,0,0,6,5,1,2,2,0,0,0,0,4,3,1,0,2,0,0,0
59405014,0,,,452,217,235,38,21,17,403,189,214,248,121,127,394,185,209,386,181,205,155,68,87,79,32,47,17,5,12,0,0,0,0,0,0,200,200,59,76,32,21,11,1,0,138,120,18,10,109,2,26,30
59405015,0,,,4196,1977,2219,454,222,232,3665,1710,1955,2336,1165,1171,3536,1635,1901,3470,1605,1865,1329,545,784,704,258,446,220,64,156,14,2,12,9,2,7,1880,1878,644,612,332,204,61,20,5,1206,1067,139,141,880,45,299,240
59405016,0,,,4152,2073,2079,477,242,235,3643,1811,1832,2384,1309,1075,3556,1773,1783,3428,1688,1740,1259,502,757,608,205,403,242,69,173,16,2,14,7,1,6,1622,1605,464,557,271,239,50,20,4,1127,986,141,136,862,28,280,252
59405017,0,,,3344,1575,1769,423,216,207,2884,1337,1547,1907,907,1000,2781,1283,1498,2719,1255,1464,977,430,547,422,185,237,104,37,67,2,0,2,4,2,2,1452,1450,427,512,264,174,50,18,5,1008,916,92,113,665,36,187,208
59405019,0,,,147,64,83,7,1,6,140,63,77,67,30,37,138,63,75,137,63,74,73,33,40,36,15,21,9,3,6,1,0,1,0,0,0,55,55,10,20,13,5,4,3,0,45,32,13,1,48,0,9,11
59405024,0,,,361,188,173,24,12,12,334,174,160,253,135,118,324,168,156,318,165,153,81,39,42,16,6,10,3,0,3,0,0,0,1,0,1,161,161,47,61,29,19,3,1,1,110,100,10,10,57,4,14,15
59405025,0,,,3999,1976,2023,421,220,201,3528,1722,1806,2301,1190,1111,3435,1675,1760,3371,1646,1725,1227,532,695,605,234,371,182,61,121,12,1,11,10,6,4,1766,1763,565,572,337,208,63,13,5,1165,1027,138,114,833,51,228,237
59405026,0,,,4454,2163,2291,495,246,249,3920,1889,2031,2545,1291,1254,3788,1821,1967,3685,1753,1932,1375,598,777,615,244,371,176,59,117,12,2,10,15,9,6,1831,1827,454,646,405,231,73,12,6,1347,1203,144,155,906,33,219,295
59405027,0,,,1963,901,1062,240,112,128,1711,781,930,1138,522,616,1653,759,894,1631,746,885,573,259,314,237,96,141,83,21,62,7,2,5,1,0,1,758,756,147,281,163,121,31,11,2,608,538,70,55,353,7,72,133
59405028,0,,,14,5,9,2,0,2,11,4,7,5,2,3,11,4,7,11,4,7,6,2,4,1,0,1,0,0,0,0,0,0,0,0,0,7,7,2,3,2,0,0,0,0,5,5,0,2,4,0,1,2
59405029,0,,,39,19,20,3,2,1,36,17,19,20,9,11,36,17,19,36,17,19,16,8,8,9,3,6,5,2,3,0,0,0,0,0,0,11,11,0,5,2,1,1,1,1,11,6,5,1,10,0,0,3
59405034,0,,,453,207,246,26,16,10,421,187,234,265,132,133,409,180,229,407,178,229,156,55,101,78,20,58,28,7,21,2,0,2,2,1,1,202,201,70,73,33,20,4,1,0,125,109,16,8,89,8,22,25
59405035,0,,,4303,2031,2272,500,257,243,3735,1735,2000,2250,1120,1130,3637,1685,1952,3584,1650,1934,1485,615,870,791,306,485,281,96,185,22,2,20,10,3,7,1805,1802,526,608,363,206,70,22,7,1246,1106,140,154,934,43,262,279
59405036,0,,,1185,568,617,140,67,73,1026,490,536,720,345,375,999,477,522,983,471,512,306,145,161,119,52,67,29,13,16,2,2,0,3,1,2,492,491,126,172,100,67,22,4,0,354,322,32,46,191,16,37,66
59405038,0,,,85,38,47,4,2,2,81,36,45,38,19,19,81,36,45,81,36,45,43,17,26,17,5,12,9,2,7,1,0,1,0,0,0,35,35,7,12,11,4,1,0,0,26,21,5,2,30,0,6,7
59405039,0,,,14,7,7,0,0,0,14,7,7,8,3,5,14,7,7,14,7,7,6,4,2,2,1,1,0,0,0,0,0,0,0,0,0,5,5,1,1,2,0,1,0,0,4,3,1,0,3,0,0,1
59405044,0,,,871,354,517,58,24,34,809,327,482,360,172,188,784,315,469,777,312,465,449,155,294,296,78,218,139,27,112,17,3,14,1,0,1,158,151,39,46,27,31,6,2,0,112,105,7,13,40,2,8,17
59405045,0,,,1010,515,495,113,60,53,888,448,440,601,316,285,849,422,427,830,409,421,287,132,155,131,55,76,44,17,27,3,0,3,1,0,1,378,376,70,134,82,61,19,6,4,301,261,40,27,184,7,33,50
59405046,1,,59405047,64,19,45,3,1,2,73,22,51,13,6,7,73,22,51,72,22,50,60,16,44,50,12,38,39,7,32,5,0,5,0,0,0,6,5,1,2,1,2,2,0,0,7,4,3,0,7,0,1,1
59405047,2,59405046,,12,4,8,*,*,*,*,*,*,*,*,*,*,*,*,*,*,*,*,*,*,*,*,*,*,*,*,*,*,*,*,*,*,3,3,*,*,*,*,*,*,*,*,*,*,*,*,*,*,*
59405048,0,,,224,91,133,13,7,6,205,81,124,82,42,40,201,78,123,200,78,122,123,39,84,93,25,68,50,14,36,10,1,9,1,1,0,61,60,9,21,15,8,6,0,1,49,36,13,3,44,0,7,10
59405049,0,,,34,20,14,2,2,0,31,18,13,14,9,5,31,18,13,31,18,13,17,9,8,6,3,3,2,1,1,0,0,0,0,0,0,16,16,5,6,3,2,0,0,0,11,8,3,0,13,0,3,2
59405054,0,,,468,216,252,37,23,14,426,189,237,222,114,108,422,188,234,416,185,231,204,75,129,107,34,73,52,12,40,7,0,7,0,0,0,143,141,37,34,38,15,12,3,2,100,65,35,8,98,1,22,15
59405055,0,,,63,29,34,3,0,3,60,29,31,26,11,15,59,29,30,59,29,30,34,18,16,20,11,9,2,1,1,0,0,0,0,0,0,32,32,11,13,6,2,0,0,0,21,18,3,2,25,0,10,9
59405056,0,,,243,104,139,20,8,12,222,95,127,117,54,63,216,91,125,211,88,123,105,41,64,54,17,37,30,8,22,2,0,2,0,0,0,84,83,16,29,16,12,6,1,3,67,45,22,3,58,0,10,17
59405057,0,,,287,127,160,20,13,7,267,114,153,114,53,61,265,113,152,262,112,150,153,61,92,76,23,53,31,5,26,1,0,1,0,0,0,111,111,24,44,14,20,3,4,2,85,52,33,6,98,0,22,26
59405058,0,,,21,13,8,3,3,0,18,10,8,11,7,4,18,10,8,18,10,8,7,3,4,5,2,3,0,0,0,0,0,0,0,0,0,6,6,1,1,1,2,0,0,1,5,1,4,1,6,0,1,1
59405059,0,,,191,90,101,5,3,2,186,87,99,94,44,50,184,87,97,178,83,95,92,43,49,39,18,21,12,4,8,1,0,1,0,0,0,76,76,18,29,9,14,4,2,0,58,45,13,2,58,0,12,17
59405063,0,,,87,43,44,9,5,4,78,38,40,44,23,21,76,37,39,76,37,39,34,15,19,13,5,8,3,0,3,0,0,0,0,0,0,38,38,9,17,6,4,2,0,0,29,26,3,3,23,0,6,10
59405064,0,,,2154,1006,1148,239,120,119,1885,866,1019,1156,584,572,1844,842,1002,1793,819,974,729,282,447,412,131,281,180,42,138,15,2,13,3,0,3,822,811,292,227,144,108,28,9,3,515,449,66,52,328,120,69,105
59405065,0,,,156,76,80,16,9,7,140,67,73,82,43,39,135,64,71,134,64,70,58,24,34,20,6,14,8,1,7,0,0,0,0,0,0,64,64,18,22,12,7,3,0,2,46,35,11,4,42,1,14,9
59405066,0,,,101,45,56,7,2,5,91,41,50,57,26,31,89,40,49,85,38,47,34,15,19,17,9,8,8,4,4,0,0,0,0,0,0,35,35,6,11,6,7,3,2,0,28,18,10,3,23,0,4,5
59405067,0,,,136,65,71,9,5,4,125,59,66,65,32,33,121,57,64,119,55,64,60,27,33,34,13,21,20,9,11,0,0,0,1,0,1,55,55,15,20,8,6,4,1,1,39,27,12,1,42,0,12,8
59405068,0,,,30,18,12,0,0,0,30,18,12,15,11,4,29,17,12,29,17,12,15,7,8,9,4,5,3,0,3,0,0,0,0,0,0,14,14,6,5,1,0,1,1,0,8,5,3,0,10,0,4,2
59405069,2,59405079,,2,1,1,*,*,*,*,*,*,*,*,*,*,*,*,*,*,*,*,*,*,*,*,*,*,*,*,*,*,*,*,*,*,1,1,*,*,*,*,*,*,*,*,*,*,*,*,*,*,*
59405073,0,,,1632,781,851,223,117,106,1392,653,739,968,472,496,1336,629,707,1299,610,689,424,181,243,217,93,124,86,37,49,7,4,3,2,1,1,679,677,241,170,123,101,31,10,1,434,387,47,62,253,65,79,66
59405074,0,,,2652,1256,1396,272,141,131,2343,1095,1248,1398,686,712,2284,1062,1222,2236,1034,1202,945,409,536,484,190,294,151,58,93,9,3,6,2,2,0,1186,1182,411,384,222,110,41,11,3,763,666,97,94,601,63,167,181
59405075,0,,,186,89,97,16,7,9,167,81,86,119,58,61,158,75,83,153,74,79,48,23,25,20,11,9,4,1,3,0,0,0,0,0,0,79,79,22,25,19,9,3,1,0,55,46,9,4,34,2,10,10
59405076,0,,,36,18,18,0,0,0,36,18,18,21,11,10,36,18,18,33,16,17,15,7,8,8,4,4,3,2,1,0,0,0,0,0,0,12,12,1,3,4,3,1,0,0,11,7,4,0,9,0,1,3
59405077,0,,,49,26,23,2,0,2,47,26,21,21,13,8,47,26,21,46,26,20,26,13,13,14,6,8,4,2,2,1,0,1,0,0,0,17,17,3,4,4,4,2,0,0,14,6,8,0,15,0,3,3
59405078,0,,,55,28,27,6,4,2,48,23,25,30,15,15,48,23,25,48,23,25,18,8,10,5,1,4,2,0,2,0,0,0,0,0,0,21,21,4,9,1,5,2,0,0,16,13,3,1,14,0,3,2
59405079,1,,59405069,30,13,17,2,1,1,28,12,16,14,7,7,27,11,16,27,11,16,14,5,9,8,3,5,4,1,3,0,0,0,0,0,0,11,11,2,5,2,2,0,1,0,9,7,2,0,8,0,2,3
59405082,0,,,334,165,169,30,16,14,299,146,153,221,111,110,289,141,148,285,140,145,78,35,43,24,10,14,5,1,4,1,0,1,0,0,0,124,124,15,52,32,14,6,3,2,107,89,18,14,54,0,6,13
59405083,0,,,2804,1370,1434,505,261,244,2285,1101,1184,1777,884,893,2209,1067,1142,2156,1040,1116,508,217,291,235,98,137,74,22,52,3,0,3,3,1,2,1092,1089,259,325,245,196,46,12,6,818,727,91,189,322,34,79,103
59405084,0,,,973,461,512,110,60,50,860,400,460,597,286,311,824,383,441,807,375,432,263,114,149,117,49,68,41,17,24,3,1,2,1,0,1,362,361,70,121,85,52,26,2,5,287,238,49,29,159,7,31,40
59405085,0,,,171,80,91,15,10,5,156,70,86,77,38,39,151,68,83,148,67,81,79,32,47,38,15,23,14,3,11,1,0,1,1,1,0,59,59,14,13,15,7,6,2,2,44,21,23,3,47,0,9,6
59405086,0,,,140,68,72,11,4,7,129,64,65,67,34,33,127,63,64,126,63,63,62,30,32,25,9,16,7,2,5,2,0,2,0,0,0,50,50,5,21,13,5,4,1,1,44,32,12,3,36,0,2,12
59405087,1,,59405088,103,49,54,8,2,6,99,50,49,44,25,19,96,49,47,95,48,47,55,25,30,23,10,13,11,3,8,1,1,0,0,0,0,41,41,10,18,8,4,3,1,0,34,24,10,3,35,0,6,8
59405088,2,59405087,,4,3,1,*,*,*,*,*,*,*,*,*,*,*,*,*,*,*,*,*,*,*,*,*,*,*,*,*,*,*,*,*,*,3,3,*,*,*,*,*,*,*,*,*,*,*,*,*,*,*
59405092,0,,,205,102,103,14,6,8,191,96,95,106,56,50,188,95,93,185,94,91,85,40,45,34,16,18,8,3,5,1,0,1,1,0,1,88,88,28,32,13,6,6,2,1,58,46,12,1,60,1,18,17
59405093,0,,,148,64,84,15,8,7,133,56,77,91,37,54,127,55,72,124,54,70,42,19,23,15,4,11,9,1,8,0,0,0,0,0,0,56,56,9,18,17,9,2,1,0,47,41,6,6,28,0,5,7
59405094,0,,,347,160,187,21,12,9,323,147,176,173,88,85,317,142,175,312,139,173,150,59,91,71,22,49,22,5,17,1,1,0,0,0,0,137,137,24,53,34,19,3,4,0,112,81,31,3,101,0,18,25
59405095,0,,,27,14,13,2,1,1,25,13,12,17,10,7,24,13,11,24,13,11,8,3,5,6,2,4,2,1,1,0,0,0,0,0,0,9,9,1,4,1,1,1,1,0,8,5,3,0,5,0,1,1
59405096,0,,,126,71,55,6,4,2,120,67,53,60,39,21,119,67,52,119,67,52,60,28,32,35,15,20,16,8,8,1,0,1,0,0,0,50,50,8,19,15,5,3,0,0,41,34,7,1,37,0,4,12
59405097,0,,,40,20,20,6,4,2,34,16,18,21,9,12,33,16,17,32,15,17,13,7,6,4,2,2,1,0,1,0,0,0,1,1,0,10,10,2,3,0,1,0,3,1,8,3,5,2,9,0,2,2
59405098,0,,,19,11,8,1,1,0,18,10,8,6,3,3,18,10,8,18,10,8,12,7,5,4,3,1,0,0,0,0,0,0,0,0,0,7,7,1,2,2,2,0,0,0,6,4,2,0,7,0,1,2
59405100,0,,,1105,468,637,83,32,51,1019,434,585,627,289,338,980,421,559,961,415,546,392,145,247,209,65,144,84,15,69,10,1,9,5,3,2,414,413,94,147,87,63,17,4,1,317,281,36,11,204,7,48,66
59405101,0,,,547,253,294,46,29,17,500,223,277,279,129,150,487,220,267,468,212,256,221,94,127,113,39,74,64,16,48,7,1,6,0,0,0,193,190,30,71,51,24,10,3,1,160,135,25,18,110,0,24,33
59405102,1,,59405111,84,17,67,0,0,0,97,19,78,10,3,7,97,19,78,97,19,78,87,16,71,80,12,68,50,2,48,7,0,7,0,0,0,10,9,5,4,1,0,0,0,0,5,5,0,0,7,0,3,3
59405105,1,,59405106;59405107,62,31,31,2,2,0,67,32,35,39,19,20,65,31,34,63,30,33,28,13,15,7,2,5,3,1,2,0,0,0,0,0,0,26,26,5,17,5,1,1,1,0,25,23,2,1,17,0,2,8
59405106,2,59405105,,5,2,3,*,*,*,*,*,*,*,*,*,*,*,*,*,*,*,*,*,*,*,*,*,*,*,*,*,*,*,*,*,*,3,3,*,*,*,*,*,*,*,*,*,*,*,*,*,*,*
59405107,2,59405105,,2,1,1,*,*,*,*,*,*,*,*,*,*,*,*,*,*,*,*,*,*,*,*,*,*,*,*,*,*,*,*,*,*,1,1,*,*,*,*,*,*,*,*,*,*,*,*,*,*,*
59405111,2,59405102,,13,2,11,*,*,*,*,*,*,*,*,*,*,*,*,*,*,*,*,*,*,*,*,*,*,*,*,*,*,*,*,*,*,2,1,*,*,*,*,*,*,*,*,*,*,*,*,*,*,*
59405112,0,,,37,20,17,1,0,1,35,19,16,18,10,8,35,19,16,35,19,16,17,9,8,5,3,2,3,2,1,0,0,0,0,0,0,16,16,6,5,2,1,1,1,0,10,8,2,0,12,0,5,3
59405113,0,,,77,39,38,4,3,1,72,35,37,42,21,21,72,35,37,71,35,36,30,14,16,15,6,9,4,1,3,0,0,0,0,0,0,27,27,3,10,6,5,2,1,0,24,17,7,2,19,0,2,5
59405115,0,,,20,7,13,0,0,0,20,7,13,7,2,5,19,7,12,19,7,12,13,5,8,8,3,5,1,0,1,0,0,0,0,0,0,9,9,4,1,2,2,0,0,0,5,4,1,0,8,0,3,0
59405116,0,,,64,29,35,7,4,3,57,25,32,32,15,17,55,24,31,54,24,30,25,10,15,13,3,10,8,2,6,0,0,0,0,0,0,24,24,5,8,7,2,1,0,1,19,14,5,2,16,0,5,3
59405123,1,,59405124,30,16,14,0,0,0,32,17,15,17,8,9,31,16,15,31,16,15,15,9,6,9,3,6,4,1,3,0,0,0,0,0,0,15,14,7,4,2,0,2,0,0,8,4,4,0,11,0,5,2
59405124,2,59405123,,2,1,1,*,*,*,*,*,*,*,*,*,*,*,*,*,*,*,*,*,*,*,*,*,*,*,*,*,*,*,*,*,*,1,1,*,*,*,*,*,*,*,*,*,*,*,*,*,*,*
59405130,0,,,134,62,72,10,4,6,124,58,66,68,35,33,122,58,64,120,57,63,56,23,33,28,8,20,9,1,8,1,0,1,0,0,0,48,48,10,10,19,4,2,2,1,37,23,14,4,37,0,8,2
59405131,0,,,130,30,100,2,2,0,128,28,100,15,5,10,128,28,100,128,28,100,113,23,90,99,14,85,78,9,69,16,1,15,0,0,0,16,15,2,8,4,1,0,0,0,13,11,2,1,12,0,2,5
59405134,2,59405135,,130,37,93,*,*,*,*,*,*,*,*,*,*,*,*,*,*,*,*,*,*,*,*,*,*,*,*,*,*,*,*,*,*,3,2,*,*,*,*,*,*,*,*,*,*,*,*,*,*,*
59405135,1,,59405134,43,22,21,0,0,0,173,59,114,25,11,14,173,59,114,173,59,114,148,48,100,119,32,87,68,19,49,2,1,1,0,0,0,19,19,3,12,5,1,0,0,0,18,15,3,0,14,0,0,7
59405137,2,59405138,,7,2,5,*,*,*,*,*,*,*,*,*,*,*,*,*,*,*,*,*,*,*,*,*,*,*,*,*,*,*,*,*,*,2,2,*,*,*,*,*,*,*,*,*,*,*,*,*,*,*
59405138,1,,59405137,9,4,5,3,2,1,13,4,9,11,2,9,11,4,7,11,4,7,2,2,0,0,0,0,0,0,0,0,0,0,0,0,0,4,4,1,2,1,2,0,0,0,5,5,0,0,2,0,0,0
59405140,0,,,26,13,13,1,0,1,25,13,12,13,7,6,25,13,12,25,13,12,12,6,6,6,2,4,3,0,3,0,0,0,0,0,0,11,11,3,3,3,2,0,0,0,8,6,2,1,10,0,3,2
59405145,1,,59405146,36,15,21,1,1,0,40,16,24,17,8,9,39,16,23,39,16,23,23,8,15,17,5,12,3,0,3,0,0,0,0,0,0,18,18,7,6,3,2,0,1,0,11,6,5,0,15,0,4,4
59405146,2,59405145,,6,3,3,*,*,*,*,*,*,*,*,*,*,*,*,*,*,*,*,*,*,*,*,*,*,*,*,*,*,*,*,*,*,1,1,*,*,*,*,*,*,*,*,*,*,*,*,*,*,*
59405150,0,,,96,36,60,7,2,5,87,33,54,42,17,25,86,33,53,86,33,53,45,16,29,22,6,16,8,0,8,0,0,0,0,0,0,39,39,8,18,5,4,3,1,0,30,20,10,1,30,0,4,8
59405156,0,,,34,13,21,1,1,0,33,12,21,17,7,10,33,12,21,32,11,21,16,5,11,8,2,6,2,0,2,0,0,0,0,0,0,15,15,5,3,6,0,1,0,0,10,7,3,1,12,0,4,1
59405160,0,,,56,28,28,1,0,1,54,28,26,28,16,12,54,28,26,53,28,25,26,12,14,15,7,8,4,2,2,1,0,1,0,0,0,25,25,10,7,3,2,3,0,0,14,10,4,0,18,0,6,4
59405161,0,,,27,13,14,3,2,1,18,8,10,6,4,2,18,8,10,18,8,10,12,4,8,6,1,5,1,0,1,0,0,0,0,0,0,12,12,6,3,1,0,0,2,0,5,3,2,1,9,0,4,2
59405166,0,,,41,13,28,3,0,3,38,13,25,18,7,11,36,13,23,36,13,23,20,6,14,11,2,9,4,0,4,0,0,0,0,0,0,16,16,4,6,3,1,0,2,0,12,9,3,1,13,0,2,2
59405167,0,,,49,21,28,4,2,2,45,19,26,18,8,10,45,19,26,45,19,26,27,11,16,16,3,13,5,0,5,0,0,0,0,0,0,19,19,7,6,1,2,1,0,2,12,8,4,2,19,0,7,4
59405170,0,,,17,8,9,0,0,0,17,8,9,13,7,6,16,8,8,15,7,8,4,1,3,2,0,2,1,0,1,0,0,0,0,0,0,6,6,1,2,2,0,0,1,0,5,4,1,0,2,0,1,0
59405171,1,,59405172,101,52,49,3,0,3,99,51,48,67,32,35,98,50,48,96,50,46,32,19,13,12,5,7,5,2,3,0,0,0,0,0,0,23,22,6,11,2,2,1,1,0,16,13,3,1,14,0,3,5
59405172,2,59405171,,4,2,2,*,*,*,*,*,*,*,*,*,*,*,*,*,*,*,*,*,*,*,*,*,*,*,*,*,*,*,*,*,*,1,1,*,*,*,*,*,*,*,*,*,*,*,*,*,*,*
59405407,1,,59405417,81,38,43,8,5,3,80,36,44,40,18,22,80,36,44,78,36,42,40,18,22,21,9,12,8,4,4,1,0,1,0,0,0,29,29,8,11,9,1,0,3,1,25,17,8,4,25,0,6,4
59405408,0,,,35,18,17,2,2,0,33,16,17,15,8,7,33,16,17,33,16,17,18,8,10,9,4,5,2,0,2,0,0,0,0,0,0,15,15,6,2,5,1,0,1,0,9,6,3,1,14,0,5,1
59405417,2,59405407,,7,3,4,*,*,*,*,*,*,*,*,*,*,*,*,*,*,*,*,*,*,*,*,*,*,*,*,*,*,*,*,*,*,4,4,*,*,*,*,*,*,*,*,*,*,*,*,*,*,*
59405428,1,,59405438,44,23,21,5,3,2,48,24,24,23,13,10,47,23,24,46,23,23,25,11,14,13,4,9,5,1,4,0,0,0,0,0,0,16,16,4,2,6,4,1,1,0,14,6,8,2,14,0,3,0
59405437,0,,,47,20,27,2,0,2,39,17,22,14,6,8,39,17,22,39,17,22,25,11,14,13,5,8,5,1,4,0,0,0,0,0,0,17,17,3,6,4,2,0,2,0,13,7,6,2,16,0,3,4
59405438,2,59405428,,9,4,5,*,*,*,*,*,*,*,*,*,*,*,*,*,*,*,*,*,*,*,*,*,*,*,*,*,*,*,*,*,*,2,2,*,*,*,*,*,*,*,*,*,*,*,*,*,*,*
59405447,0,,,30,14,16,4,0,4,26,14,12,11,6,5,24,13,11,23,12,11,15,8,7,5,2,3,2,0,2,0,0,0,0,0,0,9,9,2,3,1,0,1,1,1,7,3,4,0,9,0,2,2
59405456,1,,59405457,11,5,6,0,0,0,17,8,9,7,4,3,17,8,9,16,7,9,10,4,6,6,2,4,1,0,1,0,0,0,0,0,0,5,5,4,3,1,1,0,0,0,5,4,1,0,8,0,4,0
59405457,2,59405456,,6,3,3,*,*,*,*,*,*,*,*,*,*,*,*,*,*,*,*,*,*,*,*,*,*,*,*,*,*,*,*,*,*,4,4,*,*,*,*,*,*,*,*,*,*,*,*,*,*,*
59405465,2,59405466,,13,5,8,*,*,*,*,*,*,*,*,*,*,*,*,*,*,*,*,*,*,*,*,*,*,*,*,*,*,*,*,*,*,4,4,*,*,*,*,*,*,*,*,*,*,*,*,*,*,*
59405466,1,,59405465,41,18,23,8,6,2,46,17,29,21,6,15,44,17,27,43,17,26,25,11,14,19,8,11,7,2,5,0,0,0,0,0,0,16,16,7,5,2,3,2,0,1,13,8,5,1,18,0,7,3
59405475,2,59405476,,6,3,3,*,*,*,*,*,*,*,*,*,*,*,*,*,*,*,*,*,*,*,*,*,*,*,*,*,*,*,*,*,*,3,3,*,*,*,*,*,*,*,*,*,*,*,*,*,*,*
59405476,1,,59405475,52,20,32,4,1,3,54,22,32,27,11,16,53,22,31,53,22,31,27,11,16,15,4,11,5,1,4,0,0,0,0,0,0,24,24,9,12,3,2,0,0,1,18,12,6,2,22,0,8,5
59405477,0,,,14,6,8,0,0,0,14,6,8,4,2,2,14,6,8,14,6,8,10,4,6,6,2,4,3,1,2,0,0,0,0,0,0,6,6,1,3,1,1,0,0,0,5,3,2,0,6,0,1,0
59405486,0,,,53,24,29,2,1,1,51,23,28,21,9,12,51,23,28,51,23,28,30,14,16,15,6,9,6,2,4,0,0,0,0,0,0,20,20,2,9,6,1,1,1,0,18,11,7,0,18,0,2,5
59405487,0,,,29,12,17,1,0,1,28,12,16,6,3,3,28,12,16,28,12,16,22,9,13,12,4,8,5,2,3,0,0,0,0,0,0,14,14,3,8,2,1,0,0,0,11,9,2,0,13,0,2,5
59405496,0,,,54,27,27,3,2,1,51,25,26,28,14,14,49,24,25,48,23,25,23,11,12,12,4,8,7,2,5,0,0,0,0,0,0,18,18,5,4,3,1,3,1,1,13,6,7,0,15,0,3,1
59405501,0,,,15,7,8,0,0,0,15,7,8,10,5,5,15,7,8,15,7,8,5,2,3,2,0,2,0,0,0,0,0,0,0,0,0,7,7,1,5,0,1,0,0,0,6,6,0,0,4,0,1,1
59405506,2,59405507,,3,2,1,*,*,*,*,*,*,*,*,*,*,*,*,*,*,*,*,*,*,*,*,*,*,*,*,*,*,*,*,*,*,1,1,*,*,*,*,*,*,*,*,*,*,*,*,*,*,*
59405507,1,,59405506,107,58,49,7,7,0,103,53,50,50,28,22,103,53,50,102,53,49,53,25,28,30,11,19,13,4,9,0,0,0,0,0,0,45,45,11,21,6,4,2,1,1,35,24,11,2,35,3,6,9
59405508,0,,,79,41,38,3,2,1,76,39,37,44,25,19,73,38,35,69,36,33,32,14,18,13,4,9,2,0,2,0,0,0,0,0,0,41,40,18,14,5,1,0,1,1,22,19,3,0,22,2,5,6
59405514,2,59405515,,8,5,3,*,*,*,*,*,*,*,*,*,*,*,*,*,*,*,*,*,*,*,*,*,*,*,*,*,*,*,*,*,*,3,3,*,*,*,*,*,*,*,*,*,*,*,*,*,*,*
59405515,1,,59405514,119,55,64,4,0,4,123,60,63,47,24,23,121,59,62,120,58,62,76,36,40,42,19,23,19,9,10,3,2,1,1,0,1,53,53,16,22,9,7,0,2,0,40,27,13,0,50,0,13,12
59405516,0,,,37,19,18,2,1,1,35,18,17,18,10,8,35,18,17,35,18,17,17,8,9,12,5,7,4,0,4,0,0,0,0,0,0,13,13,2,5,2,2,1,1,0,11,6,5,1,10,0,1,4
59405519,0,,,11,4,7,0,0,0,11,4,7,4,1,3,11,4,7,11,4,7,7,3,4,3,1,2,2,1,1,0,0,0,0,0,0,6,6,2,3,1,0,0,0,0,4,4,0,0,5,0,2,2
59405523,2,59405524,,3,2,1,*,*,*,*,*,*,*,*,*,*,*,*,*,*,*,*,*,*,*,*,*,*,*,*,*,*,*,*,*,*,2,2,*,*,*,*,*,*,*,*,*,*,*,*,*,*,*
59405524,1,,59405523,123,55,68,5,2,3,121,55,66,44,22,22,119,53,66,119,53,66,77,33,44,40,14,26,23,6,17,3,1,2,0,0,0,55,53,15,23,12,1,1,3,0,40,28,12,2,47,0,10,11
59405525,0,,,48,21,27,3,0,3,45,21,24,19,8,11,45,21,24,44,21,23,26,13,13,12,6,6,4,2,2,0,0,0,0,0,0,20,20,6,8,4,0,0,0,2,14,10,4,0,15,0,4,5
59405532,2,59405533,,1,1,0,*,*,*,*,*,*,*,*,*,*,*,*,*,*,*,*,*,*,*,*,*,*,*,*,*,*,*,*,*,*,1,1,*,*,*,*,*,*,*,*,*,*,*,*,*,*,*
59405533,1,,59405532;59405542,70,34,36,4,2,2,79,39,40,42,22,20,79,39,40,78,39,39,37,17,20,17,9,8,9,5,4,2,1,1,0,0,0,26,26,8,9,4,3,4,1,0,21,11,10,2,20,4,1,5
59405542,2,59405533,,12,6,6,*,*,*,*,*,*,*,*,*,*,*,*,*,*,*,*,*,*,*,*,*,*,*,*,*,*,*,*,*,*,3,2,*,*,*,*,*,*,*,*,*,*,*,*,*,*,*
59405610,2,59405631,,7,3,4,*,*,*,*,*,*,*,*,*,*,*,*,*,*,*,*,*,*,*,*,*,*,*,*,*,*,*,*,*,*,4,4,*,*,*,*,*,*,*,*,*,*,*,*,*,*,*
59405631,1,,59405610,9,4,5,0,0,0,16,7,9,7,3,4,16,7,9,16,7,9,9,4,5,3,1,2,0,0,0,0,0,0,0,0,0,6,6,4,6,0,0,0,0,0,6,6,0,0,5,1,1,4
59405705,0,,,22,9,13,3,0,3,19,9,10,9,5,4,19,9,10,19,9,10,10,4,6,4,1,3,1,0,1,0,0,0,0,0,0,7,7,0,2,3,1,1,0,0,7,4,3,1,5,0,0,1
59405706,1,,59405716,66,35,31,6,5,1,68,34,34,33,16,17,66,34,32,64,33,31,35,18,17,10,5,5,7,3,4,0,0,0,0,0,0,19,19,5,6,3,3,3,1,2,18,8,10,1,21,0,4,2
59405707,2,59405717,,7,3,4,*,*,*,*,*,*,*,*,*,*,*,*,*,*,*,*,*,*,*,*,*,*,*,*,*,*,*,*,*,*,2,2,*,*,*,*,*,*,*,*,*,*,*,*,*,*,*
59405708,1,,59405709,48,26,22,5,2,3,45,25,20,36,22,14,44,24,20,44,24,20,9,3,6,4,1,3,3,1,2,0,0,0,0,0,0,14,14,3,3,2,5,0,1,1,12,8,4,2,7,0,2,0
59405709,2,59405708,,2,1,1,*,*,*,*,*,*,*,*,*,*,*,*,*,*,*,*,*,*,*,*,*,*,*,*,*,*,*,*,*,*,1,1,*,*,*,*,*,*,*,*,*,*,*,*,*,*,*
59405715,0,,,95,49,46,5,2,3,90,47,43,48,27,21,89,46,43,89,46,43,42,20,22,20,7,13,6,3,3,0,0,0,0,0,0,29,29,5,5,5,8,4,1,1,24,10,14,1,27,0,4,1
59405716,2,59405706,,8,4,4,*,*,*,*,*,*,*,*,*,*,*,*,*,*,*,*,*,*,*,*,*,*,*,*,*,*,*,*,*,*,4,4,*,*,*,*,*,*,*,*,*,*,*,*,*,*,*
59405717,1,,59405707,64,30,34,7,1,6,64,32,32,36,19,17,62,32,30,62,32,30,28,13,15,15,6,9,6,2,4,1,0,1,0,0,0,20,20,4,4,7,3,0,2,2,18,9,9,0,15,0,1,1
59405718,0,,,44,20,24,5,1,4,39,19,20,17,8,9,39,19,20,39,19,20,22,11,11,12,6,6,3,2,1,0,0,0,0,0,0,17,17,2,7,5,2,1,0,0,15,12,3,1,13,0,2,4
59405725,1,,59405735,66,30,36,0,0,0,79,32,47,51,21,30,78,32,46,74,31,43,28,11,17,18,6,12,8,2,6,0,0,0,1,0,1,25,25,14,3,8,5,3,0,0,19,11,8,0,20,5,4,1
59405726,0,,,100,49,51,8,4,4,92,45,47,43,24,19,91,45,46,91,45,46,49,21,28,22,11,11,11,4,7,0,0,0,0,0,0,32,32,4,9,8,4,5,1,1,27,17,10,2,27,0,3,5
59405727,0,,,13,7,6,0,0,0,13,7,6,7,4,3,13,7,6,13,7,6,6,3,3,3,1,2,3,1,2,1,1,0,0,0,0,6,6,2,2,1,1,0,0,0,4,3,1,0,4,0,1,0
59405728,0,,,42,24,18,11,7,4,31,17,14,24,12,12,31,17,14,31,17,14,7,5,2,4,2,2,1,1,0,0,0,0,0,0,0,13,13,5,0,2,2,2,1,1,8,5,3,4,5,1,1,0
59405735,2,59405725,,13,2,11,*,*,*,*,*,*,*,*,*,*,*,*,*,*,*,*,*,*,*,*,*,*,*,*,*,*,*,*,*,*,8,8,*,*,*,*,*,*,*,*,*,*,*,*,*,*,*
59405736,1,,59405745,65,32,33,8,5,3,69,32,37,31,14,17,69,32,37,69,32,37,38,18,20,21,9,12,10,4,6,0,0,0,0,0,0,24,24,9,4,4,6,1,2,1,18,9,9,1,23,0,7,4
59405737,0,,,17,8,9,0,0,0,17,8,9,10,5,5,17,8,9,17,8,9,7,3,4,4,2,2,2,1,1,0,0,0,0,0,0,9,9,4,3,1,1,0,0,0,5,4,1,0,6,0,2,1
59405738,0,,,41,20,21,5,3,2,36,17,19,20,11,9,35,17,18,35,17,18,16,6,10,5,1,4,2,0,2,0,0,0,0,0,0,13,13,1,5,1,3,3,0,0,12,7,5,1,11,0,1,1
59405745,2,59405736,,12,5,7,*,*,*,*,*,*,*,*,*,*,*,*,*,*,*,*,*,*,*,*,*,*,*,*,*,*,*,*,*,*,3,3,*,*,*,*,*,*,*,*,*,*,*,*,*,*,*
59405747,1,,59405748,30,17,13,3,3,0,29,15,14,12,8,4,29,15,14,29,15,14,17,7,10,9,3,6,3,0,3,0,0,0,0,0,0,11,11,1,5,4,1,1,0,0,11,9,2,1,10,0,1,1
59405748,2,59405747,,2,1,1,*,*,*,*,*,*,*,*,*,*,*,*,*,*,*,*,*,*,*,*,*,*,*,*,*,*,*,*,*,*,1,1,*,*,*,*,*,*,*,*,*,*,*,*,*,*,*
59405755,2,59405766,,5,2,3,*,*,*,*,*,*,*,*,*,*,*,*,*,*,*,*,*,*,*,*,*,*,*,*,*,*,*,*,*,*,3,3,*,*,*,*,*,*,*,*,*,*,*,*,*,*,*
59405757,0,,,11,7,4,2,2,0,9,5,4,5,2,3,9,5,4,9,5,4,4,3,1,1,0,1,1,0,1,0,0,0,0,0,0,5,5,3,0,0,2,0,0,0,2,2,0,1,4,0,3,0
59405765,2,59405766,,9,7,2,*,*,*,*,*,*,*,*,*,*,*,*,*,*,*,*,*,*,*,*,*,*,*,*,*,*,*,*,*,*,3,3,*,*,*,*,*,*,*,*,*,*,*,*,*,*,*
59405766,1,,59405755;59405765;59405776,8,5,3,4,4,0,26,16,10,18,12,6,26,16,10,26,16,10,8,4,4,4,2,2,0,0,0,0,0,0,1,1,0,3,3,10,5,0,1,0,1,0,7,7,0,0,5,8,1,3
59405775,0,,,16,9,7,2,1,1,14,8,6,12,6,6,14,8,6,14,8,6,2,2,0,0,0,0,0,0,0,0,0,0,0,0,0,9,9,4,3,2,0,0,0,0,5,5,0,1,2,1,1,0
59405776,2,59405766,,8,6,2,*,*,*,*,*,*,*,*,*,*,*,*,*,*,*,*,*,*,*,*,*,*,*,*,*,*,*,*,*,*,8,8,*,*,*,*,*,*,*,*,*,*,*,*,*,*,*
59406001,0,,,173,83,90,11,4,7,161,78,83,114,56,58,157,76,81,154,74,80,47,22,25,16,7,9,1,0,1,0,0,0,0,0,0,72,72,10,36,16,8,1,1,0,62,55,7,4,31,0,5,14
59406002,0,,,1637,811,826,179,93,86,1457,717,740,952,493,459,1409,685,724,1384,675,709,505,224,281,203,84,119,39,16,23,2,0,2,0,0,0,653,653,144,239,130,90,37,11,2,501,423,78,38,333,0,78,105
59406003,0,,,92,39,53,4,1,3,86,37,49,40,20,20,84,35,49,81,35,46,46,17,29,32,11,21,22,8,14,5,2,3,0,0,0,29,28,5,14,6,1,1,1,0,22,18,4,3,14,0,3,5
59406004,0,,,210,92,118,16,9,7,186,79,107,102,46,56,178,76,102,175,76,99,84,33,51,31,9,22,8,2,6,0,0,0,0,0,0,85,85,29,21,16,9,6,3,1,54,38,16,5,60,0,20,11
59406005,0,,,114,51,63,15,9,6,99,42,57,54,28,26,97,42,55,96,41,55,45,14,31,22,4,18,8,0,8,0,0,0,0,0,0,40,40,8,13,11,2,1,2,3,32,24,8,7,32,0,7,5
59406006,0,,,117,60,57,7,4,3,110,56,54,53,30,23,109,56,53,109,56,53,57,26,31,25,10,15,10,4,6,0,0,0,0,0,0,48,48,9,22,8,6,2,1,0,37,28,9,2,38,0,5,13
59406008,0,,,121,58,63,4,1,3,117,57,60,50,28,22,115,57,58,114,57,57,67,29,38,35,13,22,19,6,13,2,0,2,0,0,0,52,52,19,14,7,9,2,0,1,32,21,11,0,46,0,15,9
59406009,0,,,16,6,10,0,0,0,16,6,10,8,4,4,16,6,10,16,6,10,8,2,6,4,1,3,2,0,2,0,0,0,0,0,0,6,6,0,4,0,2,0,0,0,6,3,3,0,6,0,0,2
59406011,0,,,317,152,165,18,11,7,298,141,157,176,94,82,288,133,155,286,133,153,122,47,75,65,23,42,20,5,15,1,0,1,0,0,0,123,123,25,44,24,21,7,1,1,98,71,27,3,82,0,20,16
59406012,0,,,1106,551,555,115,72,43,989,477,512,603,298,305,956,461,495,943,454,489,386,179,207,174,74,100,53,19,34,1,0,1,0,0,0,437,436,89,160,101,60,23,2,1,346,308,38,26,239,0,55,76
59406013,0,,,261,91,170,14,10,4,247,81,166,82,43,39,246,80,166,243,79,164,165,38,127,121,19,102,75,9,66,14,1,13,0,0,0,63,60,13,15,17,9,4,2,0,47,30,17,5,48,0,11,5
59406014,0,,,104,45,59,12,5,7,92,40,52,46,23,23,89,39,50,86,37,49,46,17,29,20,5,15,5,1,4,0,0,0,1,0,1,40,40,9,13,8,6,3,1,0,31,26,5,2,32,0,9,9
59406015,0,,,207,92,115,10,5,5,197,87,110,113,54,59,189,82,107,185,81,104,84,33,51,51,16,35,22,6,16,0,0,0,0,0,0,71,71,14,17,18,12,6,2,2,57,28,29,1,58,0,10,11
59406017,2,59406026,,2,1,1,*,*,*,*,*,*,*,*,*,*,*,*,*,*,*,*,*,*,*,*,*,*,*,*,*,*,*,*,*,*,1,1,*,*,*,*,*,*,*,*,*,*,*,*,*,*,*
59406019,0,,,12,8,4,0,0,0,12,8,4,5,4,1,12,8,4,12,8,4,7,4,3,7,4,3,0,0,0,0,0,0,0,0,0,4,4,1,1,1,0,0,1,0,3,2,1,0,4,0,1,1
59406020,0,,,25,9,16,0,0,0,25,9,16,0,0,0,25,9,16,25,9,16,25,9,16,23,7,16,17,3,14,3,0,3,0,0,0,1,0,0,0,0,0,0,0,0,0,0,0,0,0,0,0,0
59406021,0,,,316,152,164,38,17,21,277,134,143,197,99,98,265,129,136,257,126,131,80,35,45,36,16,20,10,4,6,0,0,0,1,0,1,129,129,33,47,20,20,7,1,1,95,82,13,12,53,1,13,11
59406022,0,,,448,197,251,31,11,20,416,186,230,166,88,78,410,182,228,403,177,226,250,98,152,174,57,117,95,20,75,16,3,13,0,0,0,74,72,14,25,14,14,5,0,0,58,55,3,7,22,1,5,7
59406023,0,,,245,121,124,13,5,8,232,116,116,113,55,58,230,115,115,228,114,114,119,61,58,49,22,27,15,5,10,0,0,0,1,0,1,102,102,27,36,22,10,3,3,1,74,55,19,3,83,0,23,21
59406024,0,,,273,133,140,22,12,10,249,120,129,156,83,73,246,119,127,244,117,127,93,37,56,50,17,33,16,2,14,1,0,1,0,0,0,113,113,24,43,30,9,5,2,0,88,71,17,9,62,1,12,14
59406025,0,,,74,33,41,8,4,4,66,29,37,38,19,19,62,27,35,61,27,34,28,10,18,16,4,12,5,1,4,0,0,0,0,0,0,25,25,5,7,5,4,1,2,1,20,11,9,2,19,0,3,2
59406026,1,,59406017,70,31,39,2,1,1,70,31,39,32,16,16,68,30,38,68,30,38,38,15,23,17,5,12,8,2,6,0,0,0,0,0,0,32,32,11,13,4,3,1,1,0,22,14,8,0,29,0,10,4
59406027,0,,,12,5,7,0,0,0,12,5,7,7,4,3,12,5,7,12,5,7,5,1,4,4,1,3,2,0,2,0,0,0,0,0,0,5,5,1,2,1,1,0,0,0,4,2,2,0,4,0,0,1
59406029,0,,,28,12,16,2,1,1,26,11,15,7,3,4,26,11,15,26,11,15,19,8,11,3,1,2,1,0,1,0,0,0,0,0,0,13,13,4,6,2,0,0,1,0,9,7,2,1,13,0,4,5
59406030,0,,,616,273,343,59,33,26,547,233,314,319,162,157,525,222,303,517,218,299,228,71,157,145,33,112,77,12,65,12,1,11,22,12,10,249,244,108,60,34,25,13,4,0,135,114,21,20,90,20,25,27
59406031,0,,,484,188,296,31,19,12,450,167,283,176,90,86,441,164,277,433,159,274,274,77,197,196,42,154,135,22,113,26,1,25,1,1,0,145,143,46,52,22,14,4,4,1,94,79,15,8,81,2,22,22
59406032,0,,,337,160,177,32,12,20,304,147,157,203,104,99,285,134,151,278,130,148,101,43,58,42,16,26,6,1,5,0,0,0,0,0,0,132,132,27,49,29,17,4,5,1,104,81,23,13,73,0,14,16
59406033,0,,,497,236,261,37,19,18,460,217,243,250,127,123,446,209,237,437,201,236,210,90,120,98,37,61,29,10,19,0,0,0,0,0,0,189,189,44,56,44,28,10,3,4,145,100,45,8,140,0,30,32
59406034,0,,,701,329,372,46,22,24,654,307,347,374,198,176,639,296,343,631,290,341,280,109,171,162,56,106,39,9,30,0,0,0,1,0,1,288,288,83,87,57,41,13,5,2,203,158,45,14,200,2,59,32
59406035,0,,,633,300,333,72,41,31,559,257,302,363,179,184,545,249,296,536,244,292,196,78,118,102,38,64,31,14,17,0,0,0,0,0,0,247,247,48,87,56,41,11,4,0,197,164,33,21,132,2,28,36
59406036,0,,,241,105,136,22,9,13,219,96,123,120,56,64,213,95,118,212,95,117,99,40,59,51,16,35,13,5,8,1,0,1,0,0,0,85,85,17,28,19,10,3,4,4,67,46,21,5,68,1,11,15
59406037,0,,,139,62,77,8,1,7,131,61,70,62,34,28,129,60,69,129,60,69,69,27,42,40,15,25,7,2,5,1,0,1,0,0,0,55,55,12,20,13,6,2,0,2,43,30,13,2,45,0,8,12
59406038,0,,,29,14,15,2,1,1,27,13,14,12,8,4,26,12,14,26,12,14,15,5,10,7,2,5,3,0,3,0,0,0,0,0,0,11,11,2,5,2,0,1,1,0,9,6,3,0,9,0,1,3
59406039,0,,,120,52,68,9,7,2,111,45,66,46,20,26,109,44,65,108,43,65,65,25,40,34,12,22,10,2,8,0,0,0,0,0,0,48,48,12,16,13,4,0,1,2,36,21,15,0,43,0,11,10
59406040,0,,,712,335,377,51,25,26,658,307,351,389,187,202,642,299,343,623,290,333,269,120,149,107,42,65,32,9,23,1,0,1,3,2,1,275,275,54,103,57,35,19,4,3,218,171,47,16,181,1,32,47
59406041,0,,,73,42,31,5,3,2,68,39,29,45,28,17,64,35,29,64,35,29,23,11,12,10,6,4,1,0,1,0,0,0,0,0,0,28,28,6,8,7,5,2,0,0,22,16,6,0,16,0,4,1
59406042,0,,,483,231,252,15,8,7,467,223,244,245,119,126,457,218,239,451,216,235,222,104,118,98,45,53,21,7,14,1,0,1,0,0,0,171,171,34,50,40,20,15,10,2,137,87,50,3,145,0,25,27
59406044,0,,,1164,515,649,109,49,60,1047,461,586,529,261,268,1026,449,577,1015,445,570,518,200,318,319,98,221,165,44,121,20,2,18,0,0,0,391,383,87,120,77,73,22,3,1,296,234,62,27,236,1,55,62
59406045,0,,,1415,645,770,137,74,63,1269,565,704,690,349,341,1234,543,691,1213,534,679,579,216,363,328,114,214,136,35,101,18,4,14,4,3,1,537,535,137,170,120,63,30,10,5,391,313,78,40,337,3,93,78
59406046,0,,,148,71,77,9,5,4,138,65,73,66,30,36,136,64,72,134,64,70,72,35,37,31,10,21,12,3,9,2,1,1,0,0,0,53,53,8,23,9,6,2,2,3,45,31,14,3,42,0,6,10
59406047,0,,,33,17,16,0,0,0,33,17,16,14,7,7,33,17,16,32,17,15,19,10,9,13,8,5,2,2,0,1,1,0,0,0,0,10,10,0,2,5,1,2,0,0,10,6,4,0,10,0,0,2
59406048,0,,,28,14,14,1,0,1,27,14,13,14,8,6,27,14,13,25,13,12,13,6,7,6,2,4,5,2,3,0,0,0,0,0,0,8,8,1,1,3,1,1,0,1,7,3,4,1,8,0,1,0
59406050,0,,,74,32,42,10,4,6,61,25,36,43,20,23,59,25,34,59,25,34,18,5,13,5,1,4,1,0,1,0,0,0,3,3,0,30,30,9,10,5,4,0,1,1,21,14,7,4,15,0,4,1
59406051,1,,59406061;59406062,41,21,20,4,2,2,45,22,23,20,11,9,45,22,23,45,22,23,25,11,14,13,5,8,5,2,3,0,0,0,0,0,0,17,17,6,9,2,3,0,0,1,15,12,3,0,17,0,5,5
59406055,1,,59406056,836,392,444,68,38,30,771,355,416,442,221,221,746,338,408,733,331,402,329,134,195,164,50,114,52,10,42,6,0,6,0,0,0,316,316,66,107,63,47,24,7,3,250,164,86,18,222,0,46,49
59406056,2,59406055,,5,3,2,*,*,*,*,*,*,*,*,*,*,*,*,*,*,*,*,*,*,*,*,*,*,*,*,*,*,*,*,*,*,1,1,*,*,*,*,*,*,*,*,*,*,*,*,*,*,*
59406058,1,,59406068,34,15,19,3,2,1,35,15,20,19,8,11,34,15,19,34,15,19,16,7,9,6,2,4,3,1,2,0,0,0,0,0,0,10,10,2,5,1,2,0,0,2,10,7,3,1,10,0,0,2
59406060,0,,,267,124,143,18,7,11,249,117,132,133,63,70,240,114,126,234,111,123,116,54,62,50,21,29,16,7,9,0,0,0,0,0,0,101,101,25,29,23,10,11,2,1,76,50,26,6,79,0,21,18
59406061,2,59406051,,5,3,2,*,*,*,*,*,*,*,*,*,*,*,*,*,*,*,*,*,*,*,*,*,*,*,*,*,*,*,*,*,*,2,2,*,*,*,*,*,*,*,*,*,*,*,*,*,*,*
59406062,2,59406051,,3,0,3,*,*,*,*,*,*,*,*,*,*,*,*,*,*,*,*,*,*,*,*,*,*,*,*,*,*,*,*,*,*,2,2,*,*,*,*,*,*,*,*,*,*,*,*,*,*,*
59406065,0,,,312,138,174,24,9,15,288,129,159,138,69,69,277,124,153,272,121,151,150,60,90,83,30,53,24,8,16,4,0,4,1,0,1,101,100,19,27,19,20,6,3,6,81,44,37,4,85,0,13,16
59406066,0,,,342,154,188,33,15,18,309,139,170,150,71,79,305,136,169,304,136,168,159,68,91,71,22,49,32,10,22,0,0,0,1,0,1,137,137,37,44,35,7,8,3,3,100,74,26,9,104,0,29,25
59406068,2,59406058,,4,2,2,*,*,*,*,*,*,*,*,*,*,*,*,*,*,*,*,*,*,*,*,*,*,*,*,*,*,*,*,*,*,2,2,*,*,*,*,*,*,*,*,*,*,*,*,*,*,*
59406070,0,,,283,139,144,20,11,9,263,128,135,143,79,64,261,127,134,259,127,132,120,49,71,60,22,38,17,4,13,0,0,0,0,0,0,117,117,35,35,22,19,2,3,1,81,56,25,6,84,1,25,15
59406075,0,,,307,144,163,24,12,12,282,131,151,156,75,81,270,126,144,265,122,143,126,56,70,64,24,40,33,12,21,3,2,1,0,0,0,103,102,25,19,33,9,7,6,3,77,52,25,5,67,0,14,9
59406076,0,,,735,331,404,64,33,31,669,296,373,385,183,202,654,289,365,647,289,358,284,113,171,151,48,103,52,14,38,2,1,1,5,3,2,299,299,84,97,54,36,19,7,2,214,151,63,19,196,2,51,48
59406077,2,59406088,,2,1,1,*,*,*,*,*,*,*,*,*,*,*,*,*,*,*,*,*,*,*,*,*,*,*,*,*,*,*,*,*,*,1,1,*,*,*,*,*,*,*,*,*,*,*,*,*,*,*
59406078,0,,,38,12,26,0,0,0,38,12,26,16,6,10,36,12,24,36,12,24,22,6,16,18,4,14,9,2,7,1,1,0,0,0,0,11,10,1,4,2,1,2,0,0,9,6,3,0,7,0,0,3
59406079,0,,,261,121,140,6,4,2,255,117,138,102,58,44,253,117,136,251,117,134,153,59,94,98,29,69,64,17,47,13,2,11,0,0,0,41,39,8,11,6,7,3,4,0,31,16,15,3,34,0,8,9
59406080,0,,,158,74,84,7,2,5,151,72,79,73,37,36,148,70,78,146,70,76,78,35,43,40,20,20,7,3,4,0,0,0,0,0,0,61,61,7,31,13,5,2,2,1,54,41,13,1,51,0,7,15
59406085,0,,,201,101,100,21,14,7,180,87,93,121,61,60,174,84,90,171,82,89,59,26,33,33,10,23,13,3,10,1,0,1,0,0,0,73,72,16,21,15,12,7,1,0,56,42,14,5,36,1,11,9
59406086,0,,,504,236,268,59,31,28,445,205,240,263,132,131,428,198,230,419,193,226,182,73,109,99,32,67,55,13,42,9,2,7,0,0,0,178,177,46,57,31,26,11,3,3,130,101,29,12,88,4,20,25
59406087,0,,,91,42,49,14,6,8,77,36,41,42,21,21,75,35,40,75,35,40,35,15,20,9,3,6,2,1,1,0,0,0,0,0,0,35,35,9,13,6,1,3,2,1,26,19,7,4,25,0,7,9
59406088,1,,59406077,152,76,76,10,4,6,144,73,71,75,44,31,141,71,70,140,71,69,69,29,40,34,15,19,9,3,6,0,0,0,1,0,1,56,56,8,27,9,6,4,1,2,49,36,13,1,43,0,5,13
59406089,0,,,200,95,105,16,10,6,184,85,99,97,47,50,182,84,98,179,81,98,87,38,49,43,14,29,20,6,14,2,1,1,0,0,0,69,69,17,17,9,16,5,2,3,52,29,23,4,54,0,14,8
59406095,0,,,246,128,118,13,6,7,229,118,111,152,83,69,223,116,107,220,114,106,77,35,42,32,15,17,12,5,7,0,0,0,0,0,0,85,85,14,24,24,10,9,2,2,68,47,21,2,48,0,6,9
59406096,0,,,1163,500,663,117,58,59,1042,441,601,583,274,309,999,421,578,980,414,566,459,167,292,277,85,192,110,26,84,9,1,8,5,3,2,381,380,80,100,95,56,27,15,7,298,213,85,30,248,2,57,47
59406097,0,,,306,150,156,18,9,9,288,141,147,163,86,77,277,138,139,270,136,134,125,55,70,53,18,35,19,7,12,0,0,0,0,0,0,108,108,18,32,27,19,7,3,2,90,62,28,5,81,0,11,19
59406098,0,,,335,167,168,26,14,12,309,153,156,154,82,72,302,149,153,299,147,152,155,71,84,72,31,41,32,10,22,6,1,5,0,0,0,121,121,22,39,30,14,10,3,3,99,59,40,6,91,0,14,22
59406120,0,,,61,27,34,4,3,1,57,24,33,28,13,15,57,24,33,56,24,32,29,11,18,20,6,14,7,1,6,1,0,1,0,0,0,24,24,6,9,4,3,1,0,1,18,12,6,1,19,0,4,4
59406142,0,,,28,17,11,0,0,0,28,17,11,14,11,3,28,17,11,27,16,11,14,6,8,11,5,6,1,0,1,0,0,0,0,0,0,12,12,2,6,2,2,0,0,0,10,9,1,0,9,0,1,3
59406159,2,59406196,,5,2,3,*,*,*,*,*,*,*,*,*,*,*,*,*,*,*,*,*,*,*,*,*,*,*,*,*,*,*,*,*,*,2,2,*,*,*,*,*,*,*,*,*,*,*,*,*,*,*
59406160,0,,,46,17,29,0,0,0,46,17,29,24,9,15,46,17,29,45,17,28,22,8,14,16,5,11,5,2,3,0,0,0,0,0,0,17,17,3,5,4,4,1,0,0,14,7,7,0,15,0,2,3
59406161,0,,,136,66,70,5,1,4,129,64,65,59,30,29,125,63,62,122,62,60,70,34,36,37,17,20,15,7,8,1,0,1,0,0,0,52,52,14,17,10,2,5,3,1,37,23,14,1,46,0,11,11
59406169,2,59406196,,5,1,4,*,*,*,*,*,*,*,*,*,*,*,*,*,*,*,*,*,*,*,*,*,*,*,*,*,*,*,*,*,*,1,1,*,*,*,*,*,*,*,*,*,*,*,*,*,*,*
59406170,1,,59406171;59406181,73,38,35,7,7,0,76,38,38,38,22,16,75,37,38,74,36,38,38,16,22,14,5,9,3,1,2,0,0,0,0,0,0,26,26,7,7,7,6,2,0,1,23,14,9,0,26,0,6,5
59406171,2,59406170,,9,6,3,*,*,*,*,*,*,*,*,*,*,*,*,*,*,*,*,*,*,*,*,*,*,*,*,*,*,*,*,*,*,3,3,*,*,*,*,*,*,*,*,*,*,*,*,*,*,*
59406180,0,,,80,36,44,2,1,1,78,35,43,37,16,21,77,35,42,75,34,41,41,19,22,20,8,12,10,3,7,1,0,1,0,0,0,29,29,7,7,8,3,2,1,1,22,14,8,0,26,0,6,3
59406181,2,59406170,,1,1,0,*,*,*,*,*,*,*,*,*,*,*,*,*,*,*,*,*,*,*,*,*,*,*,*,*,*,*,*,*,*,1,1,*,*,*,*,*,*,*,*,*,*,*,*,*,*,*
59406183,0,,,17,8,9,1,0,1,16,8,8,7,3,4,16,8,8,16,8,8,9,5,4,4,2,2,2,2,0,0,0,0,0,0,0,6,6,1,2,0,3,0,0,0,5,2,3,0,4,0,0,2
59406184,0,,,41,19,22,0,0,0,41,19,22,9,4,5,41,19,22,41,19,22,32,15,17,13,6,7,5,3,2,0,0,0,0,0,0,19,19,5,8,4,2,0,0,0,14,12,2,0,19,0,5,7
59406185,0,,,31,15,16,1,0,1,30,15,15,15,8,7,29,14,15,28,13,15,15,7,8,5,2,3,1,0,1,0,0,0,0,0,0,10,10,1,4,2,2,0,0,1,9,6,3,1,8,0,1,2
59406192,0,,,50,24,26,8,4,4,42,20,22,23,12,11,41,19,22,41,19,22,19,8,11,12,6,6,5,2,3,1,1,0,0,0,0,17,17,3,5,4,3,0,1,1,14,6,8,2,13,0,3,2
59406193,0,,,90,40,50,7,4,3,83,36,47,41,17,24,82,36,46,82,36,46,42,19,23,24,9,15,9,3,6,0,0,0,0,0,0,32,32,5,13,9,1,1,0,3,27,18,9,2,29,0,5,8
59406194,0,,,144,65,79,9,2,7,135,63,72,49,20,29,134,62,72,134,62,72,86,43,43,36,19,17,9,4,5,0,0,0,0,0,0,57,57,13,24,11,2,3,2,2,44,32,12,1,52,0,12,19
59406196,1,,59406159;59406169,19,9,10,1,0,1,28,12,16,12,6,6,28,12,16,28,12,16,16,6,10,14,4,10,3,2,1,0,0,0,1,0,1,9,9,2,6,2,1,1,0,0,10,6,4,0,11,0,1,4
59406197,0,,,44,24,20,3,3,0,41,21,20,19,13,6,40,20,20,40,20,20,22,8,14,14,3,11,6,2,4,1,0,1,0,0,0,22,22,9,8,3,1,0,1,0,13,10,3,0,17,0,7,2
59406199,0,,,43,19,24,1,0,1,42,19,23,11,5,6,42,19,23,42,19,23,31,14,17,18,6,12,11,4,7,0,0,0,0,0,0,21,21,6,10,3,2,0,0,0,15,11,4,0,20,0,6,6
59406376,0,,,135,65,70,15,13,2,120,52,68,55,27,28,119,51,68,117,51,66,65,25,40,47,17,30,20,8,12,0,0,0,0,0,0,58,58,16,24,9,5,2,0,2,42,32,10,2,43,1,11,13
59406377,1,,59406387,8,4,4,1,1,0,20,10,10,5,3,2,20,10,10,19,9,10,15,7,8,4,1,3,3,0,3,0,0,0,0,0,0,5,5,2,3,1,1,0,1,0,6,4,2,0,8,0,2,2
59406385,0,,,77,40,37,0,0,0,77,40,37,30,19,11,77,40,37,77,40,37,47,21,26,29,13,16,9,4,5,0,0,0,0,0,0,37,37,11,16,7,2,1,0,0,26,22,4,0,32,1,8,8
59406386,0,,,281,130,151,16,10,6,265,120,145,101,56,45,261,118,143,261,118,143,164,64,100,112,41,71,68,19,49,18,3,15,0,0,0,101,100,30,36,18,10,3,2,1,70,53,17,1,73,2,21,21
59406387,2,59406377,,13,7,6,*,*,*,*,*,*,*,*,*,*,*,*,*,*,*,*,*,*,*,*,*,*,*,*,*,*,*,*,*,*,3,3,*,*,*,*,*,*,*,*,*,*,*,*,*,*,*
59406395,1,,59406396,60,28,32,1,0,1,69,35,34,30,20,10,69,35,34,69,35,34,39,15,24,22,8,14,5,1,4,0,0,0,0,0,0,28,28,11,13,7,3,0,0,0,23,16,7,0,28,0,9,6
59406396,2,59406395,,10,7,3,*,*,*,*,*,*,*,*,*,*,*,*,*,*,*,*,*,*,*,*,*,*,*,*,*,*,*,*,*,*,6,6,*,*,*,*,*,*,*,*,*,*,*,*,*,*,*
59406398,2,59406399,,2,1,1,*,*,*,*,*,*,*,*,*,*,*,*,*,*,*,*,*,*,*,*,*,*,*,*,*,*,*,*,*,*,1,1,*,*,*,*,*,*,*,*,*,*,*,*,*,*,*
59406399,1,,59406398,26,11,15,1,0,1,27,12,15,7,2,5,27,12,15,27,12,15,20,10,10,4,2,2,1,0,1,0,0,0,1,0,1,14,14,5,7,3,0,0,0,0,10,9,1,0,14,0,5,4
59406406,0,,,25,12,13,0,0,0,25,12,13,11,6,5,25,12,13,25,12,13,14,6,8,9,4,5,5,3,2,0,0,0,1,0,1,11,11,3,4,3,0,1,0,0,8,5,3,0,9,0,3,1
59406416,0,,,22,12,10,2,1,1,20,11,9,9,5,4,19,10,9,19,10,9,11,6,5,3,1,2,3,1,2,0,0,0,0,0,0,10,10,5,1,2,1,1,0,0,5,3,2,1,7,0,3,1
59406426,0,,,22,11,11,1,0,1,21,11,10,12,7,5,20,10,10,20,10,10,9,4,5,5,2,3,3,1,2,0,0,0,0,0,0,10,10,4,4,0,1,0,1,0,6,3,3,0,6,0,2,1
59406435,0,,,12,5,7,0,0,0,12,5,7,7,4,3,12,5,7,12,5,7,5,1,4,5,1,4,2,1,1,0,0,0,0,0,0,6,6,3,1,1,1,0,0,0,3,2,1,0,4,0,1,0
59406436,0,,,32,16,16,1,0,1,31,16,15,19,10,9,30,16,14,30,16,14,12,6,6,7,2,5,3,1,2,0,0,0,0,0,0,13,13,5,4,1,0,2,1,0,8,5,3,0,10,0,4,3
59406490,0,,,12,6,6,0,0,0,12,6,6,0,0,0,12,6,6,12,6,6,12,6,6,6,2,4,5,2,3,0,0,0,0,0,0,5,5,0,3,2,0,0,0,0,5,4,1,0,5,0,0,2
59406743,2,59406744,,6,3,3,*,*,*,*,*,*,*,*,*,*,*,*,*,*,*,*,*,*,*,*,*,*,*,*,*,*,*,*,*,*,3,3,*,*,*,*,*,*,*,*,*,*,*,*,*,*,*
59406744,1,,59406743,7,2,5,0,0,0,13,5,8,6,2,4,13,5,8,12,5,7,7,3,4,2,1,1,1,0,1,1,0,1,0,0,0,5,5,5,1,2,0,0,0,0,3,3,0,0,5,1,2,1
59406777,0,,,53,22,31,5,1,4,48,21,27,28,12,16,48,21,27,47,21,26,20,9,11,8,5,3,3,2,1,0,0,0,0,0,0,29,29,12,12,3,2,0,0,0,17,16,1,2,14,0,4,6
59406778,0,,,97,47,50,7,3,4,90,44,46,39,17,22,88,44,44,88,44,44,51,27,24,22,10,12,3,1,2,1,1,0,2,2,0,51,51,19,23,5,3,1,0,0,29,26,3,3,36,1,12,15
59406787,0,,,77,34,43,2,1,1,75,33,42,27,12,15,74,33,41,74,33,41,48,21,27,30,14,16,8,5,3,0,0,0,1,1,0,41,41,16,18,5,1,0,1,0,25,23,2,0,34,0,13,10
59406788,1,,59406797,149,79,70,16,11,5,138,71,67,63,37,26,136,70,66,134,69,65,75,34,41,30,13,17,8,5,3,0,0,0,0,0,0,68,68,27,24,12,1,3,0,3,42,35,7,2,49,2,14,15
59406789,0,,,47,23,24,3,1,2,44,22,22,26,13,13,43,22,21,42,22,20,18,9,9,8,4,4,2,1,1,1,1,0,0,0,0,22,22,8,7,4,2,1,0,0,14,12,2,1,12,0,5,2
59406797,2,59406788,,5,3,2,*,*,*,*,*,*,*,*,*,*,*,*,*,*,*,*,*,*,*,*,*,*,*,*,*,*,*,*,*,*,2,2,*,*,*,*,*,*,*,*,*,*,*,*,*,*,*
59406798,0,,,489,203,286,28,15,13,461,188,273,170,86,84,446,181,265,443,179,264,291,102,189,203,65,138,123,28,95,9,1,8,0,0,0,150,147,52,49,25,11,6,2,2,94,73,21,6,96,3,34,18
59407005,0,,,432,210,222,30,16,14,386,187,199,210,111,99,379,182,197,376,179,197,176,76,100,92,34,58,40,11,29,0,0,0,0,0,0,151,151,22,46,41,26,7,7,2,125,81,44,9,106,1,12,28
59407006,0,,,136,77,59,21,15,6,115,62,53,92,53,39,108,57,51,103,52,51,23,9,14,11,5,6,3,1,2,0,0,0,0,0,0,51,51,11,14,11,11,4,0,0,39,35,4,2,17,1,7,4
59407007,0,,,205,96,109,11,9,2,194,87,107,101,46,55,188,85,103,184,83,101,93,41,52,46,16,30,14,5,9,1,0,1,0,0,0,75,75,17,23,13,11,8,2,1,58,36,22,0,63,0,14,14
59407008,1,,59407009,166,77,89,10,7,3,162,73,89,82,36,46,157,71,86,156,70,86,80,37,43,42,16,26,23,8,15,1,1,0,0,0,0,57,57,12,14,12,15,2,2,2,47,22,25,2,52,0,11,8
59407009,2,59407008,,6,3,3,*,*,*,*,*,*,*,*,*,*,*,*,*,*,*,*,*,*,*,*,*,*,*,*,*,*,*,*,*,*,2,2,*,*,*,*,*,*,*,*,*,*,*,*,*,*,*
59407015,0,,,229,97,132,11,4,7,218,93,125,107,49,58,214,91,123,210,90,120,111,44,67,52,16,36,11,1,10,0,0,0,0,0,0,78,78,13,19,23,13,5,3,2,65,38,27,2,71,0,10,8
59407016,0,,,14,9,5,0,0,0,14,9,5,4,3,1,14,9,5,14,9,5,10,6,4,7,4,3,4,3,1,0,0,0,0,0,0,5,5,1,0,3,1,0,0,0,4,3,1,0,5,0,1,0
59407017,0,,,96,44,52,6,3,3,90,41,49,55,27,28,88,40,48,88,40,48,35,14,21,19,5,14,9,2,7,0,0,0,0,0,0,34,34,3,14,8,7,0,1,1,31,21,10,2,26,0,2,5
59407018,0,,,57,27,30,0,0,0,57,27,30,29,15,14,57,27,30,57,27,30,28,12,16,15,5,10,6,2,4,0,0,0,0,0,0,21,21,2,8,5,6,0,0,0,19,13,6,0,19,0,1,5
59407019,0,,,143,40,103,0,0,0,143,40,103,1,1,0,143,40,103,143,40,103,142,39,103,128,32,96,94,19,75,23,2,21,0,0,0,5,0,0,0,0,0,0,0,0,0,0,0,0,0,0,0,0
59407025,0,,,515,242,273,31,12,19,484,230,254,242,122,120,474,224,250,471,223,248,242,108,134,114,44,70,30,8,22,1,0,1,1,1,0,215,215,54,82,49,14,7,5,4,160,118,42,10,161,1,40,39
59407026,0,,,971,437,534,61,34,27,910,403,507,508,248,260,892,394,498,874,385,489,402,155,247,202,66,136,63,17,46,6,0,6,3,2,1,386,386,92,131,82,46,25,8,2,293,204,89,18,267,0,64,62
59407027,0,,,116,58,58,3,3,0,113,55,58,46,24,22,110,52,58,108,51,57,67,31,36,32,14,18,11,3,8,1,0,1,0,0,0,42,42,8,14,6,10,2,2,0,34,20,14,2,37,0,6,10
59407028,0,,,111,61,50,6,5,1,105,56,49,46,27,19,99,54,45,99,54,45,59,29,30,30,15,15,13,6,7,0,0,0,0,0,0,45,45,17,10,9,5,0,2,2,28,15,13,2,33,4,6,9
59407029,0,,,552,263,289,37,15,22,515,248,267,271,146,125,503,242,261,497,238,259,244,102,142,144,51,93,55,18,37,1,0,1,1,0,1,216,216,61,67,33,32,14,5,4,155,114,41,11,156,1,39,40
59407035,0,,,859,404,455,73,33,40,784,370,414,383,197,186,770,364,406,760,359,401,401,173,228,192,70,122,73,24,49,4,1,3,1,0,1,354,354,92,133,62,41,16,5,5,260,206,54,12,268,1,71,75
59407036,0,,,1670,775,895,134,64,70,1534,711,823,816,407,409,1485,684,801,1470,680,790,718,304,414,364,135,229,138,48,90,4,2,2,1,0,1,676,673,201,215,110,92,32,20,3,466,363,103,34,467,5,145,108
59407037,0,,,209,86,123,13,7,6,196,79,117,88,42,46,187,75,112,186,75,111,108,37,71,72,22,50,41,9,32,6,0,6,2,1,1,76,75,34,18,13,4,4,1,1,41,29,12,4,40,8,12,10
59407038,0,,,901,440,461,86,41,45,813,397,416,510,269,241,787,380,407,774,374,400,303,128,175,157,60,97,51,16,35,1,0,1,4,1,3,363,362,107,101,76,45,25,5,3,254,200,54,27,213,3,66,39
59407039,0,,,1888,889,999,161,91,70,1720,793,927,898,474,424,1677,770,907,1659,758,901,822,319,503,461,155,306,168,55,113,9,1,8,2,0,2,847,844,297,289,116,97,27,15,3,545,438,107,42,557,22,175,133
59407045,0,,,98,49,49,7,4,3,91,45,46,46,21,25,88,45,43,85,44,41,45,24,21,21,7,14,5,2,3,0,0,0,1,1,0,43,43,12,16,9,3,3,0,0,31,29,2,2,32,0,9,10
59407046,0,,,619,285,334,53,24,29,566,261,305,311,147,164,554,256,298,547,251,296,255,114,141,127,50,77,37,13,24,4,0,4,6,0,6,240,238,55,80,53,31,14,2,3,181,137,44,9,159,5,33,43
59407047,0,,,97,49,48,8,4,4,89,45,44,52,31,21,87,44,43,85,42,43,37,14,23,16,4,12,8,2,6,1,0,1,1,0,1,32,32,6,8,5,8,2,3,0,26,16,10,2,25,0,4,4
59407048,0,,,284,136,148,20,11,9,264,125,139,143,69,74,258,123,135,255,121,134,121,56,65,62,24,38,16,6,10,1,1,0,0,0,0,109,109,26,38,18,15,5,6,1,82,55,27,6,81,0,16,22
59407049,0,,,182,88,94,18,10,8,164,78,86,86,44,42,158,75,83,157,75,82,78,34,44,44,15,29,17,5,12,3,1,2,0,0,0,57,56,6,21,15,8,3,1,2,49,39,10,5,40,0,5,9
59407055,0,,,179,84,95,13,6,7,166,78,88,96,51,45,160,74,86,158,73,85,70,27,43,40,10,30,11,1,10,0,0,0,0,0,0,65,65,15,18,15,10,2,3,2,50,32,18,1,52,0,13,7
59407056,0,,,170,75,95,6,1,5,164,74,90,87,41,46,158,72,86,155,71,84,77,33,44,44,17,27,17,7,10,0,0,0,0,0,0,66,66,15,24,12,9,3,2,1,51,35,16,1,51,0,14,14
59407057,0,,,48,22,26,0,0,0,48,22,26,19,7,12,48,22,26,47,22,25,29,15,14,15,7,8,4,1,3,0,0,0,0,0,0,20,20,2,10,7,0,1,0,0,18,15,3,0,18,0,2,7
59407058,0,,,17,8,9,0,0,0,17,8,9,7,3,4,17,8,9,17,8,9,10,5,5,8,4,4,3,2,1,0,0,0,0,0,0,7,7,1,2,4,0,0,0,0,6,3,3,0,7,0,1,2
59407066,0,,,459,176,283,25,17,8,434,159,275,145,79,66,428,154,274,425,154,271,289,80,209,215,44,171,148,22,126,23,3,20,8,4,4,108,104,12,39,30,12,4,4,3,92,62,30,6,77,0,8,18
59407067,0,,,266,118,148,16,8,8,250,110,140,129,66,63,245,110,135,242,108,134,121,44,77,66,20,46,21,4,17,1,0,1,0,0,0,93,93,13,30,24,12,12,1,1,80,49,31,1,78,0,9,17
59407068,0,,,25,14,11,2,2,0,23,12,11,14,7,7,22,11,11,20,10,10,9,5,4,4,3,1,2,2,0,0,0,0,0,0,0,7,7,1,2,1,1,0,1,1,6,4,2,1,6,0,1,1
59407076,0,,,16,8,8,0,0,0,16,8,8,9,4,5,16,8,8,16,8,8,7,4,3,3,2,1,2,1,1,0,0,0,0,0,0,6,6,0,4,1,0,1,0,0,6,5,1,0,4,0,0,1
59407077,0,,,39,19,20,0,0,0,39,19,20,20,12,8,39,19,20,39,19,20,19,7,12,9,1,8,6,0,6,0,0,0,1,0,1,19,19,7,6,4,2,0,0,0,12,8,4,0,13,0,3,1
59407085,0,,,101,43,58,10,4,6,91,39,52,41,20,21,91,39,52,91,39,52,50,19,31,26,7,19,7,2,5,0,0,0,1,0,1,39,39,7,18,7,3,1,1,2,32,20,12,1,35,0,6,9
59407086,0,,,19,11,8,0,0,0,19,11,8,12,7,5,18,10,8,18,10,8,7,4,3,1,1,0,0,0,0,0,0,0,0,0,0,7,7,0,4,2,0,1,0,0,7,6,1,0,5,0,0,2
59407087,0,,,15,6,9,0,0,0,15,6,9,6,2,4,15,6,9,15,6,9,9,4,5,2,1,1,1,0,1,0,0,0,0,0,0,6,6,1,2,2,1,0,0,0,5,5,0,0,5,0,1,1
59407088,0,,,13,6,7,0,0,0,13,6,7,3,0,3,13,6,7,13,6,7,10,6,4,4,2,2,1,0,1,0,0,0,0,0,0,6,6,1,3,2,0,0,0,0,5,4,1,0,6,0,1,3
59407095,2,59407096,,3,1,2,*,*,*,*,*,*,*,*,*,*,*,*,*,*,*,*,*,*,*,*,*,*,*,*,*,*,*,*,*,*,2,2,*,*,*,*,*,*,*,*,*,*,*,*,*,*,*
59407096,1,,59407095,16,10,6,0,0,0,19,11,8,7,5,2,19,11,8,19,11,8,12,6,6,6,2,4,3,2,1,0,0,0,0,0,0,7,7,3,4,1,0,1,0,0,6,4,2,0,8,0,3,3
59407097,0,,,25,11,14,2,2,0,23,9,14,9,4,5,21,8,13,21,8,13,14,5,9,10,3,7,5,2,3,0,0,0,0,0,0,12,12,7,3,0,0,0,2,0,5,2,3,1,11,0,7,2
59407101,0,,,90,48,42,7,3,4,83,45,38,38,21,17,83,45,38,83,45,38,45,24,21,18,8,10,6,2,4,0,0,0,0,0,0,33,33,8,10,7,3,2,2,1,25,15,10,2,31,0,7,8
59407102,0,,,143,59,84,11,5,6,132,54,78,61,25,36,129,52,77,127,52,75,71,29,42,38,12,26,16,3,13,0,0,0,0,0,0,54,54,12,22,9,5,2,1,3,42,25,17,5,48,0,10,15
59407107,0,,,28,15,13,3,2,1,25,13,12,10,6,4,25,13,12,25,13,12,15,7,8,13,7,6,3,1,2,0,0,0,0,0,0,10,10,4,2,0,3,0,0,1,6,3,3,0,10,0,4,2
59407109,0,,,14,6,8,1,0,1,13,6,7,4,2,2,13,6,7,12,5,7,9,4,5,5,3,2,2,1,1,2,1,1,0,0,0,5,5,0,3,1,0,1,0,0,5,4,1,0,5,0,0,3
59407110,0,,,55,20,35,5,1,4,50,19,31,22,9,13,48,18,30,48,18,30,28,10,18,19,6,13,6,2,4,0,0,0,0,0,0,21,21,8,4,4,2,1,1,1,13,5,8,0,19,0,6,2
59407111,0,,,63,30,33,2,1,1,61,29,32,19,9,10,61,29,32,61,29,32,42,20,22,18,8,10,4,2,2,0,0,0,0,0,0,24,24,3,11,5,3,1,1,0,21,14,7,0,22,0,2,10
59407120,0,,,425,203,222,38,15,23,387,188,199,228,116,112,371,179,192,365,176,189,159,72,87,75,31,44,30,11,19,1,0,1,0,0,0,154,154,31,49,32,23,10,6,3,123,85,38,8,99,1,19,25
59407121,0,,,59,23,36,7,4,3,52,19,33,37,15,22,51,19,32,50,19,31,15,4,11,6,2,4,0,0,0,0,0,0,1,0,1,28,28,8,14,2,3,1,0,0,20,20,0,1,12,0,5,4
59407126,2,59407136,,8,5,3,*,*,*,*,*,*,*,*,*,*,*,*,*,*,*,*,*,*,*,*,*,*,*,*,*,*,*,*,*,*,4,4,*,*,*,*,*,*,*,*,*,*,*,*,*,*,*
59407127,0,,,17,6,11,0,0,0,17,6,11,6,3,3,17,6,11,16,5,11,11,3,8,4,0,4,1,0,1,0,0,0,0,0,0,6,6,1,2,1,1,1,0,0,5,2,3,0,6,0,1,1
59407130,0,,,744,328,416,67,41,26,677,287,390,315,151,164,659,281,378,652,277,375,362,136,226,249,83,166,118,30,88,12,4,8,9,0,9,263,260,72,94,48,27,16,3,0,187,155,32,19,154,1,44,42
59407131,0,,,102,49,53,11,5,6,91,44,47,54,25,29,86,41,45,84,41,43,37,19,18,24,10,14,8,3,5,1,0,1,0,0,0,37,37,10,10,5,7,3,1,1,27,22,5,2,24,0,8,6
59407132,0,,,195,96,99,7,2,5,188,94,94,92,47,45,186,92,94,184,91,93,96,47,49,47,18,29,19,7,12,0,0,0,0,0,0,69,69,12,25,13,6,9,3,1,57,34,23,2,61,0,9,19
59407133,0,,,54,26,28,1,0,1,53,26,27,24,14,10,51,24,27,51,24,27,29,12,17,17,7,10,6,3,3,0,0,0,0,0,0,19,19,4,4,4,5,2,0,0,15,9,6,0,15,0,2,3
59407134,0,,,107,56,51,6,2,4,101,54,47,41,21,20,101,54,47,101,54,47,60,33,27,30,12,18,3,2,1,0,0,0,0,0,0,44,44,10,22,6,2,1,1,2,34,25,9,2,38,0,8,16
59407135,0,,,18,9,9,0,0,0,18,9,9,6,3,3,18,9,9,18,9,9,12,6,6,7,4,3,4,2,2,0,0,0,0,0,0,8,8,3,3,0,1,1,0,0,5,3,2,0,8,0,3,3
59407136,1,,59407126,71,34,37,0,0,0,79,39,40,21,12,9,79,39,40,78,39,39,58,27,31,33,15,18,9,2,7,1,0,1,0,0,0,33,33,11,16,6,3,0,1,0,26,21,5,0,35,0,11,11
59407137,0,,,10,6,4,0,0,0,10,6,4,2,2,0,10,6,4,10,6,4,8,4,4,3,1,2,2,1,1,0,0,0,0,0,0,7,7,5,1,1,0,0,0,0,2,2,0,0,6,0,4,1
59407140,0,,,206,88,118,17,4,13,189,84,105,106,49,57,188,84,104,187,83,104,83,35,48,39,14,25,11,2,9,0,0,0,1,0,1,85,85,23,27,18,13,2,1,1,62,46,16,3,55,1,15,15
59407141,1,,59407150,118,54,64,8,3,5,112,52,60,52,28,24,109,50,59,107,49,58,60,24,36,28,10,18,14,5,9,1,0,1,0,0,0,38,38,4,13,9,5,5,3,0,35,22,13,0,34,0,3,8
59407142,1,,59407143,80,35,45,3,1,2,86,37,49,44,19,25,85,37,48,83,35,48,42,18,24,23,8,15,6,2,4,1,0,1,0,0,0,29,29,7,12,4,6,2,2,0,25,15,10,0,27,0,3,8
59407143,2,59407142,,9,3,6,*,*,*,*,*,*,*,*,*,*,*,*,*,*,*,*,*,*,*,*,*,*,*,*,*,*,*,*,*,*,4,4,*,*,*,*,*,*,*,*,*,*,*,*,*,*,*
59407147,1,,59407148,11,5,6,0,0,0,14,6,8,5,3,2,14,6,8,14,6,8,9,3,6,8,3,5,1,0,1,0,0,0,0,0,0,7,7,4,2,2,0,0,0,0,4,4,0,0,7,0,4,1
59407148,2,59407147,,3,1,2,*,*,*,*,*,*,*,*,*,*,*,*,*,*,*,*,*,*,*,*,*,*,*,*,*,*,*,*,*,*,1,1,*,*,*,*,*,*,*,*,*,*,*,*,*,*,*
59407150,2,59407141,,2,1,1,*,*,*,*,*,*,*,*,*,*,*,*,*,*,*,*,*,*,*,*,*,*,*,*,*,*,*,*,*,*,1,1,*,*,*,*,*,*,*,*,*,*,*,*,*,*,*
59407151,1,,59407152,21,8,13,3,1,2,20,9,11,8,2,6,19,9,10,19,9,10,12,7,5,4,1,3,2,0,2,0,0,0,0,0,0,7,7,4,2,1,1,0,0,1,5,2,3,0,8,0,3,1
59407152,2,59407151,,2,2,0,*,*,*,*,*,*,*,*,*,*,*,*,*,*,*,*,*,*,*,*,*,*,*,*,*,*,*,*,*,*,2,2,*,*,*,*,*,*,*,*,*,*,*,*,*,*,*
59407153,0,,,229,108,121,5,2,3,224,106,118,96,52,44,220,104,116,218,102,116,128,54,74,67,27,40,19,6,13,2,0,2,0,0,0,97,97,27,31,25,10,1,1,2,70,45,25,1,80,0,20,19
59407163,0,,,37,16,21,4,1,3,33,15,18,14,6,8,33,15,18,29,13,16,19,9,10,9,5,4,4,2,2,0,0,0,0,0,0,14,14,6,3,2,0,0,2,1,8,4,4,1,12,0,6,2
59407173,1,,59407183,129,60,69,0,0,0,136,63,73,35,17,18,136,63,73,136,63,73,101,46,55,64,25,39,26,7,19,3,0,3,0,0,0,49,47,14,16,15,2,2,1,0,36,24,12,0,48,0,13,12
59407183,2,59407173,,7,3,4,*,*,*,*,*,*,*,*,*,*,*,*,*,*,*,*,*,*,*,*,*,*,*,*,*,*,*,*,*,*,3,3,*,*,*,*,*,*,*,*,*,*,*,*,*,*,*
59407234,2,59407270,,7,5,2,*,*,*,*,*,*,*,*,*,*,*,*,*,*,*,*,*,*,*,*,*,*,*,*,*,*,*,*,*,*,5,5,*,*,*,*,*,*,*,*,*,*,*,*,*,*,*
59407244,2,59407270,,2,1,1,*,*,*,*,*,*,*,*,*,*,*,*,*,*,*,*,*,*,*,*,*,*,*,*,*,*,*,*,*,*,1,1,*,*,*,*,*,*,*,*,*,*,*,*,*,*,*
59407270,1,,59407234;59407244,6,3,3,0,0,0,15,9,6,3,3,0,15,9,6,15,9,6,12,6,6,10,4,6,6,3,3,0,0,0,0,0,0,3,3,3,6,0,0,0,0,0,6,6,0,0,8,0,2,4
59407304,2,59407313,,7,5,2,*,*,*,*,*,*,*,*,*,*,*,*,*,*,*,*,*,*,*,*,*,*,*,*,*,*,*,*,*,*,3,3,*,*,*,*,*,*,*,*,*,*,*,*,*,*,*
59407309,2,59407313,,4,2,2,*,*,*,*,*,*,*,*,*,*,*,*,*,*,*,*,*,*,*,*,*,*,*,*,*,*,*,*,*,*,2,2,*,*,*,*,*,*,*,*,*,*,*,*,*,*,*
59407312,1,,59407322;59407323,14,6,8,0,0,0,23,10,13,9,6,3,23,10,13,23,10,13,14,4,10,9,1,8,3,0,3,0,0,0,0,0,0,8,8,7,6,0,1,0,0,0,7,6,1,0,11,0,5,2
59407313,1,,59407304;59407309;59407319;59407348;59407349,22,10,12,0,0,0,39,19,20,13,8,5,39,19,20,39,19,20,26,11,15,13,4,9,7,2,5,1,0,1,0,0,0,8,8,7,4,5,1,1,0,0,11,8,3,0,16,0,7,2
59407319,2,59407313,,1,0,1,*,*,*,*,*,*,*,*,*,*,*,*,*,*,*,*,*,*,*,*,*,*,*,*,*,*,*,*,*,*,1,1,*,*,*,*,*,*,*,*,*,*,*,*,*,*,*
59407321,1,,59407332,113,51,62,7,5,2,109,47,62,45,20,25,105,46,59,105,46,59,64,27,37,32,11,21,14,6,8,0,0,0,1,0,1,49,49,16,16,9,6,1,2,0,34,26,8,3,42,0,14,12
59407322,2,59407312,,2,1,1,*,*,*,*,*,*,*,*,*,*,*,*,*,*,*,*,*,*,*,*,*,*,*,*,*,*,*,*,*,*,2,2,*,*,*,*,*,*,*,*,*,*,*,*,*,*,*
59407323,2,59407312,,7,3,4,*,*,*,*,*,*,*,*,*,*,*,*,*,*,*,*,*,*,*,*,*,*,*,*,*,*,*,*,*,*,4,4,*,*,*,*,*,*,*,*,*,*,*,*,*,*,*
59407332,2,59407321,,3,1,2,*,*,*,*,*,*,*,*,*,*,*,*,*,*,*,*,*,*,*,*,*,*,*,*,*,*,*,*,*,*,1,1,*,*,*,*,*,*,*,*,*,*,*,*,*,*,*
59407333,0,,,23,11,12,2,2,0,21,9,12,6,3,3,20,8,12,20,8,12,15,6,9,10,4,6,2,1,1,1,0,1,0,0,0,9,9,1,6,0,0,2,0,0,8,6,2,1,9,0,1,5
59407343,0,,,24,12,12,0,0,0,24,12,12,9,5,4,24,12,12,24,12,12,15,7,8,5,1,4,2,0,2,0,0,0,0,0,0,12,12,5,3,3,1,0,0,0,7,4,3,0,11,0,5,2
59407348,2,59407313,,2,1,1,*,*,*,*,*,*,*,*,*,*,*,*,*,*,*,*,*,*,*,*,*,*,*,*,*,*,*,*,*,*,2,2,*,*,*,*,*,*,*,*,*,*,*,*,*,*,*
59407349,2,59407313,,3,1,2,*,*,*,*,*,*,*,*,*,*,*,*,*,*,*,*,*,*,*,*,*,*,*,*,*,*,*,*,*,*,2,2,*,*,*,*,*,*,*,*,*,*,*,*,*,*,*
59407353,1,,59407364,14,6,8,0,0,0,15,6,9,5,3,2,15,6,9,15,6,9,10,3,7,7,1,6,4,0,4,1,0,1,0,0,0,8,8,6,1,1,1,0,0,0,3,2,1,0,8,0,5,1
59407362,0,,,12,7,5,3,2,1,9,5,4,5,3,2,9,5,4,8,4,4,4,2,2,2,1,1,0,0,0,0,0,0,0,0,0,4,4,1,1,1,0,0,1,0,3,3,0,0,3,0,1,1
59407364,2,59407353,,1,0,1,*,*,*,*,*,*,*,*,*,*,*,*,*,*,*,*,*,*,*,*,*,*,*,*,*,*,*,*,*,*,1,1,*,*,*,*,*,*,*,*,*,*,*,*,*,*,*
59407372,0,,,167,89,78,1,1,0,166,88,78,77,46,31,166,88,78,165,88,77,89,42,47,59,25,34,22,12,10,2,1,1,1,1,0,78,78,24,29,16,8,1,0,0,54,38,16,0,60,0,17,16
59407382,0,,,71,33,38,2,1,1,69,32,37,31,15,16,67,31,36,67,31,36,38,17,21,21,7,14,6,2,4,0,0,0,0,0,0,35,35,16,8,7,2,2,0,0,19,14,5,1,27,0,12,4
59407392,0,,,403,191,212,23,15,8,380,176,204,158,86,72,372,171,201,367,170,197,222,90,132,128,44,84,45,12,33,5,1,4,1,1,0,201,200,81,70,29,15,4,1,0,116,95,21,5,151,2,63,41
59407400,1,,59407461,46,24,22,2,1,1,45,24,21,21,13,8,45,24,21,43,24,19,24,11,13,15,7,8,3,2,1,0,0,0,1,0,1,20,20,4,12,3,1,0,1,0,17,13,4,1,15,0,1,5
59407401,0,,,20,11,9,3,3,0,17,8,9,6,3,3,17,8,9,17,8,9,11,5,6,5,3,2,0,0,0,0,0,0,0,0,0,10,10,3,6,0,0,1,0,0,7,7,0,0,6,1,0,5
59407402,0,,,37,19,18,4,2,2,33,17,16,13,6,7,33,17,16,33,17,16,20,11,9,7,2,5,3,0,3,0,0,0,0,0,0,15,15,3,8,3,0,0,0,1,12,9,3,1,12,0,1,5
59407403,0,,,25,10,15,0,0,0,25,10,15,7,3,4,25,10,15,25,10,15,18,7,11,11,4,7,3,0,3,0,0,0,0,0,0,13,13,4,6,3,0,0,0,0,9,6,3,0,12,0,4,4
59407461,2,59407400,,1,1,0,*,*,*,*,*,*,*,*,*,*,*,*,*,*,*,*,*,*,*,*,*,*,*,*,*,*,*,*,*,*,1,1,*,*,*,*,*,*,*,*,*,*,*,*,*,*,*
59407557,0,,,76,50,26,0,0,0,76,50,26,63,41,22,76,50,26,71,49,22,13,9,4,2,1,1,0,0,0,0,0,0,0,0,0,76,76,76,0,0,0,0,0,0,0,0,0,0,13,7,13,0
59407665,0,,,15,9,6,0,0,0,15,9,6,10,6,4,15,9,6,15,9,6,5,3,2,0,0,0,0,0,0,0,0,0,0,0,0,15,15,15,0,0,0,0,0,0,0,0,0,0,5,1,5,0
59407708,0,,,198,77,121,7,5,2,191,72,119,54,28,26,188,71,117,187,70,117,137,44,93,88,16,72,57,5,52,15,0,15,2,1,1,57,56,22,18,5,5,6,0,0,33,24,9,2,43,1,15,9
59407709,0,,,19,8,11,1,0,1,16,8,8,5,2,3,16,8,8,16,8,8,11,6,5,7,3,4,1,0,1,0,0,0,0,0,0,10,10,4,3,3,0,0,0,0,6,6,0,0,7,0,2,2
59407718,0,,,69,37,32,2,1,1,67,36,31,34,21,13,66,35,31,65,34,31,33,15,18,20,8,12,9,5,4,0,0,0,1,0,1,27,27,5,7,10,5,0,0,0,22,15,7,0,21,0,3,1
59407719,0,,,14,6,8,4,1,3,10,5,5,5,3,2,10,5,5,10,5,5,5,2,3,1,0,1,0,0,0,0,0,0,0,0,0,5,5,1,2,1,0,0,1,0,4,3,1,1,3,0,0,2
59407729,0,,,32,18,14,7,5,2,25,13,12,10,3,7,25,13,12,25,13,12,15,10,5,4,3,1,2,2,0,1,1,0,0,0,0,9,9,0,3,4,0,0,0,2,9,5,4,0,8,0,0,2
59407749,2,59407759,,6,4,2,*,*,*,*,*,*,*,*,*,*,*,*,*,*,*,*,*,*,*,*,*,*,*,*,*,*,*,*,*,*,3,3,*,*,*,*,*,*,*,*,*,*,*,*,*,*,*
59407759,1,,59407749;59407798,43,21,22,0,0,0,81,44,37,36,20,16,81,44,37,79,44,35,45,24,21,38,18,20,20,10,10,3,2,1,0,0,0,17,17,5,8,5,3,1,0,0,17,14,3,0,12,0,1,3
59407798,2,59407759,,32,19,13,*,*,*,*,*,*,*,*,*,*,*,*,*,*,*,*,*,*,*,*,*,*,*,*,*,*,*,*,*,*,3,2,*,*,*,*,*,*,*,*,*,*,*,*,*,*,*
